dataset,mu,phi,RPL19,TUBB,EEF1G,PPIA,GAPDH,ABCF1,SDHA,OAZ1,G6PD,ALAS1,GUSB,HPRT1,POLR2A,POLR1B,TBP
BRCA-107-06-1A,8235.793003112734,0.6190020028371375,2.5480028266623136,0.5524233893696262,1.4305309438910954,1.104382494030521,1.8762605932456706,0.4015386268120015,0.2644825935885767,1.8991793468151328,0.1152505608140515,0.20549633607739237,0.21706317069075703,0.2605378989838471,0.6496172865773545,0.023516757205422123,0.044424111290222945
SCE-112-14-1A,9140.700683371299,0.39483017611626203,2.8416271842018905,0.6457679960637317,2.195893896519275,1.6042167237526788,2.259669558883957,0.23995746443194552,0.19192473946685473,2.2845193452643207,0.1435014868236416,0.11416321813732587,0.2664795521029355,0.22045321816222507,0.2638518278344923,0.016951847892578698,0.046265275652405985
ESCC-079-03-1A,3386.7323558648113,1.454729165396709,3.3442869174224668,0.5975834890680248,1.2699165237633068,2.135972366432833,2.7688483082891273,0.19099434825810055,0.2540981665111176,1.8810361634646815,0.08046282940111961,0.08346155300407689,0.1311811143888891,0.18901598004714334,0.26807028832731494,0.018464562383648908,0.04800401141117789
CRC-016-25-1A,5100.613887086308,1.588584175763381,2.912853827964867,0.549523827942719,2.378695353245709,1.1239170367498208,1.9637382195082649,0.1487212724753997,0.21812577911928213,1.5008507778361102,0.05162755849903322,0.04543654694337231,0.1517529195319751,0.19556717223433204,0.2316734397562829,0.027514142798843753,0.03101393588043992
OSCC-074-01-1A,5644.107410702936,0.8714467893400739,2.5535501090072867,0.95872438451542,1.4282869145456258,1.6637984865564142,1.861821796571358,0.41046282457550887,0.2679271041971307,1.5245549816794377,0.08135042313982127,0.07596824260052269,0.146379695324095,0.15195479017680483,0.4642363752284575,0.032949158320927735,0.04315299651620892
BRCA-030-15-1A,4682.333333333333,1.6156025652373545,3.2228757729901805,0.9759726617037445,0.04278616189678378,1.7097796378472965,3.472213851578838,0.26445795946980666,0.16367666203908993,2.2181952148922113,0.09764452830570554,0.07934698814450367,0.09213732398263753,0.3537697022036904,0.1432943344386601,0.01578890502256084,0.03102116120006196
ccRCC-060-06-1A,6911.804961310879,0.5981357639900392,2.748237856073953,0.4152040624820526,1.4937117832775428,1.655419372918367,1.771667985776905,0.3613587827361696,0.2410553515567264,1.3903155613670837,0.0850971885048726,0.10809092275666916,0.14508506886621428,0.16148677552646304,0.8511327559294453,0.04280782961738895,0.05567462735432268
ccRCC-061-08-1A,2062.497755277486,0.3689790860933087,3.0560306220369062,0.44289673769941695,2.0429416989005573,1.0958370552289496,1.9161480135414641,0.13400848521560133,0.23369117468734474,1.819599318549903,0.07628511176405713,0.05371353641355447,0.12219380248037222,0.13463435064064389,0.25245501725476,0.013008947798769547,0.023772918445586707
LUAD-003-05-1A,4001.8483146067415,0.7903219628652854,3.547593810166447,0.5907726943037541,2.707567737010566,1.377285027398231,2.0054908682819295,0.3250617227397195,0.14955561142544957,2.2669740409234063,0.10203845628796646,0.09502938813696447,0.0819819216448339,0.14268547494403555,0.3581757206920919,0.00493195916891406,0.0274393289931174
CRC-016-11-1A,4577.1334865811605,0.9794219421408052,3.378251027626731,0.8349592558625154,1.99949427347452,1.4843570018712466,2.2820710511209823,0.2583365339626825,0.17888170891105495,2.0031395784156687,0.05263489105445744,0.057277182212658366,0.12820695821336014,0.186134868695658,0.2639178387225688,0.02434200814974625,0.044871929935558386
GBM-085-05-1A,5982.3263624841575,0.254486994113689,1.5703882550234143,0.8913349546165611,0.8580848152346702,0.7670263896056918,2.681827411326909,0.29972467620558574,0.24293391500038397,1.0054344852334478,0.06067275691974438,0.09998155039859556,0.31317027495333893,0.19567819511031193,0.32549252627126174,0.1017060198115441,0.11665931523260287
PDAC-106-05-1A,6336.507272430135,0.5287403099228514,2.5788191640162106,0.3557841327201671,1.239322721928522,1.4877123442219158,1.6657928750343738,0.3455236106146968,0.2151220181717474,1.2353409309503938,0.05878616571455113,0.1423801783054358,0.12858577788493974,0.19947067201279434,0.8315031626120434,0.056571868027246924,0.06440841078568485
BCC-018-01-1A,5600.877906976744,0.7184717147878622,3.5087111640808364,0.7571350186603549,1.976318286528012,2.4959701420368106,3.5876406400654166,0.347939279365416,0.61290116181951,2.664807130412694,0.20300649354167338,0.14894009260529473,0.15697724193693346,0.28099266874610224,0.45518249908077973,0.09879317561256899,0.16121913453508332
HNSCC-121-18-1A,5056.690154440154,0.8391836756212655,3.8146983582618677,0.5241484717086847,2.2556739469682885,1.6376160491955112,1.985224592454452,0.18954966020318337,0.14765873270818,1.6201454898875427,0.0759121109092708,0.09440317426332503,0.12565610941979483,0.22783912469860823,0.2049418149997864,0.03945758087520476,0.06375581233062988
HGSOC-049-01-1A,1762.5045152496166,0.4850132284447575,3.1083292103525575,1.0524734440518129,2.681948712821492,0.8480596391614338,1.9766664923675175,0.12474263285212321,0.11357716079169614,1.1878315649108915,0.046879740967328956,0.06667208006077231,0.08673180390523938,0.09244123593209339,0.2263345535373831,0.011418787915919186,0.015639072032060945
ESCC-048-20-1A,4993.545284780579,0.5742672033871392,2.9769175234830265,0.6129509345006056,2.1842851223625317,1.080918788295135,1.4498743357551578,0.32675059196841105,0.18714890615960472,1.3184678973134274,0.07364271155965338,0.05058290508734657,0.22008736774442433,0.11495484573736595,0.5346544394556821,0.03193473187047388,0.05290061000408129
TNBC-075-02-1A,2443.416497358797,2.0241546811539792,2.5292678887551703,0.724583539288187,1.5131194215430606,1.1961114904608416,2.0768889851642047,0.376027946205518,0.13481792210088428,1.1297300729932582,0.04045905741089606,0.08595730220691072,0.09388428718010029,0.09865386035922148,0.270809397534792,0.013928276062691534,0.024952766397079447
ESCC-048-14-1A,6127.231226765799,0.6988510151582944,2.6034091221333733,0.3848064012400213,1.2006268896105172,1.37514490359497,1.9101317532865891,0.40134324246159714,0.23601690995802785,1.5581641873897265,0.07612148989786584,0.09765772806251713,0.14903438139767405,0.21935285464051318,0.6028900013097801,0.0555730947006181,0.06769165477560284
IDC-015-01-1A,16495.724683544304,0.17759244614276617,3.4222737257904545,1.455501668113624,0.009757274286040707,3.1289183166611405,4.403212641601407,0.20616713831121353,0.3864430636297248,2.3705184870985128,0.38858009285869916,0.1979049946349622,0.5886591930252837,0.41677439263728233,0.13984814748867502,0.04928939460147678,0.0838917175177647
LUSC-005-02-1A,5103.80205655527,1.8125090265765873,3.4669522186328785,0.8011582114076858,2.7028916015802915,1.5195611723813294,3.3012908696837195,0.1338540125514857,0.17084161113535845,2.6318930882530176,0.1215964016352204,0.07004769379217524,0.19147899226730142,0.19495076850559862,0.08092038888412013,0.010478551551706882,0.013681081558846755
PDAC-091-08-1A,3451.027624309392,1.290420286753143,0.8659468866021951,0.10940247397928544,0.4976209800783583,0.53822186492996,0.6950588933736912,0.12072993399540445,0.19259643977824523,0.3259229619077892,0.010511996243831537,0.06083605958075518,0.060148400599521305,0.1450148961244642,0.33167102820921024,0.04582254033982932,0.07189018340060652
LUAD-096-29-1A,6767.2488095238095,0.8349409046064694,2.8807211194977262,0.6086644119916186,2.1750943020988416,1.519545618555242,1.9060185248590065,0.19435170947062635,0.18179540058116442,1.6478912728214474,0.10164626558039726,0.1031035813881388,0.15301483242872357,0.15265883700703492,0.337339864695491,0.024046163795525276,0.029575284175394952
ccRCC-118-07-1A,1572.4624907612713,0.35748402458039547,2.9542595019151596,0.31987468912447165,1.8596293851431205,1.198340746297987,2.088442390444889,0.11974175156850443,0.13206268253087428,1.7719106378895066,0.07013824691845624,0.05749430615378038,0.10462862855598866,0.08751787237505343,0.34144544754239403,0.012549483031584865,0.027092964418505203
PRAD-082-01-1A,9354.576093653728,0.2789931220197487,2.656696963264238,0.4398538095181309,1.629480067735279,1.1797029566050639,1.560917058466113,0.4903235503892429,0.2896688750738405,1.1897606518401733,0.06694376973310372,0.1298047799343675,0.19054993943753992,0.20481263984121753,0.6038423408278529,0.054005615914966984,0.05402415313402338
HNSCC-087-02-1A,8772.536975349767,0.8167175801157114,2.213387627859254,0.6152778485989627,1.1591100448615137,1.1296959759980618,2.252264391019581,0.3131662446459523,0.3151309641179971,1.5939082350899632,0.08713585416043237,0.07904252720880181,0.1798699677526225,0.2867560718090536,0.47355240690338035,0.04149548682533169,0.05711914524275821
ESCC-126-08-1A,6072.60363086233,0.8757338691790109,3.2651764815270345,0.8902242872594713,1.3787877761493552,2.4868749119453653,3.46396527307545,0.24477835335943682,0.2290592796186523,2.397775301481472,0.2372632391437492,0.1693351367621206,0.21314546770085424,0.3495757086945806,0.32481248128506873,0.023164787489453664,0.07110415118386142
UL-050-04-1A,996.8816342237758,0.24214214326392222,0.8684509679533964,0.1891734210282068,0.4156250629565154,0.332302064190557,0.3809311546627011,0.07353699744252062,0.06681053279368719,0.22976277158132732,0.029949087961295386,0.015087844248533624,0.06372317936865256,0.03487497622772904,0.12295081267072125,0.02967941165462151,0.04203711935772545
PRAD-072-18-1A,4086.7866578599737,0.3856880377808274,3.15976121518484,0.43047723384182973,2.553498695309265,1.269944105976348,1.4345755071922468,0.26163112636197133,0.24465425796438403,1.4981723128473223,0.05867924987336749,0.07720631100480951,0.12233627421802466,0.11178734493185925,0.6464229323610039,0.02681727168310328,0.05414212385727168
LUAD-096-78-1A,4398.178166584525,0.4354577175309329,3.045426061793763,0.4404277767842548,2.2072119459659776,1.4272013900811362,1.886269791309531,0.35833550783930945,0.24148391075668588,1.7014162691365433,0.16793148992524665,0.10650749981447337,0.14011499447961506,0.13955029244391406,1.0540131040236282,0.04195108511418487,0.05887006519594145
PRAD-072-08-1A,4066.2231670880255,0.6225472616465163,3.631702674112875,0.49612557214814335,2.9239938143561184,1.466643045278676,1.877410621615143,0.13705357066490617,0.24920137417180532,2.128719747961162,0.0733692887435092,0.11529672170548659,0.14114889982856968,0.14455240123038587,0.30139597949312324,0.015061856274042563,0.02389266640600223
PRAD-082-11-1A,5847.503680743897,0.5757559073967367,2.6902359847064874,0.4206855308455179,1.7462433322127453,1.2237479503267144,1.5941775427969316,0.3501057220909331,0.21638295490681303,1.2612318622981125,0.0637537739141192,0.1234445141597945,0.15786985048928634,0.17554249491508755,0.45637844396602884,0.0342671896911299,0.03841428734032598
GBM-019-29-1D,1985.4546652030735,1.6143519750284134,1.6654477646699373,0.6965602676254188,0.0,1.6934423380074872,1.0671025714360562,0.3573562630791774,0.09057005214514652,1.1616201898032454,0.2041355517222152,0.12369999223075624,0.09409229045861144,0.11355326512365797,0.14226362857430616,0.04258963384061622,0.040100806574381136
PDAC-091-18-1A,7396.809283551967,0.7012191728235758,3.069559820336486,0.807736341945285,1.5905804249490192,1.7773503827122588,3.135921441307509,0.2462497304356285,0.2240964774316101,2.2116161459763646,0.2689843037195509,0.15491335089856512,0.23668222901381983,0.19242071522235032,0.27305040979512574,0.04756832871370036,0.1061189017717995
ESCC-048-04-1A,8232.373572335026,1.355705694099263,2.6447051976389626,0.618560370186261,1.721034465337176,1.6111581988816592,1.9853166820459296,0.2552961437525067,0.26855908252894567,1.8274959295583804,0.06347220849629327,0.12340567610008771,0.1744601571303233,0.22354161256422359,0.4981285917804734,0.04202474702138146,0.05022750939219313
PRAD-082-25-1A,8812.541184146143,0.3317750375077322,2.9072805190398308,0.23401285931399035,1.4764855156170795,1.3250836736959095,1.7819528379951566,0.6529274074158544,0.2245512445299937,1.4407131277072462,0.06848828281841286,0.18314169823477244,0.13896951892679144,0.24883861476733593,0.5542037542065907,0.04572964446035389,0.058053896257167524
MCC-122-05-1A,6974.2266551026305,0.3648817334213994,3.4610803322836805,1.1061461848527243,2.1815901261306623,1.7809764083821116,2.193829216002405,0.42040176155235437,0.3502572084984431,1.900004408312341,0.07670260533037869,0.08252112898428456,0.19743906813695614,0.23843881817742985,0.3836111623623284,0.07009911084612305,0.1046971598439343
CRC-101-13-1A,3319.554377169302,0.6408035973261711,0.2108042302795252,0.08794098069627607,0.34636844710386966,0.31641899225043696,0.365990744545352,0.11140955218819514,0.37587309082652764,0.15149180430564094,0.014275659243313945,0.08674150241261554,0.0764010472445186,0.13979393809353724,0.19622682413405476,0.10487894170021525,0.06524804978886387
ESCC-048-30-1A,10365.495098039215,0.4636794726218564,2.9815692429580043,0.6278512299288462,1.7742869778288468,1.708717016061786,1.7432127181781059,0.3732195799440232,0.2853436098915669,1.6495169076896827,0.1263074314057225,0.09773815875846026,0.25905589265019763,0.1319146364314287,0.6434059582529993,0.04775397539777817,0.060659486731065984
BLCA-031-06-1A,1476.029321710313,0.33501091078864714,2.672301601831816,0.38846554684309137,1.8080068420846036,1.1339286273771738,1.7094736649265403,0.2941306128412787,0.04650535979920857,1.1636187920863414,0.09919317215060397,0.044373597662473487,0.062111559601543756,0.20029390731234745,0.12628476275985193,0.02219093804368271,0.02614207485837516
HNSCC-121-08-1A,6700.048298834166,0.6616862439365858,3.4349046100149225,0.9893149113290518,2.0196438872409344,2.52431321890324,3.1666348942968625,0.1797411506577501,0.3071866051880249,2.161546325028144,0.17258919189149985,0.13708993268514452,0.2866728285026094,0.2573474281525631,0.23674063219377076,0.03121370638330985,0.13968593922912814
TNBC-021-04-1A,8416.61150712831,1.05579165225799,3.086189441835588,0.7973653626019053,0.012578823365534526,1.5903602186877646,2.860704400579686,0.4392640895191782,0.25836317562276756,2.1417137538361164,0.1152083163270179,0.13643359801891636,0.22897819224642738,0.21383609131773032,0.32227556261532536,0.04493487657210937,0.03216154293897521
OV-020-02-1A,9420.71768707483,0.1812670154040107,2.939505395043027,2.087902433013088,2.369470239241231,2.3176687184053697,2.874304459650717,0.7853858672481707,0.37190574086864653,2.0548637839190067,0.7483196992689687,0.13130867478448036,0.16671033451349837,0.41076684463056296,0.27297756276832663,0.09218226399431295,0.06224115350864232
GBM-085-15-1A,2931.466377440347,1.2620087236504807,0.44703913894166547,0.7141972663486734,0.23137257232882089,1.126346009861115,1.7897691898512178,0.14122265162359227,0.2604942605991356,1.2296376228182082,0.027689277764940956,0.10540795191465915,0.04624103459495529,0.49408628254306725,0.2392315907967263,0.03994353029920481,0.05786231225664282
CRC-016-01-1A,6658.300112995024,1.4486832105181393,3.5382270886943603,0.8720044171153769,2.3796406591494295,1.5529592639784786,2.8391652244867407,0.1477957362791859,0.20808772888024893,2.0475722148450077,0.10587154880214725,0.07950125635970191,0.1541630418285358,0.24710499803031774,0.10692213053226718,0.02229986476688545,0.029772439928926298
LUAD-003-15-1A,10516.326767091541,0.7273952424783632,3.122640117512897,0.7462014335312315,2.150367582465995,1.9048226552482117,2.107864476111064,0.27120246266351794,0.21860563080110665,2.5443430087896233,0.21829536287798854,0.4273016514164487,0.29386018953092663,0.2546707851565738,0.4240171905395695,0.016982835235205315,0.0642953904027634
MB-078-03-1A,6726.59625,0.3852211635956133,2.070925478232371,1.2656838264093857,1.4294940759791885,1.3556968526013107,1.7159936329195404,0.2891923746188953,0.22529569628284676,1.097019428976136,0.05278994829781486,0.08692599516294384,0.099810261906724,0.1577214186358274,0.21216799551300758,0.05080254552044877,0.10036591406523554
ccRCC-061-18-1A,2804.57970749543,0.5944429632124673,2.7317021152456484,0.37003030112695723,1.9968972364889175,1.1710301167934196,1.6198879288062116,0.1536942388563655,0.19006391431542533,1.8070214609767057,0.0986063406010501,0.08733196046179988,0.14930685617627185,0.15023515314861086,0.3694836485226847,0.019038069736239213,0.023112256120158926
CaCx-120-02-1A,6882.8014818599895,0.70158306507786,1.8320532616845502,0.34074847110524853,0.93140821750491,1.1065824247086362,1.3510006087568587,0.5425289915676239,0.23105921739705418,1.3151789050323657,0.0749415807810269,0.08326772042669454,0.09407941167816203,0.14923099465727652,0.7736702055461783,0.04622749094996042,0.06869141785822426
BRCA-030-05-1A,6928.192857142857,0.943681463586231,3.5220265654604943,1.0587655155736897,0.11432554986576035,2.156531767310653,2.8619320608136682,0.18799791205684233,0.24357323161807912,1.7446300189131045,0.14601319762174159,0.08991746310546667,0.24607383570871022,0.16548190541961155,0.3351388411796612,0.0077306362898862694,0.11508093987271005
CRC-067-09-1A,2137.5687250996016,0.6385539609273286,0.07094434520685346,0.05078861549274169,0.17498663410729332,0.13348671356545716,0.20370107144127803,0.1756796616688043,0.24530577119544655,0.05306002575216953,0.018126658236472176,0.046642953120550765,0.08591104663305925,0.08904568669293547,0.15292643913908943,0.07844485648170967,0.06594093759247793
CRC-030-05-1A,6987.56765163297,0.989529730690541,3.241969352942848,1.05467305596413,0.08199228363366012,1.6144388324222405,3.1334707297959543,0.18522765620552392,0.240377357597502,1.949282108000598,0.08548559521390012,0.06808948403736444,0.13000468939372717,0.17138149211924844,0.11711971851289718,0.010762324890979667,0.04423009788328025
NB-033-13-1A,6426.552435931077,0.27106152766602026,3.7393007397282743,1.221052075089802,2.0987800807659154,1.9743972764622404,2.2992968951850514,0.26977630103201455,0.39309207931492235,1.9427792563992194,0.09806261288649643,0.07916039865863803,0.2540165409117386,0.2707265312198125,0.5307685728948172,0.044832444580099357,0.05778796204215527
SCE-112-04-1A,5465.352104899931,0.7648404474423963,1.8049552896455228,0.32211321703611673,1.1590481502785188,0.706190442929237,1.917713638348919,0.15373168720920588,0.1742553315836994,1.0287822383645755,0.05362629453579634,0.07285770568605078,0.11089231899398244,0.12456733312547419,0.31161148463253946,0.023367205471796465,0.047368486275476816
GBM-012-01-1D,3045.4614275414565,1.2230705911315831,1.6935412868731252,1.489443238607004,0.0,1.827497113073259,0.43610786230175896,0.36916284928822624,0.2087623412666453,1.5649643596389178,0.05390907452182147,0.17247067396600527,0.20732240774137933,0.08054615480696511,0.1880246624169146,0.06581746287889272,0.041995607291940275
PRAD-053-07-1A,2338.1332474226806,2.1807239175027355,3.140979156165848,0.7001897320060647,2.0271177503067994,1.5179657764702024,3.219354113774205,0.297115693073654,0.41690621128660604,2.276476375946132,0.28907624632225065,0.04715751713420999,0.10535708486386958,0.08228480525225677,0.22875905292214269,0.032883199146295464,0.02486509250928921
ccRCC-060-02-1A,5097.465027187345,0.3986614914504067,2.7838932813997697,0.48138305969736767,1.4103291056761704,1.3546520034131881,1.570858963152223,0.3705368918932177,0.3314526458687811,1.675112249003803,0.08973759176511356,0.13266296634675254,0.17537574943602213,0.2083495824239556,0.6540625802419818,0.06477629734319067,0.050871527623316
GEA-093-09-1A,4978.213628988642,1.339983285775673,0.5539059204666026,0.12849330214229845,0.3503015020338208,0.2339893636236186,1.0187052449051364,0.10389896941327274,0.039823358527309116,1.3155407566933646,0.06401113935312996,0.14697071917626678,0.03569414845975135,0.06005298557371659,0.3580551242061646,0.004630461145792784,0.010406340725738462
CRC-016-15-1A,4825.2193405535445,1.4052317598020116,3.647277084263166,0.8837272201612981,2.545416699439849,1.7455136228947559,2.462358668676459,0.16279510328748784,0.23089896840321017,2.07617887342314,0.09434164816124585,0.060644978537905576,0.13127750879579533,0.21009831327504325,0.1464274083245727,0.02387109596024232,0.040000949854235815
PDAC-106-01-1A,7815.108605341246,0.5444266852842928,2.9382977820958924,0.5764282051728741,1.4494805806679034,1.8501566887363339,2.2763885298765616,0.3509819924016387,0.20790954024850056,1.5754732194623264,0.17831423621201214,0.1928961117561914,0.2077852581128458,0.31227607084021203,0.5031315317654347,0.04981882684993076,0.0444553158397277
GBM-085-01-1A,3503.73803119957,0.6027151353796282,2.0346311650675326,1.8882742963925236,1.606749032586593,1.7027607822992683,3.3105119369769844,0.2814581818145596,0.34455565999083854,1.22468788535704,0.11694019216956214,0.10670524847806305,0.23276541701769898,0.19423755958804387,0.12090780962888059,0.041248104237512725,0.09131325695331197
LUAD-003-01-1A,5476.539182853316,1.097319102589864,3.3847442571186184,0.6347554665559183,2.525781968679618,1.5895851967454366,2.3174914624921286,0.20606304763760105,0.14959133142537073,2.2716882553217816,0.07305216732662902,0.10534301486739797,0.15527763257126265,0.14834327053889712,0.2826755642269749,0.00553511918927734,0.034286863042655394
CM-036-04-1A,8126.3573274748,0.31147720860860034,3.4697265872970187,0.7495641358738264,1.714477858754594,2.6306226479063364,2.6837179120781363,0.3443489873743994,0.22190015379316724,1.5132026486105272,0.12324525894412668,0.09117924583775865,0.382739594800187,0.15483462289489303,0.4685300549361003,0.08625787961613829,0.05744235795057268
PRAD-053-13-1A,7097.103062712688,0.5348872758306634,2.7253627125555813,0.631210001103114,1.6286748741580295,1.369713379945089,2.2609522905106796,0.30076182908506127,0.2890376814741045,1.7818949957913792,0.08805991993266611,0.11168606572473387,0.29274628748641,0.2481931146641941,0.42320583573342685,0.04838311985175414,0.04301078474576056
GCTB-052-01-1A,6243.175218610791,0.3483180976662663,2.806322914959388,0.7762700932745589,1.7229816405743237,1.7515722392947572,2.3383007033173047,0.35080914429066873,0.19765151474444392,1.817730731217561,0.06474715969408523,0.08260367059050917,0.2592241350618174,0.2231364617632376,0.36354929197830527,0.02442103008480168,0.03377974535372713
BRCA-107-02-1A,8120.394462223459,0.5507768368434126,2.5160615047894557,0.5662756946866129,1.565082146353784,1.2161325728108698,1.818173609501082,0.474790670596225,0.3180380999936513,1.5398159947116383,0.11113666229809557,0.13643100431155877,0.15689579752303637,0.21439895148784208,0.6154575709964524,0.029329033889635304,0.05509233845969115
ESCC-079-07-1A,6693.272323082623,0.848326034731064,3.274847736806302,0.8945206581283168,1.395609449424451,2.4504087330152733,3.4643578702545796,0.25443087624579025,0.25362063931025913,2.4258968850007143,0.24586684288910146,0.17697557447401172,0.22520896054509235,0.36225232056645873,0.3215400018443356,0.02497145604046862,0.08685914622416725
NSCLC-006-02-1A,2687.8094651220113,1.7331009767723218,3.367962314652931,0.561010615152429,2.4701636393637703,1.169356230589612,2.2964015718357755,0.13967204850186601,0.18524415735245775,1.8127848096299106,0.11542052190772623,0.05979881534538135,0.16107426887543536,0.1574926654996563,0.11491775110595184,0.009392182974218788,0.03246334906208592
PRAD-082-05-1A,11353.110629067245,0.18417396911119224,2.6854452459878995,0.5188320450029734,1.5649669246087854,1.4333289003335314,1.6714308332834154,0.5514609023503949,0.2420376967101181,1.2396955504115559,0.0615288460570773,0.18694907097486074,0.16681296463487427,0.19616316999793013,0.6185761599450976,0.036814251183819584,0.06155035740517301
BRCA-134-01-1A,9969.621951219513,0.557180732260686,2.434262498902744,0.521905497711421,1.5435791100490954,1.0676815204229408,2.3983470963909097,0.45026711744891623,0.2613709196641585,1.7928581479072565,0.12398107919016173,0.14429363194267492,0.2481218899252309,0.17828855453991427,0.6600152197988262,0.027558972219972964,0.0564832188898755
ccRCC-118-03-1A,2928.1959399823477,0.7010848760691244,2.7838450137509434,0.3376128071752433,1.7247393687398194,1.2530759052412892,2.0742011478387163,0.10966761457372078,0.21686666964164816,1.4390821972705896,0.09467971275808519,0.04368366189860045,0.11965644941374594,0.12545232893623773,0.13712400709916361,0.030322835393870096,0.05463852826150796
ESCC-048-24-1A,10519.815545590434,0.6786448402759222,2.179195236839137,0.35399003456590616,1.09754931012063,1.1417126833076197,1.5222441390387222,0.29798737123883623,0.17007016708754658,1.7483651314556798,0.19824492166825702,0.09435310735422905,0.19606578740835792,0.15146278032408214,0.44982988473848873,0.053438264835839806,0.05526607604487664
CRC-101-07-1A,2121.4290069686413,0.6354873347780888,0.10753862411753244,0.0627501563048175,0.20364602499696047,0.22558758407878055,0.37127599392513766,0.12327452380230738,0.32176333811223734,0.18691503981697968,0.015832905191402957,0.08290498776556597,0.10973714490888335,0.05048127941754471,0.14512858168892814,0.03669134459197842,0.050952431262947816
BLCA-115-03-1A,7655.3019976498235,0.43189634478347916,0.986400767862701,0.20745662529311182,0.42493732437410436,0.8617389867684467,1.2945124871582006,0.5614575322107969,0.3140354781456391,0.6445433519679639,0.06050414057238282,0.3989857960665894,0.15166190811919394,0.16170793682366982,1.0016460297250125,0.06263451878169175,0.06985916825608889
HGSOC-049-05-1A,4613.441588785046,0.8578087808530681,2.6886425586186107,0.792059351551172,2.2454966995154964,1.4741574062756944,2.173620734751248,0.2657451423747902,0.2543804631373972,1.4149027411793116,0.07928478989823529,0.09054492307767364,0.17909879019522718,0.1526435683755425,0.3251988688092657,0.01527949852604842,0.055188354588200234
LUAD-096-19-1A,9370.509551495017,0.36341182743590883,3.218256746536925,1.0205739021913478,2.6803945542840864,1.7536237758951334,2.439851299876433,0.3282581949247958,0.23328259084551783,1.7945271138306034,0.16073809809587586,0.15311942201234788,0.2678892016097034,0.2259570493303688,0.3713323117162886,0.021392606135430033,0.04272077993206111
LUAD-096-48-1A,5723.965819456617,0.5409721702419287,3.0211623770551497,0.756229689419813,2.377937161394384,1.5294411840303104,2.3954584598885176,0.3130776508789219,0.17431458294475452,2.093802555179834,0.11119402471789029,0.12032371653939569,0.21271545248569107,0.23282673986687255,0.6382839485079613,0.03096706636167954,0.04946744672401498
MCC-122-11-1A,9888.920804142552,0.12970003795025506,2.922610466654373,1.3980385917705294,2.017183435653603,2.1879817945152435,2.730677807452745,0.3355396517148544,0.4133968845211053,2.168947660560434,0.11132914546259391,0.06420213977878096,0.4805366781707807,0.397023226101709,0.5182589710610628,0.06667339570898266,0.13873003575571433
GBM-019-09-1D,1901.0683355886333,3.0865079483337157,1.637404087369017,0.9565093800911852,0.0,1.4295348584488332,0.7649508636148319,0.36921163236397087,0.07502867513239565,1.3991955944184438,0.09368360270181034,0.09817769915115937,0.1500358341404295,0.0751513675794503,0.11031290642101593,0.02711469618985144,0.03455375866904699
MCC-122-01-1A,6343.202075368651,0.2931477459499063,3.601294500821134,0.39089851786280444,2.3563737828803117,1.1593435961090017,1.5570376467836327,0.31847684577725915,0.38237167423518453,1.4983924375757354,0.07637429920914626,0.04095764559276272,0.10429628696220344,0.16146919592474301,0.5108377550851139,0.043534096103945624,0.06523040995147876
PRAD-082-21-1A,11480.373205741627,0.14636556954631824,2.6549992454245848,0.34846899735420495,1.4819951866864594,1.477956267285567,1.788433873227043,0.6382031589978008,0.2695206109251917,1.4454787518779852,0.11187505092248604,0.1571935399886011,0.15498003988728073,0.24073856876483052,0.6993253544599091,0.04312241421318848,0.07740364188512477
cSCC-099-03-1A,8136.5513804933835,0.4613062971272327,2.8765563231439093,0.5581756732717861,1.71255291964535,1.3721910956030745,1.885319975327679,0.5359091576220771,0.25708178559439987,1.3593193861201815,0.08416200703682163,0.09170436555205627,0.16677261208197083,0.17126693879739807,0.7227677412227894,0.05369805030587806,0.06404199594435751
GBM-019-19-1D,1167.7996326343182,1.3113831517710706,2.495620305423608,1.66359936956722,0.0,2.167185481572338,0.4798940066236874,0.43289705402954287,0.2800990305104549,1.490429443530743,0.09397512027581148,0.12466954764023072,0.15864940409890604,0.06788067159015441,0.08749313635929366,0.029300322787750452,0.03510956638120385
LUAD-096-58-1A,7039.791606367583,0.4036291269484144,2.2611693788110876,0.5321296045965747,1.5159111698919894,1.4291791366248914,1.2744342778769138,0.36185933732864645,0.1281082362822364,1.6117434312694068,0.07716812239653224,0.19055474232976227,0.07342797340414116,0.10624684364590081,0.44824677932329643,0.026907986656623726,0.044120795906687146
BLCA-031-02-1A,3673.9650334860767,0.8732073351398321,3.1937618337661977,0.5451832054747476,2.0980068922719743,1.649775772833378,2.617718371644203,0.19743409834086242,0.14551125092536785,1.681013359547136,0.051918080797303395,0.20118283719262445,0.0896451003851212,0.11208318806458803,0.18146104369034335,0.010830883081749476,0.028300705606444494
ccRCC-118-13-1A,3321.9289940828403,0.6430889463469128,2.846381452335484,0.4601558511510361,1.9776416276596402,1.2856011447201425,2.1971557929946486,0.15925395314573504,0.20351962957562483,2.176457429324608,0.07857847192967235,0.08852096140814417,0.18188841022885044,0.1666049755563088,0.5712236665430541,0.023059202158961345,0.02343774389460342
BCC-109-02-1A,8045.184809775063,0.385218067450422,2.4876379390516536,0.490143866629477,1.2029870299473007,1.3005871399404245,1.4906321465215986,0.33535363061197543,0.28733202317917433,1.2437648049197698,0.0510124799963432,0.12232094257854101,0.11046215100518081,0.17139305065072233,0.5714961374545988,0.03744323219833567,0.04594841397275091
PAAD-062-01-1A,5655.396836808051,0.7584835134762001,3.005010451771204,0.4331787559463624,1.7622431063656587,1.4804106839844062,2.139101835673906,0.3164479654548178,0.27964338257422733,1.8287598038804518,0.12649183692650703,0.07733496986807177,0.1911763258048445,0.16694742031298146,0.6179193284477276,0.028507541494520606,0.04630569220887855
GBM-009-01-1C,1251.0226082817705,0.9798099685612777,1.4321518217579237,1.138467838020426,0.0,1.463198549224309,0.1282890330068294,0.44403811852462033,0.07033426027123098,0.596543270648401,0.020491158950304428,0.07154729052422432,0.13644209182542777,0.04982765556899477,0.10656434924531626,0.04031572000560859,0.04947915563945961
PRAD-082-15-1A,8533.573578595318,0.19619629373598615,2.7136455616811954,0.29383263973172175,1.3523499823442946,1.1577587906250406,1.4091578781653784,0.4559833665443246,0.26630326652790065,1.1260196756054957,0.08841944547059766,0.18127878475315762,0.2140830529420597,0.2090200770531795,0.5528411477105989,0.062056686601906746,0.05153704496482474
MCC-002-01-1A,6341.299067275253,0.5125763924001474,3.5349302726663296,2.802766941131916,2.82548260652274,2.9398001342259934,4.0075532524539135,0.3084524729315708,0.38577693352583836,2.229289875733363,0.4254283323852306,0.11116171257470701,0.35386642126062084,0.5792198091067747,0.3232435458717272,0.05535923560465126,0.1409950001486172
CRC-030-01-1A,7098.9380081300815,1.1362028442641807,3.201225372281319,0.9389138427716747,0.06064416899045541,2.1895828634405707,3.3544711263010463,0.19907085194850843,0.26493546513546545,2.195480335299824,0.1287824580208442,0.10300947815055524,0.18761564130337008,0.2521499533124659,0.1726904202666854,0.020166420886750594,0.025239081805227794
BRCA-030-01-1A,3086.615476760901,3.357498164236954,2.586575130349438,0.8585774894824735,0.015767003765100682,2.083283755595591,2.9252818885740566,0.12768542751434872,0.24211315943267522,1.445993019239864,0.2538150720461345,0.08153667754153061,0.2496497401782533,0.1574042941366673,0.17395102136496673,0.028239318614495447,0.08146222059730757
BRCA-107-12-1A,10262.45058139535,0.47676422024801907,3.1694336452307055,0.7593506848052428,2.0434555531479734,1.3079177592217466,1.973056074028501,0.30733871357699477,0.2735704685931003,1.7012782809543967,0.10556984429709783,0.09652077442764416,0.26179900019418545,0.18928120664575335,0.4943542356161505,0.02710351885408173,0.04539824198429629
CRC-086-02-1A,7092.662055335968,0.5945058057618622,1.5074528944208028,0.5543796890689124,1.2566106334569103,0.8888854095730242,1.84015646243006,0.3561813937700429,0.3125066518402658,1.111338678539617,0.08729661549909448,0.16955960335952006,0.20654810082369102,0.31080805732728767,0.5668374053862809,0.11609018406230052,0.052531356006404246
PRAD-053-03-1A,5254.921013412817,0.8473775768336402,2.9822883936014115,0.5310413057733556,1.6630271530368348,1.242740562050373,1.850524539445887,0.2731025890501249,0.22140174884635921,1.4056614559749174,0.06929977008668978,0.08254551520151078,0.1693642345874182,0.17944321189223755,0.40496291358321673,0.03039478634126072,0.02987855393274126
GBM-012-05-1D,1486.6031276415893,2.5222480791460486,1.3248827023335548,0.3432750076863966,0.0,1.193154728922216,1.0237198305396753,0.09863832451342665,0.046988442822689165,1.318105277684191,0.05820141506464431,0.05792864666982961,0.13412829840153256,0.04986651683599821,0.12860886259761095,0.02692314092027138,0.025346976074209285
BTC-054-01-1A,2953.7453662842013,0.6277592231134335,3.1911976318314785,0.6382084459017211,1.2964023457072988,2.028036804543595,3.2169746680974067,0.11748856902625733,0.22897119349771783,2.4436783783522005,0.29519843595934825,0.08421983654171113,0.2269306093610538,0.2365896059024666,0.274656391296556,0.02787661837419054,0.07866051060892072
LUAD-003-11-1A,5875.957016084304,1.177020836023456,3.576801534857083,0.6304484526918457,2.744606522687974,1.677806443951445,2.375933693556943,0.16219732436769058,0.1693827886424958,2.178106363215879,0.10340916024220338,0.11009209547208808,0.15999212947962715,0.19099423979576252,0.1960021294160887,0.009778845881611022,0.041567905770458734
SACC-103-03-1A,8339.403414479924,0.45047640680285894,3.0173911722967635,0.6678407149919999,2.4041765337182204,2.0092463683606785,2.275950242389625,0.5086822048209539,0.2311109422850835,1.258376386370846,0.0689060722675621,0.09817269863624842,0.1646409215867432,0.1267252535933658,0.5635545283707943,0.06636349064669125,0.07111175110214488
GBM-085-11-1A,4257.5127485976545,0.4866717796024506,0.5759756803343021,0.47761407288332997,0.5181616959090768,0.5347896928269643,0.7864258685446914,0.23611844649025668,0.1921330539725913,0.330557918503423,0.03268919458304749,0.05581058074042928,0.2332605895295436,0.21499213766521602,0.12357953036089317,0.08741959560843016,0.06253632555948158
ANs-083-02-1A,5893.089438409984,0.7395985826753183,2.584920013802281,0.5118594211848835,1.4149294630072893,1.234179188554257,1.5973421672589594,0.28910594311260285,0.19404570762047768,1.0319635119523654,0.07763056789643433,0.03822176161147496,0.10970079518845813,0.13726735271954507,0.619608565349732,0.0353266332604131,0.052273323639492504
CaCx-120-06-1A,5355.110521438801,0.8126418469128599,2.513219809683414,0.39481250553395125,1.2910477543161767,1.2177129268998326,1.4941865713844706,0.31947619905338,0.22887515176545742,1.4095445685681995,0.07206190227037126,0.09154793435200298,0.1269108838899057,0.12914005049371396,0.6490679331331737,0.04091969753862671,0.050178792390574975
GEA-093-19-1A,6338.869851729819,0.8342045582702221,2.2558385045546467,0.4622310851535679,1.4814126361929365,1.0025779436409363,1.799784050478432,0.4513621627846985,0.24450384820986668,1.0634119416031456,0.10164298471082032,0.14861394447891432,0.1289572525593016,0.12661239522323897,0.679001192830959,0.04193050287296232,0.0612755316428172
GEA-093-08-1A,5266.5978342986655,1.1057807032840123,2.649039478751917,0.3906463837569033,1.608890926559018,1.406391350509673,2.4505471228014932,0.45317247989777,0.22144369232863848,1.2403919276761444,0.08604886150231332,0.22542654351028737,0.17067863890171978,0.12400025962208407,0.5508219891559422,0.04104791722996831,0.05135094841031096
ANs-083-13-1A,2732.099267650761,2.176816268012373,3.01995506341895,0.3856303023188765,1.5833373930672494,0.9580143519168316,1.3906752134137421,0.25046948640529376,0.13794064910486256,1.0734480170472807,0.0318720875513879,0.026580818034681375,0.08727153411346175,0.09019529929864155,0.42256686057250814,0.053986787055564346,0.046324256828428674
CRC-016-14-1A,2864.7715457999993,2.4438794119172558,3.312382078614268,0.3926426408536183,1.8928207051020816,1.8941601012074019,3.3814380812409244,0.06009400206162465,0.18283095269965544,1.3572708412101424,0.042700933350593884,0.069557004627011,0.10111635687910285,0.1126579396898407,0.07086382445062045,0.06950857364559652,0.0254555175220846
PRAD-053-12-1A,6805.120183044316,0.6631188282206456,2.271194668222174,0.6028428839429988,1.2630291712462602,1.3151918436973087,2.12330859616898,0.3273456591389891,0.2771017894246175,1.506291210799996,0.10234299253448986,0.08025311987966528,0.2612341881267777,0.20308583710060266,0.5010339073728758,0.03635252419663843,0.07617917454470259
BRCA-107-03-1A,6509.636234961075,0.6155824532707618,2.7731150437536494,0.43325256532758405,1.8429599111929642,1.2340281484731679,1.5496658926077058,0.3567731467240855,0.23063759222547875,1.4860814513891298,0.09364267364609408,0.08046222915714517,0.14322023608655762,0.17887510079603222,0.7401789961267052,0.03854333800674203,0.04052654589643778
BRCA-030-10-1A,6448.136501516684,1.4971708269418005,3.5132398859921734,1.3966984109937675,0.07940732718138778,2.511971110179925,3.392551868491363,0.2097956857807704,0.289859324616056,1.8891590125298,0.15111281856674097,0.11678028720622934,0.1738103923736925,0.2687772673759038,0.2565877944724779,0.03643593801768952,0.12523251474233818
ESCC-032-05-1A,7718.121983039791,0.5761199295588866,2.7779613497600417,0.5492210947967808,1.689206408090904,1.7208461594229738,2.0229001891622755,0.41191380734886807,0.2636023722726656,1.5119126951817545,0.12503670907724734,0.11030931034076855,0.20309753180936266,0.15820929341533677,0.7056186325210767,0.04765355549670969,0.07542668016885193
ESCC-079-06-1A,6178.908672294705,0.8644970405320045,3.261497142440999,0.8910373977469498,1.361731784933298,2.502359792901107,3.4896446774080014,0.23915046222165876,0.22607400068486908,2.393671886907663,0.24278158919431278,0.17736303406320744,0.21884860739356218,0.34785059851434186,0.3214437126055482,0.024244914220053267,0.08030558542275015
NSCLC-006-03-1A,4566.106206587498,1.56656634385859,3.0594061530422056,0.7201389712391757,2.3392201883048,1.5065734606652548,2.4622235080201604,0.18261121497909696,0.26923287132725565,1.9389871066313302,0.16828312537144122,0.07132066353924112,0.1779975968935215,0.199020024293404,0.1451056979031338,0.016441106997115446,0.03819388018902266
CRC-016-20-1A,5704.7836198179975,0.5051124912139405,2.4444454924536876,0.6426317763442695,1.9181171849717145,0.8285281971219468,1.5920904264060047,0.2342097323467254,0.19731896624885065,1.1782267091409977,0.04288503686699042,0.059052791201247366,0.20852202768138955,0.10116276743298955,0.4056295046522558,0.012202673005816546,0.04239141178161572
LUSC-005-07-1A,4084.3133903133903,1.369888752429763,2.9047575247133213,0.7624990134381949,2.413871632247788,1.11625754869238,2.2586312017574874,0.08113747935697657,0.33226093291966363,2.5497874608721385,0.16932140400951343,0.16296867372974622,0.23225718463411998,0.14934217320228482,0.07420403005646864,0.009018404123018917,0.046162123093975195
PRAD-082-04-1A,7645.244908616188,0.31280830594218273,2.9353342191164606,0.28161684905147927,1.474758499312466,1.2219865725782062,1.5452655704470974,0.3903863477807724,0.26089641848271977,1.2688713132127678,0.08588985827659733,0.1423067746995224,0.18473627403320764,0.19535798436406068,0.35689926244623016,0.05646132767927933,0.061335268363283034
ccRCC-118-02-1A,2863.2861319073086,0.5757351255984906,3.3305407328717784,0.3745695104568225,2.5255927687058572,1.3150022438605005,1.7517280024966178,0.1343822343697246,0.15583857848885527,1.8029805484464168,0.07990678422513774,0.037302707352138344,0.15079111904272358,0.13023042281328842,0.4118261625206244,0.017672159417312063,0.03271861517576314
CRC-101-06-1A,2326.1570934256056,0.6573004219369843,0.12235618412807055,0.06217890450983035,0.2415145805234412,0.21798632422211736,0.4400328090288803,0.123678395066587,0.3455557230179787,0.17139796615639463,0.02101091606297889,0.09412841952538721,0.09862248219830513,0.05597078387765599,0.14279271753025827,0.08077414729993856,0.05080062077452693
ESCC-048-25-1A,2264.360248447205,0.7007757900806133,2.01386507616593,0.6336065354179802,0.6325345611884606,1.2400220273975757,1.0450509962381986,0.34788740509358196,0.15273514230266616,0.9132409767296277,0.05723399125038289,0.07267323983222178,0.09321587501684787,0.04037237532988626,0.48368482963622356,0.04059505903391246,0.0855572139596025
BCC-018-04-1A,11569.49107142857,0.43063130210102046,3.907425138867541,1.5290908604496514,2.638970813977726,2.83996055943549,3.491601512030987,0.3065966453736067,0.2470125144984179,2.2372717613209554,0.14815649873972167,0.2363695411727858,0.18472366245181643,0.18566201632326645,0.38283344301899536,0.09312970655355911,0.12694513698590085
BLCA-115-02-1A,8472.219047619048,0.4505308475167519,1.4689170332258779,0.34634894935854765,0.7147603801791081,1.014915444086075,1.334544615248755,0.4460981577215908,0.29676168810782044,0.826569642919567,0.027428097024033083,0.1673771769576188,0.11945113734799871,0.20002625100871813,0.7168434294853147,0.049300403938134084,0.057274423154964824
HGSOC-049-04-1A,3861.607895917452,1.0090300036805837,2.842951631236234,0.665450926614106,2.252923477534378,1.3290850399358587,2.087878117608184,0.26379644283078457,0.15304699036198083,1.4696890822220048,0.08262951895623372,0.10591560334075299,0.12267995593780744,0.12273922291539847,0.4627295809516248,0.023764772631651294,0.02678713040103882
LUAD-096-18-1A,10199.618270079434,0.36453201185909956,3.16778203020667,0.9790386918254591,2.5901300059224095,1.7297119143795667,2.4042314872083232,0.32946294525599323,0.2273723108400475,1.7877811696133719,0.1509600787930964,0.14734852766507234,0.2870752861390035,0.2334226544443952,0.38986654763445894,0.021979889066221982,0.03931026075079241
LUAD-096-49-1A,5584.413107270949,0.841772358751953,3.2863142241157295,0.5060554835990232,2.585418769797347,1.4216707397306394,2.0825753283170134,0.21742033492301996,0.1749706127989737,1.9262825508527992,0.10941137947239975,0.07217328704089716,0.18562946216023588,0.1662208600413725,0.4675180181614833,0.03320353607024243,0.04799100819145103
GBM-019-08-1D,1715.2121755935948,2.5615302538556524,1.8507054411846586,0.9868653276511674,0.0,1.753616431238281,0.852590279581822,0.2793342420251075,0.0741161844625158,1.2429451833877012,0.09297085839900349,0.09756855785413263,0.17803157496846936,0.11353589708166233,0.10659109864179474,0.022334967425681074,0.025658274583729303
MCC-122-10-1A,8103.362168874172,0.23326786097954394,2.348580971602964,1.8042970031188974,1.8176394030340306,1.986501975497593,2.2966206149476487,0.833936706168883,0.5404681818296394,1.6527518590631136,0.091941586078119,0.06946931238352369,0.3342824833446294,0.3030229701128623,0.3470576031064473,0.08367414431685855,0.16274764829985375
cSCC-099-02-1A,7103.576927549715,0.8773339851537567,2.60523297197544,0.6654698421639953,1.3851121411657266,1.830065674786764,2.817847068754833,0.5249229148977342,0.2722132168567943,1.8159388155327618,0.12398802657739401,0.07063387683800197,0.20767509865325604,0.24003843805528435,0.657683990678686,0.03608128518131248,0.05155684396536535
GBM-019-18-1D,1518.5698070374574,0.9255808739083701,1.817436534340203,0.8484063706542083,0.0,1.7004503980259618,1.0494327777285548,0.18147975692896087,0.08639568784087145,1.167652556533858,0.04468191605552688,0.051176835786926125,0.1805432198149668,0.035449937898899754,0.10428601702267076,0.030838753583906683,0.026001538495763376
PRAD-082-20-1A,7057.806909430439,0.3900575862872086,2.7392234899792687,0.4057207733281968,1.550047964988569,1.601321094202991,1.8420033892986853,0.4642154895526306,0.21069837998534596,1.350810659321364,0.04089099927095011,0.15878543004319415,0.13255929101313002,0.17692738258001117,0.7014129971201807,0.05673647395771126,0.04217357523067071
LUAD-096-59-1A,7384.263157894737,0.42430944471197085,2.3439879706269378,0.5140417827894307,1.5624926140281816,1.4382767467510094,1.3144795133998215,0.352479777098255,0.12951174531378093,1.6270217318664082,0.07037507323874037,0.18787824695851216,0.07273045283912707,0.10240450296379941,0.47205436518964616,0.02426499159780585,0.04151190118496139
TNBC-021-01-1A,15166.973941368078,0.12446747016720738,2.7447291060919006,1.79018583866478,0.018251313133062864,2.441514135021079,3.2103982715425543,0.4510728109234295,0.48645345193841216,2.1883107545347817,0.18270294350462254,0.24912783427583396,0.35209071404861236,0.3202891716404793,0.13713235706663346,0.016143724886262676,0.05905829231803834
BLCA-031-03-1A,6662.678032683847,0.7316601770629011,2.7491252945394966,0.7097676334781344,2.0168840575167755,1.9687206676700277,2.863468922702934,0.22537016311884206,0.19417863468531896,2.140713610707089,0.11173362952745501,0.26442071133217454,0.15074182463757788,0.22655820634005214,0.36387603301973087,0.02975842205689071,0.04693019699634511
VS-105-10-1A,8473.879363905326,0.2709499993024758,3.052813080344101,0.6184683941985318,1.7645167985592132,1.5531560312408916,1.8988468019709348,0.37156313217688314,0.17558278172931596,1.8991768707892387,0.15221134282985646,0.12691422110106296,0.24064735097970694,0.22100306996252378,0.5439282489290185,0.04624315028392949,0.06175096608931296
PRAD-082-14-1A,1794.6528117359412,0.7082221552181328,2.33896584747864,0.297972274286974,1.0964796525142384,0.9387655267105768,1.3848907982063197,0.30035593805911776,0.06492232089234948,1.048905921555134,0.0395541565851031,0.17954921454030703,0.06707139936442555,0.09185380012175297,0.4052131379556394,0.019735407915760127,0.01766305386760702
ESCC-048-01-1A,10483.08956982911,1.2382282380961627,2.0927669210496687,0.4097874278291524,1.216694057113107,1.1589735465817697,1.3338808000954403,0.35282101251676046,0.24492007045006142,1.6350271572043822,0.07354804721508446,0.09952305733144852,0.11065287289596325,0.16104363965340074,0.6207352538031048,0.06986367758558981,0.06248501441717337
NET-017-02-1A,1485.897537728356,0.42157008373095156,3.0585099816117958,0.3768467475411591,1.9401295129952028,1.0083987301766393,1.8532990595436252,0.2455436395654436,0.17462149107467034,0.8994502039543613,0.0440599513757738,0.09796769811799759,0.0910238242713016,0.05538433704187262,0.260472786331992,0.014688155605922876,0.014774971346255926
CRC-086-03-1A,10032.820267686424,0.5753486827902455,1.9030020645264656,0.6540867701346179,1.1835128521316916,1.206415489164873,1.9366011822592875,0.33263012218952315,0.22498315887909343,1.3681023626243336,0.09337495254326868,0.23634363835409053,0.2346338533454785,0.17417305979509418,0.49772612047244946,0.043945304926147184,0.04583002414791791
BRCA-107-13-1A,7872.100525442478,0.5609907764104217,2.6591593944693006,0.536563499698386,1.3782608103060219,1.1853240521329498,1.7261319516519735,0.5106209891818164,0.2588358936228042,1.4845489919710682,0.10432010389907734,0.1760132387432386,0.1638631909568411,0.23865771385850895,0.6672666388849627,0.03246609538597135,0.052837367481894264
SCE-112-01-1A,7534.109824902724,0.29381413324790434,2.4847194476046823,0.9968955601050514,2.5182276702189483,1.5282705094043119,3.270907203591186,0.14778495285351034,0.3133169793336182,1.6972418121882793,0.13608811068587043,0.1372696581071836,0.16356531755315412,0.13255308569025614,0.13023888269274247,0.029087767029148517,0.07436425580208245
GBM-012-04-1D,1237.9528397565923,0.4304180885661809,2.754315992787932,0.518870892540168,0.0,2.537602860616252,0.724795910823873,0.14696623719964924,0.11974839169807218,1.2766701782595988,0.03548420280955703,0.08985596844445193,0.40081333661294105,0.03980296764121885,0.061775683288426746,0.04342205862713749,0.039267088914527286
PRAD-053-02-1A,6920.155473294553,1.3620981908745788,2.7366559829443506,0.6320588809633729,1.7981458993938018,1.6861037841641466,2.4725563401900885,0.32928304198025776,0.26340092969754186,1.4931359007160068,0.3455001139544465,0.09920970129860512,0.23349488126300194,0.23797564917469397,0.25702579639600015,0.08987545620093454,0.059741752202724194
LUAD-003-10-1A,6434.848688224527,0.9811902609182739,3.401599270055023,0.8246966177656875,2.558088811150087,1.7056202883635105,2.689935544359362,0.22411837289434747,0.20663539602074374,2.4015057869002714,0.11988207730408193,0.11609699383732208,0.15352210497424137,0.22009409461125615,0.21453333134837024,0.011252548526219576,0.03547126777441619
MB-078-06-1A,933.5226923388076,0.2214030860097586,2.568856245214647,1.6694272789258549,1.789693152843834,1.0546931818205405,2.1460851743429212,0.16716991612563564,0.12264962282623931,0.9152070021649413,0.02821700833757328,0.04636728795325623,0.07578572323898851,0.0983632725575629,0.04519723603389992,0.018152839850392278,0.05415848656323081
SACC-103-02-1A,2087.064411709514,0.6303207998718477,2.960495555727206,0.4677034467235113,2.1073134624063212,1.824212813701903,2.087294154170182,0.3394925120164494,0.13733162810506214,1.0259558255544101,0.04608200272406841,0.06378151007379834,0.1077885514880578,0.0745767576283118,0.39508389944984884,0.029262669562360597,0.041153788262516776
GBM-085-10-1A,2744.450255102041,0.9336765426094387,0.3801146282838084,0.20540682293739018,0.19913470136857067,0.49398311230263026,1.0780202833391084,0.08408637176161313,0.1807551505846394,0.4603060898637626,0.022405096244029105,0.038316511660015914,0.12998871980434287,0.33614045214998234,0.09822070773979427,0.037772763240331686,0.08780931837122419
CRC-016-04-1A,7749.834716674545,0.7455577907743126,3.2939586088916832,1.118220728270642,2.2963951873745936,1.586420876586985,3.136211345811811,0.181352065647331,0.2481600184576312,2.0451663886886067,0.08389383763047888,0.07342606808560306,0.13779689780874835,0.18921318570691106,0.12188222780591898,0.026168232790386,0.04519079014804261
CaCx-120-07-1A,7010.202099737533,0.3180685173611884,3.014873273841573,0.6124558477629841,1.6474755324009986,1.7532353103515135,1.9461260611925657,0.4446120121942393,0.2594324713524443,1.575429299725653,0.10474985303110143,0.07657692640113349,0.15264128581904457,0.19847920650062228,0.6777681088014353,0.058088638830849484,0.058592433141203666
ANs-083-03-1A,7479.126659082291,0.6875617353082594,2.8946195780573696,0.5282937661543508,1.6858192996579326,1.276455788319225,1.8403520863792249,0.2852862090047381,0.19978459518837313,1.3799175424421957,0.06953611969835691,0.046547060619646835,0.18646859959124015,0.14242925286316033,0.4965742971549022,0.04363670757052052,0.06324883514551019
GEA-093-18-1A,8043.44674556213,0.2619678088783126,2.457935841008732,0.35578007395989264,1.3613415603082168,1.3776632140713936,1.6563743525129786,0.6402410906069899,0.34738743765713026,1.3540108140122626,0.07534469899899902,0.14406818405408264,0.16797113193566085,0.14562537580195056,1.0315350106327488,0.07456658876244458,0.0804020331505082
BRCA-107-07-1A,8925.38246628131,0.5916043913974858,2.2995986359334126,0.6448193767577309,1.4127006275114937,1.1990222101002228,2.190731926279981,0.4425202808113116,0.24832293544522727,1.7074287557604748,0.1342023282924497,0.2596090797753776,0.1956991158946504,0.3617205661841198,0.8518663545636441,0.04008135054116111,0.0722940716291203
SCE-112-15-1A,5102.049067236689,0.30463497368237463,2.001464171702955,0.44702876121053176,2.0151107086421844,0.8133485617082488,2.031571488458713,0.09564927957627044,0.18929499531572733,1.2315822926744673,0.058540643240769547,0.06292951484702898,0.11682945699489376,0.29140805504121753,0.33631579446195753,0.024245528582465942,0.060869688397934
ESCC-079-02-1A,3633.6488138909267,1.4651456803658558,3.3359567547161872,0.6281924085406037,1.2826546535625603,2.1224198733060664,2.7716869423451236,0.2010836458885324,0.2657670095649954,1.8881775716622988,0.09440434407572466,0.08171736873847334,0.13297194540800666,0.19007294496767577,0.2787995254148046,0.019764349564522273,0.05768617688183849
CRC-030-14-1A,7303.165680473373,0.44043978841842835,2.7747628434856444,0.6227989233492954,0.10297917632497237,0.925645007039837,2.0236763193008644,0.17305626155930995,0.16325144748955184,1.532830016536165,0.06408583702426535,0.04212112899933024,0.2964758475133718,0.13244843393941824,0.1296272244260913,0.01030997552449053,0.038026529672298026
CRC-016-24-1A,6909.905511811024,1.0447627707294396,3.209202970187354,0.8081585876760575,2.4231632088724067,1.6123880211431005,2.5301696358957235,0.1855334108290518,0.2167466310182262,1.9461990410112504,0.10525594141310557,0.07844108568491281,0.1548302886874192,0.23597148382656583,0.2065807051689896,0.022689052803933095,0.04518036883369121
HCC-090-06-1H,7533.894881673087,0.3829056814272929,2.7433328345703694,0.5350292327032795,0.0,1.6316087826652819,1.8692622704889403,0.31954596134711727,0.16570964173642164,1.8829027543835553,0.11338784583041416,0.15585354940462437,0.6500692474114603,0.171187485872498,0.16678124024498003,0.043247297205431946,0.0531413966761841
ccRCC-060-07-1A,5669.082036433828,0.5137546997700896,2.9733802618457457,0.3797133753106441,1.5556434249838151,1.4254028247867223,1.7348831292338058,0.35916299316904576,0.2624259680735853,1.419197833323796,0.08391589757529085,0.11472836842838124,0.1600128119976691,0.15495907804094308,0.6297399608083231,0.04749902448835644,0.0496202822055225
ccRCC-061-09-1A,1778.266856846473,0.32273845024036024,2.7223242466285913,0.3397218063741258,1.8762068323969883,1.1255881076804455,1.641439471953895,0.1564274393758211,0.13278023298407304,1.7823463305602412,0.07614688378958344,0.04465998584929875,0.11972851205353882,0.12425518033370903,0.2828215848354723,0.010373926225206637,0.0371176337515467
LUAD-003-04-1A,7806.477017734347,0.8796621381770052,3.365514830824641,0.8778450442229878,2.5149788155154535,1.8701596815600336,2.6129559518821868,0.19791094376201243,0.15898367990209153,2.218546644906218,0.10381144822625285,0.17328518364588408,0.19029009827830626,0.29168178641122866,0.14978360413040237,0.016264447819982573,0.03247393628418915
CM-036-01-1A,2929.5281627179256,1.169319663966722,2.405548059363971,0.32606474847284606,1.0592180948617158,1.4642017933360796,1.9797951215939993,0.1958287407536982,0.2094864640359225,1.709731254316614,0.10232854057754937,0.10057891648173752,0.15895314091462986,0.16162622527268,0.6175728747261497,0.05995142771437691,0.040875529346564826
CRC-016-10-1A,8795.772237534567,0.49327387022567987,3.0083402487012716,0.8718255875977436,1.8958095077286932,1.3127026941980247,2.322589867752695,0.23910595321891193,0.17779456574530902,1.9404459769692506,0.048614759303489775,0.0939309068996142,0.22127047682052056,0.19057319240878826,0.2566636850657707,0.01942301139179248,0.04003468474299129
PDAC-106-04-1A,4669.40914365282,1.0705582683543782,1.9583609201896832,0.24538202215962365,0.7663969089462567,0.9399820573806219,0.9360888101858045,0.30927593655276864,0.16184476981414728,1.250811154728545,0.06938315553361275,0.09497934628383228,0.13235746300427842,0.14522339193154798,0.4087473494119065,0.037206580103767595,0.05258642142342442
GBM-085-04-1A,2694.7814371257487,2.6415079755610473,0.5069229087119849,0.5965373645376172,0.40489501187084,0.6787373700719089,1.666816258910647,0.12763588688519312,0.11051596027709301,0.7080516487638793,0.042520553799848995,0.030234397305673,0.10236975411008625,0.0685144614514739,0.20894195492930193,0.03823198378084855,0.048900450221716595
TNBC-075-03-1A,3655.3863833477885,0.8111243980216649,3.097916784567696,0.4510322144346387,2.2184819249750367,1.2005858721583893,1.3676069979551224,0.49013025648337527,0.12400282811817386,1.3774750465971226,0.04455932230845529,0.05638732700620076,0.10919648082717866,0.12640089080311329,0.40793686745327373,0.043805087295134604,0.046580095152606076
ESCC-048-15-1A,8966.232425469267,1.7846522668854194,2.3062475240961913,0.3201933241269921,1.192839105402331,1.0759812670514755,1.6312832324715592,0.36870170058360696,0.21080378485392573,1.537019201942715,0.0555365591424346,0.10963659196696296,0.12447226752326161,0.26477780668915984,0.42376579826300886,0.04927769205968666,0.05206744841967281
PAAD-038-01-1A,6322.258345622738,0.7947392914522677,2.847596679401187,0.33000991989150386,1.4903329676979271,1.2940959285584905,1.608731429858607,0.4836734155522383,0.23498338277330524,1.7120364069170138,0.06601946028752179,0.10999019970548342,0.16848249766938525,0.15740741547508955,0.7411667096791339,0.03362745676236972,0.05024747326773117
LUSC-005-03-1A,4585.4842767295595,1.7916643207713037,3.4816719026695133,0.704808153707678,2.7086195605618575,1.4268290214776185,2.8704573749760947,0.09386627858560183,0.1562272865822552,2.56121068885418,0.1039431327268451,0.06159630593919145,0.2013911036363689,0.18581831549797204,0.11216880954959496,0.006242620989166626,0.01820814614749147
PDAC-091-09-1A,7642.0771543086175,0.4788219827015985,3.2380264555518083,0.9942318416414823,1.570031012039874,2.430765346538623,3.4638996032880742,0.30010770019529986,0.29631592305067717,1.8021139454034651,0.1260415610807972,0.06863446090963736,0.21817147985138807,0.18655602172403224,0.3591211022969309,0.056785811763036285,0.11925789696954556
LUAD-096-28-1A,6757.415036940461,0.8004577875405813,2.931271225463313,0.5988974445530337,2.24510951870284,1.5151569483226466,1.872616513806453,0.1927683972668496,0.18199022203371656,1.640440259010567,0.11327687933952978,0.09799104702928893,0.16022600623800706,0.14369848787349296,0.33375759122949344,0.01933960715208558,0.03337295244466068
VS-105-04-1A,3387.1708194536977,0.692393337313135,2.65917953976233,0.5579514333479116,1.4406911359235988,1.1339427960169677,2.0052555644451826,0.293468094080752,0.16139110837254184,1.4614316560057372,0.1248882708701402,0.07746812802141376,0.1812427280809199,0.12398217088985217,0.43365330237511585,0.02900270412177622,0.03621844740466864
LUAD-096-79-1A,4705.949226630801,0.4796281192226578,3.0179485350690713,0.43882144951756946,2.1963324021826627,1.4038902411541903,1.874468455846849,0.3070061111843705,0.23138161180174158,1.6912278229873148,0.1639934829904548,0.11286899472746338,0.1387988939671552,0.1406385928901097,1.0077169007944555,0.03716327872550329,0.05347750256876428
ESCC-126-09-1A,4922.924500907441,0.923091399884521,3.6793280412971696,0.7398350131908794,1.6590860444502635,2.5891467014456238,3.1286347542920225,0.1578741276817062,0.20361915159269334,1.906753901578438,0.15555831092150454,0.10927515947594245,0.17926500360516415,0.26764237101157584,0.28381722077990945,0.03751954679242727,0.06273409481038653
PRAD-072-19-1A,2710.2024793388427,0.2325526451178721,3.319726550261907,0.4565819457280733,2.5106235223524003,1.5352795654470115,1.724876168686534,0.15860564503217214,0.1894351323192473,1.9111853604950837,0.07290153990111661,0.08584614103758297,0.13251983945151383,0.12285864416140609,0.28024967320799826,0.009623237434651632,0.02244489046556086
PRAD-072-09-1A,3239.8058491029738,0.39270177630606473,3.1354389960843587,0.3806393872982152,2.286394897342852,1.1904038971670625,1.5545172923914878,0.23874653257334147,0.25715271693958547,1.7446282255345782,0.06650714068493972,0.06597456213483262,0.11605434931565567,0.130800048541752,0.5652997556675138,0.019426873739615845,0.03543268386172324
LUAD-096-69-1A,5181.705345501956,0.8791049591428247,2.715385691725424,0.5559600701658959,1.9169132863567018,1.380332553442991,1.627110495651605,0.20683777894442942,0.1844051263331517,1.8384855118558106,0.17539382235685488,0.11349756762321782,0.20754947422097023,0.13861323455009897,0.422100847027464,0.045244258647278865,0.06705779933929981
GBM-019-28-1D,2298.886047172492,1.0938898753165014,1.537016316745366,0.7822891010086431,0.0,1.7101685940714944,1.7490332680182485,0.38479382274370255,0.14586807252390122,1.1816223765194946,0.14989321477677886,0.12963418510036903,0.12981776969016695,0.07974211891145322,0.12263541521106372,0.04891809247630597,0.04466641383314193
GBM-009-04-1C,855.7844562692048,0.3864993450697885,1.5270724984944346,0.4517769360122999,0.0,1.2729132711414046,0.13674097722149117,0.41085299048721313,0.061804877883318794,0.7694433531321127,0.016221371182114898,0.08145079476376986,0.1716161141022726,0.022744770584680926,0.10146320600778125,0.03366646237125582,0.03595041857420715
PRAD-082-10-1A,4725.207229886215,0.453197877493673,2.9864076938439146,0.41845477172620077,1.5763370118086824,1.5685359733431408,2.0392152379786572,0.3924407722050559,0.15646448803543367,1.4515292439487737,0.05624274361712152,0.1827113018509342,0.15424422860987122,0.18019987926865627,0.3870354289337094,0.02438755127520818,0.03374698663204957
PDAC-091-19-1A,6115.36129032258,0.8409320508850636,2.8481470877836004,0.6534596756267187,1.496555852034052,1.5411018210035006,1.6558714068884226,0.2029024358006293,0.24991355741620017,1.7693765594101711,0.05940504239703223,0.12408108830094022,0.17822537434574234,0.2134929788081293,0.3307571939486455,0.010560005437846022,0.1938676363220214
ESCC-048-05-1A,6694.8120461341305,1.3544019507576122,2.185348982651817,0.5394031346041821,1.2279305796207909,1.4015277216611337,1.840565240615737,0.32339887300216114,0.15339059509654185,1.589262926881706,0.13430297875493347,0.08323079368937454,0.10732633661247057,0.17619463854241027,0.4461559655938331,0.03635094863849656,0.06148495972600544
HNSCC-043-02-1A,1531.5440554059253,0.8957872268704888,2.7813585114445796,0.4455982858590285,1.1566290689892762,1.5323616837319054,2.706540740312044,0.1090530300565484,0.2862694613721415,1.378674670401646,0.07258237994597401,0.03096486945373663,0.13411320220077957,0.10047696190945538,0.19204836927526464,0.008424712448824955,0.04357285709423339
PRAD-082-24-1A,10383.919849381387,0.29538770518328694,2.891423810838285,0.2760878613774255,1.7883326355815803,1.596765738763531,1.7057079277780287,0.620811238302281,0.23658711782459618,1.7492137813816597,0.05109212502939256,0.1431880768235812,0.13155430624444617,0.23899937845737798,0.6145268374139811,0.05495052891441041,0.06667634463383044
CRC-073-01-1A,8121.61122244489,1.5556600003995238,2.4557505917962352,0.3774290398622528,1.5789776914618132,1.1241983851246133,1.763066405854923,0.2856678323197605,0.23260442425120162,1.3294289466864995,0.06505478871496619,0.07886547717521004,0.16733493620742626,0.1807695546292785,0.48802817563641154,0.05390283254438194,0.06958771661104401
CRC-101-12-1A,691.6679708727312,0.3750600516235671,0.14003976181410338,0.11162035689476563,0.33715278349620825,0.3370060856753857,0.5920340248479312,0.06831658250630415,0.22150127641430462,0.23525586217496713,0.01373054885710203,0.04823176278719929,0.06817735678760395,0.05859782045051499,0.08979633464512266,0.0397362746162141,0.024641988293978203
BLCA-031-07-1A,8585.695436507936,0.22391884829159636,3.5472481742174455,0.8564613236901472,2.321106215116117,2.499119958250184,3.4953753651869706,0.3017921835162918,0.16951852292424782,2.1467456473386233,0.17520786897367577,0.36438816242842825,0.2846887635188355,0.2436777574781449,0.18675756193388096,0.02049441621522763,0.046499944114435296
TNBC-021-05-1A,6993.090225563909,0.7804828272992925,3.065209252332453,0.8311132908457233,0.010984910602895467,2.050865662264555,2.6847506784953166,0.3773547637566514,0.25858056958786374,2.138774238528061,0.29440421930526073,0.11575706955523313,0.49905212604506777,0.15980504268596457,0.21695771883051052,0.050009159049150695,0.05768357068933493
HNSCC-121-09-1A,5034.321092494836,0.746174144645777,3.6635351867593275,0.9756968096760208,1.8488385224052704,2.288111027072398,3.4963438835832665,0.16653153337915486,0.2717167395097059,2.135902291400512,0.11217598122697081,0.16048061971028998,0.20643357147313787,0.28986540268175937,0.23759893576440383,0.05024591696309527,0.08114158340305713
OV-020-03-1A,6584.312863496408,0.315601347538179,2.5546397479722622,1.4783603377470844,2.3767824208290063,1.4150308792944777,3.1940816755544943,0.36133289115370437,0.17073776335559473,1.8851678102798313,0.6269687093757976,0.12161964288672898,0.21331368986141086,0.3007098490259684,0.23536961901898704,0.04459121373025051,0.06728792296014394
GBM-085-14-1A,6521.120627261761,0.2291538927481901,0.47980524101395505,0.17407969244346258,0.35791177624592446,0.36152400321644773,0.5216892727256373,0.2040190553970869,0.18794012624106715,0.2708203268355503,0.031755581627272295,0.08079688177407103,0.20547187246450427,0.16847976662965983,0.20005862927287477,0.09588666616807137,0.14327262165504595
BTC-054-04-1A,3871.197107039537,0.7751388844782765,2.713483086695223,0.827231972966937,1.473774007328552,1.8937081598748982,3.0175418796592313,0.17047258620388758,0.23302953897940992,2.0690539397137044,0.09082347915928106,0.11628450910680556,0.1481096359912432,0.12273670102074752,0.15517321670435066,0.011134594539226763,0.03500728901093532
LUAD-003-14-1A,7668.101207830071,1.073337587704501,3.0570562826562377,0.8503556755439808,2.0923870717364994,1.7193524200231922,1.9809213957447376,0.1724977551049283,0.307400324219277,2.1191418652105383,0.22624738968101657,0.14826647105289809,0.36943935288081947,0.15669091271202368,0.30568680709160084,0.027112071947619013,0.05886022841040908
ccRCC-061-19-1A,1833.0927300577353,0.3569780266640565,3.1700248912074804,0.2941192316073118,2.1763905232008516,1.0389652573577906,1.4924575349407518,0.13950016915986196,0.17081133026666573,1.840482371164953,0.08199566137624151,0.07261603349051346,0.11135013413044192,0.11243433883938872,0.3811589303079878,0.017146436393409275,0.0179365765563294
SACC-103-06-1A,5629.501957527584,1.1909679010487675,2.280441294885036,0.2463445068363809,1.1071926667652126,1.2106546402382072,1.3497423700803581,0.37859257238764915,0.1639474532433998,1.544641038040799,0.11232068072202696,0.09239440930426342,0.16626554839674357,0.08849663640232082,0.6105188422738258,0.03279426081470655,0.05112134042408002
MB-078-02-1A,8814.861256544502,0.427117597635933,2.4395464788209624,0.9298745805931797,1.6001230440340117,1.396157302253727,1.8448569053637844,0.48395916584619564,0.270508613724283,1.4796237236798615,0.06481036772697588,0.15841924856569173,0.20045748703644417,0.1955546814567746,0.31469577703647456,0.12606816730543494,0.10799214225740272
CaCx-120-03-1A,5186.037027513499,0.6320080450433955,2.478397251928488,0.2914824010239764,1.2794066625864722,1.24893814240717,1.3236835489167895,0.2906252260149374,0.22372979958274233,1.7263356225475475,0.08320326800430358,0.05698070344993767,0.1114882315522771,0.1328091148154467,0.714823212864791,0.03690071704354646,0.04575547148287221
ANs-083-07-1A,1915.1788418337633,2.1127947235479474,2.3198043025903785,0.5361254397486702,1.0401155107533955,0.914542229307288,1.6491703734323693,0.22515125745713235,0.10055342188516884,0.8104436349544106,0.0437417236850761,0.040748640762064525,0.1166884513579066,0.08291807847445465,0.3847202151179827,0.024599176269906202,0.027851128398823925
CRC-067-08-1A,3499.2269422989552,0.7051938043882613,0.2369054399141311,0.11366724140634761,0.4038824112244558,0.24979002818299614,0.5121618726825599,0.09865671004458276,0.2630809401443213,0.09786893059469998,0.015511348786958137,0.0530624200874885,0.09623525676617378,0.11564986774215255,0.1631198463085535,0.06782198359132717,0.0661467207202347
BRCA-030-04-1A,4896.448861999424,0.816025299852294,3.6969993389537463,1.0329208122180717,0.14866800213133888,2.0888352796189538,2.283815321964073,0.1976749144978347,0.24940430826317303,1.380522837977231,0.14045933579158276,0.072306659531097,0.24140319455438977,0.16816637943964913,0.41702433399101424,0.05822167950088273,0.11964042670673522
ESCC-079-12-1A,5647.30149750416,0.9224463894141259,3.677086634945678,0.7311995346005592,1.6913096987296679,2.544340698867725,3.083390383286458,0.1753666294223884,0.2071974170884694,1.965531211759666,0.16086556044135156,0.11910561969879783,0.1873178250508676,0.28553007950193765,0.3141219380918938,0.040448144984172825,0.06773041131432969
CRC-030-04-1A,4520.944758825114,1.469456325012714,3.569158998475425,0.879698772618379,0.15254359474539356,1.865419352717281,2.4809379396946047,0.19182479534173183,0.21273952456751768,2.0259381666523812,0.09419741584475808,0.060823391464421894,0.1255689758387966,0.20121549439060607,0.12582697588147004,0.012324184034153727,0.031296458813446795
PRAD-053-06-1A,4910.603914259087,1.7592842053202165,2.948371085232028,0.9154256809669411,1.8595860159379436,1.4843219980178206,3.316218266637715,0.2593827804238565,0.18213371880843707,2.468092151569452,0.24939800283397662,0.08533796546317812,0.12849812393833923,0.18917292989103152,0.24775733098218033,0.036160532628692336,0.02623477426217914
SCE-112-05-1A,8079.603966005666,0.2678494400548534,2.0719344224095764,0.47506873381548864,1.3477719132036923,1.063237343939522,1.8540748352841523,0.233142446920811,0.20378054583296853,1.2158399742270256,0.06943034645834507,0.21510291802535608,0.23532773700486462,0.1696346342403501,0.32935050380895975,0.04070078923942906,0.06698745271787648
LUAD-096-46-1A,6044.4640987284965,0.959004537703109,3.3776006214868826,0.6703793401886559,2.368822866605455,1.6822331052753656,2.256050393147884,0.2676470809597427,0.2048464172745363,1.927669743305155,0.11281917244198723,0.09763875895678535,0.16377100658573177,0.16974169019159124,0.5109645299727689,0.022213559800512834,0.046190644577199284
GBM-019-07-1D,2151.8824002143047,1.5423461674544674,2.0431870151840292,1.1310819723072374,0.0,1.7127938725600405,0.7923685591582824,0.4451768662168927,0.06202954451044009,1.5891006276915307,0.10645845998798943,0.16870301160876094,0.11951120478224127,0.09302576205249168,0.10335451212692064,0.03787228623760684,0.03307283200550874
LUAD-096-17-1A,5367.9117478510025,0.8342772917309698,2.985631841282457,0.5250034189777616,2.288280690427043,1.3739901072341674,2.0126377279838423,0.19367801195360526,0.17207645288573972,1.9706652404060319,0.0946807236477585,0.08749796836089882,0.17496993873233754,0.14452072455528475,0.4664939264399926,0.021132133934174412,0.03898044039142109
HNSCC-121-12-1A,5586.459145191703,1.3532290769739665,3.6732327020052096,0.604718852509206,2.0322045976698933,2.0568315772597856,2.3642650276899033,0.19686284492183934,0.22057846643671106,2.2372333061348963,0.084544841960247,0.07666377469254972,0.14419938973495408,0.2812084356988369,0.18755796328933047,0.038619122259457614,0.0873212548747749
ESCC-111-41-1A,6764.877240630092,1.1009638913687485,3.1877635704913483,1.1360002824315616,1.8056417566274432,2.2403726535769835,3.2554500437636458,0.22646424444894864,0.3400020861634199,2.236353618872473,0.20445471018681155,0.18354983179223677,0.22632345997416714,0.3948089258621814,0.28820513783961255,0.03455877731179611,0.08288553539777412
PDAC-046-11-1A,8547.69584569733,1.0954445568846016,2.541029646211551,0.4157718535949306,1.472401936337767,1.2225342699914503,1.082446666416336,0.29310379343512316,0.26601886585776396,1.2698831866153437,0.06826703189668976,0.06496282242362295,0.17620195621805657,0.1451439134615516,0.38918791970222466,0.043601687400160544,0.06329811152458928
PDAC-044-05-1A,8363.051990869895,0.76236895029799,2.7395121395597677,0.5509910688659785,1.6040104374176372,1.4907800377257188,1.7172886342567464,0.3767562029456749,0.24470618786751858,1.6280095442328715,0.06647156764986441,0.06653138310460525,0.18942738260450648,0.14484203964559053,0.5003586817634205,0.05162444694546391,0.05436472769074518
CRC-101-09-1A,2847.7236765561374,0.700227354912832,0.3062581385898543,0.2705390396256556,0.30500742424277294,0.28721034164338016,0.39749277203714817,0.13268087178324983,0.20407190064106753,0.26319033907927813,0.00938345623943657,0.06669553606654088,0.0655873767856428,0.0733879328264128,0.10138114232896764,0.05281329809501766,0.06924485280205916
ESCC-111-10-1A,7833.4480088495575,0.992028514632557,2.9240228903003023,1.0019556740118587,1.589597558640542,2.1141105316375834,2.762600387963921,0.2990725192751144,0.41042604207337235,2.1634634139988758,0.1985640773653618,0.13290080933380247,0.2186732372306514,0.31747733504223663,0.49640710617909894,0.037094742128523664,0.10839561145213365
LUAD-096-23-1A,6163.872139407937,1.1257884440548633,3.3844326840302097,0.6479314217247991,2.7664664155743375,1.5835701612210948,2.3460070131677244,0.25911662301236593,0.19480534148896494,2.0406528830863575,0.1166849089142483,0.09014810059165686,0.13640417453419346,0.2018424350735739,0.4802027223272264,0.02012798868015447,0.04016532424742571
GBM-019-33-1D,2821.534753932014,1.2853865899223362,1.803186435471261,0.6584081315479272,0.0,1.5165992722814117,1.298317674204505,0.40815208724633384,0.1817568938944621,1.541081993905686,0.2837037718536617,0.20849303891315454,0.20164596933976606,0.1384514767142612,0.08783353223997337,0.07339972374092543,0.0648958754449236
PRAD-072-12-1A,3168.525221540559,0.5033737845744998,3.400624815105451,0.4042627941119757,2.607860849751875,1.2233158360575873,1.9229302383414253,0.20721132723385402,0.24911690545771142,1.9715843156614703,0.07127068717310275,0.10279273026780582,0.18357083377625594,0.17509238392026943,0.5739699783983699,0.020245017206493465,0.030258820519786185
ESCC-126-02-1A,3633.6488138909267,1.4651456803658558,3.3359567547161872,0.6281924085406037,1.2826546535625603,2.1224198733060664,2.7716869423451236,0.2010836458885324,0.2657670095649954,1.8881775716622988,0.09440434407572466,0.08171736873847334,0.13297194540800666,0.19007294496767577,0.2787995254148046,0.019764349564522273,0.05768617688183849
LUAD-096-72-1A,4148.502580389043,0.3480574586835583,3.070880863646545,0.4724741735293513,2.1226709062699465,1.5589175872985566,2.241764821751425,0.34612996757945413,0.14239482908143872,1.9628147467945045,0.12827133643452301,0.08425404061319587,0.05770348179872889,0.13023236124215884,1.0702534194069595,0.03126634578406897,0.05718644689890195
HSCC-130-04-1H,5979.086666666667,0.48751340439936336,2.412315593949346,1.0583842811180937,0.0,1.6846570279923414,2.513465825770813,0.3774179833484405,0.1756706466573574,1.8161631029293084,0.11387165491940685,0.1682309232824497,0.23104974158414213,0.19482950055769943,0.3019854594501494,0.04467106574625382,0.05748271122534
PDAC-027-01-1A,2818.533930254477,1.0196219231968418,2.8035376215070316,0.5466921780413126,1.7407560188613205,1.6122192241088689,1.9980213226806232,0.18390258013625696,0.15769841582677147,1.3432423411683019,0.06350757629579945,0.061424015492080944,0.11700055672395906,0.148761739220886,0.14140955413317616,0.023605961244097886,0.058565595882129985
ESCC-111-24-1A,1889.5201616978272,3.2301645114833804,2.4607866179958644,0.9184480625528955,0.9583113743218991,1.6035360463156383,3.205655759518557,0.10764693782472673,0.1934103049467878,1.5178342458129699,0.08639114389156147,0.07260323625161902,0.09996540238744724,0.17683066542309586,0.22036672439846758,0.014492972332818101,0.05010279219102193
MESO-065-03-1A,8890.80504908836,0.9137528560036837,3.4076514514367306,1.2639095058798613,2.021237189991932,2.5832308770186163,3.3064125532235566,0.26343072590687244,0.30277024550608933,2.254883946314678,0.33173956255761605,0.1697826807287393,0.16735957518123443,0.28697330029389856,0.32346297006786495,0.06155792373377312,0.1283118973338312
LUAD-096-81-1A,5960.307189542484,0.8006776803719481,2.324493816846633,0.4530599199739809,1.4912347650971298,1.3622065420722003,1.4959964054002688,0.30843100056467077,0.1442671447410087,1.2316296553032278,0.05687353848037918,0.1336353959733263,0.10262254828802407,0.11780505589911626,0.30778069656939716,0.03229730857381617,0.03232251277732777
PRAD-063-04-1A,4510.3621197252205,0.9138531247096776,2.8813717527816363,0.6827576635404212,2.0312623682852524,1.7534014712342685,2.2957750841874307,0.20988741264357952,0.17680031502545707,1.5932796239904663,0.04750437072615571,0.07499002046200966,0.13677281326400798,0.27617292838490604,0.17743633714582838,0.021054442388819268,0.024476394944582525
MCC-084-05-1A,1528.471649484536,0.49654147727250597,2.213940947947438,2.224432103501536,0.8603112558240806,1.2357772198617474,1.752963396144513,0.052415615983776115,0.0791561551640028,0.643212633919942,0.8984058825584827,0.020645478698785285,0.06312195507032471,0.08099004929493261,0.05625762428252415,0.01443990807052329,0.04222753494075883
LUAD-004-04-1A,5027.494612621857,1.69549638689162,2.9603513098142114,0.5987780564256356,2.0387793231341127,1.6248382849302065,2.3665937069098675,0.17490674204273157,0.22547186053727317,2.118874606374532,0.13686713179670665,0.09020768363674594,0.1771647135866513,0.21484382252641873,0.16187630672662978,0.007885298135668324,0.03956625687529486
HCC-059-05-1A,5226.454298383636,0.9077550612289187,2.6225464478480296,0.6214724677509854,1.3202164539844754,1.450518943250021,1.9779001891392216,0.22926109082056703,0.2098190570526363,1.4635707780025902,0.10031948174188952,0.10045092112341168,0.2194468892526557,0.16385118508081356,0.17780098684612247,0.041705673885354747,0.047279639763996205
MPLC-068-02-1A,7806.338404327248,0.32393971706724506,2.76362986173349,0.36825715958642125,1.6483474845200996,1.4215342000151203,1.7740935080939118,0.38923755780236646,0.3591347062690282,1.689291120119268,0.10182834539660537,0.13420448299954163,0.2114190359186865,0.24678279838062311,0.442110975566607,0.05633103371957124,0.07555210014983768
ESCC-079-09-1A,4922.924500907441,0.923091399884521,3.6793280412971696,0.7398350131908794,1.6590860444502635,2.5891467014456238,3.1286347542920225,0.1578741276817062,0.20361915159269334,1.906753901578438,0.15555831092150454,0.10927515947594245,0.17926500360516415,0.26764237101157584,0.28381722077990945,0.03751954679242727,0.06273409481038653
BRCA-135-01-1H,12190.490844126842,0.32919900507630784,2.901224431271618,0.891993801737127,0.0,2.0325634300308035,2.6008318865414983,0.2819187731901029,0.20855363458638315,2.2690777075726913,0.10785816985564041,0.135988117002816,0.8151217150149714,0.23307592775998698,0.1743837606969112,0.04858253961942922,0.07307711375868124
RB-098-01-1A,5306.5326013892,0.7047366890447624,2.354630079061194,1.7781327128234792,1.9185796333121254,1.6702031797066843,2.512984301281185,0.215710583286207,0.29024299824931493,0.9148410064776452,0.0652915367327048,0.0809849005033886,0.2656552203610617,0.3454121632597572,0.45175577242820125,0.03679419640637266,0.09257665483357749
LUSC-092-04-1A,6104.261113865477,0.7371477464069954,1.9672264247073528,0.30284535706720855,0.9620444897032824,1.0453852571151445,1.3682463228771171,0.3386639845886031,0.25758157129543696,1.3241135230310033,0.1775555136390698,0.05912289879744272,0.11828454074166911,0.21336173674977832,0.778504629693129,0.06133889930099667,0.0733098966220263
NSCLC-007-02-1A,2911.591349661282,0.4163374358606639,2.9372506650133983,0.6973301067953573,2.2739175262893307,2.5507316365740147,3.070686565029608,0.19448619916846732,0.27987930500598607,1.8915248346149132,0.16652700790118727,0.15443418352373398,0.22499531515964963,0.1608777090771994,0.151821321154873,0.02837205271965627,0.0298453559336679
PDAC-064-30-1A,2017.886854460094,0.6638072000168779,0.5488833175897004,0.2118102631268279,0.3280248088858241,0.3320418064901807,0.3184066351041425,0.14758436336818817,0.2394470797823242,0.3473121663035289,0.029835982122748104,0.04139863279552902,0.10078724446679567,0.08313346001528729,0.2510503713127327,0.07835319872921445,0.09707928296618454
GBC-066-06-1A,4781.128234617597,1.08472348657778,3.718376373649374,0.8072468040366854,1.8494631128281998,2.1170289316801787,2.5147213212327233,0.12465306714167781,0.28876357916411033,1.9851370360312228,0.12647679497517159,0.10650723388015766,0.1755506812250823,0.26926473528070044,0.3467941141821313,0.03951132358858507,0.10356040740895638
ccRCC-061-02-1A,1786.8786721504114,0.4038303105700957,2.8805904576483177,0.5236136361083831,1.994725562795826,1.4859283821695337,1.9277547933763848,0.12360002747078451,0.1968188082940496,1.8345744994650417,0.07366166998078123,0.042902379579014445,0.13826941548575472,0.1345296077105529,0.23882119220206394,0.011911070652171457,0.02022563200611639
CRC-067-27-1A,691.6679708727312,0.3750600516235671,0.14003976181410338,0.11162035689476563,0.33715278349620825,0.3370060856753857,0.5920340248479312,0.06831658250630415,0.22150127641430462,0.23525586217496713,0.01373054885710203,0.04823176278719929,0.06817735678760395,0.05859782045051499,0.08979633464512266,0.0397362746162141,0.024641988293978203
PDAC-064-04-1A,4062.003586371787,0.606649791466745,0.09765845280265692,0.06268985195225647,0.14083913880734578,0.11483492970075243,0.13371546672122706,0.09288630939907218,0.2492486516845076,0.13303810285070172,0.014639173747448579,0.026342084879552287,0.06900056971518051,0.1752955919368108,0.16794389374374413,0.0699457180771226,0.07606404958054358
TGCT-052-03-1A,9927.218371837183,0.4229547835606622,2.662981889551886,0.7711805235376449,1.545845766559891,1.7740614952953242,1.947471908768837,0.31189913759809323,0.22440424240734644,1.3284239532156406,0.06772078329332523,0.09470455858212559,0.2075595181400391,0.24030094374246205,0.5413870834156324,0.046967240791589454,0.03629556832365269
GEA-093-07-1A,7794.886046511628,2.9886810851708283,2.0959621947677003,0.3299759784350408,1.209803268121723,1.3967359510302464,1.8431266213686526,0.359992795738885,0.16315617904841848,1.2746691921815603,0.15247694344255636,0.13071459878161948,0.11590423729670762,0.1158560985319771,0.3193169437323105,0.02999989750934949,0.030575833222602797
PDAC-064-55-1A,2692.990164842776,0.416202983240441,0.097580700839419,0.060757356964911545,0.1600788935865242,0.14214220221325502,0.10202902965466133,0.12021017444511056,0.19948003169940512,0.11328330017232656,0.013008368426640935,0.0396206282826955,0.09127771691041275,0.12920090766490724,0.16270583775222539,0.0739418271733654,0.08397802476809592
GEA-093-17-1A,7474.535737704918,0.6388244924628387,2.1464595987544324,0.2945841335676951,1.3899884931670239,1.154920944879317,1.632598240815057,0.330528129320009,0.21271164126847805,1.1509593192988399,0.07248606427458944,0.12764237696467537,0.18011169876951164,0.12139640375288027,0.48290343577991196,0.02412733605294936,0.04377533490463205
PDAC-064-45-1A,3794.149168646081,0.7460306931320936,0.07346571025240728,0.06288953057080741,0.17117245845573506,0.1638125486860041,0.11148504796051792,0.12413350010965611,0.18953371208555014,0.17469445970364186,0.022072116353603417,0.03668919580037062,0.09055053779928465,0.2107827032714726,0.2356374770582772,0.07724647775318676,0.08227599771105064
LUSC-092-20-1A,6613.429347826087,0.6598260169570371,1.538026735111407,0.24569692500210794,0.7590250139753236,0.9055535908465835,1.1956899536820023,0.2801056841210352,0.2200091034255782,1.6222846717480346,0.1259226881460861,0.06472918109351616,0.10022423140930554,0.1425271021689091,0.6257727052073966,0.04345898491076009,0.08793656471491611
PDAC-064-14-1A,3002.8062161034627,0.44733913028087446,0.08618276888870419,0.05260366886975871,0.13349856074449765,0.12456322984644387,0.08898982619811646,0.1206918060686207,0.17981163158567245,0.09181185719472015,0.01612593918032069,0.023861699372162898,0.06662357783421977,0.12633715896663317,0.2444733454060113,0.0563620670504623,0.08125345173748919
ccRCC-061-12-1A,2208.749754836409,0.3642513798850205,3.0608060893743487,0.371462696227579,2.0732467108113632,1.3077540731173043,1.727721494933771,0.12919921546574495,0.1880987241746732,2.134130487568404,0.11941253014599751,0.05887864007742878,0.15567435497247087,0.13309707866408582,0.33192725023604186,0.015161330680172102,0.02701769337149338
PDAC-064-20-1A,2513.737808878198,0.6714763541045042,0.042208890601393906,0.02988134693772964,0.07877331807729053,0.1280120921685142,0.04844631876454387,0.20610848809872256,0.15583605476932008,0.05762981577300171,0.02079281779705041,0.04661951499568175,0.09760941144401374,0.1190870364537963,0.23089192233661385,0.06597664711647766,0.08793334787342832
LUSC-092-14-1A,6078.701830348356,1.2070683105863442,1.7881537730934574,0.3202064871205225,0.8736175329436342,0.9815343336689113,1.6291636383116832,0.2376867630345495,0.18452712175373445,1.5291497779356267,0.07199999910268724,0.0811080461947582,0.11221831671463538,0.17030948580484995,0.5543599679954576,0.04546858216475738,0.050935092418138296
RMC-125-03-1A,4749.379322149949,1.333142550562942,1.7366270940956243,0.38245622828411796,1.0037412222245414,0.9555672855270506,2.4405513609147698,0.28741171838941326,0.1786076971582649,0.8680027464690803,0.037963745872226916,0.20414137437396307,0.14519197743042903,0.1657598520307059,0.5991525059323213,0.04423814263886459,0.06333661578323108
CRC-067-03-1A,1618.6267753201396,0.42257877649318515,0.5083891681197034,0.176488274244852,0.6167336737096989,0.4709899701960646,0.42794299517906725,0.22737027283937125,0.1289061858280037,0.46182941845893577,0.02973028977952843,0.060545456512577256,0.18330074648203146,0.1644924516300799,0.10028488243603836,0.19406876644177953,0.09252221100456832
PRAD-063-14-1A,3497.3154058808746,0.6687940449027417,3.3275720082564084,0.44537208168305603,2.461921820511242,1.3768238374363873,1.8631948090707695,0.16267640367777594,0.1824231509048321,1.8747066569156665,0.09077079064955396,0.07775695125447357,0.15363518991951436,0.1824764664498092,0.19258290367237563,0.025402169693899843,0.04622029029951424
ESCC-111-34-1A,7609.154729360306,0.7129790919479374,3.236977245548217,0.9566675886169411,1.8674931277748195,2.4558224063147254,3.112407666238198,0.29738613591957275,0.45262041106824036,2.324708456730532,0.1614008986035952,0.14712901561298394,0.2152736950205216,0.2925674074999913,0.47985689977137647,0.0376093840130858,0.1167252116188759
PDAC-027-11-1A,5031.56697700931,0.7182560775348621,3.0121352818872045,1.0271706569204024,2.2927567948399967,1.560168516021191,2.7361386989025402,0.17078899307852838,0.21108060560301956,1.7277631998934027,0.09983891546328937,0.06642544054579085,0.177838709002081,0.18762938417160852,0.11589496168273596,0.01013212353731767,0.038087472738826886
LUAD-096-62-1A,4794.715890320449,0.9244144490133748,2.672012530911838,0.5059847973122678,1.9016837457314102,1.336334564432946,1.6230428903988723,0.19738697009669248,0.16632600325118502,1.840892503020181,0.16999577376730046,0.10131813764747552,0.19206899569685829,0.1438280660761783,0.39707559845999413,0.03017932287302445,0.06113746641283044
ESCC-126-12-1A,5647.30149750416,0.9224463894141259,3.677086634945678,0.7311995346005592,1.6913096987296679,2.544340698867725,3.083390383286458,0.1753666294223884,0.2071974170884694,1.965531211759666,0.16086556044135156,0.11910561969879783,0.1873178250508676,0.28553007950193765,0.3141219380918938,0.040448144984172825,0.06773041131432969
WT-070-25-1A,4035.8534633658414,0.2605367884476937,0.7506536439016509,0.43491836533765826,0.9435253641574138,0.32526994505742135,0.37099501842982685,0.19097904975884217,0.1790194488916435,0.3428194403838401,0.038002247123717324,0.047720058083191526,0.11146688222212445,0.20809970750071236,0.3028243769126122,0.13300913144330948,0.09064793759897181
PRAD-072-02-1A,5679.29,0.7965854259878216,3.116667849694199,0.5622999592803607,2.528163831640759,1.4255842368497302,1.6450610727275616,0.20110793641381974,0.23784631239265444,1.6069212309896599,0.0695960946647955,0.0885296881701799,0.20215284888844254,0.14342616462117308,0.3797514762291776,0.01952120407466311,0.054061346572795356
GBM-019-23-1D,1723.0234950321449,0.7364865614252029,2.294253024939272,1.152672813460399,0.0,2.1305744062965526,1.9077467382921116,0.3665159326271848,0.1157576462702062,1.5383831213279673,0.10478706531028735,0.15146203672103345,0.13207559254859577,0.0856353774748784,0.15052995943918498,0.0472358571042983,0.03260883745076805
LUAD-096-33-1A,6531.633648200153,0.7447188723623457,3.3618780542925024,0.6418567556061519,2.6788643402835506,1.557412757390509,2.093442280403827,0.2123910762405897,0.23604262867873949,1.9780018604525744,0.10606632722094628,0.11212885230837454,0.18303667871195847,0.1948330004291311,0.5895853292227725,0.01574291635652848,0.038357250682624106
PDAC-091-12-1A,6225.9175550817345,0.7820042467837723,3.4896776886148877,0.9733745187112435,1.9354885231591292,2.351575983970814,2.85985412976547,0.24674240464358177,0.3100676033667561,1.9964868604737227,0.21459532737995024,0.1279804411602967,0.22577816596034406,0.22474696033447483,0.2531869754051365,0.035054055600328954,0.07717095561222254
ESCC-111-51-1A,6513.86851434096,0.8545651792122246,3.007218829400846,1.0208015240123975,1.5110934641588691,2.2623897590994537,3.2337859429030793,0.2750734204421558,0.3906831083134159,2.2099110751812163,0.20137116896983218,0.16098877041460463,0.2836397585796371,0.3239876783216018,0.4241167930540726,0.03167847402507059,0.11326893319896682
HNSCC-121-02-1A,8437.006475285993,0.9908429281170542,3.1101516925184765,1.318936873603609,1.6056454567735947,2.7160722347706154,3.490033594447818,0.3234635262317728,0.18628902477926737,2.1171449693779474,0.19564582924270682,0.16943854630833427,0.20829283907588472,0.2973590189582648,0.23863424324388757,0.03517825814035462,0.1014678887695091
PDAC-046-01-1A,5888.731586661781,0.7275464975414885,2.8456678702038447,0.4267062601503579,1.479262377996975,1.442100066493021,1.6031046731434127,0.4158939863782309,0.19602698998522478,1.3260212795951627,0.05756697036968488,0.0747242418881962,0.16169300034049838,0.12864373072755017,0.6176274114282819,0.051089019876106416,0.061363931643931266
LUAD-096-07-1A,9855.048618048619,0.290425643448639,3.133755288570105,1.3883567095725073,2.5638637371667676,1.858991243272863,3.110198231332795,0.33457987230025293,0.25101288373342634,1.832332499063307,0.13313420829525935,0.10995003308086136,0.20075164118442818,0.2363926865853134,0.4628092257680323,0.019556199904546375,0.05345652896702822
GBM-019-17-1D,2380.4327485380118,1.2507339589370339,1.5017246524343377,0.891742943817743,0.0,1.000681270847602,0.553107158612135,0.3697420290380737,0.140881310774376,1.4127269501448332,0.27642137701043457,0.11865023596780463,0.15185848496196805,0.12360087605405254,0.12884851542779233,0.0470118652818198,0.06386172340458392
LUAD-096-56-1A,5900.4706127553145,0.5250611182490483,2.9783971372490186,0.7726920527470695,2.2799544419309834,1.5574576094697938,2.3892359298495376,0.33196868947034947,0.19501516275756892,2.1066035019298215,0.11198072273556842,0.1359151547101942,0.21252903957506414,0.24145877793462464,0.641201744979436,0.030263101879486984,0.04896246828722542
LUAD-096-76-1A,4172.370002613013,0.4781341765630107,3.0847204339863703,0.44676983464335934,2.229666700858539,1.434639649727144,1.8894750600089072,0.335301542269305,0.2298453521153185,1.651592820441506,0.17975737129350858,0.11187381912075382,0.14226908243714728,0.13827322332494968,1.0597832544924088,0.041590886254421,0.0553298700518612
PRAD-072-16-1A,2313.4956803455725,0.35502458615483046,3.3380750615761805,0.5829661051853384,2.4723616096895813,1.4817805715675554,1.766645895092724,0.19064686416814572,0.18143849892802258,1.7871723792639527,0.08217106064803668,0.08249827140886466,0.14789402466960566,0.13898968162948044,0.27798172336631,0.013027281343712454,0.02238483239990823
ESCC-126-06-1A,6178.908672294705,0.8644970405320045,3.261497142440999,0.8910373977469498,1.361731784933298,2.502359792901107,3.4896446774080014,0.23915046222165876,0.22607400068486908,2.393671886907663,0.24278158919431278,0.17736303406320744,0.21884860739356218,0.34785059851434186,0.3214437126055482,0.024244914220053267,0.08030558542275015
PDAC-091-06-1A,5095.557422969187,0.7906447032051368,0.7394804902298437,0.2627847839264834,0.5231971756290884,0.970035260949736,0.9360030803517034,0.2767082578772196,0.32633898514715365,0.6430962935765212,0.04507591078304901,0.122109229288595,0.1620193516951704,0.2064917533823851,0.27630926207540063,0.06267033648332762,0.07041143999427121
GBM-011-01-1B,927701.2685950414,0.05613801036668052,1.6426423512582222,0.6079438831373809,0.0,2.0904572365249354,2.684439792760321,0.18721831350166865,0.09827464801895502,1.3338283555892327,0.029024738871421582,0.10159953987805134,0.10059478532898823,0.17071091952209824,0.6161732190409637,0.05364497918154861,0.05891076318192616
ccRCC-118-09-1A,3321.9289940828403,0.6430889463469128,2.846381452335484,0.4601558511510361,1.9776416276596402,1.2856011447201425,2.1971557929946486,0.15925395314573504,0.20351962957562483,2.176457429324608,0.07857847192967235,0.08852096140814417,0.18188841022885044,0.1666049755563088,0.5712236665430541,0.023059202158961345,0.02343774389460342
LUAD-096-27-1A,6796.707920792079,0.7570551131813806,2.925159331681691,0.620024367723803,2.2434553191989526,1.5497428008501215,1.9090373667677942,0.19960120461268668,0.17767497755610656,1.6932948354410449,0.1071020369894396,0.10151830865601426,0.15735834551907113,0.15197134117565514,0.38059651543444073,0.019984713065103108,0.033341441530042946
MPLC-068-06-1A,6701.239863981166,0.379143626130578,3.0050524567252075,0.49880095376092826,1.9144602163665714,1.5204018347806947,2.0627932878993347,0.4562397583963337,0.30855758895940344,1.6053003217080835,0.09871469093501005,0.11139663339054716,0.19041536987861069,0.16678752841738734,0.6545139818854324,0.03297070651377685,0.06054940247432945
HCC-059-01-1A,6057.435501807062,0.9389945812796072,2.0090935366825557,0.3141740822339663,1.0816720044903434,1.0540271267075851,1.5851721224038215,0.4100115855739817,0.22122515961821407,1.544689513275839,0.08015797484035807,0.13623533817224984,0.11668894307808166,0.17918185989626736,0.5562590026995995,0.03235188060973327,0.05114701309367747
PDAC-027-05-1A,3036.751901484969,1.1214197561186883,2.7470131092188783,0.5369582466226641,1.739798102714648,1.630020714413915,2.150849353235699,0.17707699383912442,0.16001861140286927,1.5542289837953411,0.08486562857555045,0.06937298083623152,0.1272413189285889,0.19629573596986505,0.1184483375120432,0.029753532107601344,0.05829808833105228
ESCC-111-20-1A,7575.123555310952,0.5378811318869564,3.4811284763597183,1.046927670972091,2.2195762227543,2.4049750003528683,2.9227278439075732,0.2591364081779485,0.31372817715372703,2.2320063065766433,0.18416219618949134,0.12921028269241458,0.2089506996329267,0.25633493311689837,0.4628423267210541,0.045912311925845266,0.10468035277733631
LUAD-096-85-1A,5730.002166511916,0.6736237784363154,3.1208536661099098,0.5342895551360838,2.3133362872415537,1.6634391824579742,2.1531776069848796,0.3074020696847672,0.2176383195198011,1.9072161908689547,0.1449957411360215,0.18179486001186193,0.17632654016022314,0.18000377939856652,0.8517596376575919,0.02684605687750728,0.04256671352020879
LUAD-096-42-1A,6368.2824156305505,0.9419039316348908,3.386915955775151,0.6981791372600932,2.4003309367792136,1.7754018180964284,2.2772890737881046,0.28187662240652106,0.1961353103695031,1.9314828841727298,0.12246150202134846,0.10229962282783768,0.16765203671860623,0.18084765516467632,0.5632172318710408,0.0223725158032926,0.05200557536453898
PDAC-044-01-1A,6295.951967173546,0.6099382305080691,2.889520161390482,0.3403976092290285,1.7666295446363198,1.353295754754644,1.3461272698656417,0.42592158217640785,0.20288542344598567,1.6093165599219272,0.054538115587362254,0.06942686803733536,0.15953457919983904,0.12362811019403039,0.7163569555147203,0.0498329847633063,0.06132908203695755
ESCC-111-14-1A,6547.816183816184,0.37866492399183344,3.1899836148221317,1.3541790759944368,1.8639322658137636,2.655245640252831,3.1622663364811556,0.19424450034614815,0.29214322076323285,1.948603359005177,0.20465493831590778,0.17513550078836645,0.2198080354667722,0.3126975062439162,0.27366248493837303,0.03290972903478452,0.0798975490076009
OV-030-04-1A,4703.811333794057,0.9728264378587586,3.6024837512681915,1.061985236839108,0.01901396810452937,1.5367681621065454,3.090017349149659,0.1988812675386928,0.14544880080079878,2.23103469871476,0.0915004005706786,0.0735212864859585,0.16554624724497619,0.17041272942445732,0.13070528141689958,0.013735356821472698,0.030292011311705974
HNSCC-121-16-1A,4336.77240398293,1.0451860435739762,3.983139901472598,0.8138003212717653,2.1771153495673965,2.370370927633913,2.498782447940184,0.14590965516179677,0.17462604289369604,2.1110551457254303,0.10500215164711695,0.0694200570237321,0.1316322336526648,0.18474662976909934,0.17619776610708499,0.03651141502053015,0.1118714305269058
ESCC-111-45-1A,6715.339172378776,1.009352995590051,3.1467221103793106,0.9621038266648161,1.6286311981392594,2.143151436690689,3.2338053733176637,0.3159491706833378,0.45368520857978495,2.4261685241822004,0.2427674021693388,0.15564618048147236,0.21824647529297522,0.3738376489907785,0.5028043565758608,0.04175293176171613,0.12780751900554674
ccRCC-061-06-1A,1711.8460612866998,0.3590287560060267,3.034782507876808,0.371624869408687,1.9938213662750597,1.0060673621901146,1.674894230971235,0.13411860480695662,0.18326652390414422,1.8447928150823723,0.06935884057812702,0.04639066603578645,0.10182071155201304,0.12786122707551406,0.2613526212169655,0.00997456161392285,0.02223391178450031
ccRCC-060-08-1A,1730.0083324373722,0.4467515505844732,2.044457903895357,0.27129321075435264,1.022919887903083,1.2492224652282902,1.2411684316739593,0.22974090079651027,0.14397401354796524,0.895124179991729,0.03513511176610649,0.1135234771256426,0.0938106716424512,0.24533487129824075,0.36702180732723516,0.02528805465886511,0.02800537391829917
LSCC-034-02-1G,15004.095473564093,2.7904002189998893,0.9412477165955068,0.2051779695393121,0.05582342857920156,1.7953101148723127,2.136588679284975,0.17053813043634797,0.0808089968009366,1.3146186066051277,0.03281441968628164,0.06624776349864629,0.05296262905380142,0.0820139055460488,0.39280284829504264,0.023105840759356833,0.0220196031363711
PDAC-064-51-1A,3663.746952501051,0.45867244075663516,0.6112676016748937,0.1388262409094907,0.4856679622985703,0.3794522888936924,0.6298854011595371,0.07089186343701066,0.20437414034787788,0.34145511943285534,0.02105662301430807,0.028429571305418934,0.09338927111337289,0.16185967031411175,0.1902084046638591,0.06777587353416667,0.05089549490170507
GEA-093-03-1A,11102.894917190177,0.9602085370220408,2.296019771863094,0.24948591483478416,1.2901523035108953,1.1271835885389827,1.6166707737332557,0.4109886027023438,0.40653240364394955,1.685187941134545,0.10309354288710905,0.08937470777955467,0.13659372478622284,0.23403348050423908,0.8131579529776066,0.038332420118641096,0.07645725654309259
HCC-090-09-1H,4251.989477040816,0.6144223995965037,3.2848936686420607,0.4312282425473929,0.0,1.8466435056710209,2.0859760420608944,0.19926321508355066,0.16063169185936538,1.688508943713242,0.0899555424601333,0.08752911483829767,0.34066851337679704,0.14965615541336813,0.08669938366432617,0.02000140311493323,0.034642826386134994
iCCA-066-04-1A,6658.116965517242,0.7904798236906276,3.3868319447060564,1.0066172814505894,1.780879584834681,2.231549414625255,2.7063992890130857,0.18514373147874771,0.2768151756362577,2.2068701288728056,0.23843760411311615,0.1248304021433374,0.2533920948464335,0.2224663828556254,0.3629446331468968,0.03528410632225007,0.10316161800470447
STAD-014-01-1A,9762.985003408316,0.8233036327059111,3.274151193404308,0.9610457721183874,2.9181011120956235,1.7859525024732763,3.045389269055009,0.3064071140161909,0.4266993036408215,1.769943598372638,0.10703411108316709,0.16073594095422636,0.20841778840366468,0.3109565572456681,0.16124402182712122,0.02761219520640554,0.028066695915418844
GBC-066-02-1A,5813.883656509695,0.9447486216726205,3.7443146646354344,0.9918407992973111,1.9645367015586712,2.372147391592264,2.852755960669937,0.20396906272993828,0.32235287797918816,2.4121840646933004,0.14451620404990487,0.16071747051892393,0.18325582498072698,0.351445665276489,0.294535027520461,0.036829852574716083,0.15653936655279085
PDAC-064-34-1A,1905.3437278525869,0.9113685898604745,0.3085000192968279,0.13919576057488028,0.3454296389169568,0.33314504287464436,0.4085552235969615,0.1210753164854294,0.24597823552789227,0.32685405232761944,0.04488392896243016,0.03025824887131281,0.10116513922871584,0.1483657401526126,0.14695619923240372,0.04137278831226776,0.0535743608641204
BRCA-107-08-1A,10156.204526578073,0.6342455739245922,2.490819463786891,1.0621052746127273,1.977437245270629,1.2160219965801389,3.0821114393165683,0.4238122274786155,0.43941442223681837,1.6917276743708995,0.08689819221373692,0.14962955496237598,0.26648984740222514,0.2915093208758093,0.4261376768193153,0.02366686369733128,0.04615084230108679
PDAC-064-65-1A,2249.5083056478406,1.3837705463861787,0.03551522025226268,0.029310533157384515,0.0819326970616454,0.08464573374289447,0.048357435762198024,0.20018651996724002,0.15767214983421526,0.0607113253667377,0.013136535709181623,0.030914454732346643,0.12207018355925084,0.1268090045940386,0.10140132400996271,0.06971930570972694,0.08412397798980772
MCC-001-01-1A,3666.9269673178746,0.4839923308383668,3.4520375218710706,2.266997467393475,2.6799108696661986,2.985941619543658,3.4863715040211445,0.8442194287214008,0.38504168449278037,1.7676272032202287,0.09456107770196016,0.09159345987579069,0.1849091895618306,0.18169661218329455,0.2639971400591094,0.032399217295288676,0.0836072882312267
RB-098-05-1A,6302.436175710594,0.5145182201839327,2.7891653236720786,2.6185725720828827,2.246867275344039,1.9750502260105445,2.953677095944451,0.22301892958496486,0.28899362364499254,0.9719737483425259,0.10754790840302474,0.06943440947073193,0.18201701942089502,0.22300609245768657,0.27436378763483754,0.040926949253982776,0.056102437254726883
PDAC-064-24-1A,3388.224166947156,0.6971531369176276,0.20746965161873346,0.10595636121341925,0.18652280734397192,0.1986813912454028,0.1608144492391207,0.16538247829600375,0.17347820797649627,0.1384535863836814,0.014398017787909466,0.02147304835581574,0.07298990647440412,0.16048390399989595,0.27127015779582075,0.09091690554392419,0.08632882999350205
PRAD-053-09-1A,8161.875268817204,0.5280098094517476,2.819250738011552,0.6370509526405059,1.799262228296693,1.5047639064456557,2.308502451168494,0.29871391392747004,0.22443727761410065,1.681637705393421,0.08872096110304574,0.1193128731632008,0.20311761662915453,0.29314813899233494,0.33739945165294516,0.027310204490631994,0.039522391321201285
LUSC-092-10-1A,7701.1203519727505,0.8157314836331897,1.8209650889213038,0.30461613642777924,0.9629774146182765,0.9573956628681692,1.4606843715555764,0.3413805455431234,0.239815150078977,1.393328652347052,0.07712334546358361,0.06657576684303133,0.11554778333575993,0.16141483885684604,0.6167063745263185,0.0509813374854487,0.08274978834862795
AM-036-04-1A,9099.176892950392,0.33093109697914347,3.754365376474834,0.7738672042456209,1.860513706922548,2.3475309775228315,3.1406759150925527,0.29962666991807957,0.24033636638433767,1.4908339909060584,0.1086724310341565,0.08266036298862868,0.3204312124837585,0.1956775877429923,1.033376028685883,0.06691303309755539,0.052449423528813696
CRC-067-07-1A,1416.4072327044025,0.8967558324669344,0.027759191257901092,0.05513117380503041,0.12351983043508266,0.09447429205510727,0.17386769804193825,0.17456036197947142,0.25853337849912716,0.06993850165622975,0.011032476747476365,0.043639003592766026,0.10514228112692482,0.04459674918397329,0.10728377425633465,0.07110717670556788,0.05325150947021585
ccRCC-061-22-1A,2009.3391089108911,0.7491960297320465,2.4560989701961655,0.3585472538960316,1.8760424105034055,1.3420390840837677,1.4760199706149726,0.1434214715791783,0.2245913032138877,1.5051539524160618,0.0777057165153445,0.06035626446968622,0.13304125633337122,0.16629534778668995,0.2870583410739131,0.02290800647446679,0.03224097639979471
LUSC-092-24-1A,7964.498192771084,0.8460211307669754,1.8371155895365612,0.2957913240363837,0.9617843750483643,0.9253400039701287,1.4472432907604726,0.3698047031194372,0.2482482783442971,1.3835498814049751,0.06998578993040712,0.08199204554339716,0.1206721715259108,0.15387951711835607,0.6156922721060791,0.04983105820570701,0.07997386564167207
PDAC-064-10-1A,3781.897969415894,0.4713819512843318,0.13318391711912347,0.0740599274978441,0.15859647516025363,0.15694444195741858,0.15300217521997347,0.1372571128578802,0.20696524445447248,0.12753610875119736,0.01629738421967897,0.02930899057011077,0.08631441020271051,0.15814545866525867,0.23806944889897338,0.06044065033057321,0.08245163516857833
SCCIS-099-01-1A,7324.510219891544,0.5185467091281086,3.2051831514140448,0.7653604568543364,1.8664075509971905,1.9395590122713562,2.2257150339298084,0.3771239275078225,0.2072219072441147,1.3740745270307628,0.06655678017901602,0.0885427794857084,0.131959618724918,0.14873514243796454,0.3295805943663757,0.049373737224003594,0.04674213718020391
pRCC-061-01-1A,2554.389205497821,0.4525681348017123,2.8369500963800576,0.5178418973412949,1.8468864617868854,1.599394241736605,2.19743244901293,0.22071809195092826,0.21566208166083406,1.6626030155533682,0.06319528549406539,0.08130813507449297,0.12905654343234185,0.08449834492706369,0.2225029865015452,0.014192043493638251,0.04379239714850629
PDAC-064-41-1A,3464.7539173257724,0.39390045879991653,0.10465265394890398,0.09756786716982879,0.1493434735869419,0.15656341957827047,0.2141698221375276,0.2575178607357798,0.1816046210588834,0.1892077384475101,0.02361523558508666,0.05515160803432905,0.1518376990210682,0.1803195223790816,0.30571114911924036,0.05806735932037168,0.07458440379414537
GEA-093-13-1A,4512.793122420908,1.068584980795353,2.4217614706252455,0.40607225588815943,1.409585891201139,1.384383661288585,1.7779826149556701,0.23911264074187705,0.1719286450835686,1.2180016540802712,0.06264331669119919,0.10348423393127261,0.17183668792291482,0.1393463214008994,0.3575444468120684,0.03419704534759719,0.043278365569149685
ccRCC-061-16-1A,2698.1550308008214,0.8583602417150542,2.8392306554573965,0.3817829296871366,2.0579726919144736,1.3646873816955625,1.6882803065307246,0.1500997701250997,0.19586872828748814,1.639724689233133,0.058563792099774845,0.07427770142734753,0.11786140208585587,0.16665419201055595,0.2847523206857779,0.006044252246661699,0.034442211130500416
PDAC-046-05-1A,7986.890228426396,0.6807708929194649,2.1751591881418815,0.5864611841787692,1.4193081455334824,1.1946393360989827,1.488308609322,0.5049141943043088,0.2044606477330813,1.4371782389064967,0.07384551908425972,0.0892218961949803,0.18670164816823395,0.12290653176569707,0.5987213058320986,0.06036774565703529,0.051713572996150856
ESCC-111-55-1A,5194.448986975398,0.9322890658225668,2.4951815122062064,0.7660754136902306,1.2802044264385162,1.675973126786299,2.7372503837782616,0.24087551250782355,0.30577350209876153,1.9261712864478615,0.11764235455784443,0.14210650058408414,0.15552499244203502,0.24209050938830917,0.46830034413543276,0.04406899052030904,0.10531423034651201
HNSCC-121-06-1A,6664.281989708405,0.7994237160520328,3.571964972772577,0.7309983172559471,1.8636778637775775,2.54115144299236,3.4143516222454613,0.37098810646754155,0.23684672154913408,2.1336907604521564,0.16162007304726742,0.0795593961738481,0.22974846922839798,0.21278889885655317,0.36843726677930383,0.06438095732822663,0.11540068268090373
UCEC-024-03-1A,14680.621983914209,0.3207975484225373,3.3951566099113597,1.5233169525550714,0.12163788841736257,2.5923645635148316,4.028592294864346,0.19441319505035168,0.38742138770387974,1.8475239374018386,0.1797037188029146,0.22035269584069225,0.1114990891766682,0.42998761424339604,0.13764758153245693,0.03296226737935113,0.05433207492716484
ESCC-111-04-1A,6574.7103439893035,0.5294188347482972,3.0810688863693407,1.0637797298418983,1.5359123604410296,2.4618203171236255,3.223680878575988,0.2651235814014169,0.3024275296259447,2.2957926683926377,0.24771898531460468,0.13981088496833538,0.20050782361337882,0.3155962731582528,0.4201825571243621,0.032861956894736304,0.09927624218911564
PDAC-027-21-1A,5768.700116686115,0.904824033524679,2.896160285280385,0.7562810850940447,2.018011335195322,1.8470258138688138,2.694858913621428,0.23252472380294925,0.20840298354341916,2.1198434127210333,0.10310230535499891,0.1074032471133796,0.16635636389703626,0.16607413585476827,0.1226915250086406,0.024563216884605648,0.047713363871156995
GBM-019-13-1D,2830.0019257221456,0.9876030426515241,1.8938283307887305,0.9595754639272324,0.0,1.4984514630467525,0.6697115688997581,0.5205989740045843,0.1383073247722039,1.5650161450291327,0.212425806674208,0.11238081539371367,0.25939259387368463,0.0965483608094923,0.24302460386549252,0.04985172107072432,0.05103997277367326
LUAD-096-52-1A,5741.510522496372,0.8025789212445983,3.279649317451651,0.5365171252162786,2.5385466061063977,1.4617281431928837,2.1825075758574695,0.20871043883602525,0.17211852675066563,1.9670075583957005,0.10995979506833027,0.07542742452743607,0.1987867751952449,0.16277842601892345,0.42373238199712154,0.022734569550163022,0.06053006985744502
GBM-010-03-1A,7556.221328489881,0.30657627494825956,3.2311133997624593,1.4975260658640948,2.4813620540752725,2.0842686998571933,4.218508420460998,0.2823971642239776,0.3336598973867898,2.2482796868026123,0.13348095755029427,0.1423891442435713,0.372962235326611,0.16474571007320093,0.17172791501445223,0.03097080212458394,0.06866137217972668
ESCC-111-30-1A,5252.768503937008,0.7327538969632481,2.8302595596460223,1.1227096887371677,1.5186283167921817,2.293956442603264,3.191413646144689,0.2079271893576231,0.25526849772123067,1.940015743688753,0.17008712131619966,0.1686306903097931,0.17840305000982143,0.2883009192516459,0.3588034752580508,0.026983621118796708,0.08727108145284904
PDAC-027-15-1A,5586.165961049957,0.6774863023195353,3.167871868347878,0.8639792117202929,2.316745688499039,1.8456707580158236,2.2693846665872224,0.1842863055924297,0.20809562167297838,1.6054911701752381,0.10026590969405781,0.050456957049095065,0.1470432241127224,0.16383920867843607,0.16376369899144702,0.02556632453231927,0.06073774832710197
PTC-069-03-1A,7878.493818438714,0.37830975346596774,2.886976694626542,0.4852664325118158,1.4405987089020769,1.350091600179776,1.993545503177533,0.4149924189433963,0.3189265044653134,1.6161916696259808,0.1332744759422261,0.09412843827798845,0.19126638763126183,0.19140961162485096,0.7849673307379933,0.06384062798169962,0.08274391559198936
BCC-109-08-1A,11126.162057629086,0.40603308143484496,2.650118129637522,0.6708055984211271,1.4371868146089508,1.4614341102972657,1.9199530305369865,0.42125789653599305,0.4128828655256207,1.6846924820139015,0.07863116878047854,0.18991145254798886,0.10997476991663344,0.25419121766991903,0.47462604483992255,0.03433212782531031,0.06965252130669557
PDAC-091-16-1A,5881.501657458563,0.692921463087775,3.5172917898863827,1.147554699252879,2.019026884596356,2.3525568509681922,3.6346491862983306,0.15809694876709107,0.12430246129920702,2.1928030490075767,0.20067194587378465,0.10952496858492992,0.10150506485190564,0.24142473686966556,0.2710891554302546,0.04065040304961565,0.08631259716481975
PRAD-072-06-1A,3534.563902885937,0.2455728582257188,3.861781517944847,0.560657212870641,3.1404653932565316,1.5418873747491855,1.987708126189991,0.14328480803856594,0.19911606650740288,2.0546885693495343,0.07271061660770448,0.1274540447992128,0.1260288650342755,0.1415344387632005,0.21703527209819018,0.011036338948401642,0.020879817034689562
GBM-019-27-1D,1903.7513867876953,1.0070912782616217,1.7338954529186608,0.7695020060875613,0.0,1.8681126084032396,2.331867579523269,0.3416532721355023,0.12504440408010495,1.1044998316427892,0.1293523149520494,0.16843854977035547,0.10775983617721824,0.11021608888286323,0.10573891478214487,0.04135425454427929,0.05082789525726844
PRAD-072-17-1A,3673.740438001234,0.4840603910824698,3.2043831859243093,0.5153533661557476,2.3763057213223995,1.2214776264850833,1.7922982881333878,0.18242862909263047,0.2689734954018231,1.5181094714224217,0.06344154429128436,0.08147653004541916,0.14601400223710095,0.15376201260998906,0.4427816113347615,0.02736170406646723,0.04023450034870919
ESCC-126-07-1A,6693.272323082623,0.848326034731064,3.274847736806302,0.8945206581283168,1.395609449424451,2.4504087330152733,3.4643578702545796,0.25443087624579025,0.25362063931025913,2.4258968850007143,0.24586684288910146,0.17697557447401172,0.22520896054509235,0.36225232056645873,0.3215400018443356,0.02497145604046862,0.08685914622416725
LUAD-096-77-1A,3817.9519397799654,0.6314926144470637,2.978360346316569,0.4002401852570574,2.113138158257387,1.3245442461537524,1.796770470588752,0.31960890186944246,0.21972090892840024,1.5944416376614865,0.15484046942175594,0.09790106543286374,0.12715006064011605,0.10825787479489568,1.0132775272208554,0.03762375645233411,0.05166900960844747
HSCC-130-01-1H,6058.119652315632,0.40139643061614794,2.1335936504799164,0.9419088949329831,0.0,1.6520365868126936,2.9537279257077405,0.2843445427749071,0.2473925824857129,1.6676275848186486,0.330456304741755,0.1829972218417584,0.2216439429152727,0.2236026475773824,0.14835922185205053,0.03992155059650867,0.04190978899238974
BRCA-128-05-1A,2644.6232408131355,1.1189574004651393,2.3996476551015338,0.25280230717984853,1.0198419909210328,1.0977602704546408,1.245860902182301,0.3828215827467407,0.1344719792901776,1.0671990812086423,0.040515953275740174,0.09327118631186138,0.10027486018779264,0.08284203564187563,0.7943314436162363,0.04095822086243766,0.043333073985967245
PDAC-091-07-1A,4682.034957627118,0.4622006845455803,3.450521217296705,0.6710887454930909,1.7370128409800805,1.9471397001882675,2.4351794487565273,0.26022994227921875,0.2621840836857186,1.9724711484136446,0.19045669078945796,0.09183430502855082,0.18864255470157176,0.17880553200611257,0.26710219076099206,0.042066424652251466,0.08256831038336604
LUAD-096-26-1A,6539.021774856204,0.7587340724284133,2.9172411696587766,0.5737124929764732,2.2186626603317987,1.4732748978318,1.8594597800010417,0.19241864632379382,0.18572413461698875,1.681437264571044,0.10675859399091296,0.10309157104440546,0.1814497897613914,0.1464913219526029,0.3571143703404824,0.023111409357373977,0.03019949450350215
LUAD-004-01-1A,2537.119027181688,1.5158029737003829,3.3917498126434675,0.7869353443056765,2.3539229491986293,1.5612542088784438,2.8961995035959665,0.1011234305348764,0.1605163120890784,2.0735870403007746,0.12900952537068397,0.06171772007578251,0.1792853133155838,0.17742537603527603,0.08303946304301915,0.012978031352654252,0.02650286972206915
MPLC-068-07-1A,5631.968224299066,0.7826485883440283,2.671812862266079,0.44606885736259494,1.323933023337148,1.4946676755856467,1.7032417292177373,0.23754126108251328,0.15681286417022655,1.6615944143974908,0.1434725402047032,0.19846874147974197,0.16084981216584038,0.17199844959382246,0.28713995152987704,0.05585603404594042,0.06729833998804534
PDAC-027-04-1A,4504.404715127702,0.7897431986894206,3.0397601024178527,0.7978390204493123,2.2228372901094837,1.7878847059765821,2.607834737676457,0.1898057119414958,0.2926798424132802,1.615404700588546,0.11961432934742912,0.08481290916073936,0.18110929496277067,0.22604048462765658,0.10082202375111213,0.01994303474177732,0.040586159734166884
ESCC-111-21-1A,6388.83108021115,1.0598059098913233,3.2978757273408363,1.107129421086278,1.8043884965080157,2.4142729478308396,3.1007589331237386,0.21921331367403935,0.32594374922190034,2.1805481514111245,0.1850271013637182,0.13132944799067856,0.17613172775114228,0.26237421546379275,0.3153895971537428,0.027015599746225007,0.10384801209718322
LUAD-096-84-1A,5509.092369477911,0.6297425862741022,3.0815054869262575,0.49967276588327036,2.2852101801984475,1.6285949788340925,2.1398737798268823,0.30242415483380203,0.2384351552140854,1.8725518195138497,0.1527440423951946,0.18547837896010483,0.15729444442707358,0.19070654672278578,0.8046880266214108,0.025814254523705105,0.040009781856166854
PRAD-063-01-1A,5252.44083414161,0.5500548627154187,2.953504566701696,0.6754115343170684,2.1996922731990214,1.1235438911318971,1.9754348204747454,0.23435065687371473,0.26098801164017216,1.703137336527418,0.09860534658877394,0.09970215619485531,0.2377701700479516,0.1945035300394707,0.5773859611788235,0.029061038190163976,0.05091015190231707
LUAD-096-12-1A,6157.061185468451,0.8427560208119669,2.9074936170020416,0.6492787258869513,2.1710729713491053,1.4914516623229443,1.8924340025792563,0.19498327210516356,0.17674608129203656,1.6372681981633266,0.0962321354901031,0.10752093819947907,0.14207082076706234,0.15231900241850094,0.38959240146718654,0.021255098157690815,0.037155693247991256
LUAD-096-43-1A,4556.00758396533,0.8555944508012476,2.9600625590006837,0.5444142761601226,2.253310621446474,1.3797247200404859,1.98546930565796,0.1967906369879955,0.17589173825633256,1.8960598009257381,0.10154534108144017,0.076412409201994,0.17164919413106358,0.12872465671514324,0.37880535403862026,0.016703922678161804,0.040151923586009525
GBM-019-02-1D,2787.984188911704,0.884689034255235,2.246537879051429,1.3967109871154382,0.0,2.1115054926370878,0.6863020219705032,0.38381119686445386,0.15794457591449956,1.714366193165367,0.16375318165475788,0.12263686887882932,0.3066275053440975,0.09556333482428721,0.26461557367295246,0.06454997416474353,0.05179361016734833
ESCC-111-15-1A,9062.551590713672,0.7633562862808392,3.2165959709997094,1.0860038983810971,1.762656080453665,2.4236125562660944,3.0794658587615635,0.2328498365678694,0.3671725764019131,2.044101184993258,0.24224890082290376,0.14943745907014847,0.22421847712456439,0.35202883778088156,0.37022974366925243,0.036478818555593075,0.10081155519343826
OV-030-05-1A,4032.6453953953956,1.2747523278543424,3.20808739224895,0.997595174795602,0.09280015192411557,1.9247559173055613,2.867907492357069,0.15334832863557024,0.13222317688575413,1.7766674663610036,0.08960979134553318,0.06782473358176107,0.1075213451018819,0.13730599285728978,0.11802950812382743,0.01865607210491236,0.028507629959035132
HNSCC-121-17-1A,4734.38393151136,1.0277450354139244,3.941664628273379,0.5520081812143401,2.3285124612964507,1.9597502103377131,2.1138819133686653,0.20742880264142513,0.19619702521784604,1.9284213018078036,0.09386681382099771,0.06362623829742907,0.12329967790146946,0.20330691904258627,0.23378710424105387,0.042417028422471706,0.09279819442288689
ESCC-111-44-1A,8403.271810609382,0.7092442590178856,3.3739392984794088,1.4238089254348265,2.1235860234305783,2.5027825167515,3.4220581149551568,0.26364079361070675,0.40584757957289064,2.139916378221368,0.21519243590430065,0.13012075186340763,0.2187035583742591,0.3865146460391543,0.32310718112359377,0.02762471444257476,0.11737289405076926
ccRCC-061-07-1A,1686.4141829393627,0.40531434285855183,3.1113567464550194,0.411460302277748,2.106718003878526,0.986123083309692,1.682153482372097,0.12702699022493538,0.17975725631474343,1.8105755810043112,0.06106311520695602,0.046613929073399396,0.11496985152290622,0.1172142635168519,0.19328760322356134,0.012625573170005571,0.026258776664204182
GEA-093-02-1A,6136.832559339526,0.6019663311846435,2.2993874506622665,0.3875108288559112,1.241817527074377,1.2485767157665233,1.841592939988132,0.4322401004896486,0.2939823312381034,1.2354030761469885,0.07206891063986318,0.08914655870612768,0.12285880964780134,0.19617259676863413,0.6132642367251284,0.05833236160672771,0.0750483979444453
PDAC-064-50-1A,3665.2271825396824,0.7360612588970262,0.278229089929568,0.08954902761911701,0.30095226796821134,0.34822580675992876,0.324706344716173,0.09077122917074842,0.16991118079194625,0.2161255337366529,0.018630720672772213,0.037803812900627336,0.10159229540860182,0.16088199519734225,0.19927823239427356,0.08181857154206412,0.07417633617859547
ccRCC-060-09-1A,3467.44048807543,0.4384500707737518,2.1502555692718066,0.29052513203215125,1.0713270805441255,1.2395957726370486,1.0249136877240157,0.2677536204423501,0.19591170669492433,1.1802364299524097,0.06698349132052772,0.12888056839627288,0.12912345349500676,0.12104617373453976,0.8050259594512167,0.04229462616585123,0.042814690736910105
PDAC-064-01-1A,3947.4634608102992,0.5144879121811963,0.08891317693924537,0.08631431492543874,0.1664763483609171,0.15125378989804747,0.27369864421580825,0.15488871280168973,0.19651706549114445,0.19978180030187057,0.02194003446258123,0.03056041384692043,0.07556422692675738,0.18610378078651296,0.25122720202868437,0.05982899065541937,0.07004338589017087
PDAC-132-02-1A,1630.2005135648096,0.5698058319539249,2.5023328168447745,0.45167147714454964,1.7481771496367209,0.6599586079820702,2.1251857173440705,0.12171912726966748,0.06047565693935253,1.430577836098834,0.04461660426853921,0.07133846601132562,0.06820860536598325,0.0655900081811069,0.19803964659676426,0.006949595356951262,0.022334323632821958
LUSC-092-01-1A,7136.491590214067,2.146905021977323,1.2688438582272061,0.20538902526776753,0.6691188823470656,0.7900536932045483,1.3850900111589277,0.23182425781011848,0.12123977451522719,1.4101841852299213,0.10301958131912986,0.06283186496811169,0.10593186091320088,0.07384120161250331,0.4983548549587496,0.026735555321323465,0.046309940064858536
PDAC-064-35-1A,2562.892784107508,0.46649325737761993,0.049406980757797765,0.058392398148550885,0.1405018294955889,0.16829786409044092,0.11489168309853355,0.15038700781100894,0.1464091720522112,0.1636665080450136,0.03626284737932093,0.020031878519356502,0.1497772030975419,0.093776242759496,0.21044908305817964,0.06892756364339366,0.07294480099796546
GBC-066-03-1A,5611.513206162876,1.4964910047863713,3.543495801610092,0.9692495201124686,1.5068931124980114,2.073455855407918,2.9348940574332043,0.16710179073941958,0.3636613438362671,2.3338954709145168,0.16203700203936539,0.22651442161607496,0.20131765838831536,0.29009844516870054,0.2724235419399119,0.03017284632807868,0.1280381879934585
BRCA-107-09-1A,5059.958209636903,0.6816498884677316,2.6068814070352517,0.6934487491062413,1.6582966890202746,1.2072025741806927,2.4269504284918217,0.2870375176784219,0.21830792207179314,1.509246928555159,0.10777081241149153,0.1203675083459187,0.1517951505282079,0.21201280227761418,0.49230506417180575,0.028333258505473802,0.04553355085253845
PDAC-064-64-1A,383.2845748923273,0.8156151320810139,0.07432572219284432,0.12990846369050255,0.16916494348988878,0.15602178520823934,0.35171586315529046,0.1209019926339974,0.06642240725995469,0.1703410805226881,0.05270861827699698,0.006448107987561603,0.09631416049326773,0.027877057765560816,0.12863878904240628,0.01831924876694165,0.01668183834547395
HNSCC-127-02-1A,7180.822248803828,0.49742734236936664,2.5576607254973713,0.43984673938235425,1.3459452827030909,1.5128923040510505,1.7799854374158492,0.46835843559903445,0.36306416443716694,1.73410562856461,0.08821479188451188,0.12858786117675708,0.15120274613010087,0.19082888626225436,0.8418719900608295,0.07532453202180928,0.07463805819391295
CRC-119-02-1A,2328.4434523809523,0.9983270458425576,4.177929193917189,0.5233472255968302,2.101341167970012,1.966540889301797,2.1400304898594986,0.051579330931222515,0.19427026177583656,1.966709928301259,0.06589352690587748,0.06314414346146044,0.1428017761134331,0.12290104204230334,0.22597442358459216,0.030008859157627178,0.06422762193322208
PRAD-053-08-1A,10475.895042194094,1.3024854534077377,2.4622104207625983,0.360779829710374,1.4347257770971484,1.052674738980329,1.8220835433538753,0.33295564065281824,0.25026281398687045,1.4519979726347765,0.046980951048097276,0.062459991472427895,0.20665075168681096,0.14208167597563287,0.355176826546099,0.03276947849944014,0.03471874400154653
PDAC-064-25-1A,2796.6260691070815,0.8034449910767495,0.18077732206500416,0.08595774945355182,0.144988522198853,0.1766463734483576,0.1284158142618622,0.1462545013093717,0.1432048296343946,0.12942091194490438,0.013025165046246321,0.022017359541510587,0.07474289038851169,0.15860059084846473,0.25126755635940423,0.08009299766804441,0.08466463358377033
LUSC-092-11-1A,2761.949793266391,1.7046867721567944,1.0234909909196148,0.20288473930031165,0.49176438451363413,0.4935625007889211,1.2037777162077614,0.14321578340597202,0.07170436693961757,1.300976612618985,0.07156866741499086,0.10435579632932929,0.05857529218510367,0.07179405019434006,0.4341340566203611,0.017761445540371346,0.02303571421495644
AM-036-05-1A,11554.24813205908,0.2855455969229476,3.345912895204221,0.7245911245201649,1.9836150482149042,2.000996176648454,2.866896712811714,0.3595362211206968,0.28000468399639805,1.6598102861828348,0.10734177139077679,0.08425712821980022,0.3081835722404898,0.20487000380607417,1.0040286226270734,0.06272018481292352,0.062448996981620035
ccRCC-061-23-1A,1502.7355523043161,0.504590465417649,3.06363302164189,0.17545646494687692,2.162637301075114,0.812316272126519,1.0030393717991553,0.17588693886792106,0.11588185883804292,1.6331143444423173,0.04912027495770337,0.03542552652515099,0.07051866403946476,0.10393373843597405,0.2544906857084518,0.012516682835675943,0.027770861698155427
LUSC-092-25-1A,7382.377489724945,2.149089554236155,1.4024317246254712,0.20441358901135584,0.7489987042615658,0.8574199891598369,1.436902343130943,0.22970757885409884,0.13059505762859747,1.4461684470655816,0.1052104077380661,0.0628803472489083,0.11166061121094661,0.08584638967878179,0.48138254415321097,0.028457664422268283,0.04641534059375592
ANs-083-09-1A,3178.7215586307357,1.2834459704808376,2.51926337792575,0.3753985504015138,1.2655032692637587,1.0238887923158564,1.5511531170162716,0.23270985344451875,0.12537562268809574,1.1589369798179683,0.05917607375751915,0.06483898619885034,0.10324009426554873,0.1084484792570025,0.3156668590256504,0.035678828031693095,0.03510580168699487
GEA-093-12-1A,6984.86930545183,0.7868642169923526,2.6712178882867113,0.5359978084017606,1.8214977998467943,1.7571374494943488,2.4210574048044684,0.2780892656900871,0.23035987933569366,1.2931212461703376,0.08405177295128641,0.13967525473849537,0.24151089368798145,0.17068953201660864,0.3957772681733311,0.051274952568912034,0.05665888732266032
PDAC-064-40-1A,931.8502604166666,0.8196650305858956,0.5119339496622102,0.45731490076142695,0.6190245081615823,0.49513828792067427,1.3385545916537573,0.16108408754032544,0.20474440490889156,0.4818394802787472,0.08929043577579736,0.030044428535511526,0.0702309602770796,0.08929669454148931,0.21510252014390244,0.05102850028885093,0.01850720660179632
ccRCC-061-17-1A,3280.7704918032787,0.4614746951396837,2.9657487985709934,0.33974927310790753,2.2517105086980798,1.266336549247735,1.5405713261185197,0.18708394491555422,0.2032664296574236,1.7456798745929147,0.09522203251072066,0.06772844993370765,0.15469040180492505,0.13705664756429647,0.4796583926185089,0.015404784257253903,0.03004166642160739
ESCC-111-54-1A,5924.051362683438,0.825471272441523,3.307392680389824,1.047338663019099,1.8294980753744992,2.4796953295055926,3.3171070351729135,0.2603513557335345,0.36332795740557744,2.364641224797126,0.26666008374026035,0.13328931583380477,0.19842246241605407,0.3333380366867638,0.5094468301296797,0.05235897356750326,0.11327183792348114
HNSCC-121-07-1A,8373.10992487149,0.5386332178922264,3.3128884714802345,0.9848811029467893,1.8305326534085715,2.6568306396189656,3.373270777090174,0.32343156256372685,0.3038040828101515,2.1581130244869073,0.21918833904165627,0.14291380083581776,0.2025461681716155,0.30385032875267565,0.46260333707129675,0.06028333901365337,0.10236660292092935
PDAC-046-04-1A,6045.412624584717,0.7774111886018921,2.936891973813176,0.3101343463434947,1.6676031808467893,1.5771527386685644,1.705943219423798,0.44717965355327144,0.2239397680206781,1.7469475715145746,0.07284130424136244,0.07900028262558845,0.13562510212146547,0.18247701983279305,0.6659402830201008,0.04269541429241557,0.06661158430435579
ESCC-111-05-1A,7925.24004012611,0.7023848444970794,3.0600380346269804,1.2009246650099217,1.7239529085093186,2.507991446580344,3.207429987140716,0.22835006056494928,0.2743895344707593,2.1442278111301727,0.12644533333821387,0.13329658994901286,0.20094236947422792,0.2881357172075398,0.33075588786965404,0.028952870297464805,0.07901442970499337
GBM-019-12-1D,557.7642539285217,1.458630204118222,1.1564939670436953,0.2989810957315673,0.0,0.7062892977501586,0.5327527764247033,0.107903362219991,0.03379833695043412,1.0931786046424719,0.037788409894510044,0.043038326092449494,0.13675653523601594,0.045809302460547444,0.0840447833363941,0.015364785267430438,0.016007871692924114
WT-070-14-1A,2735.207467630232,0.2778550313325039,0.4146129448857707,0.11030116458581167,0.3203537506969423,0.09305835883859674,0.08739166847581371,0.09770422890918593,0.18038993457350821,0.1254166988946963,0.00988580083363503,0.021954972606106765,0.08175393365832162,0.08530965446762408,0.1590064997138636,0.047510374269322184,0.08239711777928818
GBM-010-02-1A,5913.015559013114,0.34072354449177866,3.0582665284059978,1.8684521209690947,2.2425551914380626,2.4839707087598364,4.625387497520396,0.30265173172304294,0.2448189429141164,2.2609929227335446,0.08594697549153274,0.09427840699834107,0.32910537687176566,0.08949382011158785,0.16862220298130184,0.03473561428029402,0.0740330285328014
LUAD-096-53-1A,7243.710658914729,0.9373717937518926,3.1895922573663213,0.6659967854503418,2.227155659648466,1.8953834376964191,2.302605686807549,0.26681323820703806,0.21789551545092342,2.2442079549109897,0.19686467503189437,0.16881246503774672,0.23575246751206,0.20818877239064046,0.5437866972883764,0.02210769976965748,0.044216127371665706
LUAD-096-02-1A,6837.018205461639,0.7544232332677532,3.1601829081412474,0.5190948295645279,2.3860432975114683,1.4816813660225612,1.9779476960352906,0.46537316190984085,0.19419373126373096,1.6140874645131669,0.09571209939170454,0.11495439184580197,0.07950805089881034,0.1029236286719287,0.8300212687897512,0.034483664266570034,0.04353947688087849
ESCC-111-31-1A,5037.078740157481,0.6918228911407172,3.3459703089992447,0.827156388630745,1.9999556497015898,2.4704391689848824,2.8178965098389352,0.23946331092199813,0.34215865286375235,2.0631000221223053,0.20441679725768275,0.11126223717956936,0.17097520214862544,0.22789166240364356,0.6050818669164171,0.0435556357242535,0.1310509306563898
PDAC-027-14-1A,8093.285714285715,0.42877593697321453,2.613110419492455,0.47024200084189066,1.6862587810855074,1.988191015920769,2.1649821013449695,0.19417111782728014,0.37742886921778473,1.6855098506362216,0.0865292741909651,0.15305984687326038,0.1443741479495041,0.3294922177813179,0.13101768374007192,0.030731015299746624,0.04725077632221323
HCC-059-10-1A,6423.227689661762,0.37136080777150937,3.00001363138822,0.2508577843017136,1.6201060455153804,1.3949265626812002,1.0985052677402334,0.44016948479678336,0.23394328937628722,1.6999019093071845,0.09476904039903064,0.10117201541318807,0.13103226464314516,0.16310872119964717,0.8336170879821069,0.04052131702221472,0.05222286210206963
PTC-069-02-1A,9185.031225296443,0.448404461952187,3.094556113311325,0.45428075256207573,1.6976590956884825,1.2952654499434435,1.599321994755421,0.42521083049104014,0.2732500671010443,1.534363059220588,0.09702761062930179,0.07049668347062245,0.15518489884204625,0.1888219570655466,0.7456768439213403,0.07275924078127399,0.07968605505535835
ESCC-111-60-1A,8036.645857779864,0.7718880044538878,3.1578761895603367,0.9281162306739665,1.8019238411270515,1.8872807554906201,2.228428494940746,0.19887744926918338,0.3664505065292476,1.7582961223316598,0.134065694193599,0.1027928197720306,0.2663637561454701,0.14512401936446312,0.4526124202157958,0.0402815028766834,0.0789025585460907
PDAC-091-17-1A,6391.591503267974,1.122188077188212,2.8303761549018693,0.590776832646944,1.5583922682997045,1.7204331529624037,2.4469624897150277,0.21010549178557625,0.21835869205531913,1.768443374555001,0.19758607424005545,0.13167525704091912,0.1297367359905415,0.15906075222762092,0.2767406926476087,0.04377831621372621,0.11018676945851237
PRAD-072-07-1A,2962.388177798464,0.41874895811074864,2.9971052175646977,0.3137541554591952,2.3789764828376434,1.284765852680265,1.629475478082698,0.22444128982048042,0.24781949790478447,1.7600451869347333,0.051994443085496424,0.08373769330806874,0.18602589788258211,0.10793321741875271,0.45790425796285694,0.010887626288018428,0.028855641084488542
GBM-019-26-1D,1990.1439144736842,0.7004434955400856,2.3056425672581127,1.0636281472395535,0.0,1.9481847707579762,1.3999466166966648,0.34655643867829145,0.1962819444086716,2.0558863306297046,0.20310026155672214,0.21969699508629806,0.1770349179706914,0.12417484304084042,0.14934403864157095,0.055339064746886796,0.044408571716589545
LUAD-096-47-1A,5728.185051778478,0.49769581939718266,2.9566317978496364,0.7459145837458848,2.277580612599873,1.6309026118574468,2.4488000536794563,0.3062418241599622,0.18303010442052187,2.10504243127595,0.11336923566220224,0.13058293499251927,0.21493716437489238,0.2188467130733567,0.5981350681508874,0.02728419026250308,0.04375689789678699
GBM-019-06-1D,2380.026597888289,1.7218759089044928,1.9579138348382028,0.9614061312226554,0.0,1.4107323738023214,0.5569173910676282,0.34789933777618104,0.13592068998771836,1.9482261683037778,0.1985249664173947,0.31616470221337667,0.1645034907615935,0.12924798115960642,0.11189314508734746,0.04280641329529083,0.04096384177971518
LUAD-096-16-1A,6079.62817889506,0.7814563565976163,3.168676325798999,0.5274117933736717,2.4341497727221046,1.4174892746802967,1.9569704097313152,0.43375156315625707,0.20066182834905272,1.6030120268292136,0.09495546199394798,0.12197572019460343,0.1153326187074933,0.11777782304629734,0.8023735843575891,0.024209547869513313,0.04468217424402481
OV-030-01-1A,3118.7537202380954,0.9255345306401338,3.0804607887558126,0.7838224434754456,0.005340007400863536,0.8431774985982969,2.0492436384126527,0.11796980656492503,0.14769619115298788,2.0202300989095336,0.15123736178145533,0.04639533349584057,0.20644593738904513,0.11331948127664118,0.1399165538521645,0.013513009458554428,0.04382353746623979
PDAC-046-10-1A,9358.004683840749,1.7287634131999368,2.648687781322405,0.45547213796137614,1.6226536385419346,1.2479643839197254,1.3010859629190057,0.17369219385882778,0.17308054662108135,1.3529527719456929,0.0734628066555172,0.07222376038022628,0.20129778786345842,0.13062721445379694,0.24292929476926692,0.03152441494915002,0.047829987950121215
HNSCC-121-13-1A,11130.07730015083,0.5012864286901659,3.3084215098209397,1.2745577410350164,1.7722311422240389,2.580979951013473,3.4031774050204033,0.3292665866251034,0.44401344981462615,1.9592892046151216,0.20280703684789236,0.09809206647920976,0.20725348776305608,0.4702084187088826,0.3794480371920048,0.038372273245692014,0.0799607709193
ESCC-111-40-1A,5491.302100542837,0.459186666492518,3.523251791536342,1.0516216195126107,2.1407044355558167,2.5011532733282515,2.6088224520901098,0.24808562552985952,0.3157595433039491,2.081315984002885,0.15631486953783666,0.11345249336117012,0.2357216817064465,0.24020487198271828,0.40212202437112604,0.034321125144505575,0.0968719228908222
PDAC-044-04-1A,5177.821674439263,1.1870375133715292,2.475201176087127,0.4047664462144928,1.3949544424711815,1.2396024449440437,1.7262093249962998,0.3890241973766309,0.21684845571589523,1.610237187644507,0.05850329597850887,0.08905274923885824,0.1510975608481431,0.1399974503217028,0.4945788875109194,0.04226239783066744,0.05944534655268446
CRC-101-08-1A,3703.639338097029,0.7988257434734591,0.1687626076104638,0.087326935864326,0.2150492208094115,0.1605730997629745,0.2549853863503109,0.1865740258222631,0.32736813831753536,0.13073432249751746,0.010541978413765881,0.08884212128516118,0.09207424523630298,0.07067791269521818,0.17340233237250957,0.07585201978518145,0.06012878591993958
ESCC-111-11-1A,9045.17574989438,0.6899633977136682,3.0338133235541433,1.1312032773847935,1.8111310500962199,2.2831597583768106,3.021787009186462,0.2515028585501411,0.3801895054518864,2.1990358700795145,0.20999114973703112,0.17895761141228178,0.24930969832043662,0.3599105156882138,0.4915275432878742,0.0396749840890819,0.1161237879894749
GBM-011-04-1B,716880.4080882353,0.13129714416060353,1.1533805468568434,0.9441908941273138,0.0,1.5693679863107368,2.6140890321969104,0.19846471676291663,0.1625626340803884,1.5954448907316092,0.041751021245063996,0.24273699594890885,0.2984693371422111,0.10414238041666092,0.595403942772549,0.07756306052462557,0.07878928160583584
LUAD-096-22-1A,10010.621393697293,0.3660347831681384,3.2126773834699907,1.0544773456206769,2.660868980657379,1.813353292236813,2.4685933836260365,0.3458511902653582,0.22992157736396815,1.8200396628736186,0.16998571565067644,0.16073396234662343,0.25507105898903554,0.20587259562604032,0.3686324459337588,0.021462411896175013,0.03513696127928615
GBM-019-32-1D,2756.2188679245282,2.539279414883811,1.4319317140861008,0.6482151053246391,0.0,1.5786334667225954,1.6183690425939337,0.22744439175631168,0.09137429681170847,0.9039277618208154,0.1507402161051374,0.15735463111835657,0.11595830580505893,0.12729010842898397,0.07641221308242829,0.04447044415689528,0.04479726550835753
LUAD-096-73-1A,4720.84976076555,0.907412738606378,2.732564434795095,0.5148976760904946,1.9114187515381673,1.3557633671954514,1.6380978305015523,0.19801656854738714,0.17806312708889108,1.8538047554815493,0.186684352484557,0.1055635224326638,0.1848209747219961,0.146349211408822,0.41370523875008985,0.031752535747168416,0.060584860885237644
WT-070-34-1A,1423.103310197544,0.2555099147234954,0.3241467323028416,0.2299164384557749,0.27860174316087505,0.1308576195023228,0.17291693012589968,0.10990722537108219,0.11460910663829099,0.09978838449570894,0.006300534478015946,0.02020141580857051,0.05513907418821047,0.10493160122663213,0.11119930349768117,0.023306433346757326,0.05189231852193827
PRAD-072-13-1A,2034.6164630482676,0.501940742943675,3.438449671467132,0.31074821290090165,2.365502875258015,1.199595514097721,1.464753518502576,0.18139672824227596,0.11929066478455216,1.5560594368781655,0.04638256016347054,0.05576998796979366,0.11279400832866793,0.08028102610463043,0.4007179718468296,0.01303738938138447,0.02207877199110589
ESCC-126-03-1A,3386.7323558648113,1.454729165396709,3.3442869174224668,0.5975834890680248,1.2699165237633068,2.135972366432833,2.7688483082891273,0.19099434825810055,0.2540981665111176,1.8810361634646815,0.08046282940111961,0.08346155300407689,0.1311811143888891,0.18901598004714334,0.26807028832731494,0.018464562383648908,0.04800401141117789
ESCC-111-25-1A,6371.9396411092985,0.564872909985898,3.1393739887670837,1.2729043907964555,1.5104604920802833,2.465094825141606,3.5034212845648716,0.2706780680290979,0.3656145143977925,2.0623324659455844,0.23366956723458132,0.18619422902445373,0.21863110981921297,0.40076757923296424,0.34744987661429616,0.05443388467247829,0.1342005224290506
PRAD-063-05-1A,3518.9238534756273,0.5711157864488909,3.1936341242735353,0.4310244632688864,2.23658295296416,1.1663602269391329,1.7621387996499203,0.17556251001396045,0.20995604375310215,1.9451560438823479,0.08974950342781111,0.04809101085399797,0.14303117801428647,0.1580835720826463,0.44839401803194606,0.017046045890213437,0.03524916775166176
LUAD-096-80-1A,5782.848224736636,0.889905101016668,2.3811546969453192,0.4516228313955997,1.5160595214028803,1.3861019233542282,1.5458758565450466,0.2698525152968181,0.1252208357045092,1.2805302396334706,0.08162742772802985,0.13561385217940705,0.10774403284364209,0.11110904859370632,0.2688296085378005,0.03435202814867049,0.03927375736313886
MESO-065-02-1A,7508.94739314232,1.1238109781702084,3.281141005630726,1.4222940083532805,1.6944251291790087,2.6376569524614624,3.131127236272519,0.262356055426089,0.23325523568959453,1.9345991633179207,0.2832821322115659,0.15756731541766955,0.1157111617652856,0.3002299881041785,0.27494491990194103,0.061895453762426715,0.11051300991578494
MPLC-068-03-1A,7417.816497310221,0.5183007645338964,2.8510444656054217,0.43285840333856573,1.7236056097143153,1.5494448586673157,1.7990597357144678,0.36862219735969065,0.3473724090662005,1.7326676991940901,0.10768413320523312,0.14142483047963156,0.20747845084909533,0.20999292673558279,0.4361643639545417,0.04835135976093686,0.06728763570446648
HCC-059-04-1A,5647.693453964875,0.6491231089645888,1.7958798183319673,0.5292888399699903,0.9067614788647163,1.2083721683104174,0.9849013974152727,0.31045644089846325,0.2442664382973429,1.0714261266197065,0.07768310362747255,0.16605061921797187,0.26178349170434345,0.25682930247928565,0.2792073752325183,0.042218507309936405,0.05091287199546205
LUAD-004-05-1A,2204.4351595006933,1.8035055084738305,3.053867683421923,0.5840984422581207,1.9259514130291373,1.3261573403839872,2.046555960952838,0.15723588835214394,0.15220437562772582,1.881261619651081,0.1454577585943187,0.0928150507364713,0.18290213311170742,0.13246560152963993,0.12983289713452387,0.007677414517974284,0.023574042232311316
ESCC-079-08-1A,6072.60363086233,0.8757338691790109,3.2651764815270345,0.8902242872594713,1.3787877761493552,2.4868749119453653,3.46396527307545,0.24477835335943682,0.2290592796186523,2.397775301481472,0.2372632391437492,0.1693351367621206,0.21314546770085424,0.3495757086945806,0.32481248128506873,0.023164787489453664,0.07110415118386142
PDAC-064-60-1A,3066.3598214285716,0.5800903302686365,0.2764820481234714,0.12727684139963386,0.27261224335239914,0.2074229009578424,0.2333945492813083,0.09428752453954495,0.17337777469147247,0.20796177750999054,0.022934156060884454,0.03498482161842741,0.08140641155074552,0.16769336597800372,0.23031204200964675,0.08133174538997773,0.08334227565308594
LUSC-092-05-1A,7619.690233672858,0.8495499110420311,1.815949416458144,0.29403362080361156,0.9512180190576935,0.9338507882273891,1.449679368433461,0.35246096081528383,0.24143737126837475,1.3826392407519303,0.07270449994813641,0.0699418619598922,0.11615922639912095,0.155875198287705,0.6062663703142895,0.05049167016686555,0.08046371069683804
GBC-066-07-1A,5931.619855666081,1.085888803737631,4.011117155683968,1.0036810810447807,1.5060201586812507,2.0135059149531873,3.879975555175905,0.12309410766557176,0.21218970222382624,1.9536342197859144,0.07343854056910949,0.13300503421026172,0.12305857048451556,0.33624857977029315,0.17332324914561584,0.020245578236154155,0.10230211810901894
PDAC-064-31-1A,1399.3967949595947,0.5905986131456237,0.3647812556168207,0.06880024580711155,0.2504532369936093,0.15331191068569922,0.24919092514190805,0.062348417981550275,0.0878378735480972,0.21425697928973506,0.020697926353743217,0.01693238151992148,0.0679116606344317,0.13065487292585284,0.12756700489806097,0.025876636019763477,0.059709557431561235
NSCLC-007-03-1A,8867.101373573225,0.728666821511553,3.3527020518607435,0.9804281002156313,2.522943093785396,2.340850950958075,3.35598823511389,0.21630323317788258,0.23825225222853536,2.102018444151253,0.2769505663153051,0.09227762485294291,0.22933730637109814,0.3848212767784001,0.21183279235967845,0.03907865035759733,0.04381688024749193
ccRCC-061-03-1A,3080.4514051522247,0.5595418774875652,3.17731590091735,0.499122421979185,2.4428025798199395,1.5099394049539945,2.175587488156877,0.1835439419912734,0.20966410058999865,1.7901346104750626,0.08644021925929557,0.11137793736074594,0.2040460709190591,0.1971982825325709,0.3681921150950371,0.029725915384687263,0.028622363233912148
PDAC-064-05-1A,5007.154910788728,0.37636088697559505,0.3127504032701825,0.1560474958112129,0.3126443730092325,0.19085893333595022,0.15886439182139528,0.10779439444697732,0.2507994727850692,0.2135291752110893,0.023895682017664056,0.031848957464814934,0.08700200597436833,0.12729351642290063,0.22908839989987365,0.06302190656123527,0.09366026304646817
iCCA-066-01-1A,6192.21985094851,0.7998461651575266,3.558962965385244,1.337079676828016,1.8547016430606813,2.2697510045278233,3.399448829810124,0.24768410768703472,0.40347429914777166,2.153908180247505,0.20860217782014306,0.166985141596937,0.23492116234674323,0.3016070901449865,0.3055888352080071,0.03804916806174744,0.10651228025216793
PDAC-064-54-1A,3223.840870804717,0.4461235271764102,0.1250853138444778,0.07494488132715153,0.18385678018980497,0.1627944197888126,0.12348806598456526,0.12948174814079694,0.2098663000084194,0.1340200320996,0.011724824131246123,0.043846291174923904,0.09362268552959886,0.14262331318261495,0.1829370681722672,0.0836227223060369,0.08812183485738129
TGCT-052-02-1A,11449.045479452056,0.25580998655268367,2.8002703030459064,0.7936118066939697,1.6515181856580334,1.8920732015927388,2.134561541398508,0.3009474651910051,0.2457689940956445,1.4736184644778434,0.08322664623276575,0.10122887040489453,0.21455885813495457,0.28003289412026366,0.5480429680974216,0.03576606003526931,0.05330675406616969
PDAC-064-44-1A,1223.8055862395456,0.6344101062848524,0.791057917243735,0.1356366009886502,0.4694603442889513,0.37608397773901037,0.6815791488957453,0.1675733775214889,0.11071107167134704,0.29721932960785236,0.034040116937278965,0.023379433240758772,0.05151909628835893,0.07593364849886988,0.1098845000265789,0.016469406036071953,0.03908300635814523
GEA-093-16-1A,6950.035900246643,0.6368074083379139,2.547985226556112,0.23007590981746015,1.4151669381902954,1.0667845729454368,1.4299532614936545,0.4241326831134087,0.29803634369614024,1.533752499440548,0.06848235378483457,0.1209789532079434,0.15267340086420175,0.2488622366417964,0.6892451491199004,0.050405424329561986,0.06334968001358596
LUSC-092-21-1A,3782.911119064662,1.1610008125566533,1.6686493515693464,0.27775014891205047,0.6786703148994124,0.8749214619013291,1.376241942053435,0.2281689910767905,0.1886456839486055,1.3089610015928894,0.09033160551881475,0.054244751098451977,0.08339480178036675,0.12616993611837884,0.6048236979166767,0.03855358144610292,0.0630631237024097
PDAC-064-15-1A,1557.1084772647162,0.2224289474583272,0.17748101170470865,0.13604815550454707,0.13968820457831724,0.15931539316933357,0.2544075259271625,0.12460770961622224,0.10551662793602377,0.10737284986933503,0.009609097085394628,0.01736973240329356,0.02839188982010299,0.1061898401732042,0.20214464558734496,0.02057875385178663,0.037998578851414125
ccRCC-061-13-1A,2570.7784659989456,0.45712464936832575,3.0482550652792053,0.49981925604384,2.1982186921717135,1.294902278279212,1.9789345755021237,0.14381793771553253,0.21843936980515974,2.150052270118898,0.10664558971138594,0.05517120696910311,0.1501056342939269,0.1494823817367179,0.2769339530211453,0.010587504933485765,0.025233510989217195
PDAC-064-21-1A,2241.2648953301127,0.7011465000268616,0.031506133083490706,0.032513645736907605,0.07480915270741802,0.10280882776473803,0.03071035449771572,0.20297399754880074,0.1432237441127166,0.051526980550020765,0.0157091089350176,0.036201865205676496,0.09422989710306592,0.11959450291663973,0.2157362652251249,0.06287924500128593,0.08726888304847359
LUSC-092-15-1A,5480.36723788465,1.4221680638785297,1.7364859686244838,0.30084139979198343,0.8660588240004402,0.9458374843800547,1.6886188870996999,0.2210978241303924,0.1691517386345689,1.4758794492036937,0.06437931011681008,0.08068506050045907,0.11605559225821716,0.1646273125311663,0.5360595766310797,0.041035548101269734,0.04865710963083118
RMC-125-02-1A,974.183520599251,0.5544241573119081,1.6201856259387544,0.2724227925817632,0.6332187960688923,1.0106211063968171,1.0492931456151913,0.1470787931984556,0.14395169597482893,0.5764187059238239,0.027805544946483275,0.04705454306698987,0.07969831647112287,0.10978416303199252,0.24694166066532192,0.018825364385453344,0.02625549236005689
RB-098-10-1A,5842.347770291947,0.4695041848361984,2.4891511293294917,1.1764642555051368,1.9797904831550175,1.252627296858001,2.090368812694622,0.22883831059326631,0.20302706432167425,0.8717313739445925,0.0414775718896511,0.06237185326218099,0.11225741005711919,0.15353091493621282,0.3212936349882257,0.0333653072628367,0.0725780237646104
CRC-067-02-1A,338.0092220383069,0.25507666823314523,0.1850017262686512,0.445640239641779,0.18636386010748615,0.19625436583978387,0.4335020209147476,0.1348154790261976,0.10562829468072618,0.24200959034003167,0.009581361532984875,0.0381815454082174,0.11265379792256205,0.04376105619935579,0.08007756575486581,0.0446996255753513,0.05630669787488829
AM-036-01-1A,8069.262628833185,0.36973326109918253,3.221031895960721,1.232057877171105,1.1409884403844328,2.7698890252281396,3.315165522297495,0.30291930865625605,0.43342779736945375,1.5936997813652924,0.13638063384922625,0.16133704337883945,0.32713041063334836,0.23447478127925703,0.30513374310465374,0.04638811941588579,0.08957950412243282
PTC-069-06-1A,8302.877324891175,0.3962607553066878,2.1349093508455206,0.4718083758308976,1.2669825554120207,1.3306848437737147,1.4377344495000817,0.5521633579167525,0.23710675474547638,1.0090270873000855,0.0557573077357596,0.11910519569415029,0.1613603562853899,0.16938621959090486,0.6509099339226458,0.055087854269356314,0.05794206336378742
PRAD-063-15-1A,1956.383595871809,0.2859842383249485,3.1349614361327567,0.22817554504038218,1.9669587145840801,1.0199859967843177,1.2177563277865684,0.12650666842469316,0.15526051666004365,1.2670488509485711,0.08004886374561461,0.023637511695156228,0.07568455695950696,0.10335753182132632,0.17594739351919156,0.04744603225010947,0.06212230010847937
PDAC-027-10-1A,3915.9684893419835,0.6234098955828622,3.2961648188846517,0.803002139254895,2.320233950784063,1.8529839783564444,2.294831969357809,0.18167433359749932,0.22304066707799639,1.7351323970233745,0.0946190819587958,0.06400239302264693,0.16009377381020992,0.17241791073010315,0.12771726200077477,0.023203977542870506,0.06626310080828889
PRAD-072-03-1A,3776.5958017676767,0.4047943552747922,3.0309408666453868,0.4826242274187771,2.391411613404301,1.3610563705997467,1.6811910686830733,0.26680514872539673,0.2257704774181576,1.5101189131524675,0.05045530510839936,0.08324140232830084,0.1541378397387417,0.12659755888780932,0.607088981429304,0.025853989828464978,0.041432869053675755
WT-070-24-1A,3220.094222639737,0.5757563321731057,2.670024161257026,1.370671755424175,2.174178013872088,1.222797080400313,2.4524521265638417,0.30310169846407636,0.13827035170509253,0.9001098608235323,0.07601154535378228,0.04598895433044781,0.14171143143908463,0.1795781252085573,0.16757579146239185,0.06758770800902678,0.09308909677218982
LUAD-096-63-1A,9659.942477876106,0.30987559146171034,3.1450506711060657,0.5371661809789428,2.2295376076044673,1.7536106238596652,1.682644480680861,0.3087005287708623,0.16334236357902912,1.9712950072396531,0.1348292760647606,0.13415081958663563,0.14365128709704486,0.10244449743187857,0.362662822999238,0.021748609535256442,0.046581210368535624
GBM-019-22-1D,1770.1717747683535,0.9545073115395415,2.492723775056815,1.3829534050812353,0.0,2.1308840845505914,1.1248949004867057,0.3528375448847261,0.5243625561569526,2.275836865366238,0.3084605187820827,0.20408394466242424,0.31420561091842725,0.11608372960095352,0.10921130323101338,0.04596412065211021,0.061317560723340256
ESCC-047-02-1A,4100.979748221128,2.0294848203268083,2.46134387965564,0.35194793294743837,1.0976003700078938,1.344698882330527,1.3878663536607538,0.27710831665194585,0.1881177844079531,1.2119270152572827,0.060474054332262474,0.06280474573404113,0.13358143773066355,0.10266334386489678,0.4595957686611938,0.036039627813731254,0.05497549137710131
LUAD-096-32-1A,4568.530894308943,0.9043966507736733,3.012155251200565,0.4820151623628163,2.254416393081404,1.359294232787311,1.9742152453898292,0.1680542348683166,0.14521183664393728,1.9413369113064718,0.08247015697668021,0.07329395829531671,0.16343439020429157,0.1280497075452297,0.38181292322396626,0.011181622918440595,0.02735301371648435
PDAC-091-13-1A,6371.39037433155,0.9464420143578253,2.2216918641922923,0.41476489543859885,1.2081359710264683,1.5044898081065068,2.296152988737596,0.24397198480590027,0.22205718856478524,1.3657731027448312,0.16865272944564835,0.26326917311774545,0.1960925514146934,0.1767651576701069,0.400476013864131,0.08310690982507454,0.07340071312820594
UCEC-024-06-1A,15319.227963525836,0.13226471607464882,3.446865295149665,1.1128034108156426,0.027264395354690742,2.0969916980466174,3.9944819521540182,0.34340211731016373,0.3054223538253095,1.9858989711141461,0.2795987768763583,0.15284685269368525,0.24992938672879128,0.25115157343163513,0.21361018289085026,0.02565452355179151,0.08561392175416103
ESCC-111-01-1A,6271.763250883392,1.5107075297570858,2.764891100015103,0.7121238659235003,1.346515904055037,1.88341042154145,2.5022539730343234,0.23482801668015751,0.3254821382945004,1.8151948516390841,0.13164419157825794,0.10911015596538376,0.19189365966614735,0.23422163739006321,0.48014864831659787,0.029707599940128424,0.07227090313011475
PDAC-027-24-1A,3643.6131386861316,1.179700688222009,2.92016745496364,0.6188824781099316,1.9696152173787709,1.5288409786689496,1.9527219710325865,0.14509035791950256,0.19119060714941272,1.4559375279343305,0.08123722933439945,0.044467622156531134,0.12387284264697276,0.15191745004016227,0.09946095408160713,0.015017476204093503,0.0597747244170516
ESCC-111-50-1A,7248.3631984585745,1.0547395022978099,2.7870570788526177,1.098430029562244,1.4575703600974363,2.0449955540894638,3.0718904182086924,0.2520599561353989,0.3378421517795169,2.190682780811183,0.17420139280848962,0.20568899405898214,0.23240146495688196,0.3886825648406604,0.35549309491900466,0.022473206684921754,0.08537874393554612
LUAD-096-06-1A,10865.972346786248,0.2728074157731795,3.170557779030098,1.4436891414774473,2.6169501608717205,1.894105286322708,3.146648640247974,0.34204068923801173,0.26413642583407576,1.864789799097771,0.14314052551097362,0.12549242022613785,0.16129272856075624,0.23433308062115438,0.4794166276982785,0.021305256904662187,0.05270011278667826
GBM-019-16-1D,3187.1708805579774,1.3125798308074832,1.8608955341715117,1.1998247969542017,0.0,1.372138164792389,0.9649970538625771,0.61915735564873,0.12576649188791914,1.4692873794557797,0.21979854201861998,0.10901414983596519,0.13940685742586567,0.09842511555068628,0.13294643744637427,0.06099546897136852,0.04793888814549377
LUAD-096-57-1A,8159.805978898007,0.4124684623705779,2.2883975985917915,0.5154286699219731,1.5408192545085722,1.4650046310084122,1.2770792304246166,0.3584635903538205,0.17407501509098,1.616465530371094,0.09285182771631323,0.18733537798496283,0.14662795633112696,0.130519681579668,0.4777960975394639,0.030562697050601738,0.046162712120598366
PDAC-027-07-1A,4530.33129957291,0.83685412586409,3.216109631249692,0.7916276352738125,2.147845749055581,1.85463209011501,2.3040846270951483,0.17094366636756034,0.2722205652177189,1.4718528015723076,0.07942207120961352,0.04906478000921449,0.1473656107740591,0.19330445804332547,0.14644344458699263,0.027503366130300463,0.053730118795008996
ESCC-111-22-1A,9479.906653174803,0.7605937698356374,3.134385079290275,1.3667391157794604,1.8583868897980569,2.825841247426633,3.708734205097531,0.20826253885054646,0.4294279657958683,2.0514667606696286,0.27238613391983285,0.1623236893408928,0.2127153980003905,0.3941870447709927,0.307295670689609,0.028411514450457257,0.08273029788235302
ESCC-048-18-1A,4492.066279069767,1.0709319551617547,2.6077911288444477,0.5482907925866232,1.1749201996678553,1.3722566577576338,2.2563203827067744,0.33157304470431076,0.14240393246347138,1.5092372348761427,0.08487926441833983,0.10646969563224057,0.12625087186117723,0.21386501636220273,0.32339375051058056,0.04485386042469239,0.03927313107521197
LUAD-096-87-1A,4638.229841269841,0.9416088019187815,2.665249538313216,0.4846489975796834,1.8471068067239518,1.3328474622623363,1.5515553534838202,0.21394492855475597,0.1750988242455552,1.792021211928392,0.16785307287849513,0.09703047826012108,0.1922343613448768,0.12246111328308774,0.38791097367301497,0.032845825430678925,0.05673403143055916
MCC-084-03-1A,2063.1238564391274,0.4859131120477048,2.565095706657016,2.302473599614362,1.1670930541111566,1.373982553893593,2.0000661184204547,0.08912940883969382,0.10828803169081126,0.8688948343252738,0.9663949332472141,0.0239371642379111,0.07108107052308034,0.1099394322875544,0.07158642187695324,0.011032721068147101,0.042211063536057865
LUAD-004-02-1A,3328.6296296296296,1.5532620454067247,3.281854541576466,0.7683360904624126,2.262772781863906,1.6118360638701386,3.007997854192467,0.15358708784269218,0.18283685870341104,2.0228703082146566,0.10910250640159645,0.07479546560825567,0.17660804843947883,0.20307593037012217,0.09428330963582096,0.008763210339488682,0.031168930544776197
HCC-059-03-1A,7818.006201044386,0.5066620527137367,2.255340529633504,0.3362364143437986,1.2030899537480266,1.1481382185961717,1.214666804698981,0.4911618043520168,0.21944203468237447,1.544563763411298,0.09596707138096325,0.12800140049419428,0.18379777701632172,0.24727430241208243,0.6784948318927913,0.040375875547034146,0.04772534277816401
MPLC-068-04-1A,7114.138341390852,0.4552806840148288,2.9211531819533434,0.3945727223691565,1.827169326458556,1.4956200225413776,1.7921918695208547,0.3829581182589517,0.3651419796112672,1.7269626657493085,0.11178789258929697,0.11244451912094075,0.20355490278580207,0.20636256823565005,0.5258204271612785,0.04415808632795811,0.06992490146863278
PDAC-091-04-1A,4519.082689335394,0.7636155432013872,3.8758414572204134,0.7536178749722976,2.3136258629314352,1.9903222729288477,2.3725361900851674,0.24056217135059474,0.20524081538887928,1.7542816265333345,0.16156785128203077,0.06116801277952815,0.20396923026487976,0.13637200029778743,0.2899602198282212,0.043320614716830186,0.09650792180479872
LUAD-096-25-1A,4704.229972752044,0.8984656712878452,2.9496658545167964,0.5138383054840293,2.228428603251474,1.354261725581599,2.0205655755800187,0.18414624777726596,0.16673735399265635,1.9706923222878279,0.08268034986459438,0.07405524206787438,0.17458858231822827,0.13006907941568202,0.4272826531946564,0.018293639447397866,0.03602294700382864
GBM-011-03-1B,564209.9991386735,0.1624595687439092,1.3944203563112636,0.6242845122488035,0.0,1.526734039501872,2.396082797369966,0.20879452984846647,0.11020314958304962,1.4344576443397556,0.02357448666640346,0.15009392189135648,0.24016139709045958,0.107080601130645,0.5356653977769534,0.057941892565059765,0.06333318096837835
WT-070-33-1A,1859.491507430998,0.22940106956609488,0.422012421934768,0.16554164356479106,0.3434250695738653,0.1487419826732193,0.12123594205936733,0.2191159953055511,0.1055405239185775,0.07149937992328202,0.014031799853212817,0.022569497607710577,0.07120270816871091,0.11912682969073062,0.14825677297620776,0.18958606577592302,0.11262293574203996
PRAD-072-14-1A,4053.2277930734676,0.30370021669979463,3.5527075597941185,0.5181722475573912,2.8558636302344214,1.5633240798299917,1.6701168939014512,0.2089198851153257,0.23332827579133625,2.0474547014571964,0.08754595614530208,0.09261534652152963,0.15552428190903636,0.13273952956331395,0.48489517942491805,0.014987543035019226,0.026517490562190858
ESCC-126-04-1A,3977.5984740104914,1.4342331934430566,3.3095647262833046,0.6458716794587115,1.3121407532335403,2.0986306565211743,2.7610876372026354,0.21341450254732924,0.26940245042231,1.8856539959798808,0.09263994135123553,0.08416857175343176,0.1512649920114408,0.19860135110461505,0.29825172182763865,0.019811749672631017,0.06138027955882494
LUAD-096-74-1A,3997.8413940256046,0.35931518288873615,2.976612926770517,0.46450691048612525,2.0052722636774343,1.4615410670000624,2.126121678669512,0.3525506683095213,0.1995981482669857,1.9095287878656053,0.16133877438816452,0.07567021474218412,0.08800902346531068,0.16436000767721443,1.1304094549713526,0.029222064818845497,0.0495347071005964
HSCC-130-02-1H,5320.680865921788,0.48420386533392246,2.8029250895976423,0.9628628691942748,0.0,1.9055778221896762,2.7456967354144313,0.3831980207411188,0.2819670414770253,2.060011373146275,0.12641391152610626,0.1606411792469449,0.16877532352814084,0.29714071738178804,0.27793382435319447,0.06218666475859526,0.0691381624065092
BRCA-128-06-1A,3227.7346387575963,0.7296240644327737,1.6865617444918783,0.19441517733706754,0.6642424295188413,0.8961620814461759,0.8574689092385456,0.48790111446820555,0.21123931804052415,0.8772124752292845,0.04660619435335409,0.091615718253536,0.10132985610433161,0.08738311041890964,1.0143262916558766,0.05506366090941798,0.06266482823835205
VS-105-09-1A,4064.2084095063983,0.6534389589261501,1.9331061293289367,0.3259445932260505,0.5677129701698523,1.2483798042462595,1.305406398202547,0.4057411522166476,0.1389112203392446,1.2786388916791098,0.08879932886366897,0.14462557815143653,0.10244254821661655,0.07036895777211409,0.6388538392396436,0.02969183396465133,0.04451448085924645
OV-030-06-1A,6194.811048213937,0.7444346277521955,3.907032998234773,1.8134282237206047,0.04319375598469237,2.250062165747611,3.4460281624703852,0.27678190237301237,0.12509374407477875,1.652359360407228,0.14695439267881266,0.08300457646824494,0.12377687445815976,0.24717022054142093,0.24058958727417504,0.02982133552653879,0.07924698071774688
HNSCC-121-14-1A,7241.108827085853,0.446072569522135,3.238545517756781,1.17031890351289,1.618206054442147,2.638236506902103,3.1853831799431402,0.3354143165976537,0.26025984341918906,2.1370347586418994,0.16639772030340094,0.09422876795896891,0.1567164944197152,0.43098516196523373,0.3705186132432259,0.06538446460815991,0.13084744054080377
ESCC-111-47-1A,6868.647921760391,0.788073001712583,3.230592658065216,1.381895589341211,1.7445929707229113,2.5338924404355874,3.5192889687605606,0.2341700772906408,0.42765729269777497,2.285418045435685,0.2667907836994975,0.2233059990357504,0.2630424029900597,0.39570793335087384,0.3167718552227442,0.031128747693309675,0.0877957794499494
PDAC-044-03-1A,6045.412624584717,0.7774111886018921,2.936891973813176,0.3101343463434947,1.6676031808467893,1.5771527386685644,1.705943219423798,0.44717965355327144,0.2239397680206781,1.7469475715145746,0.07284130424136244,0.07900028262558845,0.13562510212146547,0.18247701983279305,0.6659402830201008,0.04269541429241557,0.06661158430435579
ESCC-111-16-1A,6271.401796552561,0.5093333740175605,3.278787924384567,1.3885845550024178,1.7412833525786684,2.8006761674845486,3.823175465198636,0.27880166181630495,0.3970869146078498,2.2873619608707982,0.2865308818356453,0.12668874431315236,0.2093899919520366,0.46646151961394966,0.35794062775149094,0.04059205524939994,0.11854683136125109
BRCA-071-08-1A,7064.62699234113,1.7093532625974808,3.5029436620745487,0.6087460108852977,1.905148795986897,2.3048789627056983,2.4636178220425533,0.20928520709588314,0.26085536265268916,2.1232689890131424,0.11602055989905563,0.08184843147645114,0.1758343749069589,0.18652009662932345,0.43041799024335115,0.030437292503873097,0.07672282825681973
GBM-019-01-1D,2776.9280615046678,0.8550572343791617,2.5229974467211336,1.6741179876260124,0.0,2.5006980614315713,1.6715368522744607,0.48244803746187603,0.17285719935316565,1.6922663609705226,0.1774842376787223,0.1562337229377573,0.21666480774840388,0.07657458076783084,0.25469168153100236,0.07422065569220394,0.05137018207093613
PDAC-064-02-1A,4058.252493765586,0.5680607191776499,0.04623305789441443,0.03636616377899169,0.09782592876986365,0.08858152430172404,0.04787604491733708,0.19233160081834721,0.22507826559101918,0.10770836465576009,0.020991865894673303,0.03403699690587849,0.15590769628540016,0.15119680172458422,0.22213667830444364,0.11501472575624219,0.1345751888917507
iCCA-066-06-1A,2631.8573770491803,1.4033831105952754,3.38848479053221,1.5975228518120024,1.5389730476930195,2.350979192492658,4.012809488141887,0.09255771380003408,0.17785926871460206,1.9335105101644405,0.11348697817833373,0.09425976291862417,0.15609979549940678,0.35812654859640847,0.18437371263322505,0.03398787660169824,0.06868683223543937
TGCT-052-05-1A,13294.587412587412,0.17141428188193142,2.830054825504179,0.8438250891503393,1.850422515794477,1.7296045917724412,2.322473976948949,0.3085604336878395,0.2398785004252938,2.043649700768241,0.07220600419317857,0.08143582575625406,0.30148471458959675,0.29496628908163164,0.6364299312144266,0.049017271130726126,0.05721429744092807
GEA-093-01-1A,5453.720930232558,0.9965718075743218,1.8811779263933928,0.3116002391591994,1.1320368498049547,0.9501933963656423,1.3740831276703962,0.3352177065708082,0.17520772081064176,1.2087876241576219,0.061969402008258415,0.0910699887680649,0.10458756708162209,0.11875350316280392,0.5118527836527793,0.03372609267684468,0.03152005393687003
PDAC-064-53-1A,2251.584367945824,0.23631886748286396,0.7824590257426874,0.4227213496403737,0.6197970281503627,0.5234072167090059,0.602686135531705,0.14785770117924396,0.14135794186640213,0.40703008755898384,0.02950645349662382,0.08152399562693301,0.09400531706124902,0.12077121950583894,0.20311873952171608,0.052542832315803915,0.07503768928874656
CRC-133-02-1A,8963.391707317072,1.2674873868413494,2.699740223062126,0.43710365372078763,1.982541029839989,1.5358498447407103,1.7519666109307628,0.28373646744124303,0.24661191607078942,1.5591264755049667,0.07324902385947149,0.07536613715899981,0.1736015760018634,0.10732801937140017,0.32038688145211336,0.03757344814805981,0.047627403287508446
ccRCC-061-04-1A,3462.5534698521046,0.7517804895159312,3.224173385425812,0.4787873406993711,2.4564828056712926,1.4120064922756799,1.947299302277137,0.16926148198641228,0.2323970238092755,1.9165676697051648,0.08116508425629991,0.09339166100542787,0.16687448978407046,0.19557944199840904,0.46348100311727936,0.02425177929872444,0.025523703756759615
LUAD-003-09-1A,12751.45635359116,0.513127493560938,2.8189577088747413,0.5490751162261832,2.034770759061681,1.7494988065428414,2.4441604470378846,0.2302200762271763,0.9766861363940108,1.7265746352718154,0.4646674485618647,0.2784847445320451,0.2531619479354517,0.20145128544833224,0.23967610448083307,0.017243119210731433,0.019738834189469864
GBM-085-09-1A,3622.0709109730847,0.7896481971081766,1.1162133784197978,0.4683497996259789,0.5567369905749984,0.7267956972198202,1.6178986107113136,0.19697820156539816,0.19744097096761218,0.7821877473523962,0.04759432377870378,0.04197691248265227,0.12590749885342803,0.20670261163019596,0.1959844807262808,0.05747235741871648,0.08885359157079899
PDAC-064-67-1A,1375.6960705693664,0.9400730608447245,0.19584478725821808,0.05902907670453498,0.2474686817242254,0.2304593432173705,0.1473111386649507,0.11806209345611217,0.10432407922217912,0.2061044201258031,0.026102910282452384,0.025257465220953366,0.10532251301231216,0.13313107194439047,0.17281507964513956,0.058705222191867114,0.062482163914948256
PDAC-064-36-1A,4384.287859598336,0.3985172096508915,0.095787652013071,0.0658509096301733,0.14569625927193997,0.109946822527385,0.08561084460568544,0.12793539014340002,0.2547502651782643,0.15353002480762815,0.016508726372858183,0.038535936761818435,0.10173613476526683,0.16383751894428505,0.25395592434207914,0.11574041263454697,0.09138012952190534
PDAC-132-01-1A,1596.6700045516613,0.561916862437766,2.5278305581603124,0.4541950806087218,1.7479404381456163,0.6493264208697738,2.133334618877618,0.12231738652830478,0.06021331082300214,1.4180802122376275,0.04599389153669672,0.06936103745127707,0.06758031138837788,0.06461278882289995,0.19934032885705005,0.007791235203953678,0.026866950874048588
PDAC-051-04-1A,2660.1884550084887,1.9730231163387248,3.317502928270664,0.6219236883095253,1.2869072924149898,2.164930382314007,3.086504714988926,0.10572363290918625,0.19143308904154088,1.6863314428639042,0.10142179537716586,0.0505362813287745,0.09830393824623451,0.20542395656370332,0.12193667430775935,0.02390855570925082,0.06877259756951636
ccRCC-061-20-1A,2092.4795090715047,0.36540731618324795,2.7450166341410904,0.28288446858962357,1.9815078181740526,1.031000042292275,1.674234152205689,0.16858587420359286,0.14140883816295702,1.6526437043582614,0.05013166045360899,0.07733802303848825,0.13242489817440423,0.12982465670565865,0.514941431393932,0.017938490889284744,0.025048313007064907
CRC-067-05-1A,1460.4299847793,1.240654514681996,0.042298209148760015,0.047364253080062285,0.11778261071988722,0.09173078713749779,0.10217066627709223,0.13033672763786286,0.25819108302963545,0.0686027812143011,0.009100945592761412,0.033848259741125084,0.09222121156747579,0.05424204908611409,0.09710132084729259,0.059602431087715554,0.059461253634916465
SCC-041-01-1A,6153.819831091649,0.4285369903004766,3.129165372604006,1.1786594450749541,2.8741260413888137,1.6458017326137184,2.400186617443951,0.24651272328417662,0.2615212923121185,1.5517805289083804,0.0767766925377918,0.04438705732431155,0.12814352390686282,0.21435913679963248,0.18435871618148886,0.02938641903303044,0.04856168620818351
AM-036-06-1A,7839.464209401709,0.6582072505586252,3.0891356271924617,0.6660343456041967,2.0982403464156727,1.7079455997662407,2.3357729411802186,0.6873898321716877,0.2217679143838451,1.723103105780421,0.10864574211135798,0.07158731291562744,0.1931224281297541,0.10849955480468633,0.4512861403868839,0.056823822567674605,0.03432978505914613
CRC-030-09-1A,3610.587837837838,1.5928004976215875,2.816510737378725,0.6305580955070721,0.09663559361013367,1.4291541799691574,2.053455352225155,0.22201947673687544,0.13127469123782454,1.628797652370075,0.055838287392111045,0.10938399830738824,0.11557787340420682,0.24196251910271077,0.14248957161271103,0.006520425359094108,0.03954011604468188
PDAC-064-26-1A,1398.4925093632958,0.669261243736957,0.0,0.009768605759171874,0.027295694289708405,0.02537935473102892,0.011179896551345004,0.20388896990366298,0.16275092869442134,0.03161745609021899,0.0,0.025109455233486164,0.10117712188698794,0.044934857742944326,0.09018415070185544,0.0743676106594904,0.09089113232550407
LUSC-092-12-1A,2625.3982134461685,1.6960499901336736,1.1003054992240149,0.22688872503744434,0.5887492065167783,0.5155699903695558,1.2814014929967494,0.14282190600182879,0.0789709574523984,1.2104977037091074,0.06431471385498687,0.10562567981437691,0.05792200993075619,0.08059287114640978,0.48541470838913825,0.021252719030184664,0.031774569730546404
HNSCC-127-01-1A,5180.658220024722,0.8959659454421216,2.6808237401155552,0.6695597083995136,1.6698164314494266,1.4215949295517374,2.234627383948429,0.3849262755492231,0.21153367582581162,1.79303649866666,0.17706310594743704,0.12676576973953202,0.10752595521184795,0.24282701426960632,0.45988951212119544,0.04922623763696454,0.05189588616953819
MIUBC-023-01-1A,3690.0105454072464,0.056760750839293106,2.6571829143617585,1.3498511074049906,0.04654854362169295,1.9297763761521092,2.5628460623990743,0.38042448072882323,0.408170071438773,2.0440922886741677,0.21500592167570046,0.2188013533336443,0.3808159875015573,0.4056279221633406,0.29053333124764535,0.0358363714401009,0.06443736442801148
CRC-119-01-1A,4196.68826405868,0.9374365751620103,3.636209722780258,0.8074698848772554,1.5191377832322537,2.6038853233875137,2.8892936021581552,0.1732502863214569,0.34572065272646135,1.34631155985451,0.10258098038097559,0.14099739565380398,0.2953641866581496,0.2123913038728581,0.2787459959338651,0.06765234516291108,0.056631016963511964
ccRCC-061-14-1A,2972.239140811456,0.3968757734562672,3.0788011796821952,0.612647295171349,2.246415666484935,1.3408703108919737,2.000878728116297,0.15569052381122458,0.20021118615063413,1.9172249003776711,0.0882747698071121,0.045002376520414375,0.16221835478805158,0.16314936037094244,0.39226443679832573,0.019427299685434846,0.030848767870832513
GEA-093-11-1A,6199.073558648111,0.9145874841869552,3.0229429871071853,0.4748559141871065,1.7393496836185773,1.9055570040024021,2.300634552050057,0.3951064191461219,0.12020595432487025,0.8699517615722008,0.04155071938631018,0.12253989176477724,0.10949657783131292,0.1437050197383044,0.46775012984325637,0.06010171450715798,0.05063521898212925
PDAC-064-43-1A,2058.7266741210087,0.4759101719600019,0.11898269132772278,0.0942067616520736,0.13303357187690407,0.22990666287692768,0.3898943335183445,0.1288478705669683,0.1773829574454657,0.23255950917449775,0.037063335226841784,0.04358440341594267,0.1717394779588624,0.12008904544795304,0.18946741791473462,0.051242507979740164,0.051925680081639856
LUSC-092-26-1A,6947.520388349514,1.9710249811304659,1.2150380772259801,0.2120282367641953,0.6263804296439772,0.7779212669198821,1.3976920160032347,0.23867861747076088,0.11583271160070406,1.398980699605866,0.10691369517283189,0.06899092452547702,0.10683654454018411,0.07099897719353596,0.5142879535782761,0.02504511408113064,0.048467677423669184
PDAC-064-12-1A,3372.0170773359355,0.35670458992923265,0.2857241922057435,0.11864824553046172,0.26746499081828046,0.203248724989223,0.30410961879988985,0.08901528928291187,0.16079477420334,0.2744340843335357,0.016060130233613006,0.00896847392446862,0.04534297205054552,0.21845395988655777,0.18767979675194413,0.012857803130493676,0.038700761674501406
PDAC-091-20-1A,6562.4699352451435,0.29184035335011016,1.763148126131624,0.25717491107522306,0.9816834058543248,0.8540847504608999,1.0606468030690803,0.09249710889261195,0.11925297600359157,2.2637858017624675,0.13070077371578762,0.039459214184404436,0.0730149678095618,0.04775174163464716,0.10970059054147861,0.022899597688916508,0.03570336624277304
LUAD-096-01-1A,6548.994339622642,0.8573845551516369,3.2672138080879414,0.5273616681815834,2.5097606577918494,1.52316476212023,2.0158403144144614,0.4981462915390168,0.20305824623583407,1.6642227529164175,0.08998871028106784,0.10765770643527098,0.07752770057941015,0.11819874114254188,0.8131394593345829,0.0334662754402375,0.04545950971171306
GBM-019-11-1D,1370.6683316683316,0.9291401787825467,1.7516757843152189,0.8078107550601529,0.0,1.6646348941550004,0.3739139930642017,0.16037457468359526,0.12212353849768066,1.0425498741005148,0.045384452146751894,0.07457656169290894,0.272630597569556,0.03594466244296491,0.19796214963412706,0.052428495640591835,0.047442635997279756
PRAD-082-29-1A,9336.135506877228,0.2679694856492868,2.613949936583767,0.37185443089879844,1.5571429436509037,1.5538715742097202,1.5565068627009226,0.4270226085187158,0.24978186611536374,1.26579071923609,0.050535485825266,0.0969954967387025,0.18762965727929887,0.14642699502001122,0.4605624269408063,0.05353879664759554,0.07365299103959301
MCC-122-09-1A,6800.371344244701,0.2111815811100037,3.37527380518914,0.5793353142231624,1.918127380418225,1.6939687258229617,1.3017970416823448,0.4622212113961127,0.28725799757786014,1.9391059247278162,0.07679578123473484,0.07214390933357318,0.12670985382490602,0.19982369890845667,0.4522689648574224,0.07703113241709966,0.11941780943112919
GBM-010-01-1A,7605.68461713247,0.21734154568566016,3.574295544888073,2.107625186022683,2.7734325834559077,2.6790781004496833,4.298509329761822,0.41707481967920307,0.4178987315859564,1.8274097913874203,0.09033323063393278,0.12472551945981056,0.1366816075740278,0.08506727356158499,0.25188291164975496,0.06194152065773904,0.0702548113374777
LUAD-096-50-1A,5643.036943136544,0.863077502708256,3.3061187875514344,0.5138199203694492,2.528539589414143,1.4308378096971412,2.1148958065204964,0.20444369861391432,0.1643507904937974,1.9574318561424537,0.11941689607784488,0.0766186661369951,0.19375037571333867,0.162885015090956,0.43226066162169585,0.03418973094963842,0.05200332991532487
PDAC-027-23-1A,4783.88219405776,0.8718039051698181,2.755126593634318,0.8744853789120268,2.0347198089536787,1.635610766956481,2.2730423873530676,0.18446038686941063,0.231030819936202,1.6611482453956923,0.11496869884659824,0.06051140605734517,0.1694325202009077,0.1814787150130805,0.12666121303283331,0.018087998265496407,0.05933108466277301
UCEC-024-01-1A,16016.692200557103,0.16117496132261921,3.0401595456143635,1.403300740863246,0.0007919685925579852,2.2734770403000955,3.5413306278212637,0.2826686598895217,0.31183147909703174,1.7452486899455049,0.20307491980350464,0.17899333111112367,0.3360903225501394,0.3161258756312825,0.1511776945006034,0.05168981584001927,0.05500228526790385
DCIS-028-01-1A,14234.416517055655,0.164239895220227,3.592271412582742,1.5201482592603464,0.13587330099047737,1.8049932860982383,3.8001570985776816,0.34940577092591607,0.5423683493291498,2.2397541582569307,0.20111789642254263,0.11663584210076476,0.27013049936534644,0.5168897163752028,0.26763796195113415,0.047700506334624235,0.07983518190925237
ESCC-111-57-1A,7232.244582043344,0.611284873171558,3.5684781070679965,0.9772598881877358,2.056969712204522,2.430573192511799,3.0108540814213374,0.3051610586199898,0.35328876152591027,2.608740241268375,0.1701341255270056,0.10602769452762015,0.20203527961930895,0.29245978295184055,0.4985296577971973,0.03872544926369363,0.1321297445886473
HNSCC-121-04-1A,6835.368421052632,1.046956653313889,3.559721384155337,0.7381663195982239,1.9779663549922715,1.9444746386029408,2.7947584497876,0.26375772998019986,0.2375325402460727,1.9900525786164864,0.1449418865617496,0.12605225049528768,0.15544543437421007,0.35425343008636223,0.25889859154046896,0.04117990603011416,0.08073422189509766
PDAC-046-07-1A,7098.169587337479,1.6524538773412771,2.5815669544066657,0.3125906335818089,1.393693471075743,1.2354936087195583,1.252351183171011,0.27406104367629575,0.2585438455178033,1.5561456518910968,0.12258647767739425,0.04741466240546069,0.1783052898236269,0.11017539261312177,0.2871316373769046,0.04067484278644235,0.08094378591004726
LUAD-096-64-1A,7490.676509186352,0.562074018188809,3.120539370907915,0.4948106026890065,2.0813586221192426,1.617509960641197,1.7149945195651728,0.2533730307657966,0.12307748426890067,2.0352490739155407,0.10959182704683831,0.10384405383739931,0.12490017983658537,0.0825983539029802,0.32117789149817705,0.021166338968848227,0.03599403151588209
PRAD-072-04-1A,4988.358766233766,0.5385337346805776,3.2865059694786676,0.5412848911798266,2.52184930292421,1.484164262964067,2.1350662445676014,0.21914832704053208,0.25802388523150716,2.040039984515952,0.0839793137948072,0.14046121310872875,0.17962423393854066,0.16999143846881204,0.5233038755634083,0.021306953654018152,0.039267111828017585
TNBC-008-01-1A,5299.116972477064,1.8620967787386864,3.406432300908502,1.5435838451675639,2.2773265426573475,2.0504011757139953,3.0418467440565053,0.21163230407595318,0.1209206763879934,1.4026248903266991,0.16562257239720293,0.14708157133836577,0.15836810979344068,0.21436548774626915,0.05454949964030384,0.02525184997576264,0.06893714899870125
GBM-019-25-1D,2467.8233880090497,0.6026458788039998,2.355563255299311,1.3920859846864264,0.0,2.170454626435365,2.007223858153005,0.5819245033700393,0.12378440110054383,1.66964954114783,0.1427607095809524,0.14021121656357566,0.13574248336061462,0.10051751519653473,0.20397580814086144,0.06904331173668672,0.047483323439496565
PDAC-091-14-1A,4458.596559812353,0.6242835536408753,3.745591674874462,0.7466981818472097,2.206124189906473,2.1360405060868977,2.622618865769475,0.22949538586979393,0.21096212901022696,1.862346313860399,0.16274001253778037,0.05312122102968334,0.19466559752704363,0.12645244004078177,0.20995786142461748,0.02706666766269245,0.08380973739306453
PTC-069-01-1A,8069.028305701577,0.4566899399783777,2.8340531673921414,0.5114551346737743,1.8863891959472374,1.8071226319484697,1.8964972718373283,0.5351926824515633,0.18045211636141584,1.6025631039412214,0.11699845249880117,0.18141655151149666,0.29422349894809197,0.15920911927708045,0.7242548637953252,0.052990542332927076,0.04238358646135692
EAC-116-02-1A,7305.231383664004,0.6482621225873962,2.6941289480395487,0.380775741831241,1.6677144576244336,1.0799532878319662,1.6421228633599103,0.4826771643005727,0.22454420480279622,1.6706747243828517,0.07313605710932997,0.1556891029545927,0.1337500276854667,0.2331057695456225,0.5199245588452699,0.049423399858485595,0.05816184448334791
PRAD-063-12-1A,2337.8095667870034,0.4089899973013393,3.096112299458856,0.24956449383579943,2.364017519335704,0.9723206476833242,1.5566652490611554,0.16585962511966781,0.18038241470963035,1.7099674508333962,0.06627265556898394,0.04934268774618302,0.09419115187529441,0.09977838986591221,0.4411473598710992,0.013523509951669994,0.03009117018978727
ESCC-111-32-1A,7815.776006377043,0.8523616830052041,3.0342521291593743,1.1299289968933413,1.8199080822169256,2.3296261522075854,3.3175238101931797,0.2343459095469156,0.35117322473909307,2.1696830709852044,0.32129291073760624,0.18541784403177702,0.18840606903546642,0.388818834103646,0.4101382878769241,0.024235518231822448,0.09534004961679599
PDAC-027-17-1A,6759.349963135905,0.7984726276524651,3.02103051826465,0.9851420435240492,2.011514653687293,1.9921678699993384,2.9690648490232134,0.19963806030271247,0.18490345670546804,1.9224672218148613,0.12585603536297282,0.08697442785037433,0.20450988858481028,0.2169732690271613,0.10712877304833619,0.02993995709648105,0.0365055902619433
ESCC-048-08-1A,7737.182637362637,0.9538497023508048,2.4674355829847148,0.5613129845812336,1.471490472029711,1.4327518002903394,1.77528944908543,0.2935805388296719,0.32483638299322604,1.819556835483722,0.0691683255309884,0.08192205204052903,0.17541845086096217,0.261695641575402,0.5439110286707081,0.0709828533742802,0.08082240239693987
ESCC-111-12-1A,7576.09468892261,0.6114681472180346,3.0734198888353506,1.0221964762418072,1.644213772376497,2.490519401239087,3.2843988906842476,0.24705272985421148,0.33613484552675355,2.157079873041657,0.17157005727177732,0.16700934405367182,0.21034063562526356,0.26504173265235104,0.5394003299208704,0.03436244536110005,0.08973028773219363
OV-030-02-1A,3396.7159851301117,0.7453851650989416,2.9667014585372424,0.9556343416486965,0.002088842688471535,0.9219814566587441,1.8187032535283723,0.13698893756308225,0.187300376473819,1.7195272171400284,0.10986298397403288,0.050225015700146314,0.24948486621402577,0.11389397978379298,0.12663969619674387,0.014116381988162785,0.037271545127006596
PDAC-129-01-1A,8102.955116696588,0.7932254000119945,2.938278286862062,0.6585465570438811,1.7353853677158002,2.108431440114447,3.1772650337939274,0.282625414334184,0.28193141537647365,2.1137183330027502,0.1929512440826348,0.17750388400632194,0.27005952675560624,0.16827504747583388,0.5601553209132107,0.024389937609241918,0.08540611052916802
HNSCC-121-10-1A,9331.628152051186,0.3679228133246838,3.316226656286996,1.3638002618752925,1.6965336669424806,2.73922619875081,3.411552265469537,0.4093083066845194,0.22611187510108874,2.241965520735363,0.1190918897085342,0.10671758172839022,0.2247714981927565,0.3658248315810704,0.5977896916142302,0.09453405074347389,0.12609373258631554
ESCC-111-43-1A,7878.106003358523,0.7341893392885651,3.439701808333211,1.199993109435553,2.0413741970016446,2.5435110979894584,3.438880808272874,0.2841038180757252,0.36866575302427007,2.306866345880979,0.24406392425915602,0.12941336541916187,0.2597090173503675,0.28733669202535345,0.374418625772445,0.038467522725008536,0.11704432753810175
LUAD-096-44-1A,6315.200138504155,0.9739507421974485,3.3914469750606915,0.6834459331200994,2.3898159431687263,1.752442388228427,2.258859336279682,0.2671965614458008,0.1952300323563999,1.9340567248869664,0.11913644619027514,0.09612903607496169,0.16201799231317088,0.1969998987757366,0.5369446027905399,0.02176218170786119,0.048249282872603515
GBM-019-05-1D,1983.0221507681315,3.1527184654369043,1.622620699966315,0.782917190899852,0.0,1.340771516202254,0.4730653047952324,0.27224628681782653,0.07247145212149927,1.3105072073903277,0.098752175561558,0.10423156097892504,0.09808500274381601,0.0773457040678033,0.14454943917724025,0.03408682201511645,0.03560715169856849
LUAD-004-06-1A,2868.1063829787236,1.6511292833820719,3.149585413352317,0.9600697429966469,1.993091029254727,1.4209413256699917,3.275389507982354,0.2505013545662678,0.2713853529733704,2.0522222847009965,0.13568057135577974,0.09317501959420413,0.13054938092646504,0.2558545622888829,0.16943379133278672,0.017736704080457993,0.03403948566604941
PDAC-027-03-1A,3520.1122038444346,0.8574167770674433,2.732942768568415,0.6917939177179252,1.904245649990086,1.7400239360295229,2.189959900307655,0.14622422766939783,0.21032841562410962,1.49382153546246,0.10196006949257563,0.0678802791917692,0.14506104714683996,0.17967540378005012,0.1065658628773919,0.020344469039944107,0.06967349715732868
ESCC-111-26-1A,6312.283031635933,0.7017139298854362,3.296857495726436,1.0151739223431049,1.7495272953550003,2.873717747640545,3.4683820396474987,0.21605704261197384,0.32263048459157556,2.1591260338686498,0.4633084872183342,0.15502850457583464,0.20491233895508046,0.35198769697829,0.5083575049372294,0.04604780665099332,0.12455490302082987
LUAD-096-83-1A,5487.062131919905,0.6600307281666156,3.162834883186915,0.5297085368864731,2.3643837352994255,1.649302960951693,2.1895172151049707,0.3017271784492861,0.24516490906957558,1.936203524069906,0.1611204649198009,0.1647104206582649,0.1658518755421618,0.18480277771368767,0.8663427036326868,0.031160550209262096,0.044290393248347305
MESO-065-01-1A,8943.433966244726,0.48337596506710573,3.2817471012606516,1.7113656722427493,1.8534976329115425,2.956031301346475,3.262501698546128,0.24607126046066385,0.24536515646208096,1.8569044060697488,0.36784794608935173,0.21856424185406378,0.116300479264417,0.33548161180943,0.27049219241429273,0.07146282145058981,0.101352557947416
PRAD-082-09-1A,7790.36836628512,0.38194162412054583,2.9656300729758516,0.3489006459113165,1.950814769006453,1.1636995998313913,1.6349913679089116,0.2695975676225215,0.21200186598490067,1.3932506590405407,0.06919712218931079,0.12500499804964238,0.16890379962303803,0.23803936076835272,0.43539141691739064,0.03347426977141615,0.040633464892236154
GBM-019-31-1D,3090.163701067616,1.3469217979714567,1.9175993130345523,0.8472753078204867,0.0,1.9434225759034567,1.6945374581659822,0.41132254801717016,0.15188849433932625,1.2575298964126822,0.15895345545886708,0.11898726623834005,0.15791114755309862,0.15499397336656104,0.14349464519413585,0.026544971742030004,0.04092046997182006
HSCC-130-06-1H,5284.086369574684,0.306447122523721,2.093999389368175,1.006183695582332,0.0,1.6328479603829122,2.7091149359739637,0.3266919554368791,0.2400337993894641,2.052260708392739,0.13739101606921458,0.19796079171075295,0.2058712748708946,0.22617307235050474,0.21895519732995053,0.042308127563462146,0.062427998310361485
LUAD-096-70-1A,7266.594352941176,0.4112432377433501,2.3323551893648675,0.4740922589500158,1.5343279095774947,1.4146395700522822,1.277632449757847,0.36393987323791077,0.1452050180155289,1.6094417334521856,0.08238334153194676,0.20406705481545004,0.0905416534285686,0.10414853893453851,0.46218705907757324,0.025033987538115303,0.048188944440544744
PRAD-072-10-1A,4817.1539122957865,0.4367433590307433,3.3267619958057955,0.5229229243122214,2.5800821518352093,1.5369168461987475,1.8457042180097813,0.22742256664604063,0.2680384655852111,1.7830152153168297,0.08138850585411514,0.1105413788553514,0.18716334084254332,0.1613139194401219,0.7897548307506976,0.023401716607416134,0.04159020585260671
LUAD-096-21-1A,9588.31299734748,0.3766461522159664,3.266433161608439,1.0619786636540747,2.6891067999798333,1.816970081152171,2.521917373600987,0.3477172594161463,0.22129776535139883,1.8435756404306816,0.16187677274004364,0.15633050321576022,0.15675507699412797,0.2138917913695099,0.3757840433939085,0.026792690600761282,0.043104265207897084
LUSC-092-06-1A,2632.392330383481,1.6954899951576623,1.057340963491039,0.21673973096600468,0.5423394569404322,0.5033005736923343,1.241199577551272,0.14398728370374958,0.07536209111211936,1.2415456106478382,0.06575711184035535,0.10406077948906522,0.059469705438818035,0.0784223360498207,0.46830803794115905,0.019096045049106024,0.028191076065244583
PDAC-064-32-1A,1790.5751515151514,0.9337359198757084,0.5048307759504775,0.49001451457486267,0.6869016764682271,0.47323614209208203,1.1362456970317878,0.07815675337107751,0.12159972543090516,0.28454621599648894,0.03376521625259816,0.011273206680027084,0.05510252865922455,0.10787123881244383,0.11030727898034887,0.021089138540279585,0.03562196977221357
RB-098-03-1A,2075.2471744471745,4.424348410866997,2.1205978523537055,0.6691891517087164,1.0632090290341714,1.1365345174253174,1.8376137512974926,0.12791967502091744,0.11022924267232824,0.6735932419665455,0.04265172700663976,0.051610034053855156,0.07526614423075596,0.05878084541254393,0.3092320836258248,0.015282199002708129,0.03127750565185036
PDAC-064-57-1A,3187.431228926869,0.45099736591643663,0.33052013164278277,0.1728807620329276,0.37867882922854534,0.2575877853557812,0.347459466998281,0.14450713501576554,0.1693842426694349,0.21131318949086195,0.02026680749753548,0.04889922595554003,0.07585875785797162,0.14812058449297427,0.2151051900190912,0.058374182788076774,0.06444013095710996
TGCT-052-01-1A,13975.259914255092,0.2379907369356504,3.1144677529619385,0.8618702107470356,1.9148064237655298,1.9220420161266976,2.6283228526439455,0.24492669226404323,0.21263258244614314,2.156768785575081,0.08326616913925375,0.07178558382564587,0.3587460086455289,0.2751215450943261,0.6021699198526297,0.02741681000172358,0.05139690657508579
CRC-016-19-1A,4931.121194029851,1.2522587274269843,2.881409451692236,0.48962716250766125,2.30167619057497,1.1268947029798142,1.843959108436621,0.17225931621821683,0.2738119851518041,1.4285340482372684,0.056231503383115035,0.065602027805102,0.19237399154962265,0.12811168733929237,0.27656814840265986,0.017964847663500098,0.04300793995766394
ccRCC-061-10-1A,1695.5321258199165,0.34259852386249645,2.6477427875013237,0.3514454236513723,1.812100696696223,1.1161025544504364,1.613556195642771,0.16810582571969224,0.13596557496805148,1.7237722530893789,0.0733845923324848,0.04633136100965111,0.11774743586361378,0.12564967827371998,0.24598212283935994,0.012020795199757713,0.02964416297203076
CRC-016-09-1A,6426.424961542588,1.1402300947280806,3.3689242847656105,0.9933641726794594,1.9176827527084133,2.119973624182746,3.468968396514084,0.1874899394610731,0.2636945891278223,2.2177778944069404,0.10860645039118728,0.1048045056821289,0.18313018430628078,0.22709066809407458,0.16691277343276148,0.02934953679772089,0.031049241308209248
LUSC-092-22-1A,5509.719083969466,0.5031966564441606,2.3983747917914915,0.2762109300969988,1.126174688476885,1.2065816423533324,1.349471731101489,0.30042943717010034,0.2442601850845092,1.451744542967497,0.11410189338914661,0.056512172147976505,0.13101136935857627,0.13952184236503515,0.5286376398103452,0.06591428640926603,0.06207860055306634
PDAC-064-16-1A,980.0271919590774,0.20224579046516478,0.1339382080681767,0.10724214100065468,0.10377953935607502,0.11616047213933946,0.18228227397081076,0.10124306193650713,0.0795384758394163,0.08482185558981188,0.008109041713958726,0.014359635184481391,0.022369830095757874,0.07415460335641742,0.14915154494518426,0.01514380923475037,0.03278207411126013
PDAC-064-47-1A,3792.768413496052,0.4944447293531821,0.1424390085584933,0.08762315700900936,0.2273518349901235,0.21128964466076047,0.18191623657396488,0.13789537342711694,0.16249286738132362,0.22785103668900464,0.030029618590423166,0.029496239035770335,0.11298597852728441,0.14928142564878638,0.2719449357456435,0.07284558069452404,0.09421959943630946
GEA-093-15-1A,5099.37523352015,1.2583396293796758,1.3156293739361706,0.355259116300713,0.924477749317487,0.8031001714640242,1.2766881757985273,0.22357164282745423,0.1264565158337911,1.3418688654195818,0.0590311165405434,0.07165820850937885,0.08403067673351501,0.12124676760429923,0.40378745550517964,0.02727881660702239,0.040102237432747295
AM-036-02-1A,7905.653328153328,0.3799114462141288,3.772947513516525,1.1311987752434054,2.023650948271858,2.6294177950207307,3.6202406730033823,0.2977099486517646,0.20494163357056755,1.190743270542709,0.12214289996514506,0.15963333148747244,0.17547026267023422,0.19869746942212702,0.36076296053398044,0.08760895975072802,0.08959908655009653
ccRCC-061-24-1A,1825.6144390851098,0.5646980395726392,2.6962327193403897,0.2607697888567188,1.8379933528296042,1.2101352570228372,1.5633901881189598,0.12034388298908069,0.1673678267919217,1.6066840450910413,0.06649140157777758,0.0756646480508484,0.09658082340101153,0.15007414730975155,0.35409580840033517,0.0060543544388655945,0.024635861849696
CRC-067-01-1A,1837.74616792496,0.24140420146694938,0.9499517471615787,0.3606019692248229,1.1013248593749227,0.7538419613435985,0.790343842289406,0.164971940025852,0.1535889273024985,0.3707268396330209,0.01767403776903378,0.02469108659671003,0.14174003439178184,0.0861784444877982,0.04825558773357286,0.11870367590704153,0.0668683585983272
RMC-125-01-1A,682.9454297407913,0.6232824219555694,2.1317976117287287,0.3915265632562682,0.6593936932197326,1.0895413990091514,1.3104970310967863,0.11312083268993688,0.09617661681904706,0.5558719358367884,0.021428583565167747,0.04814225101831002,0.0427977938069277,0.11508675639596135,0.1727132994786891,0.012907557882310409,0.022237052877830656
PDAC-064-22-1A,3266.178370786517,0.4106287694900728,0.04824033860225944,0.02772912722338506,0.09360632491792917,0.1008546561057293,0.11129419832691742,0.1573143820213655,0.17831557100844037,0.08760878543977692,0.0201328577241885,0.029136300037866547,0.08898332588418864,0.17401577768308066,0.1989212202827367,0.06342878516637925,0.08258499579162068
LUAD-096-31-1A,6334.226170056359,0.7780686378064817,3.3848003025532902,0.6554109808328737,2.708705157457805,1.653795339777114,2.104410149524682,0.20772620289407637,0.21735148503190113,2.0306776541722265,0.12223906806048848,0.10357801132666815,0.18754050298204802,0.19056782688453996,0.5988800554418917,0.01924762941187732,0.04039731136756561
ESCC-126-10-1A,6343.506493506494,0.9210430387569014,3.656193264141189,0.7514746677181792,1.7634521119097446,2.491078628812554,3.0650041486774278,0.1935887717516172,0.21755736505602716,1.9870255136660462,0.16439371910524636,0.11421961041006164,0.20308181166681416,0.30205618482261304,0.3288979626884973,0.039835055533182125,0.08361475166299741
WT-070-27-1A,6466.861471861472,0.47144061968097206,0.41034685221490386,0.2393779893011295,0.4985444348032237,0.14763760691286276,0.21997707455435178,0.16253215036137358,0.19844644595993602,0.1398331106937349,0.03521771557650821,0.033816567031783984,0.11868072851445997,0.16045856921137566,0.3131724588586551,0.10336248277073903,0.11214196274135048
LUAD-096-60-1A,10707.291457286432,0.32282368955169416,3.0485767318300105,0.5375446900594941,2.215772128993621,1.7127682667964756,1.6675969439182752,0.2765354466707911,0.1929393912784808,1.9750380801554257,0.14423821371722356,0.13328998656915886,0.24367016577546788,0.11438735138740826,0.39624411608164684,0.023113567863216288,0.05059057047839384
PRAD-082-19-1A,10464.313666465985,0.1998335772662292,2.7694890220948603,0.38158543933779976,1.5641148603102188,1.444998945116025,1.6504226108901805,0.5985464123515961,0.23909367554061553,1.3301579085434945,0.10627903491472378,0.16716501667045625,0.21445593341367242,0.20302701618165436,0.7085963822896058,0.05388316081123402,0.05677057092775155
EAC-116-06-1A,5408.477830562154,0.3392540728856975,2.6960176875147837,0.2471448330545731,1.2959056141444198,1.475404766717412,1.9359796568794878,0.43902225628029246,0.3444826310840965,1.4211545195510118,0.10648590198660456,0.12937272173494552,0.16909594851598997,0.18252264229487425,0.8301882427611592,0.08227755759312,0.08173020192540896
ESCC-111-36-1A,7306.449630314233,0.8760850729384531,3.31127481073552,1.010111249386809,1.9501269576048186,2.217362886877798,2.622217792009655,0.23736860183324796,0.43180770956352976,1.902253756949812,0.14360971758580515,0.11744317452497487,0.22369617975187672,0.268636652945864,0.43581884775291263,0.03574402013379998,0.08234230218124024
PDAC-027-13-1A,5120.2928534438115,0.8105041927419807,3.1664902799899894,0.8098272101666943,2.32120991615922,1.678478067614114,2.143005541308551,0.19568047102788708,0.22401777234920353,1.6626740082136633,0.0847097109025424,0.056692733854854634,0.18918698303414866,0.2011321648674585,0.17844971475218815,0.021589070291533303,0.06307469046293289
PTC-069-05-1A,8207.744047619048,0.8845334877412594,2.098596482162215,0.30440356679921826,1.1136898655805858,1.0801555152996785,1.2592650714936717,0.5787787540544242,0.2667632203750594,1.3115196380931695,0.06826302579477897,0.10608407527778578,0.12387361628362127,0.17920457706600662,0.8108843697053574,0.048884227981969786,0.07698899277986349
GBM-019-15-1D,2392.703198294243,0.9606784075816036,2.057130358900729,1.1116776951967955,0.0,1.5865111925879367,0.9813397508807875,0.3587908277316262,0.1377080727920779,1.5587093333487023,0.1912117564079918,0.10987366620037652,0.18105109016532092,0.07651038062279411,0.19234847369554967,0.036718209162529235,0.040671181053971786
LUAD-096-54-1A,7428.620239848517,0.8568081084254012,3.1846961553055047,0.7044882084286412,2.2843547714761203,1.9103159373667897,2.358886958147872,0.2602471043107489,0.23829927080070817,2.3005257088119087,0.20527391384440608,0.18296448123615838,0.25154337849380964,0.2283368715622051,0.5637261281420225,0.024005485029342428,0.03936508850377711
LUAD-096-05-1A,10363.685256186825,0.28350775775710346,3.1531256780179375,1.4196961847105665,2.61206089844154,1.902061153905521,3.1243508598758036,0.35130165546192915,0.25379452710090566,1.8648299629206226,0.13228529651425158,0.12196248915942753,0.14184948101288744,0.22985956437112853,0.4696824953590743,0.02385270458935421,0.055268744725838106
PDAC-046-03-1A,5177.821674439263,1.1870375133715292,2.475201176087127,0.4047664462144928,1.3949544424711815,1.2396024449440437,1.7262093249962998,0.3890241973766309,0.21684845571589523,1.610237187644507,0.05850329597850887,0.08905274923885824,0.1510975608481431,0.1399974503217028,0.4945788875109194,0.04226239783066744,0.05944534655268446
ESCC-111-53-1A,5261.484848484848,0.5535669910754498,3.577169689759551,0.9029855311726634,2.186627801437206,2.3845486946129806,2.8323546249781772,0.2482368110325641,0.3636239106547732,2.367865005466949,0.17247069099783832,0.12464760706539665,0.1984317671151438,0.26862736022146594,0.41417320407327096,0.03700385039334058,0.11701042639734431
UCEC-024-05-1A,17929.875386199794,0.14728413140978683,3.0706861494614492,1.3371692582886905,0.00682963565434038,2.84254597737681,4.308522100847952,0.3958921936888592,0.5325433941333273,1.7596091476278317,0.10555933443253618,0.32056242457925554,0.2978486073548416,0.722339011276946,0.2106336690201858,0.0462790247083472,0.06243457258657522
ESCC-111-02-1A,5487.7730896096755,0.9113420131280315,3.223142250469621,1.029138157722359,1.7183807442941768,2.257710162104063,2.750646560908226,0.27238139683972834,0.3787735888115613,2.0625416427246046,0.1466633890269919,0.10583019391111285,0.1721239289347051,0.2753785593626729,0.4267128597067639,0.04170825649398075,0.1207186756487166
PDAC-044-06-1A,5888.731586661781,0.7275464975414885,2.8456678702038447,0.4267062601503579,1.479262377996975,1.442100066493021,1.6031046731434127,0.4158939863782309,0.19602698998522478,1.3260212795951627,0.05756697036968488,0.0747242418881962,0.16169300034049838,0.12864373072755017,0.6176274114282819,0.051089019876106416,0.061363931643931266
ESCC-111-13-1A,7992.815263027908,0.5866340548026946,3.168203171014534,1.2897639747989222,1.7603420750589172,2.5296208662610753,3.309378155394419,0.2410016049152317,0.3509575425783043,2.0688158715780993,0.24498063615609655,0.2035328378349098,0.20033685336279985,0.2876292929087177,0.40329639309808435,0.035903722544436405,0.08648609251278996
ESCC-048-29-1A,3988.1931039618707,1.137670861326692,2.524648471568207,0.5128959451727314,1.2657265636161785,1.512216907479236,1.7442660440873146,0.2193524144085121,0.1582667312683003,1.9651809069057364,0.06483534067529532,0.060067768315844254,0.1138513339747153,0.20457680897903452,0.39846328611994924,0.035783968434269356,0.06172326449288107
OV-030-03-1A,4262.531565184909,1.0404589641909707,3.455586860363386,1.357335867496425,0.0027827878963389142,0.8284264202041419,2.5614223166032777,0.1536852843861707,0.22169188420688704,1.943255931430005,0.10246092723719055,0.057594726378920075,0.22730233839534258,0.16763945992026869,0.13056426368295151,0.015789904099481875,0.036796973919756525
HNSCC-121-11-1A,5768.137848751836,1.147469351422671,3.601022741048857,0.74971365081757,2.0075683722707756,2.3255424417919888,2.6329346033053733,0.2812115564724638,0.28686451940742025,2.0924594768030356,0.10465992229760122,0.07775865130042132,0.1500108806103067,0.26849872238158073,0.25465995200976854,0.04070311539136649,0.11100553959425472
ESCC-111-42-1A,7487.809803244736,0.6950035617728899,3.1069090451974786,0.995344312447267,1.6712603493316989,2.209068149785413,3.0224609857506266,0.29698208082424254,0.44983457225799534,2.3008694203297377,0.19867670232868917,0.1576010275209729,0.25836666909887795,0.3399780291810395,0.4807913446744672,0.032799627287303484,0.0850149676073864
LUAD-096-45-1A,6141.926746166951,0.9135536542104375,3.3790012384682786,0.6909256069467762,2.3560649812743697,1.7520869901196021,2.2974104464314777,0.26376463591652555,0.18463776998429568,1.9809125904502902,0.09996822071728013,0.1010676637332277,0.1673620809228016,0.20444054588694335,0.5647876109317909,0.019871266070083844,0.052046349155395785
GBM-019-04-1D,2257.1513263157894,1.1215738416856753,1.9452380035674999,1.133035751115759,0.0,1.5358580993668673,0.9395602829122273,0.39922348428529403,0.07780048941412439,1.4820109700639346,0.10355254405565996,0.20239545586185098,0.149906116645165,0.12772434688510323,0.13715446096633954,0.06625341099996268,0.0475596647487843
LUAD-004-07-1A,2746.886382450331,1.7084908925500912,3.1903902028678317,1.0194006868751384,2.0324277609371024,1.3986642504671938,3.3329394906450585,0.25980150522553724,0.2216749589171533,1.983993716248038,0.11552084813833717,0.08705972846179462,0.11853475954383225,0.22019106382870604,0.10950277995321814,0.012006009184383364,0.03369876349165578
HCC-059-06-1A,4386.516421840355,1.4324736805263012,2.0659425403744964,0.4541274438618112,1.0000871011017427,1.3516009270784721,1.096904920661804,0.21032513782322765,0.23244321150862673,1.0904067160997282,0.054410399996524174,0.165359912453488,0.2520531190175152,0.20067964002494537,0.20074199472576043,0.024786915821445873,0.03215923476143236
MPLC-068-01-1A,7140.812982998455,0.436602671119324,2.718584953433443,0.3458723776714163,1.5743662746609355,1.3095588181525437,1.6030126553849575,0.357151239575595,0.3209487517876885,1.5556215724609688,0.10297656927068399,0.14237426545302734,0.20029081635402152,0.23185023984930142,0.43203963861579986,0.04861725578412307,0.059582061719066104
PDAC-027-02-1A,3472.045344910757,0.8089556453354972,3.224390437973724,0.7655791225700568,2.662676794643241,1.4568097348833409,1.8303931617477984,0.13699573854352443,0.1999831083619863,1.7449957571287515,0.09552424745141531,0.05560450713571922,0.14507603187192417,0.1656286694988232,0.08889462992633441,0.0218186316014076,0.059323540450855514
LUAD-096-82-1A,6126.448928121059,0.8195039197496182,2.350140213004424,0.47440865676192023,1.521109879244834,1.4159041833293122,1.5217263887093402,0.28441839869022945,0.14146663180814867,1.2360937495143238,0.0705658129878702,0.14353365263847373,0.12499623749197,0.13132779478245613,0.2842045167067653,0.0306022419960837,0.03204822434521061
PRAD-063-07-1A,2893.580277408322,0.9782696867230789,3.68917222126165,0.35259991893584,2.865529101618105,1.345610395065793,1.5600674630713354,0.11556902125440342,0.13437103325859248,1.9827278886449111,0.059952670426829925,0.04920060288744363,0.11506372730966853,0.16647269735956433,0.21877248238643746,0.018440330170495987,0.029835405328538456
GBM-019-30-1D,3002.7349914236706,1.4214229961894023,1.5355889024517808,0.8257241531699969,0.0,1.7439348669298265,1.5569869896869388,0.2554309351333971,0.11969903988465279,1.456105943173121,0.1540004254216973,0.11676324395267128,0.17199112069261305,0.1260093651804203,0.11083303103946575,0.04656189672389981,0.02526793963807802
PRAD-082-08-1A,9734.056578947368,0.22503501221626765,2.785204049250029,0.31930013798092277,1.522044021222656,1.3167409050736376,1.4630812270544877,0.4641186765090067,0.27605162795830723,1.4309957445527608,0.060413892286460213,0.16698398719469773,0.16281210944166552,0.23802674258104334,0.6020311105678666,0.046711441808711215,0.0657901783139749
PRAD-072-11-1A,3014.6928662964547,0.45464650621525216,3.2171152693176785,0.5488245890598623,2.3603043465764517,1.2756272055369031,1.9945201601207776,0.20985090680697774,0.20662922732428496,1.674197591792992,0.07763768012956465,0.10623119568215117,0.1521614240794146,0.16403096818506185,0.6290109002078845,0.026052222873687796,0.023674968763248927
ESCC-126-01-1A,3247.935459568056,1.4525936507600177,3.3478994439673944,0.606156032324521,1.2700790296325861,2.1197546039262405,2.7707757074533386,0.1875454995404011,0.24913132737246402,1.8760893979291526,0.07984685142614958,0.08017985562983485,0.12250875471294877,0.17706434589827832,0.27169202181918906,0.02169993243103403,0.053058915760712
LUAD-096-71-1A,3935.5421641791045,0.3402992230708912,3.0615361264713434,0.48348164975196045,2.059034267631437,1.532016175087367,2.2200586284308383,0.339200370249894,0.15777683985476257,1.952218505917091,0.10722465623691214,0.08119575100015473,0.045803524291161545,0.1443657749043239,1.04734204993683,0.03875845852752755,0.045380685032329435
HSCC-130-07-1H,8099.062386980108,0.3447616265266125,2.5848978682493606,0.8317614649099734,0.0,1.585528717261209,3.056685020697461,0.3341765909315601,0.25612051673943337,1.723437796862104,0.14174330198141957,0.1905507652725839,0.13350112254325253,0.29982997728718025,0.24588520846460704,0.07640696827019985,0.08044493945653727
BRCA-128-03-1A,4170.196191575303,0.25641204419961966,2.665294783331961,0.1744299137772006,1.1861350725685935,1.2440114682341705,0.7541196795711482,0.2817152086657284,0.18447091092729154,1.2902043372530076,0.04536560652567062,0.059582326482859986,0.09998712819809583,0.10094966807415523,1.0563104836263197,0.046558801455705415,0.05130037504372313
PDAC-091-01-1A,5752.415902140673,0.5559131643081175,2.843591057806533,0.8492480181689345,1.379364114682984,1.9157790556604295,1.935470046334423,0.2710547003351195,0.24044171064056294,1.5547318059635018,0.18449590535498345,0.15673007272273126,0.18145915744249116,0.13953172584007004,0.3121772887430875,0.06081152123555622,0.08711776985643525
LUAD-096-20-1A,9773.242722794446,0.3755724131070819,3.263141979491923,1.009985580659949,2.708681061134087,1.80397750577585,2.487087152330452,0.3532152667828094,0.2158839546415006,1.8447806750204367,0.1588171131508052,0.1434314171839497,0.19380038397666408,0.2125216182448718,0.375927032617786,0.01809644071238319,0.03689840979660312
LUSC-092-07-1A,5457.911305671869,0.5311591778447177,2.4323593326292188,0.271361526296998,1.172964178468542,1.2197151294457724,1.3877764406795394,0.2920994926614762,0.2542870225747706,1.4569073389968912,0.12455853499176785,0.05796932180279458,0.12154669892534709,0.1384684351008928,0.5006189010626332,0.06864356275547924,0.06880759748955328
NSCLC-007-01-1A,4511.570467792557,0.4387203771041735,3.3006251641792463,1.3017141989743601,2.5715271408432083,2.655139873661626,3.0572840307184084,0.22817915504928768,0.18940016375608082,2.854579901586024,0.058887040813439206,0.08782993379862471,0.29422133214957624,0.18190611806360943,0.08724970456707089,0.030688197325654004,0.02768460425319067
GBC-066-05-1A,3797.429145280071,0.8565518264778078,3.431861920197336,0.7423489244753884,1.5612345023058825,2.0433005292240436,2.5955203441888335,0.18170079097643643,0.31388058958797244,1.9580493170574162,0.17271992874974365,0.1482553023275685,0.19281169191748745,0.2241986058147441,0.4654491417169533,0.03382397530965371,0.07418408486808128
PDAC-064-33-1A,1663.8647910406992,0.8585450486177123,0.6712860540422263,0.2318850929789286,0.46180800633061103,0.30371416850465255,0.6600491479912247,0.08540361179251596,0.11273514876275766,0.26018320527109945,0.02852378271365768,0.013966815049550626,0.06776032273844589,0.1342442550876082,0.11394796615003737,0.027301189542863615,0.05692194203742725
RB-098-02-1A,1674.5256723716382,2.2611667474188124,2.3284335585006914,2.3807548907865237,1.4711303267309677,1.47308922601558,2.532446985789208,0.2477291930356451,0.19457304655495006,0.6348410033120296,0.04000031531527873,0.03977549415085146,0.19211166575043717,0.1691237004823716,0.2524702995857838,0.02275109004890369,0.035661903972732396
PDAC-051-01-1A,3711.4406196213426,0.44371693730036177,3.250816517445004,0.7888242955953532,1.6531899619410626,2.3341876874510175,2.8300356352266665,0.21703544691546572,0.3558480042362296,1.6663828441532154,0.13702340519306114,0.0856905798551299,0.19595402281568872,0.266562154089294,0.29202789482783165,0.03173486523603686,0.11734160576643729
BRCA-135-02-1H,6095.27369165488,0.28735429310959426,2.764703594595891,0.9725187985151521,0.0,2.000222668502831,2.2464129260334467,0.2841328450059643,0.14707138376061157,1.8915054709361765,0.05506180511304383,0.12041443129258382,0.42502308976202885,0.25638314896393943,0.15072645476475754,0.06991261141850981,0.05150690146886613
PDAC-064-56-1A,2887.1833504323613,0.698854771093385,0.3358526603043059,0.11984544693710722,0.3549148844772469,0.37357293023176424,0.3476315956983948,0.12978883250891068,0.21988882448333097,0.34147941941878895,0.03165185303969917,0.04890715723120377,0.09854715283940034,0.2199881775874757,0.3857299219955079,0.09023370314665809,0.07684519596127927
PDAC-064-07-1A,3199.1502844810675,0.2582246180320053,0.09814200313029986,0.053704365360902735,0.12346770410690577,0.14347198545184475,0.15596892305871915,0.10330605623783241,0.1513683609022826,0.32893840455550616,0.00956208605106479,0.06246590162903162,0.22879539721559602,0.09068672326570776,0.18478654217373652,0.0472352866226492,0.037557034272584354
iCCA-066-03-1A,6807.513690027631,0.6868280519798745,3.5864050019297316,1.281887146871667,1.9238776339787247,2.2926587748196776,3.617277831244951,0.20558896008946068,0.4307737046303019,2.0680738447962255,0.12108959334699981,0.14853528911683656,0.2280427255218487,0.2741537625652508,0.2552221753738929,0.03040948740942172,0.09205548283967548
ccRCC-061-01-1A,1422.76472442931,0.3777121023929866,2.6374529252372856,0.27452405193965773,1.5878277716513371,0.9101607409771377,1.4395659634584619,0.19129730511710213,0.13064087044546305,1.7581758861652845,0.047328132699353966,0.06317660241288095,0.08664903851738721,0.11949727754152598,0.20828173370948067,0.011539762678159609,0.026271330814891025
ccRCC-061-11-1A,3927.2363468065414,0.45392530525967345,2.995280700273797,0.6071451120937686,2.1802745496569145,1.3760701073358494,2.170467443925935,0.18766686331340177,0.2652833064656258,2.1866383104330613,0.09872600303968307,0.061235886840150064,0.15732236914366182,0.19179194992244505,0.28535871202687224,0.013200183620277417,0.024329830074505968
CRC-016-08-1A,6297.395706289652,1.162814685255472,3.3939424173474535,0.8735178205529286,1.8049636395400104,2.2085537721907964,3.472555012915821,0.17397092070881778,0.28618217774780197,2.3005373072777657,0.11301031058899276,0.1059511637634604,0.19019138140800965,0.24476342447940327,0.1726070349760939,0.030979088394735812,0.0349630612159829
LUSC-092-23-1A,5957.209265175718,0.49685508963973996,2.375269416356492,0.2763047954218112,1.1797325311208458,1.2406513482599182,1.3907406229334254,0.2964091303719515,0.275454587808588,1.477232443725508,0.14464227398978327,0.06061618408807022,0.1218494106553767,0.14392759872935187,0.4994932758649452,0.07539304504483767,0.0839281276384686
PDAC-064-17-1A,2647.5211885046274,0.7132715106990594,0.06030344992350777,0.04847827750756932,0.09630800653199012,0.11012590987780574,0.19381988539949505,0.1454921950340687,0.14193764649553334,0.12293734444251585,0.01854250863014594,0.02416893535884034,0.09974872740342199,0.12320412974490341,0.2099247340018691,0.07786964506325153,0.07961551782956351
GEA-093-14-1A,4674.43484353106,1.0087478898450983,2.7929918267799305,0.2567731867841062,1.631977405478629,1.0816698340467306,1.6766116406482994,0.2580028496125253,0.24627059014642974,1.2804777645891143,0.07172404315023126,0.09173436714909126,0.18032268276762883,0.16868767964801373,0.6589674447906254,0.058025042924952155,0.05430952859574758
PDAC-064-46-1A,3643.9627261099945,0.6058424257634571,0.2567015221368936,0.09917902983342071,0.3960276148666277,0.33133272868510844,0.5469657895518386,0.10803151106372039,0.1976675935871173,0.20173150552781316,0.021255468893682402,0.0527571153450893,0.10102876204489007,0.1749274506343317,0.38204414076434684,0.0618181716230314,0.062030953216412325
AM-036-03-1A,10273.801446183024,0.2723293628195894,2.7951710819127906,0.8413239307170167,2.1425135283126466,1.8828705663192338,3.0769021460234574,0.5084808728031168,0.2777054218411288,1.65024959198788,0.09515549915034019,0.13083219429199636,0.32457333149653095,0.2067688696551899,0.6153402254310201,0.09979154653641951,0.050551752061089444
HGSOC-042-04-1A,5956.911873350923,0.798798225915245,1.9526011990060332,0.5348324853576921,1.1439738240155,1.2912912404604184,2.710716486810097,0.2928364658878887,0.2844736713859697,1.0164212993521722,0.07179162041646815,0.12355234283369791,0.16862513665495107,0.2295964596687289,0.36957822817819286,0.08228550357195268,0.042831982451321596
GEA-093-20-1A,5833.364864864865,1.4262899438436696,1.456370452984831,0.37430950776083277,0.8981497459749077,0.7650219755485039,1.2385674667832,0.31779394745190226,0.19194652700341955,1.1286497461895058,0.06736366614669011,0.10751880784219695,0.11771013948365226,0.12354735810790414,0.5171152737986063,0.03688376020227307,0.04471709609812711
PDAC-064-23-1A,3539.6491228070176,0.3789832804734278,0.04205112240885266,0.03127435484955896,0.09791543189345087,0.09437636882396387,0.11014907846021867,0.17058856022016156,0.1797679668899309,0.08757394265336609,0.01700556855713714,0.023038827074915027,0.0876569756726012,0.1752072534871048,0.21046396257070024,0.0692042707335137,0.07343614573860786
LUSC-092-17-1A,5546.581659719591,0.8320904421424163,1.506718260073613,0.1725757867245833,0.7661622213263396,0.72161513925344,1.31386326436473,0.18334217955226165,0.1423744540870226,2.0704932787044976,0.19009568340209487,0.057300872347178386,0.10059732339465004,0.11241682705612831,0.42526285341855685,0.028327050502564812,0.057231423183119454
PDAC-091-11-1A,4884.25,0.808693583989758,3.3900722448392737,1.189587017129567,1.845392811245559,2.102817780762123,3.195442025694901,0.2383898048495946,0.22242767511489694,1.7495211477720825,0.19459233877415194,0.12370429818585191,0.1801960457499743,0.11857211966048839,0.2266323199259514,0.03365812921800016,0.10313201046910529
LUAD-096-61-1A,9228.805976095617,0.33371278602471954,3.0945696063557744,0.4986690041197273,2.1747150910481534,1.7263350008053944,1.6089266661035102,0.285111674017141,0.16449520251221855,1.9454628383873909,0.1388864558689925,0.13385738571181105,0.16530580299075076,0.1036924663598811,0.3600270467165417,0.01918778628193615,0.043169203993442304
ESCC-126-11-1A,6255.038869257951,0.9109846074998278,3.6499504405702914,0.7417784687407337,1.7495946080252882,2.504955178199416,3.0800907112129177,0.19087293332684924,0.23069808868106648,1.9891686389577772,0.16247196935638814,0.11895390085697392,0.19631614142863807,0.2973238922267709,0.3332646477728211,0.04183776630804857,0.07583919987954055
PRAD-072-01-1A,3266.3752825923134,0.4233156149186392,2.9346622616349864,0.4030329373637239,2.190020816113065,1.2022550908900884,1.6054893831300339,0.3270678193616226,0.1952322158882361,1.4615911004333442,0.06336077895610383,0.09919121565195425,0.14233747668248922,0.19068392998147077,0.5696546247629654,0.040775299056118194,0.03957352825289004
PRAD-082-18-1A,7735.783125127995,0.24004441286332887,2.9149354071721794,0.41245833022850253,1.7745223328232058,1.6834524264145279,1.8313325841612944,0.4837996154775133,0.22522578948272856,1.3639035861301578,0.052769649803356355,0.2088941705518124,0.16033305754585767,0.17561948264126437,0.5043339195608453,0.042242535449018806,0.045701863522315686
GBM-019-20-1D,1528.3031317707307,0.7851317553528481,2.594191588218287,1.9395969282569017,0.0,2.501387488232749,1.867251903608074,0.4684856782887264,0.3385958801463716,1.9445081803672806,0.1408634195211195,0.14530966584847405,0.2287436586114188,0.05861455957295382,0.13381265095581568,0.05482713899073875,0.037673712940156444
EAC-116-07-1A,4273.135724499523,0.35537628139193117,2.740865777453569,0.35037361597414696,1.4391818372105842,1.5421469640665093,2.1820545972860335,0.48721951976808436,0.2592369723786237,1.6210486344312072,0.13734613585661407,0.25505507988433584,0.14223825986755342,0.1737622891052142,1.067905260086651,0.04720671428594122,0.050649564724870394
PRAD-063-17-1A,4407.4236069502695,0.5079980644757159,3.103200658441996,0.5850007886007224,2.3207255444378467,1.4739229777543215,2.0495280972579337,0.20064384934340695,0.20702521685074857,2.0348000206808323,0.09782663582228979,0.10673480665859145,0.18157993455305996,0.18509715937805943,0.1970497512259558,0.028346253148628233,0.05698508729922934
ESCC-111-37-1A,5954.078743640787,0.9286767470492524,3.1054721816451307,0.7961446192081199,1.6443092822603362,2.2028622423421043,2.8132493953801956,0.2680937925205759,0.3888337245031315,2.232841332742402,0.2040666791409023,0.1414687449996217,0.21129601544321402,0.2808532649858398,0.6853239816487944,0.03807921153336275,0.1107014258631325
PDAC-027-12-1A,5353.896978417266,0.7412069968536771,3.2719991487415765,0.975893886018762,2.5049736020627833,1.972020398798327,2.714976949924908,0.2564935914458586,0.23695845230716858,2.202633534196742,0.1299239020178619,0.08157913808793556,0.18042339263701954,0.2914940724172097,0.14362566036542665,0.020737638061831997,0.0518007226055755
PTC-069-04-1A,8143.780393108469,0.276390162397967,2.7736928767042572,0.46600735040863484,1.9201283852888233,1.8201172500615381,1.7584525319820743,0.5665841194000607,0.18942004787747319,1.487225723841935,0.12667008404531246,0.19080048853700396,0.3032085116841916,0.13382267525730177,0.8656173817155121,0.06484556410198655,0.050868118101814935
GBM-019-14-1D,2625.1672985781993,1.7122495674888556,1.761455465494005,1.0098878478705635,0.0,1.2147090539346244,1.0136560529848755,0.3715523816621393,0.13204568533432431,1.2634274915464483,0.14243397412359832,0.154589367345552,0.16572633695101943,0.09670815778033966,0.16335256657158945,0.07166170448879063,0.04923908584554228
WT-070-12-1A,5307.026180990324,0.39931585039834117,0.3431183992396375,0.11824847913890131,0.27223329594744794,0.16261966981303408,0.13120588687701895,0.11554399977861787,0.18810835961958172,0.1963741025117695,0.01540734313986836,0.022997880149617327,0.06653577546385858,0.19636930125581878,0.17118813473724875,0.05412583893867129,0.07780287337167781
LUAD-096-55-1A,7479.305105547373,0.8710098585598283,3.1633153781665557,0.6747149324702579,2.276012173587137,1.886658919456283,2.3475936913532403,0.2670537279862324,0.23421061650100888,2.2746857114695413,0.206993736633553,0.17022345497952518,0.23549539112507986,0.21763579585333676,0.562760621178718,0.02193292165481586,0.038364829300894576
LUAD-096-04-1A,10846.859768550034,0.27774505446478714,3.1098822075352057,1.3761394532076414,2.577299702968595,1.8780033126750761,3.058887407316816,0.3190049791306712,0.25241544103351576,1.8234825566039343,0.13898142743712583,0.1268537677398133,0.245936785894358,0.24202235903340386,0.4589884234947717,0.019372127716244004,0.05919630804360787
ESCC-111-52-1A,5128.224502112251,1.4109262248729764,3.5098411884784206,0.7313975871346585,2.0670207340166793,2.0713107194434386,2.2834240291163725,0.199435762119211,0.38704836638351486,2.29876947858502,0.1653439304613765,0.09421953850695783,0.20372125736671348,0.22403853216838643,0.3049461514616706,0.027921347974145274,0.0766356607247868
HNSCC-121-01-1A,5541.309363422028,1.1067400643810466,3.6002697172463773,0.6513649964837845,1.8903851796235271,2.4335887153415157,2.896328555649333,0.3110607105047403,0.3304653904075103,2.366872553321704,0.19897384787334063,0.09613284033659128,0.18257511972982263,0.2829406237199094,0.4036637023740508,0.05353583532877251,0.15518715704211927
PDAC-046-02-1A,8321.72225025227,0.771590347831102,2.7390494973062434,0.5487651043516543,1.6000205363057793,1.4889534092159609,1.7171868336994467,0.37546665730573103,0.2455790734392767,1.6294572141752348,0.06739437944975103,0.06839035338520316,0.1893029603735296,0.14367751851484986,0.4989106500432979,0.05136107514564113,0.05386142695328354
ESCC-111-03-1A,6470.02521254764,0.49252411995273376,3.1273947805080846,1.0671608952383436,1.7629883502168309,2.4142960433191556,2.6753473506208327,0.2332045742035338,0.35529234155444067,1.9263284364172433,0.1523605212490628,0.11548605436166914,0.2409885463753888,0.24014796047345868,0.4124120335177328,0.036215925786181165,0.10051080632427598
ESCC-048-19-1A,3642.066440738429,0.5359339578945147,2.0694443720807043,0.42434931311349944,1.0368249769797895,0.9447939054546731,1.2884896880850578,0.5425251351010487,0.19374316354741858,0.8487452501152171,0.0797021532921153,0.0934283534553702,0.1396905056693728,0.07298996788187329,0.7895455604196326,0.05539895961006891,0.05567466488530949
PDAC-027-06-1A,4877.736198149806,0.8657684777948187,2.8020423066144016,0.8298795986639431,2.001335706339156,1.5908017349821904,2.39404759480006,0.2057016680442786,0.24546634229637138,1.6967686304776581,0.09757023287033419,0.0730358358589233,0.1915708736104586,0.20047380555491792,0.14044450042005238,0.01815936928823441,0.045153035053459106
ESCC-111-23-1A,6437.939893143366,0.786768081036805,2.9477516882182955,1.0215301635231204,1.5800106182581202,2.1348315421507613,3.1062956405596953,0.23203642460013246,0.4064161563921434,1.9094659956725144,0.18512842214871664,0.14286551051398524,0.22035641551850796,0.38708570426863564,0.4729253496961616,0.04095116625245537,0.11473561679241584
PRAD-063-03-1A,3124.3175540077914,0.9220258098949597,3.1467464179756353,0.4888137351627468,2.2121664818637163,1.5366649979606244,2.02254454967536,0.1322144251591579,0.14311176150305252,2.2218094940091397,0.12837515244978057,0.029816342054751793,0.1332134219789238,0.24705360361566328,0.1386379179229153,0.031967835596243395,0.05108357137510699
LUAD-096-86-1A,3855.7750188111363,0.997709353584344,2.7394379966686286,0.4486063363614172,1.8381942578533568,1.5398561321587079,1.6418137950608012,0.16711194662627132,0.15369885080811221,1.9095587947069508,0.14155355419534038,0.12142784295583514,0.19846999733771403,0.11980840648479456,0.41426404344866946,0.019614577308598835,0.046918231649417136
MCC-084-02-1A,2103.1705597179375,0.4997524829695394,2.5861596052431697,2.421136307374589,1.2046302062060827,1.529749984986979,2.1517583508686764,0.1020427199629514,0.11417695358680104,0.8914103835606271,0.9502968983917776,0.026150195504758503,0.08044668371783432,0.10310850196177655,0.07596626636757962,0.021575063398603635,0.05515661977129121
MPLC-068-05-1A,6879.244434278744,0.7349255083563816,2.8961196401331843,0.42390592370350944,1.7763798333436294,1.4705081722212108,1.523381500743067,0.43532641831746677,0.2452598327882129,1.665809415878892,0.1183427111131923,0.14355433564996317,0.1824109779970891,0.13666679453732708,0.7513165327676644,0.033264024816091635,0.05609808425145373
HCC-059-02-1A,3910.7483490016316,0.7311064415680923,2.6445457004375967,0.3737896092666244,1.1592896223758697,1.3556506248663327,1.1655175394059558,0.3009620842269466,0.1554730706683532,1.31156293924332,0.05199096330948961,0.1119652256890623,0.15360979175124195,0.20119719712222794,0.2706726191732397,0.02725883819578732,0.04084669983129388
LUAD-004-03-1A,3872.2163102933864,1.9276062902712177,3.151163019367306,0.7527195842671491,2.050157948687624,1.5470622603034696,3.221311605623643,0.1604749600629871,0.18688021837419053,2.039361437640059,0.09622473052153699,0.056716699992392774,0.15560668554954987,0.15979310901461266,0.09422385101642775,0.013618274970578926,0.030308870824630945
GBM-011-02-1B,735709.4914134742,0.12703705593220996,1.1210016299278054,0.8742910345348857,0.0,1.8548510259504052,2.8637229886404345,0.21943519634695943,0.17553588947902718,1.312105878862805,0.05793204077109113,0.180286641240888,0.2586446108094005,0.12244934444265426,0.6623129570398263,0.1025551216074667,0.09759337148779341
LUAD-096-24-1A,6245.102250679084,1.0855416290752626,3.3531127126487186,0.6560845708205321,2.7155536561206968,1.550823470662088,2.3075550729009904,0.25037651939567773,0.19713851025447485,2.020340990260783,0.11562101411873306,0.08675461389801041,0.19404019316920837,0.2067953282738921,0.4377847609096729,0.02013138313435305,0.03746265269017055
BRCA-128-07-1A,4086.9985754985755,0.5533981839184628,3.114652747241113,0.6418043527610288,1.2581752310060355,1.585034161778662,1.8290860543524194,0.33441201874530874,0.12198491691029906,0.8618332594780969,0.06830777518410636,0.0963588612407086,0.14648207759365706,0.16248715785802326,0.5442630789999554,0.059120145999855024,0.06410585921850355
LUAD-096-75-1A,4245.726394052044,0.3080972721430318,2.9808117834316405,0.447228129970705,1.9732286592501298,1.496611400811383,2.1262537355259727,0.33713556550737434,0.19461685029883663,1.8643628216494,0.15770942311350777,0.09464691677103015,0.14859855914163939,0.18412221710805238,1.1440854376253495,0.051873214211956314,0.05528570867636058
PRAD-072-15-1A,3033.350492051476,0.37197858946458007,3.127129386897047,0.6470330935997637,2.506357178257111,1.514713412128502,1.950614017309173,0.2719202008391087,0.14486940333367876,1.7747515614386271,0.07537155615510052,0.09003925200993763,0.16698595101669028,0.17444291822479585,0.2976813107154099,0.00888222793756559,0.04073062857031208
ESCC-126-05-1A,6204.39612609191,0.8704514319054514,3.251989846322781,0.8983516552447885,1.3811306326299277,2.4873548582411598,3.476466556270094,0.2453840421519573,0.2321515056013472,2.41529526208402,0.23549291425038205,0.15818517445681854,0.2093830872806748,0.34995587107138953,0.32576222564696194,0.02499282808904078,0.07979281541270972
OV-030-07-1A,4554.283333333334,1.1885579708632175,3.151928935345052,0.9323191201673047,0.13758866890628585,1.9134936767251125,3.688711296284246,0.18262635951856362,0.14915990641496224,2.3612929556968982,0.12575481645914846,0.0437702296312942,0.1963801653220884,0.25204234663007585,0.08460961506329796,0.021845649401337132,0.040260859652745715
HNSCC-121-15-1A,9279.152771900128,0.8329596195099979,3.2015061679340384,0.9600000748292818,1.6290316188758578,2.1578907290806875,2.7998872919055255,0.2970725024188411,0.3338670031496882,2.1767521264848244,0.14469566948667373,0.10480231021582782,0.15771354337516505,0.30070745980800306,0.3761135742033365,0.04670787606771641,0.11127673349954958
ESCC-111-46-1A,5529.396456467899,1.0324901669027358,3.502010515995232,0.9287866689048359,2.0322062217452097,2.258502266074906,2.7246456240225014,0.206137239561213,0.3359770354895804,2.0675290269169517,0.15710272048694618,0.11355206742355511,0.2177896192711456,0.2672950961062791,0.31171050394637106,0.029990935995506604,0.10448080988244676
PDAC-044-02-1A,8009.948522402288,0.6801061138422703,2.1764761463428206,0.5854626746683603,1.420125832667755,1.1960919711031384,1.490126330989418,0.5064156499132753,0.2041907751823375,1.440802656091268,0.07412120695557974,0.08866250878859172,0.18815727372235413,0.122762271187007,0.5989329378444802,0.06048573654239811,0.05155010083311562
ESCC-111-17-1A,7886.030393921215,0.900983151890844,3.2875577251052452,1.0242815748345124,1.8409767326192348,2.494672412903676,3.3876105044425895,0.22635456670096257,0.37816635733271303,2.2621102365314676,0.19346622728770507,0.1283624900708601,0.18894915088419229,0.3701954561550281,0.34821532186721754,0.045344034078042654,0.099593159615074
BRCA-071-09-1A,6687.716129032258,0.9444110783923398,3.5000288802512465,0.806557706360277,1.8441606718142933,2.5631688175094207,2.795084542760937,0.20907776440985762,0.2717148323054941,2.1833691278673975,0.1367211413057276,0.07837084611806636,0.20234668063821082,0.2288031135428116,0.40958357890923963,0.034705293231669015,0.08472613132228829
PDAC-064-03-1A,3276.0874107379,0.36188198878657896,0.26544729122764676,0.08522664679593586,0.48328434538471354,0.27551518764971655,0.7748861900649154,0.10667026838911668,0.20652646624574628,0.323809885588135,0.01853658785252369,0.040569464520379336,0.08656653061824884,0.20148405005625575,0.1430227624465512,0.05754743429072117,0.05697711838211587
LSCC-034-01-1G,4730.847918436703,2.046491515801451,2.012339185793018,0.9224449302323159,0.05902146791782805,1.6440026629916378,1.1877338928140495,0.5470599497247193,0.053018890546901176,0.9648033327674359,0.0735445829457518,0.11241414832323501,0.3516972759207404,0.12090232488104184,0.05405310388268371,0.03742732284555046,0.018489761244027944
PDAC-064-52-1A,2759.1549607752654,1.075461844485724,0.15204628981497464,0.051835661420898446,0.17782660699355238,0.2138233890341305,0.17780344392472786,0.06439414951544552,0.1321843688351671,0.13726070893049475,0.013289758938782672,0.027648198329575123,0.08452134939746356,0.13572722470128548,0.15972878875462024,0.07385966198483641,0.057254547594491764
TGCT-052-04-1A,9499.706699598642,0.4189278357007041,2.9197149570251684,0.8847371930202105,1.938504417951304,1.7342060707745275,2.539889836110468,0.24868918005069934,0.2251131220618183,2.015958190137268,0.08248346803193775,0.08186781965452271,0.28127433380783456,0.3017579963091385,0.5105795240260561,0.043407177964392356,0.04726180994306402
ccRCC-061-05-1A,2084.263374846518,0.3426848971874158,3.130048420012265,0.3938819010553182,2.227381843112694,1.2859920226839638,1.9561887983376864,0.19594930807942992,0.2736209464489217,2.142898843908509,0.07086480847436694,0.06462054475736027,0.12156128250553881,0.1692003706944784,0.6305197166669005,0.01781865400635331,0.018671347315280026
CRC-067-20-1A,2987.8909242298087,0.8860786154189059,0.0857705587962299,0.05802658584084046,0.14464446399105813,0.24723618143435952,0.3926938354830975,0.16330530797829756,0.3528876912455784,0.1414772031276462,0.013246608572538418,0.08961938497003491,0.15106470931028643,0.11161603541129113,0.20446601417485902,0.08698984689037738,0.04192683018525131
PDAC-106-08-1A,7493.543450342466,0.6577071687675883,2.858934975725085,0.46315519305144764,1.560070897007635,1.377360427237904,1.8006257959621808,0.3789898030439849,0.25325424738305086,1.7391515832023705,0.05862549974681074,0.10477136412369761,0.14327365198516387,0.2334596408180678,0.6320706975966041,0.03320098002064447,0.06139054879524951
GBM-085-08-1A,5867.07324106113,0.312505322528338,0.5441460268263257,0.21125344086929185,0.34323392087581583,0.4223977733455962,0.6015275344658637,0.17311857290903102,0.16526600927648338,0.37602479693712965,0.042267258853409644,0.029813462349405507,0.19413960152324403,0.21069148733242904,0.20901604841814103,0.09899259129433147,0.10683543093382271
MCC-001-02-1A,4541.977092877967,0.6843388560084367,3.745821315609525,1.485199658631251,3.0093726737126207,2.356038128229352,3.3443201544459296,0.6194046930550325,0.15306900901463885,1.8059451657067551,0.08021808000469925,0.06780582437593928,0.10221902337143689,0.09293550292616992,0.23789473125779642,0.03068729388101839,0.07813126836346534
LUSC-092-03-1A,5679.011803686063,1.2464732439569426,1.769200918574673,0.30319771593846234,0.8745263862537832,0.9569351288196194,1.6191689200221817,0.23028064661574282,0.17673836378566435,1.5304009114482315,0.06921847518389079,0.08013861575867962,0.10998559220661554,0.16916874782453842,0.5575947969066101,0.04330082450778272,0.05164935936593841
PDAC-064-37-1A,1216.8846153846155,0.9197016671985523,0.1460222179248581,0.16520901912089475,0.23171894451313962,0.1057632049117129,0.202729489336474,0.09494176212056102,0.07283618147340702,0.24329229272628974,0.012467719682281076,0.019526988222218378,0.06660050376119664,0.08024990578803376,0.12096552082124724,0.01919296805598978,0.04336714141955061
CRC-067-14-1A,1180.1638776687826,0.9561181507171416,0.13635389625354827,0.13788806417085667,0.2375125085925441,0.17713847395942936,0.2394481853757461,0.17032865580999196,0.16275711078787788,0.1317386770135639,0.009752184985826907,0.04377717170177916,0.12857687424335382,0.043014559804359476,0.1359683601621952,0.08162976623552537,0.057405518787112246
PDAC-051-05-1A,2173.8668224299067,0.7168735841921713,3.617204574356265,0.5629440399922301,1.6912620264533573,2.1841402704430024,2.337026395617484,0.1500644346751193,0.23985069759040054,1.5930010964841304,0.09553042591556409,0.07075803301054011,0.13283823101307737,0.21883957576779764,0.15598095937113765,0.03327896146983332,0.09231295666621524
CRC-067-04-1A,1753.1287512100678,0.9740132954965478,0.07144799427199292,0.0646023097486617,0.10769221565339848,0.11310919378882581,0.14801707718971713,0.11905684827135701,0.16451501358893705,0.07485542557224283,0.01158284112738044,0.02882681664945675,0.0556680535938444,0.07236354410079414,0.16701880994915325,0.016612787862082545,0.037147393627189614
ccRCC-061-21-1A,4191.885140562249,0.5325264970406105,2.9433110371150617,0.3733890802072891,2.277857041262972,1.4434836343059525,1.8347624903925275,0.19690281863681247,0.21791260878466776,1.830669721751995,0.08362293499323678,0.09371616641633994,0.1701687838444265,0.2100924588184117,0.6061743576309402,0.0247777372498695,0.024747217531769554
BRCA-030-08-1A,7593.7642369020505,0.7097258460866945,3.777663137446758,1.2494760313613191,0.04123536300795809,1.9751915549105163,2.808876953082241,0.2076152006073111,0.19166692266747024,1.6755114713900965,0.10882113342665901,0.0590608372118056,0.15567967879433706,0.118187700340137,0.2677892096259688,0.03407417800557226,0.09626580966242042
AM-036-07-1A,6026.644452649068,0.5938150500117183,3.0210927123905957,0.7083930172849684,1.9128440998957994,1.8410862459480282,2.4100437204626655,0.46375072290052877,0.4115505793309759,1.87640929760899,0.11014981136617562,0.11179840774985232,0.163079592374283,0.17909656169660537,0.4036151555744112,0.04099683394053538,0.06758391757050734
CRC-030-08-1A,9233.456790123457,0.48058762012213235,2.9911740529897375,0.8803562943463619,0.02749047988451165,1.409992109003486,2.307011704460954,0.2974762837954194,0.18717568425814585,1.917365082175037,0.0645779391042304,0.1004881153049625,0.2344183606220161,0.1826521761638184,0.2485410978456217,0.012745613779373902,0.03490458671207535
PDAC-064-27-1A,3082.201526717557,0.5812050650330304,0.033213654144878084,0.036076725708242115,0.06530850769178076,0.06300260311402521,0.027013037574590955,0.2636533559667957,0.16534073359484375,0.04477360683680466,0.01196945195447617,0.03184338554570448,0.10397436941348619,0.09912344922931068,0.12407761457610608,0.07022598118035235,0.10901542669629129
LUSC-092-13-1A,6104.261113865477,0.7371477464069954,1.9672264247073528,0.30284535706720855,0.9620444897032824,1.0453852571151445,1.3682463228771171,0.3386639845886031,0.25758157129543696,1.3241135230310033,0.1775555136390698,0.05912289879744272,0.11828454074166911,0.21336173674977832,0.778504629693129,0.06133889930099667,0.0733098966220263
GBM-085-18-1A,6249.422330097087,0.6268532771560952,0.9719039585959214,0.4696965987079862,0.5903127872569928,0.6439437393138726,1.3947735782499375,0.24229459624530694,0.19207264042124647,0.6896483253313666,0.0728842274319553,0.08070199638787187,0.1961716764139745,0.13148061063306182,0.26209900924970053,0.08891052531211649,0.13808281953794033
ccRCC-061-15-1A,2503.1020202020204,0.618252801045938,3.1858111583785758,0.4755148359800322,2.285667175049654,1.1990729913636073,1.9561170341444614,0.12272540847656113,0.23779151123115694,1.930134506404018,0.07227769703093756,0.05068161215653866,0.1439535928337634,0.14662047640128256,0.27685936676740824,0.018804123549544388,0.02428836907761481
pRCC-061-02-1A,2064.571573604061,0.47899855540355873,3.0251118795895233,0.338820234977532,2.261553820951976,1.2719359697674044,1.711828103817431,0.19905719547827408,0.17347714132169656,1.7793225029636703,0.04819774547331919,0.05594079474489582,0.11904677553731763,0.10719505377388219,0.3468666871638752,0.012888556980373516,0.024275895576871747
PDAC-064-42-1A,1873.8633038120909,0.6409777322854038,0.0702140095544428,0.06208340976918833,0.12430348299435136,0.08499022891227227,0.1568551986492599,0.19337373854512596,0.14529459476756482,0.1282573672077962,0.012045239848476243,0.035630935035550544,0.10757649575623969,0.12811247181543758,0.2545650997534222,0.047086763719589746,0.04886391770902146
GEA-093-10-1A,4605.44571615435,0.948427970204109,1.6610696472388624,0.35863152869291737,0.9140104222023384,1.0418931658790394,1.382932626505301,0.3409204540662203,0.18282642835220098,1.013737086068147,0.06885484417178461,0.15952992773838715,0.09323712409288593,0.1117130600806865,0.5919549229527811,0.03588600227458044,0.05037766447167306
PDAC-064-13-1A,4958.106618282357,0.41868210814928314,0.1459819944899486,0.09175388844052966,0.19188723744401073,0.18760535840653422,0.14864012532692575,0.14323108108266017,0.20221894291017667,0.11994342487246405,0.023579857608836994,0.02603413361461213,0.07700229223751004,0.15386234107798402,0.2875280820272459,0.06407005539190669,0.09104909127235343
PRAD-082-28-1A,10723.891590678824,0.29680664322016503,2.742420275428578,0.43289478439171214,1.7090861840144718,1.6446836392841315,1.853627223409801,0.47063822717692894,0.24239855665462556,1.2736430981427758,0.044613008644401694,0.14365860180043086,0.1584396239722746,0.2323064860133818,0.6805275822476108,0.04929730792050859,0.06179750318147768
GBM-019-10-1D,1863.6281605414042,2.5174176046549857,1.8247897558349866,1.198118276362545,0.0,1.5574544427600647,0.9650158026839233,0.3537956171994594,0.07674001331023889,1.2513209689251066,0.10068812068743842,0.12902642714438015,0.14265786567374894,0.0820023923459535,0.10296689022299109,0.032203423892848464,0.03444968338578624
LUAD-096-51-1A,5644.31461061337,0.8446603784155495,3.2625865000069965,0.5078701604864323,2.516605839066655,1.4594662446332984,2.112862942361434,0.18518295964646292,0.1680959195568681,1.9483597392341796,0.10409121795092278,0.07533715877441254,0.1810582754271967,0.17409021335166167,0.4410834002376225,0.02986520026874692,0.052373841157741276
WT-070-16-1A,1248.937250427838,0.15667384655843367,0.2432676740707615,0.20074554783338164,0.25327255657452763,0.11547519735493032,0.10144162198613843,0.07205949122274292,0.065875586936482,0.07298946506347985,0.017403899424019535,0.0210512475379352,0.05696363436480396,0.08512806048207416,0.14601856930812493,0.05135703705909746,0.05419607020409723
ESCC-111-07-1A,7678.2252232142855,1.0755560547352065,3.111060193495478,0.8753866136565566,1.7270684410070467,2.2518565384827958,3.025971411166545,0.22364868426298976,0.35645243316180386,2.0676302139015044,0.1896441395714938,0.14951005094837663,0.21558706967229377,0.3279936208794522,0.39473320256272054,0.03265369350292643,0.0998364862100607
PDAC-027-22-1A,5614.200542822678,0.7922147981931316,3.6874133219564453,0.6578037442415534,2.2675786053072158,2.0858621166362705,2.2559154055959105,0.19222614040678773,0.23299471066649435,1.7220535404613448,0.13160524444419294,0.09067368218155192,0.15930195212767284,0.1496561206961885,0.13777381574450331,0.021886093366145963,0.038769778708797144
PDAC-046-06-1A,6295.951967173546,0.6099382305080691,2.889520161390482,0.3403976092290285,1.7666295446363198,1.353295754754644,1.3461272698656417,0.42592158217640785,0.20288542344598567,1.6093165599219272,0.054538115587362254,0.06942686803733536,0.15953457919983904,0.12362811019403039,0.7163569555147203,0.0498329847633063,0.06132908203695755
ESCC-111-56-1A,6990.229467396714,0.6727048075327878,2.8839709587902993,0.9281753515466797,1.4284411034912032,2.1601573525972664,2.7823801130108317,0.28705280685814005,0.41777442276791266,1.9885414280940725,0.32807279649950793,0.13271895222666152,0.1755468536217138,0.32641664981381174,0.49463875284827813,0.046164967178592975,0.08411470091511687
HNSCC-121-05-1A,5351.036249014973,0.9582807148298701,3.7481753624170073,0.7071623007345742,2.0058526027036434,2.2783930795696024,2.8943003194301617,0.3318292387411518,0.2837654707040314,2.1352678309803577,0.13130094709820178,0.07901343032302396,0.17801391246602138,0.2502869549499876,0.4008474711907281,0.045572470917347827,0.11350679419539966
PRAD-072-05-1A,4500.0191991223255,0.5305196056505899,3.155697784491679,0.44057335246061835,2.396781485356754,1.3989271367618543,1.820374976490578,0.25039903694922305,0.2336253997041203,1.7325394192404782,0.06667023753648335,0.10872100938027923,0.13737854865662819,0.167457558782778,0.6281211117927858,0.02346985933528085,0.03929722031764919
LUAD-096-65-1A,9549.160539215687,0.33217778860426794,3.1312828617484496,0.5278587553710671,2.2240379232080945,1.7213704370444332,1.6773069987429887,0.30255647784192846,0.15189360591424345,1.9617513689307855,0.13830784242849742,0.13167604948410794,0.13485097766688145,0.10132099572062507,0.3909678550960237,0.021790012184861707,0.040575110280631925
GBM-019-24-1D,1057.7837727532446,2.1146931683527583,1.9529944937628132,0.776521335228542,0.0,1.2902629078702337,1.0590739757503012,0.3409329544831985,0.08159902008005233,1.1640940230277683,0.07263498559415285,0.09002647277801676,0.13753389680356712,0.04197406686186869,0.13332024058739242,0.04766581293695703,0.025891451793372485
ESCC-047-04-1A,6305.571658851114,0.30980812823474335,3.4721460816234555,0.2870674736421987,2.0463173917855957,1.2536440373294602,1.1604397055957874,0.29257141595232905,0.1908114737483146,1.2576480578109355,0.03960462102316328,0.06939791808735533,0.10505739587439733,0.17028445020005165,0.3793741189522425,0.051818787089603684,0.05289006020905727
LUAD-096-34-1A,6910.862593910637,0.912816774666985,3.175187612767485,0.6929279187902575,2.2476332002081314,1.92484122236655,2.3562458353974725,0.25530244938952074,0.2168413330122443,2.2942715075992797,0.20565390349162593,0.17826735600575486,0.2396289031284396,0.2096101477857307,0.5762943269080975,0.020354424475085682,0.04531141031189709
PAAD-062-08-1A,5363.29135909683,1.1233091114756164,3.238161553175534,0.44397921547625224,1.9030448160054259,1.6173328689904256,2.0774191950950613,0.28397099710177565,0.2518694851907432,1.9215382065060191,0.11652934376889343,0.06615785635102031,0.18065753937788118,0.1519131688869533,0.501245179796251,0.03148601462327628,0.04133875594299089
ATC-026-01-1A,9082.661258922777,0.6591995005241077,2.927258860460719,1.27456553610297,0.023146236300833865,1.7434278527353742,3.813647139717832,0.37391125284629073,0.21899336770276492,2.2121455860930324,0.19566991668792194,0.10687599181325044,0.177668020680111,0.3951033084520934,0.2062518723587644,0.02899566836383555,0.05508652562098006
PDAC-091-15-1A,4465.543450064851,0.654202408865232,3.629901749252579,0.8002025464111208,2.088738499341229,2.314991648770543,2.8264320126359177,0.2564703159545826,0.28413890370786554,1.82051876729861,0.20212281317589245,0.1076316983252015,0.22194306875951814,0.18318999609408515,0.23301346676916468,0.034888518116334664,0.0935492555827415
EAC-116-03-1A,5215.451958339446,0.30345351350599387,2.80658193134996,0.33006431806506537,1.6601297906002594,1.2298287248350108,1.4071976368849965,0.5203366381365511,0.2934967958965175,1.5190793098630202,0.08967484953430545,0.12537495373529103,0.1446988868242766,0.14997788987027755,0.8509355927366015,0.0677143273942396,0.06814781057114909
WT-124-01-1A,9077.733081126524,0.24567473184694477,3.1839388784299705,1.9600447737344522,2.4645193932069165,1.992687881314495,3.4806246576745874,0.6446447609682242,0.1730964904049399,1.7171287876580155,0.3940323509766296,0.070424309732676,0.168440606814713,0.27775573915393836,0.37435533004988797,0.049205575319239074,0.0983379528926914
ESCC-111-33-1A,7341.922399428708,0.7955594031665254,3.021963995248298,1.0923246292634954,1.5188571986617925,2.2858385520107953,3.101218451791101,0.2659851273881754,0.4157200403392841,2.15586842996085,0.2248451720238886,0.21063944937932272,0.20180374355650216,0.3430211733513897,0.47920882615598304,0.048012971311841894,0.09870166695906012
PDAC-027-16-1A,5296.942572121866,0.8527117416699722,2.9097594787266243,0.8544338782650045,2.1038802119286717,1.741591893022041,2.4001879454578696,0.1566406943472535,0.17601490304684791,1.8382767551408283,0.09973726415665356,0.046065959327015966,0.16306295663245712,0.2359885198427814,0.13098254196383793,0.024043294141243832,0.05210534875035134
LUAD-003-03-1A,15218.29947089947,0.6658892900999945,3.6356919872052633,0.8906421000103348,2.800804420269672,2.6092544382232554,3.0321723426726614,0.2784656214643634,0.32192737981612785,2.3028587999496817,0.28956973886913395,0.07740812555345548,0.43275098983487054,0.28028980352901,0.16234561684400314,0.017705132205130356,0.03557317033068411
CRC-016-17-1A,6751.484771573604,0.34217755350656787,2.3671717640037864,0.620528752267707,2.0614106815055937,1.048710995440836,1.8627980472207737,0.1768462039257504,0.14277697462657993,1.3467411185259939,0.0363850408656803,0.0639100731938083,0.19865651287853844,0.22704481560630593,0.21514205644579812,0.013523192626522499,0.05522826571812265
GBM-085-03-1A,4952.99296548692,0.2404613719326273,1.0494204294954415,0.3347035408416836,0.5942261506940409,0.5781044303052889,1.5383469234042615,0.22504065404022952,0.19831709035587156,0.7019209516061184,0.04866703857309898,0.04284723831126726,0.3168401788423604,0.1651091786534128,0.2551989216818146,0.09536938781323444,0.13849400673300521
PDAC-106-03-1A,2996.1066779170683,0.7417917060680469,3.21286632951112,0.5221614879185774,1.7355602997620962,1.0942187786228768,1.6028178817995582,0.1894948380700734,0.18482996730362541,1.9702982234097919,0.07442394087885322,0.06883594250988659,0.11863546380025497,0.09526177132223436,0.3445231034759196,0.01918173867827327,0.02431374426075719
PDAC-064-08-1A,3263.213575591361,0.6097192730844455,0.07881444135898194,0.05149636679147209,0.15793877584838084,0.1746016272137966,0.1798315007374372,0.12620962198650315,0.16225457635538246,0.0956348396959373,0.021907760640431,0.01849181522540133,0.07026031092053564,0.12245921623004405,0.2720671785312213,0.04410085873280739,0.07807598152925346
ANs-083-10-1A,9225.284736742064,0.35501597597219703,3.206213911476692,0.2842858304045912,1.9233986756473032,1.4416640100744638,1.2133672808461824,0.39890438695129327,0.266834881129849,1.5796623608529938,0.0768163923905759,0.05212871447793308,0.12951000559962408,0.16915967363295917,0.6064212472667834,0.062345339093299736,0.0713196439420993
PDAC-064-59-1A,2678.2527488018045,0.7469153726631876,0.10514470279972339,0.06364771011160625,0.13589875343262792,0.2022000505185296,0.20179091504518645,0.08197893439013067,0.15720933025932765,0.1909208883581471,0.03549380489556236,0.042515906853541736,0.11654274883219345,0.09710141444587346,0.16756892682996555,0.05917864088279615,0.07602785503423282
CRC-030-13-1A,6457.0,0.4665690328644636,2.9922644720993654,0.964852338806668,0.12249814589223554,1.2487201853398044,2.5282755578216274,0.31154330862704843,0.18168685776554272,1.6400302488024332,0.08381312672889944,0.10186247604044403,0.22677677185079712,0.22530174769090672,0.19561545773319164,0.00459370099366773,0.038823426875622714
ESCC-079-05-1A,6204.39612609191,0.8704514319054514,3.251989846322781,0.8983516552447885,1.3811306326299277,2.4873548582411598,3.476466556270094,0.2453840421519573,0.2321515056013472,2.41529526208402,0.23549291425038205,0.15818517445681854,0.2093830872806748,0.34995587107138953,0.32576222564696194,0.02499282808904078,0.07979281541270972
CRC-016-23-1A,8066.97952994693,0.46162712190736915,2.7314259383893598,0.8216760554958595,2.105395440891378,1.167247895435827,1.905980512435244,0.25833011447955406,0.24703960486464022,1.6300932264477963,0.09010834598300066,0.08559902919158585,0.21102091536806772,0.13455325079604366,0.587432095889955,0.026093021081326138,0.06412755801068282
BRCA-030-13-1A,7392.75991861648,0.38064030401566196,3.495752649781756,1.4565245966689535,0.12140303984735883,2.3637411755510596,2.8071497979419435,0.20275014022339344,0.23916845004668183,1.785392718731611,0.0774628987511418,0.18875589620948102,0.265798607112611,0.13082695499524308,0.5883094571444886,0.07469536846536802,0.1329205987867288
LUSC-092-08-1A,3223.7780880121395,1.3893407164317988,1.4318559899055336,0.22347047841796927,0.5712764323955056,0.7170485164009692,1.1865879942031656,0.18686856919791967,0.1461788651692042,1.3969359244240906,0.08970875935282269,0.048879813818378984,0.06764252083630623,0.10301965070037424,0.5049951015164641,0.030449273432937594,0.05394012533618582
PRAD-053-11-1A,6981.653387703889,0.40010253411784147,2.3804389987315577,0.7896230344719963,1.367890001635137,1.493779792167339,2.161786675985918,0.39230267360662285,0.22979888695478268,1.4683674660419606,0.10367326122900002,0.09430421604466753,0.2880164506282273,0.24305704715196244,0.5685680205212246,0.05547823947433799,0.08282419449448093
PRAD-082-07-1A,6095.729374433364,0.5545900988657628,2.8412913051095,0.2963472632920302,1.5363283403892192,1.2391140898833894,1.343298969761217,0.34866615108840776,0.21349241616274636,1.314089309940689,0.05756514285240797,0.2180075320844784,0.19475945720063742,0.240742796740117,0.4001330653196802,0.0487268947550595,0.04431614104068267
UL-050-02-1A,1239.4597371565114,1.392548339990207,1.671038918760324,0.5401092268844826,0.9286388333000207,1.0528779357663964,1.491161695712733,0.10050864787900395,0.0833375656518455,0.6398904884353519,0.056264215424335275,0.03392931196725989,0.071768193985548,0.09167734210523537,0.10810692096667789,0.022875738940494973,0.04629867059316937
BRCA-134-03-1A,4381.43068640646,0.9509848208439791,2.73145513857072,0.5281207373233351,1.6032795861947216,1.5965756179319963,2.186831354679344,0.2436854781566971,0.299553332695776,1.2559152505444433,0.10111957944135569,0.1291766493892169,0.2690823590563154,0.10874873505483929,0.34141507857932757,0.04741928093128648,0.06767604563770273
HSCC-130-08-1H,6692.159353348729,0.3200306250452645,2.4042406207267044,1.2424614813315076,0.0,1.978687954332903,2.786868422459354,0.39561152120456355,0.2812688348749137,1.994201156885913,0.2163489587953233,0.16991355394157773,0.1949800739553585,0.285164270810903,0.316595221875801,0.061471240280307926,0.08276326933387412
VS-105-03-1A,11569.589743589744,0.3454194298588256,2.1763440594726116,0.3900560393768666,1.2542267219822696,1.1846679749188336,1.4695097843883667,0.40269749715986,0.2328653674296803,1.3572404230313082,0.09468002140848666,0.1686901273762113,0.20416417152680894,0.19890318804757934,0.6667388021167763,0.057201466710731105,0.0736982697579228
ESCC-111-28-1A,5693.593227171941,0.7007691148031903,3.064748818768384,0.985712827423513,1.762804228237123,2.6023681814126096,3.086698140956584,0.22330498505655727,0.32023229777725,2.111270201586369,0.20947792236343682,0.14511403802285414,0.1962643545182406,0.29504844750396797,0.4945413752982406,0.02792024797201526,0.08646536969123127
ESCC-048-12-1A,3230.6436781609195,1.2032657562485736,1.3685458579585417,0.47834895750472967,0.597541693934768,1.0523967796090472,0.9234557384420751,0.3000170879819745,0.13579939588458084,0.8277252081078176,0.06605437571964393,0.06254032088033555,0.11040032339762429,0.13775625373473832,0.4874758419226814,0.01974742224719887,0.05917046526806593
LUSC-005-04-1A,4447.599374021909,1.5208427935699167,3.2583863068034433,1.2711098496864108,2.7206823632025214,1.4548839291993818,3.3886331073436735,0.1361816285459226,0.3498676197981305,2.6767052303945293,0.16284341136113994,0.08245740663165106,0.23015557512149812,0.34747288430987483,0.05791259592733183,0.020612653547870428,0.029313143276135815
LUAD-004-08-1A,3165.935456831517,1.7224612459859199,3.131594888738913,1.1106736249670666,2.286381794433328,1.3145801738053762,3.2956160760151376,0.27249874387954853,0.264174148404254,1.864288700982824,0.09761592192883466,0.07276152735667532,0.11791302681980466,0.22073790054702552,0.19648543891743256,0.023383335069532624,0.042626043471363485
BLCA-115-01-1A,11769.23165283982,0.38751717897065185,2.0525861132098364,0.5345097841608674,1.2364203836741352,1.0927889890880649,1.4861460162469755,0.43197257533446587,0.34652075714681935,1.0343486247070959,0.031010996701164643,0.21084452657998887,0.1248366957977175,0.3541804293400646,0.38744507740598744,0.04526978673953682,0.054272722995495126
CRC-101-05-1A,1621.1249419414771,0.43169682777340296,0.506967895289632,0.17545699107976084,0.616955684396393,0.4705775523852289,0.42557068396032033,0.22635254049892348,0.12911710514410557,0.45818464358591654,0.02921516046284053,0.06115382414107884,0.18362283146660016,0.16458583667383003,0.10109088438264585,0.1942418422014506,0.09181624701270004
TNBC-021-02-1A,13758.3392,0.15142439971021304,3.231542313493068,2.105507272795808,0.02981852071899413,2.2448260920130756,3.536532967511542,0.6283637928777583,0.26268928515240003,2.4912854033678165,0.1940804373696065,0.318088600202843,0.38634801869096325,0.5121311928717315,0.15587433368474035,0.03286160835257398,0.09924637014809355
OV-020-04-1A,10348.269264321023,0.23439211609067562,3.341623039674055,2.0572906790455012,2.3490230228526396,2.052345312269833,3.708056024248021,0.6308933885358319,0.2460292383206337,1.6741979205420467,0.3095573280317834,0.14328186032092982,0.07566906893949243,0.32633959622999087,0.33128496574474253,0.18866759270495154,0.0837314918886918
cSCC-099-01-1A,17081.367456073338,0.29408075149201174,3.33606332338175,0.5411190838490264,2.318518379286401,2.1667715946859722,2.2803243024108335,0.5987408198562894,0.25603119909062677,1.5698051006371692,0.0816176426888289,0.08626343227126272,0.12104176904654569,0.18721114382318302,0.4038906832566647,0.07834807901318518,0.053958009288085966
PRAD-082-23-1A,6683.287828162292,0.4355728960106658,2.8622673334488584,0.30515857719688283,1.5357599536547826,1.2694034042878388,1.394441669907223,0.3886614078288233,0.21682486289127434,1.2524765590602773,0.06170044169016434,0.23152788366851204,0.19578128576647563,0.25773414511753323,0.41992499828785196,0.04878697365412076,0.05475139004150479
MCC-122-03-1A,8267.136520453425,0.38344519485931855,2.7872041435174837,0.6944726447570982,2.037572584804748,1.5276436869286736,2.0239754247447954,0.515208071488206,0.242012830127504,1.73332639569423,0.06609678215903496,0.10717957511385139,0.1467502838582116,0.18721855937992818,0.7369925233813795,0.07651486414177285,0.13215745048278627
BRCA-071-12-1A,6547.837362637362,1.0959855236941884,3.5290598118849443,0.8167548378530958,1.7153548599199144,2.101441142717688,2.6620564499302373,0.2697188600557936,0.29070166628279015,2.1663048243355143,0.16037043746246085,0.12665079908828525,0.1795433121975513,0.19157927812170347,0.4798471136781145,0.036440504311189816,0.09430833461518426
ESCC-111-38-1A,8012.471259682022,0.5646943812957574,3.4199270873558594,0.9147211244378602,2.032440655066044,2.3686706430091076,2.7772017500258324,0.2931399397533566,0.3860264238915229,2.3580271935900745,0.23040006445390063,0.13434675722956238,0.2139175769777911,0.29111711585332606,0.599857216215137,0.04978128481498187,0.12459439863133037
ESCC-048-02-1A,7062.265974440895,0.702330176014793,1.8624153891496096,0.7413833146009055,0.9909203201341555,1.4109072171520383,1.6202655356104103,0.41682474888916976,0.1370060727850202,1.3501475855041767,0.1674893371769579,0.14563698283784854,0.13716837819202116,0.1840525450680833,0.4884837059834969,0.04826031944646388,0.08607010060503315
PRAD-082-17-1A,8351.042694497153,0.2740528861154303,2.938881553590333,0.37578105133681655,1.5940901449644267,1.3372982540495002,1.5580695804919622,0.44981827520388507,0.27844191373999083,1.282487775770234,0.08510545110656409,0.1440856073174379,0.19576673015939577,0.1549123687274929,0.467808399602121,0.06396371273607164,0.06404756245932834
PAAD-062-03-1A,5544.941642651297,0.7573832746250231,3.0069810916558266,0.4443862492840586,1.7601325238621792,1.481536724684655,2.1441533124997916,0.3042816812012803,0.27615318819607204,1.8243502073684765,0.12777142175814446,0.07833781674200163,0.18005573076094872,0.1686992752583681,0.6256089591667554,0.027582738711579013,0.051815248934083964
SCE-112-02-1A,1039.9934456928838,0.20029252074002085,1.5791701019706619,0.1397951019846808,1.1732534638711292,0.4635864080134786,1.7932407835874764,0.12765122298154538,0.09864026904927985,0.6049884173880301,0.02796846938822913,0.040561494170984015,0.054413015814942144,0.06609117053736702,0.2798592729430036,0.01225933222106295,0.016415835679532937
GBM-012-07-1D,1649.5302314008459,0.82862528125493,2.1397139469154935,1.6802769897687118,0.0,2.122457377337791,0.22516427130990696,0.20245379378194084,0.11494066825408591,0.7951698848334458,0.04059016784649729,0.07892777788513333,0.30180069888132854,0.08623487042085003,0.1274073568921837,0.04118640188519928,0.059380626674742844
PRAD-053-01-1A,4333.565503620804,2.184437084347943,2.759556966612668,0.3852555616348385,1.2865864141689778,1.4789356384618306,1.9803019297697342,0.2940608669307183,0.18421039941824988,1.2369463722566045,0.06462817619841427,0.06469757755809041,0.18596479221507956,0.17251233027250545,0.3100145704924373,0.03826669873651294,0.0632808746747191
BRCA-107-10-1A,8005.969121940265,0.5474354283995573,2.900655490589027,0.3602510671208514,2.0140680837804856,1.2285927439496518,1.74924408876342,0.42739264947631483,0.26217634391606404,1.7501141374658455,0.09542736606678398,0.11900319359234104,0.1477419779282327,0.2668559629833701,0.7927263811009445,0.03584469531526034,0.06683163065327749
BRCA-030-03-1A,4100.7248247879015,1.27092227992798,3.7119908050358794,1.036321448879779,0.09244594991881096,1.9045076284369298,2.50011007343216,0.15964119918924707,0.28903887111520066,1.6934927736643448,0.12187818520167057,0.07238112057297286,0.21137365408853048,0.20383380124709707,0.2108043207056008,0.03645565199210179,0.13872930753824478
NET-017-01-1A,3114.1812865497077,0.5684618856703223,2.5654259324581545,0.6409266115061175,1.774703134106728,1.760264980207459,1.926855961075479,0.3762962472671167,0.1822390339117456,1.421555488415271,0.0477660311799931,0.12525691032231892,0.14816491428069778,0.11155958846132366,0.49939085304516706,0.010227742370984649,0.05331325653499531
CRC-030-03-1A,4713.357668210297,1.674155874896253,3.376326455160637,0.9109400676815269,0.13555349438487777,2.09880064468055,2.798678353334526,0.21903404191060233,0.21321946854612958,1.9917398389731804,0.08964188034524322,0.07160551543309066,0.1315133216654116,0.2187893859025685,0.12486197397376715,0.011360005030475339,0.02443757654793779
PDAC-064-49-1A,2745.99162479062,0.6460047511132024,0.10677936954361782,0.07724319941836384,0.1713082795747304,0.23068659754930443,0.2559897610672804,0.19788669260910263,0.21139260105187302,0.19865290437982083,0.02930889595610193,0.04083120861750415,0.14100076447253324,0.141672365026188,0.2011788364445801,0.11731667041718453,0.06758796505458586
CaCx-120-04-1A,5994.678850248403,1.681909044929133,2.3665159376236495,0.3444316512533966,1.1867997444588887,1.2996445742610407,1.470531578496016,0.2551065402122607,0.1438376103363825,1.7324540717158732,0.08866022985760345,0.07468348174174841,0.13149416290534083,0.11420661409263642,0.49533000900854474,0.03662592194982566,0.033881489318696494
PDAC-064-18-1A,2631.356115716461,0.7051944310237193,0.05786600676441654,0.04969950133695737,0.105879449539515,0.10475718113872014,0.1833223492370383,0.15185213031648329,0.15033432427911694,0.1280820459096867,0.01635876057865213,0.02365138000595895,0.09861524897098453,0.1195220284718413,0.19757893579883243,0.08263370151428646,0.07036881656207247
CRC-016-07-1A,2412.462071530398,0.9271151358400204,3.349519964632771,0.44770480170847105,1.904293927690892,0.90672525252323,1.3588599866997804,0.1357640987120835,0.10609396471727936,1.5778616272062416,0.0361416171176187,0.012650404472685403,0.047914199614733616,0.11036827738762219,0.11234278566836248,0.04069125204961607,0.057462408757367356
LUAD-003-13-1A,6036.532252836305,2.033068856847251,3.563055250810023,0.45203454826283923,2.7093299818245464,1.5631063763586248,2.113197788194903,0.11418189655426665,0.1547671419373989,1.838087972384511,0.07584837921711376,0.041900334089423126,0.10185413794889753,0.16982975986656548,0.06522404174288872,0.010822897551153945,0.03396679393597855
BTC-054-03-1A,6458.016344428942,0.5832593347724385,3.4706792854515123,0.6989416025173594,1.7734763525372814,2.2301774203060623,2.3573354640047426,0.19896747797786607,0.1910355402425073,1.9735817288547153,0.1084211046859776,0.0810253406028785,0.18840082418413917,0.1868664404715056,0.44253488474250485,0.03736335434354107,0.0597405921368571
MB-078-05-1A,3096.939384615385,0.43469433335018975,2.3430156794778902,1.8401428463070104,1.8558768297274624,1.5644509588850413,1.9942599063410775,0.33575523831981685,0.20423245571473458,1.168969682575497,0.06790454946871276,0.05437928739210908,0.2306424806038111,0.2095230184485393,0.13381827739086646,0.04077733535360874,0.07487495091389325
SACC-103-01-1A,7872.405742633794,0.4486776991100086,3.01144055249559,0.6437018932610711,2.2669729239810046,1.9946620626427616,2.416769154769149,0.4533015199240639,0.22920479589654033,1.3012485617190082,0.08048123226215508,0.08722128326357015,0.17692119025820793,0.1186982052502272,0.6473060336496878,0.05392113637291022,0.07146043822896157
BRCA-030-17-1A,7485.769938650306,1.1196209704238949,3.318833486242044,1.3647771267900863,0.10101937081246902,1.7444332019823967,2.7463293402691202,0.23806808892854087,0.22198341427472731,1.7256572238377703,0.15092597101720137,0.0539138101276911,0.1143985003043792,0.2442461073987585,0.08444923015567384,0.039453351057899655,0.0366349467614319
ESCC-079-01-1A,3247.935459568056,1.4525936507600177,3.3478994439673944,0.606156032324521,1.2700790296325861,2.1197546039262405,2.7707757074533386,0.1875454995404011,0.24913132737246402,1.8760893979291526,0.07984685142614958,0.08017985562983485,0.12250875471294877,0.17706434589827832,0.27169202181918906,0.02169993243103403,0.053058915760712
CRC-016-27-1A,9690.09468033187,0.7555047410300981,3.0248723124228367,0.9799418657773642,2.4754415226544695,1.5263815410831698,2.130851629990027,0.17461246061262534,0.27427580710158334,1.8486253649421183,0.10686593902338724,0.0694097612122008,0.300813302140828,0.13599204480873617,0.16835108986662978,0.019909722162667426,0.0429896968084873
NSCLC-006-04-1A,5134.5153547476175,1.1116239408084563,3.145590196232707,0.7711765873399885,2.227968322264068,1.518265661634952,2.364513681916036,0.15734792300304354,0.2020893859389776,2.4288891357499653,0.15034843253201058,0.09282875617230393,0.24336943074451875,0.2223530767147157,0.13707950351464043,0.012241835009131542,0.03955807923758757
PDAC-064-38-1A,917.713475177305,0.5377870788643323,0.14288741193186255,0.153122840032016,0.3175305937712479,0.0862877588324604,0.20557102193442697,0.09814863644068954,0.0812611884969965,0.19074952428090522,0.013355735351162124,0.03376439401895972,0.047738797926847765,0.08280586982148778,0.10472551759348342,0.015661844054675703,0.033610992234984205
BRCA-107-04-1A,10563.890484739677,0.37575164636481573,2.7834377249351774,0.8284895092448226,1.883028849174512,1.4774519199823961,1.8936619783647226,0.34374473301131814,0.24994885563592906,1.6581807481841118,0.08449057384475997,0.17212847611684923,0.20711961998771777,0.25087169597098974,0.5402970864005354,0.03419386922860386,0.050055348969417615
PDAC-064-69-1A,2052.498727735369,1.662729082256466,0.1347607760920529,0.04469635386092938,0.28030909270199594,0.10786851609331044,0.09114771598483537,0.1331063030675902,0.0701549618017512,0.0909448965492897,0.017693336989336055,0.021919598825757457,0.04971427125392241,0.1748524134371919,0.12299884156594694,0.07052557856144616,0.03859033063385782
CRC-016-13-1A,8751.148624880245,1.1638267791174823,3.311141404060059,0.8340177720459794,2.2105269765726643,1.750046730128577,3.0947860853475846,0.14561640711848134,0.22526137974087354,1.8769766600326234,0.08947592468446222,0.08465519462261908,0.19797467728778384,0.2649106671902617,0.14275669254166246,0.03256905741994193,0.058875344600713385
PDAC-106-07-1A,4178.768994627782,0.8878526779024823,2.634318418060087,0.37586907012224985,0.8822323142593068,1.2437920269216496,2.1485209879792877,0.47001870312972555,0.15377180370453716,1.2696103304300548,0.08261636703133013,0.0944365325821876,0.1233868732384464,0.1264017395387392,0.7217311258856159,0.04306498451919732,0.06513901068058695
GBM-085-07-1A,3121.7768670309656,0.7534991164152717,1.0688051241721481,0.3335257741855413,0.4499904031456835,0.7533883325973068,2.2263072187574555,0.1937984713986542,0.1866238608853968,0.8768432467136623,0.08997687245946635,0.044092377625341524,0.1831198363606445,0.14493078169409873,0.19625230694203538,0.055896734995480334,0.0832455307871942
CM-036-02-1A,9363.617328519855,0.21890234834063602,2.3356088999170903,0.63487405814029,1.5718037740657411,1.4290262771941877,1.2249777310850742,0.47431150569313896,0.26354041609490814,0.9067665470458623,0.10201783501539316,0.16484710385176857,0.20743800161155942,0.13442105415435576,0.7682873536924216,0.07098406700770273,0.07184961403238745
ccRCC-060-04-1A,4178.665079549413,0.4768366306433527,2.62689487145412,0.32223296443199584,1.3274027349366069,1.3990005368986766,1.4790186611239595,0.29875126473866526,0.30579458805949483,1.6839996016385852,0.08912374483940051,0.11590540124642087,0.15140227190687958,0.16102263386401203,0.7484832737017817,0.05443248417208994,0.0433784267084016
HCC-090-05-1H,4311.5735723218,0.43000691654502127,2.0406487463642287,0.48719452666721735,0.0,1.2622972538682429,2.0735767146649384,0.2794041821142577,0.2611898667801861,1.9953161833902497,0.20894015846603228,0.0946097751408989,0.5594912357467386,0.1273303096626973,0.14374830697153007,0.02900626098193796,0.049301843218036795
ANs-083-14-1A,10176.876471653686,0.4948306764455584,3.393098640430241,0.31262428165815537,2.123916532227851,1.4934138101246013,1.4889213405822164,0.5958741952968098,0.22923743114401574,1.4862901723961812,0.07179900766761728,0.07166377274185741,0.16589339413983717,0.15865292637084027,0.7799315019184342,0.09882824032780016,0.07925583300016727
BRCA-071-06-1A,5020.84041434005,0.9264813778118128,3.485712887959778,0.7392729842819916,1.7482542623050712,2.3520802466754818,2.5801290816114033,0.1826990391284876,0.24817036505088166,1.8928173038596292,0.12995847913068673,0.1311900786345445,0.18486292738978932,0.18844515497150802,0.5759020247590327,0.04051826331770298,0.06467285282948572
ESCC-048-22-1A,8533.588855918233,0.6235305420202137,2.498540074482219,0.5233592816157235,1.35328591165136,1.3363536872952964,1.4157385769915576,0.32779166626966055,0.22748550317597727,1.279639955088369,0.09360826126718678,0.07174598349519667,0.21708806755525792,0.08535162641334311,0.4116893140544962,0.04024327782139763,0.08640790745990898
ESCC-111-18-1A,7060.131359851989,0.7291075185271637,3.315594636259011,0.885616723268584,1.7597283448470205,2.2269846387827075,3.1381703846118905,0.25643751363562645,0.4414008306433315,2.117550553559714,0.163991535248032,0.13062626647640416,0.23224167628551648,0.2899676952647696,0.5146808708651545,0.04563433753412126,0.12323841069694706
CRC-101-01-1A,1720.3789289871945,0.8843405924334161,0.16713041171128357,0.2761299048284152,0.4280913096663761,0.3128334680896192,0.23133576349323276,0.5636586996739841,0.21296349101407308,0.14968861858758936,0.02620638859518101,0.05311416161115568,0.1696771083144471,0.1117974781298508,0.12103477732006265,0.13854593513387237,0.10094809831329486
HGSOC-049-03-1A,3336.2164750957854,1.0101419679868722,3.095668008843946,0.9622651632754267,2.400816973074584,1.2599401840118711,2.4286630551084225,0.2184044699764702,0.1897245323480329,1.452441886944102,0.10324025348862167,0.056441350565024015,0.1092171923039337,0.12769996778288023,0.28408698938464766,0.022318323079166383,0.05166152556630565
PRAD-082-03-1A,7297.008806262231,0.28135857037721207,2.951504709842989,0.32176606590290835,1.5509296018836756,1.3269152552832582,1.4919280172949132,0.3777996776364605,0.2571012249841941,1.2090403044842168,0.08100780707805211,0.12264958831767596,0.19994172525896728,0.16808597973008102,0.3897836146258174,0.05888727794389699,0.05889069916388606
VS-105-07-1A,9736.798648943124,0.39513848037432014,2.6061103036810818,0.6786097799821104,1.5481584851695285,1.5828268551321014,1.9731184920987477,0.43336359715731754,0.24193385330799144,1.711163923356668,0.1352299490962085,0.23871623980326598,0.24518686684859695,0.19963515033681076,0.5038103708160249,0.06024991264777644,0.06205022946328616
BRCA-128-08-1A,2902.5357640964335,0.9282821577520524,1.7078727809868495,0.2341074493681771,0.7792950190076802,0.9316092359871048,0.8883038794121983,0.39589048042473424,0.11904747006287915,0.664024346295327,0.06192457591411819,0.13965576621601267,0.0956455110571525,0.06573343495694128,1.1792361751615583,0.05843749876797092,0.06764917478247491
UL-050-06-1A,5803.033322113766,0.4376910601887228,3.2029249128418305,1.4301256564183544,1.8937140857021812,2.079081875086022,2.554088846287436,0.1743172502892778,0.28923332225631965,1.3305899774514172,0.17848282162802395,0.11273665529890392,0.2781350335699766,0.1820491633599979,0.4103038934748944,0.03954918826009334,0.13108801024539032
ccRCC-118-05-1A,4000.701292246521,0.6872697144281417,2.9955547841807437,0.5087799755900662,1.976315752902746,1.4331159758896888,2.4345792500038765,0.1471109149696465,0.24866053302592206,1.908322270635522,0.10654184764642784,0.06679681496367844,0.17266731560806176,0.20727283404628286,0.4736052090426952,0.019123115306008524,0.0371866537647854
BCC-109-14-1A,8943.368903088392,0.5235696457202224,2.7172027442775084,0.7158908672198775,1.5668951815655277,1.4365420697036024,1.9316424674300148,0.29622365342914353,0.3142901710350215,1.6729606623491158,0.06005405792832986,0.13295626354785184,0.1097411568890597,0.2346984673712878,0.37245121069796455,0.037438534420343714,0.04127962095821894
ESCC-048-16-1A,3459.467881723171,1.100791387542585,2.59444899059741,0.3460928721848121,1.05179619739235,0.9009212706606884,2.345557567134335,0.34792500482921357,0.2284501521130365,1.5233455321127838,0.09570966998562692,0.11409799223268498,0.19901483606604187,0.23460546587277975,0.4967059146935604,0.05343048930674683,0.04293251084719735
PAAD-038-02-1A,7066.3874011731705,0.64067767072263,2.5678376493770587,0.769099558088034,1.4790225200237477,1.7128728651091125,1.8077797221990874,0.3975678667676204,0.2994378830662411,1.3852393931753415,0.06487004829985446,0.12506090366277173,0.1555802865384813,0.1632374554263603,0.37194978926450173,0.030705486790666835,0.04637846764939101
PDAC-027-09-1A,3923.5737001113052,1.0271664183221485,3.0025562121495493,0.9158702434018453,2.1999602185397986,1.851033775486023,2.9289123197419675,0.15083809144655433,0.17283748558973555,1.5007800854652815,0.16176517840963833,0.043834155284790836,0.13496318484764028,0.23001482007345841,0.10741284221725883,0.019460056619862484,0.033079106333574734
LUAD-096-89-1A,4501.766017699115,0.912816174574772,2.8297220151909626,0.4863430495585661,1.9969108775412805,1.5222703139295968,1.7149388998245108,0.2159909195680604,0.16961030599732313,1.9499072399552744,0.16563563485256047,0.13634139746117568,0.21767252351325486,0.11905985467943703,0.48515472450607183,0.02461427248110585,0.03730250967305976
ESCC-048-06-1A,3439.1919356591675,2.654159193802031,2.493103539557971,0.6867291601416443,1.4014358211592184,1.3549610343736187,2.590661682581531,0.2684172157774273,0.15819366877380933,1.3763835784758693,0.06477588516233007,0.06995081315177572,0.10906557140558941,0.20543328291754046,0.31200173519435487,0.03063185521743777,0.044141718907110016
PDAC-027-19-1A,4213.722994391612,1.0085298847141715,3.016330352087457,0.6921070004102255,1.9990927041576432,1.5984437381839487,2.258824633064173,0.20396703287573545,0.15696801654247583,1.7572278805883945,0.08806360553383422,0.07736940762276284,0.14774962194571695,0.20001573125677505,0.12155678594862569,0.017017668273760337,0.037567905054667665
BCC-109-04-1A,12373.632923673997,0.3283165348277402,2.645216988232383,0.7068213681112269,1.489925078561062,1.3830206182807951,1.639589426605526,0.36448035912655435,0.32950799531580666,1.528588709422706,0.06454026990247352,0.16823462906671274,0.1555101356795781,0.21591503116777747,0.3176013914865534,0.03257339554743044,0.0457061053916365
PRAD-082-13-1A,10290.370989304813,0.18006586191679683,2.774975510743611,0.40114538657646365,1.717157661655205,1.6157072889121589,1.6730058735916253,0.5043952207038958,0.256499657215109,1.2566507752334546,0.055413738013244514,0.12238731485344492,0.18034531643536594,0.1618589981207066,0.5209877234020744,0.04829902403641201,0.08061513058358308
PDAC-046-09-1A,18254.01306240929,1.3506572055165251,2.33517609110917,0.23254424177273703,1.5834270611894832,0.9026745584176523,0.7544637709925159,0.1714172036726417,0.15507609648706988,0.9589605282052512,0.035074487000157945,0.02798057323249853,0.10311931449389419,0.11203538590984898,0.27011749458487594,0.03301968953889407,0.02862085450424916
CRC-101-11-1A,3125.34978870534,0.7873845158400452,0.22227400182271626,0.08179383198286214,0.20124657046385702,0.14416565186744734,0.218036245319291,0.09973961225470344,0.2539243047942435,0.1019667001070082,0.012091435932816664,0.04437522143851311,0.07492904505568303,0.10583028520663892,0.12202620804035351,0.05701299302665017,0.06993243704286345
ESCC-111-08-1A,8427.888670166229,0.7003579868702222,3.352936708511411,1.2156337564411426,1.906785753958587,2.4596257924583296,3.298537329155333,0.2484945296598379,0.39638530930940447,2.137822595960294,0.25173383325447973,0.13598394261517022,0.2223031996470094,0.35267687396424424,0.4080188195942389,0.037348855251234526,0.11748264442807964
BLCA-031-04-1A,5391.588619938052,0.4932882598336585,3.199393740382747,0.8596747124122637,2.420533495744004,2.108485640105177,2.4520178977236196,0.47318980842979796,0.3882186393043653,1.2428332967144506,0.09575829229368303,0.10116880421483428,0.17245059012142663,0.14804196982791712,0.17492568511286619,0.0511026229602564,0.050822916769057216
MCC-122-07-1A,7825.821594565606,0.31426348619270517,3.0767721450810135,1.2250645510435212,1.8449830130176375,2.0237431973380104,1.9517056584880796,0.5123229353518644,0.40431416207800697,1.8450531493771725,0.1229940383737223,0.0996218923965292,0.4174098330366143,0.33885458914096256,0.5729112670127212,0.12841873529272688,0.15766106828476587
PRAD-082-27-1A,12635.56329113924,0.09730862024107642,2.7137248845968305,0.4716597023353222,1.638570124353018,1.613526950071067,1.6353525369129613,0.5462430711274406,0.2350755089099116,1.3029946679132907,0.04941224834666005,0.12528048878194487,0.22840485893326018,0.19858843975646887,0.49213392740121137,0.03928927281605261,0.06600851009771143
CRC-073-02-1A,5397.392227745142,2.432006069991495,1.3123670737350217,0.31855463535628303,0.7053772653480984,0.7434455119863496,1.3650425414559029,0.263091010642294,0.13879085638336214,1.484410207391421,0.08510813712933818,0.25611822458272987,0.10791543867191777,0.16714569975532018,0.5014508692472474,0.03027484540397723,0.03630041307888187
HNSCC-043-01-1A,3036.906750849927,1.1103050370392296,3.350631809590102,0.4698074796219225,1.565534996758865,1.813725294768248,2.5438945161754765,0.11259925429734848,0.27866830252834746,1.736618370779605,0.08434724279903306,0.0462425042512329,0.12859936776760764,0.15256099514667254,0.260440268634512,0.012667512682575321,0.052956410186054355
LUAD-003-17-1A,5456.249840255591,0.4225951441756278,3.1194947252705845,0.4141855528887395,2.3098389111922653,1.5013942863486331,1.9066242720192224,0.23842296903154822,0.30388197203169603,1.890176750162603,0.18366682429043624,0.07105201087368307,0.2640605306688176,0.2075323288864344,0.6400133354266149,0.03469006516127942,0.06247911289176192
SACC-103-05-1A,6291.415381296516,0.8316887355141602,3.215022663396669,0.5442987224348859,1.9551328031764523,1.8250458090524,2.1373535851535466,0.31349056956586474,0.1870627068952215,1.4913527742912096,0.05894437759015574,0.07095787242746864,0.16858868777589384,0.10494852695959071,0.42274896820876967,0.03750376003709145,0.05254043715228082
MB-078-01-1A,3326.4617795339964,0.25667152151120154,2.169993553753042,1.705907442958101,1.9519243074127541,1.2183733024567278,1.8161961843837438,0.46004432816810487,0.20992781328316548,1.5376599793141719,0.03638249889653585,0.046815830836733706,0.17297798908721057,0.19004513185959607,0.1246164385219313,0.036870402585884685,0.10279669783475114
GBM-085-17-1A,4832.53276145282,0.23513503438395408,0.5866796651788079,0.13330224257831133,0.32315624889253564,0.2915387206238567,0.5108627049023776,0.16525302765752084,0.27469096609233434,0.36530335639033373,0.030946465805817794,0.037718938493013686,0.2075304899327335,0.1552548209496684,0.18371047681375163,0.08084754888348544,0.1329985252267396
CRC-016-03-1A,6405.603134114263,0.8292027174154573,3.2597732397664236,1.0395360776524045,2.144405382222546,1.630586318913373,3.128122418580077,0.1572017141957486,0.25552406094960317,2.0590244509563473,0.08406056423476259,0.07209887652670202,0.14952301881345273,0.21701396857449828,0.13590914074126864,0.019882921845794124,0.03762032166210316
BRCA-107-14-1A,6748.530866948964,0.6122298274929227,2.5546907956315796,0.9128497730806235,1.3470553003631855,1.2545572792088635,2.230997078285936,0.3680756616271796,0.19739254400801132,1.6880973902609613,0.11032980210310561,0.21163225624408064,0.19704627200891775,0.30760340416926324,0.5759082760918697,0.035116102190663565,0.05067765270918086
CRC-086-04-1A,3393.0727566693613,2.650364467152099,2.6543917562038635,0.31007581514662,2.1317872051876003,1.2678758395714365,2.856936161995222,0.1750151858728566,0.14030955061957798,1.1181754386450844,0.046750984175912794,0.06999556172181848,0.11281876601511066,0.1384687383189713,0.16726928119466716,0.02720380780261655,0.0349536761098295
PRAD-053-05-1A,3650.397083039285,2.2366280371898832,3.573204333467053,0.7786267485884264,1.7798205393259754,1.4140312868009353,3.0519584776261244,0.22554582548315755,0.13325944058338987,0.9585219758379814,0.17393230895687067,0.08499539664471686,0.1617259513629009,0.1718721365361038,0.24094167700628388,0.04383240752922855,0.04139310722936563
PDAC-064-28-1A,4331.741526765917,0.5878050148082483,0.6406814190518646,0.2776124853455858,0.4409391064056782,0.39723729950047904,0.36824337970234367,0.19388459163988728,0.25755252271745155,0.39575156668069006,0.028131577175714257,0.051021483599682206,0.11332572097269608,0.1687231453396721,0.32062757299807165,0.10704232019323229,0.11359260532560111
GBM-012-03-1D,1859.6484149855908,1.2068096226775302,1.6529303008172207,1.199802673680702,0.0,2.1233856712208814,1.7266201121513687,0.19595415538386457,0.1695786772367571,1.155001509222459,0.022137144435879757,0.05312592481445988,0.3299211847401937,0.0643612658578555,0.18792503011534584,0.04072723421213533,0.05785387767054977
SCE-112-06-1A,6294.899521531101,0.28380325536907003,1.9150311350422866,0.2880452302210052,1.3782720608173828,0.5299507375130835,1.7592924810055321,0.18003712232011956,0.2099906705384874,0.9974402362543754,0.0682042527764214,0.0818806942246382,0.12348533851180148,0.18284664575324805,0.32378900476960804,0.032695052376124516,0.06268852842332427
dCCA-066-03-1A,6195.550670640834,0.8138582032004515,3.321352131077383,0.644951492647336,1.5302428977066973,2.134125094628912,3.229187817650363,0.12357017305991123,0.3156776873669908,1.7378305272401022,0.16254253382673317,0.15247572461086625,0.2261338287819436,0.274267859990074,0.3174380948578333,0.030352501841368153,0.06113328054282572
ESCC-079-11-1A,6255.038869257951,0.9109846074998278,3.6499504405702914,0.7417784687407337,1.7495946080252882,2.504955178199416,3.0800907112129177,0.19087293332684924,0.23069808868106648,1.9891686389577772,0.16247196935638814,0.11895390085697392,0.19631614142863807,0.2973238922267709,0.3332646477728211,0.04183776630804857,0.07583919987954055
CRC-030-07-1A,4462.561491374513,1.0472299365737905,3.3299548043925853,0.8289137690120446,0.027462434388730896,1.535969514968186,2.256592986957028,0.30759972617130227,0.170744739138513,1.9308488793633907,0.05628313128983281,0.055908838437337606,0.132773742993709,0.1818145162486821,0.2673621353922394,0.017395469556724517,0.034770328948312126
BRCA-030-07-1A,5196.367537313433,0.864546025563156,3.3741487071470644,1.3491771251418634,0.06319995149609904,2.249663529788536,3.5690184129661833,0.20447602159738165,0.2508993671263208,1.9021876575838623,0.14275573026855398,0.11283083005477954,0.24610932886229248,0.26967019806334874,0.33735498111372636,0.043753237293943065,0.09807840316951061
OSCC-074-02-1A,6466.156626506024,1.346950003535726,2.420727279609832,0.3796310522419848,1.263804941160775,1.3814345388553453,1.6560110788658928,0.3362204764766204,0.21516377090409627,1.7752387355358796,0.16175144730335916,0.062059676622760844,0.08407816757687782,0.2301108757041827,0.5006516985930974,0.03450216965147154,0.041968790377446274
BRCA-030-16-1A,10456.710813762971,0.6947563257768589,3.0685090695186075,1.5542996977283883,0.12904156861557153,2.1868094602966095,3.663370998017077,0.313441832696133,0.2943818815837506,2.3537841692935353,0.2018183264858189,0.07501973190983814,0.24005377944590978,0.3791769869109669,0.08877685369203935,0.01707215811605193,0.022106632577924838
ESCC-032-03-1A,9851.544459916451,0.6817286938915815,2.6617676566654502,0.3877622243889725,1.5015126219290715,1.1286987082638287,1.6553812415042932,0.3769510841817144,0.2949421232323126,1.824207015221076,0.11087651577876383,0.11215676641961597,0.14273533640265157,0.23663865483039095,0.7700813469070302,0.05485043210902518,0.08056476865986541
CRC-016-26-1A,9112.025862068966,0.9369662132017565,2.813999079985947,0.8651208937293511,2.229340107958488,1.3578621372523851,2.148112065746531,0.1708512187836233,0.30029867456484244,1.7384844284590595,0.08859142011919849,0.06166373157588345,0.2937967847643213,0.1183122222771125,0.16167570119931435,0.018003817142590778,0.029723508912215306
PDAC-064-39-1A,2333.3718499706974,0.545480671178729,0.4279456341756669,0.20966103289618412,0.3724432586557669,0.37145762748666994,0.6434054139030695,0.1283216713389584,0.264246770620408,0.37764223114611617,0.03953258751637003,0.04063290646791049,0.10290441107354889,0.25578137220062525,0.2852043567208485,0.05723428334544612,0.08866410990670216
BRCA-107-05-1A,12555.256521739131,0.5150480078121098,2.756954261478625,0.6811574115841197,1.8249898983750323,1.5293219536491025,2.057800771540729,0.33742659351046084,0.2556533340630454,1.8942341576316193,0.12969842160432676,0.16204189498857532,0.25893645352716166,0.27070309013778704,0.5440179390425183,0.020334970182982012,0.04020314563530831
PDAC-064-68-1A,1114.828282828283,1.0190537339969206,0.12264313455014085,0.07109270903257536,0.16651594573241518,0.08951168603999658,0.1520902227147277,0.12341146961909874,0.17331446147018492,0.23702107920668875,0.04558107966738474,0.0,0.09895094936189365,0.06423707789474983,0.15413258831386775,0.04825951711933415,0.05311778596898359
CRC-016-12-1A,16632.522479552797,0.07643218371680949,3.0731894751896185,0.5440072110545796,2.3629097809418362,1.3436663065785344,2.546638415342966,0.1953625951956401,0.2792588874508763,1.4516548595729308,0.06761450443928685,0.10271052822940589,0.2604521693917061,0.2269147522582274,0.2553253938156747,0.07504187477045422,0.02855643793597674
GBM-085-06-1A,3461.6758080313416,1.4128702165849187,0.9733034631065207,0.4006663973841121,0.4566353105182334,0.6289249306403016,1.3711577467257137,0.11357813219022815,0.14564926804825198,0.7751564231311779,0.08562822290641485,0.037554634502376026,0.12082968411896224,0.16696003482861133,0.1986481089517767,0.04208625180470462,0.055559687262191126
PDAC-106-06-1A,7699.022153846154,0.5231115059846969,2.4766778311606985,0.38826432442306,1.2456051368163896,1.5622074437984952,1.8265094794393162,0.4309058196788718,0.199796051856272,1.5401992745434494,0.0805806864962977,0.15914025236430066,0.18454129411623865,0.1562227081598533,0.9867996895638909,0.052396556495731765,0.0717171564121064
CM-036-03-1A,2876.228954209158,0.9480227546632467,2.7815042064956486,0.47132026046347175,1.842633164998288,1.2532668902668656,1.9923338185523365,0.3413938101899278,0.1590631727895657,1.4836758800903382,0.13128426429906562,0.1227829511378881,0.17889078472625905,0.15885027411452993,0.4766847801905775,0.028853573914800295,0.036880520578609716
LUAD-003-06-1A,2340.632983023444,0.9376240078855709,3.182476065881897,0.5879192424631821,2.029240054749388,2.2345616561040553,3.008330306914452,0.2256535270842867,0.09929183722650041,1.9613541513760464,0.04213714084071539,0.1301009251337601,0.1274029633901832,0.15352265200883544,0.106475100147762,0.009460658822929647,0.03131210072000987
ccRCC-060-05-1A,6134.535467893154,0.3413897708517831,2.677001905160563,0.33476966121195517,1.4125527368391362,1.3557331609646652,1.6512194562191034,0.4434931070026817,0.3011070436192637,1.592318229269956,0.0909048131278894,0.18419040749503243,0.15560908965602735,0.15854889968965744,0.9029939395513303,0.05589415616153393,0.06332140599195947
TNBC-075-01-1A,3315.969546302051,0.7697153570951456,2.3925044115792775,0.5589206987342654,1.5927204219867606,0.9390251808195436,1.366989807391356,0.3091948720465352,0.20983282214236743,1.3582804060288372,0.05677571372585818,0.057263850610705304,0.15276652727334905,0.14848486922270163,0.5821300337935387,0.018514757315213837,0.05060672712775158
ESCC-111-19-1A,7775.617451603583,0.6675490765092882,3.0968262370291355,0.966369489505461,1.8597476345887691,2.206436003481879,3.238140171307191,0.284443761730397,0.3576778557698857,2.2737342085928502,0.22876487800884976,0.16058198571435484,0.20197438865973502,0.33139631795147745,0.5763161767537607,0.05971516538082174,0.13003278338484398
ESCC-048-23-1A,10491.65702891326,0.4616512096008521,3.0214847520951413,0.5842349348332302,1.7860928540353365,1.7582750910996965,1.759457190259752,0.3400475465400771,0.29665484158542504,1.7281610150483695,0.1257060139830678,0.10522206649619668,0.2518720399149284,0.1354862523526328,0.6438396024433883,0.04884153390036135,0.061871042829233336
OV-030-09-1A,4304.471034273582,0.9278300591463663,3.0577277646517356,0.9432827360350973,0.001472900099797098,0.7974435307587231,1.7327332204114025,0.09646966536221327,0.18308245334524995,1.8970590578367443,0.0931373617142815,0.04357368701348,0.23909405618487714,0.11355700475113449,0.14034903606887006,0.01702503516806108,0.03994389390732664
ESCC-111-48-1A,8014.606880849988,0.9553953698639451,3.337008882187251,1.117882162092727,1.918250309273767,2.2665121934850134,2.8774724156926563,0.25019475165791444,0.4026701488079512,2.080418352622491,0.19996059067503044,0.14263362344558791,0.2222040494822381,0.30575158527928054,0.3176980927061656,0.022855693483559838,0.09012816084720146
HGSOC-049-02-1A,2349.4296339337593,0.3176047159270438,2.8967588252342678,0.9934388652873579,2.49902490555357,0.6938740951236562,1.6448980611015884,0.1690408475594378,0.13178401429880626,1.029107080291813,0.0472900497952389,0.06410467506762389,0.10103574370140062,0.10147398122056502,0.34214089920631596,0.013210193315691392,0.023198807622572537
PRAD-082-02-1A,8605.737463126843,0.2863014297635384,2.9830782524595927,0.3768170265646104,1.5748562470427485,1.452251380559415,1.737436847389637,0.3467020721996368,0.2378597447153532,1.4947755496337802,0.10079475402929165,0.17525047424364545,0.1459432391003153,0.3238907533140084,0.5664548121935336,0.03801948610706791,0.044952200979586646
LUSC-005-01-1A,4781.155131264916,1.638642923564087,3.5160339624351598,0.8204151318625916,2.7047191284668846,1.6134747436522552,3.3487418428142095,0.0964877165946208,0.20411751501027564,2.5873071911696712,0.1636512543474055,0.1175272062610877,0.22154353172895405,0.2359160013186623,0.10969339962810788,0.0,0.012385848045941495
PDAC-027-08-1A,3924.3995594713656,1.3416169817140875,2.770607382614309,0.8914882760258216,1.950829881175561,1.6493570004258717,2.6673766149517424,0.3225891024964871,0.2960906653339305,1.684196858531306,0.09424482294606919,0.12971236492892452,0.12458532227345037,0.1737292842570769,0.12065646449849345,0.016854921848795276,0.05196795821948487
PAAD-038-03-1A,8255.23859489051,0.4213146480358778,2.483493044243402,0.540785590635144,1.687205414207645,1.6800145702486888,1.8528395978771417,0.34064680689097254,0.20679280567716854,1.5940110959533063,0.08142754220651453,0.13431228509246845,0.20410701488624364,0.18742448772667358,0.5559454490036556,0.04480643467202144,0.045733877871895805
ESCC-048-17-1A,7062.265974440895,0.702330176014793,1.8624153891496096,0.7413833146009055,0.9909203201341555,1.4109072171520383,1.6202655356104103,0.41682474888916976,0.1370060727850202,1.3501475855041767,0.1674893371769579,0.14563698283784854,0.13716837819202116,0.1840525450680833,0.4884837059834969,0.04826031944646388,0.08607010060503315
IDC-015-02-1A,11155.557228915663,0.46777879580460097,3.89309356693613,1.6775009037476563,0.027044095788155916,2.9642200934290774,3.381204773302725,0.3664733053400929,0.5886589979324031,2.0351212784490254,0.2938033875060972,0.10123815298070668,0.44126032850647334,0.623830890669892,0.17635546862225607,0.05723924468634645,0.09016860428160178
LUAD-096-88-1A,4454.517546848381,0.979370234660104,2.779319419941112,0.4648154396153419,1.9910630689184032,1.5090596592555223,1.7071469782652893,0.1947869340473461,0.16710256983158936,1.9651522191941333,0.1491067105577501,0.12360679036621515,0.2045802233944669,0.11491373184052342,0.4636375334873943,0.026519534329970656,0.04900916278262846
PDAC-027-18-1A,5802.451127819549,0.9900110715924761,3.0810574698743527,0.6822610010855619,2.0882823712983383,2.021236832017562,2.8400684592527377,0.17953451154503022,0.2185676944357235,1.5718820066277297,0.0746141479378574,0.07285387483574254,0.1443216604538858,0.19037222853645608,0.12996128111875677,0.02081727335113341,0.04732418849857239
ESCC-048-07-1A,3608.48429867411,1.0837712421882908,1.5929301885434188,0.28548164669779286,0.6272992391290628,1.0125630579409262,1.2933192183072657,0.31539766099089583,0.10000380210064533,1.267040489226207,0.0687316830940898,0.05604627594739547,0.05284800578379065,0.13234573636259223,0.3651796528697264,0.037588678168407275,0.04219014326528155
ESCC-111-58-1A,8984.75933125972,0.7097747334885537,3.370032603724173,1.2016885141101543,1.8498046677589102,2.433735507728419,3.38520901647705,0.29166879106886545,0.3553159892781397,2.317250177860842,0.16359862581377196,0.1351498124599515,0.19339340767916274,0.3161323399495369,0.5542267541211527,0.03572568666174577,0.09558768830957097
OV-020-01-1A,7743.909829567975,0.21160190219037328,3.463796251127223,2.2064113030405292,2.990251882769646,1.6952230515962512,3.647131600575053,0.672542474750593,0.21191993065364312,1.3719406470634468,0.38594114208299307,0.11590918845542074,0.09884178638236052,0.2053868560247381,0.2906114234637293,0.1711235706888517,0.1209024122600163
CRC-101-10-1A,3151.6109370549702,0.5984563903393676,0.39687578445935395,0.26510290361136163,0.3693264171024289,0.34475431558245906,0.5835775039852619,0.13907260109644193,0.2943706384734523,0.2288397658967741,0.011504510071148789,0.053459801081098934,0.09833781010837099,0.11913010755795625,0.19102229598484607,0.06520818120999242,0.07063873164328045
ESCC-111-09-1A,7104.590451324133,1.0527800875964897,3.1769741911556446,1.2791307561292975,1.8959327498181189,2.5159707365501913,3.171338096780304,0.2530504129397133,0.26423591196566265,1.6134941565659136,0.11613430053553225,0.11479914870344596,0.26752219008712863,0.258306974143807,0.37511540828563766,0.04610924417418429,0.12772995519389282
BLCA-031-05-1A,1495.0229859505603,1.2547647101584722,3.1188502938139413,0.5204378929826,2.2005941453784326,1.5021336126637073,3.104546861409921,0.1850483340205986,0.08117545078831118,1.3659220260262528,0.07986260387869759,0.09564975738205433,0.062371193273367535,0.14609224366357967,0.3518604513749633,0.01823178187646763,0.023590231835300055
PRAD-082-26-1A,2904.1936026936028,2.0732121480243166,1.9615080514500631,0.19247425345297636,1.0293805166840273,0.9324111727614599,1.140834432827357,0.31545342738931853,0.18678983786025008,1.059101295714185,0.039423598449985005,0.07903189180885423,0.10445874263984983,0.12192622643647064,0.45910557496607124,0.03339008646262297,0.04046126381991305
AA-013-01-1D,973.1685344827587,0.5853730486386319,1.1860295088704085,0.34114004866823433,0.0,1.4615228149595025,0.4642091107314117,0.1913066609996272,0.09767974303982362,0.7221523200939305,0.019706613651113973,0.07394459759759979,0.19022651341775434,0.02753067990483567,0.07483563064003589,0.035414924943254385,0.03577077625447319
CaCx-120-01-1A,3255.8112264513647,1.4756816557981205,1.8285521549856452,0.3487357500339831,0.7058653841477472,0.966976282413903,1.413590299410005,0.2921277700707132,0.16098613752579571,1.2142346050910995,0.07412340252507733,0.08473462783689943,0.10635595534746278,0.12181471140642494,0.48683680068536545,0.025764327728811483,0.04466957018525624
LUAD-003-16-1A,5958.119762845849,0.46358035666563363,3.2811302279028673,0.482240481525887,2.4741686774377833,1.5784846893393873,1.869606442121798,0.26542819704803666,0.23823135370344833,1.8704083204323292,0.161659952703789,0.0876339074984217,0.2006807444720662,0.19603235644589356,0.5791344488224754,0.023744446709511327,0.05787433010013927
SACC-103-04-1A,8622.875915015176,0.5960306985394261,3.3778580163778433,0.7082694873879078,2.4609593769528497,1.8153842197838774,2.1762888639443942,0.3631709848955267,0.19594411553002186,1.2571578740840745,0.04821646095458957,0.07958201249936453,0.13264206006764356,0.13807691140145778,0.4398497917538636,0.06140163966038086,0.06067430924704398
GBM-085-16-1A,6017.652598671356,0.20911264300628013,1.2788768459930882,0.23528302392834366,1.0657254409269836,0.377412077693734,0.8292385924493753,0.18566252321255558,0.24713284051162732,0.2611468360190314,0.024966006367957917,0.03577709107529249,0.15062255414110742,0.16833920405454872,0.15517990055714417,0.10947776737267566,0.12176109746255051
CRC-016-02-1A,7307.07579289363,0.8838067322646389,3.3885557783901192,0.8122315923525024,2.3171654896979996,1.4131558291842121,2.0852989631440932,0.1481072052318258,0.1926796374797104,1.8308408563347398,0.06721553657489589,0.052222278586587935,0.2107323674176331,0.15115755812328113,0.10648580051143271,0.022577648795457102,0.04719833214882245
GBM-012-02-1D,2111.161233480176,1.7258483063682108,1.3584275952750027,0.4913443800658005,0.0,1.0951585843007325,0.6449798966470315,0.15104868164386687,0.07617388210169622,1.536101979307322,0.07972194674776764,0.04872659687030295,0.2829056461401936,0.057442063024941134,0.24258754804986718,0.018480424939638418,0.022681729510162518
PDAC-064-29-1A,4087.0840282232202,0.5991335665448919,0.6098964590712254,0.25967012740976386,0.42628587733382595,0.3972346470619913,0.3431996133246095,0.18348088395852247,0.24776742975001018,0.38029095906657223,0.02545470313368243,0.052897673129413736,0.11384658694863378,0.16501871937247276,0.32223883706290796,0.10196040877397393,0.1156104362780988
PRAD-053-04-1A,8750.338394062079,0.3305813822454004,3.310362875078035,1.2127043299660079,2.158944470373702,1.76206814516815,2.3429886933592745,0.5328267317005544,0.2911397835532658,1.3168428876037592,0.07509654406707912,0.09949193193271437,0.39205136549849906,0.458872852221169,0.3156016668290121,0.08296689986816529,0.08688664106869486
dCCA-066-02-1A,4663.37962697274,0.739035623675615,3.9710230145233325,1.0009395026774157,2.196426292715397,2.4180465390427925,2.5613546354015204,0.18723820902929367,0.3098881672698255,2.279344316007395,0.17231260642265905,0.12560268807012143,0.1928613106411173,0.26526656648109403,0.3726249376323275,0.03583191796859087,0.11746100876999502
CRC-030-06-1A,5995.549391069012,1.0121291823001755,3.2103250871492013,1.001515538953021,0.07274604158333879,1.662147622044021,3.1640004059077436,0.17535337365167192,0.24176583626840986,2.0124380999329494,0.08966196655576031,0.06939463996002922,0.1399837378391009,0.20516546086886972,0.13685177788767983,0.012545829810381,0.03726889061945749
NB-033-10-1A,4077.2323028673836,0.6532641061360979,3.216777403234213,1.4636067773935646,2.78943055767671,1.8252700140577993,2.7244955958995103,0.195848583636653,0.12022383915133751,1.7159480623065555,0.0706601783983879,0.06142854615560765,0.09888988909914034,0.19200798026990196,0.2775022917759728,0.01948881360065098,0.04989662269677473
ESCC-079-10-1A,6343.506493506494,0.9210430387569014,3.656193264141189,0.7514746677181792,1.7634521119097446,2.491078628812554,3.0650041486774278,0.1935887717516172,0.21755736505602716,1.9870255136660462,0.16439371910524636,0.11421961041006164,0.20308181166681416,0.30205618482261304,0.3288979626884973,0.039835055533182125,0.08361475166299741
BRCA-030-06-1A,6040.132101300479,2.0995008809527116,3.434851965346814,1.2358743186747312,0.05724181681110521,2.321478457047556,4.706031378922109,0.15059541480035407,0.18597245856294436,1.450270334908529,0.09403814919496983,0.06253104658314484,0.16310082647244908,0.15514065512940342,0.1488677610453729,0.02359654774883985,0.09613514032990508
TS-039-03-1A,8165.598282591725,0.5850970450479183,3.0930578974100924,0.5220704406158381,1.6764671505753233,1.3311968129046676,1.7358691347735105,0.3861431918904826,0.28269537538215944,1.662719154007272,0.09548024314508959,0.11043760097898456,0.135539419033412,0.21290866232805508,0.8033810234954276,0.06762273525573227,0.0909365545433029
LUAD-003-02-1A,5936.786305492852,0.9066430549042646,3.5040716238342715,0.5915512233612559,2.706850592515116,1.5209583175431185,2.416980439329991,0.33614419899942594,0.1980026860245323,2.200662314974588,0.1103939475920225,0.13912617793320023,0.12790736262085045,0.1878413209457643,0.32530823118725677,0.007522342163557309,0.032845184495534606
CRC-016-16-1A,5362.530486115871,1.3714891059954528,3.532594392043472,0.9674248710925715,2.492854088150196,1.9351733301753733,2.7779692626767636,0.20733123250115845,0.24688145368129313,2.08881704746631,0.09579160561468478,0.07654185134009886,0.14978254071859282,0.22742087030960378,0.14740038415884732,0.0230008641424788,0.03565484117120959
PDAC-106-02-1A,5844.104057591623,1.1239074577809687,2.733146289939547,0.40407270079837604,1.248416847904519,1.5357885722861067,2.0851656104910403,0.2870064054412102,0.16375088120485148,1.5791407622554645,0.11030093873256384,0.16016948311296586,0.22389388057441867,0.1877962302709664,0.4330211529240654,0.03761068538622213,0.0375608818905426
GBM-085-02-1A,7660.856672158155,0.40584972699562016,0.420560500124492,0.17851506122403396,0.2851588069379287,0.33411962310140453,0.6301462923414769,0.15673615101433372,0.2461335731894872,0.34523973614434855,0.04339579467336016,0.07364937514619023,0.16406811267534913,0.127053785432308,0.22198902447747523,0.08496599974619909,0.137867913935002
PDAC-064-09-1A,1561.7879228810477,0.4445684645234118,0.06860061500272216,0.041576296836159155,0.09733928133523335,0.09592703064795055,0.10397946080529286,0.09051809371661904,0.14506933525933366,0.07284435639246534,0.009496537637895815,0.02160907695896027,0.05349387091890192,0.1253649206571737,0.1452088275599715,0.04234958305017882,0.05721783298437618
ANs-083-11-1A,9398.170550161813,0.2930641295939544,3.13370488477336,0.4447504595393349,1.9107276752567541,1.5430567789465466,1.8914988611400032,0.3561273796997109,0.26697926025064306,1.4349001163096613,0.08339756878233874,0.05490225329858017,0.1432541301502305,0.18818462528592453,0.6129088836648648,0.07307560848060032,0.07000660982084413
ccRCC-060-01-1A,3994.8112709832135,0.5171157052873614,2.586051334837798,0.34385314002251466,1.1461919009258188,1.389347958276896,1.366042492896452,0.26921127682220225,0.18570893193508714,1.355585600245082,0.07171199267372647,0.12203835585168615,0.10954346557219284,0.12874826756460162,0.7558474375721468,0.03287114820034729,0.04589330228700813
PDAC-064-58-1A,1510.4672070744289,0.6413277948452702,0.24901886341316024,0.0713725772779817,0.328458054385122,0.21403122439792252,1.208081510516004,0.10422819420429659,0.1135438312360132,0.3233267505095053,0.03609208897924408,0.012759027176742257,0.06579208397064881,0.13980766084375454,0.12441900647174566,0.02832565823020135,0.03680174083948108
ESCC-079-04-1A,3977.5984740104914,1.4342331934430566,3.3095647262833046,0.6458716794587115,1.3121407532335403,2.0986306565211743,2.7610876372026354,0.21341450254732924,0.26940245042231,1.8856539959798808,0.09263994135123553,0.08416857175343176,0.1512649920114408,0.19860135110461505,0.29825172182763865,0.019811749672631017,0.06138027955882494
CRC-030-12-1A,8300.50847457627,0.27468069990408833,2.442488471693599,0.8421960441184524,0.01205538584979235,1.0199360183150301,2.0410420380497194,0.2743168613623593,0.1134809460206877,1.6135893521838434,0.07734083721837133,0.03903754108338543,0.19132790140065908,0.14729173169169632,0.15088086682941804,0.03783634028454958,0.013178823863933495
CRC-016-22-1A,4815.358194308145,0.7290763599361095,2.5964877130202004,0.4298627132937349,2.101481399719938,0.8212174655056561,1.3412265330763697,0.16388645491003176,0.1812735424899486,1.2434976640039928,0.03505185178887549,0.037416730918653246,0.15653438651151894,0.13378388149059936,0.34402553391767343,0.019582414913413386,0.053238766928832774
NSCLC-006-01-1A,3339.588543485854,1.8310739897844794,3.286676994961541,0.626475610677624,2.4080787394558287,1.377900579825711,2.7584231903686547,0.17415813487610063,0.2597241574010565,1.8682102171154866,0.19146987825060585,0.09136496541825638,0.18638872229380316,0.1830106791509283,0.11878017457044739,0.011562820771583599,0.030570837053167762
BRCA-030-12-1A,4690.212927756654,1.2343255902202395,3.853246746562558,0.9486927001324885,0.1337281828193262,2.074629155029167,2.8375112303266623,0.1670872995407375,0.2940646352721975,1.9880073096905526,0.1341240943577472,0.09075405802413537,0.21780981730442642,0.18722192730109546,0.24922686519363432,0.043538097890605476,0.14547000475519747
BRCA-107-01-1A,8272.164849199333,0.8428777338904312,2.406997357773775,0.39083474611959756,1.2682398882259547,1.0721116878225685,1.684994776729424,0.419384486446509,0.30346414075615075,1.5016702616217472,0.1049173691658078,0.18024040741653216,0.1638479277105505,0.3235376082924659,0.6563269346984928,0.03726117606772851,0.048210461246411256
LUSC-092-09-1A,3364.465213462842,1.131530313388916,1.0149158458284029,0.1179197623621864,0.4537999023019176,0.4530761075164796,1.0630680516608038,0.11908354592147583,0.09559943741062206,2.112090602411804,0.1779987068535435,0.04756022904757858,0.0574233532857289,0.06599758212808697,0.3456567502277866,0.017059593710410593,0.038665793243318654
GCTB-052-02-1A,6692.912144275314,0.3222622478905334,2.7951527430532592,0.764196242510456,1.716648935601164,1.817099619532116,2.308345775658347,0.3386999171521055,0.20566299390028187,1.8903802875035318,0.06729322725056572,0.09458942940567719,0.27184738742641146,0.23690695501926645,0.3546070687875026,0.027228390599404066,0.03483818978289809
PRAD-053-10-1A,7672.711529066927,0.41679524711130955,2.5334286271697133,0.9068736549505182,1.875357076979109,1.5526494572970775,2.6668874145042154,0.2663621314475819,0.31484395740245913,1.6711076482355833,0.0833203655667304,0.1063283190761132,0.23499565269454006,0.40264686255348264,0.3512084194974008,0.02424420945927856,0.04522591682674771
PRAD-082-06-1A,11423.025959367946,0.14235851616703796,2.6920401655135757,0.3819190903027521,1.5044828970555282,1.4662830724307856,1.6293230311825306,0.6378794038523172,0.2601211562200627,1.3657281271734478,0.13936252856732897,0.19517559901248724,0.2013592790529575,0.20827941328384805,0.836132527214381,0.04571389691304044,0.06709330456522092
BRCA-134-02-1A,8575.590214067279,0.6708651942328903,2.3229877598755038,0.6296066705436577,1.341107628765306,1.2326927446127967,2.2115397139501685,0.31182545229055114,0.22890812294209484,1.6585231009764976,0.10778682150490168,0.17635563932156978,0.29880022992042965,0.17142973501746303,0.42969684597938373,0.026072315762040752,0.05708811392475124
HSCC-130-09-1H,6545.48043067074,0.30588153504430515,1.9455166584480024,0.9556590522585899,0.0,1.4507013486847016,2.6413158530311693,0.324277691158434,0.21329434766449756,1.6650791951809152,0.09163042512946272,0.1778118497489683,0.17610697404282127,0.1818512486786835,0.179598387222921,0.032779764953741734,0.048998174687112386
UL-050-03-1A,1583.4612445414848,0.35097111166788897,2.5828282492038235,0.6748802573084608,1.0819756188067946,1.8592590812607301,2.039429780284461,0.11896364184525669,0.11806673482874269,1.0024470165272992,0.08890920705448253,0.04069559530051242,0.13475925230459693,0.13761519038798004,0.18465291434834946,0.021730818739971645,0.056771526362564655
ESCC-048-13-1A,10094.103591160221,0.963748530476678,2.9208561406271825,0.6506575376724179,1.4252220783813503,1.8591423817548614,2.5757623230722473,0.3691961026814119,0.2888233683813195,1.7980897226413224,0.1466587501127253,0.12500633894688112,0.1980500580057566,0.28938993709249133,0.4503412942455827,0.054374933949046377,0.07175456863527653
ESCC-111-29-1A,3686.1829862649533,0.6962943740766347,3.1560414082659647,1.0865016984743379,1.7155532507518958,2.315984762850805,3.041156778024134,0.16328747815069014,0.18576874511923697,1.985526843495848,0.10790412586685735,0.09342897676286599,0.15588141385839907,0.1914797925408778,0.30968242479073127,0.023251915238260583,0.0727715763497303
LUSC-005-05-1A,3795.312736443884,1.6704713015591024,2.9385612139878807,1.1568320713841664,3.0954977026357806,0.9448001937018544,2.929374268550702,0.07711692138555952,0.289729074947536,2.7915143982932844,0.1847951036492285,0.07965436132487347,0.3039607858501128,0.21645554311364437,0.03161603220307988,0.010825382821171202,0.033089495524332616
HCC-059-08-1A,7813.763557830747,0.6255649743607418,2.38308698889915,0.4312875591528961,1.3074030786452402,1.223282263148985,1.2489526609883257,0.415377072835476,0.274090139699118,1.5493986691305728,0.11562961043648165,0.12725206858304441,0.1921457812794354,0.17398009702090678,0.5962714181116502,0.037161331060541695,0.047298270043517054
BRCA-071-03-1A,6483.218587360595,0.8567479409798611,3.6207930575709675,0.7930220699239905,1.917473089254064,2.215876327826376,2.772468046644218,0.24642058392874136,0.22883869693877962,2.092828232298673,0.1902731397651057,0.0756038402668713,0.2886193984283956,0.16522956480192907,0.4297963667900676,0.023649515037406144,0.07471278014851775
ESCC-048-27-1A,7721.332728328735,0.48260509068562046,2.8895311390241916,0.6183395717486297,1.671299409867837,2.005306559053088,2.146417705812706,0.40692668395525283,0.14492208151083272,1.9024357291926883,0.09772648932998047,0.11316735263778066,0.22679887568827287,0.27417701712735715,0.45629426635546827,0.10454994371880334,0.05640459304200365
CRC-101-04-1A,333.17628131464033,0.2379923946399482,0.18492699638422072,0.4408358093285756,0.17922579263359145,0.1936178046209007,0.4324226825962912,0.13454883627361736,0.10442216176176153,0.23668500468346299,0.009310989995105351,0.03866764705670876,0.11249283018734428,0.0442782766356342,0.08068017588462068,0.04480259255386312,0.057541013162616984
BLCA-031-01-1A,11575.90815718964,0.25502802234296684,3.6602907148860844,1.1876358729283643,3.2364150592940577,2.006164662189044,2.8270696219858453,0.17994443510946925,0.2557246288613347,1.8767013362364733,0.24945720114963063,0.0905269616921209,0.12991215632167463,0.2400101123340431,0.18690822698212983,0.028418168388488204,0.03671932478956027
TNBC-021-03-1A,15768.465465465466,0.08963922275172156,3.2552839900773964,1.9195311177833372,0.047342684232269026,2.035538769427128,2.8073808091674097,0.32988843839122395,0.26573869772989495,2.0433315272458534,0.18190190543535242,0.12631784553249523,0.2906104286096146,0.24150431365482045,0.3000802045649616,0.03576052863291974,0.0660727502129535
MCC-122-02-1A,9089.634029441972,0.29235985382444807,2.957346799193386,0.9263367226132552,2.0571430709151315,2.016326825681135,2.2230465758460345,0.6025868226149961,0.2648836238624684,1.9201214967441447,0.07738629608978241,0.08605911078562027,0.287658621489822,0.397280623511434,0.5494830505728441,0.12868547689572415,0.15327564420320655
PRAD-082-22-1A,3132.405829047269,2.0142371320452104,2.2200740377923625,0.2001885277424964,1.4257110125074128,1.2024550683724433,1.165898689742821,0.40769516348575185,0.1235331737718932,0.9178733421551432,0.025005159891943546,0.0955474934639679,0.07254862048956205,0.0869902889320129,0.3747349015818584,0.027875870662910196,0.024286196685387673
EAC-116-09-1A,8438.831462450593,0.4360661267215611,3.113375565771114,0.4898581693799044,2.070627544728401,1.2409686420699064,1.510906173317942,0.39778658720467885,0.2549241835336779,1.544406987462513,0.05021476468299117,0.0799085450839423,0.138303656007584,0.16602723418478513,0.508331145589621,0.04487851026775791,0.045801855096794006
ESCC-048-03-1A,7202.2271762208065,0.6624424306801349,2.384049384937751,0.7596016101174189,1.228841582255927,1.7266894257210479,2.2142982104707483,0.41080371472798693,0.21974312422104658,1.6214704144146932,0.11370774335689829,0.09922874791555704,0.17359350442981905,0.2652699250944167,0.6527052321924595,0.05556254651424168,0.05602585653330127
ESCC-111-39-1A,6889.683346065699,0.9091192628672785,3.3938469909149505,0.9309422640424321,1.9007865547328031,2.278546170395851,2.9335056586730013,0.23202485565757489,0.3439374446813281,2.396009842355931,0.185464570973506,0.1301596896654095,0.20994816253106774,0.26533027835948164,0.5056018431183884,0.032007926446386614,0.11113455561353752
WT-070-28-1A,2651.4676596612935,0.24419665421022196,0.7272498901794356,0.7373342843678535,0.8184952666941783,0.24629143461657405,0.34377288612850615,0.25595038255329855,0.11811479753473941,0.28092766762399607,0.038024796957685,0.04186966757455749,0.09171907077642524,0.09674829658318178,0.2772574435549889,0.07201552288342744,0.09762096162158768
PRAD-082-16-1A,7414.886150053921,0.26673166947057464,2.9319882804644024,0.3310505127337127,1.7227792563274757,1.7199784081870255,1.8925483721741394,0.5893963832431822,0.21587922278516822,1.5029224925446834,0.06011520617054263,0.19030991947785944,0.1257323200362924,0.19679830370723542,0.6563885743354186,0.04468348027652879,0.04995430916775066
GBM-009-02-1C,1418.6167361524717,1.762830869561204,0.9142514428429713,0.6735748703846407,0.0,0.6479468623736387,0.12176335036247865,0.5695906445833284,0.05055648548177096,0.6174462300892379,0.04509437236819724,0.0960218080077197,0.12180175595151746,0.10464230035772071,0.14448207891994372,0.03778268761159566,0.033902753787754855
BCC-109-01-1A,5004.006126277904,0.5576707433630199,2.7131103987533622,0.6397738609703092,1.2122135988242793,1.2174188027990813,1.642883770527257,0.2998715663895071,0.28179549745316623,1.3392992082512039,0.05015297992953375,0.06653252584088053,0.09652466136062123,0.15023534011378695,0.3883838345897815,0.03247721359378847,0.03911259424941825
PAAD-062-02-1A,5373.688476917485,0.8001466686428768,3.040893761281379,0.43806845604206296,1.772936779011878,1.4914345777714044,2.139827056159876,0.2991143396107657,0.26185741089893616,1.823759757280016,0.13129957834112047,0.07509084327487774,0.1963922581534204,0.15560733507830432,0.6217844745346797,0.03030417154416188,0.04809352906953874
GBM-012-06-1D,748.6126585769443,0.6507835871296022,1.3038772327643522,0.8546471098527502,0.0,1.633009009636275,0.5368704156467413,0.08751501351727746,0.056058474849039426,0.8029473790470476,0.035329341510752905,0.041126979233674546,0.07493722113026315,0.02549902594326181,0.12584540306850708,0.031043700447203455,0.023491270848212464
SCE-112-03-1A,7062.349423974103,0.26383859932397175,2.5392378311777106,0.6827969635974611,2.3066140161997346,1.256415256539211,2.583002007713874,0.14134376054176817,0.21085972841538386,1.125796627692034,0.08500405913480451,0.07095802893719227,0.1751324035099977,0.2222658026953671,0.41355290250880267,0.03149564046695334,0.056955799372505375
LUSC-092-19-1A,3498.632373386296,1.3413874791124294,1.0443710674566313,0.12096698435381886,0.4592304157012674,0.4757797437356653,1.0668350483564981,0.12194957623786244,0.09708604079969323,2.067775449152608,0.19414983359997795,0.04452779281597303,0.06046775821587668,0.06865089577822094,0.32060348063578176,0.015906488189093366,0.03618721720976882
BRCA-030-02-1A,4209.150791590968,1.3817373407860638,3.0781803088021205,0.848535544785276,0.8951772174337244,1.8155428712161814,2.979971462384399,0.2329805898575961,0.22087083868177032,1.5339873415382688,0.11408330557481906,0.09280484891312768,0.19349680054294108,0.2288384293058066,0.25922408363574684,0.036594830586212636,0.09694385692022447
MCC-002-02-1A,6460.100554235946,0.5016356642247722,3.5525116564074932,2.773106441318924,2.81496240319521,2.9286495997952793,3.9773907030771896,0.31823283109485784,0.39106543295754015,2.239401956126489,0.43374387660630087,0.11568799117161324,0.36240114652868816,0.5916968890740063,0.3295004690408001,0.052929068886666625,0.13875258530931148
CRC-030-02-1A,7021.2895256917,1.156808866507992,3.2455055059552738,0.8518283552838231,0.05301335541423018,2.2646352588772856,3.4080334725859407,0.1825570180685109,0.29639780603769195,2.287283978407168,0.12577264342610836,0.10717407693991444,0.19184868664394825,0.2800892268200835,0.17936061319031765,0.023281415996854335,0.04108976420046393
PDAC-064-48-1A,1926.9197480698904,0.6745058586152242,0.7394017029766752,0.24738783516788834,0.5770136679190189,0.38895014290764474,0.8093606637465584,0.08709181000925956,0.10051959814186161,0.4105955350392218,0.037866151313793256,0.022382958817211335,0.05673803256347193,0.18847835491051465,0.08527580764632252,0.025129639467453037,0.06069998263573609
LUAD-134-01-1A,5333.940334128878,1.0906537992992058,2.7023900779323164,0.6085318173731561,1.7457070341756418,0.90762767710256,2.6450163689785517,0.2684907471951934,0.28922490717415694,1.5265467275183353,0.1071461471548366,0.11511295167006569,0.14284046571446052,0.15376125123055212,0.3706473588777775,0.028009940686317236,0.046464448670345326
ANs-083-01-1A,6161.099344978166,1.0850657397323102,2.6563467015761466,0.4215730100133189,1.432074041429324,1.389638126401503,2.071927755024663,0.2886394482377076,0.19964992619780864,1.1190311551565792,0.05573883040905706,0.07124405906903672,0.1800217612445547,0.15693065975158724,0.564434833193088,0.045507109457266784,0.053259865697359694
CaCx-120-05-1A,6453.379933791699,1.828052196156566,2.473472963408561,0.39455689053514353,1.2262836009554305,1.0159166498083274,1.4528490821919677,0.1902612374388096,0.15883109607319487,1.117068761684467,0.06359245815667769,0.06366289635749305,0.08720818964730488,0.09459945768320491,0.3030231250125206,0.05328057031099348,0.051788108024109644
PDAC-064-19-1A,2160.891018240591,0.6223831790362009,0.11237397920340852,0.06505333995752752,0.1536404572624008,0.15118920219178955,0.1515660080457577,0.10988497233674875,0.16328328837578548,0.19142657556680417,0.02742692066024493,0.023938289968922846,0.11633895212680723,0.08956120641856023,0.19477776071078232,0.10040572994156399,0.07733355199827177
GBM-085-12-1A,5466.702200488998,0.4896981469249859,0.5067631556501593,0.3070329116812752,0.3427937469908768,0.4242745541891432,1.1860386612658695,0.21765886190768194,0.2171748087817537,0.4268127321477406,0.0562500615158952,0.06241996349135118,0.2024596683104015,0.1736913039277145,0.2808678937411648,0.08669783335228022,0.13552057344870821
CRC-016-06-1A,4708.623269191066,0.8471422997222485,2.56607973264841,0.7408958755455505,1.6381243673637338,1.043970438048976,2.2692721110868983,0.20878386189118245,0.20900605171881736,1.423869796299018,0.06226087825996449,0.05596496050597266,0.1306756002089974,0.16579631245022936,0.1425240667125754,0.036805696840027394,0.03478431618513433
BTC-054-02-1A,4993.338787023978,0.4753201178663057,3.553743482645646,0.8382372099530437,1.698342039733933,2.0494351960634276,3.1337527732195567,0.18352947802767489,0.16379427800564203,2.03614339550866,0.14273321654308335,0.26987057391719216,0.2576254046285919,0.27221581788773425,0.19772599034559019,0.023428178974414886,0.05048690766532375
LUAD-003-12-1A,4624.052754982415,0.7377265828724584,3.3356644023418838,0.5285943964679573,2.4173300358406555,1.5414003806957368,2.6473178870297733,0.19811014425292628,0.22880666713739553,2.3008621266189544,0.1430064924906248,0.09061165504496758,0.1100547258045061,0.25496102519356434,0.2144940292263646,0.010775033368454612,0.03644420782739717
MB-078-04-1A,2555.0114012504596,0.636556101876842,2.5554998128415525,2.232614794221739,2.3941518378655995,1.3113899938848417,2.3421066665739128,0.2069510581292033,0.24808625588515867,1.2349267814192288,0.07369902610005948,0.07775344543832512,0.15405149525739156,0.2245798242367634,0.1365982642674034,0.024984935577221225,0.07707994890652248
