barcode,in_tissue,array_row,array_col,pxl_row,pxl_col
AAACACCAATAACTGC-1-Topic-0-Cell-1,1,59.0,19.0,11614.0,3460.0
AAACACCAATAACTGC-1-Topic-0-Cell-2,1,59.0,19.0,11653.087422239316,3417.3319573524186
AAACACCAATAACTGC-1-Topic-0-Cell-3,1,59.0,19.0,11532.479501398038,3467.1543825078243
AAACACCAATAACTGC-1-Topic-6-Cell-4,1,59.0,19.0,11693.539089393606,3520.9811329880577
AAACACCAATAACTGC-1-Topic-7-Cell-5,1,59.0,19.0,11593.841831929245,3346.0385941522622
AAACAGGGTCTATATT-1-Topic-0-Cell-1,1,47.0,13.0,9540.0,2850.0
AAACAGGGTCTATATT-1-Topic-0-Cell-2,1,47.0,13.0,9575.68177145867,2811.049584262212
AAACAGGGTCTATATT-1-Topic-0-Cell-3,1,47.0,13.0,9465.582306694394,2856.531027807593
AAACAGGGTCTATATT-1-Topic-0-Cell-4,1,47.0,13.0,9612.608922440497,2905.6679035329694
AAACAGGGTCTATATT-1-Topic-5-Cell-5,1,47.0,13.0,9521.59819438278,2745.9679455536548
AAACAGGGTCTATATT-1-Topic-5-Cell-6,1,47.0,13.0,9476.603308934946,2949.661818490727
AAACATTTCCCGGATT-1-Topic-3-Cell-1,1,61.0,97.0,11912.0,11225.0
AAACATTTCCCGGATT-1-Topic-6-Cell-2,1,61.0,97.0,11951.087422239316,11182.331957352419
AAACATTTCCCGGATT-1-Topic-7-Cell-3,1,61.0,97.0,11830.479501398038,11232.154382507824
AAACATTTCCCGGATT-1-Topic-7-Cell-4,1,61.0,97.0,11991.539089393606,11285.981132988058
AAACATTTCCCGGATT-1-Topic-7-Cell-5,1,61.0,97.0,11891.841831929245,11111.038594152262
AAACCGGGTAGGTACC-1-Topic-3-Cell-1,1,42.0,28.0,8665.0,4337.0
AAACCGTTCGTCCAGG-1-Topic-0-Cell-1,1,52.0,42.0,10388.0,5741.0
AAACCGTTCGTCCAGG-1-Topic-0-Cell-2,1,52.0,42.0,10427.087422239316,5698.331957352419
AAACCGTTCGTCCAGG-1-Topic-3-Cell-3,1,52.0,42.0,10306.479501398038,5748.154382507824
AAACCGTTCGTCCAGG-1-Topic-3-Cell-4,1,52.0,42.0,10467.539089393606,5801.981132988058
AAACCGTTCGTCCAGG-1-Topic-3-Cell-5,1,52.0,42.0,10367.841831929245,5627.038594152262
AAACCTAAGCAGCCGG-1-Topic-2-Cell-1,1,65.0,83.0,12613.0,9836.0
AAACCTAAGCAGCCGG-1-Topic-2-Cell-2,1,65.0,83.0,12652.087422239316,9793.331957352419
AAACCTAAGCAGCCGG-1-Topic-3-Cell-3,1,65.0,83.0,12531.479501398038,9843.154382507824
AAACCTAAGCAGCCGG-1-Topic-6-Cell-4,1,65.0,83.0,12692.539089393606,9896.981132988058
AAACCTAAGCAGCCGG-1-Topic-7-Cell-5,1,65.0,83.0,12592.841831929245,9722.038594152262
AAACGAGACGGTTGAT-1-Topic-5-Cell-1,1,35.0,79.0,7420.0,9405.0
AAACGAGACGGTTGAT-1-Topic-5-Cell-2,1,35.0,79.0,7459.087422239316,9362.331957352419
AAACGAGACGGTTGAT-1-Topic-5-Cell-3,1,35.0,79.0,7338.479501398037,9412.154382507824
AAACGAGACGGTTGAT-1-Topic-7-Cell-4,1,35.0,79.0,7499.5390893936055,9465.981132988058
AAACGAGACGGTTGAT-1-Topic-7-Cell-5,1,35.0,79.0,7399.841831929245,9291.038594152262
AAACGGGCGTACGGGT-1-Topic-5-Cell-1,1,65.0,91.0,12608.0,10632.0
AAACGGGCGTACGGGT-1-Topic-6-Cell-2,1,65.0,91.0,12643.68177145867,10593.049584262211
AAACGGGCGTACGGGT-1-Topic-6-Cell-3,1,65.0,91.0,12533.582306694394,10638.531027807592
AAACGGGCGTACGGGT-1-Topic-6-Cell-4,1,65.0,91.0,12680.608922440497,10687.667903532969
AAACGGGCGTACGGGT-1-Topic-6-Cell-5,1,65.0,91.0,12589.59819438278,10527.967945553655
AAACGGGCGTACGGGT-1-Topic-6-Cell-6,1,65.0,91.0,12544.603308934946,10731.661818490727
AAACGGTTGCGAACTG-1-Topic-3-Cell-1,1,67.0,59.0,12975.0,7450.0
AAACGGTTGCGAACTG-1-Topic-3-Cell-2,1,67.0,59.0,13018.701066596173,7402.295678086574
AAACGGTTGCGAACTG-1-Topic-3-Cell-3,1,67.0,59.0,12883.857311783167,7457.998842812265
AAACGGTTGCGAACTG-1-Topic-3-Cell-4,1,67.0,59.0,13063.927405376267,7518.178979353126
AAACTCGGTTCGCAAT-1-Topic-2-Cell-1,1,66.0,70.0,12795.0,8543.0
AAACTCGGTTCGCAAT-1-Topic-5-Cell-2,1,66.0,70.0,12824.13404439745,8511.197118724383
AAACTCGGTTCGCAAT-1-Topic-5-Cell-3,1,66.0,70.0,12734.238207855446,8548.332561874844
AAACTCGGTTCGCAAT-1-Topic-5-Cell-4,1,66.0,70.0,12854.284936917511,8588.452652902084
AAACTCGGTTCGCAAT-1-Topic-5-Cell-5,1,66.0,70.0,12779.974988630642,8458.058183237672
AAACTCGGTTCGCAAT-1-Topic-6-Cell-6,1,66.0,70.0,12743.236818503252,8624.37353404672
AAACTCGGTTCGCAAT-1-Topic-6-Cell-7,1,66.0,70.0,12897.024928768937,8515.573576390734
AAACTCGGTTCGCAAT-1-Topic-6-Cell-8,1,66.0,70.0,12693.731632376777,8490.40505421989
AAACTCGGTTCGCAAT-1-Topic-6-Cell-9,1,66.0,70.0,12836.847516403668,8657.588445202442
AAACTGCTGGCTCCAA-1-Topic-0-Cell-1,1,45.0,67.0,9160.0,8222.0
AAACTGCTGGCTCCAA-1-Topic-2-Cell-2,1,45.0,67.0,9195.68177145867,8183.049584262212
AAACTGCTGGCTCCAA-1-Topic-3-Cell-3,1,45.0,67.0,9085.582306694394,8228.531027807592
AAACTGCTGGCTCCAA-1-Topic-6-Cell-4,1,45.0,67.0,9232.608922440497,8277.667903532969
AAACTGCTGGCTCCAA-1-Topic-6-Cell-5,1,45.0,67.0,9141.59819438278,8117.967945553654
AAACTGCTGGCTCCAA-1-Topic-7-Cell-6,1,45.0,67.0,9096.603308934946,8321.661818490727
AAACTTGCAAACGTAT-1-Topic-3-Cell-1,1,45.0,19.0,9190.0,3445.0
AAACTTGCAAACGTAT-1-Topic-3-Cell-2,1,45.0,19.0,9251.802641070479,3377.5359009662207
AAAGACTGGGCGCTTT-1-Topic-0-Cell-1,1,29.0,15.0,6421.0,3029.0
AAAGACTGGGCGCTTT-1-Topic-6-Cell-2,1,29.0,15.0,6471.461645126349,2973.9157938035496
AAAGACTGGGCGCTTT-1-Topic-9-Cell-3,1,29.0,15.0,6315.757488846692,3038.236268101734
AAAGGCCCTATAATAC-1-Topic-0-Cell-1,1,66.0,22.0,12825.0,3766.0
AAAGGCCCTATAATAC-1-Topic-0-Cell-2,1,66.0,22.0,12875.46164512635,3710.9157938035496
AAAGGCCCTATAATAC-1-Topic-0-Cell-3,1,66.0,22.0,12719.757488846692,3775.236268101734
AAAGGCTACGGACCAT-1-Topic-3-Cell-1,1,62.0,54.0,12112.0,6947.0
AAAGGCTACGGACCAT-1-Topic-3-Cell-2,1,62.0,54.0,12173.802641070479,6879.535900966221
AAAGGCTCTCGCGCCG-1-Topic-0-Cell-1,1,55.0,55.0,10899.0,7039.0
AAAGGCTCTCGCGCCG-1-Topic-0-Cell-2,1,55.0,55.0,10942.701066596173,6991.295678086574
AAAGGCTCTCGCGCCG-1-Topic-5-Cell-3,1,55.0,55.0,10807.857311783167,7046.998842812265
AAAGGCTCTCGCGCCG-1-Topic-5-Cell-4,1,55.0,55.0,10987.927405376267,7107.178979353126
AAAGGGATGTAGCAAG-1-Topic-2-Cell-1,1,24.0,62.0,5526.0,7702.0
AAAGGGATGTAGCAAG-1-Topic-3-Cell-2,1,24.0,62.0,5569.701066596173,7654.295678086574
AAAGGGATGTAGCAAG-1-Topic-6-Cell-3,1,24.0,62.0,5434.8573117831675,7709.998842812265
AAAGGGATGTAGCAAG-1-Topic-7-Cell-4,1,24.0,62.0,5614.927405376267,7770.178979353126
AAAGGGCAGCTTGAAT-1-Topic-0-Cell-1,1,24.0,26.0,5549.0,4118.0
AAAGGGCAGCTTGAAT-1-Topic-0-Cell-2,1,24.0,26.0,5592.701066596173,4070.295678086574
AAAGGGCAGCTTGAAT-1-Topic-6-Cell-3,1,24.0,26.0,5457.8573117831675,4125.998842812265
AAAGGGCAGCTTGAAT-1-Topic-9-Cell-4,1,24.0,26.0,5637.927405376267,4186.178979353126
AAAGTAGCATTGCTCA-1-Topic-0-Cell-1,1,51.0,27.0,10224.0,4247.0
AAAGTAGCATTGCTCA-1-Topic-0-Cell-2,1,51.0,27.0,10267.701066596173,4199.295678086574
AAAGTAGCATTGCTCA-1-Topic-3-Cell-3,1,51.0,27.0,10132.857311783167,4254.998842812265
AAAGTAGCATTGCTCA-1-Topic-3-Cell-4,1,51.0,27.0,10312.927405376267,4315.178979353126
AAAGTCGACCCTCAGT-1-Topic-3-Cell-1,1,37.0,15.0,7807.0,3038.0
AAAGTCGACCCTCAGT-1-Topic-3-Cell-2,1,37.0,15.0,7846.087422239316,2995.3319573524186
AAAGTCGACCCTCAGT-1-Topic-3-Cell-3,1,37.0,15.0,7725.479501398037,3045.1543825078243
AAAGTCGACCCTCAGT-1-Topic-4-Cell-4,1,37.0,15.0,7886.5390893936055,3098.9811329880577
AAAGTCGACCCTCAGT-1-Topic-4-Cell-5,1,37.0,15.0,7786.841831929245,2924.0385941522622
AAAGTGTGATTTATCT-1-Topic-4-Cell-1,1,44.0,94.0,8970.0,10908.0
AAAGTGTGATTTATCT-1-Topic-7-Cell-2,1,44.0,94.0,9013.701066596173,10860.295678086573
AAAGTGTGATTTATCT-1-Topic-7-Cell-3,1,44.0,94.0,8878.857311783167,10915.998842812265
AAAGTGTGATTTATCT-1-Topic-7-Cell-4,1,44.0,94.0,9058.927405376267,10976.178979353126
AAAGTTGACTCCCGTA-1-Topic-7-Cell-1,1,42.0,96.0,8622.0,11105.0
AAAGTTGACTCCCGTA-1-Topic-7-Cell-2,1,42.0,96.0,8683.802641070479,11037.53590096622
AAATACCTATAAGCAT-1-Topic-3-Cell-1,1,47.0,69.0,9505.0,8423.0
AAATACCTATAAGCAT-1-Topic-6-Cell-2,1,47.0,69.0,9544.087422239316,8380.331957352419
AAATACCTATAAGCAT-1-Topic-6-Cell-3,1,47.0,69.0,9423.479501398038,8430.154382507824
AAATACCTATAAGCAT-1-Topic-6-Cell-4,1,47.0,69.0,9584.539089393606,8483.981132988058
AAATACCTATAAGCAT-1-Topic-6-Cell-5,1,47.0,69.0,9484.841831929245,8309.038594152262
AAATAGCTTAGACTTT-1-Topic-6-Cell-1,1,36.0,106.0,7577.0,12094.0
AAATAGCTTAGACTTT-1-Topic-7-Cell-2,1,36.0,106.0,7616.087422239316,12051.331957352419
AAATAGCTTAGACTTT-1-Topic-7-Cell-3,1,36.0,106.0,7495.479501398037,12101.154382507824
AAATAGCTTAGACTTT-1-Topic-9-Cell-4,1,36.0,106.0,7656.5390893936055,12154.981132988058
AAATAGCTTAGACTTT-1-Topic-9-Cell-5,1,36.0,106.0,7556.841831929245,11980.038594152262
AAATAGGGTGCTATTG-1-Topic-4-Cell-1,1,53.0,79.0,10538.0,9425.0
AAATAGGGTGCTATTG-1-Topic-4-Cell-2,1,53.0,79.0,10581.701066596173,9377.295678086573
AAATAGGGTGCTATTG-1-Topic-4-Cell-3,1,53.0,79.0,10446.857311783167,9432.998842812265
AAATAGGGTGCTATTG-1-Topic-9-Cell-4,1,53.0,79.0,10626.927405376267,9493.178979353126
AAATCCGATACACGCC-1-Topic-5-Cell-1,1,65.0,87.0,12611.0,10234.0
AAATCCGATACACGCC-1-Topic-7-Cell-2,1,65.0,87.0,12650.087422239316,10191.331957352419
AAATCCGATACACGCC-1-Topic-7-Cell-3,1,65.0,87.0,12529.479501398038,10241.154382507824
AAATCCGATACACGCC-1-Topic-7-Cell-4,1,65.0,87.0,12690.539089393606,10294.981132988058
AAATCCGATACACGCC-1-Topic-7-Cell-5,1,65.0,87.0,12590.841831929245,10120.038594152262
AAATCGTGTACCACAA-1-Topic-3-Cell-1,1,44.0,56.0,8993.0,7126.0
AAATCGTGTACCACAA-1-Topic-3-Cell-2,1,44.0,56.0,9026.034901211928,7089.938922215459
AAATCGTGTACCACAA-1-Topic-3-Cell-3,1,44.0,56.0,8924.102603758962,7132.046556816443
AAATCGTGTACCACAA-1-Topic-5-Cell-4,1,44.0,56.0,9060.222799818237,7177.538464003022
AAATCGTGTACCACAA-1-Topic-5-Cell-5,1,44.0,56.0,8975.96323848747,7029.685032972941
AAATCGTGTACCACAA-1-Topic-5-Cell-6,1,44.0,56.0,8934.3060691529,7218.268914738599
AAATCGTGTACCACAA-1-Topic-5-Cell-7,1,44.0,56.0,9108.685395307864,7094.901358761988
AAATCTAGCCCTGCTA-1-Topic-3-Cell-1,1,53.0,101.0,10524.0,11615.0
AAATCTAGCCCTGCTA-1-Topic-4-Cell-2,1,53.0,101.0,10559.68177145867,11576.049584262211
AAATCTAGCCCTGCTA-1-Topic-4-Cell-3,1,53.0,101.0,10449.582306694394,11621.531027807592
AAATCTAGCCCTGCTA-1-Topic-6-Cell-4,1,53.0,101.0,10596.608922440497,11670.667903532969
AAATCTAGCCCTGCTA-1-Topic-6-Cell-5,1,53.0,101.0,10505.59819438278,11510.967945553655
AAATCTAGCCCTGCTA-1-Topic-6-Cell-6,1,53.0,101.0,10460.603308934946,11714.661818490727
AAATGCTCGTTACGTT-1-Topic-0-Cell-1,1,16.0,24.0,4164.0,3911.0
AAATGCTCGTTACGTT-1-Topic-5-Cell-2,1,16.0,24.0,4214.461645126349,3855.9157938035496
AAATGCTCGTTACGTT-1-Topic-7-Cell-3,1,16.0,24.0,4058.7574888466916,3920.236268101734
AAATGGCCCGTGCCCT-1-Topic-0-Cell-1,1,49.0,17.0,9884.0,3250.0
AAATGGCCCGTGCCCT-1-Topic-0-Cell-2,1,49.0,17.0,9919.68177145867,3211.049584262212
AAATGGCCCGTGCCCT-1-Topic-0-Cell-3,1,49.0,17.0,9809.582306694394,3256.531027807593
AAATGGCCCGTGCCCT-1-Topic-3-Cell-4,1,49.0,17.0,9956.608922440497,3305.6679035329694
AAATGGCCCGTGCCCT-1-Topic-3-Cell-5,1,49.0,17.0,9865.59819438278,3145.9679455536548
AAATGGCCCGTGCCCT-1-Topic-3-Cell-6,1,49.0,17.0,9820.603308934946,3349.661818490727
AAATGGTCAATGTGCC-1-Topic-3-Cell-1,1,33.0,51.0,7092.0,6617.0
AAATGGTCAATGTGCC-1-Topic-3-Cell-2,1,33.0,51.0,7121.1340443974495,6585.197118724383
AAATGGTCAATGTGCC-1-Topic-3-Cell-3,1,33.0,51.0,7031.238207855446,6622.332561874843
AAATGGTCAATGTGCC-1-Topic-6-Cell-4,1,33.0,51.0,7151.284936917512,6662.452652902084
AAATGGTCAATGTGCC-1-Topic-6-Cell-5,1,33.0,51.0,7076.974988630642,6532.058183237672
AAATGGTCAATGTGCC-1-Topic-6-Cell-6,1,33.0,51.0,7040.236818503251,6698.373534046718
AAATGGTCAATGTGCC-1-Topic-6-Cell-7,1,33.0,51.0,7194.024928768936,6589.573576390734
AAATGGTCAATGTGCC-1-Topic-6-Cell-8,1,33.0,51.0,6990.731632376778,6564.405054219888
AAATGGTCAATGTGCC-1-Topic-6-Cell-9,1,33.0,51.0,7133.847516403668,6731.588445202443
AAATTAACGGGTAGCT-1-Topic-3-Cell-1,1,34.0,58.0,7260.0,7314.0
AAATTAACGGGTAGCT-1-Topic-3-Cell-2,1,34.0,58.0,7303.701066596173,7266.295678086574
AAATTAACGGGTAGCT-1-Topic-3-Cell-3,1,34.0,58.0,7168.8573117831675,7321.998842812265
AAATTAACGGGTAGCT-1-Topic-7-Cell-4,1,34.0,58.0,7348.927405376267,7382.178979353126
AAATTACCTATCGATG-1-Topic-3-Cell-1,1,26.0,94.0,5852.0,10889.0
AAATTACCTATCGATG-1-Topic-3-Cell-2,1,26.0,94.0,5895.701066596173,10841.295678086573
AAATTACCTATCGATG-1-Topic-3-Cell-3,1,26.0,94.0,5760.8573117831675,10896.998842812265
AAATTACCTATCGATG-1-Topic-7-Cell-4,1,26.0,94.0,5940.927405376267,10957.178979353126
AAATTGATAGTCCTTT-1-Topic-0-Cell-1,1,55.0,31.0,10914.0,4650.0
AAATTTGCGGGTGTGG-1-Topic-3-Cell-1,1,47.0,33.0,9527.0,4840.0
AAATTTGCGGGTGTGG-1-Topic-5-Cell-2,1,47.0,33.0,9562.68177145867,4801.049584262212
AAATTTGCGGGTGTGG-1-Topic-5-Cell-3,1,47.0,33.0,9452.582306694394,4846.531027807593
AAATTTGCGGGTGTGG-1-Topic-5-Cell-4,1,47.0,33.0,9599.608922440497,4895.66790353297
AAATTTGCGGGTGTGG-1-Topic-5-Cell-5,1,47.0,33.0,9508.59819438278,4735.967945553654
AAATTTGCGGGTGTGG-1-Topic-7-Cell-6,1,47.0,33.0,9463.603308934946,4939.6618184907275
AACAACTGGTAGTTGC-1-Topic-0-Cell-1,1,28.0,42.0,6231.0,5715.0
AACAACTGGTAGTTGC-1-Topic-6-Cell-2,1,28.0,42.0,6260.1340443974495,5683.197118724383
AACAACTGGTAGTTGC-1-Topic-6-Cell-3,1,28.0,42.0,6170.238207855446,5720.332561874843
AACAACTGGTAGTTGC-1-Topic-6-Cell-4,1,28.0,42.0,6290.284936917512,5760.452652902084
AACAACTGGTAGTTGC-1-Topic-6-Cell-5,1,28.0,42.0,6215.974988630642,5630.058183237672
AACAACTGGTAGTTGC-1-Topic-6-Cell-6,1,28.0,42.0,6179.236818503251,5796.373534046718
AACAACTGGTAGTTGC-1-Topic-6-Cell-7,1,28.0,42.0,6333.024928768936,5687.573576390734
AACAACTGGTAGTTGC-1-Topic-6-Cell-8,1,28.0,42.0,6129.731632376778,5662.405054219888
AACAACTGGTAGTTGC-1-Topic-6-Cell-9,1,28.0,42.0,6272.847516403668,5829.588445202443
AACAATACATTGTCGA-1-Topic-0-Cell-1,1,61.0,37.0,11949.0,5254.0
AACAATACATTGTCGA-1-Topic-0-Cell-2,1,61.0,37.0,11992.701066596173,5206.295678086574
AACAATACATTGTCGA-1-Topic-0-Cell-3,1,61.0,37.0,11857.857311783167,5261.998842812265
AACAATACATTGTCGA-1-Topic-0-Cell-4,1,61.0,37.0,12037.927405376267,5322.178979353126
AACAATTACTCTACGC-1-Topic-0-Cell-1,1,29.0,25.0,6415.0,4024.0
AACAATTACTCTACGC-1-Topic-0-Cell-2,1,29.0,25.0,6458.701066596173,3976.295678086574
AACAATTACTCTACGC-1-Topic-0-Cell-3,1,29.0,25.0,6323.8573117831675,4031.998842812265
AACAATTACTCTACGC-1-Topic-5-Cell-4,1,29.0,25.0,6503.927405376267,4092.178979353126
AACACACGCTCGCCGC-1-Topic-2-Cell-1,1,51.0,93.0,10183.0,10816.0
AACACACGCTCGCCGC-1-Topic-7-Cell-2,1,51.0,93.0,10226.701066596173,10768.295678086573
AACACACGCTCGCCGC-1-Topic-7-Cell-3,1,51.0,93.0,10091.857311783167,10823.998842812265
AACACACGCTCGCCGC-1-Topic-7-Cell-4,1,51.0,93.0,10271.927405376267,10884.178979353126
AACACGAGACGCGGCC-1-Topic-0-Cell-1,1,45.0,21.0,9188.0,3644.0
AACACGAGACGCGGCC-1-Topic-0-Cell-2,1,45.0,21.0,9223.68177145867,3605.049584262212
AACACGAGACGCGGCC-1-Topic-0-Cell-3,1,45.0,21.0,9113.582306694394,3650.531027807593
AACACGAGACGCGGCC-1-Topic-0-Cell-4,1,45.0,21.0,9260.608922440497,3699.6679035329694
AACACGAGACGCGGCC-1-Topic-3-Cell-5,1,45.0,21.0,9169.59819438278,3539.9679455536548
AACACGAGACGCGGCC-1-Topic-3-Cell-6,1,45.0,21.0,9124.603308934946,3743.661818490727
AACAGCTGTGTGGCAA-1-Topic-0-Cell-1,1,59.0,31.0,11607.0,4654.0
AACAGCTGTGTGGCAA-1-Topic-0-Cell-2,1,59.0,31.0,11668.802641070479,4586.535900966221
AACAGGATGGGCCGCG-1-Topic-2-Cell-1,1,29.0,31.0,6411.0,4622.0
AACAGGATGGGCCGCG-1-Topic-4-Cell-2,1,29.0,31.0,6450.087422239316,4579.331957352419
AACAGGATGGGCCGCG-1-Topic-6-Cell-3,1,29.0,31.0,6329.479501398037,4629.154382507824
AACAGGATGGGCCGCG-1-Topic-6-Cell-4,1,29.0,31.0,6490.5390893936055,4682.981132988058
AACAGGATGGGCCGCG-1-Topic-6-Cell-5,1,29.0,31.0,6390.841831929245,4508.038594152262
AACATATCAACTGGTG-1-Topic-6-Cell-1,1,27.0,99.0,6022.0,11387.0
AACATATCAACTGGTG-1-Topic-6-Cell-2,1,27.0,99.0,6055.034901211928,11350.938922215459
AACATATCAACTGGTG-1-Topic-6-Cell-3,1,27.0,99.0,5953.102603758962,11393.046556816444
AACATATCAACTGGTG-1-Topic-6-Cell-4,1,27.0,99.0,6089.222799818238,11438.538464003022
AACATATCAACTGGTG-1-Topic-6-Cell-5,1,27.0,99.0,6004.9632384874685,11290.68503297294
AACATATCAACTGGTG-1-Topic-7-Cell-6,1,27.0,99.0,5963.306069152901,11479.268914738599
AACATATCAACTGGTG-1-Topic-7-Cell-7,1,27.0,99.0,6137.685395307864,11355.901358761988
AACATTGTGACTCGAG-1-Topic-0-Cell-1,1,64.0,52.0,12460.0,6750.0
AACATTGTGACTCGAG-1-Topic-0-Cell-2,1,64.0,52.0,12503.701066596173,6702.295678086574
AACATTGTGACTCGAG-1-Topic-3-Cell-3,1,64.0,52.0,12368.857311783167,6757.998842812265
AACATTGTGACTCGAG-1-Topic-3-Cell-4,1,64.0,52.0,12548.927405376267,6818.178979353126
AACCAAGACTTCTCTG-1-Topic-0-Cell-1,1,36.0,24.0,7628.0,3932.0
AACCAAGACTTCTCTG-1-Topic-3-Cell-2,1,36.0,24.0,7661.034901211928,3895.9389222154587
AACCAAGACTTCTCTG-1-Topic-3-Cell-3,1,36.0,24.0,7559.102603758962,3938.046556816443
AACCAAGACTTCTCTG-1-Topic-3-Cell-4,1,36.0,24.0,7695.222799818238,3983.5384640030225
AACCAAGACTTCTCTG-1-Topic-3-Cell-5,1,36.0,24.0,7610.9632384874685,3835.6850329729414
AACCAAGACTTCTCTG-1-Topic-3-Cell-6,1,36.0,24.0,7569.306069152901,4024.268914738599
AACCAAGACTTCTCTG-1-Topic-3-Cell-7,1,36.0,24.0,7743.685395307864,3900.9013587619884
AACCCGACAACCCGTG-1-Topic-0-Cell-1,1,67.0,43.0,12985.0,5857.0
AACCCGACAACCCGTG-1-Topic-0-Cell-2,1,67.0,43.0,13024.087422239316,5814.331957352419
AACCCGACAACCCGTG-1-Topic-0-Cell-3,1,67.0,43.0,12903.479501398038,5864.154382507824
AACCCGACAACCCGTG-1-Topic-3-Cell-4,1,67.0,43.0,13064.539089393606,5917.981132988058
AACCCGACAACCCGTG-1-Topic-3-Cell-5,1,67.0,43.0,12964.841831929245,5743.038594152262
AACCCTACTGTCAATA-1-Topic-7-Cell-1,1,40.0,96.0,8276.0,11103.0
AACCCTACTGTCAATA-1-Topic-7-Cell-2,1,40.0,96.0,8326.46164512635,11047.91579380355
AACCCTACTGTCAATA-1-Topic-7-Cell-3,1,40.0,96.0,8170.757488846692,11112.236268101733
AACCGAGCTTGGTCAT-1-Topic-6-Cell-1,1,24.0,70.0,5521.0,8498.0
AACCGAGCTTGGTCAT-1-Topic-6-Cell-2,1,24.0,70.0,5554.034901211928,8461.938922215459
AACCGAGCTTGGTCAT-1-Topic-6-Cell-3,1,24.0,70.0,5452.102603758962,8504.046556816444
AACCGAGCTTGGTCAT-1-Topic-6-Cell-4,1,24.0,70.0,5588.222799818238,8549.538464003022
AACCGAGCTTGGTCAT-1-Topic-7-Cell-5,1,24.0,70.0,5503.9632384874685,8401.68503297294
AACCGAGCTTGGTCAT-1-Topic-9-Cell-6,1,24.0,70.0,5462.306069152901,8590.268914738599
AACCGAGCTTGGTCAT-1-Topic-9-Cell-7,1,24.0,70.0,5636.685395307864,8466.901358761988
AACCGCTAAGGGATGC-1-Topic-7-Cell-1,1,46.0,92.0,9317.0,10711.0
AACCGCTAAGGGATGC-1-Topic-9-Cell-2,1,46.0,92.0,9367.46164512635,10655.91579380355
AACCGCTAAGGGATGC-1-Topic-9-Cell-3,1,46.0,92.0,9211.757488846692,10720.236268101733
AACCTCGCTTTAGCCC-1-Topic-3-Cell-1,1,62.0,82.0,12094.0,9733.0
AACCTCGCTTTAGCCC-1-Topic-6-Cell-2,1,62.0,82.0,12129.68177145867,9694.049584262211
AACCTCGCTTTAGCCC-1-Topic-6-Cell-3,1,62.0,82.0,12019.582306694394,9739.531027807592
AACCTCGCTTTAGCCC-1-Topic-7-Cell-4,1,62.0,82.0,12166.608922440497,9788.667903532969
AACCTCGCTTTAGCCC-1-Topic-7-Cell-5,1,62.0,82.0,12075.59819438278,9628.967945553655
AACCTCGCTTTAGCCC-1-Topic-7-Cell-6,1,62.0,82.0,12030.603308934946,9832.661818490727
AACCTTTAAATACGGT-1-Topic-2-Cell-1,1,54.0,68.0,10718.0,8331.0
AACCTTTAAATACGGT-1-Topic-6-Cell-2,1,54.0,68.0,10757.087422239316,8288.331957352419
AACCTTTAAATACGGT-1-Topic-6-Cell-3,1,54.0,68.0,10636.479501398038,8338.154382507824
AACCTTTAAATACGGT-1-Topic-6-Cell-4,1,54.0,68.0,10797.539089393606,8391.981132988058
AACCTTTAAATACGGT-1-Topic-6-Cell-5,1,54.0,68.0,10697.841831929245,8217.038594152262
AACGATAATGCCGTAG-1-Topic-4-Cell-1,1,53.0,73.0,10541.0,8828.0
AACGATAATGCCGTAG-1-Topic-5-Cell-2,1,53.0,73.0,10574.034901211928,8791.938922215459
AACGATAATGCCGTAG-1-Topic-6-Cell-3,1,53.0,73.0,10472.102603758962,8834.046556816444
AACGATAATGCCGTAG-1-Topic-6-Cell-4,1,53.0,73.0,10608.222799818237,8879.538464003022
AACGATAATGCCGTAG-1-Topic-6-Cell-5,1,53.0,73.0,10523.96323848747,8731.68503297294
AACGATAATGCCGTAG-1-Topic-6-Cell-6,1,53.0,73.0,10482.3060691529,8920.268914738599
AACGATAATGCCGTAG-1-Topic-6-Cell-7,1,53.0,73.0,10656.685395307864,8796.901358761988
AACGATATGTCAACTG-1-Topic-2-Cell-1,1,24.0,76.0,5517.0,9095.0
AACGATATGTCAACTG-1-Topic-6-Cell-2,1,24.0,76.0,5556.087422239316,9052.331957352419
AACGATATGTCAACTG-1-Topic-6-Cell-3,1,24.0,76.0,5435.479501398037,9102.154382507824
AACGATATGTCAACTG-1-Topic-6-Cell-4,1,24.0,76.0,5596.5390893936055,9155.981132988058
AACGATATGTCAACTG-1-Topic-6-Cell-5,1,24.0,76.0,5496.841831929245,8981.038594152262
AACGCATGATCTGGGT-1-Topic-4-Cell-1,1,20.0,104.0,4807.0,11877.0
AACGCATGATCTGGGT-1-Topic-6-Cell-2,1,20.0,104.0,4840.034901211928,11840.938922215459
AACGCATGATCTGGGT-1-Topic-6-Cell-3,1,20.0,104.0,4738.102603758962,11883.046556816444
AACGCATGATCTGGGT-1-Topic-6-Cell-4,1,20.0,104.0,4874.222799818238,11928.538464003022
AACGCATGATCTGGGT-1-Topic-6-Cell-5,1,20.0,104.0,4789.9632384874685,11780.68503297294
AACGCATGATCTGGGT-1-Topic-6-Cell-6,1,20.0,104.0,4748.306069152901,11969.268914738599
AACGCATGATCTGGGT-1-Topic-6-Cell-7,1,20.0,104.0,4922.685395307864,11845.901358761988
AACGCGACCTTGGGCG-1-Topic-0-Cell-1,1,67.0,53.0,12978.0,6853.0
AACGCGACCTTGGGCG-1-Topic-3-Cell-2,1,67.0,53.0,13028.46164512635,6797.91579380355
AACGCGACCTTGGGCG-1-Topic-5-Cell-3,1,67.0,53.0,12872.757488846692,6862.236268101734
AACGCGGTCTCCAGCC-1-Topic-6-Cell-1,1,23.0,65.0,5351.0,7999.0
AACGCGGTCTCCAGCC-1-Topic-7-Cell-2,1,23.0,65.0,5384.034901211928,7962.938922215459
AACGCGGTCTCCAGCC-1-Topic-7-Cell-3,1,23.0,65.0,5282.102603758962,8005.046556816443
AACGCGGTCTCCAGCC-1-Topic-8-Cell-4,1,23.0,65.0,5418.222799818238,8050.538464003022
AACGCGGTCTCCAGCC-1-Topic-8-Cell-5,1,23.0,65.0,5333.9632384874685,7902.685032972941
AACGCGGTCTCCAGCC-1-Topic-8-Cell-6,1,23.0,65.0,5292.306069152901,8091.268914738599
AACGCGGTCTCCAGCC-1-Topic-8-Cell-7,1,23.0,65.0,5466.685395307864,7967.901358761988
AACGCTGTTGCTGAAA-1-Topic-3-Cell-1,1,54.0,94.0,10701.0,10919.0
AACGCTGTTGCTGAAA-1-Topic-3-Cell-2,1,54.0,94.0,10740.087422239316,10876.331957352419
AACGCTGTTGCTGAAA-1-Topic-6-Cell-3,1,54.0,94.0,10619.479501398038,10926.154382507824
AACGCTGTTGCTGAAA-1-Topic-7-Cell-4,1,54.0,94.0,10780.539089393606,10979.981132988058
AACGCTGTTGCTGAAA-1-Topic-7-Cell-5,1,54.0,94.0,10680.841831929245,10805.038594152262
AACGGACGTACGTATA-1-Topic-6-Cell-1,1,50.0,92.0,10010.0,10716.0
AACGGACGTACGTATA-1-Topic-6-Cell-2,1,50.0,92.0,10053.701066596173,10668.295678086573
AACGGACGTACGTATA-1-Topic-6-Cell-3,1,50.0,92.0,9918.857311783167,10723.998842812265
AACGGACGTACGTATA-1-Topic-9-Cell-4,1,50.0,92.0,10098.927405376267,10784.178979353126
AACGGCCATCTCCGGT-1-Topic-0-Cell-1,1,47.0,39.0,9524.0,5437.0
AACGGCCATCTCCGGT-1-Topic-0-Cell-2,1,47.0,39.0,9567.701066596173,5389.295678086574
AACGGCCATCTCCGGT-1-Topic-2-Cell-3,1,47.0,39.0,9432.857311783167,5444.998842812265
AACGGCCATCTCCGGT-1-Topic-3-Cell-4,1,47.0,39.0,9612.927405376267,5505.178979353126
AACGTACTGTGGGTAC-1-Topic-0-Cell-1,1,48.0,42.0,9695.0,5737.0
AACGTACTGTGGGTAC-1-Topic-3-Cell-2,1,48.0,42.0,9738.701066596173,5689.295678086574
AACGTACTGTGGGTAC-1-Topic-5-Cell-3,1,48.0,42.0,9603.857311783167,5744.998842812265
AACGTACTGTGGGTAC-1-Topic-8-Cell-4,1,48.0,42.0,9783.927405376267,5805.178979353126
AACGTCAGACTAGTGG-1-Topic-2-Cell-1,1,24.0,40.0,5540.0,5512.0
AACGTCAGACTAGTGG-1-Topic-4-Cell-2,1,24.0,40.0,5570.901320535239,5478.26795048311
AACGTCAGACTAGTGG-1-Topic-4-Cell-3,1,24.0,40.0,5475.552387106307,5517.656035994198
AACGTCAGACTAGTGG-1-Topic-4-Cell-4,1,24.0,40.0,5602.881171374884,5560.209818634973
AACGTCAGACTAGTGG-1-Topic-6-Cell-5,1,24.0,40.0,5524.063568859983,5421.905598041579
AACGTCAGACTAGTGG-1-Topic-6-Cell-6,1,24.0,40.0,5485.0968550217885,5598.309666600323
AACGTCAGACTAGTGG-1-Topic-6-Cell-7,1,24.0,40.0,5648.213778473883,5482.909884823291
AACGTCAGACTAGTGG-1-Topic-6-Cell-8,1,24.0,40.0,5432.588675800891,5456.214635774117
AACGTGCGAAAGTCTC-1-Topic-6-Cell-1,1,36.0,74.0,7597.0,8909.0
AACGTGCGAAAGTCTC-1-Topic-8-Cell-2,1,36.0,74.0,7647.461645126349,8853.91579380355
AACGTGCGAAAGTCTC-1-Topic-9-Cell-3,1,36.0,74.0,7491.757488846692,8918.236268101733
AACTAGGCTTGGGTGT-1-Topic-0-Cell-1,1,55.0,61.0,10895.0,7636.0
AACTAGGCTTGGGTGT-1-Topic-6-Cell-2,1,55.0,61.0,10930.68177145867,7597.049584262212
AACTAGGCTTGGGTGT-1-Topic-6-Cell-3,1,55.0,61.0,10820.582306694394,7642.531027807593
AACTAGGCTTGGGTGT-1-Topic-6-Cell-4,1,55.0,61.0,10967.608922440497,7691.66790353297
AACTAGGCTTGGGTGT-1-Topic-6-Cell-5,1,55.0,61.0,10876.59819438278,7531.967945553654
AACTAGGCTTGGGTGT-1-Topic-6-Cell-6,1,55.0,61.0,10831.603308934946,7735.6618184907275
AACTCAAGTTAATTGC-1-Topic-0-Cell-1,1,38.0,44.0,7962.0,5925.0
AACTCAAGTTAATTGC-1-Topic-2-Cell-2,1,38.0,44.0,7997.6817714586705,5886.049584262212
AACTCAAGTTAATTGC-1-Topic-6-Cell-3,1,38.0,44.0,7887.582306694395,5931.531027807593
AACTCAAGTTAATTGC-1-Topic-7-Cell-4,1,38.0,44.0,8034.608922440497,5980.66790353297
AACTCAAGTTAATTGC-1-Topic-7-Cell-5,1,38.0,44.0,7943.598194382778,5820.967945553654
AACTCAAGTTAATTGC-1-Topic-7-Cell-6,1,38.0,44.0,7898.603308934945,6024.6618184907275
AACTCCAGAGCGTGTT-1-Topic-3-Cell-1,1,60.0,92.0,11742.0,10727.0
AACTCCAGAGCGTGTT-1-Topic-7-Cell-2,1,60.0,92.0,11803.802641070479,10659.53590096622
AACTCTCAATAGAGCG-1-Topic-6-Cell-1,1,35.0,93.0,7412.0,10799.0
AACTCTCAATAGAGCG-1-Topic-7-Cell-2,1,35.0,93.0,7455.701066596173,10751.295678086573
AACTCTCAATAGAGCG-1-Topic-7-Cell-3,1,35.0,93.0,7320.8573117831675,10806.998842812265
AACTCTCAATAGAGCG-1-Topic-7-Cell-4,1,35.0,93.0,7500.927405376267,10867.178979353126
AACTCTCAGTGTGCTC-1-Topic-0-Cell-1,1,53.0,41.0,10561.0,5643.0
AACTCTCAGTGTGCTC-1-Topic-0-Cell-2,1,53.0,41.0,10600.087422239316,5600.331957352419
AACTCTCAGTGTGCTC-1-Topic-3-Cell-3,1,53.0,41.0,10479.479501398038,5650.154382507824
AACTCTCAGTGTGCTC-1-Topic-3-Cell-4,1,53.0,41.0,10640.539089393606,5703.981132988058
AACTCTCAGTGTGCTC-1-Topic-5-Cell-5,1,53.0,41.0,10540.841831929245,5529.038594152262
AACTGGGTCCCGACGT-1-Topic-3-Cell-1,1,20.0,66.0,4831.0,8095.0
AACTGGGTCCCGACGT-1-Topic-3-Cell-2,1,20.0,66.0,4866.6817714586705,8056.049584262212
AACTGGGTCCCGACGT-1-Topic-7-Cell-3,1,20.0,66.0,4756.582306694395,8101.531027807593
AACTGGGTCCCGACGT-1-Topic-7-Cell-4,1,20.0,66.0,4903.608922440497,8150.66790353297
AACTGGGTCCCGACGT-1-Topic-8-Cell-5,1,20.0,66.0,4812.598194382778,7990.967945553654
AACTGGGTCCCGACGT-1-Topic-8-Cell-6,1,20.0,66.0,4767.603308934945,8194.661818490727
AACTTGCCCGTATGCA-1-Topic-0-Cell-1,1,29.0,27.0,6414.0,4223.0
AACTTGCCCGTATGCA-1-Topic-0-Cell-2,1,29.0,27.0,6449.6817714586705,4184.049584262212
AACTTGCCCGTATGCA-1-Topic-0-Cell-3,1,29.0,27.0,6339.582306694395,4229.531027807593
AACTTGCCCGTATGCA-1-Topic-3-Cell-4,1,29.0,27.0,6486.608922440497,4278.66790353297
AACTTGCCCGTATGCA-1-Topic-3-Cell-5,1,29.0,27.0,6395.598194382778,4118.967945553654
AACTTGCCCGTATGCA-1-Topic-3-Cell-6,1,29.0,27.0,6350.603308934945,4322.6618184907275
AAGACCCAACTGAACA-1-Topic-0-Cell-1,1,60.0,54.0,11766.0,6944.0
AAGACCCAACTGAACA-1-Topic-0-Cell-2,1,60.0,54.0,11809.701066596173,6896.295678086574
AAGACCCAACTGAACA-1-Topic-5-Cell-3,1,60.0,54.0,11674.857311783167,6951.998842812265
AAGACCCAACTGAACA-1-Topic-5-Cell-4,1,60.0,54.0,11854.927405376267,7012.178979353126
AAGACTGCAAGCTACT-1-Topic-4-Cell-1,1,36.0,68.0,7600.0,8312.0
AAGACTGCAAGCTACT-1-Topic-6-Cell-2,1,36.0,68.0,7643.701066596173,8264.295678086573
AAGACTGCAAGCTACT-1-Topic-6-Cell-3,1,36.0,68.0,7508.8573117831675,8319.998842812265
AAGACTGCAAGCTACT-1-Topic-9-Cell-4,1,36.0,68.0,7688.927405376267,8380.178979353126
AAGAGATGAATCGGTA-1-Topic-0-Cell-1,1,27.0,27.0,6067.0,4221.0
AAGAGATGAATCGGTA-1-Topic-0-Cell-2,1,27.0,27.0,6097.901320535239,4187.26795048311
AAGAGATGAATCGGTA-1-Topic-0-Cell-3,1,27.0,27.0,6002.552387106307,4226.656035994198
AAGAGATGAATCGGTA-1-Topic-3-Cell-4,1,27.0,27.0,6129.881171374884,4269.209818634973
AAGAGATGAATCGGTA-1-Topic-3-Cell-5,1,27.0,27.0,6051.063568859983,4130.905598041579
AAGAGATGAATCGGTA-1-Topic-3-Cell-6,1,27.0,27.0,6012.0968550217885,4307.309666600323
AAGAGATGAATCGGTA-1-Topic-5-Cell-7,1,27.0,27.0,6175.213778473883,4191.909884823291
AAGAGATGAATCGGTA-1-Topic-9-Cell-8,1,27.0,27.0,5959.588675800891,4165.214635774117
AAGAGCTCTTTATCGG-1-Topic-3-Cell-1,1,35.0,77.0,7422.0,9206.0
AAGAGCTCTTTATCGG-1-Topic-6-Cell-2,1,35.0,77.0,7461.087422239316,9163.331957352419
AAGAGCTCTTTATCGG-1-Topic-7-Cell-3,1,35.0,77.0,7340.479501398037,9213.154382507824
AAGAGCTCTTTATCGG-1-Topic-7-Cell-4,1,35.0,77.0,7501.5390893936055,9266.981132988058
AAGAGCTCTTTATCGG-1-Topic-7-Cell-5,1,35.0,77.0,7401.841831929245,9092.038594152262
AAGAGGATGTACGCGA-1-Topic-3-Cell-1,1,39.0,29.0,8144.0,4433.0
AAGAGGATGTACGCGA-1-Topic-3-Cell-2,1,39.0,29.0,8194.46164512635,4377.91579380355
AAGAGGATGTACGCGA-1-Topic-3-Cell-3,1,39.0,29.0,8038.757488846692,4442.236268101734
AAGAGGCATGGATCGC-1-Topic-3-Cell-1,1,36.0,80.0,7593.0,9506.0
AAGAGGCATGGATCGC-1-Topic-3-Cell-2,1,36.0,80.0,7632.087422239316,9463.331957352419
AAGAGGCATGGATCGC-1-Topic-4-Cell-3,1,36.0,80.0,7511.479501398037,9513.154382507824
AAGAGGCATGGATCGC-1-Topic-7-Cell-4,1,36.0,80.0,7672.5390893936055,9566.981132988058
AAGAGGCATGGATCGC-1-Topic-7-Cell-5,1,36.0,80.0,7572.841831929245,9392.038594152262
AAGAGGCCCTTTGGAA-1-Topic-7-Cell-1,1,59.0,109.0,11558.0,12417.0
AAGAGGCCCTTTGGAA-1-Topic-7-Cell-2,1,59.0,109.0,11593.68177145867,12378.049584262211
AAGAGGCCCTTTGGAA-1-Topic-7-Cell-3,1,59.0,109.0,11483.582306694394,12423.531027807592
AAGAGGCCCTTTGGAA-1-Topic-7-Cell-4,1,59.0,109.0,11630.608922440497,12472.667903532969
AAGAGGCCCTTTGGAA-1-Topic-7-Cell-5,1,59.0,109.0,11539.59819438278,12312.967945553655
AAGAGGCCCTTTGGAA-1-Topic-7-Cell-6,1,59.0,109.0,11494.603308934946,12516.661818490727
AAGATGGCACCGGACC-1-Topic-0-Cell-1,1,59.0,39.0,11602.0,5450.0
AAGATGGCACCGGACC-1-Topic-0-Cell-2,1,59.0,39.0,11637.68177145867,5411.049584262212
AAGATGGCACCGGACC-1-Topic-3-Cell-3,1,59.0,39.0,11527.582306694394,5456.531027807593
AAGATGGCACCGGACC-1-Topic-3-Cell-4,1,59.0,39.0,11674.608922440497,5505.66790353297
AAGATGGCACCGGACC-1-Topic-3-Cell-5,1,59.0,39.0,11583.59819438278,5345.967945553654
AAGATGGCACCGGACC-1-Topic-3-Cell-6,1,59.0,39.0,11538.603308934946,5549.6618184907275
AAGATTGGCGGAACGT-1-Topic-4-Cell-1,1,26.0,90.0,5855.0,10491.0
AAGATTGGCGGAACGT-1-Topic-6-Cell-2,1,26.0,90.0,5894.087422239316,10448.331957352419
AAGATTGGCGGAACGT-1-Topic-6-Cell-3,1,26.0,90.0,5773.479501398037,10498.154382507824
AAGATTGGCGGAACGT-1-Topic-7-Cell-4,1,26.0,90.0,5934.5390893936055,10551.981132988058
AAGATTGGCGGAACGT-1-Topic-7-Cell-5,1,26.0,90.0,5834.841831929245,10377.038594152262
AAGCACCCTGCGTATC-1-Topic-6-Cell-1,1,59.0,73.0,11580.0,8834.0
AAGCACCCTGCGTATC-1-Topic-6-Cell-2,1,59.0,73.0,11615.68177145867,8795.049584262211
AAGCACCCTGCGTATC-1-Topic-6-Cell-3,1,59.0,73.0,11505.582306694394,8840.531027807592
AAGCACCCTGCGTATC-1-Topic-7-Cell-4,1,59.0,73.0,11652.608922440497,8889.667903532969
AAGCACCCTGCGTATC-1-Topic-7-Cell-5,1,59.0,73.0,11561.59819438278,8729.967945553655
AAGCACCCTGCGTATC-1-Topic-7-Cell-6,1,59.0,73.0,11516.603308934946,8933.661818490727
AAGCATACTCTCCTGA-1-Topic-2-Cell-1,1,53.0,69.0,10544.0,8430.0
AAGCATACTCTCCTGA-1-Topic-4-Cell-2,1,53.0,69.0,10573.13404439745,8398.197118724383
AAGCATACTCTCCTGA-1-Topic-5-Cell-3,1,53.0,69.0,10483.238207855446,8435.332561874844
AAGCATACTCTCCTGA-1-Topic-5-Cell-4,1,53.0,69.0,10603.284936917511,8475.452652902084
AAGCATACTCTCCTGA-1-Topic-6-Cell-5,1,53.0,69.0,10528.974988630642,8345.058183237672
AAGCATACTCTCCTGA-1-Topic-6-Cell-6,1,53.0,69.0,10492.236818503252,8511.37353404672
AAGCATACTCTCCTGA-1-Topic-6-Cell-7,1,53.0,69.0,10646.024928768937,8402.573576390734
AAGCATACTCTCCTGA-1-Topic-6-Cell-8,1,53.0,69.0,10442.731632376777,8377.40505421989
AAGCATACTCTCCTGA-1-Topic-6-Cell-9,1,53.0,69.0,10585.847516403668,8544.588445202442
AAGCGCAGGGCTTTGA-1-Topic-0-Cell-1,1,67.0,73.0,12966.0,8843.0
AAGCGCAGGGCTTTGA-1-Topic-1-Cell-2,1,67.0,73.0,13001.68177145867,8804.049584262211
AAGCGCAGGGCTTTGA-1-Topic-3-Cell-3,1,67.0,73.0,12891.582306694394,8849.531027807592
AAGCGCAGGGCTTTGA-1-Topic-3-Cell-4,1,67.0,73.0,13038.608922440497,8898.667903532969
AAGCGCAGGGCTTTGA-1-Topic-5-Cell-5,1,67.0,73.0,12947.59819438278,8738.967945553655
AAGCGCAGGGCTTTGA-1-Topic-7-Cell-6,1,67.0,73.0,12902.603308934946,8942.661818490727
AAGCGTCCCTCATCGA-1-Topic-0-Cell-1,1,57.0,35.0,11258.0,5050.0
AAGCGTCCCTCATCGA-1-Topic-0-Cell-2,1,57.0,35.0,11308.46164512635,4994.91579380355
AAGCGTCCCTCATCGA-1-Topic-0-Cell-3,1,57.0,35.0,11152.757488846692,5059.236268101734
AAGCTAGATCGAGTAA-1-Topic-4-Cell-1,1,50.0,68.0,10025.0,8327.0
AAGCTAGATCGAGTAA-1-Topic-6-Cell-2,1,50.0,68.0,10068.701066596173,8279.295678086573
AAGCTAGATCGAGTAA-1-Topic-6-Cell-3,1,50.0,68.0,9933.857311783167,8334.998842812265
AAGCTAGATCGAGTAA-1-Topic-6-Cell-4,1,50.0,68.0,10113.927405376267,8395.178979353126
AAGCTCGTGCCAAGTC-1-Topic-6-Cell-1,1,35.0,73.0,7424.0,8808.0
AAGCTCGTGCCAAGTC-1-Topic-6-Cell-2,1,35.0,73.0,7474.461645126349,8752.91579380355
AAGCTCGTGCCAAGTC-1-Topic-9-Cell-3,1,35.0,73.0,7318.757488846692,8817.236268101733
AAGCTCTTTCATGGTG-1-Topic-7-Cell-1,1,57.0,81.0,11229.0,9628.0
AAGCTCTTTCATGGTG-1-Topic-7-Cell-2,1,57.0,81.0,11272.701066596173,9580.295678086573
AAGCTCTTTCATGGTG-1-Topic-7-Cell-3,1,57.0,81.0,11137.857311783167,9635.998842812265
AAGCTCTTTCATGGTG-1-Topic-7-Cell-4,1,57.0,81.0,11317.927405376267,9696.178979353126
AAGGAGCGGTTGGTGC-1-Topic-5-Cell-1,1,28.0,48.0,6227.0,6312.0
AAGGAGCGGTTGGTGC-1-Topic-6-Cell-2,1,28.0,48.0,6262.6817714586705,6273.049584262212
AAGGAGCGGTTGGTGC-1-Topic-6-Cell-3,1,28.0,48.0,6152.582306694395,6318.531027807593
AAGGAGCGGTTGGTGC-1-Topic-6-Cell-4,1,28.0,48.0,6299.608922440497,6367.66790353297
AAGGAGCGGTTGGTGC-1-Topic-6-Cell-5,1,28.0,48.0,6208.598194382778,6207.967945553654
AAGGAGCGGTTGGTGC-1-Topic-7-Cell-6,1,28.0,48.0,6163.603308934945,6411.6618184907275
AAGGATCGATCGCTTG-1-Topic-4-Cell-1,1,39.0,109.0,8094.0,12396.0
AAGGATCGATCGCTTG-1-Topic-4-Cell-2,1,39.0,109.0,8133.087422239316,12353.331957352419
AAGGATCGATCGCTTG-1-Topic-6-Cell-3,1,39.0,109.0,8012.479501398037,12403.154382507824
AAGGATCGATCGCTTG-1-Topic-6-Cell-4,1,39.0,109.0,8173.5390893936055,12456.981132988058
AAGGATCGATCGCTTG-1-Topic-6-Cell-5,1,39.0,109.0,8073.841831929245,12282.038594152262
AAGGATGAGGGACCTC-1-Topic-3-Cell-1,1,27.0,87.0,6030.0,10193.0
AAGGATGAGGGACCTC-1-Topic-3-Cell-2,1,27.0,87.0,6069.087422239316,10150.331957352419
AAGGATGAGGGACCTC-1-Topic-4-Cell-3,1,27.0,87.0,5948.479501398037,10200.154382507824
AAGGATGAGGGACCTC-1-Topic-7-Cell-4,1,27.0,87.0,6109.5390893936055,10253.981132988058
AAGGATGAGGGACCTC-1-Topic-8-Cell-5,1,27.0,87.0,6009.841831929245,10079.038594152262
AAGGCGCGTAAAGCTT-1-Topic-6-Cell-1,1,24.0,38.0,5541.0,5313.0
AAGGCGCGTAAAGCTT-1-Topic-6-Cell-2,1,24.0,38.0,5576.6817714586705,5274.049584262212
AAGGCGCGTAAAGCTT-1-Topic-6-Cell-3,1,24.0,38.0,5466.582306694395,5319.531027807593
AAGGCGCGTAAAGCTT-1-Topic-6-Cell-4,1,24.0,38.0,5613.608922440497,5368.66790353297
AAGGCGCGTAAAGCTT-1-Topic-6-Cell-5,1,24.0,38.0,5522.598194382778,5208.967945553654
AAGGCGCGTAAAGCTT-1-Topic-6-Cell-6,1,24.0,38.0,5477.603308934945,5412.6618184907275
AAGGCTGTGCTCATCG-1-Topic-4-Cell-1,1,30.0,46.0,6575.0,6116.0
AAGGCTGTGCTCATCG-1-Topic-4-Cell-2,1,30.0,46.0,6605.901320535239,6082.26795048311
AAGGCTGTGCTCATCG-1-Topic-6-Cell-3,1,30.0,46.0,6510.552387106307,6121.656035994198
AAGGCTGTGCTCATCG-1-Topic-6-Cell-4,1,30.0,46.0,6637.881171374884,6164.209818634973
AAGGCTGTGCTCATCG-1-Topic-6-Cell-5,1,30.0,46.0,6559.063568859983,6025.905598041579
AAGGCTGTGCTCATCG-1-Topic-6-Cell-6,1,30.0,46.0,6520.0968550217885,6202.309666600323
AAGGCTGTGCTCATCG-1-Topic-6-Cell-7,1,30.0,46.0,6683.213778473883,6086.909884823291
AAGGCTGTGCTCATCG-1-Topic-8-Cell-8,1,30.0,46.0,6467.588675800891,6060.214635774117
AAGGGACAGATTCTGT-1-Topic-2-Cell-1,1,26.0,92.0,5854.0,10690.0
AAGGGACAGATTCTGT-1-Topic-6-Cell-2,1,26.0,92.0,5889.6817714586705,10651.049584262211
AAGGGACAGATTCTGT-1-Topic-7-Cell-3,1,26.0,92.0,5779.582306694395,10696.531027807592
AAGGGACAGATTCTGT-1-Topic-7-Cell-4,1,26.0,92.0,5926.608922440497,10745.667903532969
AAGGGACAGATTCTGT-1-Topic-7-Cell-5,1,26.0,92.0,5835.598194382778,10585.967945553655
AAGGGACAGATTCTGT-1-Topic-8-Cell-6,1,26.0,92.0,5790.603308934945,10789.661818490727
AAGGGACTATGCATTC-1-Topic-0-Cell-1,1,60.0,26.0,11783.0,4158.0
AAGGGACTATGCATTC-1-Topic-0-Cell-2,1,60.0,26.0,11822.087422239316,4115.331957352419
AAGGGACTATGCATTC-1-Topic-0-Cell-3,1,60.0,26.0,11701.479501398038,4165.154382507824
AAGGGACTATGCATTC-1-Topic-5-Cell-4,1,60.0,26.0,11862.539089393606,4218.981132988058
AAGGGACTATGCATTC-1-Topic-5-Cell-5,1,60.0,26.0,11762.841831929245,4044.0385941522622
AAGGTATCCTAATATA-1-Topic-6-Cell-1,1,25.0,81.0,5687.0,9594.0
AAGGTATCCTAATATA-1-Topic-6-Cell-2,1,25.0,81.0,5730.701066596173,9546.295678086573
AAGGTATCCTAATATA-1-Topic-6-Cell-3,1,25.0,81.0,5595.8573117831675,9601.998842812265
AAGGTATCCTAATATA-1-Topic-6-Cell-4,1,25.0,81.0,5775.927405376267,9662.178979353126
AAGGTGATAAACCAGC-1-Topic-2-Cell-1,1,44.0,92.0,8971.0,10709.0
AAGGTGATAAACCAGC-1-Topic-6-Cell-2,1,44.0,92.0,9010.087422239316,10666.331957352419
AAGGTGATAAACCAGC-1-Topic-7-Cell-3,1,44.0,92.0,8889.479501398038,10716.154382507824
AAGGTGATAAACCAGC-1-Topic-7-Cell-4,1,44.0,92.0,9050.539089393606,10769.981132988058
AAGGTGATAAACCAGC-1-Topic-9-Cell-5,1,44.0,92.0,8950.841831929245,10595.038594152262
AAGTAGAAGACCGGGT-1-Topic-0-Cell-1,1,19.0,47.0,4669.0,6203.0
AAGTAGAAGACCGGGT-1-Topic-0-Cell-2,1,19.0,47.0,4708.087422239316,6160.331957352419
AAGTAGAAGACCGGGT-1-Topic-0-Cell-3,1,19.0,47.0,4587.479501398037,6210.154382507824
AAGTAGAAGACCGGGT-1-Topic-3-Cell-4,1,19.0,47.0,4748.5390893936055,6263.981132988058
AAGTAGAAGACCGGGT-1-Topic-5-Cell-5,1,19.0,47.0,4648.841831929245,6089.038594152262
AAGTAGTGACGCGAGG-1-Topic-3-Cell-1,1,33.0,31.0,7104.0,4626.0
AAGTAGTGACGCGAGG-1-Topic-3-Cell-2,1,33.0,31.0,7147.701066596173,4578.295678086574
AAGTAGTGACGCGAGG-1-Topic-3-Cell-3,1,33.0,31.0,7012.8573117831675,4633.998842812265
AAGTAGTGACGCGAGG-1-Topic-3-Cell-4,1,33.0,31.0,7192.927405376267,4694.178979353126
AAGTCAATTGTCGTCA-1-Topic-6-Cell-1,1,45.0,101.0,9138.0,11606.0
AAGTCAATTGTCGTCA-1-Topic-6-Cell-2,1,45.0,101.0,9188.46164512635,11550.91579380355
AAGTCAATTGTCGTCA-1-Topic-9-Cell-3,1,45.0,101.0,9032.757488846692,11615.236268101733
AAGTGACGACCGAATT-1-Topic-3-Cell-1,1,41.0,25.0,8493.0,4037.0
AAGTGACGACCGAATT-1-Topic-3-Cell-2,1,41.0,25.0,8543.46164512635,3981.9157938035496
AAGTGACGACCGAATT-1-Topic-3-Cell-3,1,41.0,25.0,8387.757488846692,4046.236268101734
AAGTGAGTCGGGTTTA-1-Topic-0-Cell-1,1,62.0,48.0,12116.0,6349.0
AAGTGAGTCGGGTTTA-1-Topic-3-Cell-2,1,62.0,48.0,12151.68177145867,6310.049584262212
AAGTGAGTCGGGTTTA-1-Topic-3-Cell-3,1,62.0,48.0,12041.582306694394,6355.531027807593
AAGTGAGTCGGGTTTA-1-Topic-3-Cell-4,1,62.0,48.0,12188.608922440497,6404.66790353297
AAGTGAGTCGGGTTTA-1-Topic-5-Cell-5,1,62.0,48.0,12097.59819438278,6244.967945553654
AAGTGAGTCGGGTTTA-1-Topic-5-Cell-6,1,62.0,48.0,12052.603308934946,6448.6618184907275
AAGTGCCTTGACTGTA-1-Topic-5-Cell-1,1,44.0,104.0,8963.0,11904.0
AAGTGCCTTGACTGTA-1-Topic-5-Cell-2,1,44.0,104.0,8996.034901211928,11867.938922215459
AAGTGCCTTGACTGTA-1-Topic-5-Cell-3,1,44.0,104.0,8894.102603758962,11910.046556816444
AAGTGCCTTGACTGTA-1-Topic-5-Cell-4,1,44.0,104.0,9030.222799818237,11955.538464003022
AAGTGCCTTGACTGTA-1-Topic-5-Cell-5,1,44.0,104.0,8945.96323848747,11807.68503297294
AAGTGCCTTGACTGTA-1-Topic-6-Cell-6,1,44.0,104.0,8904.3060691529,11996.268914738599
AAGTGCCTTGACTGTA-1-Topic-7-Cell-7,1,44.0,104.0,9078.685395307864,11872.901358761988
AAGTGCGTTAGAATCT-1-Topic-0-Cell-1,1,49.0,27.0,9877.0,4245.0
AAGTGCGTTAGAATCT-1-Topic-0-Cell-2,1,49.0,27.0,9927.46164512635,4189.91579380355
AAGTGCGTTAGAATCT-1-Topic-3-Cell-3,1,49.0,27.0,9771.757488846692,4254.236268101734
AAGTGTTTGGAGACGG-1-Topic-4-Cell-1,1,52.0,80.0,10364.0,9523.0
AAGTGTTTGGAGACGG-1-Topic-4-Cell-2,1,52.0,80.0,10407.701066596173,9475.295678086573
AAGTGTTTGGAGACGG-1-Topic-4-Cell-3,1,52.0,80.0,10272.857311783167,9530.998842812265
AAGTGTTTGGAGACGG-1-Topic-9-Cell-4,1,52.0,80.0,10452.927405376267,9591.178979353126
AAGTTCACTCCAAGCT-1-Topic-3-Cell-1,1,57.0,85.0,11227.0,10027.0
AAGTTCACTCCAAGCT-1-Topic-6-Cell-2,1,57.0,85.0,11266.087422239316,9984.331957352419
AAGTTCACTCCAAGCT-1-Topic-7-Cell-3,1,57.0,85.0,11145.479501398038,10034.154382507824
AAGTTCACTCCAAGCT-1-Topic-7-Cell-4,1,57.0,85.0,11306.539089393606,10087.981132988058
AAGTTCACTCCAAGCT-1-Topic-8-Cell-5,1,57.0,85.0,11206.841831929245,9913.038594152262
AAGTTCAGTCTGCGTA-1-Topic-2-Cell-1,1,18.0,104.0,4461.0,11875.0
AAGTTCAGTCTGCGTA-1-Topic-2-Cell-2,1,18.0,104.0,4491.901320535239,11841.26795048311
AAGTTCAGTCTGCGTA-1-Topic-2-Cell-3,1,18.0,104.0,4396.552387106307,11880.656035994198
AAGTTCAGTCTGCGTA-1-Topic-6-Cell-4,1,18.0,104.0,4523.881171374884,11923.209818634972
AAGTTCAGTCTGCGTA-1-Topic-6-Cell-5,1,18.0,104.0,4445.063568859983,11784.90559804158
AAGTTCAGTCTGCGTA-1-Topic-6-Cell-6,1,18.0,104.0,4406.0968550217885,11961.309666600324
AAGTTCAGTCTGCGTA-1-Topic-6-Cell-7,1,18.0,104.0,4569.213778473883,11845.90988482329
AAGTTCAGTCTGCGTA-1-Topic-6-Cell-8,1,18.0,104.0,4353.588675800891,11819.214635774117
AAGTTCGGCCAACAGG-1-Topic-0-Cell-1,1,46.0,34.0,9353.0,4939.0
AAGTTCGGCCAACAGG-1-Topic-0-Cell-2,1,46.0,34.0,9392.087422239316,4896.331957352419
AAGTTCGGCCAACAGG-1-Topic-2-Cell-3,1,46.0,34.0,9271.479501398038,4946.154382507824
AAGTTCGGCCAACAGG-1-Topic-5-Cell-4,1,46.0,34.0,9432.539089393606,4999.981132988058
AAGTTCGGCCAACAGG-1-Topic-5-Cell-5,1,46.0,34.0,9332.841831929245,4825.038594152262
AATAACAACGCTCGGC-1-Topic-2-Cell-1,1,36.0,30.0,7624.0,4530.0
AATAACAACGCTCGGC-1-Topic-3-Cell-2,1,36.0,30.0,7657.034901211928,4493.938922215459
AATAACAACGCTCGGC-1-Topic-3-Cell-3,1,36.0,30.0,7555.102603758962,4536.046556816443
AATAACAACGCTCGGC-1-Topic-3-Cell-4,1,36.0,30.0,7691.222799818238,4581.538464003022
AATAACAACGCTCGGC-1-Topic-3-Cell-5,1,36.0,30.0,7606.9632384874685,4433.685032972941
AATAACAACGCTCGGC-1-Topic-6-Cell-6,1,36.0,30.0,7565.306069152901,4622.268914738599
AATAACAACGCTCGGC-1-Topic-6-Cell-7,1,36.0,30.0,7739.685395307864,4498.901358761988
AATAACACTAGAACAA-1-Topic-0-Cell-1,1,52.0,38.0,10390.0,5343.0
AATAACACTAGAACAA-1-Topic-5-Cell-2,1,52.0,38.0,10440.46164512635,5287.91579380355
AATAACACTAGAACAA-1-Topic-5-Cell-3,1,52.0,38.0,10284.757488846692,5352.236268101734
AATACAATGTTTCAGG-1-Topic-0-Cell-1,1,23.0,19.0,5380.0,3421.0
AATACAATGTTTCAGG-1-Topic-0-Cell-2,1,23.0,19.0,5423.701066596173,3373.295678086574
AATACAATGTTTCAGG-1-Topic-0-Cell-3,1,23.0,19.0,5288.8573117831675,3428.998842812265
AATACAATGTTTCAGG-1-Topic-3-Cell-4,1,23.0,19.0,5468.927405376267,3489.178979353126
AATACCGGAGGGCTGT-1-Topic-0-Cell-1,1,67.0,37.0,12988.0,5260.0
AATACCGGAGGGCTGT-1-Topic-0-Cell-2,1,67.0,37.0,13031.701066596173,5212.295678086574
AATACCGGAGGGCTGT-1-Topic-0-Cell-3,1,67.0,37.0,12896.857311783167,5267.998842812265
AATACCGGAGGGCTGT-1-Topic-3-Cell-4,1,67.0,37.0,13076.927405376267,5328.178979353126
AATAGAACAGAGTGGC-1-Topic-3-Cell-1,1,52.0,46.0,10385.0,6140.0
AATAGAACAGAGTGGC-1-Topic-3-Cell-2,1,52.0,46.0,10435.46164512635,6084.91579380355
AATAGAACAGAGTGGC-1-Topic-3-Cell-3,1,52.0,46.0,10279.757488846692,6149.236268101734
AATAGAATCTGTTTCA-1-Topic-6-Cell-1,1,48.0,86.0,9667.0,10116.0
AATAGAATCTGTTTCA-1-Topic-9-Cell-2,1,48.0,86.0,9717.46164512635,10060.91579380355
AATAGAATCTGTTTCA-1-Topic-9-Cell-3,1,48.0,86.0,9561.757488846692,10125.236268101733
AATAGTCCGTCCCGAC-1-Topic-2-Cell-1,1,57.0,57.0,11244.0,7240.0
AATAGTCCGTCCCGAC-1-Topic-2-Cell-2,1,57.0,57.0,11279.68177145867,7201.049584262212
AATAGTCCGTCCCGAC-1-Topic-2-Cell-3,1,57.0,57.0,11169.582306694394,7246.531027807593
AATAGTCCGTCCCGAC-1-Topic-6-Cell-4,1,57.0,57.0,11316.608922440497,7295.66790353297
AATAGTCCGTCCCGAC-1-Topic-6-Cell-5,1,57.0,57.0,11225.59819438278,7135.967945553654
AATAGTCCGTCCCGAC-1-Topic-6-Cell-6,1,57.0,57.0,11180.603308934946,7339.6618184907275
AATATCGAGGGTTCTC-1-Topic-4-Cell-1,1,27.0,101.0,6021.0,11586.0
AATATCGAGGGTTCTC-1-Topic-4-Cell-2,1,27.0,101.0,6051.901320535239,11552.26795048311
AATATCGAGGGTTCTC-1-Topic-6-Cell-3,1,27.0,101.0,5956.552387106307,11591.656035994198
AATATCGAGGGTTCTC-1-Topic-6-Cell-4,1,27.0,101.0,6083.881171374884,11634.209818634972
AATATCGAGGGTTCTC-1-Topic-7-Cell-5,1,27.0,101.0,6005.063568859983,11495.90559804158
AATATCGAGGGTTCTC-1-Topic-7-Cell-6,1,27.0,101.0,5966.0968550217885,11672.309666600324
AATATCGAGGGTTCTC-1-Topic-8-Cell-7,1,27.0,101.0,6129.213778473883,11556.90988482329
AATATCGAGGGTTCTC-1-Topic-9-Cell-8,1,27.0,101.0,5913.588675800891,11530.214635774117
AATATTGGAGTATTGA-1-Topic-3-Cell-1,1,36.0,22.0,7629.0,3733.0
AATATTGGAGTATTGA-1-Topic-3-Cell-2,1,36.0,22.0,7672.701066596173,3685.295678086574
AATATTGGAGTATTGA-1-Topic-3-Cell-3,1,36.0,22.0,7537.8573117831675,3740.998842812265
AATATTGGAGTATTGA-1-Topic-3-Cell-4,1,36.0,22.0,7717.927405376267,3801.178979353126
AATCATGTAAAGACTC-1-Topic-6-Cell-1,1,54.0,98.0,10699.0,11317.0
AATCATGTAAAGACTC-1-Topic-6-Cell-2,1,54.0,98.0,10732.034901211928,11280.938922215459
AATCATGTAAAGACTC-1-Topic-6-Cell-3,1,54.0,98.0,10630.102603758962,11323.046556816444
AATCATGTAAAGACTC-1-Topic-6-Cell-4,1,54.0,98.0,10766.222799818237,11368.538464003022
AATCATGTAAAGACTC-1-Topic-6-Cell-5,1,54.0,98.0,10681.96323848747,11220.68503297294
AATCATGTAAAGACTC-1-Topic-7-Cell-6,1,54.0,98.0,10640.3060691529,11409.268914738599
AATCATGTAAAGACTC-1-Topic-7-Cell-7,1,54.0,98.0,10814.685395307864,11285.901358761988
AATCGCCTCAGCGCCA-1-Topic-5-Cell-1,1,39.0,79.0,8113.0,9410.0
AATCGCCTCAGCGCCA-1-Topic-7-Cell-2,1,39.0,79.0,8156.701066596173,9362.295678086573
AATCGCCTCAGCGCCA-1-Topic-7-Cell-3,1,39.0,79.0,8021.8573117831675,9417.998842812265
AATCGCCTCAGCGCCA-1-Topic-8-Cell-4,1,39.0,79.0,8201.927405376267,9478.178979353126
AATCGTGAGCCGAGCA-1-Topic-6-Cell-1,1,67.0,83.0,12960.0,9838.0
AATCGTGAGCCGAGCA-1-Topic-6-Cell-2,1,67.0,83.0,13003.701066596173,9790.295678086573
AATCGTGAGCCGAGCA-1-Topic-7-Cell-3,1,67.0,83.0,12868.857311783167,9845.998842812265
AATCGTGAGCCGAGCA-1-Topic-7-Cell-4,1,67.0,83.0,13048.927405376267,9906.178979353126
AATCTAGGTTTACTTG-1-Topic-3-Cell-1,1,52.0,16.0,10404.0,3154.0
AATCTATGCCGGAGCC-1-Topic-6-Cell-1,1,26.0,110.0,5842.0,12481.0
AATCTATGCCGGAGCC-1-Topic-7-Cell-2,1,26.0,110.0,5881.087422239316,12438.331957352419
AATCTATGCCGGAGCC-1-Topic-7-Cell-3,1,26.0,110.0,5760.479501398037,12488.154382507824
AATCTATGCCGGAGCC-1-Topic-7-Cell-4,1,26.0,110.0,5921.5390893936055,12541.981132988058
AATCTATGCCGGAGCC-1-Topic-7-Cell-5,1,26.0,110.0,5821.841831929245,12367.038594152262
AATCTGCGTTGGGACG-1-Topic-3-Cell-1,1,32.0,92.0,6893.0,10696.0
AATCTGCGTTGGGACG-1-Topic-6-Cell-2,1,32.0,92.0,6932.087422239316,10653.331957352419
AATCTGCGTTGGGACG-1-Topic-6-Cell-3,1,32.0,92.0,6811.479501398037,10703.154382507824
AATCTGCGTTGGGACG-1-Topic-6-Cell-4,1,32.0,92.0,6972.5390893936055,10756.981132988058
AATCTGCGTTGGGACG-1-Topic-6-Cell-5,1,32.0,92.0,6872.841831929245,10582.038594152262
AATCTGGCTTTCTAGT-1-Topic-0-Cell-1,1,51.0,15.0,10231.0,3053.0
AATCTGGCTTTCTAGT-1-Topic-3-Cell-2,1,51.0,15.0,10281.46164512635,2997.9157938035496
AATCTGGCTTTCTAGT-1-Topic-4-Cell-3,1,51.0,15.0,10125.757488846692,3062.236268101734
AATGACAGCAATGTCT-1-Topic-0-Cell-1,1,48.0,30.0,9702.0,4543.0
AATGACAGCAATGTCT-1-Topic-0-Cell-2,1,48.0,30.0,9735.034901211928,4506.938922215459
AATGACAGCAATGTCT-1-Topic-0-Cell-3,1,48.0,30.0,9633.102603758962,4549.046556816443
AATGACAGCAATGTCT-1-Topic-3-Cell-4,1,48.0,30.0,9769.222799818237,4594.538464003022
AATGACAGCAATGTCT-1-Topic-3-Cell-5,1,48.0,30.0,9684.96323848747,4446.685032972941
AATGACAGCAATGTCT-1-Topic-3-Cell-6,1,48.0,30.0,9643.3060691529,4635.268914738599
AATGACAGCAATGTCT-1-Topic-3-Cell-7,1,48.0,30.0,9817.685395307864,4511.901358761988
AATGACGTAGGATGTC-1-Topic-9-Cell-1,1,44.0,78.0,8980.0,9316.0
AATGACGTAGGATGTC-1-Topic-9-Cell-2,1,44.0,78.0,9019.087422239316,9273.331957352419
AATGACGTAGGATGTC-1-Topic-9-Cell-3,1,44.0,78.0,8898.479501398038,9323.154382507824
AATGACGTAGGATGTC-1-Topic-9-Cell-4,1,44.0,78.0,9059.539089393606,9376.981132988058
AATGACGTAGGATGTC-1-Topic-9-Cell-5,1,44.0,78.0,8959.841831929245,9202.038594152262
AATGACTGTCAGCCGG-1-Topic-6-Cell-1,1,23.0,47.0,5362.0,6208.0
AATGACTGTCAGCCGG-1-Topic-6-Cell-2,1,23.0,47.0,5395.034901211928,6171.938922215459
AATGACTGTCAGCCGG-1-Topic-6-Cell-3,1,23.0,47.0,5293.102603758962,6214.046556816443
AATGACTGTCAGCCGG-1-Topic-6-Cell-4,1,23.0,47.0,5429.222799818238,6259.538464003022
AATGACTGTCAGCCGG-1-Topic-6-Cell-5,1,23.0,47.0,5344.9632384874685,6111.685032972941
AATGACTGTCAGCCGG-1-Topic-7-Cell-6,1,23.0,47.0,5303.306069152901,6300.268914738599
AATGACTGTCAGCCGG-1-Topic-7-Cell-7,1,23.0,47.0,5477.685395307864,6176.901358761988
AATGATGATACGCTAT-1-Topic-6-Cell-1,1,23.0,93.0,5333.0,10786.0
AATGATGATACGCTAT-1-Topic-6-Cell-2,1,23.0,93.0,5372.087422239316,10743.331957352419
AATGATGATACGCTAT-1-Topic-6-Cell-3,1,23.0,93.0,5251.479501398037,10793.154382507824
AATGATGATACGCTAT-1-Topic-7-Cell-4,1,23.0,93.0,5412.5390893936055,10846.981132988058
AATGATGATACGCTAT-1-Topic-7-Cell-5,1,23.0,93.0,5312.841831929245,10672.038594152262
AATGATGCGACTCCTG-1-Topic-6-Cell-1,1,25.0,101.0,5675.0,11584.0
AATGATGCGACTCCTG-1-Topic-6-Cell-2,1,25.0,101.0,5718.701066596173,11536.295678086573
AATGATGCGACTCCTG-1-Topic-6-Cell-3,1,25.0,101.0,5583.8573117831675,11591.998842812265
AATGATGCGACTCCTG-1-Topic-6-Cell-4,1,25.0,101.0,5763.927405376267,11652.178979353126
AATGCAACCGGGTACC-1-Topic-2-Cell-1,1,25.0,59.0,5701.0,7404.0
AATGCAACCGGGTACC-1-Topic-2-Cell-2,1,25.0,59.0,5734.034901211928,7367.938922215459
AATGCAACCGGGTACC-1-Topic-2-Cell-3,1,25.0,59.0,5632.102603758962,7410.046556816443
AATGCAACCGGGTACC-1-Topic-4-Cell-4,1,25.0,59.0,5768.222799818238,7455.538464003022
AATGCAACCGGGTACC-1-Topic-6-Cell-5,1,25.0,59.0,5683.9632384874685,7307.685032972941
AATGCAACCGGGTACC-1-Topic-6-Cell-6,1,25.0,59.0,5642.306069152901,7496.268914738599
AATGCAACCGGGTACC-1-Topic-6-Cell-7,1,25.0,59.0,5816.685395307864,7372.901358761988
AATGCACCAAGCAATG-1-Topic-1-Cell-1,1,19.0,97.0,4638.0,11180.0
AATGCACCAAGCAATG-1-Topic-2-Cell-2,1,19.0,97.0,4673.6817714586705,11141.049584262211
AATGCACCAAGCAATG-1-Topic-6-Cell-3,1,19.0,97.0,4563.582306694395,11186.531027807592
AATGCACCAAGCAATG-1-Topic-6-Cell-4,1,19.0,97.0,4710.608922440497,11235.667903532969
AATGCACCAAGCAATG-1-Topic-6-Cell-5,1,19.0,97.0,4619.598194382778,11075.967945553655
AATGCACCAAGCAATG-1-Topic-6-Cell-6,1,19.0,97.0,4574.603308934945,11279.661818490727
AATGGTTCTCACAAGC-1-Topic-0-Cell-1,1,19.0,35.0,4677.0,5009.0
AATGGTTCTCACAAGC-1-Topic-0-Cell-2,1,19.0,35.0,4720.701066596173,4961.295678086574
AATGGTTCTCACAAGC-1-Topic-0-Cell-3,1,19.0,35.0,4585.8573117831675,5016.998842812265
AATGGTTCTCACAAGC-1-Topic-5-Cell-4,1,19.0,35.0,4765.927405376267,5077.178979353126
AATGTATGGCACTGTA-1-Topic-3-Cell-1,1,65.0,9.0,12660.0,2471.0
AATGTGCCCGAGGTGT-1-Topic-0-Cell-1,1,55.0,27.0,10916.0,4252.0
AATGTGCCCGAGGTGT-1-Topic-0-Cell-2,1,55.0,27.0,10977.802641070479,4184.535900966221
AATGTGCTAATCTGAG-1-Topic-0-Cell-1,1,66.0,32.0,12818.0,4761.0
AATGTGCTAATCTGAG-1-Topic-0-Cell-2,1,66.0,32.0,12868.46164512635,4705.91579380355
AATGTGCTAATCTGAG-1-Topic-3-Cell-3,1,66.0,32.0,12712.757488846692,4770.236268101734
AATTAAAGGTCGGCGT-1-Topic-3-Cell-1,1,40.0,50.0,8304.0,6525.0
AATTAAAGGTCGGCGT-1-Topic-3-Cell-2,1,40.0,50.0,8354.46164512635,6469.91579380355
AATTAAAGGTCGGCGT-1-Topic-5-Cell-3,1,40.0,50.0,8198.757488846692,6534.236268101734
AATTAACGGATTTCCA-1-Topic-3-Cell-1,1,58.0,66.0,11412.0,8137.0
AATTAACGGATTTCCA-1-Topic-6-Cell-2,1,58.0,66.0,11451.087422239316,8094.331957352419
AATTAACGGATTTCCA-1-Topic-6-Cell-3,1,58.0,66.0,11330.479501398038,8144.154382507824
AATTAACGGATTTCCA-1-Topic-6-Cell-4,1,58.0,66.0,11491.539089393606,8197.981132988058
AATTAACGGATTTCCA-1-Topic-6-Cell-5,1,58.0,66.0,11391.841831929245,8023.038594152262
AATTAGCGCTGCAGCG-1-Topic-2-Cell-1,1,51.0,63.0,10201.0,7830.0
AATTAGCGCTGCAGCG-1-Topic-2-Cell-2,1,51.0,63.0,10240.087422239316,7787.331957352419
AATTAGCGCTGCAGCG-1-Topic-2-Cell-3,1,51.0,63.0,10119.479501398038,7837.154382507824
AATTAGCGCTGCAGCG-1-Topic-6-Cell-4,1,51.0,63.0,10280.539089393606,7890.981132988058
AATTAGCGCTGCAGCG-1-Topic-7-Cell-5,1,51.0,63.0,10180.841831929245,7716.038594152262
AATTCATAAGGGATCT-1-Topic-6-Cell-1,1,23.0,91.0,5335.0,10587.0
AATTCATAAGGGATCT-1-Topic-6-Cell-2,1,23.0,91.0,5374.087422239316,10544.331957352419
AATTCATAAGGGATCT-1-Topic-7-Cell-3,1,23.0,91.0,5253.479501398037,10594.154382507824
AATTCATAAGGGATCT-1-Topic-7-Cell-4,1,23.0,91.0,5414.5390893936055,10647.981132988058
AATTCATAAGGGATCT-1-Topic-8-Cell-5,1,23.0,91.0,5314.841831929245,10473.038594152262
AATTCCAAGCATGTAC-1-Topic-2-Cell-1,1,66.0,58.0,12802.0,7349.0
AATTCCAAGCATGTAC-1-Topic-3-Cell-2,1,66.0,58.0,12841.087422239316,7306.331957352419
AATTCCAAGCATGTAC-1-Topic-3-Cell-3,1,66.0,58.0,12720.479501398038,7356.154382507824
AATTCCAAGCATGTAC-1-Topic-3-Cell-4,1,66.0,58.0,12881.539089393606,7409.981132988058
AATTCCAAGCATGTAC-1-Topic-3-Cell-5,1,66.0,58.0,12781.841831929245,7235.038594152262
AATTCGATTCGAGGAT-1-Topic-5-Cell-1,1,66.0,76.0,12791.0,9141.0
AATTCGATTCGAGGAT-1-Topic-5-Cell-2,1,66.0,76.0,12841.46164512635,9085.91579380355
AATTCGATTCGAGGAT-1-Topic-5-Cell-3,1,66.0,76.0,12685.757488846692,9150.236268101733
AATTCTAGAGTTAGGC-1-Topic-4-Cell-1,1,49.0,63.0,9855.0,7828.0
AATTCTAGAGTTAGGC-1-Topic-4-Cell-2,1,49.0,63.0,9885.90132053524,7794.26795048311
AATTCTAGAGTTAGGC-1-Topic-6-Cell-3,1,49.0,63.0,9790.552387106307,7833.656035994198
AATTCTAGAGTTAGGC-1-Topic-6-Cell-4,1,49.0,63.0,9917.881171374884,7876.209818634973
AATTCTAGAGTTAGGC-1-Topic-6-Cell-5,1,49.0,63.0,9839.063568859983,7737.905598041579
AATTCTAGAGTTAGGC-1-Topic-6-Cell-6,1,49.0,63.0,9800.096855021788,7914.309666600323
AATTCTAGAGTTAGGC-1-Topic-6-Cell-7,1,49.0,63.0,9963.213778473884,7798.909884823291
AATTCTAGAGTTAGGC-1-Topic-6-Cell-8,1,49.0,63.0,9747.588675800891,7772.214635774117
AATTGAACGCTCTGGT-1-Topic-6-Cell-1,1,45.0,83.0,9150.0,9814.0
AATTGAACGCTCTGGT-1-Topic-9-Cell-2,1,45.0,83.0,9193.701066596173,9766.295678086573
AATTGAACGCTCTGGT-1-Topic-9-Cell-3,1,45.0,83.0,9058.857311783167,9821.998842812265
AATTGAACGCTCTGGT-1-Topic-9-Cell-4,1,45.0,83.0,9238.927405376267,9882.178979353126
AATTGCAGCAATCGAC-1-Topic-2-Cell-1,1,64.0,102.0,12428.0,11726.0
AATTGCAGCAATCGAC-1-Topic-2-Cell-2,1,64.0,102.0,12471.701066596173,11678.295678086573
AATTGCAGCAATCGAC-1-Topic-6-Cell-3,1,64.0,102.0,12336.857311783167,11733.998842812265
AATTGCAGCAATCGAC-1-Topic-6-Cell-4,1,64.0,102.0,12516.927405376267,11794.178979353126
AATTGCGTGGATTACA-1-Topic-0-Cell-1,1,67.0,9.0,13006.0,2473.0
AATTGCGTGGATTACA-1-Topic-0-Cell-2,1,67.0,9.0,13056.46164512635,2417.9157938035496
AATTGCGTGGATTACA-1-Topic-7-Cell-3,1,67.0,9.0,12900.757488846692,2482.236268101734
ACAAACCATGCGTCCT-1-Topic-0-Cell-1,1,64.0,16.0,12482.0,3167.0
ACAAATCGCACCGAAT-1-Topic-4-Cell-1,1,50.0,82.0,10016.0,9720.0
ACAAATCGCACCGAAT-1-Topic-4-Cell-2,1,50.0,82.0,10055.087422239316,9677.331957352419
ACAAATCGCACCGAAT-1-Topic-4-Cell-3,1,50.0,82.0,9934.479501398038,9727.154382507824
ACAAATCGCACCGAAT-1-Topic-6-Cell-4,1,50.0,82.0,10095.539089393606,9780.981132988058
ACAAATCGCACCGAAT-1-Topic-9-Cell-5,1,50.0,82.0,9995.841831929245,9606.038594152262
ACAAATGGTAGTGTTT-1-Topic-4-Cell-1,1,44.0,84.0,8976.0,9913.0
ACAAATGGTAGTGTTT-1-Topic-7-Cell-2,1,44.0,84.0,9019.701066596173,9865.295678086573
ACAAATGGTAGTGTTT-1-Topic-9-Cell-3,1,44.0,84.0,8884.857311783167,9920.998842812265
ACAAATGGTAGTGTTT-1-Topic-9-Cell-4,1,44.0,84.0,9064.927405376267,9981.178979353126
ACAACAGCATGAGCTA-1-Topic-4-Cell-1,1,32.0,72.0,6905.0,8706.0
ACAACAGCATGAGCTA-1-Topic-4-Cell-2,1,32.0,72.0,6944.087422239316,8663.331957352419
ACAACAGCATGAGCTA-1-Topic-4-Cell-3,1,32.0,72.0,6823.479501398037,8713.154382507824
ACAACAGCATGAGCTA-1-Topic-4-Cell-4,1,32.0,72.0,6984.5390893936055,8766.981132988058
ACAACAGCATGAGCTA-1-Topic-4-Cell-5,1,32.0,72.0,6884.841831929245,8592.038594152262
ACAACGGTCCCTGCGA-1-Topic-0-Cell-1,1,22.0,30.0,5200.0,4514.0
ACAACGGTCCCTGCGA-1-Topic-3-Cell-2,1,22.0,30.0,5239.087422239316,4471.331957352419
ACAACGGTCCCTGCGA-1-Topic-3-Cell-3,1,22.0,30.0,5118.479501398037,4521.154382507824
ACAACGGTCCCTGCGA-1-Topic-3-Cell-4,1,22.0,30.0,5279.5390893936055,4574.981132988058
ACAACGGTCCCTGCGA-1-Topic-4-Cell-5,1,22.0,30.0,5179.841831929245,4400.038594152262
ACAAGCAGTGCCTAGC-1-Topic-3-Cell-1,1,30.0,26.0,6588.0,4125.0
ACAAGCAGTGCCTAGC-1-Topic-3-Cell-2,1,30.0,26.0,6631.701066596173,4077.295678086574
ACAAGCAGTGCCTAGC-1-Topic-3-Cell-3,1,30.0,26.0,6496.8573117831675,4132.998842812265
ACAAGCAGTGCCTAGC-1-Topic-5-Cell-4,1,30.0,26.0,6676.927405376267,4193.178979353126
ACAAGGAAATCCGCCC-1-Topic-3-Cell-1,1,49.0,75.0,9847.0,9023.0
ACAAGGAAATCCGCCC-1-Topic-3-Cell-2,1,49.0,75.0,9890.701066596173,8975.295678086573
ACAAGGAAATCCGCCC-1-Topic-6-Cell-3,1,49.0,75.0,9755.857311783167,9030.998842812265
ACAAGGAAATCCGCCC-1-Topic-6-Cell-4,1,49.0,75.0,9935.927405376267,9091.178979353126
ACAAGGACAAGAGGTT-1-Topic-0-Cell-1,1,29.0,37.0,6408.0,5219.0
ACAAGGACAAGAGGTT-1-Topic-2-Cell-2,1,29.0,37.0,6447.087422239316,5176.331957352419
ACAAGGACAAGAGGTT-1-Topic-2-Cell-3,1,29.0,37.0,6326.479501398037,5226.154382507824
ACAAGGACAAGAGGTT-1-Topic-7-Cell-4,1,29.0,37.0,6487.5390893936055,5279.981132988058
ACAAGGACAAGAGGTT-1-Topic-8-Cell-5,1,29.0,37.0,6387.841831929245,5105.038594152262
ACAAGGATGCTTTAGG-1-Topic-7-Cell-1,1,61.0,87.0,11918.0,10230.0
ACAAGGATGCTTTAGG-1-Topic-7-Cell-2,1,61.0,87.0,11968.46164512635,10174.91579380355
ACAAGGATGCTTTAGG-1-Topic-7-Cell-3,1,61.0,87.0,11812.757488846692,10239.236268101733
ACAAGGGCAGGCTCTG-1-Topic-4-Cell-1,1,44.0,76.0,8981.0,9117.0
ACAAGGGCAGGCTCTG-1-Topic-6-Cell-2,1,44.0,76.0,9024.701066596173,9069.295678086573
ACAAGGGCAGGCTCTG-1-Topic-6-Cell-3,1,44.0,76.0,8889.857311783167,9124.998842812265
ACAAGGGCAGGCTCTG-1-Topic-9-Cell-4,1,44.0,76.0,9069.927405376267,9185.178979353126
ACAATCCATTTAAACC-1-Topic-3-Cell-1,1,36.0,32.0,7623.0,4729.0
ACAATCCATTTAAACC-1-Topic-3-Cell-2,1,36.0,32.0,7684.802641070479,4661.535900966221
ACAATGAATACGGAGA-1-Topic-0-Cell-1,1,57.0,31.0,11260.0,4652.0
ACAATGAATACGGAGA-1-Topic-0-Cell-2,1,57.0,31.0,11303.701066596173,4604.295678086574
ACAATGAATACGGAGA-1-Topic-3-Cell-3,1,57.0,31.0,11168.857311783167,4659.998842812265
ACAATGAATACGGAGA-1-Topic-7-Cell-4,1,57.0,31.0,11348.927405376267,4720.178979353126
ACAATTGTGTCTCTTT-1-Topic-6-Cell-1,1,51.0,97.0,10180.0,11214.0
ACAATTGTGTCTCTTT-1-Topic-6-Cell-2,1,51.0,97.0,10215.68177145867,11175.049584262211
ACAATTGTGTCTCTTT-1-Topic-6-Cell-3,1,51.0,97.0,10105.582306694394,11220.531027807592
ACAATTGTGTCTCTTT-1-Topic-6-Cell-4,1,51.0,97.0,10252.608922440497,11269.667903532969
ACAATTGTGTCTCTTT-1-Topic-7-Cell-5,1,51.0,97.0,10161.59819438278,11109.967945553655
ACAATTGTGTCTCTTT-1-Topic-9-Cell-6,1,51.0,97.0,10116.603308934946,11313.661818490727
ACAATTTGAGCAGTGG-1-Topic-6-Cell-1,1,28.0,82.0,6206.0,9696.0
ACAATTTGAGCAGTGG-1-Topic-6-Cell-2,1,28.0,82.0,6245.087422239316,9653.331957352419
ACAATTTGAGCAGTGG-1-Topic-7-Cell-3,1,28.0,82.0,6124.479501398037,9703.154382507824
ACAATTTGAGCAGTGG-1-Topic-7-Cell-4,1,28.0,82.0,6285.5390893936055,9756.981132988058
ACAATTTGAGCAGTGG-1-Topic-8-Cell-5,1,28.0,82.0,6185.841831929245,9582.038594152262
ACACAAAGACGGGTGG-1-Topic-3-Cell-1,1,24.0,56.0,5530.0,7104.0
ACACAAAGACGGGTGG-1-Topic-3-Cell-2,1,24.0,56.0,5569.087422239316,7061.331957352419
ACACAAAGACGGGTGG-1-Topic-6-Cell-3,1,24.0,56.0,5448.479501398037,7111.154382507824
ACACAAAGACGGGTGG-1-Topic-7-Cell-4,1,24.0,56.0,5609.5390893936055,7164.981132988058
ACACAAAGACGGGTGG-1-Topic-7-Cell-5,1,24.0,56.0,5509.841831929245,6990.038594152262
ACACACCAGGACCAGT-1-Topic-1-Cell-1,1,44.0,90.0,8972.0,10510.0
ACACACCAGGACCAGT-1-Topic-7-Cell-2,1,44.0,90.0,9015.701066596173,10462.295678086573
ACACACCAGGACCAGT-1-Topic-9-Cell-3,1,44.0,90.0,8880.857311783167,10517.998842812265
ACACACCAGGACCAGT-1-Topic-9-Cell-4,1,44.0,90.0,9060.927405376267,10578.178979353126
ACACATGATCAAATCT-1-Topic-0-Cell-1,1,60.0,16.0,11789.0,3162.0
ACACATGATCAAATCT-1-Topic-0-Cell-2,1,60.0,16.0,11828.087422239316,3119.3319573524186
ACACATGATCAAATCT-1-Topic-0-Cell-3,1,60.0,16.0,11707.479501398038,3169.1543825078243
ACACATGATCAAATCT-1-Topic-0-Cell-4,1,60.0,16.0,11868.539089393606,3222.9811329880577
ACACATGATCAAATCT-1-Topic-0-Cell-5,1,60.0,16.0,11768.841831929245,3048.0385941522622
ACACCCAGCATGCAGC-1-Topic-6-Cell-1,1,24.0,50.0,5534.0,6507.0
ACACCCAGCATGCAGC-1-Topic-6-Cell-2,1,24.0,50.0,5569.6817714586705,6468.049584262212
ACACCCAGCATGCAGC-1-Topic-6-Cell-3,1,24.0,50.0,5459.582306694395,6513.531027807593
ACACCCAGCATGCAGC-1-Topic-6-Cell-4,1,24.0,50.0,5606.608922440497,6562.66790353297
ACACCCAGCATGCAGC-1-Topic-6-Cell-5,1,24.0,50.0,5515.598194382778,6402.967945553654
ACACCCAGCATGCAGC-1-Topic-6-Cell-6,1,24.0,50.0,5470.603308934945,6606.6618184907275
ACACCCGAGAAATCCG-1-Topic-1-Cell-1,1,19.0,39.0,4674.0,5407.0
ACACCCGAGAAATCCG-1-Topic-6-Cell-2,1,19.0,39.0,4724.461645126349,5351.91579380355
ACACCCGAGAAATCCG-1-Topic-9-Cell-3,1,19.0,39.0,4568.757488846692,5416.236268101734
ACACCTTAAGTAGGGC-1-Topic-2-Cell-1,1,25.0,43.0,5711.0,5812.0
ACACCTTAAGTAGGGC-1-Topic-2-Cell-2,1,25.0,43.0,5740.1340443974495,5780.197118724383
ACACCTTAAGTAGGGC-1-Topic-5-Cell-3,1,25.0,43.0,5650.238207855446,5817.332561874843
ACACCTTAAGTAGGGC-1-Topic-6-Cell-4,1,25.0,43.0,5770.284936917512,5857.452652902084
ACACCTTAAGTAGGGC-1-Topic-6-Cell-5,1,25.0,43.0,5695.974988630642,5727.058183237672
ACACCTTAAGTAGGGC-1-Topic-6-Cell-6,1,25.0,43.0,5659.236818503251,5893.373534046718
ACACCTTAAGTAGGGC-1-Topic-6-Cell-7,1,25.0,43.0,5813.024928768936,5784.573576390734
ACACCTTAAGTAGGGC-1-Topic-6-Cell-8,1,25.0,43.0,5609.731632376778,5759.405054219888
ACACCTTAAGTAGGGC-1-Topic-6-Cell-9,1,25.0,43.0,5752.847516403668,5926.588445202443
ACACGAGACTCCTTCT-1-Topic-4-Cell-1,1,31.0,71.0,6733.0,8605.0
ACACGAGACTCCTTCT-1-Topic-6-Cell-2,1,31.0,71.0,6776.701066596173,8557.295678086573
ACACGAGACTCCTTCT-1-Topic-6-Cell-3,1,31.0,71.0,6641.8573117831675,8612.998842812265
ACACGAGACTCCTTCT-1-Topic-6-Cell-4,1,31.0,71.0,6821.927405376267,8673.178979353126
ACACGGGAACTTAGGG-1-Topic-1-Cell-1,1,27.0,71.0,6040.0,8601.0
ACACGGGAACTTAGGG-1-Topic-7-Cell-2,1,27.0,71.0,6079.087422239316,8558.331957352419
ACACGGGAACTTAGGG-1-Topic-7-Cell-3,1,27.0,71.0,5958.479501398037,8608.154382507824
ACACGGGAACTTAGGG-1-Topic-7-Cell-4,1,27.0,71.0,6119.5390893936055,8661.981132988058
ACACGGGAACTTAGGG-1-Topic-7-Cell-5,1,27.0,71.0,6019.841831929245,8487.038594152262
ACACTGATCAAGGTGT-1-Topic-3-Cell-1,1,52.0,48.0,10384.0,6339.0
ACACTGATCAAGGTGT-1-Topic-3-Cell-2,1,52.0,48.0,10419.68177145867,6300.049584262212
ACACTGATCAAGGTGT-1-Topic-3-Cell-3,1,52.0,48.0,10309.582306694394,6345.531027807593
ACACTGATCAAGGTGT-1-Topic-3-Cell-4,1,52.0,48.0,10456.608922440497,6394.66790353297
ACACTGATCAAGGTGT-1-Topic-3-Cell-5,1,52.0,48.0,10365.59819438278,6234.967945553654
ACACTGATCAAGGTGT-1-Topic-7-Cell-6,1,52.0,48.0,10320.603308934946,6438.6618184907275
ACAGAACTGAGAACAA-1-Topic-0-Cell-1,1,52.0,24.0,10399.0,3950.0
ACAGAACTGAGAACAA-1-Topic-3-Cell-2,1,52.0,24.0,10442.701066596173,3902.295678086574
ACAGAACTGAGAACAA-1-Topic-3-Cell-3,1,52.0,24.0,10307.857311783167,3957.998842812265
ACAGAACTGAGAACAA-1-Topic-3-Cell-4,1,52.0,24.0,10487.927405376267,4018.178979353126
ACAGCGACATTCTCAT-1-Topic-1-Cell-1,1,59.0,99.0,11564.0,11422.0
ACAGCGACATTCTCAT-1-Topic-2-Cell-2,1,59.0,99.0,11594.90132053524,11388.26795048311
ACAGCGACATTCTCAT-1-Topic-2-Cell-3,1,59.0,99.0,11499.552387106307,11427.656035994198
ACAGCGACATTCTCAT-1-Topic-6-Cell-4,1,59.0,99.0,11626.881171374884,11470.209818634972
ACAGCGACATTCTCAT-1-Topic-6-Cell-5,1,59.0,99.0,11548.063568859983,11331.90559804158
ACAGCGACATTCTCAT-1-Topic-6-Cell-6,1,59.0,99.0,11509.096855021788,11508.309666600324
ACAGCGACATTCTCAT-1-Topic-7-Cell-7,1,59.0,99.0,11672.213778473884,11392.90988482329
ACAGCGACATTCTCAT-1-Topic-7-Cell-8,1,59.0,99.0,11456.588675800891,11366.214635774117
ACAGGCTTGCCCGACT-1-Topic-6-Cell-1,1,53.0,87.0,10533.0,10221.0
ACAGGCTTGCCCGACT-1-Topic-6-Cell-2,1,53.0,87.0,10568.68177145867,10182.049584262211
ACAGGCTTGCCCGACT-1-Topic-7-Cell-3,1,53.0,87.0,10458.582306694394,10227.531027807592
ACAGGCTTGCCCGACT-1-Topic-7-Cell-4,1,53.0,87.0,10605.608922440497,10276.667903532969
ACAGGCTTGCCCGACT-1-Topic-7-Cell-5,1,53.0,87.0,10514.59819438278,10116.967945553655
ACAGGCTTGCCCGACT-1-Topic-7-Cell-6,1,53.0,87.0,10469.603308934946,10320.661818490727
ACAGGTGGAGGTGAGG-1-Topic-0-Cell-1,1,51.0,39.0,10216.0,5442.0
ACAGGTGGAGGTGAGG-1-Topic-3-Cell-2,1,51.0,39.0,10259.701066596173,5394.295678086574
ACAGGTGGAGGTGAGG-1-Topic-3-Cell-3,1,51.0,39.0,10124.857311783167,5449.998842812265
ACAGGTGGAGGTGAGG-1-Topic-7-Cell-4,1,51.0,39.0,10304.927405376267,5510.178979353126
ACAGTAATACAACTTG-1-Topic-0-Cell-1,1,46.0,14.0,9366.0,2948.0
ACATAATAAGGCGGTG-1-Topic-7-Cell-1,1,21.0,63.0,5006.0,7798.0
ACATAATAAGGCGGTG-1-Topic-7-Cell-2,1,21.0,63.0,5045.087422239316,7755.331957352419
ACATAATAAGGCGGTG-1-Topic-7-Cell-3,1,21.0,63.0,4924.479501398037,7805.154382507824
ACATAATAAGGCGGTG-1-Topic-7-Cell-4,1,21.0,63.0,5085.5390893936055,7858.981132988058
ACATAATAAGGCGGTG-1-Topic-8-Cell-5,1,21.0,63.0,4985.841831929245,7684.038594152262
ACATCCCGGCCATACG-1-Topic-0-Cell-1,1,55.0,57.0,10898.0,7238.0
ACATCCCGGCCATACG-1-Topic-2-Cell-2,1,55.0,57.0,10933.68177145867,7199.049584262212
ACATCCCGGCCATACG-1-Topic-5-Cell-3,1,55.0,57.0,10823.582306694394,7244.531027807593
ACATCCCGGCCATACG-1-Topic-6-Cell-4,1,55.0,57.0,10970.608922440497,7293.66790353297
ACATCCCGGCCATACG-1-Topic-6-Cell-5,1,55.0,57.0,10879.59819438278,7133.967945553654
ACATCCCGGCCATACG-1-Topic-7-Cell-6,1,55.0,57.0,10834.603308934946,7337.6618184907275
ACATCCTGGTAACTGT-1-Topic-6-Cell-1,1,42.0,102.0,8618.0,11702.0
ACATCCTGGTAACTGT-1-Topic-7-Cell-2,1,42.0,102.0,8653.68177145867,11663.049584262211
ACATCCTGGTAACTGT-1-Topic-7-Cell-3,1,42.0,102.0,8543.582306694394,11708.531027807592
ACATCCTGGTAACTGT-1-Topic-7-Cell-4,1,42.0,102.0,8690.608922440497,11757.667903532969
ACATCCTGGTAACTGT-1-Topic-7-Cell-5,1,42.0,102.0,8599.59819438278,11597.967945553655
ACATCCTGGTAACTGT-1-Topic-9-Cell-6,1,42.0,102.0,8554.603308934946,11801.661818490727
ACATCGATCGTTTACC-1-Topic-3-Cell-1,1,42.0,62.0,8643.0,7721.0
ACATCGATCGTTTACC-1-Topic-3-Cell-2,1,42.0,62.0,8686.701066596173,7673.295678086574
ACATCGATCGTTTACC-1-Topic-3-Cell-3,1,42.0,62.0,8551.857311783167,7728.998842812265
ACATCGATCGTTTACC-1-Topic-6-Cell-4,1,42.0,62.0,8731.927405376267,7789.178979353126
ACATCGGTCAGCCGCG-1-Topic-3-Cell-1,1,41.0,37.0,8486.0,5232.0
ACATCGGTCAGCCGCG-1-Topic-3-Cell-2,1,41.0,37.0,8547.802641070479,5164.535900966221
ACATCGTATGCAATGG-1-Topic-9-Cell-1,1,45.0,81.0,9151.0,9615.0
ACATCGTATGCAATGG-1-Topic-9-Cell-2,1,45.0,81.0,9194.701066596173,9567.295678086573
ACATCGTATGCAATGG-1-Topic-9-Cell-3,1,45.0,81.0,9059.857311783167,9622.998842812265
ACATCGTATGCAATGG-1-Topic-9-Cell-4,1,45.0,81.0,9239.927405376267,9683.178979353126
ACATGGCGCCAAAGTA-1-Topic-4-Cell-1,1,40.0,104.0,8271.0,11899.0
ACATGGCGCCAAAGTA-1-Topic-4-Cell-2,1,40.0,104.0,8310.087422239316,11856.331957352419
ACATGGCGCCAAAGTA-1-Topic-4-Cell-3,1,40.0,104.0,8189.479501398037,11906.154382507824
ACATGGCGCCAAAGTA-1-Topic-9-Cell-4,1,40.0,104.0,8350.539089393606,11959.981132988058
ACATGGCGCCAAAGTA-1-Topic-9-Cell-5,1,40.0,104.0,8250.841831929245,11785.038594152262
ACATTAGTTTATATCC-1-Topic-2-Cell-1,1,51.0,61.0,10203.0,7631.0
ACATTAGTTTATATCC-1-Topic-6-Cell-2,1,51.0,61.0,10242.087422239316,7588.331957352419
ACATTAGTTTATATCC-1-Topic-6-Cell-3,1,51.0,61.0,10121.479501398038,7638.154382507824
ACATTAGTTTATATCC-1-Topic-6-Cell-4,1,51.0,61.0,10282.539089393606,7691.981132988058
ACATTAGTTTATATCC-1-Topic-6-Cell-5,1,51.0,61.0,10182.841831929245,7517.038594152262
ACCAACACCACACACT-1-Topic-6-Cell-1,1,20.0,110.0,4803.0,12475.0
ACCAACACCACACACT-1-Topic-6-Cell-2,1,20.0,110.0,4846.701066596173,12427.295678086573
ACCAACACCACACACT-1-Topic-6-Cell-3,1,20.0,110.0,4711.8573117831675,12482.998842812265
ACCAACACCACACACT-1-Topic-6-Cell-4,1,20.0,110.0,4891.927405376267,12543.178979353126
ACCAACGCTTATTTAT-1-Topic-3-Cell-1,1,53.0,49.0,10556.0,6439.0
ACCAACGCTTATTTAT-1-Topic-3-Cell-2,1,53.0,49.0,10589.034901211928,6402.938922215459
ACCAACGCTTATTTAT-1-Topic-3-Cell-3,1,53.0,49.0,10487.102603758962,6445.046556816443
ACCAACGCTTATTTAT-1-Topic-4-Cell-4,1,53.0,49.0,10623.222799818237,6490.538464003022
ACCAACGCTTATTTAT-1-Topic-6-Cell-5,1,53.0,49.0,10538.96323848747,6342.685032972941
ACCAACGCTTATTTAT-1-Topic-6-Cell-6,1,53.0,49.0,10497.3060691529,6531.268914738599
ACCAACGCTTATTTAT-1-Topic-8-Cell-7,1,53.0,49.0,10671.685395307864,6407.901358761988
ACCAAGAACGCGTGTC-1-Topic-3-Cell-1,1,17.0,49.0,4322.0,6400.0
ACCAAGAACGCGTGTC-1-Topic-3-Cell-2,1,17.0,49.0,4361.087422239316,6357.331957352419
ACCAAGAACGCGTGTC-1-Topic-3-Cell-3,1,17.0,49.0,4240.479501398037,6407.154382507824
ACCAAGAACGCGTGTC-1-Topic-3-Cell-4,1,17.0,49.0,4401.5390893936055,6460.981132988058
ACCAAGAACGCGTGTC-1-Topic-3-Cell-5,1,17.0,49.0,4301.841831929245,6286.038594152262
ACCAATATGCAAGTTA-1-Topic-6-Cell-1,1,56.0,78.0,11058.0,9329.0
ACCAATATGCAAGTTA-1-Topic-6-Cell-2,1,56.0,78.0,11093.68177145867,9290.049584262211
ACCAATATGCAAGTTA-1-Topic-6-Cell-3,1,56.0,78.0,10983.582306694394,9335.531027807592
ACCAATATGCAAGTTA-1-Topic-7-Cell-4,1,56.0,78.0,11130.608922440497,9384.667903532969
ACCAATATGCAAGTTA-1-Topic-7-Cell-5,1,56.0,78.0,11039.59819438278,9224.967945553655
ACCAATATGCAAGTTA-1-Topic-7-Cell-6,1,56.0,78.0,10994.603308934946,9428.661818490727
ACCACAAGTTTCTATC-1-Topic-1-Cell-1,1,30.0,54.0,6570.0,6912.0
ACCACAAGTTTCTATC-1-Topic-3-Cell-2,1,30.0,54.0,6620.461645126349,6856.91579380355
ACCACAAGTTTCTATC-1-Topic-7-Cell-3,1,30.0,54.0,6464.757488846692,6921.236268101734
ACCACCAATGTAACAA-1-Topic-6-Cell-1,1,41.0,107.0,8442.0,12199.0
ACCACCAATGTAACAA-1-Topic-9-Cell-2,1,41.0,107.0,8481.087422239316,12156.331957352419
ACCACCAATGTAACAA-1-Topic-9-Cell-3,1,41.0,107.0,8360.479501398038,12206.154382507824
ACCACCAATGTAACAA-1-Topic-9-Cell-4,1,41.0,107.0,8521.539089393606,12259.981132988058
ACCACCAATGTAACAA-1-Topic-9-Cell-5,1,41.0,107.0,8421.841831929245,12085.038594152262
ACCACGTGCAGCTATA-1-Topic-7-Cell-1,1,48.0,76.0,9674.0,9121.0
ACCACGTGCAGCTATA-1-Topic-7-Cell-2,1,48.0,76.0,9724.46164512635,9065.91579380355
ACCACGTGCAGCTATA-1-Topic-7-Cell-3,1,48.0,76.0,9568.757488846692,9130.236268101733
ACCAGTGCGGGAGACG-1-Topic-6-Cell-1,1,48.0,94.0,9662.0,10913.0
ACCAGTGCGGGAGACG-1-Topic-6-Cell-2,1,48.0,94.0,9701.087422239316,10870.331957352419
ACCAGTGCGGGAGACG-1-Topic-6-Cell-3,1,48.0,94.0,9580.479501398038,10920.154382507824
ACCAGTGCGGGAGACG-1-Topic-6-Cell-4,1,48.0,94.0,9741.539089393606,10973.981132988058
ACCAGTGCGGGAGACG-1-Topic-9-Cell-5,1,48.0,94.0,9641.841831929245,10799.038594152262
ACCATATCCGCAATAA-1-Topic-2-Cell-1,1,38.0,56.0,7954.0,7120.0
ACCATATCCGCAATAA-1-Topic-3-Cell-2,1,38.0,56.0,7984.901320535239,7086.26795048311
ACCATATCCGCAATAA-1-Topic-3-Cell-3,1,38.0,56.0,7889.552387106307,7125.656035994198
ACCATATCCGCAATAA-1-Topic-3-Cell-4,1,38.0,56.0,8016.881171374884,7168.209818634973
ACCATATCCGCAATAA-1-Topic-3-Cell-5,1,38.0,56.0,7938.063568859983,7029.905598041579
ACCATATCCGCAATAA-1-Topic-3-Cell-6,1,38.0,56.0,7899.0968550217885,7206.309666600323
ACCATATCCGCAATAA-1-Topic-6-Cell-7,1,38.0,56.0,8062.213778473883,7090.909884823291
ACCATATCCGCAATAA-1-Topic-6-Cell-8,1,38.0,56.0,7846.588675800891,7064.214635774117
ACCATCGTATATGGTA-1-Topic-3-Cell-1,1,42.0,42.0,8656.0,5731.0
ACCATCGTATATGGTA-1-Topic-3-Cell-2,1,42.0,42.0,8706.46164512635,5675.91579380355
ACCATCGTATATGGTA-1-Topic-7-Cell-3,1,42.0,42.0,8550.757488846692,5740.236268101734
ACCCAACGCCCGTGGC-1-Topic-4-Cell-1,1,30.0,86.0,6550.0,10097.0
ACCCAACGCCCGTGGC-1-Topic-4-Cell-2,1,30.0,86.0,6585.6817714586705,10058.049584262211
ACCCAACGCCCGTGGC-1-Topic-6-Cell-3,1,30.0,86.0,6475.582306694395,10103.531027807592
ACCCAACGCCCGTGGC-1-Topic-6-Cell-4,1,30.0,86.0,6622.608922440497,10152.667903532969
ACCCAACGCCCGTGGC-1-Topic-6-Cell-5,1,30.0,86.0,6531.598194382778,9992.967945553655
ACCCAACGCCCGTGGC-1-Topic-7-Cell-6,1,30.0,86.0,6486.603308934945,10196.661818490727
ACCCACCTACATGCTC-1-Topic-0-Cell-1,1,25.0,25.0,5722.0,4020.0
ACCCACCTACATGCTC-1-Topic-5-Cell-2,1,25.0,25.0,5765.701066596173,3972.295678086574
ACCCACCTACATGCTC-1-Topic-5-Cell-3,1,25.0,25.0,5630.8573117831675,4027.998842812265
ACCCACCTACATGCTC-1-Topic-5-Cell-4,1,25.0,25.0,5810.927405376267,4088.178979353126
ACCCATCTTGAGGGTA-1-Topic-7-Cell-1,1,37.0,37.0,7793.0,5227.0
ACCCATCTTGAGGGTA-1-Topic-7-Cell-2,1,37.0,37.0,7854.802641070479,5159.535900966221
ACCCATTTGTCCCTCT-1-Topic-5-Cell-1,1,60.0,100.0,11737.0,11523.0
ACCCATTTGTCCCTCT-1-Topic-6-Cell-2,1,60.0,100.0,11787.46164512635,11467.91579380355
ACCCATTTGTCCCTCT-1-Topic-7-Cell-3,1,60.0,100.0,11631.757488846692,11532.236268101733
ACCCGAGCGAAATTAC-1-Topic-0-Cell-1,1,61.0,29.0,11954.0,4457.0
ACCCGAGCGAAATTAC-1-Topic-0-Cell-2,1,61.0,29.0,11997.701066596173,4409.295678086574
ACCCGAGCGAAATTAC-1-Topic-0-Cell-3,1,61.0,29.0,11862.857311783167,4464.998842812265
ACCCGAGCGAAATTAC-1-Topic-3-Cell-4,1,61.0,29.0,12042.927405376267,4525.178979353126
ACCCGGAAACTCCCAG-1-Topic-6-Cell-1,1,57.0,65.0,11239.0,8036.0
ACCCGGAAACTCCCAG-1-Topic-6-Cell-2,1,57.0,65.0,11274.68177145867,7997.049584262212
ACCCGGAAACTCCCAG-1-Topic-6-Cell-3,1,57.0,65.0,11164.582306694394,8042.531027807593
ACCCGGAAACTCCCAG-1-Topic-6-Cell-4,1,57.0,65.0,11311.608922440497,8091.66790353297
ACCCGGAAACTCCCAG-1-Topic-6-Cell-5,1,57.0,65.0,11220.59819438278,7931.967945553654
ACCCGGAAACTCCCAG-1-Topic-6-Cell-6,1,57.0,65.0,11175.603308934946,8135.6618184907275
ACCCGGATGACGCATC-1-Topic-5-Cell-1,1,38.0,100.0,7927.0,11499.0
ACCCGGATGACGCATC-1-Topic-6-Cell-2,1,38.0,100.0,7970.701066596173,11451.295678086573
ACCCGGATGACGCATC-1-Topic-6-Cell-3,1,38.0,100.0,7835.8573117831675,11506.998842812265
ACCCGGATGACGCATC-1-Topic-7-Cell-4,1,38.0,100.0,8015.927405376267,11567.178979353126
ACCCGGTTACACTTCC-1-Topic-3-Cell-1,1,42.0,48.0,8652.0,6328.0
ACCCGGTTACACTTCC-1-Topic-3-Cell-2,1,42.0,48.0,8695.701066596173,6280.295678086574
ACCCGGTTACACTTCC-1-Topic-7-Cell-3,1,42.0,48.0,8560.857311783167,6335.998842812265
ACCCGGTTACACTTCC-1-Topic-7-Cell-4,1,42.0,48.0,8740.927405376267,6396.178979353126
ACCCGTGTCATCAGTA-1-Topic-0-Cell-1,1,58.0,54.0,11419.0,6942.0
ACCCGTGTCATCAGTA-1-Topic-3-Cell-2,1,58.0,54.0,11458.087422239316,6899.331957352419
ACCCGTGTCATCAGTA-1-Topic-3-Cell-3,1,58.0,54.0,11337.479501398038,6949.154382507824
ACCCGTGTCATCAGTA-1-Topic-3-Cell-4,1,58.0,54.0,11498.539089393606,7002.981132988058
ACCCGTGTCATCAGTA-1-Topic-5-Cell-5,1,58.0,54.0,11398.841831929245,6828.038594152262
ACCCTATGCCATATCG-1-Topic-0-Cell-1,1,56.0,40.0,11082.0,5547.0
ACCCTATGCCATATCG-1-Topic-0-Cell-2,1,56.0,40.0,11117.68177145867,5508.049584262212
ACCCTATGCCATATCG-1-Topic-3-Cell-3,1,56.0,40.0,11007.582306694394,5553.531027807593
ACCCTATGCCATATCG-1-Topic-3-Cell-4,1,56.0,40.0,11154.608922440497,5602.66790353297
ACCCTATGCCATATCG-1-Topic-5-Cell-5,1,56.0,40.0,11063.59819438278,5442.967945553654
ACCCTATGCCATATCG-1-Topic-5-Cell-6,1,56.0,40.0,11018.603308934946,5646.6618184907275
ACCCTCCCTTGCTATT-1-Topic-6-Cell-1,1,48.0,84.0,9669.0,9917.0
ACCCTCCCTTGCTATT-1-Topic-9-Cell-2,1,48.0,84.0,9730.802641070479,9849.53590096622
ACCGACACATCTCCCA-1-Topic-2-Cell-1,1,61.0,67.0,11931.0,8239.0
ACCGACACATCTCCCA-1-Topic-4-Cell-2,1,61.0,67.0,11974.701066596173,8191.295678086574
ACCGACACATCTCCCA-1-Topic-5-Cell-3,1,61.0,67.0,11839.857311783167,8246.998842812265
ACCGACACATCTCCCA-1-Topic-6-Cell-4,1,61.0,67.0,12019.927405376267,8307.178979353126
ACCGACTGAGTCCCAC-1-Topic-1-Cell-1,1,28.0,66.0,6216.0,8104.0
ACCGACTGAGTCCCAC-1-Topic-1-Cell-2,1,28.0,66.0,6249.034901211928,8067.938922215459
ACCGACTGAGTCCCAC-1-Topic-3-Cell-3,1,28.0,66.0,6147.102603758962,8110.046556816443
ACCGACTGAGTCCCAC-1-Topic-3-Cell-4,1,28.0,66.0,6283.222799818238,8155.538464003022
ACCGACTGAGTCCCAC-1-Topic-6-Cell-5,1,28.0,66.0,6198.9632384874685,8007.685032972941
ACCGACTGAGTCCCAC-1-Topic-6-Cell-6,1,28.0,66.0,6157.306069152901,8196.268914738599
ACCGACTGAGTCCCAC-1-Topic-7-Cell-7,1,28.0,66.0,6331.685395307864,8072.901358761988
ACCGATGGTAGCATCG-1-Topic-3-Cell-1,1,36.0,92.0,7585.0,10700.0
ACCGATGGTAGCATCG-1-Topic-6-Cell-2,1,36.0,92.0,7624.087422239316,10657.331957352419
ACCGATGGTAGCATCG-1-Topic-6-Cell-3,1,36.0,92.0,7503.479501398037,10707.154382507824
ACCGATGGTAGCATCG-1-Topic-6-Cell-4,1,36.0,92.0,7664.5390893936055,10760.981132988058
ACCGATGGTAGCATCG-1-Topic-7-Cell-5,1,36.0,92.0,7564.841831929245,10586.038594152262
ACCGCAATAACTGCCT-1-Topic-4-Cell-1,1,51.0,79.0,10191.0,9423.0
ACCGCAATAACTGCCT-1-Topic-4-Cell-2,1,51.0,79.0,10224.034901211928,9386.938922215459
ACCGCAATAACTGCCT-1-Topic-4-Cell-3,1,51.0,79.0,10122.102603758962,9429.046556816444
ACCGCAATAACTGCCT-1-Topic-4-Cell-4,1,51.0,79.0,10258.222799818237,9474.538464003022
ACCGCAATAACTGCCT-1-Topic-5-Cell-5,1,51.0,79.0,10173.96323848747,9326.68503297294
ACCGCAATAACTGCCT-1-Topic-6-Cell-6,1,51.0,79.0,10132.3060691529,9515.268914738599
ACCGCAATAACTGCCT-1-Topic-9-Cell-7,1,51.0,79.0,10306.685395307864,9391.901358761988
ACCGCGGTGGAAGTCG-1-Topic-6-Cell-1,1,44.0,106.0,8962.0,12103.0
ACCGCGGTGGAAGTCG-1-Topic-6-Cell-2,1,44.0,106.0,8997.68177145867,12064.049584262211
ACCGCGGTGGAAGTCG-1-Topic-6-Cell-3,1,44.0,106.0,8887.582306694394,12109.531027807592
ACCGCGGTGGAAGTCG-1-Topic-7-Cell-4,1,44.0,106.0,9034.608922440497,12158.667903532969
ACCGCGGTGGAAGTCG-1-Topic-9-Cell-5,1,44.0,106.0,8943.59819438278,11998.967945553655
ACCGCGGTGGAAGTCG-1-Topic-9-Cell-6,1,44.0,106.0,8898.603308934946,12202.661818490727
ACCGTGACCACGTGGG-1-Topic-0-Cell-1,1,61.0,39.0,11948.0,5453.0
ACCGTGACCACGTGGG-1-Topic-0-Cell-2,1,61.0,39.0,11991.701066596173,5405.295678086574
ACCGTGACCACGTGGG-1-Topic-3-Cell-3,1,61.0,39.0,11856.857311783167,5460.998842812265
ACCGTGACCACGTGGG-1-Topic-3-Cell-4,1,61.0,39.0,12036.927405376267,5521.178979353126
ACCTAAGTACCTTTCA-1-Topic-0-Cell-1,1,50.0,30.0,10049.0,4545.0
ACCTAAGTACCTTTCA-1-Topic-0-Cell-2,1,50.0,30.0,10088.087422239316,4502.331957352419
ACCTAAGTACCTTTCA-1-Topic-5-Cell-3,1,50.0,30.0,9967.479501398038,4552.154382507824
ACCTAAGTACCTTTCA-1-Topic-5-Cell-4,1,50.0,30.0,10128.539089393606,4605.981132988058
ACCTAAGTACCTTTCA-1-Topic-5-Cell-5,1,50.0,30.0,10028.841831929245,4431.038594152262
ACCTAATCGACTTCCT-1-Topic-0-Cell-1,1,32.0,30.0,6931.0,4525.0
ACCTAATCGACTTCCT-1-Topic-3-Cell-2,1,32.0,30.0,6974.701066596173,4477.295678086574
ACCTAATCGACTTCCT-1-Topic-3-Cell-3,1,32.0,30.0,6839.8573117831675,4532.998842812265
ACCTAATCGACTTCCT-1-Topic-8-Cell-4,1,32.0,30.0,7019.927405376267,4593.178979353126
ACCTCCGCCCTCGCTG-1-Topic-7-Cell-1,1,55.0,107.0,10867.0,12214.0
ACCTCCGCCCTCGCTG-1-Topic-7-Cell-2,1,55.0,107.0,10906.087422239316,12171.331957352419
ACCTCCGCCCTCGCTG-1-Topic-7-Cell-3,1,55.0,107.0,10785.479501398038,12221.154382507824
ACCTCCGCCCTCGCTG-1-Topic-7-Cell-4,1,55.0,107.0,10946.539089393606,12274.981132988058
ACCTCCGCCCTCGCTG-1-Topic-7-Cell-5,1,55.0,107.0,10846.841831929245,12100.038594152262
ACCTCCGTTATTCACC-1-Topic-3-Cell-1,1,34.0,112.0,7227.0,12689.0
ACCTCCGTTATTCACC-1-Topic-7-Cell-2,1,34.0,112.0,7270.701066596173,12641.295678086573
ACCTCCGTTATTCACC-1-Topic-7-Cell-3,1,34.0,112.0,7135.8573117831675,12696.998842812265
ACCTCCGTTATTCACC-1-Topic-9-Cell-4,1,34.0,112.0,7315.927405376267,12757.178979353126
ACCTGCGTGTCATGTT-1-Topic-0-Cell-1,1,46.0,18.0,9363.0,3346.0
ACCTGCGTGTCATGTT-1-Topic-0-Cell-2,1,46.0,18.0,9402.087422239316,3303.3319573524186
ACCTGCGTGTCATGTT-1-Topic-0-Cell-3,1,46.0,18.0,9281.479501398038,3353.1543825078243
ACCTGCGTGTCATGTT-1-Topic-3-Cell-4,1,46.0,18.0,9442.539089393606,3406.9811329880577
ACCTGCGTGTCATGTT-1-Topic-3-Cell-5,1,46.0,18.0,9342.841831929245,3232.0385941522622
ACGAAATGGGCGGCAC-1-Topic-3-Cell-1,1,32.0,24.0,6935.0,3928.0
ACGAAATGGGCGGCAC-1-Topic-3-Cell-2,1,32.0,24.0,6985.461645126349,3872.9157938035496
ACGAAATGGGCGGCAC-1-Topic-3-Cell-3,1,32.0,24.0,6829.757488846692,3937.236268101734
ACGACTGGTCATACTC-1-Topic-0-Cell-1,1,64.0,34.0,12471.0,4958.0
ACGACTGGTCATACTC-1-Topic-0-Cell-2,1,64.0,34.0,12504.034901211928,4921.938922215459
ACGACTGGTCATACTC-1-Topic-0-Cell-3,1,64.0,34.0,12402.102603758962,4964.046556816443
ACGACTGGTCATACTC-1-Topic-0-Cell-4,1,64.0,34.0,12538.222799818237,5009.538464003022
ACGACTGGTCATACTC-1-Topic-0-Cell-5,1,64.0,34.0,12453.96323848747,4861.685032972941
ACGACTGGTCATACTC-1-Topic-0-Cell-6,1,64.0,34.0,12412.3060691529,5050.268914738599
ACGACTGGTCATACTC-1-Topic-3-Cell-7,1,64.0,34.0,12586.685395307864,4926.901358761988
ACGAGGATACCACTCT-1-Topic-0-Cell-1,1,50.0,18.0,10056.0,3351.0
ACGAGGATACCACTCT-1-Topic-3-Cell-2,1,50.0,18.0,10117.802641070479,3283.5359009662207
ACGAGTACGGATGCCC-1-Topic-2-Cell-1,1,28.0,104.0,6193.0,11886.0
ACGAGTACGGATGCCC-1-Topic-6-Cell-2,1,28.0,104.0,6228.6817714586705,11847.049584262211
ACGAGTACGGATGCCC-1-Topic-6-Cell-3,1,28.0,104.0,6118.582306694395,11892.531027807592
ACGAGTACGGATGCCC-1-Topic-6-Cell-4,1,28.0,104.0,6265.608922440497,11941.667903532969
ACGAGTACGGATGCCC-1-Topic-7-Cell-5,1,28.0,104.0,6174.598194382778,11781.967945553655
ACGAGTACGGATGCCC-1-Topic-7-Cell-6,1,28.0,104.0,6129.603308934945,11985.661818490727
ACGATACATAGAACTA-1-Topic-3-Cell-1,1,22.0,80.0,5168.0,9491.0
ACGATACATAGAACTA-1-Topic-3-Cell-2,1,22.0,80.0,5211.701066596173,9443.295678086573
ACGATACATAGAACTA-1-Topic-5-Cell-3,1,22.0,80.0,5076.8573117831675,9498.998842812265
ACGATACATAGAACTA-1-Topic-6-Cell-4,1,22.0,80.0,5256.927405376267,9559.178979353126
ACGATCATACATAGAG-1-Topic-1-Cell-1,1,25.0,63.0,5699.0,7802.0
ACGATCATACATAGAG-1-Topic-3-Cell-2,1,25.0,63.0,5732.034901211928,7765.938922215459
ACGATCATACATAGAG-1-Topic-3-Cell-3,1,25.0,63.0,5630.102603758962,7808.046556816443
ACGATCATACATAGAG-1-Topic-3-Cell-4,1,25.0,63.0,5766.222799818238,7853.538464003022
ACGATCATACATAGAG-1-Topic-6-Cell-5,1,25.0,63.0,5681.9632384874685,7705.685032972941
ACGATCATACATAGAG-1-Topic-7-Cell-6,1,25.0,63.0,5640.306069152901,7894.268914738599
ACGATCATACATAGAG-1-Topic-8-Cell-7,1,25.0,63.0,5814.685395307864,7770.901358761988
ACGATGCATATGTTAT-1-Topic-3-Cell-1,1,37.0,43.0,7789.0,5825.0
ACGATGCATATGTTAT-1-Topic-3-Cell-2,1,37.0,43.0,7822.034901211928,5788.938922215459
ACGATGCATATGTTAT-1-Topic-3-Cell-3,1,37.0,43.0,7720.102603758962,5831.046556816443
ACGATGCATATGTTAT-1-Topic-7-Cell-4,1,37.0,43.0,7856.222799818238,5876.538464003022
ACGATGCATATGTTAT-1-Topic-7-Cell-5,1,37.0,43.0,7771.9632384874685,5728.685032972941
ACGATGCATATGTTAT-1-Topic-7-Cell-6,1,37.0,43.0,7730.306069152901,5917.268914738599
ACGATGCATATGTTAT-1-Topic-7-Cell-7,1,37.0,43.0,7904.685395307864,5793.901358761988
ACGCAAACTAATAGAT-1-Topic-0-Cell-1,1,63.0,47.0,12289.0,6251.0
ACGCAAACTAATAGAT-1-Topic-0-Cell-2,1,63.0,47.0,12332.701066596173,6203.295678086574
ACGCAAACTAATAGAT-1-Topic-0-Cell-3,1,63.0,47.0,12197.857311783167,6258.998842812265
ACGCAAACTAATAGAT-1-Topic-5-Cell-4,1,63.0,47.0,12377.927405376267,6319.178979353126
ACGCAATCACTACAGC-1-Topic-3-Cell-1,1,25.0,109.0,5670.0,12381.0
ACGCAATCACTACAGC-1-Topic-6-Cell-2,1,25.0,109.0,5709.087422239316,12338.331957352419
ACGCAATCACTACAGC-1-Topic-6-Cell-3,1,25.0,109.0,5588.479501398037,12388.154382507824
ACGCAATCACTACAGC-1-Topic-6-Cell-4,1,25.0,109.0,5749.5390893936055,12441.981132988058
ACGCAATCACTACAGC-1-Topic-7-Cell-5,1,25.0,109.0,5649.841831929245,12267.038594152262
ACGCATACGTTTACTA-1-Topic-6-Cell-1,1,56.0,102.0,11043.0,11717.0
ACGCATACGTTTACTA-1-Topic-6-Cell-2,1,56.0,102.0,11078.68177145867,11678.049584262211
ACGCATACGTTTACTA-1-Topic-6-Cell-3,1,56.0,102.0,10968.582306694394,11723.531027807592
ACGCATACGTTTACTA-1-Topic-7-Cell-4,1,56.0,102.0,11115.608922440497,11772.667903532969
ACGCATACGTTTACTA-1-Topic-7-Cell-5,1,56.0,102.0,11024.59819438278,11612.967945553655
ACGCATACGTTTACTA-1-Topic-7-Cell-6,1,56.0,102.0,10979.603308934946,11816.661818490727
ACGCATTCGTGAGTAC-1-Topic-3-Cell-1,1,33.0,61.0,7085.0,7612.0
ACGCATTCGTGAGTAC-1-Topic-3-Cell-2,1,33.0,61.0,7135.461645126349,7556.91579380355
ACGCATTCGTGAGTAC-1-Topic-7-Cell-3,1,33.0,61.0,6979.757488846692,7621.236268101734
ACGCCAGATGATTTCT-1-Topic-3-Cell-1,1,17.0,73.0,4307.0,8789.0
ACGCCAGATGATTTCT-1-Topic-3-Cell-2,1,17.0,73.0,4350.701066596173,8741.295678086573
ACGCCAGATGATTTCT-1-Topic-7-Cell-3,1,17.0,73.0,4215.8573117831675,8796.998842812265
ACGCCAGATGATTTCT-1-Topic-7-Cell-4,1,17.0,73.0,4395.927405376267,8857.178979353126
ACGCCGCTAGACGACC-1-Topic-3-Cell-1,1,43.0,71.0,8811.0,8618.0
ACGCCGCTAGACGACC-1-Topic-3-Cell-2,1,43.0,71.0,8861.46164512635,8562.91579380355
ACGCCGCTAGACGACC-1-Topic-6-Cell-3,1,43.0,71.0,8705.757488846692,8627.236268101733
ACGCGAAGTCAGACGA-1-Topic-0-Cell-1,1,49.0,59.0,9857.0,7430.0
ACGCGAAGTCAGACGA-1-Topic-2-Cell-2,1,49.0,59.0,9892.68177145867,7391.049584262212
ACGCGAAGTCAGACGA-1-Topic-5-Cell-3,1,49.0,59.0,9782.582306694394,7436.531027807593
ACGCGAAGTCAGACGA-1-Topic-5-Cell-4,1,49.0,59.0,9929.608922440497,7485.66790353297
ACGCGAAGTCAGACGA-1-Topic-7-Cell-5,1,49.0,59.0,9838.59819438278,7325.967945553654
ACGCGAAGTCAGACGA-1-Topic-7-Cell-6,1,49.0,59.0,9793.603308934946,7529.6618184907275
ACGCGCTACACAGGGT-1-Topic-3-Cell-1,1,41.0,31.0,8489.0,4635.0
ACGCGCTACACAGGGT-1-Topic-3-Cell-2,1,41.0,31.0,8550.802641070479,4567.535900966221
ACGCGGGCCAAGGACA-1-Topic-3-Cell-1,1,34.0,62.0,7258.0,7712.0
ACGCGGGCCAAGGACA-1-Topic-3-Cell-2,1,34.0,62.0,7301.701066596173,7664.295678086574
ACGCGGGCCAAGGACA-1-Topic-3-Cell-3,1,34.0,62.0,7166.8573117831675,7719.998842812265
ACGCGGGCCAAGGACA-1-Topic-7-Cell-4,1,34.0,62.0,7346.927405376267,7780.178979353126
ACGCTAGTGATACACT-1-Topic-6-Cell-1,1,28.0,100.0,6195.0,11488.0
ACGCTAGTGATACACT-1-Topic-6-Cell-2,1,28.0,100.0,6228.034901211928,11451.938922215459
ACGCTAGTGATACACT-1-Topic-6-Cell-3,1,28.0,100.0,6126.102603758962,11494.046556816444
ACGCTAGTGATACACT-1-Topic-6-Cell-4,1,28.0,100.0,6262.222799818238,11539.538464003022
ACGCTAGTGATACACT-1-Topic-6-Cell-5,1,28.0,100.0,6177.9632384874685,11391.68503297294
ACGCTAGTGATACACT-1-Topic-7-Cell-6,1,28.0,100.0,6136.306069152901,11580.268914738599
ACGCTAGTGATACACT-1-Topic-9-Cell-7,1,28.0,100.0,6310.685395307864,11456.901358761988
ACGCTGTGAGGCGTAG-1-Topic-0-Cell-1,1,39.0,13.0,8154.0,2841.0
ACGCTGTGAGGCGTAG-1-Topic-3-Cell-2,1,39.0,13.0,8184.901320535239,2807.2679504831103
ACGCTGTGAGGCGTAG-1-Topic-3-Cell-3,1,39.0,13.0,8089.552387106307,2846.656035994198
ACGCTGTGAGGCGTAG-1-Topic-3-Cell-4,1,39.0,13.0,8216.881171374884,2889.209818634973
ACGCTGTGAGGCGTAG-1-Topic-3-Cell-5,1,39.0,13.0,8138.063568859983,2750.905598041579
ACGCTGTGAGGCGTAG-1-Topic-3-Cell-6,1,39.0,13.0,8099.0968550217885,2927.3096666003235
ACGCTGTGAGGCGTAG-1-Topic-3-Cell-7,1,39.0,13.0,8262.213778473884,2811.90988482329
ACGCTGTGAGGCGTAG-1-Topic-3-Cell-8,1,39.0,13.0,8046.588675800891,2785.2146357741167
ACGGACTCTCAAAGCG-1-Topic-2-Cell-1,1,61.0,75.0,11926.0,9036.0
ACGGACTCTCAAAGCG-1-Topic-6-Cell-2,1,61.0,75.0,11959.034901211928,8999.938922215459
ACGGACTCTCAAAGCG-1-Topic-6-Cell-3,1,61.0,75.0,11857.102603758962,9042.046556816444
ACGGACTCTCAAAGCG-1-Topic-6-Cell-4,1,61.0,75.0,11993.222799818237,9087.538464003022
ACGGACTCTCAAAGCG-1-Topic-6-Cell-5,1,61.0,75.0,11908.96323848747,8939.68503297294
ACGGACTCTCAAAGCG-1-Topic-6-Cell-6,1,61.0,75.0,11867.3060691529,9128.268914738599
ACGGACTCTCAAAGCG-1-Topic-7-Cell-7,1,61.0,75.0,12041.685395307864,9004.901358761988
ACGGAGCGCAAATTAC-1-Topic-4-Cell-1,1,18.0,108.0,4458.0,12273.0
ACGGAGCGCAAATTAC-1-Topic-6-Cell-2,1,18.0,108.0,4491.034901211928,12236.938922215459
ACGGAGCGCAAATTAC-1-Topic-6-Cell-3,1,18.0,108.0,4389.102603758962,12279.046556816444
ACGGAGCGCAAATTAC-1-Topic-6-Cell-4,1,18.0,108.0,4525.222799818238,12324.538464003022
ACGGAGCGCAAATTAC-1-Topic-6-Cell-5,1,18.0,108.0,4440.9632384874685,12176.68503297294
ACGGAGCGCAAATTAC-1-Topic-6-Cell-6,1,18.0,108.0,4399.306069152901,12365.268914738599
ACGGAGCGCAAATTAC-1-Topic-6-Cell-7,1,18.0,108.0,4573.685395307864,12241.901358761988
ACGGATGGTGCGGATA-1-Topic-6-Cell-1,1,57.0,79.0,11230.0,9429.0
ACGGATGGTGCGGATA-1-Topic-6-Cell-2,1,57.0,79.0,11269.087422239316,9386.331957352419
ACGGATGGTGCGGATA-1-Topic-7-Cell-3,1,57.0,79.0,11148.479501398038,9436.154382507824
ACGGATGGTGCGGATA-1-Topic-7-Cell-4,1,57.0,79.0,11309.539089393606,9489.981132988058
ACGGATGGTGCGGATA-1-Topic-7-Cell-5,1,57.0,79.0,11209.841831929245,9315.038594152262
ACGGCACTTGCTTGGG-1-Topic-4-Cell-1,1,52.0,60.0,10376.0,7533.0
ACGGCACTTGCTTGGG-1-Topic-6-Cell-2,1,52.0,60.0,10411.68177145867,7494.049584262212
ACGGCACTTGCTTGGG-1-Topic-6-Cell-3,1,52.0,60.0,10301.582306694394,7539.531027807593
ACGGCACTTGCTTGGG-1-Topic-6-Cell-4,1,52.0,60.0,10448.608922440497,7588.66790353297
ACGGCACTTGCTTGGG-1-Topic-6-Cell-5,1,52.0,60.0,10357.59819438278,7428.967945553654
ACGGCACTTGCTTGGG-1-Topic-6-Cell-6,1,52.0,60.0,10312.603308934946,7632.6618184907275
ACGGCCAACATGGACT-1-Topic-0-Cell-1,1,53.0,55.0,10553.0,7036.0
ACGGCCAACATGGACT-1-Topic-0-Cell-2,1,53.0,55.0,10583.90132053524,7002.26795048311
ACGGCCAACATGGACT-1-Topic-4-Cell-3,1,53.0,55.0,10488.552387106307,7041.656035994198
ACGGCCAACATGGACT-1-Topic-5-Cell-4,1,53.0,55.0,10615.881171374884,7084.209818634973
ACGGCCAACATGGACT-1-Topic-5-Cell-5,1,53.0,55.0,10537.063568859983,6945.905598041579
ACGGCCAACATGGACT-1-Topic-6-Cell-6,1,53.0,55.0,10498.096855021788,7122.309666600323
ACGGCCAACATGGACT-1-Topic-6-Cell-7,1,53.0,55.0,10661.213778473884,7006.909884823291
ACGGCCAACATGGACT-1-Topic-6-Cell-8,1,53.0,55.0,10445.588675800891,6980.214635774117
ACGGCGACGATGGGAA-1-Topic-4-Cell-1,1,49.0,77.0,9846.0,9222.0
ACGGCGACGATGGGAA-1-Topic-6-Cell-2,1,49.0,77.0,9885.087422239316,9179.331957352419
ACGGCGACGATGGGAA-1-Topic-7-Cell-3,1,49.0,77.0,9764.479501398038,9229.154382507824
ACGGCGACGATGGGAA-1-Topic-7-Cell-4,1,49.0,77.0,9925.539089393606,9282.981132988058
ACGGCGACGATGGGAA-1-Topic-7-Cell-5,1,49.0,77.0,9825.841831929245,9108.038594152262
ACGGGAGTGTCGGCCC-1-Topic-4-Cell-1,1,47.0,25.0,9532.0,4044.0
ACGGGAGTGTCGGCCC-1-Topic-5-Cell-2,1,47.0,25.0,9571.087422239316,4001.3319573524186
ACGGGAGTGTCGGCCC-1-Topic-5-Cell-3,1,47.0,25.0,9450.479501398038,4051.1543825078243
ACGGGAGTGTCGGCCC-1-Topic-5-Cell-4,1,47.0,25.0,9611.539089393606,4104.981132988058
ACGGGAGTGTCGGCCC-1-Topic-7-Cell-5,1,47.0,25.0,9511.841831929245,3930.0385941522622
ACGTAGATTGCTGATG-1-Topic-0-Cell-1,1,33.0,67.0,7082.0,8209.0
ACGTAGATTGCTGATG-1-Topic-0-Cell-2,1,33.0,67.0,7125.701066596173,8161.295678086574
ACGTAGATTGCTGATG-1-Topic-3-Cell-3,1,33.0,67.0,6990.8573117831675,8216.998842812265
ACGTAGATTGCTGATG-1-Topic-6-Cell-4,1,33.0,67.0,7170.927405376267,8277.178979353126
ACGTATTACTCCGATC-1-Topic-7-Cell-1,1,41.0,97.0,8448.0,11204.0
ACGTATTACTCCGATC-1-Topic-7-Cell-2,1,41.0,97.0,8491.701066596173,11156.295678086573
ACGTATTACTCCGATC-1-Topic-7-Cell-3,1,41.0,97.0,8356.857311783167,11211.998842812265
ACGTATTACTCCGATC-1-Topic-9-Cell-4,1,41.0,97.0,8536.927405376267,11272.178979353126
ACGTGCGCCTCGTGCA-1-Topic-2-Cell-1,1,17.0,63.0,4313.0,7793.0
ACGTGCGCCTCGTGCA-1-Topic-7-Cell-2,1,17.0,63.0,4363.461645126349,7737.91579380355
ACGTGCGCCTCGTGCA-1-Topic-7-Cell-3,1,17.0,63.0,4207.757488846692,7802.236268101734
ACGTTAATGTCGAAGA-1-Topic-3-Cell-1,1,41.0,69.0,8466.0,8417.0
ACGTTAATGTCGAAGA-1-Topic-3-Cell-2,1,41.0,69.0,8505.087422239316,8374.331957352419
ACGTTAATGTCGAAGA-1-Topic-7-Cell-3,1,41.0,69.0,8384.479501398038,8424.154382507824
ACGTTAATGTCGAAGA-1-Topic-7-Cell-4,1,41.0,69.0,8545.539089393606,8477.981132988058
ACGTTAATGTCGAAGA-1-Topic-7-Cell-5,1,41.0,69.0,8445.841831929245,8303.038594152262
ACGTTAGATTTGCCCG-1-Topic-3-Cell-1,1,39.0,39.0,8138.0,5429.0
ACGTTAGATTTGCCCG-1-Topic-6-Cell-2,1,39.0,39.0,8188.461645126349,5373.91579380355
ACGTTAGATTTGCCCG-1-Topic-6-Cell-3,1,39.0,39.0,8032.757488846692,5438.236268101734
ACGTTCGTTCAGGAAA-1-Topic-0-Cell-1,1,60.0,44.0,11772.0,5949.0
ACGTTCGTTCAGGAAA-1-Topic-0-Cell-2,1,60.0,44.0,11807.68177145867,5910.049584262212
ACGTTCGTTCAGGAAA-1-Topic-0-Cell-3,1,60.0,44.0,11697.582306694394,5955.531027807593
ACGTTCGTTCAGGAAA-1-Topic-3-Cell-4,1,60.0,44.0,11844.608922440497,6004.66790353297
ACGTTCGTTCAGGAAA-1-Topic-3-Cell-5,1,60.0,44.0,11753.59819438278,5844.967945553654
ACGTTCGTTCAGGAAA-1-Topic-3-Cell-6,1,60.0,44.0,11708.603308934946,6048.6618184907275
ACTACCAGCTCTCTGG-1-Topic-2-Cell-1,1,25.0,41.0,5712.0,5613.0
ACTACCAGCTCTCTGG-1-Topic-6-Cell-2,1,25.0,41.0,5745.034901211928,5576.938922215459
ACTACCAGCTCTCTGG-1-Topic-6-Cell-3,1,25.0,41.0,5643.102603758962,5619.046556816443
ACTACCAGCTCTCTGG-1-Topic-6-Cell-4,1,25.0,41.0,5779.222799818238,5664.538464003022
ACTACCAGCTCTCTGG-1-Topic-6-Cell-5,1,25.0,41.0,5694.9632384874685,5516.685032972941
ACTACCAGCTCTCTGG-1-Topic-6-Cell-6,1,25.0,41.0,5653.306069152901,5705.268914738599
ACTACCAGCTCTCTGG-1-Topic-6-Cell-7,1,25.0,41.0,5827.685395307864,5581.901358761988
ACTACGCGTTAGAATT-1-Topic-3-Cell-1,1,60.0,56.0,11764.0,7143.0
ACTACGCGTTAGAATT-1-Topic-3-Cell-2,1,60.0,56.0,11803.087422239316,7100.331957352419
ACTACGCGTTAGAATT-1-Topic-7-Cell-3,1,60.0,56.0,11682.479501398038,7150.154382507824
ACTACGCGTTAGAATT-1-Topic-7-Cell-4,1,60.0,56.0,11843.539089393606,7203.981132988058
ACTACGCGTTAGAATT-1-Topic-7-Cell-5,1,60.0,56.0,11743.841831929245,7029.038594152262
ACTATCCAGGGCATGG-1-Topic-3-Cell-1,1,38.0,108.0,7922.0,12295.0
ACTATCCAGGGCATGG-1-Topic-7-Cell-2,1,38.0,108.0,7972.461645126349,12239.91579380355
ACTATCCAGGGCATGG-1-Topic-7-Cell-3,1,38.0,108.0,7816.757488846692,12304.236268101733
ACTATTTCCGGGCCCA-1-Topic-0-Cell-1,1,59.0,41.0,11600.0,5649.0
ACTATTTCCGGGCCCA-1-Topic-3-Cell-2,1,59.0,41.0,11650.46164512635,5593.91579380355
ACTATTTCCGGGCCCA-1-Topic-7-Cell-3,1,59.0,41.0,11494.757488846692,5658.236268101734
ACTCAAGTGCAAGGCT-1-Topic-3-Cell-1,1,60.0,86.0,11746.0,10129.0
ACTCAAGTGCAAGGCT-1-Topic-3-Cell-2,1,60.0,86.0,11781.68177145867,10090.049584262211
ACTCAAGTGCAAGGCT-1-Topic-6-Cell-3,1,60.0,86.0,11671.582306694394,10135.531027807592
ACTCAAGTGCAAGGCT-1-Topic-7-Cell-4,1,60.0,86.0,11818.608922440497,10184.667903532969
ACTCAAGTGCAAGGCT-1-Topic-7-Cell-5,1,60.0,86.0,11727.59819438278,10024.967945553655
ACTCAAGTGCAAGGCT-1-Topic-8-Cell-6,1,60.0,86.0,11682.603308934946,10228.661818490727
ACTCAATAAAGGCACG-1-Topic-6-Cell-1,1,25.0,69.0,5695.0,8399.0
ACTCAATAAAGGCACG-1-Topic-6-Cell-2,1,25.0,69.0,5730.6817714586705,8360.049584262211
ACTCAATAAAGGCACG-1-Topic-6-Cell-3,1,25.0,69.0,5620.582306694395,8405.531027807592
ACTCAATAAAGGCACG-1-Topic-6-Cell-4,1,25.0,69.0,5767.608922440497,8454.667903532969
ACTCAATAAAGGCACG-1-Topic-6-Cell-5,1,25.0,69.0,5676.598194382778,8294.967945553655
ACTCAATAAAGGCACG-1-Topic-9-Cell-6,1,25.0,69.0,5631.603308934945,8498.661818490727
ACTCCAATATCATCAT-1-Topic-0-Cell-1,1,63.0,29.0,12301.0,4459.0
ACTCCAATATCATCAT-1-Topic-0-Cell-2,1,63.0,29.0,12351.46164512635,4403.91579380355
ACTCCAATATCATCAT-1-Topic-0-Cell-3,1,63.0,29.0,12195.757488846692,4468.236268101734
ACTCCCATTCCTAAAG-1-Topic-0-Cell-1,1,47.0,17.0,9537.0,3248.0
ACTCCCATTCCTAAAG-1-Topic-3-Cell-2,1,47.0,17.0,9587.46164512635,3192.9157938035496
ACTCCCATTCCTAAAG-1-Topic-3-Cell-3,1,47.0,17.0,9431.757488846692,3257.236268101734
ACTCCCGAATTCGTTT-1-Topic-3-Cell-1,1,32.0,104.0,6885.0,11890.0
ACTCCCGAATTCGTTT-1-Topic-6-Cell-2,1,32.0,104.0,6920.6817714586705,11851.049584262211
ACTCCCGAATTCGTTT-1-Topic-6-Cell-3,1,32.0,104.0,6810.582306694395,11896.531027807592
ACTCCCGAATTCGTTT-1-Topic-6-Cell-4,1,32.0,104.0,6957.608922440497,11945.667903532969
ACTCCCGAATTCGTTT-1-Topic-6-Cell-5,1,32.0,104.0,6866.598194382778,11785.967945553655
ACTCCCGAATTCGTTT-1-Topic-7-Cell-6,1,32.0,104.0,6821.603308934945,11989.661818490727
ACTCCCTAATGCTAAA-1-Topic-4-Cell-1,1,57.0,69.0,11237.0,8434.0
ACTCCCTAATGCTAAA-1-Topic-4-Cell-2,1,57.0,69.0,11272.68177145867,8395.049584262211
ACTCCCTAATGCTAAA-1-Topic-6-Cell-3,1,57.0,69.0,11162.582306694394,8440.531027807592
ACTCCCTAATGCTAAA-1-Topic-6-Cell-4,1,57.0,69.0,11309.608922440497,8489.667903532969
ACTCCCTAATGCTAAA-1-Topic-6-Cell-5,1,57.0,69.0,11218.59819438278,8329.967945553655
ACTCCCTAATGCTAAA-1-Topic-6-Cell-6,1,57.0,69.0,11173.603308934946,8533.661818490727
ACTCCCTAGAATAGTA-1-Topic-3-Cell-1,1,48.0,70.0,9677.0,8524.0
ACTCCCTAGAATAGTA-1-Topic-6-Cell-2,1,48.0,70.0,9720.701066596173,8476.295678086573
ACTCCCTAGAATAGTA-1-Topic-6-Cell-3,1,48.0,70.0,9585.857311783167,8531.998842812265
ACTCCCTAGAATAGTA-1-Topic-7-Cell-4,1,48.0,70.0,9765.927405376267,8592.178979353126
ACTCGTAACCCGTCCT-1-Topic-0-Cell-1,1,49.0,23.0,9880.0,3847.0
ACTCGTAACCCGTCCT-1-Topic-0-Cell-2,1,49.0,23.0,9930.46164512635,3791.9157938035496
ACTCGTAACCCGTCCT-1-Topic-0-Cell-3,1,49.0,23.0,9774.757488846692,3856.236268101734
ACTCGTCAGTAATCCC-1-Topic-3-Cell-1,1,36.0,78.0,7594.0,9307.0
ACTCGTCAGTAATCCC-1-Topic-7-Cell-2,1,36.0,78.0,7633.087422239316,9264.331957352419
ACTCGTCAGTAATCCC-1-Topic-7-Cell-3,1,36.0,78.0,7512.479501398037,9314.154382507824
ACTCGTCAGTAATCCC-1-Topic-7-Cell-4,1,36.0,78.0,7673.5390893936055,9367.981132988058
ACTCGTCAGTAATCCC-1-Topic-8-Cell-5,1,36.0,78.0,7573.841831929245,9193.038594152262
ACTCTCTGACTTAGGT-1-Topic-4-Cell-1,1,42.0,78.0,8633.0,9314.0
ACTCTCTGACTTAGGT-1-Topic-4-Cell-2,1,42.0,78.0,8666.034901211928,9277.938922215459
ACTCTCTGACTTAGGT-1-Topic-4-Cell-3,1,42.0,78.0,8564.102603758962,9320.046556816444
ACTCTCTGACTTAGGT-1-Topic-4-Cell-4,1,42.0,78.0,8700.222799818237,9365.538464003022
ACTCTCTGACTTAGGT-1-Topic-7-Cell-5,1,42.0,78.0,8615.96323848747,9217.68503297294
ACTCTCTGACTTAGGT-1-Topic-9-Cell-6,1,42.0,78.0,8574.3060691529,9406.268914738599
ACTCTCTGACTTAGGT-1-Topic-9-Cell-7,1,42.0,78.0,8748.685395307864,9282.901358761988
ACTCTTGTATAGTAAC-1-Topic-4-Cell-1,1,36.0,70.0,7599.0,8511.0
ACTCTTGTATAGTAAC-1-Topic-6-Cell-2,1,36.0,70.0,7632.034901211928,8474.938922215459
ACTCTTGTATAGTAAC-1-Topic-6-Cell-3,1,36.0,70.0,7530.102603758962,8517.046556816444
ACTCTTGTATAGTAAC-1-Topic-6-Cell-4,1,36.0,70.0,7666.222799818238,8562.538464003022
ACTCTTGTATAGTAAC-1-Topic-6-Cell-5,1,36.0,70.0,7581.9632384874685,8414.68503297294
ACTCTTGTATAGTAAC-1-Topic-6-Cell-6,1,36.0,70.0,7540.306069152901,8603.268914738599
ACTCTTGTATAGTAAC-1-Topic-9-Cell-7,1,36.0,70.0,7714.685395307864,8479.901358761988
ACTGAAACGCCGTTAG-1-Topic-6-Cell-1,1,57.0,93.0,11222.0,10823.0
ACTGAAACGCCGTTAG-1-Topic-6-Cell-2,1,57.0,93.0,11265.701066596173,10775.295678086573
ACTGAAACGCCGTTAG-1-Topic-6-Cell-3,1,57.0,93.0,11130.857311783167,10830.998842812265
ACTGAAACGCCGTTAG-1-Topic-7-Cell-4,1,57.0,93.0,11310.927405376267,10891.178979353126
ACTGAATGGCGAAAGT-1-Topic-9-Cell-1,1,47.0,83.0,9496.0,9817.0
ACTGAATGGCGAAAGT-1-Topic-9-Cell-2,1,47.0,83.0,9539.701066596173,9769.295678086573
ACTGAATGGCGAAAGT-1-Topic-9-Cell-3,1,47.0,83.0,9404.857311783167,9824.998842812265
ACTGAATGGCGAAAGT-1-Topic-9-Cell-4,1,47.0,83.0,9584.927405376267,9885.178979353126
ACTGTACGATACACAT-1-Topic-3-Cell-1,1,30.0,78.0,6555.0,9301.0
ACTGTACGATACACAT-1-Topic-4-Cell-2,1,30.0,78.0,6594.087422239316,9258.331957352419
ACTGTACGATACACAT-1-Topic-4-Cell-3,1,30.0,78.0,6473.479501398037,9308.154382507824
ACTGTACGATACACAT-1-Topic-9-Cell-4,1,30.0,78.0,6634.5390893936055,9361.981132988058
ACTGTACGATACACAT-1-Topic-9-Cell-5,1,30.0,78.0,6534.841831929245,9187.038594152262
ACTGTAGCACTTTGGA-1-Topic-3-Cell-1,1,27.0,39.0,6060.0,5416.0
ACTGTAGCACTTTGGA-1-Topic-5-Cell-2,1,27.0,39.0,6093.034901211928,5379.938922215459
ACTGTAGCACTTTGGA-1-Topic-6-Cell-3,1,27.0,39.0,5991.102603758962,5422.046556816443
ACTGTAGCACTTTGGA-1-Topic-6-Cell-4,1,27.0,39.0,6127.222799818238,5467.538464003022
ACTGTAGCACTTTGGA-1-Topic-6-Cell-5,1,27.0,39.0,6042.9632384874685,5319.685032972941
ACTGTAGCACTTTGGA-1-Topic-6-Cell-6,1,27.0,39.0,6001.306069152901,5508.268914738599
ACTGTAGCACTTTGGA-1-Topic-6-Cell-7,1,27.0,39.0,6175.685395307864,5384.901358761988
ACTGTCCAGGATTATA-1-Topic-2-Cell-1,1,33.0,55.0,7089.0,7015.0
ACTGTCCAGGATTATA-1-Topic-7-Cell-2,1,33.0,55.0,7132.701066596173,6967.295678086574
ACTGTCCAGGATTATA-1-Topic-8-Cell-3,1,33.0,55.0,6997.8573117831675,7022.998842812265
ACTGTCCAGGATTATA-1-Topic-8-Cell-4,1,33.0,55.0,7177.927405376267,7083.178979353126
ACTGTCTTCTTTAGAA-1-Topic-3-Cell-1,1,30.0,64.0,6564.0,7907.0
ACTGTCTTCTTTAGAA-1-Topic-3-Cell-2,1,30.0,64.0,6599.6817714586705,7868.049584262212
ACTGTCTTCTTTAGAA-1-Topic-5-Cell-3,1,30.0,64.0,6489.582306694395,7913.531027807593
ACTGTCTTCTTTAGAA-1-Topic-7-Cell-4,1,30.0,64.0,6636.608922440497,7962.66790353297
ACTGTCTTCTTTAGAA-1-Topic-8-Cell-5,1,30.0,64.0,6545.598194382778,7802.967945553654
ACTGTCTTCTTTAGAA-1-Topic-8-Cell-6,1,30.0,64.0,6500.603308934945,8006.6618184907275
ACTTACGCATCCACGC-1-Topic-6-Cell-1,1,58.0,78.0,11404.0,9331.0
ACTTACGCATCCACGC-1-Topic-6-Cell-2,1,58.0,78.0,11447.701066596173,9283.295678086573
ACTTACGCATCCACGC-1-Topic-7-Cell-3,1,58.0,78.0,11312.857311783167,9338.998842812265
ACTTACGCATCCACGC-1-Topic-7-Cell-4,1,58.0,78.0,11492.927405376267,9399.178979353126
ACTTATACTTACCCGG-1-Topic-7-Cell-1,1,36.0,90.0,7587.0,10501.0
ACTTATACTTACCCGG-1-Topic-7-Cell-2,1,36.0,90.0,7630.701066596173,10453.295678086573
ACTTATACTTACCCGG-1-Topic-7-Cell-3,1,36.0,90.0,7495.8573117831675,10508.998842812265
ACTTATACTTACCCGG-1-Topic-9-Cell-4,1,36.0,90.0,7675.927405376267,10569.178979353126
ACTTATTAGGATCGGT-1-Topic-3-Cell-1,1,38.0,52.0,7957.0,6721.0
ACTTATTAGGATCGGT-1-Topic-6-Cell-2,1,38.0,52.0,8007.461645126349,6665.91579380355
ACTTATTAGGATCGGT-1-Topic-7-Cell-3,1,38.0,52.0,7851.757488846692,6730.236268101734
ACTTATTTATGTGCCA-1-Topic-5-Cell-1,1,46.0,90.0,9319.0,10512.0
ACTTATTTATGTGCCA-1-Topic-6-Cell-2,1,46.0,90.0,9354.68177145867,10473.049584262211
ACTTATTTATGTGCCA-1-Topic-7-Cell-3,1,46.0,90.0,9244.582306694394,10518.531027807592
ACTTATTTATGTGCCA-1-Topic-7-Cell-4,1,46.0,90.0,9391.608922440497,10567.667903532969
ACTTATTTATGTGCCA-1-Topic-9-Cell-5,1,46.0,90.0,9300.59819438278,10407.967945553655
ACTTATTTATGTGCCA-1-Topic-9-Cell-6,1,46.0,90.0,9255.603308934946,10611.661818490727
ACTTCAGGCTGATCCC-1-Topic-4-Cell-1,1,51.0,81.0,10190.0,9622.0
ACTTCAGGCTGATCCC-1-Topic-4-Cell-2,1,51.0,81.0,10229.087422239316,9579.331957352419
ACTTCAGGCTGATCCC-1-Topic-6-Cell-3,1,51.0,81.0,10108.479501398038,9629.154382507824
ACTTCAGGCTGATCCC-1-Topic-6-Cell-4,1,51.0,81.0,10269.539089393606,9682.981132988058
ACTTCAGGCTGATCCC-1-Topic-9-Cell-5,1,51.0,81.0,10169.841831929245,9508.038594152262
ACTTCCATGCGGGACA-1-Topic-2-Cell-1,1,61.0,85.0,11919.0,10031.0
ACTTCCATGCGGGACA-1-Topic-2-Cell-2,1,61.0,85.0,11958.087422239316,9988.331957352419
ACTTCCATGCGGGACA-1-Topic-6-Cell-3,1,61.0,85.0,11837.479501398038,10038.154382507824
ACTTCCATGCGGGACA-1-Topic-6-Cell-4,1,61.0,85.0,11998.539089393606,10091.981132988058
ACTTCCATGCGGGACA-1-Topic-6-Cell-5,1,61.0,85.0,11898.841831929245,9917.038594152262
ACTTCGCCATACGCAC-1-Topic-3-Cell-1,1,27.0,75.0,6037.0,8999.0
ACTTCGCCATACGCAC-1-Topic-3-Cell-2,1,27.0,75.0,6080.701066596173,8951.295678086573
ACTTCGCCATACGCAC-1-Topic-6-Cell-3,1,27.0,75.0,5945.8573117831675,9006.998842812265
ACTTCGCCATACGCAC-1-Topic-7-Cell-4,1,27.0,75.0,6125.927405376267,9067.178979353126
ACTTGACTCCCTCTTT-1-Topic-7-Cell-1,1,42.0,72.0,8637.0,8716.0
ACTTGACTCCCTCTTT-1-Topic-7-Cell-2,1,42.0,72.0,8676.087422239316,8673.331957352419
ACTTGACTCCCTCTTT-1-Topic-7-Cell-3,1,42.0,72.0,8555.479501398038,8723.154382507824
ACTTGACTCCCTCTTT-1-Topic-7-Cell-4,1,42.0,72.0,8716.539089393606,8776.981132988058
ACTTGACTCCCTCTTT-1-Topic-9-Cell-5,1,42.0,72.0,8616.841831929245,8602.038594152262
ACTTGGGACCCGGTGG-1-Topic-0-Cell-1,1,29.0,49.0,6400.0,6413.0
ACTTGGGACCCGGTGG-1-Topic-2-Cell-2,1,29.0,49.0,6439.087422239316,6370.331957352419
ACTTGGGACCCGGTGG-1-Topic-6-Cell-3,1,29.0,49.0,6318.479501398037,6420.154382507824
ACTTGGGACCCGGTGG-1-Topic-6-Cell-4,1,29.0,49.0,6479.5390893936055,6473.981132988058
ACTTGGGACCCGGTGG-1-Topic-6-Cell-5,1,29.0,49.0,6379.841831929245,6299.038594152262
ACTTGTGGATGGAACG-1-Topic-3-Cell-1,1,52.0,108.0,10346.0,12310.0
ACTTGTGGATGGAACG-1-Topic-4-Cell-2,1,52.0,108.0,10396.46164512635,12254.91579380355
ACTTGTGGATGGAACG-1-Topic-6-Cell-3,1,52.0,108.0,10240.757488846692,12319.236268101733
ACTTTACCCTCATGAA-1-Topic-6-Cell-1,1,32.0,106.0,6884.0,12090.0
ACTTTACCCTCATGAA-1-Topic-7-Cell-2,1,32.0,106.0,6917.034901211928,12053.938922215459
ACTTTACCCTCATGAA-1-Topic-7-Cell-3,1,32.0,106.0,6815.102603758962,12096.046556816444
ACTTTACCCTCATGAA-1-Topic-7-Cell-4,1,32.0,106.0,6951.222799818238,12141.538464003022
ACTTTACCCTCATGAA-1-Topic-7-Cell-5,1,32.0,106.0,6866.9632384874685,11993.68503297294
ACTTTACCCTCATGAA-1-Topic-7-Cell-6,1,32.0,106.0,6825.306069152901,12182.268914738599
ACTTTACCCTCATGAA-1-Topic-7-Cell-7,1,32.0,106.0,6999.685395307864,12058.901358761988
ACTTTCCTATAGCTTC-1-Topic-1-Cell-1,1,28.0,62.0,6219.0,7706.0
ACTTTCCTATAGCTTC-1-Topic-2-Cell-2,1,28.0,62.0,6258.087422239316,7663.331957352419
ACTTTCCTATAGCTTC-1-Topic-3-Cell-3,1,28.0,62.0,6137.479501398037,7713.154382507824
ACTTTCCTATAGCTTC-1-Topic-6-Cell-4,1,28.0,62.0,6298.5390893936055,7766.981132988058
ACTTTCCTATAGCTTC-1-Topic-6-Cell-5,1,28.0,62.0,6198.841831929245,7592.038594152262
AGAACGTGGTACATTC-1-Topic-4-Cell-1,1,27.0,73.0,6039.0,8800.0
AGAACGTGGTACATTC-1-Topic-6-Cell-2,1,27.0,73.0,6074.6817714586705,8761.049584262211
AGAACGTGGTACATTC-1-Topic-6-Cell-3,1,27.0,73.0,5964.582306694395,8806.531027807592
AGAACGTGGTACATTC-1-Topic-6-Cell-4,1,27.0,73.0,6111.608922440497,8855.667903532969
AGAACGTGGTACATTC-1-Topic-7-Cell-5,1,27.0,73.0,6020.598194382778,8695.967945553655
AGAACGTGGTACATTC-1-Topic-8-Cell-6,1,27.0,73.0,5975.603308934945,8899.661818490727
AGAAGGTACACTTCAC-1-Topic-0-Cell-1,1,52.0,14.0,10405.0,2955.0
AGAAGGTACACTTCAC-1-Topic-0-Cell-2,1,52.0,14.0,10455.46164512635,2899.9157938035496
AGAAGGTACACTTCAC-1-Topic-0-Cell-3,1,52.0,14.0,10299.757488846692,2964.236268101734
AGAAGGTTGCCGAATT-1-Topic-7-Cell-1,1,42.0,44.0,8655.0,5930.0
AGAAGGTTGTAGGTCG-1-Topic-2-Cell-1,1,64.0,78.0,12443.0,9337.0
AGAAGGTTGTAGGTCG-1-Topic-5-Cell-2,1,64.0,78.0,12486.701066596173,9289.295678086573
AGAAGGTTGTAGGTCG-1-Topic-6-Cell-3,1,64.0,78.0,12351.857311783167,9344.998842812265
AGAAGGTTGTAGGTCG-1-Topic-7-Cell-4,1,64.0,78.0,12531.927405376267,9405.178979353126
AGAAGTGATTCGTGAT-1-Topic-0-Cell-1,1,48.0,28.0,9704.0,4344.0
AGAAGTGATTCGTGAT-1-Topic-5-Cell-2,1,48.0,28.0,9754.46164512635,4288.91579380355
AGAAGTGATTCGTGAT-1-Topic-5-Cell-3,1,48.0,28.0,9598.757488846692,4353.236268101734
AGAATTATGGATTCGA-1-Topic-4-Cell-1,1,32.0,98.0,6889.0,11293.0
AGAATTATGGATTCGA-1-Topic-6-Cell-2,1,32.0,98.0,6928.087422239316,11250.331957352419
AGAATTATGGATTCGA-1-Topic-6-Cell-3,1,32.0,98.0,6807.479501398037,11300.154382507824
AGAATTATGGATTCGA-1-Topic-7-Cell-4,1,32.0,98.0,6968.5390893936055,11353.981132988058
AGAATTATGGATTCGA-1-Topic-9-Cell-5,1,32.0,98.0,6868.841831929245,11179.038594152262
AGAATTGTTTGACATA-1-Topic-3-Cell-1,1,17.0,23.0,4338.0,3812.0
AGAATTGTTTGACATA-1-Topic-3-Cell-2,1,17.0,23.0,4388.461645126349,3756.9157938035496
AGAATTGTTTGACATA-1-Topic-4-Cell-3,1,17.0,23.0,4232.757488846692,3821.236268101734
AGACCATGGGATACAA-1-Topic-3-Cell-1,1,22.0,28.0,5201.0,4315.0
AGACCATGGGATACAA-1-Topic-3-Cell-2,1,22.0,28.0,5240.087422239316,4272.331957352419
AGACCATGGGATACAA-1-Topic-3-Cell-3,1,22.0,28.0,5119.479501398037,4322.154382507824
AGACCATGGGATACAA-1-Topic-6-Cell-4,1,22.0,28.0,5280.5390893936055,4375.981132988058
AGACCATGGGATACAA-1-Topic-6-Cell-5,1,22.0,28.0,5180.841831929245,4201.038594152262
AGACCCACCGCTGATC-1-Topic-2-Cell-1,1,49.0,65.0,9854.0,8027.0
AGACCCACCGCTGATC-1-Topic-6-Cell-2,1,49.0,65.0,9887.034901211928,7990.938922215459
AGACCCACCGCTGATC-1-Topic-6-Cell-3,1,49.0,65.0,9785.102603758962,8033.046556816443
AGACCCACCGCTGATC-1-Topic-6-Cell-4,1,49.0,65.0,9921.222799818237,8078.538464003022
AGACCCACCGCTGATC-1-Topic-6-Cell-5,1,49.0,65.0,9836.96323848747,7930.685032972941
AGACCCACCGCTGATC-1-Topic-6-Cell-6,1,49.0,65.0,9795.3060691529,8119.268914738599
AGACCCACCGCTGATC-1-Topic-6-Cell-7,1,49.0,65.0,9969.685395307864,7995.901358761988
AGACCCGCCCTCCTCG-1-Topic-3-Cell-1,1,26.0,56.0,5876.0,7107.0
AGACCCGCCCTCCTCG-1-Topic-3-Cell-2,1,26.0,56.0,5911.6817714586705,7068.049584262212
AGACCCGCCCTCCTCG-1-Topic-3-Cell-3,1,26.0,56.0,5801.582306694395,7113.531027807593
AGACCCGCCCTCCTCG-1-Topic-5-Cell-4,1,26.0,56.0,5948.608922440497,7162.66790353297
AGACCCGCCCTCCTCG-1-Topic-6-Cell-5,1,26.0,56.0,5857.598194382778,7002.967945553654
AGACCCGCCCTCCTCG-1-Topic-6-Cell-6,1,26.0,56.0,5812.603308934945,7206.6618184907275
AGACCGGGAAACCCTG-1-Topic-0-Cell-1,1,41.0,17.0,8498.0,3241.0
AGACCGGGAAACCCTG-1-Topic-3-Cell-2,1,41.0,17.0,8548.46164512635,3185.9157938035496
AGACCGGGAAACCCTG-1-Topic-3-Cell-3,1,41.0,17.0,8392.757488846692,3250.236268101734
AGACGAAGTGCCGGTC-1-Topic-9-Cell-1,1,49.0,97.0,9834.0,11212.0
AGACGAAGTGCCGGTC-1-Topic-9-Cell-2,1,49.0,97.0,9895.802641070479,11144.53590096622
AGACGACGATGCCGCT-1-Topic-0-Cell-1,1,53.0,33.0,10566.0,4847.0
AGACGACGATGCCGCT-1-Topic-0-Cell-2,1,53.0,33.0,10605.087422239316,4804.331957352419
AGACGACGATGCCGCT-1-Topic-3-Cell-3,1,53.0,33.0,10484.479501398038,4854.154382507824
AGACGACGATGCCGCT-1-Topic-3-Cell-4,1,53.0,33.0,10645.539089393606,4907.981132988058
AGACGACGATGCCGCT-1-Topic-6-Cell-5,1,53.0,33.0,10545.841831929245,4733.038594152262
AGACTAGCCTTCCAGA-1-Topic-3-Cell-1,1,28.0,46.0,6229.0,6113.0
AGACTAGCCTTCCAGA-1-Topic-6-Cell-2,1,28.0,46.0,6264.6817714586705,6074.049584262212
AGACTAGCCTTCCAGA-1-Topic-6-Cell-3,1,28.0,46.0,6154.582306694395,6119.531027807593
AGACTAGCCTTCCAGA-1-Topic-6-Cell-4,1,28.0,46.0,6301.608922440497,6168.66790353297
AGACTAGCCTTCCAGA-1-Topic-6-Cell-5,1,28.0,46.0,6210.598194382778,6008.967945553654
AGACTAGCCTTCCAGA-1-Topic-6-Cell-6,1,28.0,46.0,6165.603308934945,6212.6618184907275
AGACTGTTACCGGGTC-1-Topic-0-Cell-1,1,63.0,45.0,12291.0,6052.0
AGACTGTTACCGGGTC-1-Topic-3-Cell-2,1,63.0,45.0,12334.701066596173,6004.295678086574
AGACTGTTACCGGGTC-1-Topic-3-Cell-3,1,63.0,45.0,12199.857311783167,6059.998842812265
AGACTGTTACCGGGTC-1-Topic-3-Cell-4,1,63.0,45.0,12379.927405376267,6120.178979353126
AGAGAACCGTCTAGGA-1-Topic-3-Cell-1,1,26.0,88.0,5856.0,10291.0
AGAGAACCGTCTAGGA-1-Topic-6-Cell-2,1,26.0,88.0,5906.461645126349,10235.91579380355
AGAGAACCGTCTAGGA-1-Topic-7-Cell-3,1,26.0,88.0,5750.757488846692,10300.236268101733
AGAGAAGGAGTACAAT-1-Topic-0-Cell-1,1,58.0,34.0,11432.0,4952.0
AGAGAAGGAGTACAAT-1-Topic-0-Cell-2,1,58.0,34.0,11465.034901211928,4915.938922215459
AGAGAAGGAGTACAAT-1-Topic-0-Cell-3,1,58.0,34.0,11363.102603758962,4958.046556816443
AGAGAAGGAGTACAAT-1-Topic-3-Cell-4,1,58.0,34.0,11499.222799818237,5003.538464003022
AGAGAAGGAGTACAAT-1-Topic-3-Cell-5,1,58.0,34.0,11414.96323848747,4855.685032972941
AGAGAAGGAGTACAAT-1-Topic-3-Cell-6,1,58.0,34.0,11373.3060691529,5044.268914738599
AGAGAAGGAGTACAAT-1-Topic-7-Cell-7,1,58.0,34.0,11547.685395307864,4920.901358761988
AGAGCGTACAAGCTCG-1-Topic-0-Cell-1,1,24.0,28.0,5547.0,4318.0
AGAGCGTACAAGCTCG-1-Topic-5-Cell-2,1,24.0,28.0,5586.087422239316,4275.331957352419
AGAGCGTACAAGCTCG-1-Topic-5-Cell-3,1,24.0,28.0,5465.479501398037,4325.154382507824
AGAGCGTACAAGCTCG-1-Topic-5-Cell-4,1,24.0,28.0,5626.5390893936055,4378.981132988058
AGAGCGTACAAGCTCG-1-Topic-5-Cell-5,1,24.0,28.0,5526.841831929245,4204.038594152262
AGAGGCTTCGGAAACC-1-Topic-7-Cell-1,1,51.0,101.0,10178.0,11613.0
AGAGGCTTCGGAAACC-1-Topic-7-Cell-2,1,51.0,101.0,10217.087422239316,11570.331957352419
AGAGGCTTCGGAAACC-1-Topic-9-Cell-3,1,51.0,101.0,10096.479501398038,11620.154382507824
AGAGGCTTCGGAAACC-1-Topic-9-Cell-4,1,51.0,101.0,10257.539089393606,11673.981132988058
AGAGGCTTCGGAAACC-1-Topic-9-Cell-5,1,51.0,101.0,10157.841831929245,11499.038594152262
AGATAACTTCAGGGCC-1-Topic-0-Cell-1,1,32.0,44.0,6923.0,5919.0
AGATAACTTCAGGGCC-1-Topic-6-Cell-2,1,32.0,44.0,6962.087422239316,5876.331957352419
AGATAACTTCAGGGCC-1-Topic-6-Cell-3,1,32.0,44.0,6841.479501398037,5926.154382507824
AGATAACTTCAGGGCC-1-Topic-6-Cell-4,1,32.0,44.0,7002.5390893936055,5979.981132988058
AGATAACTTCAGGGCC-1-Topic-7-Cell-5,1,32.0,44.0,6902.841831929245,5805.038594152262
AGATACCGGTGTTCAC-1-Topic-0-Cell-1,1,40.0,38.0,8312.0,5330.0
AGATACCGGTGTTCAC-1-Topic-2-Cell-2,1,40.0,38.0,8347.68177145867,5291.049584262212
AGATACCGGTGTTCAC-1-Topic-3-Cell-3,1,40.0,38.0,8237.582306694394,5336.531027807593
AGATACCGGTGTTCAC-1-Topic-3-Cell-4,1,40.0,38.0,8384.608922440497,5385.66790353297
AGATACCGGTGTTCAC-1-Topic-3-Cell-5,1,40.0,38.0,8293.59819438278,5225.967945553654
AGATACCGGTGTTCAC-1-Topic-8-Cell-6,1,40.0,38.0,8248.603308934946,5429.6618184907275
AGATACTCAAGATCGA-1-Topic-6-Cell-1,1,46.0,82.0,9324.0,9716.0
AGATACTCAAGATCGA-1-Topic-9-Cell-2,1,46.0,82.0,9367.701066596173,9668.295678086573
AGATACTCAAGATCGA-1-Topic-9-Cell-3,1,46.0,82.0,9232.857311783167,9723.998842812265
AGATACTCAAGATCGA-1-Topic-9-Cell-4,1,46.0,82.0,9412.927405376267,9784.178979353126
AGATATAATACGACTA-1-Topic-0-Cell-1,1,64.0,72.0,12447.0,8740.0
AGATATAATACGACTA-1-Topic-2-Cell-2,1,64.0,72.0,12477.90132053524,8706.26795048311
AGATATAATACGACTA-1-Topic-5-Cell-3,1,64.0,72.0,12382.552387106307,8745.656035994198
AGATATAATACGACTA-1-Topic-5-Cell-4,1,64.0,72.0,12509.881171374884,8788.209818634972
AGATATAATACGACTA-1-Topic-5-Cell-5,1,64.0,72.0,12431.063568859983,8649.90559804158
AGATATAATACGACTA-1-Topic-6-Cell-6,1,64.0,72.0,12392.096855021788,8826.309666600324
AGATATAATACGACTA-1-Topic-6-Cell-7,1,64.0,72.0,12555.213778473884,8710.90988482329
AGATATAATACGACTA-1-Topic-6-Cell-8,1,64.0,72.0,12339.588675800891,8684.214635774117
AGATCGTGCATAAGAT-1-Topic-2-Cell-1,1,21.0,97.0,4985.0,11182.0
AGATCGTGCATAAGAT-1-Topic-2-Cell-2,1,21.0,97.0,5020.6817714586705,11143.049584262211
AGATCGTGCATAAGAT-1-Topic-6-Cell-3,1,21.0,97.0,4910.582306694395,11188.531027807592
AGATCGTGCATAAGAT-1-Topic-6-Cell-4,1,21.0,97.0,5057.608922440497,11237.667903532969
AGATCGTGCATAAGAT-1-Topic-6-Cell-5,1,21.0,97.0,4966.598194382778,11077.967945553655
AGATCGTGCATAAGAT-1-Topic-7-Cell-6,1,21.0,97.0,4921.603308934945,11281.661818490727
AGATCTCAGGTGTGAT-1-Topic-3-Cell-1,1,29.0,75.0,6384.0,9001.0
AGATCTCAGGTGTGAT-1-Topic-3-Cell-2,1,29.0,75.0,6423.087422239316,8958.331957352419
AGATCTCAGGTGTGAT-1-Topic-3-Cell-3,1,29.0,75.0,6302.479501398037,9008.154382507824
AGATCTCAGGTGTGAT-1-Topic-6-Cell-4,1,29.0,75.0,6463.5390893936055,9061.981132988058
AGATCTCAGGTGTGAT-1-Topic-7-Cell-5,1,29.0,75.0,6363.841831929245,8887.038594152262
AGATGACTCGCCCACG-1-Topic-2-Cell-1,1,21.0,55.0,5011.0,7002.0
AGATGACTCGCCCACG-1-Topic-3-Cell-2,1,21.0,55.0,5050.087422239316,6959.331957352419
AGATGACTCGCCCACG-1-Topic-3-Cell-3,1,21.0,55.0,4929.479501398037,7009.154382507824
AGATGACTCGCCCACG-1-Topic-3-Cell-4,1,21.0,55.0,5090.5390893936055,7062.981132988058
AGATGACTCGCCCACG-1-Topic-7-Cell-5,1,21.0,55.0,4990.841831929245,6888.038594152262
AGATGAGGGTTGCGAT-1-Topic-5-Cell-1,1,14.0,98.0,3772.0,11274.0
AGATGAGGGTTGCGAT-1-Topic-6-Cell-2,1,14.0,98.0,3811.087422239316,11231.331957352419
AGATGAGGGTTGCGAT-1-Topic-6-Cell-3,1,14.0,98.0,3690.479501398038,11281.154382507824
AGATGAGGGTTGCGAT-1-Topic-7-Cell-4,1,14.0,98.0,3851.539089393606,11334.981132988058
AGATGAGGGTTGCGAT-1-Topic-9-Cell-5,1,14.0,98.0,3751.841831929245,11160.038594152262
AGATGATGGAGTCTGG-1-Topic-7-Cell-1,1,34.0,106.0,7230.0,12092.0
AGATGATGGAGTCTGG-1-Topic-7-Cell-2,1,34.0,106.0,7269.087422239316,12049.331957352419
AGATGATGGAGTCTGG-1-Topic-7-Cell-3,1,34.0,106.0,7148.479501398037,12099.154382507824
AGATGATGGAGTCTGG-1-Topic-9-Cell-4,1,34.0,106.0,7309.5390893936055,12152.981132988058
AGATGATGGAGTCTGG-1-Topic-9-Cell-5,1,34.0,106.0,7209.841831929245,11978.038594152262
AGATGCAAGACGTGCA-1-Topic-0-Cell-1,1,58.0,24.0,11438.0,3956.0
AGATTATAGGACGTTT-1-Topic-3-Cell-1,1,36.0,54.0,7609.0,6918.0
AGATTATAGGACGTTT-1-Topic-6-Cell-2,1,36.0,54.0,7652.701066596173,6870.295678086574
AGATTATAGGACGTTT-1-Topic-6-Cell-3,1,36.0,54.0,7517.8573117831675,6925.998842812265
AGATTATAGGACGTTT-1-Topic-6-Cell-4,1,36.0,54.0,7697.927405376267,6986.178979353126
AGATTCACAACCGATA-1-Topic-0-Cell-1,1,53.0,13.0,10579.0,2856.0
AGATTCACAACCGATA-1-Topic-0-Cell-2,1,53.0,13.0,10622.701066596173,2808.295678086574
AGATTCACAACCGATA-1-Topic-0-Cell-3,1,53.0,13.0,10487.857311783167,2863.998842812265
AGATTCACAACCGATA-1-Topic-0-Cell-4,1,53.0,13.0,10667.927405376267,2924.178979353126
AGCAAAGGCCGCTAGT-1-Topic-2-Cell-1,1,60.0,72.0,11754.0,8736.0
AGCAAAGGCCGCTAGT-1-Topic-7-Cell-2,1,60.0,72.0,11797.701066596173,8688.295678086573
AGCAAAGGCCGCTAGT-1-Topic-7-Cell-3,1,60.0,72.0,11662.857311783167,8743.998842812265
AGCAAAGGCCGCTAGT-1-Topic-7-Cell-4,1,60.0,72.0,11842.927405376267,8804.178979353126
AGCAACATATCTTATT-1-Topic-7-Cell-1,1,41.0,93.0,8451.0,10805.0
AGCAACATATCTTATT-1-Topic-7-Cell-2,1,41.0,93.0,8484.034901211928,10768.938922215459
AGCAACATATCTTATT-1-Topic-7-Cell-3,1,41.0,93.0,8382.102603758962,10811.046556816444
AGCAACATATCTTATT-1-Topic-7-Cell-4,1,41.0,93.0,8518.222799818237,10856.538464003022
AGCAACATATCTTATT-1-Topic-9-Cell-5,1,41.0,93.0,8433.96323848747,10708.68503297294
AGCAACATATCTTATT-1-Topic-9-Cell-6,1,41.0,93.0,8392.3060691529,10897.268914738599
AGCAACATATCTTATT-1-Topic-9-Cell-7,1,41.0,93.0,8566.685395307864,10773.901358761988
AGCAACCGAAAGTAAT-1-Topic-3-Cell-1,1,56.0,20.0,11094.0,3556.0
AGCAACCGAAAGTAAT-1-Topic-4-Cell-2,1,56.0,20.0,11144.46164512635,3500.9157938035496
AGCAACCGAAAGTAAT-1-Topic-6-Cell-3,1,56.0,20.0,10988.757488846692,3565.236268101734
AGCACCAGTACTCACG-1-Topic-2-Cell-1,1,27.0,65.0,6044.0,8003.0
AGCACCAGTACTCACG-1-Topic-2-Cell-2,1,27.0,65.0,6074.901320535239,7969.26795048311
AGCACCAGTACTCACG-1-Topic-2-Cell-3,1,27.0,65.0,5979.552387106307,8008.656035994198
AGCACCAGTACTCACG-1-Topic-5-Cell-4,1,27.0,65.0,6106.881171374884,8051.209818634973
AGCACCAGTACTCACG-1-Topic-6-Cell-5,1,27.0,65.0,6028.063568859983,7912.905598041579
AGCACCAGTACTCACG-1-Topic-6-Cell-6,1,27.0,65.0,5989.0968550217885,8089.309666600323
AGCACCAGTACTCACG-1-Topic-6-Cell-7,1,27.0,65.0,6152.213778473883,7973.909884823291
AGCACCAGTACTCACG-1-Topic-6-Cell-8,1,27.0,65.0,5936.588675800891,7947.214635774117
AGCACTACCTCACCAG-1-Topic-4-Cell-1,1,53.0,81.0,10536.0,9624.0
AGCACTACCTCACCAG-1-Topic-4-Cell-2,1,53.0,81.0,10575.087422239316,9581.331957352419
AGCACTACCTCACCAG-1-Topic-4-Cell-3,1,53.0,81.0,10454.479501398038,9631.154382507824
AGCACTACCTCACCAG-1-Topic-4-Cell-4,1,53.0,81.0,10615.539089393606,9684.981132988058
AGCACTACCTCACCAG-1-Topic-4-Cell-5,1,53.0,81.0,10515.841831929245,9510.038594152262
AGCACTTAAGGACGCC-1-Topic-5-Cell-1,1,31.0,35.0,6755.0,5022.0
AGCACTTAAGGACGCC-1-Topic-6-Cell-2,1,31.0,35.0,6790.6817714586705,4983.049584262212
AGCACTTAAGGACGCC-1-Topic-6-Cell-3,1,31.0,35.0,6680.582306694395,5028.531027807593
AGCACTTAAGGACGCC-1-Topic-6-Cell-4,1,31.0,35.0,6827.608922440497,5077.66790353297
AGCACTTAAGGACGCC-1-Topic-6-Cell-5,1,31.0,35.0,6736.598194382778,4917.967945553654
AGCACTTAAGGACGCC-1-Topic-6-Cell-6,1,31.0,35.0,6691.603308934945,5121.6618184907275
AGCAGAAGGAGAAAGA-1-Topic-2-Cell-1,1,64.0,68.0,12450.0,8342.0
AGCAGAAGGAGAAAGA-1-Topic-3-Cell-2,1,64.0,68.0,12485.68177145867,8303.049584262211
AGCAGAAGGAGAAAGA-1-Topic-5-Cell-3,1,64.0,68.0,12375.582306694394,8348.531027807592
AGCAGAAGGAGAAAGA-1-Topic-5-Cell-4,1,64.0,68.0,12522.608922440497,8397.667903532969
AGCAGAAGGAGAAAGA-1-Topic-5-Cell-5,1,64.0,68.0,12431.59819438278,8237.967945553655
AGCAGAAGGAGAAAGA-1-Topic-6-Cell-6,1,64.0,68.0,12386.603308934946,8441.661818490727
AGCAGCCAGATGAATA-1-Topic-6-Cell-1,1,56.0,58.0,11070.0,7338.0
AGCAGCCAGATGAATA-1-Topic-6-Cell-2,1,56.0,58.0,11105.68177145867,7299.049584262212
AGCAGCCAGATGAATA-1-Topic-6-Cell-3,1,56.0,58.0,10995.582306694394,7344.531027807593
AGCAGCCAGATGAATA-1-Topic-6-Cell-4,1,56.0,58.0,11142.608922440497,7393.66790353297
AGCAGCCAGATGAATA-1-Topic-6-Cell-5,1,56.0,58.0,11051.59819438278,7233.967945553654
AGCAGCCAGATGAATA-1-Topic-6-Cell-6,1,56.0,58.0,11006.603308934946,7437.6618184907275
AGCATATCAATATGCT-1-Topic-3-Cell-1,1,51.0,95.0,10181.0,11015.0
AGCATATCAATATGCT-1-Topic-6-Cell-2,1,51.0,95.0,10231.46164512635,10959.91579380355
AGCATATCAATATGCT-1-Topic-7-Cell-3,1,51.0,95.0,10075.757488846692,11024.236268101733
AGCATCGTCGATAATT-1-Topic-3-Cell-1,1,22.0,52.0,5186.0,6704.0
AGCATCGTCGATAATT-1-Topic-6-Cell-2,1,22.0,52.0,5225.087422239316,6661.331957352419
AGCATCGTCGATAATT-1-Topic-6-Cell-3,1,22.0,52.0,5104.479501398037,6711.154382507824
AGCATCGTCGATAATT-1-Topic-6-Cell-4,1,22.0,52.0,5265.5390893936055,6764.981132988058
AGCATCGTCGATAATT-1-Topic-7-Cell-5,1,22.0,52.0,5165.841831929245,6590.038594152262
AGCCAAGCTTTGTGTC-1-Topic-3-Cell-1,1,64.0,58.0,12456.0,7347.0
AGCCAAGCTTTGTGTC-1-Topic-3-Cell-2,1,64.0,58.0,12491.68177145867,7308.049584262212
AGCCAAGCTTTGTGTC-1-Topic-3-Cell-3,1,64.0,58.0,12381.582306694394,7353.531027807593
AGCCAAGCTTTGTGTC-1-Topic-3-Cell-4,1,64.0,58.0,12528.608922440497,7402.66790353297
AGCCAAGCTTTGTGTC-1-Topic-5-Cell-5,1,64.0,58.0,12437.59819438278,7242.967945553654
AGCCAAGCTTTGTGTC-1-Topic-5-Cell-6,1,64.0,58.0,12392.603308934946,7446.6618184907275
AGCCACAGGTTACCCG-1-Topic-2-Cell-1,1,63.0,89.0,12263.0,10431.0
AGCCACAGGTTACCCG-1-Topic-6-Cell-2,1,63.0,89.0,12313.46164512635,10375.91579380355
AGCCACAGGTTACCCG-1-Topic-8-Cell-3,1,63.0,89.0,12157.757488846692,10440.236268101733
AGCCACTCCCGTGCTT-1-Topic-6-Cell-1,1,23.0,81.0,5341.0,9592.0
AGCCACTCCCGTGCTT-1-Topic-6-Cell-2,1,23.0,81.0,5380.087422239316,9549.331957352419
AGCCACTCCCGTGCTT-1-Topic-6-Cell-3,1,23.0,81.0,5259.479501398037,9599.154382507824
AGCCACTCCCGTGCTT-1-Topic-7-Cell-4,1,23.0,81.0,5420.5390893936055,9652.981132988058
AGCCACTCCCGTGCTT-1-Topic-9-Cell-5,1,23.0,81.0,5320.841831929245,9478.038594152262
AGCCCATACATGTAAG-1-Topic-3-Cell-1,1,42.0,26.0,8666.0,4138.0
AGCCCATACATGTAAG-1-Topic-3-Cell-2,1,42.0,26.0,8716.46164512635,4082.9157938035496
AGCCCATACATGTAAG-1-Topic-3-Cell-3,1,42.0,26.0,8560.757488846692,4147.236268101734
AGCCCGGCATTAGAGG-1-Topic-0-Cell-1,1,64.0,26.0,12476.0,4162.0
AGCCCGGCATTAGAGG-1-Topic-0-Cell-2,1,64.0,26.0,12526.46164512635,4106.91579380355
AGCCCGGCATTAGAGG-1-Topic-3-Cell-3,1,64.0,26.0,12370.757488846692,4171.236268101734
AGCCCGGTAGCCTGTA-1-Topic-0-Cell-1,1,61.0,49.0,11942.0,6448.0
AGCCCGGTAGCCTGTA-1-Topic-3-Cell-2,1,61.0,49.0,11992.46164512635,6392.91579380355
AGCCCGGTAGCCTGTA-1-Topic-3-Cell-3,1,61.0,49.0,11836.757488846692,6457.236268101734
AGCCCTTCTAATCCGA-1-Topic-6-Cell-1,1,17.0,103.0,4288.0,11775.0
AGCCCTTCTAATCCGA-1-Topic-6-Cell-2,1,17.0,103.0,4331.701066596173,11727.295678086573
AGCCCTTCTAATCCGA-1-Topic-7-Cell-3,1,17.0,103.0,4196.8573117831675,11782.998842812265
AGCCCTTCTAATCCGA-1-Topic-7-Cell-4,1,17.0,103.0,4376.927405376267,11843.178979353126
AGCCGTGGCTAAATGT-1-Topic-0-Cell-1,1,50.0,22.0,10054.0,3749.0
AGCCGTGGCTAAATGT-1-Topic-3-Cell-2,1,50.0,22.0,10115.802641070479,3681.5359009662207
AGCCTAATACCCACGT-1-Topic-3-Cell-1,1,50.0,14.0,10059.0,2952.0
AGCCTAATACCCACGT-1-Topic-3-Cell-2,1,50.0,14.0,10120.802641070479,2884.5359009662207
AGCGACAGGAACGGTC-1-Topic-0-Cell-1,1,51.0,37.0,10218.0,5243.0
AGCGACAGGAACGGTC-1-Topic-0-Cell-2,1,51.0,37.0,10257.087422239316,5200.331957352419
AGCGACAGGAACGGTC-1-Topic-0-Cell-3,1,51.0,37.0,10136.479501398038,5250.154382507824
AGCGACAGGAACGGTC-1-Topic-0-Cell-4,1,51.0,37.0,10297.539089393606,5303.981132988058
AGCGACAGGAACGGTC-1-Topic-5-Cell-5,1,51.0,37.0,10197.841831929245,5129.038594152262
AGCGACATCCCATTCA-1-Topic-2-Cell-1,1,17.0,59.0,4316.0,7395.0
AGCGACATCCCATTCA-1-Topic-3-Cell-2,1,17.0,59.0,4351.6817714586705,7356.049584262212
AGCGACATCCCATTCA-1-Topic-3-Cell-3,1,17.0,59.0,4241.582306694395,7401.531027807593
AGCGACATCCCATTCA-1-Topic-3-Cell-4,1,17.0,59.0,4388.608922440497,7450.66790353297
AGCGACATCCCATTCA-1-Topic-3-Cell-5,1,17.0,59.0,4297.598194382778,7290.967945553654
AGCGACATCCCATTCA-1-Topic-7-Cell-6,1,17.0,59.0,4252.603308934945,7494.6618184907275
AGCGACCAACGATATT-1-Topic-3-Cell-1,1,25.0,55.0,5704.0,7006.0
AGCGACCAACGATATT-1-Topic-6-Cell-2,1,25.0,55.0,5754.461645126349,6950.91579380355
AGCGACCAACGATATT-1-Topic-6-Cell-3,1,25.0,55.0,5598.757488846692,7015.236268101734
AGCGATGCGCCTAATA-1-Topic-6-Cell-1,1,64.0,108.0,12425.0,12323.0
AGCGATGCGCCTAATA-1-Topic-6-Cell-2,1,64.0,108.0,12468.701066596173,12275.295678086573
AGCGATGCGCCTAATA-1-Topic-7-Cell-3,1,64.0,108.0,12333.857311783167,12330.998842812265
AGCGATGCGCCTAATA-1-Topic-7-Cell-4,1,64.0,108.0,12513.927405376267,12391.178979353126
AGCGCATAATGAATCG-1-Topic-0-Cell-1,1,57.0,55.0,11245.0,7041.0
AGCGCATAATGAATCG-1-Topic-2-Cell-2,1,57.0,55.0,11295.46164512635,6985.91579380355
AGCGCATAATGAATCG-1-Topic-6-Cell-3,1,57.0,55.0,11139.757488846692,7050.236268101734
AGCGCGGGTGCCAATG-1-Topic-2-Cell-1,1,24.0,92.0,5507.0,10687.0
AGCGCGGGTGCCAATG-1-Topic-6-Cell-2,1,24.0,92.0,5546.087422239316,10644.331957352419
AGCGCGGGTGCCAATG-1-Topic-6-Cell-3,1,24.0,92.0,5425.479501398037,10694.154382507824
AGCGCGGGTGCCAATG-1-Topic-6-Cell-4,1,24.0,92.0,5586.5390893936055,10747.981132988058
AGCGCGGGTGCCAATG-1-Topic-8-Cell-5,1,24.0,92.0,5486.841831929245,10573.038594152262
AGCGGACACTTCGTAG-1-Topic-2-Cell-1,1,62.0,62.0,12107.0,7743.0
AGCGGACACTTCGTAG-1-Topic-5-Cell-2,1,62.0,62.0,12146.087422239316,7700.331957352419
AGCGGACACTTCGTAG-1-Topic-5-Cell-3,1,62.0,62.0,12025.479501398038,7750.154382507824
AGCGGACACTTCGTAG-1-Topic-5-Cell-4,1,62.0,62.0,12186.539089393606,7803.981132988058
AGCGGACACTTCGTAG-1-Topic-5-Cell-5,1,62.0,62.0,12086.841831929245,7629.038594152262
AGCGGGTCTGACACTC-1-Topic-3-Cell-1,1,66.0,66.0,12797.0,8145.0
AGCGGGTCTGACACTC-1-Topic-3-Cell-2,1,66.0,66.0,12836.087422239316,8102.331957352419
AGCGGGTCTGACACTC-1-Topic-3-Cell-3,1,66.0,66.0,12715.479501398038,8152.154382507824
AGCGGGTCTGACACTC-1-Topic-5-Cell-4,1,66.0,66.0,12876.539089393606,8205.981132988058
AGCGGGTCTGACACTC-1-Topic-5-Cell-5,1,66.0,66.0,12776.841831929245,8031.038594152262
AGCGTGGTATTCTACT-1-Topic-3-Cell-1,1,45.0,71.0,9157.0,8620.0
AGCGTGGTATTCTACT-1-Topic-3-Cell-2,1,45.0,71.0,9192.68177145867,8581.049584262211
AGCGTGGTATTCTACT-1-Topic-6-Cell-3,1,45.0,71.0,9082.582306694394,8626.531027807592
AGCGTGGTATTCTACT-1-Topic-7-Cell-4,1,45.0,71.0,9229.608922440497,8675.667903532969
AGCGTGGTATTCTACT-1-Topic-7-Cell-5,1,45.0,71.0,9138.59819438278,8515.967945553655
AGCGTGGTATTCTACT-1-Topic-8-Cell-6,1,45.0,71.0,9093.603308934946,8719.661818490727
AGCTAACAAGCAATGT-1-Topic-0-Cell-1,1,61.0,33.0,11952.0,4855.0
AGCTAACAAGCAATGT-1-Topic-0-Cell-2,1,61.0,33.0,11985.034901211928,4818.938922215459
AGCTAACAAGCAATGT-1-Topic-0-Cell-3,1,61.0,33.0,11883.102603758962,4861.046556816443
AGCTAACAAGCAATGT-1-Topic-0-Cell-4,1,61.0,33.0,12019.222799818237,4906.538464003022
AGCTAACAAGCAATGT-1-Topic-0-Cell-5,1,61.0,33.0,11934.96323848747,4758.685032972941
AGCTAACAAGCAATGT-1-Topic-0-Cell-6,1,61.0,33.0,11893.3060691529,4947.268914738599
AGCTAACAAGCAATGT-1-Topic-0-Cell-7,1,61.0,33.0,12067.685395307864,4823.901358761988
AGCTAAGTACGCAGGC-1-Topic-2-Cell-1,1,64.0,86.0,12438.0,10134.0
AGCTAAGTACGCAGGC-1-Topic-5-Cell-2,1,64.0,86.0,12473.68177145867,10095.049584262211
AGCTAAGTACGCAGGC-1-Topic-6-Cell-3,1,64.0,86.0,12363.582306694394,10140.531027807592
AGCTAAGTACGCAGGC-1-Topic-6-Cell-4,1,64.0,86.0,12510.608922440497,10189.667903532969
AGCTAAGTACGCAGGC-1-Topic-7-Cell-5,1,64.0,86.0,12419.59819438278,10029.967945553655
AGCTAAGTACGCAGGC-1-Topic-7-Cell-6,1,64.0,86.0,12374.603308934946,10233.661818490727
AGCTAGAAGCAGAAGT-1-Topic-2-Cell-1,1,21.0,99.0,4983.0,11381.0
AGCTAGAAGCAGAAGT-1-Topic-4-Cell-2,1,21.0,99.0,5013.901320535239,11347.26795048311
AGCTAGAAGCAGAAGT-1-Topic-6-Cell-3,1,21.0,99.0,4918.552387106307,11386.656035994198
AGCTAGAAGCAGAAGT-1-Topic-6-Cell-4,1,21.0,99.0,5045.881171374884,11429.209818634972
AGCTAGAAGCAGAAGT-1-Topic-6-Cell-5,1,21.0,99.0,4967.063568859983,11290.90559804158
AGCTAGAAGCAGAAGT-1-Topic-6-Cell-6,1,21.0,99.0,4928.0968550217885,11467.309666600324
AGCTAGAAGCAGAAGT-1-Topic-6-Cell-7,1,21.0,99.0,5091.213778473883,11351.90988482329
AGCTAGAAGCAGAAGT-1-Topic-7-Cell-8,1,21.0,99.0,4875.588675800891,11325.214635774117
AGCTATTTAATCCAAC-1-Topic-2-Cell-1,1,16.0,74.0,4133.0,8887.0
AGCTATTTAATCCAAC-1-Topic-6-Cell-2,1,16.0,74.0,4172.087422239316,8844.331957352419
AGCTATTTAATCCAAC-1-Topic-6-Cell-3,1,16.0,74.0,4051.479501398038,8894.154382507824
AGCTATTTAATCCAAC-1-Topic-7-Cell-4,1,16.0,74.0,4212.5390893936055,8947.981132988058
AGCTATTTAATCCAAC-1-Topic-7-Cell-5,1,16.0,74.0,4112.841831929245,8773.038594152262
AGCTCCATATATGTTC-1-Topic-7-Cell-1,1,57.0,109.0,11212.0,12415.0
AGCTCCATATATGTTC-1-Topic-7-Cell-2,1,57.0,109.0,11273.802641070479,12347.53590096622
AGCTCCTTCGCACATC-1-Topic-4-Cell-1,1,52.0,86.0,10360.0,10121.0
AGCTCCTTCGCACATC-1-Topic-6-Cell-2,1,52.0,86.0,10403.701066596173,10073.295678086573
AGCTCCTTCGCACATC-1-Topic-6-Cell-3,1,52.0,86.0,10268.857311783167,10128.998842812265
AGCTCCTTCGCACATC-1-Topic-7-Cell-4,1,52.0,86.0,10448.927405376267,10189.178979353126
AGCTCTAGACGTTCCA-1-Topic-7-Cell-1,1,38.0,76.0,7942.0,9110.0
AGCTCTAGACGTTCCA-1-Topic-9-Cell-2,1,38.0,76.0,7992.461645126349,9054.91579380355
AGCTCTAGACGTTCCA-1-Topic-9-Cell-3,1,38.0,76.0,7836.757488846692,9119.236268101733
AGCTCTTCCCAGTGCA-1-Topic-3-Cell-1,1,18.0,88.0,4471.0,10283.0
AGCTCTTCCCAGTGCA-1-Topic-6-Cell-2,1,18.0,88.0,4514.701066596173,10235.295678086573
AGCTCTTCCCAGTGCA-1-Topic-7-Cell-3,1,18.0,88.0,4379.8573117831675,10290.998842812265
AGCTCTTCCCAGTGCA-1-Topic-8-Cell-4,1,18.0,88.0,4559.927405376267,10351.178979353126
AGCTCTTCGTAACCTT-1-Topic-4-Cell-1,1,39.0,107.0,8096.0,12197.0
AGCTCTTCGTAACCTT-1-Topic-6-Cell-2,1,39.0,107.0,8131.6817714586705,12158.049584262211
AGCTCTTCGTAACCTT-1-Topic-6-Cell-3,1,39.0,107.0,8021.582306694395,12203.531027807592
AGCTCTTCGTAACCTT-1-Topic-7-Cell-4,1,39.0,107.0,8168.608922440497,12252.667903532969
AGCTCTTCGTAACCTT-1-Topic-9-Cell-5,1,39.0,107.0,8077.598194382778,12092.967945553655
AGCTCTTCGTAACCTT-1-Topic-9-Cell-6,1,39.0,107.0,8032.603308934945,12296.661818490727
AGCTCTTTACTCAGTT-1-Topic-3-Cell-1,1,41.0,45.0,8481.0,6028.0
AGCTCTTTACTCAGTT-1-Topic-3-Cell-2,1,41.0,45.0,8524.701066596173,5980.295678086574
AGCTCTTTACTCAGTT-1-Topic-7-Cell-3,1,41.0,45.0,8389.857311783167,6035.998842812265
AGCTCTTTACTCAGTT-1-Topic-7-Cell-4,1,41.0,45.0,8569.927405376267,6096.178979353126
AGCTGAAGTAAACCAA-1-Topic-1-Cell-1,1,20.0,84.0,4820.0,9887.0
AGCTGAAGTAAACCAA-1-Topic-6-Cell-2,1,20.0,84.0,4870.461645126349,9831.91579380355
AGCTGAAGTAAACCAA-1-Topic-7-Cell-3,1,20.0,84.0,4714.757488846692,9896.236268101733
AGCTGTAACCTCAATC-1-Topic-0-Cell-1,1,54.0,28.0,10743.0,4350.0
AGCTGTAACCTCAATC-1-Topic-5-Cell-2,1,54.0,28.0,10786.701066596173,4302.295678086574
AGCTGTAACCTCAATC-1-Topic-5-Cell-3,1,54.0,28.0,10651.857311783167,4357.998842812265
AGCTGTAACCTCAATC-1-Topic-5-Cell-4,1,54.0,28.0,10831.927405376267,4418.178979353126
AGCTTGATCTTAACTT-1-Topic-3-Cell-1,1,41.0,23.0,8494.0,3838.0
AGCTTGATCTTAACTT-1-Topic-3-Cell-2,1,41.0,23.0,8529.68177145867,3799.049584262212
AGCTTGATCTTAACTT-1-Topic-3-Cell-3,1,41.0,23.0,8419.582306694394,3844.531027807593
AGCTTGATCTTAACTT-1-Topic-3-Cell-4,1,41.0,23.0,8566.608922440497,3893.6679035329694
AGCTTGATCTTAACTT-1-Topic-3-Cell-5,1,41.0,23.0,8475.59819438278,3733.9679455536548
AGCTTGATCTTAACTT-1-Topic-3-Cell-6,1,41.0,23.0,8430.603308934946,3937.661818490727
AGGAAGCTGTCCGCCG-1-Topic-3-Cell-1,1,61.0,65.0,11932.0,8040.0
AGGAAGCTGTCCGCCG-1-Topic-5-Cell-2,1,61.0,65.0,11971.087422239316,7997.331957352419
AGGAAGCTGTCCGCCG-1-Topic-6-Cell-3,1,61.0,65.0,11850.479501398038,8047.154382507824
AGGAAGCTGTCCGCCG-1-Topic-6-Cell-4,1,61.0,65.0,12011.539089393606,8100.981132988058
AGGAAGCTGTCCGCCG-1-Topic-6-Cell-5,1,61.0,65.0,11911.841831929245,7926.038594152262
AGGACAGTCGAATCCC-1-Topic-5-Cell-1,1,43.0,85.0,8802.0,10011.0
AGGACAGTCGAATCCC-1-Topic-7-Cell-2,1,43.0,85.0,8852.46164512635,9955.91579380355
AGGACAGTCGAATCCC-1-Topic-9-Cell-3,1,43.0,85.0,8696.757488846692,10020.236268101733
AGGACATCGCACGTCG-1-Topic-0-Cell-1,1,16.0,38.0,4156.0,5304.0
AGGACATCGCACGTCG-1-Topic-0-Cell-2,1,16.0,38.0,4206.461645126349,5248.91579380355
AGGACATCGCACGTCG-1-Topic-6-Cell-3,1,16.0,38.0,4050.7574888466916,5313.236268101734
AGGACGACCCATTAGA-1-Topic-3-Cell-1,1,43.0,45.0,8827.0,6030.0
AGGACGACCCATTAGA-1-Topic-3-Cell-2,1,43.0,45.0,8888.802641070479,5962.535900966221
AGGACGCTCGATGTTG-1-Topic-2-Cell-1,1,18.0,98.0,4464.0,11278.0
AGGACGCTCGATGTTG-1-Topic-2-Cell-2,1,18.0,98.0,4503.087422239316,11235.331957352419
AGGACGCTCGATGTTG-1-Topic-4-Cell-3,1,18.0,98.0,4382.479501398037,11285.154382507824
AGGACGCTCGATGTTG-1-Topic-6-Cell-4,1,18.0,98.0,4543.5390893936055,11338.981132988058
AGGACGCTCGATGTTG-1-Topic-7-Cell-5,1,18.0,98.0,4443.841831929245,11164.038594152262
AGGAGGCCTTCGCGCG-1-Topic-6-Cell-1,1,52.0,98.0,10353.0,11315.0
AGGAGGCCTTCGCGCG-1-Topic-7-Cell-2,1,52.0,98.0,10396.701066596173,11267.295678086573
AGGAGGCCTTCGCGCG-1-Topic-7-Cell-3,1,52.0,98.0,10261.857311783167,11322.998842812265
AGGAGGCCTTCGCGCG-1-Topic-7-Cell-4,1,52.0,98.0,10441.927405376267,11383.178979353126
AGGATAAAGTCGGGAT-1-Topic-4-Cell-1,1,53.0,65.0,10546.0,8032.0
AGGATAAAGTCGGGAT-1-Topic-6-Cell-2,1,53.0,65.0,10581.68177145867,7993.049584262212
AGGATAAAGTCGGGAT-1-Topic-6-Cell-3,1,53.0,65.0,10471.582306694394,8038.531027807593
AGGATAAAGTCGGGAT-1-Topic-6-Cell-4,1,53.0,65.0,10618.608922440497,8087.66790353297
AGGATAAAGTCGGGAT-1-Topic-6-Cell-5,1,53.0,65.0,10527.59819438278,7927.967945553654
AGGATAAAGTCGGGAT-1-Topic-7-Cell-6,1,53.0,65.0,10482.603308934946,8131.6618184907275
AGGATCACGCGATCTG-1-Topic-0-Cell-1,1,48.0,16.0,9711.0,3149.0
AGGATCACGCGATCTG-1-Topic-0-Cell-2,1,48.0,16.0,9746.68177145867,3110.049584262212
AGGATCACGCGATCTG-1-Topic-3-Cell-3,1,48.0,16.0,9636.582306694394,3155.531027807593
AGGATCACGCGATCTG-1-Topic-3-Cell-4,1,48.0,16.0,9783.608922440497,3204.6679035329694
AGGATCACGCGATCTG-1-Topic-3-Cell-5,1,48.0,16.0,9692.59819438278,3044.9679455536548
AGGATCACGCGATCTG-1-Topic-3-Cell-6,1,48.0,16.0,9647.603308934946,3248.661818490727
AGGCAGATGCGTAAAC-1-Topic-6-Cell-1,1,26.0,86.0,5857.0,10092.0
AGGCAGATGCGTAAAC-1-Topic-6-Cell-2,1,26.0,86.0,5907.461645126349,10036.91579380355
AGGCAGATGCGTAAAC-1-Topic-7-Cell-3,1,26.0,86.0,5751.757488846692,10101.236268101733
AGGCAGGGAGCGTACT-1-Topic-0-Cell-1,1,59.0,49.0,11595.0,6446.0
AGGCAGGGAGCGTACT-1-Topic-3-Cell-2,1,59.0,49.0,11645.46164512635,6390.91579380355
AGGCAGGGAGCGTACT-1-Topic-3-Cell-3,1,59.0,49.0,11489.757488846692,6455.236268101734
AGGCCACCCGTTATGA-1-Topic-2-Cell-1,1,28.0,38.0,6234.0,5317.0
AGGCCACCCGTTATGA-1-Topic-6-Cell-2,1,28.0,38.0,6273.087422239316,5274.331957352419
AGGCCACCCGTTATGA-1-Topic-7-Cell-3,1,28.0,38.0,6152.479501398037,5324.154382507824
AGGCCACCCGTTATGA-1-Topic-7-Cell-4,1,28.0,38.0,6313.5390893936055,5377.981132988058
AGGCCACCCGTTATGA-1-Topic-7-Cell-5,1,28.0,38.0,6213.841831929245,5203.038594152262
AGGCCCTAGAACGCCA-1-Topic-0-Cell-1,1,45.0,25.0,9186.0,4042.0
AGGCCCTAGAACGCCA-1-Topic-0-Cell-2,1,45.0,25.0,9236.46164512635,3986.9157938035496
AGGCCCTAGAACGCCA-1-Topic-0-Cell-3,1,45.0,25.0,9080.757488846692,4051.236268101734
AGGCCTGAGAATCTCG-1-Topic-2-Cell-1,1,62.0,88.0,12091.0,10331.0
AGGCCTGAGAATCTCG-1-Topic-6-Cell-2,1,62.0,88.0,12134.701066596173,10283.295678086573
AGGCCTGAGAATCTCG-1-Topic-7-Cell-3,1,62.0,88.0,11999.857311783167,10338.998842812265
AGGCCTGAGAATCTCG-1-Topic-7-Cell-4,1,62.0,88.0,12179.927405376267,10399.178979353126
AGGCTATGGTTAGCTT-1-Topic-0-Cell-1,1,26.0,30.0,5892.0,4519.0
AGGCTATGGTTAGCTT-1-Topic-2-Cell-2,1,26.0,30.0,5931.087422239316,4476.331957352419
AGGCTATGGTTAGCTT-1-Topic-6-Cell-3,1,26.0,30.0,5810.479501398037,4526.154382507824
AGGCTATGGTTAGCTT-1-Topic-6-Cell-4,1,26.0,30.0,5971.5390893936055,4579.981132988058
AGGCTATGGTTAGCTT-1-Topic-7-Cell-5,1,26.0,30.0,5871.841831929245,4405.038594152262
AGGCTTCCCGAAGAAG-1-Topic-0-Cell-1,1,50.0,42.0,10041.0,5739.0
AGGCTTCCCGAAGAAG-1-Topic-0-Cell-2,1,50.0,42.0,10080.087422239316,5696.331957352419
AGGCTTCCCGAAGAAG-1-Topic-5-Cell-3,1,50.0,42.0,9959.479501398038,5746.154382507824
AGGCTTCCCGAAGAAG-1-Topic-5-Cell-4,1,50.0,42.0,10120.539089393606,5799.981132988058
AGGCTTCCCGAAGAAG-1-Topic-6-Cell-5,1,50.0,42.0,10020.841831929245,5625.038594152262
AGGGACCGGCTGCGTT-1-Topic-6-Cell-1,1,36.0,110.0,7574.0,12492.0
AGGGACCGGCTGCGTT-1-Topic-7-Cell-2,1,36.0,110.0,7609.6817714586705,12453.049584262211
AGGGACCGGCTGCGTT-1-Topic-7-Cell-3,1,36.0,110.0,7499.582306694395,12498.531027807592
AGGGACCGGCTGCGTT-1-Topic-7-Cell-4,1,36.0,110.0,7646.608922440497,12547.667903532969
AGGGACCGGCTGCGTT-1-Topic-9-Cell-5,1,36.0,110.0,7555.598194382778,12387.967945553655
AGGGACCGGCTGCGTT-1-Topic-9-Cell-6,1,36.0,110.0,7510.603308934945,12591.661818490727
AGGGACTCTACGCGAC-1-Topic-0-Cell-1,1,55.0,53.0,10900.0,6839.0
AGGGACTCTACGCGAC-1-Topic-0-Cell-2,1,55.0,53.0,10935.68177145867,6800.049584262212
AGGGACTCTACGCGAC-1-Topic-0-Cell-3,1,55.0,53.0,10825.582306694394,6845.531027807593
AGGGACTCTACGCGAC-1-Topic-0-Cell-4,1,55.0,53.0,10972.608922440497,6894.66790353297
AGGGACTCTACGCGAC-1-Topic-3-Cell-5,1,55.0,53.0,10881.59819438278,6734.967945553654
AGGGACTCTACGCGAC-1-Topic-5-Cell-6,1,55.0,53.0,10836.603308934946,6938.6618184907275
AGGGCGTGATCGGCTA-1-Topic-0-Cell-1,1,17.0,45.0,4324.0,6002.0
AGGGCGTGATCGGCTA-1-Topic-3-Cell-2,1,17.0,45.0,4367.701066596173,5954.295678086574
AGGGCGTGATCGGCTA-1-Topic-3-Cell-3,1,17.0,45.0,4232.8573117831675,6009.998842812265
AGGGCGTGATCGGCTA-1-Topic-5-Cell-4,1,17.0,45.0,4412.927405376267,6070.178979353126
AGGGCTGCAGTTACAG-1-Topic-0-Cell-1,1,35.0,65.0,7429.0,8012.0
AGGGCTGCAGTTACAG-1-Topic-3-Cell-2,1,35.0,65.0,7472.701066596173,7964.295678086574
AGGGCTGCAGTTACAG-1-Topic-3-Cell-3,1,35.0,65.0,7337.8573117831675,8019.998842812265
AGGGCTGCAGTTACAG-1-Topic-7-Cell-4,1,35.0,65.0,7517.927405376267,8080.178979353126
AGGGTCGATGCGAACT-1-Topic-3-Cell-1,1,37.0,97.0,7756.0,11199.0
AGGGTCGATGCGAACT-1-Topic-3-Cell-2,1,37.0,97.0,7806.461645126349,11143.91579380355
AGGGTCGATGCGAACT-1-Topic-7-Cell-3,1,37.0,97.0,7650.757488846692,11208.236268101733
AGGGTGCCGTTCTTTA-1-Topic-0-Cell-1,1,65.0,33.0,12645.0,4860.0
AGGGTGCTCTCGAGGG-1-Topic-6-Cell-1,1,34.0,92.0,7239.0,10698.0
AGGGTGCTCTCGAGGG-1-Topic-6-Cell-2,1,34.0,92.0,7272.034901211928,10661.938922215459
AGGGTGCTCTCGAGGG-1-Topic-6-Cell-3,1,34.0,92.0,7170.102603758962,10704.046556816444
AGGGTGCTCTCGAGGG-1-Topic-6-Cell-4,1,34.0,92.0,7306.222799818238,10749.538464003022
AGGGTGCTCTCGAGGG-1-Topic-7-Cell-5,1,34.0,92.0,7221.9632384874685,10601.68503297294
AGGGTGCTCTCGAGGG-1-Topic-7-Cell-6,1,34.0,92.0,7180.306069152901,10790.268914738599
AGGGTGCTCTCGAGGG-1-Topic-7-Cell-7,1,34.0,92.0,7354.685395307864,10666.901358761988
AGGGTTCCCTTTGGTT-1-Topic-6-Cell-1,1,30.0,88.0,6549.0,10296.0
AGGGTTCCCTTTGGTT-1-Topic-6-Cell-2,1,30.0,88.0,6584.6817714586705,10257.049584262211
AGGGTTCCCTTTGGTT-1-Topic-6-Cell-3,1,30.0,88.0,6474.582306694395,10302.531027807592
AGGGTTCCCTTTGGTT-1-Topic-6-Cell-4,1,30.0,88.0,6621.608922440497,10351.667903532969
AGGGTTCCCTTTGGTT-1-Topic-7-Cell-5,1,30.0,88.0,6530.598194382778,10191.967945553655
AGGGTTCCCTTTGGTT-1-Topic-8-Cell-6,1,30.0,88.0,6485.603308934945,10395.661818490727
AGGGTTTAGTTCGGGA-1-Topic-3-Cell-1,1,33.0,63.0,7084.0,7811.0
AGGGTTTAGTTCGGGA-1-Topic-7-Cell-2,1,33.0,63.0,7127.701066596173,7763.295678086574
AGGGTTTAGTTCGGGA-1-Topic-7-Cell-3,1,33.0,63.0,6992.8573117831675,7818.998842812265
AGGGTTTAGTTCGGGA-1-Topic-9-Cell-4,1,33.0,63.0,7172.927405376267,7879.178979353126
AGGTAGATCGAGATAT-1-Topic-3-Cell-1,1,63.0,35.0,12297.0,5057.0
AGGTAGATCGAGATAT-1-Topic-3-Cell-2,1,63.0,35.0,12347.46164512635,5001.91579380355
AGGTAGATCGAGATAT-1-Topic-7-Cell-3,1,63.0,35.0,12191.757488846692,5066.236268101734
AGGTAGGTACAAAGCT-1-Topic-3-Cell-1,1,35.0,31.0,7450.0,4628.0
AGGTAGGTACAAAGCT-1-Topic-3-Cell-2,1,35.0,31.0,7480.901320535239,4594.26795048311
AGGTAGGTACAAAGCT-1-Topic-3-Cell-3,1,35.0,31.0,7385.552387106307,4633.656035994198
AGGTAGGTACAAAGCT-1-Topic-3-Cell-4,1,35.0,31.0,7512.881171374884,4676.209818634973
AGGTAGGTACAAAGCT-1-Topic-3-Cell-5,1,35.0,31.0,7434.063568859983,4537.905598041579
AGGTAGGTACAAAGCT-1-Topic-3-Cell-6,1,35.0,31.0,7395.0968550217885,4714.309666600323
AGGTAGGTACAAAGCT-1-Topic-3-Cell-7,1,35.0,31.0,7558.213778473883,4598.909884823291
AGGTAGGTACAAAGCT-1-Topic-3-Cell-8,1,35.0,31.0,7342.588675800891,4572.214635774117
AGGTATAATTGATAGT-1-Topic-7-Cell-1,1,35.0,109.0,7402.0,12391.0
AGGTATAATTGATAGT-1-Topic-9-Cell-2,1,35.0,109.0,7452.461645126349,12335.91579380355
AGGTATAATTGATAGT-1-Topic-9-Cell-3,1,35.0,109.0,7296.757488846692,12400.236268101733
AGGTCAGGTGAGAGTG-1-Topic-4-Cell-1,1,46.0,20.0,9362.0,3545.0
AGGTCAGGTGAGAGTG-1-Topic-5-Cell-2,1,46.0,20.0,9423.802641070479,3477.5359009662207
AGGTCGCGGAGTTACT-1-Topic-6-Cell-1,1,26.0,104.0,5846.0,11884.0
AGGTCGCGGAGTTACT-1-Topic-6-Cell-2,1,26.0,104.0,5885.087422239316,11841.331957352419
AGGTCGCGGAGTTACT-1-Topic-6-Cell-3,1,26.0,104.0,5764.479501398037,11891.154382507824
AGGTCGCGGAGTTACT-1-Topic-7-Cell-4,1,26.0,104.0,5925.5390893936055,11944.981132988058
AGGTCGCGGAGTTACT-1-Topic-7-Cell-5,1,26.0,104.0,5825.841831929245,11770.038594152262
AGGTGGTGACCTTCGC-1-Topic-3-Cell-1,1,64.0,56.0,12457.0,7148.0
AGGTGGTGACCTTCGC-1-Topic-5-Cell-2,1,64.0,56.0,12518.802641070479,7080.535900966221
AGGTGTATCGCCATGA-1-Topic-0-Cell-1,1,37.0,17.0,7805.0,3237.0
AGGTGTATCGCCATGA-1-Topic-3-Cell-2,1,37.0,17.0,7844.087422239316,3194.3319573524186
AGGTGTATCGCCATGA-1-Topic-3-Cell-3,1,37.0,17.0,7723.479501398037,3244.1543825078243
AGGTGTATCGCCATGA-1-Topic-3-Cell-4,1,37.0,17.0,7884.5390893936055,3297.9811329880577
AGGTGTATCGCCATGA-1-Topic-3-Cell-5,1,37.0,17.0,7784.841831929245,3123.0385941522622
AGGTTCTCCTTTCCGG-1-Topic-3-Cell-1,1,66.0,8.0,12833.0,2373.0
AGGTTCTCCTTTCCGG-1-Topic-3-Cell-2,1,66.0,8.0,12883.46164512635,2317.9157938035496
AGGTTCTCCTTTCCGG-1-Topic-3-Cell-3,1,66.0,8.0,12727.757488846692,2382.236268101734
AGGTTGAGGCACGCTT-1-Topic-6-Cell-1,1,22.0,74.0,5172.0,8894.0
AGGTTGAGGCACGCTT-1-Topic-6-Cell-2,1,22.0,74.0,5215.701066596173,8846.295678086573
AGGTTGAGGCACGCTT-1-Topic-6-Cell-3,1,22.0,74.0,5080.8573117831675,8901.998842812265
AGGTTGAGGCACGCTT-1-Topic-8-Cell-4,1,22.0,74.0,5260.927405376267,8962.178979353126
AGGTTTCACACACCTT-1-Topic-3-Cell-1,1,41.0,67.0,8467.0,8218.0
AGGTTTCACACACCTT-1-Topic-3-Cell-2,1,41.0,67.0,8506.087422239316,8175.331957352419
AGGTTTCACACACCTT-1-Topic-3-Cell-3,1,41.0,67.0,8385.479501398038,8225.154382507824
AGGTTTCACACACCTT-1-Topic-7-Cell-4,1,41.0,67.0,8546.539089393606,8278.981132988058
AGGTTTCACACACCTT-1-Topic-7-Cell-5,1,41.0,67.0,8446.841831929245,8104.038594152262
AGTAATGTCTTGCCGC-1-Topic-3-Cell-1,1,16.0,60.0,4142.0,7494.0
AGTAATGTCTTGCCGC-1-Topic-3-Cell-2,1,16.0,60.0,4192.461645126349,7438.91579380355
AGTAATGTCTTGCCGC-1-Topic-7-Cell-3,1,16.0,60.0,4036.7574888466916,7503.236268101734
AGTACATCATTTATCA-1-Topic-4-Cell-1,1,29.0,109.0,6363.0,12385.0
AGTACATCATTTATCA-1-Topic-4-Cell-2,1,29.0,109.0,6402.087422239316,12342.331957352419
AGTACATCATTTATCA-1-Topic-6-Cell-3,1,29.0,109.0,6281.479501398037,12392.154382507824
AGTACATCATTTATCA-1-Topic-6-Cell-4,1,29.0,109.0,6442.5390893936055,12445.981132988058
AGTACATCATTTATCA-1-Topic-6-Cell-5,1,29.0,109.0,6342.841831929245,12271.038594152262
AGTACGGGCACCTGGC-1-Topic-1-Cell-1,1,25.0,79.0,5689.0,9395.0
AGTACGGGCACCTGGC-1-Topic-7-Cell-2,1,25.0,79.0,5728.087422239316,9352.331957352419
AGTACGGGCACCTGGC-1-Topic-7-Cell-3,1,25.0,79.0,5607.479501398037,9402.154382507824
AGTACGGGCACCTGGC-1-Topic-7-Cell-4,1,25.0,79.0,5768.5390893936055,9455.981132988058
AGTACGGGCACCTGGC-1-Topic-7-Cell-5,1,25.0,79.0,5668.841831929245,9281.038594152262
AGTACTCTTATGCCCA-1-Topic-7-Cell-1,1,56.0,88.0,11052.0,10324.0
AGTACTCTTATGCCCA-1-Topic-7-Cell-2,1,56.0,88.0,11102.46164512635,10268.91579380355
AGTACTCTTATGCCCA-1-Topic-7-Cell-3,1,56.0,88.0,10946.757488846692,10333.236268101733
AGTAGGAAGGAAGTTG-1-Topic-3-Cell-1,1,16.0,98.0,4118.0,11276.0
AGTAGGAAGGAAGTTG-1-Topic-3-Cell-2,1,16.0,98.0,4148.901320535239,11242.26795048311
AGTAGGAAGGAAGTTG-1-Topic-3-Cell-3,1,16.0,98.0,4053.552387106307,11281.656035994198
AGTAGGAAGGAAGTTG-1-Topic-6-Cell-4,1,16.0,98.0,4180.881171374884,11324.209818634972
AGTAGGAAGGAAGTTG-1-Topic-6-Cell-5,1,16.0,98.0,4102.063568859983,11185.90559804158
AGTAGGAAGGAAGTTG-1-Topic-7-Cell-6,1,16.0,98.0,4063.0968550217885,11362.309666600324
AGTAGGAAGGAAGTTG-1-Topic-9-Cell-7,1,16.0,98.0,4226.213778473883,11246.90988482329
AGTAGGAAGGAAGTTG-1-Topic-9-Cell-8,1,16.0,98.0,4010.588675800891,11220.214635774117
AGTATAATACTAGGCA-1-Topic-2-Cell-1,1,25.0,33.0,5717.0,4816.0
AGTATAATACTAGGCA-1-Topic-6-Cell-2,1,25.0,33.0,5756.087422239316,4773.331957352419
AGTATAATACTAGGCA-1-Topic-6-Cell-3,1,25.0,33.0,5635.479501398037,4823.154382507824
AGTATAATACTAGGCA-1-Topic-6-Cell-4,1,25.0,33.0,5796.5390893936055,4876.981132988058
AGTATAATACTAGGCA-1-Topic-6-Cell-5,1,25.0,33.0,5696.841831929245,4702.038594152262
AGTATACACAGCGACA-1-Topic-0-Cell-1,1,64.0,48.0,12462.0,6352.0
AGTATACACAGCGACA-1-Topic-7-Cell-2,1,64.0,48.0,12512.46164512635,6296.91579380355
AGTATACACAGCGACA-1-Topic-7-Cell-3,1,64.0,48.0,12356.757488846692,6361.236268101734
AGTATGCTGGAGACCA-1-Topic-0-Cell-1,1,58.0,26.0,11437.0,4155.0
AGTATGCTGGAGACCA-1-Topic-0-Cell-2,1,58.0,26.0,11472.68177145867,4116.049584262212
AGTATGCTGGAGACCA-1-Topic-0-Cell-3,1,58.0,26.0,11362.582306694394,4161.531027807593
AGTATGCTGGAGACCA-1-Topic-3-Cell-4,1,58.0,26.0,11509.608922440497,4210.66790353297
AGTATGCTGGAGACCA-1-Topic-3-Cell-5,1,58.0,26.0,11418.59819438278,4050.9679455536548
AGTATGCTGGAGACCA-1-Topic-3-Cell-6,1,58.0,26.0,11373.603308934946,4254.6618184907275
AGTATTTGGCACGACC-1-Topic-3-Cell-1,1,58.0,52.0,11420.0,6743.0
AGTATTTGGCACGACC-1-Topic-3-Cell-2,1,58.0,52.0,11450.90132053524,6709.26795048311
AGTATTTGGCACGACC-1-Topic-3-Cell-3,1,58.0,52.0,11355.552387106307,6748.656035994198
AGTATTTGGCACGACC-1-Topic-3-Cell-4,1,58.0,52.0,11482.881171374884,6791.209818634973
AGTATTTGGCACGACC-1-Topic-3-Cell-5,1,58.0,52.0,11404.063568859983,6652.905598041579
AGTATTTGGCACGACC-1-Topic-5-Cell-6,1,58.0,52.0,11365.096855021788,6829.309666600323
AGTATTTGGCACGACC-1-Topic-6-Cell-7,1,58.0,52.0,11528.213778473884,6713.909884823291
AGTATTTGGCACGACC-1-Topic-7-Cell-8,1,58.0,52.0,11312.588675800891,6687.214635774117
AGTCAAATGATGTGAT-1-Topic-3-Cell-1,1,67.0,35.0,12990.0,5061.0
AGTCAAATGATGTGAT-1-Topic-3-Cell-2,1,67.0,35.0,13040.46164512635,5005.91579380355
AGTCAAATGATGTGAT-1-Topic-3-Cell-3,1,67.0,35.0,12884.757488846692,5070.236268101734
AGTCAACACCACCATC-1-Topic-3-Cell-1,1,41.0,47.0,8479.0,6227.0
AGTCAACACCACCATC-1-Topic-3-Cell-2,1,41.0,47.0,8522.701066596173,6179.295678086574
AGTCAACACCACCATC-1-Topic-7-Cell-3,1,41.0,47.0,8387.857311783167,6234.998842812265
AGTCAACACCACCATC-1-Topic-9-Cell-4,1,41.0,47.0,8567.927405376267,6295.178979353126
AGTCAAGATGACACTT-1-Topic-6-Cell-1,1,48.0,90.0,9665.0,10514.0
AGTCAAGATGACACTT-1-Topic-9-Cell-2,1,48.0,90.0,9704.087422239316,10471.331957352419
AGTCAAGATGACACTT-1-Topic-9-Cell-3,1,48.0,90.0,9583.479501398038,10521.154382507824
AGTCAAGATGACACTT-1-Topic-9-Cell-4,1,48.0,90.0,9744.539089393606,10574.981132988058
AGTCAAGATGACACTT-1-Topic-9-Cell-5,1,48.0,90.0,9644.841831929245,10400.038594152262
AGTCACTAGCTCTCGA-1-Topic-4-Cell-1,1,55.0,99.0,10872.0,11418.0
AGTCACTAGCTCTCGA-1-Topic-4-Cell-2,1,55.0,99.0,10905.034901211928,11381.938922215459
AGTCACTAGCTCTCGA-1-Topic-6-Cell-3,1,55.0,99.0,10803.102603758962,11424.046556816444
AGTCACTAGCTCTCGA-1-Topic-6-Cell-4,1,55.0,99.0,10939.222799818237,11469.538464003022
AGTCACTAGCTCTCGA-1-Topic-6-Cell-5,1,55.0,99.0,10854.96323848747,11321.68503297294
AGTCACTAGCTCTCGA-1-Topic-6-Cell-6,1,55.0,99.0,10813.3060691529,11510.268914738599
AGTCACTAGCTCTCGA-1-Topic-6-Cell-7,1,55.0,99.0,10987.685395307864,11386.901358761988
AGTCAGCCACCGCCTG-1-Topic-0-Cell-1,1,16.0,28.0,4162.0,4309.0
AGTCAGCCACCGCCTG-1-Topic-0-Cell-2,1,16.0,28.0,4212.461645126349,4253.91579380355
AGTCAGCCACCGCCTG-1-Topic-3-Cell-3,1,16.0,28.0,4056.7574888466916,4318.236268101734
AGTCCATTGGCTGATG-1-Topic-6-Cell-1,1,42.0,100.0,8620.0,11503.0
AGTCCATTGGCTGATG-1-Topic-6-Cell-2,1,42.0,100.0,8655.68177145867,11464.049584262211
AGTCCATTGGCTGATG-1-Topic-6-Cell-3,1,42.0,100.0,8545.582306694394,11509.531027807592
AGTCCATTGGCTGATG-1-Topic-7-Cell-4,1,42.0,100.0,8692.608922440497,11558.667903532969
AGTCCATTGGCTGATG-1-Topic-9-Cell-5,1,42.0,100.0,8601.59819438278,11398.967945553655
AGTCCATTGGCTGATG-1-Topic-9-Cell-6,1,42.0,100.0,8556.603308934946,11602.661818490727
AGTCGACGGTCTCAAG-1-Topic-4-Cell-1,1,38.0,90.0,7933.0,10504.0
AGTCGACGGTCTCAAG-1-Topic-4-Cell-2,1,38.0,90.0,7983.461645126349,10448.91579380355
AGTCGACGGTCTCAAG-1-Topic-7-Cell-3,1,38.0,90.0,7827.757488846692,10513.236268101733
AGTCGGCCCAAACGAC-1-Topic-2-Cell-1,1,25.0,39.0,5714.0,5413.0
AGTCGGCCCAAACGAC-1-Topic-4-Cell-2,1,25.0,39.0,5741.638981324522,5382.829137703939
AGTCGGCCCAAACGAC-1-Topic-6-Cell-3,1,25.0,39.0,5656.356302632844,5418.058912386485
AGTCGGCCCAAACGAC-1-Topic-6-Cell-4,1,25.0,39.0,5770.242629479621,5456.120172660294
AGTCGGCCCAAACGAC-1-Topic-6-Cell-5,1,25.0,39.0,5699.746022660871,5332.417117131512
AGTCGGCCCAAACGAC-1-Topic-6-Cell-6,1,25.0,39.0,5664.893134260077,5490.197712653467
AGTCGGCCCAAACGAC-1-Topic-6-Cell-7,1,25.0,39.0,5810.789345907883,5386.981009996632
AGTCGGCCCAAACGAC-1-Topic-6-Cell-8,1,25.0,39.0,5617.92839101501,5363.104053376536
AGTCGGCCCAAACGAC-1-Topic-6-Cell-9,1,25.0,39.0,5753.700039877054,5521.708144113134
AGTCGGCCCAAACGAC-1-Topic-6-Cell-10,1,25.0,39.0,5760.836337417489,5299.535884613584
AGTCGGCTCAACTTTA-1-Topic-0-Cell-1,1,47.0,23.0,9534.0,3845.0
AGTCGGCTCAACTTTA-1-Topic-0-Cell-2,1,47.0,23.0,9577.701066596173,3797.295678086574
AGTCGGCTCAACTTTA-1-Topic-0-Cell-3,1,47.0,23.0,9442.857311783167,3852.998842812265
AGTCGGCTCAACTTTA-1-Topic-3-Cell-4,1,47.0,23.0,9622.927405376267,3913.178979353126
AGTCGTATAAAGCAGA-1-Topic-5-Cell-1,1,65.0,81.0,12615.0,9637.0
AGTCGTATAAAGCAGA-1-Topic-5-Cell-2,1,65.0,81.0,12665.46164512635,9581.91579380355
AGTCGTATAAAGCAGA-1-Topic-6-Cell-3,1,65.0,81.0,12509.757488846692,9646.236268101733
AGTCGTCGACCACCAA-1-Topic-3-Cell-1,1,57.0,91.0,11223.0,10624.0
AGTCGTCGACCACCAA-1-Topic-3-Cell-2,1,57.0,91.0,11262.087422239316,10581.331957352419
AGTCGTCGACCACCAA-1-Topic-6-Cell-3,1,57.0,91.0,11141.479501398038,10631.154382507824
AGTCGTCGACCACCAA-1-Topic-6-Cell-4,1,57.0,91.0,11302.539089393606,10684.981132988058
AGTCGTCGACCACCAA-1-Topic-7-Cell-5,1,57.0,91.0,11202.841831929245,10510.038594152262
AGTCGTGGGCATTACG-1-Topic-3-Cell-1,1,51.0,29.0,10223.0,4446.0
AGTCGTGGGCATTACG-1-Topic-3-Cell-2,1,51.0,29.0,10273.46164512635,4390.91579380355
AGTCGTGGGCATTACG-1-Topic-3-Cell-3,1,51.0,29.0,10117.757488846692,4455.236268101734
AGTCTAAAGTATACTC-1-Topic-7-Cell-1,1,29.0,111.0,6361.0,12584.0
AGTCTAAAGTATACTC-1-Topic-7-Cell-2,1,29.0,111.0,6411.461645126349,12528.91579380355
AGTCTAAAGTATACTC-1-Topic-9-Cell-3,1,29.0,111.0,6255.757488846692,12593.236268101733
AGTCTCACAAGACTAC-1-Topic-0-Cell-1,1,54.0,30.0,10741.0,4549.0
AGTCTCACAAGACTAC-1-Topic-0-Cell-2,1,54.0,30.0,10791.46164512635,4493.91579380355
AGTCTCACAAGACTAC-1-Topic-6-Cell-3,1,54.0,30.0,10635.757488846692,4558.236268101734
AGTCTGGACATCCTTG-1-Topic-0-Cell-1,1,18.0,20.0,4513.0,3515.0
AGTCTGGACATCCTTG-1-Topic-0-Cell-2,1,18.0,20.0,4548.6817714586705,3476.049584262212
AGTCTGGACATCCTTG-1-Topic-0-Cell-3,1,18.0,20.0,4438.582306694395,3521.531027807593
AGTCTGGACATCCTTG-1-Topic-0-Cell-4,1,18.0,20.0,4585.608922440497,3570.6679035329694
AGTCTGGACATCCTTG-1-Topic-3-Cell-5,1,18.0,20.0,4494.598194382778,3410.9679455536548
AGTCTGGACATCCTTG-1-Topic-3-Cell-6,1,18.0,20.0,4449.603308934945,3614.661818490727
AGTCTTCTCCTCAAAT-1-Topic-3-Cell-1,1,24.0,66.0,5524.0,8100.0
AGTCTTCTCCTCAAAT-1-Topic-3-Cell-2,1,24.0,66.0,5559.6817714586705,8061.049584262212
AGTCTTCTCCTCAAAT-1-Topic-6-Cell-3,1,24.0,66.0,5449.582306694395,8106.531027807593
AGTCTTCTCCTCAAAT-1-Topic-6-Cell-4,1,24.0,66.0,5596.608922440497,8155.66790353297
AGTCTTCTCCTCAAAT-1-Topic-6-Cell-5,1,24.0,66.0,5505.598194382778,7995.967945553654
AGTCTTCTCCTCAAAT-1-Topic-6-Cell-6,1,24.0,66.0,5460.603308934945,8199.661818490727
AGTCTTTAAAGTGTCC-1-Topic-2-Cell-1,1,67.0,77.0,12963.0,9241.0
AGTCTTTAAAGTGTCC-1-Topic-5-Cell-2,1,67.0,77.0,13006.701066596173,9193.295678086573
AGTCTTTAAAGTGTCC-1-Topic-5-Cell-3,1,67.0,77.0,12871.857311783167,9248.998842812265
AGTCTTTAAAGTGTCC-1-Topic-5-Cell-4,1,67.0,77.0,13051.927405376267,9309.178979353126
AGTGAACAAACTTCTC-1-Topic-9-Cell-1,1,44.0,102.0,8965.0,11704.0
AGTGAACAAACTTCTC-1-Topic-9-Cell-2,1,44.0,102.0,9004.087422239316,11661.331957352419
AGTGAACAAACTTCTC-1-Topic-9-Cell-3,1,44.0,102.0,8883.479501398038,11711.154382507824
AGTGAACAAACTTCTC-1-Topic-9-Cell-4,1,44.0,102.0,9044.539089393606,11764.981132988058
AGTGAACAAACTTCTC-1-Topic-9-Cell-5,1,44.0,102.0,8944.841831929245,11590.038594152262
AGTGACCTACTTTACG-1-Topic-3-Cell-1,1,44.0,52.0,8996.0,6728.0
AGTGACCTACTTTACG-1-Topic-3-Cell-2,1,44.0,52.0,9046.46164512635,6672.91579380355
AGTGACCTACTTTACG-1-Topic-3-Cell-3,1,44.0,52.0,8890.757488846692,6737.236268101734
AGTGAGACTTCCAGTA-1-Topic-2-Cell-1,1,35.0,87.0,7415.0,10202.0
AGTGAGACTTCCAGTA-1-Topic-6-Cell-2,1,35.0,87.0,7454.087422239316,10159.331957352419
AGTGAGACTTCCAGTA-1-Topic-6-Cell-3,1,35.0,87.0,7333.479501398037,10209.154382507824
AGTGAGACTTCCAGTA-1-Topic-7-Cell-4,1,35.0,87.0,7494.5390893936055,10262.981132988058
AGTGAGACTTCCAGTA-1-Topic-7-Cell-5,1,35.0,87.0,7394.841831929245,10088.038594152262
AGTGAGCCTCGCCGCC-1-Topic-6-Cell-1,1,29.0,103.0,6366.0,11788.0
AGTGAGCCTCGCCGCC-1-Topic-7-Cell-2,1,29.0,103.0,6409.701066596173,11740.295678086573
AGTGAGCCTCGCCGCC-1-Topic-7-Cell-3,1,29.0,103.0,6274.8573117831675,11795.998842812265
AGTGAGCCTCGCCGCC-1-Topic-7-Cell-4,1,29.0,103.0,6454.927405376267,11856.178979353126
AGTGATAACCTGCGCG-1-Topic-3-Cell-1,1,59.0,89.0,11571.0,10427.0
AGTGATAACCTGCGCG-1-Topic-3-Cell-2,1,59.0,89.0,11610.087422239316,10384.331957352419
AGTGATAACCTGCGCG-1-Topic-3-Cell-3,1,59.0,89.0,11489.479501398038,10434.154382507824
AGTGATAACCTGCGCG-1-Topic-7-Cell-4,1,59.0,89.0,11650.539089393606,10487.981132988058
AGTGATAACCTGCGCG-1-Topic-7-Cell-5,1,59.0,89.0,11550.841831929245,10313.038594152262
AGTGATATGAGTAGTT-1-Topic-0-Cell-1,1,45.0,49.0,9171.0,6430.0
AGTGATATGAGTAGTT-1-Topic-3-Cell-2,1,45.0,49.0,9210.087422239316,6387.331957352419
AGTGATATGAGTAGTT-1-Topic-3-Cell-3,1,45.0,49.0,9089.479501398038,6437.154382507824
AGTGATATGAGTAGTT-1-Topic-4-Cell-4,1,45.0,49.0,9250.539089393606,6490.981132988058
AGTGATATGAGTAGTT-1-Topic-4-Cell-5,1,45.0,49.0,9150.841831929245,6316.038594152262
AGTGATTCAAGCAGGA-1-Topic-4-Cell-1,1,33.0,87.0,7069.0,10200.0
AGTGATTCAAGCAGGA-1-Topic-6-Cell-2,1,33.0,87.0,7119.461645126349,10144.91579380355
AGTGATTCAAGCAGGA-1-Topic-7-Cell-3,1,33.0,87.0,6963.757488846692,10209.236268101733
AGTGCACGCTTAAGAA-1-Topic-7-Cell-1,1,52.0,96.0,10354.0,11116.0
AGTGCACGCTTAAGAA-1-Topic-7-Cell-2,1,52.0,96.0,10393.087422239316,11073.331957352419
AGTGCACGCTTAAGAA-1-Topic-7-Cell-3,1,52.0,96.0,10272.479501398038,11123.154382507824
AGTGCACGCTTAAGAA-1-Topic-7-Cell-4,1,52.0,96.0,10433.539089393606,11176.981132988058
AGTGCACGCTTAAGAA-1-Topic-7-Cell-5,1,52.0,96.0,10333.841831929245,11002.038594152262
AGTGCGTAGCTCGTAA-1-Topic-0-Cell-1,1,46.0,42.0,9349.0,5735.0
AGTGCGTAGCTCGTAA-1-Topic-3-Cell-2,1,46.0,42.0,9410.802641070479,5667.535900966221
AGTGCTAAACACAGCA-1-Topic-2-Cell-1,1,61.0,91.0,11916.0,10628.0
AGTGCTAAACACAGCA-1-Topic-3-Cell-2,1,61.0,91.0,11946.90132053524,10594.26795048311
AGTGCTAAACACAGCA-1-Topic-5-Cell-3,1,61.0,91.0,11851.552387106307,10633.656035994198
AGTGCTAAACACAGCA-1-Topic-6-Cell-4,1,61.0,91.0,11978.881171374884,10676.209818634972
AGTGCTAAACACAGCA-1-Topic-6-Cell-5,1,61.0,91.0,11900.063568859983,10537.90559804158
AGTGCTAAACACAGCA-1-Topic-7-Cell-6,1,61.0,91.0,11861.096855021788,10714.309666600324
AGTGCTAAACACAGCA-1-Topic-7-Cell-7,1,61.0,91.0,12024.213778473884,10598.90988482329
AGTGCTAAACACAGCA-1-Topic-7-Cell-8,1,61.0,91.0,11808.588675800891,10572.214635774117
AGTGCTTGCACGAATA-1-Topic-5-Cell-1,1,41.0,89.0,8453.0,10407.0
AGTGCTTGCACGAATA-1-Topic-7-Cell-2,1,41.0,89.0,8492.087422239316,10364.331957352419
AGTGCTTGCACGAATA-1-Topic-7-Cell-3,1,41.0,89.0,8371.479501398038,10414.154382507824
AGTGCTTGCACGAATA-1-Topic-7-Cell-4,1,41.0,89.0,8532.539089393606,10467.981132988058
AGTGCTTGCACGAATA-1-Topic-7-Cell-5,1,41.0,89.0,8432.841831929245,10293.038594152262
AGTGGCGGCAATTTGA-1-Topic-2-Cell-1,1,24.0,94.0,5506.0,10886.0
AGTGGCGGCAATTTGA-1-Topic-4-Cell-2,1,24.0,94.0,5541.6817714586705,10847.049584262211
AGTGGCGGCAATTTGA-1-Topic-6-Cell-3,1,24.0,94.0,5431.582306694395,10892.531027807592
AGTGGCGGCAATTTGA-1-Topic-6-Cell-4,1,24.0,94.0,5578.608922440497,10941.667903532969
AGTGGCGGCAATTTGA-1-Topic-7-Cell-5,1,24.0,94.0,5487.598194382778,10781.967945553655
AGTGGCGGCAATTTGA-1-Topic-8-Cell-6,1,24.0,94.0,5442.603308934945,10985.661818490727
AGTGGCGTCTGAAGGT-1-Topic-2-Cell-1,1,62.0,86.0,12092.0,10132.0
AGTGGCGTCTGAAGGT-1-Topic-3-Cell-2,1,62.0,86.0,12127.68177145867,10093.049584262211
AGTGGCGTCTGAAGGT-1-Topic-6-Cell-3,1,62.0,86.0,12017.582306694394,10138.531027807592
AGTGGCGTCTGAAGGT-1-Topic-6-Cell-4,1,62.0,86.0,12164.608922440497,10187.667903532969
AGTGGCGTCTGAAGGT-1-Topic-6-Cell-5,1,62.0,86.0,12073.59819438278,10027.967945553655
AGTGGCGTCTGAAGGT-1-Topic-6-Cell-6,1,62.0,86.0,12028.603308934946,10231.661818490727
AGTGGCTCCGTCGGCC-1-Topic-0-Cell-1,1,40.0,12.0,8328.0,2742.0
AGTGGCTCCGTCGGCC-1-Topic-3-Cell-2,1,40.0,12.0,8371.701066596173,2694.295678086574
AGTGGCTCCGTCGGCC-1-Topic-3-Cell-3,1,40.0,12.0,8236.857311783167,2749.998842812265
AGTGGCTCCGTCGGCC-1-Topic-3-Cell-4,1,40.0,12.0,8416.927405376267,2810.178979353126
AGTGTGGTCTATTGTG-1-Topic-0-Cell-1,1,21.0,23.0,5031.0,3817.0
AGTGTGGTCTATTGTG-1-Topic-0-Cell-2,1,21.0,23.0,5081.461645126349,3761.9157938035496
AGTGTGGTCTATTGTG-1-Topic-0-Cell-3,1,21.0,23.0,4925.757488846692,3826.236268101734
AGTTAAACACTTGCGA-1-Topic-3-Cell-1,1,40.0,44.0,8308.0,5927.0
AGTTAAACACTTGCGA-1-Topic-6-Cell-2,1,40.0,44.0,8343.68177145867,5888.049584262212
AGTTAAACACTTGCGA-1-Topic-6-Cell-3,1,40.0,44.0,8233.582306694394,5933.531027807593
AGTTAAACACTTGCGA-1-Topic-6-Cell-4,1,40.0,44.0,8380.608922440497,5982.66790353297
AGTTAAACACTTGCGA-1-Topic-6-Cell-5,1,40.0,44.0,8289.59819438278,5822.967945553654
AGTTAAACACTTGCGA-1-Topic-6-Cell-6,1,40.0,44.0,8244.603308934946,6026.6618184907275
AGTTAAGCGGTCCCGG-1-Topic-6-Cell-1,1,16.0,80.0,4129.0,9484.0
AGTTAAGCGGTCCCGG-1-Topic-7-Cell-2,1,16.0,80.0,4190.802641070479,9416.53590096622
AGTTAAGTCAACCGCT-1-Topic-0-Cell-1,1,51.0,25.0,10225.0,4048.0
AGTTAAGTCAACCGCT-1-Topic-0-Cell-2,1,51.0,25.0,10260.68177145867,4009.049584262212
AGTTAAGTCAACCGCT-1-Topic-0-Cell-3,1,51.0,25.0,10150.582306694394,4054.531027807593
AGTTAAGTCAACCGCT-1-Topic-0-Cell-4,1,51.0,25.0,10297.608922440497,4103.66790353297
AGTTAAGTCAACCGCT-1-Topic-0-Cell-5,1,51.0,25.0,10206.59819438278,3943.9679455536548
AGTTAAGTCAACCGCT-1-Topic-6-Cell-6,1,51.0,25.0,10161.603308934946,4147.6618184907275
AGTTCCTACAGAATTA-1-Topic-3-Cell-1,1,30.0,50.0,6573.0,6514.0
AGTTCCTACAGAATTA-1-Topic-3-Cell-2,1,30.0,50.0,6612.087422239316,6471.331957352419
AGTTCCTACAGAATTA-1-Topic-3-Cell-3,1,30.0,50.0,6491.479501398037,6521.154382507824
AGTTCCTACAGAATTA-1-Topic-6-Cell-4,1,30.0,50.0,6652.5390893936055,6574.981132988058
AGTTCCTACAGAATTA-1-Topic-7-Cell-5,1,30.0,50.0,6552.841831929245,6400.038594152262
AGTTCCTATTTATGTT-1-Topic-3-Cell-1,1,43.0,65.0,8815.0,8021.0
AGTTCCTATTTATGTT-1-Topic-3-Cell-2,1,43.0,65.0,8854.087422239316,7978.331957352419
AGTTCCTATTTATGTT-1-Topic-4-Cell-3,1,43.0,65.0,8733.479501398038,8028.154382507824
AGTTCCTATTTATGTT-1-Topic-4-Cell-4,1,43.0,65.0,8894.539089393606,8081.981132988058
AGTTCCTATTTATGTT-1-Topic-7-Cell-5,1,43.0,65.0,8794.841831929245,7907.038594152262
AGTTGACGGTCCTTGC-1-Topic-0-Cell-1,1,65.0,63.0,12626.0,7846.0
AGTTGACGGTCCTTGC-1-Topic-0-Cell-2,1,65.0,63.0,12656.90132053524,7812.26795048311
AGTTGACGGTCCTTGC-1-Topic-0-Cell-3,1,65.0,63.0,12561.552387106307,7851.656035994198
AGTTGACGGTCCTTGC-1-Topic-5-Cell-4,1,65.0,63.0,12688.881171374884,7894.209818634973
AGTTGACGGTCCTTGC-1-Topic-5-Cell-5,1,65.0,63.0,12610.063568859983,7755.905598041579
AGTTGACGGTCCTTGC-1-Topic-5-Cell-6,1,65.0,63.0,12571.096855021788,7932.309666600323
AGTTGACGGTCCTTGC-1-Topic-5-Cell-7,1,65.0,63.0,12734.213778473884,7816.909884823291
AGTTGACGGTCCTTGC-1-Topic-7-Cell-8,1,65.0,63.0,12518.588675800891,7790.214635774117
AGTTTGCACCTGCCTC-1-Topic-6-Cell-1,1,58.0,74.0,11407.0,8933.0
AGTTTGCACCTGCCTC-1-Topic-6-Cell-2,1,58.0,74.0,11446.087422239316,8890.331957352419
AGTTTGCACCTGCCTC-1-Topic-7-Cell-3,1,58.0,74.0,11325.479501398038,8940.154382507824
AGTTTGCACCTGCCTC-1-Topic-7-Cell-4,1,58.0,74.0,11486.539089393606,8993.981132988058
AGTTTGCACCTGCCTC-1-Topic-7-Cell-5,1,58.0,74.0,11386.841831929245,8819.038594152262
AGTTTGGCCAGACCTA-1-Topic-0-Cell-1,1,47.0,31.0,9529.0,4641.0
AGTTTGGCCAGACCTA-1-Topic-0-Cell-2,1,47.0,31.0,9572.701066596173,4593.295678086574
AGTTTGGCCAGACCTA-1-Topic-0-Cell-3,1,47.0,31.0,9437.857311783167,4648.998842812265
AGTTTGGCCAGACCTA-1-Topic-3-Cell-4,1,47.0,31.0,9617.927405376267,4709.178979353126
ATAAACGGACCCGTAA-1-Topic-2-Cell-1,1,47.0,61.0,9510.0,7627.0
ATAAACGGACCCGTAA-1-Topic-6-Cell-2,1,47.0,61.0,9549.087422239316,7584.331957352419
ATAAACGGACCCGTAA-1-Topic-6-Cell-3,1,47.0,61.0,9428.479501398038,7634.154382507824
ATAAACGGACCCGTAA-1-Topic-6-Cell-4,1,47.0,61.0,9589.539089393606,7687.981132988058
ATAAACGGACCCGTAA-1-Topic-7-Cell-5,1,47.0,61.0,9489.841831929245,7513.038594152262
ATAAACGTTGCACCAC-1-Topic-6-Cell-1,1,57.0,107.0,11213.0,12216.0
ATAAACGTTGCACCAC-1-Topic-7-Cell-2,1,57.0,107.0,11263.46164512635,12160.91579380355
ATAAACGTTGCACCAC-1-Topic-7-Cell-3,1,57.0,107.0,11107.757488846692,12225.236268101733
ATAAAGGCTCGGTCGT-1-Topic-2-Cell-1,1,34.0,50.0,7265.0,6518.0
ATAAAGGCTCGGTCGT-1-Topic-2-Cell-2,1,34.0,50.0,7300.6817714586705,6479.049584262212
ATAAAGGCTCGGTCGT-1-Topic-3-Cell-3,1,34.0,50.0,7190.582306694395,6524.531027807593
ATAAAGGCTCGGTCGT-1-Topic-3-Cell-4,1,34.0,50.0,7337.608922440497,6573.66790353297
ATAAAGGCTCGGTCGT-1-Topic-6-Cell-5,1,34.0,50.0,7246.598194382778,6413.967945553654
ATAAAGGCTCGGTCGT-1-Topic-6-Cell-6,1,34.0,50.0,7201.603308934945,6617.6618184907275
ATAAATATTAGCAGCT-1-Topic-3-Cell-1,1,38.0,28.0,7972.0,4333.0
ATAAATATTAGCAGCT-1-Topic-3-Cell-2,1,38.0,28.0,8011.087422239316,4290.331957352419
ATAAATATTAGCAGCT-1-Topic-3-Cell-3,1,38.0,28.0,7890.479501398037,4340.154382507824
ATAAATATTAGCAGCT-1-Topic-3-Cell-4,1,38.0,28.0,8051.5390893936055,4393.981132988058
ATAAATATTAGCAGCT-1-Topic-7-Cell-5,1,38.0,28.0,7951.841831929245,4219.038594152262
ATAACGCCGGAGGGTC-1-Topic-4-Cell-1,1,35.0,81.0,7419.0,9605.0
ATAACGCCGGAGGGTC-1-Topic-7-Cell-2,1,35.0,81.0,7454.6817714586705,9566.049584262211
ATAACGCCGGAGGGTC-1-Topic-7-Cell-3,1,35.0,81.0,7344.582306694395,9611.531027807592
ATAACGCCGGAGGGTC-1-Topic-7-Cell-4,1,35.0,81.0,7491.608922440497,9660.667903532969
ATAACGCCGGAGGGTC-1-Topic-7-Cell-5,1,35.0,81.0,7400.598194382778,9500.967945553655
ATAACGCCGGAGGGTC-1-Topic-7-Cell-6,1,35.0,81.0,7355.603308934945,9704.661818490727
ATAACGGAGTCCAACG-1-Topic-3-Cell-1,1,25.0,75.0,5691.0,8997.0
ATAACGGAGTCCAACG-1-Topic-7-Cell-2,1,25.0,75.0,5726.6817714586705,8958.049584262211
ATAACGGAGTCCAACG-1-Topic-7-Cell-3,1,25.0,75.0,5616.582306694395,9003.531027807592
ATAACGGAGTCCAACG-1-Topic-7-Cell-4,1,25.0,75.0,5763.608922440497,9052.667903532969
ATAACGGAGTCCAACG-1-Topic-7-Cell-5,1,25.0,75.0,5672.598194382778,8892.967945553655
ATAACGGAGTCCAACG-1-Topic-7-Cell-6,1,25.0,75.0,5627.603308934945,9096.661818490727
ATAAGGTGGAGAACAT-1-Topic-4-Cell-1,1,50.0,72.0,10022.0,8725.0
ATAAGGTGGAGAACAT-1-Topic-5-Cell-2,1,50.0,72.0,10072.46164512635,8669.91579380355
ATAAGGTGGAGAACAT-1-Topic-7-Cell-3,1,50.0,72.0,9916.757488846692,8734.236268101733
ATAAGTAGGATTCAGA-1-Topic-4-Cell-1,1,27.0,103.0,6020.0,11786.0
ATAAGTAGGATTCAGA-1-Topic-4-Cell-2,1,27.0,103.0,6053.034901211928,11749.938922215459
ATAAGTAGGATTCAGA-1-Topic-4-Cell-3,1,27.0,103.0,5951.102603758962,11792.046556816444
ATAAGTAGGATTCAGA-1-Topic-6-Cell-4,1,27.0,103.0,6087.222799818238,11837.538464003022
ATAAGTAGGATTCAGA-1-Topic-6-Cell-5,1,27.0,103.0,6002.9632384874685,11689.68503297294
ATAAGTAGGATTCAGA-1-Topic-6-Cell-6,1,27.0,103.0,5961.306069152901,11878.268914738599
ATAAGTAGGATTCAGA-1-Topic-9-Cell-7,1,27.0,103.0,6135.685395307864,11754.901358761988
ATAAGTAGGGCGACTC-1-Topic-7-Cell-1,1,36.0,108.0,7575.0,12293.0
ATAAGTAGGGCGACTC-1-Topic-7-Cell-2,1,36.0,108.0,7625.461645126349,12237.91579380355
ATAAGTAGGGCGACTC-1-Topic-9-Cell-3,1,36.0,108.0,7469.757488846692,12302.236268101733
ATAAGTTACCGCGACG-1-Topic-0-Cell-1,1,46.0,52.0,9342.0,6730.0
ATAAGTTACCGCGACG-1-Topic-0-Cell-2,1,46.0,52.0,9375.034901211928,6693.938922215459
ATAAGTTACCGCGACG-1-Topic-0-Cell-3,1,46.0,52.0,9273.102603758962,6736.046556816443
ATAAGTTACCGCGACG-1-Topic-3-Cell-4,1,46.0,52.0,9409.222799818237,6781.538464003022
ATAAGTTACCGCGACG-1-Topic-3-Cell-5,1,46.0,52.0,9324.96323848747,6633.685032972941
ATAAGTTACCGCGACG-1-Topic-3-Cell-6,1,46.0,52.0,9283.3060691529,6822.268914738599
ATAAGTTACCGCGACG-1-Topic-7-Cell-7,1,46.0,52.0,9457.685395307864,6698.901358761988
ATAATAGCTGTTGAAT-1-Topic-4-Cell-1,1,47.0,63.0,9509.0,7826.0
ATAATAGCTGTTGAAT-1-Topic-6-Cell-2,1,47.0,63.0,9544.68177145867,7787.049584262212
ATAATAGCTGTTGAAT-1-Topic-6-Cell-3,1,47.0,63.0,9434.582306694394,7832.531027807593
ATAATAGCTGTTGAAT-1-Topic-6-Cell-4,1,47.0,63.0,9581.608922440497,7881.66790353297
ATAATAGCTGTTGAAT-1-Topic-6-Cell-5,1,47.0,63.0,9490.59819438278,7721.967945553654
ATAATAGCTGTTGAAT-1-Topic-6-Cell-6,1,47.0,63.0,9445.603308934946,7925.6618184907275
ATAATAGTGTAGGGAC-1-Topic-0-Cell-1,1,18.0,30.0,4507.0,4510.0
ATAATAGTGTAGGGAC-1-Topic-0-Cell-2,1,18.0,30.0,4550.701066596173,4462.295678086574
ATAATAGTGTAGGGAC-1-Topic-0-Cell-3,1,18.0,30.0,4415.8573117831675,4517.998842812265
ATAATAGTGTAGGGAC-1-Topic-5-Cell-4,1,18.0,30.0,4595.927405376267,4578.178979353126
ATAATCTTGGAGAACC-1-Topic-6-Cell-1,1,61.0,77.0,11924.0,9235.0
ATAATCTTGGAGAACC-1-Topic-6-Cell-2,1,61.0,77.0,11957.034901211928,9198.938922215459
ATAATCTTGGAGAACC-1-Topic-6-Cell-3,1,61.0,77.0,11855.102603758962,9241.046556816444
ATAATCTTGGAGAACC-1-Topic-6-Cell-4,1,61.0,77.0,11991.222799818237,9286.538464003022
ATAATCTTGGAGAACC-1-Topic-6-Cell-5,1,61.0,77.0,11906.96323848747,9138.68503297294
ATAATCTTGGAGAACC-1-Topic-6-Cell-6,1,61.0,77.0,11865.3060691529,9327.268914738599
ATAATCTTGGAGAACC-1-Topic-7-Cell-7,1,61.0,77.0,12039.685395307864,9203.901358761988
ATAATTAGCTAAGTAG-1-Topic-0-Cell-1,1,64.0,64.0,12452.0,7944.0
ATAATTAGCTAAGTAG-1-Topic-3-Cell-2,1,64.0,64.0,12502.46164512635,7888.91579380355
ATAATTAGCTAAGTAG-1-Topic-5-Cell-3,1,64.0,64.0,12346.757488846692,7953.236268101734
ATACAGGCCCTCCAAT-1-Topic-6-Cell-1,1,56.0,72.0,11062.0,8732.0
ATACAGGCCCTCCAAT-1-Topic-6-Cell-2,1,56.0,72.0,11105.701066596173,8684.295678086573
ATACAGGCCCTCCAAT-1-Topic-7-Cell-3,1,56.0,72.0,10970.857311783167,8739.998842812265
ATACAGGCCCTCCAAT-1-Topic-7-Cell-4,1,56.0,72.0,11150.927405376267,8800.178979353126
ATACCACGGGCAACTT-1-Topic-3-Cell-1,1,35.0,29.0,7452.0,4429.0
ATACCACGGGCAACTT-1-Topic-3-Cell-2,1,35.0,29.0,7491.087422239316,4386.331957352419
ATACCACGGGCAACTT-1-Topic-3-Cell-3,1,35.0,29.0,7370.479501398037,4436.154382507824
ATACCACGGGCAACTT-1-Topic-3-Cell-4,1,35.0,29.0,7531.5390893936055,4489.981132988058
ATACCACGGGCAACTT-1-Topic-6-Cell-5,1,35.0,29.0,7431.841831929245,4315.038594152262
ATACCTAACCAAGAAA-1-Topic-4-Cell-1,1,58.0,64.0,11413.0,7938.0
ATACCTAACCAAGAAA-1-Topic-6-Cell-2,1,58.0,64.0,11452.087422239316,7895.331957352419
ATACCTAACCAAGAAA-1-Topic-6-Cell-3,1,58.0,64.0,11331.479501398038,7945.154382507824
ATACCTAACCAAGAAA-1-Topic-6-Cell-4,1,58.0,64.0,11492.539089393606,7998.981132988058
ATACCTAACCAAGAAA-1-Topic-6-Cell-5,1,58.0,64.0,11392.841831929245,7824.038594152262
ATACGCCGGCGAAACC-1-Topic-9-Cell-1,1,40.0,78.0,8287.0,9311.0
ATACGCCGGCGAAACC-1-Topic-9-Cell-2,1,40.0,78.0,8330.701066596173,9263.295678086573
ATACGCCGGCGAAACC-1-Topic-9-Cell-3,1,40.0,78.0,8195.857311783167,9318.998842812265
ATACGCCGGCGAAACC-1-Topic-9-Cell-4,1,40.0,78.0,8375.927405376267,9379.178979353126
ATACGGAACGTCGTTT-1-Topic-0-Cell-1,1,56.0,22.0,11093.0,3755.0
ATACGGAACGTCGTTT-1-Topic-0-Cell-2,1,56.0,22.0,11132.087422239316,3712.3319573524186
ATACGGAACGTCGTTT-1-Topic-0-Cell-3,1,56.0,22.0,11011.479501398038,3762.1543825078243
ATACGGAACGTCGTTT-1-Topic-3-Cell-4,1,56.0,22.0,11172.539089393606,3815.9811329880577
ATACGGAACGTCGTTT-1-Topic-7-Cell-5,1,56.0,22.0,11072.841831929245,3641.0385941522622
ATACGGGTTTCGATTG-1-Topic-7-Cell-1,1,22.0,82.0,5167.0,9690.0
ATACGGGTTTCGATTG-1-Topic-7-Cell-2,1,22.0,82.0,5206.087422239316,9647.331957352419
ATACGGGTTTCGATTG-1-Topic-8-Cell-3,1,22.0,82.0,5085.479501398037,9697.154382507824
ATACGGGTTTCGATTG-1-Topic-8-Cell-4,1,22.0,82.0,5246.5390893936055,9750.981132988058
ATACGGGTTTCGATTG-1-Topic-8-Cell-5,1,22.0,82.0,5146.841831929245,9576.038594152262
ATACGTACTTAGCCAC-1-Topic-4-Cell-1,1,55.0,77.0,10885.0,9228.0
ATACGTACTTAGCCAC-1-Topic-7-Cell-2,1,55.0,77.0,10928.701066596173,9180.295678086573
ATACGTACTTAGCCAC-1-Topic-7-Cell-3,1,55.0,77.0,10793.857311783167,9235.998842812265
ATACGTACTTAGCCAC-1-Topic-9-Cell-4,1,55.0,77.0,10973.927405376267,9296.178979353126
ATACGTTATGCACGGA-1-Topic-0-Cell-1,1,63.0,63.0,12279.0,7843.0
ATACGTTATGCACGGA-1-Topic-0-Cell-2,1,63.0,63.0,12309.90132053524,7809.26795048311
ATACGTTATGCACGGA-1-Topic-3-Cell-3,1,63.0,63.0,12214.552387106307,7848.656035994198
ATACGTTATGCACGGA-1-Topic-5-Cell-4,1,63.0,63.0,12341.881171374884,7891.209818634973
ATACGTTATGCACGGA-1-Topic-5-Cell-5,1,63.0,63.0,12263.063568859983,7752.905598041579
ATACGTTATGCACGGA-1-Topic-5-Cell-6,1,63.0,63.0,12224.096855021788,7929.309666600323
ATACGTTATGCACGGA-1-Topic-7-Cell-7,1,63.0,63.0,12387.213778473884,7813.909884823291
ATACGTTATGCACGGA-1-Topic-7-Cell-8,1,63.0,63.0,12171.588675800891,7787.214635774117
ATACTACCCGTACCAC-1-Topic-7-Cell-1,1,59.0,105.0,11561.0,12019.0
ATACTACCCGTACCAC-1-Topic-7-Cell-2,1,59.0,105.0,11622.802641070479,11951.53590096622
ATACTAGCATGACCCT-1-Topic-7-Cell-1,1,21.0,61.0,5007.0,7599.0
ATACTAGCATGACCCT-1-Topic-8-Cell-2,1,21.0,61.0,5068.802641070479,7531.535900966221
ATACTGCCTTACACCG-1-Topic-6-Cell-1,1,58.0,84.0,11400.0,9928.0
ATACTGCCTTACACCG-1-Topic-6-Cell-2,1,58.0,84.0,11439.087422239316,9885.331957352419
ATACTGCCTTACACCG-1-Topic-6-Cell-3,1,58.0,84.0,11318.479501398038,9935.154382507824
ATACTGCCTTACACCG-1-Topic-6-Cell-4,1,58.0,84.0,11479.539089393606,9988.981132988058
ATACTGCCTTACACCG-1-Topic-6-Cell-5,1,58.0,84.0,11379.841831929245,9814.038594152262
ATAGACAACGGGACCT-1-Topic-4-Cell-1,1,28.0,92.0,6200.0,10692.0
ATAGACAACGGGACCT-1-Topic-6-Cell-2,1,28.0,92.0,6233.034901211928,10655.938922215459
ATAGACAACGGGACCT-1-Topic-7-Cell-3,1,28.0,92.0,6131.102603758962,10698.046556816444
ATAGACAACGGGACCT-1-Topic-7-Cell-4,1,28.0,92.0,6267.222799818238,10743.538464003022
ATAGACAACGGGACCT-1-Topic-7-Cell-5,1,28.0,92.0,6182.9632384874685,10595.68503297294
ATAGACAACGGGACCT-1-Topic-7-Cell-6,1,28.0,92.0,6141.306069152901,10784.268914738599
ATAGACAACGGGACCT-1-Topic-7-Cell-7,1,28.0,92.0,6315.685395307864,10660.901358761988
ATAGACGAAGAGAAAG-1-Topic-6-Cell-1,1,33.0,45.0,7095.0,6019.0
ATAGACGAAGAGAAAG-1-Topic-7-Cell-2,1,33.0,45.0,7145.461645126349,5963.91579380355
ATAGACGAAGAGAAAG-1-Topic-7-Cell-3,1,33.0,45.0,6989.757488846692,6028.236268101734
ATAGAGTACTGGGACA-1-Topic-6-Cell-1,1,26.0,48.0,5881.0,6310.0
ATAGAGTACTGGGACA-1-Topic-6-Cell-2,1,26.0,48.0,5916.6817714586705,6271.049584262212
ATAGAGTACTGGGACA-1-Topic-6-Cell-3,1,26.0,48.0,5806.582306694395,6316.531027807593
ATAGAGTACTGGGACA-1-Topic-6-Cell-4,1,26.0,48.0,5953.608922440497,6365.66790353297
ATAGAGTACTGGGACA-1-Topic-6-Cell-5,1,26.0,48.0,5862.598194382778,6205.967945553654
ATAGAGTACTGGGACA-1-Topic-6-Cell-6,1,26.0,48.0,5817.603308934945,6409.6618184907275
ATAGAGTTATCAACTT-1-Topic-4-Cell-1,1,27.0,93.0,6026.0,10790.0
ATAGAGTTATCAACTT-1-Topic-6-Cell-2,1,27.0,93.0,6065.087422239316,10747.331957352419
ATAGAGTTATCAACTT-1-Topic-6-Cell-3,1,27.0,93.0,5944.479501398037,10797.154382507824
ATAGAGTTATCAACTT-1-Topic-6-Cell-4,1,27.0,93.0,6105.5390893936055,10850.981132988058
ATAGAGTTATCAACTT-1-Topic-7-Cell-5,1,27.0,93.0,6005.841831929245,10676.038594152262
ATAGCAACTAGGGAAG-1-Topic-3-Cell-1,1,62.0,98.0,12084.0,11326.0
ATAGCAACTAGGGAAG-1-Topic-3-Cell-2,1,62.0,98.0,12134.46164512635,11270.91579380355
ATAGCAACTAGGGAAG-1-Topic-7-Cell-3,1,62.0,98.0,11978.757488846692,11335.236268101733
ATAGGCGGCTATAGAA-1-Topic-3-Cell-1,1,43.0,33.0,8835.0,4836.0
ATAGGCGGCTATAGAA-1-Topic-3-Cell-2,1,43.0,33.0,8878.701066596173,4788.295678086574
ATAGGCGGCTATAGAA-1-Topic-3-Cell-3,1,43.0,33.0,8743.857311783167,4843.998842812265
ATAGGCGGCTATAGAA-1-Topic-5-Cell-4,1,43.0,33.0,8923.927405376267,4904.178979353126
ATAGGCTAGCTTCGCA-1-Topic-6-Cell-1,1,25.0,97.0,5677.0,11186.0
ATAGGCTAGCTTCGCA-1-Topic-6-Cell-2,1,25.0,97.0,5720.701066596173,11138.295678086573
ATAGGCTAGCTTCGCA-1-Topic-7-Cell-3,1,25.0,97.0,5585.8573117831675,11193.998842812265
ATAGGCTAGCTTCGCA-1-Topic-8-Cell-4,1,25.0,97.0,5765.927405376267,11254.178979353126
ATAGGGATATCCTTGA-1-Topic-2-Cell-1,1,21.0,71.0,5001.0,8594.0
ATAGGGATATCCTTGA-1-Topic-2-Cell-2,1,21.0,71.0,5044.701066596173,8546.295678086573
ATAGGGATATCCTTGA-1-Topic-6-Cell-3,1,21.0,71.0,4909.8573117831675,8601.998842812265
ATAGGGATATCCTTGA-1-Topic-6-Cell-4,1,21.0,71.0,5089.927405376267,8662.178979353126
ATAGGTTGGGCAGATG-1-Topic-1-Cell-1,1,28.0,64.0,6218.0,7905.0
ATAGGTTGGGCAGATG-1-Topic-6-Cell-2,1,28.0,64.0,6253.6817714586705,7866.049584262212
ATAGGTTGGGCAGATG-1-Topic-6-Cell-3,1,28.0,64.0,6143.582306694395,7911.531027807593
ATAGGTTGGGCAGATG-1-Topic-6-Cell-4,1,28.0,64.0,6290.608922440497,7960.66790353297
ATAGGTTGGGCAGATG-1-Topic-7-Cell-5,1,28.0,64.0,6199.598194382778,7800.967945553654
ATAGGTTGGGCAGATG-1-Topic-7-Cell-6,1,28.0,64.0,6154.603308934945,8004.6618184907275
ATAGTGAAGCGTTCTC-1-Topic-0-Cell-1,1,41.0,57.0,8473.0,7222.0
ATAGTGAAGCGTTCTC-1-Topic-2-Cell-2,1,41.0,57.0,8512.087422239316,7179.331957352419
ATAGTGAAGCGTTCTC-1-Topic-3-Cell-3,1,41.0,57.0,8391.479501398038,7229.154382507824
ATAGTGAAGCGTTCTC-1-Topic-3-Cell-4,1,41.0,57.0,8552.539089393606,7282.981132988058
ATAGTGAAGCGTTCTC-1-Topic-3-Cell-5,1,41.0,57.0,8452.841831929245,7108.038594152262
ATAGTTCCACCCACTC-1-Topic-4-Cell-1,1,38.0,102.0,7926.0,11698.0
ATAGTTCCACCCACTC-1-Topic-7-Cell-2,1,38.0,102.0,7987.802641070479,11630.53590096622
ATATAAAGCGCTCGTG-1-Topic-6-Cell-1,1,58.0,68.0,11410.0,8336.0
ATATAAAGCGCTCGTG-1-Topic-6-Cell-2,1,58.0,68.0,11445.68177145867,8297.049584262211
ATATAAAGCGCTCGTG-1-Topic-6-Cell-3,1,58.0,68.0,11335.582306694394,8342.531027807592
ATATAAAGCGCTCGTG-1-Topic-6-Cell-4,1,58.0,68.0,11482.608922440497,8391.667903532969
ATATAAAGCGCTCGTG-1-Topic-6-Cell-5,1,58.0,68.0,11391.59819438278,8231.967945553655
ATATAAAGCGCTCGTG-1-Topic-6-Cell-6,1,58.0,68.0,11346.603308934946,8435.661818490727
ATATAAATGTAGCTGC-1-Topic-4-Cell-1,1,54.0,74.0,10714.0,8928.0
ATATAAATGTAGCTGC-1-Topic-6-Cell-2,1,54.0,74.0,10757.701066596173,8880.295678086573
ATATAAATGTAGCTGC-1-Topic-6-Cell-3,1,54.0,74.0,10622.857311783167,8935.998842812265
ATATAAATGTAGCTGC-1-Topic-6-Cell-4,1,54.0,74.0,10802.927405376267,8996.178979353126
ATATAACACGGGCGCA-1-Topic-2-Cell-1,1,66.0,94.0,12780.0,10932.0
ATATAACACGGGCGCA-1-Topic-6-Cell-2,1,66.0,94.0,12823.701066596173,10884.295678086573
ATATAACACGGGCGCA-1-Topic-7-Cell-3,1,66.0,94.0,12688.857311783167,10939.998842812265
ATATAACACGGGCGCA-1-Topic-7-Cell-4,1,66.0,94.0,12868.927405376267,11000.178979353126
ATATACGCTCGTGACG-1-Topic-3-Cell-1,1,62.0,108.0,12078.0,12321.0
ATATACGCTCGTGACG-1-Topic-7-Cell-2,1,62.0,108.0,12121.701066596173,12273.295678086573
ATATACGCTCGTGACG-1-Topic-7-Cell-3,1,62.0,108.0,11986.857311783167,12328.998842812265
ATATACGCTCGTGACG-1-Topic-7-Cell-4,1,62.0,108.0,12166.927405376267,12389.178979353126
ATATAGAGTATTGGTC-1-Topic-0-Cell-1,1,63.0,11.0,12312.0,2668.0
ATATCAACCTACAGAG-1-Topic-4-Cell-1,1,37.0,105.0,7751.0,11995.0
ATATCAACCTACAGAG-1-Topic-7-Cell-2,1,37.0,105.0,7786.6817714586705,11956.049584262211
ATATCAACCTACAGAG-1-Topic-7-Cell-3,1,37.0,105.0,7676.582306694395,12001.531027807592
ATATCAACCTACAGAG-1-Topic-7-Cell-4,1,37.0,105.0,7823.608922440497,12050.667903532969
ATATCAACCTACAGAG-1-Topic-7-Cell-5,1,37.0,105.0,7732.598194382778,11890.967945553655
ATATCAACCTACAGAG-1-Topic-7-Cell-6,1,37.0,105.0,7687.603308934945,12094.661818490727
ATATCGGTAGGGAGAT-1-Topic-4-Cell-1,1,38.0,110.0,7921.0,12494.0
ATATCGGTAGGGAGAT-1-Topic-6-Cell-2,1,38.0,110.0,7971.461645126349,12438.91579380355
ATATCGGTAGGGAGAT-1-Topic-9-Cell-3,1,38.0,110.0,7815.757488846692,12503.236268101733
ATATCGTTCCTCGAAC-1-Topic-7-Cell-1,1,58.0,92.0,11395.0,10724.0
ATATCGTTCCTCGAAC-1-Topic-7-Cell-2,1,58.0,92.0,11445.46164512635,10668.91579380355
ATATCGTTCCTCGAAC-1-Topic-7-Cell-3,1,58.0,92.0,11289.757488846692,10733.236268101733
ATATCTCCCTCGTTAA-1-Topic-6-Cell-1,1,19.0,87.0,4645.0,10184.0
ATATCTCCCTCGTTAA-1-Topic-7-Cell-2,1,19.0,87.0,4684.087422239316,10141.331957352419
ATATCTCCCTCGTTAA-1-Topic-8-Cell-3,1,19.0,87.0,4563.479501398037,10191.154382507824
ATATCTCCCTCGTTAA-1-Topic-8-Cell-4,1,19.0,87.0,4724.5390893936055,10244.981132988058
ATATCTCCCTCGTTAA-1-Topic-8-Cell-5,1,19.0,87.0,4624.841831929245,10070.038594152262
ATATCTTAGGGCCTTC-1-Topic-0-Cell-1,1,35.0,61.0,7432.0,7614.0
ATATCTTAGGGCCTTC-1-Topic-0-Cell-2,1,35.0,61.0,7471.087422239316,7571.331957352419
ATATCTTAGGGCCTTC-1-Topic-6-Cell-3,1,35.0,61.0,7350.479501398037,7621.154382507824
ATATCTTAGGGCCTTC-1-Topic-6-Cell-4,1,35.0,61.0,7511.5390893936055,7674.981132988058
ATATCTTAGGGCCTTC-1-Topic-8-Cell-5,1,35.0,61.0,7411.841831929245,7500.038594152262
ATATGTCTCCCTAGCC-1-Topic-3-Cell-1,1,35.0,97.0,7409.0,11197.0
ATATGTCTCCCTAGCC-1-Topic-3-Cell-2,1,35.0,97.0,7448.087422239316,11154.331957352419
ATATGTCTCCCTAGCC-1-Topic-7-Cell-3,1,35.0,97.0,7327.479501398037,11204.154382507824
ATATGTCTCCCTAGCC-1-Topic-9-Cell-4,1,35.0,97.0,7488.5390893936055,11257.981132988058
ATATGTCTCCCTAGCC-1-Topic-9-Cell-5,1,35.0,97.0,7388.841831929245,11083.038594152262
ATATTCAGTTAAACCT-1-Topic-0-Cell-1,1,44.0,40.0,9003.0,5534.0
ATATTCAGTTAAACCT-1-Topic-0-Cell-2,1,44.0,40.0,9053.46164512635,5478.91579380355
ATATTCAGTTAAACCT-1-Topic-3-Cell-3,1,44.0,40.0,8897.757488846692,5543.236268101734
ATATTCCACATAGTGA-1-Topic-4-Cell-1,1,51.0,77.0,10193.0,9224.0
ATATTCCACATAGTGA-1-Topic-4-Cell-2,1,51.0,77.0,10228.68177145867,9185.049584262211
ATATTCCACATAGTGA-1-Topic-4-Cell-3,1,51.0,77.0,10118.582306694394,9230.531027807592
ATATTCCACATAGTGA-1-Topic-5-Cell-4,1,51.0,77.0,10265.608922440497,9279.667903532969
ATATTCCACATAGTGA-1-Topic-6-Cell-5,1,51.0,77.0,10174.59819438278,9119.967945553655
ATATTCCACATAGTGA-1-Topic-6-Cell-6,1,51.0,77.0,10129.603308934946,9323.661818490727
ATATTGCTGTCAAAGT-1-Topic-0-Cell-1,1,18.0,32.0,4506.0,4709.0
ATATTGCTGTCAAAGT-1-Topic-2-Cell-2,1,18.0,32.0,4545.087422239316,4666.331957352419
ATATTGCTGTCAAAGT-1-Topic-5-Cell-3,1,18.0,32.0,4424.479501398037,4716.154382507824
ATATTGCTGTCAAAGT-1-Topic-5-Cell-4,1,18.0,32.0,4585.5390893936055,4769.981132988058
ATATTGCTGTCAAAGT-1-Topic-7-Cell-5,1,18.0,32.0,4485.841831929245,4595.038594152262
ATATTTAACCCTCAAG-1-Topic-3-Cell-1,1,31.0,55.0,6743.0,7012.0
ATATTTAACCCTCAAG-1-Topic-5-Cell-2,1,31.0,55.0,6786.701066596173,6964.295678086574
ATATTTAACCCTCAAG-1-Topic-5-Cell-3,1,31.0,55.0,6651.8573117831675,7019.998842812265
ATATTTAACCCTCAAG-1-Topic-8-Cell-4,1,31.0,55.0,6831.927405376267,7080.178979353126
ATCAAACACTGTTCCA-1-Topic-4-Cell-1,1,47.0,107.0,9481.0,12205.0
ATCAAACACTGTTCCA-1-Topic-7-Cell-2,1,47.0,107.0,9524.701066596173,12157.295678086573
ATCAAACACTGTTCCA-1-Topic-9-Cell-3,1,47.0,107.0,9389.857311783167,12212.998842812265
ATCAAACACTGTTCCA-1-Topic-9-Cell-4,1,47.0,107.0,9569.927405376267,12273.178979353126
ATCAAACGAAGGTTTG-1-Topic-0-Cell-1,1,49.0,33.0,9874.0,4842.0
ATCAAACGAAGGTTTG-1-Topic-0-Cell-2,1,49.0,33.0,9924.46164512635,4786.91579380355
ATCAAACGAAGGTTTG-1-Topic-7-Cell-3,1,49.0,33.0,9768.757488846692,4851.236268101734
ATCAATCTGGGCTGCA-1-Topic-3-Cell-1,1,33.0,65.0,7083.0,8010.0
ATCAATCTGGGCTGCA-1-Topic-3-Cell-2,1,33.0,65.0,7126.701066596173,7962.295678086574
ATCAATCTGGGCTGCA-1-Topic-3-Cell-3,1,33.0,65.0,6991.8573117831675,8017.998842812265
ATCAATCTGGGCTGCA-1-Topic-4-Cell-4,1,33.0,65.0,7171.927405376267,8078.178979353126
ATCAATGCCGTGGCTG-1-Topic-0-Cell-1,1,61.0,19.0,11961.0,3462.0
ATCACATTAGAATATC-1-Topic-6-Cell-1,1,20.0,82.0,4821.0,9688.0
ATCACATTAGAATATC-1-Topic-6-Cell-2,1,20.0,82.0,4860.087422239316,9645.331957352419
ATCACATTAGAATATC-1-Topic-6-Cell-3,1,20.0,82.0,4739.479501398037,9695.154382507824
ATCACATTAGAATATC-1-Topic-7-Cell-4,1,20.0,82.0,4900.5390893936055,9748.981132988058
ATCACATTAGAATATC-1-Topic-7-Cell-5,1,20.0,82.0,4800.841831929245,9574.038594152262
ATCACGTGCTAATTAA-1-Topic-0-Cell-1,1,46.0,36.0,9352.0,5138.0
ATCACGTGCTAATTAA-1-Topic-0-Cell-2,1,46.0,36.0,9395.701066596173,5090.295678086574
ATCACGTGCTAATTAA-1-Topic-3-Cell-3,1,46.0,36.0,9260.857311783167,5145.998842812265
ATCACGTGCTAATTAA-1-Topic-5-Cell-4,1,46.0,36.0,9440.927405376267,5206.178979353126
ATCACTTCATCCTCGC-1-Topic-6-Cell-1,1,21.0,67.0,5003.0,8196.0
ATCACTTCATCCTCGC-1-Topic-6-Cell-2,1,21.0,67.0,5046.701066596173,8148.295678086574
ATCACTTCATCCTCGC-1-Topic-6-Cell-3,1,21.0,67.0,4911.8573117831675,8203.998842812265
ATCACTTCATCCTCGC-1-Topic-7-Cell-4,1,21.0,67.0,5091.927405376267,8264.178979353126
ATCAGACGGCACGCCG-1-Topic-0-Cell-1,1,44.0,42.0,9002.0,5733.0
ATCAGACGGCACGCCG-1-Topic-3-Cell-2,1,44.0,42.0,9063.802641070479,5665.535900966221
ATCAGCCTCATGCTGC-1-Topic-3-Cell-1,1,57.0,87.0,11225.0,10226.0
ATCAGCCTCATGCTGC-1-Topic-3-Cell-2,1,57.0,87.0,11275.46164512635,10170.91579380355
ATCAGCCTCATGCTGC-1-Topic-3-Cell-3,1,57.0,87.0,11119.757488846692,10235.236268101733
ATCAGCTCGTCCACTA-1-Topic-3-Cell-1,1,49.0,15.0,9885.0,3051.0
ATCAGCTCGTCCACTA-1-Topic-3-Cell-2,1,49.0,15.0,9935.46164512635,2995.9157938035496
ATCAGCTCGTCCACTA-1-Topic-3-Cell-3,1,49.0,15.0,9779.757488846692,3060.236268101734
ATCAGTAGGCAGGGAT-1-Topic-3-Cell-1,1,23.0,87.0,5337.0,10189.0
ATCAGTAGGCAGGGAT-1-Topic-6-Cell-2,1,23.0,87.0,5380.701066596173,10141.295678086573
ATCAGTAGGCAGGGAT-1-Topic-7-Cell-3,1,23.0,87.0,5245.8573117831675,10196.998842812265
ATCAGTAGGCAGGGAT-1-Topic-7-Cell-4,1,23.0,87.0,5425.927405376267,10257.178979353126
ATCATAGCCCTATGTA-1-Topic-2-Cell-1,1,62.0,106.0,12079.0,12122.0
ATCATAGCCCTATGTA-1-Topic-2-Cell-2,1,62.0,106.0,12122.701066596173,12074.295678086573
ATCATAGCCCTATGTA-1-Topic-7-Cell-3,1,62.0,106.0,11987.857311783167,12129.998842812265
ATCATAGCCCTATGTA-1-Topic-7-Cell-4,1,62.0,106.0,12167.927405376267,12190.178979353126
ATCATCCAATATTTGT-1-Topic-3-Cell-1,1,39.0,59.0,8126.0,7419.0
ATCATCCAATATTTGT-1-Topic-3-Cell-2,1,39.0,59.0,8169.701066596173,7371.295678086574
ATCATCCAATATTTGT-1-Topic-6-Cell-3,1,39.0,59.0,8034.8573117831675,7426.998842812265
ATCATCCAATATTTGT-1-Topic-7-Cell-4,1,39.0,59.0,8214.927405376267,7487.178979353126
ATCCAACGCAGTCATA-1-Topic-6-Cell-1,1,25.0,37.0,5715.0,5214.0
ATCCAACGCAGTCATA-1-Topic-6-Cell-2,1,25.0,37.0,5748.034901211928,5177.938922215459
ATCCAACGCAGTCATA-1-Topic-6-Cell-3,1,25.0,37.0,5646.102603758962,5220.046556816443
ATCCAACGCAGTCATA-1-Topic-6-Cell-4,1,25.0,37.0,5782.222799818238,5265.538464003022
ATCCAACGCAGTCATA-1-Topic-6-Cell-5,1,25.0,37.0,5697.9632384874685,5117.685032972941
ATCCAACGCAGTCATA-1-Topic-7-Cell-6,1,25.0,37.0,5656.306069152901,5306.268914738599
ATCCAACGCAGTCATA-1-Topic-7-Cell-7,1,25.0,37.0,5830.685395307864,5182.901358761988
ATCCAATGGAGGGTCC-1-Topic-0-Cell-1,1,43.0,27.0,8838.0,4239.0
ATCCAATGGAGGGTCC-1-Topic-0-Cell-2,1,43.0,27.0,8877.087422239316,4196.331957352419
ATCCAATGGAGGGTCC-1-Topic-2-Cell-3,1,43.0,27.0,8756.479501398038,4246.154382507824
ATCCAATGGAGGGTCC-1-Topic-3-Cell-4,1,43.0,27.0,8917.539089393606,4299.981132988058
ATCCAATGGAGGGTCC-1-Topic-7-Cell-5,1,43.0,27.0,8817.841831929245,4125.038594152262
ATCCACATCGACAGAA-1-Topic-2-Cell-1,1,62.0,72.0,12101.0,8738.0
ATCCACATCGACAGAA-1-Topic-2-Cell-2,1,62.0,72.0,12134.034901211928,8701.938922215459
ATCCACATCGACAGAA-1-Topic-2-Cell-3,1,62.0,72.0,12032.102603758962,8744.046556816444
ATCCACATCGACAGAA-1-Topic-6-Cell-4,1,62.0,72.0,12168.222799818237,8789.538464003022
ATCCACATCGACAGAA-1-Topic-6-Cell-5,1,62.0,72.0,12083.96323848747,8641.68503297294
ATCCACATCGACAGAA-1-Topic-6-Cell-6,1,62.0,72.0,12042.3060691529,8830.268914738599
ATCCACATCGACAGAA-1-Topic-7-Cell-7,1,62.0,72.0,12216.685395307864,8706.901358761988
ATCCAGAGCAACAACC-1-Topic-0-Cell-1,1,50.0,52.0,10035.0,6735.0
ATCCAGAGCAACAACC-1-Topic-5-Cell-2,1,50.0,52.0,10078.701066596173,6687.295678086574
ATCCAGAGCAACAACC-1-Topic-7-Cell-3,1,50.0,52.0,9943.857311783167,6742.998842812265
ATCCAGAGCAACAACC-1-Topic-9-Cell-4,1,50.0,52.0,10123.927405376267,6803.178979353126
ATCCAGGATTCGTGAA-1-Topic-0-Cell-1,1,40.0,46.0,8307.0,6126.0
ATCCAGGATTCGTGAA-1-Topic-2-Cell-2,1,40.0,46.0,8357.46164512635,6070.91579380355
ATCCAGGATTCGTGAA-1-Topic-8-Cell-3,1,40.0,46.0,8201.757488846692,6135.236268101734
ATCCTACCTAAGCTCT-1-Topic-2-Cell-1,1,44.0,48.0,8998.0,6330.0
ATCCTACCTAAGCTCT-1-Topic-3-Cell-2,1,44.0,48.0,9037.087422239316,6287.331957352419
ATCCTACCTAAGCTCT-1-Topic-3-Cell-3,1,44.0,48.0,8916.479501398038,6337.154382507824
ATCCTACCTAAGCTCT-1-Topic-6-Cell-4,1,44.0,48.0,9077.539089393606,6390.981132988058
ATCCTACCTAAGCTCT-1-Topic-6-Cell-5,1,44.0,48.0,8977.841831929245,6216.038594152262
ATCCTGAATCGCTGCG-1-Topic-3-Cell-1,1,38.0,26.0,7973.0,4134.0
ATCCTGAATCGCTGCG-1-Topic-3-Cell-2,1,38.0,26.0,8012.087422239316,4091.3319573524186
ATCCTGAATCGCTGCG-1-Topic-3-Cell-3,1,38.0,26.0,7891.479501398037,4141.154382507824
ATCCTGAATCGCTGCG-1-Topic-3-Cell-4,1,38.0,26.0,8052.5390893936055,4194.981132988058
ATCCTGAATCGCTGCG-1-Topic-3-Cell-5,1,38.0,26.0,7952.841831929245,4020.0385941522622
ATCCTGCGTGGAATGG-1-Topic-2-Cell-1,1,45.0,47.0,9172.0,6231.0
ATCCTGCGTGGAATGG-1-Topic-3-Cell-2,1,45.0,47.0,9207.68177145867,6192.049584262212
ATCCTGCGTGGAATGG-1-Topic-3-Cell-3,1,45.0,47.0,9097.582306694394,6237.531027807593
ATCCTGCGTGGAATGG-1-Topic-3-Cell-4,1,45.0,47.0,9244.608922440497,6286.66790353297
ATCCTGCGTGGAATGG-1-Topic-3-Cell-5,1,45.0,47.0,9153.59819438278,6126.967945553654
ATCCTGCGTGGAATGG-1-Topic-3-Cell-6,1,45.0,47.0,9108.603308934946,6330.6618184907275
ATCGACCCAATACAGA-1-Topic-3-Cell-1,1,43.0,63.0,8816.0,7822.0
ATCGACCCAATACAGA-1-Topic-3-Cell-2,1,43.0,63.0,8866.46164512635,7766.91579380355
ATCGACCCAATACAGA-1-Topic-3-Cell-3,1,43.0,63.0,8710.757488846692,7831.236268101734
ATCGACTCTTTCCGTT-1-Topic-3-Cell-1,1,23.0,61.0,5353.0,7601.0
ATCGACTCTTTCCGTT-1-Topic-3-Cell-2,1,23.0,61.0,5392.087422239316,7558.331957352419
ATCGACTCTTTCCGTT-1-Topic-3-Cell-3,1,23.0,61.0,5271.479501398037,7608.154382507824
ATCGACTCTTTCCGTT-1-Topic-6-Cell-4,1,23.0,61.0,5432.5390893936055,7661.981132988058
ATCGACTCTTTCCGTT-1-Topic-8-Cell-5,1,23.0,61.0,5332.841831929245,7487.038594152262
ATCGCACGCCGGGAGA-1-Topic-0-Cell-1,1,25.0,57.0,5702.0,7205.0
ATCGCACGCCGGGAGA-1-Topic-6-Cell-2,1,25.0,57.0,5752.461645126349,7149.91579380355
ATCGCACGCCGGGAGA-1-Topic-7-Cell-3,1,25.0,57.0,5596.757488846692,7214.236268101734
ATCGCCAGTCAACATT-1-Topic-6-Cell-1,1,45.0,105.0,9136.0,12004.0
ATCGCCAGTCAACATT-1-Topic-6-Cell-2,1,45.0,105.0,9175.087422239316,11961.331957352419
ATCGCCAGTCAACATT-1-Topic-9-Cell-3,1,45.0,105.0,9054.479501398038,12011.154382507824
ATCGCCAGTCAACATT-1-Topic-9-Cell-4,1,45.0,105.0,9215.539089393606,12064.981132988058
ATCGCCAGTCAACATT-1-Topic-9-Cell-5,1,45.0,105.0,9115.841831929245,11890.038594152262
ATCGGAGACAGACGGC-1-Topic-4-Cell-1,1,52.0,76.0,10366.0,9125.0
ATCGGAGACAGACGGC-1-Topic-6-Cell-2,1,52.0,76.0,10401.68177145867,9086.049584262211
ATCGGAGACAGACGGC-1-Topic-6-Cell-3,1,52.0,76.0,10291.582306694394,9131.531027807592
ATCGGAGACAGACGGC-1-Topic-6-Cell-4,1,52.0,76.0,10438.608922440497,9180.667903532969
ATCGGAGACAGACGGC-1-Topic-9-Cell-5,1,52.0,76.0,10347.59819438278,9020.967945553655
ATCGGAGACAGACGGC-1-Topic-9-Cell-6,1,52.0,76.0,10302.603308934946,9224.661818490727
ATCGGCAAGCAGTCCA-1-Topic-6-Cell-1,1,20.0,96.0,4812.0,11081.0
ATCGGCAAGCAGTCCA-1-Topic-6-Cell-2,1,20.0,96.0,4845.034901211928,11044.938922215459
ATCGGCAAGCAGTCCA-1-Topic-6-Cell-3,1,20.0,96.0,4743.102603758962,11087.046556816444
ATCGGCAAGCAGTCCA-1-Topic-6-Cell-4,1,20.0,96.0,4879.222799818238,11132.538464003022
ATCGGCAAGCAGTCCA-1-Topic-6-Cell-5,1,20.0,96.0,4794.9632384874685,10984.68503297294
ATCGGCAAGCAGTCCA-1-Topic-6-Cell-6,1,20.0,96.0,4753.306069152901,11173.268914738599
ATCGGCAAGCAGTCCA-1-Topic-7-Cell-7,1,20.0,96.0,4927.685395307864,11049.901358761988
ATCGTTAGCTAGCGGA-1-Topic-2-Cell-1,1,58.0,98.0,11392.0,11322.0
ATCGTTAGCTAGCGGA-1-Topic-4-Cell-2,1,58.0,98.0,11419.638981324522,11291.829137703939
ATCGTTAGCTAGCGGA-1-Topic-6-Cell-3,1,58.0,98.0,11334.356302632845,11327.058912386485
ATCGTTAGCTAGCGGA-1-Topic-6-Cell-4,1,58.0,98.0,11448.242629479622,11365.120172660294
ATCGTTAGCTAGCGGA-1-Topic-6-Cell-5,1,58.0,98.0,11377.746022660871,11241.417117131512
ATCGTTAGCTAGCGGA-1-Topic-6-Cell-6,1,58.0,98.0,11342.893134260077,11399.197712653466
ATCGTTAGCTAGCGGA-1-Topic-6-Cell-7,1,58.0,98.0,11488.789345907882,11295.98100999663
ATCGTTAGCTAGCGGA-1-Topic-6-Cell-8,1,58.0,98.0,11295.92839101501,11272.104053376535
ATCGTTAGCTAGCGGA-1-Topic-6-Cell-9,1,58.0,98.0,11431.700039877054,11430.708144113134
ATCGTTAGCTAGCGGA-1-Topic-7-Cell-10,1,58.0,98.0,11438.83633741749,11208.535884613584
ATCTAATATCCTACGG-1-Topic-6-Cell-1,1,55.0,67.0,10892.0,8233.0
ATCTAATATCCTACGG-1-Topic-6-Cell-2,1,55.0,67.0,10935.701066596173,8185.295678086574
ATCTAATATCCTACGG-1-Topic-6-Cell-3,1,55.0,67.0,10800.857311783167,8240.998842812265
ATCTAATATCCTACGG-1-Topic-6-Cell-4,1,55.0,67.0,10980.927405376267,8301.178979353126
ATCTAGCTTGTGAGGG-1-Topic-5-Cell-1,1,67.0,65.0,12971.0,8047.0
ATCTAGCTTGTGAGGG-1-Topic-7-Cell-2,1,67.0,65.0,13021.46164512635,7991.91579380355
ATCTAGCTTGTGAGGG-1-Topic-7-Cell-3,1,67.0,65.0,12865.757488846692,8056.236268101734
ATCTCCCACGGAATAT-1-Topic-2-Cell-1,1,60.0,108.0,11732.0,12319.0
ATCTCCCACGGAATAT-1-Topic-3-Cell-2,1,60.0,108.0,11775.701066596173,12271.295678086573
ATCTCCCACGGAATAT-1-Topic-5-Cell-3,1,60.0,108.0,11640.857311783167,12326.998842812265
ATCTCCCACGGAATAT-1-Topic-7-Cell-4,1,60.0,108.0,11820.927405376267,12387.178979353126
ATCTGACATGGAAGGA-1-Topic-3-Cell-1,1,63.0,41.0,12293.0,5654.0
ATCTGACATGGAAGGA-1-Topic-3-Cell-2,1,63.0,41.0,12336.701066596173,5606.295678086574
ATCTGACATGGAAGGA-1-Topic-3-Cell-3,1,63.0,41.0,12201.857311783167,5661.998842812265
ATCTGACATGGAAGGA-1-Topic-5-Cell-4,1,63.0,41.0,12381.927405376267,5722.178979353126
ATCTGCACCTCTGCGA-1-Topic-6-Cell-1,1,29.0,101.0,6368.0,11589.0
ATCTGCACCTCTGCGA-1-Topic-6-Cell-2,1,29.0,101.0,6407.087422239316,11546.331957352419
ATCTGCACCTCTGCGA-1-Topic-6-Cell-3,1,29.0,101.0,6286.479501398037,11596.154382507824
ATCTGCACCTCTGCGA-1-Topic-6-Cell-4,1,29.0,101.0,6447.5390893936055,11649.981132988058
ATCTGCACCTCTGCGA-1-Topic-8-Cell-5,1,29.0,101.0,6347.841831929245,11475.038594152262
ATCTGCTGTTATCGCC-1-Topic-3-Cell-1,1,67.0,57.0,12976.0,7251.0
ATCTGCTGTTATCGCC-1-Topic-3-Cell-2,1,67.0,57.0,13015.087422239316,7208.331957352419
ATCTGCTGTTATCGCC-1-Topic-3-Cell-3,1,67.0,57.0,12894.479501398038,7258.154382507824
ATCTGCTGTTATCGCC-1-Topic-3-Cell-4,1,67.0,57.0,13055.539089393606,7311.981132988058
ATCTGCTGTTATCGCC-1-Topic-3-Cell-5,1,67.0,57.0,12955.841831929245,7137.038594152262
ATCTGGGCTGTTCTTG-1-Topic-2-Cell-1,1,61.0,69.0,11929.0,8438.0
ATCTGGGCTGTTCTTG-1-Topic-6-Cell-2,1,61.0,69.0,11964.68177145867,8399.049584262211
ATCTGGGCTGTTCTTG-1-Topic-6-Cell-3,1,61.0,69.0,11854.582306694394,8444.531027807592
ATCTGGGCTGTTCTTG-1-Topic-6-Cell-4,1,61.0,69.0,12001.608922440497,8493.667903532969
ATCTGGGCTGTTCTTG-1-Topic-6-Cell-5,1,61.0,69.0,11910.59819438278,8333.967945553655
ATCTGGGCTGTTCTTG-1-Topic-6-Cell-6,1,61.0,69.0,11865.603308934946,8537.661818490727
ATCTGGTTAAGACTGT-1-Topic-3-Cell-1,1,26.0,76.0,5864.0,9097.0
ATCTGGTTAAGACTGT-1-Topic-3-Cell-2,1,26.0,76.0,5914.461645126349,9041.91579380355
ATCTGGTTAAGACTGT-1-Topic-6-Cell-3,1,26.0,76.0,5758.757488846692,9106.236268101733
ATCTTATCGCACACCC-1-Topic-3-Cell-1,1,64.0,104.0,12427.0,11925.0
ATCTTATCGCACACCC-1-Topic-3-Cell-2,1,64.0,104.0,12456.13404439745,11893.197118724383
ATCTTATCGCACACCC-1-Topic-5-Cell-3,1,64.0,104.0,12366.238207855446,11930.332561874844
ATCTTATCGCACACCC-1-Topic-6-Cell-4,1,64.0,104.0,12486.284936917511,11970.452652902084
ATCTTATCGCACACCC-1-Topic-6-Cell-5,1,64.0,104.0,12411.974988630642,11840.058183237672
ATCTTATCGCACACCC-1-Topic-6-Cell-6,1,64.0,104.0,12375.236818503252,12006.37353404672
ATCTTATCGCACACCC-1-Topic-7-Cell-7,1,64.0,104.0,12529.024928768937,11897.573576390734
ATCTTATCGCACACCC-1-Topic-7-Cell-8,1,64.0,104.0,12325.731632376777,11872.40505421989
ATCTTATCGCACACCC-1-Topic-7-Cell-9,1,64.0,104.0,12468.847516403668,12039.588445202442
ATCTTGACCTGCAACG-1-Topic-5-Cell-1,1,26.0,44.0,5884.0,5912.0
ATCTTGACCTGCAACG-1-Topic-6-Cell-2,1,26.0,44.0,5917.034901211928,5875.938922215459
ATCTTGACCTGCAACG-1-Topic-6-Cell-3,1,26.0,44.0,5815.102603758962,5918.046556816443
ATCTTGACCTGCAACG-1-Topic-6-Cell-4,1,26.0,44.0,5951.222799818238,5963.538464003022
ATCTTGACCTGCAACG-1-Topic-6-Cell-5,1,26.0,44.0,5866.9632384874685,5815.685032972941
ATCTTGACCTGCAACG-1-Topic-6-Cell-6,1,26.0,44.0,5825.306069152901,6004.268914738599
ATCTTGACCTGCAACG-1-Topic-6-Cell-7,1,26.0,44.0,5999.685395307864,5880.901358761988
ATCTTGACTTGTCCAA-1-Topic-4-Cell-1,1,30.0,108.0,6536.0,12286.0
ATCTTGACTTGTCCAA-1-Topic-4-Cell-2,1,30.0,108.0,6571.6817714586705,12247.049584262211
ATCTTGACTTGTCCAA-1-Topic-6-Cell-3,1,30.0,108.0,6461.582306694395,12292.531027807592
ATCTTGACTTGTCCAA-1-Topic-6-Cell-4,1,30.0,108.0,6608.608922440497,12341.667903532969
ATCTTGACTTGTCCAA-1-Topic-6-Cell-5,1,30.0,108.0,6517.598194382778,12181.967945553655
ATCTTGACTTGTCCAA-1-Topic-6-Cell-6,1,30.0,108.0,6472.603308934945,12385.661818490727
ATGAAGCCAAGGAGCC-1-Topic-0-Cell-1,1,22.0,46.0,5190.0,6107.0
ATGAAGCCAAGGAGCC-1-Topic-3-Cell-2,1,22.0,46.0,5223.034901211928,6070.938922215459
ATGAAGCCAAGGAGCC-1-Topic-6-Cell-3,1,22.0,46.0,5121.102603758962,6113.046556816443
ATGAAGCCAAGGAGCC-1-Topic-6-Cell-4,1,22.0,46.0,5257.222799818238,6158.538464003022
ATGAAGCCAAGGAGCC-1-Topic-6-Cell-5,1,22.0,46.0,5172.9632384874685,6010.685032972941
ATGAAGCCAAGGAGCC-1-Topic-6-Cell-6,1,22.0,46.0,5131.306069152901,6199.268914738599
ATGAAGCCAAGGAGCC-1-Topic-6-Cell-7,1,22.0,46.0,5305.685395307864,6075.901358761988
ATGACGCGTTCTATCC-1-Topic-0-Cell-1,1,52.0,30.0,10395.0,4547.0
ATGACGCGTTCTATCC-1-Topic-5-Cell-2,1,52.0,30.0,10445.46164512635,4491.91579380355
ATGACGCGTTCTATCC-1-Topic-6-Cell-3,1,52.0,30.0,10289.757488846692,4556.236268101734
ATGACTATCAGCTGTG-1-Topic-0-Cell-1,1,63.0,43.0,12292.0,5853.0
ATGACTATCAGCTGTG-1-Topic-0-Cell-2,1,63.0,43.0,12353.802641070479,5785.535900966221
ATGACTATGCGACATT-1-Topic-6-Cell-1,1,48.0,88.0,9666.0,10315.0
ATGACTATGCGACATT-1-Topic-9-Cell-2,1,48.0,88.0,9709.701066596173,10267.295678086573
ATGACTATGCGACATT-1-Topic-9-Cell-3,1,48.0,88.0,9574.857311783167,10322.998842812265
ATGACTATGCGACATT-1-Topic-9-Cell-4,1,48.0,88.0,9754.927405376267,10383.178979353126
ATGAGGAGTGTTAATC-1-Topic-2-Cell-1,1,25.0,35.0,5716.0,5015.0
ATGAGGAGTGTTAATC-1-Topic-3-Cell-2,1,25.0,35.0,5751.6817714586705,4976.049584262212
ATGAGGAGTGTTAATC-1-Topic-5-Cell-3,1,25.0,35.0,5641.582306694395,5021.531027807593
ATGAGGAGTGTTAATC-1-Topic-5-Cell-4,1,25.0,35.0,5788.608922440497,5070.66790353297
ATGAGGAGTGTTAATC-1-Topic-6-Cell-5,1,25.0,35.0,5697.598194382778,4910.967945553654
ATGAGGAGTGTTAATC-1-Topic-7-Cell-6,1,25.0,35.0,5652.603308934945,5114.6618184907275
ATGATCGGGAATAGAC-1-Topic-3-Cell-1,1,16.0,54.0,4146.0,6897.0
ATGATCGGGAATAGAC-1-Topic-3-Cell-2,1,16.0,54.0,4185.087422239316,6854.331957352419
ATGATCGGGAATAGAC-1-Topic-5-Cell-3,1,16.0,54.0,4064.479501398038,6904.154382507824
ATGATCGGGAATAGAC-1-Topic-6-Cell-4,1,16.0,54.0,4225.5390893936055,6957.981132988058
ATGATCGGGAATAGAC-1-Topic-8-Cell-5,1,16.0,54.0,4125.841831929245,6783.038594152262
ATGATGCAATGGTACA-1-Topic-0-Cell-1,1,44.0,50.0,8997.0,6529.0
ATGATGCAATGGTACA-1-Topic-3-Cell-2,1,44.0,50.0,9030.034901211928,6492.938922215459
ATGATGCAATGGTACA-1-Topic-3-Cell-3,1,44.0,50.0,8928.102603758962,6535.046556816443
ATGATGCAATGGTACA-1-Topic-3-Cell-4,1,44.0,50.0,9064.222799818237,6580.538464003022
ATGATGCAATGGTACA-1-Topic-3-Cell-5,1,44.0,50.0,8979.96323848747,6432.685032972941
ATGATGCAATGGTACA-1-Topic-3-Cell-6,1,44.0,50.0,8938.3060691529,6621.268914738599
ATGATGCAATGGTACA-1-Topic-4-Cell-7,1,44.0,50.0,9112.685395307864,6497.901358761988
ATGCACTACCGCATTG-1-Topic-6-Cell-1,1,27.0,45.0,6056.0,6013.0
ATGCACTACCGCATTG-1-Topic-6-Cell-2,1,27.0,45.0,6089.034901211928,5976.938922215459
ATGCACTACCGCATTG-1-Topic-6-Cell-3,1,27.0,45.0,5987.102603758962,6019.046556816443
ATGCACTACCGCATTG-1-Topic-6-Cell-4,1,27.0,45.0,6123.222799818238,6064.538464003022
ATGCACTACCGCATTG-1-Topic-7-Cell-5,1,27.0,45.0,6038.9632384874685,5916.685032972941
ATGCACTACCGCATTG-1-Topic-7-Cell-6,1,27.0,45.0,5997.306069152901,6105.268914738599
ATGCACTACCGCATTG-1-Topic-7-Cell-7,1,27.0,45.0,6171.685395307864,5981.901358761988
ATGCATGATCCAGGAT-1-Topic-0-Cell-1,1,25.0,65.0,5697.0,8001.0
ATGCATGATCCAGGAT-1-Topic-2-Cell-2,1,25.0,65.0,5732.6817714586705,7962.049584262212
ATGCATGATCCAGGAT-1-Topic-6-Cell-3,1,25.0,65.0,5622.582306694395,8007.531027807593
ATGCATGATCCAGGAT-1-Topic-7-Cell-4,1,25.0,65.0,5769.608922440497,8056.66790353297
ATGCATGATCCAGGAT-1-Topic-7-Cell-5,1,25.0,65.0,5678.598194382778,7896.967945553654
ATGCATGATCCAGGAT-1-Topic-7-Cell-6,1,25.0,65.0,5633.603308934945,8100.6618184907275
ATGCCAATCGCTCTGC-1-Topic-0-Cell-1,1,15.0,105.0,3941.0,11972.0
ATGCCAATCGCTCTGC-1-Topic-0-Cell-2,1,15.0,105.0,3971.9013205352394,11938.26795048311
ATGCCAATCGCTCTGC-1-Topic-0-Cell-3,1,15.0,105.0,3876.552387106307,11977.656035994198
ATGCCAATCGCTCTGC-1-Topic-0-Cell-4,1,15.0,105.0,4003.8811713748837,12020.209818634972
ATGCCAATCGCTCTGC-1-Topic-3-Cell-5,1,15.0,105.0,3925.063568859983,11881.90559804158
ATGCCAATCGCTCTGC-1-Topic-7-Cell-6,1,15.0,105.0,3886.0968550217885,12058.309666600324
ATGCCAATCGCTCTGC-1-Topic-7-Cell-7,1,15.0,105.0,4049.213778473884,11942.90988482329
ATGCCAATCGCTCTGC-1-Topic-7-Cell-8,1,15.0,105.0,3833.588675800891,11916.214635774117
ATGCCATTTGCGACCA-1-Topic-5-Cell-1,1,43.0,91.0,8798.0,10609.0
ATGCCATTTGCGACCA-1-Topic-5-Cell-2,1,43.0,91.0,8833.68177145867,10570.049584262211
ATGCCATTTGCGACCA-1-Topic-7-Cell-3,1,43.0,91.0,8723.582306694394,10615.531027807592
ATGCCATTTGCGACCA-1-Topic-7-Cell-4,1,43.0,91.0,8870.608922440497,10664.667903532969
ATGCCATTTGCGACCA-1-Topic-7-Cell-5,1,43.0,91.0,8779.59819438278,10504.967945553655
ATGCCATTTGCGACCA-1-Topic-9-Cell-6,1,43.0,91.0,8734.603308934946,10708.661818490727
ATGCCGGTCTTGCATA-1-Topic-9-Cell-1,1,31.0,75.0,6730.0,9003.0
ATGCCGGTCTTGCATA-1-Topic-9-Cell-2,1,31.0,75.0,6780.461645126349,8947.91579380355
ATGCCGGTCTTGCATA-1-Topic-9-Cell-3,1,31.0,75.0,6624.757488846692,9012.236268101733
ATGCCGGTTGATGGGA-1-Topic-6-Cell-1,1,19.0,83.0,4647.0,9786.0
ATGCCGGTTGATGGGA-1-Topic-6-Cell-2,1,19.0,83.0,4686.087422239316,9743.331957352419
ATGCCGGTTGATGGGA-1-Topic-6-Cell-3,1,19.0,83.0,4565.479501398037,9793.154382507824
ATGCCGGTTGATGGGA-1-Topic-6-Cell-4,1,19.0,83.0,4726.5390893936055,9846.981132988058
ATGCCGGTTGATGGGA-1-Topic-6-Cell-5,1,19.0,83.0,4626.841831929245,9672.038594152262
ATGCGACAGTCCCATT-1-Topic-4-Cell-1,1,35.0,71.0,7425.0,8609.0
ATGCGACAGTCCCATT-1-Topic-4-Cell-2,1,35.0,71.0,7460.6817714586705,8570.049584262211
ATGCGACAGTCCCATT-1-Topic-4-Cell-3,1,35.0,71.0,7350.582306694395,8615.531027807592
ATGCGACAGTCCCATT-1-Topic-4-Cell-4,1,35.0,71.0,7497.608922440497,8664.667903532969
ATGCGACAGTCCCATT-1-Topic-6-Cell-5,1,35.0,71.0,7406.598194382778,8504.967945553655
ATGCGACAGTCCCATT-1-Topic-9-Cell-6,1,35.0,71.0,7361.603308934945,8708.661818490727
ATGCTCAGTGTTGCAT-1-Topic-0-Cell-1,1,21.0,29.0,5027.0,4414.0
ATGCTCAGTGTTGCAT-1-Topic-3-Cell-2,1,21.0,29.0,5088.802641070479,4346.535900966221
ATGCTCTGGCGCGGTA-1-Topic-2-Cell-1,1,60.0,76.0,11752.0,9134.0
ATGCTCTGGCGCGGTA-1-Topic-6-Cell-2,1,60.0,76.0,11787.68177145867,9095.049584262211
ATGCTCTGGCGCGGTA-1-Topic-6-Cell-3,1,60.0,76.0,11677.582306694394,9140.531027807592
ATGCTCTGGCGCGGTA-1-Topic-6-Cell-4,1,60.0,76.0,11824.608922440497,9189.667903532969
ATGCTCTGGCGCGGTA-1-Topic-6-Cell-5,1,60.0,76.0,11733.59819438278,9029.967945553655
ATGCTCTGGCGCGGTA-1-Topic-7-Cell-6,1,60.0,76.0,11688.603308934946,9233.661818490727
ATGGAGCAGGCCGTGA-1-Topic-3-Cell-1,1,36.0,66.0,7602.0,8113.0
ATGGAGCAGGCCGTGA-1-Topic-4-Cell-2,1,36.0,66.0,7637.6817714586705,8074.049584262212
ATGGAGCAGGCCGTGA-1-Topic-4-Cell-3,1,36.0,66.0,7527.582306694395,8119.531027807593
ATGGAGCAGGCCGTGA-1-Topic-4-Cell-4,1,36.0,66.0,7674.608922440497,8168.66790353297
ATGGAGCAGGCCGTGA-1-Topic-7-Cell-5,1,36.0,66.0,7583.598194382778,8008.967945553654
ATGGAGCAGGCCGTGA-1-Topic-7-Cell-6,1,36.0,66.0,7538.603308934945,8212.661818490727
ATGGATCCGGCGTCCG-1-Topic-3-Cell-1,1,19.0,79.0,4650.0,9388.0
ATGGATCCGGCGTCCG-1-Topic-4-Cell-2,1,19.0,79.0,4683.034901211928,9351.938922215459
ATGGATCCGGCGTCCG-1-Topic-6-Cell-3,1,19.0,79.0,4581.102603758962,9394.046556816444
ATGGATCCGGCGTCCG-1-Topic-6-Cell-4,1,19.0,79.0,4717.222799818238,9439.538464003022
ATGGATCCGGCGTCCG-1-Topic-6-Cell-5,1,19.0,79.0,4632.9632384874685,9291.68503297294
ATGGATCCGGCGTCCG-1-Topic-7-Cell-6,1,19.0,79.0,4591.306069152901,9480.268914738599
ATGGATCCGGCGTCCG-1-Topic-8-Cell-7,1,19.0,79.0,4765.685395307864,9356.901358761988
ATGGATTGACCAAACG-1-Topic-3-Cell-1,1,27.0,61.0,6046.0,7605.0
ATGGATTGACCAAACG-1-Topic-3-Cell-2,1,27.0,61.0,6089.701066596173,7557.295678086574
ATGGATTGACCAAACG-1-Topic-3-Cell-3,1,27.0,61.0,5954.8573117831675,7612.998842812265
ATGGATTGACCAAACG-1-Topic-3-Cell-4,1,27.0,61.0,6134.927405376267,7673.178979353126
ATGGCAGCATTACGAT-1-Topic-0-Cell-1,1,64.0,18.0,12481.0,3366.0
ATGGCAGCATTACGAT-1-Topic-0-Cell-2,1,64.0,18.0,12542.802641070479,3298.5359009662207
ATGGGACCTGCTGAAC-1-Topic-0-Cell-1,1,61.0,31.0,11953.0,4656.0
ATGGGACCTGCTGAAC-1-Topic-0-Cell-2,1,61.0,31.0,11982.13404439745,4624.197118724383
ATGGGACCTGCTGAAC-1-Topic-0-Cell-3,1,61.0,31.0,11892.238207855446,4661.332561874843
ATGGGACCTGCTGAAC-1-Topic-0-Cell-4,1,61.0,31.0,12012.284936917511,4701.452652902084
ATGGGACCTGCTGAAC-1-Topic-0-Cell-5,1,61.0,31.0,11937.974988630642,4571.058183237672
ATGGGACCTGCTGAAC-1-Topic-0-Cell-6,1,61.0,31.0,11901.236818503252,4737.373534046718
ATGGGACCTGCTGAAC-1-Topic-0-Cell-7,1,61.0,31.0,12055.024928768937,4628.573576390734
ATGGGACCTGCTGAAC-1-Topic-5-Cell-8,1,61.0,31.0,11851.731632376777,4603.405054219888
ATGGGACCTGCTGAAC-1-Topic-5-Cell-9,1,61.0,31.0,11994.847516403668,4770.588445202443
ATGGGCCTCGGCCTCT-1-Topic-2-Cell-1,1,45.0,91.0,9145.0,10611.0
ATGGGCCTCGGCCTCT-1-Topic-3-Cell-2,1,45.0,91.0,9180.68177145867,10572.049584262211
ATGGGCCTCGGCCTCT-1-Topic-3-Cell-3,1,45.0,91.0,9070.582306694394,10617.531027807592
ATGGGCCTCGGCCTCT-1-Topic-7-Cell-4,1,45.0,91.0,9217.608922440497,10666.667903532969
ATGGGCCTCGGCCTCT-1-Topic-7-Cell-5,1,45.0,91.0,9126.59819438278,10506.967945553655
ATGGGCCTCGGCCTCT-1-Topic-9-Cell-6,1,45.0,91.0,9081.603308934946,10710.661818490727
ATGGTCGCGTGGTTTC-1-Topic-6-Cell-1,1,45.0,85.0,9148.0,10014.0
ATGGTCGCGTGGTTTC-1-Topic-9-Cell-2,1,45.0,85.0,9191.701066596173,9966.295678086573
ATGGTCGCGTGGTTTC-1-Topic-9-Cell-3,1,45.0,85.0,9056.857311783167,10021.998842812265
ATGGTCGCGTGGTTTC-1-Topic-9-Cell-4,1,45.0,85.0,9236.927405376267,10082.178979353126
ATGTAAGGCTGCTCTT-1-Topic-3-Cell-1,1,32.0,112.0,6880.0,12687.0
ATGTAAGGCTGCTCTT-1-Topic-7-Cell-2,1,32.0,112.0,6919.087422239316,12644.331957352419
ATGTAAGGCTGCTCTT-1-Topic-7-Cell-3,1,32.0,112.0,6798.479501398037,12694.154382507824
ATGTAAGGCTGCTCTT-1-Topic-9-Cell-4,1,32.0,112.0,6959.5390893936055,12747.981132988058
ATGTAAGGCTGCTCTT-1-Topic-9-Cell-5,1,32.0,112.0,6859.841831929245,12573.038594152262
ATGTACGATGACGTCG-1-Topic-0-Cell-1,1,66.0,64.0,12798.0,7946.0
ATGTACGATGACGTCG-1-Topic-0-Cell-2,1,66.0,64.0,12833.68177145867,7907.049584262212
ATGTACGATGACGTCG-1-Topic-3-Cell-3,1,66.0,64.0,12723.582306694394,7952.531027807593
ATGTACGATGACGTCG-1-Topic-5-Cell-4,1,66.0,64.0,12870.608922440497,8001.66790353297
ATGTACGATGACGTCG-1-Topic-5-Cell-5,1,66.0,64.0,12779.59819438278,7841.967945553654
ATGTACGATGACGTCG-1-Topic-5-Cell-6,1,66.0,64.0,12734.603308934946,8045.6618184907275
ATGTGAAAGCCTAATG-1-Topic-0-Cell-1,1,46.0,22.0,9361.0,3744.0
ATGTGAAAGCCTAATG-1-Topic-0-Cell-2,1,46.0,22.0,9411.46164512635,3688.9157938035496
ATGTGAAAGCCTAATG-1-Topic-5-Cell-3,1,46.0,22.0,9255.757488846692,3753.236268101734
ATGTGCATCCGACGCA-1-Topic-3-Cell-1,1,23.0,57.0,5356.0,7203.0
ATGTGCATCCGACGCA-1-Topic-7-Cell-2,1,23.0,57.0,5406.461645126349,7147.91579380355
ATGTGCATCCGACGCA-1-Topic-7-Cell-3,1,23.0,57.0,5250.757488846692,7212.236268101734
ATGTGGACATCTTGAT-1-Topic-3-Cell-1,1,47.0,71.0,9504.0,8622.0
ATGTGGACATCTTGAT-1-Topic-6-Cell-2,1,47.0,71.0,9539.68177145867,8583.049584262211
ATGTGGACATCTTGAT-1-Topic-6-Cell-3,1,47.0,71.0,9429.582306694394,8628.531027807592
ATGTGGACATCTTGAT-1-Topic-6-Cell-4,1,47.0,71.0,9576.608922440497,8677.667903532969
ATGTGGACATCTTGAT-1-Topic-6-Cell-5,1,47.0,71.0,9485.59819438278,8517.967945553655
ATGTGGACATCTTGAT-1-Topic-7-Cell-6,1,47.0,71.0,9440.603308934946,8721.661818490727
ATGTTCGTCGACCCAC-1-Topic-0-Cell-1,1,34.0,14.0,7288.0,2935.0
ATGTTCGTCGACCCAC-1-Topic-1-Cell-2,1,34.0,14.0,7331.701066596173,2887.295678086574
ATGTTCGTCGACCCAC-1-Topic-4-Cell-3,1,34.0,14.0,7196.8573117831675,2942.998842812265
ATGTTCGTCGACCCAC-1-Topic-6-Cell-4,1,34.0,14.0,7376.927405376267,3003.178979353126
ATGTTGTAGTCTGTTT-1-Topic-0-Cell-1,1,65.0,47.0,12636.0,6253.0
ATGTTGTAGTCTGTTT-1-Topic-0-Cell-2,1,65.0,47.0,12679.701066596173,6205.295678086574
ATGTTGTAGTCTGTTT-1-Topic-3-Cell-3,1,65.0,47.0,12544.857311783167,6260.998842812265
ATGTTGTAGTCTGTTT-1-Topic-3-Cell-4,1,65.0,47.0,12724.927405376267,6321.178979353126
ATTAAACATGCGGACC-1-Topic-3-Cell-1,1,43.0,59.0,8818.0,7424.0
ATTAAACATGCGGACC-1-Topic-3-Cell-2,1,43.0,59.0,8848.90132053524,7390.26795048311
ATTAAACATGCGGACC-1-Topic-3-Cell-3,1,43.0,59.0,8753.552387106307,7429.656035994198
ATTAAACATGCGGACC-1-Topic-3-Cell-4,1,43.0,59.0,8880.881171374884,7472.209818634973
ATTAAACATGCGGACC-1-Topic-3-Cell-5,1,43.0,59.0,8802.063568859983,7333.905598041579
ATTAAACATGCGGACC-1-Topic-3-Cell-6,1,43.0,59.0,8763.096855021788,7510.309666600323
ATTAAACATGCGGACC-1-Topic-4-Cell-7,1,43.0,59.0,8926.213778473884,7394.909884823291
ATTAAACATGCGGACC-1-Topic-5-Cell-8,1,43.0,59.0,8710.588675800891,7368.214635774117
ATTAATACTACGCGGG-1-Topic-6-Cell-1,1,22.0,66.0,5177.0,8097.0
ATTAATACTACGCGGG-1-Topic-6-Cell-2,1,22.0,66.0,5212.6817714586705,8058.049584262212
ATTAATACTACGCGGG-1-Topic-7-Cell-3,1,22.0,66.0,5102.582306694395,8103.531027807593
ATTAATACTACGCGGG-1-Topic-7-Cell-4,1,22.0,66.0,5249.608922440497,8152.66790353297
ATTAATACTACGCGGG-1-Topic-7-Cell-5,1,22.0,66.0,5158.598194382778,7992.967945553654
ATTAATACTACGCGGG-1-Topic-8-Cell-6,1,22.0,66.0,5113.603308934945,8196.661818490727
ATTAATGAACCAGTCG-1-Topic-3-Cell-1,1,23.0,79.0,5342.0,9392.0
ATTAATGAACCAGTCG-1-Topic-6-Cell-2,1,23.0,79.0,5381.087422239316,9349.331957352419
ATTAATGAACCAGTCG-1-Topic-6-Cell-3,1,23.0,79.0,5260.479501398037,9399.154382507824
ATTAATGAACCAGTCG-1-Topic-7-Cell-4,1,23.0,79.0,5421.5390893936055,9452.981132988058
ATTAATGAACCAGTCG-1-Topic-7-Cell-5,1,23.0,79.0,5321.841831929245,9278.038594152262
ATTACGCGCTGGCAGG-1-Topic-3-Cell-1,1,40.0,30.0,8317.0,4534.0
ATTACGCGCTGGCAGG-1-Topic-3-Cell-2,1,40.0,30.0,8360.701066596173,4486.295678086574
ATTACGCGCTGGCAGG-1-Topic-3-Cell-3,1,40.0,30.0,8225.857311783167,4541.998842812265
ATTACGCGCTGGCAGG-1-Topic-3-Cell-4,1,40.0,30.0,8405.927405376267,4602.178979353126
ATTACTAGCCTCTTGC-1-Topic-0-Cell-1,1,18.0,44.0,4498.0,5903.0
ATTACTAGCCTCTTGC-1-Topic-3-Cell-2,1,18.0,44.0,4548.461645126349,5847.91579380355
ATTACTAGCCTCTTGC-1-Topic-6-Cell-3,1,18.0,44.0,4392.757488846692,5912.236268101734
ATTACTTACTGGGCAT-1-Topic-6-Cell-1,1,22.0,100.0,5156.0,11481.0
ATTACTTACTGGGCAT-1-Topic-6-Cell-2,1,22.0,100.0,5199.701066596173,11433.295678086573
ATTACTTACTGGGCAT-1-Topic-6-Cell-3,1,22.0,100.0,5064.8573117831675,11488.998842812265
ATTACTTACTGGGCAT-1-Topic-6-Cell-4,1,22.0,100.0,5244.927405376267,11549.178979353126
ATTAGATTCCTCAGCA-1-Topic-6-Cell-1,1,25.0,105.0,5672.0,11982.0
ATTAGATTCCTCAGCA-1-Topic-6-Cell-2,1,25.0,105.0,5711.087422239316,11939.331957352419
ATTAGATTCCTCAGCA-1-Topic-7-Cell-3,1,25.0,105.0,5590.479501398037,11989.154382507824
ATTAGATTCCTCAGCA-1-Topic-7-Cell-4,1,25.0,105.0,5751.5390893936055,12042.981132988058
ATTAGATTCCTCAGCA-1-Topic-8-Cell-5,1,25.0,105.0,5651.841831929245,11868.038594152262
ATTAGATTGATAGCGG-1-Topic-0-Cell-1,1,19.0,49.0,4668.0,6402.0
ATTAGATTGATAGCGG-1-Topic-2-Cell-2,1,19.0,49.0,4701.034901211928,6365.938922215459
ATTAGATTGATAGCGG-1-Topic-2-Cell-3,1,19.0,49.0,4599.102603758962,6408.046556816443
ATTAGATTGATAGCGG-1-Topic-3-Cell-4,1,19.0,49.0,4735.222799818238,6453.538464003022
ATTAGATTGATAGCGG-1-Topic-4-Cell-5,1,19.0,49.0,4650.9632384874685,6305.685032972941
ATTAGATTGATAGCGG-1-Topic-5-Cell-6,1,19.0,49.0,4609.306069152901,6494.268914738599
ATTAGATTGATAGCGG-1-Topic-6-Cell-7,1,19.0,49.0,4783.685395307864,6370.901358761988
ATTAGGCGATGCTTTC-1-Topic-6-Cell-1,1,37.0,71.0,7772.0,8611.0
ATTAGGCGATGCTTTC-1-Topic-6-Cell-2,1,37.0,71.0,7815.701066596173,8563.295678086573
ATTAGGCGATGCTTTC-1-Topic-9-Cell-3,1,37.0,71.0,7680.8573117831675,8618.998842812265
ATTAGGCGATGCTTTC-1-Topic-9-Cell-4,1,37.0,71.0,7860.927405376267,8679.178979353126
ATTATACTTTGCTCGT-1-Topic-3-Cell-1,1,18.0,78.0,4477.0,9287.0
ATTATACTTTGCTCGT-1-Topic-4-Cell-2,1,18.0,78.0,4527.461645126349,9231.91579380355
ATTATACTTTGCTCGT-1-Topic-6-Cell-3,1,18.0,78.0,4371.757488846692,9296.236268101733
ATTATGCCATAGGGAG-1-Topic-3-Cell-1,1,21.0,53.0,5012.0,6803.0
ATTATGCCATAGGGAG-1-Topic-6-Cell-2,1,21.0,53.0,5045.034901211928,6766.938922215459
ATTATGCCATAGGGAG-1-Topic-6-Cell-3,1,21.0,53.0,4943.102603758962,6809.046556816443
ATTATGCCATAGGGAG-1-Topic-6-Cell-4,1,21.0,53.0,5079.222799818238,6854.538464003022
ATTATGCCATAGGGAG-1-Topic-6-Cell-5,1,21.0,53.0,4994.9632384874685,6706.685032972941
ATTATGCCATAGGGAG-1-Topic-6-Cell-6,1,21.0,53.0,4953.306069152901,6895.268914738599
ATTATGCCATAGGGAG-1-Topic-6-Cell-7,1,21.0,53.0,5127.685395307864,6771.901358761988
ATTATTATGTCCGTCA-1-Topic-0-Cell-1,1,59.0,37.0,11603.0,5251.0
ATTATTATGTCCGTCA-1-Topic-3-Cell-2,1,59.0,37.0,11653.46164512635,5195.91579380355
ATTATTATGTCCGTCA-1-Topic-3-Cell-3,1,59.0,37.0,11497.757488846692,5260.236268101734
ATTCAACCATTTAAGG-1-Topic-2-Cell-1,1,58.0,100.0,11390.0,11521.0
ATTCAACCATTTAAGG-1-Topic-6-Cell-2,1,58.0,100.0,11425.68177145867,11482.049584262211
ATTCAACCATTTAAGG-1-Topic-6-Cell-3,1,58.0,100.0,11315.582306694394,11527.531027807592
ATTCAACCATTTAAGG-1-Topic-6-Cell-4,1,58.0,100.0,11462.608922440497,11576.667903532969
ATTCAACCATTTAAGG-1-Topic-6-Cell-5,1,58.0,100.0,11371.59819438278,11416.967945553655
ATTCAACCATTTAAGG-1-Topic-6-Cell-6,1,58.0,100.0,11326.603308934946,11620.661818490727
ATTCACTGATGTTGGA-1-Topic-4-Cell-1,1,56.0,68.0,11064.0,8333.0
ATTCACTGATGTTGGA-1-Topic-6-Cell-2,1,56.0,68.0,11099.68177145867,8294.049584262211
ATTCACTGATGTTGGA-1-Topic-6-Cell-3,1,56.0,68.0,10989.582306694394,8339.531027807592
ATTCACTGATGTTGGA-1-Topic-6-Cell-4,1,56.0,68.0,11136.608922440497,8388.667903532969
ATTCACTGATGTTGGA-1-Topic-6-Cell-5,1,56.0,68.0,11045.59819438278,8228.967945553655
ATTCACTGATGTTGGA-1-Topic-6-Cell-6,1,56.0,68.0,11000.603308934946,8432.661818490727
ATTCAGGACCTATTTC-1-Topic-1-Cell-1,1,20.0,98.0,4811.0,11280.0
ATTCAGGACCTATTTC-1-Topic-6-Cell-2,1,20.0,98.0,4854.701066596173,11232.295678086573
ATTCAGGACCTATTTC-1-Topic-6-Cell-3,1,20.0,98.0,4719.8573117831675,11287.998842812265
ATTCAGGACCTATTTC-1-Topic-6-Cell-4,1,20.0,98.0,4899.927405376267,11348.178979353126
ATTCAGTAGCAGGGTC-1-Topic-0-Cell-1,1,27.0,25.0,6069.0,4022.0
ATTCAGTAGCAGGGTC-1-Topic-0-Cell-2,1,27.0,25.0,6119.461645126349,3966.9157938035496
ATTCAGTAGCAGGGTC-1-Topic-0-Cell-3,1,27.0,25.0,5963.757488846692,4031.236268101734
ATTCATATACTGTCCA-1-Topic-3-Cell-1,1,46.0,60.0,9337.0,7526.0
ATTCATATACTGTCCA-1-Topic-6-Cell-2,1,46.0,60.0,9376.087422239316,7483.331957352419
ATTCATATACTGTCCA-1-Topic-6-Cell-3,1,46.0,60.0,9255.479501398038,7533.154382507824
ATTCATATACTGTCCA-1-Topic-6-Cell-4,1,46.0,60.0,9416.539089393606,7586.981132988058
ATTCATATACTGTCCA-1-Topic-6-Cell-5,1,46.0,60.0,9316.841831929245,7412.038594152262
ATTCATCGTTGAGGCA-1-Topic-6-Cell-1,1,61.0,89.0,11917.0,10429.0
ATTCATCGTTGAGGCA-1-Topic-6-Cell-2,1,61.0,89.0,11950.034901211928,10392.938922215459
ATTCATCGTTGAGGCA-1-Topic-6-Cell-3,1,61.0,89.0,11848.102603758962,10435.046556816444
ATTCATCGTTGAGGCA-1-Topic-6-Cell-4,1,61.0,89.0,11984.222799818237,10480.538464003022
ATTCATCGTTGAGGCA-1-Topic-6-Cell-5,1,61.0,89.0,11899.96323848747,10332.68503297294
ATTCATCGTTGAGGCA-1-Topic-7-Cell-6,1,61.0,89.0,11858.3060691529,10521.268914738599
ATTCATCGTTGAGGCA-1-Topic-7-Cell-7,1,61.0,89.0,12032.685395307864,10397.901358761988
ATTCCCACATAAACAA-1-Topic-0-Cell-1,1,26.0,24.0,5896.0,3922.0
ATTCCCACATAAACAA-1-Topic-0-Cell-2,1,26.0,24.0,5946.461645126349,3866.9157938035496
ATTCCCACATAAACAA-1-Topic-4-Cell-3,1,26.0,24.0,5790.757488846692,3931.236268101734
ATTCCTCCGCCAGTGC-1-Topic-0-Cell-1,1,23.0,39.0,5367.0,5411.0
ATTCCTCCGCCAGTGC-1-Topic-0-Cell-2,1,23.0,39.0,5397.901320535239,5377.26795048311
ATTCCTCCGCCAGTGC-1-Topic-2-Cell-3,1,23.0,39.0,5302.552387106307,5416.656035994198
ATTCCTCCGCCAGTGC-1-Topic-2-Cell-4,1,23.0,39.0,5429.881171374884,5459.209818634973
ATTCCTCCGCCAGTGC-1-Topic-2-Cell-5,1,23.0,39.0,5351.063568859983,5320.905598041579
ATTCCTCCGCCAGTGC-1-Topic-2-Cell-6,1,23.0,39.0,5312.0968550217885,5497.309666600323
ATTCCTCCGCCAGTGC-1-Topic-5-Cell-7,1,23.0,39.0,5475.213778473883,5381.909884823291
ATTCCTCCGCCAGTGC-1-Topic-6-Cell-8,1,23.0,39.0,5259.588675800891,5355.214635774117
ATTCGACGCCGGGCCT-1-Topic-3-Cell-1,1,36.0,26.0,7627.0,4132.0
ATTCGACGCCGGGCCT-1-Topic-3-Cell-2,1,36.0,26.0,7662.6817714586705,4093.049584262212
ATTCGACGCCGGGCCT-1-Topic-3-Cell-3,1,36.0,26.0,7552.582306694395,4138.531027807593
ATTCGACGCCGGGCCT-1-Topic-3-Cell-4,1,36.0,26.0,7699.608922440497,4187.66790353297
ATTCGACGCCGGGCCT-1-Topic-3-Cell-5,1,36.0,26.0,7608.598194382778,4027.9679455536548
ATTCGACGCCGGGCCT-1-Topic-3-Cell-6,1,36.0,26.0,7563.603308934945,4231.6618184907275
ATTCGCGCCTTGAGAG-1-Topic-3-Cell-1,1,65.0,107.0,12598.0,12225.0
ATTCGCGCCTTGAGAG-1-Topic-3-Cell-2,1,65.0,107.0,12637.087422239316,12182.331957352419
ATTCGCGCCTTGAGAG-1-Topic-3-Cell-3,1,65.0,107.0,12516.479501398038,12232.154382507824
ATTCGCGCCTTGAGAG-1-Topic-7-Cell-4,1,65.0,107.0,12677.539089393606,12285.981132988058
ATTCGCGCCTTGAGAG-1-Topic-7-Cell-5,1,65.0,107.0,12577.841831929245,12111.038594152262
ATTGAAGATCTTAGTG-1-Topic-3-Cell-1,1,31.0,49.0,6746.0,6415.0
ATTGAAGATCTTAGTG-1-Topic-3-Cell-2,1,31.0,49.0,6789.701066596173,6367.295678086574
ATTGAAGATCTTAGTG-1-Topic-6-Cell-3,1,31.0,49.0,6654.8573117831675,6422.998842812265
ATTGAAGATCTTAGTG-1-Topic-7-Cell-4,1,31.0,49.0,6834.927405376267,6483.178979353126
ATTGATGAGTCCTAAC-1-Topic-4-Cell-1,1,33.0,99.0,7062.0,11394.0
ATTGATGAGTCCTAAC-1-Topic-9-Cell-2,1,33.0,99.0,7105.701066596173,11346.295678086573
ATTGATGAGTCCTAAC-1-Topic-9-Cell-3,1,33.0,99.0,6970.8573117831675,11401.998842812265
ATTGATGAGTCCTAAC-1-Topic-9-Cell-4,1,33.0,99.0,7150.927405376267,11462.178979353126
ATTGCCTTTATGTTTG-1-Topic-2-Cell-1,1,64.0,84.0,12440.0,9935.0
ATTGCCTTTATGTTTG-1-Topic-3-Cell-2,1,64.0,84.0,12475.68177145867,9896.049584262211
ATTGCCTTTATGTTTG-1-Topic-6-Cell-3,1,64.0,84.0,12365.582306694394,9941.531027807592
ATTGCCTTTATGTTTG-1-Topic-6-Cell-4,1,64.0,84.0,12512.608922440497,9990.667903532969
ATTGCCTTTATGTTTG-1-Topic-7-Cell-5,1,64.0,84.0,12421.59819438278,9830.967945553655
ATTGCCTTTATGTTTG-1-Topic-7-Cell-6,1,64.0,84.0,12376.603308934946,10034.661818490727
ATTGCGATCAGTAACT-1-Topic-4-Cell-1,1,51.0,99.0,10179.0,11413.0
ATTGCGATCAGTAACT-1-Topic-4-Cell-2,1,51.0,99.0,10214.68177145867,11374.049584262211
ATTGCGATCAGTAACT-1-Topic-7-Cell-3,1,51.0,99.0,10104.582306694394,11419.531027807592
ATTGCGATCAGTAACT-1-Topic-9-Cell-4,1,51.0,99.0,10251.608922440497,11468.667903532969
ATTGCGATCAGTAACT-1-Topic-9-Cell-5,1,51.0,99.0,10160.59819438278,11308.967945553655
ATTGCGATCAGTAACT-1-Topic-9-Cell-6,1,51.0,99.0,10115.603308934946,11512.661818490727
ATTGCTGCTCCTCCAT-1-Topic-7-Cell-1,1,35.0,43.0,7443.0,5822.0
ATTGCTGCTCCTCCAT-1-Topic-7-Cell-2,1,35.0,43.0,7493.461645126349,5766.91579380355
ATTGCTGCTCCTCCAT-1-Topic-7-Cell-3,1,35.0,43.0,7337.757488846692,5831.236268101734
ATTGGATTACAGCGTA-1-Topic-3-Cell-1,1,54.0,102.0,10696.0,11715.0
ATTGGATTACAGCGTA-1-Topic-6-Cell-2,1,54.0,102.0,10729.034901211928,11678.938922215459
ATTGGATTACAGCGTA-1-Topic-6-Cell-3,1,54.0,102.0,10627.102603758962,11721.046556816444
ATTGGATTACAGCGTA-1-Topic-6-Cell-4,1,54.0,102.0,10763.222799818237,11766.538464003022
ATTGGATTACAGCGTA-1-Topic-6-Cell-5,1,54.0,102.0,10678.96323848747,11618.68503297294
ATTGGATTACAGCGTA-1-Topic-7-Cell-6,1,54.0,102.0,10637.3060691529,11807.268914738599
ATTGGATTACAGCGTA-1-Topic-7-Cell-7,1,54.0,102.0,10811.685395307864,11683.901358761988
ATTGTACAACTCGGCT-1-Topic-6-Cell-1,1,35.0,103.0,7405.0,11794.0
ATTGTACAACTCGGCT-1-Topic-9-Cell-2,1,35.0,103.0,7466.802641070479,11726.53590096622
ATTTACAGTTTACTGG-1-Topic-3-Cell-1,1,30.0,38.0,6580.0,5319.0
ATTTACAGTTTACTGG-1-Topic-3-Cell-2,1,30.0,38.0,6630.461645126349,5263.91579380355
ATTTACAGTTTACTGG-1-Topic-7-Cell-3,1,30.0,38.0,6474.757488846692,5328.236268101734
ATTTACTAAGTCCATT-1-Topic-4-Cell-1,1,31.0,111.0,6708.0,12586.0
ATTTACTAAGTCCATT-1-Topic-7-Cell-2,1,31.0,111.0,6747.087422239316,12543.331957352419
ATTTACTAAGTCCATT-1-Topic-7-Cell-3,1,31.0,111.0,6626.479501398037,12593.154382507824
ATTTACTAAGTCCATT-1-Topic-7-Cell-4,1,31.0,111.0,6787.5390893936055,12646.981132988058
ATTTACTAAGTCCATT-1-Topic-9-Cell-5,1,31.0,111.0,6687.841831929245,12472.038594152262
ATTTCCGGGTTCTGCG-1-Topic-0-Cell-1,1,55.0,35.0,10912.0,5048.0
ATTTCCGGGTTCTGCG-1-Topic-0-Cell-2,1,55.0,35.0,10942.90132053524,5014.26795048311
ATTTCCGGGTTCTGCG-1-Topic-0-Cell-3,1,55.0,35.0,10847.552387106307,5053.656035994198
ATTTCCGGGTTCTGCG-1-Topic-0-Cell-4,1,55.0,35.0,10974.881171374884,5096.209818634973
ATTTCCGGGTTCTGCG-1-Topic-3-Cell-5,1,55.0,35.0,10896.063568859983,4957.905598041579
ATTTCCGGGTTCTGCG-1-Topic-5-Cell-6,1,55.0,35.0,10857.096855021788,5134.309666600323
ATTTCCGGGTTCTGCG-1-Topic-5-Cell-7,1,55.0,35.0,11020.213778473884,5018.909884823291
ATTTCCGGGTTCTGCG-1-Topic-5-Cell-8,1,55.0,35.0,10804.588675800891,4992.214635774117
ATTTGCGCGAGTAGCT-1-Topic-0-Cell-1,1,53.0,31.0,10568.0,4648.0
ATTTGCGCGAGTAGCT-1-Topic-0-Cell-2,1,53.0,31.0,10611.701066596173,4600.295678086574
ATTTGCGCGAGTAGCT-1-Topic-5-Cell-3,1,53.0,31.0,10476.857311783167,4655.998842812265
ATTTGCGCGAGTAGCT-1-Topic-6-Cell-4,1,53.0,31.0,10656.927405376267,4716.178979353126
ATTTGTCTTGGGAGCT-1-Topic-5-Cell-1,1,40.0,84.0,8283.0,9909.0
ATTTGTCTTGGGAGCT-1-Topic-5-Cell-2,1,40.0,84.0,8326.701066596173,9861.295678086573
ATTTGTCTTGGGAGCT-1-Topic-7-Cell-3,1,40.0,84.0,8191.8573117831675,9916.998842812265
ATTTGTCTTGGGAGCT-1-Topic-9-Cell-4,1,40.0,84.0,8371.927405376267,9977.178979353126
ATTTGTTCCAGGGCTC-1-Topic-1-Cell-1,1,19.0,71.0,4655.0,8592.0
ATTTGTTCCAGGGCTC-1-Topic-2-Cell-2,1,19.0,71.0,4690.6817714586705,8553.049584262211
ATTTGTTCCAGGGCTC-1-Topic-2-Cell-3,1,19.0,71.0,4580.582306694395,8598.531027807592
ATTTGTTCCAGGGCTC-1-Topic-4-Cell-4,1,19.0,71.0,4727.608922440497,8647.667903532969
ATTTGTTCCAGGGCTC-1-Topic-6-Cell-5,1,19.0,71.0,4636.598194382778,8487.967945553655
ATTTGTTCCAGGGCTC-1-Topic-6-Cell-6,1,19.0,71.0,4591.603308934945,8691.661818490727
CAAACGAGTATCGCAG-1-Topic-3-Cell-1,1,47.0,47.0,9519.0,6234.0
CAAACGAGTATCGCAG-1-Topic-3-Cell-2,1,47.0,47.0,9562.701066596173,6186.295678086574
CAAACGAGTATCGCAG-1-Topic-3-Cell-3,1,47.0,47.0,9427.857311783167,6241.998842812265
CAAACGAGTATCGCAG-1-Topic-3-Cell-4,1,47.0,47.0,9607.927405376267,6302.178979353126
CAAACGGTCGCACTTT-1-Topic-3-Cell-1,1,30.0,40.0,6579.0,5518.0
CAAACGGTCGCACTTT-1-Topic-3-Cell-2,1,30.0,40.0,6618.087422239316,5475.331957352419
CAAACGGTCGCACTTT-1-Topic-6-Cell-3,1,30.0,40.0,6497.479501398037,5525.154382507824
CAAACGGTCGCACTTT-1-Topic-6-Cell-4,1,30.0,40.0,6658.5390893936055,5578.981132988058
CAAACGGTCGCACTTT-1-Topic-6-Cell-5,1,30.0,40.0,6558.841831929245,5404.038594152262
CAAAGATTATTGGGCC-1-Topic-0-Cell-1,1,56.0,30.0,11088.0,4551.0
CAAAGATTATTGGGCC-1-Topic-0-Cell-2,1,56.0,30.0,11123.68177145867,4512.049584262212
CAAAGATTATTGGGCC-1-Topic-0-Cell-3,1,56.0,30.0,11013.582306694394,4557.531027807593
CAAAGATTATTGGGCC-1-Topic-0-Cell-4,1,56.0,30.0,11160.608922440497,4606.66790353297
CAAAGATTATTGGGCC-1-Topic-3-Cell-5,1,56.0,30.0,11069.59819438278,4446.967945553654
CAAAGATTATTGGGCC-1-Topic-5-Cell-6,1,56.0,30.0,11024.603308934946,4650.6618184907275
CAAATCTCTCACAAGG-1-Topic-0-Cell-1,1,44.0,24.0,9013.0,3941.0
CAAATCTCTCACAAGG-1-Topic-0-Cell-2,1,44.0,24.0,9046.034901211928,3904.9389222154587
CAAATCTCTCACAAGG-1-Topic-3-Cell-3,1,44.0,24.0,8944.102603758962,3947.046556816443
CAAATCTCTCACAAGG-1-Topic-5-Cell-4,1,44.0,24.0,9080.222799818237,3992.5384640030225
CAAATCTCTCACAAGG-1-Topic-5-Cell-5,1,44.0,24.0,8995.96323848747,3844.6850329729414
CAAATCTCTCACAAGG-1-Topic-5-Cell-6,1,44.0,24.0,8954.3060691529,4033.268914738599
CAAATCTCTCACAAGG-1-Topic-5-Cell-7,1,44.0,24.0,9128.685395307864,3909.9013587619884
CAAATGTCCTTCCGTG-1-Topic-0-Cell-1,1,45.0,53.0,9168.0,6829.0
CAAATGTCCTTCCGTG-1-Topic-0-Cell-2,1,45.0,53.0,9203.68177145867,6790.049584262212
CAAATGTCCTTCCGTG-1-Topic-0-Cell-3,1,45.0,53.0,9093.582306694394,6835.531027807593
CAAATGTCCTTCCGTG-1-Topic-3-Cell-4,1,45.0,53.0,9240.608922440497,6884.66790353297
CAAATGTCCTTCCGTG-1-Topic-3-Cell-5,1,45.0,53.0,9149.59819438278,6724.967945553654
CAAATGTCCTTCCGTG-1-Topic-7-Cell-6,1,45.0,53.0,9104.603308934946,6928.6618184907275
CAACCTACCGAGCAGT-1-Topic-6-Cell-1,1,61.0,103.0,11908.0,11822.0
CAACCTACCGAGCAGT-1-Topic-6-Cell-2,1,61.0,103.0,11958.46164512635,11766.91579380355
CAACCTACCGAGCAGT-1-Topic-7-Cell-3,1,61.0,103.0,11802.757488846692,11831.236268101733
CAACGACCCGTTTACA-1-Topic-4-Cell-1,1,20.0,50.0,4841.0,6503.0
CAACGACCCGTTTACA-1-Topic-4-Cell-2,1,20.0,50.0,4876.6817714586705,6464.049584262212
CAACGACCCGTTTACA-1-Topic-6-Cell-3,1,20.0,50.0,4766.582306694395,6509.531027807593
CAACGACCCGTTTACA-1-Topic-6-Cell-4,1,20.0,50.0,4913.608922440497,6558.66790353297
CAACGACCCGTTTACA-1-Topic-6-Cell-5,1,20.0,50.0,4822.598194382778,6398.967945553654
CAACGACCCGTTTACA-1-Topic-7-Cell-6,1,20.0,50.0,4777.603308934945,6602.6618184907275
CAACGGTTCTTGATAC-1-Topic-0-Cell-1,1,18.0,38.0,4502.0,5306.0
CAACGGTTCTTGATAC-1-Topic-0-Cell-2,1,18.0,38.0,4537.6817714586705,5267.049584262212
CAACGGTTCTTGATAC-1-Topic-2-Cell-3,1,18.0,38.0,4427.582306694395,5312.531027807593
CAACGGTTCTTGATAC-1-Topic-5-Cell-4,1,18.0,38.0,4574.608922440497,5361.66790353297
CAACGGTTCTTGATAC-1-Topic-5-Cell-5,1,18.0,38.0,4483.598194382778,5201.967945553654
CAACGGTTCTTGATAC-1-Topic-7-Cell-6,1,18.0,38.0,4438.603308934945,5405.6618184907275
CAACTCCTTGATCCCG-1-Topic-3-Cell-1,1,18.0,46.0,4497.0,6103.0
CAACTCCTTGATCCCG-1-Topic-3-Cell-2,1,18.0,46.0,4536.087422239316,6060.331957352419
CAACTCCTTGATCCCG-1-Topic-3-Cell-3,1,18.0,46.0,4415.479501398037,6110.154382507824
CAACTCCTTGATCCCG-1-Topic-3-Cell-4,1,18.0,46.0,4576.5390893936055,6163.981132988058
CAACTCCTTGATCCCG-1-Topic-6-Cell-5,1,18.0,46.0,4476.841831929245,5989.038594152262
CAACTGCTCATCCGAT-1-Topic-3-Cell-1,1,59.0,55.0,11592.0,7043.0
CAACTGCTCATCCGAT-1-Topic-3-Cell-2,1,59.0,55.0,11635.701066596173,6995.295678086574
CAACTGCTCATCCGAT-1-Topic-3-Cell-3,1,59.0,55.0,11500.857311783167,7050.998842812265
CAACTGCTCATCCGAT-1-Topic-7-Cell-4,1,59.0,55.0,11680.927405376267,7111.178979353126
CAAGAGGGCGGAGTAC-1-Topic-6-Cell-1,1,46.0,74.0,9329.0,8920.0
CAAGAGGGCGGAGTAC-1-Topic-6-Cell-2,1,46.0,74.0,9364.68177145867,8881.049584262211
CAAGAGGGCGGAGTAC-1-Topic-6-Cell-3,1,46.0,74.0,9254.582306694394,8926.531027807592
CAAGAGGGCGGAGTAC-1-Topic-6-Cell-4,1,46.0,74.0,9401.608922440497,8975.667903532969
CAAGAGGGCGGAGTAC-1-Topic-7-Cell-5,1,46.0,74.0,9310.59819438278,8815.967945553655
CAAGAGGGCGGAGTAC-1-Topic-7-Cell-6,1,46.0,74.0,9265.603308934946,9019.661818490727
CAAGATATTATAACGT-1-Topic-6-Cell-1,1,45.0,89.0,9146.0,10412.0
CAAGATATTATAACGT-1-Topic-7-Cell-2,1,45.0,89.0,9181.68177145867,10373.049584262211
CAAGATATTATAACGT-1-Topic-7-Cell-3,1,45.0,89.0,9071.582306694394,10418.531027807592
CAAGATATTATAACGT-1-Topic-9-Cell-4,1,45.0,89.0,9218.608922440497,10467.667903532969
CAAGATATTATAACGT-1-Topic-9-Cell-5,1,45.0,89.0,9127.59819438278,10307.967945553655
CAAGATATTATAACGT-1-Topic-9-Cell-6,1,45.0,89.0,9082.603308934946,10511.661818490727
CAAGCAACGTCGGAGT-1-Topic-3-Cell-1,1,32.0,38.0,6926.0,5322.0
CAAGCAACGTCGGAGT-1-Topic-3-Cell-2,1,32.0,38.0,6969.701066596173,5274.295678086574
CAAGCAACGTCGGAGT-1-Topic-7-Cell-3,1,32.0,38.0,6834.8573117831675,5329.998842812265
CAAGCAACGTCGGAGT-1-Topic-7-Cell-4,1,32.0,38.0,7014.927405376267,5390.178979353126
CAAGCACCAAATGCCT-1-Topic-0-Cell-1,1,18.0,66.0,4484.0,8093.0
CAAGCACCAAATGCCT-1-Topic-3-Cell-2,1,18.0,66.0,4523.087422239316,8050.331957352419
CAAGCACCAAATGCCT-1-Topic-3-Cell-3,1,18.0,66.0,4402.479501398037,8100.154382507824
CAAGCACCAAATGCCT-1-Topic-7-Cell-4,1,18.0,66.0,4563.5390893936055,8153.981132988058
CAAGCACCAAATGCCT-1-Topic-7-Cell-5,1,18.0,66.0,4463.841831929245,7979.038594152262
CAAGCGGCACATAATT-1-Topic-4-Cell-1,1,54.0,72.0,10715.0,8729.0
CAAGCGGCACATAATT-1-Topic-6-Cell-2,1,54.0,72.0,10750.68177145867,8690.049584262211
CAAGCGGCACATAATT-1-Topic-6-Cell-3,1,54.0,72.0,10640.582306694394,8735.531027807592
CAAGCGGCACATAATT-1-Topic-6-Cell-4,1,54.0,72.0,10787.608922440497,8784.667903532969
CAAGCGGCACATAATT-1-Topic-6-Cell-5,1,54.0,72.0,10696.59819438278,8624.967945553655
CAAGCGGCACATAATT-1-Topic-6-Cell-6,1,54.0,72.0,10651.603308934946,8828.661818490727
CAAGGATCGCATGTTC-1-Topic-3-Cell-1,1,40.0,68.0,8293.0,8316.0
CAAGGATCGCATGTTC-1-Topic-4-Cell-2,1,40.0,68.0,8336.701066596173,8268.295678086573
CAAGGATCGCATGTTC-1-Topic-7-Cell-3,1,40.0,68.0,8201.857311783167,8323.998842812265
CAAGGATCGCATGTTC-1-Topic-7-Cell-4,1,40.0,68.0,8381.927405376267,8384.178979353126
CAAGGTCCTATAGGCT-1-Topic-3-Cell-1,1,34.0,110.0,7228.0,12490.0
CAAGGTCCTATAGGCT-1-Topic-6-Cell-2,1,34.0,110.0,7271.701066596173,12442.295678086573
CAAGGTCCTATAGGCT-1-Topic-7-Cell-3,1,34.0,110.0,7136.8573117831675,12497.998842812265
CAAGGTCCTATAGGCT-1-Topic-9-Cell-4,1,34.0,110.0,7316.927405376267,12558.178979353126
CAAGTGTGGTTGCAAA-1-Topic-3-Cell-1,1,40.0,94.0,8277.0,10904.0
CAAGTGTGGTTGCAAA-1-Topic-7-Cell-2,1,40.0,94.0,8312.68177145867,10865.049584262211
CAAGTGTGGTTGCAAA-1-Topic-7-Cell-3,1,40.0,94.0,8202.582306694394,10910.531027807592
CAAGTGTGGTTGCAAA-1-Topic-7-Cell-4,1,40.0,94.0,8349.608922440497,10959.667903532969
CAAGTGTGGTTGCAAA-1-Topic-7-Cell-5,1,40.0,94.0,8258.59819438278,10799.967945553655
CAAGTGTGGTTGCAAA-1-Topic-8-Cell-6,1,40.0,94.0,8213.603308934946,11003.661818490727
CAATAAACCTTGGCCC-1-Topic-2-Cell-1,1,26.0,74.0,5865.0,8898.0
CAATAAACCTTGGCCC-1-Topic-3-Cell-2,1,26.0,74.0,5898.034901211928,8861.938922215459
CAATAAACCTTGGCCC-1-Topic-3-Cell-3,1,26.0,74.0,5796.102603758962,8904.046556816444
CAATAAACCTTGGCCC-1-Topic-3-Cell-4,1,26.0,74.0,5932.222799818238,8949.538464003022
CAATAAACCTTGGCCC-1-Topic-6-Cell-5,1,26.0,74.0,5847.9632384874685,8801.68503297294
CAATAAACCTTGGCCC-1-Topic-7-Cell-6,1,26.0,74.0,5806.306069152901,8990.268914738599
CAATAAACCTTGGCCC-1-Topic-7-Cell-7,1,26.0,74.0,5980.685395307864,8866.901358761988
CAATATTCTTGACCTA-1-Topic-0-Cell-1,1,54.0,40.0,10735.0,5544.0
CAATATTCTTGACCTA-1-Topic-0-Cell-2,1,54.0,40.0,10778.701066596173,5496.295678086574
CAATATTCTTGACCTA-1-Topic-5-Cell-3,1,54.0,40.0,10643.857311783167,5551.998842812265
CAATATTCTTGACCTA-1-Topic-5-Cell-4,1,54.0,40.0,10823.927405376267,5612.178979353126
CAATGCGAGAAGTATC-1-Topic-4-Cell-1,1,54.0,82.0,10709.0,9725.0
CAATGCGAGAAGTATC-1-Topic-4-Cell-2,1,54.0,82.0,10742.034901211928,9688.938922215459
CAATGCGAGAAGTATC-1-Topic-4-Cell-3,1,54.0,82.0,10640.102603758962,9731.046556816444
CAATGCGAGAAGTATC-1-Topic-4-Cell-4,1,54.0,82.0,10776.222799818237,9776.538464003022
CAATGCGAGAAGTATC-1-Topic-6-Cell-5,1,54.0,82.0,10691.96323848747,9628.68503297294
CAATGCGAGAAGTATC-1-Topic-7-Cell-6,1,54.0,82.0,10650.3060691529,9817.268914738599
CAATGCGAGAAGTATC-1-Topic-7-Cell-7,1,54.0,82.0,10824.685395307864,9693.901358761988
CAATGGATCTCTACCA-1-Topic-3-Cell-1,1,28.0,86.0,6204.0,10095.0
CAATGGATCTCTACCA-1-Topic-3-Cell-2,1,28.0,86.0,6243.087422239316,10052.331957352419
CAATGGATCTCTACCA-1-Topic-6-Cell-3,1,28.0,86.0,6122.479501398037,10102.154382507824
CAATGGATCTCTACCA-1-Topic-7-Cell-4,1,28.0,86.0,6283.5390893936055,10155.981132988058
CAATGGATCTCTACCA-1-Topic-7-Cell-5,1,28.0,86.0,6183.841831929245,9981.038594152262
CAATTAAGGGTGATGA-1-Topic-3-Cell-1,1,29.0,65.0,6390.0,8006.0
CAATTAAGGGTGATGA-1-Topic-3-Cell-2,1,29.0,65.0,6440.461645126349,7950.91579380355
CAATTAAGGGTGATGA-1-Topic-6-Cell-3,1,29.0,65.0,6284.757488846692,8015.236268101734
CAATTTCGTATAAGGG-1-Topic-3-Cell-1,1,37.0,63.0,7777.0,7815.0
CAATTTCGTATAAGGG-1-Topic-3-Cell-2,1,37.0,63.0,7820.701066596173,7767.295678086574
CAATTTCGTATAAGGG-1-Topic-3-Cell-3,1,37.0,63.0,7685.8573117831675,7822.998842812265
CAATTTCGTATAAGGG-1-Topic-8-Cell-4,1,37.0,63.0,7865.927405376267,7883.178979353126
CACAATGAGCTGCTAT-1-Topic-0-Cell-1,1,42.0,50.0,8651.0,6527.0
CACAATGAGCTGCTAT-1-Topic-3-Cell-2,1,42.0,50.0,8701.46164512635,6471.91579380355
CACAATGAGCTGCTAT-1-Topic-3-Cell-3,1,42.0,50.0,8545.757488846692,6536.236268101734
CACACACGCTAACGAG-1-Topic-6-Cell-1,1,55.0,103.0,10869.0,11816.0
CACACACGCTAACGAG-1-Topic-7-Cell-2,1,55.0,103.0,10908.087422239316,11773.331957352419
CACACACGCTAACGAG-1-Topic-7-Cell-3,1,55.0,103.0,10787.479501398038,11823.154382507824
CACACACGCTAACGAG-1-Topic-7-Cell-4,1,55.0,103.0,10948.539089393606,11876.981132988058
CACACACGCTAACGAG-1-Topic-7-Cell-5,1,55.0,103.0,10848.841831929245,11702.038594152262
CACACAGGGATAGATT-1-Topic-0-Cell-1,1,25.0,27.0,5721.0,4219.0
CACACAGGGATAGATT-1-Topic-0-Cell-2,1,25.0,27.0,5760.087422239316,4176.331957352419
CACACAGGGATAGATT-1-Topic-0-Cell-3,1,25.0,27.0,5639.479501398037,4226.154382507824
CACACAGGGATAGATT-1-Topic-5-Cell-4,1,25.0,27.0,5800.5390893936055,4279.981132988058
CACACAGGGATAGATT-1-Topic-5-Cell-5,1,25.0,27.0,5700.841831929245,4105.038594152262
CACACGCGCTGTCTTA-1-Topic-2-Cell-1,1,33.0,89.0,7068.0,10399.0
CACACGCGCTGTCTTA-1-Topic-2-Cell-2,1,33.0,89.0,7103.6817714586705,10360.049584262211
CACACGCGCTGTCTTA-1-Topic-3-Cell-3,1,33.0,89.0,6993.582306694395,10405.531027807592
CACACGCGCTGTCTTA-1-Topic-6-Cell-4,1,33.0,89.0,7140.608922440497,10454.667903532969
CACACGCGCTGTCTTA-1-Topic-6-Cell-5,1,33.0,89.0,7049.598194382778,10294.967945553655
CACACGCGCTGTCTTA-1-Topic-7-Cell-6,1,33.0,89.0,7004.603308934945,10498.661818490727
CACAGAGACGAGGACG-1-Topic-0-Cell-1,1,64.0,20.0,12479.0,3565.0
CACAGAGACGAGGACG-1-Topic-0-Cell-2,1,64.0,20.0,12540.802641070479,3497.5359009662207
CACAGCACCCACGGCA-1-Topic-1-Cell-1,1,31.0,59.0,6740.0,7411.0
CACAGCACCCACGGCA-1-Topic-3-Cell-2,1,31.0,59.0,6783.701066596173,7363.295678086574
CACAGCACCCACGGCA-1-Topic-7-Cell-3,1,31.0,59.0,6648.8573117831675,7418.998842812265
CACAGCACCCACGGCA-1-Topic-7-Cell-4,1,31.0,59.0,6828.927405376267,7479.178979353126
CACAGCTAGGGAGTGA-1-Topic-1-Cell-1,1,20.0,60.0,4835.0,7498.0
CACAGCTAGGGAGTGA-1-Topic-6-Cell-2,1,20.0,60.0,4870.6817714586705,7459.049584262212
CACAGCTAGGGAGTGA-1-Topic-6-Cell-3,1,20.0,60.0,4760.582306694395,7504.531027807593
CACAGCTAGGGAGTGA-1-Topic-6-Cell-4,1,20.0,60.0,4907.608922440497,7553.66790353297
CACAGCTAGGGAGTGA-1-Topic-8-Cell-5,1,20.0,60.0,4816.598194382778,7393.967945553654
CACAGCTAGGGAGTGA-1-Topic-8-Cell-6,1,20.0,60.0,4771.603308934945,7597.6618184907275
CACAGGGCCATATAGT-1-Topic-2-Cell-1,1,57.0,97.0,11219.0,11221.0
CACAGGGCCATATAGT-1-Topic-4-Cell-2,1,57.0,97.0,11248.13404439745,11189.197118724383
CACAGGGCCATATAGT-1-Topic-6-Cell-3,1,57.0,97.0,11158.238207855446,11226.332561874844
CACAGGGCCATATAGT-1-Topic-6-Cell-4,1,57.0,97.0,11278.284936917511,11266.452652902084
CACAGGGCCATATAGT-1-Topic-6-Cell-5,1,57.0,97.0,11203.974988630642,11136.058183237672
CACAGGGCCATATAGT-1-Topic-6-Cell-6,1,57.0,97.0,11167.236818503252,11302.37353404672
CACAGGGCCATATAGT-1-Topic-8-Cell-7,1,57.0,97.0,11321.024928768937,11193.573576390734
CACAGGGCCATATAGT-1-Topic-8-Cell-8,1,57.0,97.0,11117.731632376777,11168.40505421989
CACAGGGCCATATAGT-1-Topic-8-Cell-9,1,57.0,97.0,11260.847516403668,11335.588445202442
CACAGGGCCGTTGTCA-1-Topic-0-Cell-1,1,62.0,60.0,12108.0,7544.0
CACAGGGCCGTTGTCA-1-Topic-0-Cell-2,1,62.0,60.0,12138.90132053524,7510.26795048311
CACAGGGCCGTTGTCA-1-Topic-0-Cell-3,1,62.0,60.0,12043.552387106307,7549.656035994198
CACAGGGCCGTTGTCA-1-Topic-5-Cell-4,1,62.0,60.0,12170.881171374884,7592.209818634973
CACAGGGCCGTTGTCA-1-Topic-5-Cell-5,1,62.0,60.0,12092.063568859983,7453.905598041579
CACAGGGCCGTTGTCA-1-Topic-5-Cell-6,1,62.0,60.0,12053.096855021788,7630.309666600323
CACAGGGCCGTTGTCA-1-Topic-5-Cell-7,1,62.0,60.0,12216.213778473884,7514.909884823291
CACAGGGCCGTTGTCA-1-Topic-5-Cell-8,1,62.0,60.0,12000.588675800891,7488.214635774117
CACATATTAGCAGGAT-1-Topic-0-Cell-1,1,47.0,73.0,9502.0,8821.0
CACATATTAGCAGGAT-1-Topic-0-Cell-2,1,47.0,73.0,9535.034901211928,8784.938922215459
CACATATTAGCAGGAT-1-Topic-6-Cell-3,1,47.0,73.0,9433.102603758962,8827.046556816444
CACATATTAGCAGGAT-1-Topic-6-Cell-4,1,47.0,73.0,9569.222799818237,8872.538464003022
CACATATTAGCAGGAT-1-Topic-7-Cell-5,1,47.0,73.0,9484.96323848747,8724.68503297294
CACATATTAGCAGGAT-1-Topic-9-Cell-6,1,47.0,73.0,9443.3060691529,8913.268914738599
CACATATTAGCAGGAT-1-Topic-9-Cell-7,1,47.0,73.0,9617.685395307864,8789.901358761988
CACATCGTGCACGCGC-1-Topic-0-Cell-1,1,60.0,38.0,11776.0,5352.0
CACATCGTGCACGCGC-1-Topic-0-Cell-2,1,60.0,38.0,11826.46164512635,5296.91579380355
CACATCGTGCACGCGC-1-Topic-5-Cell-3,1,60.0,38.0,11670.757488846692,5361.236268101734
CACATCTCACCGACGA-1-Topic-6-Cell-1,1,57.0,75.0,11233.0,9031.0
CACATCTCACCGACGA-1-Topic-6-Cell-2,1,57.0,75.0,11268.68177145867,8992.049584262211
CACATCTCACCGACGA-1-Topic-6-Cell-3,1,57.0,75.0,11158.582306694394,9037.531027807592
CACATCTCACCGACGA-1-Topic-6-Cell-4,1,57.0,75.0,11305.608922440497,9086.667903532969
CACATCTCACCGACGA-1-Topic-6-Cell-5,1,57.0,75.0,11214.59819438278,8926.967945553655
CACATCTCACCGACGA-1-Topic-6-Cell-6,1,57.0,75.0,11169.603308934946,9130.661818490727
CACATGATTCAGCAAC-1-Topic-3-Cell-1,1,38.0,64.0,7949.0,7916.0
CACATGATTCAGCAAC-1-Topic-3-Cell-2,1,38.0,64.0,7992.701066596173,7868.295678086574
CACATGATTCAGCAAC-1-Topic-7-Cell-3,1,38.0,64.0,7857.8573117831675,7923.998842812265
CACATGATTCAGCAAC-1-Topic-7-Cell-4,1,38.0,64.0,8037.927405376267,7984.178979353126
CACATTCTTTCGATGG-1-Topic-1-Cell-1,1,18.0,90.0,4469.0,10482.0
CACATTCTTTCGATGG-1-Topic-8-Cell-2,1,18.0,90.0,4530.802641070479,10414.53590096622
CACATTTCTTGTCAGA-1-Topic-6-Cell-1,1,44.0,108.0,8961.0,12302.0
CACATTTCTTGTCAGA-1-Topic-9-Cell-2,1,44.0,108.0,9022.802641070479,12234.53590096622
CACCAGTCAGCATGCA-1-Topic-0-Cell-1,1,60.0,22.0,11786.0,3759.0
CACCAGTCAGCATGCA-1-Topic-0-Cell-2,1,60.0,22.0,11819.034901211928,3722.9389222154587
CACCAGTCAGCATGCA-1-Topic-0-Cell-3,1,60.0,22.0,11717.102603758962,3765.046556816443
CACCAGTCAGCATGCA-1-Topic-0-Cell-4,1,60.0,22.0,11853.222799818237,3810.5384640030225
CACCAGTCAGCATGCA-1-Topic-0-Cell-5,1,60.0,22.0,11768.96323848747,3662.6850329729414
CACCAGTCAGCATGCA-1-Topic-0-Cell-6,1,60.0,22.0,11727.3060691529,3851.268914738599
CACCAGTCAGCATGCA-1-Topic-3-Cell-7,1,60.0,22.0,11901.685395307864,3727.9013587619884
CACCCAAATCTTATGT-1-Topic-6-Cell-1,1,35.0,105.0,7404.0,11993.0
CACCCAAATCTTATGT-1-Topic-6-Cell-2,1,35.0,105.0,7443.087422239316,11950.331957352419
CACCCAAATCTTATGT-1-Topic-6-Cell-3,1,35.0,105.0,7322.479501398037,12000.154382507824
CACCCAAATCTTATGT-1-Topic-7-Cell-4,1,35.0,105.0,7483.5390893936055,12053.981132988058
CACCCAAATCTTATGT-1-Topic-9-Cell-5,1,35.0,105.0,7383.841831929245,11879.038594152262
CACCCACACGTCACCC-1-Topic-0-Cell-1,1,17.0,43.0,4326.0,5803.0
CACCCACGAGGCAATT-1-Topic-6-Cell-1,1,20.0,86.0,4818.0,10086.0
CACCCACGAGGCAATT-1-Topic-7-Cell-2,1,20.0,86.0,4868.461645126349,10030.91579380355
CACCCACGAGGCAATT-1-Topic-7-Cell-3,1,20.0,86.0,4712.757488846692,10095.236268101733
CACCCGGTTTGTGACT-1-Topic-0-Cell-1,1,53.0,39.0,10563.0,5444.0
CACCCGGTTTGTGACT-1-Topic-0-Cell-2,1,53.0,39.0,10624.802641070479,5376.535900966221
CACCCTAACAAGATCT-1-Topic-6-Cell-1,1,56.0,80.0,11057.0,9528.0
CACCCTAACAAGATCT-1-Topic-7-Cell-2,1,56.0,80.0,11096.087422239316,9485.331957352419
CACCCTAACAAGATCT-1-Topic-7-Cell-3,1,56.0,80.0,10975.479501398038,9535.154382507824
CACCCTAACAAGATCT-1-Topic-7-Cell-4,1,56.0,80.0,11136.539089393606,9588.981132988058
CACCCTAACAAGATCT-1-Topic-7-Cell-5,1,56.0,80.0,11036.841831929245,9414.038594152262
CACCCTTGGTGAGACC-1-Topic-0-Cell-1,1,50.0,16.0,10057.0,3151.0
CACCCTTGGTGAGACC-1-Topic-0-Cell-2,1,50.0,16.0,10100.701066596173,3103.295678086574
CACCCTTGGTGAGACC-1-Topic-0-Cell-3,1,50.0,16.0,9965.857311783167,3158.998842812265
CACCCTTGGTGAGACC-1-Topic-3-Cell-4,1,50.0,16.0,10145.927405376267,3219.178979353126
CACCGCCAGAAGGTTT-1-Topic-3-Cell-1,1,27.0,59.0,6047.0,7406.0
CACCGCCAGAAGGTTT-1-Topic-3-Cell-2,1,27.0,59.0,6086.087422239316,7363.331957352419
CACCGCCAGAAGGTTT-1-Topic-6-Cell-3,1,27.0,59.0,5965.479501398037,7413.154382507824
CACCGCCAGAAGGTTT-1-Topic-6-Cell-4,1,27.0,59.0,6126.5390893936055,7466.981132988058
CACCGCCAGAAGGTTT-1-Topic-7-Cell-5,1,27.0,59.0,6026.841831929245,7292.038594152262
CACCGCGTCCACTCTA-1-Topic-6-Cell-1,1,16.0,104.0,4114.0,11873.0
CACCGCGTCCACTCTA-1-Topic-6-Cell-2,1,16.0,104.0,4149.6817714586705,11834.049584262211
CACCGCGTCCACTCTA-1-Topic-6-Cell-3,1,16.0,104.0,4039.582306694395,11879.531027807592
CACCGCGTCCACTCTA-1-Topic-7-Cell-4,1,16.0,104.0,4186.608922440497,11928.667903532969
CACCGCGTCCACTCTA-1-Topic-8-Cell-5,1,16.0,104.0,4095.5981943827787,11768.967945553655
CACCGCGTCCACTCTA-1-Topic-9-Cell-6,1,16.0,104.0,4050.603308934945,11972.661818490727
CACCGTTAGGGATCAC-1-Topic-0-Cell-1,1,53.0,37.0,10564.0,5245.0
CACCGTTAGGGATCAC-1-Topic-0-Cell-2,1,53.0,37.0,10603.087422239316,5202.331957352419
CACCGTTAGGGATCAC-1-Topic-0-Cell-3,1,53.0,37.0,10482.479501398038,5252.154382507824
CACCGTTAGGGATCAC-1-Topic-3-Cell-4,1,53.0,37.0,10643.539089393606,5305.981132988058
CACCGTTAGGGATCAC-1-Topic-6-Cell-5,1,53.0,37.0,10543.841831929245,5131.038594152262
CACCGTTGCGCGATAT-1-Topic-5-Cell-1,1,47.0,29.0,9530.0,4442.0
CACCGTTGCGCGATAT-1-Topic-5-Cell-2,1,47.0,29.0,9580.46164512635,4386.91579380355
CACCGTTGCGCGATAT-1-Topic-7-Cell-3,1,47.0,29.0,9424.757488846692,4451.236268101734
CACCTAATAGAGTCGT-1-Topic-0-Cell-1,1,17.0,25.0,4337.0,4011.0
CACCTAATAGAGTCGT-1-Topic-0-Cell-2,1,17.0,25.0,4387.461645126349,3955.9157938035496
CACCTAATAGAGTCGT-1-Topic-7-Cell-3,1,17.0,25.0,4231.757488846692,4020.236268101734
CACCTAATCAGTTTAC-1-Topic-2-Cell-1,1,20.0,72.0,4827.0,8692.0
CACCTAATCAGTTTAC-1-Topic-6-Cell-2,1,20.0,72.0,4862.6817714586705,8653.049584262211
CACCTAATCAGTTTAC-1-Topic-6-Cell-3,1,20.0,72.0,4752.582306694395,8698.531027807592
CACCTAATCAGTTTAC-1-Topic-6-Cell-4,1,20.0,72.0,4899.608922440497,8747.667903532969
CACCTAATCAGTTTAC-1-Topic-6-Cell-5,1,20.0,72.0,4808.598194382778,8587.967945553655
CACCTAATCAGTTTAC-1-Topic-7-Cell-6,1,20.0,72.0,4763.603308934945,8791.661818490727
CACCTCGATGGTGGAC-1-Topic-1-Cell-1,1,18.0,70.0,4482.0,8491.0
CACCTCGATGGTGGAC-1-Topic-2-Cell-2,1,18.0,70.0,4521.087422239316,8448.331957352419
CACCTCGATGGTGGAC-1-Topic-4-Cell-3,1,18.0,70.0,4400.479501398037,8498.154382507824
CACCTCGATGGTGGAC-1-Topic-6-Cell-4,1,18.0,70.0,4561.5390893936055,8551.981132988058
CACCTCGATGGTGGAC-1-Topic-6-Cell-5,1,18.0,70.0,4461.841831929245,8377.038594152262
CACCTTGCGAAACTCG-1-Topic-4-Cell-1,1,24.0,84.0,5512.0,9891.0
CACCTTGCGAAACTCG-1-Topic-7-Cell-2,1,24.0,84.0,5551.087422239316,9848.331957352419
CACCTTGCGAAACTCG-1-Topic-7-Cell-3,1,24.0,84.0,5430.479501398037,9898.154382507824
CACCTTGCGAAACTCG-1-Topic-7-Cell-4,1,24.0,84.0,5591.5390893936055,9951.981132988058
CACCTTGCGAAACTCG-1-Topic-7-Cell-5,1,24.0,84.0,5491.841831929245,9777.038594152262
CACCTTGGCGCCTTTG-1-Topic-6-Cell-1,1,43.0,103.0,8791.0,11803.0
CACCTTGGCGCCTTTG-1-Topic-8-Cell-2,1,43.0,103.0,8834.701066596173,11755.295678086573
CACCTTGGCGCCTTTG-1-Topic-8-Cell-3,1,43.0,103.0,8699.857311783167,11810.998842812265
CACCTTGGCGCCTTTG-1-Topic-9-Cell-4,1,43.0,103.0,8879.927405376267,11871.178979353126
CACGAAAGTTAGTCCC-1-Topic-1-Cell-1,1,33.0,29.0,7105.0,4427.0
CACGAAAGTTAGTCCC-1-Topic-3-Cell-2,1,33.0,29.0,7148.701066596173,4379.295678086574
CACGAAAGTTAGTCCC-1-Topic-3-Cell-3,1,33.0,29.0,7013.8573117831675,4434.998842812265
CACGAAAGTTAGTCCC-1-Topic-7-Cell-4,1,33.0,29.0,7193.927405376267,4495.178979353126
CACGCACAGCGCAGCT-1-Topic-2-Cell-1,1,24.0,72.0,5520.0,8697.0
CACGCACAGCGCAGCT-1-Topic-6-Cell-2,1,24.0,72.0,5555.6817714586705,8658.049584262211
CACGCACAGCGCAGCT-1-Topic-6-Cell-3,1,24.0,72.0,5445.582306694395,8703.531027807592
CACGCACAGCGCAGCT-1-Topic-6-Cell-4,1,24.0,72.0,5592.608922440497,8752.667903532969
CACGCACAGCGCAGCT-1-Topic-6-Cell-5,1,24.0,72.0,5501.598194382778,8592.967945553655
CACGCACAGCGCAGCT-1-Topic-6-Cell-6,1,24.0,72.0,5456.603308934945,8796.661818490727
CACGCAGCGAGGCTTT-1-Topic-6-Cell-1,1,31.0,43.0,6750.0,5818.0
CACGCAGCGAGGCTTT-1-Topic-6-Cell-2,1,31.0,43.0,6785.6817714586705,5779.049584262212
CACGCAGCGAGGCTTT-1-Topic-6-Cell-3,1,31.0,43.0,6675.582306694395,5824.531027807593
CACGCAGCGAGGCTTT-1-Topic-6-Cell-4,1,31.0,43.0,6822.608922440497,5873.66790353297
CACGCAGCGAGGCTTT-1-Topic-6-Cell-5,1,31.0,43.0,6731.598194382778,5713.967945553654
CACGCAGCGAGGCTTT-1-Topic-6-Cell-6,1,31.0,43.0,6686.603308934945,5917.6618184907275
CACGCGGAACTGTTGC-1-Topic-3-Cell-1,1,42.0,98.0,8621.0,11304.0
CACGCGGAACTGTTGC-1-Topic-7-Cell-2,1,42.0,98.0,8671.46164512635,11248.91579380355
CACGCGGAACTGTTGC-1-Topic-9-Cell-3,1,42.0,98.0,8515.757488846692,11313.236268101733
CACGTCGGCAACCTCT-1-Topic-0-Cell-1,1,49.0,37.0,9871.0,5240.0
CACGTCGGCAACCTCT-1-Topic-0-Cell-2,1,49.0,37.0,9910.087422239316,5197.331957352419
CACGTCGGCAACCTCT-1-Topic-3-Cell-3,1,49.0,37.0,9789.479501398038,5247.154382507824
CACGTCGGCAACCTCT-1-Topic-5-Cell-4,1,49.0,37.0,9950.539089393606,5300.981132988058
CACGTCGGCAACCTCT-1-Topic-5-Cell-5,1,49.0,37.0,9850.841831929245,5126.038594152262
CACGTTCGTGCTCTAG-1-Topic-4-Cell-1,1,37.0,81.0,7766.0,9607.0
CACGTTCGTGCTCTAG-1-Topic-4-Cell-2,1,37.0,81.0,7801.6817714586705,9568.049584262211
CACGTTCGTGCTCTAG-1-Topic-4-Cell-3,1,37.0,81.0,7691.582306694395,9613.531027807592
CACGTTCGTGCTCTAG-1-Topic-6-Cell-4,1,37.0,81.0,7838.608922440497,9662.667903532969
CACGTTCGTGCTCTAG-1-Topic-6-Cell-5,1,37.0,81.0,7747.598194382778,9502.967945553655
CACGTTCGTGCTCTAG-1-Topic-6-Cell-6,1,37.0,81.0,7702.603308934945,9706.661818490727
CACGTTTCGTACACAC-1-Topic-3-Cell-1,1,55.0,91.0,10877.0,10622.0
CACGTTTCGTACACAC-1-Topic-3-Cell-2,1,55.0,91.0,10920.701066596173,10574.295678086573
CACGTTTCGTACACAC-1-Topic-7-Cell-3,1,55.0,91.0,10785.857311783167,10629.998842812265
CACGTTTCGTACACAC-1-Topic-7-Cell-4,1,55.0,91.0,10965.927405376267,10690.178979353126
CACTAAAGTTGCCTAT-1-Topic-3-Cell-1,1,35.0,51.0,7438.0,6619.0
CACTAAAGTTGCCTAT-1-Topic-3-Cell-2,1,35.0,51.0,7477.087422239316,6576.331957352419
CACTAAAGTTGCCTAT-1-Topic-6-Cell-3,1,35.0,51.0,7356.479501398037,6626.154382507824
CACTAAAGTTGCCTAT-1-Topic-6-Cell-4,1,35.0,51.0,7517.5390893936055,6679.981132988058
CACTAAAGTTGCCTAT-1-Topic-7-Cell-5,1,35.0,51.0,7417.841831929245,6505.038594152262
CACTACGGGAGCTGCC-1-Topic-7-Cell-1,1,59.0,107.0,11559.0,12218.0
CACTCAAGAGCTATGG-1-Topic-3-Cell-1,1,39.0,57.0,8127.0,7220.0
CACTCAAGAGCTATGG-1-Topic-3-Cell-2,1,39.0,57.0,8188.802641070479,7152.535900966221
CACTCCTATGTAAGAT-1-Topic-0-Cell-1,1,56.0,36.0,11084.0,5149.0
CACTCCTATGTAAGAT-1-Topic-0-Cell-2,1,56.0,36.0,11134.46164512635,5093.91579380355
CACTCCTATGTAAGAT-1-Topic-0-Cell-3,1,56.0,36.0,10978.757488846692,5158.236268101734
CACTCGAGCTGAACAA-1-Topic-2-Cell-1,1,48.0,74.0,9675.0,8922.0
CACTCGAGCTGAACAA-1-Topic-6-Cell-2,1,48.0,74.0,9718.701066596173,8874.295678086573
CACTCGAGCTGAACAA-1-Topic-7-Cell-3,1,48.0,74.0,9583.857311783167,8929.998842812265
CACTCGAGCTGAACAA-1-Topic-7-Cell-4,1,48.0,74.0,9763.927405376267,8990.178979353126
CACTCTTCTGCTAGCC-1-Topic-6-Cell-1,1,59.0,101.0,11563.0,11621.0
CACTCTTCTGCTAGCC-1-Topic-7-Cell-2,1,59.0,101.0,11602.087422239316,11578.331957352419
CACTCTTCTGCTAGCC-1-Topic-7-Cell-3,1,59.0,101.0,11481.479501398038,11628.154382507824
CACTCTTCTGCTAGCC-1-Topic-7-Cell-4,1,59.0,101.0,11642.539089393606,11681.981132988058
CACTCTTCTGCTAGCC-1-Topic-7-Cell-5,1,59.0,101.0,11542.841831929245,11507.038594152262
CACTGACGATTGTGGA-1-Topic-0-Cell-1,1,65.0,51.0,12633.0,6651.0
CACTGACGATTGTGGA-1-Topic-3-Cell-2,1,65.0,51.0,12676.701066596173,6603.295678086574
CACTGACGATTGTGGA-1-Topic-3-Cell-3,1,65.0,51.0,12541.857311783167,6658.998842812265
CACTGACGATTGTGGA-1-Topic-3-Cell-4,1,65.0,51.0,12721.927405376267,6719.178979353126
CACTGTCCAAGTGAGA-1-Topic-0-Cell-1,1,19.0,43.0,4672.0,5805.0
CACTGTCCAAGTGAGA-1-Topic-1-Cell-2,1,19.0,43.0,4711.087422239316,5762.331957352419
CACTGTCCAAGTGAGA-1-Topic-5-Cell-3,1,19.0,43.0,4590.479501398037,5812.154382507824
CACTGTCCAAGTGAGA-1-Topic-6-Cell-4,1,19.0,43.0,4751.5390893936055,5865.981132988058
CACTGTCCAAGTGAGA-1-Topic-9-Cell-5,1,19.0,43.0,4651.841831929245,5691.038594152262
CACTTAATCAGACGGA-1-Topic-3-Cell-1,1,34.0,48.0,7267.0,6319.0
CACTTAATCAGACGGA-1-Topic-3-Cell-2,1,34.0,48.0,7317.461645126349,6263.91579380355
CACTTAATCAGACGGA-1-Topic-7-Cell-3,1,34.0,48.0,7161.757488846692,6328.236268101734
CACTTCGCCACAGGCT-1-Topic-0-Cell-1,1,21.0,31.0,5026.0,4613.0
CACTTCGCCACAGGCT-1-Topic-3-Cell-2,1,21.0,31.0,5065.087422239316,4570.331957352419
CACTTCGCCACAGGCT-1-Topic-3-Cell-3,1,21.0,31.0,4944.479501398037,4620.154382507824
CACTTCGCCACAGGCT-1-Topic-3-Cell-4,1,21.0,31.0,5105.5390893936055,4673.981132988058
CACTTCGCCACAGGCT-1-Topic-3-Cell-5,1,21.0,31.0,5005.841831929245,4499.038594152262
CAGAACTTAGCCCTCT-1-Topic-2-Cell-1,1,53.0,85.0,10534.0,10022.0
CAGAACTTAGCCCTCT-1-Topic-4-Cell-2,1,53.0,85.0,10567.034901211928,9985.938922215459
CAGAACTTAGCCCTCT-1-Topic-6-Cell-3,1,53.0,85.0,10465.102603758962,10028.046556816444
CAGAACTTAGCCCTCT-1-Topic-7-Cell-4,1,53.0,85.0,10601.222799818237,10073.538464003022
CAGAACTTAGCCCTCT-1-Topic-7-Cell-5,1,53.0,85.0,10516.96323848747,9925.68503297294
CAGAACTTAGCCCTCT-1-Topic-7-Cell-6,1,53.0,85.0,10475.3060691529,10114.268914738599
CAGAACTTAGCCCTCT-1-Topic-7-Cell-7,1,53.0,85.0,10649.685395307864,9990.901358761988
CAGACACCGATCGCTG-1-Topic-0-Cell-1,1,53.0,51.0,10555.0,6638.0
CAGACACCGATCGCTG-1-Topic-0-Cell-2,1,53.0,51.0,10588.034901211928,6601.938922215459
CAGACACCGATCGCTG-1-Topic-3-Cell-3,1,53.0,51.0,10486.102603758962,6644.046556816443
CAGACACCGATCGCTG-1-Topic-5-Cell-4,1,53.0,51.0,10622.222799818237,6689.538464003022
CAGACACCGATCGCTG-1-Topic-6-Cell-5,1,53.0,51.0,10537.96323848747,6541.685032972941
CAGACACCGATCGCTG-1-Topic-7-Cell-6,1,53.0,51.0,10496.3060691529,6730.268914738599
CAGACACCGATCGCTG-1-Topic-7-Cell-7,1,53.0,51.0,10670.685395307864,6606.901358761988
CAGACCTGTAAGTGTT-1-Topic-6-Cell-1,1,31.0,99.0,6715.0,11392.0
CAGACCTGTAAGTGTT-1-Topic-6-Cell-2,1,31.0,99.0,6750.6817714586705,11353.049584262211
CAGACCTGTAAGTGTT-1-Topic-6-Cell-3,1,31.0,99.0,6640.582306694395,11398.531027807592
CAGACCTGTAAGTGTT-1-Topic-6-Cell-4,1,31.0,99.0,6787.608922440497,11447.667903532969
CAGACCTGTAAGTGTT-1-Topic-7-Cell-5,1,31.0,99.0,6696.598194382778,11287.967945553655
CAGACCTGTAAGTGTT-1-Topic-7-Cell-6,1,31.0,99.0,6651.603308934945,11491.661818490727
CAGACGAACCTGATAC-1-Topic-0-Cell-1,1,50.0,50.0,10036.0,6535.0
CAGACGAACCTGATAC-1-Topic-0-Cell-2,1,50.0,50.0,10075.087422239316,6492.331957352419
CAGACGAACCTGATAC-1-Topic-3-Cell-3,1,50.0,50.0,9954.479501398038,6542.154382507824
CAGACGAACCTGATAC-1-Topic-3-Cell-4,1,50.0,50.0,10115.539089393606,6595.981132988058
CAGACGAACCTGATAC-1-Topic-5-Cell-5,1,50.0,50.0,10015.841831929245,6421.038594152262
CAGAGACGGTCACCCA-1-Topic-4-Cell-1,1,51.0,57.0,10205.0,7233.0
CAGAGACGGTCACCCA-1-Topic-4-Cell-2,1,51.0,57.0,10248.701066596173,7185.295678086574
CAGAGACGGTCACCCA-1-Topic-5-Cell-3,1,51.0,57.0,10113.857311783167,7240.998842812265
CAGAGACGGTCACCCA-1-Topic-5-Cell-4,1,51.0,57.0,10293.927405376267,7301.178979353126
CAGAGCATGAGCTTGC-1-Topic-1-Cell-1,1,26.0,70.0,5867.0,8500.0
CAGAGCATGAGCTTGC-1-Topic-2-Cell-2,1,26.0,70.0,5902.6817714586705,8461.049584262211
CAGAGCATGAGCTTGC-1-Topic-6-Cell-3,1,26.0,70.0,5792.582306694395,8506.531027807592
CAGAGCATGAGCTTGC-1-Topic-6-Cell-4,1,26.0,70.0,5939.608922440497,8555.667903532969
CAGAGCATGAGCTTGC-1-Topic-7-Cell-5,1,26.0,70.0,5848.598194382778,8395.967945553655
CAGAGCATGAGCTTGC-1-Topic-7-Cell-6,1,26.0,70.0,5803.603308934945,8599.661818490727
CAGAGGCGATGCATGA-1-Topic-0-Cell-1,1,54.0,48.0,10730.0,6341.0
CAGAGGCGATGCATGA-1-Topic-2-Cell-2,1,54.0,48.0,10763.034901211928,6304.938922215459
CAGAGGCGATGCATGA-1-Topic-3-Cell-3,1,54.0,48.0,10661.102603758962,6347.046556816443
CAGAGGCGATGCATGA-1-Topic-3-Cell-4,1,54.0,48.0,10797.222799818237,6392.538464003022
CAGAGGCGATGCATGA-1-Topic-3-Cell-5,1,54.0,48.0,10712.96323848747,6244.685032972941
CAGAGGCGATGCATGA-1-Topic-6-Cell-6,1,54.0,48.0,10671.3060691529,6433.268914738599
CAGAGGCGATGCATGA-1-Topic-6-Cell-7,1,54.0,48.0,10845.685395307864,6309.901358761988
CAGATACTAACATAGT-1-Topic-2-Cell-1,1,26.0,46.0,5882.0,6111.0
CAGATACTAACATAGT-1-Topic-5-Cell-2,1,26.0,46.0,5917.6817714586705,6072.049584262212
CAGATACTAACATAGT-1-Topic-6-Cell-3,1,26.0,46.0,5807.582306694395,6117.531027807593
CAGATACTAACATAGT-1-Topic-6-Cell-4,1,26.0,46.0,5954.608922440497,6166.66790353297
CAGATACTAACATAGT-1-Topic-6-Cell-5,1,26.0,46.0,5863.598194382778,6006.967945553654
CAGATACTAACATAGT-1-Topic-6-Cell-6,1,26.0,46.0,5818.603308934945,6210.6618184907275
CAGATCATTTAAAGTC-1-Topic-6-Cell-1,1,22.0,108.0,5151.0,12278.0
CAGATCATTTAAAGTC-1-Topic-6-Cell-2,1,22.0,108.0,5184.034901211928,12241.938922215459
CAGATCATTTAAAGTC-1-Topic-6-Cell-3,1,22.0,108.0,5082.102603758962,12284.046556816444
CAGATCATTTAAAGTC-1-Topic-6-Cell-4,1,22.0,108.0,5218.222799818238,12329.538464003022
CAGATCATTTAAAGTC-1-Topic-6-Cell-5,1,22.0,108.0,5133.9632384874685,12181.68503297294
CAGATCATTTAAAGTC-1-Topic-6-Cell-6,1,22.0,108.0,5092.306069152901,12370.268914738599
CAGATCATTTAAAGTC-1-Topic-6-Cell-7,1,22.0,108.0,5266.685395307864,12246.901358761988
CAGATCCTGGTTTGAA-1-Topic-0-Cell-1,1,55.0,17.0,10923.0,3256.0
CAGATCCTGGTTTGAA-1-Topic-0-Cell-2,1,55.0,17.0,10956.034901211928,3219.9389222154587
CAGATCCTGGTTTGAA-1-Topic-0-Cell-3,1,55.0,17.0,10854.102603758962,3262.046556816443
CAGATCCTGGTTTGAA-1-Topic-3-Cell-4,1,55.0,17.0,10990.222799818237,3307.5384640030225
CAGATCCTGGTTTGAA-1-Topic-3-Cell-5,1,55.0,17.0,10905.96323848747,3159.6850329729414
CAGATCCTGGTTTGAA-1-Topic-6-Cell-6,1,55.0,17.0,10864.3060691529,3348.268914738599
CAGATCCTGGTTTGAA-1-Topic-6-Cell-7,1,55.0,17.0,11038.685395307864,3224.9013587619884
CAGCAGCCCGTTCCTT-1-Topic-3-Cell-1,1,28.0,78.0,6209.0,9298.0
CAGCAGCCCGTTCCTT-1-Topic-6-Cell-2,1,28.0,78.0,6248.087422239316,9255.331957352419
CAGCAGCCCGTTCCTT-1-Topic-6-Cell-3,1,28.0,78.0,6127.479501398037,9305.154382507824
CAGCAGCCCGTTCCTT-1-Topic-6-Cell-4,1,28.0,78.0,6288.5390893936055,9358.981132988058
CAGCAGCCCGTTCCTT-1-Topic-7-Cell-5,1,28.0,78.0,6188.841831929245,9184.038594152262
CAGCAGTCTGTGCTGC-1-Topic-2-Cell-1,1,62.0,74.0,12099.0,8937.0
CAGCAGTCTGTGCTGC-1-Topic-6-Cell-2,1,62.0,74.0,12134.68177145867,8898.049584262211
CAGCAGTCTGTGCTGC-1-Topic-6-Cell-3,1,62.0,74.0,12024.582306694394,8943.531027807592
CAGCAGTCTGTGCTGC-1-Topic-6-Cell-4,1,62.0,74.0,12171.608922440497,8992.667903532969
CAGCAGTCTGTGCTGC-1-Topic-6-Cell-5,1,62.0,74.0,12080.59819438278,8832.967945553655
CAGCAGTCTGTGCTGC-1-Topic-6-Cell-6,1,62.0,74.0,12035.603308934946,9036.661818490727
CAGCCTCCTGCAGAGG-1-Topic-6-Cell-1,1,23.0,77.0,5343.0,9193.0
CAGCCTCCTGCAGAGG-1-Topic-7-Cell-2,1,23.0,77.0,5386.701066596173,9145.295678086573
CAGCCTCCTGCAGAGG-1-Topic-7-Cell-3,1,23.0,77.0,5251.8573117831675,9200.998842812265
CAGCCTCCTGCAGAGG-1-Topic-8-Cell-4,1,23.0,77.0,5431.927405376267,9261.178979353126
CAGCGATTCCCTTCAA-1-Topic-3-Cell-1,1,53.0,43.0,10560.0,5842.0
CAGCGATTCCCTTCAA-1-Topic-3-Cell-2,1,53.0,43.0,10595.68177145867,5803.049584262212
CAGCGATTCCCTTCAA-1-Topic-3-Cell-3,1,53.0,43.0,10485.582306694394,5848.531027807593
CAGCGATTCCCTTCAA-1-Topic-3-Cell-4,1,53.0,43.0,10632.608922440497,5897.66790353297
CAGCGATTCCCTTCAA-1-Topic-6-Cell-5,1,53.0,43.0,10541.59819438278,5737.967945553654
CAGCGATTCCCTTCAA-1-Topic-7-Cell-6,1,53.0,43.0,10496.603308934946,5941.6618184907275
CAGCTCACTGAGACAT-1-Topic-3-Cell-1,1,33.0,59.0,7087.0,7413.0
CAGCTCACTGAGACAT-1-Topic-4-Cell-2,1,33.0,59.0,7137.461645126349,7357.91579380355
CAGCTCACTGAGACAT-1-Topic-8-Cell-3,1,33.0,59.0,6981.757488846692,7422.236268101734
CAGCTCGACAAGTTAA-1-Topic-4-Cell-1,1,28.0,90.0,6201.0,10493.0
CAGCTCGACAAGTTAA-1-Topic-4-Cell-2,1,28.0,90.0,6236.6817714586705,10454.049584262211
CAGCTCGACAAGTTAA-1-Topic-4-Cell-3,1,28.0,90.0,6126.582306694395,10499.531027807592
CAGCTCGACAAGTTAA-1-Topic-6-Cell-4,1,28.0,90.0,6273.608922440497,10548.667903532969
CAGCTCGACAAGTTAA-1-Topic-6-Cell-5,1,28.0,90.0,6182.598194382778,10388.967945553655
CAGCTCGACAAGTTAA-1-Topic-8-Cell-6,1,28.0,90.0,6137.603308934945,10592.661818490727
CAGCTGGCGTAACCGT-1-Topic-0-Cell-1,1,48.0,22.0,9707.0,3746.0
CAGCTTAGTAGGTAGC-1-Topic-3-Cell-1,1,32.0,28.0,6933.0,4326.0
CAGCTTAGTAGGTAGC-1-Topic-3-Cell-2,1,32.0,28.0,6976.701066596173,4278.295678086574
CAGCTTAGTAGGTAGC-1-Topic-3-Cell-3,1,32.0,28.0,6841.8573117831675,4333.998842812265
CAGCTTAGTAGGTAGC-1-Topic-3-Cell-4,1,32.0,28.0,7021.927405376267,4394.178979353126
CAGGATATATCGTTGT-1-Topic-3-Cell-1,1,44.0,60.0,8991.0,7524.0
CAGGATATATCGTTGT-1-Topic-6-Cell-2,1,44.0,60.0,9052.802641070479,7456.535900966221
CAGGCAGTCTTACCAG-1-Topic-2-Cell-1,1,65.0,85.0,12612.0,10035.0
CAGGCAGTCTTACCAG-1-Topic-5-Cell-2,1,65.0,85.0,12647.68177145867,9996.049584262211
CAGGCAGTCTTACCAG-1-Topic-6-Cell-3,1,65.0,85.0,12537.582306694394,10041.531027807592
CAGGCAGTCTTACCAG-1-Topic-6-Cell-4,1,65.0,85.0,12684.608922440497,10090.667903532969
CAGGCAGTCTTACCAG-1-Topic-6-Cell-5,1,65.0,85.0,12593.59819438278,9930.967945553655
CAGGCAGTCTTACCAG-1-Topic-6-Cell-6,1,65.0,85.0,12548.603308934946,10134.661818490727
CAGGCCGTTTGGGTGT-1-Topic-0-Cell-1,1,39.0,43.0,8136.0,5827.0
CAGGCCGTTTGGGTGT-1-Topic-3-Cell-2,1,39.0,43.0,8179.701066596173,5779.295678086574
CAGGCCGTTTGGGTGT-1-Topic-3-Cell-3,1,39.0,43.0,8044.8573117831675,5834.998842812265
CAGGCCGTTTGGGTGT-1-Topic-7-Cell-4,1,39.0,43.0,8224.927405376267,5895.178979353126
CAGGCGCACGGTGGTC-1-Topic-0-Cell-1,1,56.0,28.0,11089.0,4352.0
CAGGCGCACGGTGGTC-1-Topic-0-Cell-2,1,56.0,28.0,11128.087422239316,4309.331957352419
CAGGCGCACGGTGGTC-1-Topic-0-Cell-3,1,56.0,28.0,11007.479501398038,4359.154382507824
CAGGCGCACGGTGGTC-1-Topic-3-Cell-4,1,56.0,28.0,11168.539089393606,4412.981132988058
CAGGCGCACGGTGGTC-1-Topic-3-Cell-5,1,56.0,28.0,11068.841831929245,4238.038594152262
CAGGCGCCATGCTAGG-1-Topic-3-Cell-1,1,49.0,73.0,9849.0,8824.0
CAGGCGCCATGCTAGG-1-Topic-4-Cell-2,1,49.0,73.0,9884.68177145867,8785.049584262211
CAGGCGCCATGCTAGG-1-Topic-4-Cell-3,1,49.0,73.0,9774.582306694394,8830.531027807592
CAGGCGCCATGCTAGG-1-Topic-4-Cell-4,1,49.0,73.0,9921.608922440497,8879.667903532969
CAGGCGCCATGCTAGG-1-Topic-7-Cell-5,1,49.0,73.0,9830.59819438278,8719.967945553655
CAGGCGCCATGCTAGG-1-Topic-9-Cell-6,1,49.0,73.0,9785.603308934946,8923.661818490727
CAGTAACTATTTATTG-1-Topic-1-Cell-1,1,19.0,101.0,4636.0,11578.0
CAGTAACTATTTATTG-1-Topic-2-Cell-2,1,19.0,101.0,4669.034901211928,11541.938922215459
CAGTAACTATTTATTG-1-Topic-4-Cell-3,1,19.0,101.0,4567.102603758962,11584.046556816444
CAGTAACTATTTATTG-1-Topic-6-Cell-4,1,19.0,101.0,4703.222799818238,11629.538464003022
CAGTAACTATTTATTG-1-Topic-6-Cell-5,1,19.0,101.0,4618.9632384874685,11481.68503297294
CAGTAACTATTTATTG-1-Topic-6-Cell-6,1,19.0,101.0,4577.306069152901,11670.268914738599
CAGTAACTATTTATTG-1-Topic-6-Cell-7,1,19.0,101.0,4751.685395307864,11546.901358761988
CAGTAATCCCTCCCAG-1-Topic-0-Cell-1,1,21.0,25.0,5030.0,4016.0
CAGTAATCCCTCCCAG-1-Topic-0-Cell-2,1,21.0,25.0,5065.6817714586705,3977.049584262212
CAGTAATCCCTCCCAG-1-Topic-0-Cell-3,1,21.0,25.0,4955.582306694395,4022.531027807593
CAGTAATCCCTCCCAG-1-Topic-0-Cell-4,1,21.0,25.0,5102.608922440497,4071.6679035329694
CAGTAATCCCTCCCAG-1-Topic-5-Cell-5,1,21.0,25.0,5011.598194382778,3911.9679455536548
CAGTAATCCCTCCCAG-1-Topic-7-Cell-6,1,21.0,25.0,4966.603308934945,4115.6618184907275
CAGTACATTCTCTAAA-1-Topic-6-Cell-1,1,20.0,102.0,4808.0,11678.0
CAGTACATTCTCTAAA-1-Topic-6-Cell-2,1,20.0,102.0,4843.6817714586705,11639.049584262211
CAGTACATTCTCTAAA-1-Topic-6-Cell-3,1,20.0,102.0,4733.582306694395,11684.531027807592
CAGTACATTCTCTAAA-1-Topic-6-Cell-4,1,20.0,102.0,4880.608922440497,11733.667903532969
CAGTACATTCTCTAAA-1-Topic-8-Cell-5,1,20.0,102.0,4789.598194382778,11573.967945553655
CAGTACATTCTCTAAA-1-Topic-8-Cell-6,1,20.0,102.0,4744.603308934945,11777.661818490727
CAGTACCAGTTTACGT-1-Topic-0-Cell-1,1,48.0,18.0,9710.0,3348.0
CAGTACCAGTTTACGT-1-Topic-0-Cell-2,1,48.0,18.0,9740.90132053524,3314.2679504831103
CAGTACCAGTTTACGT-1-Topic-3-Cell-3,1,48.0,18.0,9645.552387106307,3353.656035994198
CAGTACCAGTTTACGT-1-Topic-3-Cell-4,1,48.0,18.0,9772.881171374884,3396.209818634973
CAGTACCAGTTTACGT-1-Topic-3-Cell-5,1,48.0,18.0,9694.063568859983,3257.905598041579
CAGTACCAGTTTACGT-1-Topic-3-Cell-6,1,48.0,18.0,9655.096855021788,3434.3096666003235
CAGTACCAGTTTACGT-1-Topic-3-Cell-7,1,48.0,18.0,9818.213778473884,3318.90988482329
CAGTACCAGTTTACGT-1-Topic-3-Cell-8,1,48.0,18.0,9602.588675800891,3292.2146357741167
CAGTAGCCCACGCGGT-1-Topic-6-Cell-1,1,25.0,91.0,5681.0,10589.0
CAGTAGCCCACGCGGT-1-Topic-6-Cell-2,1,25.0,91.0,5720.087422239316,10546.331957352419
CAGTAGCCCACGCGGT-1-Topic-7-Cell-3,1,25.0,91.0,5599.479501398037,10596.154382507824
CAGTAGCCCACGCGGT-1-Topic-8-Cell-4,1,25.0,91.0,5760.5390893936055,10649.981132988058
CAGTAGCCCACGCGGT-1-Topic-9-Cell-5,1,25.0,91.0,5660.841831929245,10475.038594152262
CAGTCGAGGATGCAAT-1-Topic-6-Cell-1,1,25.0,99.0,5676.0,11385.0
CAGTCGAGGATGCAAT-1-Topic-6-Cell-2,1,25.0,99.0,5711.6817714586705,11346.049584262211
CAGTCGAGGATGCAAT-1-Topic-6-Cell-3,1,25.0,99.0,5601.582306694395,11391.531027807592
CAGTCGAGGATGCAAT-1-Topic-6-Cell-4,1,25.0,99.0,5748.608922440497,11440.667903532969
CAGTCGAGGATGCAAT-1-Topic-6-Cell-5,1,25.0,99.0,5657.598194382778,11280.967945553655
CAGTCGAGGATGCAAT-1-Topic-6-Cell-6,1,25.0,99.0,5612.603308934945,11484.661818490727
CAGTCTGTATACTGGG-1-Topic-3-Cell-1,1,42.0,66.0,8641.0,8119.0
CAGTCTGTATACTGGG-1-Topic-3-Cell-2,1,42.0,66.0,8691.46164512635,8063.91579380355
CAGTCTGTATACTGGG-1-Topic-9-Cell-3,1,42.0,66.0,8535.757488846692,8128.236268101734
CAGTGAATAAATGACT-1-Topic-2-Cell-1,1,25.0,83.0,5686.0,9793.0
CAGTGAATAAATGACT-1-Topic-3-Cell-2,1,25.0,83.0,5713.638981324522,9762.829137703939
CAGTGAATAAATGACT-1-Topic-6-Cell-3,1,25.0,83.0,5628.356302632844,9798.058912386485
CAGTGAATAAATGACT-1-Topic-6-Cell-4,1,25.0,83.0,5742.242629479621,9836.120172660294
CAGTGAATAAATGACT-1-Topic-6-Cell-5,1,25.0,83.0,5671.746022660871,9712.417117131512
CAGTGAATAAATGACT-1-Topic-6-Cell-6,1,25.0,83.0,5636.893134260077,9870.197712653466
CAGTGAATAAATGACT-1-Topic-6-Cell-7,1,25.0,83.0,5782.789345907883,9766.98100999663
CAGTGAATAAATGACT-1-Topic-6-Cell-8,1,25.0,83.0,5589.92839101501,9743.104053376535
CAGTGAATAAATGACT-1-Topic-7-Cell-9,1,25.0,83.0,5725.700039877054,9901.708144113134
CAGTGAATAAATGACT-1-Topic-7-Cell-10,1,25.0,83.0,5732.836337417489,9679.535884613584
CAGTGGTTGCACATGA-1-Topic-0-Cell-1,1,16.0,22.0,4166.0,3712.0
CAGTGGTTGCACATGA-1-Topic-0-Cell-2,1,16.0,22.0,4216.461645126349,3656.9157938035496
CAGTGGTTGCACATGA-1-Topic-2-Cell-3,1,16.0,22.0,4060.7574888466916,3721.236268101734
CAGTGTCGGCTGGCCC-1-Topic-7-Cell-1,1,52.0,92.0,10356.0,10718.0
CAGTGTCGGCTGGCCC-1-Topic-7-Cell-2,1,52.0,92.0,10395.087422239316,10675.331957352419
CAGTGTCGGCTGGCCC-1-Topic-7-Cell-3,1,52.0,92.0,10274.479501398038,10725.154382507824
CAGTGTCGGCTGGCCC-1-Topic-7-Cell-4,1,52.0,92.0,10435.539089393606,10778.981132988058
CAGTGTCGGCTGGCCC-1-Topic-7-Cell-5,1,52.0,92.0,10335.841831929245,10604.038594152262
CAGTTCAAATTGACAC-1-Topic-3-Cell-1,1,29.0,51.0,6399.0,6612.0
CAGTTCAAATTGACAC-1-Topic-5-Cell-2,1,29.0,51.0,6428.1340443974495,6580.197118724383
CAGTTCAAATTGACAC-1-Topic-5-Cell-3,1,29.0,51.0,6338.238207855446,6617.332561874843
CAGTTCAAATTGACAC-1-Topic-6-Cell-4,1,29.0,51.0,6458.284936917512,6657.452652902084
CAGTTCAAATTGACAC-1-Topic-6-Cell-5,1,29.0,51.0,6383.974988630642,6527.058183237672
CAGTTCAAATTGACAC-1-Topic-6-Cell-6,1,29.0,51.0,6347.236818503251,6693.373534046718
CAGTTCAAATTGACAC-1-Topic-7-Cell-7,1,29.0,51.0,6501.024928768936,6584.573576390734
CAGTTCAAATTGACAC-1-Topic-7-Cell-8,1,29.0,51.0,6297.731632376778,6559.405054219888
CAGTTCAAATTGACAC-1-Topic-7-Cell-9,1,29.0,51.0,6440.847516403668,6726.588445202443
CAGTTCCGCGGGTCGA-1-Topic-0-Cell-1,1,26.0,26.0,5895.0,4121.0
CAGTTCCGCGGGTCGA-1-Topic-0-Cell-2,1,26.0,26.0,5928.034901211928,4084.9389222154587
CAGTTCCGCGGGTCGA-1-Topic-0-Cell-3,1,26.0,26.0,5826.102603758962,4127.046556816443
CAGTTCCGCGGGTCGA-1-Topic-0-Cell-4,1,26.0,26.0,5962.222799818238,4172.538464003022
CAGTTCCGCGGGTCGA-1-Topic-3-Cell-5,1,26.0,26.0,5877.9632384874685,4024.6850329729414
CAGTTCCGCGGGTCGA-1-Topic-3-Cell-6,1,26.0,26.0,5836.306069152901,4213.268914738599
CAGTTCCGCGGGTCGA-1-Topic-5-Cell-7,1,26.0,26.0,6010.685395307864,4089.9013587619884
CATAACGGACAGTCGT-1-Topic-3-Cell-1,1,36.0,94.0,7584.0,10900.0
CATAACGGACAGTCGT-1-Topic-3-Cell-2,1,36.0,94.0,7619.6817714586705,10861.049584262211
CATAACGGACAGTCGT-1-Topic-7-Cell-3,1,36.0,94.0,7509.582306694395,10906.531027807592
CATAACGGACAGTCGT-1-Topic-7-Cell-4,1,36.0,94.0,7656.608922440497,10955.667903532969
CATAACGGACAGTCGT-1-Topic-7-Cell-5,1,36.0,94.0,7565.598194382778,10795.967945553655
CATAACGGACAGTCGT-1-Topic-7-Cell-6,1,36.0,94.0,7520.603308934945,10999.661818490727
CATAAGAAGCTTGGCT-1-Topic-6-Cell-1,1,58.0,72.0,11408.0,8734.0
CATAAGAAGCTTGGCT-1-Topic-6-Cell-2,1,58.0,72.0,11441.034901211928,8697.938922215459
CATAAGAAGCTTGGCT-1-Topic-6-Cell-3,1,58.0,72.0,11339.102603758962,8740.046556816444
CATAAGAAGCTTGGCT-1-Topic-6-Cell-4,1,58.0,72.0,11475.222799818237,8785.538464003022
CATAAGAAGCTTGGCT-1-Topic-7-Cell-5,1,58.0,72.0,11390.96323848747,8637.68503297294
CATAAGAAGCTTGGCT-1-Topic-7-Cell-6,1,58.0,72.0,11349.3060691529,8826.268914738599
CATAAGAAGCTTGGCT-1-Topic-7-Cell-7,1,58.0,72.0,11523.685395307864,8702.901358761988
CATAAGCTCTCCGTCT-1-Topic-3-Cell-1,1,42.0,14.0,8673.0,2944.0
CATACACGGTTCCCAC-1-Topic-3-Cell-1,1,61.0,55.0,11938.0,7045.0
CATACACGGTTCCCAC-1-Topic-3-Cell-2,1,61.0,55.0,11988.46164512635,6989.91579380355
CATACACGGTTCCCAC-1-Topic-3-Cell-3,1,61.0,55.0,11832.757488846692,7054.236268101734
CATACCCGTACCCAGT-1-Topic-2-Cell-1,1,37.0,31.0,7797.0,4630.0
CATACCCGTACCCAGT-1-Topic-3-Cell-2,1,37.0,31.0,7840.701066596173,4582.295678086574
CATACCCGTACCCAGT-1-Topic-7-Cell-3,1,37.0,31.0,7705.8573117831675,4637.998842812265
CATACCCGTACCCAGT-1-Topic-7-Cell-4,1,37.0,31.0,7885.927405376267,4698.178979353126
CATACGAACTAGCTGG-1-Topic-0-Cell-1,1,65.0,31.0,12646.0,4661.0
CATACGAACTAGCTGG-1-Topic-0-Cell-2,1,65.0,31.0,12685.087422239316,4618.331957352419
CATACGAACTAGCTGG-1-Topic-3-Cell-3,1,65.0,31.0,12564.479501398038,4668.154382507824
CATACGAACTAGCTGG-1-Topic-3-Cell-4,1,65.0,31.0,12725.539089393606,4721.981132988058
CATACGAACTAGCTGG-1-Topic-3-Cell-5,1,65.0,31.0,12625.841831929245,4547.038594152262
CATACGGCGTCTGGGC-1-Topic-3-Cell-1,1,39.0,63.0,8123.0,7817.0
CATACGGCGTCTGGGC-1-Topic-3-Cell-2,1,39.0,63.0,8156.034901211928,7780.938922215459
CATACGGCGTCTGGGC-1-Topic-3-Cell-3,1,39.0,63.0,8054.102603758962,7823.046556816443
CATACGGCGTCTGGGC-1-Topic-3-Cell-4,1,39.0,63.0,8190.222799818238,7868.538464003022
CATACGGCGTCTGGGC-1-Topic-3-Cell-5,1,39.0,63.0,8105.9632384874685,7720.685032972941
CATACGGCGTCTGGGC-1-Topic-3-Cell-6,1,39.0,63.0,8064.306069152901,7909.268914738599
CATACGGCGTCTGGGC-1-Topic-7-Cell-7,1,39.0,63.0,8238.685395307864,7785.901358761988
CATACTATGTAATTGT-1-Topic-3-Cell-1,1,36.0,48.0,7613.0,6321.0
CATACTATGTAATTGT-1-Topic-3-Cell-2,1,36.0,48.0,7652.087422239316,6278.331957352419
CATACTATGTAATTGT-1-Topic-6-Cell-3,1,36.0,48.0,7531.479501398037,6328.154382507824
CATACTATGTAATTGT-1-Topic-7-Cell-4,1,36.0,48.0,7692.5390893936055,6381.981132988058
CATACTATGTAATTGT-1-Topic-7-Cell-5,1,36.0,48.0,7592.841831929245,6207.038594152262
CATAGCCGCCCGGGAT-1-Topic-0-Cell-1,1,26.0,22.0,5897.0,3723.0
CATAGCCGCCCGGGAT-1-Topic-0-Cell-2,1,26.0,22.0,5940.701066596173,3675.295678086574
CATAGCCGCCCGGGAT-1-Topic-5-Cell-3,1,26.0,22.0,5805.8573117831675,3730.998842812265
CATAGCCGCCCGGGAT-1-Topic-9-Cell-4,1,26.0,22.0,5985.927405376267,3791.178979353126
CATAGCGTTGCCCACC-1-Topic-0-Cell-1,1,54.0,42.0,10734.0,5744.0
CATAGCGTTGCCCACC-1-Topic-4-Cell-2,1,54.0,42.0,10777.701066596173,5696.295678086574
CATAGCGTTGCCCACC-1-Topic-5-Cell-3,1,54.0,42.0,10642.857311783167,5751.998842812265
CATAGCGTTGCCCACC-1-Topic-6-Cell-4,1,54.0,42.0,10822.927405376267,5812.178979353126
CATAGTAGCATAGTAG-1-Topic-0-Cell-1,1,19.0,45.0,4671.0,6004.0
CATAGTAGCATAGTAG-1-Topic-0-Cell-2,1,19.0,45.0,4710.087422239316,5961.331957352419
CATAGTAGCATAGTAG-1-Topic-5-Cell-3,1,19.0,45.0,4589.479501398037,6011.154382507824
CATAGTAGCATAGTAG-1-Topic-5-Cell-4,1,19.0,45.0,4750.5390893936055,6064.981132988058
CATAGTAGCATAGTAG-1-Topic-6-Cell-5,1,19.0,45.0,4650.841831929245,5890.038594152262
CATAGTCAAATACATA-1-Topic-7-Cell-1,1,65.0,93.0,12607.0,10832.0
CATAGTCAAATACATA-1-Topic-7-Cell-2,1,65.0,93.0,12657.46164512635,10776.91579380355
CATAGTCAAATACATA-1-Topic-7-Cell-3,1,65.0,93.0,12501.757488846692,10841.236268101733
CATAGTCCACAAGAAC-1-Topic-0-Cell-1,1,45.0,31.0,9182.0,4639.0
CATAGTCCACAAGAAC-1-Topic-3-Cell-2,1,45.0,31.0,9221.087422239316,4596.331957352419
CATAGTCCACAAGAAC-1-Topic-3-Cell-3,1,45.0,31.0,9100.479501398038,4646.154382507824
CATAGTCCACAAGAAC-1-Topic-4-Cell-4,1,45.0,31.0,9261.539089393606,4699.981132988058
CATAGTCCACAAGAAC-1-Topic-5-Cell-5,1,45.0,31.0,9161.841831929245,4525.038594152262
CATATACTACTGATAA-1-Topic-6-Cell-1,1,18.0,102.0,4462.0,11676.0
CATATACTACTGATAA-1-Topic-6-Cell-2,1,18.0,102.0,4497.6817714586705,11637.049584262211
CATATACTACTGATAA-1-Topic-6-Cell-3,1,18.0,102.0,4387.582306694395,11682.531027807592
CATATACTACTGATAA-1-Topic-6-Cell-4,1,18.0,102.0,4534.608922440497,11731.667903532969
CATATACTACTGATAA-1-Topic-6-Cell-5,1,18.0,102.0,4443.598194382778,11571.967945553655
CATATACTACTGATAA-1-Topic-8-Cell-6,1,18.0,102.0,4398.603308934945,11775.661818490727
CATATAGGTACAGTCA-1-Topic-0-Cell-1,1,43.0,55.0,8821.0,7025.0
CATATAGGTACAGTCA-1-Topic-0-Cell-2,1,43.0,55.0,8871.46164512635,6969.91579380355
CATATAGGTACAGTCA-1-Topic-3-Cell-3,1,43.0,55.0,8715.757488846692,7034.236268101734
CATATGTCAGGCTACG-1-Topic-0-Cell-1,1,48.0,24.0,9706.0,3946.0
CATATGTCAGGCTACG-1-Topic-0-Cell-2,1,48.0,24.0,9749.701066596173,3898.295678086574
CATATGTCAGGCTACG-1-Topic-0-Cell-3,1,48.0,24.0,9614.857311783167,3953.998842812265
CATATGTCAGGCTACG-1-Topic-1-Cell-4,1,48.0,24.0,9794.927405376267,4014.178979353126
CATCATTACCCTGAGG-1-Topic-3-Cell-1,1,52.0,94.0,10355.0,10917.0
CATCATTACCCTGAGG-1-Topic-6-Cell-2,1,52.0,94.0,10394.087422239316,10874.331957352419
CATCATTACCCTGAGG-1-Topic-6-Cell-3,1,52.0,94.0,10273.479501398038,10924.154382507824
CATCATTACCCTGAGG-1-Topic-7-Cell-4,1,52.0,94.0,10434.539089393606,10977.981132988058
CATCATTACCCTGAGG-1-Topic-7-Cell-5,1,52.0,94.0,10334.841831929245,10803.038594152262
CATCCTCTCAAAGATC-1-Topic-3-Cell-1,1,54.0,92.0,10703.0,10720.0
CATCCTCTCAAAGATC-1-Topic-3-Cell-2,1,54.0,92.0,10746.701066596173,10672.295678086573
CATCCTCTCAAAGATC-1-Topic-7-Cell-3,1,54.0,92.0,10611.857311783167,10727.998842812265
CATCCTCTCAAAGATC-1-Topic-7-Cell-4,1,54.0,92.0,10791.927405376267,10788.178979353126
CATCGGACGGGTTAAT-1-Topic-3-Cell-1,1,42.0,58.0,8646.0,7323.0
CATCGGACGGGTTAAT-1-Topic-3-Cell-2,1,42.0,58.0,8689.701066596173,7275.295678086574
CATCGGACGGGTTAAT-1-Topic-3-Cell-3,1,42.0,58.0,8554.857311783167,7330.998842812265
CATCGGACGGGTTAAT-1-Topic-6-Cell-4,1,42.0,58.0,8734.927405376267,7391.178979353126
CATCTATCCCGTGTCT-1-Topic-6-Cell-1,1,18.0,100.0,4463.0,11477.0
CATCTATCCCGTGTCT-1-Topic-6-Cell-2,1,18.0,100.0,4498.6817714586705,11438.049584262211
CATCTATCCCGTGTCT-1-Topic-6-Cell-3,1,18.0,100.0,4388.582306694395,11483.531027807592
CATCTATCCCGTGTCT-1-Topic-6-Cell-4,1,18.0,100.0,4535.608922440497,11532.667903532969
CATCTATCCCGTGTCT-1-Topic-6-Cell-5,1,18.0,100.0,4444.598194382778,11372.967945553655
CATCTATCCCGTGTCT-1-Topic-7-Cell-6,1,18.0,100.0,4399.603308934945,11576.661818490727
CATCTTACACCACCTC-1-Topic-3-Cell-1,1,37.0,99.0,7754.0,11398.0
CATCTTACACCACCTC-1-Topic-6-Cell-2,1,37.0,99.0,7789.6817714586705,11359.049584262211
CATCTTACACCACCTC-1-Topic-6-Cell-3,1,37.0,99.0,7679.582306694395,11404.531027807592
CATCTTACACCACCTC-1-Topic-6-Cell-4,1,37.0,99.0,7826.608922440497,11453.667903532969
CATCTTACACCACCTC-1-Topic-7-Cell-5,1,37.0,99.0,7735.598194382778,11293.967945553655
CATCTTACACCACCTC-1-Topic-9-Cell-6,1,37.0,99.0,7690.603308934945,11497.661818490727
CATGACTTCGCTGAAT-1-Topic-4-Cell-1,1,40.0,106.0,8269.0,12098.0
CATGACTTCGCTGAAT-1-Topic-6-Cell-2,1,40.0,106.0,8319.46164512635,12042.91579380355
CATGACTTCGCTGAAT-1-Topic-9-Cell-3,1,40.0,106.0,8163.757488846692,12107.236268101733
CATGAGATGCACTCTC-1-Topic-6-Cell-1,1,59.0,79.0,11577.0,9432.0
CATGAGATGCACTCTC-1-Topic-7-Cell-2,1,59.0,79.0,11616.087422239316,9389.331957352419
CATGAGATGCACTCTC-1-Topic-7-Cell-3,1,59.0,79.0,11495.479501398038,9439.154382507824
CATGAGATGCACTCTC-1-Topic-7-Cell-4,1,59.0,79.0,11656.539089393606,9492.981132988058
CATGAGATGCACTCTC-1-Topic-7-Cell-5,1,59.0,79.0,11556.841831929245,9318.038594152262
CATGATGCACAATTCT-1-Topic-6-Cell-1,1,21.0,69.0,5002.0,8395.0
CATGATGCACAATTCT-1-Topic-6-Cell-2,1,21.0,69.0,5037.6817714586705,8356.049584262211
CATGATGCACAATTCT-1-Topic-6-Cell-3,1,21.0,69.0,4927.582306694395,8401.531027807592
CATGATGCACAATTCT-1-Topic-6-Cell-4,1,21.0,69.0,5074.608922440497,8450.667903532969
CATGATGCACAATTCT-1-Topic-6-Cell-5,1,21.0,69.0,4983.598194382778,8290.967945553655
CATGATGCACAATTCT-1-Topic-7-Cell-6,1,21.0,69.0,4938.603308934945,8494.661818490727
CATGATGGAAGTTAGC-1-Topic-6-Cell-1,1,45.0,103.0,9137.0,11805.0
CATGCCAACTCGCAAA-1-Topic-3-Cell-1,1,43.0,21.0,8842.0,3641.0
CATGCCAACTCGCAAA-1-Topic-3-Cell-2,1,43.0,21.0,8885.701066596173,3593.295678086574
CATGCCAACTCGCAAA-1-Topic-3-Cell-3,1,43.0,21.0,8750.857311783167,3648.998842812265
CATGCCAACTCGCAAA-1-Topic-9-Cell-4,1,43.0,21.0,8930.927405376267,3709.178979353126
CATGCGACCAGTTTAA-1-Topic-6-Cell-1,1,26.0,98.0,5850.0,11287.0
CATGCGACCAGTTTAA-1-Topic-6-Cell-2,1,26.0,98.0,5885.6817714586705,11248.049584262211
CATGCGACCAGTTTAA-1-Topic-6-Cell-3,1,26.0,98.0,5775.582306694395,11293.531027807592
CATGCGACCAGTTTAA-1-Topic-7-Cell-4,1,26.0,98.0,5922.608922440497,11342.667903532969
CATGCGACCAGTTTAA-1-Topic-7-Cell-5,1,26.0,98.0,5831.598194382778,11182.967945553655
CATGCGACCAGTTTAA-1-Topic-8-Cell-6,1,26.0,98.0,5786.603308934945,11386.661818490727
CATGGATTGTCTTCCG-1-Topic-3-Cell-1,1,55.0,101.0,10870.0,11617.0
CATGGATTGTCTTCCG-1-Topic-3-Cell-2,1,55.0,101.0,10909.087422239316,11574.331957352419
CATGGATTGTCTTCCG-1-Topic-3-Cell-3,1,55.0,101.0,10788.479501398038,11624.154382507824
CATGGATTGTCTTCCG-1-Topic-3-Cell-4,1,55.0,101.0,10949.539089393606,11677.981132988058
CATGGATTGTCTTCCG-1-Topic-7-Cell-5,1,55.0,101.0,10849.841831929245,11503.038594152262
CATGGCAGGAAGATCG-1-Topic-3-Cell-1,1,17.0,57.0,4317.0,7196.0
CATGGCAGGAAGATCG-1-Topic-3-Cell-2,1,17.0,57.0,4352.6817714586705,7157.049584262212
CATGGCAGGAAGATCG-1-Topic-3-Cell-3,1,17.0,57.0,4242.582306694395,7202.531027807593
CATGGCAGGAAGATCG-1-Topic-3-Cell-4,1,17.0,57.0,4389.608922440497,7251.66790353297
CATGGCAGGAAGATCG-1-Topic-6-Cell-5,1,17.0,57.0,4298.598194382778,7091.967945553654
CATGGCAGGAAGATCG-1-Topic-7-Cell-6,1,17.0,57.0,4253.603308934945,7295.6618184907275
CATGGGTATGCCTTAT-1-Topic-0-Cell-1,1,56.0,82.0,11055.0,9727.0
CATGGGTATGCCTTAT-1-Topic-6-Cell-2,1,56.0,82.0,11088.034901211928,9690.938922215459
CATGGGTATGCCTTAT-1-Topic-6-Cell-3,1,56.0,82.0,10986.102603758962,9733.046556816444
CATGGGTATGCCTTAT-1-Topic-6-Cell-4,1,56.0,82.0,11122.222799818237,9778.538464003022
CATGGGTATGCCTTAT-1-Topic-6-Cell-5,1,56.0,82.0,11037.96323848747,9630.68503297294
CATGGGTATGCCTTAT-1-Topic-7-Cell-6,1,56.0,82.0,10996.3060691529,9819.268914738599
CATGGGTATGCCTTAT-1-Topic-7-Cell-7,1,56.0,82.0,11170.685395307864,9695.901358761988
CATGGGTCGGGTGTGG-1-Topic-6-Cell-1,1,21.0,85.0,4992.0,9987.0
CATGGGTCGGGTGTGG-1-Topic-6-Cell-2,1,21.0,85.0,5027.6817714586705,9948.049584262211
CATGGGTCGGGTGTGG-1-Topic-6-Cell-3,1,21.0,85.0,4917.582306694395,9993.531027807592
CATGGGTCGGGTGTGG-1-Topic-6-Cell-4,1,21.0,85.0,5064.608922440497,10042.667903532969
CATGGGTCGGGTGTGG-1-Topic-7-Cell-5,1,21.0,85.0,4973.598194382778,9882.967945553655
CATGGGTCGGGTGTGG-1-Topic-8-Cell-6,1,21.0,85.0,4928.603308934945,10086.661818490727
CATGGTAAGTAGCGTT-1-Topic-6-Cell-1,1,45.0,73.0,9156.0,8819.0
CATGGTAAGTAGCGTT-1-Topic-7-Cell-2,1,45.0,73.0,9199.701066596173,8771.295678086573
CATGGTAAGTAGCGTT-1-Topic-7-Cell-3,1,45.0,73.0,9064.857311783167,8826.998842812265
CATGGTAAGTAGCGTT-1-Topic-7-Cell-4,1,45.0,73.0,9244.927405376267,8887.178979353126
CATGGTCTAGATACCG-1-Topic-1-Cell-1,1,26.0,66.0,5870.0,8102.0
CATGGTCTAGATACCG-1-Topic-1-Cell-2,1,26.0,66.0,5903.034901211928,8065.938922215459
CATGGTCTAGATACCG-1-Topic-2-Cell-3,1,26.0,66.0,5801.102603758962,8108.046556816443
CATGGTCTAGATACCG-1-Topic-2-Cell-4,1,26.0,66.0,5937.222799818238,8153.538464003022
CATGGTCTAGATACCG-1-Topic-2-Cell-5,1,26.0,66.0,5852.9632384874685,8005.685032972941
CATGGTCTAGATACCG-1-Topic-6-Cell-6,1,26.0,66.0,5811.306069152901,8194.268914738599
CATGGTCTAGATACCG-1-Topic-6-Cell-7,1,26.0,66.0,5985.685395307864,8070.901358761988
CATGTAAGAGACATTT-1-Topic-7-Cell-1,1,54.0,90.0,10704.0,10521.0
CATGTAAGAGACATTT-1-Topic-7-Cell-2,1,54.0,90.0,10747.701066596173,10473.295678086573
CATGTAAGAGACATTT-1-Topic-7-Cell-3,1,54.0,90.0,10612.857311783167,10528.998842812265
CATGTAAGAGACATTT-1-Topic-7-Cell-4,1,54.0,90.0,10792.927405376267,10589.178979353126
CATGTCTCATTTATGG-1-Topic-9-Cell-1,1,49.0,85.0,9841.0,10018.0
CATGTCTCATTTATGG-1-Topic-9-Cell-2,1,49.0,85.0,9884.701066596173,9970.295678086573
CATGTCTCATTTATGG-1-Topic-9-Cell-3,1,49.0,85.0,9749.857311783167,10025.998842812265
CATGTCTCATTTATGG-1-Topic-9-Cell-4,1,49.0,85.0,9929.927405376267,10086.178979353126
CATTACGTCGGCCCGT-1-Topic-1-Cell-1,1,19.0,65.0,4658.0,7995.0
CATTACGTCGGCCCGT-1-Topic-1-Cell-2,1,19.0,65.0,4693.6817714586705,7956.049584262212
CATTACGTCGGCCCGT-1-Topic-1-Cell-3,1,19.0,65.0,4583.582306694395,8001.531027807593
CATTACGTCGGCCCGT-1-Topic-7-Cell-4,1,19.0,65.0,4730.608922440497,8050.66790353297
CATTACGTCGGCCCGT-1-Topic-8-Cell-5,1,19.0,65.0,4639.598194382778,7890.967945553654
CATTACGTCGGCCCGT-1-Topic-8-Cell-6,1,19.0,65.0,4594.603308934945,8094.6618184907275
CATTATCCCATTAACG-1-Topic-0-Cell-1,1,67.0,31.0,12992.0,4663.0
CATTATCCCATTAACG-1-Topic-0-Cell-2,1,67.0,31.0,13027.68177145867,4624.049584262212
CATTATCCCATTAACG-1-Topic-0-Cell-3,1,67.0,31.0,12917.582306694394,4669.531027807593
CATTATCCCATTAACG-1-Topic-0-Cell-4,1,67.0,31.0,13064.608922440497,4718.66790353297
CATTATCCCATTAACG-1-Topic-0-Cell-5,1,67.0,31.0,12973.59819438278,4558.967945553654
CATTATCCCATTAACG-1-Topic-0-Cell-6,1,67.0,31.0,12928.603308934946,4762.6618184907275
CATTATGCTTGTTGTG-1-Topic-0-Cell-1,1,26.0,52.0,5879.0,6708.0
CATTATGCTTGTTGTG-1-Topic-1-Cell-2,1,26.0,52.0,5914.6817714586705,6669.049584262212
CATTATGCTTGTTGTG-1-Topic-2-Cell-3,1,26.0,52.0,5804.582306694395,6714.531027807593
CATTATGCTTGTTGTG-1-Topic-6-Cell-4,1,26.0,52.0,5951.608922440497,6763.66790353297
CATTATGCTTGTTGTG-1-Topic-6-Cell-5,1,26.0,52.0,5860.598194382778,6603.967945553654
CATTATGCTTGTTGTG-1-Topic-6-Cell-6,1,26.0,52.0,5815.603308934945,6807.6618184907275
CATTTAGCGGACCATG-1-Topic-2-Cell-1,1,25.0,85.0,5685.0,9992.0
CATTTAGCGGACCATG-1-Topic-3-Cell-2,1,25.0,85.0,5724.087422239316,9949.331957352419
CATTTAGCGGACCATG-1-Topic-3-Cell-3,1,25.0,85.0,5603.479501398037,9999.154382507824
CATTTAGCGGACCATG-1-Topic-3-Cell-4,1,25.0,85.0,5764.5390893936055,10052.981132988058
CATTTAGCGGACCATG-1-Topic-7-Cell-5,1,25.0,85.0,5664.841831929245,9878.038594152262
CATTTGAGTGGTACGT-1-Topic-0-Cell-1,1,50.0,48.0,10037.0,6336.0
CATTTGAGTGGTACGT-1-Topic-3-Cell-2,1,50.0,48.0,10087.46164512635,6280.91579380355
CATTTGAGTGGTACGT-1-Topic-3-Cell-3,1,50.0,48.0,9931.757488846692,6345.236268101734
CCAAACAGAACCCTCG-1-Topic-0-Cell-1,1,22.0,48.0,5188.0,6306.0
CCAAACAGAACCCTCG-1-Topic-3-Cell-2,1,22.0,48.0,5231.701066596173,6258.295678086574
CCAAACAGAACCCTCG-1-Topic-6-Cell-3,1,22.0,48.0,5096.8573117831675,6313.998842812265
CCAAACAGAACCCTCG-1-Topic-7-Cell-4,1,22.0,48.0,5276.927405376267,6374.178979353126
CCAACCTTATGTAACT-1-Topic-0-Cell-1,1,67.0,41.0,12986.0,5658.0
CCAACCTTATGTAACT-1-Topic-0-Cell-2,1,67.0,41.0,13036.46164512635,5602.91579380355
CCAACCTTATGTAACT-1-Topic-0-Cell-3,1,67.0,41.0,12880.757488846692,5667.236268101734
CCAACGATGCACTGAT-1-Topic-2-Cell-1,1,31.0,37.0,6754.0,5221.0
CCAACGATGCACTGAT-1-Topic-6-Cell-2,1,31.0,37.0,6797.701066596173,5173.295678086574
CCAACGATGCACTGAT-1-Topic-6-Cell-3,1,31.0,37.0,6662.8573117831675,5228.998842812265
CCAACGATGCACTGAT-1-Topic-7-Cell-4,1,31.0,37.0,6842.927405376267,5289.178979353126
CCAAGAAAGTGGGCGA-1-Topic-0-Cell-1,1,52.0,52.0,10381.0,6737.0
CCAAGAAAGTGGGCGA-1-Topic-0-Cell-2,1,52.0,52.0,10420.087422239316,6694.331957352419
CCAAGAAAGTGGGCGA-1-Topic-0-Cell-3,1,52.0,52.0,10299.479501398038,6744.154382507824
CCAAGAAAGTGGGCGA-1-Topic-0-Cell-4,1,52.0,52.0,10460.539089393606,6797.981132988058
CCAAGAAAGTGGGCGA-1-Topic-6-Cell-5,1,52.0,52.0,10360.841831929245,6623.038594152262
CCAAGACTTCTGCGAA-1-Topic-2-Cell-1,1,20.0,62.0,4833.0,7697.0
CCAAGACTTCTGCGAA-1-Topic-3-Cell-2,1,20.0,62.0,4876.701066596173,7649.295678086574
CCAAGACTTCTGCGAA-1-Topic-7-Cell-3,1,20.0,62.0,4741.8573117831675,7704.998842812265
CCAAGACTTCTGCGAA-1-Topic-8-Cell-4,1,20.0,62.0,4921.927405376267,7765.178979353126
CCAAGCGTAACTCGTA-1-Topic-4-Cell-1,1,33.0,71.0,7079.0,8607.0
CCAAGCGTAACTCGTA-1-Topic-4-Cell-2,1,33.0,71.0,7118.087422239316,8564.331957352419
CCAAGCGTAACTCGTA-1-Topic-4-Cell-3,1,33.0,71.0,6997.479501398037,8614.154382507824
CCAAGCGTAACTCGTA-1-Topic-4-Cell-4,1,33.0,71.0,7158.5390893936055,8667.981132988058
CCAAGCGTAACTCGTA-1-Topic-9-Cell-5,1,33.0,71.0,7058.841831929245,8493.038594152262
CCAATAGTGCCGTCGA-1-Topic-3-Cell-1,1,34.0,42.0,7270.0,5722.0
CCAATAGTGCCGTCGA-1-Topic-3-Cell-2,1,34.0,42.0,7313.701066596173,5674.295678086574
CCAATAGTGCCGTCGA-1-Topic-8-Cell-3,1,34.0,42.0,7178.8573117831675,5729.998842812265
CCAATAGTGCCGTCGA-1-Topic-8-Cell-4,1,34.0,42.0,7358.927405376267,5790.178979353126
CCAATGTCACAGCAAG-1-Topic-6-Cell-1,1,37.0,49.0,7786.0,6422.0
CCAATGTCACAGCAAG-1-Topic-6-Cell-2,1,37.0,49.0,7821.6817714586705,6383.049584262212
CCAATGTCACAGCAAG-1-Topic-6-Cell-3,1,37.0,49.0,7711.582306694395,6428.531027807593
CCAATGTCACAGCAAG-1-Topic-6-Cell-4,1,37.0,49.0,7858.608922440497,6477.66790353297
CCAATGTCACAGCAAG-1-Topic-6-Cell-5,1,37.0,49.0,7767.598194382778,6317.967945553654
CCAATGTCACAGCAAG-1-Topic-6-Cell-6,1,37.0,49.0,7722.603308934945,6521.6618184907275
CCAATTACGGGTCGAG-1-Topic-6-Cell-1,1,19.0,93.0,4641.0,10782.0
CCAATTACGGGTCGAG-1-Topic-6-Cell-2,1,19.0,93.0,4684.701066596173,10734.295678086573
CCAATTACGGGTCGAG-1-Topic-7-Cell-3,1,19.0,93.0,4549.8573117831675,10789.998842812265
CCAATTACGGGTCGAG-1-Topic-9-Cell-4,1,19.0,93.0,4729.927405376267,10850.178979353126
CCAATTGAATGTTAAT-1-Topic-3-Cell-1,1,20.0,46.0,4843.0,6105.0
CCAATTGAATGTTAAT-1-Topic-5-Cell-2,1,20.0,46.0,4873.901320535239,6071.26795048311
CCAATTGAATGTTAAT-1-Topic-6-Cell-3,1,20.0,46.0,4778.552387106307,6110.656035994198
CCAATTGAATGTTAAT-1-Topic-6-Cell-4,1,20.0,46.0,4905.881171374884,6153.209818634973
CCAATTGAATGTTAAT-1-Topic-6-Cell-5,1,20.0,46.0,4827.063568859983,6014.905598041579
CCAATTGAATGTTAAT-1-Topic-6-Cell-6,1,20.0,46.0,4788.0968550217885,6191.309666600323
CCAATTGAATGTTAAT-1-Topic-6-Cell-7,1,20.0,46.0,4951.213778473883,6075.909884823291
CCAATTGAATGTTAAT-1-Topic-7-Cell-8,1,20.0,46.0,4735.588675800891,6049.214635774117
CCACAATGTACGTCTT-1-Topic-3-Cell-1,1,29.0,85.0,6378.0,9996.0
CCACAATGTACGTCTT-1-Topic-3-Cell-2,1,29.0,85.0,6421.701066596173,9948.295678086573
CCACAATGTACGTCTT-1-Topic-4-Cell-3,1,29.0,85.0,6286.8573117831675,10003.998842812265
CCACAATGTACGTCTT-1-Topic-7-Cell-4,1,29.0,85.0,6466.927405376267,10064.178979353126
CCACACTGAGATATTA-1-Topic-0-Cell-1,1,39.0,49.0,8132.0,6424.0
CCACACTGAGATATTA-1-Topic-3-Cell-2,1,39.0,49.0,8175.701066596173,6376.295678086574
CCACACTGAGATATTA-1-Topic-3-Cell-3,1,39.0,49.0,8040.8573117831675,6431.998842812265
CCACACTGAGATATTA-1-Topic-6-Cell-4,1,39.0,49.0,8220.927405376267,6492.178979353126
CCACAGTACCCATCCT-1-Topic-9-Cell-1,1,48.0,92.0,9664.0,10714.0
CCACAGTACCCATCCT-1-Topic-9-Cell-2,1,48.0,92.0,9703.087422239316,10671.331957352419
CCACAGTACCCATCCT-1-Topic-9-Cell-3,1,48.0,92.0,9582.479501398038,10721.154382507824
CCACAGTACCCATCCT-1-Topic-9-Cell-4,1,48.0,92.0,9743.539089393606,10774.981132988058
CCACAGTACCCATCCT-1-Topic-9-Cell-5,1,48.0,92.0,9643.841831929245,10600.038594152262
CCACCAACTTTACTGT-1-Topic-0-Cell-1,1,52.0,40.0,10389.0,5542.0
CCACCAACTTTACTGT-1-Topic-0-Cell-2,1,52.0,40.0,10432.701066596173,5494.295678086574
CCACCAACTTTACTGT-1-Topic-3-Cell-3,1,52.0,40.0,10297.857311783167,5549.998842812265
CCACCAACTTTACTGT-1-Topic-5-Cell-4,1,52.0,40.0,10477.927405376267,5610.178979353126
CCACCCAAGGAAAGTG-1-Topic-6-Cell-1,1,37.0,75.0,7769.0,9010.0
CCACCCAAGGAAAGTG-1-Topic-6-Cell-2,1,37.0,75.0,7808.087422239316,8967.331957352419
CCACCCAAGGAAAGTG-1-Topic-7-Cell-3,1,37.0,75.0,7687.479501398037,9017.154382507824
CCACCCAAGGAAAGTG-1-Topic-7-Cell-4,1,37.0,75.0,7848.5390893936055,9070.981132988058
CCACCCAAGGAAAGTG-1-Topic-9-Cell-5,1,37.0,75.0,7748.841831929245,8896.038594152262
CCACGAATTTAACCTC-1-Topic-4-Cell-1,1,41.0,109.0,8441.0,12398.0
CCACGAATTTAACCTC-1-Topic-4-Cell-2,1,41.0,109.0,8484.701066596173,12350.295678086573
CCACGAATTTAACCTC-1-Topic-6-Cell-3,1,41.0,109.0,8349.857311783167,12405.998842812265
CCACGAATTTAACCTC-1-Topic-7-Cell-4,1,41.0,109.0,8529.927405376267,12466.178979353126
CCACGAGAAGAGAATC-1-Topic-2-Cell-1,1,17.0,75.0,4306.0,8988.0
CCACGAGAAGAGAATC-1-Topic-4-Cell-2,1,17.0,75.0,4345.087422239316,8945.331957352419
CCACGAGAAGAGAATC-1-Topic-7-Cell-3,1,17.0,75.0,4224.479501398037,8995.154382507824
CCACGAGAAGAGAATC-1-Topic-7-Cell-4,1,17.0,75.0,4385.5390893936055,9048.981132988058
CCACGAGAAGAGAATC-1-Topic-8-Cell-5,1,17.0,75.0,4285.841831929245,8874.038594152262
CCACGGAGCCATAAGA-1-Topic-3-Cell-1,1,47.0,27.0,9531.0,4243.0
CCACGGAGCCATAAGA-1-Topic-3-Cell-2,1,47.0,27.0,9581.46164512635,4187.91579380355
CCACGGAGCCATAAGA-1-Topic-5-Cell-3,1,47.0,27.0,9425.757488846692,4252.236268101734
CCACGGTGCCCGGTAG-1-Topic-3-Cell-1,1,35.0,107.0,7403.0,12192.0
CCACGGTGCCCGGTAG-1-Topic-4-Cell-2,1,35.0,107.0,7446.701066596173,12144.295678086573
CCACGGTGCCCGGTAG-1-Topic-9-Cell-3,1,35.0,107.0,7311.8573117831675,12199.998842812265
CCACGGTGCCCGGTAG-1-Topic-9-Cell-4,1,35.0,107.0,7491.927405376267,12260.178979353126
CCACTGGTGGCTGGTT-1-Topic-3-Cell-1,1,39.0,21.0,8149.0,3637.0
CCACTGGTGGCTGGTT-1-Topic-3-Cell-2,1,39.0,21.0,8210.802641070479,3569.5359009662207
CCACTGTTTGGATTAA-1-Topic-3-Cell-1,1,58.0,106.0,11387.0,12118.0
CCACTGTTTGGATTAA-1-Topic-6-Cell-2,1,58.0,106.0,11430.701066596173,12070.295678086573
CCACTGTTTGGATTAA-1-Topic-7-Cell-3,1,58.0,106.0,11295.857311783167,12125.998842812265
CCACTGTTTGGATTAA-1-Topic-7-Cell-4,1,58.0,106.0,11475.927405376267,12186.178979353126
CCAGAAAGCAACTCAT-1-Topic-0-Cell-1,1,52.0,36.0,10391.0,5144.0
CCAGAAAGCAACTCAT-1-Topic-0-Cell-2,1,52.0,36.0,10430.087422239316,5101.331957352419
CCAGAAAGCAACTCAT-1-Topic-3-Cell-3,1,52.0,36.0,10309.479501398038,5151.154382507824
CCAGAAAGCAACTCAT-1-Topic-5-Cell-4,1,52.0,36.0,10470.539089393606,5204.981132988058
CCAGAAAGCAACTCAT-1-Topic-5-Cell-5,1,52.0,36.0,10370.841831929245,5030.038594152262
CCAGAGACAAAGCCGG-1-Topic-3-Cell-1,1,23.0,21.0,5378.0,3620.0
CCAGAGACAAAGCCGG-1-Topic-3-Cell-2,1,23.0,21.0,5428.461645126349,3564.9157938035496
CCAGAGACAAAGCCGG-1-Topic-5-Cell-3,1,23.0,21.0,5272.757488846692,3629.236268101734
CCAGATAGTTGAGTGA-1-Topic-6-Cell-1,1,28.0,84.0,6205.0,9896.0
CCAGATAGTTGAGTGA-1-Topic-7-Cell-2,1,28.0,84.0,6248.701066596173,9848.295678086573
CCAGATAGTTGAGTGA-1-Topic-7-Cell-3,1,28.0,84.0,6113.8573117831675,9903.998842812265
CCAGATAGTTGAGTGA-1-Topic-7-Cell-4,1,28.0,84.0,6293.927405376267,9964.178979353126
CCAGCCTGGACCAATA-1-Topic-0-Cell-1,1,37.0,65.0,7776.0,8014.0
CCAGCCTGGACCAATA-1-Topic-3-Cell-2,1,37.0,65.0,7811.6817714586705,7975.049584262212
CCAGCCTGGACCAATA-1-Topic-3-Cell-3,1,37.0,65.0,7701.582306694395,8020.531027807593
CCAGCCTGGACCAATA-1-Topic-7-Cell-4,1,37.0,65.0,7848.608922440497,8069.66790353297
CCAGCCTGGACCAATA-1-Topic-7-Cell-5,1,37.0,65.0,7757.598194382778,7909.967945553654
CCAGCCTGGACCAATA-1-Topic-7-Cell-6,1,37.0,65.0,7712.603308934945,8113.6618184907275
CCAGCTCGAACGCATT-1-Topic-3-Cell-1,1,63.0,65.0,12278.0,8043.0
CCAGCTCGAACGCATT-1-Topic-3-Cell-2,1,63.0,65.0,12308.90132053524,8009.26795048311
CCAGCTCGAACGCATT-1-Topic-5-Cell-3,1,63.0,65.0,12213.552387106307,8048.656035994198
CCAGCTCGAACGCATT-1-Topic-5-Cell-4,1,63.0,65.0,12340.881171374884,8091.209818634973
CCAGCTCGAACGCATT-1-Topic-5-Cell-5,1,63.0,65.0,12262.063568859983,7952.905598041579
CCAGCTCGAACGCATT-1-Topic-5-Cell-6,1,63.0,65.0,12223.096855021788,8129.309666600323
CCAGCTCGAACGCATT-1-Topic-7-Cell-7,1,63.0,65.0,12386.213778473884,8013.909884823291
CCAGCTCGAACGCATT-1-Topic-7-Cell-8,1,63.0,65.0,12170.588675800891,7987.214635774117
CCAGCTGATGGTACTT-1-Topic-0-Cell-1,1,37.0,21.0,7803.0,3635.0
CCAGCTGATGGTACTT-1-Topic-3-Cell-2,1,37.0,21.0,7846.701066596173,3587.295678086574
CCAGCTGATGGTACTT-1-Topic-3-Cell-3,1,37.0,21.0,7711.8573117831675,3642.998842812265
CCAGCTGATGGTACTT-1-Topic-6-Cell-4,1,37.0,21.0,7891.927405376267,3703.178979353126
CCAGGGACGTGGCCTC-1-Topic-2-Cell-1,1,27.0,53.0,6051.0,6809.0
CCAGGGACGTGGCCTC-1-Topic-5-Cell-2,1,27.0,53.0,6080.1340443974495,6777.197118724383
CCAGGGACGTGGCCTC-1-Topic-6-Cell-3,1,27.0,53.0,5990.238207855446,6814.332561874843
CCAGGGACGTGGCCTC-1-Topic-6-Cell-4,1,27.0,53.0,6110.284936917512,6854.452652902084
CCAGGGACGTGGCCTC-1-Topic-6-Cell-5,1,27.0,53.0,6035.974988630642,6724.058183237672
CCAGGGACGTGGCCTC-1-Topic-6-Cell-6,1,27.0,53.0,5999.236818503251,6890.373534046718
CCAGGGACGTGGCCTC-1-Topic-6-Cell-7,1,27.0,53.0,6153.024928768936,6781.573576390734
CCAGGGACGTGGCCTC-1-Topic-6-Cell-8,1,27.0,53.0,5949.731632376778,6756.405054219888
CCAGGGACGTGGCCTC-1-Topic-6-Cell-9,1,27.0,53.0,6092.847516403668,6923.588445202443
CCAGTAGTCTGATCCA-1-Topic-3-Cell-1,1,27.0,91.0,6027.0,10591.0
CCAGTAGTCTGATCCA-1-Topic-7-Cell-2,1,27.0,91.0,6077.461645126349,10535.91579380355
CCAGTAGTCTGATCCA-1-Topic-7-Cell-3,1,27.0,91.0,5921.757488846692,10600.236268101733
CCAGTCTAGACGGCGC-1-Topic-6-Cell-1,1,24.0,86.0,5511.0,10090.0
CCAGTCTAGACGGCGC-1-Topic-7-Cell-2,1,24.0,86.0,5550.087422239316,10047.331957352419
CCAGTCTAGACGGCGC-1-Topic-7-Cell-3,1,24.0,86.0,5429.479501398037,10097.154382507824
CCAGTCTAGACGGCGC-1-Topic-7-Cell-4,1,24.0,86.0,5590.5390893936055,10150.981132988058
CCAGTCTAGACGGCGC-1-Topic-7-Cell-5,1,24.0,86.0,5490.841831929245,9976.038594152262
CCAGTCTTGTCATAGA-1-Topic-3-Cell-1,1,59.0,59.0,11589.0,7441.0
CCAGTCTTGTCATAGA-1-Topic-3-Cell-2,1,59.0,59.0,11622.034901211928,7404.938922215459
CCAGTCTTGTCATAGA-1-Topic-5-Cell-3,1,59.0,59.0,11520.102603758962,7447.046556816443
CCAGTCTTGTCATAGA-1-Topic-6-Cell-4,1,59.0,59.0,11656.222799818237,7492.538464003022
CCAGTCTTGTCATAGA-1-Topic-7-Cell-5,1,59.0,59.0,11571.96323848747,7344.685032972941
CCAGTCTTGTCATAGA-1-Topic-7-Cell-6,1,59.0,59.0,11530.3060691529,7533.268914738599
CCAGTCTTGTCATAGA-1-Topic-7-Cell-7,1,59.0,59.0,11704.685395307864,7409.901358761988
CCATACCTTTACTTGT-1-Topic-6-Cell-1,1,30.0,102.0,6540.0,11689.0
CCATACCTTTACTTGT-1-Topic-6-Cell-2,1,30.0,102.0,6583.701066596173,11641.295678086573
CCATACCTTTACTTGT-1-Topic-6-Cell-3,1,30.0,102.0,6448.8573117831675,11696.998842812265
CCATACCTTTACTTGT-1-Topic-7-Cell-4,1,30.0,102.0,6628.927405376267,11757.178979353126
CCATAGGTTGGCGTGG-1-Topic-2-Cell-1,1,18.0,62.0,4487.0,7695.0
CCATAGGTTGGCGTGG-1-Topic-2-Cell-2,1,18.0,62.0,4522.6817714586705,7656.049584262212
CCATAGGTTGGCGTGG-1-Topic-6-Cell-3,1,18.0,62.0,4412.582306694395,7701.531027807593
CCATAGGTTGGCGTGG-1-Topic-6-Cell-4,1,18.0,62.0,4559.608922440497,7750.66790353297
CCATAGGTTGGCGTGG-1-Topic-6-Cell-5,1,18.0,62.0,4468.598194382778,7590.967945553654
CCATAGGTTGGCGTGG-1-Topic-6-Cell-6,1,18.0,62.0,4423.603308934945,7794.6618184907275
CCATATGGAAACTATA-1-Topic-4-Cell-1,1,53.0,103.0,10523.0,11814.0
CCATATGGAAACTATA-1-Topic-4-Cell-2,1,53.0,103.0,10556.034901211928,11777.938922215459
CCATATGGAAACTATA-1-Topic-4-Cell-3,1,53.0,103.0,10454.102603758962,11820.046556816444
CCATATGGAAACTATA-1-Topic-6-Cell-4,1,53.0,103.0,10590.222799818237,11865.538464003022
CCATATGGAAACTATA-1-Topic-6-Cell-5,1,53.0,103.0,10505.96323848747,11717.68503297294
CCATATGGAAACTATA-1-Topic-6-Cell-6,1,53.0,103.0,10464.3060691529,11906.268914738599
CCATATGGAAACTATA-1-Topic-6-Cell-7,1,53.0,103.0,10638.685395307864,11782.901358761988
CCATCGCAGTTAAACT-1-Topic-6-Cell-1,1,50.0,62.0,10029.0,7730.0
CCATCGCAGTTAAACT-1-Topic-6-Cell-2,1,50.0,62.0,10068.087422239316,7687.331957352419
CCATCGCAGTTAAACT-1-Topic-6-Cell-3,1,50.0,62.0,9947.479501398038,7737.154382507824
CCATCGCAGTTAAACT-1-Topic-6-Cell-4,1,50.0,62.0,10108.539089393606,7790.981132988058
CCATCGCAGTTAAACT-1-Topic-7-Cell-5,1,50.0,62.0,10008.841831929245,7616.038594152262
CCATCTCACCAGTGAA-1-Topic-3-Cell-1,1,38.0,98.0,7928.0,11300.0
CCATCTCACCAGTGAA-1-Topic-6-Cell-2,1,38.0,98.0,7971.701066596173,11252.295678086573
CCATCTCACCAGTGAA-1-Topic-7-Cell-3,1,38.0,98.0,7836.8573117831675,11307.998842812265
CCATCTCACCAGTGAA-1-Topic-7-Cell-4,1,38.0,98.0,8016.927405376267,11368.178979353126
CCATGCCCTAGATTTC-1-Topic-3-Cell-1,1,56.0,98.0,11045.0,11319.0
CCATGCCCTAGATTTC-1-Topic-6-Cell-2,1,56.0,98.0,11080.68177145867,11280.049584262211
CCATGCCCTAGATTTC-1-Topic-6-Cell-3,1,56.0,98.0,10970.582306694394,11325.531027807592
CCATGCCCTAGATTTC-1-Topic-6-Cell-4,1,56.0,98.0,11117.608922440497,11374.667903532969
CCATGCCCTAGATTTC-1-Topic-6-Cell-5,1,56.0,98.0,11026.59819438278,11214.967945553655
CCATGCCCTAGATTTC-1-Topic-7-Cell-6,1,56.0,98.0,10981.603308934946,11418.661818490727
CCATGCCTGTTTAGTA-1-Topic-3-Cell-1,1,35.0,53.0,7437.0,6818.0
CCATGCCTGTTTAGTA-1-Topic-6-Cell-2,1,35.0,53.0,7480.701066596173,6770.295678086574
CCATGCCTGTTTAGTA-1-Topic-6-Cell-3,1,35.0,53.0,7345.8573117831675,6825.998842812265
CCATGCCTGTTTAGTA-1-Topic-6-Cell-4,1,35.0,53.0,7525.927405376267,6886.178979353126
CCATGCTCTGCAGGAA-1-Topic-3-Cell-1,1,21.0,43.0,5018.0,5807.0
CCATGCTCTGCAGGAA-1-Topic-5-Cell-2,1,21.0,43.0,5061.701066596173,5759.295678086574
CCATGCTCTGCAGGAA-1-Topic-6-Cell-3,1,21.0,43.0,4926.8573117831675,5814.998842812265
CCATGCTCTGCAGGAA-1-Topic-6-Cell-4,1,21.0,43.0,5106.927405376267,5875.178979353126
CCATGGCCCTTGTACC-1-Topic-3-Cell-1,1,32.0,22.0,6936.0,3729.0
CCATGGCCCTTGTACC-1-Topic-3-Cell-2,1,32.0,22.0,6986.461645126349,3673.9157938035496
CCATGGCCCTTGTACC-1-Topic-8-Cell-3,1,32.0,22.0,6830.757488846692,3738.236268101734
CCATTAGCGATAATCC-1-Topic-3-Cell-1,1,32.0,42.0,6924.0,5720.0
CCATTAGCGATAATCC-1-Topic-3-Cell-2,1,32.0,42.0,6963.087422239316,5677.331957352419
CCATTAGCGATAATCC-1-Topic-6-Cell-3,1,32.0,42.0,6842.479501398037,5727.154382507824
CCATTAGCGATAATCC-1-Topic-7-Cell-4,1,32.0,42.0,7003.5390893936055,5780.981132988058
CCATTAGCGATAATCC-1-Topic-7-Cell-5,1,32.0,42.0,6903.841831929245,5606.038594152262
CCATTCCCTGCCCACA-1-Topic-3-Cell-1,1,33.0,39.0,7099.0,5422.0
CCATTCCCTGCCCACA-1-Topic-3-Cell-2,1,33.0,39.0,7138.087422239316,5379.331957352419
CCATTCCCTGCCCACA-1-Topic-3-Cell-3,1,33.0,39.0,7017.479501398037,5429.154382507824
CCATTCCCTGCCCACA-1-Topic-8-Cell-4,1,33.0,39.0,7178.5390893936055,5482.981132988058
CCATTCCCTGCCCACA-1-Topic-8-Cell-5,1,33.0,39.0,7078.841831929245,5308.038594152262
CCATTTCTACCTATTA-1-Topic-6-Cell-1,1,55.0,71.0,10889.0,8631.0
CCATTTCTACCTATTA-1-Topic-6-Cell-2,1,55.0,71.0,10924.68177145867,8592.049584262211
CCATTTCTACCTATTA-1-Topic-6-Cell-3,1,55.0,71.0,10814.582306694394,8637.531027807592
CCATTTCTACCTATTA-1-Topic-6-Cell-4,1,55.0,71.0,10961.608922440497,8686.667903532969
CCATTTCTACCTATTA-1-Topic-6-Cell-5,1,55.0,71.0,10870.59819438278,8526.967945553655
CCATTTCTACCTATTA-1-Topic-6-Cell-6,1,55.0,71.0,10825.603308934946,8730.661818490727
CCCAAACATGCTGCTC-1-Topic-3-Cell-1,1,34.0,88.0,7242.0,10300.0
CCCAAACATGCTGCTC-1-Topic-3-Cell-2,1,34.0,88.0,7281.087422239316,10257.331957352419
CCCAAACATGCTGCTC-1-Topic-6-Cell-3,1,34.0,88.0,7160.479501398037,10307.154382507824
CCCAAACATGCTGCTC-1-Topic-7-Cell-4,1,34.0,88.0,7321.5390893936055,10360.981132988058
CCCAAACATGCTGCTC-1-Topic-9-Cell-5,1,34.0,88.0,7221.841831929245,10186.038594152262
CCCAACATACGTCGCG-1-Topic-3-Cell-1,1,43.0,35.0,8833.0,5035.0
CCCAACATACGTCGCG-1-Topic-3-Cell-2,1,43.0,35.0,8883.46164512635,4979.91579380355
CCCAACATACGTCGCG-1-Topic-3-Cell-3,1,43.0,35.0,8727.757488846692,5044.236268101734
CCCAATGAGATTTGCA-1-Topic-0-Cell-1,1,60.0,40.0,11774.0,5551.0
CCCAATGAGATTTGCA-1-Topic-0-Cell-2,1,60.0,40.0,11801.638981324522,5520.829137703939
CCCAATGAGATTTGCA-1-Topic-3-Cell-3,1,60.0,40.0,11716.356302632845,5556.058912386485
CCCAATGAGATTTGCA-1-Topic-3-Cell-4,1,60.0,40.0,11830.242629479622,5594.120172660294
CCCAATGAGATTTGCA-1-Topic-3-Cell-5,1,60.0,40.0,11759.746022660871,5470.417117131512
CCCAATGAGATTTGCA-1-Topic-3-Cell-6,1,60.0,40.0,11724.893134260077,5628.197712653467
CCCAATGAGATTTGCA-1-Topic-3-Cell-7,1,60.0,40.0,11870.789345907882,5524.981009996632
CCCAATGAGATTTGCA-1-Topic-3-Cell-8,1,60.0,40.0,11677.92839101501,5501.104053376536
CCCAATGAGATTTGCA-1-Topic-3-Cell-9,1,60.0,40.0,11813.700039877054,5659.708144113134
CCCAATGAGATTTGCA-1-Topic-3-Cell-10,1,60.0,40.0,11820.83633741749,5437.535884613584
CCCAATTTCACAACTT-1-Topic-3-Cell-1,1,39.0,33.0,8142.0,4831.0
CCCAATTTCACAACTT-1-Topic-3-Cell-2,1,39.0,33.0,8185.701066596173,4783.295678086574
CCCAATTTCACAACTT-1-Topic-3-Cell-3,1,39.0,33.0,8050.8573117831675,4838.998842812265
CCCAATTTCACAACTT-1-Topic-6-Cell-4,1,39.0,33.0,8230.927405376267,4899.178979353126
CCCAGAGGAGGGCGTA-1-Topic-4-Cell-1,1,21.0,105.0,4980.0,11978.0
CCCAGAGGAGGGCGTA-1-Topic-6-Cell-2,1,21.0,105.0,5015.6817714586705,11939.049584262211
CCCAGAGGAGGGCGTA-1-Topic-6-Cell-3,1,21.0,105.0,4905.582306694395,11984.531027807592
CCCAGAGGAGGGCGTA-1-Topic-6-Cell-4,1,21.0,105.0,5052.608922440497,12033.667903532969
CCCAGAGGAGGGCGTA-1-Topic-6-Cell-5,1,21.0,105.0,4961.598194382778,11873.967945553655
CCCAGAGGAGGGCGTA-1-Topic-6-Cell-6,1,21.0,105.0,4916.603308934945,12077.661818490727
CCCAGTAAACTTGGGA-1-Topic-0-Cell-1,1,52.0,12.0,10406.0,2756.0
CCCAGTAAACTTGGGA-1-Topic-0-Cell-2,1,52.0,12.0,10445.087422239316,2713.3319573524186
CCCAGTAAACTTGGGA-1-Topic-0-Cell-3,1,52.0,12.0,10324.479501398038,2763.1543825078243
CCCAGTAAACTTGGGA-1-Topic-3-Cell-4,1,52.0,12.0,10485.539089393606,2816.9811329880577
CCCAGTAAACTTGGGA-1-Topic-3-Cell-5,1,52.0,12.0,10385.841831929245,2642.0385941522622
CCCAGTTAAGGCGCCG-1-Topic-4-Cell-1,1,42.0,82.0,8631.0,9712.0
CCCAGTTAAGGCGCCG-1-Topic-4-Cell-2,1,42.0,82.0,8666.68177145867,9673.049584262211
CCCAGTTAAGGCGCCG-1-Topic-4-Cell-3,1,42.0,82.0,8556.582306694394,9718.531027807592
CCCAGTTAAGGCGCCG-1-Topic-6-Cell-4,1,42.0,82.0,8703.608922440497,9767.667903532969
CCCAGTTAAGGCGCCG-1-Topic-7-Cell-5,1,42.0,82.0,8612.59819438278,9607.967945553655
CCCAGTTAAGGCGCCG-1-Topic-9-Cell-6,1,42.0,82.0,8567.603308934946,9811.661818490727
CCCGAAGTTTCGCGAA-1-Topic-0-Cell-1,1,45.0,11.0,9195.0,2648.0
CCCGAAGTTTCGCGAA-1-Topic-0-Cell-2,1,45.0,11.0,9238.701066596173,2600.295678086574
CCCGAAGTTTCGCGAA-1-Topic-3-Cell-3,1,45.0,11.0,9103.857311783167,2655.998842812265
CCCGAAGTTTCGCGAA-1-Topic-3-Cell-4,1,45.0,11.0,9283.927405376267,2716.178979353126
CCCGACCATAGTCCGC-1-Topic-2-Cell-1,1,20.0,74.0,4826.0,8892.0
CCCGACCATAGTCCGC-1-Topic-6-Cell-2,1,20.0,74.0,4859.034901211928,8855.938922215459
CCCGACCATAGTCCGC-1-Topic-6-Cell-3,1,20.0,74.0,4757.102603758962,8898.046556816444
CCCGACCATAGTCCGC-1-Topic-6-Cell-4,1,20.0,74.0,4893.222799818238,8943.538464003022
CCCGACCATAGTCCGC-1-Topic-6-Cell-5,1,20.0,74.0,4808.9632384874685,8795.68503297294
CCCGACCATAGTCCGC-1-Topic-6-Cell-6,1,20.0,74.0,4767.306069152901,8984.268914738599
CCCGACCATAGTCCGC-1-Topic-6-Cell-7,1,20.0,74.0,4941.685395307864,8860.901358761988
CCCGCAGCGCGAACTA-1-Topic-2-Cell-1,1,49.0,67.0,9852.0,8226.0
CCCGCAGCGCGAACTA-1-Topic-4-Cell-2,1,49.0,67.0,9887.68177145867,8187.049584262212
CCCGCAGCGCGAACTA-1-Topic-6-Cell-3,1,49.0,67.0,9777.582306694394,8232.531027807592
CCCGCAGCGCGAACTA-1-Topic-6-Cell-4,1,49.0,67.0,9924.608922440497,8281.667903532969
CCCGCAGCGCGAACTA-1-Topic-6-Cell-5,1,49.0,67.0,9833.59819438278,8121.967945553654
CCCGCAGCGCGAACTA-1-Topic-6-Cell-6,1,49.0,67.0,9788.603308934946,8325.661818490727
CCCGCCATGCTCCCGT-1-Topic-0-Cell-1,1,19.0,41.0,4673.0,5606.0
CCCGCCATGCTCCCGT-1-Topic-3-Cell-2,1,19.0,41.0,4712.087422239316,5563.331957352419
CCCGCCATGCTCCCGT-1-Topic-5-Cell-3,1,19.0,41.0,4591.479501398037,5613.154382507824
CCCGCCATGCTCCCGT-1-Topic-6-Cell-4,1,19.0,41.0,4752.5390893936055,5666.981132988058
CCCGCCATGCTCCCGT-1-Topic-9-Cell-5,1,19.0,41.0,4652.841831929245,5492.038594152262
CCCGCGCAATGCACCC-1-Topic-0-Cell-1,1,19.0,23.0,4684.0,3814.0
CCCGCGCAATGCACCC-1-Topic-0-Cell-2,1,19.0,23.0,4723.087422239316,3771.3319573524186
CCCGCGCAATGCACCC-1-Topic-0-Cell-3,1,19.0,23.0,4602.479501398037,3821.1543825078243
CCCGCGCAATGCACCC-1-Topic-7-Cell-4,1,19.0,23.0,4763.5390893936055,3874.9811329880577
CCCGCGCAATGCACCC-1-Topic-7-Cell-5,1,19.0,23.0,4663.841831929245,3700.0385941522622
CCCGGGTCGTTCAGGG-1-Topic-3-Cell-1,1,65.0,57.0,12630.0,7248.0
CCCGGGTCGTTCAGGG-1-Topic-7-Cell-2,1,65.0,57.0,12691.802641070479,7180.535900966221
CCCGGTGGAAGAACCT-1-Topic-4-Cell-1,1,25.0,21.0,5725.0,3622.0
CCCGGTGTATCGGAAT-1-Topic-0-Cell-1,1,53.0,17.0,10576.0,3254.0
CCCGGTGTATCGGAAT-1-Topic-3-Cell-2,1,53.0,17.0,10626.46164512635,3198.9157938035496
CCCGGTGTATCGGAAT-1-Topic-6-Cell-3,1,53.0,17.0,10470.757488846692,3263.236268101734
CCCGTAAGTCTAGGCC-1-Topic-3-Cell-1,1,40.0,28.0,8318.0,4335.0
CCCGTAAGTCTAGGCC-1-Topic-3-Cell-2,1,40.0,28.0,8361.701066596173,4287.295678086574
CCCGTAAGTCTAGGCC-1-Topic-3-Cell-3,1,40.0,28.0,8226.857311783167,4342.998842812265
CCCGTAAGTCTAGGCC-1-Topic-4-Cell-4,1,40.0,28.0,8406.927405376267,4403.178979353126
CCCGTAGCTGGGAAGA-1-Topic-0-Cell-1,1,57.0,39.0,11255.0,5448.0
CCCGTAGCTGGGAAGA-1-Topic-0-Cell-2,1,57.0,39.0,11290.68177145867,5409.049584262212
CCCGTAGCTGGGAAGA-1-Topic-0-Cell-3,1,57.0,39.0,11180.582306694394,5454.531027807593
CCCGTAGCTGGGAAGA-1-Topic-3-Cell-4,1,57.0,39.0,11327.608922440497,5503.66790353297
CCCGTAGCTGGGAAGA-1-Topic-3-Cell-5,1,57.0,39.0,11236.59819438278,5343.967945553654
CCCGTAGCTGGGAAGA-1-Topic-5-Cell-6,1,57.0,39.0,11191.603308934946,5547.6618184907275
CCCGTCAGCGTCTGAC-1-Topic-3-Cell-1,1,23.0,51.0,5360.0,6606.0
CCCGTCAGCGTCTGAC-1-Topic-4-Cell-2,1,23.0,51.0,5390.901320535239,6572.26795048311
CCCGTCAGCGTCTGAC-1-Topic-6-Cell-3,1,23.0,51.0,5295.552387106307,6611.656035994198
CCCGTCAGCGTCTGAC-1-Topic-6-Cell-4,1,23.0,51.0,5422.881171374884,6654.209818634973
CCCGTCAGCGTCTGAC-1-Topic-6-Cell-5,1,23.0,51.0,5344.063568859983,6515.905598041579
CCCGTCAGCGTCTGAC-1-Topic-6-Cell-6,1,23.0,51.0,5305.0968550217885,6692.309666600323
CCCGTCAGCGTCTGAC-1-Topic-6-Cell-7,1,23.0,51.0,5468.213778473883,6576.909884823291
CCCGTCAGCGTCTGAC-1-Topic-6-Cell-8,1,23.0,51.0,5252.588675800891,6550.214635774117
CCCGTTTCGCAGATGT-1-Topic-6-Cell-1,1,52.0,106.0,10348.0,12111.0
CCCGTTTCGCAGATGT-1-Topic-6-Cell-2,1,52.0,106.0,10391.701066596173,12063.295678086573
CCCGTTTCGCAGATGT-1-Topic-6-Cell-3,1,52.0,106.0,10256.857311783167,12118.998842812265
CCCGTTTCGCAGATGT-1-Topic-9-Cell-4,1,52.0,106.0,10436.927405376267,12179.178979353126
CCCTATGTAGAGCAGA-1-Topic-0-Cell-1,1,60.0,24.0,11784.0,3959.0
CCCTATGTAGAGCAGA-1-Topic-0-Cell-2,1,60.0,24.0,11827.701066596173,3911.295678086574
CCCTATGTAGAGCAGA-1-Topic-0-Cell-3,1,60.0,24.0,11692.857311783167,3966.998842812265
CCCTATGTAGAGCAGA-1-Topic-3-Cell-4,1,60.0,24.0,11872.927405376267,4027.178979353126
CCCTCATTCTGGAATT-1-Topic-3-Cell-1,1,16.0,44.0,4152.0,5901.0
CCCTCATTCTGGAATT-1-Topic-3-Cell-2,1,16.0,44.0,4191.087422239316,5858.331957352419
CCCTCATTCTGGAATT-1-Topic-3-Cell-3,1,16.0,44.0,4070.479501398038,5908.154382507824
CCCTCATTCTGGAATT-1-Topic-4-Cell-4,1,16.0,44.0,4231.5390893936055,5961.981132988058
CCCTCATTCTGGAATT-1-Topic-6-Cell-5,1,16.0,44.0,4131.841831929245,5787.038594152262
CCCTGAAATGAGTTGA-1-Topic-0-Cell-1,1,31.0,39.0,6753.0,5420.0
CCCTGAAATGAGTTGA-1-Topic-2-Cell-2,1,31.0,39.0,6788.6817714586705,5381.049584262212
CCCTGAAATGAGTTGA-1-Topic-2-Cell-3,1,31.0,39.0,6678.582306694395,5426.531027807593
CCCTGAAATGAGTTGA-1-Topic-3-Cell-4,1,31.0,39.0,6825.608922440497,5475.66790353297
CCCTGAAATGAGTTGA-1-Topic-3-Cell-5,1,31.0,39.0,6734.598194382778,5315.967945553654
CCCTGAAATGAGTTGA-1-Topic-3-Cell-6,1,31.0,39.0,6689.603308934945,5519.6618184907275
CCCTGCGCTACGCATA-1-Topic-0-Cell-1,1,34.0,24.0,7282.0,3930.0
CCCTGCGCTACGCATA-1-Topic-3-Cell-2,1,34.0,24.0,7317.6817714586705,3891.049584262212
CCCTGCGCTACGCATA-1-Topic-3-Cell-3,1,34.0,24.0,7207.582306694395,3936.531027807593
CCCTGCGCTACGCATA-1-Topic-3-Cell-4,1,34.0,24.0,7354.608922440497,3985.6679035329694
CCCTGCGCTACGCATA-1-Topic-3-Cell-5,1,34.0,24.0,7263.598194382778,3825.9679455536548
CCCTGCGCTACGCATA-1-Topic-8-Cell-6,1,34.0,24.0,7218.603308934945,4029.661818490727
CCCTTTGACAGGTCTT-1-Topic-5-Cell-1,1,50.0,56.0,10032.0,7133.0
CCCTTTGACAGGTCTT-1-Topic-5-Cell-2,1,50.0,56.0,10082.46164512635,7077.91579380355
CCCTTTGACAGGTCTT-1-Topic-6-Cell-3,1,50.0,56.0,9926.757488846692,7142.236268101734
CCGAAAGTGGTGAGCA-1-Topic-0-Cell-1,1,17.0,27.0,4336.0,4210.0
CCGAAAGTGGTGAGCA-1-Topic-0-Cell-2,1,17.0,27.0,4375.087422239316,4167.331957352419
CCGAAAGTGGTGAGCA-1-Topic-5-Cell-3,1,17.0,27.0,4254.479501398037,4217.154382507824
CCGAAAGTGGTGAGCA-1-Topic-7-Cell-4,1,17.0,27.0,4415.5390893936055,4270.981132988058
CCGAAAGTGGTGAGCA-1-Topic-7-Cell-5,1,17.0,27.0,4315.841831929245,4096.038594152262
CCGAACACTGGGCCTC-1-Topic-0-Cell-1,1,44.0,18.0,9017.0,3344.0
CCGAACACTGGGCCTC-1-Topic-3-Cell-2,1,44.0,18.0,9052.68177145867,3305.049584262212
CCGAACACTGGGCCTC-1-Topic-3-Cell-3,1,44.0,18.0,8942.582306694394,3350.531027807593
CCGAACACTGGGCCTC-1-Topic-3-Cell-4,1,44.0,18.0,9089.608922440497,3399.6679035329694
CCGAACACTGGGCCTC-1-Topic-3-Cell-5,1,44.0,18.0,8998.59819438278,3239.9679455536548
CCGAACACTGGGCCTC-1-Topic-3-Cell-6,1,44.0,18.0,8953.603308934946,3443.661818490727
CCGAACCTTCCCGGCC-1-Topic-4-Cell-1,1,49.0,71.0,9850.0,8624.0
CCGAACCTTCCCGGCC-1-Topic-5-Cell-2,1,49.0,71.0,9889.087422239316,8581.331957352419
CCGAACCTTCCCGGCC-1-Topic-6-Cell-3,1,49.0,71.0,9768.479501398038,8631.154382507824
CCGAACCTTCCCGGCC-1-Topic-6-Cell-4,1,49.0,71.0,9929.539089393606,8684.981132988058
CCGAACCTTCCCGGCC-1-Topic-7-Cell-5,1,49.0,71.0,9829.841831929245,8510.038594152262
CCGAAGTATATTGTTC-1-Topic-0-Cell-1,1,22.0,22.0,5205.0,3718.0
CCGAAGTATATTGTTC-1-Topic-0-Cell-2,1,22.0,22.0,5255.461645126349,3662.9157938035496
CCGAAGTATATTGTTC-1-Topic-3-Cell-3,1,22.0,22.0,5099.757488846692,3727.236268101734
CCGACAAAGGGAGTGC-1-Topic-3-Cell-1,1,33.0,21.0,7110.0,3631.0
CCGACAAAGGGAGTGC-1-Topic-3-Cell-2,1,33.0,21.0,7139.1340443974495,3599.1971187243826
CCGACAAAGGGAGTGC-1-Topic-3-Cell-3,1,33.0,21.0,7049.238207855446,3636.3325618748436
CCGACAAAGGGAGTGC-1-Topic-3-Cell-4,1,33.0,21.0,7169.284936917512,3676.452652902084
CCGACAAAGGGAGTGC-1-Topic-4-Cell-5,1,33.0,21.0,7094.974988630642,3546.058183237672
CCGACAAAGGGAGTGC-1-Topic-6-Cell-6,1,33.0,21.0,7058.236818503251,3712.3735340467183
CCGACAAAGGGAGTGC-1-Topic-6-Cell-7,1,33.0,21.0,7212.024928768936,3603.5735763907346
CCGACAAAGGGAGTGC-1-Topic-8-Cell-8,1,33.0,21.0,7008.731632376778,3578.405054219889
CCGACAAAGGGAGTGC-1-Topic-8-Cell-9,1,33.0,21.0,7151.847516403668,3745.588445202443
CCGACGGGCATGAGGT-1-Topic-0-Cell-1,1,54.0,26.0,10744.0,4151.0
CCGACGGGCATGAGGT-1-Topic-0-Cell-2,1,54.0,26.0,10794.46164512635,4095.9157938035496
CCGACGGGCATGAGGT-1-Topic-3-Cell-3,1,54.0,26.0,10638.757488846692,4160.236268101734
CCGATCTCAACCTTAT-1-Topic-3-Cell-1,1,37.0,101.0,7753.0,11597.0
CCGATCTCAACCTTAT-1-Topic-3-Cell-2,1,37.0,101.0,7803.461645126349,11541.91579380355
CCGATCTCAACCTTAT-1-Topic-6-Cell-3,1,37.0,101.0,7647.757488846692,11606.236268101733
CCGCACAAAGACCAAC-1-Topic-6-Cell-1,1,36.0,76.0,7595.0,9108.0
CCGCACAAAGACCAAC-1-Topic-7-Cell-2,1,36.0,76.0,7630.6817714586705,9069.049584262211
CCGCACAAAGACCAAC-1-Topic-8-Cell-3,1,36.0,76.0,7520.582306694395,9114.531027807592
CCGCACAAAGACCAAC-1-Topic-8-Cell-4,1,36.0,76.0,7667.608922440497,9163.667903532969
CCGCACAAAGACCAAC-1-Topic-8-Cell-5,1,36.0,76.0,7576.598194382778,9003.967945553655
CCGCACAAAGACCAAC-1-Topic-9-Cell-6,1,36.0,76.0,7531.603308934945,9207.661818490727
CCGCACGTGACCTCGG-1-Topic-0-Cell-1,1,28.0,26.0,6241.0,4123.0
CCGCATGTGGTACGAT-1-Topic-4-Cell-1,1,56.0,66.0,11065.0,8134.0
CCGCATGTGGTACGAT-1-Topic-4-Cell-2,1,56.0,66.0,11095.90132053524,8100.26795048311
CCGCATGTGGTACGAT-1-Topic-6-Cell-3,1,56.0,66.0,11000.552387106307,8139.656035994198
CCGCATGTGGTACGAT-1-Topic-6-Cell-4,1,56.0,66.0,11127.881171374884,8182.209818634973
CCGCATGTGGTACGAT-1-Topic-6-Cell-5,1,56.0,66.0,11049.063568859983,8043.905598041579
CCGCATGTGGTACGAT-1-Topic-6-Cell-6,1,56.0,66.0,11010.096855021788,8220.309666600324
CCGCATGTGGTACGAT-1-Topic-6-Cell-7,1,56.0,66.0,11173.213778473884,8104.909884823291
CCGCATGTGGTACGAT-1-Topic-6-Cell-8,1,56.0,66.0,10957.588675800891,8078.214635774117
CCGCCGGAACTTCTCG-1-Topic-0-Cell-1,1,54.0,12.0,10753.0,2758.0
CCGCCGGAACTTCTCG-1-Topic-3-Cell-2,1,54.0,12.0,10792.087422239316,2715.3319573524186
CCGCCGGAACTTCTCG-1-Topic-3-Cell-3,1,54.0,12.0,10671.479501398038,2765.1543825078243
CCGCCGGAACTTCTCG-1-Topic-3-Cell-4,1,54.0,12.0,10832.539089393606,2818.9811329880577
CCGCCGGAACTTCTCG-1-Topic-4-Cell-5,1,54.0,12.0,10732.841831929245,2644.0385941522622
CCGCGGAATGCGTCAC-1-Topic-0-Cell-1,1,51.0,45.0,10213.0,6039.0
CCGCGGAATGCGTCAC-1-Topic-3-Cell-2,1,51.0,45.0,10252.087422239316,5996.331957352419
CCGCGGAATGCGTCAC-1-Topic-3-Cell-3,1,51.0,45.0,10131.479501398038,6046.154382507824
CCGCGGAATGCGTCAC-1-Topic-3-Cell-4,1,51.0,45.0,10292.539089393606,6099.981132988058
CCGCGGAATGCGTCAC-1-Topic-3-Cell-5,1,51.0,45.0,10192.841831929245,5925.038594152262
CCGCGGGTACGAAGAA-1-Topic-3-Cell-1,1,32.0,26.0,6934.0,4127.0
CCGCGGGTACGAAGAA-1-Topic-3-Cell-2,1,32.0,26.0,6984.461645126349,4071.9157938035496
CCGCGGGTACGAAGAA-1-Topic-3-Cell-3,1,32.0,26.0,6828.757488846692,4136.236268101734
CCGCGTAGGTAAGGGC-1-Topic-0-Cell-1,1,30.0,22.0,6590.0,3727.0
CCGCTATCAGCACCAG-1-Topic-0-Cell-1,1,45.0,63.0,9162.0,7824.0
CCGCTATCAGCACCAG-1-Topic-3-Cell-2,1,45.0,63.0,9195.034901211928,7787.938922215459
CCGCTATCAGCACCAG-1-Topic-3-Cell-3,1,45.0,63.0,9093.102603758962,7830.046556816443
CCGCTATCAGCACCAG-1-Topic-3-Cell-4,1,45.0,63.0,9229.222799818237,7875.538464003022
CCGCTATCAGCACCAG-1-Topic-5-Cell-5,1,45.0,63.0,9144.96323848747,7727.685032972941
CCGCTATCAGCACCAG-1-Topic-6-Cell-6,1,45.0,63.0,9103.3060691529,7916.268914738599
CCGCTATCAGCACCAG-1-Topic-7-Cell-7,1,45.0,63.0,9277.685395307864,7792.901358761988
CCGCTCTTCCGAACTA-1-Topic-5-Cell-1,1,63.0,99.0,12257.0,11427.0
CCGCTCTTCCGAACTA-1-Topic-5-Cell-2,1,63.0,99.0,12300.701066596173,11379.295678086573
CCGCTCTTCCGAACTA-1-Topic-6-Cell-3,1,63.0,99.0,12165.857311783167,11434.998842812265
CCGCTCTTCCGAACTA-1-Topic-7-Cell-4,1,63.0,99.0,12345.927405376267,11495.178979353126
CCGCTTACCTCACTCT-1-Topic-3-Cell-1,1,47.0,35.0,9526.0,5039.0
CCGCTTACCTCACTCT-1-Topic-3-Cell-2,1,47.0,35.0,9576.46164512635,4983.91579380355
CCGCTTACCTCACTCT-1-Topic-3-Cell-3,1,47.0,35.0,9420.757488846692,5048.236268101734
CCGGAATGGTTTCAGT-1-Topic-0-Cell-1,1,24.0,32.0,5545.0,4716.0
CCGGAATGGTTTCAGT-1-Topic-2-Cell-2,1,24.0,32.0,5584.087422239316,4673.331957352419
CCGGAATGGTTTCAGT-1-Topic-3-Cell-3,1,24.0,32.0,5463.479501398037,4723.154382507824
CCGGAATGGTTTCAGT-1-Topic-3-Cell-4,1,24.0,32.0,5624.5390893936055,4776.981132988058
CCGGAATGGTTTCAGT-1-Topic-5-Cell-5,1,24.0,32.0,5524.841831929245,4602.038594152262
CCGGAGCGTACTTTCT-1-Topic-2-Cell-1,1,58.0,56.0,11418.0,7141.0
CCGGAGCGTACTTTCT-1-Topic-3-Cell-2,1,58.0,56.0,11457.087422239316,7098.331957352419
CCGGAGCGTACTTTCT-1-Topic-3-Cell-3,1,58.0,56.0,11336.479501398038,7148.154382507824
CCGGAGCGTACTTTCT-1-Topic-3-Cell-4,1,58.0,56.0,11497.539089393606,7201.981132988058
CCGGAGCGTACTTTCT-1-Topic-5-Cell-5,1,58.0,56.0,11397.841831929245,7027.038594152262
CCGGCACGACCGTTTC-1-Topic-7-Cell-1,1,35.0,111.0,7400.0,12590.0
CCGGCACGACCGTTTC-1-Topic-7-Cell-2,1,35.0,111.0,7443.701066596173,12542.295678086573
CCGGCACGACCGTTTC-1-Topic-7-Cell-3,1,35.0,111.0,7308.8573117831675,12597.998842812265
CCGGCACGACCGTTTC-1-Topic-9-Cell-4,1,35.0,111.0,7488.927405376267,12658.178979353126
CCGGCGTGAGACTCTG-1-Topic-0-Cell-1,1,47.0,11.0,9541.0,2651.0
CCGGCGTGAGACTCTG-1-Topic-0-Cell-2,1,47.0,11.0,9591.46164512635,2595.9157938035496
CCGGCGTGAGACTCTG-1-Topic-0-Cell-3,1,47.0,11.0,9435.757488846692,2660.236268101734
CCGGGACCCGCAGAGA-1-Topic-0-Cell-1,1,16.0,52.0,4147.0,6698.0
CCGGGACCCGCAGAGA-1-Topic-3-Cell-2,1,16.0,52.0,4186.087422239316,6655.331957352419
CCGGGACCCGCAGAGA-1-Topic-3-Cell-3,1,16.0,52.0,4065.479501398038,6705.154382507824
CCGGGACCCGCAGAGA-1-Topic-7-Cell-4,1,16.0,52.0,4226.5390893936055,6758.981132988058
CCGGGACCCGCAGAGA-1-Topic-7-Cell-5,1,16.0,52.0,4126.841831929245,6584.038594152262
CCGGGCGGTCTCGTCA-1-Topic-3-Cell-1,1,32.0,76.0,6903.0,9104.0
CCGGGCGGTCTCGTCA-1-Topic-4-Cell-2,1,32.0,76.0,6946.701066596173,9056.295678086573
CCGGGCGGTCTCGTCA-1-Topic-9-Cell-3,1,32.0,76.0,6811.8573117831675,9111.998842812265
CCGGGCGGTCTCGTCA-1-Topic-9-Cell-4,1,32.0,76.0,6991.927405376267,9172.178979353126
CCGGGCTGCTCCATAC-1-Topic-6-Cell-1,1,36.0,86.0,7589.0,10103.0
CCGGGCTGCTCCATAC-1-Topic-6-Cell-2,1,36.0,86.0,7632.701066596173,10055.295678086573
CCGGGCTGCTCCATAC-1-Topic-7-Cell-3,1,36.0,86.0,7497.8573117831675,10110.998842812265
CCGGGCTGCTCCATAC-1-Topic-9-Cell-4,1,36.0,86.0,7677.927405376267,10171.178979353126
CCGGGTTCGAGGTTAC-1-Topic-3-Cell-1,1,38.0,32.0,7969.0,4731.0
CCGGTTTGTAATTGTG-1-Topic-0-Cell-1,1,56.0,42.0,11080.0,5746.0
CCGGTTTGTAATTGTG-1-Topic-0-Cell-2,1,56.0,42.0,11119.087422239316,5703.331957352419
CCGGTTTGTAATTGTG-1-Topic-0-Cell-3,1,56.0,42.0,10998.479501398038,5753.154382507824
CCGGTTTGTAATTGTG-1-Topic-0-Cell-4,1,56.0,42.0,11159.539089393606,5806.981132988058
CCGGTTTGTAATTGTG-1-Topic-5-Cell-5,1,56.0,42.0,11059.841831929245,5632.038594152262
CCGTAAGTTGGTCCCA-1-Topic-4-Cell-1,1,33.0,77.0,7075.0,9204.0
CCGTAAGTTGGTCCCA-1-Topic-4-Cell-2,1,33.0,77.0,7108.034901211928,9167.938922215459
CCGTAAGTTGGTCCCA-1-Topic-4-Cell-3,1,33.0,77.0,7006.102603758962,9210.046556816444
CCGTAAGTTGGTCCCA-1-Topic-4-Cell-4,1,33.0,77.0,7142.222799818238,9255.538464003022
CCGTAAGTTGGTCCCA-1-Topic-4-Cell-5,1,33.0,77.0,7057.9632384874685,9107.68503297294
CCGTAAGTTGGTCCCA-1-Topic-4-Cell-6,1,33.0,77.0,7016.306069152901,9296.268914738599
CCGTAAGTTGGTCCCA-1-Topic-6-Cell-7,1,33.0,77.0,7190.685395307864,9172.901358761988
CCGTAGGAAATCCCTG-1-Topic-3-Cell-1,1,60.0,96.0,11739.0,11125.0
CCGTAGGAAATCCCTG-1-Topic-6-Cell-2,1,60.0,96.0,11782.701066596173,11077.295678086573
CCGTAGGAAATCCCTG-1-Topic-7-Cell-3,1,60.0,96.0,11647.857311783167,11132.998842812265
CCGTAGGAAATCCCTG-1-Topic-7-Cell-4,1,60.0,96.0,11827.927405376267,11193.178979353126
CCGTAGGGTTGTTTAC-1-Topic-0-Cell-1,1,60.0,104.0,11734.0,11921.0
CCGTAGGGTTGTTTAC-1-Topic-6-Cell-2,1,60.0,104.0,11769.68177145867,11882.049584262211
CCGTAGGGTTGTTTAC-1-Topic-7-Cell-3,1,60.0,104.0,11659.582306694394,11927.531027807592
CCGTAGGGTTGTTTAC-1-Topic-7-Cell-4,1,60.0,104.0,11806.608922440497,11976.667903532969
CCGTAGGGTTGTTTAC-1-Topic-7-Cell-5,1,60.0,104.0,11715.59819438278,11816.967945553655
CCGTAGGGTTGTTTAC-1-Topic-7-Cell-6,1,60.0,104.0,11670.603308934946,12020.661818490727
CCGTATCTCGTCGTAG-1-Topic-0-Cell-1,1,53.0,27.0,10570.0,4250.0
CCGTATCTCGTCGTAG-1-Topic-0-Cell-2,1,53.0,27.0,10631.802641070479,4182.535900966221
CCGTGGAACGATCCAA-1-Topic-4-Cell-1,1,24.0,106.0,5499.0,12081.0
CCGTGGAACGATCCAA-1-Topic-4-Cell-2,1,24.0,106.0,5532.034901211928,12044.938922215459
CCGTGGAACGATCCAA-1-Topic-6-Cell-3,1,24.0,106.0,5430.102603758962,12087.046556816444
CCGTGGAACGATCCAA-1-Topic-6-Cell-4,1,24.0,106.0,5566.222799818238,12132.538464003022
CCGTGGAACGATCCAA-1-Topic-6-Cell-5,1,24.0,106.0,5481.9632384874685,11984.68503297294
CCGTGGAACGATCCAA-1-Topic-7-Cell-6,1,24.0,106.0,5440.306069152901,12173.268914738599
CCGTGGAACGATCCAA-1-Topic-7-Cell-7,1,24.0,106.0,5614.685395307864,12049.901358761988
CCGTGTTAAATTCCAT-1-Topic-3-Cell-1,1,48.0,36.0,9699.0,5140.0
CCGTGTTAAATTCCAT-1-Topic-3-Cell-2,1,48.0,36.0,9742.701066596173,5092.295678086574
CCGTGTTAAATTCCAT-1-Topic-3-Cell-3,1,48.0,36.0,9607.857311783167,5147.998842812265
CCGTGTTAAATTCCAT-1-Topic-6-Cell-4,1,48.0,36.0,9787.927405376267,5208.178979353126
CCGTTACGTTAGAACA-1-Topic-3-Cell-1,1,20.0,88.0,4817.0,10285.0
CCGTTACGTTAGAACA-1-Topic-6-Cell-2,1,20.0,88.0,4867.461645126349,10229.91579380355
CCGTTACGTTAGAACA-1-Topic-7-Cell-3,1,20.0,88.0,4711.757488846692,10294.236268101733
CCGTTCCGAATCTCGG-1-Topic-3-Cell-1,1,40.0,22.0,8322.0,3738.0
CCGTTCCGAATCTCGG-1-Topic-3-Cell-2,1,40.0,22.0,8372.46164512635,3682.9157938035496
CCGTTCCGAATCTCGG-1-Topic-4-Cell-3,1,40.0,22.0,8216.757488846692,3747.236268101734
CCTAAATTAACGGTTC-1-Topic-3-Cell-1,1,42.0,68.0,8640.0,8318.0
CCTAAATTAACGGTTC-1-Topic-7-Cell-2,1,42.0,68.0,8683.701066596173,8270.295678086573
CCTAAATTAACGGTTC-1-Topic-7-Cell-3,1,42.0,68.0,8548.857311783167,8325.998842812265
CCTAAATTAACGGTTC-1-Topic-9-Cell-4,1,42.0,68.0,8728.927405376267,8386.178979353126
CCTAACCCAAACAAGT-1-Topic-9-Cell-1,1,49.0,89.0,9839.0,10416.0
CCTAACCCAAACAAGT-1-Topic-9-Cell-2,1,49.0,89.0,9889.46164512635,10360.91579380355
CCTAACCCAAACAAGT-1-Topic-9-Cell-3,1,49.0,89.0,9733.757488846692,10425.236268101733
CCTAACTAAGGCTCTA-1-Topic-6-Cell-1,1,21.0,93.0,4987.0,10784.0
CCTAACTAAGGCTCTA-1-Topic-6-Cell-2,1,21.0,93.0,5022.6817714586705,10745.049584262211
CCTAACTAAGGCTCTA-1-Topic-6-Cell-3,1,21.0,93.0,4912.582306694395,10790.531027807592
CCTAACTAAGGCTCTA-1-Topic-6-Cell-4,1,21.0,93.0,5059.608922440497,10839.667903532969
CCTAACTAAGGCTCTA-1-Topic-6-Cell-5,1,21.0,93.0,4968.598194382778,10679.967945553655
CCTAACTAAGGCTCTA-1-Topic-9-Cell-6,1,21.0,93.0,4923.603308934945,10883.661818490727
CCTACATTCACAGACG-1-Topic-0-Cell-1,1,51.0,33.0,10220.0,4845.0
CCTACATTCACAGACG-1-Topic-0-Cell-2,1,51.0,33.0,10249.13404439745,4813.197118724383
CCTACATTCACAGACG-1-Topic-0-Cell-3,1,51.0,33.0,10159.238207855446,4850.332561874843
CCTACATTCACAGACG-1-Topic-0-Cell-4,1,51.0,33.0,10279.284936917511,4890.452652902084
CCTACATTCACAGACG-1-Topic-0-Cell-5,1,51.0,33.0,10204.974988630642,4760.058183237672
CCTACATTCACAGACG-1-Topic-0-Cell-6,1,51.0,33.0,10168.236818503252,4926.373534046718
CCTACATTCACAGACG-1-Topic-0-Cell-7,1,51.0,33.0,10322.024928768937,4817.573576390734
CCTACATTCACAGACG-1-Topic-4-Cell-8,1,51.0,33.0,10118.731632376777,4792.405054219888
CCTACATTCACAGACG-1-Topic-5-Cell-9,1,51.0,33.0,10261.847516403668,4959.588445202443
CCTACGGCTCAGTCGA-1-Topic-0-Cell-1,1,16.0,32.0,4159.0,4707.0
CCTACGGCTCAGTCGA-1-Topic-4-Cell-2,1,16.0,32.0,4202.701066596173,4659.295678086574
CCTACGGCTCAGTCGA-1-Topic-5-Cell-3,1,16.0,32.0,4067.857311783168,4714.998842812265
CCTACGGCTCAGTCGA-1-Topic-5-Cell-4,1,16.0,32.0,4247.927405376267,4775.178979353126
CCTACTGCTTACACTT-1-Topic-6-Cell-1,1,27.0,49.0,6054.0,6411.0
CCTACTGCTTACACTT-1-Topic-6-Cell-2,1,27.0,49.0,6087.034901211928,6374.938922215459
CCTACTGCTTACACTT-1-Topic-6-Cell-3,1,27.0,49.0,5985.102603758962,6417.046556816443
CCTACTGCTTACACTT-1-Topic-6-Cell-4,1,27.0,49.0,6121.222799818238,6462.538464003022
CCTACTGCTTACACTT-1-Topic-6-Cell-5,1,27.0,49.0,6036.9632384874685,6314.685032972941
CCTACTGCTTACACTT-1-Topic-6-Cell-6,1,27.0,49.0,5995.306069152901,6503.268914738599
CCTACTGCTTACACTT-1-Topic-6-Cell-7,1,27.0,49.0,6169.685395307864,6379.901358761988
CCTAGGCGTAGCGATC-1-Topic-2-Cell-1,1,36.0,88.0,7588.0,10302.0
CCTAGGCGTAGCGATC-1-Topic-3-Cell-2,1,36.0,88.0,7623.6817714586705,10263.049584262211
CCTAGGCGTAGCGATC-1-Topic-4-Cell-3,1,36.0,88.0,7513.582306694395,10308.531027807592
CCTAGGCGTAGCGATC-1-Topic-6-Cell-4,1,36.0,88.0,7660.608922440497,10357.667903532969
CCTAGGCGTAGCGATC-1-Topic-6-Cell-5,1,36.0,88.0,7569.598194382778,10197.967945553655
CCTAGGCGTAGCGATC-1-Topic-9-Cell-6,1,36.0,88.0,7524.603308934945,10401.661818490727
CCTATAATGAGTGCCC-1-Topic-7-Cell-1,1,55.0,81.0,10883.0,9626.0
CCTATAATGAGTGCCC-1-Topic-7-Cell-2,1,55.0,81.0,10933.46164512635,9570.91579380355
CCTATAATGAGTGCCC-1-Topic-7-Cell-3,1,55.0,81.0,10777.757488846692,9635.236268101733
CCTATACCGTCCTGTC-1-Topic-3-Cell-1,1,55.0,45.0,10905.0,6043.0
CCTATACCGTCCTGTC-1-Topic-3-Cell-2,1,55.0,45.0,10948.701066596173,5995.295678086574
CCTATACCGTCCTGTC-1-Topic-3-Cell-3,1,55.0,45.0,10813.857311783167,6050.998842812265
CCTATACCGTCCTGTC-1-Topic-5-Cell-4,1,55.0,45.0,10993.927405376267,6111.178979353126
CCTATATTTGTCCTGG-1-Topic-0-Cell-1,1,62.0,52.0,12113.0,6748.0
CCTATATTTGTCCTGG-1-Topic-0-Cell-2,1,62.0,52.0,12163.46164512635,6692.91579380355
CCTATATTTGTCCTGG-1-Topic-3-Cell-3,1,62.0,52.0,12007.757488846692,6757.236268101734
CCTATCTATATCGGAA-1-Topic-2-Cell-1,1,19.0,77.0,4651.0,9189.0
CCTATCTATATCGGAA-1-Topic-6-Cell-2,1,19.0,77.0,4686.6817714586705,9150.049584262211
CCTATCTATATCGGAA-1-Topic-6-Cell-3,1,19.0,77.0,4576.582306694395,9195.531027807592
CCTATCTATATCGGAA-1-Topic-6-Cell-4,1,19.0,77.0,4723.608922440497,9244.667903532969
CCTATCTATATCGGAA-1-Topic-7-Cell-5,1,19.0,77.0,4632.598194382778,9084.967945553655
CCTATCTATATCGGAA-1-Topic-7-Cell-6,1,19.0,77.0,4587.603308934945,9288.661818490727
CCTATGAAGTGGTGCC-1-Topic-3-Cell-1,1,37.0,111.0,7747.0,12593.0
CCTATGAAGTGGTGCC-1-Topic-4-Cell-2,1,37.0,111.0,7786.087422239316,12550.331957352419
CCTATGAAGTGGTGCC-1-Topic-4-Cell-3,1,37.0,111.0,7665.479501398037,12600.154382507824
CCTATGAAGTGGTGCC-1-Topic-6-Cell-4,1,37.0,111.0,7826.5390893936055,12653.981132988058
CCTATGAAGTGGTGCC-1-Topic-9-Cell-5,1,37.0,111.0,7726.841831929245,12479.038594152262
CCTATGGCTCCTAGTG-1-Topic-0-Cell-1,1,62.0,24.0,12131.0,3961.0
CCTATGGCTCCTAGTG-1-Topic-0-Cell-2,1,62.0,24.0,12161.90132053524,3927.2679504831103
CCTATGGCTCCTAGTG-1-Topic-0-Cell-3,1,62.0,24.0,12066.552387106307,3966.656035994198
CCTATGGCTCCTAGTG-1-Topic-0-Cell-4,1,62.0,24.0,12193.881171374884,4009.209818634973
CCTATGGCTCCTAGTG-1-Topic-0-Cell-5,1,62.0,24.0,12115.063568859983,3870.905598041579
CCTATGGCTCCTAGTG-1-Topic-0-Cell-6,1,62.0,24.0,12076.096855021788,4047.3096666003235
CCTATGGCTCCTAGTG-1-Topic-0-Cell-7,1,62.0,24.0,12239.213778473884,3931.90988482329
CCTATGGCTCCTAGTG-1-Topic-0-Cell-8,1,62.0,24.0,12023.588675800891,3905.2146357741167
CCTATGGGTTACCGTC-1-Topic-3-Cell-1,1,29.0,69.0,6388.0,8404.0
CCTATGGGTTACCGTC-1-Topic-4-Cell-2,1,29.0,69.0,6431.701066596173,8356.295678086573
CCTATGGGTTACCGTC-1-Topic-6-Cell-3,1,29.0,69.0,6296.8573117831675,8411.998842812265
CCTATGGGTTACCGTC-1-Topic-6-Cell-4,1,29.0,69.0,6476.927405376267,8472.178979353126
CCTATGTCCACTCCAC-1-Topic-5-Cell-1,1,62.0,92.0,12088.0,10729.0
CCTATGTCCACTCCAC-1-Topic-7-Cell-2,1,62.0,92.0,12138.46164512635,10673.91579380355
CCTATGTCCACTCCAC-1-Topic-7-Cell-3,1,62.0,92.0,11982.757488846692,10738.236268101733
CCTCACCAATCTTGAC-1-Topic-0-Cell-1,1,17.0,35.0,4331.0,5007.0
CCTCACCAATCTTGAC-1-Topic-0-Cell-2,1,17.0,35.0,4360.1340443974495,4975.197118724383
CCTCACCAATCTTGAC-1-Topic-0-Cell-3,1,17.0,35.0,4270.238207855446,5012.332561874843
CCTCACCAATCTTGAC-1-Topic-5-Cell-4,1,17.0,35.0,4390.284936917512,5052.452652902084
CCTCACCAATCTTGAC-1-Topic-5-Cell-5,1,17.0,35.0,4315.974988630642,4922.058183237672
CCTCACCAATCTTGAC-1-Topic-5-Cell-6,1,17.0,35.0,4279.236818503251,5088.373534046718
CCTCACCAATCTTGAC-1-Topic-5-Cell-7,1,17.0,35.0,4433.024928768936,4979.573576390734
CCTCACCAATCTTGAC-1-Topic-5-Cell-8,1,17.0,35.0,4229.731632376778,4954.405054219888
CCTCACCAATCTTGAC-1-Topic-5-Cell-9,1,17.0,35.0,4372.847516403668,5121.588445202443
CCTCACCTGAGGGAGC-1-Topic-4-Cell-1,1,28.0,102.0,6194.0,11687.0
CCTCACCTGAGGGAGC-1-Topic-4-Cell-2,1,28.0,102.0,6229.6817714586705,11648.049584262211
CCTCACCTGAGGGAGC-1-Topic-6-Cell-3,1,28.0,102.0,6119.582306694395,11693.531027807592
CCTCACCTGAGGGAGC-1-Topic-6-Cell-4,1,28.0,102.0,6266.608922440497,11742.667903532969
CCTCACCTGAGGGAGC-1-Topic-6-Cell-5,1,28.0,102.0,6175.598194382778,11582.967945553655
CCTCACCTGAGGGAGC-1-Topic-6-Cell-6,1,28.0,102.0,6130.603308934945,11786.661818490727
CCTCACCTTAGCATCG-1-Topic-4-Cell-1,1,27.0,97.0,6024.0,11188.0
CCTCACCTTAGCATCG-1-Topic-6-Cell-2,1,27.0,97.0,6053.1340443974495,11156.197118724383
CCTCACCTTAGCATCG-1-Topic-6-Cell-3,1,27.0,97.0,5963.238207855446,11193.332561874844
CCTCACCTTAGCATCG-1-Topic-6-Cell-4,1,27.0,97.0,6083.284936917512,11233.452652902084
CCTCACCTTAGCATCG-1-Topic-6-Cell-5,1,27.0,97.0,6008.974988630642,11103.058183237672
CCTCACCTTAGCATCG-1-Topic-6-Cell-6,1,27.0,97.0,5972.236818503251,11269.37353404672
CCTCACCTTAGCATCG-1-Topic-6-Cell-7,1,27.0,97.0,6126.024928768936,11160.573576390734
CCTCACCTTAGCATCG-1-Topic-7-Cell-8,1,27.0,97.0,5922.731632376778,11135.40505421989
CCTCACCTTAGCATCG-1-Topic-7-Cell-9,1,27.0,97.0,6065.847516403668,11302.588445202442
CCTCCGACAATTCAAG-1-Topic-3-Cell-1,1,33.0,33.0,7103.0,4825.0
CCTCCGACAATTCAAG-1-Topic-9-Cell-2,1,33.0,33.0,7164.802641070479,4757.535900966221
CCTCCTGTTGTGTCGT-1-Topic-2-Cell-1,1,62.0,96.0,12086.0,11127.0
CCTCCTGTTGTGTCGT-1-Topic-2-Cell-2,1,62.0,96.0,12129.701066596173,11079.295678086573
CCTCCTGTTGTGTCGT-1-Topic-5-Cell-3,1,62.0,96.0,11994.857311783167,11134.998842812265
CCTCCTGTTGTGTCGT-1-Topic-5-Cell-4,1,62.0,96.0,12174.927405376267,11195.178979353126
CCTCGCCAGCAAATTA-1-Topic-8-Cell-1,1,18.0,74.0,4479.0,8889.0
CCTCGCCAGCAAATTA-1-Topic-8-Cell-2,1,18.0,74.0,4540.802641070479,8821.53590096622
CCTCGCGCGATATAGG-1-Topic-6-Cell-1,1,21.0,95.0,4986.0,10983.0
CCTCGCGCGATATAGG-1-Topic-6-Cell-2,1,21.0,95.0,5019.034901211928,10946.938922215459
CCTCGCGCGATATAGG-1-Topic-6-Cell-3,1,21.0,95.0,4917.102603758962,10989.046556816444
CCTCGCGCGATATAGG-1-Topic-6-Cell-4,1,21.0,95.0,5053.222799818238,11034.538464003022
CCTCGCGCGATATAGG-1-Topic-6-Cell-5,1,21.0,95.0,4968.9632384874685,10886.68503297294
CCTCGCGCGATATAGG-1-Topic-6-Cell-6,1,21.0,95.0,4927.306069152901,11075.268914738599
CCTCGCGCGATATAGG-1-Topic-6-Cell-7,1,21.0,95.0,5101.685395307864,10951.901358761988
CCTCGCGCTGTGCGAT-1-Topic-2-Cell-1,1,57.0,59.0,11243.0,7439.0
CCTCGCGCTGTGCGAT-1-Topic-6-Cell-2,1,57.0,59.0,11278.68177145867,7400.049584262212
CCTCGCGCTGTGCGAT-1-Topic-6-Cell-3,1,57.0,59.0,11168.582306694394,7445.531027807593
CCTCGCGCTGTGCGAT-1-Topic-6-Cell-4,1,57.0,59.0,11315.608922440497,7494.66790353297
CCTCGCGCTGTGCGAT-1-Topic-6-Cell-5,1,57.0,59.0,11224.59819438278,7334.967945553654
CCTCGCGCTGTGCGAT-1-Topic-6-Cell-6,1,57.0,59.0,11179.603308934946,7538.6618184907275
CCTCGGACCGGGATAG-1-Topic-5-Cell-1,1,41.0,85.0,8456.0,10009.0
CCTCGGACCGGGATAG-1-Topic-7-Cell-2,1,41.0,85.0,8499.701066596173,9961.295678086573
CCTCGGACCGGGATAG-1-Topic-7-Cell-3,1,41.0,85.0,8364.857311783167,10016.998842812265
CCTCGGACCGGGATAG-1-Topic-9-Cell-4,1,41.0,85.0,8544.927405376267,10077.178979353126
CCTCTAATCTGCCAAG-1-Topic-3-Cell-1,1,23.0,73.0,5346.0,8795.0
CCTCTAATCTGCCAAG-1-Topic-6-Cell-2,1,23.0,73.0,5389.701066596173,8747.295678086573
CCTCTAATCTGCCAAG-1-Topic-6-Cell-3,1,23.0,73.0,5254.8573117831675,8802.998842812265
CCTCTAATCTGCCAAG-1-Topic-6-Cell-4,1,23.0,73.0,5434.927405376267,8863.178979353126
CCTCTATCGATTAGCA-1-Topic-0-Cell-1,1,52.0,26.0,10398.0,4149.0
CCTCTATCGATTAGCA-1-Topic-0-Cell-2,1,52.0,26.0,10428.90132053524,4115.26795048311
CCTCTATCGATTAGCA-1-Topic-0-Cell-3,1,52.0,26.0,10333.552387106307,4154.656035994198
CCTCTATCGATTAGCA-1-Topic-0-Cell-4,1,52.0,26.0,10460.881171374884,4197.209818634973
CCTCTATCGATTAGCA-1-Topic-0-Cell-5,1,52.0,26.0,10382.063568859983,4058.905598041579
CCTCTATCGATTAGCA-1-Topic-0-Cell-6,1,52.0,26.0,10343.096855021788,4235.309666600323
CCTCTATCGATTAGCA-1-Topic-0-Cell-7,1,52.0,26.0,10506.213778473884,4119.909884823291
CCTCTATCGATTAGCA-1-Topic-7-Cell-8,1,52.0,26.0,10290.588675800891,4093.2146357741167
CCTCTGTACTATTCTA-1-Topic-3-Cell-1,1,53.0,61.0,10549.0,7634.0
CCTCTGTACTATTCTA-1-Topic-6-Cell-2,1,53.0,61.0,10592.701066596173,7586.295678086574
CCTCTGTACTATTCTA-1-Topic-6-Cell-3,1,53.0,61.0,10457.857311783167,7641.998842812265
CCTCTGTACTATTCTA-1-Topic-7-Cell-4,1,53.0,61.0,10637.927405376267,7702.178979353126
CCTGAACGATATATTC-1-Topic-4-Cell-1,1,37.0,85.0,7763.0,10005.0
CCTGAACGATATATTC-1-Topic-6-Cell-2,1,37.0,85.0,7793.901320535239,9971.26795048311
CCTGAACGATATATTC-1-Topic-6-Cell-3,1,37.0,85.0,7698.552387106307,10010.656035994198
CCTGAACGATATATTC-1-Topic-6-Cell-4,1,37.0,85.0,7825.881171374884,10053.209818634972
CCTGAACGATATATTC-1-Topic-6-Cell-5,1,37.0,85.0,7747.063568859983,9914.90559804158
CCTGAACGATATATTC-1-Topic-6-Cell-6,1,37.0,85.0,7708.0968550217885,10091.309666600324
CCTGAACGATATATTC-1-Topic-7-Cell-7,1,37.0,85.0,7871.213778473883,9975.90988482329
CCTGAACGATATATTC-1-Topic-9-Cell-8,1,37.0,85.0,7655.588675800891,9949.214635774117
CCTGAATATTTACATA-1-Topic-6-Cell-1,1,23.0,71.0,5347.0,8596.0
CCTGAATATTTACATA-1-Topic-6-Cell-2,1,23.0,71.0,5386.087422239316,8553.331957352419
CCTGAATATTTACATA-1-Topic-6-Cell-3,1,23.0,71.0,5265.479501398037,8603.154382507824
CCTGAATATTTACATA-1-Topic-7-Cell-4,1,23.0,71.0,5426.5390893936055,8656.981132988058
CCTGAATATTTACATA-1-Topic-8-Cell-5,1,23.0,71.0,5326.841831929245,8482.038594152262
CCTGACCACCGATGGT-1-Topic-3-Cell-1,1,45.0,61.0,9163.0,7625.0
CCTGACCACCGATGGT-1-Topic-3-Cell-2,1,45.0,61.0,9202.087422239316,7582.331957352419
CCTGACCACCGATGGT-1-Topic-6-Cell-3,1,45.0,61.0,9081.479501398038,7632.154382507824
CCTGACCACCGATGGT-1-Topic-6-Cell-4,1,45.0,61.0,9242.539089393606,7685.981132988058
CCTGACCACCGATGGT-1-Topic-6-Cell-5,1,45.0,61.0,9142.841831929245,7511.038594152262
CCTGCGTTCTACGCTT-1-Topic-0-Cell-1,1,32.0,14.0,6941.0,2933.0
CCTGCGTTCTACGCTT-1-Topic-7-Cell-2,1,32.0,14.0,6984.701066596173,2885.295678086574
CCTGCGTTCTACGCTT-1-Topic-7-Cell-3,1,32.0,14.0,6849.8573117831675,2940.998842812265
CCTGCGTTCTACGCTT-1-Topic-7-Cell-4,1,32.0,14.0,7029.927405376267,3001.178979353126
CCTGCTATTTGAGAAG-1-Topic-4-Cell-1,1,26.0,50.0,5880.0,6509.0
CCTGCTATTTGAGAAG-1-Topic-4-Cell-2,1,26.0,50.0,5913.034901211928,6472.938922215459
CCTGCTATTTGAGAAG-1-Topic-6-Cell-3,1,26.0,50.0,5811.102603758962,6515.046556816443
CCTGCTATTTGAGAAG-1-Topic-6-Cell-4,1,26.0,50.0,5947.222799818238,6560.538464003022
CCTGCTATTTGAGAAG-1-Topic-6-Cell-5,1,26.0,50.0,5862.9632384874685,6412.685032972941
CCTGCTATTTGAGAAG-1-Topic-6-Cell-6,1,26.0,50.0,5821.306069152901,6601.268914738599
CCTGCTATTTGAGAAG-1-Topic-6-Cell-7,1,26.0,50.0,5995.685395307864,6477.901358761988
CCTGGCTAGACCCGCC-1-Topic-6-Cell-1,1,29.0,43.0,6404.0,5816.0
CCTGGCTAGACCCGCC-1-Topic-6-Cell-2,1,29.0,43.0,6437.034901211928,5779.938922215459
CCTGGCTAGACCCGCC-1-Topic-6-Cell-3,1,29.0,43.0,6335.102603758962,5822.046556816443
CCTGGCTAGACCCGCC-1-Topic-6-Cell-4,1,29.0,43.0,6471.222799818238,5867.538464003022
CCTGGCTAGACCCGCC-1-Topic-6-Cell-5,1,29.0,43.0,6386.9632384874685,5719.685032972941
CCTGGCTAGACCCGCC-1-Topic-6-Cell-6,1,29.0,43.0,6345.306069152901,5908.268914738599
CCTGGCTAGACCCGCC-1-Topic-7-Cell-7,1,29.0,43.0,6519.685395307864,5784.901358761988
CCTGGTCGAATGTGGG-1-Topic-4-Cell-1,1,59.0,69.0,11583.0,8436.0
CCTGGTCGAATGTGGG-1-Topic-6-Cell-2,1,59.0,69.0,11616.034901211928,8399.938922215459
CCTGGTCGAATGTGGG-1-Topic-6-Cell-3,1,59.0,69.0,11514.102603758962,8442.046556816444
CCTGGTCGAATGTGGG-1-Topic-6-Cell-4,1,59.0,69.0,11650.222799818237,8487.538464003022
CCTGGTCGAATGTGGG-1-Topic-6-Cell-5,1,59.0,69.0,11565.96323848747,8339.68503297294
CCTGGTCGAATGTGGG-1-Topic-6-Cell-6,1,59.0,69.0,11524.3060691529,8528.268914738599
CCTGGTCGAATGTGGG-1-Topic-6-Cell-7,1,59.0,69.0,11698.685395307864,8404.901358761988
CCTGTAAGACATGATA-1-Topic-3-Cell-1,1,37.0,41.0,7790.0,5626.0
CCTGTAAGACATGATA-1-Topic-3-Cell-2,1,37.0,41.0,7829.087422239316,5583.331957352419
CCTGTAAGACATGATA-1-Topic-7-Cell-3,1,37.0,41.0,7708.479501398037,5633.154382507824
CCTGTAAGACATGATA-1-Topic-7-Cell-4,1,37.0,41.0,7869.5390893936055,5686.981132988058
CCTGTAAGACATGATA-1-Topic-7-Cell-5,1,37.0,41.0,7769.841831929245,5512.038594152262
CCTGTACTCACGCCCA-1-Topic-3-Cell-1,1,40.0,24.0,8321.0,3937.0
CCTGTACTCACGCCCA-1-Topic-3-Cell-2,1,40.0,24.0,8371.46164512635,3881.9157938035496
CCTGTACTCACGCCCA-1-Topic-3-Cell-3,1,40.0,24.0,8215.757488846692,3946.236268101734
CCTGTCACCCGGGCTC-1-Topic-1-Cell-1,1,29.0,67.0,6389.0,8205.0
CCTGTCACCCGGGCTC-1-Topic-3-Cell-2,1,29.0,67.0,6422.034901211928,8168.938922215459
CCTGTCACCCGGGCTC-1-Topic-3-Cell-3,1,29.0,67.0,6320.102603758962,8211.046556816444
CCTGTCACCCGGGCTC-1-Topic-3-Cell-4,1,29.0,67.0,6456.222799818238,8256.538464003022
CCTGTCACCCGGGCTC-1-Topic-3-Cell-5,1,29.0,67.0,6371.9632384874685,8108.685032972941
CCTGTCACCCGGGCTC-1-Topic-7-Cell-6,1,29.0,67.0,6330.306069152901,8297.268914738599
CCTGTCACCCGGGCTC-1-Topic-7-Cell-7,1,29.0,67.0,6504.685395307864,8173.901358761988
CCTGTCGCCCGTAAAT-1-Topic-3-Cell-1,1,36.0,62.0,7604.0,7715.0
CCTGTCGCCCGTAAAT-1-Topic-3-Cell-2,1,36.0,62.0,7654.461645126349,7659.91579380355
CCTGTCGCCCGTAAAT-1-Topic-7-Cell-3,1,36.0,62.0,7498.757488846692,7724.236268101734
CCTGTTTGAAGACACG-1-Topic-6-Cell-1,1,58.0,94.0,11394.0,10923.0
CCTGTTTGAAGACACG-1-Topic-6-Cell-2,1,58.0,94.0,11424.90132053524,10889.26795048311
CCTGTTTGAAGACACG-1-Topic-7-Cell-3,1,58.0,94.0,11329.552387106307,10928.656035994198
CCTGTTTGAAGACACG-1-Topic-7-Cell-4,1,58.0,94.0,11456.881171374884,10971.209818634972
CCTGTTTGAAGACACG-1-Topic-7-Cell-5,1,58.0,94.0,11378.063568859983,10832.90559804158
CCTGTTTGAAGACACG-1-Topic-7-Cell-6,1,58.0,94.0,11339.096855021788,11009.309666600324
CCTGTTTGAAGACACG-1-Topic-7-Cell-7,1,58.0,94.0,11502.213778473884,10893.90988482329
CCTGTTTGAAGACACG-1-Topic-7-Cell-8,1,58.0,94.0,11286.588675800891,10867.214635774117
CCTTCAGTTAAAGTGA-1-Topic-3-Cell-1,1,61.0,47.0,11943.0,6249.0
CCTTCAGTTAAAGTGA-1-Topic-5-Cell-2,1,61.0,47.0,11986.701066596173,6201.295678086574
CCTTCAGTTAAAGTGA-1-Topic-5-Cell-3,1,61.0,47.0,11851.857311783167,6256.998842812265
CCTTCAGTTAAAGTGA-1-Topic-7-Cell-4,1,61.0,47.0,12031.927405376267,6317.178979353126
CCTTCTCAGCGTTCCT-1-Topic-3-Cell-1,1,43.0,15.0,8846.0,3044.0
CCTTCTCAGCGTTCCT-1-Topic-3-Cell-2,1,43.0,15.0,8896.46164512635,2988.9157938035496
CCTTCTCAGCGTTCCT-1-Topic-3-Cell-3,1,43.0,15.0,8740.757488846692,3053.236268101734
CCTTCTTGATCCAGTG-1-Topic-1-Cell-1,1,19.0,73.0,4653.0,8791.0
CCTTCTTGATCCAGTG-1-Topic-7-Cell-2,1,19.0,73.0,4696.701066596173,8743.295678086573
CCTTCTTGATCCAGTG-1-Topic-8-Cell-3,1,19.0,73.0,4561.8573117831675,8798.998842812265
CCTTCTTGATCCAGTG-1-Topic-8-Cell-4,1,19.0,73.0,4741.927405376267,8859.178979353126
CCTTGACCACTTTATT-1-Topic-6-Cell-1,1,55.0,109.0,10865.0,12413.0
CCTTGACCACTTTATT-1-Topic-7-Cell-2,1,55.0,109.0,10900.68177145867,12374.049584262211
CCTTGACCACTTTATT-1-Topic-7-Cell-3,1,55.0,109.0,10790.582306694394,12419.531027807592
CCTTGACCACTTTATT-1-Topic-7-Cell-4,1,55.0,109.0,10937.608922440497,12468.667903532969
CCTTGACCACTTTATT-1-Topic-7-Cell-5,1,55.0,109.0,10846.59819438278,12308.967945553655
CCTTGACCACTTTATT-1-Topic-7-Cell-6,1,55.0,109.0,10801.603308934946,12512.661818490727
CCTTTAAGGGAGCACT-1-Topic-3-Cell-1,1,58.0,50.0,11422.0,6544.0
CCTTTAAGGGAGCACT-1-Topic-3-Cell-2,1,58.0,50.0,11483.802641070479,6476.535900966221
CCTTTCAATGAAGAAA-1-Topic-3-Cell-1,1,25.0,95.0,5679.0,10987.0
CCTTTCAATGAAGAAA-1-Topic-3-Cell-2,1,25.0,95.0,5712.034901211928,10950.938922215459
CCTTTCAATGAAGAAA-1-Topic-6-Cell-3,1,25.0,95.0,5610.102603758962,10993.046556816444
CCTTTCAATGAAGAAA-1-Topic-7-Cell-4,1,25.0,95.0,5746.222799818238,11038.538464003022
CCTTTCAATGAAGAAA-1-Topic-7-Cell-5,1,25.0,95.0,5661.9632384874685,10890.68503297294
CCTTTCAATGAAGAAA-1-Topic-7-Cell-6,1,25.0,95.0,5620.306069152901,11079.268914738599
CCTTTCAATGAAGAAA-1-Topic-9-Cell-7,1,25.0,95.0,5794.685395307864,10955.901358761988
CGAAACGCAATTCATG-1-Topic-3-Cell-1,1,41.0,33.0,8488.0,4834.0
CGAAACGCAATTCATG-1-Topic-3-Cell-2,1,41.0,33.0,8538.46164512635,4778.91579380355
CGAAACGCAATTCATG-1-Topic-3-Cell-3,1,41.0,33.0,8382.757488846692,4843.236268101734
CGAACAGTATGGGCGT-1-Topic-6-Cell-1,1,50.0,96.0,10008.0,11114.0
CGAACAGTATGGGCGT-1-Topic-6-Cell-2,1,50.0,96.0,10051.701066596173,11066.295678086573
CGAACAGTATGGGCGT-1-Topic-9-Cell-3,1,50.0,96.0,9916.857311783167,11121.998842812265
CGAACAGTATGGGCGT-1-Topic-9-Cell-4,1,50.0,96.0,10096.927405376267,11182.178979353126
CGAACCCGCATGCGTC-1-Topic-0-Cell-1,1,49.0,49.0,9864.0,6435.0
CGAACCCGCATGCGTC-1-Topic-0-Cell-2,1,49.0,49.0,9907.701066596173,6387.295678086574
CGAACCCGCATGCGTC-1-Topic-3-Cell-3,1,49.0,49.0,9772.857311783167,6442.998842812265
CGAACCCGCATGCGTC-1-Topic-5-Cell-4,1,49.0,49.0,9952.927405376267,6503.178979353126
CGAACGGCCGGACAAC-1-Topic-0-Cell-1,1,47.0,15.0,9539.0,3049.0
CGAACGGCCGGACAAC-1-Topic-3-Cell-2,1,47.0,15.0,9578.087422239316,3006.3319573524186
CGAACGGCCGGACAAC-1-Topic-3-Cell-3,1,47.0,15.0,9457.479501398038,3056.1543825078243
CGAACGGCCGGACAAC-1-Topic-3-Cell-4,1,47.0,15.0,9618.539089393606,3109.9811329880577
CGAACGGCCGGACAAC-1-Topic-3-Cell-5,1,47.0,15.0,9518.841831929245,2935.0385941522622
CGAAGCTATAAATTCA-1-Topic-2-Cell-1,1,19.0,105.0,4633.0,11976.0
CGAAGCTATAAATTCA-1-Topic-4-Cell-2,1,19.0,105.0,4660.638981324522,11945.829137703939
CGAAGCTATAAATTCA-1-Topic-4-Cell-3,1,19.0,105.0,4575.356302632844,11981.058912386485
CGAAGCTATAAATTCA-1-Topic-6-Cell-4,1,19.0,105.0,4689.242629479621,12019.120172660294
CGAAGCTATAAATTCA-1-Topic-6-Cell-5,1,19.0,105.0,4618.746022660871,11895.417117131512
CGAAGCTATAAATTCA-1-Topic-6-Cell-6,1,19.0,105.0,4583.893134260077,12053.197712653466
CGAAGCTATAAATTCA-1-Topic-6-Cell-7,1,19.0,105.0,4729.789345907883,11949.98100999663
CGAAGCTATAAATTCA-1-Topic-6-Cell-8,1,19.0,105.0,4536.92839101501,11926.104053376535
CGAAGCTATAAATTCA-1-Topic-6-Cell-9,1,19.0,105.0,4672.700039877054,12084.708144113134
CGAAGCTATAAATTCA-1-Topic-8-Cell-10,1,19.0,105.0,4679.836337417489,11862.535884613584
CGAAGTTGCTCTGTGT-1-Topic-3-Cell-1,1,33.0,35.0,7102.0,5024.0
CGAAGTTGCTCTGTGT-1-Topic-3-Cell-2,1,33.0,35.0,7141.087422239316,4981.331957352419
CGAAGTTGCTCTGTGT-1-Topic-3-Cell-3,1,33.0,35.0,7020.479501398037,5031.154382507824
CGAAGTTGCTCTGTGT-1-Topic-3-Cell-4,1,33.0,35.0,7181.5390893936055,5084.981132988058
CGAAGTTGCTCTGTGT-1-Topic-5-Cell-5,1,33.0,35.0,7081.841831929245,4910.038594152262
CGAATGACGCATAATG-1-Topic-2-Cell-1,1,63.0,57.0,12283.0,7246.0
CGAATGACGCATAATG-1-Topic-3-Cell-2,1,63.0,57.0,12333.46164512635,7190.91579380355
CGAATGACGCATAATG-1-Topic-5-Cell-3,1,63.0,57.0,12177.757488846692,7255.236268101734
CGACAATTTGATCTAA-1-Topic-3-Cell-1,1,43.0,95.0,8796.0,11007.0
CGACAATTTGATCTAA-1-Topic-3-Cell-2,1,43.0,95.0,8839.701066596173,10959.295678086573
CGACAATTTGATCTAA-1-Topic-7-Cell-3,1,43.0,95.0,8704.857311783167,11014.998842812265
CGACAATTTGATCTAA-1-Topic-7-Cell-4,1,43.0,95.0,8884.927405376267,11075.178979353126
CGACAGTTCGCGTTAT-1-Topic-3-Cell-1,1,36.0,42.0,7617.0,5724.0
CGACAGTTCGCGTTAT-1-Topic-3-Cell-2,1,36.0,42.0,7660.701066596173,5676.295678086574
CGACAGTTCGCGTTAT-1-Topic-4-Cell-3,1,36.0,42.0,7525.8573117831675,5731.998842812265
CGACAGTTCGCGTTAT-1-Topic-7-Cell-4,1,36.0,42.0,7705.927405376267,5792.178979353126
CGACCCTTAACGCCGG-1-Topic-0-Cell-1,1,48.0,12.0,9714.0,2751.0
CGACCCTTAACGCCGG-1-Topic-0-Cell-2,1,48.0,12.0,9775.802641070479,2683.5359009662207
CGACTCAGGATGTTAT-1-Topic-6-Cell-1,1,23.0,89.0,5336.0,10388.0
CGACTCAGGATGTTAT-1-Topic-6-Cell-2,1,23.0,89.0,5379.701066596173,10340.295678086573
CGACTCAGGATGTTAT-1-Topic-6-Cell-3,1,23.0,89.0,5244.8573117831675,10395.998842812265
CGACTCAGGATGTTAT-1-Topic-7-Cell-4,1,23.0,89.0,5424.927405376267,10456.178979353126
CGACTTTGTATAGCCT-1-Topic-3-Cell-1,1,33.0,109.0,7055.0,12389.0
CGACTTTGTATAGCCT-1-Topic-3-Cell-2,1,33.0,109.0,7094.087422239316,12346.331957352419
CGACTTTGTATAGCCT-1-Topic-4-Cell-3,1,33.0,109.0,6973.479501398037,12396.154382507824
CGACTTTGTATAGCCT-1-Topic-7-Cell-4,1,33.0,109.0,7134.5390893936055,12449.981132988058
CGACTTTGTATAGCCT-1-Topic-7-Cell-5,1,33.0,109.0,7034.841831929245,12275.038594152262
CGAGACCCTAGAGTGT-1-Topic-0-Cell-1,1,43.0,61.0,8817.0,7623.0
CGAGACCCTAGAGTGT-1-Topic-3-Cell-2,1,43.0,61.0,8860.701066596173,7575.295678086574
CGAGACCCTAGAGTGT-1-Topic-3-Cell-3,1,43.0,61.0,8725.857311783167,7630.998842812265
CGAGACCCTAGAGTGT-1-Topic-9-Cell-4,1,43.0,61.0,8905.927405376267,7691.178979353126
CGAGAGATGTGAACCT-1-Topic-0-Cell-1,1,29.0,73.0,6385.0,8802.0
CGAGAGATGTGAACCT-1-Topic-5-Cell-2,1,29.0,73.0,6428.701066596173,8754.295678086573
CGAGAGATGTGAACCT-1-Topic-7-Cell-3,1,29.0,73.0,6293.8573117831675,8809.998842812265
CGAGAGATGTGAACCT-1-Topic-9-Cell-4,1,29.0,73.0,6473.927405376267,8870.178979353126
CGAGAGCTTTCACTAC-1-Topic-2-Cell-1,1,64.0,88.0,12437.0,10333.0
CGAGAGCTTTCACTAC-1-Topic-2-Cell-2,1,64.0,88.0,12470.034901211928,10296.938922215459
CGAGAGCTTTCACTAC-1-Topic-2-Cell-3,1,64.0,88.0,12368.102603758962,10339.046556816444
CGAGAGCTTTCACTAC-1-Topic-5-Cell-4,1,64.0,88.0,12504.222799818237,10384.538464003022
CGAGAGCTTTCACTAC-1-Topic-6-Cell-5,1,64.0,88.0,12419.96323848747,10236.68503297294
CGAGAGCTTTCACTAC-1-Topic-6-Cell-6,1,64.0,88.0,12378.3060691529,10425.268914738599
CGAGAGCTTTCACTAC-1-Topic-7-Cell-7,1,64.0,88.0,12552.685395307864,10301.901358761988
CGAGAGGGTAGCCGCG-1-Topic-6-Cell-1,1,56.0,104.0,11042.0,11917.0
CGAGAGGGTAGCCGCG-1-Topic-6-Cell-2,1,56.0,104.0,11085.701066596173,11869.295678086573
CGAGAGGGTAGCCGCG-1-Topic-7-Cell-3,1,56.0,104.0,10950.857311783167,11924.998842812265
CGAGAGGGTAGCCGCG-1-Topic-7-Cell-4,1,56.0,104.0,11130.927405376267,11985.178979353126
CGAGCACTTCAAGTTT-1-Topic-3-Cell-1,1,23.0,25.0,5376.0,4018.0
CGAGCACTTCAAGTTT-1-Topic-3-Cell-2,1,23.0,25.0,5419.701066596173,3970.295678086574
CGAGCACTTCAAGTTT-1-Topic-4-Cell-3,1,23.0,25.0,5284.8573117831675,4025.998842812265
CGAGCACTTCAAGTTT-1-Topic-4-Cell-4,1,23.0,25.0,5464.927405376267,4086.178979353126
CGAGCTGGGCTTTAGG-1-Topic-1-Cell-1,1,17.0,67.0,4311.0,8192.0
CGAGCTGGGCTTTAGG-1-Topic-2-Cell-2,1,17.0,67.0,4354.701066596173,8144.295678086574
CGAGCTGGGCTTTAGG-1-Topic-7-Cell-3,1,17.0,67.0,4219.8573117831675,8199.998842812265
CGAGCTGGGCTTTAGG-1-Topic-7-Cell-4,1,17.0,67.0,4399.927405376267,8260.178979353126
CGAGGCTAAATATGGC-1-Topic-4-Cell-1,1,29.0,71.0,6386.0,8603.0
CGAGGCTAAATATGGC-1-Topic-6-Cell-2,1,29.0,71.0,6425.087422239316,8560.331957352419
CGAGGCTAAATATGGC-1-Topic-7-Cell-3,1,29.0,71.0,6304.479501398037,8610.154382507824
CGAGGCTAAATATGGC-1-Topic-7-Cell-4,1,29.0,71.0,6465.5390893936055,8663.981132988058
CGAGGCTAAATATGGC-1-Topic-8-Cell-5,1,29.0,71.0,6365.841831929245,8489.038594152262
CGAGGGACTGCGGTCG-1-Topic-3-Cell-1,1,38.0,78.0,7941.0,9309.0
CGAGGGACTGCGGTCG-1-Topic-4-Cell-2,1,38.0,78.0,7980.087422239316,9266.331957352419
CGAGGGACTGCGGTCG-1-Topic-6-Cell-3,1,38.0,78.0,7859.479501398037,9316.154382507824
CGAGGGACTGCGGTCG-1-Topic-7-Cell-4,1,38.0,78.0,8020.5390893936055,9369.981132988058
CGAGGGACTGCGGTCG-1-Topic-9-Cell-5,1,38.0,78.0,7920.841831929245,9195.038594152262
CGAGGGTATCCAGGTG-1-Topic-0-Cell-1,1,64.0,60.0,12455.0,7546.0
CGAGGGTATCCAGGTG-1-Topic-0-Cell-2,1,64.0,60.0,12494.087422239316,7503.331957352419
CGAGGGTATCCAGGTG-1-Topic-0-Cell-3,1,64.0,60.0,12373.479501398038,7553.154382507824
CGAGGGTATCCAGGTG-1-Topic-5-Cell-4,1,64.0,60.0,12534.539089393606,7606.981132988058
CGAGGGTATCCAGGTG-1-Topic-7-Cell-5,1,64.0,60.0,12434.841831929245,7432.038594152262
CGAGTACTAAAGAGGA-1-Topic-0-Cell-1,1,45.0,35.0,9180.0,5037.0
CGAGTACTAAAGAGGA-1-Topic-6-Cell-2,1,45.0,35.0,9223.701066596173,4989.295678086574
CGAGTACTAAAGAGGA-1-Topic-6-Cell-3,1,45.0,35.0,9088.857311783167,5044.998842812265
CGAGTACTAAAGAGGA-1-Topic-6-Cell-4,1,45.0,35.0,9268.927405376267,5105.178979353126
CGAGTGAAGGTACCAG-1-Topic-0-Cell-1,1,55.0,29.0,10915.0,4451.0
CGAGTGAAGGTACCAG-1-Topic-3-Cell-2,1,55.0,29.0,10976.802641070479,4383.535900966221
CGAGTTCTGTCCCACC-1-Topic-3-Cell-1,1,27.0,85.0,6031.0,9994.0
CGAGTTCTGTCCCACC-1-Topic-5-Cell-2,1,27.0,85.0,6074.701066596173,9946.295678086573
CGAGTTCTGTCCCACC-1-Topic-6-Cell-3,1,27.0,85.0,5939.8573117831675,10001.998842812265
CGAGTTCTGTCCCACC-1-Topic-7-Cell-4,1,27.0,85.0,6119.927405376267,10062.178979353126
CGAGTTTATCGGACTG-1-Topic-6-Cell-1,1,37.0,93.0,7758.0,10801.0
CGAGTTTATCGGACTG-1-Topic-7-Cell-2,1,37.0,93.0,7797.087422239316,10758.331957352419
CGAGTTTATCGGACTG-1-Topic-7-Cell-3,1,37.0,93.0,7676.479501398037,10808.154382507824
CGAGTTTATCGGACTG-1-Topic-7-Cell-4,1,37.0,93.0,7837.5390893936055,10861.981132988058
CGAGTTTATCGGACTG-1-Topic-7-Cell-5,1,37.0,93.0,7737.841831929245,10687.038594152262
CGATAGTCGTACTGCA-1-Topic-2-Cell-1,1,66.0,88.0,12783.0,10335.0
CGATAGTCGTACTGCA-1-Topic-2-Cell-2,1,66.0,88.0,12833.46164512635,10279.91579380355
CGATAGTCGTACTGCA-1-Topic-6-Cell-3,1,66.0,88.0,12677.757488846692,10344.236268101733
CGATCCGACCCAGTGC-1-Topic-6-Cell-1,1,38.0,50.0,7958.0,6522.0
CGATCCGACCCAGTGC-1-Topic-6-Cell-2,1,38.0,50.0,8008.461645126349,6466.91579380355
CGATCCGACCCAGTGC-1-Topic-7-Cell-3,1,38.0,50.0,7852.757488846692,6531.236268101734
CGATCCTCGCAACATA-1-Topic-0-Cell-1,1,66.0,40.0,12813.0,5558.0
CGATCCTCGCAACATA-1-Topic-0-Cell-2,1,66.0,40.0,12856.701066596173,5510.295678086574
CGATCCTCGCAACATA-1-Topic-5-Cell-3,1,66.0,40.0,12721.857311783167,5565.998842812265
CGATCCTCGCAACATA-1-Topic-5-Cell-4,1,66.0,40.0,12901.927405376267,5626.178979353126
CGATCTGTTGGAGGAC-1-Topic-0-Cell-1,1,46.0,24.0,9360.0,3943.0
CGATCTGTTGGAGGAC-1-Topic-0-Cell-2,1,46.0,24.0,9399.087422239316,3900.3319573524186
CGATCTGTTGGAGGAC-1-Topic-0-Cell-3,1,46.0,24.0,9278.479501398038,3950.1543825078243
CGATCTGTTGGAGGAC-1-Topic-3-Cell-4,1,46.0,24.0,9439.539089393606,4003.9811329880577
CGATCTGTTGGAGGAC-1-Topic-3-Cell-5,1,46.0,24.0,9339.841831929245,3829.0385941522622
CGATGGACCCTACGCC-1-Topic-1-Cell-1,1,22.0,96.0,5158.0,11083.0
CGATGGACCCTACGCC-1-Topic-4-Cell-2,1,22.0,96.0,5191.034901211928,11046.938922215459
CGATGGACCCTACGCC-1-Topic-6-Cell-3,1,22.0,96.0,5089.102603758962,11089.046556816444
CGATGGACCCTACGCC-1-Topic-6-Cell-4,1,22.0,96.0,5225.222799818238,11134.538464003022
CGATGGACCCTACGCC-1-Topic-7-Cell-5,1,22.0,96.0,5140.9632384874685,10986.68503297294
CGATGGACCCTACGCC-1-Topic-7-Cell-6,1,22.0,96.0,5099.306069152901,11175.268914738599
CGATGGACCCTACGCC-1-Topic-7-Cell-7,1,22.0,96.0,5273.685395307864,11051.901358761988
CGATTAAATATCTCCT-1-Topic-4-Cell-1,1,56.0,62.0,11068.0,7736.0
CGATTAAATATCTCCT-1-Topic-6-Cell-2,1,56.0,62.0,11103.68177145867,7697.049584262212
CGATTAAATATCTCCT-1-Topic-6-Cell-3,1,56.0,62.0,10993.582306694394,7742.531027807593
CGATTAAATATCTCCT-1-Topic-6-Cell-4,1,56.0,62.0,11140.608922440497,7791.66790353297
CGATTAAATATCTCCT-1-Topic-6-Cell-5,1,56.0,62.0,11049.59819438278,7631.967945553654
CGATTAAATATCTCCT-1-Topic-6-Cell-6,1,56.0,62.0,11004.603308934946,7835.6618184907275
CGATTCGCCTGGCTGC-1-Topic-4-Cell-1,1,57.0,73.0,11234.0,8832.0
CGATTCGCCTGGCTGC-1-Topic-4-Cell-2,1,57.0,73.0,11267.034901211928,8795.938922215459
CGATTCGCCTGGCTGC-1-Topic-6-Cell-3,1,57.0,73.0,11165.102603758962,8838.046556816444
CGATTCGCCTGGCTGC-1-Topic-6-Cell-4,1,57.0,73.0,11301.222799818237,8883.538464003022
CGATTCGCCTGGCTGC-1-Topic-6-Cell-5,1,57.0,73.0,11216.96323848747,8735.68503297294
CGATTCGCCTGGCTGC-1-Topic-6-Cell-6,1,57.0,73.0,11175.3060691529,8924.268914738599
CGATTCGCCTGGCTGC-1-Topic-6-Cell-7,1,57.0,73.0,11349.685395307864,8800.901358761988
CGCAAACACGAGTTAC-1-Topic-5-Cell-1,1,27.0,37.0,6061.0,5217.0
CGCAAACACGAGTTAC-1-Topic-6-Cell-2,1,27.0,37.0,6094.034901211928,5180.938922215459
CGCAAACACGAGTTAC-1-Topic-6-Cell-3,1,27.0,37.0,5992.102603758962,5223.046556816443
CGCAAACACGAGTTAC-1-Topic-6-Cell-4,1,27.0,37.0,6128.222799818238,5268.538464003022
CGCAAACACGAGTTAC-1-Topic-6-Cell-5,1,27.0,37.0,6043.9632384874685,5120.685032972941
CGCAAACACGAGTTAC-1-Topic-6-Cell-6,1,27.0,37.0,6002.306069152901,5309.268914738599
CGCAAACACGAGTTAC-1-Topic-7-Cell-7,1,27.0,37.0,6176.685395307864,5185.901358761988
CGCAATTACTTTCGGT-1-Topic-0-Cell-1,1,23.0,33.0,5371.0,4814.0
CGCAATTACTTTCGGT-1-Topic-2-Cell-2,1,23.0,33.0,5404.034901211928,4777.938922215459
CGCAATTACTTTCGGT-1-Topic-3-Cell-3,1,23.0,33.0,5302.102603758962,4820.046556816443
CGCAATTACTTTCGGT-1-Topic-3-Cell-4,1,23.0,33.0,5438.222799818238,4865.538464003022
CGCAATTACTTTCGGT-1-Topic-5-Cell-5,1,23.0,33.0,5353.9632384874685,4717.685032972941
CGCAATTACTTTCGGT-1-Topic-5-Cell-6,1,23.0,33.0,5312.306069152901,4906.268914738599
CGCAATTACTTTCGGT-1-Topic-6-Cell-7,1,23.0,33.0,5486.685395307864,4782.901358761988
CGCAATTAGGGTAATA-1-Topic-3-Cell-1,1,28.0,44.0,6230.0,5914.0
CGCAATTAGGGTAATA-1-Topic-6-Cell-2,1,28.0,44.0,6269.087422239316,5871.331957352419
CGCAATTAGGGTAATA-1-Topic-6-Cell-3,1,28.0,44.0,6148.479501398037,5921.154382507824
CGCAATTAGGGTAATA-1-Topic-6-Cell-4,1,28.0,44.0,6309.5390893936055,5974.981132988058
CGCAATTAGGGTAATA-1-Topic-7-Cell-5,1,28.0,44.0,6209.841831929245,5800.038594152262
CGCAATTCTACAATAA-1-Topic-0-Cell-1,1,26.0,28.0,5894.0,4320.0
CGCAATTCTACAATAA-1-Topic-5-Cell-2,1,26.0,28.0,5937.701066596173,4272.295678086574
CGCAATTCTACAATAA-1-Topic-5-Cell-3,1,26.0,28.0,5802.8573117831675,4327.998842812265
CGCAATTCTACAATAA-1-Topic-6-Cell-4,1,26.0,28.0,5982.927405376267,4388.178979353126
CGCACATGTCCACTAC-1-Topic-5-Cell-1,1,39.0,87.0,8108.0,10206.0
CGCACATGTCCACTAC-1-Topic-7-Cell-2,1,39.0,87.0,8143.6817714586705,10167.049584262211
CGCACATGTCCACTAC-1-Topic-7-Cell-3,1,39.0,87.0,8033.582306694395,10212.531027807592
CGCACATGTCCACTAC-1-Topic-7-Cell-4,1,39.0,87.0,8180.608922440497,10261.667903532969
CGCACATGTCCACTAC-1-Topic-7-Cell-5,1,39.0,87.0,8089.598194382778,10101.967945553655
CGCACATGTCCACTAC-1-Topic-9-Cell-6,1,39.0,87.0,8044.603308934945,10305.661818490727
CGCACGTCTGTTTATG-1-Topic-0-Cell-1,1,68.0,32.0,13165.0,4763.0
CGCACGTCTGTTTATG-1-Topic-0-Cell-2,1,68.0,32.0,13198.034901211928,4726.938922215459
CGCACGTCTGTTTATG-1-Topic-0-Cell-3,1,68.0,32.0,13096.102603758962,4769.046556816443
CGCACGTCTGTTTATG-1-Topic-0-Cell-4,1,68.0,32.0,13232.222799818237,4814.538464003022
CGCACGTCTGTTTATG-1-Topic-0-Cell-5,1,68.0,32.0,13147.96323848747,4666.685032972941
CGCACGTCTGTTTATG-1-Topic-0-Cell-6,1,68.0,32.0,13106.3060691529,4855.268914738599
CGCACGTCTGTTTATG-1-Topic-0-Cell-7,1,68.0,32.0,13280.685395307864,4731.901358761988
CGCACGTGCGCTATCA-1-Topic-7-Cell-1,1,39.0,99.0,8101.0,11400.0
CGCACGTGCGCTATCA-1-Topic-7-Cell-2,1,39.0,99.0,8134.034901211928,11363.938922215459
CGCACGTGCGCTATCA-1-Topic-7-Cell-3,1,39.0,99.0,8032.102603758962,11406.046556816444
CGCACGTGCGCTATCA-1-Topic-7-Cell-4,1,39.0,99.0,8168.222799818238,11451.538464003022
CGCACGTGCGCTATCA-1-Topic-7-Cell-5,1,39.0,99.0,8083.9632384874685,11303.68503297294
CGCACGTGCGCTATCA-1-Topic-7-Cell-6,1,39.0,99.0,8042.306069152901,11492.268914738599
CGCACGTGCGCTATCA-1-Topic-7-Cell-7,1,39.0,99.0,8216.685395307864,11368.901358761988
CGCAGGCGATCCAAAC-1-Topic-4-Cell-1,1,52.0,102.0,10350.0,11713.0
CGCAGGCGATCCAAAC-1-Topic-4-Cell-2,1,52.0,102.0,10383.034901211928,11676.938922215459
CGCAGGCGATCCAAAC-1-Topic-4-Cell-3,1,52.0,102.0,10281.102603758962,11719.046556816444
CGCAGGCGATCCAAAC-1-Topic-4-Cell-4,1,52.0,102.0,10417.222799818237,11764.538464003022
CGCAGGCGATCCAAAC-1-Topic-4-Cell-5,1,52.0,102.0,10332.96323848747,11616.68503297294
CGCAGGCGATCCAAAC-1-Topic-6-Cell-6,1,52.0,102.0,10291.3060691529,11805.268914738599
CGCAGGCGATCCAAAC-1-Topic-6-Cell-7,1,52.0,102.0,10465.685395307864,11681.901358761988
CGCATGGTGCGATGCT-1-Topic-3-Cell-1,1,40.0,66.0,8294.0,8117.0
CGCATGGTGCGATGCT-1-Topic-3-Cell-2,1,40.0,66.0,8333.087422239316,8074.331957352419
CGCATGGTGCGATGCT-1-Topic-3-Cell-3,1,40.0,66.0,8212.479501398038,8124.154382507824
CGCATGGTGCGATGCT-1-Topic-3-Cell-4,1,40.0,66.0,8373.539089393606,8177.981132988058
CGCATGGTGCGATGCT-1-Topic-9-Cell-5,1,40.0,66.0,8273.841831929245,8003.038594152262
CGCATTAGCTAATAGG-1-Topic-6-Cell-1,1,27.0,57.0,6049.0,7207.0
CGCATTAGCTAATAGG-1-Topic-6-Cell-2,1,27.0,57.0,6099.461645126349,7151.91579380355
CGCATTAGCTAATAGG-1-Topic-7-Cell-3,1,27.0,57.0,5943.757488846692,7216.236268101734
CGCCAAGAAGCCGAGT-1-Topic-3-Cell-1,1,39.0,17.0,8152.0,3239.0
CGCCAAGAAGCCGAGT-1-Topic-3-Cell-2,1,39.0,17.0,8195.701066596173,3191.295678086574
CGCCAAGAAGCCGAGT-1-Topic-3-Cell-3,1,39.0,17.0,8060.8573117831675,3246.998842812265
CGCCAAGAAGCCGAGT-1-Topic-3-Cell-4,1,39.0,17.0,8240.927405376267,3307.178979353126
CGCCATCCGATTATGA-1-Topic-6-Cell-1,1,24.0,80.0,5515.0,9493.0
CGCCATCCGATTATGA-1-Topic-7-Cell-2,1,24.0,80.0,5565.461645126349,9437.91579380355
CGCCATCCGATTATGA-1-Topic-7-Cell-3,1,24.0,80.0,5409.757488846692,9502.236268101733
CGCCCAGCACGCCTAG-1-Topic-3-Cell-1,1,59.0,51.0,11594.0,6645.0
CGCCCAGCACGCCTAG-1-Topic-3-Cell-2,1,59.0,51.0,11629.68177145867,6606.049584262212
CGCCCAGCACGCCTAG-1-Topic-3-Cell-3,1,59.0,51.0,11519.582306694394,6651.531027807593
CGCCCAGCACGCCTAG-1-Topic-3-Cell-4,1,59.0,51.0,11666.608922440497,6700.66790353297
CGCCCAGCACGCCTAG-1-Topic-3-Cell-5,1,59.0,51.0,11575.59819438278,6540.967945553654
CGCCCAGCACGCCTAG-1-Topic-6-Cell-6,1,59.0,51.0,11530.603308934946,6744.6618184907275
CGCCCAGCGTTTCACG-1-Topic-2-Cell-1,1,65.0,89.0,12610.0,10433.0
CGCCCAGCGTTTCACG-1-Topic-6-Cell-2,1,65.0,89.0,12660.46164512635,10377.91579380355
CGCCCAGCGTTTCACG-1-Topic-7-Cell-3,1,65.0,89.0,12504.757488846692,10442.236268101733
CGCCCGCTTCCGTACA-1-Topic-3-Cell-1,1,18.0,80.0,4476.0,9487.0
CGCCCGCTTCCGTACA-1-Topic-7-Cell-2,1,18.0,80.0,4511.6817714586705,9448.049584262211
CGCCCGCTTCCGTACA-1-Topic-7-Cell-3,1,18.0,80.0,4401.582306694395,9493.531027807592
CGCCCGCTTCCGTACA-1-Topic-7-Cell-4,1,18.0,80.0,4548.608922440497,9542.667903532969
CGCCCGCTTCCGTACA-1-Topic-7-Cell-5,1,18.0,80.0,4457.598194382778,9382.967945553655
CGCCCGCTTCCGTACA-1-Topic-7-Cell-6,1,18.0,80.0,4412.603308934945,9586.661818490727
CGCCCTTGAAGGCTGA-1-Topic-0-Cell-1,1,24.0,20.0,5552.0,3521.0
CGCCCTTGAAGGCTGA-1-Topic-0-Cell-2,1,24.0,20.0,5595.701066596173,3473.295678086574
CGCCCTTGAAGGCTGA-1-Topic-0-Cell-3,1,24.0,20.0,5460.8573117831675,3528.998842812265
CGCCCTTGAAGGCTGA-1-Topic-4-Cell-4,1,24.0,20.0,5640.927405376267,3589.178979353126
CGCCGCCCATGCCTGT-1-Topic-4-Cell-1,1,39.0,83.0,8111.0,9808.0
CGCCGCCCATGCCTGT-1-Topic-6-Cell-2,1,39.0,83.0,8154.701066596173,9760.295678086573
CGCCGCCCATGCCTGT-1-Topic-6-Cell-3,1,39.0,83.0,8019.8573117831675,9815.998842812265
CGCCGCCCATGCCTGT-1-Topic-7-Cell-4,1,39.0,83.0,8199.927405376267,9876.178979353126
CGCCGTTCAGCATAGT-1-Topic-2-Cell-1,1,58.0,104.0,11388.0,11919.0
CGCCGTTCAGCATAGT-1-Topic-2-Cell-2,1,58.0,104.0,11421.034901211928,11882.938922215459
CGCCGTTCAGCATAGT-1-Topic-2-Cell-3,1,58.0,104.0,11319.102603758962,11925.046556816444
CGCCGTTCAGCATAGT-1-Topic-6-Cell-4,1,58.0,104.0,11455.222799818237,11970.538464003022
CGCCGTTCAGCATAGT-1-Topic-7-Cell-5,1,58.0,104.0,11370.96323848747,11822.68503297294
CGCCGTTCAGCATAGT-1-Topic-7-Cell-6,1,58.0,104.0,11329.3060691529,12011.268914738599
CGCCGTTCAGCATAGT-1-Topic-7-Cell-7,1,58.0,104.0,11503.685395307864,11887.901358761988
CGCCTCCCTCCTCTAT-1-Topic-3-Cell-1,1,43.0,73.0,8810.0,8817.0
CGCCTCCCTCCTCTAT-1-Topic-7-Cell-2,1,43.0,73.0,8871.802641070479,8749.53590096622
CGCCTGGCCTACGTAA-1-Topic-3-Cell-1,1,41.0,27.0,8492.0,4236.0
CGCCTGGCCTACGTAA-1-Topic-3-Cell-2,1,41.0,27.0,8553.802641070479,4168.535900966221
CGCGACCGCGACAGAT-1-Topic-3-Cell-1,1,59.0,81.0,11576.0,9631.0
CGCGACCGCGACAGAT-1-Topic-3-Cell-2,1,59.0,81.0,11611.68177145867,9592.049584262211
CGCGACCGCGACAGAT-1-Topic-6-Cell-3,1,59.0,81.0,11501.582306694394,9637.531027807592
CGCGACCGCGACAGAT-1-Topic-7-Cell-4,1,59.0,81.0,11648.608922440497,9686.667903532969
CGCGACCGCGACAGAT-1-Topic-7-Cell-5,1,59.0,81.0,11557.59819438278,9526.967945553655
CGCGACCGCGACAGAT-1-Topic-7-Cell-6,1,59.0,81.0,11512.603308934946,9730.661818490727
CGCGAGAGGGACTTGT-1-Topic-6-Cell-1,1,16.0,108.0,4112.0,12271.0
CGCGAGAGGGACTTGT-1-Topic-6-Cell-2,1,16.0,108.0,4162.461645126349,12215.91579380355
CGCGAGAGGGACTTGT-1-Topic-6-Cell-3,1,16.0,108.0,4006.7574888466916,12280.236268101733
CGCGCAAATGTCCAGA-1-Topic-0-Cell-1,1,56.0,24.0,11092.0,3954.0
CGCGCAAATGTCCAGA-1-Topic-0-Cell-2,1,56.0,24.0,11131.087422239316,3911.3319573524186
CGCGCAAATGTCCAGA-1-Topic-0-Cell-3,1,56.0,24.0,11010.479501398038,3961.1543825078243
CGCGCAAATGTCCAGA-1-Topic-3-Cell-4,1,56.0,24.0,11171.539089393606,4014.9811329880577
CGCGCAAATGTCCAGA-1-Topic-3-Cell-5,1,56.0,24.0,11071.841831929245,3840.0385941522622
CGCGCATGTTTGATTG-1-Topic-5-Cell-1,1,50.0,54.0,10034.0,6934.0
CGCGCCCGACTTAATA-1-Topic-6-Cell-1,1,21.0,75.0,4998.0,8992.0
CGCGCCCGACTTAATA-1-Topic-6-Cell-2,1,21.0,75.0,5037.087422239316,8949.331957352419
CGCGCCCGACTTAATA-1-Topic-6-Cell-3,1,21.0,75.0,4916.479501398037,8999.154382507824
CGCGCCCGACTTAATA-1-Topic-6-Cell-4,1,21.0,75.0,5077.5390893936055,9052.981132988058
CGCGCCCGACTTAATA-1-Topic-8-Cell-5,1,21.0,75.0,4977.841831929245,8878.038594152262
CGCGGCTCAACTTGAA-1-Topic-6-Cell-1,1,43.0,97.0,8795.0,11206.0
CGCGGCTCAACTTGAA-1-Topic-7-Cell-2,1,43.0,97.0,8856.802641070479,11138.53590096622
CGCGGGAATTAGGCAG-1-Topic-6-Cell-1,1,28.0,80.0,6208.0,9497.0
CGCGGGAATTAGGCAG-1-Topic-6-Cell-2,1,28.0,80.0,6241.034901211928,9460.938922215459
CGCGGGAATTAGGCAG-1-Topic-6-Cell-3,1,28.0,80.0,6139.102603758962,9503.046556816444
CGCGGGAATTAGGCAG-1-Topic-6-Cell-4,1,28.0,80.0,6275.222799818238,9548.538464003022
CGCGGGAATTAGGCAG-1-Topic-6-Cell-5,1,28.0,80.0,6190.9632384874685,9400.68503297294
CGCGGGAATTAGGCAG-1-Topic-8-Cell-6,1,28.0,80.0,6149.306069152901,9589.268914738599
CGCGGGAATTAGGCAG-1-Topic-8-Cell-7,1,28.0,80.0,6323.685395307864,9465.901358761988
CGCGGTCACAAACCAA-1-Topic-6-Cell-1,1,18.0,106.0,4459.0,12074.0
CGCGGTCACAAACCAA-1-Topic-6-Cell-2,1,18.0,106.0,4492.034901211928,12037.938922215459
CGCGGTCACAAACCAA-1-Topic-6-Cell-3,1,18.0,106.0,4390.102603758962,12080.046556816444
CGCGGTCACAAACCAA-1-Topic-6-Cell-4,1,18.0,106.0,4526.222799818238,12125.538464003022
CGCGGTCACAAACCAA-1-Topic-6-Cell-5,1,18.0,106.0,4441.9632384874685,11977.68503297294
CGCGGTCACAAACCAA-1-Topic-6-Cell-6,1,18.0,106.0,4400.306069152901,12166.268914738599
CGCGGTCACAAACCAA-1-Topic-7-Cell-7,1,18.0,106.0,4574.685395307864,12042.901358761988
CGCGTTCATGAAATAC-1-Topic-0-Cell-1,1,27.0,51.0,6052.0,6610.0
CGCGTTCATGAAATAC-1-Topic-6-Cell-2,1,27.0,51.0,6087.6817714586705,6571.049584262212
CGCGTTCATGAAATAC-1-Topic-6-Cell-3,1,27.0,51.0,5977.582306694395,6616.531027807593
CGCGTTCATGAAATAC-1-Topic-6-Cell-4,1,27.0,51.0,6124.608922440497,6665.66790353297
CGCGTTCATGAAATAC-1-Topic-6-Cell-5,1,27.0,51.0,6033.598194382778,6505.967945553654
CGCGTTCATGAAATAC-1-Topic-6-Cell-6,1,27.0,51.0,5988.603308934945,6709.6618184907275
CGCTACGGGACATTTA-1-Topic-4-Cell-1,1,38.0,48.0,7959.0,6323.0
CGCTACGGGACATTTA-1-Topic-6-Cell-2,1,38.0,48.0,7994.6817714586705,6284.049584262212
CGCTACGGGACATTTA-1-Topic-6-Cell-3,1,38.0,48.0,7884.582306694395,6329.531027807593
CGCTACGGGACATTTA-1-Topic-6-Cell-4,1,38.0,48.0,8031.608922440497,6378.66790353297
CGCTACGGGACATTTA-1-Topic-6-Cell-5,1,38.0,48.0,7940.598194382778,6218.967945553654
CGCTACGGGACATTTA-1-Topic-6-Cell-6,1,38.0,48.0,7895.603308934945,6422.6618184907275
CGCTAGAGACCGCTGC-1-Topic-4-Cell-1,1,39.0,101.0,8099.0,11599.0
CGCTAGAGACCGCTGC-1-Topic-9-Cell-2,1,39.0,101.0,8160.802641070479,11531.53590096622
CGCTATTCAATGTATG-1-Topic-0-Cell-1,1,19.0,31.0,4679.0,4611.0
CGCTATTCAATGTATG-1-Topic-0-Cell-2,1,19.0,31.0,4714.6817714586705,4572.049584262212
CGCTATTCAATGTATG-1-Topic-0-Cell-3,1,19.0,31.0,4604.582306694395,4617.531027807593
CGCTATTCAATGTATG-1-Topic-0-Cell-4,1,19.0,31.0,4751.608922440497,4666.66790353297
CGCTATTCAATGTATG-1-Topic-3-Cell-5,1,19.0,31.0,4660.598194382778,4506.967945553654
CGCTATTCAATGTATG-1-Topic-5-Cell-6,1,19.0,31.0,4615.603308934945,4710.6618184907275
CGCTATTCTTAGGCTC-1-Topic-3-Cell-1,1,38.0,60.0,7952.0,7518.0
CGCTATTCTTAGGCTC-1-Topic-3-Cell-2,1,38.0,60.0,7995.701066596173,7470.295678086574
CGCTATTCTTAGGCTC-1-Topic-3-Cell-3,1,38.0,60.0,7860.8573117831675,7525.998842812265
CGCTATTCTTAGGCTC-1-Topic-6-Cell-4,1,38.0,60.0,8040.927405376267,7586.178979353126
CGCTCGACATAATGAT-1-Topic-6-Cell-1,1,21.0,45.0,5017.0,6006.0
CGCTCGACATAATGAT-1-Topic-6-Cell-2,1,21.0,45.0,5052.6817714586705,5967.049584262212
CGCTCGACATAATGAT-1-Topic-6-Cell-3,1,21.0,45.0,4942.582306694395,6012.531027807593
CGCTCGACATAATGAT-1-Topic-6-Cell-4,1,21.0,45.0,5089.608922440497,6061.66790353297
CGCTCGACATAATGAT-1-Topic-6-Cell-5,1,21.0,45.0,4998.598194382778,5901.967945553654
CGCTCGACATAATGAT-1-Topic-6-Cell-6,1,21.0,45.0,4953.603308934945,6105.6618184907275
CGCTCTCCGTAGATTA-1-Topic-3-Cell-1,1,33.0,37.0,7100.0,5223.0
CGCTCTCCGTAGATTA-1-Topic-3-Cell-2,1,33.0,37.0,7143.701066596173,5175.295678086574
CGCTCTCCGTAGATTA-1-Topic-3-Cell-3,1,33.0,37.0,7008.8573117831675,5230.998842812265
CGCTCTCCGTAGATTA-1-Topic-3-Cell-4,1,33.0,37.0,7188.927405376267,5291.178979353126
CGCTGTGACGCCGCAC-1-Topic-4-Cell-1,1,25.0,47.0,5709.0,6210.0
CGCTGTGACGCCGCAC-1-Topic-4-Cell-2,1,25.0,47.0,5739.901320535239,6176.26795048311
CGCTGTGACGCCGCAC-1-Topic-6-Cell-3,1,25.0,47.0,5644.552387106307,6215.656035994198
CGCTGTGACGCCGCAC-1-Topic-6-Cell-4,1,25.0,47.0,5771.881171374884,6258.209818634973
CGCTGTGACGCCGCAC-1-Topic-6-Cell-5,1,25.0,47.0,5693.063568859983,6119.905598041579
CGCTGTGACGCCGCAC-1-Topic-6-Cell-6,1,25.0,47.0,5654.0968550217885,6296.309666600323
CGCTGTGACGCCGCAC-1-Topic-6-Cell-7,1,25.0,47.0,5817.213778473883,6180.909884823291
CGCTGTGACGCCGCAC-1-Topic-6-Cell-8,1,25.0,47.0,5601.588675800891,6154.214635774117
CGCTGTGTGGATGTTG-1-Topic-3-Cell-1,1,59.0,43.0,11599.0,5849.0
CGCTGTGTGGATGTTG-1-Topic-3-Cell-2,1,59.0,43.0,11649.46164512635,5793.91579380355
CGCTGTGTGGATGTTG-1-Topic-3-Cell-3,1,59.0,43.0,11493.757488846692,5858.236268101734
CGCTTAGTATTGATAC-1-Topic-0-Cell-1,1,66.0,52.0,12806.0,6752.0
CGCTTAGTATTGATAC-1-Topic-0-Cell-2,1,66.0,52.0,12845.087422239316,6709.331957352419
CGCTTAGTATTGATAC-1-Topic-0-Cell-3,1,66.0,52.0,12724.479501398038,6759.154382507824
CGCTTAGTATTGATAC-1-Topic-3-Cell-4,1,66.0,52.0,12885.539089393606,6812.981132988058
CGCTTAGTATTGATAC-1-Topic-3-Cell-5,1,66.0,52.0,12785.841831929245,6638.038594152262
CGCTTATTCCCGGTCG-1-Topic-3-Cell-1,1,42.0,30.0,8663.0,4536.0
CGCTTATTCCCGGTCG-1-Topic-3-Cell-2,1,42.0,30.0,8724.802641070479,4468.535900966221
CGCTTCCACTGAAATC-1-Topic-0-Cell-1,1,18.0,42.0,4499.0,5704.0
CGCTTCCACTGAAATC-1-Topic-3-Cell-2,1,18.0,42.0,4542.701066596173,5656.295678086574
CGCTTCCACTGAAATC-1-Topic-3-Cell-3,1,18.0,42.0,4407.8573117831675,5711.998842812265
CGCTTCCACTGAAATC-1-Topic-5-Cell-4,1,18.0,42.0,4587.927405376267,5772.178979353126
CGCTTTCTTGCATTCG-1-Topic-3-Cell-1,1,31.0,85.0,6724.0,9998.0
CGCTTTCTTGCATTCG-1-Topic-6-Cell-2,1,31.0,85.0,6763.087422239316,9955.331957352419
CGCTTTCTTGCATTCG-1-Topic-6-Cell-3,1,31.0,85.0,6642.479501398037,10005.154382507824
CGCTTTCTTGCATTCG-1-Topic-6-Cell-4,1,31.0,85.0,6803.5390893936055,10058.981132988058
CGCTTTCTTGCATTCG-1-Topic-7-Cell-5,1,31.0,85.0,6703.841831929245,9884.038594152262
CGGAAAGAATCAAACG-1-Topic-0-Cell-1,1,58.0,48.0,11423.0,6345.0
CGGAAAGAATCAAACG-1-Topic-0-Cell-2,1,58.0,48.0,11458.68177145867,6306.049584262212
CGGAAAGAATCAAACG-1-Topic-3-Cell-3,1,58.0,48.0,11348.582306694394,6351.531027807593
CGGAAAGAATCAAACG-1-Topic-3-Cell-4,1,58.0,48.0,11495.608922440497,6400.66790353297
CGGAAAGAATCAAACG-1-Topic-3-Cell-5,1,58.0,48.0,11404.59819438278,6240.967945553654
CGGAAAGAATCAAACG-1-Topic-6-Cell-6,1,58.0,48.0,11359.603308934946,6444.6618184907275
CGGAACGTAAACATAG-1-Topic-3-Cell-1,1,47.0,45.0,9520.0,6035.0
CGGAACGTAAACATAG-1-Topic-3-Cell-2,1,47.0,45.0,9563.701066596173,5987.295678086574
CGGAACGTAAACATAG-1-Topic-5-Cell-3,1,47.0,45.0,9428.857311783167,6042.998842812265
CGGAACGTAAACATAG-1-Topic-8-Cell-4,1,47.0,45.0,9608.927405376267,6103.178979353126
CGGAGCAATTTAATCG-1-Topic-6-Cell-1,1,54.0,60.0,10723.0,7535.0
CGGAGCAATTTAATCG-1-Topic-6-Cell-2,1,54.0,60.0,10758.68177145867,7496.049584262212
CGGAGCAATTTAATCG-1-Topic-6-Cell-3,1,54.0,60.0,10648.582306694394,7541.531027807593
CGGAGCAATTTAATCG-1-Topic-6-Cell-4,1,54.0,60.0,10795.608922440497,7590.66790353297
CGGAGCAATTTAATCG-1-Topic-7-Cell-5,1,54.0,60.0,10704.59819438278,7430.967945553654
CGGAGCAATTTAATCG-1-Topic-7-Cell-6,1,54.0,60.0,10659.603308934946,7634.6618184907275
CGGAGCATGGCGATCC-1-Topic-3-Cell-1,1,39.0,67.0,8121.0,8215.0
CGGAGCATGGCGATCC-1-Topic-3-Cell-2,1,39.0,67.0,8156.6817714586705,8176.049584262212
CGGAGCATGGCGATCC-1-Topic-4-Cell-3,1,39.0,67.0,8046.582306694395,8221.531027807592
CGGAGCATGGCGATCC-1-Topic-4-Cell-4,1,39.0,67.0,8193.608922440497,8270.667903532969
CGGAGCATGGCGATCC-1-Topic-6-Cell-5,1,39.0,67.0,8102.598194382778,8110.967945553654
CGGAGCATGGCGATCC-1-Topic-9-Cell-6,1,39.0,67.0,8057.603308934945,8314.661818490727
CGGAGTTTGAGAGACA-1-Topic-0-Cell-1,1,30.0,34.0,6583.0,4921.0
CGGAGTTTGAGAGACA-1-Topic-3-Cell-2,1,30.0,34.0,6613.901320535239,4887.26795048311
CGGAGTTTGAGAGACA-1-Topic-3-Cell-3,1,30.0,34.0,6518.552387106307,4926.656035994198
CGGAGTTTGAGAGACA-1-Topic-5-Cell-4,1,30.0,34.0,6645.881171374884,4969.209818634973
CGGAGTTTGAGAGACA-1-Topic-5-Cell-5,1,30.0,34.0,6567.063568859983,4830.905598041579
CGGAGTTTGAGAGACA-1-Topic-6-Cell-6,1,30.0,34.0,6528.0968550217885,5007.309666600323
CGGAGTTTGAGAGACA-1-Topic-6-Cell-7,1,30.0,34.0,6691.213778473883,4891.909884823291
CGGAGTTTGAGAGACA-1-Topic-6-Cell-8,1,30.0,34.0,6475.588675800891,4865.214635774117
CGGATCCTCAAGGACT-1-Topic-2-Cell-1,1,60.0,80.0,11749.0,9532.0
CGGATCCTCAAGGACT-1-Topic-6-Cell-2,1,60.0,80.0,11779.90132053524,9498.26795048311
CGGATCCTCAAGGACT-1-Topic-6-Cell-3,1,60.0,80.0,11684.552387106307,9537.656035994198
CGGATCCTCAAGGACT-1-Topic-6-Cell-4,1,60.0,80.0,11811.881171374884,9580.209818634972
CGGATCCTCAAGGACT-1-Topic-6-Cell-5,1,60.0,80.0,11733.063568859983,9441.90559804158
CGGATCCTCAAGGACT-1-Topic-7-Cell-6,1,60.0,80.0,11694.096855021788,9618.309666600324
CGGATCCTCAAGGACT-1-Topic-7-Cell-7,1,60.0,80.0,11857.213778473884,9502.90988482329
CGGATCCTCAAGGACT-1-Topic-7-Cell-8,1,60.0,80.0,11641.588675800891,9476.214635774117
CGGCAAACATCGTGCG-1-Topic-5-Cell-1,1,52.0,66.0,10373.0,8130.0
CGGCAAACATCGTGCG-1-Topic-6-Cell-2,1,52.0,66.0,10416.701066596173,8082.295678086574
CGGCAAACATCGTGCG-1-Topic-6-Cell-3,1,52.0,66.0,10281.857311783167,8137.998842812265
CGGCAAACATCGTGCG-1-Topic-6-Cell-4,1,52.0,66.0,10461.927405376267,8198.178979353126
CGGCAATAAGATCGCC-1-Topic-6-Cell-1,1,54.0,108.0,10693.0,12312.0
CGGCAATAAGATCGCC-1-Topic-6-Cell-2,1,54.0,108.0,10743.46164512635,12256.91579380355
CGGCAATAAGATCGCC-1-Topic-7-Cell-3,1,54.0,108.0,10587.757488846692,12321.236268101733
CGGCAGGGTCGGGTTG-1-Topic-4-Cell-1,1,32.0,94.0,6891.0,10895.0
CGGCAGGGTCGGGTTG-1-Topic-6-Cell-2,1,32.0,94.0,6926.6817714586705,10856.049584262211
CGGCAGGGTCGGGTTG-1-Topic-6-Cell-3,1,32.0,94.0,6816.582306694395,10901.531027807592
CGGCAGGGTCGGGTTG-1-Topic-6-Cell-4,1,32.0,94.0,6963.608922440497,10950.667903532969
CGGCAGGGTCGGGTTG-1-Topic-7-Cell-5,1,32.0,94.0,6872.598194382778,10790.967945553655
CGGCAGGGTCGGGTTG-1-Topic-7-Cell-6,1,32.0,94.0,6827.603308934945,10994.661818490727
CGGCCACGCACAAAGT-1-Topic-0-Cell-1,1,35.0,59.0,7433.0,7415.0
CGGCCACGCACAAAGT-1-Topic-3-Cell-2,1,35.0,59.0,7472.087422239316,7372.331957352419
CGGCCACGCACAAAGT-1-Topic-3-Cell-3,1,35.0,59.0,7351.479501398037,7422.154382507824
CGGCCACGCACAAAGT-1-Topic-3-Cell-4,1,35.0,59.0,7512.5390893936055,7475.981132988058
CGGCCACGCACAAAGT-1-Topic-6-Cell-5,1,35.0,59.0,7412.841831929245,7301.038594152262
CGGCCAGAGCGACCAT-1-Topic-0-Cell-1,1,67.0,49.0,12981.0,6454.0
CGGCCAGAGCGACCAT-1-Topic-0-Cell-2,1,67.0,49.0,13024.701066596173,6406.295678086574
CGGCCAGAGCGACCAT-1-Topic-0-Cell-3,1,67.0,49.0,12889.857311783167,6461.998842812265
CGGCCAGAGCGACCAT-1-Topic-3-Cell-4,1,67.0,49.0,13069.927405376267,6522.178979353126
CGGCCCAGGTATATCC-1-Topic-5-Cell-1,1,43.0,105.0,8790.0,12002.0
CGGCCCAGGTATATCC-1-Topic-5-Cell-2,1,43.0,105.0,8829.087422239316,11959.331957352419
CGGCCCAGGTATATCC-1-Topic-7-Cell-3,1,43.0,105.0,8708.479501398038,12009.154382507824
CGGCCCAGGTATATCC-1-Topic-7-Cell-4,1,43.0,105.0,8869.539089393606,12062.981132988058
CGGCCCAGGTATATCC-1-Topic-9-Cell-5,1,43.0,105.0,8769.841831929245,11888.038594152262
CGGCGCCATCAATCCC-1-Topic-3-Cell-1,1,59.0,93.0,11568.0,10825.0
CGGCGCCATCAATCCC-1-Topic-3-Cell-2,1,59.0,93.0,11603.68177145867,10786.049584262211
CGGCGCCATCAATCCC-1-Topic-7-Cell-3,1,59.0,93.0,11493.582306694394,10831.531027807592
CGGCGCCATCAATCCC-1-Topic-7-Cell-4,1,59.0,93.0,11640.608922440497,10880.667903532969
CGGCGCCATCAATCCC-1-Topic-7-Cell-5,1,59.0,93.0,11549.59819438278,10720.967945553655
CGGCGCCATCAATCCC-1-Topic-7-Cell-6,1,59.0,93.0,11504.603308934946,10924.661818490727
CGGCTCTAAAGCTGCA-1-Topic-4-Cell-1,1,46.0,110.0,9306.0,12503.0
CGGCTCTAAAGCTGCA-1-Topic-9-Cell-2,1,46.0,110.0,9349.701066596173,12455.295678086573
CGGCTCTAAAGCTGCA-1-Topic-9-Cell-3,1,46.0,110.0,9214.857311783167,12510.998842812265
CGGCTCTAAAGCTGCA-1-Topic-9-Cell-4,1,46.0,110.0,9394.927405376267,12571.178979353126
CGGGAATTTATGTAAA-1-Topic-3-Cell-1,1,45.0,65.0,9161.0,8023.0
CGGGAATTTATGTAAA-1-Topic-6-Cell-2,1,45.0,65.0,9204.701066596173,7975.295678086574
CGGGAATTTATGTAAA-1-Topic-7-Cell-3,1,45.0,65.0,9069.857311783167,8030.998842812265
CGGGAATTTATGTAAA-1-Topic-8-Cell-4,1,45.0,65.0,9249.927405376267,8091.178979353126
CGGGAGCTTCAGTGTA-1-Topic-9-Cell-1,1,49.0,91.0,9837.0,10615.0
CGGGAGCTTCAGTGTA-1-Topic-9-Cell-2,1,49.0,91.0,9898.802641070479,10547.53590096622
CGGGATCAATGTAAGA-1-Topic-2-Cell-1,1,23.0,59.0,5355.0,7402.0
CGGGATCAATGTAAGA-1-Topic-3-Cell-2,1,23.0,59.0,5394.087422239316,7359.331957352419
CGGGATCAATGTAAGA-1-Topic-3-Cell-3,1,23.0,59.0,5273.479501398037,7409.154382507824
CGGGATCAATGTAAGA-1-Topic-3-Cell-4,1,23.0,59.0,5434.5390893936055,7462.981132988058
CGGGATCAATGTAAGA-1-Topic-7-Cell-5,1,23.0,59.0,5334.841831929245,7288.038594152262
CGGGCAGCTAAACCGC-1-Topic-6-Cell-1,1,32.0,56.0,6915.0,7113.0
CGGGCAGCTAAACCGC-1-Topic-7-Cell-2,1,32.0,56.0,6965.461645126349,7057.91579380355
CGGGCAGCTAAACCGC-1-Topic-7-Cell-3,1,32.0,56.0,6809.757488846692,7122.236268101734
CGGGCCTTCTTTGTAA-1-Topic-3-Cell-1,1,41.0,55.0,8474.0,7023.0
CGGGCCTTCTTTGTAA-1-Topic-3-Cell-2,1,41.0,55.0,8517.701066596173,6975.295678086574
CGGGCCTTCTTTGTAA-1-Topic-3-Cell-3,1,41.0,55.0,8382.857311783167,7030.998842812265
CGGGCCTTCTTTGTAA-1-Topic-7-Cell-4,1,41.0,55.0,8562.927405376267,7091.178979353126
CGGGTGTACCCATTTA-1-Topic-3-Cell-1,1,32.0,86.0,6896.0,10099.0
CGGGTGTACCCATTTA-1-Topic-3-Cell-2,1,32.0,86.0,6939.701066596173,10051.295678086573
CGGGTGTACCCATTTA-1-Topic-4-Cell-3,1,32.0,86.0,6804.8573117831675,10106.998842812265
CGGGTGTACCCATTTA-1-Topic-4-Cell-4,1,32.0,86.0,6984.927405376267,10167.178979353126
CGGTACTAGAATCAAA-1-Topic-4-Cell-1,1,43.0,83.0,8803.0,9812.0
CGGTACTAGAATCAAA-1-Topic-4-Cell-2,1,43.0,83.0,8842.087422239316,9769.331957352419
CGGTACTAGAATCAAA-1-Topic-4-Cell-3,1,43.0,83.0,8721.479501398038,9819.154382507824
CGGTACTAGAATCAAA-1-Topic-9-Cell-4,1,43.0,83.0,8882.539089393606,9872.981132988058
CGGTACTAGAATCAAA-1-Topic-9-Cell-5,1,43.0,83.0,8782.841831929245,9698.038594152262
CGGTAGAGGTGCAGGT-1-Topic-4-Cell-1,1,22.0,92.0,5161.0,10685.0
CGGTAGAGGTGCAGGT-1-Topic-6-Cell-2,1,22.0,92.0,5196.6817714586705,10646.049584262211
CGGTAGAGGTGCAGGT-1-Topic-6-Cell-3,1,22.0,92.0,5086.582306694395,10691.531027807592
CGGTAGAGGTGCAGGT-1-Topic-6-Cell-4,1,22.0,92.0,5233.608922440497,10740.667903532969
CGGTAGAGGTGCAGGT-1-Topic-7-Cell-5,1,22.0,92.0,5142.598194382778,10580.967945553655
CGGTAGAGGTGCAGGT-1-Topic-7-Cell-6,1,22.0,92.0,5097.603308934945,10784.661818490727
CGGTCAAGTGGGAACC-1-Topic-3-Cell-1,1,26.0,80.0,5861.0,9495.0
CGGTCAAGTGGGAACC-1-Topic-5-Cell-2,1,26.0,80.0,5900.087422239316,9452.331957352419
CGGTCAAGTGGGAACC-1-Topic-5-Cell-3,1,26.0,80.0,5779.479501398037,9502.154382507824
CGGTCAAGTGGGAACC-1-Topic-6-Cell-4,1,26.0,80.0,5940.5390893936055,9555.981132988058
CGGTCAAGTGGGAACC-1-Topic-7-Cell-5,1,26.0,80.0,5840.841831929245,9381.038594152262
CGGTCCGTCGCAAGCC-1-Topic-0-Cell-1,1,63.0,51.0,12287.0,6649.0
CGGTCCGTCGCAAGCC-1-Topic-3-Cell-2,1,63.0,51.0,12326.087422239316,6606.331957352419
CGGTCCGTCGCAAGCC-1-Topic-3-Cell-3,1,63.0,51.0,12205.479501398038,6656.154382507824
CGGTCCGTCGCAAGCC-1-Topic-3-Cell-4,1,63.0,51.0,12366.539089393606,6709.981132988058
CGGTCCGTCGCAAGCC-1-Topic-3-Cell-5,1,63.0,51.0,12266.841831929245,6535.038594152262
CGGTCTATCAACCCGT-1-Topic-2-Cell-1,1,18.0,82.0,4474.0,9686.0
CGGTCTATCAACCCGT-1-Topic-4-Cell-2,1,18.0,82.0,4513.087422239316,9643.331957352419
CGGTCTATCAACCCGT-1-Topic-7-Cell-3,1,18.0,82.0,4392.479501398037,9693.154382507824
CGGTCTATCAACCCGT-1-Topic-7-Cell-4,1,18.0,82.0,4553.5390893936055,9746.981132988058
CGGTCTATCAACCCGT-1-Topic-8-Cell-5,1,18.0,82.0,4453.841831929245,9572.038594152262
CGGTGCAGATAGAACG-1-Topic-0-Cell-1,1,42.0,36.0,8660.0,5133.0
CGGTGCAGATAGAACG-1-Topic-3-Cell-2,1,42.0,36.0,8710.46164512635,5077.91579380355
CGGTGCAGATAGAACG-1-Topic-3-Cell-3,1,42.0,36.0,8554.757488846692,5142.236268101734
CGGTGCGCGTTGGTCC-1-Topic-0-Cell-1,1,49.0,39.0,9870.0,5440.0
CGGTGCGCGTTGGTCC-1-Topic-0-Cell-2,1,49.0,39.0,9913.701066596173,5392.295678086574
CGGTGCGCGTTGGTCC-1-Topic-3-Cell-3,1,49.0,39.0,9778.857311783167,5447.998842812265
CGGTGCGCGTTGGTCC-1-Topic-5-Cell-4,1,49.0,39.0,9958.927405376267,5508.178979353126
CGGTGGGCTCCAGCCT-1-Topic-4-Cell-1,1,15.0,99.0,3944.0,11374.0
CGGTGGGCTCCAGCCT-1-Topic-6-Cell-2,1,15.0,99.0,3977.034901211928,11337.938922215459
CGGTGGGCTCCAGCCT-1-Topic-6-Cell-3,1,15.0,99.0,3875.1026037589613,11380.046556816444
CGGTGGGCTCCAGCCT-1-Topic-6-Cell-4,1,15.0,99.0,4011.222799818238,11425.538464003022
CGGTGGGCTCCAGCCT-1-Topic-6-Cell-5,1,15.0,99.0,3926.963238487469,11277.68503297294
CGGTGGGCTCCAGCCT-1-Topic-7-Cell-6,1,15.0,99.0,3885.3060691529013,11466.268914738599
CGGTGGGCTCCAGCCT-1-Topic-9-Cell-7,1,15.0,99.0,4059.6853953078644,11342.901358761988
CGGTGTACTTGATCCC-1-Topic-0-Cell-1,1,17.0,31.0,4333.0,4609.0
CGGTGTACTTGATCCC-1-Topic-0-Cell-2,1,17.0,31.0,4368.6817714586705,4570.049584262212
CGGTGTACTTGATCCC-1-Topic-0-Cell-3,1,17.0,31.0,4258.582306694395,4615.531027807593
CGGTGTACTTGATCCC-1-Topic-0-Cell-4,1,17.0,31.0,4405.608922440497,4664.66790353297
CGGTGTACTTGATCCC-1-Topic-0-Cell-5,1,17.0,31.0,4314.598194382778,4504.967945553654
CGGTGTACTTGATCCC-1-Topic-4-Cell-6,1,17.0,31.0,4269.603308934945,4708.6618184907275
CGGTTATCCAACAGTG-1-Topic-6-Cell-1,1,30.0,98.0,6543.0,11291.0
CGGTTATCCAACAGTG-1-Topic-6-Cell-2,1,30.0,98.0,6578.6817714586705,11252.049584262211
CGGTTATCCAACAGTG-1-Topic-6-Cell-3,1,30.0,98.0,6468.582306694395,11297.531027807592
CGGTTATCCAACAGTG-1-Topic-6-Cell-4,1,30.0,98.0,6615.608922440497,11346.667903532969
CGGTTATCCAACAGTG-1-Topic-7-Cell-5,1,30.0,98.0,6524.598194382778,11186.967945553655
CGGTTATCCAACAGTG-1-Topic-7-Cell-6,1,30.0,98.0,6479.603308934945,11390.661818490727
CGGTTCAAGTAGGTGT-1-Topic-3-Cell-1,1,24.0,98.0,5504.0,11285.0
CGGTTCAAGTAGGTGT-1-Topic-6-Cell-2,1,24.0,98.0,5534.901320535239,11251.26795048311
CGGTTCAAGTAGGTGT-1-Topic-6-Cell-3,1,24.0,98.0,5439.552387106307,11290.656035994198
CGGTTCAAGTAGGTGT-1-Topic-6-Cell-4,1,24.0,98.0,5566.881171374884,11333.209818634972
CGGTTCAAGTAGGTGT-1-Topic-6-Cell-5,1,24.0,98.0,5488.063568859983,11194.90559804158
CGGTTCAAGTAGGTGT-1-Topic-6-Cell-6,1,24.0,98.0,5449.0968550217885,11371.309666600324
CGGTTCAAGTAGGTGT-1-Topic-7-Cell-7,1,24.0,98.0,5612.213778473883,11255.90988482329
CGGTTCAAGTAGGTGT-1-Topic-8-Cell-8,1,24.0,98.0,5396.588675800891,11229.214635774117
CGGTTGACCTGGCATA-1-Topic-3-Cell-1,1,39.0,25.0,8147.0,4035.0
CGGTTGACCTGGCATA-1-Topic-3-Cell-2,1,39.0,25.0,8197.46164512635,3979.9157938035496
CGGTTGACCTGGCATA-1-Topic-3-Cell-3,1,39.0,25.0,8041.757488846692,4044.236268101734
CGTACCTGATAGGCCT-1-Topic-2-Cell-1,1,22.0,68.0,5176.0,8297.0
CGTACCTGATAGGCCT-1-Topic-4-Cell-2,1,22.0,68.0,5206.901320535239,8263.26795048311
CGTACCTGATAGGCCT-1-Topic-6-Cell-3,1,22.0,68.0,5111.552387106307,8302.656035994198
CGTACCTGATAGGCCT-1-Topic-6-Cell-4,1,22.0,68.0,5238.881171374884,8345.209818634972
CGTACCTGATAGGCCT-1-Topic-6-Cell-5,1,22.0,68.0,5160.063568859983,8206.90559804158
CGTACCTGATAGGCCT-1-Topic-7-Cell-6,1,22.0,68.0,5121.0968550217885,8383.309666600324
CGTACCTGATAGGCCT-1-Topic-8-Cell-7,1,22.0,68.0,5284.213778473883,8267.90988482329
CGTACCTGATAGGCCT-1-Topic-8-Cell-8,1,22.0,68.0,5068.588675800891,8241.214635774117
CGTATTAAGAGATCTA-1-Topic-3-Cell-1,1,32.0,54.0,6916.0,6914.0
CGTATTAAGAGATCTA-1-Topic-3-Cell-2,1,32.0,54.0,6959.701066596173,6866.295678086574
CGTATTAAGAGATCTA-1-Topic-3-Cell-3,1,32.0,54.0,6824.8573117831675,6921.998842812265
CGTATTAAGAGATCTA-1-Topic-6-Cell-4,1,32.0,54.0,7004.927405376267,6982.178979353126
CGTCAAGGCTATAAAT-1-Topic-4-Cell-1,1,30.0,14.0,6595.0,2931.0
CGTCACGTCCATTGGT-1-Topic-0-Cell-1,1,47.0,51.0,9516.0,6632.0
CGTCACGTCCATTGGT-1-Topic-0-Cell-2,1,47.0,51.0,9559.701066596173,6584.295678086574
CGTCACGTCCATTGGT-1-Topic-3-Cell-3,1,47.0,51.0,9424.857311783167,6639.998842812265
CGTCACGTCCATTGGT-1-Topic-3-Cell-4,1,47.0,51.0,9604.927405376267,6700.178979353126
CGTCATACCATATCCA-1-Topic-0-Cell-1,1,20.0,20.0,4860.0,3517.0
CGTCATACCATATCCA-1-Topic-0-Cell-2,1,20.0,20.0,4903.701066596173,3469.295678086574
CGTCATACCATATCCA-1-Topic-6-Cell-3,1,20.0,20.0,4768.8573117831675,3524.998842812265
CGTCATACCATATCCA-1-Topic-6-Cell-4,1,20.0,20.0,4948.927405376267,3585.178979353126
CGTCGCATGTGAGCCA-1-Topic-5-Cell-1,1,65.0,77.0,12617.0,9239.0
CGTCGCATGTGAGCCA-1-Topic-5-Cell-2,1,65.0,77.0,12641.240990216149,9212.538403273831
CGTCGCATGTGAGCCA-1-Topic-5-Cell-3,1,65.0,77.0,12566.443132961629,9243.436959677538
CGTCGCATGTGAGCCA-1-Topic-5-Cell-4,1,65.0,77.0,12666.328049212016,9276.818893225614
CGTCGCATGTGAGCCA-1-Topic-6-Cell-5,1,65.0,77.0,12604.498434867697,9168.324136361314
CGTCGCATGTGAGCCA-1-Topic-6-Cell-6,1,65.0,77.0,12573.930429599766,9306.706872954883
CGTCGCATGTGAGCCA-1-Topic-7-Cell-7,1,65.0,77.0,12701.88987201199,9216.179836163275
CGTCGCATGTGAGCCA-1-Topic-7-Cell-8,1,65.0,77.0,12532.739624911985,9195.238359882975
CGTCGCATGTGAGCCA-1-Topic-7-Cell-9,1,65.0,77.0,12651.819238340979,9334.343349558409
CGTCGCATGTGAGCCA-1-Topic-7-Cell-10,1,65.0,77.0,12658.078185326978,9139.485387696766
CGTCGCATGTGAGCCA-1-Topic-7-Cell-11,1,65.0,77.0,12514.214454627314,9287.099363218425
CGTCGCATGTGAGCCA-1-Topic-7-Cell-12,1,65.0,77.0,12730.566611327673,9274.621392155354
CGTCGCATGTGAGCCA-1-Topic-7-Cell-13,1,65.0,77.0,12554.667755979177,9131.441681628881
CGTCGCTTGGTTATAC-1-Topic-0-Cell-1,1,63.0,25.0,12303.0,4061.0
CGTCGGATAGTGTTGA-1-Topic-3-Cell-1,1,34.0,96.0,7237.0,11096.0
CGTCGGATAGTGTTGA-1-Topic-6-Cell-2,1,34.0,96.0,7280.701066596173,11048.295678086573
CGTCGGATAGTGTTGA-1-Topic-6-Cell-3,1,34.0,96.0,7145.8573117831675,11103.998842812265
CGTCGGATAGTGTTGA-1-Topic-7-Cell-4,1,34.0,96.0,7325.927405376267,11164.178979353126
CGTCGGGTCTAAGCGC-1-Topic-6-Cell-1,1,54.0,22.0,10746.0,3753.0
CGTCGTCCTTCGCGAA-1-Topic-6-Cell-1,1,56.0,76.0,11059.0,9130.0
CGTCGTCCTTCGCGAA-1-Topic-7-Cell-2,1,56.0,76.0,11109.46164512635,9074.91579380355
CGTCGTCCTTCGCGAA-1-Topic-7-Cell-3,1,56.0,76.0,10953.757488846692,9139.236268101733
CGTGAAGTTAATTCAC-1-Topic-0-Cell-1,1,40.0,56.0,8301.0,7122.0
CGTGAAGTTAATTCAC-1-Topic-3-Cell-2,1,40.0,56.0,8351.46164512635,7066.91579380355
CGTGAAGTTAATTCAC-1-Topic-4-Cell-3,1,40.0,56.0,8195.757488846692,7131.236268101734
CGTGACCAGTCCTCTG-1-Topic-3-Cell-1,1,63.0,55.0,12284.0,7047.0
CGTGACCAGTCCTCTG-1-Topic-3-Cell-2,1,63.0,55.0,12319.68177145867,7008.049584262212
CGTGACCAGTCCTCTG-1-Topic-3-Cell-3,1,63.0,55.0,12209.582306694394,7053.531027807593
CGTGACCAGTCCTCTG-1-Topic-3-Cell-4,1,63.0,55.0,12356.608922440497,7102.66790353297
CGTGACCAGTCCTCTG-1-Topic-3-Cell-5,1,63.0,55.0,12265.59819438278,6942.967945553654
CGTGACCAGTCCTCTG-1-Topic-3-Cell-6,1,63.0,55.0,12220.603308934946,7146.6618184907275
CGTGCAGACTGGGACA-1-Topic-6-Cell-1,1,40.0,74.0,8289.0,8913.0
CGTGCAGACTGGGACA-1-Topic-6-Cell-2,1,40.0,74.0,8339.46164512635,8857.91579380355
CGTGCAGACTGGGACA-1-Topic-9-Cell-3,1,40.0,74.0,8183.757488846692,8922.236268101733
CGTGCATTGTCGACGC-1-Topic-3-Cell-1,1,39.0,31.0,8143.0,4632.0
CGTGCATTGTCGACGC-1-Topic-3-Cell-2,1,39.0,31.0,8193.46164512635,4576.91579380355
CGTGCATTGTCGACGC-1-Topic-5-Cell-3,1,39.0,31.0,8037.757488846692,4641.236268101734
CGTGCCCTCCCGAAGA-1-Topic-0-Cell-1,1,43.0,77.0,8807.0,9215.0
CGTGCCCTCCCGAAGA-1-Topic-9-Cell-2,1,43.0,77.0,8857.46164512635,9159.91579380355
CGTGCCCTCCCGAAGA-1-Topic-9-Cell-3,1,43.0,77.0,8701.757488846692,9224.236268101733
CGTGCTTCTACCTAAA-1-Topic-0-Cell-1,1,62.0,28.0,12128.0,4359.0
CGTGCTTCTACCTAAA-1-Topic-0-Cell-2,1,62.0,28.0,12163.68177145867,4320.049584262212
CGTGCTTCTACCTAAA-1-Topic-0-Cell-3,1,62.0,28.0,12053.582306694394,4365.531027807593
CGTGCTTCTACCTAAA-1-Topic-0-Cell-4,1,62.0,28.0,12200.608922440497,4414.66790353297
CGTGCTTCTACCTAAA-1-Topic-0-Cell-5,1,62.0,28.0,12109.59819438278,4254.967945553654
CGTGCTTCTACCTAAA-1-Topic-0-Cell-6,1,62.0,28.0,12064.603308934946,4458.6618184907275
CGTGGTACCCAAAGGC-1-Topic-0-Cell-1,1,66.0,42.0,12812.0,5757.0
CGTGGTACCCAAAGGC-1-Topic-0-Cell-2,1,66.0,42.0,12851.087422239316,5714.331957352419
CGTGGTACCCAAAGGC-1-Topic-0-Cell-3,1,66.0,42.0,12730.479501398038,5764.154382507824
CGTGGTACCCAAAGGC-1-Topic-0-Cell-4,1,66.0,42.0,12891.539089393606,5817.981132988058
CGTGGTACCCAAAGGC-1-Topic-0-Cell-5,1,66.0,42.0,12791.841831929245,5643.038594152262
CGTGTCCCATTCGCGA-1-Topic-3-Cell-1,1,28.0,40.0,6232.0,5516.0
CGTGTCCCATTCGCGA-1-Topic-5-Cell-2,1,28.0,40.0,6265.034901211928,5479.938922215459
CGTGTCCCATTCGCGA-1-Topic-6-Cell-3,1,28.0,40.0,6163.102603758962,5522.046556816443
CGTGTCCCATTCGCGA-1-Topic-6-Cell-4,1,28.0,40.0,6299.222799818238,5567.538464003022
CGTGTCCCATTCGCGA-1-Topic-6-Cell-5,1,28.0,40.0,6214.9632384874685,5419.685032972941
CGTGTCCCATTCGCGA-1-Topic-6-Cell-6,1,28.0,40.0,6173.306069152901,5608.268914738599
CGTGTCCCATTCGCGA-1-Topic-6-Cell-7,1,28.0,40.0,6347.685395307864,5484.901358761988
CGTGTCTCGTTACGAC-1-Topic-5-Cell-1,1,60.0,34.0,11778.0,4954.0
CGTGTCTCGTTACGAC-1-Topic-5-Cell-2,1,60.0,34.0,11839.802641070479,4886.535900966221
CGTTAAACTAGTTAGG-1-Topic-4-Cell-1,1,49.0,111.0,9825.0,12606.0
CGTTAAACTAGTTAGG-1-Topic-6-Cell-2,1,49.0,111.0,9868.701066596173,12558.295678086573
CGTTAAACTAGTTAGG-1-Topic-7-Cell-3,1,49.0,111.0,9733.857311783167,12613.998842812265
CGTTAAACTAGTTAGG-1-Topic-7-Cell-4,1,49.0,111.0,9913.927405376267,12674.178979353126
CGTTAATGTCCCGACG-1-Topic-3-Cell-1,1,59.0,87.0,11572.0,10228.0
CGTTAATGTCCCGACG-1-Topic-6-Cell-2,1,59.0,87.0,11622.46164512635,10172.91579380355
CGTTAATGTCCCGACG-1-Topic-7-Cell-3,1,59.0,87.0,11466.757488846692,10237.236268101733
CGTTCAGACCCGCGAA-1-Topic-5-Cell-1,1,65.0,61.0,12627.0,7647.0
CGTTCAGACCCGCGAA-1-Topic-7-Cell-2,1,65.0,61.0,12688.802641070479,7579.535900966221
CGTTCATGGTGCGCGT-1-Topic-3-Cell-1,1,48.0,20.0,9709.0,3547.0
CGTTCATGGTGCGCGT-1-Topic-3-Cell-2,1,48.0,20.0,9770.802641070479,3479.5359009662207
CGTTCTTCGCACACCT-1-Topic-6-Cell-1,1,19.0,109.0,4631.0,12374.0
CGTTCTTCGCACACCT-1-Topic-6-Cell-2,1,19.0,109.0,4661.901320535239,12340.26795048311
CGTTCTTCGCACACCT-1-Topic-6-Cell-3,1,19.0,109.0,4566.552387106307,12379.656035994198
CGTTCTTCGCACACCT-1-Topic-6-Cell-4,1,19.0,109.0,4693.881171374884,12422.209818634972
CGTTCTTCGCACACCT-1-Topic-6-Cell-5,1,19.0,109.0,4615.063568859983,12283.90559804158
CGTTCTTCGCACACCT-1-Topic-6-Cell-6,1,19.0,109.0,4576.0968550217885,12460.309666600324
CGTTCTTCGCACACCT-1-Topic-6-Cell-7,1,19.0,109.0,4739.213778473883,12344.90988482329
CGTTCTTCGCACACCT-1-Topic-6-Cell-8,1,19.0,109.0,4523.588675800891,12318.214635774117
CGTTGAATACCGCGCT-1-Topic-4-Cell-1,1,57.0,77.0,11232.0,9230.0
CGTTGAATACCGCGCT-1-Topic-6-Cell-2,1,57.0,77.0,11265.034901211928,9193.938922215459
CGTTGAATACCGCGCT-1-Topic-6-Cell-3,1,57.0,77.0,11163.102603758962,9236.046556816444
CGTTGAATACCGCGCT-1-Topic-6-Cell-4,1,57.0,77.0,11299.222799818237,9281.538464003022
CGTTGAATACCGCGCT-1-Topic-6-Cell-5,1,57.0,77.0,11214.96323848747,9133.68503297294
CGTTGAATACCGCGCT-1-Topic-6-Cell-6,1,57.0,77.0,11173.3060691529,9322.268914738599
CGTTGAATACCGCGCT-1-Topic-7-Cell-7,1,57.0,77.0,11347.685395307864,9198.901358761988
CGTTGCCCGCGTGGGA-1-Topic-0-Cell-1,1,65.0,45.0,12637.0,6054.0
CGTTGCCCGCGTGGGA-1-Topic-3-Cell-2,1,65.0,45.0,12680.701066596173,6006.295678086574
CGTTGCCCGCGTGGGA-1-Topic-3-Cell-3,1,65.0,45.0,12545.857311783167,6061.998842812265
CGTTGCCCGCGTGGGA-1-Topic-3-Cell-4,1,65.0,45.0,12725.927405376267,6122.178979353126
CGTTGTAAGATTGATT-1-Topic-7-Cell-1,1,26.0,108.0,5844.0,12282.0
CGTTGTAAGATTGATT-1-Topic-7-Cell-2,1,26.0,108.0,5887.701066596173,12234.295678086573
CGTTGTAAGATTGATT-1-Topic-7-Cell-3,1,26.0,108.0,5752.8573117831675,12289.998842812265
CGTTGTAAGATTGATT-1-Topic-7-Cell-4,1,26.0,108.0,5932.927405376267,12350.178979353126
CGTTGTCGGCAATTGA-1-Topic-2-Cell-1,1,64.0,66.0,12451.0,8143.0
CGTTGTCGGCAATTGA-1-Topic-5-Cell-2,1,64.0,66.0,12494.701066596173,8095.295678086574
CGTTGTCGGCAATTGA-1-Topic-7-Cell-3,1,64.0,66.0,12359.857311783167,8150.998842812265
CGTTGTCGGCAATTGA-1-Topic-7-Cell-4,1,64.0,66.0,12539.927405376267,8211.178979353126
CGTTGTTTCAATTCCC-1-Topic-3-Cell-1,1,34.0,40.0,7272.0,5523.0
CGTTGTTTCAATTCCC-1-Topic-7-Cell-2,1,34.0,40.0,7333.802641070479,5455.535900966221
CGTTTCACTTCGGGCG-1-Topic-6-Cell-1,1,18.0,92.0,4468.0,10681.0
CGTTTCACTTCGGGCG-1-Topic-6-Cell-2,1,18.0,92.0,4507.087422239316,10638.331957352419
CGTTTCACTTCGGGCG-1-Topic-6-Cell-3,1,18.0,92.0,4386.479501398037,10688.154382507824
CGTTTCACTTCGGGCG-1-Topic-6-Cell-4,1,18.0,92.0,4547.5390893936055,10741.981132988058
CGTTTCACTTCGGGCG-1-Topic-7-Cell-5,1,18.0,92.0,4447.841831929245,10567.038594152262
CGTTTCGCTCATTACA-1-Topic-2-Cell-1,1,35.0,49.0,7439.0,6420.0
CGTTTCGCTCATTACA-1-Topic-3-Cell-2,1,35.0,49.0,7478.087422239316,6377.331957352419
CGTTTCGCTCATTACA-1-Topic-3-Cell-3,1,35.0,49.0,7357.479501398037,6427.154382507824
CGTTTCGCTCATTACA-1-Topic-3-Cell-4,1,35.0,49.0,7518.5390893936055,6480.981132988058
CGTTTCGCTCATTACA-1-Topic-8-Cell-5,1,35.0,49.0,7418.841831929245,6306.038594152262
CGTTTGTGTAGAGGGT-1-Topic-0-Cell-1,1,55.0,41.0,10908.0,5645.0
CGTTTGTGTAGAGGGT-1-Topic-0-Cell-2,1,55.0,41.0,10947.087422239316,5602.331957352419
CGTTTGTGTAGAGGGT-1-Topic-0-Cell-3,1,55.0,41.0,10826.479501398038,5652.154382507824
CGTTTGTGTAGAGGGT-1-Topic-0-Cell-4,1,55.0,41.0,10987.539089393606,5705.981132988058
CGTTTGTGTAGAGGGT-1-Topic-3-Cell-5,1,55.0,41.0,10887.841831929245,5531.038594152262
CTAAAGAATGCCTACT-1-Topic-3-Cell-1,1,36.0,36.0,7620.0,5127.0
CTAAAGAATGCCTACT-1-Topic-3-Cell-2,1,36.0,36.0,7655.6817714586705,5088.049584262212
CTAAAGAATGCCTACT-1-Topic-3-Cell-3,1,36.0,36.0,7545.582306694395,5133.531027807593
CTAAAGAATGCCTACT-1-Topic-3-Cell-4,1,36.0,36.0,7692.608922440497,5182.66790353297
CTAAAGAATGCCTACT-1-Topic-3-Cell-5,1,36.0,36.0,7601.598194382778,5022.967945553654
CTAAAGAATGCCTACT-1-Topic-3-Cell-6,1,36.0,36.0,7556.603308934945,5226.6618184907275
CTAAAGGGAAATAGGA-1-Topic-3-Cell-1,1,44.0,62.0,8990.0,7723.0
CTAAAGGGAAATAGGA-1-Topic-3-Cell-2,1,44.0,62.0,9029.087422239316,7680.331957352419
CTAAAGGGAAATAGGA-1-Topic-6-Cell-3,1,44.0,62.0,8908.479501398038,7730.154382507824
CTAAAGGGAAATAGGA-1-Topic-6-Cell-4,1,44.0,62.0,9069.539089393606,7783.981132988058
CTAAAGGGAAATAGGA-1-Topic-6-Cell-5,1,44.0,62.0,8969.841831929245,7609.038594152262
CTAAATCCGGTGTACA-1-Topic-0-Cell-1,1,61.0,35.0,11951.0,5054.0
CTAAATCCGGTGTACA-1-Topic-0-Cell-2,1,61.0,35.0,11990.087422239316,5011.331957352419
CTAAATCCGGTGTACA-1-Topic-0-Cell-3,1,61.0,35.0,11869.479501398038,5061.154382507824
CTAAATCCGGTGTACA-1-Topic-0-Cell-4,1,61.0,35.0,12030.539089393606,5114.981132988058
CTAAATCCGGTGTACA-1-Topic-0-Cell-5,1,61.0,35.0,11930.841831929245,4940.038594152262
CTAAATCCTATTCCGG-1-Topic-2-Cell-1,1,26.0,84.0,5859.0,9893.0
CTAAATCCTATTCCGG-1-Topic-3-Cell-2,1,26.0,84.0,5898.087422239316,9850.331957352419
CTAAATCCTATTCCGG-1-Topic-6-Cell-3,1,26.0,84.0,5777.479501398037,9900.154382507824
CTAAATCCTATTCCGG-1-Topic-6-Cell-4,1,26.0,84.0,5938.5390893936055,9953.981132988058
CTAAATCCTATTCCGG-1-Topic-8-Cell-5,1,26.0,84.0,5838.841831929245,9779.038594152262
CTAACCGCGCGCCCGT-1-Topic-3-Cell-1,1,37.0,35.0,7794.0,5028.0
CTAACCGCGCGCCCGT-1-Topic-3-Cell-2,1,37.0,35.0,7855.802641070479,4960.535900966221
CTAACGAAACTTGCTG-1-Topic-3-Cell-1,1,30.0,94.0,6545.0,10893.0
CTAACGAAACTTGCTG-1-Topic-4-Cell-2,1,30.0,94.0,6584.087422239316,10850.331957352419
CTAACGAAACTTGCTG-1-Topic-4-Cell-3,1,30.0,94.0,6463.479501398037,10900.154382507824
CTAACGAAACTTGCTG-1-Topic-6-Cell-4,1,30.0,94.0,6624.5390893936055,10953.981132988058
CTAACGAAACTTGCTG-1-Topic-6-Cell-5,1,30.0,94.0,6524.841831929245,10779.038594152262
CTAACTGATAATCGCC-1-Topic-6-Cell-1,1,58.0,102.0,11389.0,11720.0
CTAACTGATAATCGCC-1-Topic-7-Cell-2,1,58.0,102.0,11439.46164512635,11664.91579380355
CTAACTGATAATCGCC-1-Topic-7-Cell-3,1,58.0,102.0,11283.757488846692,11729.236268101733
CTAACTGGTCCGGTTC-1-Topic-0-Cell-1,1,50.0,36.0,10045.0,5142.0
CTAACTGGTCCGGTTC-1-Topic-0-Cell-2,1,50.0,36.0,10084.087422239316,5099.331957352419
CTAACTGGTCCGGTTC-1-Topic-5-Cell-3,1,50.0,36.0,9963.479501398038,5149.154382507824
CTAACTGGTCCGGTTC-1-Topic-5-Cell-4,1,50.0,36.0,10124.539089393606,5202.981132988058
CTAACTGGTCCGGTTC-1-Topic-5-Cell-5,1,50.0,36.0,10024.841831929245,5028.038594152262
CTAAGGGAATGATTGG-1-Topic-2-Cell-1,1,44.0,72.0,8983.0,8719.0
CTAAGGGAATGATTGG-1-Topic-2-Cell-2,1,44.0,72.0,9013.90132053524,8685.26795048311
CTAAGGGAATGATTGG-1-Topic-3-Cell-3,1,44.0,72.0,8918.552387106307,8724.656035994198
CTAAGGGAATGATTGG-1-Topic-6-Cell-4,1,44.0,72.0,9045.881171374884,8767.209818634972
CTAAGGGAATGATTGG-1-Topic-6-Cell-5,1,44.0,72.0,8967.063568859983,8628.90559804158
CTAAGGGAATGATTGG-1-Topic-6-Cell-6,1,44.0,72.0,8928.096855021788,8805.309666600324
CTAAGGGAATGATTGG-1-Topic-6-Cell-7,1,44.0,72.0,9091.213778473884,8689.90988482329
CTAAGGGAATGATTGG-1-Topic-6-Cell-8,1,44.0,72.0,8875.588675800891,8663.214635774117
CTAATTCGCACGCGCT-1-Topic-2-Cell-1,1,28.0,34.0,6236.0,4919.0
CTAATTCGCACGCGCT-1-Topic-3-Cell-2,1,28.0,34.0,6269.034901211928,4882.938922215459
CTAATTCGCACGCGCT-1-Topic-4-Cell-3,1,28.0,34.0,6167.102603758962,4925.046556816443
CTAATTCGCACGCGCT-1-Topic-6-Cell-4,1,28.0,34.0,6303.222799818238,4970.538464003022
CTAATTCGCACGCGCT-1-Topic-6-Cell-5,1,28.0,34.0,6218.9632384874685,4822.685032972941
CTAATTCGCACGCGCT-1-Topic-6-Cell-6,1,28.0,34.0,6177.306069152901,5011.268914738599
CTAATTCGCACGCGCT-1-Topic-6-Cell-7,1,28.0,34.0,6351.685395307864,4887.901358761988
CTAATTCTCAGATATT-1-Topic-6-Cell-1,1,27.0,105.0,6019.0,11985.0
CTAATTCTCAGATATT-1-Topic-6-Cell-2,1,27.0,105.0,6062.701066596173,11937.295678086573
CTAATTCTCAGATATT-1-Topic-7-Cell-3,1,27.0,105.0,5927.8573117831675,11992.998842812265
CTAATTCTCAGATATT-1-Topic-7-Cell-4,1,27.0,105.0,6107.927405376267,12053.178979353126
CTAATTTCAACAACAC-1-Topic-0-Cell-1,1,21.0,27.0,5028.0,4215.0
CTAATTTCAACAACAC-1-Topic-0-Cell-2,1,21.0,27.0,5071.701066596173,4167.295678086574
CTAATTTCAACAACAC-1-Topic-0-Cell-3,1,21.0,27.0,4936.8573117831675,4222.998842812265
CTAATTTCAACAACAC-1-Topic-0-Cell-4,1,21.0,27.0,5116.927405376267,4283.178979353126
CTACAAGAAATAACCC-1-Topic-0-Cell-1,1,58.0,40.0,11428.0,5549.0
CTACAAGAAATAACCC-1-Topic-0-Cell-2,1,58.0,40.0,11458.90132053524,5515.26795048311
CTACAAGAAATAACCC-1-Topic-0-Cell-3,1,58.0,40.0,11363.552387106307,5554.656035994198
CTACAAGAAATAACCC-1-Topic-0-Cell-4,1,58.0,40.0,11490.881171374884,5597.209818634973
CTACAAGAAATAACCC-1-Topic-3-Cell-5,1,58.0,40.0,11412.063568859983,5458.905598041579
CTACAAGAAATAACCC-1-Topic-5-Cell-6,1,58.0,40.0,11373.096855021788,5635.309666600323
CTACAAGAAATAACCC-1-Topic-5-Cell-7,1,58.0,40.0,11536.213778473884,5519.909884823291
CTACAAGAAATAACCC-1-Topic-5-Cell-8,1,58.0,40.0,11320.588675800891,5493.214635774117
CTACACTCGCAGATGG-1-Topic-4-Cell-1,1,57.0,101.0,11217.0,11619.0
CTACACTCGCAGATGG-1-Topic-6-Cell-2,1,57.0,101.0,11247.90132053524,11585.26795048311
CTACACTCGCAGATGG-1-Topic-6-Cell-3,1,57.0,101.0,11152.552387106307,11624.656035994198
CTACACTCGCAGATGG-1-Topic-6-Cell-4,1,57.0,101.0,11279.881171374884,11667.209818634972
CTACACTCGCAGATGG-1-Topic-6-Cell-5,1,57.0,101.0,11201.063568859983,11528.90559804158
CTACACTCGCAGATGG-1-Topic-6-Cell-6,1,57.0,101.0,11162.096855021788,11705.309666600324
CTACACTCGCAGATGG-1-Topic-6-Cell-7,1,57.0,101.0,11325.213778473884,11589.90988482329
CTACACTCGCAGATGG-1-Topic-7-Cell-8,1,57.0,101.0,11109.588675800891,11563.214635774117
CTACCCTAAGGTCATA-1-Topic-6-Cell-1,1,31.0,91.0,6720.0,10596.0
CTACCCTAAGGTCATA-1-Topic-6-Cell-2,1,31.0,91.0,6763.701066596173,10548.295678086573
CTACCCTAAGGTCATA-1-Topic-6-Cell-3,1,31.0,91.0,6628.8573117831675,10603.998842812265
CTACCCTAAGGTCATA-1-Topic-6-Cell-4,1,31.0,91.0,6808.927405376267,10664.178979353126
CTACGACTAGCTATAA-1-Topic-3-Cell-1,1,38.0,24.0,7974.0,3935.0
CTACGACTAGCTATAA-1-Topic-3-Cell-2,1,38.0,24.0,8009.6817714586705,3896.049584262212
CTACGACTAGCTATAA-1-Topic-3-Cell-3,1,38.0,24.0,7899.582306694395,3941.531027807593
CTACGACTAGCTATAA-1-Topic-3-Cell-4,1,38.0,24.0,8046.608922440497,3990.6679035329694
CTACGACTAGCTATAA-1-Topic-3-Cell-5,1,38.0,24.0,7955.598194382778,3830.9679455536548
CTACGACTAGCTATAA-1-Topic-7-Cell-6,1,38.0,24.0,7910.603308934945,4034.661818490727
CTACGCACGGAGTACC-1-Topic-3-Cell-1,1,35.0,57.0,7434.0,7216.0
CTACGCACGGAGTACC-1-Topic-3-Cell-2,1,35.0,57.0,7469.6817714586705,7177.049584262212
CTACGCACGGAGTACC-1-Topic-6-Cell-3,1,35.0,57.0,7359.582306694395,7222.531027807593
CTACGCACGGAGTACC-1-Topic-6-Cell-4,1,35.0,57.0,7506.608922440497,7271.66790353297
CTACGCACGGAGTACC-1-Topic-7-Cell-5,1,35.0,57.0,7415.598194382778,7111.967945553654
CTACGCACGGAGTACC-1-Topic-7-Cell-6,1,35.0,57.0,7370.603308934945,7315.6618184907275
CTACTATCATAGGTTT-1-Topic-0-Cell-1,1,53.0,25.0,10571.0,4050.0
CTACTATCATAGGTTT-1-Topic-0-Cell-2,1,53.0,25.0,10610.087422239316,4007.3319573524186
CTACTATCATAGGTTT-1-Topic-0-Cell-3,1,53.0,25.0,10489.479501398038,4057.1543825078243
CTACTATCATAGGTTT-1-Topic-3-Cell-4,1,53.0,25.0,10650.539089393606,4110.981132988058
CTACTATCATAGGTTT-1-Topic-3-Cell-5,1,53.0,25.0,10550.841831929245,3936.0385941522622
CTACTATCTTTCAGAG-1-Topic-6-Cell-1,1,29.0,93.0,6373.0,10792.0
CTACTATCTTTCAGAG-1-Topic-7-Cell-2,1,29.0,93.0,6412.087422239316,10749.331957352419
CTACTATCTTTCAGAG-1-Topic-7-Cell-3,1,29.0,93.0,6291.479501398037,10799.154382507824
CTACTATCTTTCAGAG-1-Topic-7-Cell-4,1,29.0,93.0,6452.5390893936055,10852.981132988058
CTACTATCTTTCAGAG-1-Topic-8-Cell-5,1,29.0,93.0,6352.841831929245,10678.038594152262
CTACTCAAGGTATAGT-1-Topic-3-Cell-1,1,60.0,42.0,11773.0,5750.0
CTACTCAAGGTATAGT-1-Topic-3-Cell-2,1,60.0,42.0,11816.701066596173,5702.295678086574
CTACTCAAGGTATAGT-1-Topic-3-Cell-3,1,60.0,42.0,11681.857311783167,5757.998842812265
CTACTCAAGGTATAGT-1-Topic-3-Cell-4,1,60.0,42.0,11861.927405376267,5818.178979353126
CTACTCTAGGCCCGGC-1-Topic-0-Cell-1,1,31.0,25.0,6761.0,4027.0
CTACTCTAGGCCCGGC-1-Topic-3-Cell-2,1,31.0,25.0,6804.701066596173,3979.295678086574
CTACTCTAGGCCCGGC-1-Topic-3-Cell-3,1,31.0,25.0,6669.8573117831675,4034.998842812265
CTACTCTAGGCCCGGC-1-Topic-3-Cell-4,1,31.0,25.0,6849.927405376267,4095.178979353126
CTACTGCCACCTGACC-1-Topic-1-Cell-1,1,27.0,63.0,6045.0,7804.0
CTACTGCCACCTGACC-1-Topic-1-Cell-2,1,27.0,63.0,6080.6817714586705,7765.049584262212
CTACTGCCACCTGACC-1-Topic-1-Cell-3,1,27.0,63.0,5970.582306694395,7810.531027807593
CTACTGCCACCTGACC-1-Topic-3-Cell-4,1,27.0,63.0,6117.608922440497,7859.66790353297
CTACTGCCACCTGACC-1-Topic-7-Cell-5,1,27.0,63.0,6026.598194382778,7699.967945553654
CTACTGCCACCTGACC-1-Topic-7-Cell-6,1,27.0,63.0,5981.603308934945,7903.6618184907275
CTAGATGTGAGTGTAA-1-Topic-6-Cell-1,1,33.0,103.0,7059.0,11792.0
CTAGATGTGAGTGTAA-1-Topic-6-Cell-2,1,33.0,103.0,7094.6817714586705,11753.049584262211
CTAGATGTGAGTGTAA-1-Topic-6-Cell-3,1,33.0,103.0,6984.582306694395,11798.531027807592
CTAGATGTGAGTGTAA-1-Topic-7-Cell-4,1,33.0,103.0,7131.608922440497,11847.667903532969
CTAGATGTGAGTGTAA-1-Topic-7-Cell-5,1,33.0,103.0,7040.598194382778,11687.967945553655
CTAGATGTGAGTGTAA-1-Topic-7-Cell-6,1,33.0,103.0,6995.603308934945,11891.661818490727
CTAGATTTACGACGGC-1-Topic-0-Cell-1,1,42.0,74.0,8636.0,8915.0
CTAGATTTACGACGGC-1-Topic-6-Cell-2,1,42.0,74.0,8679.701066596173,8867.295678086573
CTAGATTTACGACGGC-1-Topic-7-Cell-3,1,42.0,74.0,8544.857311783167,8922.998842812265
CTAGATTTACGACGGC-1-Topic-7-Cell-4,1,42.0,74.0,8724.927405376267,8983.178979353126
CTAGCATAGTATAATG-1-Topic-3-Cell-1,1,34.0,66.0,7255.0,8111.0
CTAGCATAGTATAATG-1-Topic-3-Cell-2,1,34.0,66.0,7290.6817714586705,8072.049584262212
CTAGCATAGTATAATG-1-Topic-4-Cell-3,1,34.0,66.0,7180.582306694395,8117.531027807593
CTAGCATAGTATAATG-1-Topic-6-Cell-4,1,34.0,66.0,7327.608922440497,8166.66790353297
CTAGCATAGTATAATG-1-Topic-7-Cell-5,1,34.0,66.0,7236.598194382778,8006.967945553654
CTAGCATAGTATAATG-1-Topic-9-Cell-6,1,34.0,66.0,7191.603308934945,8210.661818490727
CTAGCCGATGTTATGA-1-Topic-6-Cell-1,1,23.0,101.0,5328.0,11582.0
CTAGCCGATGTTATGA-1-Topic-6-Cell-2,1,23.0,101.0,5361.034901211928,11545.938922215459
CTAGCCGATGTTATGA-1-Topic-6-Cell-3,1,23.0,101.0,5259.102603758962,11588.046556816444
CTAGCCGATGTTATGA-1-Topic-7-Cell-4,1,23.0,101.0,5395.222799818238,11633.538464003022
CTAGCCGATGTTATGA-1-Topic-7-Cell-5,1,23.0,101.0,5310.9632384874685,11485.68503297294
CTAGCCGATGTTATGA-1-Topic-7-Cell-6,1,23.0,101.0,5269.306069152901,11674.268914738599
CTAGCCGATGTTATGA-1-Topic-7-Cell-7,1,23.0,101.0,5443.685395307864,11550.901358761988
CTAGGCGCCCTATCAG-1-Topic-6-Cell-1,1,51.0,91.0,10184.0,10617.0
CTAGGCGCCCTATCAG-1-Topic-7-Cell-2,1,51.0,91.0,10227.701066596173,10569.295678086573
CTAGGCGCCCTATCAG-1-Topic-7-Cell-3,1,51.0,91.0,10092.857311783167,10624.998842812265
CTAGGCGCCCTATCAG-1-Topic-7-Cell-4,1,51.0,91.0,10272.927405376267,10685.178979353126
CTAGGTCTGAAGGAAT-1-Topic-3-Cell-1,1,36.0,104.0,7578.0,11895.0
CTAGGTCTGAAGGAAT-1-Topic-6-Cell-2,1,36.0,104.0,7628.461645126349,11839.91579380355
CTAGGTCTGAAGGAAT-1-Topic-6-Cell-3,1,36.0,104.0,7472.757488846692,11904.236268101733
CTAGGTTCGGACGTGA-1-Topic-6-Cell-1,1,58.0,70.0,11409.0,8535.0
CTAGGTTCGGACGTGA-1-Topic-6-Cell-2,1,58.0,70.0,11442.034901211928,8498.938922215459
CTAGGTTCGGACGTGA-1-Topic-6-Cell-3,1,58.0,70.0,11340.102603758962,8541.046556816444
CTAGGTTCGGACGTGA-1-Topic-6-Cell-4,1,58.0,70.0,11476.222799818237,8586.538464003022
CTAGGTTCGGACGTGA-1-Topic-6-Cell-5,1,58.0,70.0,11391.96323848747,8438.68503297294
CTAGGTTCGGACGTGA-1-Topic-6-Cell-6,1,58.0,70.0,11350.3060691529,8627.268914738599
CTAGGTTCGGACGTGA-1-Topic-6-Cell-7,1,58.0,70.0,11524.685395307864,8503.901358761988
CTAGTAGAAAGGGATT-1-Topic-5-Cell-1,1,63.0,81.0,12268.0,9635.0
CTAGTAGAAAGGGATT-1-Topic-5-Cell-2,1,63.0,81.0,12318.46164512635,9579.91579380355
CTAGTAGAAAGGGATT-1-Topic-6-Cell-3,1,63.0,81.0,12162.757488846692,9644.236268101733
CTAGTCACGTCTTAAG-1-Topic-0-Cell-1,1,37.0,69.0,7773.0,8412.0
CTAGTCACGTCTTAAG-1-Topic-4-Cell-2,1,37.0,69.0,7816.701066596173,8364.295678086573
CTAGTCACGTCTTAAG-1-Topic-4-Cell-3,1,37.0,69.0,7681.8573117831675,8419.998842812265
CTAGTCACGTCTTAAG-1-Topic-9-Cell-4,1,37.0,69.0,7861.927405376267,8480.178979353126
CTAGTGAAGGACAGGA-1-Topic-2-Cell-1,1,34.0,38.0,7273.0,5324.0
CTAGTGAAGGACAGGA-1-Topic-3-Cell-2,1,34.0,38.0,7316.701066596173,5276.295678086574
CTAGTGAAGGACAGGA-1-Topic-3-Cell-3,1,34.0,38.0,7181.8573117831675,5331.998842812265
CTAGTGAAGGACAGGA-1-Topic-7-Cell-4,1,34.0,38.0,7361.927405376267,5392.178979353126
CTAGTTACAACCCGGT-1-Topic-6-Cell-1,1,53.0,67.0,10545.0,8231.0
CTAGTTACAACCCGGT-1-Topic-6-Cell-2,1,53.0,67.0,10580.68177145867,8192.049584262211
CTAGTTACAACCCGGT-1-Topic-6-Cell-3,1,53.0,67.0,10470.582306694394,8237.531027807592
CTAGTTACAACCCGGT-1-Topic-6-Cell-4,1,53.0,67.0,10617.608922440497,8286.667903532969
CTAGTTACAACCCGGT-1-Topic-7-Cell-5,1,53.0,67.0,10526.59819438278,8126.967945553654
CTAGTTACAACCCGGT-1-Topic-7-Cell-6,1,53.0,67.0,10481.603308934946,8330.661818490727
CTAGTTGGGCCCGGTA-1-Topic-2-Cell-1,1,26.0,68.0,5869.0,8301.0
CTAGTTGGGCCCGGTA-1-Topic-2-Cell-2,1,26.0,68.0,5904.6817714586705,8262.049584262211
CTAGTTGGGCCCGGTA-1-Topic-6-Cell-3,1,26.0,68.0,5794.582306694395,8307.531027807592
CTAGTTGGGCCCGGTA-1-Topic-6-Cell-4,1,26.0,68.0,5941.608922440497,8356.667903532969
CTAGTTGGGCCCGGTA-1-Topic-7-Cell-5,1,26.0,68.0,5850.598194382778,8196.967945553655
CTAGTTGGGCCCGGTA-1-Topic-9-Cell-6,1,26.0,68.0,5805.603308934945,8400.661818490727
CTATAAGAGCCAATCG-1-Topic-6-Cell-1,1,26.0,100.0,5849.0,11486.0
CTATAAGAGCCAATCG-1-Topic-6-Cell-2,1,26.0,100.0,5888.087422239316,11443.331957352419
CTATAAGAGCCAATCG-1-Topic-6-Cell-3,1,26.0,100.0,5767.479501398037,11493.154382507824
CTATAAGAGCCAATCG-1-Topic-8-Cell-4,1,26.0,100.0,5928.5390893936055,11546.981132988058
CTATAAGAGCCAATCG-1-Topic-8-Cell-5,1,26.0,100.0,5828.841831929245,11372.038594152262
CTATAGGCGTTGATGT-1-Topic-0-Cell-1,1,62.0,38.0,12122.0,5354.0
CTATAGGCGTTGATGT-1-Topic-0-Cell-2,1,62.0,38.0,12157.68177145867,5315.049584262212
CTATAGGCGTTGATGT-1-Topic-0-Cell-3,1,62.0,38.0,12047.582306694394,5360.531027807593
CTATAGGCGTTGATGT-1-Topic-0-Cell-4,1,62.0,38.0,12194.608922440497,5409.66790353297
CTATAGGCGTTGATGT-1-Topic-3-Cell-5,1,62.0,38.0,12103.59819438278,5249.967945553654
CTATAGGCGTTGATGT-1-Topic-3-Cell-6,1,62.0,38.0,12058.603308934946,5453.6618184907275
CTATCGACGAAATACA-1-Topic-3-Cell-1,1,53.0,93.0,10529.0,10818.0
CTATCGACGAAATACA-1-Topic-3-Cell-2,1,53.0,93.0,10572.701066596173,10770.295678086573
CTATCGACGAAATACA-1-Topic-7-Cell-3,1,53.0,93.0,10437.857311783167,10825.998842812265
CTATCGACGAAATACA-1-Topic-7-Cell-4,1,53.0,93.0,10617.927405376267,10886.178979353126
CTATCGGGTCTCAACA-1-Topic-6-Cell-1,1,35.0,69.0,7427.0,8410.0
CTATCGGGTCTCAACA-1-Topic-6-Cell-2,1,35.0,69.0,7462.6817714586705,8371.049584262211
CTATCGGGTCTCAACA-1-Topic-7-Cell-3,1,35.0,69.0,7352.582306694395,8416.531027807592
CTATCGGGTCTCAACA-1-Topic-7-Cell-4,1,35.0,69.0,7499.608922440497,8465.667903532969
CTATCGGGTCTCAACA-1-Topic-7-Cell-5,1,35.0,69.0,7408.598194382778,8305.967945553655
CTATCGGGTCTCAACA-1-Topic-9-Cell-6,1,35.0,69.0,7363.603308934945,8509.661818490727
CTATGCCCGAATGCAA-1-Topic-5-Cell-1,1,63.0,59.0,12282.0,7445.0
CTATGCCCGAATGCAA-1-Topic-5-Cell-2,1,63.0,59.0,12332.46164512635,7389.91579380355
CTATGCCCGAATGCAA-1-Topic-5-Cell-3,1,63.0,59.0,12176.757488846692,7454.236268101734
CTATGGGAAGCGGAAT-1-Topic-6-Cell-1,1,54.0,104.0,10695.0,11914.0
CTATGGGAAGCGGAAT-1-Topic-6-Cell-2,1,54.0,104.0,10738.701066596173,11866.295678086573
CTATGGGAAGCGGAAT-1-Topic-7-Cell-3,1,54.0,104.0,10603.857311783167,11921.998842812265
CTATGGGAAGCGGAAT-1-Topic-7-Cell-4,1,54.0,104.0,10783.927405376267,11982.178979353126
CTATGTCACTAGCCCA-1-Topic-6-Cell-1,1,30.0,66.0,6563.0,8106.0
CTATGTCACTAGCCCA-1-Topic-7-Cell-2,1,30.0,66.0,6624.802641070479,8038.535900966221
CTATGTGAGTCACGGC-1-Topic-0-Cell-1,1,45.0,17.0,9191.0,3246.0
CTATGTGAGTCACGGC-1-Topic-3-Cell-2,1,45.0,17.0,9241.46164512635,3190.9157938035496
CTATGTGAGTCACGGC-1-Topic-4-Cell-3,1,45.0,17.0,9085.757488846692,3255.236268101734
CTATTCATGTGTCCCA-1-Topic-3-Cell-1,1,52.0,62.0,10375.0,7732.0
CTATTCATGTGTCCCA-1-Topic-4-Cell-2,1,52.0,62.0,10410.68177145867,7693.049584262212
CTATTCATGTGTCCCA-1-Topic-6-Cell-3,1,52.0,62.0,10300.582306694394,7738.531027807593
CTATTCATGTGTCCCA-1-Topic-6-Cell-4,1,52.0,62.0,10447.608922440497,7787.66790353297
CTATTCATGTGTCCCA-1-Topic-6-Cell-5,1,52.0,62.0,10356.59819438278,7627.967945553654
CTATTCATGTGTCCCA-1-Topic-6-Cell-6,1,52.0,62.0,10311.603308934946,7831.6618184907275
CTATTGTGTTTGGTCA-1-Topic-2-Cell-1,1,13.0,101.0,3597.0,11571.0
CTATTGTGTTTGGTCA-1-Topic-6-Cell-2,1,13.0,101.0,3636.087422239316,11528.331957352419
CTATTGTGTTTGGTCA-1-Topic-6-Cell-3,1,13.0,101.0,3515.479501398038,11578.154382507824
CTATTGTGTTTGGTCA-1-Topic-6-Cell-4,1,13.0,101.0,3676.539089393606,11631.981132988058
CTATTGTGTTTGGTCA-1-Topic-9-Cell-5,1,13.0,101.0,3576.841831929245,11457.038594152262
CTATTTGGTTACGGAT-1-Topic-3-Cell-1,1,36.0,82.0,7592.0,9705.0
CTATTTGGTTACGGAT-1-Topic-4-Cell-2,1,36.0,82.0,7635.701066596173,9657.295678086573
CTATTTGGTTACGGAT-1-Topic-4-Cell-3,1,36.0,82.0,7500.8573117831675,9712.998842812265
CTATTTGGTTACGGAT-1-Topic-7-Cell-4,1,36.0,82.0,7680.927405376267,9773.178979353126
CTCAAACCACTGCCCG-1-Topic-0-Cell-1,1,64.0,40.0,12467.0,5555.0
CTCAAACCACTGCCCG-1-Topic-3-Cell-2,1,64.0,40.0,12506.087422239316,5512.331957352419
CTCAAACCACTGCCCG-1-Topic-5-Cell-3,1,64.0,40.0,12385.479501398038,5562.154382507824
CTCAAACCACTGCCCG-1-Topic-5-Cell-4,1,64.0,40.0,12546.539089393606,5615.981132988058
CTCAAACCACTGCCCG-1-Topic-5-Cell-5,1,64.0,40.0,12446.841831929245,5441.038594152262
CTCAACTAACCCGGAT-1-Topic-2-Cell-1,1,63.0,85.0,12266.0,10033.0
CTCAACTAACCCGGAT-1-Topic-6-Cell-2,1,63.0,85.0,12309.701066596173,9985.295678086573
CTCAACTAACCCGGAT-1-Topic-6-Cell-3,1,63.0,85.0,12174.857311783167,10040.998842812265
CTCAACTAACCCGGAT-1-Topic-7-Cell-4,1,63.0,85.0,12354.927405376267,10101.178979353126
CTCAAGACATTAGCGC-1-Topic-3-Cell-1,1,14.0,102.0,3769.0,11672.0
CTCAAGACATTAGCGC-1-Topic-3-Cell-2,1,14.0,102.0,3808.087422239316,11629.331957352419
CTCAAGACATTAGCGC-1-Topic-7-Cell-3,1,14.0,102.0,3687.479501398038,11679.154382507824
CTCAAGACATTAGCGC-1-Topic-7-Cell-4,1,14.0,102.0,3848.539089393606,11732.981132988058
CTCAAGACATTAGCGC-1-Topic-8-Cell-5,1,14.0,102.0,3748.841831929245,11558.038594152262
CTCACATTTACTAAAT-1-Topic-3-Cell-1,1,62.0,68.0,12103.0,8340.0
CTCACATTTACTAAAT-1-Topic-5-Cell-2,1,62.0,68.0,12136.034901211928,8303.938922215459
CTCACATTTACTAAAT-1-Topic-6-Cell-3,1,62.0,68.0,12034.102603758962,8346.046556816444
CTCACATTTACTAAAT-1-Topic-6-Cell-4,1,62.0,68.0,12170.222799818237,8391.538464003022
CTCACATTTACTAAAT-1-Topic-6-Cell-5,1,62.0,68.0,12085.96323848747,8243.68503297294
CTCACATTTACTAAAT-1-Topic-7-Cell-6,1,62.0,68.0,12044.3060691529,8432.268914738599
CTCACATTTACTAAAT-1-Topic-7-Cell-7,1,62.0,68.0,12218.685395307864,8308.901358761988
CTCACTGTGATACTTA-1-Topic-2-Cell-1,1,63.0,75.0,12272.0,9038.0
CTCACTGTGATACTTA-1-Topic-2-Cell-2,1,63.0,75.0,12305.034901211928,9001.938922215459
CTCACTGTGATACTTA-1-Topic-5-Cell-3,1,63.0,75.0,12203.102603758962,9044.046556816444
CTCACTGTGATACTTA-1-Topic-6-Cell-4,1,63.0,75.0,12339.222799818237,9089.538464003022
CTCACTGTGATACTTA-1-Topic-6-Cell-5,1,63.0,75.0,12254.96323848747,8941.68503297294
CTCACTGTGATACTTA-1-Topic-6-Cell-6,1,63.0,75.0,12213.3060691529,9130.268914738599
CTCACTGTGATACTTA-1-Topic-7-Cell-7,1,63.0,75.0,12387.685395307864,9006.901358761988
CTCACTTGGCTGGTAA-1-Topic-6-Cell-1,1,40.0,26.0,8319.0,4136.0
CTCAGGACTCACCTGT-1-Topic-0-Cell-1,1,16.0,30.0,4161.0,4508.0
CTCAGGACTCACCTGT-1-Topic-0-Cell-2,1,16.0,30.0,4200.087422239316,4465.331957352419
CTCAGGACTCACCTGT-1-Topic-3-Cell-3,1,16.0,30.0,4079.479501398038,4515.154382507824
CTCAGGACTCACCTGT-1-Topic-5-Cell-4,1,16.0,30.0,4240.5390893936055,4568.981132988058
CTCAGGACTCACCTGT-1-Topic-5-Cell-5,1,16.0,30.0,4140.841831929245,4394.038594152262
CTCAGTCACGACAAAT-1-Topic-6-Cell-1,1,24.0,96.0,5505.0,11086.0
CTCAGTCACGACAAAT-1-Topic-6-Cell-2,1,24.0,96.0,5544.087422239316,11043.331957352419
CTCAGTCACGACAAAT-1-Topic-6-Cell-3,1,24.0,96.0,5423.479501398037,11093.154382507824
CTCAGTCACGACAAAT-1-Topic-6-Cell-4,1,24.0,96.0,5584.5390893936055,11146.981132988058
CTCAGTCACGACAAAT-1-Topic-6-Cell-5,1,24.0,96.0,5484.841831929245,10972.038594152262
CTCATGGTAATTTGCG-1-Topic-0-Cell-1,1,50.0,26.0,10051.0,4147.0
CTCATGGTAATTTGCG-1-Topic-0-Cell-2,1,50.0,26.0,10090.087422239316,4104.331957352419
CTCATGGTAATTTGCG-1-Topic-0-Cell-3,1,50.0,26.0,9969.479501398038,4154.154382507824
CTCATGGTAATTTGCG-1-Topic-3-Cell-4,1,50.0,26.0,10130.539089393606,4207.981132988058
CTCATGGTAATTTGCG-1-Topic-5-Cell-5,1,50.0,26.0,10030.841831929245,4033.0385941522622
CTCATTGCTCTAACAA-1-Topic-2-Cell-1,1,60.0,78.0,11751.0,9333.0
CTCATTGCTCTAACAA-1-Topic-2-Cell-2,1,60.0,78.0,11786.68177145867,9294.049584262211
CTCATTGCTCTAACAA-1-Topic-3-Cell-3,1,60.0,78.0,11676.582306694394,9339.531027807592
CTCATTGCTCTAACAA-1-Topic-6-Cell-4,1,60.0,78.0,11823.608922440497,9388.667903532969
CTCATTGCTCTAACAA-1-Topic-6-Cell-5,1,60.0,78.0,11732.59819438278,9228.967945553655
CTCATTGCTCTAACAA-1-Topic-6-Cell-6,1,60.0,78.0,11687.603308934946,9432.661818490727
CTCATTTGATGGGCGG-1-Topic-1-Cell-1,1,22.0,62.0,5180.0,7699.0
CTCATTTGATGGGCGG-1-Topic-3-Cell-2,1,22.0,62.0,5219.087422239316,7656.331957352419
CTCATTTGATGGGCGG-1-Topic-3-Cell-3,1,22.0,62.0,5098.479501398037,7706.154382507824
CTCATTTGATGGGCGG-1-Topic-3-Cell-4,1,22.0,62.0,5259.5390893936055,7759.981132988058
CTCATTTGATGGGCGG-1-Topic-8-Cell-5,1,22.0,62.0,5159.841831929245,7585.038594152262
CTCCCTCCTTTCGATC-1-Topic-0-Cell-1,1,51.0,23.0,10226.0,3849.0
CTCCCTCCTTTCGATC-1-Topic-0-Cell-2,1,51.0,23.0,10255.13404439745,3817.1971187243826
CTCCCTCCTTTCGATC-1-Topic-0-Cell-3,1,51.0,23.0,10165.238207855446,3854.3325618748436
CTCCCTCCTTTCGATC-1-Topic-0-Cell-4,1,51.0,23.0,10285.284936917511,3894.452652902084
CTCCCTCCTTTCGATC-1-Topic-0-Cell-5,1,51.0,23.0,10210.974988630642,3764.058183237672
CTCCCTCCTTTCGATC-1-Topic-0-Cell-6,1,51.0,23.0,10174.236818503252,3930.3735340467183
CTCCCTCCTTTCGATC-1-Topic-0-Cell-7,1,51.0,23.0,10328.024928768937,3821.5735763907346
CTCCCTCCTTTCGATC-1-Topic-5-Cell-8,1,51.0,23.0,10124.731632376777,3796.405054219889
CTCCCTCCTTTCGATC-1-Topic-5-Cell-9,1,51.0,23.0,10267.847516403668,3963.588445202443
CTCCGCCCACATGAGG-1-Topic-0-Cell-1,1,43.0,39.0,8831.0,5433.0
CTCCGCCCACATGAGG-1-Topic-3-Cell-2,1,43.0,39.0,8870.087422239316,5390.331957352419
CTCCGCCCACATGAGG-1-Topic-3-Cell-3,1,43.0,39.0,8749.479501398038,5440.154382507824
CTCCGCCCACATGAGG-1-Topic-3-Cell-4,1,43.0,39.0,8910.539089393606,5493.981132988058
CTCCGCCCACATGAGG-1-Topic-3-Cell-5,1,43.0,39.0,8810.841831929245,5319.038594152262
CTCCGGCCTAATATGC-1-Topic-2-Cell-1,1,19.0,59.0,4662.0,7398.0
CTCCGGCCTAATATGC-1-Topic-3-Cell-2,1,19.0,59.0,4701.087422239316,7355.331957352419
CTCCGGCCTAATATGC-1-Topic-3-Cell-3,1,19.0,59.0,4580.479501398037,7405.154382507824
CTCCGGCCTAATATGC-1-Topic-6-Cell-4,1,19.0,59.0,4741.5390893936055,7458.981132988058
CTCCGGCCTAATATGC-1-Topic-6-Cell-5,1,19.0,59.0,4641.841831929245,7284.038594152262
CTCCTCCAGCTCACAC-1-Topic-3-Cell-1,1,62.0,50.0,12114.0,6548.0
CTCCTCCAGCTCACAC-1-Topic-3-Cell-2,1,62.0,50.0,12157.701066596173,6500.295678086574
CTCCTCCAGCTCACAC-1-Topic-3-Cell-3,1,62.0,50.0,12022.857311783167,6555.998842812265
CTCCTCCAGCTCACAC-1-Topic-3-Cell-4,1,62.0,50.0,12202.927405376267,6616.178979353126
CTCCTTTACGCAAGTC-1-Topic-4-Cell-1,1,23.0,109.0,5323.0,12378.0
CTCCTTTACGCAAGTC-1-Topic-6-Cell-2,1,23.0,109.0,5353.901320535239,12344.26795048311
CTCCTTTACGCAAGTC-1-Topic-6-Cell-3,1,23.0,109.0,5258.552387106307,12383.656035994198
CTCCTTTACGCAAGTC-1-Topic-6-Cell-4,1,23.0,109.0,5385.881171374884,12426.209818634972
CTCCTTTACGCAAGTC-1-Topic-6-Cell-5,1,23.0,109.0,5307.063568859983,12287.90559804158
CTCCTTTACGCAAGTC-1-Topic-6-Cell-6,1,23.0,109.0,5268.0968550217885,12464.309666600324
CTCCTTTACGCAAGTC-1-Topic-6-Cell-7,1,23.0,109.0,5431.213778473883,12348.90988482329
CTCCTTTACGCAAGTC-1-Topic-6-Cell-8,1,23.0,109.0,5215.588675800891,12322.214635774117
CTCGAGGTCGAACAGT-1-Topic-2-Cell-1,1,29.0,59.0,6394.0,7408.0
CTCGAGGTCGAACAGT-1-Topic-2-Cell-2,1,29.0,59.0,6423.1340443974495,7376.197118724383
CTCGAGGTCGAACAGT-1-Topic-3-Cell-3,1,29.0,59.0,6333.238207855446,7413.332561874843
CTCGAGGTCGAACAGT-1-Topic-3-Cell-4,1,29.0,59.0,6453.284936917512,7453.452652902084
CTCGAGGTCGAACAGT-1-Topic-3-Cell-5,1,29.0,59.0,6378.974988630642,7323.058183237672
CTCGAGGTCGAACAGT-1-Topic-6-Cell-6,1,29.0,59.0,6342.236818503251,7489.373534046718
CTCGAGGTCGAACAGT-1-Topic-7-Cell-7,1,29.0,59.0,6496.024928768936,7380.573576390734
CTCGAGGTCGAACAGT-1-Topic-7-Cell-8,1,29.0,59.0,6292.731632376778,7355.405054219888
CTCGAGGTCGAACAGT-1-Topic-7-Cell-9,1,29.0,59.0,6435.847516403668,7522.588445202443
CTCGATATTTGCGAGC-1-Topic-3-Cell-1,1,23.0,99.0,5330.0,11383.0
CTCGATATTTGCGAGC-1-Topic-4-Cell-2,1,23.0,99.0,5369.087422239316,11340.331957352419
CTCGATATTTGCGAGC-1-Topic-6-Cell-3,1,23.0,99.0,5248.479501398037,11390.154382507824
CTCGATATTTGCGAGC-1-Topic-6-Cell-4,1,23.0,99.0,5409.5390893936055,11443.981132988058
CTCGATATTTGCGAGC-1-Topic-7-Cell-5,1,23.0,99.0,5309.841831929245,11269.038594152262
CTCGCACCTATATAGT-1-Topic-2-Cell-1,1,24.0,68.0,5522.0,8299.0
CTCGCACCTATATAGT-1-Topic-2-Cell-2,1,24.0,68.0,5555.034901211928,8262.938922215459
CTCGCACCTATATAGT-1-Topic-4-Cell-3,1,24.0,68.0,5453.102603758962,8305.046556816444
CTCGCACCTATATAGT-1-Topic-6-Cell-4,1,24.0,68.0,5589.222799818238,8350.538464003022
CTCGCACCTATATAGT-1-Topic-6-Cell-5,1,24.0,68.0,5504.9632384874685,8202.68503297294
CTCGCACCTATATAGT-1-Topic-6-Cell-6,1,24.0,68.0,5463.306069152901,8391.268914738599
CTCGCACCTATATAGT-1-Topic-6-Cell-7,1,24.0,68.0,5637.685395307864,8267.901358761988
CTCGCCGAATGTAGGG-1-Topic-5-Cell-1,1,60.0,64.0,11759.0,7940.0
CTCGCCGAATGTAGGG-1-Topic-5-Cell-2,1,60.0,64.0,11788.13404439745,7908.197118724383
CTCGCCGAATGTAGGG-1-Topic-5-Cell-3,1,60.0,64.0,11698.238207855446,7945.332561874843
CTCGCCGAATGTAGGG-1-Topic-6-Cell-4,1,60.0,64.0,11818.284936917511,7985.452652902084
CTCGCCGAATGTAGGG-1-Topic-6-Cell-5,1,60.0,64.0,11743.974988630642,7855.058183237672
CTCGCCGAATGTAGGG-1-Topic-6-Cell-6,1,60.0,64.0,11707.236818503252,8021.373534046718
CTCGCCGAATGTAGGG-1-Topic-6-Cell-7,1,60.0,64.0,11861.024928768937,7912.573576390734
CTCGCCGAATGTAGGG-1-Topic-6-Cell-8,1,60.0,64.0,11657.731632376777,7887.405054219888
CTCGCCGAATGTAGGG-1-Topic-6-Cell-9,1,60.0,64.0,11800.847516403668,8054.588445202443
CTCGGGTTCTCTGGCC-1-Topic-0-Cell-1,1,61.0,27.0,11956.0,4258.0
CTCGGGTTCTCTGGCC-1-Topic-0-Cell-2,1,61.0,27.0,11995.087422239316,4215.331957352419
CTCGGGTTCTCTGGCC-1-Topic-0-Cell-3,1,61.0,27.0,11874.479501398038,4265.154382507824
CTCGGGTTCTCTGGCC-1-Topic-0-Cell-4,1,61.0,27.0,12035.539089393606,4318.981132988058
CTCGGGTTCTCTGGCC-1-Topic-5-Cell-5,1,61.0,27.0,11935.841831929245,4144.038594152262
CTCGGTACCACTGCTC-1-Topic-4-Cell-1,1,41.0,81.0,8458.0,9611.0
CTCGGTACCACTGCTC-1-Topic-4-Cell-2,1,41.0,81.0,8493.68177145867,9572.049584262211
CTCGGTACCACTGCTC-1-Topic-4-Cell-3,1,41.0,81.0,8383.582306694394,9617.531027807592
CTCGGTACCACTGCTC-1-Topic-4-Cell-4,1,41.0,81.0,8530.608922440497,9666.667903532969
CTCGGTACCACTGCTC-1-Topic-6-Cell-5,1,41.0,81.0,8439.59819438278,9506.967945553655
CTCGGTACCACTGCTC-1-Topic-9-Cell-6,1,41.0,81.0,8394.603308934946,9710.661818490727
CTCGGTCCGTAGCCTG-1-Topic-8-Cell-1,1,18.0,50.0,4494.0,6501.0
CTCGGTTGTCGGCCCT-1-Topic-0-Cell-1,1,56.0,26.0,11090.0,4153.0
CTCGGTTGTCGGCCCT-1-Topic-0-Cell-2,1,56.0,26.0,11129.087422239316,4110.331957352419
CTCGGTTGTCGGCCCT-1-Topic-0-Cell-3,1,56.0,26.0,11008.479501398038,4160.154382507824
CTCGGTTGTCGGCCCT-1-Topic-0-Cell-4,1,56.0,26.0,11169.539089393606,4213.981132988058
CTCGGTTGTCGGCCCT-1-Topic-0-Cell-5,1,56.0,26.0,11069.841831929245,4039.0385941522622
CTCGTCGAGGGCTCAT-1-Topic-0-Cell-1,1,60.0,18.0,11788.0,3361.0
CTCGTTTCTAATGTTT-1-Topic-6-Cell-1,1,22.0,104.0,5153.0,11880.0
CTCGTTTCTAATGTTT-1-Topic-6-Cell-2,1,22.0,104.0,5188.6817714586705,11841.049584262211
CTCGTTTCTAATGTTT-1-Topic-6-Cell-3,1,22.0,104.0,5078.582306694395,11886.531027807592
CTCGTTTCTAATGTTT-1-Topic-6-Cell-4,1,22.0,104.0,5225.608922440497,11935.667903532969
CTCGTTTCTAATGTTT-1-Topic-6-Cell-5,1,22.0,104.0,5134.598194382778,11775.967945553655
CTCGTTTCTAATGTTT-1-Topic-6-Cell-6,1,22.0,104.0,5089.603308934945,11979.661818490727
CTCTAATGCATTGATC-1-Topic-6-Cell-1,1,24.0,110.0,5496.0,12479.0
CTCTAATGCATTGATC-1-Topic-7-Cell-2,1,24.0,110.0,5531.6817714586705,12440.049584262211
CTCTAATGCATTGATC-1-Topic-7-Cell-3,1,24.0,110.0,5421.582306694395,12485.531027807592
CTCTAATGCATTGATC-1-Topic-7-Cell-4,1,24.0,110.0,5568.608922440497,12534.667903532969
CTCTAATGCATTGATC-1-Topic-7-Cell-5,1,24.0,110.0,5477.598194382778,12374.967945553655
CTCTAATGCATTGATC-1-Topic-9-Cell-6,1,24.0,110.0,5432.603308934945,12578.661818490727
CTCTACACTGGCGATT-1-Topic-0-Cell-1,1,43.0,17.0,8845.0,3243.0
CTCTACACTGGCGATT-1-Topic-3-Cell-2,1,43.0,17.0,8884.087422239316,3200.3319573524186
CTCTACACTGGCGATT-1-Topic-3-Cell-3,1,43.0,17.0,8763.479501398038,3250.1543825078243
CTCTACACTGGCGATT-1-Topic-3-Cell-4,1,43.0,17.0,8924.539089393606,3303.9811329880577
CTCTACACTGGCGATT-1-Topic-3-Cell-5,1,43.0,17.0,8824.841831929245,3129.0385941522622
CTCTAGCCCTCGGAAA-1-Topic-6-Cell-1,1,66.0,90.0,12782.0,10534.0
CTCTAGCCCTCGGAAA-1-Topic-6-Cell-2,1,66.0,90.0,12817.68177145867,10495.049584262211
CTCTAGCCCTCGGAAA-1-Topic-6-Cell-3,1,66.0,90.0,12707.582306694394,10540.531027807592
CTCTAGCCCTCGGAAA-1-Topic-7-Cell-4,1,66.0,90.0,12854.608922440497,10589.667903532969
CTCTAGCCCTCGGAAA-1-Topic-7-Cell-5,1,66.0,90.0,12763.59819438278,10429.967945553655
CTCTAGCCCTCGGAAA-1-Topic-7-Cell-6,1,66.0,90.0,12718.603308934946,10633.661818490727
CTCTATTTGGCTGCAG-1-Topic-2-Cell-1,1,48.0,68.0,9679.0,8325.0
CTCTATTTGGCTGCAG-1-Topic-2-Cell-2,1,48.0,68.0,9712.034901211928,8288.938922215459
CTCTATTTGGCTGCAG-1-Topic-3-Cell-3,1,48.0,68.0,9610.102603758962,8331.046556816444
CTCTATTTGGCTGCAG-1-Topic-4-Cell-4,1,48.0,68.0,9746.222799818237,8376.538464003022
CTCTATTTGGCTGCAG-1-Topic-4-Cell-5,1,48.0,68.0,9661.96323848747,8228.68503297294
CTCTATTTGGCTGCAG-1-Topic-5-Cell-6,1,48.0,68.0,9620.3060691529,8417.268914738599
CTCTATTTGGCTGCAG-1-Topic-6-Cell-7,1,48.0,68.0,9794.685395307864,8293.901358761988
CTCTCACAATCGATGA-1-Topic-4-Cell-1,1,32.0,70.0,6906.0,8506.0
CTCTCACAATCGATGA-1-Topic-6-Cell-2,1,32.0,70.0,6939.034901211928,8469.938922215459
CTCTCACAATCGATGA-1-Topic-6-Cell-3,1,32.0,70.0,6837.102603758962,8512.046556816444
CTCTCACAATCGATGA-1-Topic-6-Cell-4,1,32.0,70.0,6973.222799818238,8557.538464003022
CTCTCACAATCGATGA-1-Topic-7-Cell-5,1,32.0,70.0,6888.9632384874685,8409.68503297294
CTCTCACAATCGATGA-1-Topic-9-Cell-6,1,32.0,70.0,6847.306069152901,8598.268914738599
CTCTCACAATCGATGA-1-Topic-9-Cell-7,1,32.0,70.0,7021.685395307864,8474.901358761988
CTCTCTAACTGCCTAG-1-Topic-0-Cell-1,1,57.0,21.0,11267.0,3657.0
CTCTCTAACTGCCTAG-1-Topic-0-Cell-2,1,57.0,21.0,11306.087422239316,3614.3319573524186
CTCTCTAACTGCCTAG-1-Topic-0-Cell-3,1,57.0,21.0,11185.479501398038,3664.1543825078243
CTCTCTAACTGCCTAG-1-Topic-0-Cell-4,1,57.0,21.0,11346.539089393606,3717.9811329880577
CTCTCTAACTGCCTAG-1-Topic-6-Cell-5,1,57.0,21.0,11246.841831929245,3543.0385941522622
CTCTGGACGCCTGGTG-1-Topic-3-Cell-1,1,32.0,62.0,6911.0,7710.0
CTCTGGACGCCTGGTG-1-Topic-3-Cell-2,1,32.0,62.0,6954.701066596173,7662.295678086574
CTCTGGACGCCTGGTG-1-Topic-3-Cell-3,1,32.0,62.0,6819.8573117831675,7717.998842812265
CTCTGGACGCCTGGTG-1-Topic-8-Cell-4,1,32.0,62.0,6999.927405376267,7778.178979353126
CTCTTCTATTGACTGG-1-Topic-6-Cell-1,1,46.0,100.0,9312.0,11508.0
CTCTTCTATTGACTGG-1-Topic-9-Cell-2,1,46.0,100.0,9355.701066596173,11460.295678086573
CTCTTCTATTGACTGG-1-Topic-9-Cell-3,1,46.0,100.0,9220.857311783167,11515.998842812265
CTCTTCTATTGACTGG-1-Topic-9-Cell-4,1,46.0,100.0,9400.927405376267,11576.178979353126
CTCTTCTGGAAGTTAG-1-Topic-3-Cell-1,1,62.0,40.0,12121.0,5553.0
CTCTTCTGGAAGTTAG-1-Topic-3-Cell-2,1,62.0,40.0,12171.46164512635,5497.91579380355
CTCTTCTGGAAGTTAG-1-Topic-3-Cell-3,1,62.0,40.0,12015.757488846692,5562.236268101734
CTCTTGTCCCGCTTGG-1-Topic-0-Cell-1,1,54.0,58.0,10724.0,7336.0
CTCTTGTCCCGCTTGG-1-Topic-6-Cell-2,1,54.0,58.0,10774.46164512635,7280.91579380355
CTCTTGTCCCGCTTGG-1-Topic-6-Cell-3,1,54.0,58.0,10618.757488846692,7345.236268101734
CTGAAAGAGATCCGAC-1-Topic-1-Cell-1,1,19.0,69.0,4656.0,8393.0
CTGAAAGAGATCCGAC-1-Topic-3-Cell-2,1,19.0,69.0,4695.087422239316,8350.331957352419
CTGAAAGAGATCCGAC-1-Topic-7-Cell-3,1,19.0,69.0,4574.479501398037,8400.154382507824
CTGAAAGAGATCCGAC-1-Topic-8-Cell-4,1,19.0,69.0,4735.5390893936055,8453.981132988058
CTGAAAGAGATCCGAC-1-Topic-8-Cell-5,1,19.0,69.0,4635.841831929245,8279.038594152262
CTGAATCCGAGACCTC-1-Topic-0-Cell-1,1,47.0,53.0,9515.0,6831.0
CTGAATCCGAGACCTC-1-Topic-5-Cell-2,1,47.0,53.0,9558.701066596173,6783.295678086574
CTGAATCCGAGACCTC-1-Topic-7-Cell-3,1,47.0,53.0,9423.857311783167,6838.998842812265
CTGAATCCGAGACCTC-1-Topic-7-Cell-4,1,47.0,53.0,9603.927405376267,6899.178979353126
CTGAATTTATTGCCAG-1-Topic-6-Cell-1,1,22.0,106.0,5152.0,12079.0
CTGAATTTATTGCCAG-1-Topic-6-Cell-2,1,22.0,106.0,5187.6817714586705,12040.049584262211
CTGAATTTATTGCCAG-1-Topic-6-Cell-3,1,22.0,106.0,5077.582306694395,12085.531027807592
CTGAATTTATTGCCAG-1-Topic-6-Cell-4,1,22.0,106.0,5224.608922440497,12134.667903532969
CTGAATTTATTGCCAG-1-Topic-6-Cell-5,1,22.0,106.0,5133.598194382778,11974.967945553655
CTGAATTTATTGCCAG-1-Topic-6-Cell-6,1,22.0,106.0,5088.603308934945,12178.661818490727
CTGACTGCGCAGCTCG-1-Topic-6-Cell-1,1,31.0,101.0,6714.0,11591.0
CTGACTGCGCAGCTCG-1-Topic-6-Cell-2,1,31.0,101.0,6749.6817714586705,11552.049584262211
CTGACTGCGCAGCTCG-1-Topic-6-Cell-3,1,31.0,101.0,6639.582306694395,11597.531027807592
CTGACTGCGCAGCTCG-1-Topic-7-Cell-4,1,31.0,101.0,6786.608922440497,11646.667903532969
CTGACTGCGCAGCTCG-1-Topic-7-Cell-5,1,31.0,101.0,6695.598194382778,11486.967945553655
CTGACTGCGCAGCTCG-1-Topic-9-Cell-6,1,31.0,101.0,6650.603308934945,11690.661818490727
CTGATAGTGTATCTCA-1-Topic-4-Cell-1,1,32.0,16.0,6940.0,3132.0
CTGATAGTGTATCTCA-1-Topic-4-Cell-2,1,32.0,16.0,6990.461645126349,3076.9157938035496
CTGATAGTGTATCTCA-1-Topic-9-Cell-3,1,32.0,16.0,6834.757488846692,3141.236268101734
CTGCACAACTACATAT-1-Topic-4-Cell-1,1,50.0,76.0,10020.0,9123.0
CTGCACAACTACATAT-1-Topic-4-Cell-2,1,50.0,76.0,10055.68177145867,9084.049584262211
CTGCACAACTACATAT-1-Topic-6-Cell-3,1,50.0,76.0,9945.582306694394,9129.531027807592
CTGCACAACTACATAT-1-Topic-7-Cell-4,1,50.0,76.0,10092.608922440497,9178.667903532969
CTGCACAACTACATAT-1-Topic-9-Cell-5,1,50.0,76.0,10001.59819438278,9018.967945553655
CTGCACAACTACATAT-1-Topic-9-Cell-6,1,50.0,76.0,9956.603308934946,9222.661818490727
CTGCACTCCAGTACAG-1-Topic-2-Cell-1,1,54.0,70.0,10716.0,8530.0
CTGCACTCCAGTACAG-1-Topic-4-Cell-2,1,54.0,70.0,10751.68177145867,8491.049584262211
CTGCACTCCAGTACAG-1-Topic-6-Cell-3,1,54.0,70.0,10641.582306694394,8536.531027807592
CTGCACTCCAGTACAG-1-Topic-6-Cell-4,1,54.0,70.0,10788.608922440497,8585.667903532969
CTGCACTCCAGTACAG-1-Topic-6-Cell-5,1,54.0,70.0,10697.59819438278,8425.967945553655
CTGCACTCCAGTACAG-1-Topic-6-Cell-6,1,54.0,70.0,10652.603308934946,8629.661818490727
CTGCAGAGAATCAGAG-1-Topic-3-Cell-1,1,61.0,101.0,11909.0,11623.0
CTGCAGAGAATCAGAG-1-Topic-7-Cell-2,1,61.0,101.0,11970.802641070479,11555.53590096622
CTGCCAAGGTTGGAAG-1-Topic-0-Cell-1,1,21.0,77.0,4997.0,9191.0
CTGCCAAGGTTGGAAG-1-Topic-6-Cell-2,1,21.0,77.0,5032.6817714586705,9152.049584262211
CTGCCAAGGTTGGAAG-1-Topic-6-Cell-3,1,21.0,77.0,4922.582306694395,9197.531027807592
CTGCCAAGGTTGGAAG-1-Topic-6-Cell-4,1,21.0,77.0,5069.608922440497,9246.667903532969
CTGCCAAGGTTGGAAG-1-Topic-8-Cell-5,1,21.0,77.0,4978.598194382778,9086.967945553655
CTGCCAAGGTTGGAAG-1-Topic-8-Cell-6,1,21.0,77.0,4933.603308934945,9290.661818490727
CTGCCATGCATCACAT-1-Topic-3-Cell-1,1,40.0,62.0,8297.0,7719.0
CTGCCATGCATCACAT-1-Topic-3-Cell-2,1,40.0,62.0,8332.68177145867,7680.049584262212
CTGCCATGCATCACAT-1-Topic-3-Cell-3,1,40.0,62.0,8222.582306694394,7725.531027807593
CTGCCATGCATCACAT-1-Topic-3-Cell-4,1,40.0,62.0,8369.608922440497,7774.66790353297
CTGCCATGCATCACAT-1-Topic-3-Cell-5,1,40.0,62.0,8278.59819438278,7614.967945553654
CTGCCATGCATCACAT-1-Topic-3-Cell-6,1,40.0,62.0,8233.603308934946,7818.6618184907275
CTGCCTTTAATACCTT-1-Topic-0-Cell-1,1,64.0,28.0,12475.0,4361.0
CTGCCTTTAATACCTT-1-Topic-3-Cell-2,1,64.0,28.0,12525.46164512635,4305.91579380355
CTGCCTTTAATACCTT-1-Topic-3-Cell-3,1,64.0,28.0,12369.757488846692,4370.236268101734
CTGCCTTTCTAGTAAA-1-Topic-3-Cell-1,1,63.0,93.0,12261.0,10829.0
CTGCCTTTCTAGTAAA-1-Topic-7-Cell-2,1,63.0,93.0,12322.802641070479,10761.53590096622
CTGCGGGTGAAATGTT-1-Topic-3-Cell-1,1,31.0,23.0,6763.0,3828.0
CTGCGGGTGAAATGTT-1-Topic-3-Cell-2,1,31.0,23.0,6813.461645126349,3772.9157938035496
CTGCGGGTGAAATGTT-1-Topic-3-Cell-3,1,31.0,23.0,6657.757488846692,3837.236268101734
CTGCTGAGGCCACGAA-1-Topic-0-Cell-1,1,49.0,35.0,9872.0,5041.0
CTGCTGAGGCCACGAA-1-Topic-3-Cell-2,1,49.0,35.0,9922.46164512635,4985.91579380355
CTGCTGAGGCCACGAA-1-Topic-6-Cell-3,1,49.0,35.0,9766.757488846692,5050.236268101734
CTGCTTGGCGATAGCT-1-Topic-4-Cell-1,1,53.0,75.0,10540.0,9027.0
CTGCTTGGCGATAGCT-1-Topic-4-Cell-2,1,53.0,75.0,10570.90132053524,8993.26795048311
CTGCTTGGCGATAGCT-1-Topic-4-Cell-3,1,53.0,75.0,10475.552387106307,9032.656035994198
CTGCTTGGCGATAGCT-1-Topic-9-Cell-4,1,53.0,75.0,10602.881171374884,9075.209818634972
CTGCTTGGCGATAGCT-1-Topic-9-Cell-5,1,53.0,75.0,10524.063568859983,8936.90559804158
CTGCTTGGCGATAGCT-1-Topic-9-Cell-6,1,53.0,75.0,10485.096855021788,9113.309666600324
CTGCTTGGCGATAGCT-1-Topic-9-Cell-7,1,53.0,75.0,10648.213778473884,8997.90988482329
CTGCTTGGCGATAGCT-1-Topic-9-Cell-8,1,53.0,75.0,10432.588675800891,8971.214635774117
CTGGAAATGGATGCTT-1-Topic-6-Cell-1,1,29.0,53.0,6398.0,6811.0
CTGGAAATGGATGCTT-1-Topic-6-Cell-2,1,29.0,53.0,6441.701066596173,6763.295678086574
CTGGAAATGGATGCTT-1-Topic-6-Cell-3,1,29.0,53.0,6306.8573117831675,6818.998842812265
CTGGAAATGGATGCTT-1-Topic-7-Cell-4,1,29.0,53.0,6486.927405376267,6879.178979353126
CTGGAAGACACGGTGG-1-Topic-6-Cell-1,1,50.0,88.0,10013.0,10318.0
CTGGAAGACACGGTGG-1-Topic-6-Cell-2,1,50.0,88.0,10063.46164512635,10262.91579380355
CTGGAAGACACGGTGG-1-Topic-9-Cell-3,1,50.0,88.0,9907.757488846692,10327.236268101733
CTGGACGCAGTCCGGC-1-Topic-0-Cell-1,1,51.0,13.0,10233.0,2854.0
CTGGACGCAGTCCGGC-1-Topic-0-Cell-2,1,51.0,13.0,10283.46164512635,2798.9157938035496
CTGGACGCAGTCCGGC-1-Topic-0-Cell-3,1,51.0,13.0,10127.757488846692,2863.236268101734
CTGGATTTACACTTGA-1-Topic-0-Cell-1,1,49.0,55.0,9860.0,7032.0
CTGGATTTACACTTGA-1-Topic-0-Cell-2,1,49.0,55.0,9903.701066596173,6984.295678086574
CTGGATTTACACTTGA-1-Topic-2-Cell-3,1,49.0,55.0,9768.857311783167,7039.998842812265
CTGGATTTACACTTGA-1-Topic-6-Cell-4,1,49.0,55.0,9948.927405376267,7100.178979353126
CTGGCATCCGAATGAG-1-Topic-3-Cell-1,1,48.0,26.0,9705.0,4145.0
CTGGCATCCGAATGAG-1-Topic-5-Cell-2,1,48.0,26.0,9755.46164512635,4089.9157938035496
CTGGCATCCGAATGAG-1-Topic-5-Cell-3,1,48.0,26.0,9599.757488846692,4154.236268101734
CTGGCGACATAAGTCC-1-Topic-4-Cell-1,1,17.0,81.0,4302.0,9585.0
CTGGCGACATAAGTCC-1-Topic-6-Cell-2,1,17.0,81.0,4345.701066596173,9537.295678086573
CTGGCGACATAAGTCC-1-Topic-7-Cell-3,1,17.0,81.0,4210.8573117831675,9592.998842812265
CTGGCGACATAAGTCC-1-Topic-8-Cell-4,1,17.0,81.0,4390.927405376267,9653.178979353126
CTGGCGCACAGGTCTG-1-Topic-3-Cell-1,1,37.0,89.0,7761.0,10403.0
CTGGCGCACAGGTCTG-1-Topic-4-Cell-2,1,37.0,89.0,7804.701066596173,10355.295678086573
CTGGCGCACAGGTCTG-1-Topic-7-Cell-3,1,37.0,89.0,7669.8573117831675,10410.998842812265
CTGGCGCACAGGTCTG-1-Topic-7-Cell-4,1,37.0,89.0,7849.927405376267,10471.178979353126
CTGGCGGGAATAAGTA-1-Topic-0-Cell-1,1,20.0,22.0,4858.0,3716.0
CTGGCGGGAATAAGTA-1-Topic-0-Cell-2,1,20.0,22.0,4897.087422239316,3673.3319573524186
CTGGCGGGAATAAGTA-1-Topic-0-Cell-3,1,20.0,22.0,4776.479501398037,3723.1543825078243
CTGGCGGGAATAAGTA-1-Topic-7-Cell-4,1,20.0,22.0,4937.5390893936055,3776.9811329880577
CTGGCGGGAATAAGTA-1-Topic-8-Cell-5,1,20.0,22.0,4837.841831929245,3602.0385941522622
CTGGCTGATTCATCCT-1-Topic-7-Cell-1,1,44.0,96.0,8968.0,11107.0
CTGGCTGGTTGTCAGT-1-Topic-3-Cell-1,1,54.0,56.0,10725.0,7137.0
CTGGCTGGTTGTCAGT-1-Topic-6-Cell-2,1,54.0,56.0,10786.802641070479,7069.535900966221
CTGGGATAAATAATGG-1-Topic-4-Cell-1,1,38.0,84.0,7937.0,9906.0
CTGGGATAAATAATGG-1-Topic-4-Cell-2,1,38.0,84.0,7972.6817714586705,9867.049584262211
CTGGGATAAATAATGG-1-Topic-6-Cell-3,1,38.0,84.0,7862.582306694395,9912.531027807592
CTGGGATAAATAATGG-1-Topic-6-Cell-4,1,38.0,84.0,8009.608922440497,9961.667903532969
CTGGGATAAATAATGG-1-Topic-7-Cell-5,1,38.0,84.0,7918.598194382778,9801.967945553655
CTGGGATAAATAATGG-1-Topic-7-Cell-6,1,38.0,84.0,7873.603308934945,10005.661818490727
CTGGGCCTGCTATATC-1-Topic-0-Cell-1,1,44.0,30.0,9010.0,4538.0
CTGGGCCTGCTATATC-1-Topic-3-Cell-2,1,44.0,30.0,9053.701066596173,4490.295678086574
CTGGGCCTGCTATATC-1-Topic-6-Cell-3,1,44.0,30.0,8918.857311783167,4545.998842812265
CTGGGCCTGCTATATC-1-Topic-6-Cell-4,1,44.0,30.0,9098.927405376267,4606.178979353126
CTGGGTAGGCAGTTAA-1-Topic-9-Cell-1,1,43.0,79.0,8806.0,9414.0
CTGGGTAGGCAGTTAA-1-Topic-9-Cell-2,1,43.0,79.0,8867.802641070479,9346.53590096622
CTGGGTTGAGTTAAAG-1-Topic-6-Cell-1,1,53.0,11.0,10580.0,2657.0
CTGGTAACACATAGAA-1-Topic-5-Cell-1,1,42.0,88.0,8627.0,10309.0
CTGGTAACACATAGAA-1-Topic-7-Cell-2,1,42.0,88.0,8670.701066596173,10261.295678086573
CTGGTAACACATAGAA-1-Topic-7-Cell-3,1,42.0,88.0,8535.857311783167,10316.998842812265
CTGGTAACACATAGAA-1-Topic-7-Cell-4,1,42.0,88.0,8715.927405376267,10377.178979353126
CTGGTAACGAGCTCTT-1-Topic-4-Cell-1,1,29.0,97.0,6370.0,11191.0
CTGGTAACGAGCTCTT-1-Topic-6-Cell-2,1,29.0,97.0,6405.6817714586705,11152.049584262211
CTGGTAACGAGCTCTT-1-Topic-6-Cell-3,1,29.0,97.0,6295.582306694395,11197.531027807592
CTGGTAACGAGCTCTT-1-Topic-6-Cell-4,1,29.0,97.0,6442.608922440497,11246.667903532969
CTGGTAACGAGCTCTT-1-Topic-6-Cell-5,1,29.0,97.0,6351.598194382778,11086.967945553655
CTGGTAACGAGCTCTT-1-Topic-9-Cell-6,1,29.0,97.0,6306.603308934945,11290.661818490727
CTGGTTTCGAGCAAGA-1-Topic-6-Cell-1,1,46.0,88.0,9320.0,10313.0
CTGGTTTCGAGCAAGA-1-Topic-6-Cell-2,1,46.0,88.0,9363.701066596173,10265.295678086573
CTGGTTTCGAGCAAGA-1-Topic-6-Cell-3,1,46.0,88.0,9228.857311783167,10320.998842812265
CTGGTTTCGAGCAAGA-1-Topic-9-Cell-4,1,46.0,88.0,9408.927405376267,10381.178979353126
CTGTACTTCTTAGCAT-1-Topic-0-Cell-1,1,39.0,51.0,8131.0,6623.0
CTGTACTTCTTAGCAT-1-Topic-3-Cell-2,1,39.0,51.0,8170.087422239316,6580.331957352419
CTGTACTTCTTAGCAT-1-Topic-3-Cell-3,1,39.0,51.0,8049.479501398037,6630.154382507824
CTGTACTTCTTAGCAT-1-Topic-6-Cell-4,1,39.0,51.0,8210.539089393606,6683.981132988058
CTGTACTTCTTAGCAT-1-Topic-7-Cell-5,1,39.0,51.0,8110.841831929245,6509.038594152262
CTGTAGCCATCTCACT-1-Topic-0-Cell-1,1,56.0,46.0,11078.0,6144.0
CTGTAGCCATCTCACT-1-Topic-3-Cell-2,1,56.0,46.0,11121.701066596173,6096.295678086574
CTGTAGCCATCTCACT-1-Topic-3-Cell-3,1,56.0,46.0,10986.857311783167,6151.998842812265
CTGTAGCCATCTCACT-1-Topic-3-Cell-4,1,56.0,46.0,11166.927405376267,6212.178979353126
CTGTATGGTGTAGAAA-1-Topic-0-Cell-1,1,20.0,32.0,4852.0,4711.0
CTGTATGGTGTAGAAA-1-Topic-0-Cell-2,1,20.0,32.0,4891.087422239316,4668.331957352419
CTGTATGGTGTAGAAA-1-Topic-5-Cell-3,1,20.0,32.0,4770.479501398037,4718.154382507824
CTGTATGGTGTAGAAA-1-Topic-5-Cell-4,1,20.0,32.0,4931.5390893936055,4771.981132988058
CTGTATGGTGTAGAAA-1-Topic-7-Cell-5,1,20.0,32.0,4831.841831929245,4597.038594152262
CTGTCAAATGGCTCGG-1-Topic-6-Cell-1,1,23.0,83.0,5340.0,9791.0
CTGTCAAATGGCTCGG-1-Topic-6-Cell-2,1,23.0,83.0,5379.087422239316,9748.331957352419
CTGTCAAATGGCTCGG-1-Topic-6-Cell-3,1,23.0,83.0,5258.479501398037,9798.154382507824
CTGTCAAATGGCTCGG-1-Topic-6-Cell-4,1,23.0,83.0,5419.5390893936055,9851.981132988058
CTGTCAAATGGCTCGG-1-Topic-6-Cell-5,1,23.0,83.0,5319.841831929245,9677.038594152262
CTGTGCAGGGTAGGTC-1-Topic-3-Cell-1,1,42.0,70.0,8638.0,8517.0
CTGTGCAGGGTAGGTC-1-Topic-7-Cell-2,1,42.0,70.0,8673.68177145867,8478.049584262211
CTGTGCAGGGTAGGTC-1-Topic-7-Cell-3,1,42.0,70.0,8563.582306694394,8523.531027807592
CTGTGCAGGGTAGGTC-1-Topic-7-Cell-4,1,42.0,70.0,8710.608922440497,8572.667903532969
CTGTGCAGGGTAGGTC-1-Topic-7-Cell-5,1,42.0,70.0,8619.59819438278,8412.967945553655
CTGTGCAGGGTAGGTC-1-Topic-7-Cell-6,1,42.0,70.0,8574.603308934946,8616.661818490727
CTGTGGTCGGGAGATA-1-Topic-3-Cell-1,1,55.0,89.0,10878.0,10423.0
CTGTGGTCGGGAGATA-1-Topic-3-Cell-2,1,55.0,89.0,10917.087422239316,10380.331957352419
CTGTGGTCGGGAGATA-1-Topic-7-Cell-3,1,55.0,89.0,10796.479501398038,10430.154382507824
CTGTGGTCGGGAGATA-1-Topic-7-Cell-4,1,55.0,89.0,10957.539089393606,10483.981132988058
CTGTGGTCGGGAGATA-1-Topic-7-Cell-5,1,55.0,89.0,10857.841831929245,10309.038594152262
CTGTTACCCAATCTAG-1-Topic-4-Cell-1,1,48.0,58.0,9685.0,7330.0
CTGTTACCCAATCTAG-1-Topic-5-Cell-2,1,48.0,58.0,9724.087422239316,7287.331957352419
CTGTTACCCAATCTAG-1-Topic-5-Cell-3,1,48.0,58.0,9603.479501398038,7337.154382507824
CTGTTACCCAATCTAG-1-Topic-6-Cell-4,1,48.0,58.0,9764.539089393606,7390.981132988058
CTGTTACCCAATCTAG-1-Topic-6-Cell-5,1,48.0,58.0,9664.841831929245,7216.038594152262
CTGTTCACTGCCTGTG-1-Topic-1-Cell-1,1,22.0,56.0,5183.0,7102.0
CTGTTCACTGCCTGTG-1-Topic-3-Cell-2,1,22.0,56.0,5222.087422239316,7059.331957352419
CTGTTCACTGCCTGTG-1-Topic-7-Cell-3,1,22.0,56.0,5101.479501398037,7109.154382507824
CTGTTCACTGCCTGTG-1-Topic-7-Cell-4,1,22.0,56.0,5262.5390893936055,7162.981132988058
CTGTTCACTGCCTGTG-1-Topic-7-Cell-5,1,22.0,56.0,5162.841831929245,6988.038594152262
CTGTTCATCTCACGGG-1-Topic-0-Cell-1,1,22.0,34.0,5197.0,4913.0
CTGTTCATCTCACGGG-1-Topic-0-Cell-2,1,22.0,34.0,5232.6817714586705,4874.049584262212
CTGTTCATCTCACGGG-1-Topic-5-Cell-3,1,22.0,34.0,5122.582306694395,4919.531027807593
CTGTTCATCTCACGGG-1-Topic-5-Cell-4,1,22.0,34.0,5269.608922440497,4968.66790353297
CTGTTCATCTCACGGG-1-Topic-5-Cell-5,1,22.0,34.0,5178.598194382778,4808.967945553654
CTGTTCATCTCACGGG-1-Topic-5-Cell-6,1,22.0,34.0,5133.603308934945,5012.6618184907275
CTTACACGGTATTCCA-1-Topic-3-Cell-1,1,31.0,45.0,6749.0,6017.0
CTTACACGGTATTCCA-1-Topic-6-Cell-2,1,31.0,45.0,6788.087422239316,5974.331957352419
CTTACACGGTATTCCA-1-Topic-6-Cell-3,1,31.0,45.0,6667.479501398037,6024.154382507824
CTTACACGGTATTCCA-1-Topic-6-Cell-4,1,31.0,45.0,6828.5390893936055,6077.981132988058
CTTACACGGTATTCCA-1-Topic-7-Cell-5,1,31.0,45.0,6728.841831929245,5903.038594152262
CTTACACTGGGAAATA-1-Topic-0-Cell-1,1,16.0,48.0,4149.0,6299.0
CTTACACTGGGAAATA-1-Topic-0-Cell-2,1,16.0,48.0,4178.1340443974495,6267.197118724383
CTTACACTGGGAAATA-1-Topic-3-Cell-3,1,16.0,48.0,4088.238207855445,6304.332561874843
CTTACACTGGGAAATA-1-Topic-3-Cell-4,1,16.0,48.0,4208.284936917512,6344.452652902084
CTTACACTGGGAAATA-1-Topic-3-Cell-5,1,16.0,48.0,4133.974988630642,6214.058183237672
CTTACACTGGGAAATA-1-Topic-3-Cell-6,1,16.0,48.0,4097.236818503251,6380.373534046718
CTTACACTGGGAAATA-1-Topic-7-Cell-7,1,16.0,48.0,4251.024928768936,6271.573576390734
CTTACACTGGGAAATA-1-Topic-7-Cell-8,1,16.0,48.0,4047.7316323767777,6246.405054219888
CTTACACTGGGAAATA-1-Topic-7-Cell-9,1,16.0,48.0,4190.847516403668,6413.588445202443
CTTAGCCTTCCACATG-1-Topic-6-Cell-1,1,22.0,78.0,5170.0,9292.0
CTTAGCCTTCCACATG-1-Topic-7-Cell-2,1,22.0,78.0,5209.087422239316,9249.331957352419
CTTAGCCTTCCACATG-1-Topic-7-Cell-3,1,22.0,78.0,5088.479501398037,9299.154382507824
CTTAGCCTTCCACATG-1-Topic-8-Cell-4,1,22.0,78.0,5249.5390893936055,9352.981132988058
CTTAGCCTTCCACATG-1-Topic-8-Cell-5,1,22.0,78.0,5149.841831929245,9178.038594152262
CTTAGTGTAGTAGCAT-1-Topic-3-Cell-1,1,61.0,83.0,11921.0,9832.0
CTTAGTGTAGTAGCAT-1-Topic-3-Cell-2,1,61.0,83.0,11964.701066596173,9784.295678086573
CTTAGTGTAGTAGCAT-1-Topic-3-Cell-3,1,61.0,83.0,11829.857311783167,9839.998842812265
CTTAGTGTAGTAGCAT-1-Topic-7-Cell-4,1,61.0,83.0,12009.927405376267,9900.178979353126
CTTAGTTGAGGAATCG-1-Topic-0-Cell-1,1,67.0,33.0,12991.0,4862.0
CTTAGTTGAGGAATCG-1-Topic-0-Cell-2,1,67.0,33.0,13041.46164512635,4806.91579380355
CTTAGTTGAGGAATCG-1-Topic-0-Cell-3,1,67.0,33.0,12885.757488846692,4871.236268101734
CTTATGCGCTCAGGGC-1-Topic-3-Cell-1,1,43.0,11.0,8848.0,2646.0
CTTATGCGCTCAGGGC-1-Topic-6-Cell-2,1,43.0,11.0,8909.802641070479,2578.5359009662207
CTTCAACTCCACTTGG-1-Topic-2-Cell-1,1,59.0,77.0,11578.0,9233.0
CTTCAACTCCACTTGG-1-Topic-3-Cell-2,1,59.0,77.0,11613.68177145867,9194.049584262211
CTTCAACTCCACTTGG-1-Topic-6-Cell-3,1,59.0,77.0,11503.582306694394,9239.531027807592
CTTCAACTCCACTTGG-1-Topic-7-Cell-4,1,59.0,77.0,11650.608922440497,9288.667903532969
CTTCAACTCCACTTGG-1-Topic-7-Cell-5,1,59.0,77.0,11559.59819438278,9128.967945553655
CTTCAACTCCACTTGG-1-Topic-7-Cell-6,1,59.0,77.0,11514.603308934946,9332.661818490727
CTTCATAGCTCAAGAA-1-Topic-0-Cell-1,1,19.0,37.0,4676.0,5208.0
CTTCATAGCTCAAGAA-1-Topic-0-Cell-2,1,19.0,37.0,4711.6817714586705,5169.049584262212
CTTCATAGCTCAAGAA-1-Topic-3-Cell-3,1,19.0,37.0,4601.582306694395,5214.531027807593
CTTCATAGCTCAAGAA-1-Topic-5-Cell-4,1,19.0,37.0,4748.608922440497,5263.66790353297
CTTCATAGCTCAAGAA-1-Topic-5-Cell-5,1,19.0,37.0,4657.598194382778,5103.967945553654
CTTCATAGCTCAAGAA-1-Topic-5-Cell-6,1,19.0,37.0,4612.603308934945,5307.6618184907275
CTTCATTGTCAGTGGA-1-Topic-3-Cell-1,1,36.0,60.0,7605.0,7516.0
CTTCATTGTCAGTGGA-1-Topic-3-Cell-2,1,36.0,60.0,7666.802641070479,7448.535900966221
CTTCCGCTCCGTGAAG-1-Topic-3-Cell-1,1,56.0,50.0,11075.0,6542.0
CTTCCGCTCCGTGAAG-1-Topic-3-Cell-2,1,56.0,50.0,11108.034901211928,6505.938922215459
CTTCCGCTCCGTGAAG-1-Topic-3-Cell-3,1,56.0,50.0,11006.102603758962,6548.046556816443
CTTCCGCTCCGTGAAG-1-Topic-3-Cell-4,1,56.0,50.0,11142.222799818237,6593.538464003022
CTTCCGCTCCGTGAAG-1-Topic-3-Cell-5,1,56.0,50.0,11057.96323848747,6445.685032972941
CTTCCGCTCCGTGAAG-1-Topic-3-Cell-6,1,56.0,50.0,11016.3060691529,6634.268914738599
CTTCCGCTCCGTGAAG-1-Topic-7-Cell-7,1,56.0,50.0,11190.685395307864,6510.901358761988
CTTCGTAGATAGGTGA-1-Topic-0-Cell-1,1,39.0,45.0,8134.0,6026.0
CTTCGTAGATAGGTGA-1-Topic-0-Cell-2,1,39.0,45.0,8177.701066596173,5978.295678086574
CTTCGTAGATAGGTGA-1-Topic-3-Cell-3,1,39.0,45.0,8042.8573117831675,6033.998842812265
CTTCGTAGATAGGTGA-1-Topic-7-Cell-4,1,39.0,45.0,8222.927405376267,6094.178979353126
CTTCTATGTTGAAGTA-1-Topic-0-Cell-1,1,46.0,28.0,9357.0,4341.0
CTTCTATGTTGAAGTA-1-Topic-0-Cell-2,1,46.0,28.0,9407.46164512635,4285.91579380355
CTTCTATGTTGAAGTA-1-Topic-7-Cell-3,1,46.0,28.0,9251.757488846692,4350.236268101734
CTTCTATTAATGCTAG-1-Topic-3-Cell-1,1,51.0,47.0,10211.0,6238.0
CTTCTATTAATGCTAG-1-Topic-3-Cell-2,1,51.0,47.0,10246.68177145867,6199.049584262212
CTTCTATTAATGCTAG-1-Topic-3-Cell-3,1,51.0,47.0,10136.582306694394,6244.531027807593
CTTCTATTAATGCTAG-1-Topic-3-Cell-4,1,51.0,47.0,10283.608922440497,6293.66790353297
CTTCTATTAATGCTAG-1-Topic-3-Cell-5,1,51.0,47.0,10192.59819438278,6133.967945553654
CTTCTATTAATGCTAG-1-Topic-3-Cell-6,1,51.0,47.0,10147.603308934946,6337.6618184907275
CTTCTGGGCGTACCTA-1-Topic-3-Cell-1,1,66.0,34.0,12817.0,4960.0
CTTCTGGGCGTACCTA-1-Topic-3-Cell-2,1,66.0,34.0,12878.802641070479,4892.535900966221
CTTGAGTTAGGGTAAT-1-Topic-4-Cell-1,1,39.0,93.0,8104.0,10803.0
CTTGAGTTAGGGTAAT-1-Topic-6-Cell-2,1,39.0,93.0,8137.034901211928,10766.938922215459
CTTGAGTTAGGGTAAT-1-Topic-6-Cell-3,1,39.0,93.0,8035.102603758962,10809.046556816444
CTTGAGTTAGGGTAAT-1-Topic-6-Cell-4,1,39.0,93.0,8171.222799818238,10854.538464003022
CTTGAGTTAGGGTAAT-1-Topic-6-Cell-5,1,39.0,93.0,8086.9632384874685,10706.68503297294
CTTGAGTTAGGGTAAT-1-Topic-7-Cell-6,1,39.0,93.0,8045.306069152901,10895.268914738599
CTTGAGTTAGGGTAAT-1-Topic-7-Cell-7,1,39.0,93.0,8219.685395307864,10771.901358761988
CTTGCAACCGCCTCCT-1-Topic-0-Cell-1,1,43.0,25.0,8840.0,4040.0
CTTGCAACCGCCTCCT-1-Topic-0-Cell-2,1,43.0,25.0,8890.46164512635,3984.9157938035496
CTTGCAACCGCCTCCT-1-Topic-3-Cell-3,1,43.0,25.0,8734.757488846692,4049.236268101734
CTTGCCCAGGCTCTAC-1-Topic-4-Cell-1,1,45.0,55.0,9167.0,7028.0
CTTGCCCAGGCTCTAC-1-Topic-5-Cell-2,1,45.0,55.0,9206.087422239316,6985.331957352419
CTTGCCCAGGCTCTAC-1-Topic-5-Cell-3,1,45.0,55.0,9085.479501398038,7035.154382507824
CTTGCCCAGGCTCTAC-1-Topic-5-Cell-4,1,45.0,55.0,9246.539089393606,7088.981132988058
CTTGCCCAGGCTCTAC-1-Topic-6-Cell-5,1,45.0,55.0,9146.841831929245,6914.038594152262
CTTGGCCAAGCTGGGA-1-Topic-3-Cell-1,1,61.0,57.0,11937.0,7244.0
CTTGGCCAAGCTGGGA-1-Topic-3-Cell-2,1,61.0,57.0,11972.68177145867,7205.049584262212
CTTGGCCAAGCTGGGA-1-Topic-3-Cell-3,1,61.0,57.0,11862.582306694394,7250.531027807593
CTTGGCCAAGCTGGGA-1-Topic-3-Cell-4,1,61.0,57.0,12009.608922440497,7299.66790353297
CTTGGCCAAGCTGGGA-1-Topic-3-Cell-5,1,61.0,57.0,11918.59819438278,7139.967945553654
CTTGGCCAAGCTGGGA-1-Topic-3-Cell-6,1,61.0,57.0,11873.603308934946,7343.6618184907275
CTTGTACTTGTTGACT-1-Topic-6-Cell-1,1,21.0,51.0,5013.0,6603.0
CTTGTACTTGTTGACT-1-Topic-6-Cell-2,1,21.0,51.0,5043.901320535239,6569.26795048311
CTTGTACTTGTTGACT-1-Topic-6-Cell-3,1,21.0,51.0,4948.552387106307,6608.656035994198
CTTGTACTTGTTGACT-1-Topic-6-Cell-4,1,21.0,51.0,5075.881171374884,6651.209818634973
CTTGTACTTGTTGACT-1-Topic-6-Cell-5,1,21.0,51.0,4997.063568859983,6512.905598041579
CTTGTACTTGTTGACT-1-Topic-6-Cell-6,1,21.0,51.0,4958.0968550217885,6689.309666600323
CTTGTACTTGTTGACT-1-Topic-6-Cell-7,1,21.0,51.0,5121.213778473883,6573.909884823291
CTTGTACTTGTTGACT-1-Topic-6-Cell-8,1,21.0,51.0,4905.588675800891,6547.214635774117
CTTGTCAACATTCGAG-1-Topic-2-Cell-1,1,50.0,66.0,10026.0,8128.0
CTTGTCAACATTCGAG-1-Topic-6-Cell-2,1,50.0,66.0,10059.034901211928,8091.938922215459
CTTGTCAACATTCGAG-1-Topic-6-Cell-3,1,50.0,66.0,9957.102603758962,8134.046556816443
CTTGTCAACATTCGAG-1-Topic-6-Cell-4,1,50.0,66.0,10093.222799818237,8179.538464003022
CTTGTCAACATTCGAG-1-Topic-6-Cell-5,1,50.0,66.0,10008.96323848747,8031.685032972941
CTTGTCAACATTCGAG-1-Topic-6-Cell-6,1,50.0,66.0,9967.3060691529,8220.268914738599
CTTGTCAACATTCGAG-1-Topic-6-Cell-7,1,50.0,66.0,10141.685395307864,8096.901358761988
CTTGTGCTCACCGATT-1-Topic-6-Cell-1,1,22.0,94.0,5160.0,10884.0
CTTGTGCTCACCGATT-1-Topic-6-Cell-2,1,22.0,94.0,5203.701066596173,10836.295678086573
CTTGTGCTCACCGATT-1-Topic-6-Cell-3,1,22.0,94.0,5068.8573117831675,10891.998842812265
CTTGTGCTCACCGATT-1-Topic-7-Cell-4,1,22.0,94.0,5248.927405376267,10952.178979353126
CTTGTTGCTGAGTCAA-1-Topic-4-Cell-1,1,38.0,80.0,7939.0,9508.0
CTTGTTGCTGAGTCAA-1-Topic-4-Cell-2,1,38.0,80.0,7974.6817714586705,9469.049584262211
CTTGTTGCTGAGTCAA-1-Topic-4-Cell-3,1,38.0,80.0,7864.582306694395,9514.531027807592
CTTGTTGCTGAGTCAA-1-Topic-4-Cell-4,1,38.0,80.0,8011.608922440497,9563.667903532969
CTTGTTGCTGAGTCAA-1-Topic-7-Cell-5,1,38.0,80.0,7920.598194382778,9403.967945553655
CTTGTTGCTGAGTCAA-1-Topic-9-Cell-6,1,38.0,80.0,7875.603308934945,9607.661818490727
CTTGTTTATGTAGCCA-1-Topic-0-Cell-1,1,18.0,28.0,4508.0,4311.0
CTTGTTTATGTAGCCA-1-Topic-0-Cell-2,1,18.0,28.0,4558.461645126349,4255.91579380355
CTTGTTTATGTAGCCA-1-Topic-3-Cell-3,1,18.0,28.0,4402.757488846692,4320.236268101734
CTTTAACTTTCAAAGG-1-Topic-2-Cell-1,1,23.0,67.0,5350.0,8198.0
CTTTAACTTTCAAAGG-1-Topic-6-Cell-2,1,23.0,67.0,5385.6817714586705,8159.049584262212
CTTTAACTTTCAAAGG-1-Topic-6-Cell-3,1,23.0,67.0,5275.582306694395,8204.531027807592
CTTTAACTTTCAAAGG-1-Topic-6-Cell-4,1,23.0,67.0,5422.608922440497,8253.667903532969
CTTTAACTTTCAAAGG-1-Topic-6-Cell-5,1,23.0,67.0,5331.598194382778,8093.967945553654
CTTTAACTTTCAAAGG-1-Topic-6-Cell-6,1,23.0,67.0,5286.603308934945,8297.661818490727
CTTTAATATTGGTCGA-1-Topic-3-Cell-1,1,51.0,73.0,10195.0,8826.0
CTTTAATATTGGTCGA-1-Topic-7-Cell-2,1,51.0,73.0,10238.701066596173,8778.295678086573
CTTTAATATTGGTCGA-1-Topic-7-Cell-3,1,51.0,73.0,10103.857311783167,8833.998842812265
CTTTAATATTGGTCGA-1-Topic-7-Cell-4,1,51.0,73.0,10283.927405376267,8894.178979353126
CTTTACCGAATAGTAG-1-Topic-4-Cell-1,1,50.0,84.0,10015.0,9919.0
CTTTACCGAATAGTAG-1-Topic-4-Cell-2,1,50.0,84.0,10058.701066596173,9871.295678086573
CTTTACCGAATAGTAG-1-Topic-6-Cell-3,1,50.0,84.0,9923.857311783167,9926.998842812265
CTTTACCGAATAGTAG-1-Topic-6-Cell-4,1,50.0,84.0,10103.927405376267,9987.178979353126
CTTTAGGAACACTGTT-1-Topic-3-Cell-1,1,41.0,87.0,8454.0,10208.0
CTTTAGGAACACTGTT-1-Topic-3-Cell-2,1,41.0,87.0,8497.701066596173,10160.295678086573
CTTTAGGAACACTGTT-1-Topic-5-Cell-3,1,41.0,87.0,8362.857311783167,10215.998842812265
CTTTAGGAACACTGTT-1-Topic-9-Cell-4,1,41.0,87.0,8542.927405376267,10276.178979353126
CTTTAGTGCTATTATT-1-Topic-3-Cell-1,1,44.0,64.0,8988.0,7922.0
CTTTAGTGCTATTATT-1-Topic-3-Cell-2,1,44.0,64.0,9018.90132053524,7888.26795048311
CTTTAGTGCTATTATT-1-Topic-3-Cell-3,1,44.0,64.0,8923.552387106307,7927.656035994198
CTTTAGTGCTATTATT-1-Topic-3-Cell-4,1,44.0,64.0,9050.881171374884,7970.209818634973
CTTTAGTGCTATTATT-1-Topic-4-Cell-5,1,44.0,64.0,8972.063568859983,7831.905598041579
CTTTAGTGCTATTATT-1-Topic-5-Cell-6,1,44.0,64.0,8933.096855021788,8008.309666600323
CTTTAGTGCTATTATT-1-Topic-6-Cell-7,1,44.0,64.0,9096.213778473884,7892.909884823291
CTTTAGTGCTATTATT-1-Topic-6-Cell-8,1,44.0,64.0,8880.588675800891,7866.214635774117
CTTTCTGTGCGGGCTT-1-Topic-2-Cell-1,1,54.0,66.0,10719.0,8132.0
CTTTCTGTGCGGGCTT-1-Topic-6-Cell-2,1,54.0,66.0,10762.701066596173,8084.295678086574
CTTTCTGTGCGGGCTT-1-Topic-6-Cell-3,1,54.0,66.0,10627.857311783167,8139.998842812265
CTTTCTGTGCGGGCTT-1-Topic-7-Cell-4,1,54.0,66.0,10807.927405376267,8200.178979353126
CTTTGCATCGCTCTTG-1-Topic-3-Cell-1,1,60.0,94.0,11741.0,10926.0
CTTTGCATCGCTCTTG-1-Topic-3-Cell-2,1,60.0,94.0,11802.802641070479,10858.53590096622
CTTTGGCTTTAGTAAA-1-Topic-3-Cell-1,1,32.0,40.0,6925.0,5521.0
CTTTGGCTTTAGTAAA-1-Topic-3-Cell-2,1,32.0,40.0,6958.034901211928,5484.938922215459
CTTTGGCTTTAGTAAA-1-Topic-3-Cell-3,1,32.0,40.0,6856.102603758962,5527.046556816443
CTTTGGCTTTAGTAAA-1-Topic-6-Cell-4,1,32.0,40.0,6992.222799818238,5572.538464003022
CTTTGGCTTTAGTAAA-1-Topic-6-Cell-5,1,32.0,40.0,6907.9632384874685,5424.685032972941
CTTTGGCTTTAGTAAA-1-Topic-7-Cell-6,1,32.0,40.0,6866.306069152901,5613.268914738599
CTTTGGCTTTAGTAAA-1-Topic-7-Cell-7,1,32.0,40.0,7040.685395307864,5489.901358761988
CTTTGGGATTGTTGCA-1-Topic-0-Cell-1,1,62.0,44.0,12118.0,5951.0
CTTTGGGATTGTTGCA-1-Topic-0-Cell-2,1,62.0,44.0,12179.802641070479,5883.535900966221
GAAACAGATGACCACC-1-Topic-7-Cell-1,1,40.0,92.0,8278.0,10705.0
GAAACAGATGACCACC-1-Topic-7-Cell-2,1,40.0,92.0,8317.087422239316,10662.331957352419
GAAACAGATGACCACC-1-Topic-7-Cell-3,1,40.0,92.0,8196.479501398038,10712.154382507824
GAAACAGATGACCACC-1-Topic-7-Cell-4,1,40.0,92.0,8357.539089393606,10765.981132988058
GAAACAGATGACCACC-1-Topic-9-Cell-5,1,40.0,92.0,8257.841831929245,10591.038594152262
GAAACATAGGAAACAG-1-Topic-0-Cell-1,1,60.0,20.0,11787.0,3560.0
GAAACATAGGAAACAG-1-Topic-0-Cell-2,1,60.0,20.0,11837.46164512635,3504.9157938035496
GAAACATAGGAAACAG-1-Topic-0-Cell-3,1,60.0,20.0,11681.757488846692,3569.236268101734
GAAACCATGGTGCGCT-1-Topic-2-Cell-1,1,27.0,109.0,6016.0,12383.0
GAAACCATGGTGCGCT-1-Topic-6-Cell-2,1,27.0,109.0,6059.701066596173,12335.295678086573
GAAACCATGGTGCGCT-1-Topic-7-Cell-3,1,27.0,109.0,5924.8573117831675,12390.998842812265
GAAACCATGGTGCGCT-1-Topic-7-Cell-4,1,27.0,109.0,6104.927405376267,12451.178979353126
GAAACCGAATTACCTT-1-Topic-0-Cell-1,1,45.0,51.0,9170.0,6630.0
GAAACCGAATTACCTT-1-Topic-3-Cell-2,1,45.0,51.0,9213.701066596173,6582.295678086574
GAAACCGAATTACCTT-1-Topic-3-Cell-3,1,45.0,51.0,9078.857311783167,6637.998842812265
GAAACCGAATTACCTT-1-Topic-3-Cell-4,1,45.0,51.0,9258.927405376267,6698.178979353126
GAAACCTATACAAATG-1-Topic-0-Cell-1,1,60.0,52.0,11767.0,6745.0
GAAACCTATACAAATG-1-Topic-5-Cell-2,1,60.0,52.0,11817.46164512635,6689.91579380355
GAAACCTATACAAATG-1-Topic-5-Cell-3,1,60.0,52.0,11661.757488846692,6754.236268101734
GAAACTCGTGCGATGC-1-Topic-5-Cell-1,1,28.0,24.0,6242.0,3924.0
GAAACTCGTGCGATGC-1-Topic-5-Cell-2,1,28.0,24.0,6303.802641070479,3856.5359009662207
GAAAGAACAGCGTTAT-1-Topic-6-Cell-1,1,37.0,103.0,7752.0,11796.0
GAAAGAACAGCGTTAT-1-Topic-6-Cell-2,1,37.0,103.0,7791.087422239316,11753.331957352419
GAAAGAACAGCGTTAT-1-Topic-6-Cell-3,1,37.0,103.0,7670.479501398037,11803.154382507824
GAAAGAACAGCGTTAT-1-Topic-7-Cell-4,1,37.0,103.0,7831.5390893936055,11856.981132988058
GAAAGAACAGCGTTAT-1-Topic-7-Cell-5,1,37.0,103.0,7731.841831929245,11682.038594152262
GAAAGCAGTGCACTTT-1-Topic-0-Cell-1,1,56.0,54.0,11073.0,6940.0
GAAAGCAGTGCACTTT-1-Topic-0-Cell-2,1,56.0,54.0,11112.087422239316,6897.331957352419
GAAAGCAGTGCACTTT-1-Topic-0-Cell-3,1,56.0,54.0,10991.479501398038,6947.154382507824
GAAAGCAGTGCACTTT-1-Topic-3-Cell-4,1,56.0,54.0,11152.539089393606,7000.981132988058
GAAAGCAGTGCACTTT-1-Topic-5-Cell-5,1,56.0,54.0,11052.841831929245,6826.038594152262
GAAAGCCCTTTGGACC-1-Topic-0-Cell-1,1,35.0,21.0,7457.0,3633.0
GAAAGCCCTTTGGACC-1-Topic-0-Cell-2,1,35.0,21.0,7496.087422239316,3590.3319573524186
GAAAGCCCTTTGGACC-1-Topic-3-Cell-3,1,35.0,21.0,7375.479501398037,3640.1543825078243
GAAAGCCCTTTGGACC-1-Topic-3-Cell-4,1,35.0,21.0,7536.5390893936055,3693.9811329880577
GAAAGCCCTTTGGACC-1-Topic-6-Cell-5,1,35.0,21.0,7436.841831929245,3519.0385941522622
GAAAGTGACTAACTGC-1-Topic-2-Cell-1,1,25.0,31.0,5719.0,4617.0
GAAAGTGACTAACTGC-1-Topic-6-Cell-2,1,25.0,31.0,5752.034901211928,4580.938922215459
GAAAGTGACTAACTGC-1-Topic-6-Cell-3,1,25.0,31.0,5650.102603758962,4623.046556816443
GAAAGTGACTAACTGC-1-Topic-7-Cell-4,1,25.0,31.0,5786.222799818238,4668.538464003022
GAAAGTGACTAACTGC-1-Topic-7-Cell-5,1,25.0,31.0,5701.9632384874685,4520.685032972941
GAAAGTGACTAACTGC-1-Topic-7-Cell-6,1,25.0,31.0,5660.306069152901,4709.268914738599
GAAAGTGACTAACTGC-1-Topic-7-Cell-7,1,25.0,31.0,5834.685395307864,4585.901358761988
GAAATACTAAACGTTT-1-Topic-0-Cell-1,1,18.0,22.0,4512.0,3714.0
GAAATACTAAACGTTT-1-Topic-0-Cell-2,1,18.0,22.0,4545.034901211928,3677.9389222154587
GAAATACTAAACGTTT-1-Topic-0-Cell-3,1,18.0,22.0,4443.102603758962,3720.046556816443
GAAATACTAAACGTTT-1-Topic-0-Cell-4,1,18.0,22.0,4579.222799818238,3765.5384640030225
GAAATACTAAACGTTT-1-Topic-0-Cell-5,1,18.0,22.0,4494.9632384874685,3617.6850329729414
GAAATACTAAACGTTT-1-Topic-3-Cell-6,1,18.0,22.0,4453.306069152901,3806.268914738599
GAAATACTAAACGTTT-1-Topic-3-Cell-7,1,18.0,22.0,4627.685395307864,3682.9013587619884
GAAATATCACCATCAG-1-Topic-0-Cell-1,1,33.0,23.0,7109.0,3830.0
GAAATATCACCATCAG-1-Topic-3-Cell-2,1,33.0,23.0,7159.461645126349,3774.9157938035496
GAAATATCACCATCAG-1-Topic-6-Cell-3,1,33.0,23.0,7003.757488846692,3839.236268101734
GAAATCGCGCGCAACT-1-Topic-1-Cell-1,1,18.0,68.0,4483.0,8292.0
GAAATCGCGCGCAACT-1-Topic-2-Cell-2,1,18.0,68.0,4516.034901211928,8255.938922215459
GAAATCGCGCGCAACT-1-Topic-2-Cell-3,1,18.0,68.0,4414.102603758962,8298.046556816444
GAAATCGCGCGCAACT-1-Topic-3-Cell-4,1,18.0,68.0,4550.222799818238,8343.538464003022
GAAATCGCGCGCAACT-1-Topic-7-Cell-5,1,18.0,68.0,4465.9632384874685,8195.68503297294
GAAATCGCGCGCAACT-1-Topic-7-Cell-6,1,18.0,68.0,4424.306069152901,8384.268914738599
GAAATCGCGCGCAACT-1-Topic-8-Cell-7,1,18.0,68.0,4598.685395307864,8260.901358761988
GAAATGGCGGTGTTAG-1-Topic-1-Cell-1,1,30.0,52.0,6571.0,6713.0
GAAATGGCGGTGTTAG-1-Topic-3-Cell-2,1,30.0,52.0,6621.461645126349,6657.91579380355
GAAATGGCGGTGTTAG-1-Topic-7-Cell-3,1,30.0,52.0,6465.757488846692,6722.236268101734
GAAATTAGCACGGATA-1-Topic-6-Cell-1,1,18.0,96.0,4466.0,11079.0
GAAATTAGCACGGATA-1-Topic-7-Cell-2,1,18.0,96.0,4527.802641070479,11011.53590096622
GAAATTGTCTCTATAA-1-Topic-3-Cell-1,1,43.0,53.0,8822.0,6826.0
GAAATTGTCTCTATAA-1-Topic-3-Cell-2,1,43.0,53.0,8872.46164512635,6770.91579380355
GAAATTGTCTCTATAA-1-Topic-7-Cell-3,1,43.0,53.0,8716.757488846692,6835.236268101734
GAACACACATCAACCA-1-Topic-6-Cell-1,1,22.0,50.0,5187.0,6505.0
GAACACACATCAACCA-1-Topic-6-Cell-2,1,22.0,50.0,5216.1340443974495,6473.197118724383
GAACACACATCAACCA-1-Topic-6-Cell-3,1,22.0,50.0,5126.238207855446,6510.332561874843
GAACACACATCAACCA-1-Topic-6-Cell-4,1,22.0,50.0,5246.284936917512,6550.452652902084
GAACACACATCAACCA-1-Topic-6-Cell-5,1,22.0,50.0,5171.974988630642,6420.058183237672
GAACACACATCAACCA-1-Topic-6-Cell-6,1,22.0,50.0,5135.236818503251,6586.373534046718
GAACACACATCAACCA-1-Topic-6-Cell-7,1,22.0,50.0,5289.024928768936,6477.573576390734
GAACACACATCAACCA-1-Topic-6-Cell-8,1,22.0,50.0,5085.731632376778,6452.405054219888
GAACACACATCAACCA-1-Topic-6-Cell-9,1,22.0,50.0,5228.847516403668,6619.588445202443
GAACAGATTACTAAAT-1-Topic-6-Cell-1,1,57.0,71.0,11235.0,8633.0
GAACAGATTACTAAAT-1-Topic-6-Cell-2,1,57.0,71.0,11268.034901211928,8596.938922215459
GAACAGATTACTAAAT-1-Topic-6-Cell-3,1,57.0,71.0,11166.102603758962,8639.046556816444
GAACAGATTACTAAAT-1-Topic-6-Cell-4,1,57.0,71.0,11302.222799818237,8684.538464003022
GAACAGATTACTAAAT-1-Topic-6-Cell-5,1,57.0,71.0,11217.96323848747,8536.68503297294
GAACAGATTACTAAAT-1-Topic-6-Cell-6,1,57.0,71.0,11176.3060691529,8725.268914738599
GAACAGATTACTAAAT-1-Topic-6-Cell-7,1,57.0,71.0,11350.685395307864,8601.901358761988
GAACCCTCTGTGTTCT-1-Topic-5-Cell-1,1,59.0,67.0,11584.0,8237.0
GAACCCTCTGTGTTCT-1-Topic-6-Cell-2,1,59.0,67.0,11617.034901211928,8200.938922215459
GAACCCTCTGTGTTCT-1-Topic-6-Cell-3,1,59.0,67.0,11515.102603758962,8243.046556816444
GAACCCTCTGTGTTCT-1-Topic-6-Cell-4,1,59.0,67.0,11651.222799818237,8288.538464003022
GAACCCTCTGTGTTCT-1-Topic-6-Cell-5,1,59.0,67.0,11566.96323848747,8140.685032972941
GAACCCTCTGTGTTCT-1-Topic-6-Cell-6,1,59.0,67.0,11525.3060691529,8329.268914738599
GAACCCTCTGTGTTCT-1-Topic-7-Cell-7,1,59.0,67.0,11699.685395307864,8205.901358761988
GAACCTTTAACGATCC-1-Topic-3-Cell-1,1,63.0,79.0,12269.0,9436.0
GAACCTTTAACGATCC-1-Topic-3-Cell-2,1,63.0,79.0,12304.68177145867,9397.049584262211
GAACCTTTAACGATCC-1-Topic-3-Cell-3,1,63.0,79.0,12194.582306694394,9442.531027807592
GAACCTTTAACGATCC-1-Topic-5-Cell-4,1,63.0,79.0,12341.608922440497,9491.667903532969
GAACCTTTAACGATCC-1-Topic-7-Cell-5,1,63.0,79.0,12250.59819438278,9331.967945553655
GAACCTTTAACGATCC-1-Topic-8-Cell-6,1,63.0,79.0,12205.603308934946,9535.661818490727
GAACGACCGAATGATA-1-Topic-3-Cell-1,1,19.0,63.0,4660.0,7796.0
GAACGACCGAATGATA-1-Topic-3-Cell-2,1,19.0,63.0,4699.087422239316,7753.331957352419
GAACGACCGAATGATA-1-Topic-8-Cell-3,1,19.0,63.0,4578.479501398037,7803.154382507824
GAACGACCGAATGATA-1-Topic-8-Cell-4,1,19.0,63.0,4739.5390893936055,7856.981132988058
GAACGACCGAATGATA-1-Topic-8-Cell-5,1,19.0,63.0,4639.841831929245,7682.038594152262
GAACGTCTCATGGTCG-1-Topic-6-Cell-1,1,31.0,87.0,6723.0,10197.0
GAACGTCTCATGGTCG-1-Topic-6-Cell-2,1,31.0,87.0,6762.087422239316,10154.331957352419
GAACGTCTCATGGTCG-1-Topic-7-Cell-3,1,31.0,87.0,6641.479501398037,10204.154382507824
GAACGTCTCATGGTCG-1-Topic-7-Cell-4,1,31.0,87.0,6802.5390893936055,10257.981132988058
GAACGTCTCATGGTCG-1-Topic-7-Cell-5,1,31.0,87.0,6702.841831929245,10083.038594152262
GAACGTTAGGAAGACG-1-Topic-2-Cell-1,1,33.0,15.0,7114.0,3033.0
GAACGTTAGGAAGACG-1-Topic-2-Cell-2,1,33.0,15.0,7157.701066596173,2985.295678086574
GAACGTTAGGAAGACG-1-Topic-3-Cell-3,1,33.0,15.0,7022.8573117831675,3040.998842812265
GAACGTTAGGAAGACG-1-Topic-4-Cell-4,1,33.0,15.0,7202.927405376267,3101.178979353126
GAAGAAACGATATTGT-1-Topic-0-Cell-1,1,59.0,29.0,11608.0,4455.0
GAAGAAACGATATTGT-1-Topic-0-Cell-2,1,59.0,29.0,11669.802641070479,4387.535900966221
GAAGCCACTGATTATG-1-Topic-2-Cell-1,1,65.0,69.0,12622.0,8443.0
GAAGCCACTGATTATG-1-Topic-3-Cell-2,1,65.0,69.0,12661.087422239316,8400.331957352419
GAAGCCACTGATTATG-1-Topic-5-Cell-3,1,65.0,69.0,12540.479501398038,8450.154382507824
GAAGCCACTGATTATG-1-Topic-6-Cell-4,1,65.0,69.0,12701.539089393606,8503.981132988058
GAAGCCACTGATTATG-1-Topic-7-Cell-5,1,65.0,69.0,12601.841831929245,8329.038594152262
GAAGCCTGCACATTCC-1-Topic-5-Cell-1,1,61.0,61.0,11934.0,7642.0
GAAGCCTGCACATTCC-1-Topic-6-Cell-2,1,61.0,61.0,11977.701066596173,7594.295678086574
GAAGCCTGCACATTCC-1-Topic-6-Cell-3,1,61.0,61.0,11842.857311783167,7649.998842812265
GAAGCCTGCACATTCC-1-Topic-6-Cell-4,1,61.0,61.0,12022.927405376267,7710.178979353126
GAAGCGTGAGGAATTT-1-Topic-3-Cell-1,1,34.0,60.0,7259.0,7513.0
GAAGCGTGAGGAATTT-1-Topic-3-Cell-2,1,34.0,60.0,7302.701066596173,7465.295678086574
GAAGCGTGAGGAATTT-1-Topic-3-Cell-3,1,34.0,60.0,7167.8573117831675,7520.998842812265
GAAGCGTGAGGAATTT-1-Topic-6-Cell-4,1,34.0,60.0,7347.927405376267,7581.178979353126
GAAGCTCGGACCCGTC-1-Topic-0-Cell-1,1,55.0,21.0,10920.0,3655.0
GAAGCTCGGACCCGTC-1-Topic-7-Cell-2,1,55.0,21.0,10981.802641070479,3587.5359009662207
GAAGCTTGCTGACCGC-1-Topic-3-Cell-1,1,29.0,35.0,6409.0,5020.0
GAAGCTTGCTGACCGC-1-Topic-6-Cell-2,1,29.0,35.0,6448.087422239316,4977.331957352419
GAAGCTTGCTGACCGC-1-Topic-6-Cell-3,1,29.0,35.0,6327.479501398037,5027.154382507824
GAAGCTTGCTGACCGC-1-Topic-6-Cell-4,1,29.0,35.0,6488.5390893936055,5080.981132988058
GAAGCTTGCTGACCGC-1-Topic-6-Cell-5,1,29.0,35.0,6388.841831929245,4906.038594152262
GAAGGAGTCGAGTGCG-1-Topic-3-Cell-1,1,66.0,60.0,12801.0,7548.0
GAAGGAGTCGAGTGCG-1-Topic-3-Cell-2,1,66.0,60.0,12840.087422239316,7505.331957352419
GAAGGAGTCGAGTGCG-1-Topic-5-Cell-3,1,66.0,60.0,12719.479501398038,7555.154382507824
GAAGGAGTCGAGTGCG-1-Topic-5-Cell-4,1,66.0,60.0,12880.539089393606,7608.981132988058
GAAGGAGTCGAGTGCG-1-Topic-5-Cell-5,1,66.0,60.0,12780.841831929245,7434.038594152262
GAAGTCAGTTGCACTA-1-Topic-3-Cell-1,1,52.0,58.0,10378.0,7334.0
GAAGTCAGTTGCACTA-1-Topic-3-Cell-2,1,52.0,58.0,10417.087422239316,7291.331957352419
GAAGTCAGTTGCACTA-1-Topic-3-Cell-3,1,52.0,58.0,10296.479501398038,7341.154382507824
GAAGTCAGTTGCACTA-1-Topic-4-Cell-4,1,52.0,58.0,10457.539089393606,7394.981132988058
GAAGTCAGTTGCACTA-1-Topic-7-Cell-5,1,52.0,58.0,10357.841831929245,7220.038594152262
GAAGTCTCCCTAGCGA-1-Topic-4-Cell-1,1,37.0,91.0,7759.0,10602.0
GAAGTCTCCCTAGCGA-1-Topic-6-Cell-2,1,37.0,91.0,7802.701066596173,10554.295678086573
GAAGTCTCCCTAGCGA-1-Topic-6-Cell-3,1,37.0,91.0,7667.8573117831675,10609.998842812265
GAAGTCTCCCTAGCGA-1-Topic-9-Cell-4,1,37.0,91.0,7847.927405376267,10670.178979353126
GAAGTGATTTATCGTG-1-Topic-0-Cell-1,1,39.0,47.0,8133.0,6225.0
GAAGTGATTTATCGTG-1-Topic-6-Cell-2,1,39.0,47.0,8176.701066596173,6177.295678086574
GAAGTGATTTATCGTG-1-Topic-7-Cell-3,1,39.0,47.0,8041.8573117831675,6232.998842812265
GAAGTGATTTATCGTG-1-Topic-7-Cell-4,1,39.0,47.0,8221.927405376267,6293.178979353126
GAAGTTTCCACTCAAT-1-Topic-3-Cell-1,1,36.0,46.0,7614.0,6122.0
GAAGTTTCCACTCAAT-1-Topic-3-Cell-2,1,36.0,46.0,7653.087422239316,6079.331957352419
GAAGTTTCCACTCAAT-1-Topic-3-Cell-3,1,36.0,46.0,7532.479501398037,6129.154382507824
GAAGTTTCCACTCAAT-1-Topic-3-Cell-4,1,36.0,46.0,7693.5390893936055,6182.981132988058
GAAGTTTCCACTCAAT-1-Topic-7-Cell-5,1,36.0,46.0,7593.841831929245,6008.038594152262
GAATAGACGCGACCCA-1-Topic-7-Cell-1,1,42.0,92.0,8625.0,10707.0
GAATAGACGCGACCCA-1-Topic-7-Cell-2,1,42.0,92.0,8668.701066596173,10659.295678086573
GAATAGACGCGACCCA-1-Topic-9-Cell-3,1,42.0,92.0,8533.857311783167,10714.998842812265
GAATAGACGCGACCCA-1-Topic-9-Cell-4,1,42.0,92.0,8713.927405376267,10775.178979353126
GAATAGTGCTCGATTA-1-Topic-0-Cell-1,1,60.0,36.0,11777.0,5153.0
GAATAGTGCTCGATTA-1-Topic-0-Cell-2,1,60.0,36.0,11820.701066596173,5105.295678086574
GAATAGTGCTCGATTA-1-Topic-5-Cell-3,1,60.0,36.0,11685.857311783167,5160.998842812265
GAATAGTGCTCGATTA-1-Topic-5-Cell-4,1,60.0,36.0,11865.927405376267,5221.178979353126
GAATCGACATGGTCAC-1-Topic-2-Cell-1,1,26.0,42.0,5885.0,5713.0
GAATCGACATGGTCAC-1-Topic-6-Cell-2,1,26.0,42.0,5915.901320535239,5679.26795048311
GAATCGACATGGTCAC-1-Topic-6-Cell-3,1,26.0,42.0,5820.552387106307,5718.656035994198
GAATCGACATGGTCAC-1-Topic-6-Cell-4,1,26.0,42.0,5947.881171374884,5761.209818634973
GAATCGACATGGTCAC-1-Topic-6-Cell-5,1,26.0,42.0,5869.063568859983,5622.905598041579
GAATCGACATGGTCAC-1-Topic-6-Cell-6,1,26.0,42.0,5830.0968550217885,5799.309666600323
GAATCGACATGGTCAC-1-Topic-6-Cell-7,1,26.0,42.0,5993.213778473883,5683.909884823291
GAATCGACATGGTCAC-1-Topic-6-Cell-8,1,26.0,42.0,5777.588675800891,5657.214635774117
GAATCTGAACATTCTC-1-Topic-3-Cell-1,1,42.0,64.0,8642.0,7920.0
GAATCTGAACATTCTC-1-Topic-3-Cell-2,1,42.0,64.0,8692.46164512635,7864.91579380355
GAATCTGAACATTCTC-1-Topic-7-Cell-3,1,42.0,64.0,8536.757488846692,7929.236268101734
GAATGCGAATCGGTTC-1-Topic-5-Cell-1,1,63.0,69.0,12276.0,8441.0
GAATGCGAATCGGTTC-1-Topic-6-Cell-2,1,63.0,69.0,12306.90132053524,8407.26795048311
GAATGCGAATCGGTTC-1-Topic-6-Cell-3,1,63.0,69.0,12211.552387106307,8446.656035994198
GAATGCGAATCGGTTC-1-Topic-6-Cell-4,1,63.0,69.0,12338.881171374884,8489.209818634972
GAATGCGAATCGGTTC-1-Topic-6-Cell-5,1,63.0,69.0,12260.063568859983,8350.90559804158
GAATGCGAATCGGTTC-1-Topic-6-Cell-6,1,63.0,69.0,12221.096855021788,8527.309666600324
GAATGCGAATCGGTTC-1-Topic-7-Cell-7,1,63.0,69.0,12384.213778473884,8411.90988482329
GAATGCGAATCGGTTC-1-Topic-7-Cell-8,1,63.0,69.0,12168.588675800891,8385.214635774117
GAATGTGGTCCGGATT-1-Topic-5-Cell-1,1,43.0,81.0,8805.0,9613.0
GAATGTGGTCCGGATT-1-Topic-9-Cell-2,1,43.0,81.0,8855.46164512635,9557.91579380355
GAATGTGGTCCGGATT-1-Topic-9-Cell-3,1,43.0,81.0,8699.757488846692,9622.236268101733
GAATGTTGGGTAATCT-1-Topic-2-Cell-1,1,23.0,69.0,5348.0,8397.0
GAATGTTGGGTAATCT-1-Topic-6-Cell-2,1,23.0,69.0,5381.034901211928,8360.938922215459
GAATGTTGGGTAATCT-1-Topic-6-Cell-3,1,23.0,69.0,5279.102603758962,8403.046556816444
GAATGTTGGGTAATCT-1-Topic-6-Cell-4,1,23.0,69.0,5415.222799818238,8448.538464003022
GAATGTTGGGTAATCT-1-Topic-6-Cell-5,1,23.0,69.0,5330.9632384874685,8300.68503297294
GAATGTTGGGTAATCT-1-Topic-6-Cell-6,1,23.0,69.0,5289.306069152901,8489.268914738599
GAATGTTGGGTAATCT-1-Topic-6-Cell-7,1,23.0,69.0,5463.685395307864,8365.901358761988
GAATTATAGTGAAAGG-1-Topic-4-Cell-1,1,34.0,68.0,7254.0,8310.0
GAATTATAGTGAAAGG-1-Topic-7-Cell-2,1,34.0,68.0,7304.461645126349,8254.91579380355
GAATTATAGTGAAAGG-1-Topic-7-Cell-3,1,34.0,68.0,7148.757488846692,8319.236268101733
GAATTCACCCGGGTGT-1-Topic-0-Cell-1,1,47.0,55.0,9514.0,7030.0
GAATTCACCCGGGTGT-1-Topic-2-Cell-2,1,47.0,55.0,9564.46164512635,6974.91579380355
GAATTCACCCGGGTGT-1-Topic-7-Cell-3,1,47.0,55.0,9408.757488846692,7039.236268101734
GAATTTCTCGCTGCAG-1-Topic-3-Cell-1,1,28.0,30.0,6239.0,4521.0
GAATTTCTCGCTGCAG-1-Topic-6-Cell-2,1,28.0,30.0,6274.6817714586705,4482.049584262212
GAATTTCTCGCTGCAG-1-Topic-6-Cell-3,1,28.0,30.0,6164.582306694395,4527.531027807593
GAATTTCTCGCTGCAG-1-Topic-6-Cell-4,1,28.0,30.0,6311.608922440497,4576.66790353297
GAATTTCTCGCTGCAG-1-Topic-6-Cell-5,1,28.0,30.0,6220.598194382778,4416.967945553654
GAATTTCTCGCTGCAG-1-Topic-6-Cell-6,1,28.0,30.0,6175.603308934945,4620.6618184907275
GACAAACATATGCAGG-1-Topic-6-Cell-1,1,44.0,100.0,8966.0,11505.0
GACAAACATATGCAGG-1-Topic-6-Cell-2,1,44.0,100.0,9005.087422239316,11462.331957352419
GACAAACATATGCAGG-1-Topic-6-Cell-3,1,44.0,100.0,8884.479501398038,11512.154382507824
GACAAACATATGCAGG-1-Topic-7-Cell-4,1,44.0,100.0,9045.539089393606,11565.981132988058
GACAAACATATGCAGG-1-Topic-9-Cell-5,1,44.0,100.0,8945.841831929245,11391.038594152262
GACAACGACCATTGAA-1-Topic-3-Cell-1,1,25.0,77.0,5690.0,9196.0
GACAACGACCATTGAA-1-Topic-7-Cell-2,1,25.0,77.0,5740.461645126349,9140.91579380355
GACAACGACCATTGAA-1-Topic-7-Cell-3,1,25.0,77.0,5584.757488846692,9205.236268101733
GACAACGCAGCTTACG-1-Topic-2-Cell-1,1,20.0,54.0,4838.0,6901.0
GACAACGCAGCTTACG-1-Topic-2-Cell-2,1,20.0,54.0,4881.701066596173,6853.295678086574
GACAACGCAGCTTACG-1-Topic-3-Cell-3,1,20.0,54.0,4746.8573117831675,6908.998842812265
GACAACGCAGCTTACG-1-Topic-8-Cell-4,1,20.0,54.0,4926.927405376267,6969.178979353126
GACACAAGGGAAGAAA-1-Topic-3-Cell-1,1,30.0,72.0,6559.0,8703.0
GACACAAGGGAAGAAA-1-Topic-4-Cell-2,1,30.0,72.0,6594.6817714586705,8664.049584262211
GACACAAGGGAAGAAA-1-Topic-4-Cell-3,1,30.0,72.0,6484.582306694395,8709.531027807592
GACACAAGGGAAGAAA-1-Topic-6-Cell-4,1,30.0,72.0,6631.608922440497,8758.667903532969
GACACAAGGGAAGAAA-1-Topic-6-Cell-5,1,30.0,72.0,6540.598194382778,8598.967945553655
GACACAAGGGAAGAAA-1-Topic-6-Cell-6,1,30.0,72.0,6495.603308934945,8802.661818490727
GACACGAGTTAGAGGA-1-Topic-0-Cell-1,1,19.0,25.0,4683.0,4014.0
GACACGAGTTAGAGGA-1-Topic-0-Cell-2,1,19.0,25.0,4733.461645126349,3958.9157938035496
GACACGAGTTAGAGGA-1-Topic-2-Cell-3,1,19.0,25.0,4577.757488846692,4023.236268101734
GACACTGAGTTCAGTG-1-Topic-0-Cell-1,1,44.0,46.0,9000.0,6131.0
GACACTGAGTTCAGTG-1-Topic-0-Cell-2,1,44.0,46.0,9039.087422239316,6088.331957352419
GACACTGAGTTCAGTG-1-Topic-2-Cell-3,1,44.0,46.0,8918.479501398038,6138.154382507824
GACACTGAGTTCAGTG-1-Topic-3-Cell-4,1,44.0,46.0,9079.539089393606,6191.981132988058
GACACTGAGTTCAGTG-1-Topic-3-Cell-5,1,44.0,46.0,8979.841831929245,6017.038594152262
GACAGCCAGACCTGAC-1-Topic-3-Cell-1,1,42.0,86.0,8628.0,10110.0
GACAGCCAGACCTGAC-1-Topic-7-Cell-2,1,42.0,86.0,8678.46164512635,10054.91579380355
GACAGCCAGACCTGAC-1-Topic-9-Cell-3,1,42.0,86.0,8522.757488846692,10119.236268101733
GACAGGCACACACTAT-1-Topic-0-Cell-1,1,38.0,22.0,7976.0,3736.0
GACAGGCACACACTAT-1-Topic-2-Cell-2,1,38.0,22.0,8019.701066596173,3688.295678086574
GACAGGCACACACTAT-1-Topic-3-Cell-3,1,38.0,22.0,7884.8573117831675,3743.998842812265
GACAGGCACACACTAT-1-Topic-3-Cell-4,1,38.0,22.0,8064.927405376267,3804.178979353126
GACATCCGTCGAACTG-1-Topic-2-Cell-1,1,65.0,71.0,12621.0,8642.0
GACATCCGTCGAACTG-1-Topic-2-Cell-2,1,65.0,71.0,12654.034901211928,8605.938922215459
GACATCCGTCGAACTG-1-Topic-2-Cell-3,1,65.0,71.0,12552.102603758962,8648.046556816444
GACATCCGTCGAACTG-1-Topic-2-Cell-4,1,65.0,71.0,12688.222799818237,8693.538464003022
GACATCCGTCGAACTG-1-Topic-2-Cell-5,1,65.0,71.0,12603.96323848747,8545.68503297294
GACATCCGTCGAACTG-1-Topic-2-Cell-6,1,65.0,71.0,12562.3060691529,8734.268914738599
GACATCCGTCGAACTG-1-Topic-3-Cell-7,1,65.0,71.0,12736.685395307864,8610.901358761988
GACATCGATTTATAAC-1-Topic-0-Cell-1,1,52.0,50.0,10383.0,6538.0
GACATCGATTTATAAC-1-Topic-0-Cell-2,1,52.0,50.0,10413.90132053524,6504.26795048311
GACATCGATTTATAAC-1-Topic-0-Cell-3,1,52.0,50.0,10318.552387106307,6543.656035994198
GACATCGATTTATAAC-1-Topic-3-Cell-4,1,52.0,50.0,10445.881171374884,6586.209818634973
GACATCGATTTATAAC-1-Topic-3-Cell-5,1,52.0,50.0,10367.063568859983,6447.905598041579
GACATCGATTTATAAC-1-Topic-3-Cell-6,1,52.0,50.0,10328.096855021788,6624.309666600323
GACATCGATTTATAAC-1-Topic-4-Cell-7,1,52.0,50.0,10491.213778473884,6508.909884823291
GACATCGATTTATAAC-1-Topic-6-Cell-8,1,52.0,50.0,10275.588675800891,6482.214635774117
GACCAAACGTTGACTG-1-Topic-6-Cell-1,1,58.0,108.0,11385.0,12317.0
GACCAAACGTTGACTG-1-Topic-6-Cell-2,1,58.0,108.0,11424.087422239316,12274.331957352419
GACCAAACGTTGACTG-1-Topic-7-Cell-3,1,58.0,108.0,11303.479501398038,12324.154382507824
GACCAAACGTTGACTG-1-Topic-7-Cell-4,1,58.0,108.0,11464.539089393606,12377.981132988058
GACCAAACGTTGACTG-1-Topic-7-Cell-5,1,58.0,108.0,11364.841831929245,12203.038594152262
GACCAGAGCCCTGTAG-1-Topic-0-Cell-1,1,31.0,47.0,6748.0,6216.0
GACCAGAGCCCTGTAG-1-Topic-0-Cell-2,1,31.0,47.0,6778.901320535239,6182.26795048311
GACCAGAGCCCTGTAG-1-Topic-2-Cell-3,1,31.0,47.0,6683.552387106307,6221.656035994198
GACCAGAGCCCTGTAG-1-Topic-3-Cell-4,1,31.0,47.0,6810.881171374884,6264.209818634973
GACCAGAGCCCTGTAG-1-Topic-6-Cell-5,1,31.0,47.0,6732.063568859983,6125.905598041579
GACCAGAGCCCTGTAG-1-Topic-7-Cell-6,1,31.0,47.0,6693.0968550217885,6302.309666600323
GACCAGAGCCCTGTAG-1-Topic-7-Cell-7,1,31.0,47.0,6856.213778473883,6186.909884823291
GACCAGAGCCCTGTAG-1-Topic-7-Cell-8,1,31.0,47.0,6640.588675800891,6160.214635774117
GACCCAATTATGATAC-1-Topic-3-Cell-1,1,54.0,20.0,10748.0,3554.0
GACCGACTGAAGCGTC-1-Topic-3-Cell-1,1,34.0,22.0,7283.0,3731.0
GACCGACTGAAGCGTC-1-Topic-3-Cell-2,1,34.0,22.0,7333.461645126349,3675.9157938035496
GACCGACTGAAGCGTC-1-Topic-8-Cell-3,1,34.0,22.0,7177.757488846692,3740.236268101734
GACCGTGCTGACGGTG-1-Topic-2-Cell-1,1,40.0,52.0,8303.0,6724.0
GACCGTGCTGACGGTG-1-Topic-3-Cell-2,1,40.0,52.0,8346.701066596173,6676.295678086574
GACCGTGCTGACGGTG-1-Topic-3-Cell-3,1,40.0,52.0,8211.857311783167,6731.998842812265
GACCGTGCTGACGGTG-1-Topic-3-Cell-4,1,40.0,52.0,8391.927405376267,6792.178979353126
GACCTTCCACGTCTAC-1-Topic-2-Cell-1,1,66.0,74.0,12792.0,8942.0
GACCTTCCACGTCTAC-1-Topic-3-Cell-2,1,66.0,74.0,12822.90132053524,8908.26795048311
GACCTTCCACGTCTAC-1-Topic-5-Cell-3,1,66.0,74.0,12727.552387106307,8947.656035994198
GACCTTCCACGTCTAC-1-Topic-5-Cell-4,1,66.0,74.0,12854.881171374884,8990.209818634972
GACCTTCCACGTCTAC-1-Topic-5-Cell-5,1,66.0,74.0,12776.063568859983,8851.90559804158
GACCTTCCACGTCTAC-1-Topic-5-Cell-6,1,66.0,74.0,12737.096855021788,9028.309666600324
GACCTTCCACGTCTAC-1-Topic-6-Cell-7,1,66.0,74.0,12900.213778473884,8912.90988482329
GACCTTCCACGTCTAC-1-Topic-7-Cell-8,1,66.0,74.0,12684.588675800891,8886.214635774117
GACGACGATCCGCGTT-1-Topic-4-Cell-1,1,52.0,70.0,10370.0,8528.0
GACGACGATCCGCGTT-1-Topic-4-Cell-2,1,52.0,70.0,10403.034901211928,8491.938922215459
GACGACGATCCGCGTT-1-Topic-5-Cell-3,1,52.0,70.0,10301.102603758962,8534.046556816444
GACGACGATCCGCGTT-1-Topic-6-Cell-4,1,52.0,70.0,10437.222799818237,8579.538464003022
GACGACGATCCGCGTT-1-Topic-6-Cell-5,1,52.0,70.0,10352.96323848747,8431.68503297294
GACGACGATCCGCGTT-1-Topic-6-Cell-6,1,52.0,70.0,10311.3060691529,8620.268914738599
GACGACGATCCGCGTT-1-Topic-7-Cell-7,1,52.0,70.0,10485.685395307864,8496.901358761988
GACGAGGCTAATAAAC-1-Topic-6-Cell-1,1,56.0,100.0,11044.0,11518.0
GACGAGGCTAATAAAC-1-Topic-6-Cell-2,1,56.0,100.0,11073.13404439745,11486.197118724383
GACGAGGCTAATAAAC-1-Topic-6-Cell-3,1,56.0,100.0,10983.238207855446,11523.332561874844
GACGAGGCTAATAAAC-1-Topic-6-Cell-4,1,56.0,100.0,11103.284936917511,11563.452652902084
GACGAGGCTAATAAAC-1-Topic-6-Cell-5,1,56.0,100.0,11028.974988630642,11433.058183237672
GACGAGGCTAATAAAC-1-Topic-6-Cell-6,1,56.0,100.0,10992.236818503252,11599.37353404672
GACGAGGCTAATAAAC-1-Topic-6-Cell-7,1,56.0,100.0,11146.024928768937,11490.573576390734
GACGAGGCTAATAAAC-1-Topic-6-Cell-8,1,56.0,100.0,10942.731632376777,11465.40505421989
GACGAGGCTAATAAAC-1-Topic-6-Cell-9,1,56.0,100.0,11085.847516403668,11632.588445202442
GACGCCGTAAAGGCTA-1-Topic-0-Cell-1,1,54.0,54.0,10726.0,6938.0
GACGCCGTAAAGGCTA-1-Topic-0-Cell-2,1,54.0,54.0,10769.701066596173,6890.295678086574
GACGCCGTAAAGGCTA-1-Topic-3-Cell-3,1,54.0,54.0,10634.857311783167,6945.998842812265
GACGCCGTAAAGGCTA-1-Topic-5-Cell-4,1,54.0,54.0,10814.927405376267,7006.178979353126
GACGCTTGCTTCTAAA-1-Topic-6-Cell-1,1,38.0,36.0,7967.0,5129.0
GACGCTTGCTTCTAAA-1-Topic-7-Cell-2,1,38.0,36.0,8028.802641070479,5061.535900966221
GACGGGTTGGCCCGTA-1-Topic-0-Cell-1,1,61.0,51.0,11941.0,6647.0
GACGGGTTGGCCCGTA-1-Topic-0-Cell-2,1,61.0,51.0,11970.13404439745,6615.197118724383
GACGGGTTGGCCCGTA-1-Topic-3-Cell-3,1,61.0,51.0,11880.238207855446,6652.332561874843
GACGGGTTGGCCCGTA-1-Topic-3-Cell-4,1,61.0,51.0,12000.284936917511,6692.452652902084
GACGGGTTGGCCCGTA-1-Topic-3-Cell-5,1,61.0,51.0,11925.974988630642,6562.058183237672
GACGGGTTGGCCCGTA-1-Topic-3-Cell-6,1,61.0,51.0,11889.236818503252,6728.373534046718
GACGGGTTGGCCCGTA-1-Topic-3-Cell-7,1,61.0,51.0,12043.024928768937,6619.573576390734
GACGGGTTGGCCCGTA-1-Topic-3-Cell-8,1,61.0,51.0,11839.731632376777,6594.405054219888
GACGGGTTGGCCCGTA-1-Topic-7-Cell-9,1,61.0,51.0,11982.847516403668,6761.588445202443
GACGGTCAATAGAAGC-1-Topic-4-Cell-1,1,30.0,100.0,6541.0,11490.0
GACGGTCAATAGAAGC-1-Topic-6-Cell-2,1,30.0,100.0,6580.087422239316,11447.331957352419
GACGGTCAATAGAAGC-1-Topic-6-Cell-3,1,30.0,100.0,6459.479501398037,11497.154382507824
GACGGTCAATAGAAGC-1-Topic-6-Cell-4,1,30.0,100.0,6620.5390893936055,11550.981132988058
GACGGTCAATAGAAGC-1-Topic-7-Cell-5,1,30.0,100.0,6520.841831929245,11376.038594152262
GACGTGTAGGGATTAT-1-Topic-2-Cell-1,1,28.0,32.0,6237.0,4720.0
GACGTGTAGGGATTAT-1-Topic-6-Cell-2,1,28.0,32.0,6272.6817714586705,4681.049584262212
GACGTGTAGGGATTAT-1-Topic-6-Cell-3,1,28.0,32.0,6162.582306694395,4726.531027807593
GACGTGTAGGGATTAT-1-Topic-6-Cell-4,1,28.0,32.0,6309.608922440497,4775.66790353297
GACGTGTAGGGATTAT-1-Topic-6-Cell-5,1,28.0,32.0,6218.598194382778,4615.967945553654
GACGTGTAGGGATTAT-1-Topic-6-Cell-6,1,28.0,32.0,6173.603308934945,4819.6618184907275
GACTAAGATCATGCAC-1-Topic-3-Cell-1,1,23.0,53.0,5358.0,6805.0
GACTAAGATCATGCAC-1-Topic-4-Cell-2,1,23.0,53.0,5388.901320535239,6771.26795048311
GACTAAGATCATGCAC-1-Topic-5-Cell-3,1,23.0,53.0,5293.552387106307,6810.656035994198
GACTAAGATCATGCAC-1-Topic-6-Cell-4,1,23.0,53.0,5420.881171374884,6853.209818634973
GACTAAGATCATGCAC-1-Topic-6-Cell-5,1,23.0,53.0,5342.063568859983,6714.905598041579
GACTAAGATCATGCAC-1-Topic-6-Cell-6,1,23.0,53.0,5303.0968550217885,6891.309666600323
GACTAAGATCATGCAC-1-Topic-7-Cell-7,1,23.0,53.0,5466.213778473883,6775.909884823291
GACTAAGATCATGCAC-1-Topic-7-Cell-8,1,23.0,53.0,5250.588675800891,6749.214635774117
GACTAAGTAGGCTCAC-1-Topic-5-Cell-1,1,27.0,43.0,6057.0,5814.0
GACTAAGTAGGCTCAC-1-Topic-6-Cell-2,1,27.0,43.0,6086.1340443974495,5782.197118724383
GACTAAGTAGGCTCAC-1-Topic-6-Cell-3,1,27.0,43.0,5996.238207855446,5819.332561874843
GACTAAGTAGGCTCAC-1-Topic-6-Cell-4,1,27.0,43.0,6116.284936917512,5859.452652902084
GACTAAGTAGGCTCAC-1-Topic-6-Cell-5,1,27.0,43.0,6041.974988630642,5729.058183237672
GACTAAGTAGGCTCAC-1-Topic-6-Cell-6,1,27.0,43.0,6005.236818503251,5895.373534046718
GACTAAGTAGGCTCAC-1-Topic-6-Cell-7,1,27.0,43.0,6159.024928768936,5786.573576390734
GACTAAGTAGGCTCAC-1-Topic-6-Cell-8,1,27.0,43.0,5955.731632376778,5761.405054219888
GACTAAGTAGGCTCAC-1-Topic-6-Cell-9,1,27.0,43.0,6098.847516403668,5928.588445202443
GACTAGGCCGTTAGGT-1-Topic-2-Cell-1,1,66.0,78.0,12790.0,9340.0
GACTAGGCCGTTAGGT-1-Topic-2-Cell-2,1,66.0,78.0,12833.701066596173,9292.295678086573
GACTAGGCCGTTAGGT-1-Topic-2-Cell-3,1,66.0,78.0,12698.857311783167,9347.998842812265
GACTAGGCCGTTAGGT-1-Topic-5-Cell-4,1,66.0,78.0,12878.927405376267,9408.178979353126
GACTCACCCACGTGAG-1-Topic-4-Cell-1,1,38.0,106.0,7923.0,12096.0
GACTCACCCACGTGAG-1-Topic-4-Cell-2,1,38.0,106.0,7962.087422239316,12053.331957352419
GACTCACCCACGTGAG-1-Topic-4-Cell-3,1,38.0,106.0,7841.479501398037,12103.154382507824
GACTCACCCACGTGAG-1-Topic-4-Cell-4,1,38.0,106.0,8002.5390893936055,12156.981132988058
GACTCACCCACGTGAG-1-Topic-7-Cell-5,1,38.0,106.0,7902.841831929245,11982.038594152262
GACTCCCAGAATAAGG-1-Topic-6-Cell-1,1,27.0,111.0,6015.0,12582.0
GACTCCCAGAATAAGG-1-Topic-6-Cell-2,1,27.0,111.0,6050.6817714586705,12543.049584262211
GACTCCCAGAATAAGG-1-Topic-6-Cell-3,1,27.0,111.0,5940.582306694395,12588.531027807592
GACTCCCAGAATAAGG-1-Topic-6-Cell-4,1,27.0,111.0,6087.608922440497,12637.667903532969
GACTCCCAGAATAAGG-1-Topic-6-Cell-5,1,27.0,111.0,5996.598194382778,12477.967945553655
GACTCCCAGAATAAGG-1-Topic-6-Cell-6,1,27.0,111.0,5951.603308934945,12681.661818490727
GACTCGCGGGAATGAC-1-Topic-1-Cell-1,1,28.0,96.0,6198.0,11090.0
GACTCGCGGGAATGAC-1-Topic-1-Cell-2,1,28.0,96.0,6233.6817714586705,11051.049584262211
GACTCGCGGGAATGAC-1-Topic-6-Cell-3,1,28.0,96.0,6123.582306694395,11096.531027807592
GACTCGCGGGAATGAC-1-Topic-6-Cell-4,1,28.0,96.0,6270.608922440497,11145.667903532969
GACTCGCGGGAATGAC-1-Topic-7-Cell-5,1,28.0,96.0,6179.598194382778,10985.967945553655
GACTCGCGGGAATGAC-1-Topic-8-Cell-6,1,28.0,96.0,6134.603308934945,11189.661818490727
GACTGCAAATCGAGCT-1-Topic-3-Cell-1,1,59.0,75.0,11579.0,9033.0
GACTGCAAATCGAGCT-1-Topic-6-Cell-2,1,59.0,75.0,11622.701066596173,8985.295678086573
GACTGCAAATCGAGCT-1-Topic-7-Cell-3,1,59.0,75.0,11487.857311783167,9040.998842812265
GACTGCAAATCGAGCT-1-Topic-7-Cell-4,1,59.0,75.0,11667.927405376267,9101.178979353126
GACTGCACCAGCCCAG-1-Topic-4-Cell-1,1,46.0,80.0,9325.0,9517.0
GACTGCACCAGCCCAG-1-Topic-9-Cell-2,1,46.0,80.0,9368.701066596173,9469.295678086573
GACTGCACCAGCCCAG-1-Topic-9-Cell-3,1,46.0,80.0,9233.857311783167,9524.998842812265
GACTGCACCAGCCCAG-1-Topic-9-Cell-4,1,46.0,80.0,9413.927405376267,9585.178979353126
GACTGCTGGTGAGAAA-1-Topic-0-Cell-1,1,67.0,39.0,12987.0,5459.0
GACTGCTGGTGAGAAA-1-Topic-0-Cell-2,1,67.0,39.0,13037.46164512635,5403.91579380355
GACTGCTGGTGAGAAA-1-Topic-0-Cell-3,1,67.0,39.0,12881.757488846692,5468.236268101734
GAGACTGATGGGTAGA-1-Topic-1-Cell-1,1,28.0,56.0,6223.0,7109.0
GAGACTGATGGGTAGA-1-Topic-3-Cell-2,1,28.0,56.0,6262.087422239316,7066.331957352419
GAGACTGATGGGTAGA-1-Topic-6-Cell-3,1,28.0,56.0,6141.479501398037,7116.154382507824
GAGACTGATGGGTAGA-1-Topic-6-Cell-4,1,28.0,56.0,6302.5390893936055,7169.981132988058
GAGACTGATGGGTAGA-1-Topic-7-Cell-5,1,28.0,56.0,6202.841831929245,6995.038594152262
GAGACTTCGCGACCGA-1-Topic-0-Cell-1,1,53.0,57.0,10551.0,7235.0
GAGACTTCGCGACCGA-1-Topic-5-Cell-2,1,53.0,57.0,10594.701066596173,7187.295678086574
GAGACTTCGCGACCGA-1-Topic-5-Cell-3,1,53.0,57.0,10459.857311783167,7242.998842812265
GAGACTTCGCGACCGA-1-Topic-6-Cell-4,1,53.0,57.0,10639.927405376267,7303.178979353126
GAGAGGGCGCGAGGTT-1-Topic-3-Cell-1,1,38.0,40.0,7964.0,5527.0
GAGAGGGCGCGAGGTT-1-Topic-3-Cell-2,1,38.0,40.0,8003.087422239316,5484.331957352419
GAGAGGGCGCGAGGTT-1-Topic-3-Cell-3,1,38.0,40.0,7882.479501398037,5534.154382507824
GAGAGGGCGCGAGGTT-1-Topic-3-Cell-4,1,38.0,40.0,8043.5390893936055,5587.981132988058
GAGAGGGCGCGAGGTT-1-Topic-3-Cell-5,1,38.0,40.0,7943.841831929245,5413.038594152262
GAGAGGTGCATTCTGG-1-Topic-0-Cell-1,1,44.0,28.0,9011.0,4339.0
GAGAGGTGCATTCTGG-1-Topic-0-Cell-2,1,44.0,28.0,9054.701066596173,4291.295678086574
GAGAGGTGCATTCTGG-1-Topic-0-Cell-3,1,44.0,28.0,8919.857311783167,4346.998842812265
GAGAGGTGCATTCTGG-1-Topic-2-Cell-4,1,44.0,28.0,9099.927405376267,4407.178979353126
GAGATCTGCTTGGCAT-1-Topic-3-Cell-1,1,34.0,44.0,7269.0,5921.0
GAGATCTGCTTGGCAT-1-Topic-3-Cell-2,1,34.0,44.0,7319.461645126349,5865.91579380355
GAGATCTGCTTGGCAT-1-Topic-3-Cell-3,1,34.0,44.0,7163.757488846692,5930.236268101734
GAGATCTGTCACTCCG-1-Topic-6-Cell-1,1,30.0,74.0,6558.0,8902.0
GAGATCTGTCACTCCG-1-Topic-7-Cell-2,1,30.0,74.0,6601.701066596173,8854.295678086573
GAGATCTGTCACTCCG-1-Topic-8-Cell-3,1,30.0,74.0,6466.8573117831675,8909.998842812265
GAGATCTGTCACTCCG-1-Topic-9-Cell-4,1,30.0,74.0,6646.927405376267,8970.178979353126
GAGATCTTCCATGACA-1-Topic-6-Cell-1,1,45.0,77.0,9153.0,9217.0
GAGATCTTCCATGACA-1-Topic-7-Cell-2,1,45.0,77.0,9196.701066596173,9169.295678086573
GAGATCTTCCATGACA-1-Topic-7-Cell-3,1,45.0,77.0,9061.857311783167,9224.998842812265
GAGATCTTCCATGACA-1-Topic-9-Cell-4,1,45.0,77.0,9241.927405376267,9285.178979353126
GAGATGGGAGTCGACA-1-Topic-3-Cell-1,1,52.0,72.0,10369.0,8727.0
GAGATGGGAGTCGACA-1-Topic-3-Cell-2,1,52.0,72.0,10404.68177145867,8688.049584262211
GAGATGGGAGTCGACA-1-Topic-6-Cell-3,1,52.0,72.0,10294.582306694394,8733.531027807592
GAGATGGGAGTCGACA-1-Topic-6-Cell-4,1,52.0,72.0,10441.608922440497,8782.667903532969
GAGATGGGAGTCGACA-1-Topic-7-Cell-5,1,52.0,72.0,10350.59819438278,8622.967945553655
GAGATGGGAGTCGACA-1-Topic-7-Cell-6,1,52.0,72.0,10305.603308934946,8826.661818490727
GAGCACCTGTGTCCAG-1-Topic-7-Cell-1,1,58.0,80.0,11403.0,9530.0
GAGCACCTGTGTCCAG-1-Topic-7-Cell-2,1,58.0,80.0,11438.68177145867,9491.049584262211
GAGCACCTGTGTCCAG-1-Topic-7-Cell-3,1,58.0,80.0,11328.582306694394,9536.531027807592
GAGCACCTGTGTCCAG-1-Topic-7-Cell-4,1,58.0,80.0,11475.608922440497,9585.667903532969
GAGCACCTGTGTCCAG-1-Topic-7-Cell-5,1,58.0,80.0,11384.59819438278,9425.967945553655
GAGCACCTGTGTCCAG-1-Topic-7-Cell-6,1,58.0,80.0,11339.603308934946,9629.661818490727
GAGCATCAACAACTTG-1-Topic-0-Cell-1,1,64.0,30.0,12473.0,4560.0
GAGCATCAACAACTTG-1-Topic-0-Cell-2,1,64.0,30.0,12516.701066596173,4512.295678086574
GAGCATCAACAACTTG-1-Topic-0-Cell-3,1,64.0,30.0,12381.857311783167,4567.998842812265
GAGCATCAACAACTTG-1-Topic-0-Cell-4,1,64.0,30.0,12561.927405376267,4628.178979353126
GAGCCAGCTACCTGTG-1-Topic-3-Cell-1,1,53.0,89.0,10531.0,10420.0
GAGCCAGCTACCTGTG-1-Topic-7-Cell-2,1,53.0,89.0,10581.46164512635,10364.91579380355
GAGCCAGCTACCTGTG-1-Topic-7-Cell-3,1,53.0,89.0,10425.757488846692,10429.236268101733
GAGCGCGCACGAGTAG-1-Topic-9-Cell-1,1,49.0,93.0,9836.0,10814.0
GAGCGCGCACGAGTAG-1-Topic-9-Cell-2,1,49.0,93.0,9875.087422239316,10771.331957352419
GAGCGCGCACGAGTAG-1-Topic-9-Cell-3,1,49.0,93.0,9754.479501398038,10821.154382507824
GAGCGCGCACGAGTAG-1-Topic-9-Cell-4,1,49.0,93.0,9915.539089393606,10874.981132988058
GAGCGCGCACGAGTAG-1-Topic-9-Cell-5,1,49.0,93.0,9815.841831929245,10700.038594152262
GAGCGCTGTTAGGTAA-1-Topic-0-Cell-1,1,61.0,23.0,11958.0,3860.0
GAGCGCTGTTAGGTAA-1-Topic-0-Cell-2,1,61.0,23.0,12001.701066596173,3812.295678086574
GAGCGCTGTTAGGTAA-1-Topic-0-Cell-3,1,61.0,23.0,11866.857311783167,3867.998842812265
GAGCGCTGTTAGGTAA-1-Topic-7-Cell-4,1,61.0,23.0,12046.927405376267,3928.178979353126
GAGCTAAGGGCATATC-1-Topic-3-Cell-1,1,29.0,83.0,6379.0,9797.0
GAGCTAAGGGCATATC-1-Topic-3-Cell-2,1,29.0,83.0,6414.6817714586705,9758.049584262211
GAGCTAAGGGCATATC-1-Topic-6-Cell-3,1,29.0,83.0,6304.582306694395,9803.531027807592
GAGCTAAGGGCATATC-1-Topic-7-Cell-4,1,29.0,83.0,6451.608922440497,9852.667903532969
GAGCTAAGGGCATATC-1-Topic-7-Cell-5,1,29.0,83.0,6360.598194382778,9692.967945553655
GAGCTAAGGGCATATC-1-Topic-7-Cell-6,1,29.0,83.0,6315.603308934945,9896.661818490727
GAGCTGTCGTCTCGGA-1-Topic-4-Cell-1,1,20.0,108.0,4805.0,12276.0
GAGCTGTCGTCTCGGA-1-Topic-4-Cell-2,1,20.0,108.0,4840.6817714586705,12237.049584262211
GAGCTGTCGTCTCGGA-1-Topic-6-Cell-3,1,20.0,108.0,4730.582306694395,12282.531027807592
GAGCTGTCGTCTCGGA-1-Topic-6-Cell-4,1,20.0,108.0,4877.608922440497,12331.667903532969
GAGCTGTCGTCTCGGA-1-Topic-6-Cell-5,1,20.0,108.0,4786.598194382778,12171.967945553655
GAGCTGTCGTCTCGGA-1-Topic-6-Cell-6,1,20.0,108.0,4741.603308934945,12375.661818490727
GAGGAATGGAGAGGTT-1-Topic-2-Cell-1,1,27.0,31.0,6065.0,4619.0
GAGGAATGGAGAGGTT-1-Topic-6-Cell-2,1,27.0,31.0,6108.701066596173,4571.295678086574
GAGGAATGGAGAGGTT-1-Topic-6-Cell-3,1,27.0,31.0,5973.8573117831675,4626.998842812265
GAGGAATGGAGAGGTT-1-Topic-6-Cell-4,1,27.0,31.0,6153.927405376267,4687.178979353126
GAGGCCCGACTCCGCA-1-Topic-0-Cell-1,1,55.0,23.0,10919.0,3854.0
GAGGCCCGACTCCGCA-1-Topic-0-Cell-2,1,55.0,23.0,10969.46164512635,3798.9157938035496
GAGGCCCGACTCCGCA-1-Topic-7-Cell-3,1,55.0,23.0,10813.757488846692,3863.236268101734
GAGGCCTGTTGATACA-1-Topic-7-Cell-1,1,63.0,107.0,12252.0,12223.0
GAGGCCTGTTGATACA-1-Topic-7-Cell-2,1,63.0,107.0,12313.802641070479,12155.53590096622
GAGGCTATCAAAGTCG-1-Topic-3-Cell-1,1,35.0,27.0,7453.0,4230.0
GAGGCTATCAAAGTCG-1-Topic-3-Cell-2,1,35.0,27.0,7496.701066596173,4182.295678086574
GAGGCTATCAAAGTCG-1-Topic-3-Cell-3,1,35.0,27.0,7361.8573117831675,4237.998842812265
GAGGCTATCAAAGTCG-1-Topic-3-Cell-4,1,35.0,27.0,7541.927405376267,4298.178979353126
GAGGGAGTCAGATCGC-1-Topic-0-Cell-1,1,65.0,41.0,12640.0,5656.0
GAGGGAGTCAGATCGC-1-Topic-0-Cell-2,1,65.0,41.0,12701.802641070479,5588.535900966221
GAGGGCGCAGCTCTGC-1-Topic-7-Cell-1,1,27.0,89.0,6029.0,10392.0
GAGGGCGCAGCTCTGC-1-Topic-7-Cell-2,1,27.0,89.0,6090.802641070479,10324.53590096622
GAGGGTAGTAACAAAG-1-Topic-0-Cell-1,1,63.0,31.0,12299.0,4659.0
GAGGGTAGTAACAAAG-1-Topic-0-Cell-2,1,63.0,31.0,12338.087422239316,4616.331957352419
GAGGGTAGTAACAAAG-1-Topic-0-Cell-3,1,63.0,31.0,12217.479501398038,4666.154382507824
GAGGGTAGTAACAAAG-1-Topic-0-Cell-4,1,63.0,31.0,12378.539089393606,4719.981132988058
GAGGGTAGTAACAAAG-1-Topic-5-Cell-5,1,63.0,31.0,12278.841831929245,4545.038594152262
GAGGTACGCGTGTCCC-1-Topic-3-Cell-1,1,67.0,67.0,12970.0,8246.0
GAGGTACGCGTGTCCC-1-Topic-5-Cell-2,1,67.0,67.0,13020.46164512635,8190.91579380355
GAGGTACGCGTGTCCC-1-Topic-5-Cell-3,1,67.0,67.0,12864.757488846692,8255.236268101733
GAGGTCCCAAAGATCT-1-Topic-0-Cell-1,1,18.0,26.0,4509.0,4112.0
GAGGTCCCAAAGATCT-1-Topic-0-Cell-2,1,18.0,26.0,4559.461645126349,4056.9157938035496
GAGGTCCCAAAGATCT-1-Topic-5-Cell-3,1,18.0,26.0,4403.757488846692,4121.236268101734
GAGTAAGGCCACGGGA-1-Topic-3-Cell-1,1,48.0,14.0,9712.0,2950.0
GAGTAAGGCCACGGGA-1-Topic-3-Cell-2,1,48.0,14.0,9751.087422239316,2907.3319573524186
GAGTAAGGCCACGGGA-1-Topic-3-Cell-3,1,48.0,14.0,9630.479501398038,2957.1543825078243
GAGTAAGGCCACGGGA-1-Topic-3-Cell-4,1,48.0,14.0,9791.539089393606,3010.9811329880577
GAGTAAGGCCACGGGA-1-Topic-3-Cell-5,1,48.0,14.0,9691.841831929245,2836.0385941522622
GAGTAGATACTAGTTG-1-Topic-0-Cell-1,1,62.0,64.0,12106.0,7942.0
GAGTAGATACTAGTTG-1-Topic-0-Cell-2,1,62.0,64.0,12145.087422239316,7899.331957352419
GAGTAGATACTAGTTG-1-Topic-5-Cell-3,1,62.0,64.0,12024.479501398038,7949.154382507824
GAGTAGATACTAGTTG-1-Topic-5-Cell-4,1,62.0,64.0,12185.539089393606,8002.981132988058
GAGTAGATACTAGTTG-1-Topic-7-Cell-5,1,62.0,64.0,12085.841831929245,7828.038594152262
GAGTATGCCCGCCTTG-1-Topic-3-Cell-1,1,49.0,43.0,9867.0,5838.0
GAGTATGCCCGCCTTG-1-Topic-5-Cell-2,1,49.0,43.0,9910.701066596173,5790.295678086574
GAGTATGCCCGCCTTG-1-Topic-5-Cell-3,1,49.0,43.0,9775.857311783167,5845.998842812265
GAGTATGCCCGCCTTG-1-Topic-5-Cell-4,1,49.0,43.0,9955.927405376267,5906.178979353126
GAGTATGCGCGTGCAT-1-Topic-2-Cell-1,1,63.0,71.0,12274.0,8640.0
GAGTATGCGCGTGCAT-1-Topic-2-Cell-2,1,63.0,71.0,12307.034901211928,8603.938922215459
GAGTATGCGCGTGCAT-1-Topic-2-Cell-3,1,63.0,71.0,12205.102603758962,8646.046556816444
GAGTATGCGCGTGCAT-1-Topic-5-Cell-4,1,63.0,71.0,12341.222799818237,8691.538464003022
GAGTATGCGCGTGCAT-1-Topic-6-Cell-5,1,63.0,71.0,12256.96323848747,8543.68503297294
GAGTATGCGCGTGCAT-1-Topic-6-Cell-6,1,63.0,71.0,12215.3060691529,8732.268914738599
GAGTATGCGCGTGCAT-1-Topic-6-Cell-7,1,63.0,71.0,12389.685395307864,8608.901358761988
GAGTCAGACCAGAATC-1-Topic-3-Cell-1,1,56.0,48.0,11077.0,6343.0
GAGTCAGACCAGAATC-1-Topic-3-Cell-2,1,56.0,48.0,11120.701066596173,6295.295678086574
GAGTCAGACCAGAATC-1-Topic-3-Cell-3,1,56.0,48.0,10985.857311783167,6350.998842812265
GAGTCAGACCAGAATC-1-Topic-3-Cell-4,1,56.0,48.0,11165.927405376267,6411.178979353126
GAGTCCGCTTACCGGA-1-Topic-0-Cell-1,1,46.0,58.0,9339.0,7327.0
GAGTCCGCTTACCGGA-1-Topic-3-Cell-2,1,46.0,58.0,9382.701066596173,7279.295678086574
GAGTCCGCTTACCGGA-1-Topic-5-Cell-3,1,46.0,58.0,9247.857311783167,7334.998842812265
GAGTCCGCTTACCGGA-1-Topic-6-Cell-4,1,46.0,58.0,9427.927405376267,7395.178979353126
GAGTGTCAACCAGAAA-1-Topic-2-Cell-1,1,63.0,83.0,12267.0,9834.0
GAGTGTCAACCAGAAA-1-Topic-6-Cell-2,1,63.0,83.0,12310.701066596173,9786.295678086573
GAGTGTCAACCAGAAA-1-Topic-6-Cell-3,1,63.0,83.0,12175.857311783167,9841.998842812265
GAGTGTCAACCAGAAA-1-Topic-7-Cell-4,1,63.0,83.0,12355.927405376267,9902.178979353126
GAGTGTGCGGTACCCA-1-Topic-3-Cell-1,1,44.0,88.0,8973.0,10311.0
GAGTGTGCGGTACCCA-1-Topic-6-Cell-2,1,44.0,88.0,9006.034901211928,10274.938922215459
GAGTGTGCGGTACCCA-1-Topic-6-Cell-3,1,44.0,88.0,8904.102603758962,10317.046556816444
GAGTGTGCGGTACCCA-1-Topic-7-Cell-4,1,44.0,88.0,9040.222799818237,10362.538464003022
GAGTGTGCGGTACCCA-1-Topic-7-Cell-5,1,44.0,88.0,8955.96323848747,10214.68503297294
GAGTGTGCGGTACCCA-1-Topic-9-Cell-6,1,44.0,88.0,8914.3060691529,10403.268914738599
GAGTGTGCGGTACCCA-1-Topic-9-Cell-7,1,44.0,88.0,9088.685395307864,10279.901358761988
GAGTTGATGGCAATTT-1-Topic-0-Cell-1,1,51.0,19.0,10229.0,3451.0
GAGTTGATGGCAATTT-1-Topic-0-Cell-2,1,51.0,19.0,10264.68177145867,3412.049584262212
GAGTTGATGGCAATTT-1-Topic-0-Cell-3,1,51.0,19.0,10154.582306694394,3457.531027807593
GAGTTGATGGCAATTT-1-Topic-0-Cell-4,1,51.0,19.0,10301.608922440497,3506.6679035329694
GAGTTGATGGCAATTT-1-Topic-0-Cell-5,1,51.0,19.0,10210.59819438278,3346.9679455536548
GAGTTGATGGCAATTT-1-Topic-7-Cell-6,1,51.0,19.0,10165.603308934946,3550.661818490727
GATAACTCGCACTGTG-1-Topic-7-Cell-1,1,39.0,89.0,8107.0,10405.0
GATAACTCGCACTGTG-1-Topic-7-Cell-2,1,39.0,89.0,8150.701066596173,10357.295678086573
GATAACTCGCACTGTG-1-Topic-9-Cell-3,1,39.0,89.0,8015.8573117831675,10412.998842812265
GATAACTCGCACTGTG-1-Topic-9-Cell-4,1,39.0,89.0,8195.927405376267,10473.178979353126
GATACGATGGGAGTCA-1-Topic-3-Cell-1,1,45.0,45.0,9173.0,6032.0
GATACGATGGGAGTCA-1-Topic-3-Cell-2,1,45.0,45.0,9216.701066596173,5984.295678086574
GATACGATGGGAGTCA-1-Topic-3-Cell-3,1,45.0,45.0,9081.857311783167,6039.998842812265
GATACGATGGGAGTCA-1-Topic-5-Cell-4,1,45.0,45.0,9261.927405376267,6100.178979353126
GATAGGTAACGTTGAC-1-Topic-6-Cell-1,1,48.0,60.0,9684.0,7529.0
GATAGGTAACGTTGAC-1-Topic-6-Cell-2,1,48.0,60.0,9719.68177145867,7490.049584262212
GATAGGTAACGTTGAC-1-Topic-6-Cell-3,1,48.0,60.0,9609.582306694394,7535.531027807593
GATAGGTAACGTTGAC-1-Topic-6-Cell-4,1,48.0,60.0,9756.608922440497,7584.66790353297
GATAGGTAACGTTGAC-1-Topic-6-Cell-5,1,48.0,60.0,9665.59819438278,7424.967945553654
GATAGGTAACGTTGAC-1-Topic-6-Cell-6,1,48.0,60.0,9620.603308934946,7628.6618184907275
GATATGAGACACTAAC-1-Topic-4-Cell-1,1,39.0,81.0,8112.0,9609.0
GATATGAGACACTAAC-1-Topic-4-Cell-2,1,39.0,81.0,8145.034901211928,9572.938922215459
GATATGAGACACTAAC-1-Topic-6-Cell-3,1,39.0,81.0,8043.102603758962,9615.046556816444
GATATGAGACACTAAC-1-Topic-7-Cell-4,1,39.0,81.0,8179.222799818238,9660.538464003022
GATATGAGACACTAAC-1-Topic-7-Cell-5,1,39.0,81.0,8094.9632384874685,9512.68503297294
GATATGAGACACTAAC-1-Topic-9-Cell-6,1,39.0,81.0,8053.306069152901,9701.268914738599
GATATGAGACACTAAC-1-Topic-9-Cell-7,1,39.0,81.0,8227.685395307864,9577.901358761988
GATATGCGGTAGCCAA-1-Topic-2-Cell-1,1,19.0,91.0,4642.0,10582.0
GATATGCGGTAGCCAA-1-Topic-4-Cell-2,1,19.0,91.0,4677.6817714586705,10543.049584262211
GATATGCGGTAGCCAA-1-Topic-6-Cell-3,1,19.0,91.0,4567.582306694395,10588.531027807592
GATATGCGGTAGCCAA-1-Topic-6-Cell-4,1,19.0,91.0,4714.608922440497,10637.667903532969
GATATGCGGTAGCCAA-1-Topic-6-Cell-5,1,19.0,91.0,4623.598194382778,10477.967945553655
GATATGCGGTAGCCAA-1-Topic-7-Cell-6,1,19.0,91.0,4578.603308934945,10681.661818490727
GATATTGAGATTGGCG-1-Topic-3-Cell-1,1,34.0,100.0,7234.0,11495.0
GATATTGAGATTGGCG-1-Topic-6-Cell-2,1,34.0,100.0,7284.461645126349,11439.91579380355
GATATTGAGATTGGCG-1-Topic-7-Cell-3,1,34.0,100.0,7128.757488846692,11504.236268101733
GATATTTCCTACATGG-1-Topic-1-Cell-1,1,17.0,89.0,4297.0,10381.0
GATATTTCCTACATGG-1-Topic-1-Cell-2,1,17.0,89.0,4340.701066596173,10333.295678086573
GATATTTCCTACATGG-1-Topic-1-Cell-3,1,17.0,89.0,4205.8573117831675,10388.998842812265
GATATTTCCTACATGG-1-Topic-8-Cell-4,1,17.0,89.0,4385.927405376267,10449.178979353126
GATCAACATAAAGGGA-1-Topic-0-Cell-1,1,62.0,36.0,12123.0,5155.0
GATCAACATAAAGGGA-1-Topic-0-Cell-2,1,62.0,36.0,12162.087422239316,5112.331957352419
GATCAACATAAAGGGA-1-Topic-0-Cell-3,1,62.0,36.0,12041.479501398038,5162.154382507824
GATCAACATAAAGGGA-1-Topic-3-Cell-4,1,62.0,36.0,12202.539089393606,5215.981132988058
GATCAACATAAAGGGA-1-Topic-5-Cell-5,1,62.0,36.0,12102.841831929245,5041.038594152262
GATCATTCCAAACATT-1-Topic-1-Cell-1,1,30.0,56.0,6569.0,7111.0
GATCATTCCAAACATT-1-Topic-2-Cell-2,1,30.0,56.0,6604.6817714586705,7072.049584262212
GATCATTCCAAACATT-1-Topic-3-Cell-3,1,30.0,56.0,6494.582306694395,7117.531027807593
GATCATTCCAAACATT-1-Topic-3-Cell-4,1,30.0,56.0,6641.608922440497,7166.66790353297
GATCATTCCAAACATT-1-Topic-3-Cell-5,1,30.0,56.0,6550.598194382778,7006.967945553654
GATCATTCCAAACATT-1-Topic-6-Cell-6,1,30.0,56.0,6505.603308934945,7210.6618184907275
GATCCCTTTATACTGC-1-Topic-1-Cell-1,1,28.0,60.0,6220.0,7507.0
GATCCCTTTATACTGC-1-Topic-3-Cell-2,1,28.0,60.0,6255.6817714586705,7468.049584262212
GATCCCTTTATACTGC-1-Topic-3-Cell-3,1,28.0,60.0,6145.582306694395,7513.531027807593
GATCCCTTTATACTGC-1-Topic-3-Cell-4,1,28.0,60.0,6292.608922440497,7562.66790353297
GATCCCTTTATACTGC-1-Topic-3-Cell-5,1,28.0,60.0,6201.598194382778,7402.967945553654
GATCCCTTTATACTGC-1-Topic-6-Cell-6,1,28.0,60.0,6156.603308934945,7606.6618184907275
GATCCGGGAATTAACA-1-Topic-2-Cell-1,1,39.0,73.0,8117.0,8813.0
GATCCGGGAATTAACA-1-Topic-4-Cell-2,1,39.0,73.0,8156.087422239316,8770.331957352419
GATCCGGGAATTAACA-1-Topic-9-Cell-3,1,39.0,73.0,8035.479501398037,8820.154382507824
GATCCGGGAATTAACA-1-Topic-9-Cell-4,1,39.0,73.0,8196.539089393606,8873.981132988058
GATCCGGGAATTAACA-1-Topic-9-Cell-5,1,39.0,73.0,8096.841831929245,8699.038594152262
GATCCTAAATCGGGAC-1-Topic-4-Cell-1,1,27.0,95.0,6025.0,10989.0
GATCCTAAATCGGGAC-1-Topic-6-Cell-2,1,27.0,95.0,6068.701066596173,10941.295678086573
GATCCTAAATCGGGAC-1-Topic-6-Cell-3,1,27.0,95.0,5933.8573117831675,10996.998842812265
GATCCTAAATCGGGAC-1-Topic-6-Cell-4,1,27.0,95.0,6113.927405376267,11057.178979353126
GATCCTCGACACTGGC-1-Topic-0-Cell-1,1,50.0,32.0,10047.0,4744.0
GATCCTCGACACTGGC-1-Topic-0-Cell-2,1,50.0,32.0,10090.701066596173,4696.295678086574
GATCCTCGACACTGGC-1-Topic-0-Cell-3,1,50.0,32.0,9955.857311783167,4751.998842812265
GATCCTCGACACTGGC-1-Topic-5-Cell-4,1,50.0,32.0,10135.927405376267,4812.178979353126
GATCGACACTATCTGA-1-Topic-6-Cell-1,1,27.0,47.0,6055.0,6212.0
GATCGACACTATCTGA-1-Topic-6-Cell-2,1,27.0,47.0,6090.6817714586705,6173.049584262212
GATCGACACTATCTGA-1-Topic-6-Cell-3,1,27.0,47.0,5980.582306694395,6218.531027807593
GATCGACACTATCTGA-1-Topic-6-Cell-4,1,27.0,47.0,6127.608922440497,6267.66790353297
GATCGACACTATCTGA-1-Topic-6-Cell-5,1,27.0,47.0,6036.598194382778,6107.967945553654
GATCGACACTATCTGA-1-Topic-7-Cell-6,1,27.0,47.0,5991.603308934945,6311.6618184907275
GATCGCGGGCTCTCCA-1-Topic-1-Cell-1,1,36.0,52.0,7610.0,6719.0
GATCGCGGGCTCTCCA-1-Topic-3-Cell-2,1,36.0,52.0,7653.701066596173,6671.295678086574
GATCGCGGGCTCTCCA-1-Topic-3-Cell-3,1,36.0,52.0,7518.8573117831675,6726.998842812265
GATCGCGGGCTCTCCA-1-Topic-6-Cell-4,1,36.0,52.0,7698.927405376267,6787.178979353126
GATCGCTACCCGATTT-1-Topic-6-Cell-1,1,50.0,98.0,10006.0,11313.0
GATCGCTACCCGATTT-1-Topic-6-Cell-2,1,50.0,98.0,10049.701066596173,11265.295678086573
GATCGCTACCCGATTT-1-Topic-7-Cell-3,1,50.0,98.0,9914.857311783167,11320.998842812265
GATCGCTACCCGATTT-1-Topic-9-Cell-4,1,50.0,98.0,10094.927405376267,11381.178979353126
GATCGCTATATCTCAG-1-Topic-0-Cell-1,1,61.0,25.0,11957.0,4059.0
GATCGCTATATCTCAG-1-Topic-0-Cell-2,1,61.0,25.0,11992.68177145867,4020.049584262212
GATCGCTATATCTCAG-1-Topic-0-Cell-3,1,61.0,25.0,11882.582306694394,4065.531027807593
GATCGCTATATCTCAG-1-Topic-0-Cell-4,1,61.0,25.0,12029.608922440497,4114.66790353297
GATCGCTATATCTCAG-1-Topic-0-Cell-5,1,61.0,25.0,11938.59819438278,3954.9679455536548
GATCGCTATATCTCAG-1-Topic-0-Cell-6,1,61.0,25.0,11893.603308934946,4158.6618184907275
GATCGGATAGAACCAT-1-Topic-3-Cell-1,1,41.0,13.0,8501.0,2843.0
GATCGGTGGCCATAAC-1-Topic-6-Cell-1,1,28.0,68.0,6215.0,8303.0
GATCGGTGGCCATAAC-1-Topic-6-Cell-2,1,28.0,68.0,6250.6817714586705,8264.049584262211
GATCGGTGGCCATAAC-1-Topic-6-Cell-3,1,28.0,68.0,6140.582306694395,8309.531027807592
GATCGGTGGCCATAAC-1-Topic-6-Cell-4,1,28.0,68.0,6287.608922440497,8358.667903532969
GATCGGTGGCCATAAC-1-Topic-6-Cell-5,1,28.0,68.0,6196.598194382778,8198.967945553655
GATCGGTGGCCATAAC-1-Topic-7-Cell-6,1,28.0,68.0,6151.603308934945,8402.661818490727
GATCGTGACTGATATC-1-Topic-4-Cell-1,1,38.0,72.0,7944.0,8712.0
GATCGTGACTGATATC-1-Topic-9-Cell-2,1,38.0,72.0,8005.802641070479,8644.53590096622
GATCTGCTATCTAAGG-1-Topic-2-Cell-1,1,62.0,56.0,12111.0,7146.0
GATCTGCTATCTAAGG-1-Topic-3-Cell-2,1,62.0,56.0,12161.46164512635,7090.91579380355
GATCTGCTATCTAAGG-1-Topic-3-Cell-3,1,62.0,56.0,12005.757488846692,7155.236268101734
GATCTTGGAGGGCATA-1-Topic-0-Cell-1,1,44.0,70.0,8985.0,8520.0
GATCTTGGAGGGCATA-1-Topic-3-Cell-2,1,44.0,70.0,9020.68177145867,8481.049584262211
GATCTTGGAGGGCATA-1-Topic-3-Cell-3,1,44.0,70.0,8910.582306694394,8526.531027807592
GATCTTGGAGGGCATA-1-Topic-3-Cell-4,1,44.0,70.0,9057.608922440497,8575.667903532969
GATCTTGGAGGGCATA-1-Topic-6-Cell-5,1,44.0,70.0,8966.59819438278,8415.967945553655
GATCTTGGAGGGCATA-1-Topic-7-Cell-6,1,44.0,70.0,8921.603308934946,8619.661818490727
GATCTTTGCAGGGTAT-1-Topic-3-Cell-1,1,36.0,38.0,7619.0,5326.0
GATCTTTGCAGGGTAT-1-Topic-3-Cell-2,1,36.0,38.0,7654.6817714586705,5287.049584262212
GATCTTTGCAGGGTAT-1-Topic-3-Cell-3,1,36.0,38.0,7544.582306694395,5332.531027807593
GATCTTTGCAGGGTAT-1-Topic-3-Cell-4,1,36.0,38.0,7691.608922440497,5381.66790353297
GATCTTTGCAGGGTAT-1-Topic-7-Cell-5,1,36.0,38.0,7600.598194382778,5221.967945553654
GATCTTTGCAGGGTAT-1-Topic-7-Cell-6,1,36.0,38.0,7555.603308934945,5425.6618184907275
GATGACAAGTAGGGCA-1-Topic-0-Cell-1,1,57.0,33.0,11259.0,4851.0
GATGACAAGTAGGGCA-1-Topic-0-Cell-2,1,57.0,33.0,11298.087422239316,4808.331957352419
GATGACAAGTAGGGCA-1-Topic-0-Cell-3,1,57.0,33.0,11177.479501398038,4858.154382507824
GATGACAAGTAGGGCA-1-Topic-0-Cell-4,1,57.0,33.0,11338.539089393606,4911.981132988058
GATGACAAGTAGGGCA-1-Topic-3-Cell-5,1,57.0,33.0,11238.841831929245,4737.038594152262
GATGAGGAACCTTCGG-1-Topic-2-Cell-1,1,67.0,81.0,12961.0,9639.0
GATGAGGAACCTTCGG-1-Topic-3-Cell-2,1,67.0,81.0,13011.46164512635,9583.91579380355
GATGAGGAACCTTCGG-1-Topic-6-Cell-3,1,67.0,81.0,12855.757488846692,9648.236268101733
GATGCGTCCTGCATTC-1-Topic-3-Cell-1,1,37.0,57.0,7781.0,7218.0
GATGCGTCCTGCATTC-1-Topic-3-Cell-2,1,37.0,57.0,7816.6817714586705,7179.049584262212
GATGCGTCCTGCATTC-1-Topic-3-Cell-3,1,37.0,57.0,7706.582306694395,7224.531027807593
GATGCGTCCTGCATTC-1-Topic-6-Cell-4,1,37.0,57.0,7853.608922440497,7273.66790353297
GATGCGTCCTGCATTC-1-Topic-6-Cell-5,1,37.0,57.0,7762.598194382778,7113.967945553654
GATGCGTCCTGCATTC-1-Topic-6-Cell-6,1,37.0,57.0,7717.603308934945,7317.6618184907275
GATGCTACAAGCGCCT-1-Topic-3-Cell-1,1,17.0,51.0,4321.0,6599.0
GATGCTACAAGCGCCT-1-Topic-3-Cell-2,1,17.0,51.0,4356.6817714586705,6560.049584262212
GATGCTACAAGCGCCT-1-Topic-6-Cell-3,1,17.0,51.0,4246.582306694395,6605.531027807593
GATGCTACAAGCGCCT-1-Topic-6-Cell-4,1,17.0,51.0,4393.608922440497,6654.66790353297
GATGCTACAAGCGCCT-1-Topic-7-Cell-5,1,17.0,51.0,4302.598194382778,6494.967945553654
GATGCTACAAGCGCCT-1-Topic-7-Cell-6,1,17.0,51.0,4257.603308934945,6698.6618184907275
GATGCTGTATTTCATC-1-Topic-6-Cell-1,1,43.0,75.0,8808.0,9016.0
GATGCTGTATTTCATC-1-Topic-6-Cell-2,1,43.0,75.0,8847.087422239316,8973.331957352419
GATGCTGTATTTCATC-1-Topic-6-Cell-3,1,43.0,75.0,8726.479501398038,9023.154382507824
GATGCTGTATTTCATC-1-Topic-7-Cell-4,1,43.0,75.0,8887.539089393606,9076.981132988058
GATGCTGTATTTCATC-1-Topic-9-Cell-5,1,43.0,75.0,8787.841831929245,8902.038594152262
GATGGCGCACACATTA-1-Topic-0-Cell-1,1,19.0,29.0,4681.0,4412.0
GATGGCGCACACATTA-1-Topic-0-Cell-2,1,19.0,29.0,4731.461645126349,4356.91579380355
GATGGCGCACACATTA-1-Topic-7-Cell-3,1,19.0,29.0,4575.757488846692,4421.236268101734
GATGTAACGAACCACC-1-Topic-0-Cell-1,1,51.0,21.0,10228.0,3650.0
GATGTTCAATCCACGA-1-Topic-3-Cell-1,1,41.0,43.0,8482.0,5829.0
GATGTTCAATCCACGA-1-Topic-3-Cell-2,1,41.0,43.0,8517.68177145867,5790.049584262212
GATGTTCAATCCACGA-1-Topic-3-Cell-3,1,41.0,43.0,8407.582306694394,5835.531027807593
GATGTTCAATCCACGA-1-Topic-6-Cell-4,1,41.0,43.0,8554.608922440497,5884.66790353297
GATGTTCAATCCACGA-1-Topic-6-Cell-5,1,41.0,43.0,8463.59819438278,5724.967945553654
GATGTTCAATCCACGA-1-Topic-6-Cell-6,1,41.0,43.0,8418.603308934946,5928.6618184907275
GATGTTTGTGCGAGAT-1-Topic-0-Cell-1,1,20.0,30.0,4853.0,4512.0
GATGTTTGTGCGAGAT-1-Topic-3-Cell-2,1,20.0,30.0,4896.701066596173,4464.295678086574
GATGTTTGTGCGAGAT-1-Topic-3-Cell-3,1,20.0,30.0,4761.8573117831675,4519.998842812265
GATGTTTGTGCGAGAT-1-Topic-5-Cell-4,1,20.0,30.0,4941.927405376267,4580.178979353126
GATTAACCGAAAGCCC-1-Topic-3-Cell-1,1,55.0,93.0,10875.0,10821.0
GATTAACCGAAAGCCC-1-Topic-3-Cell-2,1,55.0,93.0,10918.701066596173,10773.295678086573
GATTAACCGAAAGCCC-1-Topic-7-Cell-3,1,55.0,93.0,10783.857311783167,10828.998842812265
GATTAACCGAAAGCCC-1-Topic-7-Cell-4,1,55.0,93.0,10963.927405376267,10889.178979353126
GATTACTGAATTTGGG-1-Topic-7-Cell-1,1,41.0,39.0,8484.0,5431.0
GATTACTGAATTTGGG-1-Topic-7-Cell-2,1,41.0,39.0,8534.46164512635,5375.91579380355
GATTACTGAATTTGGG-1-Topic-7-Cell-3,1,41.0,39.0,8378.757488846692,5440.236268101734
GATTCCCTTGTCGCAG-1-Topic-6-Cell-1,1,25.0,67.0,5696.0,8200.0
GATTCCCTTGTCGCAG-1-Topic-6-Cell-2,1,25.0,67.0,5735.087422239316,8157.331957352419
GATTCCCTTGTCGCAG-1-Topic-6-Cell-3,1,25.0,67.0,5614.479501398037,8207.154382507824
GATTCCCTTGTCGCAG-1-Topic-6-Cell-4,1,25.0,67.0,5775.5390893936055,8260.981132988058
GATTCCCTTGTCGCAG-1-Topic-6-Cell-5,1,25.0,67.0,5675.841831929245,8086.038594152262
GATTCCGCGTTTCCGT-1-Topic-2-Cell-1,1,16.0,76.0,4132.0,9086.0
GATTCCGCGTTTCCGT-1-Topic-3-Cell-2,1,16.0,76.0,4175.701066596173,9038.295678086573
GATTCCGCGTTTCCGT-1-Topic-7-Cell-3,1,16.0,76.0,4040.857311783168,9093.998842812265
GATTCCGCGTTTCCGT-1-Topic-7-Cell-4,1,16.0,76.0,4220.927405376267,9154.178979353126
GATTCCTATACGGCGC-1-Topic-0-Cell-1,1,25.0,23.0,5724.0,3821.0
GATTCCTATACGGCGC-1-Topic-5-Cell-2,1,25.0,23.0,5774.461645126349,3765.9157938035496
GATTCCTATACGGCGC-1-Topic-5-Cell-3,1,25.0,23.0,5618.757488846692,3830.236268101734
GATTCGACGGTTCACG-1-Topic-6-Cell-1,1,41.0,71.0,8464.0,8616.0
GATTCGACGGTTCACG-1-Topic-7-Cell-2,1,41.0,71.0,8507.701066596173,8568.295678086573
GATTCGACGGTTCACG-1-Topic-7-Cell-3,1,41.0,71.0,8372.857311783167,8623.998842812265
GATTCGACGGTTCACG-1-Topic-9-Cell-4,1,41.0,71.0,8552.927405376267,8684.178979353126
GATTGCTCCAGTTGCA-1-Topic-0-Cell-1,1,63.0,27.0,12302.0,4260.0
GATTGCTCCAGTTGCA-1-Topic-0-Cell-2,1,63.0,27.0,12341.087422239316,4217.331957352419
GATTGCTCCAGTTGCA-1-Topic-0-Cell-3,1,63.0,27.0,12220.479501398038,4267.154382507824
GATTGCTCCAGTTGCA-1-Topic-0-Cell-4,1,63.0,27.0,12381.539089393606,4320.981132988058
GATTGCTCCAGTTGCA-1-Topic-0-Cell-5,1,63.0,27.0,12281.841831929245,4146.038594152262
GATTGGGAAAGGTTGT-1-Topic-2-Cell-1,1,66.0,80.0,12788.0,9539.0
GATTGGGAAAGGTTGT-1-Topic-5-Cell-2,1,66.0,80.0,12827.087422239316,9496.331957352419
GATTGGGAAAGGTTGT-1-Topic-6-Cell-3,1,66.0,80.0,12706.479501398038,9546.154382507824
GATTGGGAAAGGTTGT-1-Topic-7-Cell-4,1,66.0,80.0,12867.539089393606,9599.981132988058
GATTGGGAAAGGTTGT-1-Topic-7-Cell-5,1,66.0,80.0,12767.841831929245,9425.038594152262
GCAAACCCTACATTAT-1-Topic-6-Cell-1,1,48.0,82.0,9670.0,9718.0
GCAAACCCTACATTAT-1-Topic-6-Cell-2,1,48.0,82.0,9713.701066596173,9670.295678086573
GCAAACCCTACATTAT-1-Topic-9-Cell-3,1,48.0,82.0,9578.857311783167,9725.998842812265
GCAAACCCTACATTAT-1-Topic-9-Cell-4,1,48.0,82.0,9758.927405376267,9786.178979353126
GCAAACCTTGGCCATA-1-Topic-6-Cell-1,1,57.0,67.0,11238.0,8235.0
GCAAACCTTGGCCATA-1-Topic-6-Cell-2,1,57.0,67.0,11271.034901211928,8198.938922215459
GCAAACCTTGGCCATA-1-Topic-6-Cell-3,1,57.0,67.0,11169.102603758962,8241.046556816444
GCAAACCTTGGCCATA-1-Topic-6-Cell-4,1,57.0,67.0,11305.222799818237,8286.538464003022
GCAAACCTTGGCCATA-1-Topic-6-Cell-5,1,57.0,67.0,11220.96323848747,8138.685032972941
GCAAACCTTGGCCATA-1-Topic-6-Cell-6,1,57.0,67.0,11179.3060691529,8327.268914738599
GCAAACCTTGGCCATA-1-Topic-6-Cell-7,1,57.0,67.0,11353.685395307864,8203.901358761988
GCAAATATTACGCTTT-1-Topic-3-Cell-1,1,35.0,41.0,7444.0,5623.0
GCAAATATTACGCTTT-1-Topic-3-Cell-2,1,35.0,41.0,7483.087422239316,5580.331957352419
GCAAATATTACGCTTT-1-Topic-3-Cell-3,1,35.0,41.0,7362.479501398037,5630.154382507824
GCAAATATTACGCTTT-1-Topic-3-Cell-4,1,35.0,41.0,7523.5390893936055,5683.981132988058
GCAAATATTACGCTTT-1-Topic-8-Cell-5,1,35.0,41.0,7423.841831929245,5509.038594152262
GCAACACACTAGAACT-1-Topic-0-Cell-1,1,46.0,16.0,9365.0,3147.0
GCAACACACTAGAACT-1-Topic-0-Cell-2,1,46.0,16.0,9400.68177145867,3108.049584262212
GCAACACACTAGAACT-1-Topic-3-Cell-3,1,46.0,16.0,9290.582306694394,3153.531027807593
GCAACACACTAGAACT-1-Topic-3-Cell-4,1,46.0,16.0,9437.608922440497,3202.6679035329694
GCAACACACTAGAACT-1-Topic-3-Cell-5,1,46.0,16.0,9346.59819438278,3042.9679455536548
GCAACACACTAGAACT-1-Topic-3-Cell-6,1,46.0,16.0,9301.603308934946,3246.661818490727
GCAACAGCAGTATGCG-1-Topic-6-Cell-1,1,46.0,106.0,9309.0,12105.0
GCAACAGCAGTATGCG-1-Topic-9-Cell-2,1,46.0,106.0,9359.46164512635,12049.91579380355
GCAACAGCAGTATGCG-1-Topic-9-Cell-3,1,46.0,106.0,9203.757488846692,12114.236268101733
GCAACCACGGCCGCGT-1-Topic-0-Cell-1,1,43.0,29.0,8837.0,4438.0
GCAACCACGGCCGCGT-1-Topic-0-Cell-2,1,43.0,29.0,8880.701066596173,4390.295678086574
GCAACCACGGCCGCGT-1-Topic-3-Cell-3,1,43.0,29.0,8745.857311783167,4445.998842812265
GCAACCACGGCCGCGT-1-Topic-5-Cell-4,1,43.0,29.0,8925.927405376267,4506.178979353126
GCAAGAATTCCTTGGC-1-Topic-3-Cell-1,1,44.0,36.0,9006.0,5136.0
GCAAGAATTCCTTGGC-1-Topic-3-Cell-2,1,44.0,36.0,9049.701066596173,5088.295678086574
GCAAGAATTCCTTGGC-1-Topic-3-Cell-3,1,44.0,36.0,8914.857311783167,5143.998842812265
GCAAGAATTCCTTGGC-1-Topic-5-Cell-4,1,44.0,36.0,9094.927405376267,5204.178979353126
GCAAGTGCACAGAGAA-1-Topic-0-Cell-1,1,24.0,42.0,5539.0,5711.0
GCAAGTGCACAGAGAA-1-Topic-1-Cell-2,1,24.0,42.0,5574.6817714586705,5672.049584262212
GCAAGTGCACAGAGAA-1-Topic-2-Cell-3,1,24.0,42.0,5464.582306694395,5717.531027807593
GCAAGTGCACAGAGAA-1-Topic-5-Cell-4,1,24.0,42.0,5611.608922440497,5766.66790353297
GCAAGTGCACAGAGAA-1-Topic-6-Cell-5,1,24.0,42.0,5520.598194382778,5606.967945553654
GCAAGTGCACAGAGAA-1-Topic-6-Cell-6,1,24.0,42.0,5475.603308934945,5810.6618184907275
GCAAGTGTAAAGCATG-1-Topic-0-Cell-1,1,67.0,45.0,12983.0,6056.0
GCAAGTGTAAAGCATG-1-Topic-0-Cell-2,1,67.0,45.0,13013.90132053524,6022.26795048311
GCAAGTGTAAAGCATG-1-Topic-0-Cell-3,1,67.0,45.0,12918.552387106307,6061.656035994198
GCAAGTGTAAAGCATG-1-Topic-0-Cell-4,1,67.0,45.0,13045.881171374884,6104.209818634973
GCAAGTGTAAAGCATG-1-Topic-0-Cell-5,1,67.0,45.0,12967.063568859983,5965.905598041579
GCAAGTGTAAAGCATG-1-Topic-3-Cell-6,1,67.0,45.0,12928.096855021788,6142.309666600323
GCAAGTGTAAAGCATG-1-Topic-3-Cell-7,1,67.0,45.0,13091.213778473884,6026.909884823291
GCAAGTGTAAAGCATG-1-Topic-3-Cell-8,1,67.0,45.0,12875.588675800891,6000.214635774117
GCACAAACCCTAGATG-1-Topic-0-Cell-1,1,65.0,21.0,12652.0,3665.0
GCACAAACCCTAGATG-1-Topic-0-Cell-2,1,65.0,21.0,12702.46164512635,3609.9157938035496
GCACAAACCCTAGATG-1-Topic-0-Cell-3,1,65.0,21.0,12546.757488846692,3674.236268101734
GCACACACTGGTAGCC-1-Topic-3-Cell-1,1,56.0,94.0,11048.0,10921.0
GCACACACTGGTAGCC-1-Topic-6-Cell-2,1,56.0,94.0,11087.087422239316,10878.331957352419
GCACACACTGGTAGCC-1-Topic-6-Cell-3,1,56.0,94.0,10966.479501398038,10928.154382507824
GCACACACTGGTAGCC-1-Topic-6-Cell-4,1,56.0,94.0,11127.539089393606,10981.981132988058
GCACACACTGGTAGCC-1-Topic-7-Cell-5,1,56.0,94.0,11027.841831929245,10807.038594152262
GCACGCCTACTTAGAT-1-Topic-0-Cell-1,1,55.0,39.0,10909.0,5446.0
GCACGCCTACTTAGAT-1-Topic-3-Cell-2,1,55.0,39.0,10944.68177145867,5407.049584262212
GCACGCCTACTTAGAT-1-Topic-3-Cell-3,1,55.0,39.0,10834.582306694394,5452.531027807593
GCACGCCTACTTAGAT-1-Topic-5-Cell-4,1,55.0,39.0,10981.608922440497,5501.66790353297
GCACGCCTACTTAGAT-1-Topic-5-Cell-5,1,55.0,39.0,10890.59819438278,5341.967945553654
GCACGCCTACTTAGAT-1-Topic-7-Cell-6,1,55.0,39.0,10845.603308934946,5545.6618184907275
GCACGTGGTTTACTTA-1-Topic-3-Cell-1,1,64.0,106.0,12426.0,12124.0
GCACGTGGTTTACTTA-1-Topic-7-Cell-2,1,64.0,106.0,12476.46164512635,12068.91579380355
GCACGTGGTTTACTTA-1-Topic-7-Cell-3,1,64.0,106.0,12320.757488846692,12133.236268101733
GCACTGCCTACCTTTA-1-Topic-0-Cell-1,1,66.0,68.0,12796.0,8344.0
GCACTGCCTACCTTTA-1-Topic-3-Cell-2,1,66.0,68.0,12846.46164512635,8288.91579380355
GCACTGCCTACCTTTA-1-Topic-5-Cell-3,1,66.0,68.0,12690.757488846692,8353.236268101733
GCAGACCCAGCACGTA-1-Topic-4-Cell-1,1,39.0,103.0,8098.0,11799.0
GCAGACCCAGCACGTA-1-Topic-4-Cell-2,1,39.0,103.0,8133.6817714586705,11760.049584262211
GCAGACCCAGCACGTA-1-Topic-4-Cell-3,1,39.0,103.0,8023.582306694395,11805.531027807592
GCAGACCCAGCACGTA-1-Topic-4-Cell-4,1,39.0,103.0,8170.608922440497,11854.667903532969
GCAGACCCAGCACGTA-1-Topic-7-Cell-5,1,39.0,103.0,8079.598194382778,11694.967945553655
GCAGACCCAGCACGTA-1-Topic-9-Cell-6,1,39.0,103.0,8034.603308934945,11898.661818490727
GCAGATCCATAAGACT-1-Topic-4-Cell-1,1,51.0,85.0,10188.0,10020.0
GCAGATCCATAAGACT-1-Topic-6-Cell-2,1,51.0,85.0,10227.087422239316,9977.331957352419
GCAGATCCATAAGACT-1-Topic-6-Cell-3,1,51.0,85.0,10106.479501398038,10027.154382507824
GCAGATCCATAAGACT-1-Topic-6-Cell-4,1,51.0,85.0,10267.539089393606,10080.981132988058
GCAGATCCATAAGACT-1-Topic-9-Cell-5,1,51.0,85.0,10167.841831929245,9906.038594152262
GCAGATTAGGGATATC-1-Topic-3-Cell-1,1,37.0,61.0,7778.0,7616.0
GCAGATTAGGGATATC-1-Topic-3-Cell-2,1,37.0,61.0,7828.461645126349,7560.91579380355
GCAGATTAGGGATATC-1-Topic-4-Cell-3,1,37.0,61.0,7672.757488846692,7625.236268101734
GCAGCACACAGCCCAG-1-Topic-3-Cell-1,1,38.0,42.0,7963.0,5726.0
GCAGCACACAGCCCAG-1-Topic-6-Cell-2,1,38.0,42.0,8002.087422239316,5683.331957352419
GCAGCACACAGCCCAG-1-Topic-8-Cell-3,1,38.0,42.0,7881.479501398037,5733.154382507824
GCAGCACACAGCCCAG-1-Topic-8-Cell-4,1,38.0,42.0,8042.5390893936055,5786.981132988058
GCAGCACACAGCCCAG-1-Topic-8-Cell-5,1,38.0,42.0,7942.841831929245,5612.038594152262
GCAGGAACTTAGATCT-1-Topic-0-Cell-1,1,53.0,15.0,10578.0,3055.0
GCAGGAACTTAGATCT-1-Topic-3-Cell-2,1,53.0,15.0,10628.46164512635,2999.9157938035496
GCAGGAACTTAGATCT-1-Topic-3-Cell-3,1,53.0,15.0,10472.757488846692,3064.236268101734
GCAGGACTATAGAATA-1-Topic-3-Cell-1,1,35.0,37.0,7447.0,5225.0
GCAGGACTATAGAATA-1-Topic-3-Cell-2,1,35.0,37.0,7490.701066596173,5177.295678086574
GCAGGACTATAGAATA-1-Topic-3-Cell-3,1,35.0,37.0,7355.8573117831675,5232.998842812265
GCAGGACTATAGAATA-1-Topic-7-Cell-4,1,35.0,37.0,7535.927405376267,5293.178979353126
GCAGGTAGAGTATGGT-1-Topic-3-Cell-1,1,18.0,94.0,4467.0,10880.0
GCAGGTAGAGTATGGT-1-Topic-4-Cell-2,1,18.0,94.0,4528.802641070479,10812.53590096622
GCAGTGTGGCTATAGG-1-Topic-2-Cell-1,1,59.0,83.0,11574.0,9830.0
GCAGTGTGGCTATAGG-1-Topic-6-Cell-2,1,59.0,83.0,11617.701066596173,9782.295678086573
GCAGTGTGGCTATAGG-1-Topic-7-Cell-3,1,59.0,83.0,11482.857311783167,9837.998842812265
GCAGTGTGGCTATAGG-1-Topic-7-Cell-4,1,59.0,83.0,11662.927405376267,9898.178979353126
GCATACGAGGTCTTTA-1-Topic-3-Cell-1,1,38.0,14.0,7981.0,2939.0
GCATACGAGGTCTTTA-1-Topic-3-Cell-2,1,38.0,14.0,8020.087422239316,2896.3319573524186
GCATACGAGGTCTTTA-1-Topic-3-Cell-3,1,38.0,14.0,7899.479501398037,2946.1543825078243
GCATACGAGGTCTTTA-1-Topic-3-Cell-4,1,38.0,14.0,8060.5390893936055,2999.9811329880577
GCATACGAGGTCTTTA-1-Topic-3-Cell-5,1,38.0,14.0,7960.841831929245,2825.0385941522622
GCATAGAGCACTCAGG-1-Topic-2-Cell-1,1,37.0,59.0,7779.0,7417.0
GCATAGAGCACTCAGG-1-Topic-3-Cell-2,1,37.0,59.0,7818.087422239316,7374.331957352419
GCATAGAGCACTCAGG-1-Topic-3-Cell-3,1,37.0,59.0,7697.479501398037,7424.154382507824
GCATAGAGCACTCAGG-1-Topic-6-Cell-4,1,37.0,59.0,7858.5390893936055,7477.981132988058
GCATAGAGCACTCAGG-1-Topic-7-Cell-5,1,37.0,59.0,7758.841831929245,7303.038594152262
GCATCCCTAACTTTGA-1-Topic-3-Cell-1,1,16.0,42.0,4153.0,5702.0
GCATCCCTAACTTTGA-1-Topic-3-Cell-2,1,16.0,42.0,4196.701066596173,5654.295678086574
GCATCCCTAACTTTGA-1-Topic-3-Cell-3,1,16.0,42.0,4061.857311783168,5709.998842812265
GCATCCCTAACTTTGA-1-Topic-6-Cell-4,1,16.0,42.0,4241.927405376267,5770.178979353126
GCATGAGGGACGCGGC-1-Topic-6-Cell-1,1,30.0,90.0,6548.0,10495.0
GCATGAGGGACGCGGC-1-Topic-6-Cell-2,1,30.0,90.0,6581.034901211928,10458.938922215459
GCATGAGGGACGCGGC-1-Topic-6-Cell-3,1,30.0,90.0,6479.102603758962,10501.046556816444
GCATGAGGGACGCGGC-1-Topic-6-Cell-4,1,30.0,90.0,6615.222799818238,10546.538464003022
GCATGAGGGACGCGGC-1-Topic-6-Cell-5,1,30.0,90.0,6530.9632384874685,10398.68503297294
GCATGAGGGACGCGGC-1-Topic-6-Cell-6,1,30.0,90.0,6489.306069152901,10587.268914738599
GCATGAGGGACGCGGC-1-Topic-6-Cell-7,1,30.0,90.0,6663.685395307864,10463.901358761988
GCATTCAAGGCAACGC-1-Topic-4-Cell-1,1,28.0,108.0,6190.0,12284.0
GCATTCAAGGCAACGC-1-Topic-6-Cell-2,1,28.0,108.0,6229.087422239316,12241.331957352419
GCATTCAAGGCAACGC-1-Topic-6-Cell-3,1,28.0,108.0,6108.479501398037,12291.154382507824
GCATTCAAGGCAACGC-1-Topic-6-Cell-4,1,28.0,108.0,6269.5390893936055,12344.981132988058
GCATTCAAGGCAACGC-1-Topic-7-Cell-5,1,28.0,108.0,6169.841831929245,12170.038594152262
GCATTCGAAATGAACA-1-Topic-3-Cell-1,1,28.0,14.0,6249.0,2928.0
GCATTCGAAATGAACA-1-Topic-7-Cell-2,1,28.0,14.0,6310.802641070479,2860.5359009662207
GCATTGTAATTCATAT-1-Topic-0-Cell-1,1,41.0,21.0,8496.0,3639.0
GCATTGTAATTCATAT-1-Topic-3-Cell-2,1,41.0,21.0,8539.701066596173,3591.295678086574
GCATTGTAATTCATAT-1-Topic-3-Cell-3,1,41.0,21.0,8404.857311783167,3646.998842812265
GCATTGTAATTCATAT-1-Topic-8-Cell-4,1,41.0,21.0,8584.927405376267,3707.178979353126
GCATTTCCAAGGCTCC-1-Topic-6-Cell-1,1,33.0,111.0,7054.0,12588.0
GCATTTCCAAGGCTCC-1-Topic-7-Cell-2,1,33.0,111.0,7104.461645126349,12532.91579380355
GCATTTCCAAGGCTCC-1-Topic-7-Cell-3,1,33.0,111.0,6948.757488846692,12597.236268101733
GCCAACCATTTCCGGA-1-Topic-6-Cell-1,1,26.0,106.0,5845.0,12083.0
GCCAACCATTTCCGGA-1-Topic-6-Cell-2,1,26.0,106.0,5895.461645126349,12027.91579380355
GCCAACCATTTCCGGA-1-Topic-7-Cell-3,1,26.0,106.0,5739.757488846692,12092.236268101733
GCCAATAGGGCATCTC-1-Topic-3-Cell-1,1,25.0,103.0,5674.0,11783.0
GCCAATAGGGCATCTC-1-Topic-6-Cell-2,1,25.0,103.0,5709.6817714586705,11744.049584262211
GCCAATAGGGCATCTC-1-Topic-6-Cell-3,1,25.0,103.0,5599.582306694395,11789.531027807592
GCCAATAGGGCATCTC-1-Topic-6-Cell-4,1,25.0,103.0,5746.608922440497,11838.667903532969
GCCAATAGGGCATCTC-1-Topic-6-Cell-5,1,25.0,103.0,5655.598194382778,11678.967945553655
GCCAATAGGGCATCTC-1-Topic-6-Cell-6,1,25.0,103.0,5610.603308934945,11882.661818490727
GCCACAATTTAAGGAC-1-Topic-3-Cell-1,1,45.0,39.0,9177.0,5435.0
GCCACAATTTAAGGAC-1-Topic-5-Cell-2,1,45.0,39.0,9238.802641070479,5367.535900966221
GCCACTCAGAGCGCGA-1-Topic-2-Cell-1,1,59.0,95.0,11567.0,11024.0
GCCACTCAGAGCGCGA-1-Topic-2-Cell-2,1,59.0,95.0,11600.034901211928,10987.938922215459
GCCACTCAGAGCGCGA-1-Topic-2-Cell-3,1,59.0,95.0,11498.102603758962,11030.046556816444
GCCACTCAGAGCGCGA-1-Topic-3-Cell-4,1,59.0,95.0,11634.222799818237,11075.538464003022
GCCACTCAGAGCGCGA-1-Topic-6-Cell-5,1,59.0,95.0,11549.96323848747,10927.68503297294
GCCACTCAGAGCGCGA-1-Topic-7-Cell-6,1,59.0,95.0,11508.3060691529,11116.268914738599
GCCACTCAGAGCGCGA-1-Topic-7-Cell-7,1,59.0,95.0,11682.685395307864,10992.901358761988
GCCAGGAGTAACCGAT-1-Topic-6-Cell-1,1,21.0,89.0,4990.0,10386.0
GCCAGGAGTAACCGAT-1-Topic-6-Cell-2,1,21.0,89.0,5033.701066596173,10338.295678086573
GCCAGGAGTAACCGAT-1-Topic-6-Cell-3,1,21.0,89.0,4898.8573117831675,10393.998842812265
GCCAGGAGTAACCGAT-1-Topic-6-Cell-4,1,21.0,89.0,5078.927405376267,10454.178979353126
GCCATATTGCACACAG-1-Topic-6-Cell-1,1,22.0,90.0,5162.0,10486.0
GCCATATTGCACACAG-1-Topic-6-Cell-2,1,22.0,90.0,5197.6817714586705,10447.049584262211
GCCATATTGCACACAG-1-Topic-6-Cell-3,1,22.0,90.0,5087.582306694395,10492.531027807592
GCCATATTGCACACAG-1-Topic-6-Cell-4,1,22.0,90.0,5234.608922440497,10541.667903532969
GCCATATTGCACACAG-1-Topic-7-Cell-5,1,22.0,90.0,5143.598194382778,10381.967945553655
GCCATATTGCACACAG-1-Topic-7-Cell-6,1,22.0,90.0,5098.603308934945,10585.661818490727
GCCATCGAGCTGCGTG-1-Topic-0-Cell-1,1,53.0,47.0,10558.0,6240.0
GCCATCGAGCTGCGTG-1-Topic-3-Cell-2,1,53.0,47.0,10597.087422239316,6197.331957352419
GCCATCGAGCTGCGTG-1-Topic-3-Cell-3,1,53.0,47.0,10476.479501398038,6247.154382507824
GCCATCGAGCTGCGTG-1-Topic-3-Cell-4,1,53.0,47.0,10637.539089393606,6300.981132988058
GCCATCGAGCTGCGTG-1-Topic-3-Cell-5,1,53.0,47.0,10537.841831929245,6126.038594152262
GCCATCGATGCTGCAT-1-Topic-7-Cell-1,1,32.0,110.0,6882.0,12488.0
GCCATCGATGCTGCAT-1-Topic-7-Cell-2,1,32.0,110.0,6921.087422239316,12445.331957352419
GCCATCGATGCTGCAT-1-Topic-7-Cell-3,1,32.0,110.0,6800.479501398037,12495.154382507824
GCCATCGATGCTGCAT-1-Topic-9-Cell-4,1,32.0,110.0,6961.5390893936055,12548.981132988058
GCCATCGATGCTGCAT-1-Topic-9-Cell-5,1,32.0,110.0,6861.841831929245,12374.038594152262
GCCATTAGCCTCAAAC-1-Topic-0-Cell-1,1,55.0,13.0,10925.0,2858.0
GCCATTAGCCTCAAAC-1-Topic-3-Cell-2,1,55.0,13.0,10968.701066596173,2810.295678086574
GCCATTAGCCTCAAAC-1-Topic-3-Cell-3,1,55.0,13.0,10833.857311783167,2865.998842812265
GCCATTAGCCTCAAAC-1-Topic-6-Cell-4,1,55.0,13.0,11013.927405376267,2926.178979353126
GCCCAGTTGGTATGCC-1-Topic-0-Cell-1,1,22.0,38.0,5195.0,5311.0
GCCCAGTTGGTATGCC-1-Topic-5-Cell-2,1,22.0,38.0,5234.087422239316,5268.331957352419
GCCCAGTTGGTATGCC-1-Topic-6-Cell-3,1,22.0,38.0,5113.479501398037,5318.154382507824
GCCCAGTTGGTATGCC-1-Topic-6-Cell-4,1,22.0,38.0,5274.5390893936055,5371.981132988058
GCCCAGTTGGTATGCC-1-Topic-6-Cell-5,1,22.0,38.0,5174.841831929245,5197.038594152262
GCCCGACTTCTTCCCG-1-Topic-0-Cell-1,1,49.0,25.0,9879.0,4046.0
GCCCGACTTCTTCCCG-1-Topic-0-Cell-2,1,49.0,25.0,9912.034901211928,4009.9389222154587
GCCCGACTTCTTCCCG-1-Topic-2-Cell-3,1,49.0,25.0,9810.102603758962,4052.046556816443
GCCCGACTTCTTCCCG-1-Topic-3-Cell-4,1,49.0,25.0,9946.222799818237,4097.538464003022
GCCCGACTTCTTCCCG-1-Topic-5-Cell-5,1,49.0,25.0,9861.96323848747,3949.6850329729414
GCCCGACTTCTTCCCG-1-Topic-5-Cell-6,1,49.0,25.0,9820.3060691529,4138.268914738599
GCCCGACTTCTTCCCG-1-Topic-7-Cell-7,1,49.0,25.0,9994.685395307864,4014.9013587619884
GCCCGATCTGTGGTCG-1-Topic-0-Cell-1,1,53.0,63.0,10548.0,7833.0
GCCCGATCTGTGGTCG-1-Topic-2-Cell-2,1,53.0,63.0,10581.034901211928,7796.938922215459
GCCCGATCTGTGGTCG-1-Topic-6-Cell-3,1,53.0,63.0,10479.102603758962,7839.046556816443
GCCCGATCTGTGGTCG-1-Topic-6-Cell-4,1,53.0,63.0,10615.222799818237,7884.538464003022
GCCCGATCTGTGGTCG-1-Topic-6-Cell-5,1,53.0,63.0,10530.96323848747,7736.685032972941
GCCCGATCTGTGGTCG-1-Topic-6-Cell-6,1,53.0,63.0,10489.3060691529,7925.268914738599
GCCCGATCTGTGGTCG-1-Topic-6-Cell-7,1,53.0,63.0,10663.685395307864,7801.901358761988
GCCCGCGCGTAAACGG-1-Topic-0-Cell-1,1,49.0,41.0,9869.0,5639.0
GCCCGCGCGTAAACGG-1-Topic-2-Cell-2,1,49.0,41.0,9908.087422239316,5596.331957352419
GCCCGCGCGTAAACGG-1-Topic-3-Cell-3,1,49.0,41.0,9787.479501398038,5646.154382507824
GCCCGCGCGTAAACGG-1-Topic-3-Cell-4,1,49.0,41.0,9948.539089393606,5699.981132988058
GCCCGCGCGTAAACGG-1-Topic-3-Cell-5,1,49.0,41.0,9848.841831929245,5525.038594152262
GCCCGCGCGTTTGACA-1-Topic-5-Cell-1,1,20.0,40.0,4847.0,5508.0
GCCCGCGCGTTTGACA-1-Topic-6-Cell-2,1,20.0,40.0,4882.6817714586705,5469.049584262212
GCCCGCGCGTTTGACA-1-Topic-6-Cell-3,1,20.0,40.0,4772.582306694395,5514.531027807593
GCCCGCGCGTTTGACA-1-Topic-6-Cell-4,1,20.0,40.0,4919.608922440497,5563.66790353297
GCCCGCGCGTTTGACA-1-Topic-6-Cell-5,1,20.0,40.0,4828.598194382778,5403.967945553654
GCCCGCGCGTTTGACA-1-Topic-7-Cell-6,1,20.0,40.0,4783.603308934945,5607.6618184907275
GCCCGTAATACCTTCT-1-Topic-0-Cell-1,1,27.0,79.0,6035.0,9397.0
GCCCGTAATACCTTCT-1-Topic-1-Cell-2,1,27.0,79.0,6068.034901211928,9360.938922215459
GCCCGTAATACCTTCT-1-Topic-6-Cell-3,1,27.0,79.0,5966.102603758962,9403.046556816444
GCCCGTAATACCTTCT-1-Topic-6-Cell-4,1,27.0,79.0,6102.222799818238,9448.538464003022
GCCCGTAATACCTTCT-1-Topic-6-Cell-5,1,27.0,79.0,6017.9632384874685,9300.68503297294
GCCCGTAATACCTTCT-1-Topic-7-Cell-6,1,27.0,79.0,5976.306069152901,9489.268914738599
GCCCGTAATACCTTCT-1-Topic-9-Cell-7,1,27.0,79.0,6150.685395307864,9365.901358761988
GCCGAAATTCCTACGT-1-Topic-2-Cell-1,1,35.0,45.0,7442.0,6022.0
GCCGAAATTCCTACGT-1-Topic-2-Cell-2,1,35.0,45.0,7475.034901211928,5985.938922215459
GCCGAAATTCCTACGT-1-Topic-2-Cell-3,1,35.0,45.0,7373.102603758962,6028.046556816443
GCCGAAATTCCTACGT-1-Topic-3-Cell-4,1,35.0,45.0,7509.222799818238,6073.538464003022
GCCGAAATTCCTACGT-1-Topic-6-Cell-5,1,35.0,45.0,7424.9632384874685,5925.685032972941
GCCGAAATTCCTACGT-1-Topic-6-Cell-6,1,35.0,45.0,7383.306069152901,6114.268914738599
GCCGAAATTCCTACGT-1-Topic-6-Cell-7,1,35.0,45.0,7557.685395307864,5990.901358761988
GCCGACCCACGACTGC-1-Topic-0-Cell-1,1,62.0,30.0,12127.0,4558.0
GCCGACCCACGACTGC-1-Topic-0-Cell-2,1,62.0,30.0,12170.701066596173,4510.295678086574
GCCGACCCACGACTGC-1-Topic-0-Cell-3,1,62.0,30.0,12035.857311783167,4565.998842812265
GCCGACCCACGACTGC-1-Topic-0-Cell-4,1,62.0,30.0,12215.927405376267,4626.178979353126
GCCGATTGGCCAAGCT-1-Topic-3-Cell-1,1,41.0,61.0,8471.0,7620.0
GCCGATTGGCCAAGCT-1-Topic-6-Cell-2,1,41.0,61.0,8532.802641070479,7552.535900966221
GCCGCATTAGTCCGGC-1-Topic-3-Cell-1,1,35.0,17.0,7459.0,3235.0
GCCGCATTAGTCCGGC-1-Topic-4-Cell-2,1,35.0,17.0,7509.461645126349,3179.9157938035496
GCCGCATTAGTCCGGC-1-Topic-6-Cell-3,1,35.0,17.0,7353.757488846692,3244.236268101734
GCCGCTTGTGAGAAAC-1-Topic-3-Cell-1,1,36.0,40.0,7618.0,5525.0
GCCGCTTGTGAGAAAC-1-Topic-3-Cell-2,1,36.0,40.0,7679.802641070479,5457.535900966221
GCCGGGTTAGGGTCGC-1-Topic-2-Cell-1,1,41.0,59.0,8472.0,7421.0
GCCGGGTTAGGGTCGC-1-Topic-3-Cell-2,1,41.0,59.0,8507.68177145867,7382.049584262212
GCCGGGTTAGGGTCGC-1-Topic-3-Cell-3,1,41.0,59.0,8397.582306694394,7427.531027807593
GCCGGGTTAGGGTCGC-1-Topic-3-Cell-4,1,41.0,59.0,8544.608922440497,7476.66790353297
GCCGGGTTAGGGTCGC-1-Topic-3-Cell-5,1,41.0,59.0,8453.59819438278,7316.967945553654
GCCGGGTTAGGGTCGC-1-Topic-9-Cell-6,1,41.0,59.0,8408.603308934946,7520.6618184907275
GCCTAGCGATCTGACC-1-Topic-0-Cell-1,1,20.0,42.0,4846.0,5707.0
GCCTAGCGATCTGACC-1-Topic-0-Cell-2,1,20.0,42.0,4885.087422239316,5664.331957352419
GCCTAGCGATCTGACC-1-Topic-2-Cell-3,1,20.0,42.0,4764.479501398037,5714.154382507824
GCCTAGCGATCTGACC-1-Topic-7-Cell-4,1,20.0,42.0,4925.5390893936055,5767.981132988058
GCCTAGCGATCTGACC-1-Topic-7-Cell-5,1,20.0,42.0,4825.841831929245,5593.038594152262
GCCTATAGTGTCAGGG-1-Topic-6-Cell-1,1,29.0,91.0,6374.0,10593.0
GCCTATAGTGTCAGGG-1-Topic-6-Cell-2,1,29.0,91.0,6409.6817714586705,10554.049584262211
GCCTATAGTGTCAGGG-1-Topic-6-Cell-3,1,29.0,91.0,6299.582306694395,10599.531027807592
GCCTATAGTGTCAGGG-1-Topic-7-Cell-4,1,29.0,91.0,6446.608922440497,10648.667903532969
GCCTATAGTGTCAGGG-1-Topic-7-Cell-5,1,29.0,91.0,6355.598194382778,10488.967945553655
GCCTATAGTGTCAGGG-1-Topic-7-Cell-6,1,29.0,91.0,6310.603308934945,10692.661818490727
GCCTATTCCGATATAG-1-Topic-0-Cell-1,1,24.0,30.0,5546.0,4517.0
GCCTATTCCGATATAG-1-Topic-3-Cell-2,1,24.0,30.0,5585.087422239316,4474.331957352419
GCCTATTCCGATATAG-1-Topic-3-Cell-3,1,24.0,30.0,5464.479501398037,4524.154382507824
GCCTATTCCGATATAG-1-Topic-5-Cell-4,1,24.0,30.0,5625.5390893936055,4577.981132988058
GCCTATTCCGATATAG-1-Topic-5-Cell-5,1,24.0,30.0,5525.841831929245,4403.038594152262
GCCTCATCTGGAAATA-1-Topic-5-Cell-1,1,41.0,95.0,8449.0,11004.0
GCCTCATCTGGAAATA-1-Topic-7-Cell-2,1,41.0,95.0,8482.034901211928,10967.938922215459
GCCTCATCTGGAAATA-1-Topic-7-Cell-3,1,41.0,95.0,8380.102603758962,11010.046556816444
GCCTCATCTGGAAATA-1-Topic-7-Cell-4,1,41.0,95.0,8516.222799818237,11055.538464003022
GCCTCATCTGGAAATA-1-Topic-7-Cell-5,1,41.0,95.0,8431.96323848747,10907.68503297294
GCCTCATCTGGAAATA-1-Topic-7-Cell-6,1,41.0,95.0,8390.3060691529,11096.268914738599
GCCTCATCTGGAAATA-1-Topic-9-Cell-7,1,41.0,95.0,8564.685395307864,10972.901358761988
GCCTCCGACAATTCAC-1-Topic-3-Cell-1,1,60.0,98.0,11738.0,11324.0
GCCTCCGACAATTCAC-1-Topic-3-Cell-2,1,60.0,98.0,11773.68177145867,11285.049584262211
GCCTCCGACAATTCAC-1-Topic-6-Cell-3,1,60.0,98.0,11663.582306694394,11330.531027807592
GCCTCCGACAATTCAC-1-Topic-6-Cell-4,1,60.0,98.0,11810.608922440497,11379.667903532969
GCCTCCGACAATTCAC-1-Topic-7-Cell-5,1,60.0,98.0,11719.59819438278,11219.967945553655
GCCTCCGACAATTCAC-1-Topic-7-Cell-6,1,60.0,98.0,11674.603308934946,11423.661818490727
GCCTCTATACATAGCA-1-Topic-6-Cell-1,1,55.0,75.0,10887.0,9029.0
GCCTCTATACATAGCA-1-Topic-6-Cell-2,1,55.0,75.0,10917.90132053524,8995.26795048311
GCCTCTATACATAGCA-1-Topic-6-Cell-3,1,55.0,75.0,10822.552387106307,9034.656035994198
GCCTCTATACATAGCA-1-Topic-6-Cell-4,1,55.0,75.0,10949.881171374884,9077.209818634972
GCCTCTATACATAGCA-1-Topic-7-Cell-5,1,55.0,75.0,10871.063568859983,8938.90559804158
GCCTCTATACATAGCA-1-Topic-7-Cell-6,1,55.0,75.0,10832.096855021788,9115.309666600324
GCCTCTATACATAGCA-1-Topic-7-Cell-7,1,55.0,75.0,10995.213778473884,8999.90988482329
GCCTCTATACATAGCA-1-Topic-7-Cell-8,1,55.0,75.0,10779.588675800891,8973.214635774117
GCCTTCAGCCCTACCG-1-Topic-2-Cell-1,1,16.0,50.0,4148.0,6499.0
GCCTTCAGCCCTACCG-1-Topic-3-Cell-2,1,16.0,50.0,4174.35273469779,6470.233211515425
GCCTTCAGCCCTACCG-1-Topic-3-Cell-3,1,16.0,50.0,4093.038891054622,6503.823483702785
GCCTTCAGCCCTACCG-1-Topic-3-Cell-4,1,16.0,50.0,4201.625243129621,6540.113471473402
GCCTTCAGCCCTACCG-1-Topic-3-Cell-5,1,16.0,50.0,4134.409365859186,6422.167235851338
GCCTTCAGCCCTACCG-1-Topic-3-Cell-6,1,16.0,50.0,4101.178440641877,6572.605130990411
GCCTTCAGCCCTACCG-1-Topic-3-Cell-7,1,16.0,50.0,4240.285020360718,6474.191866421833
GCCTTCAGCCCTACCG-1-Topic-3-Cell-8,1,16.0,50.0,4056.3993149441812,6451.426081539532
GCCTTCAGCCCTACCG-1-Topic-3-Cell-9,1,16.0,50.0,4185.8525028143295,6602.649148558192
GCCTTCAGCCCTACCG-1-Topic-3-Cell-10,1,16.0,50.0,4192.656695544859,6390.816210757207
GCCTTCAGCCCTACCG-1-Topic-6-Cell-11,1,16.0,50.0,4036.260331619231,6551.289520631188
GCGAAACGATCGGGAG-1-Topic-3-Cell-1,1,54.0,100.0,10698.0,11516.0
GCGAAACGATCGGGAG-1-Topic-3-Cell-2,1,54.0,100.0,10741.701066596173,11468.295678086573
GCGAAACGATCGGGAG-1-Topic-3-Cell-3,1,54.0,100.0,10606.857311783167,11523.998842812265
GCGAAACGATCGGGAG-1-Topic-6-Cell-4,1,54.0,100.0,10786.927405376267,11584.178979353126
GCGAAACTTAACTGGA-1-Topic-9-Cell-1,1,44.0,82.0,8977.0,9714.0
GCGAAACTTAACTGGA-1-Topic-9-Cell-2,1,44.0,82.0,9020.701066596173,9666.295678086573
GCGAAACTTAACTGGA-1-Topic-9-Cell-3,1,44.0,82.0,8885.857311783167,9721.998842812265
GCGAAACTTAACTGGA-1-Topic-9-Cell-4,1,44.0,82.0,9065.927405376267,9782.178979353126
GCGAAGAATCTGACGG-1-Topic-2-Cell-1,1,66.0,84.0,12786.0,9937.0
GCGAAGAATCTGACGG-1-Topic-3-Cell-2,1,66.0,84.0,12816.90132053524,9903.26795048311
GCGAAGAATCTGACGG-1-Topic-3-Cell-3,1,66.0,84.0,12721.552387106307,9942.656035994198
GCGAAGAATCTGACGG-1-Topic-6-Cell-4,1,66.0,84.0,12848.881171374884,9985.209818634972
GCGAAGAATCTGACGG-1-Topic-6-Cell-5,1,66.0,84.0,12770.063568859983,9846.90559804158
GCGAAGAATCTGACGG-1-Topic-7-Cell-6,1,66.0,84.0,12731.096855021788,10023.309666600324
GCGAAGAATCTGACGG-1-Topic-7-Cell-7,1,66.0,84.0,12894.213778473884,9907.90988482329
GCGAAGAATCTGACGG-1-Topic-7-Cell-8,1,66.0,84.0,12678.588675800891,9881.214635774117
GCGAAGCCATACCCGT-1-Topic-3-Cell-1,1,31.0,61.0,6739.0,7610.0
GCGAAGCCATACCCGT-1-Topic-7-Cell-2,1,31.0,61.0,6789.461645126349,7554.91579380355
GCGAAGCCATACCCGT-1-Topic-8-Cell-3,1,31.0,61.0,6633.757488846692,7619.236268101734
GCGACATGTAAACATC-1-Topic-7-Cell-1,1,37.0,107.0,7749.0,12194.0
GCGACATGTAAACATC-1-Topic-7-Cell-2,1,37.0,107.0,7792.701066596173,12146.295678086573
GCGACATGTAAACATC-1-Topic-7-Cell-3,1,37.0,107.0,7657.8573117831675,12201.998842812265
GCGACATGTAAACATC-1-Topic-7-Cell-4,1,37.0,107.0,7837.927405376267,12262.178979353126
GCGACCCAACCATCTG-1-Topic-0-Cell-1,1,59.0,33.0,11605.0,4853.0
GCGACCCAACCATCTG-1-Topic-0-Cell-2,1,59.0,33.0,11644.087422239316,4810.331957352419
GCGACCCAACCATCTG-1-Topic-0-Cell-3,1,59.0,33.0,11523.479501398038,4860.154382507824
GCGACCCAACCATCTG-1-Topic-0-Cell-4,1,59.0,33.0,11684.539089393606,4913.981132988058
GCGACCCAACCATCTG-1-Topic-5-Cell-5,1,59.0,33.0,11584.841831929245,4739.038594152262
GCGACGATAGTTGTAC-1-Topic-0-Cell-1,1,48.0,54.0,9687.0,6931.0
GCGACGATAGTTGTAC-1-Topic-0-Cell-2,1,48.0,54.0,9730.701066596173,6883.295678086574
GCGACGATAGTTGTAC-1-Topic-5-Cell-3,1,48.0,54.0,9595.857311783167,6938.998842812265
GCGACGATAGTTGTAC-1-Topic-5-Cell-4,1,48.0,54.0,9775.927405376267,6999.178979353126
GCGAGAGTTGCGTCCA-1-Topic-7-Cell-1,1,33.0,107.0,7057.0,12190.0
GCGAGAGTTGCGTCCA-1-Topic-7-Cell-2,1,33.0,107.0,7118.802641070479,12122.53590096622
GCGAGCGCATGCTCCC-1-Topic-6-Cell-1,1,37.0,109.0,7748.0,12394.0
GCGAGCGCATGCTCCC-1-Topic-8-Cell-2,1,37.0,109.0,7798.461645126349,12338.91579380355
GCGAGCGCATGCTCCC-1-Topic-9-Cell-3,1,37.0,109.0,7642.757488846692,12403.236268101733
GCGAGGCCCGAGCAGA-1-Topic-0-Cell-1,1,37.0,47.0,7787.0,6223.0
GCGAGGCCCGAGCAGA-1-Topic-6-Cell-2,1,37.0,47.0,7822.6817714586705,6184.049584262212
GCGAGGCCCGAGCAGA-1-Topic-6-Cell-3,1,37.0,47.0,7712.582306694395,6229.531027807593
GCGAGGCCCGAGCAGA-1-Topic-6-Cell-4,1,37.0,47.0,7859.608922440497,6278.66790353297
GCGAGGCCCGAGCAGA-1-Topic-6-Cell-5,1,37.0,47.0,7768.598194382778,6118.967945553654
GCGAGGCCCGAGCAGA-1-Topic-6-Cell-6,1,37.0,47.0,7723.603308934945,6322.6618184907275
GCGAGTTCTGCAAAGA-1-Topic-1-Cell-1,1,35.0,63.0,7430.0,7813.0
GCGAGTTCTGCAAAGA-1-Topic-3-Cell-2,1,35.0,63.0,7465.6817714586705,7774.049584262212
GCGAGTTCTGCAAAGA-1-Topic-3-Cell-3,1,35.0,63.0,7355.582306694395,7819.531027807593
GCGAGTTCTGCAAAGA-1-Topic-4-Cell-4,1,35.0,63.0,7502.608922440497,7868.66790353297
GCGAGTTCTGCAAAGA-1-Topic-6-Cell-5,1,35.0,63.0,7411.598194382778,7708.967945553654
GCGAGTTCTGCAAAGA-1-Topic-9-Cell-6,1,35.0,63.0,7366.603308934945,7912.6618184907275
GCGATTGTTAACGTTA-1-Topic-3-Cell-1,1,37.0,77.0,7768.0,9209.0
GCGATTGTTAACGTTA-1-Topic-4-Cell-2,1,37.0,77.0,7811.701066596173,9161.295678086573
GCGATTGTTAACGTTA-1-Topic-6-Cell-3,1,37.0,77.0,7676.8573117831675,9216.998842812265
GCGATTGTTAACGTTA-1-Topic-7-Cell-4,1,37.0,77.0,7856.927405376267,9277.178979353126
GCGCAAATATATTCAA-1-Topic-0-Cell-1,1,58.0,28.0,11435.0,4354.0
GCGCAAATATATTCAA-1-Topic-0-Cell-2,1,58.0,28.0,11470.68177145867,4315.049584262212
GCGCAAATATATTCAA-1-Topic-0-Cell-3,1,58.0,28.0,11360.582306694394,4360.531027807593
GCGCAAATATATTCAA-1-Topic-0-Cell-4,1,58.0,28.0,11507.608922440497,4409.66790353297
GCGCAAATATATTCAA-1-Topic-0-Cell-5,1,58.0,28.0,11416.59819438278,4249.967945553654
GCGCAAATATATTCAA-1-Topic-6-Cell-6,1,58.0,28.0,11371.603308934946,4453.6618184907275
GCGCAAGAGCGCGCTG-1-Topic-2-Cell-1,1,40.0,100.0,8273.0,11501.0
GCGCAAGAGCGCGCTG-1-Topic-7-Cell-2,1,40.0,100.0,8316.701066596173,11453.295678086573
GCGCAAGAGCGCGCTG-1-Topic-7-Cell-3,1,40.0,100.0,8181.8573117831675,11508.998842812265
GCGCAAGAGCGCGCTG-1-Topic-7-Cell-4,1,40.0,100.0,8361.927405376267,11569.178979353126
GCGCATCCAGTCAGCA-1-Topic-4-Cell-1,1,29.0,95.0,6371.0,10991.0
GCGCATCCAGTCAGCA-1-Topic-6-Cell-2,1,29.0,95.0,6406.6817714586705,10952.049584262211
GCGCATCCAGTCAGCA-1-Topic-6-Cell-3,1,29.0,95.0,6296.582306694395,10997.531027807592
GCGCATCCAGTCAGCA-1-Topic-6-Cell-4,1,29.0,95.0,6443.608922440497,11046.667903532969
GCGCATCCAGTCAGCA-1-Topic-6-Cell-5,1,29.0,95.0,6352.598194382778,10886.967945553655
GCGCATCCAGTCAGCA-1-Topic-6-Cell-6,1,29.0,95.0,6307.603308934945,11090.661818490727
GCGCCGTTCCACGATA-1-Topic-3-Cell-1,1,41.0,65.0,8468.0,8019.0
GCGCCGTTCCACGATA-1-Topic-3-Cell-2,1,41.0,65.0,8507.087422239316,7976.331957352419
GCGCCGTTCCACGATA-1-Topic-3-Cell-3,1,41.0,65.0,8386.479501398038,8026.154382507824
GCGCCGTTCCACGATA-1-Topic-7-Cell-4,1,41.0,65.0,8547.539089393606,8079.981132988058
GCGCCGTTCCACGATA-1-Topic-7-Cell-5,1,41.0,65.0,8447.841831929245,7905.038594152262
GCGCCTCCCACTCCGA-1-Topic-4-Cell-1,1,48.0,110.0,9652.0,12505.0
GCGCCTCCCACTCCGA-1-Topic-7-Cell-2,1,48.0,110.0,9702.46164512635,12449.91579380355
GCGCCTCCCACTCCGA-1-Topic-9-Cell-3,1,48.0,110.0,9546.757488846692,12514.236268101733
GCGCGTCATTGGTACA-1-Topic-7-Cell-1,1,57.0,83.0,11228.0,9828.0
GCGCGTCATTGGTACA-1-Topic-7-Cell-2,1,57.0,83.0,11278.46164512635,9772.91579380355
GCGCGTCATTGGTACA-1-Topic-7-Cell-3,1,57.0,83.0,11122.757488846692,9837.236268101733
GCGCTAATTGAATAGA-1-Topic-4-Cell-1,1,34.0,70.0,7253.0,8509.0
GCGCTAATTGAATAGA-1-Topic-4-Cell-2,1,34.0,70.0,7296.701066596173,8461.295678086573
GCGCTAATTGAATAGA-1-Topic-6-Cell-3,1,34.0,70.0,7161.8573117831675,8516.998842812265
GCGCTAATTGAATAGA-1-Topic-6-Cell-4,1,34.0,70.0,7341.927405376267,8577.178979353126
GCGCTATGCCGAGGCA-1-Topic-2-Cell-1,1,43.0,47.0,8826.0,6229.0
GCGCTATGCCGAGGCA-1-Topic-3-Cell-2,1,43.0,47.0,8861.68177145867,6190.049584262212
GCGCTATGCCGAGGCA-1-Topic-3-Cell-3,1,43.0,47.0,8751.582306694394,6235.531027807593
GCGCTATGCCGAGGCA-1-Topic-5-Cell-4,1,43.0,47.0,8898.608922440497,6284.66790353297
GCGCTATGCCGAGGCA-1-Topic-6-Cell-5,1,43.0,47.0,8807.59819438278,6124.967945553654
GCGCTATGCCGAGGCA-1-Topic-6-Cell-6,1,43.0,47.0,8762.603308934946,6328.6618184907275
GCGCTGATCCAGACTC-1-Topic-2-Cell-1,1,17.0,87.0,4298.0,10182.0
GCGCTGATCCAGACTC-1-Topic-2-Cell-2,1,17.0,87.0,4331.034901211928,10145.938922215459
GCGCTGATCCAGACTC-1-Topic-3-Cell-3,1,17.0,87.0,4229.102603758962,10188.046556816444
GCGCTGATCCAGACTC-1-Topic-7-Cell-4,1,17.0,87.0,4365.222799818238,10233.538464003022
GCGCTGATCCAGACTC-1-Topic-7-Cell-5,1,17.0,87.0,4280.9632384874685,10085.68503297294
GCGCTGATCCAGACTC-1-Topic-7-Cell-6,1,17.0,87.0,4239.306069152901,10274.268914738599
GCGCTGATCCAGACTC-1-Topic-8-Cell-7,1,17.0,87.0,4413.685395307864,10150.901358761988
GCGCTGCTTTGCATTT-1-Topic-6-Cell-1,1,28.0,94.0,6199.0,10891.0
GCGCTGCTTTGCATTT-1-Topic-6-Cell-2,1,28.0,94.0,6238.087422239316,10848.331957352419
GCGCTGCTTTGCATTT-1-Topic-6-Cell-3,1,28.0,94.0,6117.479501398037,10898.154382507824
GCGCTGCTTTGCATTT-1-Topic-6-Cell-4,1,28.0,94.0,6278.5390893936055,10951.981132988058
GCGCTGCTTTGCATTT-1-Topic-7-Cell-5,1,28.0,94.0,6178.841831929245,10777.038594152262
GCGCTTAAATAATTGG-1-Topic-3-Cell-1,1,57.0,89.0,11224.0,10425.0
GCGCTTAAATAATTGG-1-Topic-3-Cell-2,1,57.0,89.0,11259.68177145867,10386.049584262211
GCGCTTAAATAATTGG-1-Topic-6-Cell-3,1,57.0,89.0,11149.582306694394,10431.531027807592
GCGCTTAAATAATTGG-1-Topic-6-Cell-4,1,57.0,89.0,11296.608922440497,10480.667903532969
GCGCTTAAATAATTGG-1-Topic-7-Cell-5,1,57.0,89.0,11205.59819438278,10320.967945553655
GCGCTTAAATAATTGG-1-Topic-7-Cell-6,1,57.0,89.0,11160.603308934946,10524.661818490727
GCGGACCGCGTTGTGG-1-Topic-0-Cell-1,1,51.0,43.0,10214.0,5840.0
GCGGACCGCGTTGTGG-1-Topic-0-Cell-2,1,51.0,43.0,10249.68177145867,5801.049584262212
GCGGACCGCGTTGTGG-1-Topic-5-Cell-3,1,51.0,43.0,10139.582306694394,5846.531027807593
GCGGACCGCGTTGTGG-1-Topic-7-Cell-4,1,51.0,43.0,10286.608922440497,5895.66790353297
GCGGACCGCGTTGTGG-1-Topic-7-Cell-5,1,51.0,43.0,10195.59819438278,5735.967945553654
GCGGACCGCGTTGTGG-1-Topic-7-Cell-6,1,51.0,43.0,10150.603308934946,5939.6618184907275
GCGGAGAAACTTCGCA-1-Topic-0-Cell-1,1,55.0,33.0,10913.0,4849.0
GCGGAGAAACTTCGCA-1-Topic-0-Cell-2,1,55.0,33.0,10963.46164512635,4793.91579380355
GCGGAGAAACTTCGCA-1-Topic-0-Cell-3,1,55.0,33.0,10807.757488846692,4858.236268101734
GCGGAGAGGGAGAACG-1-Topic-4-Cell-1,1,46.0,78.0,9326.0,9318.0
GCGGAGAGGGAGAACG-1-Topic-4-Cell-2,1,46.0,78.0,9365.087422239316,9275.331957352419
GCGGAGAGGGAGAACG-1-Topic-5-Cell-3,1,46.0,78.0,9244.479501398038,9325.154382507824
GCGGAGAGGGAGAACG-1-Topic-9-Cell-4,1,46.0,78.0,9405.539089393606,9378.981132988058
GCGGAGAGGGAGAACG-1-Topic-9-Cell-5,1,46.0,78.0,9305.841831929245,9204.038594152262
GCGGCTCTGACGTACC-1-Topic-3-Cell-1,1,38.0,38.0,7966.0,5328.0
GCGGCTCTGACGTACC-1-Topic-3-Cell-2,1,38.0,38.0,8016.461645126349,5272.91579380355
GCGGCTCTGACGTACC-1-Topic-5-Cell-3,1,38.0,38.0,7860.757488846692,5337.236268101734
GCGGGAACCAGGCCCT-1-Topic-3-Cell-1,1,18.0,48.0,4496.0,6302.0
GCGGGAACCAGGCCCT-1-Topic-3-Cell-2,1,18.0,48.0,4539.701066596173,6254.295678086574
GCGGGAACCAGGCCCT-1-Topic-4-Cell-3,1,18.0,48.0,4404.8573117831675,6309.998842812265
GCGGGAACCAGGCCCT-1-Topic-8-Cell-4,1,18.0,48.0,4584.927405376267,6370.178979353126
GCGGGCGAGCCTTACC-1-Topic-0-Cell-1,1,55.0,51.0,10902.0,6640.0
GCGGGCGAGCCTTACC-1-Topic-0-Cell-2,1,55.0,51.0,10935.034901211928,6603.938922215459
GCGGGCGAGCCTTACC-1-Topic-0-Cell-3,1,55.0,51.0,10833.102603758962,6646.046556816443
GCGGGCGAGCCTTACC-1-Topic-0-Cell-4,1,55.0,51.0,10969.222799818237,6691.538464003022
GCGGGCGAGCCTTACC-1-Topic-3-Cell-5,1,55.0,51.0,10884.96323848747,6543.685032972941
GCGGGCGAGCCTTACC-1-Topic-3-Cell-6,1,55.0,51.0,10843.3060691529,6732.268914738599
GCGGGCGAGCCTTACC-1-Topic-3-Cell-7,1,55.0,51.0,11017.685395307864,6608.901358761988
GCGGTGAACTGCGCTC-1-Topic-1-Cell-1,1,20.0,94.0,4813.0,10882.0
GCGGTGAACTGCGCTC-1-Topic-2-Cell-2,1,20.0,94.0,4848.6817714586705,10843.049584262211
GCGGTGAACTGCGCTC-1-Topic-2-Cell-3,1,20.0,94.0,4738.582306694395,10888.531027807592
GCGGTGAACTGCGCTC-1-Topic-6-Cell-4,1,20.0,94.0,4885.608922440497,10937.667903532969
GCGGTGAACTGCGCTC-1-Topic-6-Cell-5,1,20.0,94.0,4794.598194382778,10777.967945553655
GCGGTGAACTGCGCTC-1-Topic-6-Cell-6,1,20.0,94.0,4749.603308934945,10981.661818490727
GCGGTTCCCTATCATG-1-Topic-0-Cell-1,1,47.0,49.0,9517.0,6433.0
GCGGTTCCCTATCATG-1-Topic-0-Cell-2,1,47.0,49.0,9560.701066596173,6385.295678086574
GCGGTTCCCTATCATG-1-Topic-3-Cell-3,1,47.0,49.0,9425.857311783167,6440.998842812265
GCGGTTCCCTATCATG-1-Topic-3-Cell-4,1,47.0,49.0,9605.927405376267,6501.178979353126
GCGTCCCTAAGACATA-1-Topic-0-Cell-1,1,64.0,42.0,12466.0,5754.0
GCGTCCCTAAGACATA-1-Topic-3-Cell-2,1,64.0,42.0,12516.46164512635,5698.91579380355
GCGTCCCTAAGACATA-1-Topic-3-Cell-3,1,64.0,42.0,12360.757488846692,5763.236268101734
GCGTCGAAATGTCGGT-1-Topic-3-Cell-1,1,17.0,65.0,4312.0,7993.0
GCGTCGAAATGTCGGT-1-Topic-3-Cell-2,1,17.0,65.0,4362.461645126349,7937.91579380355
GCGTCGAAATGTCGGT-1-Topic-7-Cell-3,1,17.0,65.0,4206.757488846692,8002.236268101734
GCGTCGCCAGGGTGAT-1-Topic-3-Cell-1,1,54.0,62.0,10721.0,7734.0
GCGTCGCCAGGGTGAT-1-Topic-6-Cell-2,1,54.0,62.0,10756.68177145867,7695.049584262212
GCGTCGCCAGGGTGAT-1-Topic-6-Cell-3,1,54.0,62.0,10646.582306694394,7740.531027807593
GCGTCGCCAGGGTGAT-1-Topic-6-Cell-4,1,54.0,62.0,10793.608922440497,7789.66790353297
GCGTCGCCAGGGTGAT-1-Topic-6-Cell-5,1,54.0,62.0,10702.59819438278,7629.967945553654
GCGTCGCCAGGGTGAT-1-Topic-6-Cell-6,1,54.0,62.0,10657.603308934946,7833.6618184907275
GCGTCTCTGCATTGGG-1-Topic-4-Cell-1,1,39.0,41.0,8137.0,5628.0
GCGTCTCTGCATTGGG-1-Topic-6-Cell-2,1,39.0,41.0,8167.901320535239,5594.26795048311
GCGTCTCTGCATTGGG-1-Topic-6-Cell-3,1,39.0,41.0,8072.552387106307,5633.656035994198
GCGTCTCTGCATTGGG-1-Topic-6-Cell-4,1,39.0,41.0,8199.881171374884,5676.209818634973
GCGTCTCTGCATTGGG-1-Topic-6-Cell-5,1,39.0,41.0,8121.063568859983,5537.905598041579
GCGTCTCTGCATTGGG-1-Topic-6-Cell-6,1,39.0,41.0,8082.0968550217885,5714.309666600323
GCGTCTCTGCATTGGG-1-Topic-6-Cell-7,1,39.0,41.0,8245.213778473884,5598.909884823291
GCGTCTCTGCATTGGG-1-Topic-6-Cell-8,1,39.0,41.0,8029.588675800891,5572.214635774117
GCGTGGTACTGGGTTA-1-Topic-3-Cell-1,1,35.0,95.0,7410.0,10998.0
GCGTGGTACTGGGTTA-1-Topic-7-Cell-2,1,35.0,95.0,7449.087422239316,10955.331957352419
GCGTGGTACTGGGTTA-1-Topic-7-Cell-3,1,35.0,95.0,7328.479501398037,11005.154382507824
GCGTGGTACTGGGTTA-1-Topic-7-Cell-4,1,35.0,95.0,7489.5390893936055,11058.981132988058
GCGTGGTACTGGGTTA-1-Topic-7-Cell-5,1,35.0,95.0,7389.841831929245,10884.038594152262
GCGTTCGGAGACCGGG-1-Topic-6-Cell-1,1,19.0,103.0,4635.0,11777.0
GCGTTCGGAGACCGGG-1-Topic-6-Cell-2,1,19.0,103.0,4678.701066596173,11729.295678086573
GCGTTCGGAGACCGGG-1-Topic-8-Cell-3,1,19.0,103.0,4543.8573117831675,11784.998842812265
GCGTTCGGAGACCGGG-1-Topic-8-Cell-4,1,19.0,103.0,4723.927405376267,11845.178979353126
GCTAAACCTGAGGTGA-1-Topic-0-Cell-1,1,23.0,23.0,5377.0,3819.0
GCTAAACCTGAGGTGA-1-Topic-3-Cell-2,1,23.0,23.0,5427.461645126349,3763.9157938035496
GCTAAACCTGAGGTGA-1-Topic-7-Cell-3,1,23.0,23.0,5271.757488846692,3828.236268101734
GCTAACTGAAGTCTGA-1-Topic-7-Cell-1,1,58.0,88.0,11398.0,10326.0
GCTAACTGAAGTCTGA-1-Topic-7-Cell-2,1,58.0,88.0,11448.46164512635,10270.91579380355
GCTAACTGAAGTCTGA-1-Topic-7-Cell-3,1,58.0,88.0,11292.757488846692,10335.236268101733
GCTAAGTAGTTTCTCT-1-Topic-3-Cell-1,1,34.0,80.0,7247.0,9504.0
GCTAAGTAGTTTCTCT-1-Topic-3-Cell-2,1,34.0,80.0,7286.087422239316,9461.331957352419
GCTAAGTAGTTTCTCT-1-Topic-5-Cell-3,1,34.0,80.0,7165.479501398037,9511.154382507824
GCTAAGTAGTTTCTCT-1-Topic-7-Cell-4,1,34.0,80.0,7326.5390893936055,9564.981132988058
GCTAAGTAGTTTCTCT-1-Topic-8-Cell-5,1,34.0,80.0,7226.841831929245,9390.038594152262
GCTAATACCGAATGCC-1-Topic-0-Cell-1,1,21.0,47.0,5016.0,6205.0
GCTAATACCGAATGCC-1-Topic-3-Cell-2,1,21.0,47.0,5055.087422239316,6162.331957352419
GCTAATACCGAATGCC-1-Topic-6-Cell-3,1,21.0,47.0,4934.479501398037,6212.154382507824
GCTAATACCGAATGCC-1-Topic-6-Cell-4,1,21.0,47.0,5095.5390893936055,6265.981132988058
GCTAATACCGAATGCC-1-Topic-6-Cell-5,1,21.0,47.0,4995.841831929245,6091.038594152262
GCTACAGTACGGACCG-1-Topic-3-Cell-1,1,40.0,14.0,8327.0,2942.0
GCTACAGTACGGACCG-1-Topic-3-Cell-2,1,40.0,14.0,8377.46164512635,2886.9157938035496
GCTACAGTACGGACCG-1-Topic-3-Cell-3,1,40.0,14.0,8221.757488846692,2951.236268101734
GCTACGACTTATTGGG-1-Topic-3-Cell-1,1,43.0,69.0,8812.0,8419.0
GCTACGACTTATTGGG-1-Topic-7-Cell-2,1,43.0,69.0,8862.46164512635,8363.91579380355
GCTACGACTTATTGGG-1-Topic-7-Cell-3,1,43.0,69.0,8706.757488846692,8428.236268101733
GCTACTATAGTAGAGT-1-Topic-3-Cell-1,1,50.0,94.0,10009.0,10915.0
GCTACTATAGTAGAGT-1-Topic-6-Cell-2,1,50.0,94.0,10044.68177145867,10876.049584262211
GCTACTATAGTAGAGT-1-Topic-6-Cell-3,1,50.0,94.0,9934.582306694394,10921.531027807592
GCTACTATAGTAGAGT-1-Topic-6-Cell-4,1,50.0,94.0,10081.608922440497,10970.667903532969
GCTACTATAGTAGAGT-1-Topic-9-Cell-5,1,50.0,94.0,9990.59819438278,10810.967945553655
GCTACTATAGTAGAGT-1-Topic-9-Cell-6,1,50.0,94.0,9945.603308934946,11014.661818490727
GCTAGACCGTCTACTG-1-Topic-5-Cell-1,1,42.0,104.0,8617.0,11901.0
GCTAGACCGTCTACTG-1-Topic-6-Cell-2,1,42.0,104.0,8656.087422239316,11858.331957352419
GCTAGACCGTCTACTG-1-Topic-6-Cell-3,1,42.0,104.0,8535.479501398038,11908.154382507824
GCTAGACCGTCTACTG-1-Topic-9-Cell-4,1,42.0,104.0,8696.539089393606,11961.981132988058
GCTAGACCGTCTACTG-1-Topic-9-Cell-5,1,42.0,104.0,8596.841831929245,11787.038594152262
GCTAGAGTAGAGATGT-1-Topic-6-Cell-1,1,56.0,96.0,11047.0,11120.0
GCTAGAGTAGAGATGT-1-Topic-7-Cell-2,1,56.0,96.0,11090.701066596173,11072.295678086573
GCTAGAGTAGAGATGT-1-Topic-7-Cell-3,1,56.0,96.0,10955.857311783167,11127.998842812265
GCTAGAGTAGAGATGT-1-Topic-7-Cell-4,1,56.0,96.0,11135.927405376267,11188.178979353126
GCTAGCAGGGAGTGGG-1-Topic-2-Cell-1,1,15.0,101.0,3943.0,11573.0
GCTAGCAGGGAGTGGG-1-Topic-2-Cell-2,1,15.0,101.0,3993.4616451263496,11517.91579380355
GCTAGCAGGGAGTGGG-1-Topic-7-Cell-3,1,15.0,101.0,3837.7574888466916,11582.236268101733
GCTAGCTTGAATAGCT-1-Topic-0-Cell-1,1,52.0,44.0,10386.0,5940.0
GCTAGCTTGAATAGCT-1-Topic-3-Cell-2,1,52.0,44.0,10429.701066596173,5892.295678086574
GCTAGCTTGAATAGCT-1-Topic-4-Cell-3,1,52.0,44.0,10294.857311783167,5947.998842812265
GCTAGCTTGAATAGCT-1-Topic-5-Cell-4,1,52.0,44.0,10474.927405376267,6008.178979353126
GCTAGGCACCACGGAG-1-Topic-3-Cell-1,1,54.0,84.0,10708.0,9924.0
GCTAGGCACCACGGAG-1-Topic-3-Cell-2,1,54.0,84.0,10743.68177145867,9885.049584262211
GCTAGGCACCACGGAG-1-Topic-7-Cell-3,1,54.0,84.0,10633.582306694394,9930.531027807592
GCTAGGCACCACGGAG-1-Topic-7-Cell-4,1,54.0,84.0,10780.608922440497,9979.667903532969
GCTAGGCACCACGGAG-1-Topic-7-Cell-5,1,54.0,84.0,10689.59819438278,9819.967945553655
GCTAGGCACCACGGAG-1-Topic-7-Cell-6,1,54.0,84.0,10644.603308934946,10023.661818490727
GCTAGTAGAGCTTGTA-1-Topic-3-Cell-1,1,39.0,65.0,8122.0,8016.0
GCTAGTAGAGCTTGTA-1-Topic-3-Cell-2,1,39.0,65.0,8172.461645126349,7960.91579380355
GCTAGTAGAGCTTGTA-1-Topic-3-Cell-3,1,39.0,65.0,8016.757488846692,8025.236268101734
GCTAGTTTCATTGAGG-1-Topic-0-Cell-1,1,17.0,37.0,4329.0,5206.0
GCTAGTTTCATTGAGG-1-Topic-5-Cell-2,1,17.0,37.0,4390.802641070479,5138.535900966221
GCTATACGTCTCGGAC-1-Topic-7-Cell-1,1,52.0,88.0,10359.0,10320.0
GCTATACGTCTCGGAC-1-Topic-7-Cell-2,1,52.0,88.0,10398.087422239316,10277.331957352419
GCTATACGTCTCGGAC-1-Topic-7-Cell-3,1,52.0,88.0,10277.479501398038,10327.154382507824
GCTATACGTCTCGGAC-1-Topic-7-Cell-4,1,52.0,88.0,10438.539089393606,10380.981132988058
GCTATACGTCTCGGAC-1-Topic-7-Cell-5,1,52.0,88.0,10338.841831929245,10206.038594152262
GCTATCATACTCATGG-1-Topic-4-Cell-1,1,54.0,78.0,10711.0,9327.0
GCTATCATACTCATGG-1-Topic-4-Cell-2,1,54.0,78.0,10750.087422239316,9284.331957352419
GCTATCATACTCATGG-1-Topic-4-Cell-3,1,54.0,78.0,10629.479501398038,9334.154382507824
GCTATCATACTCATGG-1-Topic-4-Cell-4,1,54.0,78.0,10790.539089393606,9387.981132988058
GCTATCATACTCATGG-1-Topic-9-Cell-5,1,54.0,78.0,10690.841831929245,9213.038594152262
GCTATCGCGGCGCAAC-1-Topic-0-Cell-1,1,20.0,24.0,4857.0,3915.0
GCTATCGCGGCGCAAC-1-Topic-5-Cell-2,1,20.0,24.0,4907.461645126349,3859.9157938035496
GCTATCGCGGCGCAAC-1-Topic-9-Cell-3,1,20.0,24.0,4751.757488846692,3924.236268101734
GCTCAATCCGTTTATT-1-Topic-2-Cell-1,1,53.0,35.0,10565.0,5046.0
GCTCAATCCGTTTATT-1-Topic-3-Cell-2,1,53.0,35.0,10615.46164512635,4990.91579380355
GCTCAATCCGTTTATT-1-Topic-5-Cell-3,1,53.0,35.0,10459.757488846692,5055.236268101734
GCTCAATGTAATACCG-1-Topic-3-Cell-1,1,62.0,58.0,12109.0,7345.0
GCTCAATGTAATACCG-1-Topic-3-Cell-2,1,62.0,58.0,12152.701066596173,7297.295678086574
GCTCAATGTAATACCG-1-Topic-3-Cell-3,1,62.0,58.0,12017.857311783167,7352.998842812265
GCTCAATGTAATACCG-1-Topic-5-Cell-4,1,62.0,58.0,12197.927405376267,7413.178979353126
GCTCCCAGTCGGTCCA-1-Topic-6-Cell-1,1,43.0,109.0,8787.0,12400.0
GCTCCCAGTCGGTCCA-1-Topic-9-Cell-2,1,43.0,109.0,8848.802641070479,12332.53590096622
GCTCCTGACATACTGG-1-Topic-0-Cell-1,1,56.0,32.0,11087.0,4750.0
GCTCCTGACATACTGG-1-Topic-0-Cell-2,1,56.0,32.0,11120.034901211928,4713.938922215459
GCTCCTGACATACTGG-1-Topic-0-Cell-3,1,56.0,32.0,11018.102603758962,4756.046556816443
GCTCCTGACATACTGG-1-Topic-0-Cell-4,1,56.0,32.0,11154.222799818237,4801.538464003022
GCTCCTGACATACTGG-1-Topic-0-Cell-5,1,56.0,32.0,11069.96323848747,4653.685032972941
GCTCCTGACATACTGG-1-Topic-5-Cell-6,1,56.0,32.0,11028.3060691529,4842.268914738599
GCTCCTGACATACTGG-1-Topic-7-Cell-7,1,56.0,32.0,11202.685395307864,4718.901358761988
GCTCGCTCATGTCCAA-1-Topic-6-Cell-1,1,41.0,99.0,8447.0,11403.0
GCTCGCTCATGTCCAA-1-Topic-7-Cell-2,1,41.0,99.0,8490.701066596173,11355.295678086573
GCTCGCTCATGTCCAA-1-Topic-7-Cell-3,1,41.0,99.0,8355.857311783167,11410.998842812265
GCTCGCTCATGTCCAA-1-Topic-7-Cell-4,1,41.0,99.0,8535.927405376267,11471.178979353126
GCTCGGAATTTAAAGC-1-Topic-4-Cell-1,1,22.0,84.0,5166.0,9889.0
GCTCGGAATTTAAAGC-1-Topic-6-Cell-2,1,22.0,84.0,5199.034901211928,9852.938922215459
GCTCGGAATTTAAAGC-1-Topic-6-Cell-3,1,22.0,84.0,5097.102603758962,9895.046556816444
GCTCGGAATTTAAAGC-1-Topic-6-Cell-4,1,22.0,84.0,5233.222799818238,9940.538464003022
GCTCGGAATTTAAAGC-1-Topic-6-Cell-5,1,22.0,84.0,5148.9632384874685,9792.68503297294
GCTCGGAATTTAAAGC-1-Topic-6-Cell-6,1,22.0,84.0,5107.306069152901,9981.268914738599
GCTCGGAATTTAAAGC-1-Topic-8-Cell-7,1,22.0,84.0,5281.685395307864,9857.901358761988
GCTCTAAACCCTGACG-1-Topic-1-Cell-1,1,24.0,58.0,5529.0,7303.0
GCTCTAAACCCTGACG-1-Topic-1-Cell-2,1,24.0,58.0,5564.6817714586705,7264.049584262212
GCTCTAAACCCTGACG-1-Topic-2-Cell-3,1,24.0,58.0,5454.582306694395,7309.531027807593
GCTCTAAACCCTGACG-1-Topic-3-Cell-4,1,24.0,58.0,5601.608922440497,7358.66790353297
GCTCTAAACCCTGACG-1-Topic-3-Cell-5,1,24.0,58.0,5510.598194382778,7198.967945553654
GCTCTAAACCCTGACG-1-Topic-6-Cell-6,1,24.0,58.0,5465.603308934945,7402.6618184907275
GCTCTATGTTACGTGC-1-Topic-4-Cell-1,1,26.0,40.0,5886.0,5514.0
GCTCTATGTTACGTGC-1-Topic-6-Cell-2,1,26.0,40.0,5919.034901211928,5477.938922215459
GCTCTATGTTACGTGC-1-Topic-6-Cell-3,1,26.0,40.0,5817.102603758962,5520.046556816443
GCTCTATGTTACGTGC-1-Topic-6-Cell-4,1,26.0,40.0,5953.222799818238,5565.538464003022
GCTCTATGTTACGTGC-1-Topic-6-Cell-5,1,26.0,40.0,5868.9632384874685,5417.685032972941
GCTCTATGTTACGTGC-1-Topic-6-Cell-6,1,26.0,40.0,5827.306069152901,5606.268914738599
GCTCTATGTTACGTGC-1-Topic-6-Cell-7,1,26.0,40.0,6001.685395307864,5482.901358761988
GCTCTCGGGTACCGAA-1-Topic-2-Cell-1,1,26.0,58.0,5875.0,7306.0
GCTCTCGGGTACCGAA-1-Topic-2-Cell-2,1,26.0,58.0,5914.087422239316,7263.331957352419
GCTCTCGGGTACCGAA-1-Topic-6-Cell-3,1,26.0,58.0,5793.479501398037,7313.154382507824
GCTCTCGGGTACCGAA-1-Topic-6-Cell-4,1,26.0,58.0,5954.5390893936055,7366.981132988058
GCTCTCGGGTACCGAA-1-Topic-6-Cell-5,1,26.0,58.0,5854.841831929245,7192.038594152262
GCTCTTTCCGCTAGTG-1-Topic-3-Cell-1,1,64.0,54.0,12458.0,6949.0
GCTCTTTCCGCTAGTG-1-Topic-3-Cell-2,1,64.0,54.0,12519.802641070479,6881.535900966221
GCTGAATCTTCCAATC-1-Topic-0-Cell-1,1,59.0,23.0,11612.0,3858.0
GCTGAATCTTCCAATC-1-Topic-0-Cell-2,1,59.0,23.0,11651.087422239316,3815.3319573524186
GCTGAATCTTCCAATC-1-Topic-0-Cell-3,1,59.0,23.0,11530.479501398038,3865.1543825078243
GCTGAATCTTCCAATC-1-Topic-0-Cell-4,1,59.0,23.0,11691.539089393606,3918.9811329880577
GCTGAATCTTCCAATC-1-Topic-3-Cell-5,1,59.0,23.0,11591.841831929245,3744.0385941522622
GCTGAGGCGTGAGTAT-1-Topic-3-Cell-1,1,40.0,64.0,8296.0,7918.0
GCTGAGGCGTGAGTAT-1-Topic-3-Cell-2,1,40.0,64.0,8357.802641070479,7850.535900966221
GCTGCACGGTTTCTTA-1-Topic-4-Cell-1,1,41.0,73.0,8463.0,8815.0
GCTGCACGGTTTCTTA-1-Topic-6-Cell-2,1,41.0,73.0,8496.034901211928,8778.938922215459
GCTGCACGGTTTCTTA-1-Topic-6-Cell-3,1,41.0,73.0,8394.102603758962,8821.046556816444
GCTGCACGGTTTCTTA-1-Topic-6-Cell-4,1,41.0,73.0,8530.222799818237,8866.538464003022
GCTGCACGGTTTCTTA-1-Topic-6-Cell-5,1,41.0,73.0,8445.96323848747,8718.68503297294
GCTGCACGGTTTCTTA-1-Topic-6-Cell-6,1,41.0,73.0,8404.3060691529,8907.268914738599
GCTGCACGGTTTCTTA-1-Topic-7-Cell-7,1,41.0,73.0,8578.685395307864,8783.901358761988
GCTGCTAAGTAGTCGA-1-Topic-0-Cell-1,1,56.0,56.0,11072.0,7139.0
GCTGCTAAGTAGTCGA-1-Topic-0-Cell-2,1,56.0,56.0,11115.701066596173,7091.295678086574
GCTGCTAAGTAGTCGA-1-Topic-3-Cell-3,1,56.0,56.0,10980.857311783167,7146.998842812265
GCTGCTAAGTAGTCGA-1-Topic-7-Cell-4,1,56.0,56.0,11160.927405376267,7207.178979353126
GCTGCTACTGCGTAGC-1-Topic-3-Cell-1,1,51.0,75.0,10194.0,9025.0
GCTGCTACTGCGTAGC-1-Topic-4-Cell-2,1,51.0,75.0,10227.034901211928,8988.938922215459
GCTGCTACTGCGTAGC-1-Topic-6-Cell-3,1,51.0,75.0,10125.102603758962,9031.046556816444
GCTGCTACTGCGTAGC-1-Topic-7-Cell-4,1,51.0,75.0,10261.222799818237,9076.538464003022
GCTGCTACTGCGTAGC-1-Topic-7-Cell-5,1,51.0,75.0,10176.96323848747,8928.68503297294
GCTGCTACTGCGTAGC-1-Topic-9-Cell-6,1,51.0,75.0,10135.3060691529,9117.268914738599
GCTGCTACTGCGTAGC-1-Topic-9-Cell-7,1,51.0,75.0,10309.685395307864,8993.901358761988
GCTGCTCTCCGGACAC-1-Topic-3-Cell-1,1,31.0,63.0,6738.0,7809.0
GCTGCTCTCCGGACAC-1-Topic-3-Cell-2,1,31.0,63.0,6777.087422239316,7766.331957352419
GCTGCTCTCCGGACAC-1-Topic-6-Cell-3,1,31.0,63.0,6656.479501398037,7816.154382507824
GCTGCTCTCCGGACAC-1-Topic-7-Cell-4,1,31.0,63.0,6817.5390893936055,7869.981132988058
GCTGCTCTCCGGACAC-1-Topic-8-Cell-5,1,31.0,63.0,6717.841831929245,7695.038594152262
GCTGGCATATTCACCT-1-Topic-2-Cell-1,1,31.0,31.0,6758.0,4624.0
GCTGGCATATTCACCT-1-Topic-3-Cell-2,1,31.0,31.0,6801.701066596173,4576.295678086574
GCTGGCATATTCACCT-1-Topic-5-Cell-3,1,31.0,31.0,6666.8573117831675,4631.998842812265
GCTGGCATATTCACCT-1-Topic-5-Cell-4,1,31.0,31.0,6846.927405376267,4692.178979353126
GCTGGCGGCGCATGCT-1-Topic-6-Cell-1,1,54.0,64.0,10720.0,7933.0
GCTGGCGGCGCATGCT-1-Topic-6-Cell-2,1,54.0,64.0,10755.68177145867,7894.049584262212
GCTGGCGGCGCATGCT-1-Topic-6-Cell-3,1,54.0,64.0,10645.582306694394,7939.531027807593
GCTGGCGGCGCATGCT-1-Topic-6-Cell-4,1,54.0,64.0,10792.608922440497,7988.66790353297
GCTGGCGGCGCATGCT-1-Topic-6-Cell-5,1,54.0,64.0,10701.59819438278,7828.967945553654
GCTGGCGGCGCATGCT-1-Topic-6-Cell-6,1,54.0,64.0,10656.603308934946,8032.6618184907275
GCTGTATTACTGGCCC-1-Topic-0-Cell-1,1,46.0,38.0,9351.0,5337.0
GCTGTATTACTGGCCC-1-Topic-0-Cell-2,1,46.0,38.0,9401.46164512635,5281.91579380355
GCTGTATTACTGGCCC-1-Topic-3-Cell-3,1,46.0,38.0,9245.757488846692,5346.236268101734
GCTGTTGCTACCGAAC-1-Topic-3-Cell-1,1,39.0,95.0,8103.0,11002.0
GCTGTTGCTACCGAAC-1-Topic-7-Cell-2,1,39.0,95.0,8142.087422239316,10959.331957352419
GCTGTTGCTACCGAAC-1-Topic-7-Cell-3,1,39.0,95.0,8021.479501398037,11009.154382507824
GCTGTTGCTACCGAAC-1-Topic-7-Cell-4,1,39.0,95.0,8182.5390893936055,11062.981132988058
GCTGTTGCTACCGAAC-1-Topic-7-Cell-5,1,39.0,95.0,8082.841831929245,10888.038594152262
GCTTAATGTAACTAAC-1-Topic-4-Cell-1,1,42.0,84.0,8630.0,9911.0
GCTTAATGTAACTAAC-1-Topic-7-Cell-2,1,42.0,84.0,8673.701066596173,9863.295678086573
GCTTAATGTAACTAAC-1-Topic-9-Cell-3,1,42.0,84.0,8538.857311783167,9918.998842812265
GCTTAATGTAACTAAC-1-Topic-9-Cell-4,1,42.0,84.0,8718.927405376267,9979.178979353126
GCTTATGAAGCAGGAA-1-Topic-6-Cell-1,1,35.0,89.0,7414.0,10401.0
GCTTATGAAGCAGGAA-1-Topic-6-Cell-2,1,35.0,89.0,7447.034901211928,10364.938922215459
GCTTATGAAGCAGGAA-1-Topic-6-Cell-3,1,35.0,89.0,7345.102603758962,10407.046556816444
GCTTATGAAGCAGGAA-1-Topic-6-Cell-4,1,35.0,89.0,7481.222799818238,10452.538464003022
GCTTATGAAGCAGGAA-1-Topic-6-Cell-5,1,35.0,89.0,7396.9632384874685,10304.68503297294
GCTTATGAAGCAGGAA-1-Topic-6-Cell-6,1,35.0,89.0,7355.306069152901,10493.268914738599
GCTTATGAAGCAGGAA-1-Topic-9-Cell-7,1,35.0,89.0,7529.685395307864,10369.901358761988
GCTTCCGTCCCTAGAC-1-Topic-4-Cell-1,1,29.0,77.0,6383.0,9200.0
GCTTCCGTCCCTAGAC-1-Topic-4-Cell-2,1,29.0,77.0,6422.087422239316,9157.331957352419
GCTTCCGTCCCTAGAC-1-Topic-4-Cell-3,1,29.0,77.0,6301.479501398037,9207.154382507824
GCTTCCGTCCCTAGAC-1-Topic-6-Cell-4,1,29.0,77.0,6462.5390893936055,9260.981132988058
GCTTCCGTCCCTAGAC-1-Topic-6-Cell-5,1,29.0,77.0,6362.841831929245,9086.038594152262
GCTTGATGATAATCAG-1-Topic-5-Cell-1,1,22.0,36.0,5196.0,5112.0
GCTTGATGATAATCAG-1-Topic-5-Cell-2,1,22.0,36.0,5235.087422239316,5069.331957352419
GCTTGATGATAATCAG-1-Topic-5-Cell-3,1,22.0,36.0,5114.479501398037,5119.154382507824
GCTTGATGATAATCAG-1-Topic-6-Cell-4,1,22.0,36.0,5275.5390893936055,5172.981132988058
GCTTGATGATAATCAG-1-Topic-7-Cell-5,1,22.0,36.0,5175.841831929245,4998.038594152262
GCTTGGATCGATTAGG-1-Topic-3-Cell-1,1,31.0,97.0,6716.0,11193.0
GCTTGGATCGATTAGG-1-Topic-3-Cell-2,1,31.0,97.0,6766.461645126349,11137.91579380355
GCTTGGATCGATTAGG-1-Topic-9-Cell-3,1,31.0,97.0,6610.757488846692,11202.236268101733
GCTTTCAGAGGAGGTG-1-Topic-7-Cell-1,1,33.0,95.0,7064.0,10996.0
GCTTTCAGAGGAGGTG-1-Topic-7-Cell-2,1,33.0,95.0,7099.6817714586705,10957.049584262211
GCTTTCAGAGGAGGTG-1-Topic-7-Cell-3,1,33.0,95.0,6989.582306694395,11002.531027807592
GCTTTCAGAGGAGGTG-1-Topic-7-Cell-4,1,33.0,95.0,7136.608922440497,11051.667903532969
GCTTTCAGAGGAGGTG-1-Topic-9-Cell-5,1,33.0,95.0,7045.598194382778,10891.967945553655
GCTTTCAGAGGAGGTG-1-Topic-9-Cell-6,1,33.0,95.0,7000.603308934945,11095.661818490727
GGAAACCTTGTTGAAT-1-Topic-6-Cell-1,1,20.0,106.0,4806.0,12076.0
GGAAACCTTGTTGAAT-1-Topic-6-Cell-2,1,20.0,106.0,4845.087422239316,12033.331957352419
GGAAACCTTGTTGAAT-1-Topic-6-Cell-3,1,20.0,106.0,4724.479501398037,12083.154382507824
GGAAACCTTGTTGAAT-1-Topic-6-Cell-4,1,20.0,106.0,4885.5390893936055,12136.981132988058
GGAAACCTTGTTGAAT-1-Topic-6-Cell-5,1,20.0,106.0,4785.841831929245,11962.038594152262
GGAAACTAAATGGGCC-1-Topic-6-Cell-1,1,60.0,102.0,11736.0,11722.0
GGAAACTAAATGGGCC-1-Topic-6-Cell-2,1,60.0,102.0,11786.46164512635,11666.91579380355
GGAAACTAAATGGGCC-1-Topic-7-Cell-3,1,60.0,102.0,11630.757488846692,11731.236268101733
GGAAAGTGCCCATGCC-1-Topic-2-Cell-1,1,20.0,90.0,4816.0,10484.0
GGAAAGTGCCCATGCC-1-Topic-6-Cell-2,1,20.0,90.0,4859.701066596173,10436.295678086573
GGAAAGTGCCCATGCC-1-Topic-6-Cell-3,1,20.0,90.0,4724.8573117831675,10491.998842812265
GGAAAGTGCCCATGCC-1-Topic-7-Cell-4,1,20.0,90.0,4904.927405376267,10552.178979353126
GGAACCGTGTAAATTG-1-Topic-0-Cell-1,1,49.0,47.0,9865.0,6236.0
GGAACCGTGTAAATTG-1-Topic-0-Cell-2,1,49.0,47.0,9908.701066596173,6188.295678086574
GGAACCGTGTAAATTG-1-Topic-3-Cell-3,1,49.0,47.0,9773.857311783167,6243.998842812265
GGAACCGTGTAAATTG-1-Topic-3-Cell-4,1,49.0,47.0,9953.927405376267,6304.178979353126
GGAACCTTGACTCTGC-1-Topic-0-Cell-1,1,59.0,21.0,11613.0,3659.0
GGAACCTTGACTCTGC-1-Topic-0-Cell-2,1,59.0,21.0,11663.46164512635,3603.9157938035496
GGAACCTTGACTCTGC-1-Topic-0-Cell-3,1,59.0,21.0,11507.757488846692,3668.236268101734
GGAATGCGCTAGCGTG-1-Topic-4-Cell-1,1,32.0,82.0,6899.0,9701.0
GGAATGCGCTAGCGTG-1-Topic-5-Cell-2,1,32.0,82.0,6938.087422239316,9658.331957352419
GGAATGCGCTAGCGTG-1-Topic-5-Cell-3,1,32.0,82.0,6817.479501398037,9708.154382507824
GGAATGCGCTAGCGTG-1-Topic-6-Cell-4,1,32.0,82.0,6978.5390893936055,9761.981132988058
GGAATGCGCTAGCGTG-1-Topic-7-Cell-5,1,32.0,82.0,6878.841831929245,9587.038594152262
GGACCAACAGGATAAC-1-Topic-2-Cell-1,1,51.0,67.0,10199.0,8229.0
GGACCAACAGGATAAC-1-Topic-2-Cell-2,1,51.0,67.0,10229.90132053524,8195.26795048311
GGACCAACAGGATAAC-1-Topic-2-Cell-3,1,51.0,67.0,10134.552387106307,8234.656035994198
GGACCAACAGGATAAC-1-Topic-4-Cell-4,1,51.0,67.0,10261.881171374884,8277.209818634972
GGACCAACAGGATAAC-1-Topic-5-Cell-5,1,51.0,67.0,10183.063568859983,8138.905598041579
GGACCAACAGGATAAC-1-Topic-6-Cell-6,1,51.0,67.0,10144.096855021788,8315.309666600324
GGACCAACAGGATAAC-1-Topic-6-Cell-7,1,51.0,67.0,10307.213778473884,8199.90988482329
GGACCAACAGGATAAC-1-Topic-6-Cell-8,1,51.0,67.0,10091.588675800891,8173.214635774117
GGACCTACGGTAACGT-1-Topic-4-Cell-1,1,17.0,109.0,4284.0,12372.0
GGACCTACGGTAACGT-1-Topic-6-Cell-2,1,17.0,109.0,4327.701066596173,12324.295678086573
GGACCTACGGTAACGT-1-Topic-6-Cell-3,1,17.0,109.0,4192.8573117831675,12379.998842812265
GGACCTACGGTAACGT-1-Topic-6-Cell-4,1,17.0,109.0,4372.927405376267,12440.178979353126
GGACCTCTAGGCCGCC-1-Topic-0-Cell-1,1,58.0,30.0,11434.0,4554.0
GGACCTCTAGGCCGCC-1-Topic-0-Cell-2,1,58.0,30.0,11473.087422239316,4511.331957352419
GGACCTCTAGGCCGCC-1-Topic-0-Cell-3,1,58.0,30.0,11352.479501398038,4561.154382507824
GGACCTCTAGGCCGCC-1-Topic-3-Cell-4,1,58.0,30.0,11513.539089393606,4614.981132988058
GGACCTCTAGGCCGCC-1-Topic-3-Cell-5,1,58.0,30.0,11413.841831929245,4440.038594152262
GGACTCGTGAGTGGTC-1-Topic-0-Cell-1,1,64.0,38.0,12468.0,5356.0
GGACTCGTGAGTGGTC-1-Topic-3-Cell-2,1,64.0,38.0,12511.701066596173,5308.295678086574
GGACTCGTGAGTGGTC-1-Topic-3-Cell-3,1,64.0,38.0,12376.857311783167,5363.998842812265
GGACTCGTGAGTGGTC-1-Topic-3-Cell-4,1,64.0,38.0,12556.927405376267,5424.178979353126
GGAGAAGTCATTGGCA-1-Topic-0-Cell-1,1,23.0,41.0,5366.0,5610.0
GGAGAAGTCATTGGCA-1-Topic-2-Cell-2,1,23.0,41.0,5405.087422239316,5567.331957352419
GGAGAAGTCATTGGCA-1-Topic-6-Cell-3,1,23.0,41.0,5284.479501398037,5617.154382507824
GGAGAAGTCATTGGCA-1-Topic-6-Cell-4,1,23.0,41.0,5445.5390893936055,5670.981132988058
GGAGAAGTCATTGGCA-1-Topic-6-Cell-5,1,23.0,41.0,5345.841831929245,5496.038594152262
GGAGACGACACCTTTG-1-Topic-3-Cell-1,1,43.0,67.0,8813.0,8220.0
GGAGACGACACCTTTG-1-Topic-3-Cell-2,1,43.0,67.0,8843.90132053524,8186.26795048311
GGAGACGACACCTTTG-1-Topic-3-Cell-3,1,43.0,67.0,8748.552387106307,8225.656035994198
GGAGACGACACCTTTG-1-Topic-3-Cell-4,1,43.0,67.0,8875.881171374884,8268.209818634972
GGAGACGACACCTTTG-1-Topic-6-Cell-5,1,43.0,67.0,8797.063568859983,8129.905598041579
GGAGACGACACCTTTG-1-Topic-7-Cell-6,1,43.0,67.0,8758.096855021788,8306.309666600324
GGAGACGACACCTTTG-1-Topic-7-Cell-7,1,43.0,67.0,8921.213778473884,8190.909884823291
GGAGACGACACCTTTG-1-Topic-7-Cell-8,1,43.0,67.0,8705.588675800891,8164.214635774117
GGAGCAACATTTCAAG-1-Topic-2-Cell-1,1,57.0,103.0,11215.0,11818.0
GGAGCAACATTTCAAG-1-Topic-7-Cell-2,1,57.0,103.0,11265.46164512635,11762.91579380355
GGAGCAACATTTCAAG-1-Topic-7-Cell-3,1,57.0,103.0,11109.757488846692,11827.236268101733
GGAGCACCAAGAACTA-1-Topic-2-Cell-1,1,26.0,82.0,5860.0,9694.0
GGAGCACCAAGAACTA-1-Topic-3-Cell-2,1,26.0,82.0,5893.034901211928,9657.938922215459
GGAGCACCAAGAACTA-1-Topic-6-Cell-3,1,26.0,82.0,5791.102603758962,9700.046556816444
GGAGCACCAAGAACTA-1-Topic-6-Cell-4,1,26.0,82.0,5927.222799818238,9745.538464003022
GGAGCACCAAGAACTA-1-Topic-7-Cell-5,1,26.0,82.0,5842.9632384874685,9597.68503297294
GGAGCACCAAGAACTA-1-Topic-7-Cell-6,1,26.0,82.0,5801.306069152901,9786.268914738599
GGAGCACCAAGAACTA-1-Topic-9-Cell-7,1,26.0,82.0,5975.685395307864,9662.901358761988
GGAGCGAGGCCTACTT-1-Topic-3-Cell-1,1,67.0,69.0,12968.0,8445.0
GGAGCGAGGCCTACTT-1-Topic-3-Cell-2,1,67.0,69.0,13003.68177145867,8406.049584262211
GGAGCGAGGCCTACTT-1-Topic-3-Cell-3,1,67.0,69.0,12893.582306694394,8451.531027807592
GGAGCGAGGCCTACTT-1-Topic-3-Cell-4,1,67.0,69.0,13040.608922440497,8500.667903532969
GGAGCGAGGCCTACTT-1-Topic-3-Cell-5,1,67.0,69.0,12949.59819438278,8340.967945553655
GGAGCGAGGCCTACTT-1-Topic-5-Cell-6,1,67.0,69.0,12904.603308934946,8544.661818490727
GGAGGGCTTGGTTGGC-1-Topic-6-Cell-1,1,32.0,78.0,6901.0,9303.0
GGAGGGCTTGGTTGGC-1-Topic-6-Cell-2,1,32.0,78.0,6944.701066596173,9255.295678086573
GGAGGGCTTGGTTGGC-1-Topic-7-Cell-3,1,32.0,78.0,6809.8573117831675,9310.998842812265
GGAGGGCTTGGTTGGC-1-Topic-9-Cell-4,1,32.0,78.0,6989.927405376267,9371.178979353126
GGAGTGCCGCCCTGGA-1-Topic-0-Cell-1,1,19.0,53.0,4666.0,6800.0
GGAGTGCCGCCCTGGA-1-Topic-2-Cell-2,1,19.0,53.0,4716.461645126349,6744.91579380355
GGAGTGCCGCCCTGGA-1-Topic-3-Cell-3,1,19.0,53.0,4560.757488846692,6809.236268101734
GGATCATCCCGTACGC-1-Topic-2-Cell-1,1,17.0,101.0,4289.0,11576.0
GGATCATCCCGTACGC-1-Topic-6-Cell-2,1,17.0,101.0,4324.6817714586705,11537.049584262211
GGATCATCCCGTACGC-1-Topic-6-Cell-3,1,17.0,101.0,4214.582306694395,11582.531027807592
GGATCATCCCGTACGC-1-Topic-6-Cell-4,1,17.0,101.0,4361.608922440497,11631.667903532969
GGATCATCCCGTACGC-1-Topic-6-Cell-5,1,17.0,101.0,4270.598194382778,11471.967945553655
GGATCATCCCGTACGC-1-Topic-6-Cell-6,1,17.0,101.0,4225.603308934945,11675.661818490727
GGATCCGGAATATACT-1-Topic-2-Cell-1,1,34.0,82.0,7245.0,9703.0
GGATCCGGAATATACT-1-Topic-6-Cell-2,1,34.0,82.0,7288.701066596173,9655.295678086573
GGATCCGGAATATACT-1-Topic-6-Cell-3,1,34.0,82.0,7153.8573117831675,9710.998842812265
GGATCCGGAATATACT-1-Topic-7-Cell-4,1,34.0,82.0,7333.927405376267,9771.178979353126
GGATCTTACTGCCCTT-1-Topic-3-Cell-1,1,65.0,35.0,12643.0,5059.0
GGATCTTACTGCCCTT-1-Topic-3-Cell-2,1,65.0,35.0,12686.701066596173,5011.295678086574
GGATCTTACTGCCCTT-1-Topic-3-Cell-3,1,65.0,35.0,12551.857311783167,5066.998842812265
GGATCTTACTGCCCTT-1-Topic-3-Cell-4,1,65.0,35.0,12731.927405376267,5127.178979353126
GGATCTTGACTCAACC-1-Topic-0-Cell-1,1,51.0,17.0,10230.0,3252.0
GGATCTTGACTCAACC-1-Topic-0-Cell-2,1,51.0,17.0,10269.087422239316,3209.3319573524186
GGATCTTGACTCAACC-1-Topic-0-Cell-3,1,51.0,17.0,10148.479501398038,3259.1543825078243
GGATCTTGACTCAACC-1-Topic-0-Cell-4,1,51.0,17.0,10309.539089393606,3312.9811329880577
GGATCTTGACTCAACC-1-Topic-0-Cell-5,1,51.0,17.0,10209.841831929245,3138.0385941522622
GGATGAAGATCGCTGA-1-Topic-7-Cell-1,1,42.0,94.0,8623.0,10906.0
GGATGAAGATCGCTGA-1-Topic-7-Cell-2,1,42.0,94.0,8684.802641070479,10838.53590096622
GGATGACGCGAGTTTA-1-Topic-6-Cell-1,1,37.0,45.0,7788.0,6024.0
GGATGACGCGAGTTTA-1-Topic-6-Cell-2,1,37.0,45.0,7827.087422239316,5981.331957352419
GGATGACGCGAGTTTA-1-Topic-6-Cell-3,1,37.0,45.0,7706.479501398037,6031.154382507824
GGATGACGCGAGTTTA-1-Topic-6-Cell-4,1,37.0,45.0,7867.5390893936055,6084.981132988058
GGATGACGCGAGTTTA-1-Topic-6-Cell-5,1,37.0,45.0,7767.841831929245,5910.038594152262
GGATGTCCTTACCGCA-1-Topic-4-Cell-1,1,35.0,91.0,7413.0,10600.0
GGATGTCCTTACCGCA-1-Topic-6-Cell-2,1,35.0,91.0,7452.087422239316,10557.331957352419
GGATGTCCTTACCGCA-1-Topic-6-Cell-3,1,35.0,91.0,7331.479501398037,10607.154382507824
GGATGTCCTTACCGCA-1-Topic-7-Cell-4,1,35.0,91.0,7492.5390893936055,10660.981132988058
GGATGTCCTTACCGCA-1-Topic-7-Cell-5,1,35.0,91.0,7392.841831929245,10486.038594152262
GGATTCAGTACGGTGG-1-Topic-0-Cell-1,1,19.0,33.0,4678.0,4810.0
GGATTCAGTACGGTGG-1-Topic-1-Cell-2,1,19.0,33.0,4721.701066596173,4762.295678086574
GGATTCAGTACGGTGG-1-Topic-1-Cell-3,1,19.0,33.0,4586.8573117831675,4817.998842812265
GGATTCAGTACGGTGG-1-Topic-5-Cell-4,1,19.0,33.0,4766.927405376267,4878.178979353126
GGATTCCGCTATACCC-1-Topic-4-Cell-1,1,19.0,81.0,4648.0,9587.0
GGATTCCGCTATACCC-1-Topic-6-Cell-2,1,19.0,81.0,4687.087422239316,9544.331957352419
GGATTCCGCTATACCC-1-Topic-6-Cell-3,1,19.0,81.0,4566.479501398037,9594.154382507824
GGATTCCGCTATACCC-1-Topic-6-Cell-4,1,19.0,81.0,4727.5390893936055,9647.981132988058
GGATTCCGCTATACCC-1-Topic-7-Cell-5,1,19.0,81.0,4627.841831929245,9473.038594152262
GGATTGCTGTGACTCC-1-Topic-3-Cell-1,1,60.0,84.0,11747.0,9930.0
GGATTGCTGTGACTCC-1-Topic-3-Cell-2,1,60.0,84.0,11786.087422239316,9887.331957352419
GGATTGCTGTGACTCC-1-Topic-5-Cell-3,1,60.0,84.0,11665.479501398038,9937.154382507824
GGATTGCTGTGACTCC-1-Topic-6-Cell-4,1,60.0,84.0,11826.539089393606,9990.981132988058
GGATTGCTGTGACTCC-1-Topic-7-Cell-5,1,60.0,84.0,11726.841831929245,9816.038594152262
GGATTTCACTTCTATA-1-Topic-3-Cell-1,1,31.0,83.0,6725.0,9799.0
GGATTTCACTTCTATA-1-Topic-6-Cell-2,1,31.0,83.0,6760.6817714586705,9760.049584262211
GGATTTCACTTCTATA-1-Topic-6-Cell-3,1,31.0,83.0,6650.582306694395,9805.531027807592
GGATTTCACTTCTATA-1-Topic-7-Cell-4,1,31.0,83.0,6797.608922440497,9854.667903532969
GGATTTCACTTCTATA-1-Topic-9-Cell-5,1,31.0,83.0,6706.598194382778,9694.967945553655
GGATTTCACTTCTATA-1-Topic-9-Cell-6,1,31.0,83.0,6661.603308934945,9898.661818490727
GGCAAAGGCGCCAATA-1-Topic-0-Cell-1,1,54.0,34.0,10739.0,4947.0
GGCAAAGGCGCCAATA-1-Topic-0-Cell-2,1,54.0,34.0,10774.68177145867,4908.049584262212
GGCAAAGGCGCCAATA-1-Topic-0-Cell-3,1,54.0,34.0,10664.582306694394,4953.531027807593
GGCAAAGGCGCCAATA-1-Topic-0-Cell-4,1,54.0,34.0,10811.608922440497,5002.66790353297
GGCAAAGGCGCCAATA-1-Topic-5-Cell-5,1,54.0,34.0,10720.59819438278,4842.967945553654
GGCAAAGGCGCCAATA-1-Topic-6-Cell-6,1,54.0,34.0,10675.603308934946,5046.6618184907275
GGCAAATTACTTTACT-1-Topic-3-Cell-1,1,41.0,53.0,8476.0,6824.0
GGCAAATTACTTTACT-1-Topic-3-Cell-2,1,41.0,53.0,8519.701066596173,6776.295678086574
GGCAAATTACTTTACT-1-Topic-3-Cell-3,1,41.0,53.0,8384.857311783167,6831.998842812265
GGCAAATTACTTTACT-1-Topic-6-Cell-4,1,41.0,53.0,8564.927405376267,6892.178979353126
GGCAAGCCCATAGTGG-1-Topic-0-Cell-1,1,67.0,61.0,12973.0,7649.0
GGCAAGCCCATAGTGG-1-Topic-5-Cell-2,1,67.0,61.0,13016.701066596173,7601.295678086574
GGCAAGCCCATAGTGG-1-Topic-5-Cell-3,1,67.0,61.0,12881.857311783167,7656.998842812265
GGCAAGCCCATAGTGG-1-Topic-7-Cell-4,1,67.0,61.0,13061.927405376267,7717.178979353126
GGCAAGGCGAAATAGC-1-Topic-2-Cell-1,1,45.0,69.0,9158.0,8421.0
GGCAAGGCGAAATAGC-1-Topic-2-Cell-2,1,45.0,69.0,9188.90132053524,8387.26795048311
GGCAAGGCGAAATAGC-1-Topic-2-Cell-3,1,45.0,69.0,9093.552387106307,8426.656035994198
GGCAAGGCGAAATAGC-1-Topic-2-Cell-4,1,45.0,69.0,9220.881171374884,8469.209818634972
GGCAAGGCGAAATAGC-1-Topic-2-Cell-5,1,45.0,69.0,9142.063568859983,8330.90559804158
GGCAAGGCGAAATAGC-1-Topic-3-Cell-6,1,45.0,69.0,9103.096855021788,8507.309666600324
GGCAAGGCGAAATAGC-1-Topic-7-Cell-7,1,45.0,69.0,9266.213778473884,8391.90988482329
GGCAAGGCGAAATAGC-1-Topic-8-Cell-8,1,45.0,69.0,9050.588675800891,8365.214635774117
GGCAATAGTCAATGAG-1-Topic-3-Cell-1,1,30.0,70.0,6560.0,8504.0
GGCAATAGTCAATGAG-1-Topic-3-Cell-2,1,30.0,70.0,6590.901320535239,8470.26795048311
GGCAATAGTCAATGAG-1-Topic-3-Cell-3,1,30.0,70.0,6495.552387106307,8509.656035994198
GGCAATAGTCAATGAG-1-Topic-4-Cell-4,1,30.0,70.0,6622.881171374884,8552.209818634972
GGCAATAGTCAATGAG-1-Topic-7-Cell-5,1,30.0,70.0,6544.063568859983,8413.90559804158
GGCAATAGTCAATGAG-1-Topic-9-Cell-6,1,30.0,70.0,6505.0968550217885,8590.309666600324
GGCAATAGTCAATGAG-1-Topic-9-Cell-7,1,30.0,70.0,6668.213778473883,8474.90988482329
GGCAATAGTCAATGAG-1-Topic-9-Cell-8,1,30.0,70.0,6452.588675800891,8448.214635774117
GGCACTCCACTGGGCA-1-Topic-3-Cell-1,1,34.0,46.0,7268.0,6120.0
GGCACTCCACTGGGCA-1-Topic-3-Cell-2,1,34.0,46.0,7301.034901211928,6083.938922215459
GGCACTCCACTGGGCA-1-Topic-3-Cell-3,1,34.0,46.0,7199.102603758962,6126.046556816443
GGCACTCCACTGGGCA-1-Topic-3-Cell-4,1,34.0,46.0,7335.222799818238,6171.538464003022
GGCACTCCACTGGGCA-1-Topic-3-Cell-5,1,34.0,46.0,7250.9632384874685,6023.685032972941
GGCACTCCACTGGGCA-1-Topic-3-Cell-6,1,34.0,46.0,7209.306069152901,6212.268914738599
GGCACTCCACTGGGCA-1-Topic-3-Cell-7,1,34.0,46.0,7383.685395307864,6088.901358761988
GGCAGCGGTAATCCTA-1-Topic-7-Cell-1,1,14.0,100.0,3770.0,11473.0
GGCAGCGGTAATCCTA-1-Topic-7-Cell-2,1,14.0,100.0,3820.4616451263496,11417.91579380355
GGCAGCGGTAATCCTA-1-Topic-7-Cell-3,1,14.0,100.0,3664.7574888466916,11482.236268101733
GGCATACAGGTAGCGG-1-Topic-3-Cell-1,1,34.0,32.0,7277.0,4727.0
GGCATACAGGTAGCGG-1-Topic-3-Cell-2,1,34.0,32.0,7320.701066596173,4679.295678086574
GGCATACAGGTAGCGG-1-Topic-4-Cell-3,1,34.0,32.0,7185.8573117831675,4734.998842812265
GGCATACAGGTAGCGG-1-Topic-7-Cell-4,1,34.0,32.0,7365.927405376267,4795.178979353126
GGCATATCGGTTCTGC-1-Topic-3-Cell-1,1,17.0,83.0,4301.0,9784.0
GGCATATCGGTTCTGC-1-Topic-6-Cell-2,1,17.0,83.0,4336.6817714586705,9745.049584262211
GGCATATCGGTTCTGC-1-Topic-7-Cell-3,1,17.0,83.0,4226.582306694395,9790.531027807592
GGCATATCGGTTCTGC-1-Topic-8-Cell-4,1,17.0,83.0,4373.608922440497,9839.667903532969
GGCATATCGGTTCTGC-1-Topic-8-Cell-5,1,17.0,83.0,4282.598194382778,9679.967945553655
GGCATATCGGTTCTGC-1-Topic-8-Cell-6,1,17.0,83.0,4237.603308934945,9883.661818490727
GGCCCTCACCCACTTA-1-Topic-3-Cell-1,1,37.0,23.0,7802.0,3834.0
GGCCCTCACCCACTTA-1-Topic-3-Cell-2,1,37.0,23.0,7841.087422239316,3791.3319573524186
GGCCCTCACCCACTTA-1-Topic-3-Cell-3,1,37.0,23.0,7720.479501398037,3841.1543825078243
GGCCCTCACCCACTTA-1-Topic-3-Cell-4,1,37.0,23.0,7881.5390893936055,3894.9811329880577
GGCCCTCACCCACTTA-1-Topic-3-Cell-5,1,37.0,23.0,7781.841831929245,3720.0385941522622
GGCCGAGACTCTGGTG-1-Topic-0-Cell-1,1,62.0,32.0,12126.0,4757.0
GGCCGAGACTCTGGTG-1-Topic-0-Cell-2,1,62.0,32.0,12156.90132053524,4723.26795048311
GGCCGAGACTCTGGTG-1-Topic-0-Cell-3,1,62.0,32.0,12061.552387106307,4762.656035994198
GGCCGAGACTCTGGTG-1-Topic-0-Cell-4,1,62.0,32.0,12188.881171374884,4805.209818634973
GGCCGAGACTCTGGTG-1-Topic-0-Cell-5,1,62.0,32.0,12110.063568859983,4666.905598041579
GGCCGAGACTCTGGTG-1-Topic-0-Cell-6,1,62.0,32.0,12071.096855021788,4843.309666600323
GGCCGAGACTCTGGTG-1-Topic-3-Cell-7,1,62.0,32.0,12234.213778473884,4727.909884823291
GGCCGAGACTCTGGTG-1-Topic-5-Cell-8,1,62.0,32.0,12018.588675800891,4701.214635774117
GGCCGGCGTCTGCTAT-1-Topic-3-Cell-1,1,65.0,79.0,12616.0,9438.0
GGCCGGCGTCTGCTAT-1-Topic-5-Cell-2,1,65.0,79.0,12659.701066596173,9390.295678086573
GGCCGGCGTCTGCTAT-1-Topic-5-Cell-3,1,65.0,79.0,12524.857311783167,9445.998842812265
GGCCGGCGTCTGCTAT-1-Topic-7-Cell-4,1,65.0,79.0,12704.927405376267,9506.178979353126
GGCCGTTTGGGTTTCA-1-Topic-0-Cell-1,1,59.0,45.0,11598.0,6048.0
GGCCGTTTGGGTTTCA-1-Topic-3-Cell-2,1,59.0,45.0,11641.701066596173,6000.295678086574
GGCCGTTTGGGTTTCA-1-Topic-3-Cell-3,1,59.0,45.0,11506.857311783167,6055.998842812265
GGCCGTTTGGGTTTCA-1-Topic-3-Cell-4,1,59.0,45.0,11686.927405376267,6116.178979353126
GGCGAAATCTAACTTG-1-Topic-5-Cell-1,1,43.0,87.0,8801.0,10210.0
GGCGAAATCTAACTTG-1-Topic-6-Cell-2,1,43.0,87.0,8844.701066596173,10162.295678086573
GGCGAAATCTAACTTG-1-Topic-6-Cell-3,1,43.0,87.0,8709.857311783167,10217.998842812265
GGCGAAATCTAACTTG-1-Topic-9-Cell-4,1,43.0,87.0,8889.927405376267,10278.178979353126
GGCGCAGGACATCTTC-1-Topic-3-Cell-1,1,37.0,27.0,7799.0,4232.0
GGCGCAGGACATCTTC-1-Topic-3-Cell-2,1,37.0,27.0,7834.6817714586705,4193.049584262212
GGCGCAGGACATCTTC-1-Topic-3-Cell-3,1,37.0,27.0,7724.582306694395,4238.531027807593
GGCGCAGGACATCTTC-1-Topic-3-Cell-4,1,37.0,27.0,7871.608922440497,4287.66790353297
GGCGCAGGACATCTTC-1-Topic-3-Cell-5,1,37.0,27.0,7780.598194382778,4127.967945553654
GGCGCAGGACATCTTC-1-Topic-3-Cell-6,1,37.0,27.0,7735.603308934945,4331.6618184907275
GGCGCATGAATTGATG-1-Topic-3-Cell-1,1,42.0,54.0,8648.0,6925.0
GGCGCATGAATTGATG-1-Topic-3-Cell-2,1,42.0,54.0,8681.034901211928,6888.938922215459
GGCGCATGAATTGATG-1-Topic-3-Cell-3,1,42.0,54.0,8579.102603758962,6931.046556816443
GGCGCATGAATTGATG-1-Topic-3-Cell-4,1,42.0,54.0,8715.222799818237,6976.538464003022
GGCGCATGAATTGATG-1-Topic-3-Cell-5,1,42.0,54.0,8630.96323848747,6828.685032972941
GGCGCATGAATTGATG-1-Topic-3-Cell-6,1,42.0,54.0,8589.3060691529,7017.268914738599
GGCGCATGAATTGATG-1-Topic-6-Cell-7,1,42.0,54.0,8763.685395307864,6893.901358761988
GGCGCGGAGATCTTTC-1-Topic-3-Cell-1,1,58.0,86.0,11399.0,10127.0
GGCGCGGAGATCTTTC-1-Topic-3-Cell-2,1,58.0,86.0,11438.087422239316,10084.331957352419
GGCGCGGAGATCTTTC-1-Topic-3-Cell-3,1,58.0,86.0,11317.479501398038,10134.154382507824
GGCGCGGAGATCTTTC-1-Topic-3-Cell-4,1,58.0,86.0,11478.539089393606,10187.981132988058
GGCGCGGAGATCTTTC-1-Topic-7-Cell-5,1,58.0,86.0,11378.841831929245,10013.038594152262
GGCGCGTTCGAGTTTA-1-Topic-2-Cell-1,1,47.0,59.0,9511.0,7428.0
GGCGCGTTCGAGTTTA-1-Topic-3-Cell-2,1,47.0,59.0,9544.034901211928,7391.938922215459
GGCGCGTTCGAGTTTA-1-Topic-6-Cell-3,1,47.0,59.0,9442.102603758962,7434.046556816443
GGCGCGTTCGAGTTTA-1-Topic-6-Cell-4,1,47.0,59.0,9578.222799818237,7479.538464003022
GGCGCGTTCGAGTTTA-1-Topic-6-Cell-5,1,47.0,59.0,9493.96323848747,7331.685032972941
GGCGCGTTCGAGTTTA-1-Topic-6-Cell-6,1,47.0,59.0,9452.3060691529,7520.268914738599
GGCGCGTTCGAGTTTA-1-Topic-6-Cell-7,1,47.0,59.0,9626.685395307864,7396.901358761988
GGCGCTTCATTCCCTG-1-Topic-3-Cell-1,1,67.0,71.0,12967.0,8644.0
GGCGCTTCATTCCCTG-1-Topic-3-Cell-2,1,67.0,71.0,13017.46164512635,8588.91579380355
GGCGCTTCATTCCCTG-1-Topic-7-Cell-3,1,67.0,71.0,12861.757488846692,8653.236268101733
GGCGGAGTAATATTAG-1-Topic-3-Cell-1,1,32.0,46.0,6921.0,6118.0
GGCGGAGTAATATTAG-1-Topic-3-Cell-2,1,32.0,46.0,6960.087422239316,6075.331957352419
GGCGGAGTAATATTAG-1-Topic-3-Cell-3,1,32.0,46.0,6839.479501398037,6125.154382507824
GGCGGAGTAATATTAG-1-Topic-7-Cell-4,1,32.0,46.0,7000.5390893936055,6178.981132988058
GGCGGAGTAATATTAG-1-Topic-7-Cell-5,1,32.0,46.0,6900.841831929245,6004.038594152262
GGCGGTAGGATCATTG-1-Topic-3-Cell-1,1,31.0,69.0,6734.0,8406.0
GGCGGTAGGATCATTG-1-Topic-6-Cell-2,1,31.0,69.0,6769.6817714586705,8367.049584262211
GGCGGTAGGATCATTG-1-Topic-6-Cell-3,1,31.0,69.0,6659.582306694395,8412.531027807592
GGCGGTAGGATCATTG-1-Topic-6-Cell-4,1,31.0,69.0,6806.608922440497,8461.667903532969
GGCGGTAGGATCATTG-1-Topic-8-Cell-5,1,31.0,69.0,6715.598194382778,8301.967945553655
GGCGGTAGGATCATTG-1-Topic-9-Cell-6,1,31.0,69.0,6670.603308934945,8505.661818490727
GGCGTAGGGAAAGCTG-1-Topic-3-Cell-1,1,64.0,82.0,12441.0,9736.0
GGCGTAGGGAAAGCTG-1-Topic-3-Cell-2,1,64.0,82.0,12474.034901211928,9699.938922215459
GGCGTAGGGAAAGCTG-1-Topic-5-Cell-3,1,64.0,82.0,12372.102603758962,9742.046556816444
GGCGTAGGGAAAGCTG-1-Topic-5-Cell-4,1,64.0,82.0,12508.222799818237,9787.538464003022
GGCGTAGGGAAAGCTG-1-Topic-5-Cell-5,1,64.0,82.0,12423.96323848747,9639.68503297294
GGCGTAGGGAAAGCTG-1-Topic-6-Cell-6,1,64.0,82.0,12382.3060691529,9828.268914738599
GGCGTAGGGAAAGCTG-1-Topic-7-Cell-7,1,64.0,82.0,12556.685395307864,9704.901358761988
GGCGTCCTATCCGCTG-1-Topic-0-Cell-1,1,31.0,33.0,6756.0,4823.0
GGCGTCCTATCCGCTG-1-Topic-3-Cell-2,1,31.0,33.0,6786.901320535239,4789.26795048311
GGCGTCCTATCCGCTG-1-Topic-6-Cell-3,1,31.0,33.0,6691.552387106307,4828.656035994198
GGCGTCCTATCCGCTG-1-Topic-6-Cell-4,1,31.0,33.0,6818.881171374884,4871.209818634973
GGCGTCCTATCCGCTG-1-Topic-6-Cell-5,1,31.0,33.0,6740.063568859983,4732.905598041579
GGCGTCCTATCCGCTG-1-Topic-6-Cell-6,1,31.0,33.0,6701.0968550217885,4909.309666600323
GGCGTCCTATCCGCTG-1-Topic-6-Cell-7,1,31.0,33.0,6864.213778473883,4793.909884823291
GGCGTCCTATCCGCTG-1-Topic-8-Cell-8,1,31.0,33.0,6648.588675800891,4767.214635774117
GGCTAAAGGGCGGGTC-1-Topic-1-Cell-1,1,19.0,99.0,4637.0,11379.0
GGCTAAAGGGCGGGTC-1-Topic-6-Cell-2,1,19.0,99.0,4666.1340443974495,11347.197118724383
GGCTAAAGGGCGGGTC-1-Topic-6-Cell-3,1,19.0,99.0,4576.238207855446,11384.332561874844
GGCTAAAGGGCGGGTC-1-Topic-6-Cell-4,1,19.0,99.0,4696.284936917512,11424.452652902084
GGCTAAAGGGCGGGTC-1-Topic-6-Cell-5,1,19.0,99.0,4621.974988630642,11294.058183237672
GGCTAAAGGGCGGGTC-1-Topic-6-Cell-6,1,19.0,99.0,4585.236818503251,11460.37353404672
GGCTAAAGGGCGGGTC-1-Topic-6-Cell-7,1,19.0,99.0,4739.024928768936,11351.573576390734
GGCTAAAGGGCGGGTC-1-Topic-6-Cell-8,1,19.0,99.0,4535.731632376778,11326.40505421989
GGCTAAAGGGCGGGTC-1-Topic-6-Cell-9,1,19.0,99.0,4678.847516403668,11493.588445202442
GGCTACTATACACTCC-1-Topic-5-Cell-1,1,64.0,44.0,12465.0,5953.0
GGCTACTATACACTCC-1-Topic-5-Cell-2,1,64.0,44.0,12526.802641070479,5885.535900966221
GGCTATTAAGTTGTAT-1-Topic-3-Cell-1,1,33.0,41.0,7098.0,5621.0
GGCTATTAAGTTGTAT-1-Topic-3-Cell-2,1,33.0,41.0,7131.034901211928,5584.938922215459
GGCTATTAAGTTGTAT-1-Topic-3-Cell-3,1,33.0,41.0,7029.102603758962,5627.046556816443
GGCTATTAAGTTGTAT-1-Topic-3-Cell-4,1,33.0,41.0,7165.222799818238,5672.538464003022
GGCTATTAAGTTGTAT-1-Topic-6-Cell-5,1,33.0,41.0,7080.9632384874685,5524.685032972941
GGCTATTAAGTTGTAT-1-Topic-7-Cell-6,1,33.0,41.0,7039.306069152901,5713.268914738599
GGCTATTAAGTTGTAT-1-Topic-7-Cell-7,1,33.0,41.0,7213.685395307864,5589.901358761988
GGCTCCTCCACCTGTT-1-Topic-0-Cell-1,1,59.0,35.0,11604.0,5052.0
GGCTCCTCCACCTGTT-1-Topic-0-Cell-2,1,59.0,35.0,11647.701066596173,5004.295678086574
GGCTCCTCCACCTGTT-1-Topic-0-Cell-3,1,59.0,35.0,11512.857311783167,5059.998842812265
GGCTCCTCCACCTGTT-1-Topic-0-Cell-4,1,59.0,35.0,11692.927405376267,5120.178979353126
GGCTCGCGTTGAGGTA-1-Topic-6-Cell-1,1,31.0,93.0,6719.0,10795.0
GGCTCGCGTTGAGGTA-1-Topic-6-Cell-2,1,31.0,93.0,6762.701066596173,10747.295678086573
GGCTCGCGTTGAGGTA-1-Topic-7-Cell-3,1,31.0,93.0,6627.8573117831675,10802.998842812265
GGCTCGCGTTGAGGTA-1-Topic-7-Cell-4,1,31.0,93.0,6807.927405376267,10863.178979353126
GGCTCGTGCCACCAGC-1-Topic-2-Cell-1,1,20.0,38.0,4848.0,5308.0
GGCTCGTGCCACCAGC-1-Topic-3-Cell-2,1,20.0,38.0,4887.087422239316,5265.331957352419
GGCTCGTGCCACCAGC-1-Topic-6-Cell-3,1,20.0,38.0,4766.479501398037,5315.154382507824
GGCTCGTGCCACCAGC-1-Topic-6-Cell-4,1,20.0,38.0,4927.5390893936055,5368.981132988058
GGCTCGTGCCACCAGC-1-Topic-6-Cell-5,1,20.0,38.0,4827.841831929245,5194.038594152262
GGCTCTGCTCCAACGC-1-Topic-2-Cell-1,1,26.0,72.0,5866.0,8699.0
GGCTCTGCTCCAACGC-1-Topic-6-Cell-2,1,26.0,72.0,5909.701066596173,8651.295678086573
GGCTCTGCTCCAACGC-1-Topic-7-Cell-3,1,26.0,72.0,5774.8573117831675,8706.998842812265
GGCTCTGCTCCAACGC-1-Topic-8-Cell-4,1,26.0,72.0,5954.927405376267,8767.178979353126
GGCTGAAATAGCAAAG-1-Topic-3-Cell-1,1,49.0,79.0,9845.0,9421.0
GGCTGAAATAGCAAAG-1-Topic-4-Cell-2,1,49.0,79.0,9884.087422239316,9378.331957352419
GGCTGAAATAGCAAAG-1-Topic-6-Cell-3,1,49.0,79.0,9763.479501398038,9428.154382507824
GGCTGAAATAGCAAAG-1-Topic-7-Cell-4,1,49.0,79.0,9924.539089393606,9481.981132988058
GGCTGAAATAGCAAAG-1-Topic-7-Cell-5,1,49.0,79.0,9824.841831929245,9307.038594152262
GGCTTTCAATAAGGGT-1-Topic-6-Cell-1,1,60.0,62.0,11761.0,7741.0
GGCTTTCAATAAGGGT-1-Topic-6-Cell-2,1,60.0,62.0,11796.68177145867,7702.049584262212
GGCTTTCAATAAGGGT-1-Topic-6-Cell-3,1,60.0,62.0,11686.582306694394,7747.531027807593
GGCTTTCAATAAGGGT-1-Topic-6-Cell-4,1,60.0,62.0,11833.608922440497,7796.66790353297
GGCTTTCAATAAGGGT-1-Topic-6-Cell-5,1,60.0,62.0,11742.59819438278,7636.967945553654
GGCTTTCAATAAGGGT-1-Topic-6-Cell-6,1,60.0,62.0,11697.603308934946,7840.6618184907275
GGGAACGGGAGGTTAG-1-Topic-3-Cell-1,1,39.0,37.0,8139.0,5230.0
GGGAACGGGAGGTTAG-1-Topic-3-Cell-2,1,39.0,37.0,8182.701066596173,5182.295678086574
GGGAACGGGAGGTTAG-1-Topic-6-Cell-3,1,39.0,37.0,8047.8573117831675,5237.998842812265
GGGAACGGGAGGTTAG-1-Topic-8-Cell-4,1,39.0,37.0,8227.927405376267,5298.178979353126
GGGAACGGTTTCAGAT-1-Topic-0-Cell-1,1,64.0,32.0,12472.0,4759.0
GGGAACGGTTTCAGAT-1-Topic-0-Cell-2,1,64.0,32.0,12533.802641070479,4691.535900966221
GGGAAGACGGTCTGTC-1-Topic-3-Cell-1,1,64.0,76.0,12445.0,9138.0
GGGAAGACGGTCTGTC-1-Topic-5-Cell-2,1,64.0,76.0,12488.701066596173,9090.295678086573
GGGAAGACGGTCTGTC-1-Topic-6-Cell-3,1,64.0,76.0,12353.857311783167,9145.998842812265
GGGAAGACGGTCTGTC-1-Topic-6-Cell-4,1,64.0,76.0,12533.927405376267,9206.178979353126
GGGAAGGGCTTTCTCA-1-Topic-2-Cell-1,1,63.0,87.0,12264.0,10232.0
GGGAAGGGCTTTCTCA-1-Topic-2-Cell-2,1,63.0,87.0,12297.034901211928,10195.938922215459
GGGAAGGGCTTTCTCA-1-Topic-5-Cell-3,1,63.0,87.0,12195.102603758962,10238.046556816444
GGGAAGGGCTTTCTCA-1-Topic-5-Cell-4,1,63.0,87.0,12331.222799818237,10283.538464003022
GGGAAGGGCTTTCTCA-1-Topic-6-Cell-5,1,63.0,87.0,12246.96323848747,10135.68503297294
GGGAAGGGCTTTCTCA-1-Topic-6-Cell-6,1,63.0,87.0,12205.3060691529,10324.268914738599
GGGAAGGGCTTTCTCA-1-Topic-6-Cell-7,1,63.0,87.0,12379.685395307864,10200.901358761988
GGGAATGAGCCCTCAC-1-Topic-6-Cell-1,1,19.0,107.0,4632.0,12175.0
GGGAATGAGCCCTCAC-1-Topic-6-Cell-2,1,19.0,107.0,4665.034901211928,12138.938922215459
GGGAATGAGCCCTCAC-1-Topic-6-Cell-3,1,19.0,107.0,4563.102603758962,12181.046556816444
GGGAATGAGCCCTCAC-1-Topic-6-Cell-4,1,19.0,107.0,4699.222799818238,12226.538464003022
GGGAATGAGCCCTCAC-1-Topic-6-Cell-5,1,19.0,107.0,4614.9632384874685,12078.68503297294
GGGAATGAGCCCTCAC-1-Topic-6-Cell-6,1,19.0,107.0,4573.306069152901,12267.268914738599
GGGAATGAGCCCTCAC-1-Topic-6-Cell-7,1,19.0,107.0,4747.685395307864,12143.901358761988
GGGACAGAGTTACTCC-1-Topic-0-Cell-1,1,57.0,19.0,11268.0,3458.0
GGGACAGAGTTACTCC-1-Topic-0-Cell-2,1,57.0,19.0,11307.087422239316,3415.3319573524186
GGGACAGAGTTACTCC-1-Topic-3-Cell-3,1,57.0,19.0,11186.479501398038,3465.1543825078243
GGGACAGAGTTACTCC-1-Topic-3-Cell-4,1,57.0,19.0,11347.539089393606,3518.9811329880577
GGGACAGAGTTACTCC-1-Topic-3-Cell-5,1,57.0,19.0,11247.841831929245,3344.0385941522622
GGGACCCGTATATCTT-1-Topic-0-Cell-1,1,57.0,53.0,11247.0,6842.0
GGGACCCGTATATCTT-1-Topic-0-Cell-2,1,57.0,53.0,11290.701066596173,6794.295678086574
GGGACCCGTATATCTT-1-Topic-3-Cell-3,1,57.0,53.0,11155.857311783167,6849.998842812265
GGGACCCGTATATCTT-1-Topic-3-Cell-4,1,57.0,53.0,11335.927405376267,6910.178979353126
GGGACTGCATAGATAG-1-Topic-1-Cell-1,1,32.0,60.0,6913.0,7511.0
GGGACTGCATAGATAG-1-Topic-3-Cell-2,1,32.0,60.0,6956.701066596173,7463.295678086574
GGGACTGCATAGATAG-1-Topic-3-Cell-3,1,32.0,60.0,6821.8573117831675,7518.998842812265
GGGACTGCATAGATAG-1-Topic-7-Cell-4,1,32.0,60.0,7001.927405376267,7579.178979353126
GGGAGAACTCACAGTA-1-Topic-0-Cell-1,1,32.0,64.0,6910.0,7909.0
GGGAGAACTCACAGTA-1-Topic-3-Cell-2,1,32.0,64.0,6960.461645126349,7853.91579380355
GGGAGAACTCACAGTA-1-Topic-9-Cell-3,1,32.0,64.0,6804.757488846692,7918.236268101734
GGGAGGATGCCCGAAA-1-Topic-0-Cell-1,1,37.0,51.0,7784.0,6621.0
GGGAGGATGCCCGAAA-1-Topic-3-Cell-2,1,37.0,51.0,7827.701066596173,6573.295678086574
GGGAGGATGCCCGAAA-1-Topic-4-Cell-3,1,37.0,51.0,7692.8573117831675,6628.998842812265
GGGAGGATGCCCGAAA-1-Topic-8-Cell-4,1,37.0,51.0,7872.927405376267,6689.178979353126
GGGAGTTAATGAGGCG-1-Topic-4-Cell-1,1,33.0,75.0,7077.0,9005.0
GGGAGTTAATGAGGCG-1-Topic-9-Cell-2,1,33.0,75.0,7116.087422239316,8962.331957352419
GGGAGTTAATGAGGCG-1-Topic-9-Cell-3,1,33.0,75.0,6995.479501398037,9012.154382507824
GGGAGTTAATGAGGCG-1-Topic-9-Cell-4,1,33.0,75.0,7156.5390893936055,9065.981132988058
GGGAGTTAATGAGGCG-1-Topic-9-Cell-5,1,33.0,75.0,7056.841831929245,8891.038594152262
GGGATGGTCGTAACCG-1-Topic-5-Cell-1,1,47.0,43.0,9521.0,5835.0
GGGATGGTCGTAACCG-1-Topic-5-Cell-2,1,47.0,43.0,9571.46164512635,5779.91579380355
GGGATGGTCGTAACCG-1-Topic-8-Cell-3,1,47.0,43.0,9415.757488846692,5844.236268101734
GGGATTTACCGCACCT-1-Topic-5-Cell-1,1,42.0,90.0,8626.0,10508.0
GGGATTTACCGCACCT-1-Topic-7-Cell-2,1,42.0,90.0,8669.701066596173,10460.295678086573
GGGATTTACCGCACCT-1-Topic-9-Cell-3,1,42.0,90.0,8534.857311783167,10515.998842812265
GGGATTTACCGCACCT-1-Topic-9-Cell-4,1,42.0,90.0,8714.927405376267,10576.178979353126
GGGCAACCGCACGTGC-1-Topic-0-Cell-1,1,55.0,19.0,10921.0,3455.0
GGGCAACCGCACGTGC-1-Topic-3-Cell-2,1,55.0,19.0,10964.701066596173,3407.295678086574
GGGCAACCGCACGTGC-1-Topic-3-Cell-3,1,55.0,19.0,10829.857311783167,3462.998842812265
GGGCAACCGCACGTGC-1-Topic-3-Cell-4,1,55.0,19.0,11009.927405376267,3523.178979353126
GGGCAGAGCAATCGTT-1-Topic-2-Cell-1,1,58.0,60.0,11415.0,7539.0
GGGCAGAGCAATCGTT-1-Topic-2-Cell-2,1,58.0,60.0,11448.034901211928,7502.938922215459
GGGCAGAGCAATCGTT-1-Topic-3-Cell-3,1,58.0,60.0,11346.102603758962,7545.046556816443
GGGCAGAGCAATCGTT-1-Topic-6-Cell-4,1,58.0,60.0,11482.222799818237,7590.538464003022
GGGCAGAGCAATCGTT-1-Topic-6-Cell-5,1,58.0,60.0,11397.96323848747,7442.685032972941
GGGCAGAGCAATCGTT-1-Topic-6-Cell-6,1,58.0,60.0,11356.3060691529,7631.268914738599
GGGCAGAGCAATCGTT-1-Topic-6-Cell-7,1,58.0,60.0,11530.685395307864,7507.901358761988
GGGCAGGATTTCTGTG-1-Topic-3-Cell-1,1,65.0,7.0,12661.0,2272.0
GGGCAGGATTTCTGTG-1-Topic-3-Cell-2,1,65.0,7.0,12711.46164512635,2216.9157938035496
GGGCAGGATTTCTGTG-1-Topic-3-Cell-3,1,65.0,7.0,12555.757488846692,2281.236268101734
GGGCCCGTCTTAAACA-1-Topic-2-Cell-1,1,42.0,52.0,8650.0,6726.0
GGGCCCGTCTTAAACA-1-Topic-2-Cell-2,1,42.0,52.0,8693.701066596173,6678.295678086574
GGGCCCGTCTTAAACA-1-Topic-3-Cell-3,1,42.0,52.0,8558.857311783167,6733.998842812265
GGGCCCGTCTTAAACA-1-Topic-8-Cell-4,1,42.0,52.0,8738.927405376267,6794.178979353126
GGGCCGGCCGAAGTAC-1-Topic-4-Cell-1,1,36.0,84.0,7590.0,9904.0
GGGCCGGCCGAAGTAC-1-Topic-6-Cell-2,1,36.0,84.0,7629.087422239316,9861.331957352419
GGGCCGGCCGAAGTAC-1-Topic-7-Cell-3,1,36.0,84.0,7508.479501398037,9911.154382507824
GGGCCGGCCGAAGTAC-1-Topic-7-Cell-4,1,36.0,84.0,7669.5390893936055,9964.981132988058
GGGCCGGCCGAAGTAC-1-Topic-9-Cell-5,1,36.0,84.0,7569.841831929245,9790.038594152262
GGGCGATATGTGTGAA-1-Topic-2-Cell-1,1,28.0,58.0,6221.0,7308.0
GGGCGATATGTGTGAA-1-Topic-3-Cell-2,1,28.0,58.0,6260.087422239316,7265.331957352419
GGGCGATATGTGTGAA-1-Topic-6-Cell-3,1,28.0,58.0,6139.479501398037,7315.154382507824
GGGCGATATGTGTGAA-1-Topic-7-Cell-4,1,28.0,58.0,6300.5390893936055,7368.981132988058
GGGCGATATGTGTGAA-1-Topic-7-Cell-5,1,28.0,58.0,6200.841831929245,7194.038594152262
GGGCGGCAAATGAATT-1-Topic-0-Cell-1,1,49.0,45.0,9866.0,6037.0
GGGCGGCAAATGAATT-1-Topic-3-Cell-2,1,49.0,45.0,9905.087422239316,5994.331957352419
GGGCGGCAAATGAATT-1-Topic-5-Cell-3,1,49.0,45.0,9784.479501398038,6044.154382507824
GGGCGGCAAATGAATT-1-Topic-5-Cell-4,1,49.0,45.0,9945.539089393606,6097.981132988058
GGGCGGCAAATGAATT-1-Topic-5-Cell-5,1,49.0,45.0,9845.841831929245,5923.038594152262
GGGCGGGTTCCCTACG-1-Topic-3-Cell-1,1,43.0,37.0,8832.0,5234.0
GGGCGGGTTCCCTACG-1-Topic-3-Cell-2,1,43.0,37.0,8882.46164512635,5178.91579380355
GGGCGGGTTCCCTACG-1-Topic-3-Cell-3,1,43.0,37.0,8726.757488846692,5243.236268101734
GGGCGTACATTTATAT-1-Topic-1-Cell-1,1,24.0,54.0,5531.0,6905.0
GGGCGTACATTTATAT-1-Topic-3-Cell-2,1,24.0,54.0,5561.901320535239,6871.26795048311
GGGCGTACATTTATAT-1-Topic-3-Cell-3,1,24.0,54.0,5466.552387106307,6910.656035994198
GGGCGTACATTTATAT-1-Topic-4-Cell-4,1,24.0,54.0,5593.881171374884,6953.209818634973
GGGCGTACATTTATAT-1-Topic-6-Cell-5,1,24.0,54.0,5515.063568859983,6814.905598041579
GGGCGTACATTTATAT-1-Topic-6-Cell-6,1,24.0,54.0,5476.0968550217885,6991.309666600323
GGGCGTACATTTATAT-1-Topic-6-Cell-7,1,24.0,54.0,5639.213778473883,6875.909884823291
GGGCGTACATTTATAT-1-Topic-6-Cell-8,1,24.0,54.0,5423.588675800891,6849.214635774117
GGGCGTCACCACGTAA-1-Topic-3-Cell-1,1,48.0,50.0,9690.0,6533.0
GGGCGTCACCACGTAA-1-Topic-3-Cell-2,1,48.0,50.0,9733.701066596173,6485.295678086574
GGGCGTCACCACGTAA-1-Topic-5-Cell-3,1,48.0,50.0,9598.857311783167,6540.998842812265
GGGCGTCACCACGTAA-1-Topic-6-Cell-4,1,48.0,50.0,9778.927405376267,6601.178979353126
GGGCGTCCACTGGCTC-1-Topic-3-Cell-1,1,16.0,84.0,4127.0,9882.0
GGGCGTCCACTGGCTC-1-Topic-3-Cell-2,1,16.0,84.0,4162.6817714586705,9843.049584262211
GGGCGTCCACTGGCTC-1-Topic-3-Cell-3,1,16.0,84.0,4052.582306694395,9888.531027807592
GGGCGTCCACTGGCTC-1-Topic-6-Cell-4,1,16.0,84.0,4199.608922440497,9937.667903532969
GGGCGTCCACTGGCTC-1-Topic-6-Cell-5,1,16.0,84.0,4108.598194382778,9777.967945553655
GGGCGTCCACTGGCTC-1-Topic-7-Cell-6,1,16.0,84.0,4063.603308934945,9981.661818490727
GGGCGTGGTTTCCCAG-1-Topic-3-Cell-1,1,61.0,81.0,11922.0,9633.0
GGGCGTGGTTTCCCAG-1-Topic-6-Cell-2,1,61.0,81.0,11955.034901211928,9596.938922215459
GGGCGTGGTTTCCCAG-1-Topic-6-Cell-3,1,61.0,81.0,11853.102603758962,9639.046556816444
GGGCGTGGTTTCCCAG-1-Topic-6-Cell-4,1,61.0,81.0,11989.222799818237,9684.538464003022
GGGCGTGGTTTCCCAG-1-Topic-7-Cell-5,1,61.0,81.0,11904.96323848747,9536.68503297294
GGGCGTGGTTTCCCAG-1-Topic-7-Cell-6,1,61.0,81.0,11863.3060691529,9725.268914738599
GGGCGTGGTTTCCCAG-1-Topic-7-Cell-7,1,61.0,81.0,12037.685395307864,9601.901358761988
GGGCTATGATCGATGG-1-Topic-0-Cell-1,1,57.0,51.0,11248.0,6643.0
GGGCTATGATCGATGG-1-Topic-0-Cell-2,1,57.0,51.0,11291.701066596173,6595.295678086574
GGGCTATGATCGATGG-1-Topic-3-Cell-3,1,57.0,51.0,11156.857311783167,6650.998842812265
GGGCTATGATCGATGG-1-Topic-7-Cell-4,1,57.0,51.0,11336.927405376267,6711.178979353126
GGGCTCATCGAACCCA-1-Topic-4-Cell-1,1,25.0,89.0,5682.0,10390.0
GGGCTCATCGAACCCA-1-Topic-7-Cell-2,1,25.0,89.0,5721.087422239316,10347.331957352419
GGGCTCATCGAACCCA-1-Topic-7-Cell-3,1,25.0,89.0,5600.479501398037,10397.154382507824
GGGCTCATCGAACCCA-1-Topic-7-Cell-4,1,25.0,89.0,5761.5390893936055,10450.981132988058
GGGCTCATCGAACCCA-1-Topic-9-Cell-5,1,25.0,89.0,5661.841831929245,10276.038594152262
GGGCTGCCTAGGGCGA-1-Topic-6-Cell-1,1,33.0,69.0,7080.0,8408.0
GGGCTGCCTAGGGCGA-1-Topic-6-Cell-2,1,33.0,69.0,7123.701066596173,8360.295678086573
GGGCTGCCTAGGGCGA-1-Topic-7-Cell-3,1,33.0,69.0,6988.8573117831675,8415.998842812265
GGGCTGCCTAGGGCGA-1-Topic-7-Cell-4,1,33.0,69.0,7168.927405376267,8476.178979353126
GGGCTGGTTAGTCGCG-1-Topic-1-Cell-1,1,31.0,51.0,6745.0,6614.0
GGGCTGGTTAGTCGCG-1-Topic-3-Cell-2,1,31.0,51.0,6788.701066596173,6566.295678086574
GGGCTGGTTAGTCGCG-1-Topic-3-Cell-3,1,31.0,51.0,6653.8573117831675,6621.998842812265
GGGCTGGTTAGTCGCG-1-Topic-6-Cell-4,1,31.0,51.0,6833.927405376267,6682.178979353126
GGGTACTTCATGAACT-1-Topic-3-Cell-1,1,37.0,39.0,7792.0,5426.0
GGGTACTTCATGAACT-1-Topic-3-Cell-2,1,37.0,39.0,7835.701066596173,5378.295678086574
GGGTACTTCATGAACT-1-Topic-3-Cell-3,1,37.0,39.0,7700.8573117831675,5433.998842812265
GGGTACTTCATGAACT-1-Topic-3-Cell-4,1,37.0,39.0,7880.927405376267,5494.178979353126
GGGTATGTATGCACTT-1-Topic-3-Cell-1,1,28.0,28.0,6240.0,4322.0
GGGTATGTATGCACTT-1-Topic-3-Cell-2,1,28.0,28.0,6283.701066596173,4274.295678086574
GGGTATGTATGCACTT-1-Topic-5-Cell-3,1,28.0,28.0,6148.8573117831675,4329.998842812265
GGGTATGTATGCACTT-1-Topic-5-Cell-4,1,28.0,28.0,6328.927405376267,4390.178979353126
GGGTATTCTAGCAAAC-1-Topic-3-Cell-1,1,55.0,15.0,10924.0,3057.0
GGGTATTCTAGCAAAC-1-Topic-3-Cell-2,1,55.0,15.0,10985.802641070479,2989.5359009662207
GGGTCACCGTGACGGT-1-Topic-2-Cell-1,1,35.0,47.0,7440.0,6221.0
GGGTCACCGTGACGGT-1-Topic-3-Cell-2,1,35.0,47.0,7483.701066596173,6173.295678086574
GGGTCACCGTGACGGT-1-Topic-3-Cell-3,1,35.0,47.0,7348.8573117831675,6228.998842812265
GGGTCACCGTGACGGT-1-Topic-6-Cell-4,1,35.0,47.0,7528.927405376267,6289.178979353126
GGGTCAGGAGCTAGAT-1-Topic-2-Cell-1,1,65.0,55.0,12631.0,7049.0
GGGTCAGGAGCTAGAT-1-Topic-3-Cell-2,1,65.0,55.0,12681.46164512635,6993.91579380355
GGGTCAGGAGCTAGAT-1-Topic-5-Cell-3,1,65.0,55.0,12525.757488846692,7058.236268101734
GGGTCGTGGCAAGTGT-1-Topic-2-Cell-1,1,25.0,107.0,5671.0,12181.0
GGGTCGTGGCAAGTGT-1-Topic-3-Cell-2,1,25.0,107.0,5714.701066596173,12133.295678086573
GGGTCGTGGCAAGTGT-1-Topic-6-Cell-3,1,25.0,107.0,5579.8573117831675,12188.998842812265
GGGTCGTGGCAAGTGT-1-Topic-6-Cell-4,1,25.0,107.0,5759.927405376267,12249.178979353126
GGGTGACACCTTAACT-1-Topic-3-Cell-1,1,46.0,56.0,9340.0,7128.0
GGGTGACACCTTAACT-1-Topic-3-Cell-2,1,46.0,56.0,9379.087422239316,7085.331957352419
GGGTGACACCTTAACT-1-Topic-3-Cell-3,1,46.0,56.0,9258.479501398038,7135.154382507824
GGGTGACACCTTAACT-1-Topic-5-Cell-4,1,46.0,56.0,9419.539089393606,7188.981132988058
GGGTGACACCTTAACT-1-Topic-5-Cell-5,1,46.0,56.0,9319.841831929245,7014.038594152262
GGGTTAACATTTGAGT-1-Topic-3-Cell-1,1,54.0,50.0,10729.0,6540.0
GGGTTAACATTTGAGT-1-Topic-3-Cell-2,1,54.0,50.0,10768.087422239316,6497.331957352419
GGGTTAACATTTGAGT-1-Topic-3-Cell-3,1,54.0,50.0,10647.479501398038,6547.154382507824
GGGTTAACATTTGAGT-1-Topic-3-Cell-4,1,54.0,50.0,10808.539089393606,6600.981132988058
GGGTTAACATTTGAGT-1-Topic-7-Cell-5,1,54.0,50.0,10708.841831929245,6426.038594152262
GGGTTCAGACGAACAA-1-Topic-6-Cell-1,1,19.0,19.0,4687.0,3416.0
GGGTTTAGGATAGGAT-1-Topic-4-Cell-1,1,43.0,107.0,8788.0,12201.0
GGGTTTAGGATAGGAT-1-Topic-9-Cell-2,1,43.0,107.0,8849.802641070479,12133.53590096622
GGTAACCGGGAGGATA-1-Topic-0-Cell-1,1,57.0,27.0,11263.0,4254.0
GGTAACCGGGAGGATA-1-Topic-3-Cell-2,1,57.0,27.0,11324.802641070479,4186.535900966221
GGTACAAACATGCTAT-1-Topic-3-Cell-1,1,40.0,54.0,8302.0,6923.0
GGTACAAACATGCTAT-1-Topic-3-Cell-2,1,40.0,54.0,8345.701066596173,6875.295678086574
GGTACAAACATGCTAT-1-Topic-3-Cell-3,1,40.0,54.0,8210.857311783167,6930.998842812265
GGTACAAACATGCTAT-1-Topic-3-Cell-4,1,40.0,54.0,8390.927405376267,6991.178979353126
GGTACCATTAAGACGG-1-Topic-4-Cell-1,1,29.0,105.0,6365.0,11987.0
GGTACCATTAAGACGG-1-Topic-6-Cell-2,1,29.0,105.0,6400.6817714586705,11948.049584262211
GGTACCATTAAGACGG-1-Topic-6-Cell-3,1,29.0,105.0,6290.582306694395,11993.531027807592
GGTACCATTAAGACGG-1-Topic-7-Cell-4,1,29.0,105.0,6437.608922440497,12042.667903532969
GGTACCATTAAGACGG-1-Topic-7-Cell-5,1,29.0,105.0,6346.598194382778,11882.967945553655
GGTACCATTAAGACGG-1-Topic-8-Cell-6,1,29.0,105.0,6301.603308934945,12086.661818490727
GGTAGAAGACCGCCTG-1-Topic-6-Cell-1,1,53.0,71.0,10543.0,8629.0
GGTAGAAGACCGCCTG-1-Topic-6-Cell-2,1,53.0,71.0,10578.68177145867,8590.049584262211
GGTAGAAGACCGCCTG-1-Topic-6-Cell-3,1,53.0,71.0,10468.582306694394,8635.531027807592
GGTAGAAGACCGCCTG-1-Topic-6-Cell-4,1,53.0,71.0,10615.608922440497,8684.667903532969
GGTAGAAGACCGCCTG-1-Topic-6-Cell-5,1,53.0,71.0,10524.59819438278,8524.967945553655
GGTAGAAGACCGCCTG-1-Topic-6-Cell-6,1,53.0,71.0,10479.603308934946,8728.661818490727
GGTAGACCGTTGGGCG-1-Topic-0-Cell-1,1,53.0,53.0,10554.0,6837.0
GGTAGACCGTTGGGCG-1-Topic-3-Cell-2,1,53.0,53.0,10597.701066596173,6789.295678086574
GGTAGACCGTTGGGCG-1-Topic-4-Cell-3,1,53.0,53.0,10462.857311783167,6844.998842812265
GGTAGACCGTTGGGCG-1-Topic-4-Cell-4,1,53.0,53.0,10642.927405376267,6905.178979353126
GGTAGTGCTCGCACCA-1-Topic-4-Cell-1,1,34.0,72.0,7252.0,8708.0
GGTAGTGCTCGCACCA-1-Topic-4-Cell-2,1,34.0,72.0,7287.6817714586705,8669.049584262211
GGTAGTGCTCGCACCA-1-Topic-4-Cell-3,1,34.0,72.0,7177.582306694395,8714.531027807592
GGTAGTGCTCGCACCA-1-Topic-4-Cell-4,1,34.0,72.0,7324.608922440497,8763.667903532969
GGTAGTGCTCGCACCA-1-Topic-4-Cell-5,1,34.0,72.0,7233.598194382778,8603.967945553655
GGTAGTGCTCGCACCA-1-Topic-9-Cell-6,1,34.0,72.0,7188.603308934945,8807.661818490727
GGTATAGTGACACATA-1-Topic-4-Cell-1,1,34.0,114.0,7225.0,12888.0
GGTATAGTGACACATA-1-Topic-9-Cell-2,1,34.0,114.0,7275.461645126349,12832.91579380355
GGTATAGTGACACATA-1-Topic-9-Cell-3,1,34.0,114.0,7119.757488846692,12897.236268101733
GGTATTGCCGAGTTTA-1-Topic-2-Cell-1,1,33.0,53.0,7090.0,6816.0
GGTATTGCCGAGTTTA-1-Topic-3-Cell-2,1,33.0,53.0,7125.6817714586705,6777.049584262212
GGTATTGCCGAGTTTA-1-Topic-3-Cell-3,1,33.0,53.0,7015.582306694395,6822.531027807593
GGTATTGCCGAGTTTA-1-Topic-3-Cell-4,1,33.0,53.0,7162.608922440497,6871.66790353297
GGTATTGCCGAGTTTA-1-Topic-3-Cell-5,1,33.0,53.0,7071.598194382778,6711.967945553654
GGTATTGCCGAGTTTA-1-Topic-7-Cell-6,1,33.0,53.0,7026.603308934945,6915.6618184907275
GGTCAAGACTACTTCG-1-Topic-4-Cell-1,1,53.0,105.0,10521.0,12013.0
GGTCAAGACTACTTCG-1-Topic-6-Cell-2,1,53.0,105.0,10556.68177145867,11974.049584262211
GGTCAAGACTACTTCG-1-Topic-6-Cell-3,1,53.0,105.0,10446.582306694394,12019.531027807592
GGTCAAGACTACTTCG-1-Topic-6-Cell-4,1,53.0,105.0,10593.608922440497,12068.667903532969
GGTCAAGACTACTTCG-1-Topic-7-Cell-5,1,53.0,105.0,10502.59819438278,11908.967945553655
GGTCAAGACTACTTCG-1-Topic-8-Cell-6,1,53.0,105.0,10457.603308934946,12112.661818490727
GGTCAGTGGGTCCCAC-1-Topic-4-Cell-1,1,48.0,62.0,9682.0,7728.0
GGTCAGTGGGTCCCAC-1-Topic-6-Cell-2,1,48.0,62.0,9717.68177145867,7689.049584262212
GGTCAGTGGGTCCCAC-1-Topic-6-Cell-3,1,48.0,62.0,9607.582306694394,7734.531027807593
GGTCAGTGGGTCCCAC-1-Topic-6-Cell-4,1,48.0,62.0,9754.608922440497,7783.66790353297
GGTCAGTGGGTCCCAC-1-Topic-6-Cell-5,1,48.0,62.0,9663.59819438278,7623.967945553654
GGTCAGTGGGTCCCAC-1-Topic-6-Cell-6,1,48.0,62.0,9618.603308934946,7827.6618184907275
GGTCGGATAAACGGCG-1-Topic-6-Cell-1,1,23.0,97.0,5331.0,11184.0
GGTCGGATAAACGGCG-1-Topic-6-Cell-2,1,23.0,97.0,5374.701066596173,11136.295678086573
GGTCGGATAAACGGCG-1-Topic-8-Cell-3,1,23.0,97.0,5239.8573117831675,11191.998842812265
GGTCGGATAAACGGCG-1-Topic-8-Cell-4,1,23.0,97.0,5419.927405376267,11252.178979353126
GGTCGGCCAGGAGCTT-1-Topic-4-Cell-1,1,32.0,84.0,6898.0,9900.0
GGTCGGCCAGGAGCTT-1-Topic-6-Cell-2,1,32.0,84.0,6933.6817714586705,9861.049584262211
GGTCGGCCAGGAGCTT-1-Topic-6-Cell-3,1,32.0,84.0,6823.582306694395,9906.531027807592
GGTCGGCCAGGAGCTT-1-Topic-6-Cell-4,1,32.0,84.0,6970.608922440497,9955.667903532969
GGTCGGCCAGGAGCTT-1-Topic-7-Cell-5,1,32.0,84.0,6879.598194382778,9795.967945553655
GGTCGGCCAGGAGCTT-1-Topic-9-Cell-6,1,32.0,84.0,6834.603308934945,9999.661818490727
GGTCGGTCGTCCACAG-1-Topic-3-Cell-1,1,56.0,52.0,11074.0,6741.0
GGTCGGTCGTCCACAG-1-Topic-3-Cell-2,1,56.0,52.0,11107.034901211928,6704.938922215459
GGTCGGTCGTCCACAG-1-Topic-3-Cell-3,1,56.0,52.0,11005.102603758962,6747.046556816443
GGTCGGTCGTCCACAG-1-Topic-3-Cell-4,1,56.0,52.0,11141.222799818237,6792.538464003022
GGTCGGTCGTCCACAG-1-Topic-3-Cell-5,1,56.0,52.0,11056.96323848747,6644.685032972941
GGTCGGTCGTCCACAG-1-Topic-7-Cell-6,1,56.0,52.0,11015.3060691529,6833.268914738599
GGTCGGTCGTCCACAG-1-Topic-7-Cell-7,1,56.0,52.0,11189.685395307864,6709.901358761988
GGTCGTAAGCTCGCAC-1-Topic-0-Cell-1,1,49.0,19.0,9882.0,3449.0
GGTCGTAAGCTCGCAC-1-Topic-0-Cell-2,1,49.0,19.0,9925.701066596173,3401.295678086574
GGTCGTAAGCTCGCAC-1-Topic-3-Cell-3,1,49.0,19.0,9790.857311783167,3456.998842812265
GGTCGTAAGCTCGCAC-1-Topic-3-Cell-4,1,49.0,19.0,9970.927405376267,3517.178979353126
GGTCTCCGTCCAGGTT-1-Topic-2-Cell-1,1,63.0,101.0,12256.0,11626.0
GGTCTCCGTCCAGGTT-1-Topic-6-Cell-2,1,63.0,101.0,12295.087422239316,11583.331957352419
GGTCTCCGTCCAGGTT-1-Topic-6-Cell-3,1,63.0,101.0,12174.479501398038,11633.154382507824
GGTCTCCGTCCAGGTT-1-Topic-6-Cell-4,1,63.0,101.0,12335.539089393606,11686.981132988058
GGTCTCCGTCCAGGTT-1-Topic-7-Cell-5,1,63.0,101.0,12235.841831929245,11512.038594152262
GGTCTCTGAATGGACT-1-Topic-3-Cell-1,1,52.0,34.0,10393.0,4945.0
GGTCTGAGAATCTGGA-1-Topic-2-Cell-1,1,30.0,80.0,6554.0,9500.0
GGTCTGAGAATCTGGA-1-Topic-3-Cell-2,1,30.0,80.0,6597.701066596173,9452.295678086573
GGTCTGAGAATCTGGA-1-Topic-6-Cell-3,1,30.0,80.0,6462.8573117831675,9507.998842812265
GGTCTGAGAATCTGGA-1-Topic-7-Cell-4,1,30.0,80.0,6642.927405376267,9568.178979353126
GGTCTTGAGCGCTCTT-1-Topic-3-Cell-1,1,65.0,65.0,12625.0,8045.0
GGTCTTGAGCGCTCTT-1-Topic-3-Cell-2,1,65.0,65.0,12664.087422239316,8002.331957352419
GGTCTTGAGCGCTCTT-1-Topic-5-Cell-3,1,65.0,65.0,12543.479501398038,8052.154382507824
GGTCTTGAGCGCTCTT-1-Topic-5-Cell-4,1,65.0,65.0,12704.539089393606,8105.981132988058
GGTCTTGAGCGCTCTT-1-Topic-7-Cell-5,1,65.0,65.0,12604.841831929245,7931.038594152262
GGTGAAGTACAGGGAT-1-Topic-5-Cell-1,1,47.0,37.0,9525.0,5238.0
GGTGAGATGCAGATAA-1-Topic-0-Cell-1,1,16.0,36.0,4157.0,5105.0
GGTGAGATGCAGATAA-1-Topic-0-Cell-2,1,16.0,36.0,4196.087422239316,5062.331957352419
GGTGAGATGCAGATAA-1-Topic-0-Cell-3,1,16.0,36.0,4075.479501398038,5112.154382507824
GGTGAGATGCAGATAA-1-Topic-0-Cell-4,1,16.0,36.0,4236.5390893936055,5165.981132988058
GGTGAGATGCAGATAA-1-Topic-3-Cell-5,1,16.0,36.0,4136.841831929245,4991.038594152262
GGTGATAAGGAGCAGT-1-Topic-7-Cell-1,1,37.0,79.0,7767.0,9408.0
GGTGATAAGGAGCAGT-1-Topic-7-Cell-2,1,37.0,79.0,7806.087422239316,9365.331957352419
GGTGATAAGGAGCAGT-1-Topic-8-Cell-3,1,37.0,79.0,7685.479501398037,9415.154382507824
GGTGATAAGGAGCAGT-1-Topic-8-Cell-4,1,37.0,79.0,7846.5390893936055,9468.981132988058
GGTGATAAGGAGCAGT-1-Topic-8-Cell-5,1,37.0,79.0,7746.841831929245,9294.038594152262
GGTGCATAAATGATTA-1-Topic-0-Cell-1,1,67.0,47.0,12982.0,6255.0
GGTGCATAAATGATTA-1-Topic-0-Cell-2,1,67.0,47.0,13025.701066596173,6207.295678086574
GGTGCATAAATGATTA-1-Topic-3-Cell-3,1,67.0,47.0,12890.857311783167,6262.998842812265
GGTGCATAAATGATTA-1-Topic-3-Cell-4,1,67.0,47.0,13070.927405376267,6323.178979353126
GGTGCGGATAAGTGGC-1-Topic-2-Cell-1,1,16.0,46.0,4151.0,6100.0
GGTGCGGATAAGTGGC-1-Topic-3-Cell-2,1,16.0,46.0,4201.461645126349,6044.91579380355
GGTGCGGATAAGTGGC-1-Topic-3-Cell-3,1,16.0,46.0,4045.7574888466916,6109.236268101734
GGTGCTGATCACAAAG-1-Topic-0-Cell-1,1,27.0,21.0,6071.0,3624.0
GGTGCTGATCACAAAG-1-Topic-0-Cell-2,1,27.0,21.0,6110.087422239316,3581.3319573524186
GGTGCTGATCACAAAG-1-Topic-0-Cell-3,1,27.0,21.0,5989.479501398037,3631.1543825078243
GGTGCTGATCACAAAG-1-Topic-5-Cell-4,1,27.0,21.0,6150.5390893936055,3684.9811329880577
GGTGCTGATCACAAAG-1-Topic-6-Cell-5,1,27.0,21.0,6050.841831929245,3510.0385941522622
GGTGCTGGTACACATT-1-Topic-3-Cell-1,1,42.0,46.0,8653.0,6129.0
GGTGGACTGCTCTGGC-1-Topic-6-Cell-1,1,55.0,85.0,10880.0,10024.0
GGTGGACTGCTCTGGC-1-Topic-6-Cell-2,1,55.0,85.0,10915.68177145867,9985.049584262211
GGTGGACTGCTCTGGC-1-Topic-7-Cell-3,1,55.0,85.0,10805.582306694394,10030.531027807592
GGTGGACTGCTCTGGC-1-Topic-7-Cell-4,1,55.0,85.0,10952.608922440497,10079.667903532969
GGTGGACTGCTCTGGC-1-Topic-7-Cell-5,1,55.0,85.0,10861.59819438278,9919.967945553655
GGTGGACTGCTCTGGC-1-Topic-7-Cell-6,1,55.0,85.0,10816.603308934946,10123.661818490727
GGTTACCACCCTCGGG-1-Topic-0-Cell-1,1,45.0,33.0,9181.0,4838.0
GGTTACCACCCTCGGG-1-Topic-3-Cell-2,1,45.0,33.0,9231.46164512635,4782.91579380355
GGTTACCACCCTCGGG-1-Topic-5-Cell-3,1,45.0,33.0,9075.757488846692,4847.236268101734
GGTTAGCTATATGTCT-1-Topic-9-Cell-1,1,47.0,87.0,9494.0,10215.0
GGTTAGCTATATGTCT-1-Topic-9-Cell-2,1,47.0,87.0,9555.802641070479,10147.53590096622
GGTTAGGCTTGGAGAA-1-Topic-1-Cell-1,1,28.0,36.0,6235.0,5118.0
GGTTAGGCTTGGAGAA-1-Topic-5-Cell-2,1,28.0,36.0,6274.087422239316,5075.331957352419
GGTTAGGCTTGGAGAA-1-Topic-6-Cell-3,1,28.0,36.0,6153.479501398037,5125.154382507824
GGTTAGGCTTGGAGAA-1-Topic-7-Cell-4,1,28.0,36.0,6314.5390893936055,5178.981132988058
GGTTAGGCTTGGAGAA-1-Topic-8-Cell-5,1,28.0,36.0,6214.841831929245,5004.038594152262
GGTTAGTTACGGCGCC-1-Topic-0-Cell-1,1,27.0,23.0,6070.0,3823.0
GGTTAGTTACGGCGCC-1-Topic-7-Cell-2,1,27.0,23.0,6131.802641070479,3755.5359009662207
GGTTCTACTCGTCTGA-1-Topic-4-Cell-1,1,39.0,105.0,8097.0,11998.0
GGTTCTACTCGTCTGA-1-Topic-4-Cell-2,1,39.0,105.0,8140.701066596173,11950.295678086573
GGTTCTACTCGTCTGA-1-Topic-9-Cell-3,1,39.0,105.0,8005.8573117831675,12005.998842812265
GGTTCTACTCGTCTGA-1-Topic-9-Cell-4,1,39.0,105.0,8185.927405376267,12066.178979353126
GGTTGTGTAGCCTGGC-1-Topic-0-Cell-1,1,33.0,13.0,7115.0,2834.0
GGTTGTGTAGCCTGGC-1-Topic-3-Cell-2,1,33.0,13.0,7165.461645126349,2778.9157938035496
GGTTGTGTAGCCTGGC-1-Topic-9-Cell-3,1,33.0,13.0,7009.757488846692,2843.236268101734
GGTTTAATTACCATCG-1-Topic-3-Cell-1,1,63.0,39.0,12294.0,5455.0
GGTTTAATTACCATCG-1-Topic-3-Cell-2,1,63.0,39.0,12355.802641070479,5387.535900966221
GGTTTACAATCTCAAT-1-Topic-2-Cell-1,1,25.0,73.0,5692.0,8797.0
GGTTTACAATCTCAAT-1-Topic-6-Cell-2,1,25.0,73.0,5731.087422239316,8754.331957352419
GGTTTACAATCTCAAT-1-Topic-7-Cell-3,1,25.0,73.0,5610.479501398037,8804.154382507824
GGTTTACAATCTCAAT-1-Topic-7-Cell-4,1,25.0,73.0,5771.5390893936055,8857.981132988058
GGTTTACAATCTCAAT-1-Topic-8-Cell-5,1,25.0,73.0,5671.841831929245,8683.038594152262
GGTTTAGCCTTTCTTG-1-Topic-6-Cell-1,1,46.0,102.0,9311.0,11707.0
GGTTTAGCCTTTCTTG-1-Topic-6-Cell-2,1,46.0,102.0,9346.68177145867,11668.049584262211
GGTTTAGCCTTTCTTG-1-Topic-7-Cell-3,1,46.0,102.0,9236.582306694394,11713.531027807592
GGTTTAGCCTTTCTTG-1-Topic-9-Cell-4,1,46.0,102.0,9383.608922440497,11762.667903532969
GGTTTAGCCTTTCTTG-1-Topic-9-Cell-5,1,46.0,102.0,9292.59819438278,11602.967945553655
GGTTTAGCCTTTCTTG-1-Topic-9-Cell-6,1,46.0,102.0,9247.603308934946,11806.661818490727
GGTTTCAATCGGTCAG-1-Topic-6-Cell-1,1,33.0,91.0,7067.0,10598.0
GGTTTCAATCGGTCAG-1-Topic-6-Cell-2,1,33.0,91.0,7110.701066596173,10550.295678086573
GGTTTCAATCGGTCAG-1-Topic-6-Cell-3,1,33.0,91.0,6975.8573117831675,10605.998842812265
GGTTTCAATCGGTCAG-1-Topic-7-Cell-4,1,33.0,91.0,7155.927405376267,10666.178979353126
GGTTTGTGACCTGAGG-1-Topic-2-Cell-1,1,61.0,105.0,11907.0,12022.0
GGTTTGTGACCTGAGG-1-Topic-6-Cell-2,1,61.0,105.0,11957.46164512635,11966.91579380355
GGTTTGTGACCTGAGG-1-Topic-7-Cell-3,1,61.0,105.0,11801.757488846692,12031.236268101733
GTAACTGCCCAAGGAG-1-Topic-0-Cell-1,1,66.0,46.0,12810.0,6155.0
GTAACTGCCCAAGGAG-1-Topic-3-Cell-2,1,66.0,46.0,12871.802641070479,6087.535900966221
GTAAGCGGGCAGTCAG-1-Topic-3-Cell-1,1,23.0,63.0,5352.0,7800.0
GTAAGCGGGCAGTCAG-1-Topic-4-Cell-2,1,23.0,63.0,5402.461645126349,7744.91579380355
GTAAGCGGGCAGTCAG-1-Topic-7-Cell-3,1,23.0,63.0,5246.757488846692,7809.236268101734
GTAAGTAACAGTCTGG-1-Topic-4-Cell-1,1,40.0,82.0,8284.0,9710.0
GTAAGTAACAGTCTGG-1-Topic-4-Cell-2,1,40.0,82.0,8317.034901211928,9673.938922215459
GTAAGTAACAGTCTGG-1-Topic-4-Cell-3,1,40.0,82.0,8215.102603758962,9716.046556816444
GTAAGTAACAGTCTGG-1-Topic-4-Cell-4,1,40.0,82.0,8351.222799818237,9761.538464003022
GTAAGTAACAGTCTGG-1-Topic-4-Cell-5,1,40.0,82.0,8266.96323848747,9613.68503297294
GTAAGTAACAGTCTGG-1-Topic-6-Cell-6,1,40.0,82.0,8225.3060691529,9802.268914738599
GTAAGTAACAGTCTGG-1-Topic-6-Cell-7,1,40.0,82.0,8399.685395307864,9678.901358761988
GTAAGTAGGGTATACC-1-Topic-0-Cell-1,1,26.0,36.0,5889.0,5116.0
GTAAGTAGGGTATACC-1-Topic-2-Cell-2,1,26.0,36.0,5922.034901211928,5079.938922215459
GTAAGTAGGGTATACC-1-Topic-4-Cell-3,1,26.0,36.0,5820.102603758962,5122.046556816443
GTAAGTAGGGTATACC-1-Topic-5-Cell-4,1,26.0,36.0,5956.222799818238,5167.538464003022
GTAAGTAGGGTATACC-1-Topic-6-Cell-5,1,26.0,36.0,5871.9632384874685,5019.685032972941
GTAAGTAGGGTATACC-1-Topic-7-Cell-6,1,26.0,36.0,5830.306069152901,5208.268914738599
GTAAGTAGGGTATACC-1-Topic-7-Cell-7,1,26.0,36.0,6004.685395307864,5084.901358761988
GTAATCTGATTCTTCG-1-Topic-0-Cell-1,1,50.0,44.0,10040.0,5938.0
GTAATCTGATTCTTCG-1-Topic-0-Cell-2,1,50.0,44.0,10075.68177145867,5899.049584262212
GTAATCTGATTCTTCG-1-Topic-0-Cell-3,1,50.0,44.0,9965.582306694394,5944.531027807593
GTAATCTGATTCTTCG-1-Topic-3-Cell-4,1,50.0,44.0,10112.608922440497,5993.66790353297
GTAATCTGATTCTTCG-1-Topic-3-Cell-5,1,50.0,44.0,10021.59819438278,5833.967945553654
GTAATCTGATTCTTCG-1-Topic-5-Cell-6,1,50.0,44.0,9976.603308934946,6037.6618184907275
GTACACTTACCTGAAG-1-Topic-0-Cell-1,1,36.0,64.0,7603.0,7914.0
GTACACTTACCTGAAG-1-Topic-3-Cell-2,1,36.0,64.0,7642.087422239316,7871.331957352419
GTACACTTACCTGAAG-1-Topic-3-Cell-3,1,36.0,64.0,7521.479501398037,7921.154382507824
GTACACTTACCTGAAG-1-Topic-3-Cell-4,1,36.0,64.0,7682.5390893936055,7974.981132988058
GTACACTTACCTGAAG-1-Topic-9-Cell-5,1,36.0,64.0,7582.841831929245,7800.038594152262
GTACAGAGGCAAGGGT-1-Topic-4-Cell-1,1,37.0,83.0,7764.0,9806.0
GTACAGAGGCAAGGGT-1-Topic-4-Cell-2,1,37.0,83.0,7803.087422239316,9763.331957352419
GTACAGAGGCAAGGGT-1-Topic-4-Cell-3,1,37.0,83.0,7682.479501398037,9813.154382507824
GTACAGAGGCAAGGGT-1-Topic-6-Cell-4,1,37.0,83.0,7843.5390893936055,9866.981132988058
GTACAGAGGCAAGGGT-1-Topic-6-Cell-5,1,37.0,83.0,7743.841831929245,9692.038594152262
GTACGAGATTGCGACA-1-Topic-2-Cell-1,1,21.0,57.0,5010.0,7201.0
GTACGAGATTGCGACA-1-Topic-4-Cell-2,1,21.0,57.0,5060.461645126349,7145.91579380355
GTACGAGATTGCGACA-1-Topic-7-Cell-3,1,21.0,57.0,4904.757488846692,7210.236268101734
GTACGCTTCATTGCAC-1-Topic-2-Cell-1,1,46.0,72.0,9330.0,8721.0
GTACGCTTCATTGCAC-1-Topic-7-Cell-2,1,46.0,72.0,9369.087422239316,8678.331957352419
GTACGCTTCATTGCAC-1-Topic-7-Cell-3,1,46.0,72.0,9248.479501398038,8728.154382507824
GTACGCTTCATTGCAC-1-Topic-7-Cell-4,1,46.0,72.0,9409.539089393606,8781.981132988058
GTACGCTTCATTGCAC-1-Topic-7-Cell-5,1,46.0,72.0,9309.841831929245,8607.038594152262
GTACGTTTGCCCGTCA-1-Topic-3-Cell-1,1,44.0,68.0,8986.0,8320.0
GTACGTTTGCCCGTCA-1-Topic-3-Cell-2,1,44.0,68.0,9025.087422239316,8277.331957352419
GTACGTTTGCCCGTCA-1-Topic-4-Cell-3,1,44.0,68.0,8904.479501398038,8327.154382507824
GTACGTTTGCCCGTCA-1-Topic-6-Cell-4,1,44.0,68.0,9065.539089393606,8380.981132988058
GTACGTTTGCCCGTCA-1-Topic-9-Cell-5,1,44.0,68.0,8965.841831929245,8206.038594152262
GTACTAAGATTTGGAG-1-Topic-6-Cell-1,1,27.0,55.0,6050.0,7008.0
GTACTAAGATTTGGAG-1-Topic-6-Cell-2,1,27.0,55.0,6089.087422239316,6965.331957352419
GTACTAAGATTTGGAG-1-Topic-6-Cell-3,1,27.0,55.0,5968.479501398037,7015.154382507824
GTACTAAGATTTGGAG-1-Topic-7-Cell-4,1,27.0,55.0,6129.5390893936055,7068.981132988058
GTACTAAGATTTGGAG-1-Topic-7-Cell-5,1,27.0,55.0,6029.841831929245,6894.038594152262
GTACTCCCTTATCGCT-1-Topic-3-Cell-1,1,36.0,28.0,7625.0,4331.0
GTACTCCCTTATCGCT-1-Topic-3-Cell-2,1,36.0,28.0,7668.701066596173,4283.295678086574
GTACTCCCTTATCGCT-1-Topic-3-Cell-3,1,36.0,28.0,7533.8573117831675,4338.998842812265
GTACTCCCTTATCGCT-1-Topic-3-Cell-4,1,36.0,28.0,7713.927405376267,4399.178979353126
GTACTCCTGGGTATGC-1-Topic-6-Cell-1,1,26.0,102.0,5847.0,11685.0
GTACTCCTGGGTATGC-1-Topic-6-Cell-2,1,26.0,102.0,5882.6817714586705,11646.049584262211
GTACTCCTGGGTATGC-1-Topic-6-Cell-3,1,26.0,102.0,5772.582306694395,11691.531027807592
GTACTCCTGGGTATGC-1-Topic-6-Cell-4,1,26.0,102.0,5919.608922440497,11740.667903532969
GTACTCCTGGGTATGC-1-Topic-6-Cell-5,1,26.0,102.0,5828.598194382778,11580.967945553655
GTACTCCTGGGTATGC-1-Topic-6-Cell-6,1,26.0,102.0,5783.603308934945,11784.661818490727
GTACTGGAGTTAGACC-1-Topic-2-Cell-1,1,33.0,81.0,7073.0,9602.0
GTACTGGAGTTAGACC-1-Topic-7-Cell-2,1,33.0,81.0,7108.6817714586705,9563.049584262211
GTACTGGAGTTAGACC-1-Topic-7-Cell-3,1,33.0,81.0,6998.582306694395,9608.531027807592
GTACTGGAGTTAGACC-1-Topic-7-Cell-4,1,33.0,81.0,7145.608922440497,9657.667903532969
GTACTGGAGTTAGACC-1-Topic-7-Cell-5,1,33.0,81.0,7054.598194382778,9497.967945553655
GTACTGGAGTTAGACC-1-Topic-7-Cell-6,1,33.0,81.0,7009.603308934945,9701.661818490727
GTACTTGGGCACTTCT-1-Topic-0-Cell-1,1,17.0,33.0,4332.0,4808.0
GTACTTGGGCACTTCT-1-Topic-0-Cell-2,1,17.0,33.0,4375.701066596173,4760.295678086574
GTACTTGGGCACTTCT-1-Topic-5-Cell-3,1,17.0,33.0,4240.8573117831675,4815.998842812265
GTACTTGGGCACTTCT-1-Topic-5-Cell-4,1,17.0,33.0,4420.927405376267,4876.178979353126
GTAGACACGCCTGACT-1-Topic-3-Cell-1,1,63.0,67.0,12277.0,8242.0
GTAGACACGCCTGACT-1-Topic-5-Cell-2,1,63.0,67.0,12316.087422239316,8199.331957352419
GTAGACACGCCTGACT-1-Topic-5-Cell-3,1,63.0,67.0,12195.479501398038,8249.154382507824
GTAGACACGCCTGACT-1-Topic-6-Cell-4,1,63.0,67.0,12356.539089393606,8302.981132988058
GTAGACACGCCTGACT-1-Topic-7-Cell-5,1,63.0,67.0,12256.841831929245,8128.038594152262
GTAGAGGGAGACAAGT-1-Topic-0-Cell-1,1,51.0,31.0,10221.0,4645.0
GTAGAGGGAGACAAGT-1-Topic-0-Cell-2,1,51.0,31.0,10256.68177145867,4606.049584262212
GTAGAGGGAGACAAGT-1-Topic-0-Cell-3,1,51.0,31.0,10146.582306694394,4651.531027807593
GTAGAGGGAGACAAGT-1-Topic-0-Cell-4,1,51.0,31.0,10293.608922440497,4700.66790353297
GTAGAGGGAGACAAGT-1-Topic-7-Cell-5,1,51.0,31.0,10202.59819438278,4540.967945553654
GTAGAGGGAGACAAGT-1-Topic-7-Cell-6,1,51.0,31.0,10157.603308934946,4744.6618184907275
GTAGCCAAACATGGGA-1-Topic-3-Cell-1,1,50.0,70.0,10024.0,8526.0
GTAGCCAAACATGGGA-1-Topic-5-Cell-2,1,50.0,70.0,10057.034901211928,8489.938922215459
GTAGCCAAACATGGGA-1-Topic-5-Cell-3,1,50.0,70.0,9955.102603758962,8532.046556816444
GTAGCCAAACATGGGA-1-Topic-6-Cell-4,1,50.0,70.0,10091.222799818237,8577.538464003022
GTAGCCAAACATGGGA-1-Topic-6-Cell-5,1,50.0,70.0,10006.96323848747,8429.68503297294
GTAGCCAAACATGGGA-1-Topic-7-Cell-6,1,50.0,70.0,9965.3060691529,8618.268914738599
GTAGCCAAACATGGGA-1-Topic-7-Cell-7,1,50.0,70.0,10139.685395307864,8494.901358761988
GTAGCGGCTATACACT-1-Topic-6-Cell-1,1,39.0,69.0,8119.0,8415.0
GTAGCGGCTATACACT-1-Topic-6-Cell-2,1,39.0,69.0,8152.034901211928,8378.938922215459
GTAGCGGCTATACACT-1-Topic-7-Cell-3,1,39.0,69.0,8050.102603758962,8421.046556816444
GTAGCGGCTATACACT-1-Topic-7-Cell-4,1,39.0,69.0,8186.222799818238,8466.538464003022
GTAGCGGCTATACACT-1-Topic-9-Cell-5,1,39.0,69.0,8101.9632384874685,8318.68503297294
GTAGCGGCTATACACT-1-Topic-9-Cell-6,1,39.0,69.0,8060.306069152901,8507.268914738599
GTAGCGGCTATACACT-1-Topic-9-Cell-7,1,39.0,69.0,8234.685395307864,8383.901358761988
GTAGCTCCGGGAGGCT-1-Topic-0-Cell-1,1,65.0,37.0,12642.0,5258.0
GTAGCTCCGGGAGGCT-1-Topic-3-Cell-2,1,65.0,37.0,12703.802641070479,5190.535900966221
GTAGCTTCCTCTTGTT-1-Topic-3-Cell-1,1,31.0,89.0,6721.0,10396.0
GTAGCTTCCTCTTGTT-1-Topic-6-Cell-2,1,31.0,89.0,6760.087422239316,10353.331957352419
GTAGCTTCCTCTTGTT-1-Topic-6-Cell-3,1,31.0,89.0,6639.479501398037,10403.154382507824
GTAGCTTCCTCTTGTT-1-Topic-7-Cell-4,1,31.0,89.0,6800.5390893936055,10456.981132988058
GTAGCTTCCTCTTGTT-1-Topic-9-Cell-5,1,31.0,89.0,6700.841831929245,10282.038594152262
GTAGGTGATCCGTGTA-1-Topic-2-Cell-1,1,17.0,79.0,4303.0,9386.0
GTAGGTGATCCGTGTA-1-Topic-3-Cell-2,1,17.0,79.0,4342.087422239316,9343.331957352419
GTAGGTGATCCGTGTA-1-Topic-6-Cell-3,1,17.0,79.0,4221.479501398037,9393.154382507824
GTAGGTGATCCGTGTA-1-Topic-7-Cell-4,1,17.0,79.0,4382.5390893936055,9446.981132988058
GTAGGTGATCCGTGTA-1-Topic-8-Cell-5,1,17.0,79.0,4282.841831929245,9272.038594152262
GTAGTCGCGGGAATCA-1-Topic-4-Cell-1,1,49.0,81.0,9844.0,9620.0
GTAGTCGCGGGAATCA-1-Topic-4-Cell-2,1,49.0,81.0,9883.087422239316,9577.331957352419
GTAGTCGCGGGAATCA-1-Topic-4-Cell-3,1,49.0,81.0,9762.479501398038,9627.154382507824
GTAGTCGCGGGAATCA-1-Topic-7-Cell-4,1,49.0,81.0,9923.539089393606,9680.981132988058
GTAGTCGCGGGAATCA-1-Topic-7-Cell-5,1,49.0,81.0,9823.841831929245,9506.038594152262
GTAGTCTACGATATTG-1-Topic-2-Cell-1,1,63.0,77.0,12271.0,9237.0
GTAGTCTACGATATTG-1-Topic-2-Cell-2,1,63.0,77.0,12301.90132053524,9203.26795048311
GTAGTCTACGATATTG-1-Topic-2-Cell-3,1,63.0,77.0,12206.552387106307,9242.656035994198
GTAGTCTACGATATTG-1-Topic-6-Cell-4,1,63.0,77.0,12333.881171374884,9285.209818634972
GTAGTCTACGATATTG-1-Topic-6-Cell-5,1,63.0,77.0,12255.063568859983,9146.90559804158
GTAGTCTACGATATTG-1-Topic-6-Cell-6,1,63.0,77.0,12216.096855021788,9323.309666600324
GTAGTCTACGATATTG-1-Topic-6-Cell-7,1,63.0,77.0,12379.213778473884,9207.90988482329
GTAGTCTACGATATTG-1-Topic-6-Cell-8,1,63.0,77.0,12163.588675800891,9181.214635774117
GTAGTTCGAAGGCGAA-1-Topic-0-Cell-1,1,65.0,39.0,12641.0,5457.0
GTAGTTCGAAGGCGAA-1-Topic-0-Cell-2,1,65.0,39.0,12676.68177145867,5418.049584262212
GTAGTTCGAAGGCGAA-1-Topic-0-Cell-3,1,65.0,39.0,12566.582306694394,5463.531027807593
GTAGTTCGAAGGCGAA-1-Topic-0-Cell-4,1,65.0,39.0,12713.608922440497,5512.66790353297
GTAGTTCGAAGGCGAA-1-Topic-0-Cell-5,1,65.0,39.0,12622.59819438278,5352.967945553654
GTAGTTCGAAGGCGAA-1-Topic-0-Cell-6,1,65.0,39.0,12577.603308934946,5556.6618184907275
GTATAGGACTCAGTAG-1-Topic-3-Cell-1,1,20.0,58.0,4836.0,7299.0
GTATAGGACTCAGTAG-1-Topic-7-Cell-2,1,20.0,58.0,4886.461645126349,7243.91579380355
GTATAGGACTCAGTAG-1-Topic-7-Cell-3,1,20.0,58.0,4730.757488846692,7308.236268101734
GTATCAAACGTTAGCT-1-Topic-6-Cell-1,1,55.0,97.0,10873.0,11219.0
GTATCAAACGTTAGCT-1-Topic-6-Cell-2,1,55.0,97.0,10908.68177145867,11180.049584262211
GTATCAAACGTTAGCT-1-Topic-6-Cell-3,1,55.0,97.0,10798.582306694394,11225.531027807592
GTATCAAACGTTAGCT-1-Topic-6-Cell-4,1,55.0,97.0,10945.608922440497,11274.667903532969
GTATCAAACGTTAGCT-1-Topic-6-Cell-5,1,55.0,97.0,10854.59819438278,11114.967945553655
GTATCAAACGTTAGCT-1-Topic-7-Cell-6,1,55.0,97.0,10809.603308934946,11318.661818490727
GTATCAGCTTGGGTTC-1-Topic-0-Cell-1,1,20.0,34.0,4851.0,4910.0
GTATCAGCTTGGGTTC-1-Topic-0-Cell-2,1,20.0,34.0,4890.087422239316,4867.331957352419
GTATCAGCTTGGGTTC-1-Topic-3-Cell-3,1,20.0,34.0,4769.479501398037,4917.154382507824
GTATCAGCTTGGGTTC-1-Topic-3-Cell-4,1,20.0,34.0,4930.5390893936055,4970.981132988058
GTATCAGCTTGGGTTC-1-Topic-3-Cell-5,1,20.0,34.0,4830.841831929245,4796.038594152262
GTATCCTTTGGTAACC-1-Topic-2-Cell-1,1,64.0,92.0,12435.0,10731.0
GTATCCTTTGGTAACC-1-Topic-5-Cell-2,1,64.0,92.0,12464.13404439745,10699.197118724383
GTATCCTTTGGTAACC-1-Topic-6-Cell-3,1,64.0,92.0,12374.238207855446,10736.332561874844
GTATCCTTTGGTAACC-1-Topic-6-Cell-4,1,64.0,92.0,12494.284936917511,10776.452652902084
GTATCCTTTGGTAACC-1-Topic-6-Cell-5,1,64.0,92.0,12419.974988630642,10646.058183237672
GTATCCTTTGGTAACC-1-Topic-6-Cell-6,1,64.0,92.0,12383.236818503252,10812.37353404672
GTATCCTTTGGTAACC-1-Topic-6-Cell-7,1,64.0,92.0,12537.024928768937,10703.573576390734
GTATCCTTTGGTAACC-1-Topic-7-Cell-8,1,64.0,92.0,12333.731632376777,10678.40505421989
GTATCCTTTGGTAACC-1-Topic-7-Cell-9,1,64.0,92.0,12476.847516403668,10845.588445202442
GTATCTCAGTCTTGAC-1-Topic-0-Cell-1,1,58.0,22.0,11439.0,3757.0
GTATCTCAGTCTTGAC-1-Topic-0-Cell-2,1,58.0,22.0,11500.802641070479,3689.5359009662207
GTATCTTTCATAACCA-1-Topic-3-Cell-1,1,46.0,66.0,9334.0,8124.0
GTATCTTTCATAACCA-1-Topic-6-Cell-2,1,46.0,66.0,9373.087422239316,8081.331957352419
GTATCTTTCATAACCA-1-Topic-6-Cell-3,1,46.0,66.0,9252.479501398038,8131.154382507824
GTATCTTTCATAACCA-1-Topic-6-Cell-4,1,46.0,66.0,9413.539089393606,8184.981132988058
GTATCTTTCATAACCA-1-Topic-7-Cell-5,1,46.0,66.0,9313.841831929245,8010.038594152262
GTATGAAATTTCACTC-1-Topic-0-Cell-1,1,52.0,22.0,10400.0,3751.0
GTATGAAATTTCACTC-1-Topic-0-Cell-2,1,52.0,22.0,10450.46164512635,3695.9157938035496
GTATGAAATTTCACTC-1-Topic-5-Cell-3,1,52.0,22.0,10294.757488846692,3760.236268101734
GTATGTGGGTCTAGTT-1-Topic-4-Cell-1,1,38.0,92.0,7932.0,10703.0
GTATGTGGGTCTAGTT-1-Topic-4-Cell-2,1,38.0,92.0,7965.034901211928,10666.938922215459
GTATGTGGGTCTAGTT-1-Topic-4-Cell-3,1,38.0,92.0,7863.102603758962,10709.046556816444
GTATGTGGGTCTAGTT-1-Topic-4-Cell-4,1,38.0,92.0,7999.222799818238,10754.538464003022
GTATGTGGGTCTAGTT-1-Topic-6-Cell-5,1,38.0,92.0,7914.9632384874685,10606.68503297294
GTATGTGGGTCTAGTT-1-Topic-6-Cell-6,1,38.0,92.0,7873.306069152901,10795.268914738599
GTATGTGGGTCTAGTT-1-Topic-6-Cell-7,1,38.0,92.0,8047.685395307864,10671.901358761988
GTATTAAGGCGTCTAA-1-Topic-0-Cell-1,1,20.0,26.0,4856.0,4114.0
GTATTAAGGCGTCTAA-1-Topic-0-Cell-2,1,20.0,26.0,4891.6817714586705,4075.049584262212
GTATTAAGGCGTCTAA-1-Topic-5-Cell-3,1,20.0,26.0,4781.582306694395,4120.531027807593
GTATTAAGGCGTCTAA-1-Topic-5-Cell-4,1,20.0,26.0,4928.608922440497,4169.66790353297
GTATTAAGGCGTCTAA-1-Topic-7-Cell-5,1,20.0,26.0,4837.598194382778,4009.9679455536548
GTATTAAGGCGTCTAA-1-Topic-7-Cell-6,1,20.0,26.0,4792.603308934945,4213.6618184907275
GTATTCTGAGAAACGA-1-Topic-0-Cell-1,1,48.0,38.0,9697.0,5339.0
GTATTCTGAGAAACGA-1-Topic-0-Cell-2,1,48.0,38.0,9736.087422239316,5296.331957352419
GTATTCTGAGAAACGA-1-Topic-0-Cell-3,1,48.0,38.0,9615.479501398038,5346.154382507824
GTATTCTGAGAAACGA-1-Topic-3-Cell-4,1,48.0,38.0,9776.539089393606,5399.981132988058
GTATTCTGAGAAACGA-1-Topic-5-Cell-5,1,48.0,38.0,9676.841831929245,5225.038594152262
GTCAAAGAAGTGGTGT-1-Topic-3-Cell-1,1,56.0,18.0,11095.0,3357.0
GTCAAAGAAGTGGTGT-1-Topic-3-Cell-2,1,56.0,18.0,11134.087422239316,3314.3319573524186
GTCAAAGAAGTGGTGT-1-Topic-3-Cell-3,1,56.0,18.0,11013.479501398038,3364.1543825078243
GTCAAAGAAGTGGTGT-1-Topic-3-Cell-4,1,56.0,18.0,11174.539089393606,3417.9811329880577
GTCAAAGAAGTGGTGT-1-Topic-5-Cell-5,1,56.0,18.0,11074.841831929245,3243.0385941522622
GTCAACCAGGCCTATA-1-Topic-2-Cell-1,1,65.0,103.0,12601.0,11827.0
GTCAACCAGGCCTATA-1-Topic-4-Cell-2,1,65.0,103.0,12636.68177145867,11788.049584262211
GTCAACCAGGCCTATA-1-Topic-5-Cell-3,1,65.0,103.0,12526.582306694394,11833.531027807592
GTCAACCAGGCCTATA-1-Topic-6-Cell-4,1,65.0,103.0,12673.608922440497,11882.667903532969
GTCAACCAGGCCTATA-1-Topic-6-Cell-5,1,65.0,103.0,12582.59819438278,11722.967945553655
GTCAACCAGGCCTATA-1-Topic-6-Cell-6,1,65.0,103.0,12537.603308934946,11926.661818490727
GTCAAGCGGACTCGGG-1-Topic-4-Cell-1,1,39.0,77.0,8114.0,9211.0
GTCAAGCGGACTCGGG-1-Topic-6-Cell-2,1,39.0,77.0,8157.701066596173,9163.295678086573
GTCAAGCGGACTCGGG-1-Topic-9-Cell-3,1,39.0,77.0,8022.8573117831675,9218.998842812265
GTCAAGCGGACTCGGG-1-Topic-9-Cell-4,1,39.0,77.0,8202.927405376267,9279.178979353126
GTCACTCTCCAAATCT-1-Topic-3-Cell-1,1,23.0,31.0,5372.0,4615.0
GTCACTCTCCAAATCT-1-Topic-5-Cell-2,1,23.0,31.0,5433.802641070479,4547.535900966221
GTCAGAATAGTCTATG-1-Topic-2-Cell-1,1,30.0,32.0,6584.0,4722.0
GTCAGAATAGTCTATG-1-Topic-2-Cell-2,1,30.0,32.0,6614.901320535239,4688.26795048311
GTCAGAATAGTCTATG-1-Topic-2-Cell-3,1,30.0,32.0,6519.552387106307,4727.656035994198
GTCAGAATAGTCTATG-1-Topic-2-Cell-4,1,30.0,32.0,6646.881171374884,4770.209818634973
GTCAGAATAGTCTATG-1-Topic-3-Cell-5,1,30.0,32.0,6568.063568859983,4631.905598041579
GTCAGAATAGTCTATG-1-Topic-6-Cell-6,1,30.0,32.0,6529.0968550217885,4808.309666600323
GTCAGAATAGTCTATG-1-Topic-6-Cell-7,1,30.0,32.0,6692.213778473883,4692.909884823291
GTCAGAATAGTCTATG-1-Topic-6-Cell-8,1,30.0,32.0,6476.588675800891,4666.214635774117
GTCATGCACCTCCGTT-1-Topic-0-Cell-1,1,29.0,61.0,6393.0,7607.0
GTCATGCACCTCCGTT-1-Topic-3-Cell-2,1,29.0,61.0,6428.6817714586705,7568.049584262212
GTCATGCACCTCCGTT-1-Topic-3-Cell-3,1,29.0,61.0,6318.582306694395,7613.531027807593
GTCATGCACCTCCGTT-1-Topic-3-Cell-4,1,29.0,61.0,6465.608922440497,7662.66790353297
GTCATGCACCTCCGTT-1-Topic-6-Cell-5,1,29.0,61.0,6374.598194382778,7502.967945553654
GTCATGCACCTCCGTT-1-Topic-6-Cell-6,1,29.0,61.0,6329.603308934945,7706.6618184907275
GTCATGGACATGACTA-1-Topic-1-Cell-1,1,26.0,62.0,5872.0,7704.0
GTCATGGACATGACTA-1-Topic-3-Cell-2,1,26.0,62.0,5911.087422239316,7661.331957352419
GTCATGGACATGACTA-1-Topic-3-Cell-3,1,26.0,62.0,5790.479501398037,7711.154382507824
GTCATGGACATGACTA-1-Topic-6-Cell-4,1,26.0,62.0,5951.5390893936055,7764.981132988058
GTCATGGACATGACTA-1-Topic-7-Cell-5,1,26.0,62.0,5851.841831929245,7590.038594152262
GTCATTAGAGCGAACG-1-Topic-0-Cell-1,1,37.0,67.0,7774.0,8213.0
GTCATTAGAGCGAACG-1-Topic-3-Cell-2,1,37.0,67.0,7813.087422239316,8170.331957352419
GTCATTAGAGCGAACG-1-Topic-4-Cell-3,1,37.0,67.0,7692.479501398037,8220.154382507824
GTCATTAGAGCGAACG-1-Topic-4-Cell-4,1,37.0,67.0,7853.5390893936055,8273.981132988058
GTCATTAGAGCGAACG-1-Topic-7-Cell-5,1,37.0,67.0,7753.841831929245,8099.038594152262
GTCCAATATTTAGCCT-1-Topic-3-Cell-1,1,65.0,53.0,12632.0,6850.0
GTCCAATATTTAGCCT-1-Topic-3-Cell-2,1,65.0,53.0,12665.034901211928,6813.938922215459
GTCCAATATTTAGCCT-1-Topic-3-Cell-3,1,65.0,53.0,12563.102603758962,6856.046556816443
GTCCAATATTTAGCCT-1-Topic-3-Cell-4,1,65.0,53.0,12699.222799818237,6901.538464003022
GTCCAATATTTAGCCT-1-Topic-3-Cell-5,1,65.0,53.0,12614.96323848747,6753.685032972941
GTCCAATATTTAGCCT-1-Topic-3-Cell-6,1,65.0,53.0,12573.3060691529,6942.268914738599
GTCCAATATTTAGCCT-1-Topic-3-Cell-7,1,65.0,53.0,12747.685395307864,6818.901358761988
GTCCATTACTGCTACG-1-Topic-9-Cell-1,1,42.0,106.0,8616.0,12100.0
GTCCATTACTGCTACG-1-Topic-9-Cell-2,1,42.0,106.0,8677.802641070479,12032.53590096622
GTCCCAACGTAAAGTA-1-Topic-4-Cell-1,1,33.0,73.0,7078.0,8806.0
GTCCCAACGTAAAGTA-1-Topic-4-Cell-2,1,33.0,73.0,7128.461645126349,8750.91579380355
GTCCCAACGTAAAGTA-1-Topic-9-Cell-3,1,33.0,73.0,6972.757488846692,8815.236268101733
GTCCCGCGACGTTATG-1-Topic-6-Cell-1,1,58.0,82.0,11402.0,9729.0
GTCCCGCGACGTTATG-1-Topic-7-Cell-2,1,58.0,82.0,11441.087422239316,9686.331957352419
GTCCCGCGACGTTATG-1-Topic-7-Cell-3,1,58.0,82.0,11320.479501398038,9736.154382507824
GTCCCGCGACGTTATG-1-Topic-7-Cell-4,1,58.0,82.0,11481.539089393606,9789.981132988058
GTCCCGCGACGTTATG-1-Topic-7-Cell-5,1,58.0,82.0,11381.841831929245,9615.038594152262
GTCCGGACCTGAAATT-1-Topic-3-Cell-1,1,54.0,88.0,10705.0,10322.0
GTCCGGACCTGAAATT-1-Topic-3-Cell-2,1,54.0,88.0,10744.087422239316,10279.331957352419
GTCCGGACCTGAAATT-1-Topic-3-Cell-3,1,54.0,88.0,10623.479501398038,10329.154382507824
GTCCGGACCTGAAATT-1-Topic-3-Cell-4,1,54.0,88.0,10784.539089393606,10382.981132988058
GTCCGGACCTGAAATT-1-Topic-7-Cell-5,1,54.0,88.0,10684.841831929245,10208.038594152262
GTCCGGCTGAATTGCG-1-Topic-6-Cell-1,1,28.0,52.0,6225.0,6711.0
GTCCGGCTGAATTGCG-1-Topic-6-Cell-2,1,28.0,52.0,6258.034901211928,6674.938922215459
GTCCGGCTGAATTGCG-1-Topic-6-Cell-3,1,28.0,52.0,6156.102603758962,6717.046556816443
GTCCGGCTGAATTGCG-1-Topic-6-Cell-4,1,28.0,52.0,6292.222799818238,6762.538464003022
GTCCGGCTGAATTGCG-1-Topic-6-Cell-5,1,28.0,52.0,6207.9632384874685,6614.685032972941
GTCCGGCTGAATTGCG-1-Topic-6-Cell-6,1,28.0,52.0,6166.306069152901,6803.268914738599
GTCCGGCTGAATTGCG-1-Topic-6-Cell-7,1,28.0,52.0,6340.685395307864,6679.901358761988
GTCCTACGAATAGTCT-1-Topic-7-Cell-1,1,53.0,91.0,10530.0,10619.0
GTCCTACGAATAGTCT-1-Topic-7-Cell-2,1,53.0,91.0,10569.087422239316,10576.331957352419
GTCCTACGAATAGTCT-1-Topic-7-Cell-3,1,53.0,91.0,10448.479501398038,10626.154382507824
GTCCTACGAATAGTCT-1-Topic-7-Cell-4,1,53.0,91.0,10609.539089393606,10679.981132988058
GTCCTACGAATAGTCT-1-Topic-7-Cell-5,1,53.0,91.0,10509.841831929245,10505.038594152262
GTCGCCGTTGTGTGTT-1-Topic-3-Cell-1,1,57.0,43.0,11253.0,5846.0
GTCGCCGTTGTGTGTT-1-Topic-3-Cell-2,1,57.0,43.0,11296.701066596173,5798.295678086574
GTCGCCGTTGTGTGTT-1-Topic-3-Cell-3,1,57.0,43.0,11161.857311783167,5853.998842812265
GTCGCCGTTGTGTGTT-1-Topic-3-Cell-4,1,57.0,43.0,11341.927405376267,5914.178979353126
GTCGCGTAACCCGTTG-1-Topic-3-Cell-1,1,39.0,75.0,8116.0,9012.0
GTCGCGTAACCCGTTG-1-Topic-3-Cell-2,1,39.0,75.0,8155.087422239316,8969.331957352419
GTCGCGTAACCCGTTG-1-Topic-4-Cell-3,1,39.0,75.0,8034.479501398037,9019.154382507824
GTCGCGTAACCCGTTG-1-Topic-6-Cell-4,1,39.0,75.0,8195.539089393606,9072.981132988058
GTCGCGTAACCCGTTG-1-Topic-9-Cell-5,1,39.0,75.0,8095.841831929245,8898.038594152262
GTCGGATATCTCAGAC-1-Topic-2-Cell-1,1,32.0,36.0,6928.0,5122.0
GTCGGATATCTCAGAC-1-Topic-6-Cell-2,1,32.0,36.0,6971.701066596173,5074.295678086574
GTCGGATATCTCAGAC-1-Topic-6-Cell-3,1,32.0,36.0,6836.8573117831675,5129.998842812265
GTCGGATATCTCAGAC-1-Topic-7-Cell-4,1,32.0,36.0,7016.927405376267,5190.178979353126
GTCGGATGTAGCGCGC-1-Topic-2-Cell-1,1,17.0,77.0,4304.0,9187.0
GTCGGATGTAGCGCGC-1-Topic-6-Cell-2,1,17.0,77.0,4339.6817714586705,9148.049584262211
GTCGGATGTAGCGCGC-1-Topic-7-Cell-3,1,17.0,77.0,4229.582306694395,9193.531027807592
GTCGGATGTAGCGCGC-1-Topic-7-Cell-4,1,17.0,77.0,4376.608922440497,9242.667903532969
GTCGGATGTAGCGCGC-1-Topic-8-Cell-5,1,17.0,77.0,4285.598194382778,9082.967945553655
GTCGGATGTAGCGCGC-1-Topic-8-Cell-6,1,17.0,77.0,4240.603308934945,9286.661818490727
GTCGGGAAGCAGAAAC-1-Topic-2-Cell-1,1,59.0,65.0,11585.0,8038.0
GTCGGGAAGCAGAAAC-1-Topic-6-Cell-2,1,59.0,65.0,11618.034901211928,8001.938922215459
GTCGGGAAGCAGAAAC-1-Topic-6-Cell-3,1,59.0,65.0,11516.102603758962,8044.046556816443
GTCGGGAAGCAGAAAC-1-Topic-6-Cell-4,1,59.0,65.0,11652.222799818237,8089.538464003022
GTCGGGAAGCAGAAAC-1-Topic-6-Cell-5,1,59.0,65.0,11567.96323848747,7941.685032972941
GTCGGGAAGCAGAAAC-1-Topic-6-Cell-6,1,59.0,65.0,11526.3060691529,8130.268914738599
GTCGGGAAGCAGAAAC-1-Topic-7-Cell-7,1,59.0,65.0,11700.685395307864,8006.901358761988
GTCGTACCATCTCGGG-1-Topic-3-Cell-1,1,46.0,62.0,9336.0,7725.0
GTCGTACCATCTCGGG-1-Topic-6-Cell-2,1,46.0,62.0,9397.802641070479,7657.535900966221
GTCGTATTGGCGTACA-1-Topic-1-Cell-1,1,19.0,95.0,4640.0,10981.0
GTCGTATTGGCGTACA-1-Topic-3-Cell-2,1,19.0,95.0,4679.087422239316,10938.331957352419
GTCGTATTGGCGTACA-1-Topic-6-Cell-3,1,19.0,95.0,4558.479501398037,10988.154382507824
GTCGTATTGGCGTACA-1-Topic-6-Cell-4,1,19.0,95.0,4719.5390893936055,11041.981132988058
GTCGTATTGGCGTACA-1-Topic-6-Cell-5,1,19.0,95.0,4619.841831929245,10867.038594152262
GTCGTGTCTGGTCATC-1-Topic-4-Cell-1,1,28.0,110.0,6189.0,12483.0
GTCGTGTCTGGTCATC-1-Topic-6-Cell-2,1,28.0,110.0,6232.701066596173,12435.295678086573
GTCGTGTCTGGTCATC-1-Topic-6-Cell-3,1,28.0,110.0,6097.8573117831675,12490.998842812265
GTCGTGTCTGGTCATC-1-Topic-7-Cell-4,1,28.0,110.0,6277.927405376267,12551.178979353126
GTCGTTATTCGCTTAT-1-Topic-2-Cell-1,1,46.0,76.0,9327.0,9119.0
GTCGTTATTCGCTTAT-1-Topic-2-Cell-2,1,46.0,76.0,9362.68177145867,9080.049584262211
GTCGTTATTCGCTTAT-1-Topic-4-Cell-3,1,46.0,76.0,9252.582306694394,9125.531027807592
GTCGTTATTCGCTTAT-1-Topic-4-Cell-4,1,46.0,76.0,9399.608922440497,9174.667903532969
GTCGTTATTCGCTTAT-1-Topic-4-Cell-5,1,46.0,76.0,9308.59819438278,9014.967945553655
GTCGTTATTCGCTTAT-1-Topic-4-Cell-6,1,46.0,76.0,9263.603308934946,9218.661818490727
GTCTACTCAATTACAA-1-Topic-3-Cell-1,1,37.0,13.0,7808.0,2839.0
GTCTACTCAATTACAA-1-Topic-3-Cell-2,1,37.0,13.0,7858.461645126349,2783.9157938035496
GTCTACTCAATTACAA-1-Topic-3-Cell-3,1,37.0,13.0,7702.757488846692,2848.236268101734
GTCTAGTGAGCCGCTT-1-Topic-2-Cell-1,1,66.0,92.0,12781.0,10733.0
GTCTAGTGAGCCGCTT-1-Topic-2-Cell-2,1,66.0,92.0,12824.701066596173,10685.295678086573
GTCTAGTGAGCCGCTT-1-Topic-6-Cell-3,1,66.0,92.0,12689.857311783167,10740.998842812265
GTCTAGTGAGCCGCTT-1-Topic-7-Cell-4,1,66.0,92.0,12869.927405376267,10801.178979353126
GTCTATCTGAGTTTCT-1-Topic-3-Cell-1,1,40.0,42.0,8309.0,5728.0
GTCTATCTGAGTTTCT-1-Topic-3-Cell-2,1,40.0,42.0,8344.68177145867,5689.049584262212
GTCTATCTGAGTTTCT-1-Topic-3-Cell-3,1,40.0,42.0,8234.582306694394,5734.531027807593
GTCTATCTGAGTTTCT-1-Topic-4-Cell-4,1,40.0,42.0,8381.608922440497,5783.66790353297
GTCTATCTGAGTTTCT-1-Topic-6-Cell-5,1,40.0,42.0,8290.59819438278,5623.967945553654
GTCTATCTGAGTTTCT-1-Topic-6-Cell-6,1,40.0,42.0,8245.603308934946,5827.6618184907275
GTCTATTGCATGCTCG-1-Topic-3-Cell-1,1,65.0,105.0,12600.0,12026.0
GTCTATTGCATGCTCG-1-Topic-7-Cell-2,1,65.0,105.0,12661.802641070479,11958.53590096622
GTCTATTGGTTCCGGT-1-Topic-4-Cell-1,1,50.0,90.0,10011.0,10517.0
GTCTATTGGTTCCGGT-1-Topic-6-Cell-2,1,50.0,90.0,10050.087422239316,10474.331957352419
GTCTATTGGTTCCGGT-1-Topic-6-Cell-3,1,50.0,90.0,9929.479501398038,10524.154382507824
GTCTATTGGTTCCGGT-1-Topic-9-Cell-4,1,50.0,90.0,10090.539089393606,10577.981132988058
GTCTATTGGTTCCGGT-1-Topic-9-Cell-5,1,50.0,90.0,9990.841831929245,10403.038594152262
GTCTCAAGGCCCGGCT-1-Topic-6-Cell-1,1,60.0,66.0,11758.0,8139.0
GTCTCAAGGCCCGGCT-1-Topic-6-Cell-2,1,60.0,66.0,11791.034901211928,8102.938922215459
GTCTCAAGGCCCGGCT-1-Topic-6-Cell-3,1,60.0,66.0,11689.102603758962,8145.046556816443
GTCTCAAGGCCCGGCT-1-Topic-6-Cell-4,1,60.0,66.0,11825.222799818237,8190.538464003022
GTCTCAAGGCCCGGCT-1-Topic-6-Cell-5,1,60.0,66.0,11740.96323848747,8042.685032972941
GTCTCAAGGCCCGGCT-1-Topic-6-Cell-6,1,60.0,66.0,11699.3060691529,8231.268914738599
GTCTCAAGGCCCGGCT-1-Topic-6-Cell-7,1,60.0,66.0,11873.685395307864,8107.901358761988
GTCTCGACTAAGTTTG-1-Topic-6-Cell-1,1,25.0,111.0,5669.0,12580.0
GTCTCGACTAAGTTTG-1-Topic-6-Cell-2,1,25.0,111.0,5704.6817714586705,12541.049584262211
GTCTCGACTAAGTTTG-1-Topic-7-Cell-3,1,25.0,111.0,5594.582306694395,12586.531027807592
GTCTCGACTAAGTTTG-1-Topic-7-Cell-4,1,25.0,111.0,5741.608922440497,12635.667903532969
GTCTCGACTAAGTTTG-1-Topic-7-Cell-5,1,25.0,111.0,5650.598194382778,12475.967945553655
GTCTCGACTAAGTTTG-1-Topic-9-Cell-6,1,25.0,111.0,5605.603308934945,12679.661818490727
GTCTCGATCTGCTTTC-1-Topic-4-Cell-1,1,20.0,80.0,4822.0,9489.0
GTCTCGATCTGCTTTC-1-Topic-4-Cell-2,1,20.0,80.0,4852.901320535239,9455.26795048311
GTCTCGATCTGCTTTC-1-Topic-6-Cell-3,1,20.0,80.0,4757.552387106307,9494.656035994198
GTCTCGATCTGCTTTC-1-Topic-6-Cell-4,1,20.0,80.0,4884.881171374884,9537.209818634972
GTCTCGATCTGCTTTC-1-Topic-6-Cell-5,1,20.0,80.0,4806.063568859983,9398.90559804158
GTCTCGATCTGCTTTC-1-Topic-6-Cell-6,1,20.0,80.0,4767.0968550217885,9575.309666600324
GTCTCGATCTGCTTTC-1-Topic-6-Cell-7,1,20.0,80.0,4930.213778473883,9459.90988482329
GTCTCGATCTGCTTTC-1-Topic-6-Cell-8,1,20.0,80.0,4714.588675800891,9433.214635774117
GTCTGGGCGGTCGAGA-1-Topic-3-Cell-1,1,46.0,44.0,9347.0,5934.0
GTGAAACGGCGCCACC-1-Topic-2-Cell-1,1,24.0,88.0,5510.0,10289.0
GTGAAACGGCGCCACC-1-Topic-3-Cell-2,1,24.0,88.0,5549.087422239316,10246.331957352419
GTGAAACGGCGCCACC-1-Topic-3-Cell-3,1,24.0,88.0,5428.479501398037,10296.154382507824
GTGAAACGGCGCCACC-1-Topic-3-Cell-4,1,24.0,88.0,5589.5390893936055,10349.981132988058
GTGAAACGGCGCCACC-1-Topic-7-Cell-5,1,24.0,88.0,5489.841831929245,10175.038594152262
GTGAACTCCCATTCGA-1-Topic-7-Cell-1,1,30.0,104.0,6539.0,11888.0
GTGAACTCCCATTCGA-1-Topic-7-Cell-2,1,30.0,104.0,6600.802641070479,11820.53590096622
GTGAAGATTTCAAGTG-1-Topic-6-Cell-1,1,21.0,103.0,4981.0,11779.0
GTGAAGATTTCAAGTG-1-Topic-6-Cell-2,1,21.0,103.0,5014.034901211928,11742.938922215459
GTGAAGATTTCAAGTG-1-Topic-6-Cell-3,1,21.0,103.0,4912.102603758962,11785.046556816444
GTGAAGATTTCAAGTG-1-Topic-6-Cell-4,1,21.0,103.0,5048.222799818238,11830.538464003022
GTGAAGATTTCAAGTG-1-Topic-6-Cell-5,1,21.0,103.0,4963.9632384874685,11682.68503297294
GTGAAGATTTCAAGTG-1-Topic-6-Cell-6,1,21.0,103.0,4922.306069152901,11871.268914738599
GTGAAGATTTCAAGTG-1-Topic-6-Cell-7,1,21.0,103.0,5096.685395307864,11747.901358761988
GTGAAGCCGTATAGTC-1-Topic-4-Cell-1,1,21.0,107.0,4978.0,12177.0
GTGAAGCCGTATAGTC-1-Topic-6-Cell-2,1,21.0,107.0,5011.034901211928,12140.938922215459
GTGAAGCCGTATAGTC-1-Topic-6-Cell-3,1,21.0,107.0,4909.102603758962,12183.046556816444
GTGAAGCCGTATAGTC-1-Topic-6-Cell-4,1,21.0,107.0,5045.222799818238,12228.538464003022
GTGAAGCCGTATAGTC-1-Topic-7-Cell-5,1,21.0,107.0,4960.9632384874685,12080.68503297294
GTGAAGCCGTATAGTC-1-Topic-8-Cell-6,1,21.0,107.0,4919.306069152901,12269.268914738599
GTGAAGCCGTATAGTC-1-Topic-8-Cell-7,1,21.0,107.0,5093.685395307864,12145.901358761988
GTGACAGCTTCCCACT-1-Topic-5-Cell-1,1,64.0,74.0,12446.0,8939.0
GTGACAGCTTCCCACT-1-Topic-6-Cell-2,1,64.0,74.0,12485.087422239316,8896.331957352419
GTGACAGCTTCCCACT-1-Topic-6-Cell-3,1,64.0,74.0,12364.479501398038,8946.154382507824
GTGACAGCTTCCCACT-1-Topic-6-Cell-4,1,64.0,74.0,12525.539089393606,8999.981132988058
GTGACAGCTTCCCACT-1-Topic-6-Cell-5,1,64.0,74.0,12425.841831929245,8825.038594152262
GTGACCGCACACTACG-1-Topic-5-Cell-1,1,39.0,91.0,8106.0,10604.0
GTGACCGCACACTACG-1-Topic-7-Cell-2,1,39.0,91.0,8145.087422239316,10561.331957352419
GTGACCGCACACTACG-1-Topic-7-Cell-3,1,39.0,91.0,8024.479501398037,10611.154382507824
GTGACCGCACACTACG-1-Topic-8-Cell-4,1,39.0,91.0,8185.5390893936055,10664.981132988058
GTGACCGCACACTACG-1-Topic-8-Cell-5,1,39.0,91.0,8085.841831929245,10490.038594152262
GTGACGCAGGTTTCAT-1-Topic-2-Cell-1,1,65.0,75.0,12618.0,9040.0
GTGACGCAGGTTTCAT-1-Topic-3-Cell-2,1,65.0,75.0,12648.90132053524,9006.26795048311
GTGACGCAGGTTTCAT-1-Topic-5-Cell-3,1,65.0,75.0,12553.552387106307,9045.656035994198
GTGACGCAGGTTTCAT-1-Topic-6-Cell-4,1,65.0,75.0,12680.881171374884,9088.209818634972
GTGACGCAGGTTTCAT-1-Topic-6-Cell-5,1,65.0,75.0,12602.063568859983,8949.90559804158
GTGACGCAGGTTTCAT-1-Topic-7-Cell-6,1,65.0,75.0,12563.096855021788,9126.309666600324
GTGACGCAGGTTTCAT-1-Topic-7-Cell-7,1,65.0,75.0,12726.213778473884,9010.90988482329
GTGACGCAGGTTTCAT-1-Topic-7-Cell-8,1,65.0,75.0,12510.588675800891,8984.214635774117
GTGACTTCAGTAGTGC-1-Topic-0-Cell-1,1,46.0,50.0,9344.0,6531.0
GTGACTTCAGTAGTGC-1-Topic-0-Cell-2,1,46.0,50.0,9383.087422239316,6488.331957352419
GTGACTTCAGTAGTGC-1-Topic-3-Cell-3,1,46.0,50.0,9262.479501398038,6538.154382507824
GTGACTTCAGTAGTGC-1-Topic-3-Cell-4,1,46.0,50.0,9423.539089393606,6591.981132988058
GTGACTTCAGTAGTGC-1-Topic-3-Cell-5,1,46.0,50.0,9323.841831929245,6417.038594152262
GTGAGCGTGCTGCACT-1-Topic-0-Cell-1,1,33.0,25.0,7108.0,4029.0
GTGAGCGTGCTGCACT-1-Topic-3-Cell-2,1,33.0,25.0,7138.901320535239,3995.2679504831103
GTGAGCGTGCTGCACT-1-Topic-3-Cell-3,1,33.0,25.0,7043.552387106307,4034.656035994198
GTGAGCGTGCTGCACT-1-Topic-3-Cell-4,1,33.0,25.0,7170.881171374884,4077.209818634973
GTGAGCGTGCTGCACT-1-Topic-3-Cell-5,1,33.0,25.0,7092.063568859983,3938.905598041579
GTGAGCGTGCTGCACT-1-Topic-3-Cell-6,1,33.0,25.0,7053.0968550217885,4115.309666600323
GTGAGCGTGCTGCACT-1-Topic-3-Cell-7,1,33.0,25.0,7216.213778473883,3999.90988482329
GTGAGCGTGCTGCACT-1-Topic-3-Cell-8,1,33.0,25.0,7000.588675800891,3973.2146357741167
GTGAGGACACTTAAGG-1-Topic-3-Cell-1,1,41.0,77.0,8461.0,9213.0
GTGAGGACACTTAAGG-1-Topic-4-Cell-2,1,41.0,77.0,8500.087422239316,9170.331957352419
GTGAGGACACTTAAGG-1-Topic-4-Cell-3,1,41.0,77.0,8379.479501398038,9220.154382507824
GTGAGGACACTTAAGG-1-Topic-4-Cell-4,1,41.0,77.0,8540.539089393606,9273.981132988058
GTGAGGACACTTAAGG-1-Topic-6-Cell-5,1,41.0,77.0,8440.841831929245,9099.038594152262
GTGAGTGGTACAACGC-1-Topic-0-Cell-1,1,52.0,56.0,10379.0,7135.0
GTGAGTGGTACAACGC-1-Topic-5-Cell-2,1,52.0,56.0,10429.46164512635,7079.91579380355
GTGAGTGGTACAACGC-1-Topic-6-Cell-3,1,52.0,56.0,10273.757488846692,7144.236268101734
GTGATCATAGATCTGC-1-Topic-0-Cell-1,1,45.0,57.0,9166.0,7227.0
GTGATCATAGATCTGC-1-Topic-0-Cell-2,1,45.0,57.0,9216.46164512635,7171.91579380355
GTGATCATAGATCTGC-1-Topic-5-Cell-3,1,45.0,57.0,9060.757488846692,7236.236268101734
GTGATCCTTGTCATGA-1-Topic-6-Cell-1,1,62.0,84.0,12093.0,9932.0
GTGATCCTTGTCATGA-1-Topic-6-Cell-2,1,62.0,84.0,12126.034901211928,9895.938922215459
GTGATCCTTGTCATGA-1-Topic-6-Cell-3,1,62.0,84.0,12024.102603758962,9938.046556816444
GTGATCCTTGTCATGA-1-Topic-6-Cell-4,1,62.0,84.0,12160.222799818237,9983.538464003022
GTGATCCTTGTCATGA-1-Topic-6-Cell-5,1,62.0,84.0,12075.96323848747,9835.68503297294
GTGATCCTTGTCATGA-1-Topic-7-Cell-6,1,62.0,84.0,12034.3060691529,10024.268914738599
GTGATCCTTGTCATGA-1-Topic-7-Cell-7,1,62.0,84.0,12208.685395307864,9900.901358761988
GTGATTCGCCGCTCAA-1-Topic-0-Cell-1,1,48.0,40.0,9696.0,5538.0
GTGATTCGCCGCTCAA-1-Topic-3-Cell-2,1,48.0,40.0,9739.701066596173,5490.295678086574
GTGATTCGCCGCTCAA-1-Topic-5-Cell-3,1,48.0,40.0,9604.857311783167,5545.998842812265
GTGATTCGCCGCTCAA-1-Topic-5-Cell-4,1,48.0,40.0,9784.927405376267,5606.178979353126
GTGCACCAGCTTCAAC-1-Topic-3-Cell-1,1,66.0,54.0,12805.0,6951.0
GTGCACCAGCTTCAAC-1-Topic-3-Cell-2,1,66.0,54.0,12866.802641070479,6883.535900966221
GTGCACGAAAGTGACT-1-Topic-1-Cell-1,1,17.0,71.0,4308.0,8590.0
GTGCACGAAAGTGACT-1-Topic-2-Cell-2,1,17.0,71.0,4358.461645126349,8534.91579380355
GTGCACGAAAGTGACT-1-Topic-3-Cell-3,1,17.0,71.0,4202.757488846692,8599.236268101733
GTGCCATCACACGGTG-1-Topic-3-Cell-1,1,42.0,34.0,8661.0,4934.0
GTGCCATCACACGGTG-1-Topic-3-Cell-2,1,42.0,34.0,8722.802641070479,4866.535900966221
GTGCCCGTTCGGATTC-1-Topic-7-Cell-1,1,39.0,85.0,8109.0,10007.0
GTGCCCGTTCGGATTC-1-Topic-7-Cell-2,1,39.0,85.0,8152.701066596173,9959.295678086573
GTGCCCGTTCGGATTC-1-Topic-7-Cell-3,1,39.0,85.0,8017.8573117831675,10014.998842812265
GTGCCCGTTCGGATTC-1-Topic-7-Cell-4,1,39.0,85.0,8197.927405376267,10075.178979353126
GTGCCGCTTCAAAGGT-1-Topic-0-Cell-1,1,44.0,44.0,9001.0,5932.0
GTGCCGCTTCAAAGGT-1-Topic-3-Cell-2,1,44.0,44.0,9044.701066596173,5884.295678086574
GTGCCGCTTCAAAGGT-1-Topic-3-Cell-3,1,44.0,44.0,8909.857311783167,5939.998842812265
GTGCCGCTTCAAAGGT-1-Topic-6-Cell-4,1,44.0,44.0,9089.927405376267,6000.178979353126
GTGCGAAATCGAACAC-1-Topic-3-Cell-1,1,45.0,43.0,9175.0,5833.0
GTGCGAAATCGAACAC-1-Topic-6-Cell-2,1,45.0,43.0,9225.46164512635,5777.91579380355
GTGCGAAATCGAACAC-1-Topic-7-Cell-3,1,45.0,43.0,9069.757488846692,5842.236268101734
GTGCGACAGGGAGTGT-1-Topic-7-Cell-1,1,36.0,100.0,7580.0,11497.0
GTGCGACAGGGAGTGT-1-Topic-7-Cell-2,1,36.0,100.0,7619.087422239316,11454.331957352419
GTGCGACAGGGAGTGT-1-Topic-7-Cell-3,1,36.0,100.0,7498.479501398037,11504.154382507824
GTGCGACAGGGAGTGT-1-Topic-9-Cell-4,1,36.0,100.0,7659.5390893936055,11557.981132988058
GTGCGACAGGGAGTGT-1-Topic-9-Cell-5,1,36.0,100.0,7559.841831929245,11383.038594152262
GTGCGGGTCTCCAAAT-1-Topic-0-Cell-1,1,20.0,56.0,4837.0,7100.0
GTGCGGGTCTCCAAAT-1-Topic-3-Cell-2,1,20.0,56.0,4870.034901211928,7063.938922215459
GTGCGGGTCTCCAAAT-1-Topic-3-Cell-3,1,20.0,56.0,4768.102603758962,7106.046556816443
GTGCGGGTCTCCAAAT-1-Topic-3-Cell-4,1,20.0,56.0,4904.222799818238,7151.538464003022
GTGCGGGTCTCCAAAT-1-Topic-3-Cell-5,1,20.0,56.0,4819.9632384874685,7003.685032972941
GTGCGGGTCTCCAAAT-1-Topic-7-Cell-6,1,20.0,56.0,4778.306069152901,7192.268914738599
GTGCGGGTCTCCAAAT-1-Topic-9-Cell-7,1,20.0,56.0,4952.685395307864,7068.901358761988
GTGCGTGTATATGAGC-1-Topic-6-Cell-1,1,41.0,83.0,8457.0,9810.0
GTGCGTGTATATGAGC-1-Topic-7-Cell-2,1,41.0,83.0,8507.46164512635,9754.91579380355
GTGCGTGTATATGAGC-1-Topic-9-Cell-3,1,41.0,83.0,8351.757488846692,9819.236268101733
GTGCTCAAGTACTGTC-1-Topic-3-Cell-1,1,34.0,52.0,7264.0,6717.0
GTGCTCAAGTACTGTC-1-Topic-3-Cell-2,1,34.0,52.0,7299.6817714586705,6678.049584262212
GTGCTCAAGTACTGTC-1-Topic-6-Cell-3,1,34.0,52.0,7189.582306694395,6723.531027807593
GTGCTCAAGTACTGTC-1-Topic-6-Cell-4,1,34.0,52.0,7336.608922440497,6772.66790353297
GTGCTCAAGTACTGTC-1-Topic-7-Cell-5,1,34.0,52.0,7245.598194382778,6612.967945553654
GTGCTCAAGTACTGTC-1-Topic-8-Cell-6,1,34.0,52.0,7200.603308934945,6816.6618184907275
GTGGACCAACCCGATT-1-Topic-0-Cell-1,1,45.0,29.0,9183.0,4440.0
GTGGACCAACCCGATT-1-Topic-0-Cell-2,1,45.0,29.0,9216.034901211928,4403.938922215459
GTGGACCAACCCGATT-1-Topic-3-Cell-3,1,45.0,29.0,9114.102603758962,4446.046556816443
GTGGACCAACCCGATT-1-Topic-5-Cell-4,1,45.0,29.0,9250.222799818237,4491.538464003022
GTGGACCAACCCGATT-1-Topic-5-Cell-5,1,45.0,29.0,9165.96323848747,4343.685032972941
GTGGACCAACCCGATT-1-Topic-5-Cell-6,1,45.0,29.0,9124.3060691529,4532.268914738599
GTGGACCAACCCGATT-1-Topic-5-Cell-7,1,45.0,29.0,9298.685395307864,4408.901358761988
GTGGACGCATTTGTCC-1-Topic-2-Cell-1,1,56.0,64.0,11067.0,7935.0
GTGGACGCATTTGTCC-1-Topic-4-Cell-2,1,56.0,64.0,11097.90132053524,7901.26795048311
GTGGACGCATTTGTCC-1-Topic-4-Cell-3,1,56.0,64.0,11002.552387106307,7940.656035994198
GTGGACGCATTTGTCC-1-Topic-6-Cell-4,1,56.0,64.0,11129.881171374884,7983.209818634973
GTGGACGCATTTGTCC-1-Topic-6-Cell-5,1,56.0,64.0,11051.063568859983,7844.905598041579
GTGGACGCATTTGTCC-1-Topic-6-Cell-6,1,56.0,64.0,11012.096855021788,8021.309666600323
GTGGACGCATTTGTCC-1-Topic-6-Cell-7,1,56.0,64.0,11175.213778473884,7905.909884823291
GTGGACGCATTTGTCC-1-Topic-6-Cell-8,1,56.0,64.0,10959.588675800891,7879.214635774117
GTGGACGTGCTGAGAC-1-Topic-5-Cell-1,1,17.0,39.0,4328.0,5405.0
GTGGACGTGCTGAGAC-1-Topic-5-Cell-2,1,17.0,39.0,4378.461645126349,5349.91579380355
GTGGACGTGCTGAGAC-1-Topic-5-Cell-3,1,17.0,39.0,4222.757488846692,5414.236268101734
GTGGAGCGTTTACCGA-1-Topic-3-Cell-1,1,58.0,16.0,11443.0,3160.0
GTGGAGTCGGCGGTTG-1-Topic-0-Cell-1,1,54.0,38.0,10736.0,5345.0
GTGGAGTCGGCGGTTG-1-Topic-0-Cell-2,1,54.0,38.0,10771.68177145867,5306.049584262212
GTGGAGTCGGCGGTTG-1-Topic-0-Cell-3,1,54.0,38.0,10661.582306694394,5351.531027807593
GTGGAGTCGGCGGTTG-1-Topic-3-Cell-4,1,54.0,38.0,10808.608922440497,5400.66790353297
GTGGAGTCGGCGGTTG-1-Topic-4-Cell-5,1,54.0,38.0,10717.59819438278,5240.967945553654
GTGGAGTCGGCGGTTG-1-Topic-5-Cell-6,1,54.0,38.0,10672.603308934946,5444.6618184907275
GTGGCAAACAGCGGCA-1-Topic-0-Cell-1,1,50.0,20.0,10055.0,3550.0
GTGGCAAACAGCGGCA-1-Topic-0-Cell-2,1,50.0,20.0,10094.087422239316,3507.3319573524186
GTGGCAAACAGCGGCA-1-Topic-0-Cell-3,1,50.0,20.0,9973.479501398038,3557.1543825078243
GTGGCAAACAGCGGCA-1-Topic-0-Cell-4,1,50.0,20.0,10134.539089393606,3610.9811329880577
GTGGCAAACAGCGGCA-1-Topic-2-Cell-5,1,50.0,20.0,10034.841831929245,3436.0385941522622
GTGGGAAGACTGAATC-1-Topic-0-Cell-1,1,45.0,15.0,9192.0,3046.0
GTGGGAAGACTGAATC-1-Topic-0-Cell-2,1,45.0,15.0,9242.46164512635,2990.9157938035496
GTGGGAAGACTGAATC-1-Topic-3-Cell-3,1,45.0,15.0,9086.757488846692,3055.236268101734
GTGGGCTTAGACACAC-1-Topic-2-Cell-1,1,29.0,39.0,6406.0,5418.0
GTGGGCTTAGACACAC-1-Topic-6-Cell-2,1,29.0,39.0,6439.034901211928,5381.938922215459
GTGGGCTTAGACACAC-1-Topic-6-Cell-3,1,29.0,39.0,6337.102603758962,5424.046556816443
GTGGGCTTAGACACAC-1-Topic-6-Cell-4,1,29.0,39.0,6473.222799818238,5469.538464003022
GTGGGCTTAGACACAC-1-Topic-6-Cell-5,1,29.0,39.0,6388.9632384874685,5321.685032972941
GTGGGCTTAGACACAC-1-Topic-6-Cell-6,1,29.0,39.0,6347.306069152901,5510.268914738599
GTGGGCTTAGACACAC-1-Topic-6-Cell-7,1,29.0,39.0,6521.685395307864,5386.901358761988
GTGGTATAGTCTGCCG-1-Topic-0-Cell-1,1,57.0,41.0,11254.0,5647.0
GTGGTATAGTCTGCCG-1-Topic-0-Cell-2,1,57.0,41.0,11289.68177145867,5608.049584262212
GTGGTATAGTCTGCCG-1-Topic-0-Cell-3,1,57.0,41.0,11179.582306694394,5653.531027807593
GTGGTATAGTCTGCCG-1-Topic-3-Cell-4,1,57.0,41.0,11326.608922440497,5702.66790353297
GTGGTATAGTCTGCCG-1-Topic-5-Cell-5,1,57.0,41.0,11235.59819438278,5542.967945553654
GTGGTATAGTCTGCCG-1-Topic-5-Cell-6,1,57.0,41.0,11190.603308934946,5746.6618184907275
GTGGTGGCCAAGTGAA-1-Topic-4-Cell-1,1,45.0,79.0,9152.0,9416.0
GTGGTGGCCAAGTGAA-1-Topic-9-Cell-2,1,45.0,79.0,9195.701066596173,9368.295678086573
GTGGTGGCCAAGTGAA-1-Topic-9-Cell-3,1,45.0,79.0,9060.857311783167,9423.998842812265
GTGGTGGCCAAGTGAA-1-Topic-9-Cell-4,1,45.0,79.0,9240.927405376267,9484.178979353126
GTGGTTACTTCTTTCG-1-Topic-6-Cell-1,1,31.0,105.0,6711.0,11989.0
GTGGTTACTTCTTTCG-1-Topic-7-Cell-2,1,31.0,105.0,6772.802641070479,11921.53590096622
GTGGTTTCCGCCTTTC-1-Topic-0-Cell-1,1,42.0,32.0,8662.0,4735.0
GTGGTTTCCGCCTTTC-1-Topic-0-Cell-2,1,42.0,32.0,8701.087422239316,4692.331957352419
GTGGTTTCCGCCTTTC-1-Topic-3-Cell-3,1,42.0,32.0,8580.479501398038,4742.154382507824
GTGGTTTCCGCCTTTC-1-Topic-3-Cell-4,1,42.0,32.0,8741.539089393606,4795.981132988058
GTGGTTTCCGCCTTTC-1-Topic-3-Cell-5,1,42.0,32.0,8641.841831929245,4621.038594152262
GTGTACCTTGGCTACG-1-Topic-3-Cell-1,1,26.0,78.0,5862.0,9296.0
GTGTACCTTGGCTACG-1-Topic-6-Cell-2,1,26.0,78.0,5901.087422239316,9253.331957352419
GTGTACCTTGGCTACG-1-Topic-6-Cell-3,1,26.0,78.0,5780.479501398037,9303.154382507824
GTGTACCTTGGCTACG-1-Topic-6-Cell-4,1,26.0,78.0,5941.5390893936055,9356.981132988058
GTGTACCTTGGCTACG-1-Topic-8-Cell-5,1,26.0,78.0,5841.841831929245,9182.038594152262
GTGTATATCAGCGGGC-1-Topic-2-Cell-1,1,58.0,76.0,11405.0,9132.0
GTGTATATCAGCGGGC-1-Topic-6-Cell-2,1,58.0,76.0,11440.68177145867,9093.049584262211
GTGTATATCAGCGGGC-1-Topic-6-Cell-3,1,58.0,76.0,11330.582306694394,9138.531027807592
GTGTATATCAGCGGGC-1-Topic-6-Cell-4,1,58.0,76.0,11477.608922440497,9187.667903532969
GTGTATATCAGCGGGC-1-Topic-6-Cell-5,1,58.0,76.0,11386.59819438278,9027.967945553655
GTGTATATCAGCGGGC-1-Topic-7-Cell-6,1,58.0,76.0,11341.603308934946,9231.661818490727
GTGTCGTATAGCGTTC-1-Topic-2-Cell-1,1,54.0,76.0,10713.0,9128.0
GTGTCGTATAGCGTTC-1-Topic-4-Cell-2,1,54.0,76.0,10748.68177145867,9089.049584262211
GTGTCGTATAGCGTTC-1-Topic-4-Cell-3,1,54.0,76.0,10638.582306694394,9134.531027807592
GTGTCGTATAGCGTTC-1-Topic-7-Cell-4,1,54.0,76.0,10785.608922440497,9183.667903532969
GTGTCGTATAGCGTTC-1-Topic-7-Cell-5,1,54.0,76.0,10694.59819438278,9023.967945553655
GTGTCGTATAGCGTTC-1-Topic-9-Cell-6,1,54.0,76.0,10649.603308934946,9227.661818490727
GTGTGAATAACTTAGG-1-Topic-2-Cell-1,1,33.0,83.0,7072.0,9801.0
GTGTGAATAACTTAGG-1-Topic-2-Cell-2,1,33.0,83.0,7122.461645126349,9745.91579380355
GTGTGAATAACTTAGG-1-Topic-6-Cell-3,1,33.0,83.0,6966.757488846692,9810.236268101733
GTGTTACTATGCGTCC-1-Topic-4-Cell-1,1,41.0,75.0,8462.0,9014.0
GTGTTACTATGCGTCC-1-Topic-6-Cell-2,1,41.0,75.0,8492.90132053524,8980.26795048311
GTGTTACTATGCGTCC-1-Topic-6-Cell-3,1,41.0,75.0,8397.552387106307,9019.656035994198
GTGTTACTATGCGTCC-1-Topic-7-Cell-4,1,41.0,75.0,8524.881171374884,9062.209818634972
GTGTTACTATGCGTCC-1-Topic-7-Cell-5,1,41.0,75.0,8446.063568859983,8923.90559804158
GTGTTACTATGCGTCC-1-Topic-7-Cell-6,1,41.0,75.0,8407.096855021788,9100.309666600324
GTGTTACTATGCGTCC-1-Topic-9-Cell-7,1,41.0,75.0,8570.213778473884,8984.90988482329
GTGTTACTATGCGTCC-1-Topic-9-Cell-8,1,41.0,75.0,8354.588675800891,8958.214635774117
GTTAAAGTAGGACTGG-1-Topic-4-Cell-1,1,49.0,83.0,9842.0,9819.0
GTTAAAGTAGGACTGG-1-Topic-6-Cell-2,1,49.0,83.0,9875.034901211928,9782.938922215459
GTTAAAGTAGGACTGG-1-Topic-6-Cell-3,1,49.0,83.0,9773.102603758962,9825.046556816444
GTTAAAGTAGGACTGG-1-Topic-9-Cell-4,1,49.0,83.0,9909.222799818237,9870.538464003022
GTTAAAGTAGGACTGG-1-Topic-9-Cell-5,1,49.0,83.0,9824.96323848747,9722.68503297294
GTTAAAGTAGGACTGG-1-Topic-9-Cell-6,1,49.0,83.0,9783.3060691529,9911.268914738599
GTTAAAGTAGGACTGG-1-Topic-9-Cell-7,1,49.0,83.0,9957.685395307864,9787.901358761988
GTTAACATCACTTAAA-1-Topic-6-Cell-1,1,55.0,73.0,10888.0,8830.0
GTTAACATCACTTAAA-1-Topic-6-Cell-2,1,55.0,73.0,10923.68177145867,8791.049584262211
GTTAACATCACTTAAA-1-Topic-6-Cell-3,1,55.0,73.0,10813.582306694394,8836.531027807592
GTTAACATCACTTAAA-1-Topic-6-Cell-4,1,55.0,73.0,10960.608922440497,8885.667903532969
GTTAACATCACTTAAA-1-Topic-6-Cell-5,1,55.0,73.0,10869.59819438278,8725.967945553655
GTTAACATCACTTAAA-1-Topic-7-Cell-6,1,55.0,73.0,10824.603308934946,8929.661818490727
GTTAAGGGTGCGATGT-1-Topic-6-Cell-1,1,61.0,71.0,11928.0,8638.0
GTTAAGGGTGCGATGT-1-Topic-6-Cell-2,1,61.0,71.0,11989.802641070479,8570.53590096622
GTTACAATTGGTGACG-1-Topic-3-Cell-1,1,37.0,33.0,7795.0,4829.0
GTTACAATTGGTGACG-1-Topic-3-Cell-2,1,37.0,33.0,7856.802641070479,4761.535900966221
GTTACCTACAACTTGC-1-Topic-3-Cell-1,1,47.0,67.0,9506.0,8224.0
GTTACCTACAACTTGC-1-Topic-3-Cell-2,1,47.0,67.0,9545.087422239316,8181.331957352419
GTTACCTACAACTTGC-1-Topic-3-Cell-3,1,47.0,67.0,9424.479501398038,8231.154382507824
GTTACCTACAACTTGC-1-Topic-6-Cell-4,1,47.0,67.0,9585.539089393606,8284.981132988058
GTTACCTACAACTTGC-1-Topic-9-Cell-5,1,47.0,67.0,9485.841831929245,8110.038594152262
GTTACTTTGGGCCTAG-1-Topic-0-Cell-1,1,43.0,51.0,8823.0,6627.0
GTTACTTTGGGCCTAG-1-Topic-3-Cell-2,1,43.0,51.0,8862.087422239316,6584.331957352419
GTTACTTTGGGCCTAG-1-Topic-3-Cell-3,1,43.0,51.0,8741.479501398038,6634.154382507824
GTTACTTTGGGCCTAG-1-Topic-7-Cell-4,1,43.0,51.0,8902.539089393606,6687.981132988058
GTTACTTTGGGCCTAG-1-Topic-7-Cell-5,1,43.0,51.0,8802.841831929245,6513.038594152262
GTTAGCCCATGACATC-1-Topic-0-Cell-1,1,67.0,75.0,12965.0,9042.0
GTTAGCCCATGACATC-1-Topic-5-Cell-2,1,67.0,75.0,13026.802641070479,8974.53590096622
GTTAGCCGTAAATCAA-1-Topic-3-Cell-1,1,30.0,110.0,6535.0,12485.0
GTTAGCCGTAAATCAA-1-Topic-7-Cell-2,1,30.0,110.0,6596.802641070479,12417.53590096622
GTTAGGCTACCCGTTT-1-Topic-0-Cell-1,1,54.0,14.0,10751.0,2957.0
GTTAGGCTACCCGTTT-1-Topic-0-Cell-2,1,54.0,14.0,10784.034901211928,2920.9389222154587
GTTAGGCTACCCGTTT-1-Topic-3-Cell-3,1,54.0,14.0,10682.102603758962,2963.046556816443
GTTAGGCTACCCGTTT-1-Topic-3-Cell-4,1,54.0,14.0,10818.222799818237,3008.5384640030225
GTTAGGCTACCCGTTT-1-Topic-3-Cell-5,1,54.0,14.0,10733.96323848747,2860.6850329729414
GTTAGGCTACCCGTTT-1-Topic-3-Cell-6,1,54.0,14.0,10692.3060691529,3049.268914738599
GTTAGGCTACCCGTTT-1-Topic-3-Cell-7,1,54.0,14.0,10866.685395307864,2925.9013587619884
GTTATAATACGGTGAA-1-Topic-4-Cell-1,1,53.0,107.0,10520.0,12212.0
GTTATAATACGGTGAA-1-Topic-4-Cell-2,1,53.0,107.0,10563.701066596173,12164.295678086573
GTTATAATACGGTGAA-1-Topic-6-Cell-3,1,53.0,107.0,10428.857311783167,12219.998842812265
GTTATAATACGGTGAA-1-Topic-7-Cell-4,1,53.0,107.0,10608.927405376267,12280.178979353126
GTTATATTATCTCCCT-1-Topic-0-Cell-1,1,48.0,56.0,9686.0,7130.0
GTTATATTATCTCCCT-1-Topic-0-Cell-2,1,48.0,56.0,9729.701066596173,7082.295678086574
GTTATATTATCTCCCT-1-Topic-5-Cell-3,1,48.0,56.0,9594.857311783167,7137.998842812265
GTTATATTATCTCCCT-1-Topic-6-Cell-4,1,48.0,56.0,9774.927405376267,7198.178979353126
GTTCACAGGAGTCTAG-1-Topic-2-Cell-1,1,32.0,34.0,6929.0,4923.0
GTTCACAGGAGTCTAG-1-Topic-3-Cell-2,1,32.0,34.0,6968.087422239316,4880.331957352419
GTTCACAGGAGTCTAG-1-Topic-5-Cell-3,1,32.0,34.0,6847.479501398037,4930.154382507824
GTTCACAGGAGTCTAG-1-Topic-5-Cell-4,1,32.0,34.0,7008.5390893936055,4983.981132988058
GTTCACAGGAGTCTAG-1-Topic-6-Cell-5,1,32.0,34.0,6908.841831929245,4809.038594152262
GTTCATCGTTTGGCTG-1-Topic-6-Cell-1,1,33.0,105.0,7058.0,11991.0
GTTCATCGTTTGGCTG-1-Topic-7-Cell-2,1,33.0,105.0,7097.087422239316,11948.331957352419
GTTCATCGTTTGGCTG-1-Topic-7-Cell-3,1,33.0,105.0,6976.479501398037,11998.154382507824
GTTCATCGTTTGGCTG-1-Topic-7-Cell-4,1,33.0,105.0,7137.5390893936055,12051.981132988058
GTTCATCGTTTGGCTG-1-Topic-7-Cell-5,1,33.0,105.0,7037.841831929245,11877.038594152262
GTTCCAGTCTGACCAT-1-Topic-3-Cell-1,1,17.0,53.0,4319.0,6798.0
GTTCCAGTCTGACCAT-1-Topic-3-Cell-2,1,17.0,53.0,4358.087422239316,6755.331957352419
GTTCCAGTCTGACCAT-1-Topic-7-Cell-3,1,17.0,53.0,4237.479501398037,6805.154382507824
GTTCCAGTCTGACCAT-1-Topic-7-Cell-4,1,17.0,53.0,4398.5390893936055,6858.981132988058
GTTCCAGTCTGACCAT-1-Topic-8-Cell-5,1,17.0,53.0,4298.841831929245,6684.038594152262
GTTCGCCATAAGTGCC-1-Topic-2-Cell-1,1,37.0,53.0,7783.0,6820.0
GTTCGCCATAAGTGCC-1-Topic-3-Cell-2,1,37.0,53.0,7816.034901211928,6783.938922215459
GTTCGCCATAAGTGCC-1-Topic-3-Cell-3,1,37.0,53.0,7714.102603758962,6826.046556816443
GTTCGCCATAAGTGCC-1-Topic-3-Cell-4,1,37.0,53.0,7850.222799818238,6871.538464003022
GTTCGCCATAAGTGCC-1-Topic-3-Cell-5,1,37.0,53.0,7765.9632384874685,6723.685032972941
GTTCGCCATAAGTGCC-1-Topic-6-Cell-6,1,37.0,53.0,7724.306069152901,6912.268914738599
GTTCGCCATAAGTGCC-1-Topic-7-Cell-7,1,37.0,53.0,7898.685395307864,6788.901358761988
GTTCGCTGAGACGTCT-1-Topic-2-Cell-1,1,53.0,109.0,10519.0,12411.0
GTTCGCTGAGACGTCT-1-Topic-2-Cell-2,1,53.0,109.0,10562.701066596173,12363.295678086573
GTTCGCTGAGACGTCT-1-Topic-7-Cell-3,1,53.0,109.0,10427.857311783167,12418.998842812265
GTTCGCTGAGACGTCT-1-Topic-7-Cell-4,1,53.0,109.0,10607.927405376267,12479.178979353126
GTTCGGATCGGGAACA-1-Topic-3-Cell-1,1,44.0,110.0,8960.0,12501.0
GTTCGGATCGGGAACA-1-Topic-6-Cell-2,1,44.0,110.0,9010.46164512635,12445.91579380355
GTTCGGATCGGGAACA-1-Topic-9-Cell-3,1,44.0,110.0,8854.757488846692,12510.236268101733
GTTCGGGCGTACCATT-1-Topic-7-Cell-1,1,32.0,108.0,6883.0,12289.0
GTTCGGGCGTACCATT-1-Topic-9-Cell-2,1,32.0,108.0,6944.802641070479,12221.53590096622
GTTCGTCTAAAGAACT-1-Topic-4-Cell-1,1,51.0,89.0,10185.0,10418.0
GTTCGTCTAAAGAACT-1-Topic-6-Cell-2,1,51.0,89.0,10235.46164512635,10362.91579380355
GTTCGTCTAAAGAACT-1-Topic-6-Cell-3,1,51.0,89.0,10079.757488846692,10427.236268101733
GTTGAACCGGTTCCAT-1-Topic-3-Cell-1,1,42.0,40.0,8657.0,5531.0
GTTGAACCGGTTCCAT-1-Topic-3-Cell-2,1,42.0,40.0,8707.46164512635,5475.91579380355
GTTGAACCGGTTCCAT-1-Topic-3-Cell-3,1,42.0,40.0,8551.757488846692,5540.236268101734
GTTGAGTCCCGCCGGT-1-Topic-4-Cell-1,1,52.0,78.0,10365.0,9324.0
GTTGAGTCCCGCCGGT-1-Topic-4-Cell-2,1,52.0,78.0,10400.68177145867,9285.049584262211
GTTGAGTCCCGCCGGT-1-Topic-4-Cell-3,1,52.0,78.0,10290.582306694394,9330.531027807592
GTTGAGTCCCGCCGGT-1-Topic-4-Cell-4,1,52.0,78.0,10437.608922440497,9379.667903532969
GTTGAGTCCCGCCGGT-1-Topic-9-Cell-5,1,52.0,78.0,10346.59819438278,9219.967945553655
GTTGAGTCCCGCCGGT-1-Topic-9-Cell-6,1,52.0,78.0,10301.603308934946,9423.661818490727
GTTGCACGGAGTTTCG-1-Topic-3-Cell-1,1,24.0,48.0,5535.0,6308.0
GTTGCACGGAGTTTCG-1-Topic-6-Cell-2,1,24.0,48.0,5568.034901211928,6271.938922215459
GTTGCACGGAGTTTCG-1-Topic-6-Cell-3,1,24.0,48.0,5466.102603758962,6314.046556816443
GTTGCACGGAGTTTCG-1-Topic-6-Cell-4,1,24.0,48.0,5602.222799818238,6359.538464003022
GTTGCACGGAGTTTCG-1-Topic-6-Cell-5,1,24.0,48.0,5517.9632384874685,6211.685032972941
GTTGCACGGAGTTTCG-1-Topic-7-Cell-6,1,24.0,48.0,5476.306069152901,6400.268914738599
GTTGCACGGAGTTTCG-1-Topic-7-Cell-7,1,24.0,48.0,5650.685395307864,6276.901358761988
GTTGGATTGAGAACAC-1-Topic-3-Cell-1,1,32.0,88.0,6895.0,10298.0
GTTGGATTGAGAACAC-1-Topic-3-Cell-2,1,32.0,88.0,6934.087422239316,10255.331957352419
GTTGGATTGAGAACAC-1-Topic-6-Cell-3,1,32.0,88.0,6813.479501398037,10305.154382507824
GTTGGATTGAGAACAC-1-Topic-7-Cell-4,1,32.0,88.0,6974.5390893936055,10358.981132988058
GTTGGATTGAGAACAC-1-Topic-9-Cell-5,1,32.0,88.0,6874.841831929245,10184.038594152262
GTTGGATTTGCGTTGG-1-Topic-3-Cell-1,1,36.0,50.0,7612.0,6520.0
GTTGGATTTGCGTTGG-1-Topic-6-Cell-2,1,36.0,50.0,7647.6817714586705,6481.049584262212
GTTGGATTTGCGTTGG-1-Topic-7-Cell-3,1,36.0,50.0,7537.582306694395,6526.531027807593
GTTGGATTTGCGTTGG-1-Topic-7-Cell-4,1,36.0,50.0,7684.608922440497,6575.66790353297
GTTGGATTTGCGTTGG-1-Topic-7-Cell-5,1,36.0,50.0,7593.598194382778,6415.967945553654
GTTGGATTTGCGTTGG-1-Topic-8-Cell-6,1,36.0,50.0,7548.603308934945,6619.6618184907275
GTTGGTCATGCTATCC-1-Topic-6-Cell-1,1,55.0,63.0,10894.0,7835.0
GTTGGTCATGCTATCC-1-Topic-6-Cell-2,1,55.0,63.0,10924.90132053524,7801.26795048311
GTTGGTCATGCTATCC-1-Topic-6-Cell-3,1,55.0,63.0,10829.552387106307,7840.656035994198
GTTGGTCATGCTATCC-1-Topic-6-Cell-4,1,55.0,63.0,10956.881171374884,7883.209818634973
GTTGGTCATGCTATCC-1-Topic-6-Cell-5,1,55.0,63.0,10878.063568859983,7744.905598041579
GTTGGTCATGCTATCC-1-Topic-6-Cell-6,1,55.0,63.0,10839.096855021788,7921.309666600323
GTTGGTCATGCTATCC-1-Topic-6-Cell-7,1,55.0,63.0,11002.213778473884,7805.909884823291
GTTGGTCATGCTATCC-1-Topic-6-Cell-8,1,55.0,63.0,10786.588675800891,7779.214635774117
GTTTACGTTCCATCTG-1-Topic-2-Cell-1,1,48.0,64.0,9681.0,7927.0
GTTTACGTTCCATCTG-1-Topic-6-Cell-2,1,48.0,64.0,9714.034901211928,7890.938922215459
GTTTACGTTCCATCTG-1-Topic-6-Cell-3,1,48.0,64.0,9612.102603758962,7933.046556816443
GTTTACGTTCCATCTG-1-Topic-6-Cell-4,1,48.0,64.0,9748.222799818237,7978.538464003022
GTTTACGTTCCATCTG-1-Topic-6-Cell-5,1,48.0,64.0,9663.96323848747,7830.685032972941
GTTTACGTTCCATCTG-1-Topic-6-Cell-6,1,48.0,64.0,9622.3060691529,8019.268914738599
GTTTACGTTCCATCTG-1-Topic-6-Cell-7,1,48.0,64.0,9796.685395307864,7895.901358761988
GTTTCAAACGAGTTGT-1-Topic-3-Cell-1,1,61.0,109.0,11904.0,12420.0
GTTTCAAACGAGTTGT-1-Topic-3-Cell-2,1,61.0,109.0,11934.90132053524,12386.26795048311
GTTTCAAACGAGTTGT-1-Topic-5-Cell-3,1,61.0,109.0,11839.552387106307,12425.656035994198
GTTTCAAACGAGTTGT-1-Topic-7-Cell-4,1,61.0,109.0,11966.881171374884,12468.209818634972
GTTTCAAACGAGTTGT-1-Topic-7-Cell-5,1,61.0,109.0,11888.063568859983,12329.90559804158
GTTTCAAACGAGTTGT-1-Topic-7-Cell-6,1,61.0,109.0,11849.096855021788,12506.309666600324
GTTTCAAACGAGTTGT-1-Topic-7-Cell-7,1,61.0,109.0,12012.213778473884,12390.90988482329
GTTTCAAACGAGTTGT-1-Topic-7-Cell-8,1,61.0,109.0,11796.588675800891,12364.214635774117
GTTTCATATCGTCGCT-1-Topic-3-Cell-1,1,39.0,27.0,8146.0,4234.0
GTTTCATATCGTCGCT-1-Topic-3-Cell-2,1,39.0,27.0,8207.802641070479,4166.535900966221
GTTTCCTGGAGGGTGA-1-Topic-4-Cell-1,1,25.0,49.0,5707.0,6409.0
GTTTCCTGGAGGGTGA-1-Topic-6-Cell-2,1,25.0,49.0,5736.1340443974495,6377.197118724383
GTTTCCTGGAGGGTGA-1-Topic-6-Cell-3,1,25.0,49.0,5646.238207855446,6414.332561874843
GTTTCCTGGAGGGTGA-1-Topic-6-Cell-4,1,25.0,49.0,5766.284936917512,6454.452652902084
GTTTCCTGGAGGGTGA-1-Topic-6-Cell-5,1,25.0,49.0,5691.974988630642,6324.058183237672
GTTTCCTGGAGGGTGA-1-Topic-6-Cell-6,1,25.0,49.0,5655.236818503251,6490.373534046718
GTTTCCTGGAGGGTGA-1-Topic-6-Cell-7,1,25.0,49.0,5809.024928768936,6381.573576390734
GTTTCCTGGAGGGTGA-1-Topic-6-Cell-8,1,25.0,49.0,5605.731632376778,6356.405054219888
GTTTCCTGGAGGGTGA-1-Topic-6-Cell-9,1,25.0,49.0,5748.847516403668,6523.588445202443
GTTTCTGCAGTCTCCC-1-Topic-4-Cell-1,1,40.0,72.0,8291.0,8714.0
GTTTCTGCAGTCTCCC-1-Topic-4-Cell-2,1,40.0,72.0,8330.087422239316,8671.331957352419
GTTTCTGCAGTCTCCC-1-Topic-9-Cell-3,1,40.0,72.0,8209.479501398038,8721.154382507824
GTTTCTGCAGTCTCCC-1-Topic-9-Cell-4,1,40.0,72.0,8370.539089393606,8774.981132988058
GTTTCTGCAGTCTCCC-1-Topic-9-Cell-5,1,40.0,72.0,8270.841831929245,8600.038594152262
GTTTGACCAAATCCTA-1-Topic-3-Cell-1,1,30.0,58.0,6568.0,7310.0
GTTTGACCAAATCCTA-1-Topic-3-Cell-2,1,30.0,58.0,6611.701066596173,7262.295678086574
GTTTGACCAAATCCTA-1-Topic-3-Cell-3,1,30.0,58.0,6476.8573117831675,7317.998842812265
GTTTGACCAAATCCTA-1-Topic-6-Cell-4,1,30.0,58.0,6656.927405376267,7378.178979353126
GTTTGGCCCAAGTTAT-1-Topic-4-Cell-1,1,42.0,80.0,8632.0,9513.0
GTTTGGCCCAAGTTAT-1-Topic-9-Cell-2,1,42.0,80.0,8675.701066596173,9465.295678086573
GTTTGGCCCAAGTTAT-1-Topic-9-Cell-3,1,42.0,80.0,8540.857311783167,9520.998842812265
GTTTGGCCCAAGTTAT-1-Topic-9-Cell-4,1,42.0,80.0,8720.927405376267,9581.178979353126
GTTTGGGCTTGTGAGC-1-Topic-4-Cell-1,1,51.0,65.0,10200.0,8029.0
GTTTGGGCTTGTGAGC-1-Topic-5-Cell-2,1,51.0,65.0,10243.701066596173,7981.295678086574
GTTTGGGCTTGTGAGC-1-Topic-6-Cell-3,1,51.0,65.0,10108.857311783167,8036.998842812265
GTTTGGGCTTGTGAGC-1-Topic-7-Cell-4,1,51.0,65.0,10288.927405376267,8097.178979353126
GTTTGGGTTTCGCCCG-1-Topic-5-Cell-1,1,63.0,91.0,12262.0,10630.0
GTTTGGGTTTCGCCCG-1-Topic-5-Cell-2,1,63.0,91.0,12301.087422239316,10587.331957352419
GTTTGGGTTTCGCCCG-1-Topic-5-Cell-3,1,63.0,91.0,12180.479501398038,10637.154382507824
GTTTGGGTTTCGCCCG-1-Topic-6-Cell-4,1,63.0,91.0,12341.539089393606,10690.981132988058
GTTTGGGTTTCGCCCG-1-Topic-7-Cell-5,1,63.0,91.0,12241.841831929245,10516.038594152262
GTTTGGTAGGGTCAAC-1-Topic-5-Cell-1,1,53.0,59.0,10550.0,7434.0
GTTTGGTAGGGTCAAC-1-Topic-6-Cell-2,1,53.0,59.0,10593.701066596173,7386.295678086574
GTTTGGTAGGGTCAAC-1-Topic-7-Cell-3,1,53.0,59.0,10458.857311783167,7441.998842812265
GTTTGGTAGGGTCAAC-1-Topic-7-Cell-4,1,53.0,59.0,10638.927405376267,7502.178979353126
GTTTGGTGATCGGTGC-1-Topic-0-Cell-1,1,66.0,38.0,12815.0,5358.0
GTTTGGTGATCGGTGC-1-Topic-0-Cell-2,1,66.0,38.0,12850.68177145867,5319.049584262212
GTTTGGTGATCGGTGC-1-Topic-3-Cell-3,1,66.0,38.0,12740.582306694394,5364.531027807593
GTTTGGTGATCGGTGC-1-Topic-3-Cell-4,1,66.0,38.0,12887.608922440497,5413.66790353297
GTTTGGTGATCGGTGC-1-Topic-3-Cell-5,1,66.0,38.0,12796.59819438278,5253.967945553654
GTTTGGTGATCGGTGC-1-Topic-3-Cell-6,1,66.0,38.0,12751.603308934946,5457.6618184907275
TAAACCCAGGAGGGCA-1-Topic-0-Cell-1,1,54.0,36.0,10738.0,5146.0
TAAACCCAGGAGGGCA-1-Topic-0-Cell-2,1,54.0,36.0,10781.701066596173,5098.295678086574
TAAACCCAGGAGGGCA-1-Topic-0-Cell-3,1,54.0,36.0,10646.857311783167,5153.998842812265
TAAACCCAGGAGGGCA-1-Topic-6-Cell-4,1,54.0,36.0,10826.927405376267,5214.178979353126
TAAAGCGGTATTTCCA-1-Topic-0-Cell-1,1,63.0,49.0,12288.0,6450.0
TAAAGCGGTATTTCCA-1-Topic-0-Cell-2,1,63.0,49.0,12327.087422239316,6407.331957352419
TAAAGCGGTATTTCCA-1-Topic-0-Cell-3,1,63.0,49.0,12206.479501398038,6457.154382507824
TAAAGCGGTATTTCCA-1-Topic-3-Cell-4,1,63.0,49.0,12367.539089393606,6510.981132988058
TAAAGCGGTATTTCCA-1-Topic-3-Cell-5,1,63.0,49.0,12267.841831929245,6336.038594152262
TAAAGCGTTAGGAGAA-1-Topic-4-Cell-1,1,28.0,88.0,6203.0,10294.0
TAAAGCGTTAGGAGAA-1-Topic-4-Cell-2,1,28.0,88.0,6242.087422239316,10251.331957352419
TAAAGCGTTAGGAGAA-1-Topic-6-Cell-3,1,28.0,88.0,6121.479501398037,10301.154382507824
TAAAGCGTTAGGAGAA-1-Topic-6-Cell-4,1,28.0,88.0,6282.5390893936055,10354.981132988058
TAAAGCGTTAGGAGAA-1-Topic-6-Cell-5,1,28.0,88.0,6182.841831929245,10180.038594152262
TAAATGAATCCGTTTC-1-Topic-3-Cell-1,1,23.0,29.0,5373.0,4416.0
TAAATGAATCCGTTTC-1-Topic-3-Cell-2,1,23.0,29.0,5416.701066596173,4368.295678086574
TAAATGAATCCGTTTC-1-Topic-3-Cell-3,1,23.0,29.0,5281.8573117831675,4423.998842812265
TAAATGAATCCGTTTC-1-Topic-4-Cell-4,1,23.0,29.0,5461.927405376267,4484.178979353126
TAACAAAGGGAGAAGC-1-Topic-0-Cell-1,1,21.0,35.0,5023.0,5011.0
TAACAAAGGGAGAAGC-1-Topic-5-Cell-2,1,21.0,35.0,5073.461645126349,4955.91579380355
TAACAAAGGGAGAAGC-1-Topic-5-Cell-3,1,21.0,35.0,4917.757488846692,5020.236268101734
TAACAATATTTGTTGC-1-Topic-0-Cell-1,1,28.0,16.0,6247.0,3128.0
TAACAATATTTGTTGC-1-Topic-0-Cell-2,1,28.0,16.0,6297.461645126349,3072.9157938035496
TAACAATATTTGTTGC-1-Topic-5-Cell-3,1,28.0,16.0,6141.757488846692,3137.236268101734
TAACAGCGTTTGTGCT-1-Topic-0-Cell-1,1,63.0,37.0,12296.0,5256.0
TAACAGCGTTTGTGCT-1-Topic-3-Cell-2,1,63.0,37.0,12357.802641070479,5188.535900966221
TAACATACAATGTGGG-1-Topic-4-Cell-1,1,38.0,70.0,7946.0,8513.0
TAACATACAATGTGGG-1-Topic-4-Cell-2,1,38.0,70.0,7989.701066596173,8465.295678086573
TAACATACAATGTGGG-1-Topic-4-Cell-3,1,38.0,70.0,7854.8573117831675,8520.998842812265
TAACATACAATGTGGG-1-Topic-4-Cell-4,1,38.0,70.0,8034.927405376267,8581.178979353126
TAACATACACGCGATC-1-Topic-0-Cell-1,1,55.0,25.0,10918.0,4053.0
TAACATACACGCGATC-1-Topic-0-Cell-2,1,55.0,25.0,10961.701066596173,4005.295678086574
TAACATACACGCGATC-1-Topic-0-Cell-3,1,55.0,25.0,10826.857311783167,4060.998842812265
TAACATACACGCGATC-1-Topic-5-Cell-4,1,55.0,25.0,11006.927405376267,4121.178979353126
TAACCTACCGTCCGAG-1-Topic-7-Cell-1,1,33.0,101.0,7060.0,11593.0
TAACCTACCGTCCGAG-1-Topic-8-Cell-2,1,33.0,101.0,7121.802641070479,11525.53590096622
TAACCTAGGGAGTCCA-1-Topic-6-Cell-1,1,60.0,106.0,11733.0,12120.0
TAACCTAGGGAGTCCA-1-Topic-7-Cell-2,1,60.0,106.0,11776.701066596173,12072.295678086573
TAACCTAGGGAGTCCA-1-Topic-8-Cell-3,1,60.0,106.0,11641.857311783167,12127.998842812265
TAACCTAGGGAGTCCA-1-Topic-8-Cell-4,1,60.0,106.0,11821.927405376267,12188.178979353126
TAACGCTTTGAGAGCG-1-Topic-2-Cell-1,1,27.0,29.0,6066.0,4420.0
TAACGCTTTGAGAGCG-1-Topic-3-Cell-2,1,27.0,29.0,6105.087422239316,4377.331957352419
TAACGCTTTGAGAGCG-1-Topic-5-Cell-3,1,27.0,29.0,5984.479501398037,4427.154382507824
TAACGCTTTGAGAGCG-1-Topic-6-Cell-4,1,27.0,29.0,6145.5390893936055,4480.981132988058
TAACGCTTTGAGAGCG-1-Topic-6-Cell-5,1,27.0,29.0,6045.841831929245,4306.038594152262
TAACTATCGAAGGTCC-1-Topic-1-Cell-1,1,24.0,34.0,5544.0,4915.0
TAACTATCGAAGGTCC-1-Topic-3-Cell-2,1,24.0,34.0,5577.034901211928,4878.938922215459
TAACTATCGAAGGTCC-1-Topic-3-Cell-3,1,24.0,34.0,5475.102603758962,4921.046556816443
TAACTATCGAAGGTCC-1-Topic-5-Cell-4,1,24.0,34.0,5611.222799818238,4966.538464003022
TAACTATCGAAGGTCC-1-Topic-5-Cell-5,1,24.0,34.0,5526.9632384874685,4818.685032972941
TAACTATCGAAGGTCC-1-Topic-5-Cell-6,1,24.0,34.0,5485.306069152901,5007.268914738599
TAACTATCGAAGGTCC-1-Topic-6-Cell-7,1,24.0,34.0,5659.685395307864,4883.901358761988
TAACTATTACGCCAAA-1-Topic-3-Cell-1,1,29.0,107.0,6364.0,12186.0
TAACTATTACGCCAAA-1-Topic-4-Cell-2,1,29.0,107.0,6403.087422239316,12143.331957352419
TAACTATTACGCCAAA-1-Topic-6-Cell-3,1,29.0,107.0,6282.479501398037,12193.154382507824
TAACTATTACGCCAAA-1-Topic-6-Cell-4,1,29.0,107.0,6443.5390893936055,12246.981132988058
TAACTATTACGCCAAA-1-Topic-6-Cell-5,1,29.0,107.0,6343.841831929245,12072.038594152262
TAACTCATCCGCGCGG-1-Topic-0-Cell-1,1,43.0,49.0,8825.0,6428.0
TAACTCATCCGCGCGG-1-Topic-7-Cell-2,1,43.0,49.0,8886.802641070479,6360.535900966221
TAACTCCATGGAGGCT-1-Topic-0-Cell-1,1,19.0,27.0,4682.0,4213.0
TAAGGAACTTGTGGGA-1-Topic-0-Cell-1,1,16.0,40.0,4154.0,5503.0
TAAGGAACTTGTGGGA-1-Topic-5-Cell-2,1,16.0,40.0,4197.701066596173,5455.295678086574
TAAGGAACTTGTGGGA-1-Topic-5-Cell-3,1,16.0,40.0,4062.857311783168,5510.998842812265
TAAGGAACTTGTGGGA-1-Topic-5-Cell-4,1,16.0,40.0,4242.927405376267,5571.178979353126
TAAGGCAACATAAGAT-1-Topic-1-Cell-1,1,25.0,71.0,5694.0,8598.0
TAAGGCAACATAAGAT-1-Topic-6-Cell-2,1,25.0,71.0,5729.6817714586705,8559.049584262211
TAAGGCAACATAAGAT-1-Topic-6-Cell-3,1,25.0,71.0,5619.582306694395,8604.531027807592
TAAGGCAACATAAGAT-1-Topic-6-Cell-4,1,25.0,71.0,5766.608922440497,8653.667903532969
TAAGGCAACATAAGAT-1-Topic-6-Cell-5,1,25.0,71.0,5675.598194382778,8493.967945553655
TAAGGCAACATAAGAT-1-Topic-6-Cell-6,1,25.0,71.0,5630.603308934945,8697.661818490727
TAAGGCATAACATCAA-1-Topic-3-Cell-1,1,57.0,49.0,11249.0,6444.0
TAAGGCATAACATCAA-1-Topic-3-Cell-2,1,57.0,49.0,11310.802641070479,6376.535900966221
TAAGGCCCGTCACCCT-1-Topic-6-Cell-1,1,62.0,70.0,12102.0,8539.0
TAAGGCCCGTCACCCT-1-Topic-6-Cell-2,1,62.0,70.0,12137.68177145867,8500.049584262211
TAAGGCCCGTCACCCT-1-Topic-6-Cell-3,1,62.0,70.0,12027.582306694394,8545.531027807592
TAAGGCCCGTCACCCT-1-Topic-6-Cell-4,1,62.0,70.0,12174.608922440497,8594.667903532969
TAAGGCCCGTCACCCT-1-Topic-6-Cell-5,1,62.0,70.0,12083.59819438278,8434.967945553655
TAAGGCCCGTCACCCT-1-Topic-7-Cell-6,1,62.0,70.0,12038.603308934946,8638.661818490727
TAAGGGCCTGTCCGAT-1-Topic-3-Cell-1,1,57.0,95.0,11220.0,11022.0
TAAGGGCCTGTCCGAT-1-Topic-3-Cell-2,1,57.0,95.0,11250.90132053524,10988.26795048311
TAAGGGCCTGTCCGAT-1-Topic-5-Cell-3,1,57.0,95.0,11155.552387106307,11027.656035994198
TAAGGGCCTGTCCGAT-1-Topic-5-Cell-4,1,57.0,95.0,11282.881171374884,11070.209818634972
TAAGGGCCTGTCCGAT-1-Topic-7-Cell-5,1,57.0,95.0,11204.063568859983,10931.90559804158
TAAGGGCCTGTCCGAT-1-Topic-7-Cell-6,1,57.0,95.0,11165.096855021788,11108.309666600324
TAAGGGCCTGTCCGAT-1-Topic-7-Cell-7,1,57.0,95.0,11328.213778473884,10992.90988482329
TAAGGGCCTGTCCGAT-1-Topic-7-Cell-8,1,57.0,95.0,11112.588675800891,10966.214635774117
TAAGTAACATCTTGAC-1-Topic-3-Cell-1,1,46.0,40.0,9350.0,5536.0
TAAGTAACATCTTGAC-1-Topic-3-Cell-2,1,46.0,40.0,9400.46164512635,5480.91579380355
TAAGTAACATCTTGAC-1-Topic-7-Cell-3,1,46.0,40.0,9244.757488846692,5545.236268101734
TAAGTCGCCGAGTATC-1-Topic-0-Cell-1,1,54.0,32.0,10740.0,4748.0
TAAGTTGCGACGTAGG-1-Topic-3-Cell-1,1,53.0,95.0,10528.0,11018.0
TAAGTTGCGACGTAGG-1-Topic-6-Cell-2,1,53.0,95.0,10567.087422239316,10975.331957352419
TAAGTTGCGACGTAGG-1-Topic-8-Cell-3,1,53.0,95.0,10446.479501398038,11025.154382507824
TAAGTTGCGACGTAGG-1-Topic-8-Cell-4,1,53.0,95.0,10607.539089393606,11078.981132988058
TAAGTTGCGACGTAGG-1-Topic-8-Cell-5,1,53.0,95.0,10507.841831929245,10904.038594152262
TAATACACAGTAGTAT-1-Topic-8-Cell-1,1,20.0,64.0,4832.0,7896.0
TAATACACAGTAGTAT-1-Topic-8-Cell-2,1,20.0,64.0,4871.087422239316,7853.331957352419
TAATACACAGTAGTAT-1-Topic-8-Cell-3,1,20.0,64.0,4750.479501398037,7903.154382507824
TAATACACAGTAGTAT-1-Topic-8-Cell-4,1,20.0,64.0,4911.5390893936055,7956.981132988058
TAATACACAGTAGTAT-1-Topic-8-Cell-5,1,20.0,64.0,4811.841831929245,7782.038594152262
TAATAGAACAGAGTTA-1-Topic-0-Cell-1,1,50.0,38.0,10044.0,5341.0
TAATAGAACAGAGTTA-1-Topic-2-Cell-2,1,50.0,38.0,10083.087422239316,5298.331957352419
TAATAGAACAGAGTTA-1-Topic-3-Cell-3,1,50.0,38.0,9962.479501398038,5348.154382507824
TAATAGAACAGAGTTA-1-Topic-5-Cell-4,1,50.0,38.0,10123.539089393606,5401.981132988058
TAATAGAACAGAGTTA-1-Topic-6-Cell-5,1,50.0,38.0,10023.841831929245,5227.038594152262
TAATAGGTCACCAGAA-1-Topic-0-Cell-1,1,61.0,21.0,11959.0,3661.0
TAATAGGTCACCAGAA-1-Topic-0-Cell-2,1,61.0,21.0,12020.802641070479,3593.5359009662207
TAATAGTGACGACCAG-1-Topic-6-Cell-1,1,27.0,83.0,6032.0,9795.0
TAATAGTGACGACCAG-1-Topic-7-Cell-2,1,27.0,83.0,6082.461645126349,9739.91579380355
TAATAGTGACGACCAG-1-Topic-7-Cell-3,1,27.0,83.0,5926.757488846692,9804.236268101733
TAATATTGAAATTCGC-1-Topic-1-Cell-1,1,17.0,47.0,4323.0,6201.0
TAATATTGAAATTCGC-1-Topic-3-Cell-2,1,17.0,47.0,4373.461645126349,6145.91579380355
TAATATTGAAATTCGC-1-Topic-6-Cell-3,1,17.0,47.0,4217.757488846692,6210.236268101734
TAATCGATCCGTACGT-1-Topic-6-Cell-1,1,25.0,93.0,5680.0,10788.0
TAATCGATCCGTACGT-1-Topic-6-Cell-2,1,25.0,93.0,5723.701066596173,10740.295678086573
TAATCGATCCGTACGT-1-Topic-6-Cell-3,1,25.0,93.0,5588.8573117831675,10795.998842812265
TAATCGATCCGTACGT-1-Topic-8-Cell-4,1,25.0,93.0,5768.927405376267,10856.178979353126
TAATTACGTCAGTAGA-1-Topic-0-Cell-1,1,62.0,102.0,12082.0,11724.0
TAATTACGTCAGTAGA-1-Topic-0-Cell-2,1,62.0,102.0,12117.68177145867,11685.049584262211
TAATTACGTCAGTAGA-1-Topic-3-Cell-3,1,62.0,102.0,12007.582306694394,11730.531027807592
TAATTACGTCAGTAGA-1-Topic-3-Cell-4,1,62.0,102.0,12154.608922440497,11779.667903532969
TAATTACGTCAGTAGA-1-Topic-3-Cell-5,1,62.0,102.0,12063.59819438278,11619.967945553655
TAATTACGTCAGTAGA-1-Topic-7-Cell-6,1,62.0,102.0,12018.603308934946,11823.661818490727
TAATTAGGACATCCGT-1-Topic-0-Cell-1,1,42.0,108.0,8615.0,12299.0
TAATTAGGACATCCGT-1-Topic-9-Cell-2,1,42.0,108.0,8676.802641070479,12231.53590096622
TAATTGGAATCGGGAA-1-Topic-2-Cell-1,1,17.0,105.0,4287.0,11974.0
TAATTGGAATCGGGAA-1-Topic-6-Cell-2,1,17.0,105.0,4322.6817714586705,11935.049584262211
TAATTGGAATCGGGAA-1-Topic-6-Cell-3,1,17.0,105.0,4212.582306694395,11980.531027807592
TAATTGGAATCGGGAA-1-Topic-6-Cell-4,1,17.0,105.0,4359.608922440497,12029.667903532969
TAATTGGAATCGGGAA-1-Topic-6-Cell-5,1,17.0,105.0,4268.598194382778,11869.967945553655
TAATTGGAATCGGGAA-1-Topic-6-Cell-6,1,17.0,105.0,4223.603308934945,12073.661818490727
TACAACGCACAACTCA-1-Topic-3-Cell-1,1,41.0,49.0,8478.0,6426.0
TACAACGCACAACTCA-1-Topic-3-Cell-2,1,41.0,49.0,8511.034901211928,6389.938922215459
TACAACGCACAACTCA-1-Topic-3-Cell-3,1,41.0,49.0,8409.102603758962,6432.046556816443
TACAACGCACAACTCA-1-Topic-3-Cell-4,1,41.0,49.0,8545.222799818237,6477.538464003022
TACAACGCACAACTCA-1-Topic-6-Cell-5,1,41.0,49.0,8460.96323848747,6329.685032972941
TACAACGCACAACTCA-1-Topic-6-Cell-6,1,41.0,49.0,8419.3060691529,6518.268914738599
TACAACGCACAACTCA-1-Topic-7-Cell-7,1,41.0,49.0,8593.685395307864,6394.901358761988
TACAAGTCTCGTGCAT-1-Topic-3-Cell-1,1,31.0,27.0,6760.0,4226.0
TACAAGTCTCGTGCAT-1-Topic-5-Cell-2,1,31.0,27.0,6803.701066596173,4178.295678086574
TACAAGTCTCGTGCAT-1-Topic-5-Cell-3,1,31.0,27.0,6668.8573117831675,4233.998842812265
TACAAGTCTCGTGCAT-1-Topic-7-Cell-4,1,31.0,27.0,6848.927405376267,4294.178979353126
TACAGAAACGGTGGGC-1-Topic-2-Cell-1,1,59.0,85.0,11573.0,10029.0
TACAGAAACGGTGGGC-1-Topic-2-Cell-2,1,59.0,85.0,11608.68177145867,9990.049584262211
TACAGAAACGGTGGGC-1-Topic-6-Cell-3,1,59.0,85.0,11498.582306694394,10035.531027807592
TACAGAAACGGTGGGC-1-Topic-6-Cell-4,1,59.0,85.0,11645.608922440497,10084.667903532969
TACAGAAACGGTGGGC-1-Topic-6-Cell-5,1,59.0,85.0,11554.59819438278,9924.967945553655
TACAGAAACGGTGGGC-1-Topic-7-Cell-6,1,59.0,85.0,11509.603308934946,10128.661818490727
TACATAGGCATACACC-1-Topic-3-Cell-1,1,40.0,60.0,8298.0,7520.0
TACATAGGCATACACC-1-Topic-3-Cell-2,1,40.0,60.0,8337.087422239316,7477.331957352419
TACATAGGCATACACC-1-Topic-6-Cell-3,1,40.0,60.0,8216.479501398038,7527.154382507824
TACATAGGCATACACC-1-Topic-7-Cell-4,1,40.0,60.0,8377.539089393606,7580.981132988058
TACATAGGCATACACC-1-Topic-7-Cell-5,1,40.0,60.0,8277.841831929245,7406.038594152262
TACATCCCTATCCCTG-1-Topic-0-Cell-1,1,44.0,14.0,9020.0,2946.0
TACATCCCTATCCCTG-1-Topic-0-Cell-2,1,44.0,14.0,9070.46164512635,2890.9157938035496
TACATCCCTATCCCTG-1-Topic-0-Cell-3,1,44.0,14.0,8914.757488846692,2955.236268101734
TACATTTCTAACGTGC-1-Topic-3-Cell-1,1,39.0,55.0,8128.0,7021.0
TACATTTCTAACGTGC-1-Topic-3-Cell-2,1,39.0,55.0,8171.701066596173,6973.295678086574
TACATTTCTAACGTGC-1-Topic-7-Cell-3,1,39.0,55.0,8036.8573117831675,7028.998842812265
TACATTTCTAACGTGC-1-Topic-7-Cell-4,1,39.0,55.0,8216.927405376267,7089.178979353126
TACCAAATAGCCCAGA-1-Topic-0-Cell-1,1,59.0,61.0,11588.0,7640.0
TACCAAATAGCCCAGA-1-Topic-3-Cell-2,1,59.0,61.0,11618.90132053524,7606.26795048311
TACCAAATAGCCCAGA-1-Topic-5-Cell-3,1,59.0,61.0,11523.552387106307,7645.656035994198
TACCAAATAGCCCAGA-1-Topic-6-Cell-4,1,59.0,61.0,11650.881171374884,7688.209818634973
TACCAAATAGCCCAGA-1-Topic-6-Cell-5,1,59.0,61.0,11572.063568859983,7549.905598041579
TACCAAATAGCCCAGA-1-Topic-6-Cell-6,1,59.0,61.0,11533.096855021788,7726.309666600323
TACCAAATAGCCCAGA-1-Topic-6-Cell-7,1,59.0,61.0,11696.213778473884,7610.909884823291
TACCAAATAGCCCAGA-1-Topic-6-Cell-8,1,59.0,61.0,11480.588675800891,7584.214635774117
TACCAATAAAGTACCA-1-Topic-3-Cell-1,1,55.0,83.0,10882.0,9825.0
TACCAATAAAGTACCA-1-Topic-6-Cell-2,1,55.0,83.0,10921.087422239316,9782.331957352419
TACCAATAAAGTACCA-1-Topic-7-Cell-3,1,55.0,83.0,10800.479501398038,9832.154382507824
TACCAATAAAGTACCA-1-Topic-7-Cell-4,1,55.0,83.0,10961.539089393606,9885.981132988058
TACCAATAAAGTACCA-1-Topic-7-Cell-5,1,55.0,83.0,10861.841831929245,9711.038594152262
TACCAGAAGTAGGTTC-1-Topic-0-Cell-1,1,49.0,51.0,9862.0,6634.0
TACCAGAAGTAGGTTC-1-Topic-0-Cell-2,1,49.0,51.0,9897.68177145867,6595.049584262212
TACCAGAAGTAGGTTC-1-Topic-3-Cell-3,1,49.0,51.0,9787.582306694394,6640.531027807593
TACCAGAAGTAGGTTC-1-Topic-4-Cell-4,1,49.0,51.0,9934.608922440497,6689.66790353297
TACCAGAAGTAGGTTC-1-Topic-5-Cell-5,1,49.0,51.0,9843.59819438278,6529.967945553654
TACCAGAAGTAGGTTC-1-Topic-5-Cell-6,1,49.0,51.0,9798.603308934946,6733.6618184907275
TACCGCGGACTTGCAG-1-Topic-3-Cell-1,1,33.0,97.0,7063.0,11195.0
TACCGCGGACTTGCAG-1-Topic-4-Cell-2,1,33.0,97.0,7106.701066596173,11147.295678086573
TACCGCGGACTTGCAG-1-Topic-6-Cell-3,1,33.0,97.0,6971.8573117831675,11202.998842812265
TACCGCGGACTTGCAG-1-Topic-7-Cell-4,1,33.0,97.0,7151.927405376267,11263.178979353126
TACCGGCTCACTGCCC-1-Topic-2-Cell-1,1,47.0,65.0,9507.0,8025.0
TACCGGCTCACTGCCC-1-Topic-6-Cell-2,1,47.0,65.0,9550.701066596173,7977.295678086574
TACCGGCTCACTGCCC-1-Topic-6-Cell-3,1,47.0,65.0,9415.857311783167,8032.998842812265
TACCGGCTCACTGCCC-1-Topic-7-Cell-4,1,47.0,65.0,9595.927405376267,8093.178979353126
TACCGGTCGTTTCCAT-1-Topic-0-Cell-1,1,44.0,34.0,9007.0,4936.0
TACCGGTCGTTTCCAT-1-Topic-3-Cell-2,1,44.0,34.0,9042.68177145867,4897.049584262212
TACCGGTCGTTTCCAT-1-Topic-5-Cell-3,1,44.0,34.0,8932.582306694394,4942.531027807593
TACCGGTCGTTTCCAT-1-Topic-5-Cell-4,1,44.0,34.0,9079.608922440497,4991.66790353297
TACCGGTCGTTTCCAT-1-Topic-6-Cell-5,1,44.0,34.0,8988.59819438278,4831.967945553654
TACCGGTCGTTTCCAT-1-Topic-6-Cell-6,1,44.0,34.0,8943.603308934946,5035.6618184907275
TACCGTAGGTTAACTA-1-Topic-3-Cell-1,1,59.0,57.0,11590.0,7242.0
TACCGTAGGTTAACTA-1-Topic-3-Cell-2,1,59.0,57.0,11629.087422239316,7199.331957352419
TACCGTAGGTTAACTA-1-Topic-3-Cell-3,1,59.0,57.0,11508.479501398038,7249.154382507824
TACCGTAGGTTAACTA-1-Topic-5-Cell-4,1,59.0,57.0,11669.539089393606,7302.981132988058
TACCGTAGGTTAACTA-1-Topic-7-Cell-5,1,59.0,57.0,11569.841831929245,7128.038594152262
TACCGTGCCTCGGACC-1-Topic-4-Cell-1,1,51.0,69.0,10198.0,8428.0
TACCGTGCCTCGGACC-1-Topic-4-Cell-2,1,51.0,69.0,10241.701066596173,8380.295678086573
TACCGTGCCTCGGACC-1-Topic-6-Cell-3,1,51.0,69.0,10106.857311783167,8435.998842812265
TACCGTGCCTCGGACC-1-Topic-6-Cell-4,1,51.0,69.0,10286.927405376267,8496.178979353126
TACCTACTCCCAGTAT-1-Topic-4-Cell-1,1,58.0,62.0,11414.0,7738.0
TACCTACTCCCAGTAT-1-Topic-6-Cell-2,1,58.0,62.0,11447.034901211928,7701.938922215459
TACCTACTCCCAGTAT-1-Topic-6-Cell-3,1,58.0,62.0,11345.102603758962,7744.046556816443
TACCTACTCCCAGTAT-1-Topic-6-Cell-4,1,58.0,62.0,11481.222799818237,7789.538464003022
TACCTACTCCCAGTAT-1-Topic-6-Cell-5,1,58.0,62.0,11396.96323848747,7641.685032972941
TACCTACTCCCAGTAT-1-Topic-6-Cell-6,1,58.0,62.0,11355.3060691529,7830.268914738599
TACCTACTCCCAGTAT-1-Topic-6-Cell-7,1,58.0,62.0,11529.685395307864,7706.901358761988
TACCTCACGCTTGTAC-1-Topic-3-Cell-1,1,16.0,56.0,4144.0,7096.0
TACCTCACGCTTGTAC-1-Topic-3-Cell-2,1,16.0,56.0,4177.034901211928,7059.938922215459
TACCTCACGCTTGTAC-1-Topic-3-Cell-3,1,16.0,56.0,4075.1026037589613,7102.046556816443
TACCTCACGCTTGTAC-1-Topic-6-Cell-4,1,16.0,56.0,4211.222799818238,7147.538464003022
TACCTCACGCTTGTAC-1-Topic-6-Cell-5,1,16.0,56.0,4126.9632384874685,6999.685032972941
TACCTCACGCTTGTAC-1-Topic-7-Cell-6,1,16.0,56.0,4085.3060691529013,7188.268914738599
TACCTCACGCTTGTAC-1-Topic-8-Cell-7,1,16.0,56.0,4259.685395307864,7064.901358761988
TACCTCAGTTGTCTGT-1-Topic-3-Cell-1,1,60.0,50.0,11768.0,6546.0
TACCTCAGTTGTCTGT-1-Topic-3-Cell-2,1,60.0,50.0,11818.46164512635,6490.91579380355
TACCTCAGTTGTCTGT-1-Topic-7-Cell-3,1,60.0,50.0,11662.757488846692,6555.236268101734
TACCTCCACACCAATG-1-Topic-3-Cell-1,1,65.0,29.0,12647.0,4462.0
TACCTCCACACCAATG-1-Topic-3-Cell-2,1,65.0,29.0,12708.802641070479,4394.535900966221
TACCTGCTGCACTGTG-1-Topic-0-Cell-1,1,28.0,22.0,6244.0,3725.0
TACCTGCTGCACTGTG-1-Topic-0-Cell-2,1,28.0,22.0,6279.6817714586705,3686.049584262212
TACCTGCTGCACTGTG-1-Topic-0-Cell-3,1,28.0,22.0,6169.582306694395,3731.531027807593
TACCTGCTGCACTGTG-1-Topic-0-Cell-4,1,28.0,22.0,6316.608922440497,3780.6679035329694
TACCTGCTGCACTGTG-1-Topic-5-Cell-5,1,28.0,22.0,6225.598194382778,3620.9679455536548
TACCTGCTGCACTGTG-1-Topic-5-Cell-6,1,28.0,22.0,6180.603308934945,3824.661818490727
TACCTTAAGATTTCCC-1-Topic-0-Cell-1,1,49.0,29.0,9876.0,4444.0
TACCTTAAGATTTCCC-1-Topic-3-Cell-2,1,49.0,29.0,9903.638981324522,4413.829137703939
TACCTTAAGATTTCCC-1-Topic-3-Cell-3,1,49.0,29.0,9818.356302632845,4449.058912386485
TACCTTAAGATTTCCC-1-Topic-3-Cell-4,1,49.0,29.0,9932.242629479622,4487.120172660294
TACCTTAAGATTTCCC-1-Topic-3-Cell-5,1,49.0,29.0,9861.746022660871,4363.417117131512
TACCTTAAGATTTCCC-1-Topic-3-Cell-6,1,49.0,29.0,9826.893134260077,4521.197712653467
TACCTTAAGATTTCCC-1-Topic-3-Cell-7,1,49.0,29.0,9972.789345907882,4417.981009996632
TACCTTAAGATTTCCC-1-Topic-5-Cell-8,1,49.0,29.0,9779.92839101501,4394.104053376536
TACCTTAAGATTTCCC-1-Topic-5-Cell-9,1,49.0,29.0,9915.700039877054,4552.708144113134
TACCTTAAGATTTCCC-1-Topic-7-Cell-10,1,49.0,29.0,9922.83633741749,4330.535884613584
TACGAACACGACTTCA-1-Topic-1-Cell-1,1,31.0,53.0,6744.0,6813.0
TACGAACACGACTTCA-1-Topic-3-Cell-2,1,31.0,53.0,6794.461645126349,6757.91579380355
TACGAACACGACTTCA-1-Topic-3-Cell-3,1,31.0,53.0,6638.757488846692,6822.236268101734
TACGACGCTTGCTGCG-1-Topic-0-Cell-1,1,46.0,54.0,9341.0,6929.0
TACGACGCTTGCTGCG-1-Topic-5-Cell-2,1,46.0,54.0,9391.46164512635,6873.91579380355
TACGACGCTTGCTGCG-1-Topic-5-Cell-3,1,46.0,54.0,9235.757488846692,6938.236268101734
TACGACTGCCTCTTAG-1-Topic-3-Cell-1,1,44.0,66.0,8987.0,8121.0
TACGACTGCCTCTTAG-1-Topic-3-Cell-2,1,44.0,66.0,9037.46164512635,8065.91579380355
TACGACTGCCTCTTAG-1-Topic-7-Cell-3,1,44.0,66.0,8881.757488846692,8130.236268101734
TACGAGAACTTCACGT-1-Topic-3-Cell-1,1,35.0,39.0,7445.0,5424.0
TACGAGAACTTCACGT-1-Topic-3-Cell-2,1,35.0,39.0,7495.461645126349,5368.91579380355
TACGAGAACTTCACGT-1-Topic-7-Cell-3,1,35.0,39.0,7339.757488846692,5433.236268101734
TACGATGTTGATCATC-1-Topic-3-Cell-1,1,35.0,35.0,7448.0,5026.0
TACGATGTTGATCATC-1-Topic-6-Cell-2,1,35.0,35.0,7509.802641070479,4958.535900966221
TACGCAGTTCTTTCCT-1-Topic-0-Cell-1,1,41.0,51.0,8477.0,6625.0
TACGCAGTTCTTTCCT-1-Topic-3-Cell-2,1,41.0,51.0,8516.087422239316,6582.331957352419
TACGCAGTTCTTTCCT-1-Topic-3-Cell-3,1,41.0,51.0,8395.479501398038,6632.154382507824
TACGCAGTTCTTTCCT-1-Topic-7-Cell-4,1,41.0,51.0,8556.539089393606,6685.981132988058
TACGCAGTTCTTTCCT-1-Topic-7-Cell-5,1,41.0,51.0,8456.841831929245,6511.038594152262
TACGCCATATTCTAAT-1-Topic-3-Cell-1,1,40.0,58.0,8299.0,7321.0
TACGCCATATTCTAAT-1-Topic-3-Cell-2,1,40.0,58.0,8338.087422239316,7278.331957352419
TACGCCATATTCTAAT-1-Topic-3-Cell-3,1,40.0,58.0,8217.479501398038,7328.154382507824
TACGCCATATTCTAAT-1-Topic-7-Cell-4,1,40.0,58.0,8378.539089393606,7381.981132988058
TACGCCATATTCTAAT-1-Topic-7-Cell-5,1,40.0,58.0,8278.841831929245,7207.038594152262
TACGCCGAGGGTACCC-1-Topic-0-Cell-1,1,56.0,34.0,11085.0,4949.0
TACGCCGAGGGTACCC-1-Topic-0-Cell-2,1,56.0,34.0,11128.701066596173,4901.295678086574
TACGCCGAGGGTACCC-1-Topic-2-Cell-3,1,56.0,34.0,10993.857311783167,4956.998842812265
TACGCCGAGGGTACCC-1-Topic-3-Cell-4,1,56.0,34.0,11173.927405376267,5017.178979353126
TACGCCTCCATTCCGA-1-Topic-0-Cell-1,1,55.0,59.0,10897.0,7437.0
TACGCCTCCATTCCGA-1-Topic-6-Cell-2,1,55.0,59.0,10927.90132053524,7403.26795048311
TACGCCTCCATTCCGA-1-Topic-6-Cell-3,1,55.0,59.0,10832.552387106307,7442.656035994198
TACGCCTCCATTCCGA-1-Topic-6-Cell-4,1,55.0,59.0,10959.881171374884,7485.209818634973
TACGCCTCCATTCCGA-1-Topic-6-Cell-5,1,55.0,59.0,10881.063568859983,7346.905598041579
TACGCCTCCATTCCGA-1-Topic-6-Cell-6,1,55.0,59.0,10842.096855021788,7523.309666600323
TACGCCTCCATTCCGA-1-Topic-6-Cell-7,1,55.0,59.0,11005.213778473884,7407.909884823291
TACGCCTCCATTCCGA-1-Topic-7-Cell-8,1,55.0,59.0,10789.588675800891,7381.214635774117
TACGCTATAGAAACCT-1-Topic-3-Cell-1,1,34.0,104.0,7232.0,11893.0
TACGCTATAGAAACCT-1-Topic-7-Cell-2,1,34.0,104.0,7293.802641070479,11825.53590096622
TACGGGATGCTAGCAG-1-Topic-3-Cell-1,1,21.0,83.0,4993.0,9788.0
TACGGGATGCTAGCAG-1-Topic-3-Cell-2,1,21.0,83.0,5028.6817714586705,9749.049584262211
TACGGGATGCTAGCAG-1-Topic-4-Cell-3,1,21.0,83.0,4918.582306694395,9794.531027807592
TACGGGATGCTAGCAG-1-Topic-6-Cell-4,1,21.0,83.0,5065.608922440497,9843.667903532969
TACGGGATGCTAGCAG-1-Topic-7-Cell-5,1,21.0,83.0,4974.598194382778,9683.967945553655
TACGGGATGCTAGCAG-1-Topic-7-Cell-6,1,21.0,83.0,4929.603308934945,9887.661818490727
TACGTAAAGCGGAGTG-1-Topic-6-Cell-1,1,63.0,103.0,12254.0,11825.0
TACGTAAAGCGGAGTG-1-Topic-7-Cell-2,1,63.0,103.0,12304.46164512635,11769.91579380355
TACGTAAAGCGGAGTG-1-Topic-7-Cell-3,1,63.0,103.0,12148.757488846692,11834.236268101733
TACGTACTAGTGCTGA-1-Topic-0-Cell-1,1,62.0,42.0,12119.0,5752.0
TACGTACTAGTGCTGA-1-Topic-0-Cell-2,1,62.0,42.0,12152.034901211928,5715.938922215459
TACGTACTAGTGCTGA-1-Topic-0-Cell-3,1,62.0,42.0,12050.102603758962,5758.046556816443
TACGTACTAGTGCTGA-1-Topic-0-Cell-4,1,62.0,42.0,12186.222799818237,5803.538464003022
TACGTACTAGTGCTGA-1-Topic-3-Cell-5,1,62.0,42.0,12101.96323848747,5655.685032972941
TACGTACTAGTGCTGA-1-Topic-3-Cell-6,1,62.0,42.0,12060.3060691529,5844.268914738599
TACGTACTAGTGCTGA-1-Topic-3-Cell-7,1,62.0,42.0,12234.685395307864,5720.901358761988
TACGTGCACTATGCTG-1-Topic-0-Cell-1,1,21.0,33.0,5025.0,4812.0
TACGTGCACTATGCTG-1-Topic-0-Cell-2,1,21.0,33.0,5068.701066596173,4764.295678086574
TACGTGCACTATGCTG-1-Topic-3-Cell-3,1,21.0,33.0,4933.8573117831675,4819.998842812265
TACGTGCACTATGCTG-1-Topic-3-Cell-4,1,21.0,33.0,5113.927405376267,4880.178979353126
TACGTTTACCGGCAAT-1-Topic-3-Cell-1,1,40.0,32.0,8316.0,4733.0
TACGTTTACCGGCAAT-1-Topic-3-Cell-2,1,40.0,32.0,8359.701066596173,4685.295678086574
TACGTTTACCGGCAAT-1-Topic-3-Cell-3,1,40.0,32.0,8224.857311783167,4740.998842812265
TACGTTTACCGGCAAT-1-Topic-3-Cell-4,1,40.0,32.0,8404.927405376267,4801.178979353126
TACTATGGTTCCTCAG-1-Topic-3-Cell-1,1,57.0,47.0,11250.0,6244.0
TACTATGGTTCCTCAG-1-Topic-3-Cell-2,1,57.0,47.0,11300.46164512635,6188.91579380355
TACTATGGTTCCTCAG-1-Topic-3-Cell-3,1,57.0,47.0,11144.757488846692,6253.236268101734
TACTCCTCTAGTTGAC-1-Topic-0-Cell-1,1,64.0,36.0,12470.0,5157.0
TACTCCTCTAGTTGAC-1-Topic-0-Cell-2,1,64.0,36.0,12513.701066596173,5109.295678086574
TACTCCTCTAGTTGAC-1-Topic-3-Cell-3,1,64.0,36.0,12378.857311783167,5164.998842812265
TACTCCTCTAGTTGAC-1-Topic-3-Cell-4,1,64.0,36.0,12558.927405376267,5225.178979353126
TACTCGGCACGCCGGG-1-Topic-0-Cell-1,1,36.0,16.0,7633.0,3136.0
TACTCGGCACGCCGGG-1-Topic-3-Cell-2,1,36.0,16.0,7666.034901211928,3099.9389222154587
TACTCGGCACGCCGGG-1-Topic-3-Cell-3,1,36.0,16.0,7564.102603758962,3142.046556816443
TACTCGGCACGCCGGG-1-Topic-3-Cell-4,1,36.0,16.0,7700.222799818238,3187.5384640030225
TACTCGGCACGCCGGG-1-Topic-3-Cell-5,1,36.0,16.0,7615.9632384874685,3039.6850329729414
TACTCGGCACGCCGGG-1-Topic-4-Cell-6,1,36.0,16.0,7574.306069152901,3228.268914738599
TACTCGGCACGCCGGG-1-Topic-4-Cell-7,1,36.0,16.0,7748.685395307864,3104.9013587619884
TACTCTCCGAACAAAT-1-Topic-3-Cell-1,1,21.0,81.0,4995.0,9589.0
TACTCTCCGAACAAAT-1-Topic-3-Cell-2,1,21.0,81.0,5025.901320535239,9555.26795048311
TACTCTCCGAACAAAT-1-Topic-3-Cell-3,1,21.0,81.0,4930.552387106307,9594.656035994198
TACTCTCCGAACAAAT-1-Topic-4-Cell-4,1,21.0,81.0,5057.881171374884,9637.209818634972
TACTCTCCGAACAAAT-1-Topic-6-Cell-5,1,21.0,81.0,4979.063568859983,9498.90559804158
TACTCTCCGAACAAAT-1-Topic-6-Cell-6,1,21.0,81.0,4940.0968550217885,9675.309666600324
TACTCTCCGAACAAAT-1-Topic-7-Cell-7,1,21.0,81.0,5103.213778473883,9559.90988482329
TACTCTCCGAACAAAT-1-Topic-7-Cell-8,1,21.0,81.0,4887.588675800891,9533.214635774117
TACTCTTTCGTCTTCA-1-Topic-3-Cell-1,1,58.0,46.0,11424.0,6146.0
TACTCTTTCGTCTTCA-1-Topic-3-Cell-2,1,58.0,46.0,11467.701066596173,6098.295678086574
TACTCTTTCGTCTTCA-1-Topic-3-Cell-3,1,58.0,46.0,11332.857311783167,6153.998842812265
TACTCTTTCGTCTTCA-1-Topic-3-Cell-4,1,58.0,46.0,11512.927405376267,6214.178979353126
TACTGAACAGATTTAG-1-Topic-0-Cell-1,1,56.0,44.0,11079.0,5945.0
TACTGAACAGATTTAG-1-Topic-3-Cell-2,1,56.0,44.0,11122.701066596173,5897.295678086574
TACTGAACAGATTTAG-1-Topic-3-Cell-3,1,56.0,44.0,10987.857311783167,5952.998842812265
TACTGAACAGATTTAG-1-Topic-5-Cell-4,1,56.0,44.0,11167.927405376267,6013.178979353126
TACTGCAATCAATTAC-1-Topic-6-Cell-1,1,22.0,102.0,5155.0,11681.0
TACTGCAATCAATTAC-1-Topic-6-Cell-2,1,22.0,102.0,5190.6817714586705,11642.049584262211
TACTGCAATCAATTAC-1-Topic-6-Cell-3,1,22.0,102.0,5080.582306694395,11687.531027807592
TACTGCAATCAATTAC-1-Topic-6-Cell-4,1,22.0,102.0,5227.608922440497,11736.667903532969
TACTGCAATCAATTAC-1-Topic-6-Cell-5,1,22.0,102.0,5136.598194382778,11576.967945553655
TACTGCAATCAATTAC-1-Topic-6-Cell-6,1,22.0,102.0,5091.603308934945,11780.661818490727
TACTGGACAGCTCGGC-1-Topic-3-Cell-1,1,35.0,25.0,7454.0,4031.0
TACTGGACAGCTCGGC-1-Topic-3-Cell-2,1,35.0,25.0,7504.461645126349,3975.9157938035496
TACTGGACAGCTCGGC-1-Topic-3-Cell-3,1,35.0,25.0,7348.757488846692,4040.236268101734
TACTTGTTAGTAGTCC-1-Topic-4-Cell-1,1,37.0,87.0,7762.0,10204.0
TACTTGTTAGTAGTCC-1-Topic-7-Cell-2,1,37.0,87.0,7797.6817714586705,10165.049584262211
TACTTGTTAGTAGTCC-1-Topic-7-Cell-3,1,37.0,87.0,7687.582306694395,10210.531027807592
TACTTGTTAGTAGTCC-1-Topic-7-Cell-4,1,37.0,87.0,7834.608922440497,10259.667903532969
TACTTGTTAGTAGTCC-1-Topic-8-Cell-5,1,37.0,87.0,7743.598194382778,10099.967945553655
TACTTGTTAGTAGTCC-1-Topic-9-Cell-6,1,37.0,87.0,7698.603308934945,10303.661818490727
TACTTTACTGAGCCGG-1-Topic-3-Cell-1,1,30.0,96.0,6544.0,11092.0
TACTTTACTGAGCCGG-1-Topic-6-Cell-2,1,30.0,96.0,6573.1340443974495,11060.197118724383
TACTTTACTGAGCCGG-1-Topic-6-Cell-3,1,30.0,96.0,6483.238207855446,11097.332561874844
TACTTTACTGAGCCGG-1-Topic-6-Cell-4,1,30.0,96.0,6603.284936917512,11137.452652902084
TACTTTACTGAGCCGG-1-Topic-6-Cell-5,1,30.0,96.0,6528.974988630642,11007.058183237672
TACTTTACTGAGCCGG-1-Topic-6-Cell-6,1,30.0,96.0,6492.236818503251,11173.37353404672
TACTTTACTGAGCCGG-1-Topic-6-Cell-7,1,30.0,96.0,6646.024928768936,11064.573576390734
TACTTTACTGAGCCGG-1-Topic-7-Cell-8,1,30.0,96.0,6442.731632376778,11039.40505421989
TACTTTACTGAGCCGG-1-Topic-9-Cell-9,1,30.0,96.0,6585.847516403668,11206.588445202442
TACTTTCCGCACGCCA-1-Topic-0-Cell-1,1,47.0,19.0,9536.0,3447.0
TACTTTCCGCACGCCA-1-Topic-0-Cell-2,1,47.0,19.0,9586.46164512635,3391.9157938035496
TACTTTCCGCACGCCA-1-Topic-3-Cell-3,1,47.0,19.0,9430.757488846692,3456.236268101734
TAGAAAGGTGGCGCTA-1-Topic-3-Cell-1,1,31.0,81.0,6726.0,9600.0
TAGAAAGGTGGCGCTA-1-Topic-5-Cell-2,1,31.0,81.0,6761.6817714586705,9561.049584262211
TAGAAAGGTGGCGCTA-1-Topic-6-Cell-3,1,31.0,81.0,6651.582306694395,9606.531027807592
TAGAAAGGTGGCGCTA-1-Topic-7-Cell-4,1,31.0,81.0,6798.608922440497,9655.667903532969
TAGAAAGGTGGCGCTA-1-Topic-7-Cell-5,1,31.0,81.0,6707.598194382778,9495.967945553655
TAGAAAGGTGGCGCTA-1-Topic-8-Cell-6,1,31.0,81.0,6662.603308934945,9699.661818490727
TAGAATAGCCGATGAA-1-Topic-3-Cell-1,1,62.0,100.0,12083.0,11525.0
TAGAATAGCCGATGAA-1-Topic-7-Cell-2,1,62.0,100.0,12122.087422239316,11482.331957352419
TAGAATAGCCGATGAA-1-Topic-7-Cell-3,1,62.0,100.0,12001.479501398038,11532.154382507824
TAGAATAGCCGATGAA-1-Topic-7-Cell-4,1,62.0,100.0,12162.539089393606,11585.981132988058
TAGAATAGCCGATGAA-1-Topic-7-Cell-5,1,62.0,100.0,12062.841831929245,11411.038594152262
TAGACGAAACGCCAAT-1-Topic-2-Cell-1,1,63.0,73.0,12273.0,8839.0
TAGACGAAACGCCAAT-1-Topic-6-Cell-2,1,63.0,73.0,12308.68177145867,8800.049584262211
TAGACGAAACGCCAAT-1-Topic-6-Cell-3,1,63.0,73.0,12198.582306694394,8845.531027807592
TAGACGAAACGCCAAT-1-Topic-6-Cell-4,1,63.0,73.0,12345.608922440497,8894.667903532969
TAGACGAAACGCCAAT-1-Topic-6-Cell-5,1,63.0,73.0,12254.59819438278,8734.967945553655
TAGACGAAACGCCAAT-1-Topic-6-Cell-6,1,63.0,73.0,12209.603308934946,8938.661818490727
TAGACGCCCGTACCGG-1-Topic-4-Cell-1,1,32.0,90.0,6894.0,10497.0
TAGACGCCCGTACCGG-1-Topic-6-Cell-2,1,32.0,90.0,6937.701066596173,10449.295678086573
TAGACGCCCGTACCGG-1-Topic-6-Cell-3,1,32.0,90.0,6802.8573117831675,10504.998842812265
TAGACGCCCGTACCGG-1-Topic-6-Cell-4,1,32.0,90.0,6982.927405376267,10565.178979353126
TAGACTACCTAGCGTT-1-Topic-4-Cell-1,1,38.0,104.0,7924.0,11897.0
TAGACTACCTAGCGTT-1-Topic-4-Cell-2,1,38.0,104.0,7959.6817714586705,11858.049584262211
TAGACTACCTAGCGTT-1-Topic-6-Cell-3,1,38.0,104.0,7849.582306694395,11903.531027807592
TAGACTACCTAGCGTT-1-Topic-6-Cell-4,1,38.0,104.0,7996.608922440497,11952.667903532969
TAGACTACCTAGCGTT-1-Topic-6-Cell-5,1,38.0,104.0,7905.598194382778,11792.967945553655
TAGACTACCTAGCGTT-1-Topic-9-Cell-6,1,38.0,104.0,7860.603308934945,11996.661818490727
TAGAGATCATGCAACT-1-Topic-0-Cell-1,1,44.0,26.0,9012.0,4140.0
TAGAGATCATGCAACT-1-Topic-7-Cell-2,1,44.0,26.0,9062.46164512635,4084.9157938035496
TAGAGATCATGCAACT-1-Topic-7-Cell-3,1,44.0,26.0,8906.757488846692,4149.236268101734
TAGAGGTTCTACTTGT-1-Topic-6-Cell-1,1,54.0,96.0,10700.0,11118.0
TAGAGGTTCTACTTGT-1-Topic-6-Cell-2,1,54.0,96.0,10739.087422239316,11075.331957352419
TAGAGGTTCTACTTGT-1-Topic-6-Cell-3,1,54.0,96.0,10618.479501398038,11125.154382507824
TAGAGGTTCTACTTGT-1-Topic-6-Cell-4,1,54.0,96.0,10779.539089393606,11178.981132988058
TAGAGGTTCTACTTGT-1-Topic-7-Cell-5,1,54.0,96.0,10679.841831929245,11004.038594152262
TAGAGTCTAAGCGAAC-1-Topic-3-Cell-1,1,29.0,55.0,6396.0,7010.0
TAGAGTCTAAGCGAAC-1-Topic-6-Cell-2,1,29.0,55.0,6431.6817714586705,6971.049584262212
TAGAGTCTAAGCGAAC-1-Topic-6-Cell-3,1,29.0,55.0,6321.582306694395,7016.531027807593
TAGAGTCTAAGCGAAC-1-Topic-6-Cell-4,1,29.0,55.0,6468.608922440497,7065.66790353297
TAGAGTCTAAGCGAAC-1-Topic-7-Cell-5,1,29.0,55.0,6377.598194382778,6905.967945553654
TAGAGTCTAAGCGAAC-1-Topic-8-Cell-6,1,29.0,55.0,6332.603308934945,7109.6618184907275
TAGATATGGACTGGAA-1-Topic-0-Cell-1,1,49.0,53.0,9861.0,6833.0
TAGATATGGACTGGAA-1-Topic-4-Cell-2,1,49.0,53.0,9911.46164512635,6777.91579380355
TAGATATGGACTGGAA-1-Topic-5-Cell-3,1,49.0,53.0,9755.757488846692,6842.236268101734
TAGATGGTTCCTTACT-1-Topic-6-Cell-1,1,59.0,97.0,11566.0,11223.0
TAGATGGTTCCTTACT-1-Topic-6-Cell-2,1,59.0,97.0,11599.034901211928,11186.938922215459
TAGATGGTTCCTTACT-1-Topic-6-Cell-3,1,59.0,97.0,11497.102603758962,11229.046556816444
TAGATGGTTCCTTACT-1-Topic-6-Cell-4,1,59.0,97.0,11633.222799818237,11274.538464003022
TAGATGGTTCCTTACT-1-Topic-6-Cell-5,1,59.0,97.0,11548.96323848747,11126.68503297294
TAGATGGTTCCTTACT-1-Topic-6-Cell-6,1,59.0,97.0,11507.3060691529,11315.268914738599
TAGATGGTTCCTTACT-1-Topic-6-Cell-7,1,59.0,97.0,11681.685395307864,11191.901358761988
TAGATTCCTGGTTATT-1-Topic-0-Cell-1,1,32.0,20.0,6938.0,3530.0
TAGATTCCTGGTTATT-1-Topic-3-Cell-2,1,32.0,20.0,6981.701066596173,3482.295678086574
TAGATTCCTGGTTATT-1-Topic-3-Cell-3,1,32.0,20.0,6846.8573117831675,3537.998842812265
TAGATTCCTGGTTATT-1-Topic-7-Cell-4,1,32.0,20.0,7026.927405376267,3598.178979353126
TAGCAACCTGTCACAA-1-Topic-0-Cell-1,1,22.0,26.0,5202.0,4116.0
TAGCAACCTGTCACAA-1-Topic-0-Cell-2,1,22.0,26.0,5252.461645126349,4060.9157938035496
TAGCAACCTGTCACAA-1-Topic-0-Cell-3,1,22.0,26.0,5096.757488846692,4125.236268101734
TAGCCATTTCAAAGTC-1-Topic-3-Cell-1,1,43.0,89.0,8800.0,10409.0
TAGCCATTTCAAAGTC-1-Topic-4-Cell-2,1,43.0,89.0,8843.701066596173,10361.295678086573
TAGCCATTTCAAAGTC-1-Topic-7-Cell-3,1,43.0,89.0,8708.857311783167,10416.998842812265
TAGCCATTTCAAAGTC-1-Topic-9-Cell-4,1,43.0,89.0,8888.927405376267,10477.178979353126
TAGCCGGCGGTCAGCG-1-Topic-6-Cell-1,1,33.0,85.0,7070.0,10001.0
TAGCCGGCGGTCAGCG-1-Topic-6-Cell-2,1,33.0,85.0,7113.701066596173,9953.295678086573
TAGCCGGCGGTCAGCG-1-Topic-7-Cell-3,1,33.0,85.0,6978.8573117831675,10008.998842812265
TAGCCGGCGGTCAGCG-1-Topic-7-Cell-4,1,33.0,85.0,7158.927405376267,10069.178979353126
TAGCGTCCCTCGATTG-1-Topic-3-Cell-1,1,45.0,109.0,9133.0,12402.0
TAGCGTCCCTCGATTG-1-Topic-6-Cell-2,1,45.0,109.0,9168.68177145867,12363.049584262211
TAGCGTCCCTCGATTG-1-Topic-9-Cell-3,1,45.0,109.0,9058.582306694394,12408.531027807592
TAGCGTCCCTCGATTG-1-Topic-9-Cell-4,1,45.0,109.0,9205.608922440497,12457.667903532969
TAGCGTCCCTCGATTG-1-Topic-9-Cell-5,1,45.0,109.0,9114.59819438278,12297.967945553655
TAGCGTCCCTCGATTG-1-Topic-9-Cell-6,1,45.0,109.0,9069.603308934946,12501.661818490727
TAGCGTCCGGTGTGGT-1-Topic-4-Cell-1,1,53.0,77.0,10539.0,9226.0
TAGCGTCCGGTGTGGT-1-Topic-4-Cell-2,1,53.0,77.0,10582.701066596173,9178.295678086573
TAGCGTCCGGTGTGGT-1-Topic-4-Cell-3,1,53.0,77.0,10447.857311783167,9233.998842812265
TAGCGTCCGGTGTGGT-1-Topic-9-Cell-4,1,53.0,77.0,10627.927405376267,9294.178979353126
TAGCGTTGGGTCTTAC-1-Topic-6-Cell-1,1,38.0,68.0,7947.0,8314.0
TAGCGTTGGGTCTTAC-1-Topic-6-Cell-2,1,38.0,68.0,7990.701066596173,8266.295678086573
TAGCGTTGGGTCTTAC-1-Topic-7-Cell-3,1,38.0,68.0,7855.8573117831675,8321.998842812265
TAGCGTTGGGTCTTAC-1-Topic-9-Cell-4,1,38.0,68.0,8035.927405376267,8382.178979353126
TAGCTAAGTCCGGGAG-1-Topic-2-Cell-1,1,29.0,57.0,6395.0,7209.0
TAGCTAAGTCCGGGAG-1-Topic-3-Cell-2,1,29.0,57.0,6438.701066596173,7161.295678086574
TAGCTAAGTCCGGGAG-1-Topic-3-Cell-3,1,29.0,57.0,6303.8573117831675,7216.998842812265
TAGCTAAGTCCGGGAG-1-Topic-7-Cell-4,1,29.0,57.0,6483.927405376267,7277.178979353126
TAGCTAGAAGGCATGA-1-Topic-0-Cell-1,1,51.0,51.0,10209.0,6636.0
TAGCTAGAAGGCATGA-1-Topic-0-Cell-2,1,51.0,51.0,10244.68177145867,6597.049584262212
TAGCTAGAAGGCATGA-1-Topic-0-Cell-3,1,51.0,51.0,10134.582306694394,6642.531027807593
TAGCTAGAAGGCATGA-1-Topic-3-Cell-4,1,51.0,51.0,10281.608922440497,6691.66790353297
TAGCTAGAAGGCATGA-1-Topic-3-Cell-5,1,51.0,51.0,10190.59819438278,6531.967945553654
TAGCTAGAAGGCATGA-1-Topic-5-Cell-6,1,51.0,51.0,10145.603308934946,6735.6618184907275
TAGCTAGTGATGATGG-1-Topic-0-Cell-1,1,60.0,48.0,11769.0,6347.0
TAGCTAGTGATGATGG-1-Topic-3-Cell-2,1,60.0,48.0,11812.701066596173,6299.295678086574
TAGCTAGTGATGATGG-1-Topic-3-Cell-3,1,60.0,48.0,11677.857311783167,6354.998842812265
TAGCTAGTGATGATGG-1-Topic-3-Cell-4,1,60.0,48.0,11857.927405376267,6415.178979353126
TAGCTCGCCTGATAAC-1-Topic-0-Cell-1,1,50.0,58.0,10031.0,7332.0
TAGCTCGCCTGATAAC-1-Topic-0-Cell-2,1,50.0,58.0,10060.13404439745,7300.197118724383
TAGCTCGCCTGATAAC-1-Topic-2-Cell-3,1,50.0,58.0,9970.238207855446,7337.332561874843
TAGCTCGCCTGATAAC-1-Topic-3-Cell-4,1,50.0,58.0,10090.284936917511,7377.452652902084
TAGCTCGCCTGATAAC-1-Topic-5-Cell-5,1,50.0,58.0,10015.974988630642,7247.058183237672
TAGCTCGCCTGATAAC-1-Topic-6-Cell-6,1,50.0,58.0,9979.236818503252,7413.373534046718
TAGCTCGCCTGATAAC-1-Topic-6-Cell-7,1,50.0,58.0,10133.024928768937,7304.573576390734
TAGCTCGCCTGATAAC-1-Topic-6-Cell-8,1,50.0,58.0,9929.731632376777,7279.405054219888
TAGCTCGCCTGATAAC-1-Topic-7-Cell-9,1,50.0,58.0,10072.847516403668,7446.588445202443
TAGGCATGTTACGCCA-1-Topic-3-Cell-1,1,23.0,85.0,5338.0,9990.0
TAGGCATGTTACGCCA-1-Topic-6-Cell-2,1,23.0,85.0,5377.087422239316,9947.331957352419
TAGGCATGTTACGCCA-1-Topic-7-Cell-3,1,23.0,85.0,5256.479501398037,9997.154382507824
TAGGCATGTTACGCCA-1-Topic-7-Cell-4,1,23.0,85.0,5417.5390893936055,10050.981132988058
TAGGCATGTTACGCCA-1-Topic-9-Cell-5,1,23.0,85.0,5317.841831929245,9876.038594152262
TAGGCTAAAGTGGCAC-1-Topic-2-Cell-1,1,65.0,99.0,12603.0,11429.0
TAGGCTAAAGTGGCAC-1-Topic-6-Cell-2,1,65.0,99.0,12664.802641070479,11361.53590096622
TAGGGAGCTTGGGATG-1-Topic-7-Cell-1,1,36.0,96.0,7583.0,11099.0
TAGGGAGCTTGGGATG-1-Topic-7-Cell-2,1,36.0,96.0,7626.701066596173,11051.295678086573
TAGGGAGCTTGGGATG-1-Topic-7-Cell-3,1,36.0,96.0,7491.8573117831675,11106.998842812265
TAGGGAGCTTGGGATG-1-Topic-7-Cell-4,1,36.0,96.0,7671.927405376267,11167.178979353126
TAGGGTGTTTCAAGAG-1-Topic-3-Cell-1,1,22.0,54.0,5185.0,6903.0
TAGGGTGTTTCAAGAG-1-Topic-3-Cell-2,1,22.0,54.0,5220.6817714586705,6864.049584262212
TAGGGTGTTTCAAGAG-1-Topic-3-Cell-3,1,22.0,54.0,5110.582306694395,6909.531027807593
TAGGGTGTTTCAAGAG-1-Topic-6-Cell-4,1,22.0,54.0,5257.608922440497,6958.66790353297
TAGGGTGTTTCAAGAG-1-Topic-6-Cell-5,1,22.0,54.0,5166.598194382778,6798.967945553654
TAGGGTGTTTCAAGAG-1-Topic-6-Cell-6,1,22.0,54.0,5121.603308934945,7002.6618184907275
TAGGTCCAAGTAAGGA-1-Topic-0-Cell-1,1,29.0,23.0,6416.0,3825.0
TAGGTCCAAGTAAGGA-1-Topic-4-Cell-2,1,29.0,23.0,6466.461645126349,3769.9157938035496
TAGGTCCAAGTAAGGA-1-Topic-5-Cell-3,1,29.0,23.0,6310.757488846692,3834.236268101734
TAGGTCGCCGGAACTG-1-Topic-3-Cell-1,1,32.0,100.0,6888.0,11492.0
TAGGTCGCCGGAACTG-1-Topic-4-Cell-2,1,32.0,100.0,6938.461645126349,11436.91579380355
TAGGTCGCCGGAACTG-1-Topic-8-Cell-3,1,32.0,100.0,6782.757488846692,11501.236268101733
TAGGTGACGATAACCT-1-Topic-2-Cell-1,1,61.0,79.0,11923.0,9434.0
TAGGTGACGATAACCT-1-Topic-2-Cell-2,1,61.0,79.0,11953.90132053524,9400.26795048311
TAGGTGACGATAACCT-1-Topic-2-Cell-3,1,61.0,79.0,11858.552387106307,9439.656035994198
TAGGTGACGATAACCT-1-Topic-2-Cell-4,1,61.0,79.0,11985.881171374884,9482.209818634972
TAGGTGACGATAACCT-1-Topic-5-Cell-5,1,61.0,79.0,11907.063568859983,9343.90559804158
TAGGTGACGATAACCT-1-Topic-6-Cell-6,1,61.0,79.0,11868.096855021788,9520.309666600324
TAGGTGACGATAACCT-1-Topic-7-Cell-7,1,61.0,79.0,12031.213778473884,9404.90988482329
TAGGTGACGATAACCT-1-Topic-7-Cell-8,1,61.0,79.0,11815.588675800891,9378.214635774117
TAGGTGAGCCCTACTC-1-Topic-2-Cell-1,1,29.0,33.0,6410.0,4821.0
TAGGTGAGCCCTACTC-1-Topic-4-Cell-2,1,29.0,33.0,6445.6817714586705,4782.049584262212
TAGGTGAGCCCTACTC-1-Topic-6-Cell-3,1,29.0,33.0,6335.582306694395,4827.531027807593
TAGGTGAGCCCTACTC-1-Topic-6-Cell-4,1,29.0,33.0,6482.608922440497,4876.66790353297
TAGGTGAGCCCTACTC-1-Topic-6-Cell-5,1,29.0,33.0,6391.598194382778,4716.967945553654
TAGGTGAGCCCTACTC-1-Topic-6-Cell-6,1,29.0,33.0,6346.603308934945,4920.6618184907275
TAGGTGCTCGCCTAGC-1-Topic-4-Cell-1,1,40.0,86.0,8282.0,10108.0
TAGGTGCTCGCCTAGC-1-Topic-4-Cell-2,1,40.0,86.0,8321.087422239316,10065.331957352419
TAGGTGCTCGCCTAGC-1-Topic-7-Cell-3,1,40.0,86.0,8200.479501398038,10115.154382507824
TAGGTGCTCGCCTAGC-1-Topic-9-Cell-4,1,40.0,86.0,8361.539089393606,10168.981132988058
TAGGTGCTCGCCTAGC-1-Topic-9-Cell-5,1,40.0,86.0,8261.841831929245,9994.038594152262
TAGGTGTTCCACAGAT-1-Topic-2-Cell-1,1,60.0,60.0,11762.0,7542.0
TAGGTGTTCCACAGAT-1-Topic-2-Cell-2,1,60.0,60.0,11795.034901211928,7505.938922215459
TAGGTGTTCCACAGAT-1-Topic-5-Cell-3,1,60.0,60.0,11693.102603758962,7548.046556816443
TAGGTGTTCCACAGAT-1-Topic-6-Cell-4,1,60.0,60.0,11829.222799818237,7593.538464003022
TAGGTGTTCCACAGAT-1-Topic-6-Cell-5,1,60.0,60.0,11744.96323848747,7445.685032972941
TAGGTGTTCCACAGAT-1-Topic-6-Cell-6,1,60.0,60.0,11703.3060691529,7634.268914738599
TAGGTGTTCCACAGAT-1-Topic-7-Cell-7,1,60.0,60.0,11877.685395307864,7510.901358761988
TAGGTTCGAGTTCGTC-1-Topic-6-Cell-1,1,35.0,67.0,7428.0,8211.0
TAGGTTCGAGTTCGTC-1-Topic-7-Cell-2,1,35.0,67.0,7478.461645126349,8155.91579380355
TAGGTTCGAGTTCGTC-1-Topic-9-Cell-3,1,35.0,67.0,7322.757488846692,8220.236268101733
TAGTACCTTAGTGGTC-1-Topic-0-Cell-1,1,21.0,21.0,5032.0,3618.0
TAGTACCTTAGTGGTC-1-Topic-0-Cell-2,1,21.0,21.0,5065.034901211928,3581.9389222154587
TAGTACCTTAGTGGTC-1-Topic-0-Cell-3,1,21.0,21.0,4963.102603758962,3624.046556816443
TAGTACCTTAGTGGTC-1-Topic-0-Cell-4,1,21.0,21.0,5099.222799818238,3669.5384640030225
TAGTACCTTAGTGGTC-1-Topic-0-Cell-5,1,21.0,21.0,5014.9632384874685,3521.6850329729414
TAGTACCTTAGTGGTC-1-Topic-0-Cell-6,1,21.0,21.0,4973.306069152901,3710.268914738599
TAGTACCTTAGTGGTC-1-Topic-0-Cell-7,1,21.0,21.0,5147.685395307864,3586.9013587619884
TAGTAGCTTATACCAG-1-Topic-3-Cell-1,1,61.0,43.0,11946.0,5851.0
TAGTAGCTTATACCAG-1-Topic-3-Cell-2,1,61.0,43.0,11985.087422239316,5808.331957352419
TAGTAGCTTATACCAG-1-Topic-3-Cell-3,1,61.0,43.0,11864.479501398038,5858.154382507824
TAGTAGCTTATACCAG-1-Topic-3-Cell-4,1,61.0,43.0,12025.539089393606,5911.981132988058
TAGTAGCTTATACCAG-1-Topic-3-Cell-5,1,61.0,43.0,11925.841831929245,5737.038594152262
TAGTCCCGGAGACCAC-1-Topic-0-Cell-1,1,66.0,48.0,12808.0,6354.0
TAGTCCCGGAGACCAC-1-Topic-0-Cell-2,1,66.0,48.0,12847.087422239316,6311.331957352419
TAGTCCCGGAGACCAC-1-Topic-0-Cell-3,1,66.0,48.0,12726.479501398038,6361.154382507824
TAGTCCCGGAGACCAC-1-Topic-3-Cell-4,1,66.0,48.0,12887.539089393606,6414.981132988058
TAGTCCCGGAGACCAC-1-Topic-3-Cell-5,1,66.0,48.0,12787.841831929245,6240.038594152262
TAGTCCGCAGAGAATG-1-Topic-3-Cell-1,1,39.0,53.0,8129.0,6822.0
TAGTCCGCAGAGAATG-1-Topic-3-Cell-2,1,39.0,53.0,8168.087422239316,6779.331957352419
TAGTCCGCAGAGAATG-1-Topic-3-Cell-3,1,39.0,53.0,8047.479501398037,6829.154382507824
TAGTCCGCAGAGAATG-1-Topic-6-Cell-4,1,39.0,53.0,8208.539089393606,6882.981132988058
TAGTCCGCAGAGAATG-1-Topic-7-Cell-5,1,39.0,53.0,8108.841831929245,6708.038594152262
TAGTCGATCACGGGTT-1-Topic-6-Cell-1,1,48.0,96.0,9661.0,11112.0
TAGTCGATCACGGGTT-1-Topic-6-Cell-2,1,48.0,96.0,9700.087422239316,11069.331957352419
TAGTCGATCACGGGTT-1-Topic-9-Cell-3,1,48.0,96.0,9579.479501398038,11119.154382507824
TAGTCGATCACGGGTT-1-Topic-9-Cell-4,1,48.0,96.0,9740.539089393606,11172.981132988058
TAGTCGATCACGGGTT-1-Topic-9-Cell-5,1,48.0,96.0,9640.841831929245,10998.038594152262
TAGTCTAACAACGAGA-1-Topic-0-Cell-1,1,40.0,34.0,8314.0,4932.0
TAGTCTAACAACGAGA-1-Topic-0-Cell-2,1,40.0,34.0,8349.68177145867,4893.049584262212
TAGTCTAACAACGAGA-1-Topic-0-Cell-3,1,40.0,34.0,8239.582306694394,4938.531027807593
TAGTCTAACAACGAGA-1-Topic-3-Cell-4,1,40.0,34.0,8386.608922440497,4987.66790353297
TAGTCTAACAACGAGA-1-Topic-3-Cell-5,1,40.0,34.0,8295.59819438278,4827.967945553654
TAGTCTAACAACGAGA-1-Topic-7-Cell-6,1,40.0,34.0,8250.603308934946,5031.6618184907275
TAGTCTGTGACGTTGC-1-Topic-6-Cell-1,1,23.0,103.0,5327.0,11781.0
TAGTCTGTGACGTTGC-1-Topic-6-Cell-2,1,23.0,103.0,5362.6817714586705,11742.049584262211
TAGTCTGTGACGTTGC-1-Topic-6-Cell-3,1,23.0,103.0,5252.582306694395,11787.531027807592
TAGTCTGTGACGTTGC-1-Topic-6-Cell-4,1,23.0,103.0,5399.608922440497,11836.667903532969
TAGTCTGTGACGTTGC-1-Topic-6-Cell-5,1,23.0,103.0,5308.598194382778,11676.967945553655
TAGTCTGTGACGTTGC-1-Topic-6-Cell-6,1,23.0,103.0,5263.603308934945,11880.661818490727
TAGTGCCCTCCAGAGT-1-Topic-3-Cell-1,1,32.0,52.0,6918.0,6715.0
TAGTGCCCTCCAGAGT-1-Topic-3-Cell-2,1,32.0,52.0,6953.6817714586705,6676.049584262212
TAGTGCCCTCCAGAGT-1-Topic-3-Cell-3,1,32.0,52.0,6843.582306694395,6721.531027807593
TAGTGCCCTCCAGAGT-1-Topic-3-Cell-4,1,32.0,52.0,6990.608922440497,6770.66790353297
TAGTGCCCTCCAGAGT-1-Topic-3-Cell-5,1,32.0,52.0,6899.598194382778,6610.967945553654
TAGTGCCCTCCAGAGT-1-Topic-6-Cell-6,1,32.0,52.0,6854.603308934945,6814.6618184907275
TATAAATCCACAAGCT-1-Topic-2-Cell-1,1,20.0,44.0,4845.0,5906.0
TATAAATCCACAAGCT-1-Topic-5-Cell-2,1,20.0,44.0,4878.034901211928,5869.938922215459
TATAAATCCACAAGCT-1-Topic-5-Cell-3,1,20.0,44.0,4776.102603758962,5912.046556816443
TATAAATCCACAAGCT-1-Topic-6-Cell-4,1,20.0,44.0,4912.222799818238,5957.538464003022
TATAAATCCACAAGCT-1-Topic-6-Cell-5,1,20.0,44.0,4827.9632384874685,5809.685032972941
TATAAATCCACAAGCT-1-Topic-6-Cell-6,1,20.0,44.0,4786.306069152901,5998.268914738599
TATAAATCCACAAGCT-1-Topic-9-Cell-7,1,20.0,44.0,4960.685395307864,5874.901358761988
TATAAGTGAGGATAGC-1-Topic-2-Cell-1,1,21.0,39.0,5021.0,5409.0
TATAAGTGAGGATAGC-1-Topic-6-Cell-2,1,21.0,39.0,5051.901320535239,5375.26795048311
TATAAGTGAGGATAGC-1-Topic-6-Cell-3,1,21.0,39.0,4956.552387106307,5414.656035994198
TATAAGTGAGGATAGC-1-Topic-6-Cell-4,1,21.0,39.0,5083.881171374884,5457.209818634973
TATAAGTGAGGATAGC-1-Topic-6-Cell-5,1,21.0,39.0,5005.063568859983,5318.905598041579
TATAAGTGAGGATAGC-1-Topic-6-Cell-6,1,21.0,39.0,4966.0968550217885,5495.309666600323
TATAAGTGAGGATAGC-1-Topic-7-Cell-7,1,21.0,39.0,5129.213778473883,5379.909884823291
TATAAGTGAGGATAGC-1-Topic-7-Cell-8,1,21.0,39.0,4913.588675800891,5353.214635774117
TATACACAGACGCCTT-1-Topic-0-Cell-1,1,50.0,60.0,10030.0,7531.0
TATACACAGACGCCTT-1-Topic-0-Cell-2,1,50.0,60.0,10063.034901211928,7494.938922215459
TATACACAGACGCCTT-1-Topic-2-Cell-3,1,50.0,60.0,9961.102603758962,7537.046556816443
TATACACAGACGCCTT-1-Topic-6-Cell-4,1,50.0,60.0,10097.222799818237,7582.538464003022
TATACACAGACGCCTT-1-Topic-6-Cell-5,1,50.0,60.0,10012.96323848747,7434.685032972941
TATACACAGACGCCTT-1-Topic-6-Cell-6,1,50.0,60.0,9971.3060691529,7623.268914738599
TATACACAGACGCCTT-1-Topic-7-Cell-7,1,50.0,60.0,10145.685395307864,7499.901358761988
TATACACGCAAAGTAT-1-Topic-0-Cell-1,1,18.0,36.0,4503.0,5107.0
TATACACGCAAAGTAT-1-Topic-0-Cell-2,1,18.0,36.0,4542.087422239316,5064.331957352419
TATACACGCAAAGTAT-1-Topic-0-Cell-3,1,18.0,36.0,4421.479501398037,5114.154382507824
TATACACGCAAAGTAT-1-Topic-0-Cell-4,1,18.0,36.0,4582.5390893936055,5167.981132988058
TATACACGCAAAGTAT-1-Topic-5-Cell-5,1,18.0,36.0,4482.841831929245,4993.038594152262
TATACGCGTCATCACT-1-Topic-6-Cell-1,1,60.0,68.0,11757.0,8338.0
TATACGCGTCATCACT-1-Topic-6-Cell-2,1,60.0,68.0,11792.68177145867,8299.049584262211
TATACGCGTCATCACT-1-Topic-6-Cell-3,1,60.0,68.0,11682.582306694394,8344.531027807592
TATACGCGTCATCACT-1-Topic-6-Cell-4,1,60.0,68.0,11829.608922440497,8393.667903532969
TATACGCGTCATCACT-1-Topic-6-Cell-5,1,60.0,68.0,11738.59819438278,8233.967945553655
TATACGCGTCATCACT-1-Topic-6-Cell-6,1,60.0,68.0,11693.603308934946,8437.661818490727
TATAGAGTCGCTTGAA-1-Topic-0-Cell-1,1,64.0,46.0,12463.0,6153.0
TATAGAGTCGCTTGAA-1-Topic-3-Cell-2,1,64.0,46.0,12493.90132053524,6119.26795048311
TATAGAGTCGCTTGAA-1-Topic-3-Cell-3,1,64.0,46.0,12398.552387106307,6158.656035994198
TATAGAGTCGCTTGAA-1-Topic-3-Cell-4,1,64.0,46.0,12525.881171374884,6201.209818634973
TATAGAGTCGCTTGAA-1-Topic-3-Cell-5,1,64.0,46.0,12447.063568859983,6062.905598041579
TATAGAGTCGCTTGAA-1-Topic-3-Cell-6,1,64.0,46.0,12408.096855021788,6239.309666600323
TATAGAGTCGCTTGAA-1-Topic-3-Cell-7,1,64.0,46.0,12571.213778473884,6123.909884823291
TATAGAGTCGCTTGAA-1-Topic-3-Cell-8,1,64.0,46.0,12355.588675800891,6097.214635774117
TATAGATGGTCGCAGT-1-Topic-4-Cell-1,1,40.0,102.0,8272.0,11700.0
TATAGATGGTCGCAGT-1-Topic-7-Cell-2,1,40.0,102.0,8311.087422239316,11657.331957352419
TATAGATGGTCGCAGT-1-Topic-7-Cell-3,1,40.0,102.0,8190.479501398037,11707.154382507824
TATAGATGGTCGCAGT-1-Topic-7-Cell-4,1,40.0,102.0,8351.539089393606,11760.981132988058
TATAGATGGTCGCAGT-1-Topic-9-Cell-5,1,40.0,102.0,8251.841831929245,11586.038594152262
TATATAGGGCTTTACG-1-Topic-0-Cell-1,1,63.0,33.0,12298.0,4858.0
TATATAGGGCTTTACG-1-Topic-0-Cell-2,1,63.0,33.0,12341.701066596173,4810.295678086574
TATATAGGGCTTTACG-1-Topic-0-Cell-3,1,63.0,33.0,12206.857311783167,4865.998842812265
TATATAGGGCTTTACG-1-Topic-0-Cell-4,1,63.0,33.0,12386.927405376267,4926.178979353126
TATATATCGAGAAATG-1-Topic-0-Cell-1,1,60.0,28.0,11782.0,4357.0
TATATATCGAGAAATG-1-Topic-0-Cell-2,1,60.0,28.0,11821.087422239316,4314.331957352419
TATATATCGAGAAATG-1-Topic-0-Cell-3,1,60.0,28.0,11700.479501398038,4364.154382507824
TATATATCGAGAAATG-1-Topic-0-Cell-4,1,60.0,28.0,11861.539089393606,4417.981132988058
TATATATCGAGAAATG-1-Topic-0-Cell-5,1,60.0,28.0,11761.841831929245,4243.038594152262
TATATCCCTGGGAGGA-1-Topic-6-Cell-1,1,36.0,98.0,7582.0,11298.0
TATATCCCTGGGAGGA-1-Topic-6-Cell-2,1,36.0,98.0,7621.087422239316,11255.331957352419
TATATCCCTGGGAGGA-1-Topic-6-Cell-3,1,36.0,98.0,7500.479501398037,11305.154382507824
TATATCCCTGGGAGGA-1-Topic-7-Cell-4,1,36.0,98.0,7661.5390893936055,11358.981132988058
TATATCCCTGGGAGGA-1-Topic-9-Cell-5,1,36.0,98.0,7561.841831929245,11184.038594152262
TATATTACAAATGTCG-1-Topic-6-Cell-1,1,17.0,107.0,4286.0,12173.0
TATATTACAAATGTCG-1-Topic-6-Cell-2,1,17.0,107.0,4315.1340443974495,12141.197118724383
TATATTACAAATGTCG-1-Topic-6-Cell-3,1,17.0,107.0,4225.238207855446,12178.332561874844
TATATTACAAATGTCG-1-Topic-6-Cell-4,1,17.0,107.0,4345.284936917512,12218.452652902084
TATATTACAAATGTCG-1-Topic-6-Cell-5,1,17.0,107.0,4270.974988630642,12088.058183237672
TATATTACAAATGTCG-1-Topic-6-Cell-6,1,17.0,107.0,4234.236818503251,12254.37353404672
TATATTACAAATGTCG-1-Topic-6-Cell-7,1,17.0,107.0,4388.024928768936,12145.573576390734
TATATTACAAATGTCG-1-Topic-6-Cell-8,1,17.0,107.0,4184.731632376778,12120.40505421989
TATATTACAAATGTCG-1-Topic-6-Cell-9,1,17.0,107.0,4327.847516403668,12287.588445202442
TATCACCCAACCGACC-1-Topic-4-Cell-1,1,24.0,100.0,5502.0,11484.0
TATCACCCAACCGACC-1-Topic-6-Cell-2,1,24.0,100.0,5532.901320535239,11450.26795048311
TATCACCCAACCGACC-1-Topic-6-Cell-3,1,24.0,100.0,5437.552387106307,11489.656035994198
TATCACCCAACCGACC-1-Topic-6-Cell-4,1,24.0,100.0,5564.881171374884,11532.209818634972
TATCACCCAACCGACC-1-Topic-6-Cell-5,1,24.0,100.0,5486.063568859983,11393.90559804158
TATCACCCAACCGACC-1-Topic-7-Cell-6,1,24.0,100.0,5447.0968550217885,11570.309666600324
TATCACCCAACCGACC-1-Topic-7-Cell-7,1,24.0,100.0,5610.213778473883,11454.90988482329
TATCACCCAACCGACC-1-Topic-8-Cell-8,1,24.0,100.0,5394.588675800891,11428.214635774117
TATCACTTCGAGTAAC-1-Topic-2-Cell-1,1,17.0,99.0,4291.0,11377.0
TATCACTTCGAGTAAC-1-Topic-6-Cell-2,1,17.0,99.0,4334.701066596173,11329.295678086573
TATCACTTCGAGTAAC-1-Topic-6-Cell-3,1,17.0,99.0,4199.8573117831675,11384.998842812265
TATCACTTCGAGTAAC-1-Topic-9-Cell-4,1,17.0,99.0,4379.927405376267,11445.178979353126
TATCCAATTGGTTATC-1-Topic-2-Cell-1,1,55.0,79.0,10884.0,9427.0
TATCCAATTGGTTATC-1-Topic-4-Cell-2,1,55.0,79.0,10927.701066596173,9379.295678086573
TATCCAATTGGTTATC-1-Topic-4-Cell-3,1,55.0,79.0,10792.857311783167,9434.998842812265
TATCCAATTGGTTATC-1-Topic-4-Cell-4,1,55.0,79.0,10972.927405376267,9495.178979353126
TATCCATATCATGCGA-1-Topic-3-Cell-1,1,18.0,52.0,4493.0,6700.0
TATCCATATCATGCGA-1-Topic-3-Cell-2,1,18.0,52.0,4532.087422239316,6657.331957352419
TATCCATATCATGCGA-1-Topic-3-Cell-3,1,18.0,52.0,4411.479501398037,6707.154382507824
TATCCATATCATGCGA-1-Topic-6-Cell-4,1,18.0,52.0,4572.5390893936055,6760.981132988058
TATCCATATCATGCGA-1-Topic-7-Cell-5,1,18.0,52.0,4472.841831929245,6586.038594152262
TATCCGCACCGTCGGG-1-Topic-3-Cell-1,1,59.0,53.0,11593.0,6844.0
TATCCGCACCGTCGGG-1-Topic-5-Cell-2,1,59.0,53.0,11632.087422239316,6801.331957352419
TATCCGCACCGTCGGG-1-Topic-5-Cell-3,1,59.0,53.0,11511.479501398038,6851.154382507824
TATCCGCACCGTCGGG-1-Topic-5-Cell-4,1,59.0,53.0,11672.539089393606,6904.981132988058
TATCCGCACCGTCGGG-1-Topic-5-Cell-5,1,59.0,53.0,11572.841831929245,6730.038594152262
TATCGATCTATGCATA-1-Topic-6-Cell-1,1,22.0,88.0,5163.0,10287.0
TATCGATCTATGCATA-1-Topic-7-Cell-2,1,22.0,88.0,5198.6817714586705,10248.049584262211
TATCGATCTATGCATA-1-Topic-7-Cell-3,1,22.0,88.0,5088.582306694395,10293.531027807592
TATCGATCTATGCATA-1-Topic-7-Cell-4,1,22.0,88.0,5235.608922440497,10342.667903532969
TATCGATCTATGCATA-1-Topic-7-Cell-5,1,22.0,88.0,5144.598194382778,10182.967945553655
TATCGATCTATGCATA-1-Topic-8-Cell-6,1,22.0,88.0,5099.603308934945,10386.661818490727
TATCGATGATTAAACG-1-Topic-6-Cell-1,1,23.0,49.0,5361.0,6407.0
TATCGATGATTAAACG-1-Topic-6-Cell-2,1,23.0,49.0,5394.034901211928,6370.938922215459
TATCGATGATTAAACG-1-Topic-6-Cell-3,1,23.0,49.0,5292.102603758962,6413.046556816443
TATCGATGATTAAACG-1-Topic-6-Cell-4,1,23.0,49.0,5428.222799818238,6458.538464003022
TATCGATGATTAAACG-1-Topic-6-Cell-5,1,23.0,49.0,5343.9632384874685,6310.685032972941
TATCGATGATTAAACG-1-Topic-6-Cell-6,1,23.0,49.0,5302.306069152901,6499.268914738599
TATCGATGATTAAACG-1-Topic-6-Cell-7,1,23.0,49.0,5476.685395307864,6375.901358761988
TATCTACAGAGGTAAT-1-Topic-0-Cell-1,1,30.0,24.0,6589.0,3926.0
TATCTACAGAGGTAAT-1-Topic-3-Cell-2,1,30.0,24.0,6632.701066596173,3878.295678086574
TATCTACAGAGGTAAT-1-Topic-3-Cell-3,1,30.0,24.0,6497.8573117831675,3933.998842812265
TATCTACAGAGGTAAT-1-Topic-5-Cell-4,1,30.0,24.0,6677.927405376267,3994.178979353126
TATCTACCACAGCGGG-1-Topic-0-Cell-1,1,42.0,60.0,8645.0,7522.0
TATCTACCACAGCGGG-1-Topic-3-Cell-2,1,42.0,60.0,8688.701066596173,7474.295678086574
TATCTACCACAGCGGG-1-Topic-4-Cell-3,1,42.0,60.0,8553.857311783167,7529.998842812265
TATCTACCACAGCGGG-1-Topic-4-Cell-4,1,42.0,60.0,8733.927405376267,7590.178979353126
TATCTTGCAATACAAC-1-Topic-0-Cell-1,1,56.0,16.0,11097.0,3158.0
TATCTTGCAATACAAC-1-Topic-0-Cell-2,1,56.0,16.0,11136.087422239316,3115.3319573524186
TATCTTGCAATACAAC-1-Topic-0-Cell-3,1,56.0,16.0,11015.479501398038,3165.1543825078243
TATCTTGCAATACAAC-1-Topic-3-Cell-4,1,56.0,16.0,11176.539089393606,3218.9811329880577
TATCTTGCAATACAAC-1-Topic-3-Cell-5,1,56.0,16.0,11076.841831929245,3044.0385941522622
TATGAAGACAGGTGCG-1-Topic-0-Cell-1,1,29.0,21.0,6418.0,3626.0
TATGAAGACAGGTGCG-1-Topic-0-Cell-2,1,29.0,21.0,6461.701066596173,3578.295678086574
TATGAAGACAGGTGCG-1-Topic-3-Cell-3,1,29.0,21.0,6326.8573117831675,3633.998842812265
TATGAAGACAGGTGCG-1-Topic-5-Cell-4,1,29.0,21.0,6506.927405376267,3694.178979353126
TATGATCTTCTCTTTA-1-Topic-3-Cell-1,1,58.0,90.0,11397.0,10525.0
TATGATCTTCTCTTTA-1-Topic-7-Cell-2,1,58.0,90.0,11447.46164512635,10469.91579380355
TATGATCTTCTCTTTA-1-Topic-7-Cell-3,1,58.0,90.0,11291.757488846692,10534.236268101733
TATGCTCCCTACTTAC-1-Topic-1-Cell-1,1,25.0,61.0,5700.0,7603.0
TATGCTCCCTACTTAC-1-Topic-3-Cell-2,1,25.0,61.0,5735.6817714586705,7564.049584262212
TATGCTCCCTACTTAC-1-Topic-3-Cell-3,1,25.0,61.0,5625.582306694395,7609.531027807593
TATGCTCCCTACTTAC-1-Topic-3-Cell-4,1,25.0,61.0,5772.608922440497,7658.66790353297
TATGCTCCCTACTTAC-1-Topic-3-Cell-5,1,25.0,61.0,5681.598194382778,7498.967945553654
TATGCTCCCTACTTAC-1-Topic-6-Cell-6,1,25.0,61.0,5636.603308934945,7702.6618184907275
TATGGATGTGCTACGC-1-Topic-2-Cell-1,1,26.0,54.0,5877.0,6907.0
TATGGATGTGCTACGC-1-Topic-3-Cell-2,1,26.0,54.0,5916.087422239316,6864.331957352419
TATGGATGTGCTACGC-1-Topic-6-Cell-3,1,26.0,54.0,5795.479501398037,6914.154382507824
TATGGATGTGCTACGC-1-Topic-6-Cell-4,1,26.0,54.0,5956.5390893936055,6967.981132988058
TATGGATGTGCTACGC-1-Topic-7-Cell-5,1,26.0,54.0,5856.841831929245,6793.038594152262
TATGGCCCGGCCTCGC-1-Topic-6-Cell-1,1,30.0,30.0,6585.0,4523.0
TATGGCCCGGCCTCGC-1-Topic-6-Cell-2,1,30.0,30.0,6618.034901211928,4486.938922215459
TATGGCCCGGCCTCGC-1-Topic-6-Cell-3,1,30.0,30.0,6516.102603758962,4529.046556816443
TATGGCCCGGCCTCGC-1-Topic-6-Cell-4,1,30.0,30.0,6652.222799818238,4574.538464003022
TATGGCCCGGCCTCGC-1-Topic-7-Cell-5,1,30.0,30.0,6567.9632384874685,4426.685032972941
TATGGCCCGGCCTCGC-1-Topic-8-Cell-6,1,30.0,30.0,6526.306069152901,4615.268914738599
TATGGCCCGGCCTCGC-1-Topic-9-Cell-7,1,30.0,30.0,6700.685395307864,4491.901358761988
TATGGGACCGAGCAGG-1-Topic-2-Cell-1,1,36.0,56.0,7608.0,7117.0
TATGGGACCGAGCAGG-1-Topic-3-Cell-2,1,36.0,56.0,7643.6817714586705,7078.049584262212
TATGGGACCGAGCAGG-1-Topic-6-Cell-3,1,36.0,56.0,7533.582306694395,7123.531027807593
TATGGGACCGAGCAGG-1-Topic-7-Cell-4,1,36.0,56.0,7680.608922440497,7172.66790353297
TATGGGACCGAGCAGG-1-Topic-7-Cell-5,1,36.0,56.0,7589.598194382778,7012.967945553654
TATGGGACCGAGCAGG-1-Topic-7-Cell-6,1,36.0,56.0,7544.603308934945,7216.6618184907275
TATGGGTACGTATCGT-1-Topic-3-Cell-1,1,32.0,58.0,6914.0,7312.0
TATGGGTACGTATCGT-1-Topic-3-Cell-2,1,32.0,58.0,6949.6817714586705,7273.049584262212
TATGGGTACGTATCGT-1-Topic-3-Cell-3,1,32.0,58.0,6839.582306694395,7318.531027807593
TATGGGTACGTATCGT-1-Topic-3-Cell-4,1,32.0,58.0,6986.608922440497,7367.66790353297
TATGGGTACGTATCGT-1-Topic-3-Cell-5,1,32.0,58.0,6895.598194382778,7207.967945553654
TATGGGTACGTATCGT-1-Topic-3-Cell-6,1,32.0,58.0,6850.603308934945,7411.6618184907275
TATGGTCTGAGTAACA-1-Topic-3-Cell-1,1,36.0,58.0,7607.0,7316.0
TATGGTCTGAGTAACA-1-Topic-3-Cell-2,1,36.0,58.0,7657.461645126349,7260.91579380355
TATGGTCTGAGTAACA-1-Topic-3-Cell-3,1,36.0,58.0,7501.757488846692,7325.236268101734
TATGGTTAGTGGGAGA-1-Topic-3-Cell-1,1,41.0,105.0,8443.0,12000.0
TATGGTTAGTGGGAGA-1-Topic-4-Cell-2,1,41.0,105.0,8486.701066596173,11952.295678086573
TATGGTTAGTGGGAGA-1-Topic-4-Cell-3,1,41.0,105.0,8351.857311783167,12007.998842812265
TATGGTTAGTGGGAGA-1-Topic-9-Cell-4,1,41.0,105.0,8531.927405376267,12068.178979353126
TATGTAAAGTGCTTAA-1-Topic-3-Cell-1,1,66.0,44.0,12811.0,5956.0
TATGTAAAGTGCTTAA-1-Topic-3-Cell-2,1,66.0,44.0,12861.46164512635,5900.91579380355
TATGTAAAGTGCTTAA-1-Topic-3-Cell-3,1,66.0,44.0,12705.757488846692,5965.236268101734
TATGTCAAGACCGACT-1-Topic-2-Cell-1,1,20.0,92.0,4815.0,10683.0
TATGTCAAGACCGACT-1-Topic-6-Cell-2,1,20.0,92.0,4850.6817714586705,10644.049584262211
TATGTCAAGACCGACT-1-Topic-6-Cell-3,1,20.0,92.0,4740.582306694395,10689.531027807592
TATGTCAAGACCGACT-1-Topic-6-Cell-4,1,20.0,92.0,4887.608922440497,10738.667903532969
TATGTCAAGACCGACT-1-Topic-7-Cell-5,1,20.0,92.0,4796.598194382778,10578.967945553655
TATGTCAAGACCGACT-1-Topic-8-Cell-6,1,20.0,92.0,4751.603308934945,10782.661818490727
TATGTCTCATTGTGCC-1-Topic-3-Cell-1,1,30.0,82.0,6553.0,9699.0
TATGTCTCATTGTGCC-1-Topic-6-Cell-2,1,30.0,82.0,6592.087422239316,9656.331957352419
TATGTCTCATTGTGCC-1-Topic-6-Cell-3,1,30.0,82.0,6471.479501398037,9706.154382507824
TATGTCTCATTGTGCC-1-Topic-6-Cell-4,1,30.0,82.0,6632.5390893936055,9759.981132988058
TATGTCTCATTGTGCC-1-Topic-7-Cell-5,1,30.0,82.0,6532.841831929245,9585.038594152262
TATTAACCTGACCGCG-1-Topic-0-Cell-1,1,57.0,45.0,11252.0,6045.0
TATTAACCTGACCGCG-1-Topic-3-Cell-2,1,57.0,45.0,11302.46164512635,5989.91579380355
TATTAACCTGACCGCG-1-Topic-3-Cell-3,1,57.0,45.0,11146.757488846692,6054.236268101734
TATTACCATCCTGCTT-1-Topic-3-Cell-1,1,38.0,96.0,7929.0,11101.0
TATTACCATCCTGCTT-1-Topic-7-Cell-2,1,38.0,96.0,7972.701066596173,11053.295678086573
TATTACCATCCTGCTT-1-Topic-7-Cell-3,1,38.0,96.0,7837.8573117831675,11108.998842812265
TATTACCATCCTGCTT-1-Topic-7-Cell-4,1,38.0,96.0,8017.927405376267,11169.178979353126
TATTATGTTTGCCTGC-1-Topic-0-Cell-1,1,57.0,17.0,11269.0,3259.0
TATTATGTTTGCCTGC-1-Topic-0-Cell-2,1,57.0,17.0,11312.701066596173,3211.295678086574
TATTATGTTTGCCTGC-1-Topic-0-Cell-3,1,57.0,17.0,11177.857311783167,3266.998842812265
TATTATGTTTGCCTGC-1-Topic-3-Cell-4,1,57.0,17.0,11357.927405376267,3327.178979353126
TATTCAATTCTAATCC-1-Topic-4-Cell-1,1,34.0,74.0,7250.0,8907.0
TATTCAATTCTAATCC-1-Topic-4-Cell-2,1,34.0,74.0,7293.701066596173,8859.295678086573
TATTCAATTCTAATCC-1-Topic-4-Cell-3,1,34.0,74.0,7158.8573117831675,8914.998842812265
TATTCAATTCTAATCC-1-Topic-4-Cell-4,1,34.0,74.0,7338.927405376267,8975.178979353126
TATTCCACTCAGCTCG-1-Topic-3-Cell-1,1,49.0,57.0,9859.0,7231.0
TATTCCACTCAGCTCG-1-Topic-4-Cell-2,1,49.0,57.0,9902.701066596173,7183.295678086574
TATTCCACTCAGCTCG-1-Topic-5-Cell-3,1,49.0,57.0,9767.857311783167,7238.998842812265
TATTCCACTCAGCTCG-1-Topic-6-Cell-4,1,49.0,57.0,9947.927405376267,7299.178979353126
TATTCCGAGCTGTTAT-1-Topic-3-Cell-1,1,54.0,86.0,10706.0,10123.0
TATTCCGAGCTGTTAT-1-Topic-7-Cell-2,1,54.0,86.0,10749.701066596173,10075.295678086573
TATTCCGAGCTGTTAT-1-Topic-7-Cell-3,1,54.0,86.0,10614.857311783167,10130.998842812265
TATTCCGAGCTGTTAT-1-Topic-7-Cell-4,1,54.0,86.0,10794.927405376267,10191.178979353126
TATTCCTCCGCCCACT-1-Topic-2-Cell-1,1,48.0,32.0,9701.0,4742.0
TATTCCTCCGCCCACT-1-Topic-2-Cell-2,1,48.0,32.0,9736.68177145867,4703.049584262212
TATTCCTCCGCCCACT-1-Topic-2-Cell-3,1,48.0,32.0,9626.582306694394,4748.531027807593
TATTCCTCCGCCCACT-1-Topic-3-Cell-4,1,48.0,32.0,9773.608922440497,4797.66790353297
TATTCCTCCGCCCACT-1-Topic-3-Cell-5,1,48.0,32.0,9682.59819438278,4637.967945553654
TATTCCTCCGCCCACT-1-Topic-5-Cell-6,1,48.0,32.0,9637.603308934946,4841.6618184907275
TATTCGTGCCAGAATA-1-Topic-0-Cell-1,1,34.0,64.0,7257.0,7911.0
TATTCGTGCCAGAATA-1-Topic-0-Cell-2,1,34.0,64.0,7300.701066596173,7863.295678086574
TATTCGTGCCAGAATA-1-Topic-3-Cell-3,1,34.0,64.0,7165.8573117831675,7918.998842812265
TATTCGTGCCAGAATA-1-Topic-3-Cell-4,1,34.0,64.0,7345.927405376267,7979.178979353126
TATTTAGTCTAGATCG-1-Topic-3-Cell-1,1,18.0,58.0,4489.0,7297.0
TATTTAGTCTAGATCG-1-Topic-3-Cell-2,1,18.0,58.0,4528.087422239316,7254.331957352419
TATTTAGTCTAGATCG-1-Topic-7-Cell-3,1,18.0,58.0,4407.479501398037,7304.154382507824
TATTTAGTCTAGATCG-1-Topic-8-Cell-4,1,18.0,58.0,4568.5390893936055,7357.981132988058
TATTTAGTCTAGATCG-1-Topic-8-Cell-5,1,18.0,58.0,4468.841831929245,7183.038594152262
TATTTATACCGAGTAG-1-Topic-6-Cell-1,1,16.0,78.0,4131.0,9285.0
TATTTATACCGAGTAG-1-Topic-6-Cell-2,1,16.0,78.0,4170.087422239316,9242.331957352419
TATTTATACCGAGTAG-1-Topic-6-Cell-3,1,16.0,78.0,4049.479501398038,9292.154382507824
TATTTATACCGAGTAG-1-Topic-6-Cell-4,1,16.0,78.0,4210.5390893936055,9345.981132988058
TATTTATACCGAGTAG-1-Topic-7-Cell-5,1,16.0,78.0,4110.841831929245,9171.038594152262
TATTTGTTACCCTTTA-1-Topic-0-Cell-1,1,24.0,46.0,5536.0,6109.0
TATTTGTTACCCTTTA-1-Topic-6-Cell-2,1,24.0,46.0,5575.087422239316,6066.331957352419
TATTTGTTACCCTTTA-1-Topic-6-Cell-3,1,24.0,46.0,5454.479501398037,6116.154382507824
TATTTGTTACCCTTTA-1-Topic-6-Cell-4,1,24.0,46.0,5615.5390893936055,6169.981132988058
TATTTGTTACCCTTTA-1-Topic-6-Cell-5,1,24.0,46.0,5515.841831929245,5995.038594152262
TCAAACAACCGCGTCG-1-Topic-0-Cell-1,1,24.0,60.0,5527.0,7502.0
TCAAACAACCGCGTCG-1-Topic-1-Cell-2,1,24.0,60.0,5560.034901211928,7465.938922215459
TCAAACAACCGCGTCG-1-Topic-2-Cell-3,1,24.0,60.0,5458.102603758962,7508.046556816443
TCAAACAACCGCGTCG-1-Topic-2-Cell-4,1,24.0,60.0,5594.222799818238,7553.538464003022
TCAAACAACCGCGTCG-1-Topic-2-Cell-5,1,24.0,60.0,5509.9632384874685,7405.685032972941
TCAAACAACCGCGTCG-1-Topic-2-Cell-6,1,24.0,60.0,5468.306069152901,7594.268914738599
TCAAACAACCGCGTCG-1-Topic-6-Cell-7,1,24.0,60.0,5642.685395307864,7470.901358761988
TCAAACTTAGATTGTT-1-Topic-3-Cell-1,1,31.0,65.0,6736.0,8008.0
TCAAACTTAGATTGTT-1-Topic-3-Cell-2,1,31.0,65.0,6775.087422239316,7965.331957352419
TCAAACTTAGATTGTT-1-Topic-3-Cell-3,1,31.0,65.0,6654.479501398037,8015.154382507824
TCAAACTTAGATTGTT-1-Topic-3-Cell-4,1,31.0,65.0,6815.5390893936055,8068.981132988058
TCAAACTTAGATTGTT-1-Topic-7-Cell-5,1,31.0,65.0,6715.841831929245,7894.038594152262
TCAAATTTGAGACTCA-1-Topic-6-Cell-1,1,60.0,70.0,11756.0,8537.0
TCAAATTTGAGACTCA-1-Topic-6-Cell-2,1,60.0,70.0,11786.90132053524,8503.26795048311
TCAAATTTGAGACTCA-1-Topic-6-Cell-3,1,60.0,70.0,11691.552387106307,8542.656035994198
TCAAATTTGAGACTCA-1-Topic-6-Cell-4,1,60.0,70.0,11818.881171374884,8585.209818634972
TCAAATTTGAGACTCA-1-Topic-6-Cell-5,1,60.0,70.0,11740.063568859983,8446.90559804158
TCAAATTTGAGACTCA-1-Topic-6-Cell-6,1,60.0,70.0,11701.096855021788,8623.309666600324
TCAAATTTGAGACTCA-1-Topic-6-Cell-7,1,60.0,70.0,11864.213778473884,8507.90988482329
TCAAATTTGAGACTCA-1-Topic-6-Cell-8,1,60.0,70.0,11648.588675800891,8481.214635774117
TCAACAAAGATAATTC-1-Topic-0-Cell-1,1,53.0,29.0,10569.0,4449.0
TCAACAAAGATAATTC-1-Topic-0-Cell-2,1,53.0,29.0,10604.68177145867,4410.049584262212
TCAACAAAGATAATTC-1-Topic-3-Cell-3,1,53.0,29.0,10494.582306694394,4455.531027807593
TCAACAAAGATAATTC-1-Topic-3-Cell-4,1,53.0,29.0,10641.608922440497,4504.66790353297
TCAACAAAGATAATTC-1-Topic-3-Cell-5,1,53.0,29.0,10550.59819438278,4344.967945553654
TCAACAAAGATAATTC-1-Topic-3-Cell-6,1,53.0,29.0,10505.603308934946,4548.6618184907275
TCAACATAGCGCCCTA-1-Topic-3-Cell-1,1,58.0,44.0,11425.0,5947.0
TCAACATAGCGCCCTA-1-Topic-3-Cell-2,1,58.0,44.0,11475.46164512635,5891.91579380355
TCAACATAGCGCCCTA-1-Topic-6-Cell-3,1,58.0,44.0,11319.757488846692,5956.236268101734
TCAACATCGACCGAGA-1-Topic-3-Cell-1,1,44.0,16.0,9018.0,3145.0
TCAACATCGACCGAGA-1-Topic-3-Cell-2,1,44.0,16.0,9057.087422239316,3102.3319573524186
TCAACATCGACCGAGA-1-Topic-3-Cell-3,1,44.0,16.0,8936.479501398038,3152.1543825078243
TCAACATCGACCGAGA-1-Topic-3-Cell-4,1,44.0,16.0,9097.539089393606,3205.9811329880577
TCAACATCGACCGAGA-1-Topic-3-Cell-5,1,44.0,16.0,8997.841831929245,3031.0385941522622
TCAACCATGTTCGGGC-1-Topic-5-Cell-1,1,25.0,51.0,5706.0,6608.0
TCAACCATGTTCGGGC-1-Topic-6-Cell-2,1,25.0,51.0,5736.901320535239,6574.26795048311
TCAACCATGTTCGGGC-1-Topic-6-Cell-3,1,25.0,51.0,5641.552387106307,6613.656035994198
TCAACCATGTTCGGGC-1-Topic-6-Cell-4,1,25.0,51.0,5768.881171374884,6656.209818634973
TCAACCATGTTCGGGC-1-Topic-6-Cell-5,1,25.0,51.0,5690.063568859983,6517.905598041579
TCAACCATGTTCGGGC-1-Topic-6-Cell-6,1,25.0,51.0,5651.0968550217885,6694.309666600323
TCAACCATGTTCGGGC-1-Topic-6-Cell-7,1,25.0,51.0,5814.213778473883,6578.909884823291
TCAACCATGTTCGGGC-1-Topic-6-Cell-8,1,25.0,51.0,5598.588675800891,6552.214635774117
TCAACGAGGAGACAAA-1-Topic-0-Cell-1,1,42.0,56.0,8647.0,7124.0
TCAACGAGGAGACAAA-1-Topic-2-Cell-2,1,42.0,56.0,8682.68177145867,7085.049584262212
TCAACGAGGAGACAAA-1-Topic-3-Cell-3,1,42.0,56.0,8572.582306694394,7130.531027807593
TCAACGAGGAGACAAA-1-Topic-6-Cell-4,1,42.0,56.0,8719.608922440497,7179.66790353297
TCAACGAGGAGACAAA-1-Topic-7-Cell-5,1,42.0,56.0,8628.59819438278,7019.967945553654
TCAACGAGGAGACAAA-1-Topic-7-Cell-6,1,42.0,56.0,8583.603308934946,7223.6618184907275
TCAACGCAGGAAATAA-1-Topic-0-Cell-1,1,49.0,31.0,9875.0,4643.0
TCAACGCAGGAAATAA-1-Topic-3-Cell-2,1,49.0,31.0,9914.087422239316,4600.331957352419
TCAACGCAGGAAATAA-1-Topic-3-Cell-3,1,49.0,31.0,9793.479501398038,4650.154382507824
TCAACGCAGGAAATAA-1-Topic-5-Cell-4,1,49.0,31.0,9954.539089393606,4703.981132988058
TCAACGCAGGAAATAA-1-Topic-5-Cell-5,1,49.0,31.0,9854.841831929245,4529.038594152262
TCAACGCGACCGGCAG-1-Topic-3-Cell-1,1,39.0,23.0,8148.0,3836.0
TCAACGCGACCGGCAG-1-Topic-3-Cell-2,1,39.0,23.0,8187.087422239316,3793.3319573524186
TCAACGCGACCGGCAG-1-Topic-3-Cell-3,1,39.0,23.0,8066.479501398037,3843.1543825078243
TCAACGCGACCGGCAG-1-Topic-3-Cell-4,1,39.0,23.0,8227.539089393606,3896.9811329880577
TCAACGCGACCGGCAG-1-Topic-6-Cell-5,1,39.0,23.0,8127.841831929245,3722.0385941522622
TCAACTGCAGAGTCAG-1-Topic-3-Cell-1,1,56.0,108.0,11039.0,12315.0
TCAACTGCAGAGTCAG-1-Topic-6-Cell-2,1,56.0,108.0,11082.701066596173,12267.295678086573
TCAACTGCAGAGTCAG-1-Topic-7-Cell-3,1,56.0,108.0,10947.857311783167,12322.998842812265
TCAACTGCAGAGTCAG-1-Topic-7-Cell-4,1,56.0,108.0,11127.927405376267,12383.178979353126
TCAAGAAATACTAGCT-1-Topic-7-Cell-1,1,34.0,108.0,7229.0,12291.0
TCAAGAAATACTAGCT-1-Topic-7-Cell-2,1,34.0,108.0,7268.087422239316,12248.331957352419
TCAAGAAATACTAGCT-1-Topic-7-Cell-3,1,34.0,108.0,7147.479501398037,12298.154382507824
TCAAGAAATACTAGCT-1-Topic-7-Cell-4,1,34.0,108.0,7308.5390893936055,12351.981132988058
TCAAGAAATACTAGCT-1-Topic-7-Cell-5,1,34.0,108.0,7208.841831929245,12177.038594152262
TCAATACGCCGTCATG-1-Topic-0-Cell-1,1,63.0,61.0,12281.0,7644.0
TCAATACGCCGTCATG-1-Topic-0-Cell-2,1,63.0,61.0,12316.68177145867,7605.049584262212
TCAATACGCCGTCATG-1-Topic-2-Cell-3,1,63.0,61.0,12206.582306694394,7650.531027807593
TCAATACGCCGTCATG-1-Topic-3-Cell-4,1,63.0,61.0,12353.608922440497,7699.66790353297
TCAATACGCCGTCATG-1-Topic-5-Cell-5,1,63.0,61.0,12262.59819438278,7539.967945553654
TCAATACGCCGTCATG-1-Topic-5-Cell-6,1,63.0,61.0,12217.603308934946,7743.6618184907275
TCACAAACCGAGGTAC-1-Topic-5-Cell-1,1,61.0,95.0,11913.0,11026.0
TCACAAACCGAGGTAC-1-Topic-6-Cell-2,1,61.0,95.0,11956.701066596173,10978.295678086573
TCACAAACCGAGGTAC-1-Topic-6-Cell-3,1,61.0,95.0,11821.857311783167,11033.998842812265
TCACAAACCGAGGTAC-1-Topic-7-Cell-4,1,61.0,95.0,12001.927405376267,11094.178979353126
TCACAGCAAACTCGAA-1-Topic-0-Cell-1,1,51.0,49.0,10210.0,6437.0
TCACAGCAAACTCGAA-1-Topic-3-Cell-2,1,51.0,49.0,10253.701066596173,6389.295678086574
TCACAGCAAACTCGAA-1-Topic-3-Cell-3,1,51.0,49.0,10118.857311783167,6444.998842812265
TCACAGCAAACTCGAA-1-Topic-3-Cell-4,1,51.0,49.0,10298.927405376267,6505.178979353126
TCACAGGAGAATAAGA-1-Topic-3-Cell-1,1,55.0,49.0,10903.0,6441.0
TCACAGGAGAATAAGA-1-Topic-3-Cell-2,1,55.0,49.0,10938.68177145867,6402.049584262212
TCACAGGAGAATAAGA-1-Topic-3-Cell-3,1,55.0,49.0,10828.582306694394,6447.531027807593
TCACAGGAGAATAAGA-1-Topic-3-Cell-4,1,55.0,49.0,10975.608922440497,6496.66790353297
TCACAGGAGAATAAGA-1-Topic-3-Cell-5,1,55.0,49.0,10884.59819438278,6336.967945553654
TCACAGGAGAATAAGA-1-Topic-3-Cell-6,1,55.0,49.0,10839.603308934946,6540.6618184907275
TCACAGGGAATCGCAA-1-Topic-3-Cell-1,1,47.0,79.0,9499.0,9419.0
TCACAGGGAATCGCAA-1-Topic-4-Cell-2,1,47.0,79.0,9534.68177145867,9380.049584262211
TCACAGGGAATCGCAA-1-Topic-5-Cell-3,1,47.0,79.0,9424.582306694394,9425.531027807592
TCACAGGGAATCGCAA-1-Topic-6-Cell-4,1,47.0,79.0,9571.608922440497,9474.667903532969
TCACAGGGAATCGCAA-1-Topic-7-Cell-5,1,47.0,79.0,9480.59819438278,9314.967945553655
TCACAGGGAATCGCAA-1-Topic-9-Cell-6,1,47.0,79.0,9435.603308934946,9518.661818490727
TCACAGGTTATTGGGC-1-Topic-3-Cell-1,1,32.0,48.0,6920.0,6317.0
TCACAGGTTATTGGGC-1-Topic-6-Cell-2,1,32.0,48.0,6970.461645126349,6261.91579380355
TCACAGGTTATTGGGC-1-Topic-7-Cell-3,1,32.0,48.0,6814.757488846692,6326.236268101734
TCACATCTTATCTGAT-1-Topic-3-Cell-1,1,28.0,20.0,6245.0,3526.0
TCACATCTTATCTGAT-1-Topic-4-Cell-2,1,28.0,20.0,6295.461645126349,3470.9157938035496
TCACATCTTATCTGAT-1-Topic-5-Cell-3,1,28.0,20.0,6139.757488846692,3535.236268101734
TCACCCTCTTAAGATT-1-Topic-0-Cell-1,1,45.0,59.0,9165.0,7426.0
TCACCCTCTTAAGATT-1-Topic-3-Cell-2,1,45.0,59.0,9208.701066596173,7378.295678086574
TCACCCTCTTAAGATT-1-Topic-3-Cell-3,1,45.0,59.0,9073.857311783167,7433.998842812265
TCACCCTCTTAAGATT-1-Topic-3-Cell-4,1,45.0,59.0,9253.927405376267,7494.178979353126
TCACCGCTCGGCACTC-1-Topic-4-Cell-1,1,30.0,92.0,6546.0,10694.0
TCACCGCTCGGCACTC-1-Topic-6-Cell-2,1,30.0,92.0,6581.6817714586705,10655.049584262211
TCACCGCTCGGCACTC-1-Topic-6-Cell-3,1,30.0,92.0,6471.582306694395,10700.531027807592
TCACCGCTCGGCACTC-1-Topic-6-Cell-4,1,30.0,92.0,6618.608922440497,10749.667903532969
TCACCGCTCGGCACTC-1-Topic-6-Cell-5,1,30.0,92.0,6527.598194382778,10589.967945553655
TCACCGCTCGGCACTC-1-Topic-6-Cell-6,1,30.0,92.0,6482.603308934945,10793.661818490727
TCACGATGTCCGTGGA-1-Topic-0-Cell-1,1,52.0,28.0,10396.0,4348.0
TCACGATGTCCGTGGA-1-Topic-0-Cell-2,1,52.0,28.0,10429.034901211928,4311.938922215459
TCACGATGTCCGTGGA-1-Topic-0-Cell-3,1,52.0,28.0,10327.102603758962,4354.046556816443
TCACGATGTCCGTGGA-1-Topic-0-Cell-4,1,52.0,28.0,10463.222799818237,4399.538464003022
TCACGATGTCCGTGGA-1-Topic-2-Cell-5,1,52.0,28.0,10378.96323848747,4251.685032972941
TCACGATGTCCGTGGA-1-Topic-3-Cell-6,1,52.0,28.0,10337.3060691529,4440.268914738599
TCACGATGTCCGTGGA-1-Topic-3-Cell-7,1,52.0,28.0,10511.685395307864,4316.901358761988
TCACGCATTGTAGATC-1-Topic-3-Cell-1,1,33.0,49.0,7093.0,6417.0
TCACGCATTGTAGATC-1-Topic-3-Cell-2,1,33.0,49.0,7154.802641070479,6349.535900966221
TCACGGTCATCGCACA-1-Topic-4-Cell-1,1,23.0,45.0,5363.0,6008.0
TCACGGTCATCGCACA-1-Topic-5-Cell-2,1,23.0,45.0,5393.901320535239,5974.26795048311
TCACGGTCATCGCACA-1-Topic-6-Cell-3,1,23.0,45.0,5298.552387106307,6013.656035994198
TCACGGTCATCGCACA-1-Topic-6-Cell-4,1,23.0,45.0,5425.881171374884,6056.209818634973
TCACGGTCATCGCACA-1-Topic-6-Cell-5,1,23.0,45.0,5347.063568859983,5917.905598041579
TCACGGTCATCGCACA-1-Topic-6-Cell-6,1,23.0,45.0,5308.0968550217885,6094.309666600323
TCACGGTCATCGCACA-1-Topic-6-Cell-7,1,23.0,45.0,5471.213778473883,5978.909884823291
TCACGGTCATCGCACA-1-Topic-6-Cell-8,1,23.0,45.0,5255.588675800891,5952.214635774117
TCACGTGCCCGATTCA-1-Topic-3-Cell-1,1,38.0,62.0,7951.0,7717.0
TCACGTGCCCGATTCA-1-Topic-3-Cell-2,1,38.0,62.0,8012.802641070479,7649.535900966221
TCAGAACCTCCACAGG-1-Topic-6-Cell-1,1,30.0,106.0,6538.0,12087.0
TCAGAACCTCCACAGG-1-Topic-6-Cell-2,1,30.0,106.0,6577.087422239316,12044.331957352419
TCAGAACCTCCACAGG-1-Topic-6-Cell-3,1,30.0,106.0,6456.479501398037,12094.154382507824
TCAGAACCTCCACAGG-1-Topic-7-Cell-4,1,30.0,106.0,6617.5390893936055,12147.981132988058
TCAGAACCTCCACAGG-1-Topic-7-Cell-5,1,30.0,106.0,6517.841831929245,11973.038594152262
TCAGACGCTATAGAAG-1-Topic-2-Cell-1,1,48.0,72.0,9676.0,8723.0
TCAGACGCTATAGAAG-1-Topic-3-Cell-2,1,48.0,72.0,9709.034901211928,8686.938922215459
TCAGACGCTATAGAAG-1-Topic-3-Cell-3,1,48.0,72.0,9607.102603758962,8729.046556816444
TCAGACGCTATAGAAG-1-Topic-4-Cell-4,1,48.0,72.0,9743.222799818237,8774.538464003022
TCAGACGCTATAGAAG-1-Topic-6-Cell-5,1,48.0,72.0,9658.96323848747,8626.68503297294
TCAGACGCTATAGAAG-1-Topic-6-Cell-6,1,48.0,72.0,9617.3060691529,8815.268914738599
TCAGACGCTATAGAAG-1-Topic-6-Cell-7,1,48.0,72.0,9791.685395307864,8691.901358761988
TCAGCAAATGCATCTC-1-Topic-6-Cell-1,1,31.0,73.0,6731.0,8804.0
TCAGCAAATGCATCTC-1-Topic-6-Cell-2,1,31.0,73.0,6770.087422239316,8761.331957352419
TCAGCAAATGCATCTC-1-Topic-6-Cell-3,1,31.0,73.0,6649.479501398037,8811.154382507824
TCAGCAAATGCATCTC-1-Topic-9-Cell-4,1,31.0,73.0,6810.5390893936055,8864.981132988058
TCAGCAAATGCATCTC-1-Topic-9-Cell-5,1,31.0,73.0,6710.841831929245,8690.038594152262
TCAGCAGTAGGCCCTG-1-Topic-3-Cell-1,1,61.0,41.0,11947.0,5652.0
TCAGCAGTAGGCCCTG-1-Topic-3-Cell-2,1,61.0,41.0,11986.087422239316,5609.331957352419
TCAGCAGTAGGCCCTG-1-Topic-3-Cell-3,1,61.0,41.0,11865.479501398038,5659.154382507824
TCAGCAGTAGGCCCTG-1-Topic-3-Cell-4,1,61.0,41.0,12026.539089393606,5712.981132988058
TCAGCAGTAGGCCCTG-1-Topic-3-Cell-5,1,61.0,41.0,11926.841831929245,5538.038594152262
TCAGCCAATCCGTAAA-1-Topic-2-Cell-1,1,63.0,105.0,12253.0,12024.0
TCAGCCAATCCGTAAA-1-Topic-3-Cell-2,1,63.0,105.0,12296.701066596173,11976.295678086573
TCAGCCAATCCGTAAA-1-Topic-7-Cell-3,1,63.0,105.0,12161.857311783167,12031.998842812265
TCAGCCAATCCGTAAA-1-Topic-7-Cell-4,1,63.0,105.0,12341.927405376267,12092.178979353126
TCAGGGTGTAACGTAA-1-Topic-3-Cell-1,1,28.0,72.0,6213.0,8701.0
TCAGGGTGTAACGTAA-1-Topic-3-Cell-2,1,28.0,72.0,6252.087422239316,8658.331957352419
TCAGGGTGTAACGTAA-1-Topic-4-Cell-3,1,28.0,72.0,6131.479501398037,8708.154382507824
TCAGGGTGTAACGTAA-1-Topic-6-Cell-4,1,28.0,72.0,6292.5390893936055,8761.981132988058
TCAGGGTGTAACGTAA-1-Topic-6-Cell-5,1,28.0,72.0,6192.841831929245,8587.038594152262
TCAGGTTCTTTGAGAA-1-Topic-6-Cell-1,1,30.0,42.0,6578.0,5717.0
TCAGGTTCTTTGAGAA-1-Topic-6-Cell-2,1,30.0,42.0,6608.901320535239,5683.26795048311
TCAGGTTCTTTGAGAA-1-Topic-6-Cell-3,1,30.0,42.0,6513.552387106307,5722.656035994198
TCAGGTTCTTTGAGAA-1-Topic-6-Cell-4,1,30.0,42.0,6640.881171374884,5765.209818634973
TCAGGTTCTTTGAGAA-1-Topic-6-Cell-5,1,30.0,42.0,6562.063568859983,5626.905598041579
TCAGGTTCTTTGAGAA-1-Topic-6-Cell-6,1,30.0,42.0,6523.0968550217885,5803.309666600323
TCAGGTTCTTTGAGAA-1-Topic-6-Cell-7,1,30.0,42.0,6686.213778473883,5687.909884823291
TCAGGTTCTTTGAGAA-1-Topic-6-Cell-8,1,30.0,42.0,6470.588675800891,5661.214635774117
TCAGTACTGACCCGCG-1-Topic-2-Cell-1,1,26.0,34.0,5890.0,4917.0
TCAGTACTGACCCGCG-1-Topic-4-Cell-2,1,26.0,34.0,5923.034901211928,4880.938922215459
TCAGTACTGACCCGCG-1-Topic-6-Cell-3,1,26.0,34.0,5821.102603758962,4923.046556816443
TCAGTACTGACCCGCG-1-Topic-6-Cell-4,1,26.0,34.0,5957.222799818238,4968.538464003022
TCAGTACTGACCCGCG-1-Topic-7-Cell-5,1,26.0,34.0,5872.9632384874685,4820.685032972941
TCAGTACTGACCCGCG-1-Topic-7-Cell-6,1,26.0,34.0,5831.306069152901,5009.268914738599
TCAGTACTGACCCGCG-1-Topic-9-Cell-7,1,26.0,34.0,6005.685395307864,4885.901358761988
TCAGTAGGGACTATAA-1-Topic-3-Cell-1,1,46.0,48.0,9345.0,6332.0
TCAGTAGGGACTATAA-1-Topic-3-Cell-2,1,46.0,48.0,9406.802641070479,6264.535900966221
TCAGTGTATACGTCAT-1-Topic-0-Cell-1,1,58.0,36.0,11430.0,5151.0
TCAGTGTATACGTCAT-1-Topic-3-Cell-2,1,58.0,36.0,11473.701066596173,5103.295678086574
TCAGTGTATACGTCAT-1-Topic-5-Cell-3,1,58.0,36.0,11338.857311783167,5158.998842812265
TCAGTGTATACGTCAT-1-Topic-5-Cell-4,1,58.0,36.0,11518.927405376267,5219.178979353126
TCATACTTACAGATCC-1-Topic-0-Cell-1,1,22.0,24.0,5203.0,3917.0
TCATACTTACAGATCC-1-Topic-0-Cell-2,1,22.0,24.0,5253.461645126349,3861.9157938035496
TCATACTTACAGATCC-1-Topic-4-Cell-3,1,22.0,24.0,5097.757488846692,3926.236268101734
TCATATGAGCTTTGTT-1-Topic-5-Cell-1,1,64.0,62.0,12453.0,7745.0
TCATATGAGCTTTGTT-1-Topic-5-Cell-2,1,64.0,62.0,12514.802641070479,7677.535900966221
TCATCACTCGAGCTCG-1-Topic-0-Cell-1,1,17.0,29.0,4334.0,4409.0
TCATCACTCGAGCTCG-1-Topic-0-Cell-2,1,17.0,29.0,4377.701066596173,4361.295678086574
TCATCACTCGAGCTCG-1-Topic-0-Cell-3,1,17.0,29.0,4242.8573117831675,4416.998842812265
TCATCACTCGAGCTCG-1-Topic-0-Cell-4,1,17.0,29.0,4422.927405376267,4477.178979353126
TCATCGATGGTCCCAA-1-Topic-0-Cell-1,1,57.0,29.0,11262.0,4453.0
TCATCGATGGTCCCAA-1-Topic-3-Cell-2,1,57.0,29.0,11323.802641070479,4385.535900966221
TCATGCAGGTTCTCAT-1-Topic-2-Cell-1,1,18.0,84.0,4473.0,9885.0
TCATGCAGGTTCTCAT-1-Topic-3-Cell-2,1,18.0,84.0,4503.901320535239,9851.26795048311
TCATGCAGGTTCTCAT-1-Topic-3-Cell-3,1,18.0,84.0,4408.552387106307,9890.656035994198
TCATGCAGGTTCTCAT-1-Topic-6-Cell-4,1,18.0,84.0,4535.881171374884,9933.209818634972
TCATGCAGGTTCTCAT-1-Topic-6-Cell-5,1,18.0,84.0,4457.063568859983,9794.90559804158
TCATGCAGGTTCTCAT-1-Topic-6-Cell-6,1,18.0,84.0,4418.0968550217885,9971.309666600324
TCATGCAGGTTCTCAT-1-Topic-7-Cell-7,1,18.0,84.0,4581.213778473883,9855.90988482329
TCATGCAGGTTCTCAT-1-Topic-7-Cell-8,1,18.0,84.0,4365.588675800891,9829.214635774117
TCATTTAAGTCTCCGA-1-Topic-6-Cell-1,1,35.0,99.0,7408.0,11396.0
TCATTTAAGTCTCCGA-1-Topic-6-Cell-2,1,35.0,99.0,7451.701066596173,11348.295678086573
TCATTTAAGTCTCCGA-1-Topic-6-Cell-3,1,35.0,99.0,7316.8573117831675,11403.998842812265
TCATTTAAGTCTCCGA-1-Topic-9-Cell-4,1,35.0,99.0,7496.927405376267,11464.178979353126
TCCAACTTTAAATTCT-1-Topic-3-Cell-1,1,40.0,40.0,8311.0,5529.0
TCCAACTTTAAATTCT-1-Topic-7-Cell-2,1,40.0,40.0,8372.802641070479,5461.535900966221
TCCAAGCCTAGACACA-1-Topic-2-Cell-1,1,67.0,79.0,12962.0,9440.0
TCCAAGCCTAGACACA-1-Topic-2-Cell-2,1,67.0,79.0,13012.46164512635,9384.91579380355
TCCAAGCCTAGACACA-1-Topic-3-Cell-3,1,67.0,79.0,12856.757488846692,9449.236268101733
TCCAATAAAGGCTACC-1-Topic-3-Cell-1,1,63.0,53.0,12286.0,6848.0
TCCAATAAAGGCTACC-1-Topic-3-Cell-2,1,63.0,53.0,12336.46164512635,6792.91579380355
TCCAATAAAGGCTACC-1-Topic-3-Cell-3,1,63.0,53.0,12180.757488846692,6857.236268101734
TCCACAATGGTTTACG-1-Topic-6-Cell-1,1,30.0,36.0,6581.0,5120.0
TCCACAATGGTTTACG-1-Topic-6-Cell-2,1,30.0,36.0,6620.087422239316,5077.331957352419
TCCACAATGGTTTACG-1-Topic-6-Cell-3,1,30.0,36.0,6499.479501398037,5127.154382507824
TCCACAATGGTTTACG-1-Topic-6-Cell-4,1,30.0,36.0,6660.5390893936055,5180.981132988058
TCCACAATGGTTTACG-1-Topic-7-Cell-5,1,30.0,36.0,6560.841831929245,5006.038594152262
TCCACCTCTAGCCTTT-1-Topic-0-Cell-1,1,61.0,53.0,11939.0,6846.0
TCCACCTCTAGCCTTT-1-Topic-3-Cell-2,1,61.0,53.0,11978.087422239316,6803.331957352419
TCCACCTCTAGCCTTT-1-Topic-3-Cell-3,1,61.0,53.0,11857.479501398038,6853.154382507824
TCCACCTCTAGCCTTT-1-Topic-5-Cell-4,1,61.0,53.0,12018.539089393606,6906.981132988058
TCCACCTCTAGCCTTT-1-Topic-5-Cell-5,1,61.0,53.0,11918.841831929245,6732.038594152262
TCCACTTTATCTAGGT-1-Topic-4-Cell-1,1,31.0,79.0,6728.0,9401.0
TCCACTTTATCTAGGT-1-Topic-6-Cell-2,1,31.0,79.0,6767.087422239316,9358.331957352419
TCCACTTTATCTAGGT-1-Topic-6-Cell-3,1,31.0,79.0,6646.479501398037,9408.154382507824
TCCACTTTATCTAGGT-1-Topic-7-Cell-4,1,31.0,79.0,6807.5390893936055,9461.981132988058
TCCACTTTATCTAGGT-1-Topic-7-Cell-5,1,31.0,79.0,6707.841831929245,9287.038594152262
TCCAGAGCACCGGTTC-1-Topic-4-Cell-1,1,40.0,70.0,8292.0,8515.0
TCCAGAGCACCGGTTC-1-Topic-6-Cell-2,1,40.0,70.0,8335.701066596173,8467.295678086573
TCCAGAGCACCGGTTC-1-Topic-7-Cell-3,1,40.0,70.0,8200.857311783167,8522.998842812265
TCCAGAGCACCGGTTC-1-Topic-9-Cell-4,1,40.0,70.0,8380.927405376267,8583.178979353126
TCCAGGCGAGTACGGT-1-Topic-0-Cell-1,1,31.0,57.0,6741.0,7212.0
TCCAGGCGAGTACGGT-1-Topic-3-Cell-2,1,31.0,57.0,6791.461645126349,7156.91579380355
TCCAGGCGAGTACGGT-1-Topic-3-Cell-3,1,31.0,57.0,6635.757488846692,7221.236268101734
TCCAGGGTATATACGA-1-Topic-2-Cell-1,1,61.0,63.0,11933.0,7841.0
TCCAGGGTATATACGA-1-Topic-6-Cell-2,1,61.0,63.0,11966.034901211928,7804.938922215459
TCCAGGGTATATACGA-1-Topic-6-Cell-3,1,61.0,63.0,11864.102603758962,7847.046556816443
TCCAGGGTATATACGA-1-Topic-6-Cell-4,1,61.0,63.0,12000.222799818237,7892.538464003022
TCCAGGGTATATACGA-1-Topic-6-Cell-5,1,61.0,63.0,11915.96323848747,7744.685032972941
TCCAGGGTATATACGA-1-Topic-6-Cell-6,1,61.0,63.0,11874.3060691529,7933.268914738599
TCCAGGGTATATACGA-1-Topic-6-Cell-7,1,61.0,63.0,12048.685395307864,7809.901358761988
TCCCAAACAGACAACG-1-Topic-6-Cell-1,1,22.0,110.0,5150.0,12477.0
TCCCAAACAGACAACG-1-Topic-6-Cell-2,1,22.0,110.0,5193.701066596173,12429.295678086573
TCCCAAACAGACAACG-1-Topic-6-Cell-3,1,22.0,110.0,5058.8573117831675,12484.998842812265
TCCCAAACAGACAACG-1-Topic-9-Cell-4,1,22.0,110.0,5238.927405376267,12545.178979353126
TCCCAAAGACGAAGGA-1-Topic-3-Cell-1,1,26.0,60.0,5874.0,7505.0
TCCCAAAGACGAAGGA-1-Topic-3-Cell-2,1,26.0,60.0,5907.034901211928,7468.938922215459
TCCCAAAGACGAAGGA-1-Topic-3-Cell-3,1,26.0,60.0,5805.102603758962,7511.046556816443
TCCCAAAGACGAAGGA-1-Topic-3-Cell-4,1,26.0,60.0,5941.222799818238,7556.538464003022
TCCCAAAGACGAAGGA-1-Topic-3-Cell-5,1,26.0,60.0,5856.9632384874685,7408.685032972941
TCCCAAAGACGAAGGA-1-Topic-6-Cell-6,1,26.0,60.0,5815.306069152901,7597.268914738599
TCCCAAAGACGAAGGA-1-Topic-7-Cell-7,1,26.0,60.0,5989.685395307864,7473.901358761988
TCCCACTCTCTTCCGG-1-Topic-6-Cell-1,1,31.0,107.0,6710.0,12188.0
TCCCACTCTCTTCCGG-1-Topic-7-Cell-2,1,31.0,107.0,6753.701066596173,12140.295678086573
TCCCACTCTCTTCCGG-1-Topic-7-Cell-3,1,31.0,107.0,6618.8573117831675,12195.998842812265
TCCCACTCTCTTCCGG-1-Topic-7-Cell-4,1,31.0,107.0,6798.927405376267,12256.178979353126
TCCCAGCTTTAGTCTG-1-Topic-3-Cell-1,1,34.0,56.0,7262.0,7115.0
TCCCAGCTTTAGTCTG-1-Topic-3-Cell-2,1,34.0,56.0,7305.701066596173,7067.295678086574
TCCCAGCTTTAGTCTG-1-Topic-3-Cell-3,1,34.0,56.0,7170.8573117831675,7122.998842812265
TCCCAGCTTTAGTCTG-1-Topic-3-Cell-4,1,34.0,56.0,7350.927405376267,7183.178979353126
TCCCAGGCTTAGCTAA-1-Topic-3-Cell-1,1,30.0,48.0,6574.0,6315.0
TCCCAGGCTTAGCTAA-1-Topic-6-Cell-2,1,30.0,48.0,6613.087422239316,6272.331957352419
TCCCAGGCTTAGCTAA-1-Topic-6-Cell-3,1,30.0,48.0,6492.479501398037,6322.154382507824
TCCCAGGCTTAGCTAA-1-Topic-6-Cell-4,1,30.0,48.0,6653.5390893936055,6375.981132988058
TCCCAGGCTTAGCTAA-1-Topic-7-Cell-5,1,30.0,48.0,6553.841831929245,6201.038594152262
TCCCGCGTACTCCTGG-1-Topic-1-Cell-1,1,27.0,69.0,6041.0,8402.0
TCCCGCGTACTCCTGG-1-Topic-6-Cell-2,1,27.0,69.0,6080.087422239316,8359.331957352419
TCCCGCGTACTCCTGG-1-Topic-6-Cell-3,1,27.0,69.0,5959.479501398037,8409.154382507824
TCCCGCGTACTCCTGG-1-Topic-7-Cell-4,1,27.0,69.0,6120.5390893936055,8462.981132988058
TCCCGCGTACTCCTGG-1-Topic-8-Cell-5,1,27.0,69.0,6020.841831929245,8288.038594152262
TCCCGGGTGTGCTGCT-1-Topic-3-Cell-1,1,34.0,34.0,7275.0,4926.0
TCCCGTCAGTCCCGCA-1-Topic-1-Cell-1,1,23.0,75.0,5345.0,8994.0
TCCCGTCAGTCCCGCA-1-Topic-3-Cell-2,1,23.0,75.0,5388.701066596173,8946.295678086573
TCCCGTCAGTCCCGCA-1-Topic-7-Cell-3,1,23.0,75.0,5253.8573117831675,9001.998842812265
TCCCGTCAGTCCCGCA-1-Topic-9-Cell-4,1,23.0,75.0,5433.927405376267,9062.178979353126
TCCCGTGTGCAATTTG-1-Topic-2-Cell-1,1,44.0,80.0,8978.0,9515.0
TCCCGTGTGCAATTTG-1-Topic-4-Cell-2,1,44.0,80.0,9021.701066596173,9467.295678086573
TCCCGTGTGCAATTTG-1-Topic-9-Cell-3,1,44.0,80.0,8886.857311783167,9522.998842812265
TCCCGTGTGCAATTTG-1-Topic-9-Cell-4,1,44.0,80.0,9066.927405376267,9583.178979353126
TCCCTGGCGTATTAAC-1-Topic-0-Cell-1,1,58.0,18.0,11442.0,3359.0
TCCCTGGCGTATTAAC-1-Topic-3-Cell-2,1,58.0,18.0,11477.68177145867,3320.049584262212
TCCCTGGCGTATTAAC-1-Topic-3-Cell-3,1,58.0,18.0,11367.582306694394,3365.531027807593
TCCCTGGCGTATTAAC-1-Topic-3-Cell-4,1,58.0,18.0,11514.608922440497,3414.6679035329694
TCCCTGGCGTATTAAC-1-Topic-3-Cell-5,1,58.0,18.0,11423.59819438278,3254.9679455536548
TCCCTGGCGTATTAAC-1-Topic-3-Cell-6,1,58.0,18.0,11378.603308934946,3458.661818490727
TCCCTGGCTCGCTGGA-1-Topic-3-Cell-1,1,33.0,27.0,7107.0,4228.0
TCCCTGGCTCGCTGGA-1-Topic-3-Cell-2,1,33.0,27.0,7146.087422239316,4185.331957352419
TCCCTGGCTCGCTGGA-1-Topic-3-Cell-3,1,33.0,27.0,7025.479501398037,4235.154382507824
TCCCTGGCTCGCTGGA-1-Topic-3-Cell-4,1,33.0,27.0,7186.5390893936055,4288.981132988058
TCCCTGGCTCGCTGGA-1-Topic-8-Cell-5,1,33.0,27.0,7086.841831929245,4114.038594152262
TCCCTTAGATTACTCG-1-Topic-1-Cell-1,1,18.0,86.0,4472.0,10084.0
TCCCTTAGATTACTCG-1-Topic-1-Cell-2,1,18.0,86.0,4505.034901211928,10047.938922215459
TCCCTTAGATTACTCG-1-Topic-4-Cell-3,1,18.0,86.0,4403.102603758962,10090.046556816444
TCCCTTAGATTACTCG-1-Topic-6-Cell-4,1,18.0,86.0,4539.222799818238,10135.538464003022
TCCCTTAGATTACTCG-1-Topic-6-Cell-5,1,18.0,86.0,4454.9632384874685,9987.68503297294
TCCCTTAGATTACTCG-1-Topic-6-Cell-6,1,18.0,86.0,4413.306069152901,10176.268914738599
TCCCTTAGATTACTCG-1-Topic-7-Cell-7,1,18.0,86.0,4587.685395307864,10052.901358761988
TCCGATAATTGCCATA-1-Topic-7-Cell-1,1,18.0,64.0,4486.0,7894.0
TCCGATAATTGCCATA-1-Topic-7-Cell-2,1,18.0,64.0,4536.461645126349,7838.91579380355
TCCGATAATTGCCATA-1-Topic-8-Cell-3,1,18.0,64.0,4380.757488846692,7903.236268101734
TCCGATGACTGAGCTC-1-Topic-6-Cell-1,1,22.0,76.0,5171.0,9093.0
TCCGATGACTGAGCTC-1-Topic-6-Cell-2,1,22.0,76.0,5210.087422239316,9050.331957352419
TCCGATGACTGAGCTC-1-Topic-6-Cell-3,1,22.0,76.0,5089.479501398037,9100.154382507824
TCCGATGACTGAGCTC-1-Topic-7-Cell-4,1,22.0,76.0,5250.5390893936055,9153.981132988058
TCCGATGACTGAGCTC-1-Topic-8-Cell-5,1,22.0,76.0,5150.841831929245,8979.038594152262
TCCGATGGTGCGACAT-1-Topic-2-Cell-1,1,25.0,53.0,5705.0,6807.0
TCCGATGGTGCGACAT-1-Topic-3-Cell-2,1,25.0,53.0,5744.087422239316,6764.331957352419
TCCGATGGTGCGACAT-1-Topic-6-Cell-3,1,25.0,53.0,5623.479501398037,6814.154382507824
TCCGATGGTGCGACAT-1-Topic-6-Cell-4,1,25.0,53.0,5784.5390893936055,6867.981132988058
TCCGATGGTGCGACAT-1-Topic-6-Cell-5,1,25.0,53.0,5684.841831929245,6693.038594152262
TCCGATTACATTGCCG-1-Topic-0-Cell-1,1,32.0,32.0,6930.0,4724.0
TCCGATTACATTGCCG-1-Topic-2-Cell-2,1,32.0,32.0,6963.034901211928,4687.938922215459
TCCGATTACATTGCCG-1-Topic-3-Cell-3,1,32.0,32.0,6861.102603758962,4730.046556816443
TCCGATTACATTGCCG-1-Topic-3-Cell-4,1,32.0,32.0,6997.222799818238,4775.538464003022
TCCGATTACATTGCCG-1-Topic-6-Cell-5,1,32.0,32.0,6912.9632384874685,4627.685032972941
TCCGATTACATTGCCG-1-Topic-6-Cell-6,1,32.0,32.0,6871.306069152901,4816.268914738599
TCCGATTACATTGCCG-1-Topic-6-Cell-7,1,32.0,32.0,7045.685395307864,4692.901358761988
TCCGCCTGTCTACAAG-1-Topic-6-Cell-1,1,56.0,74.0,11060.0,8931.0
TCCGCCTGTCTACAAG-1-Topic-6-Cell-2,1,56.0,74.0,11095.68177145867,8892.049584262211
TCCGCCTGTCTACAAG-1-Topic-6-Cell-3,1,56.0,74.0,10985.582306694394,8937.531027807592
TCCGCCTGTCTACAAG-1-Topic-7-Cell-4,1,56.0,74.0,11132.608922440497,8986.667903532969
TCCGCCTGTCTACAAG-1-Topic-7-Cell-5,1,56.0,74.0,11041.59819438278,8826.967945553655
TCCGCCTGTCTACAAG-1-Topic-7-Cell-6,1,56.0,74.0,10996.603308934946,9030.661818490727
TCCGCGGCAGCATCTG-1-Topic-3-Cell-1,1,34.0,84.0,7244.0,9902.0
TCCGCGGCAGCATCTG-1-Topic-3-Cell-2,1,34.0,84.0,7283.087422239316,9859.331957352419
TCCGCGGCAGCATCTG-1-Topic-4-Cell-3,1,34.0,84.0,7162.479501398037,9909.154382507824
TCCGCGGCAGCATCTG-1-Topic-4-Cell-4,1,34.0,84.0,7323.5390893936055,9962.981132988058
TCCGCGGCAGCATCTG-1-Topic-7-Cell-5,1,34.0,84.0,7223.841831929245,9788.038594152262
TCCGCGGCCCAATGAA-1-Topic-6-Cell-1,1,53.0,99.0,10525.0,11416.0
TCCGCGGCCCAATGAA-1-Topic-6-Cell-2,1,53.0,99.0,10564.087422239316,11373.331957352419
TCCGCGGCCCAATGAA-1-Topic-6-Cell-3,1,53.0,99.0,10443.479501398038,11423.154382507824
TCCGCGGCCCAATGAA-1-Topic-6-Cell-4,1,53.0,99.0,10604.539089393606,11476.981132988058
TCCGCGGCCCAATGAA-1-Topic-7-Cell-5,1,53.0,99.0,10504.841831929245,11302.038594152262
TCCGCTGTCATCCCGG-1-Topic-6-Cell-1,1,47.0,81.0,9497.0,9618.0
TCCGCTGTCATCCCGG-1-Topic-9-Cell-2,1,47.0,81.0,9547.46164512635,9562.91579380355
TCCGCTGTCATCCCGG-1-Topic-9-Cell-3,1,47.0,81.0,9391.757488846692,9627.236268101733
TCCGCTTATCCCATTA-1-Topic-0-Cell-1,1,50.0,64.0,10027.0,7929.0
TCCGCTTATCCCATTA-1-Topic-6-Cell-2,1,50.0,64.0,10057.90132053524,7895.26795048311
TCCGCTTATCCCATTA-1-Topic-6-Cell-3,1,50.0,64.0,9962.552387106307,7934.656035994198
TCCGCTTATCCCATTA-1-Topic-6-Cell-4,1,50.0,64.0,10089.881171374884,7977.209818634973
TCCGCTTATCCCATTA-1-Topic-6-Cell-5,1,50.0,64.0,10011.063568859983,7838.905598041579
TCCGCTTATCCCATTA-1-Topic-6-Cell-6,1,50.0,64.0,9972.096855021788,8015.309666600323
TCCGCTTATCCCATTA-1-Topic-6-Cell-7,1,50.0,64.0,10135.213778473884,7899.909884823291
TCCGCTTATCCCATTA-1-Topic-7-Cell-8,1,50.0,64.0,9919.588675800891,7873.214635774117
TCCGGCCTAGCGTACA-1-Topic-4-Cell-1,1,28.0,98.0,6196.0,11289.0
TCCGGCCTAGCGTACA-1-Topic-6-Cell-2,1,28.0,98.0,6231.6817714586705,11250.049584262211
TCCGGCCTAGCGTACA-1-Topic-6-Cell-3,1,28.0,98.0,6121.582306694395,11295.531027807592
TCCGGCCTAGCGTACA-1-Topic-6-Cell-4,1,28.0,98.0,6268.608922440497,11344.667903532969
TCCGGCCTAGCGTACA-1-Topic-6-Cell-5,1,28.0,98.0,6177.598194382778,11184.967945553655
TCCGGCCTAGCGTACA-1-Topic-6-Cell-6,1,28.0,98.0,6132.603308934945,11388.661818490727
TCCGGTTCGTCCGGTC-1-Topic-0-Cell-1,1,51.0,53.0,10208.0,6835.0
TCCGGTTCGTCCGGTC-1-Topic-0-Cell-2,1,51.0,53.0,10247.087422239316,6792.331957352419
TCCGGTTCGTCCGGTC-1-Topic-3-Cell-3,1,51.0,53.0,10126.479501398038,6842.154382507824
TCCGGTTCGTCCGGTC-1-Topic-6-Cell-4,1,51.0,53.0,10287.539089393606,6895.981132988058
TCCGGTTCGTCCGGTC-1-Topic-7-Cell-5,1,51.0,53.0,10187.841831929245,6721.038594152262
TCCGTTAAGCTAATAT-1-Topic-4-Cell-1,1,52.0,100.0,10351.0,11514.0
TCCGTTAAGCTAATAT-1-Topic-4-Cell-2,1,52.0,100.0,10386.68177145867,11475.049584262211
TCCGTTAAGCTAATAT-1-Topic-4-Cell-3,1,52.0,100.0,10276.582306694394,11520.531027807592
TCCGTTAAGCTAATAT-1-Topic-4-Cell-4,1,52.0,100.0,10423.608922440497,11569.667903532969
TCCGTTAAGCTAATAT-1-Topic-6-Cell-5,1,52.0,100.0,10332.59819438278,11409.967945553655
TCCGTTAAGCTAATAT-1-Topic-7-Cell-6,1,52.0,100.0,10287.603308934946,11613.661818490727
TCCGTTTAGCCTTGAA-1-Topic-3-Cell-1,1,29.0,89.0,6375.0,10394.0
TCCGTTTAGCCTTGAA-1-Topic-6-Cell-2,1,29.0,89.0,6418.701066596173,10346.295678086573
TCCGTTTAGCCTTGAA-1-Topic-7-Cell-3,1,29.0,89.0,6283.8573117831675,10401.998842812265
TCCGTTTAGCCTTGAA-1-Topic-7-Cell-4,1,29.0,89.0,6463.927405376267,10462.178979353126
TCCTAAATTGGGAAGC-1-Topic-6-Cell-1,1,56.0,70.0,11063.0,8533.0
TCCTAAATTGGGAAGC-1-Topic-6-Cell-2,1,56.0,70.0,11102.087422239316,8490.331957352419
TCCTAAATTGGGAAGC-1-Topic-6-Cell-3,1,56.0,70.0,10981.479501398038,8540.154382507824
TCCTAAATTGGGAAGC-1-Topic-7-Cell-4,1,56.0,70.0,11142.539089393606,8593.981132988058
TCCTAAATTGGGAAGC-1-Topic-7-Cell-5,1,56.0,70.0,11042.841831929245,8419.038594152262
TCCTAACCGTCGGGCA-1-Topic-0-Cell-1,1,62.0,46.0,12117.0,6150.0
TCCTAACCGTCGGGCA-1-Topic-3-Cell-2,1,62.0,46.0,12160.701066596173,6102.295678086574
TCCTAACCGTCGGGCA-1-Topic-3-Cell-3,1,62.0,46.0,12025.857311783167,6157.998842812265
TCCTAACCGTCGGGCA-1-Topic-8-Cell-4,1,62.0,46.0,12205.927405376267,6218.178979353126
TCCTACATCCACGGCC-1-Topic-9-Cell-1,1,46.0,84.0,9322.0,9915.0
TCCTACATCCACGGCC-1-Topic-9-Cell-2,1,46.0,84.0,9361.087422239316,9872.331957352419
TCCTACATCCACGGCC-1-Topic-9-Cell-3,1,46.0,84.0,9240.479501398038,9922.154382507824
TCCTACATCCACGGCC-1-Topic-9-Cell-4,1,46.0,84.0,9401.539089393606,9975.981132988058
TCCTACATCCACGGCC-1-Topic-9-Cell-5,1,46.0,84.0,9301.841831929245,9801.038594152262
TCCTAGCAAAGAAGCT-1-Topic-0-Cell-1,1,41.0,41.0,8483.0,5630.0
TCCTAGCAAAGAAGCT-1-Topic-2-Cell-2,1,41.0,41.0,8533.46164512635,5574.91579380355
TCCTAGCAAAGAAGCT-1-Topic-8-Cell-3,1,41.0,41.0,8377.757488846692,5639.236268101734
TCCTCCTAAGACATTC-1-Topic-0-Cell-1,1,47.0,21.0,9535.0,3646.0
TCCTCCTAAGACATTC-1-Topic-3-Cell-2,1,47.0,21.0,9585.46164512635,3590.9157938035496
TCCTCCTAAGACATTC-1-Topic-6-Cell-3,1,47.0,21.0,9429.757488846692,3655.236268101734
TCCTCGGGCTGGGCTT-1-Topic-4-Cell-1,1,40.0,76.0,8288.0,9112.0
TCCTCGGGCTGGGCTT-1-Topic-4-Cell-2,1,40.0,76.0,8323.68177145867,9073.049584262211
TCCTCGGGCTGGGCTT-1-Topic-4-Cell-3,1,40.0,76.0,8213.582306694394,9118.531027807592
TCCTCGGGCTGGGCTT-1-Topic-6-Cell-4,1,40.0,76.0,8360.608922440497,9167.667903532969
TCCTCGGGCTGGGCTT-1-Topic-7-Cell-5,1,40.0,76.0,8269.59819438278,9007.967945553655
TCCTCGGGCTGGGCTT-1-Topic-9-Cell-6,1,40.0,76.0,8224.603308934946,9211.661818490727
TCCTCTACGAGATGGC-1-Topic-4-Cell-1,1,26.0,32.0,5891.0,4718.0
TCCTCTACGAGATGGC-1-Topic-4-Cell-2,1,26.0,32.0,5924.034901211928,4681.938922215459
TCCTCTACGAGATGGC-1-Topic-4-Cell-3,1,26.0,32.0,5822.102603758962,4724.046556816443
TCCTCTACGAGATGGC-1-Topic-6-Cell-4,1,26.0,32.0,5958.222799818238,4769.538464003022
TCCTCTACGAGATGGC-1-Topic-6-Cell-5,1,26.0,32.0,5873.9632384874685,4621.685032972941
TCCTCTACGAGATGGC-1-Topic-6-Cell-6,1,26.0,32.0,5832.306069152901,4810.268914738599
TCCTCTACGAGATGGC-1-Topic-9-Cell-7,1,26.0,32.0,6006.685395307864,4686.901358761988
TCCTCTCCAGTTGTCC-1-Topic-0-Cell-1,1,30.0,20.0,6591.0,3528.0
TCCTCTCCAGTTGTCC-1-Topic-3-Cell-2,1,30.0,20.0,6652.802641070479,3460.5359009662207
TCCTGCGTTGATACTC-1-Topic-3-Cell-1,1,38.0,30.0,7971.0,4532.0
TCCTGCGTTGATACTC-1-Topic-3-Cell-2,1,38.0,30.0,8014.701066596173,4484.295678086574
TCCTGCGTTGATACTC-1-Topic-3-Cell-3,1,38.0,30.0,7879.8573117831675,4539.998842812265
TCCTGCGTTGATACTC-1-Topic-3-Cell-4,1,38.0,30.0,8059.927405376267,4600.178979353126
TCCTTACGACGGTCCG-1-Topic-7-Cell-1,1,49.0,95.0,9835.0,11013.0
TCCTTACGACGGTCCG-1-Topic-9-Cell-2,1,49.0,95.0,9878.701066596173,10965.295678086573
TCCTTACGACGGTCCG-1-Topic-9-Cell-3,1,49.0,95.0,9743.857311783167,11020.998842812265
TCCTTACGACGGTCCG-1-Topic-9-Cell-4,1,49.0,95.0,9923.927405376267,11081.178979353126
TCCTTTAAATCCGCTT-1-Topic-6-Cell-1,1,56.0,92.0,11049.0,10722.0
TCCTTTAAATCCGCTT-1-Topic-6-Cell-2,1,56.0,92.0,11088.087422239316,10679.331957352419
TCCTTTAAATCCGCTT-1-Topic-7-Cell-3,1,56.0,92.0,10967.479501398038,10729.154382507824
TCCTTTAAATCCGCTT-1-Topic-7-Cell-4,1,56.0,92.0,11128.539089393606,10782.981132988058
TCCTTTAAATCCGCTT-1-Topic-7-Cell-5,1,56.0,92.0,11028.841831929245,10608.038594152262
TCCTTTCTTACGCTTA-1-Topic-3-Cell-1,1,30.0,62.0,6565.0,7708.0
TCCTTTCTTACGCTTA-1-Topic-3-Cell-2,1,30.0,62.0,6615.461645126349,7652.91579380355
TCCTTTCTTACGCTTA-1-Topic-8-Cell-3,1,30.0,62.0,6459.757488846692,7717.236268101734
TCGAAATTTAGGACCA-1-Topic-2-Cell-1,1,29.0,45.0,6403.0,6015.0
TCGAAATTTAGGACCA-1-Topic-2-Cell-2,1,29.0,45.0,6436.034901211928,5978.938922215459
TCGAAATTTAGGACCA-1-Topic-4-Cell-3,1,29.0,45.0,6334.102603758962,6021.046556816443
TCGAAATTTAGGACCA-1-Topic-6-Cell-4,1,29.0,45.0,6470.222799818238,6066.538464003022
TCGAAATTTAGGACCA-1-Topic-6-Cell-5,1,29.0,45.0,6385.9632384874685,5918.685032972941
TCGAAATTTAGGACCA-1-Topic-7-Cell-6,1,29.0,45.0,6344.306069152901,6107.268914738599
TCGAAATTTAGGACCA-1-Topic-7-Cell-7,1,29.0,45.0,6518.685395307864,5983.901358761988
TCGAAGAACCGAGCAC-1-Topic-6-Cell-1,1,45.0,99.0,9140.0,11407.0
TCGAAGAACCGAGCAC-1-Topic-6-Cell-2,1,45.0,99.0,9175.68177145867,11368.049584262211
TCGAAGAACCGAGCAC-1-Topic-7-Cell-3,1,45.0,99.0,9065.582306694394,11413.531027807592
TCGAAGAACCGAGCAC-1-Topic-9-Cell-4,1,45.0,99.0,9212.608922440497,11462.667903532969
TCGAAGAACCGAGCAC-1-Topic-9-Cell-5,1,45.0,99.0,9121.59819438278,11302.967945553655
TCGAAGAACCGAGCAC-1-Topic-9-Cell-6,1,45.0,99.0,9076.603308934946,11506.661818490727
TCGAATATCCCGCAGG-1-Topic-0-Cell-1,1,58.0,32.0,11433.0,4753.0
TCGAATATCCCGCAGG-1-Topic-0-Cell-2,1,58.0,32.0,11468.68177145867,4714.049584262212
TCGAATATCCCGCAGG-1-Topic-0-Cell-3,1,58.0,32.0,11358.582306694394,4759.531027807593
TCGAATATCCCGCAGG-1-Topic-0-Cell-4,1,58.0,32.0,11505.608922440497,4808.66790353297
TCGAATATCCCGCAGG-1-Topic-0-Cell-5,1,58.0,32.0,11414.59819438278,4648.967945553654
TCGAATATCCCGCAGG-1-Topic-3-Cell-6,1,58.0,32.0,11369.603308934946,4852.6618184907275
TCGACAACTGAACCCG-1-Topic-0-Cell-1,1,57.0,15.0,11270.0,3060.0
TCGACAACTGAACCCG-1-Topic-3-Cell-2,1,57.0,15.0,11320.46164512635,3004.9157938035496
TCGACAACTGAACCCG-1-Topic-3-Cell-3,1,57.0,15.0,11164.757488846692,3069.236268101734
TCGAGACCAACACCGT-1-Topic-0-Cell-1,1,37.0,55.0,7782.0,7019.0
TCGAGACCAACACCGT-1-Topic-3-Cell-2,1,37.0,55.0,7825.701066596173,6971.295678086574
TCGAGACCAACACCGT-1-Topic-6-Cell-3,1,37.0,55.0,7690.8573117831675,7026.998842812265
TCGAGACCAACACCGT-1-Topic-7-Cell-4,1,37.0,55.0,7870.927405376267,7087.178979353126
TCGAGCCAGGCAGGCC-1-Topic-0-Cell-1,1,57.0,37.0,11257.0,5249.0
TCGAGCCAGGCAGGCC-1-Topic-0-Cell-2,1,57.0,37.0,11296.087422239316,5206.331957352419
TCGAGCCAGGCAGGCC-1-Topic-0-Cell-3,1,57.0,37.0,11175.479501398038,5256.154382507824
TCGAGCCAGGCAGGCC-1-Topic-5-Cell-4,1,57.0,37.0,11336.539089393606,5309.981132988058
TCGAGCCAGGCAGGCC-1-Topic-5-Cell-5,1,57.0,37.0,11236.841831929245,5135.038594152262
TCGCAAAGATGCATTT-1-Topic-3-Cell-1,1,47.0,75.0,9501.0,9020.0
TCGCAAAGATGCATTT-1-Topic-3-Cell-2,1,47.0,75.0,9531.90132053524,8986.26795048311
TCGCAAAGATGCATTT-1-Topic-6-Cell-3,1,47.0,75.0,9436.552387106307,9025.656035994198
TCGCAAAGATGCATTT-1-Topic-7-Cell-4,1,47.0,75.0,9563.881171374884,9068.209818634972
TCGCAAAGATGCATTT-1-Topic-7-Cell-5,1,47.0,75.0,9485.063568859983,8929.90559804158
TCGCAAAGATGCATTT-1-Topic-7-Cell-6,1,47.0,75.0,9446.096855021788,9106.309666600324
TCGCAAAGATGCATTT-1-Topic-7-Cell-7,1,47.0,75.0,9609.213778473884,8990.90988482329
TCGCAAAGATGCATTT-1-Topic-9-Cell-8,1,47.0,75.0,9393.588675800891,8964.214635774117
TCGCACCAGGAGGCAG-1-Topic-4-Cell-1,1,50.0,80.0,10017.0,9521.0
TCGCACCAGGAGGCAG-1-Topic-4-Cell-2,1,50.0,80.0,10052.68177145867,9482.049584262211
TCGCACCAGGAGGCAG-1-Topic-4-Cell-3,1,50.0,80.0,9942.582306694394,9527.531027807592
TCGCACCAGGAGGCAG-1-Topic-6-Cell-4,1,50.0,80.0,10089.608922440497,9576.667903532969
TCGCACCAGGAGGCAG-1-Topic-6-Cell-5,1,50.0,80.0,9998.59819438278,9416.967945553655
TCGCACCAGGAGGCAG-1-Topic-9-Cell-6,1,50.0,80.0,9953.603308934946,9620.661818490727
TCGCCGAAGTTGCGTC-1-Topic-3-Cell-1,1,45.0,37.0,9178.0,5236.0
TCGCCGAAGTTGCGTC-1-Topic-3-Cell-2,1,45.0,37.0,9217.087422239316,5193.331957352419
TCGCCGAAGTTGCGTC-1-Topic-3-Cell-3,1,45.0,37.0,9096.479501398038,5243.154382507824
TCGCCGAAGTTGCGTC-1-Topic-5-Cell-4,1,45.0,37.0,9257.539089393606,5296.981132988058
TCGCCGAAGTTGCGTC-1-Topic-6-Cell-5,1,45.0,37.0,9157.841831929245,5122.038594152262
TCGCCGACATATTCGC-1-Topic-2-Cell-1,1,66.0,86.0,12785.0,10136.0
TCGCCGACATATTCGC-1-Topic-2-Cell-2,1,66.0,86.0,12820.68177145867,10097.049584262211
TCGCCGACATATTCGC-1-Topic-6-Cell-3,1,66.0,86.0,12710.582306694394,10142.531027807592
TCGCCGACATATTCGC-1-Topic-6-Cell-4,1,66.0,86.0,12857.608922440497,10191.667903532969
TCGCCGACATATTCGC-1-Topic-6-Cell-5,1,66.0,86.0,12766.59819438278,10031.967945553655
TCGCCGACATATTCGC-1-Topic-6-Cell-6,1,66.0,86.0,12721.603308934946,10235.661818490727
TCGCCGGTCGATCCGT-1-Topic-3-Cell-1,1,19.0,61.0,4661.0,7597.0
TCGCCGGTCGATCCGT-1-Topic-3-Cell-2,1,19.0,61.0,4691.901320535239,7563.26795048311
TCGCCGGTCGATCCGT-1-Topic-3-Cell-3,1,19.0,61.0,4596.552387106307,7602.656035994198
TCGCCGGTCGATCCGT-1-Topic-3-Cell-4,1,19.0,61.0,4723.881171374884,7645.209818634973
TCGCCGGTCGATCCGT-1-Topic-3-Cell-5,1,19.0,61.0,4645.063568859983,7506.905598041579
TCGCCGGTCGATCCGT-1-Topic-5-Cell-6,1,19.0,61.0,4606.0968550217885,7683.309666600323
TCGCCGGTCGATCCGT-1-Topic-7-Cell-7,1,19.0,61.0,4769.213778473883,7567.909884823291
TCGCCGGTCGATCCGT-1-Topic-8-Cell-8,1,19.0,61.0,4553.588675800891,7541.214635774117
TCGCGTAGCAGTGTCC-1-Topic-6-Cell-1,1,57.0,99.0,11218.0,11420.0
TCGCGTAGCAGTGTCC-1-Topic-6-Cell-2,1,57.0,99.0,11257.087422239316,11377.331957352419
TCGCGTAGCAGTGTCC-1-Topic-6-Cell-3,1,57.0,99.0,11136.479501398038,11427.154382507824
TCGCGTAGCAGTGTCC-1-Topic-7-Cell-4,1,57.0,99.0,11297.539089393606,11480.981132988058
TCGCGTAGCAGTGTCC-1-Topic-7-Cell-5,1,57.0,99.0,11197.841831929245,11306.038594152262
TCGCGTCCAGAAGGTC-1-Topic-3-Cell-1,1,31.0,29.0,6759.0,4425.0
TCGCGTCCAGAAGGTC-1-Topic-5-Cell-2,1,31.0,29.0,6809.461645126349,4369.91579380355
TCGCGTCCAGAAGGTC-1-Topic-5-Cell-3,1,31.0,29.0,6653.757488846692,4434.236268101734
TCGCTAAACCGCTATC-1-Topic-1-Cell-1,1,19.0,89.0,4643.0,10383.0
TCGCTAAACCGCTATC-1-Topic-6-Cell-2,1,19.0,89.0,4686.701066596173,10335.295678086573
TCGCTAAACCGCTATC-1-Topic-7-Cell-3,1,19.0,89.0,4551.8573117831675,10390.998842812265
TCGCTAAACCGCTATC-1-Topic-7-Cell-4,1,19.0,89.0,4731.927405376267,10451.178979353126
TCGCTACTGGCTTTGA-1-Topic-2-Cell-1,1,65.0,73.0,12620.0,8841.0
TCGCTACTGGCTTTGA-1-Topic-5-Cell-2,1,65.0,73.0,12659.087422239316,8798.331957352419
TCGCTACTGGCTTTGA-1-Topic-5-Cell-3,1,65.0,73.0,12538.479501398038,8848.154382507824
TCGCTACTGGCTTTGA-1-Topic-5-Cell-4,1,65.0,73.0,12699.539089393606,8901.981132988058
TCGCTACTGGCTTTGA-1-Topic-6-Cell-5,1,65.0,73.0,12599.841831929245,8727.038594152262
TCGCTCGATATATTCC-1-Topic-1-Cell-1,1,29.0,63.0,6391.0,7807.0
TCGCTCGATATATTCC-1-Topic-1-Cell-2,1,29.0,63.0,6434.701066596173,7759.295678086574
TCGCTCGATATATTCC-1-Topic-1-Cell-3,1,29.0,63.0,6299.8573117831675,7814.998842812265
TCGCTCGATATATTCC-1-Topic-6-Cell-4,1,29.0,63.0,6479.927405376267,7875.178979353126
TCGCTCGGCACCAGCG-1-Topic-4-Cell-1,1,24.0,108.0,5497.0,12280.0
TCGCTCGGCACCAGCG-1-Topic-4-Cell-2,1,24.0,108.0,5536.087422239316,12237.331957352419
TCGCTCGGCACCAGCG-1-Topic-6-Cell-3,1,24.0,108.0,5415.479501398037,12287.154382507824
TCGCTCGGCACCAGCG-1-Topic-6-Cell-4,1,24.0,108.0,5576.5390893936055,12340.981132988058
TCGCTCGGCACCAGCG-1-Topic-7-Cell-5,1,24.0,108.0,5476.841831929245,12166.038594152262
TCGCTGGGCGGATTGT-1-Topic-4-Cell-1,1,28.0,74.0,6211.0,8900.0
TCGCTGGGCGGATTGT-1-Topic-5-Cell-2,1,28.0,74.0,6254.701066596173,8852.295678086573
TCGCTGGGCGGATTGT-1-Topic-6-Cell-3,1,28.0,74.0,6119.8573117831675,8907.998842812265
TCGCTGGGCGGATTGT-1-Topic-6-Cell-4,1,28.0,74.0,6299.927405376267,8968.178979353126
TCGCTGTGCGTAAATC-1-Topic-0-Cell-1,1,17.0,41.0,4327.0,5604.0
TCGCTGTGCGTAAATC-1-Topic-5-Cell-2,1,17.0,41.0,4370.701066596173,5556.295678086574
TCGCTGTGCGTAAATC-1-Topic-5-Cell-3,1,17.0,41.0,4235.8573117831675,5611.998842812265
TCGCTGTGCGTAAATC-1-Topic-6-Cell-4,1,17.0,41.0,4415.927405376267,5672.178979353126
TCGCTTTAAACGTTTG-1-Topic-3-Cell-1,1,25.0,87.0,5684.0,10191.0
TCGCTTTAAACGTTTG-1-Topic-4-Cell-2,1,25.0,87.0,5717.034901211928,10154.938922215459
TCGCTTTAAACGTTTG-1-Topic-6-Cell-3,1,25.0,87.0,5615.102603758962,10197.046556816444
TCGCTTTAAACGTTTG-1-Topic-6-Cell-4,1,25.0,87.0,5751.222799818238,10242.538464003022
TCGCTTTAAACGTTTG-1-Topic-6-Cell-5,1,25.0,87.0,5666.9632384874685,10094.68503297294
TCGCTTTAAACGTTTG-1-Topic-7-Cell-6,1,25.0,87.0,5625.306069152901,10283.268914738599
TCGCTTTAAACGTTTG-1-Topic-8-Cell-7,1,25.0,87.0,5799.685395307864,10159.901358761988
TCGGAATGCGCTCTGA-1-Topic-5-Cell-1,1,30.0,28.0,6586.0,4324.0
TCGGAATGCGCTCTGA-1-Topic-5-Cell-2,1,30.0,28.0,6647.802641070479,4256.535900966221
TCGGACGCCCAGCCCA-1-Topic-5-Cell-1,1,33.0,79.0,7074.0,9403.0
TCGGACGCCCAGCCCA-1-Topic-6-Cell-2,1,33.0,79.0,7113.087422239316,9360.331957352419
TCGGACGCCCAGCCCA-1-Topic-7-Cell-3,1,33.0,79.0,6992.479501398037,9410.154382507824
TCGGACGCCCAGCCCA-1-Topic-7-Cell-4,1,33.0,79.0,7153.5390893936055,9463.981132988058
TCGGACGCCCAGCCCA-1-Topic-7-Cell-5,1,33.0,79.0,7053.841831929245,9289.038594152262
TCGGAGAGTATCGGGA-1-Topic-0-Cell-1,1,45.0,23.0,9187.0,3843.0
TCGGAGAGTATCGGGA-1-Topic-0-Cell-2,1,45.0,23.0,9226.087422239316,3800.3319573524186
TCGGAGAGTATCGGGA-1-Topic-3-Cell-3,1,45.0,23.0,9105.479501398038,3850.1543825078243
TCGGAGAGTATCGGGA-1-Topic-4-Cell-4,1,45.0,23.0,9266.539089393606,3903.9811329880577
TCGGAGAGTATCGGGA-1-Topic-7-Cell-5,1,45.0,23.0,9166.841831929245,3729.0385941522622
TCGGAGTACATGAGTA-1-Topic-1-Cell-1,1,32.0,74.0,6904.0,8905.0
TCGGAGTACATGAGTA-1-Topic-4-Cell-2,1,32.0,74.0,6954.461645126349,8849.91579380355
TCGGAGTACATGAGTA-1-Topic-9-Cell-3,1,32.0,74.0,6798.757488846692,8914.236268101733
TCGGCGTACTGCACAA-1-Topic-0-Cell-1,1,49.0,13.0,9886.0,2852.0
TCGGCTTGTATCGACG-1-Topic-6-Cell-1,1,58.0,96.0,11393.0,11122.0
TCGGCTTGTATCGACG-1-Topic-7-Cell-2,1,58.0,96.0,11436.701066596173,11074.295678086573
TCGGCTTGTATCGACG-1-Topic-7-Cell-3,1,58.0,96.0,11301.857311783167,11129.998842812265
TCGGCTTGTATCGACG-1-Topic-7-Cell-4,1,58.0,96.0,11481.927405376267,11190.178979353126
TCGGGAACGTGCCTAG-1-Topic-3-Cell-1,1,31.0,109.0,6709.0,12387.0
TCGGGAACGTGCCTAG-1-Topic-7-Cell-2,1,31.0,109.0,6759.461645126349,12331.91579380355
TCGGGAACGTGCCTAG-1-Topic-7-Cell-3,1,31.0,109.0,6603.757488846692,12396.236268101733
TCGGGAGACAGCGTAC-1-Topic-4-Cell-1,1,59.0,71.0,11582.0,8635.0
TCGGGAGACAGCGTAC-1-Topic-6-Cell-2,1,59.0,71.0,11615.034901211928,8598.938922215459
TCGGGAGACAGCGTAC-1-Topic-6-Cell-3,1,59.0,71.0,11513.102603758962,8641.046556816444
TCGGGAGACAGCGTAC-1-Topic-6-Cell-4,1,59.0,71.0,11649.222799818237,8686.538464003022
TCGGGAGACAGCGTAC-1-Topic-6-Cell-5,1,59.0,71.0,11564.96323848747,8538.68503297294
TCGGGAGACAGCGTAC-1-Topic-7-Cell-6,1,59.0,71.0,11523.3060691529,8727.268914738599
TCGGGAGACAGCGTAC-1-Topic-7-Cell-7,1,59.0,71.0,11697.685395307864,8603.901358761988
TCGGGATTCAAACATA-1-Topic-3-Cell-1,1,39.0,15.0,8153.0,3040.0
TCGGGATTCAAACATA-1-Topic-3-Cell-2,1,39.0,15.0,8214.802641070479,2972.5359009662207
TCGGGCCGTCGTGGTA-1-Topic-5-Cell-1,1,40.0,88.0,8281.0,10307.0
TCGGGCCGTCGTGGTA-1-Topic-7-Cell-2,1,40.0,88.0,8320.087422239316,10264.331957352419
TCGGGCCGTCGTGGTA-1-Topic-7-Cell-3,1,40.0,88.0,8199.479501398038,10314.154382507824
TCGGGCCGTCGTGGTA-1-Topic-7-Cell-4,1,40.0,88.0,8360.539089393606,10367.981132988058
TCGGGCCGTCGTGGTA-1-Topic-7-Cell-5,1,40.0,88.0,8260.841831929245,10193.038594152262
TCGGTCCCGACAATAG-1-Topic-0-Cell-1,1,57.0,23.0,11265.0,3856.0
TCGGTCCCGACAATAG-1-Topic-0-Cell-2,1,57.0,23.0,11315.46164512635,3800.9157938035496
TCGGTCCCGACAATAG-1-Topic-3-Cell-3,1,57.0,23.0,11159.757488846692,3865.236268101734
TCGTAAGACGACATTG-1-Topic-0-Cell-1,1,27.0,77.0,6036.0,9198.0
TCGTAAGACGACATTG-1-Topic-0-Cell-2,1,27.0,77.0,6071.6817714586705,9159.049584262211
TCGTAAGACGACATTG-1-Topic-0-Cell-3,1,27.0,77.0,5961.582306694395,9204.531027807592
TCGTAAGACGACATTG-1-Topic-4-Cell-4,1,27.0,77.0,6108.608922440497,9253.667903532969
TCGTAAGACGACATTG-1-Topic-4-Cell-5,1,27.0,77.0,6017.598194382778,9093.967945553655
TCGTAAGACGACATTG-1-Topic-6-Cell-6,1,27.0,77.0,5972.603308934945,9297.661818490727
TCGTAAGCTCCGAGGA-1-Topic-6-Cell-1,1,16.0,106.0,4113.0,12072.0
TCGTAAGCTCCGAGGA-1-Topic-6-Cell-2,1,16.0,106.0,4152.087422239316,12029.331957352419
TCGTAAGCTCCGAGGA-1-Topic-6-Cell-3,1,16.0,106.0,4031.479501398038,12079.154382507824
TCGTAAGCTCCGAGGA-1-Topic-6-Cell-4,1,16.0,106.0,4192.5390893936055,12132.981132988058
TCGTAAGCTCCGAGGA-1-Topic-6-Cell-5,1,16.0,106.0,4092.841831929245,11958.038594152262
TCGTATTACCCATTGC-1-Topic-3-Cell-1,1,37.0,25.0,7800.0,4033.0
TCGTATTACCCATTGC-1-Topic-3-Cell-2,1,37.0,25.0,7843.701066596173,3985.295678086574
TCGTATTACCCATTGC-1-Topic-3-Cell-3,1,37.0,25.0,7708.8573117831675,4040.998842812265
TCGTATTACCCATTGC-1-Topic-3-Cell-4,1,37.0,25.0,7888.927405376267,4101.178979353126
TCGTCAAGTACGCGCA-1-Topic-0-Cell-1,1,56.0,38.0,11083.0,5348.0
TCGTCAAGTACGCGCA-1-Topic-0-Cell-2,1,56.0,38.0,11118.68177145867,5309.049584262212
TCGTCAAGTACGCGCA-1-Topic-0-Cell-3,1,56.0,38.0,11008.582306694394,5354.531027807593
TCGTCAAGTACGCGCA-1-Topic-5-Cell-4,1,56.0,38.0,11155.608922440497,5403.66790353297
TCGTCAAGTACGCGCA-1-Topic-5-Cell-5,1,56.0,38.0,11064.59819438278,5243.967945553654
TCGTCAAGTACGCGCA-1-Topic-5-Cell-6,1,56.0,38.0,11019.603308934946,5447.6618184907275
TCGTCACACTGTTAGC-1-Topic-0-Cell-1,1,27.0,19.0,6072.0,3425.0
TCGTCACACTGTTAGC-1-Topic-4-Cell-2,1,27.0,19.0,6122.461645126349,3369.9157938035496
TCGTCACACTGTTAGC-1-Topic-5-Cell-3,1,27.0,19.0,5966.757488846692,3434.236268101734
TCGTCCGCTGGCGTCT-1-Topic-4-Cell-1,1,22.0,40.0,5193.0,5510.0
TCGTCCGCTGGCGTCT-1-Topic-6-Cell-2,1,22.0,40.0,5223.901320535239,5476.26795048311
TCGTCCGCTGGCGTCT-1-Topic-6-Cell-3,1,22.0,40.0,5128.552387106307,5515.656035994198
TCGTCCGCTGGCGTCT-1-Topic-6-Cell-4,1,22.0,40.0,5255.881171374884,5558.209818634973
TCGTCCGCTGGCGTCT-1-Topic-6-Cell-5,1,22.0,40.0,5177.063568859983,5419.905598041579
TCGTCCGCTGGCGTCT-1-Topic-6-Cell-6,1,22.0,40.0,5138.0968550217885,5596.309666600323
TCGTCCGCTGGCGTCT-1-Topic-6-Cell-7,1,22.0,40.0,5301.213778473883,5480.909884823291
TCGTCCGCTGGCGTCT-1-Topic-6-Cell-8,1,22.0,40.0,5085.588675800891,5454.214635774117
TCGTCTTAGGCGTTAA-1-Topic-6-Cell-1,1,53.0,83.0,10535.0,9823.0
TCGTCTTAGGCGTTAA-1-Topic-6-Cell-2,1,53.0,83.0,10578.701066596173,9775.295678086573
TCGTCTTAGGCGTTAA-1-Topic-7-Cell-3,1,53.0,83.0,10443.857311783167,9830.998842812265
TCGTCTTAGGCGTTAA-1-Topic-7-Cell-4,1,53.0,83.0,10623.927405376267,9891.178979353126
TCGTGTACTATGGATG-1-Topic-5-Cell-1,1,47.0,77.0,9500.0,9219.0
TCGTGTACTATGGATG-1-Topic-6-Cell-2,1,47.0,77.0,9561.802641070479,9151.53590096622
TCGTGTCACGCTGACA-1-Topic-3-Cell-1,1,43.0,23.0,8841.0,3841.0
TCGTGTCACGCTGACA-1-Topic-3-Cell-2,1,43.0,23.0,8891.46164512635,3785.9157938035496
TCGTGTCACGCTGACA-1-Topic-3-Cell-3,1,43.0,23.0,8735.757488846692,3850.236268101734
TCGTGTTCGACCACAA-1-Topic-3-Cell-1,1,57.0,105.0,11214.0,12017.0
TCGTGTTCGACCACAA-1-Topic-6-Cell-2,1,57.0,105.0,11257.701066596173,11969.295678086573
TCGTGTTCGACCACAA-1-Topic-6-Cell-3,1,57.0,105.0,11122.857311783167,12024.998842812265
TCGTGTTCGACCACAA-1-Topic-7-Cell-4,1,57.0,105.0,11302.927405376267,12085.178979353126
TCGTTAGGAGTCCCTA-1-Topic-0-Cell-1,1,52.0,54.0,10380.0,6936.0
TCGTTAGGAGTCCCTA-1-Topic-3-Cell-2,1,52.0,54.0,10430.46164512635,6880.91579380355
TCGTTAGGAGTCCCTA-1-Topic-6-Cell-3,1,52.0,54.0,10274.757488846692,6945.236268101734
TCGTTGCTATCCGGTC-1-Topic-0-Cell-1,1,54.0,46.0,10731.0,6142.0
TCGTTGCTATCCGGTC-1-Topic-0-Cell-2,1,54.0,46.0,10760.13404439745,6110.197118724383
TCGTTGCTATCCGGTC-1-Topic-2-Cell-3,1,54.0,46.0,10670.238207855446,6147.332561874843
TCGTTGCTATCCGGTC-1-Topic-3-Cell-4,1,54.0,46.0,10790.284936917511,6187.452652902084
TCGTTGCTATCCGGTC-1-Topic-3-Cell-5,1,54.0,46.0,10715.974988630642,6057.058183237672
TCGTTGCTATCCGGTC-1-Topic-3-Cell-6,1,54.0,46.0,10679.236818503252,6223.373534046718
TCGTTGCTATCCGGTC-1-Topic-3-Cell-7,1,54.0,46.0,10833.024928768937,6114.573576390734
TCGTTGCTATCCGGTC-1-Topic-3-Cell-8,1,54.0,46.0,10629.731632376777,6089.405054219888
TCGTTGCTATCCGGTC-1-Topic-6-Cell-9,1,54.0,46.0,10772.847516403668,6256.588445202443
TCTAATACTGCCTCAG-1-Topic-0-Cell-1,1,57.0,25.0,11264.0,4055.0
TCTAATACTGCCTCAG-1-Topic-0-Cell-2,1,57.0,25.0,11299.68177145867,4016.049584262212
TCTAATACTGCCTCAG-1-Topic-0-Cell-3,1,57.0,25.0,11189.582306694394,4061.531027807593
TCTAATACTGCCTCAG-1-Topic-0-Cell-4,1,57.0,25.0,11336.608922440497,4110.66790353297
TCTAATACTGCCTCAG-1-Topic-3-Cell-5,1,57.0,25.0,11245.59819438278,3950.9679455536548
TCTAATACTGCCTCAG-1-Topic-6-Cell-6,1,57.0,25.0,11200.603308934946,4154.6618184907275
TCTACCCAATAGAGAG-1-Topic-6-Cell-1,1,56.0,106.0,11040.0,12116.0
TCTACCCAATAGAGAG-1-Topic-7-Cell-2,1,56.0,106.0,11079.087422239316,12073.331957352419
TCTACCCAATAGAGAG-1-Topic-7-Cell-3,1,56.0,106.0,10958.479501398038,12123.154382507824
TCTACCCAATAGAGAG-1-Topic-7-Cell-4,1,56.0,106.0,11119.539089393606,12176.981132988058
TCTACCCAATAGAGAG-1-Topic-7-Cell-5,1,56.0,106.0,11019.841831929245,12002.038594152262
TCTACCGTCCACAAGC-1-Topic-3-Cell-1,1,27.0,67.0,6042.0,8202.0
TCTACCGTCCACAAGC-1-Topic-3-Cell-2,1,27.0,67.0,6075.034901211928,8165.938922215459
TCTACCGTCCACAAGC-1-Topic-4-Cell-3,1,27.0,67.0,5973.102603758962,8208.046556816444
TCTACCGTCCACAAGC-1-Topic-6-Cell-4,1,27.0,67.0,6109.222799818238,8253.538464003022
TCTACCGTCCACAAGC-1-Topic-6-Cell-5,1,27.0,67.0,6024.9632384874685,8105.685032972941
TCTACCGTCCACAAGC-1-Topic-7-Cell-6,1,27.0,67.0,5983.306069152901,8294.268914738599
TCTACCGTCCACAAGC-1-Topic-7-Cell-7,1,27.0,67.0,6157.685395307864,8170.901358761988
TCTAGCAATCTCCGCC-1-Topic-0-Cell-1,1,46.0,30.0,9356.0,4541.0
TCTAGCAATCTCCGCC-1-Topic-0-Cell-2,1,46.0,30.0,9386.90132053524,4507.26795048311
TCTAGCAATCTCCGCC-1-Topic-0-Cell-3,1,46.0,30.0,9291.552387106307,4546.656035994198
TCTAGCAATCTCCGCC-1-Topic-0-Cell-4,1,46.0,30.0,9418.881171374884,4589.209818634973
TCTAGCAATCTCCGCC-1-Topic-0-Cell-5,1,46.0,30.0,9340.063568859983,4450.905598041579
TCTAGCAATCTCCGCC-1-Topic-4-Cell-6,1,46.0,30.0,9301.096855021788,4627.309666600323
TCTAGCAATCTCCGCC-1-Topic-5-Cell-7,1,46.0,30.0,9464.213778473884,4511.909884823291
TCTAGCAATCTCCGCC-1-Topic-7-Cell-8,1,46.0,30.0,9248.588675800891,4485.214635774117
TCTAGCATCTTCGATG-1-Topic-0-Cell-1,1,23.0,43.0,5365.0,5809.0
TCTAGCATCTTCGATG-1-Topic-4-Cell-2,1,23.0,43.0,5400.6817714586705,5770.049584262212
TCTAGCATCTTCGATG-1-Topic-5-Cell-3,1,23.0,43.0,5290.582306694395,5815.531027807593
TCTAGCATCTTCGATG-1-Topic-6-Cell-4,1,23.0,43.0,5437.608922440497,5864.66790353297
TCTAGCATCTTCGATG-1-Topic-6-Cell-5,1,23.0,43.0,5346.598194382778,5704.967945553654
TCTAGCATCTTCGATG-1-Topic-6-Cell-6,1,23.0,43.0,5301.603308934945,5908.6618184907275
TCTAGCATGCCCAGAA-1-Topic-2-Cell-1,1,48.0,66.0,9680.0,8126.0
TCTAGCATGCCCAGAA-1-Topic-6-Cell-2,1,48.0,66.0,9710.90132053524,8092.26795048311
TCTAGCATGCCCAGAA-1-Topic-6-Cell-3,1,48.0,66.0,9615.552387106307,8131.656035994198
TCTAGCATGCCCAGAA-1-Topic-6-Cell-4,1,48.0,66.0,9742.881171374884,8174.209818634973
TCTAGCATGCCCAGAA-1-Topic-6-Cell-5,1,48.0,66.0,9664.063568859983,8035.905598041579
TCTAGCATGCCCAGAA-1-Topic-6-Cell-6,1,48.0,66.0,9625.096855021788,8212.309666600324
TCTAGCATGCCCAGAA-1-Topic-6-Cell-7,1,48.0,66.0,9788.213778473884,8096.909884823291
TCTAGCATGCCCAGAA-1-Topic-7-Cell-8,1,48.0,66.0,9572.588675800891,8070.214635774117
TCTAGGTGGCGACGCT-1-Topic-4-Cell-1,1,29.0,99.0,6369.0,11390.0
TCTAGGTGGCGACGCT-1-Topic-4-Cell-2,1,29.0,99.0,6399.901320535239,11356.26795048311
TCTAGGTGGCGACGCT-1-Topic-6-Cell-3,1,29.0,99.0,6304.552387106307,11395.656035994198
TCTAGGTGGCGACGCT-1-Topic-6-Cell-4,1,29.0,99.0,6431.881171374884,11438.209818634972
TCTAGGTGGCGACGCT-1-Topic-6-Cell-5,1,29.0,99.0,6353.063568859983,11299.90559804158
TCTAGGTGGCGACGCT-1-Topic-6-Cell-6,1,29.0,99.0,6314.0968550217885,11476.309666600324
TCTAGGTGGCGACGCT-1-Topic-7-Cell-7,1,29.0,99.0,6477.213778473883,11360.90988482329
TCTAGGTGGCGACGCT-1-Topic-7-Cell-8,1,29.0,99.0,6261.588675800891,11334.214635774117
TCTAGTTATCAGAAGA-1-Topic-3-Cell-1,1,34.0,54.0,7263.0,6916.0
TCTAGTTATCAGAAGA-1-Topic-3-Cell-2,1,34.0,54.0,7302.087422239316,6873.331957352419
TCTAGTTATCAGAAGA-1-Topic-6-Cell-3,1,34.0,54.0,7181.479501398037,6923.154382507824
TCTAGTTATCAGAAGA-1-Topic-7-Cell-4,1,34.0,54.0,7342.5390893936055,6976.981132988058
TCTAGTTATCAGAAGA-1-Topic-7-Cell-5,1,34.0,54.0,7242.841831929245,6802.038594152262
TCTATCATGCAGTTAC-1-Topic-0-Cell-1,1,18.0,40.0,4501.0,5505.0
TCTATCATGCAGTTAC-1-Topic-0-Cell-2,1,18.0,40.0,4534.034901211928,5468.938922215459
TCTATCATGCAGTTAC-1-Topic-0-Cell-3,1,18.0,40.0,4432.102603758962,5511.046556816443
TCTATCATGCAGTTAC-1-Topic-1-Cell-4,1,18.0,40.0,4568.222799818238,5556.538464003022
TCTATCATGCAGTTAC-1-Topic-1-Cell-5,1,18.0,40.0,4483.9632384874685,5408.685032972941
TCTATCATGCAGTTAC-1-Topic-2-Cell-6,1,18.0,40.0,4442.306069152901,5597.268914738599
TCTATCATGCAGTTAC-1-Topic-3-Cell-7,1,18.0,40.0,4616.685395307864,5473.901358761988
TCTATCGGTCGCAACA-1-Topic-1-Cell-1,1,22.0,64.0,5178.0,7898.0
TCTATCGGTCGCAACA-1-Topic-3-Cell-2,1,22.0,64.0,5217.087422239316,7855.331957352419
TCTATCGGTCGCAACA-1-Topic-3-Cell-3,1,22.0,64.0,5096.479501398037,7905.154382507824
TCTATCGGTCGCAACA-1-Topic-3-Cell-4,1,22.0,64.0,5257.5390893936055,7958.981132988058
TCTATCGGTCGCAACA-1-Topic-7-Cell-5,1,22.0,64.0,5157.841831929245,7784.038594152262
TCTATTACTAGAGGAT-1-Topic-0-Cell-1,1,41.0,15.0,8499.0,3042.0
TCTATTACTAGAGGAT-1-Topic-0-Cell-2,1,41.0,15.0,8542.701066596173,2994.295678086574
TCTATTACTAGAGGAT-1-Topic-0-Cell-3,1,41.0,15.0,8407.857311783167,3049.998842812265
TCTATTACTAGAGGAT-1-Topic-3-Cell-4,1,41.0,15.0,8587.927405376267,3110.178979353126
TCTCATGAGATAGGGT-1-Topic-9-Cell-1,1,49.0,87.0,9840.0,10217.0
TCTCATGAGATAGGGT-1-Topic-9-Cell-2,1,49.0,87.0,9890.46164512635,10161.91579380355
TCTCATGAGATAGGGT-1-Topic-9-Cell-3,1,49.0,87.0,9734.757488846692,10226.236268101733
TCTCCAACGTAGGTTA-1-Topic-6-Cell-1,1,20.0,78.0,4823.0,9290.0
TCTCCAACGTAGGTTA-1-Topic-6-Cell-2,1,20.0,78.0,4853.901320535239,9256.26795048311
TCTCCAACGTAGGTTA-1-Topic-6-Cell-3,1,20.0,78.0,4758.552387106307,9295.656035994198
TCTCCAACGTAGGTTA-1-Topic-6-Cell-4,1,20.0,78.0,4885.881171374884,9338.209818634972
TCTCCAACGTAGGTTA-1-Topic-6-Cell-5,1,20.0,78.0,4807.063568859983,9199.90559804158
TCTCCAACGTAGGTTA-1-Topic-6-Cell-6,1,20.0,78.0,4768.0968550217885,9376.309666600324
TCTCCAACGTAGGTTA-1-Topic-6-Cell-7,1,20.0,78.0,4931.213778473883,9260.90988482329
TCTCCAACGTAGGTTA-1-Topic-8-Cell-8,1,20.0,78.0,4715.588675800891,9234.214635774117
TCTCCACAAGTTGAAT-1-Topic-2-Cell-1,1,61.0,93.0,11914.0,10827.0
TCTCCACAAGTTGAAT-1-Topic-3-Cell-2,1,61.0,93.0,11947.034901211928,10790.938922215459
TCTCCACAAGTTGAAT-1-Topic-3-Cell-3,1,61.0,93.0,11845.102603758962,10833.046556816444
TCTCCACAAGTTGAAT-1-Topic-5-Cell-4,1,61.0,93.0,11981.222799818237,10878.538464003022
TCTCCACAAGTTGAAT-1-Topic-7-Cell-5,1,61.0,93.0,11896.96323848747,10730.68503297294
TCTCCACAAGTTGAAT-1-Topic-7-Cell-6,1,61.0,93.0,11855.3060691529,10919.268914738599
TCTCCACAAGTTGAAT-1-Topic-8-Cell-7,1,61.0,93.0,12029.685395307864,10795.901358761988
TCTCCCTGGGCAGCGT-1-Topic-4-Cell-1,1,54.0,80.0,10710.0,9526.0
TCTCCCTGGGCAGCGT-1-Topic-4-Cell-2,1,54.0,80.0,10745.68177145867,9487.049584262211
TCTCCCTGGGCAGCGT-1-Topic-4-Cell-3,1,54.0,80.0,10635.582306694394,9532.531027807592
TCTCCCTGGGCAGCGT-1-Topic-4-Cell-4,1,54.0,80.0,10782.608922440497,9581.667903532969
TCTCCCTGGGCAGCGT-1-Topic-9-Cell-5,1,54.0,80.0,10691.59819438278,9421.967945553655
TCTCCCTGGGCAGCGT-1-Topic-9-Cell-6,1,54.0,80.0,10646.603308934946,9625.661818490727
TCTCTAATAGCTGGTA-1-Topic-0-Cell-1,1,20.0,52.0,4840.0,6702.0
TCTCTAATAGCTGGTA-1-Topic-3-Cell-2,1,20.0,52.0,4883.701066596173,6654.295678086574
TCTCTAATAGCTGGTA-1-Topic-3-Cell-3,1,20.0,52.0,4748.8573117831675,6709.998842812265
TCTCTAATAGCTGGTA-1-Topic-3-Cell-4,1,20.0,52.0,4928.927405376267,6770.178979353126
TCTCTTACCGCGAACC-1-Topic-0-Cell-1,1,65.0,43.0,12638.0,5855.0
TCTCTTACCGCGAACC-1-Topic-5-Cell-2,1,65.0,43.0,12688.46164512635,5799.91579380355
TCTCTTACCGCGAACC-1-Topic-5-Cell-3,1,65.0,43.0,12532.757488846692,5864.236268101734
TCTGAACCGGTCGGCT-1-Topic-4-Cell-1,1,21.0,37.0,5022.0,5210.0
TCTGAACCGGTCGGCT-1-Topic-5-Cell-2,1,21.0,37.0,5057.6817714586705,5171.049584262212
TCTGAACCGGTCGGCT-1-Topic-6-Cell-3,1,21.0,37.0,4947.582306694395,5216.531027807593
TCTGAACCGGTCGGCT-1-Topic-6-Cell-4,1,21.0,37.0,5094.608922440497,5265.66790353297
TCTGAACCGGTCGGCT-1-Topic-6-Cell-5,1,21.0,37.0,5003.598194382778,5105.967945553654
TCTGAACCGGTCGGCT-1-Topic-6-Cell-6,1,21.0,37.0,4958.603308934945,5309.6618184907275
TCTGAAGCACGTGGTC-1-Topic-6-Cell-1,1,56.0,84.0,11054.0,9926.0
TCTGAAGCACGTGGTC-1-Topic-7-Cell-2,1,56.0,84.0,11093.087422239316,9883.331957352419
TCTGAAGCACGTGGTC-1-Topic-7-Cell-3,1,56.0,84.0,10972.479501398038,9933.154382507824
TCTGAAGCACGTGGTC-1-Topic-7-Cell-4,1,56.0,84.0,11133.539089393606,9986.981132988058
TCTGAAGCACGTGGTC-1-Topic-7-Cell-5,1,56.0,84.0,11033.841831929245,9812.038594152262
TCTGAATTCCGTACAA-1-Topic-3-Cell-1,1,34.0,94.0,7238.0,10897.0
TCTGAATTCCGTACAA-1-Topic-3-Cell-2,1,34.0,94.0,7281.701066596173,10849.295678086573
TCTGAATTCCGTACAA-1-Topic-7-Cell-3,1,34.0,94.0,7146.8573117831675,10904.998842812265
TCTGAATTCCGTACAA-1-Topic-9-Cell-4,1,34.0,94.0,7326.927405376267,10965.178979353126
TCTGATGTATTCTGTC-1-Topic-4-Cell-1,1,51.0,83.0,10189.0,9821.0
TCTGATGTATTCTGTC-1-Topic-4-Cell-2,1,51.0,83.0,10224.68177145867,9782.049584262211
TCTGATGTATTCTGTC-1-Topic-6-Cell-3,1,51.0,83.0,10114.582306694394,9827.531027807592
TCTGATGTATTCTGTC-1-Topic-6-Cell-4,1,51.0,83.0,10261.608922440497,9876.667903532969
TCTGATGTATTCTGTC-1-Topic-7-Cell-5,1,51.0,83.0,10170.59819438278,9716.967945553655
TCTGATGTATTCTGTC-1-Topic-7-Cell-6,1,51.0,83.0,10125.603308934946,9920.661818490727
TCTGCATACCTTGCTT-1-Topic-7-Cell-1,1,61.0,99.0,11911.0,11424.0
TCTGCATACCTTGCTT-1-Topic-7-Cell-2,1,61.0,99.0,11954.701066596173,11376.295678086573
TCTGCATACCTTGCTT-1-Topic-8-Cell-3,1,61.0,99.0,11819.857311783167,11431.998842812265
TCTGCATACCTTGCTT-1-Topic-8-Cell-4,1,61.0,99.0,11999.927405376267,11492.178979353126
TCTGCCAGAAACTGCA-1-Topic-4-Cell-1,1,41.0,79.0,8459.0,9412.0
TCTGCCAGAAACTGCA-1-Topic-4-Cell-2,1,41.0,79.0,8489.90132053524,9378.26795048311
TCTGCCAGAAACTGCA-1-Topic-4-Cell-3,1,41.0,79.0,8394.552387106307,9417.656035994198
TCTGCCAGAAACTGCA-1-Topic-4-Cell-4,1,41.0,79.0,8521.881171374884,9460.209818634972
TCTGCCAGAAACTGCA-1-Topic-4-Cell-5,1,41.0,79.0,8443.063568859983,9321.90559804158
TCTGCCAGAAACTGCA-1-Topic-4-Cell-6,1,41.0,79.0,8404.096855021788,9498.309666600324
TCTGCCAGAAACTGCA-1-Topic-4-Cell-7,1,41.0,79.0,8567.213778473884,9382.90988482329
TCTGCCAGAAACTGCA-1-Topic-6-Cell-8,1,41.0,79.0,8351.588675800891,9356.214635774117
TCTGGGAACCTTTGAA-1-Topic-3-Cell-1,1,40.0,98.0,8274.0,11302.0
TCTGGGAACCTTTGAA-1-Topic-6-Cell-2,1,40.0,98.0,8324.46164512635,11246.91579380355
TCTGGGAACCTTTGAA-1-Topic-7-Cell-3,1,40.0,98.0,8168.757488846692,11311.236268101733
TCTGGGTAGCGCTCAT-1-Topic-3-Cell-1,1,40.0,36.0,8313.0,5131.0
TCTGGGTAGCGCTCAT-1-Topic-3-Cell-2,1,40.0,36.0,8363.46164512635,5075.91579380355
TCTGGGTAGCGCTCAT-1-Topic-3-Cell-3,1,40.0,36.0,8207.757488846692,5140.236268101734
TCTGTGCCATCATAGT-1-Topic-2-Cell-1,1,32.0,80.0,6900.0,9502.0
TCTGTGCCATCATAGT-1-Topic-3-Cell-2,1,32.0,80.0,6939.087422239316,9459.331957352419
TCTGTGCCATCATAGT-1-Topic-6-Cell-3,1,32.0,80.0,6818.479501398037,9509.154382507824
TCTGTGCCATCATAGT-1-Topic-7-Cell-4,1,32.0,80.0,6979.5390893936055,9562.981132988058
TCTGTGCCATCATAGT-1-Topic-9-Cell-5,1,32.0,80.0,6879.841831929245,9388.038594152262
TCTGTTACCCAGCATA-1-Topic-0-Cell-1,1,51.0,35.0,10219.0,5044.0
TCTGTTACCCAGCATA-1-Topic-0-Cell-2,1,51.0,35.0,10269.46164512635,4988.91579380355
TCTGTTACCCAGCATA-1-Topic-3-Cell-3,1,51.0,35.0,10113.757488846692,5053.236268101734
TCTTACCGGAACTCGT-1-Topic-6-Cell-1,1,21.0,91.0,4988.0,10585.0
TCTTACCGGAACTCGT-1-Topic-6-Cell-2,1,21.0,91.0,5023.6817714586705,10546.049584262211
TCTTACCGGAACTCGT-1-Topic-6-Cell-3,1,21.0,91.0,4913.582306694395,10591.531027807592
TCTTACCGGAACTCGT-1-Topic-6-Cell-4,1,21.0,91.0,5060.608922440497,10640.667903532969
TCTTACCGGAACTCGT-1-Topic-6-Cell-5,1,21.0,91.0,4969.598194382778,10480.967945553655
TCTTACCGGAACTCGT-1-Topic-8-Cell-6,1,21.0,91.0,4924.603308934945,10684.661818490727
TCTTACGGCATCCGAC-1-Topic-0-Cell-1,1,25.0,29.0,5720.0,4418.0
TCTTACGGCATCCGAC-1-Topic-0-Cell-2,1,25.0,29.0,5750.901320535239,4384.26795048311
TCTTACGGCATCCGAC-1-Topic-3-Cell-3,1,25.0,29.0,5655.552387106307,4423.656035994198
TCTTACGGCATCCGAC-1-Topic-4-Cell-4,1,25.0,29.0,5782.881171374884,4466.209818634973
TCTTACGGCATCCGAC-1-Topic-5-Cell-5,1,25.0,29.0,5704.063568859983,4327.905598041579
TCTTACGGCATCCGAC-1-Topic-6-Cell-6,1,25.0,29.0,5665.0968550217885,4504.309666600323
TCTTACGGCATCCGAC-1-Topic-6-Cell-7,1,25.0,29.0,5828.213778473883,4388.909884823291
TCTTACGGCATCCGAC-1-Topic-8-Cell-8,1,25.0,29.0,5612.588675800891,4362.214635774117
TCTTACTTATGCCTCT-1-Topic-7-Cell-1,1,45.0,93.0,9143.0,10810.0
TCTTACTTATGCCTCT-1-Topic-7-Cell-2,1,45.0,93.0,9193.46164512635,10754.91579380355
TCTTACTTATGCCTCT-1-Topic-9-Cell-3,1,45.0,93.0,9037.757488846692,10819.236268101733
TCTTAGAGCTCCAATT-1-Topic-4-Cell-1,1,40.0,108.0,8268.0,12297.0
TCTTAGAGCTCCAATT-1-Topic-6-Cell-2,1,40.0,108.0,8311.701066596173,12249.295678086573
TCTTAGAGCTCCAATT-1-Topic-9-Cell-3,1,40.0,108.0,8176.8573117831675,12304.998842812265
TCTTAGAGCTCCAATT-1-Topic-9-Cell-4,1,40.0,108.0,8356.927405376267,12365.178979353126
TCTTAGAGTGAACTCT-1-Topic-0-Cell-1,1,43.0,99.0,8793.0,11405.0
TCTTAGAGTGAACTCT-1-Topic-6-Cell-2,1,43.0,99.0,8843.46164512635,11349.91579380355
TCTTAGAGTGAACTCT-1-Topic-9-Cell-3,1,43.0,99.0,8687.757488846692,11414.236268101733
TCTTCCCATGGGCACA-1-Topic-4-Cell-1,1,32.0,96.0,6890.0,11094.0
TCTTCCCATGGGCACA-1-Topic-7-Cell-2,1,32.0,96.0,6929.087422239316,11051.331957352419
TCTTCCCATGGGCACA-1-Topic-7-Cell-3,1,32.0,96.0,6808.479501398037,11101.154382507824
TCTTCCCATGGGCACA-1-Topic-7-Cell-4,1,32.0,96.0,6969.5390893936055,11154.981132988058
TCTTCCCATGGGCACA-1-Topic-9-Cell-5,1,32.0,96.0,6869.841831929245,10980.038594152262
TCTTCGAATAGACGTT-1-Topic-9-Cell-1,1,39.0,71.0,8118.0,8614.0
TCTTCGAATAGACGTT-1-Topic-9-Cell-2,1,39.0,71.0,8161.701066596173,8566.295678086573
TCTTCGAATAGACGTT-1-Topic-9-Cell-3,1,39.0,71.0,8026.8573117831675,8621.998842812265
TCTTCGAATAGACGTT-1-Topic-9-Cell-4,1,39.0,71.0,8206.927405376267,8682.178979353126
TCTTCGATACCAATAA-1-Topic-3-Cell-1,1,32.0,66.0,6909.0,8108.0
TCTTCGATACCAATAA-1-Topic-3-Cell-2,1,32.0,66.0,6948.087422239316,8065.331957352419
TCTTCGATACCAATAA-1-Topic-3-Cell-3,1,32.0,66.0,6827.479501398037,8115.154382507824
TCTTCGATACCAATAA-1-Topic-6-Cell-4,1,32.0,66.0,6988.5390893936055,8168.981132988058
TCTTCGATACCAATAA-1-Topic-6-Cell-5,1,32.0,66.0,6888.841831929245,7994.038594152262
TCTTCTATAACCCGCC-1-Topic-4-Cell-1,1,45.0,107.0,9135.0,12203.0
TCTTCTATAACCCGCC-1-Topic-6-Cell-2,1,45.0,107.0,9170.68177145867,12164.049584262211
TCTTCTATAACCCGCC-1-Topic-7-Cell-3,1,45.0,107.0,9060.582306694394,12209.531027807592
TCTTCTATAACCCGCC-1-Topic-9-Cell-4,1,45.0,107.0,9207.608922440497,12258.667903532969
TCTTCTATAACCCGCC-1-Topic-9-Cell-5,1,45.0,107.0,9116.59819438278,12098.967945553655
TCTTCTATAACCCGCC-1-Topic-9-Cell-6,1,45.0,107.0,9071.603308934946,12302.661818490727
TCTTGATGCGTAGCGA-1-Topic-0-Cell-1,1,32.0,68.0,6908.0,8307.0
TCTTGATGCGTAGCGA-1-Topic-3-Cell-2,1,32.0,68.0,6951.701066596173,8259.295678086573
TCTTGATGCGTAGCGA-1-Topic-6-Cell-3,1,32.0,68.0,6816.8573117831675,8314.998842812265
TCTTGATGCGTAGCGA-1-Topic-6-Cell-4,1,32.0,68.0,6996.927405376267,8375.178979353126
TCTTGCTCCCGATACT-1-Topic-0-Cell-1,1,65.0,67.0,12623.0,8244.0
TCTTGCTCCCGATACT-1-Topic-3-Cell-2,1,65.0,67.0,12666.701066596173,8196.295678086573
TCTTGCTCCCGATACT-1-Topic-3-Cell-3,1,65.0,67.0,12531.857311783167,8251.998842812265
TCTTGCTCCCGATACT-1-Topic-7-Cell-4,1,65.0,67.0,12711.927405376267,8312.178979353126
TCTTGGTAACACCAAA-1-Topic-3-Cell-1,1,21.0,65.0,5005.0,7997.0
TCTTGGTAACACCAAA-1-Topic-8-Cell-2,1,21.0,65.0,5048.701066596173,7949.295678086574
TCTTGGTAACACCAAA-1-Topic-8-Cell-3,1,21.0,65.0,4913.8573117831675,8004.998842812265
TCTTGGTAACACCAAA-1-Topic-8-Cell-4,1,21.0,65.0,5093.927405376267,8065.178979353126
TCTTTAAGACTATGAA-1-Topic-3-Cell-1,1,34.0,98.0,7235.0,11295.0
TCTTTAAGACTATGAA-1-Topic-4-Cell-2,1,34.0,98.0,7270.6817714586705,11256.049584262211
TCTTTAAGACTATGAA-1-Topic-4-Cell-3,1,34.0,98.0,7160.582306694395,11301.531027807592
TCTTTAAGACTATGAA-1-Topic-4-Cell-4,1,34.0,98.0,7307.608922440497,11350.667903532969
TCTTTAAGACTATGAA-1-Topic-6-Cell-5,1,34.0,98.0,7216.598194382778,11190.967945553655
TCTTTAAGACTATGAA-1-Topic-6-Cell-6,1,34.0,98.0,7171.603308934945,11394.661818490727
TGAAAGGACCTGACTC-1-Topic-4-Cell-1,1,35.0,83.0,7418.0,9804.0
TGAAAGGACCTGACTC-1-Topic-4-Cell-2,1,35.0,83.0,7461.701066596173,9756.295678086573
TGAAAGGACCTGACTC-1-Topic-7-Cell-3,1,35.0,83.0,7326.8573117831675,9811.998842812265
TGAAAGGACCTGACTC-1-Topic-8-Cell-4,1,35.0,83.0,7506.927405376267,9872.178979353126
TGAACAAGCAGGGACT-1-Topic-3-Cell-1,1,66.0,36.0,12816.0,5159.0
TGAACAAGCAGGGACT-1-Topic-3-Cell-2,1,66.0,36.0,12859.701066596173,5111.295678086574
TGAACAAGCAGGGACT-1-Topic-3-Cell-3,1,66.0,36.0,12724.857311783167,5166.998842812265
TGAACAAGCAGGGACT-1-Topic-3-Cell-4,1,66.0,36.0,12904.927405376267,5227.178979353126
TGAATACCGACGCGTA-1-Topic-3-Cell-1,1,66.0,82.0,12787.0,9738.0
TGAATACCGACGCGTA-1-Topic-3-Cell-2,1,66.0,82.0,12830.701066596173,9690.295678086573
TGAATACCGACGCGTA-1-Topic-7-Cell-3,1,66.0,82.0,12695.857311783167,9745.998842812265
TGAATACCGACGCGTA-1-Topic-7-Cell-4,1,66.0,82.0,12875.927405376267,9806.178979353126
TGAATGAGTGTTTCCC-1-Topic-0-Cell-1,1,66.0,50.0,12807.0,6553.0
TGAATGAGTGTTTCCC-1-Topic-0-Cell-2,1,66.0,50.0,12850.701066596173,6505.295678086574
TGAATGAGTGTTTCCC-1-Topic-0-Cell-3,1,66.0,50.0,12715.857311783167,6560.998842812265
TGAATGAGTGTTTCCC-1-Topic-0-Cell-4,1,66.0,50.0,12895.927405376267,6621.178979353126
TGAATGTCAGCCGGCC-1-Topic-9-Cell-1,1,47.0,109.0,9480.0,12404.0
TGAATGTCAGCCGGCC-1-Topic-9-Cell-2,1,47.0,109.0,9530.46164512635,12348.91579380355
TGAATGTCAGCCGGCC-1-Topic-9-Cell-3,1,47.0,109.0,9374.757488846692,12413.236268101733
TGACCAAATCTTAAAC-1-Topic-0-Cell-1,1,66.0,62.0,12800.0,7747.0
TGACCAAATCTTAAAC-1-Topic-0-Cell-2,1,66.0,62.0,12843.701066596173,7699.295678086574
TGACCAAATCTTAAAC-1-Topic-5-Cell-3,1,66.0,62.0,12708.857311783167,7754.998842812265
TGACCAAATCTTAAAC-1-Topic-5-Cell-4,1,66.0,62.0,12888.927405376267,7815.178979353126
TGACCCACGTTAGACA-1-Topic-0-Cell-1,1,33.0,47.0,7094.0,6218.0
TGACCCACGTTAGACA-1-Topic-0-Cell-2,1,33.0,47.0,7129.6817714586705,6179.049584262212
TGACCCACGTTAGACA-1-Topic-3-Cell-3,1,33.0,47.0,7019.582306694395,6224.531027807593
TGACCCACGTTAGACA-1-Topic-3-Cell-4,1,33.0,47.0,7166.608922440497,6273.66790353297
TGACCCACGTTAGACA-1-Topic-3-Cell-5,1,33.0,47.0,7075.598194382778,6113.967945553654
TGACCCACGTTAGACA-1-Topic-3-Cell-6,1,33.0,47.0,7030.603308934945,6317.6618184907275
TGACGAATATTTCCCT-1-Topic-0-Cell-1,1,44.0,22.0,9015.0,3742.0
TGACGAATATTTCCCT-1-Topic-0-Cell-2,1,44.0,22.0,9065.46164512635,3686.9157938035496
TGACGAATATTTCCCT-1-Topic-0-Cell-3,1,44.0,22.0,8909.757488846692,3751.236268101734
TGACGATGCACTAGAA-1-Topic-3-Cell-1,1,37.0,95.0,7757.0,11000.0
TGACGATGCACTAGAA-1-Topic-3-Cell-2,1,37.0,95.0,7790.034901211928,10963.938922215459
TGACGATGCACTAGAA-1-Topic-4-Cell-3,1,37.0,95.0,7688.102603758962,11006.046556816444
TGACGATGCACTAGAA-1-Topic-7-Cell-4,1,37.0,95.0,7824.222799818238,11051.538464003022
TGACGATGCACTAGAA-1-Topic-7-Cell-5,1,37.0,95.0,7739.9632384874685,10903.68503297294
TGACGATGCACTAGAA-1-Topic-7-Cell-6,1,37.0,95.0,7698.306069152901,11092.268914738599
TGACGATGCACTAGAA-1-Topic-7-Cell-7,1,37.0,95.0,7872.685395307864,10968.901358761988
TGACTATAATCCTTTC-1-Topic-2-Cell-1,1,46.0,68.0,9332.0,8323.0
TGACTATAATCCTTTC-1-Topic-3-Cell-2,1,46.0,68.0,9367.68177145867,8284.049584262211
TGACTATAATCCTTTC-1-Topic-4-Cell-3,1,46.0,68.0,9257.582306694394,8329.531027807592
TGACTATAATCCTTTC-1-Topic-6-Cell-4,1,46.0,68.0,9404.608922440497,8378.667903532969
TGACTATAATCCTTTC-1-Topic-6-Cell-5,1,46.0,68.0,9313.59819438278,8218.967945553655
TGACTATAATCCTTTC-1-Topic-7-Cell-6,1,46.0,68.0,9268.603308934946,8422.661818490727
TGAGAATGCTTTACCG-1-Topic-3-Cell-1,1,18.0,54.0,4492.0,6899.0
TGAGAATGCTTTACCG-1-Topic-3-Cell-2,1,18.0,54.0,4535.701066596173,6851.295678086574
TGAGAATGCTTTACCG-1-Topic-3-Cell-3,1,18.0,54.0,4400.8573117831675,6906.998842812265
TGAGAATGCTTTACCG-1-Topic-6-Cell-4,1,18.0,54.0,4580.927405376267,6967.178979353126
TGAGAGATTTACCACG-1-Topic-7-Cell-1,1,41.0,91.0,8452.0,10606.0
TGAGAGATTTACCACG-1-Topic-7-Cell-2,1,41.0,91.0,8502.46164512635,10550.91579380355
TGAGAGATTTACCACG-1-Topic-9-Cell-3,1,41.0,91.0,8346.757488846692,10615.236268101733
TGAGCCATACAGTCTC-1-Topic-0-Cell-1,1,42.0,38.0,8658.0,5332.0
TGAGCCATACAGTCTC-1-Topic-3-Cell-2,1,42.0,38.0,8701.701066596173,5284.295678086574
TGAGCCATACAGTCTC-1-Topic-7-Cell-3,1,42.0,38.0,8566.857311783167,5339.998842812265
TGAGCCATACAGTCTC-1-Topic-7-Cell-4,1,42.0,38.0,8746.927405376267,5400.178979353126
TGAGCGGAAAGTGTTC-1-Topic-4-Cell-1,1,55.0,65.0,10893.0,8034.0
TGAGCGGAAAGTGTTC-1-Topic-4-Cell-2,1,55.0,65.0,10922.13404439745,8002.197118724383
TGAGCGGAAAGTGTTC-1-Topic-4-Cell-3,1,55.0,65.0,10832.238207855446,8039.332561874843
TGAGCGGAAAGTGTTC-1-Topic-6-Cell-4,1,55.0,65.0,10952.284936917511,8079.452652902084
TGAGCGGAAAGTGTTC-1-Topic-6-Cell-5,1,55.0,65.0,10877.974988630642,7949.058183237672
TGAGCGGAAAGTGTTC-1-Topic-6-Cell-6,1,55.0,65.0,10841.236818503252,8115.373534046718
TGAGCGGAAAGTGTTC-1-Topic-6-Cell-7,1,55.0,65.0,10995.024928768937,8006.573576390734
TGAGCGGAAAGTGTTC-1-Topic-6-Cell-8,1,55.0,65.0,10791.731632376777,7981.405054219888
TGAGCGGAAAGTGTTC-1-Topic-6-Cell-9,1,55.0,65.0,10934.847516403668,8148.588445202443
TGAGCTTTAATGACGC-1-Topic-6-Cell-1,1,19.0,85.0,4646.0,9985.0
TGAGCTTTAATGACGC-1-Topic-6-Cell-2,1,19.0,85.0,4679.034901211928,9948.938922215459
TGAGCTTTAATGACGC-1-Topic-6-Cell-3,1,19.0,85.0,4577.102603758962,9991.046556816444
TGAGCTTTAATGACGC-1-Topic-6-Cell-4,1,19.0,85.0,4713.222799818238,10036.538464003022
TGAGCTTTAATGACGC-1-Topic-6-Cell-5,1,19.0,85.0,4628.9632384874685,9888.68503297294
TGAGCTTTAATGACGC-1-Topic-6-Cell-6,1,19.0,85.0,4587.306069152901,10077.268914738599
TGAGCTTTAATGACGC-1-Topic-9-Cell-7,1,19.0,85.0,4761.685395307864,9953.901358761988
TGAGGAGTGCCAGCTT-1-Topic-2-Cell-1,1,58.0,58.0,11417.0,7340.0
TGAGGAGTGCCAGCTT-1-Topic-2-Cell-2,1,58.0,58.0,11460.701066596173,7292.295678086574
TGAGGAGTGCCAGCTT-1-Topic-6-Cell-3,1,58.0,58.0,11325.857311783167,7347.998842812265
TGAGGAGTGCCAGCTT-1-Topic-6-Cell-4,1,58.0,58.0,11505.927405376267,7408.178979353126
TGAGTAAATTAGCGTA-1-Topic-0-Cell-1,1,47.0,57.0,9512.0,7229.0
TGAGTAAATTAGCGTA-1-Topic-3-Cell-2,1,47.0,57.0,9547.68177145867,7190.049584262212
TGAGTAAATTAGCGTA-1-Topic-3-Cell-3,1,47.0,57.0,9437.582306694394,7235.531027807593
TGAGTAAATTAGCGTA-1-Topic-3-Cell-4,1,47.0,57.0,9584.608922440497,7284.66790353297
TGAGTAAATTAGCGTA-1-Topic-5-Cell-5,1,47.0,57.0,9493.59819438278,7124.967945553654
TGAGTAAATTAGCGTA-1-Topic-7-Cell-6,1,47.0,57.0,9448.603308934946,7328.6618184907275
TGAGTGCCTCTTAAAT-1-Topic-0-Cell-1,1,45.0,41.0,9176.0,5634.0
TGAGTGCCTCTTAAAT-1-Topic-0-Cell-2,1,45.0,41.0,9219.701066596173,5586.295678086574
TGAGTGCCTCTTAAAT-1-Topic-3-Cell-3,1,45.0,41.0,9084.857311783167,5641.998842812265
TGAGTGCCTCTTAAAT-1-Topic-6-Cell-4,1,45.0,41.0,9264.927405376267,5702.178979353126
TGAGTGGTCCGTGACG-1-Topic-3-Cell-1,1,30.0,84.0,6551.0,9898.0
TGAGTGGTCCGTGACG-1-Topic-3-Cell-2,1,30.0,84.0,6590.087422239316,9855.331957352419
TGAGTGGTCCGTGACG-1-Topic-7-Cell-3,1,30.0,84.0,6469.479501398037,9905.154382507824
TGAGTGGTCCGTGACG-1-Topic-7-Cell-4,1,30.0,84.0,6630.5390893936055,9958.981132988058
TGAGTGGTCCGTGACG-1-Topic-9-Cell-5,1,30.0,84.0,6530.841831929245,9784.038594152262
TGATACATTTAGCCGT-1-Topic-0-Cell-1,1,55.0,43.0,10907.0,5844.0
TGATACATTTAGCCGT-1-Topic-0-Cell-2,1,55.0,43.0,10942.68177145867,5805.049584262212
TGATACATTTAGCCGT-1-Topic-0-Cell-3,1,55.0,43.0,10832.582306694394,5850.531027807593
TGATACATTTAGCCGT-1-Topic-0-Cell-4,1,55.0,43.0,10979.608922440497,5899.66790353297
TGATACATTTAGCCGT-1-Topic-5-Cell-5,1,55.0,43.0,10888.59819438278,5739.967945553654
TGATACATTTAGCCGT-1-Topic-7-Cell-6,1,55.0,43.0,10843.603308934946,5943.6618184907275
TGATCAGGGAACTGCT-1-Topic-3-Cell-1,1,42.0,24.0,8667.0,3939.0
TGATCAGGGAACTGCT-1-Topic-3-Cell-2,1,42.0,24.0,8710.701066596173,3891.295678086574
TGATCAGGGAACTGCT-1-Topic-3-Cell-3,1,42.0,24.0,8575.857311783167,3946.998842812265
TGATCAGGGAACTGCT-1-Topic-3-Cell-4,1,42.0,24.0,8755.927405376267,4007.178979353126
TGATCCCAGCATTAGT-1-Topic-6-Cell-1,1,27.0,107.0,6017.0,12184.0
TGATCCCAGCATTAGT-1-Topic-6-Cell-2,1,27.0,107.0,6052.6817714586705,12145.049584262211
TGATCCCAGCATTAGT-1-Topic-7-Cell-3,1,27.0,107.0,5942.582306694395,12190.531027807592
TGATCCCAGCATTAGT-1-Topic-7-Cell-4,1,27.0,107.0,6089.608922440497,12239.667903532969
TGATCCCAGCATTAGT-1-Topic-7-Cell-5,1,27.0,107.0,5998.598194382778,12079.967945553655
TGATCCCAGCATTAGT-1-Topic-7-Cell-6,1,27.0,107.0,5953.603308934945,12283.661818490727
TGATCGGTTTGACCCT-1-Topic-1-Cell-1,1,28.0,54.0,6224.0,6910.0
TGATCGGTTTGACCCT-1-Topic-2-Cell-2,1,28.0,54.0,6267.701066596173,6862.295678086574
TGATCGGTTTGACCCT-1-Topic-3-Cell-3,1,28.0,54.0,6132.8573117831675,6917.998842812265
TGATCGGTTTGACCCT-1-Topic-6-Cell-4,1,28.0,54.0,6312.927405376267,6978.178979353126
TGATCTACGCTGATCT-1-Topic-6-Cell-1,1,16.0,100.0,4117.0,11475.0
TGATCTACGCTGATCT-1-Topic-6-Cell-2,1,16.0,100.0,4152.6817714586705,11436.049584262211
TGATCTACGCTGATCT-1-Topic-7-Cell-3,1,16.0,100.0,4042.582306694395,11481.531027807592
TGATCTACGCTGATCT-1-Topic-7-Cell-4,1,16.0,100.0,4189.608922440497,11530.667903532969
TGATCTACGCTGATCT-1-Topic-7-Cell-5,1,16.0,100.0,4098.598194382778,11370.967945553655
TGATCTACGCTGATCT-1-Topic-7-Cell-6,1,16.0,100.0,4053.603308934945,11574.661818490727
TGATCTCCGGCGCCAG-1-Topic-4-Cell-1,1,28.0,50.0,6226.0,6512.0
TGATCTCCGGCGCCAG-1-Topic-6-Cell-2,1,28.0,50.0,6261.6817714586705,6473.049584262212
TGATCTCCGGCGCCAG-1-Topic-6-Cell-3,1,28.0,50.0,6151.582306694395,6518.531027807593
TGATCTCCGGCGCCAG-1-Topic-6-Cell-4,1,28.0,50.0,6298.608922440497,6567.66790353297
TGATCTCCGGCGCCAG-1-Topic-6-Cell-5,1,28.0,50.0,6207.598194382778,6407.967945553654
TGATCTCCGGCGCCAG-1-Topic-6-Cell-6,1,28.0,50.0,6162.603308934945,6611.6618184907275
TGATGTCAATTAAGTG-1-Topic-6-Cell-1,1,59.0,103.0,11562.0,11820.0
TGATGTCAATTAAGTG-1-Topic-6-Cell-2,1,59.0,103.0,11601.087422239316,11777.331957352419
TGATGTCAATTAAGTG-1-Topic-6-Cell-3,1,59.0,103.0,11480.479501398038,11827.154382507824
TGATGTCAATTAAGTG-1-Topic-7-Cell-4,1,59.0,103.0,11641.539089393606,11880.981132988058
TGATGTCAATTAAGTG-1-Topic-7-Cell-5,1,59.0,103.0,11541.841831929245,11706.038594152262
TGATTCCCGGTTACCT-1-Topic-0-Cell-1,1,64.0,50.0,12461.0,6551.0
TGATTCCCGGTTACCT-1-Topic-3-Cell-2,1,64.0,50.0,12500.087422239316,6508.331957352419
TGATTCCCGGTTACCT-1-Topic-3-Cell-3,1,64.0,50.0,12379.479501398038,6558.154382507824
TGATTCCCGGTTACCT-1-Topic-3-Cell-4,1,64.0,50.0,12540.539089393606,6611.981132988058
TGATTCCCGGTTACCT-1-Topic-3-Cell-5,1,64.0,50.0,12440.841831929245,6437.038594152262
TGATTCGTCTATCACT-1-Topic-2-Cell-1,1,31.0,41.0,6751.0,5619.0
TGATTCGTCTATCACT-1-Topic-3-Cell-2,1,31.0,41.0,6790.087422239316,5576.331957352419
TGATTCGTCTATCACT-1-Topic-3-Cell-3,1,31.0,41.0,6669.479501398037,5626.154382507824
TGATTCGTCTATCACT-1-Topic-6-Cell-4,1,31.0,41.0,6830.5390893936055,5679.981132988058
TGATTCGTCTATCACT-1-Topic-9-Cell-5,1,31.0,41.0,6730.841831929245,5505.038594152262
TGATTCTGTCGCCGGT-1-Topic-0-Cell-1,1,48.0,44.0,9694.0,5936.0
TGATTCTGTCGCCGGT-1-Topic-3-Cell-2,1,48.0,44.0,9744.46164512635,5880.91579380355
TGATTCTGTCGCCGGT-1-Topic-3-Cell-3,1,48.0,44.0,9588.757488846692,5945.236268101734
TGATTTATTAGCTGTG-1-Topic-3-Cell-1,1,38.0,34.0,7968.0,4930.0
TGATTTCCTCCTGACG-1-Topic-0-Cell-1,1,16.0,34.0,4158.0,4906.0
TGATTTCCTCCTGACG-1-Topic-3-Cell-2,1,16.0,34.0,4201.701066596173,4858.295678086574
TGATTTCCTCCTGACG-1-Topic-6-Cell-3,1,16.0,34.0,4066.857311783168,4913.998842812265
TGATTTCCTCCTGACG-1-Topic-6-Cell-4,1,16.0,34.0,4246.927405376267,4974.178979353126
TGCAACCCATCTGCGG-1-Topic-3-Cell-1,1,60.0,90.0,11743.0,10527.0
TGCAACCCATCTGCGG-1-Topic-8-Cell-2,1,60.0,90.0,11782.087422239316,10484.331957352419
TGCAACCCATCTGCGG-1-Topic-8-Cell-3,1,60.0,90.0,11661.479501398038,10534.154382507824
TGCAACCCATCTGCGG-1-Topic-8-Cell-4,1,60.0,90.0,11822.539089393606,10587.981132988058
TGCAACCCATCTGCGG-1-Topic-8-Cell-5,1,60.0,90.0,11722.841831929245,10413.038594152262
TGCAAGAATGACGTAA-1-Topic-2-Cell-1,1,30.0,60.0,6566.0,7509.0
TGCAAGAATGACGTAA-1-Topic-2-Cell-2,1,30.0,60.0,6605.087422239316,7466.331957352419
TGCAAGAATGACGTAA-1-Topic-3-Cell-3,1,30.0,60.0,6484.479501398037,7516.154382507824
TGCAAGAATGACGTAA-1-Topic-3-Cell-4,1,30.0,60.0,6645.5390893936055,7569.981132988058
TGCAAGAATGACGTAA-1-Topic-3-Cell-5,1,30.0,60.0,6545.841831929245,7395.038594152262
TGCAATCTAACACGGT-1-Topic-5-Cell-1,1,62.0,90.0,12089.0,10530.0
TGCAATCTAACACGGT-1-Topic-5-Cell-2,1,62.0,90.0,12132.701066596173,10482.295678086573
TGCAATCTAACACGGT-1-Topic-7-Cell-3,1,62.0,90.0,11997.857311783167,10537.998842812265
TGCAATCTAACACGGT-1-Topic-7-Cell-4,1,62.0,90.0,12177.927405376267,10598.178979353126
TGCAGAACTATATCGT-1-Topic-3-Cell-1,1,42.0,22.0,8668.0,3740.0
TGCAGAACTATATCGT-1-Topic-3-Cell-2,1,42.0,22.0,8729.802641070479,3672.5359009662207
TGCAGAGTACCGAGCA-1-Topic-6-Cell-1,1,38.0,46.0,7961.0,6124.0
TGCAGAGTACCGAGCA-1-Topic-6-Cell-2,1,38.0,46.0,8000.087422239316,6081.331957352419
TGCAGAGTACCGAGCA-1-Topic-6-Cell-3,1,38.0,46.0,7879.479501398037,6131.154382507824
TGCAGAGTACCGAGCA-1-Topic-6-Cell-4,1,38.0,46.0,8040.5390893936055,6184.981132988058
TGCAGAGTACCGAGCA-1-Topic-6-Cell-5,1,38.0,46.0,7940.841831929245,6010.038594152262
TGCAGATCGTCCTAGG-1-Topic-0-Cell-1,1,42.0,18.0,8671.0,3342.0
TGCAGATCGTCCTAGG-1-Topic-3-Cell-2,1,42.0,18.0,8732.802641070479,3274.5359009662207
TGCAGCTACGTACTTC-1-Topic-0-Cell-1,1,42.0,16.0,8672.0,3143.0
TGCAGCTACGTACTTC-1-Topic-3-Cell-2,1,42.0,16.0,8705.034901211928,3106.9389222154587
TGCAGCTACGTACTTC-1-Topic-3-Cell-3,1,42.0,16.0,8603.102603758962,3149.046556816443
TGCAGCTACGTACTTC-1-Topic-3-Cell-4,1,42.0,16.0,8739.222799818237,3194.5384640030225
TGCAGCTACGTACTTC-1-Topic-3-Cell-5,1,42.0,16.0,8654.96323848747,3046.6850329729414
TGCAGCTACGTACTTC-1-Topic-3-Cell-6,1,42.0,16.0,8613.3060691529,3235.268914738599
TGCAGCTACGTACTTC-1-Topic-5-Cell-7,1,42.0,16.0,8787.685395307864,3111.9013587619884
TGCAGGATCGGCAAAG-1-Topic-2-Cell-1,1,24.0,74.0,5519.0,8896.0
TGCAGGATCGGCAAAG-1-Topic-4-Cell-2,1,24.0,74.0,5552.034901211928,8859.938922215459
TGCAGGATCGGCAAAG-1-Topic-6-Cell-3,1,24.0,74.0,5450.102603758962,8902.046556816444
TGCAGGATCGGCAAAG-1-Topic-6-Cell-4,1,24.0,74.0,5586.222799818238,8947.538464003022
TGCAGGATCGGCAAAG-1-Topic-6-Cell-5,1,24.0,74.0,5501.9632384874685,8799.68503297294
TGCAGGATCGGCAAAG-1-Topic-7-Cell-6,1,24.0,74.0,5460.306069152901,8988.268914738599
TGCAGGATCGGCAAAG-1-Topic-7-Cell-7,1,24.0,74.0,5634.685395307864,8864.901358761988
TGCAGTTTCCTCCCAT-1-Topic-3-Cell-1,1,40.0,90.0,8279.0,10506.0
TGCAGTTTCCTCCCAT-1-Topic-5-Cell-2,1,40.0,90.0,8314.68177145867,10467.049584262211
TGCAGTTTCCTCCCAT-1-Topic-6-Cell-3,1,40.0,90.0,8204.582306694394,10512.531027807592
TGCAGTTTCCTCCCAT-1-Topic-7-Cell-4,1,40.0,90.0,8351.608922440497,10561.667903532969
TGCAGTTTCCTCCCAT-1-Topic-7-Cell-5,1,40.0,90.0,8260.59819438278,10401.967945553655
TGCAGTTTCCTCCCAT-1-Topic-7-Cell-6,1,40.0,90.0,8215.603308934946,10605.661818490727
TGCATATGTCTGTCAC-1-Topic-3-Cell-1,1,35.0,85.0,7417.0,10003.0
TGCATATGTCTGTCAC-1-Topic-6-Cell-2,1,35.0,85.0,7460.701066596173,9955.295678086573
TGCATATGTCTGTCAC-1-Topic-7-Cell-3,1,35.0,85.0,7325.8573117831675,10010.998842812265
TGCATATGTCTGTCAC-1-Topic-7-Cell-4,1,35.0,85.0,7505.927405376267,10071.178979353126
TGCATGGATCGGATCT-1-Topic-1-Cell-1,1,19.0,67.0,4657.0,8194.0
TGCATGGATCGGATCT-1-Topic-3-Cell-2,1,19.0,67.0,4692.6817714586705,8155.049584262212
TGCATGGATCGGATCT-1-Topic-3-Cell-3,1,19.0,67.0,4582.582306694395,8200.531027807592
TGCATGGATCGGATCT-1-Topic-3-Cell-4,1,19.0,67.0,4729.608922440497,8249.667903532969
TGCATGGATCGGATCT-1-Topic-3-Cell-5,1,19.0,67.0,4638.598194382778,8089.967945553654
TGCATGGATCGGATCT-1-Topic-8-Cell-6,1,19.0,67.0,4593.603308934945,8293.661818490727
TGCATGTGGTAATCTA-1-Topic-3-Cell-1,1,29.0,81.0,6380.0,9598.0
TGCATGTGGTAATCTA-1-Topic-3-Cell-2,1,29.0,81.0,6415.6817714586705,9559.049584262211
TGCATGTGGTAATCTA-1-Topic-7-Cell-3,1,29.0,81.0,6305.582306694395,9604.531027807592
TGCATGTGGTAATCTA-1-Topic-7-Cell-4,1,29.0,81.0,6452.608922440497,9653.667903532969
TGCATGTGGTAATCTA-1-Topic-7-Cell-5,1,29.0,81.0,6361.598194382778,9493.967945553655
TGCATGTGGTAATCTA-1-Topic-7-Cell-6,1,29.0,81.0,6316.603308934945,9697.661818490727
TGCCAATGGGTACTCT-1-Topic-0-Cell-1,1,54.0,52.0,10728.0,6739.0
TGCCAATGGGTACTCT-1-Topic-0-Cell-2,1,54.0,52.0,10767.087422239316,6696.331957352419
TGCCAATGGGTACTCT-1-Topic-2-Cell-3,1,54.0,52.0,10646.479501398038,6746.154382507824
TGCCAATGGGTACTCT-1-Topic-3-Cell-4,1,54.0,52.0,10807.539089393606,6799.981132988058
TGCCAATGGGTACTCT-1-Topic-3-Cell-5,1,54.0,52.0,10707.841831929245,6625.038594152262
TGCCACCTGGCGAAAC-1-Topic-6-Cell-1,1,20.0,76.0,4825.0,9091.0
TGCCACCTGGCGAAAC-1-Topic-6-Cell-2,1,20.0,76.0,4860.6817714586705,9052.049584262211
TGCCACCTGGCGAAAC-1-Topic-6-Cell-3,1,20.0,76.0,4750.582306694395,9097.531027807592
TGCCACCTGGCGAAAC-1-Topic-7-Cell-4,1,20.0,76.0,4897.608922440497,9146.667903532969
TGCCACCTGGCGAAAC-1-Topic-7-Cell-5,1,20.0,76.0,4806.598194382778,8986.967945553655
TGCCACCTGGCGAAAC-1-Topic-7-Cell-6,1,20.0,76.0,4761.603308934945,9190.661818490727
TGCCAGTACGTGGAGA-1-Topic-3-Cell-1,1,51.0,71.0,10196.0,8627.0
TGCCAGTACGTGGAGA-1-Topic-4-Cell-2,1,51.0,71.0,10235.087422239316,8584.331957352419
TGCCAGTACGTGGAGA-1-Topic-5-Cell-3,1,51.0,71.0,10114.479501398038,8634.154382507824
TGCCAGTACGTGGAGA-1-Topic-6-Cell-4,1,51.0,71.0,10275.539089393606,8687.981132988058
TGCCAGTACGTGGAGA-1-Topic-7-Cell-5,1,51.0,71.0,10175.841831929245,8513.038594152262
TGCCATTACTAAAGAA-1-Topic-3-Cell-1,1,21.0,87.0,4991.0,10187.0
TGCCATTACTAAAGAA-1-Topic-6-Cell-2,1,21.0,87.0,5026.6817714586705,10148.049584262211
TGCCATTACTAAAGAA-1-Topic-6-Cell-3,1,21.0,87.0,4916.582306694395,10193.531027807592
TGCCATTACTAAAGAA-1-Topic-6-Cell-4,1,21.0,87.0,5063.608922440497,10242.667903532969
TGCCATTACTAAAGAA-1-Topic-7-Cell-5,1,21.0,87.0,4972.598194382778,10082.967945553655
TGCCATTACTAAAGAA-1-Topic-7-Cell-6,1,21.0,87.0,4927.603308934945,10286.661818490727
TGCCCGTACCGTTAAA-1-Topic-4-Cell-1,1,45.0,75.0,9155.0,9018.0
TGCCCGTACCGTTAAA-1-Topic-4-Cell-2,1,45.0,75.0,9194.087422239316,8975.331957352419
TGCCCGTACCGTTAAA-1-Topic-7-Cell-3,1,45.0,75.0,9073.479501398038,9025.154382507824
TGCCCGTACCGTTAAA-1-Topic-7-Cell-4,1,45.0,75.0,9234.539089393606,9078.981132988058
TGCCCGTACCGTTAAA-1-Topic-7-Cell-5,1,45.0,75.0,9134.841831929245,8904.038594152262
TGCCGGATGTACGAGC-1-Topic-0-Cell-1,1,62.0,34.0,12124.0,4956.0
TGCCGGATGTACGAGC-1-Topic-0-Cell-2,1,62.0,34.0,12159.68177145867,4917.049584262212
TGCCGGATGTACGAGC-1-Topic-0-Cell-3,1,62.0,34.0,12049.582306694394,4962.531027807593
TGCCGGATGTACGAGC-1-Topic-0-Cell-4,1,62.0,34.0,12196.608922440497,5011.66790353297
TGCCGGATGTACGAGC-1-Topic-0-Cell-5,1,62.0,34.0,12105.59819438278,4851.967945553654
TGCCGGATGTACGAGC-1-Topic-5-Cell-6,1,62.0,34.0,12060.603308934946,5055.6618184907275
TGCCGTGGATCGTCCT-1-Topic-0-Cell-1,1,57.0,63.0,11240.0,7837.0
TGCCGTGGATCGTCCT-1-Topic-6-Cell-2,1,57.0,63.0,11269.13404439745,7805.197118724383
TGCCGTGGATCGTCCT-1-Topic-6-Cell-3,1,57.0,63.0,11179.238207855446,7842.332561874843
TGCCGTGGATCGTCCT-1-Topic-6-Cell-4,1,57.0,63.0,11299.284936917511,7882.452652902084
TGCCGTGGATCGTCCT-1-Topic-6-Cell-5,1,57.0,63.0,11224.974988630642,7752.058183237672
TGCCGTGGATCGTCCT-1-Topic-6-Cell-6,1,57.0,63.0,11188.236818503252,7918.373534046718
TGCCGTGGATCGTCCT-1-Topic-6-Cell-7,1,57.0,63.0,11342.024928768937,7809.573576390734
TGCCGTGGATCGTCCT-1-Topic-6-Cell-8,1,57.0,63.0,11138.731632376777,7784.405054219888
TGCCGTGGATCGTCCT-1-Topic-6-Cell-9,1,57.0,63.0,11281.847516403668,7951.588445202443
TGCCTAATTGAAGATT-1-Topic-6-Cell-1,1,55.0,105.0,10868.0,12015.0
TGCCTAATTGAAGATT-1-Topic-6-Cell-2,1,55.0,105.0,10907.087422239316,11972.331957352419
TGCCTAATTGAAGATT-1-Topic-6-Cell-3,1,55.0,105.0,10786.479501398038,12022.154382507824
TGCCTAATTGAAGATT-1-Topic-6-Cell-4,1,55.0,105.0,10947.539089393606,12075.981132988058
TGCCTAATTGAAGATT-1-Topic-7-Cell-5,1,55.0,105.0,10847.841831929245,11901.038594152262
TGCCTGATCAAACGAT-1-Topic-1-Cell-1,1,20.0,70.0,4828.0,8493.0
TGCCTGATCAAACGAT-1-Topic-2-Cell-2,1,20.0,70.0,4863.6817714586705,8454.049584262211
TGCCTGATCAAACGAT-1-Topic-3-Cell-3,1,20.0,70.0,4753.582306694395,8499.531027807592
TGCCTGATCAAACGAT-1-Topic-6-Cell-4,1,20.0,70.0,4900.608922440497,8548.667903532969
TGCCTGATCAAACGAT-1-Topic-6-Cell-5,1,20.0,70.0,4809.598194382778,8388.967945553655
TGCCTGATCAAACGAT-1-Topic-6-Cell-6,1,20.0,70.0,4764.603308934945,8592.661818490727
TGCCTTGGCCAGGCAA-1-Topic-4-Cell-1,1,52.0,82.0,10363.0,9723.0
TGCCTTGGCCAGGCAA-1-Topic-4-Cell-2,1,52.0,82.0,10398.68177145867,9684.049584262211
TGCCTTGGCCAGGCAA-1-Topic-4-Cell-3,1,52.0,82.0,10288.582306694394,9729.531027807592
TGCCTTGGCCAGGCAA-1-Topic-4-Cell-4,1,52.0,82.0,10435.608922440497,9778.667903532969
TGCCTTGGCCAGGCAA-1-Topic-4-Cell-5,1,52.0,82.0,10344.59819438278,9618.967945553655
TGCCTTGGCCAGGCAA-1-Topic-6-Cell-6,1,52.0,82.0,10299.603308934946,9822.661818490727
TGCGAATATGGGATTT-1-Topic-0-Cell-1,1,45.0,13.0,9193.0,2847.0
TGCGAATATGGGATTT-1-Topic-1-Cell-2,1,45.0,13.0,9228.68177145867,2808.049584262212
TGCGAATATGGGATTT-1-Topic-3-Cell-3,1,45.0,13.0,9118.582306694394,2853.531027807593
TGCGAATATGGGATTT-1-Topic-3-Cell-4,1,45.0,13.0,9265.608922440497,2902.6679035329694
TGCGAATATGGGATTT-1-Topic-3-Cell-5,1,45.0,13.0,9174.59819438278,2742.9679455536548
TGCGAATATGGGATTT-1-Topic-3-Cell-6,1,45.0,13.0,9129.603308934946,2946.661818490727
TGCGACACCCTAGTGC-1-Topic-0-Cell-1,1,46.0,46.0,9346.0,6133.0
TGCGACACCCTAGTGC-1-Topic-3-Cell-2,1,46.0,46.0,9396.46164512635,6077.91579380355
TGCGACACCCTAGTGC-1-Topic-3-Cell-3,1,46.0,46.0,9240.757488846692,6142.236268101734
TGCGACGGCCGAACGT-1-Topic-0-Cell-1,1,60.0,32.0,11779.0,4755.0
TGCGACGGCCGAACGT-1-Topic-0-Cell-2,1,60.0,32.0,11822.701066596173,4707.295678086574
TGCGACGGCCGAACGT-1-Topic-0-Cell-3,1,60.0,32.0,11687.857311783167,4762.998842812265
TGCGACGGCCGAACGT-1-Topic-0-Cell-4,1,60.0,32.0,11867.927405376267,4823.178979353126
TGCGAGAATATTACCC-1-Topic-0-Cell-1,1,50.0,40.0,10042.0,5540.0
TGCGAGAATATTACCC-1-Topic-0-Cell-2,1,50.0,40.0,10081.087422239316,5497.331957352419
TGCGAGAATATTACCC-1-Topic-0-Cell-3,1,50.0,40.0,9960.479501398038,5547.154382507824
TGCGAGAATATTACCC-1-Topic-3-Cell-4,1,50.0,40.0,10121.539089393606,5600.981132988058
TGCGAGAATATTACCC-1-Topic-5-Cell-5,1,50.0,40.0,10021.841831929245,5426.038594152262
TGCGCAAAGCATTTGG-1-Topic-3-Cell-1,1,31.0,67.0,6735.0,8207.0
TGCGCAAAGCATTTGG-1-Topic-3-Cell-2,1,31.0,67.0,6774.087422239316,8164.331957352419
TGCGCAAAGCATTTGG-1-Topic-6-Cell-3,1,31.0,67.0,6653.479501398037,8214.154382507824
TGCGCAAAGCATTTGG-1-Topic-6-Cell-4,1,31.0,67.0,6814.5390893936055,8267.981132988058
TGCGCAAAGCATTTGG-1-Topic-8-Cell-5,1,31.0,67.0,6714.841831929245,8093.038594152262
TGCGCGATTAACGGAG-1-Topic-0-Cell-1,1,27.0,41.0,6059.0,5615.0
TGCGCGATTAACGGAG-1-Topic-4-Cell-2,1,27.0,41.0,6092.034901211928,5578.938922215459
TGCGCGATTAACGGAG-1-Topic-6-Cell-3,1,27.0,41.0,5990.102603758962,5621.046556816443
TGCGCGATTAACGGAG-1-Topic-6-Cell-4,1,27.0,41.0,6126.222799818238,5666.538464003022
TGCGCGATTAACGGAG-1-Topic-6-Cell-5,1,27.0,41.0,6041.9632384874685,5518.685032972941
TGCGCGATTAACGGAG-1-Topic-6-Cell-6,1,27.0,41.0,6000.306069152901,5707.268914738599
TGCGCGATTAACGGAG-1-Topic-6-Cell-7,1,27.0,41.0,6174.685395307864,5583.901358761988
TGCGGAGTAAAGGTGC-1-Topic-6-Cell-1,1,22.0,70.0,5175.0,8496.0
TGCGGAGTAAAGGTGC-1-Topic-6-Cell-2,1,22.0,70.0,5208.034901211928,8459.938922215459
TGCGGAGTAAAGGTGC-1-Topic-6-Cell-3,1,22.0,70.0,5106.102603758962,8502.046556816444
TGCGGAGTAAAGGTGC-1-Topic-7-Cell-4,1,22.0,70.0,5242.222799818238,8547.538464003022
TGCGGAGTAAAGGTGC-1-Topic-7-Cell-5,1,22.0,70.0,5157.9632384874685,8399.68503297294
TGCGGAGTAAAGGTGC-1-Topic-7-Cell-6,1,22.0,70.0,5116.306069152901,8588.268914738599
TGCGGAGTAAAGGTGC-1-Topic-8-Cell-7,1,22.0,70.0,5290.685395307864,8464.901358761988
TGCGTAAGAACCTGAT-1-Topic-3-Cell-1,1,43.0,43.0,8828.0,5831.0
TGCGTAAGAACCTGAT-1-Topic-3-Cell-2,1,43.0,43.0,8878.46164512635,5775.91579380355
TGCGTAAGAACCTGAT-1-Topic-3-Cell-3,1,43.0,43.0,8722.757488846692,5840.236268101734
TGCGTCATGACTGAGC-1-Topic-0-Cell-1,1,53.0,21.0,10574.0,3652.0
TGCGTCATGACTGAGC-1-Topic-7-Cell-2,1,53.0,21.0,10624.46164512635,3596.9157938035496
TGCGTCATGACTGAGC-1-Topic-7-Cell-3,1,53.0,21.0,10468.757488846692,3661.236268101734
TGCGTTTGTTGACACT-1-Topic-4-Cell-1,1,42.0,76.0,8635.0,9115.0
TGCGTTTGTTGACACT-1-Topic-7-Cell-2,1,42.0,76.0,8685.46164512635,9059.91579380355
TGCGTTTGTTGACACT-1-Topic-9-Cell-3,1,42.0,76.0,8529.757488846692,9124.236268101733
TGCTAAGTGTCTATTT-1-Topic-7-Cell-1,1,52.0,90.0,10358.0,10519.0
TGCTAAGTGTCTATTT-1-Topic-7-Cell-2,1,52.0,90.0,10397.087422239316,10476.331957352419
TGCTAAGTGTCTATTT-1-Topic-7-Cell-3,1,52.0,90.0,10276.479501398038,10526.154382507824
TGCTAAGTGTCTATTT-1-Topic-7-Cell-4,1,52.0,90.0,10437.539089393606,10579.981132988058
TGCTAAGTGTCTATTT-1-Topic-7-Cell-5,1,52.0,90.0,10337.841831929245,10405.038594152262
TGCTCCACAGTTCTTA-1-Topic-7-Cell-1,1,45.0,95.0,9142.0,11009.0
TGCTCCACAGTTCTTA-1-Topic-7-Cell-2,1,45.0,95.0,9185.701066596173,10961.295678086573
TGCTCCACAGTTCTTA-1-Topic-7-Cell-3,1,45.0,95.0,9050.857311783167,11016.998842812265
TGCTCCACAGTTCTTA-1-Topic-9-Cell-4,1,45.0,95.0,9230.927405376267,11077.178979353126
TGCTCGGCGAAACCCA-1-Topic-5-Cell-1,1,57.0,61.0,11242.0,7638.0
TGCTCGGCGAAACCCA-1-Topic-6-Cell-2,1,57.0,61.0,11277.68177145867,7599.049584262212
TGCTCGGCGAAACCCA-1-Topic-6-Cell-3,1,57.0,61.0,11167.582306694394,7644.531027807593
TGCTCGGCGAAACCCA-1-Topic-6-Cell-4,1,57.0,61.0,11314.608922440497,7693.66790353297
TGCTCGGCGAAACCCA-1-Topic-6-Cell-5,1,57.0,61.0,11223.59819438278,7533.967945553654
TGCTCGGCGAAACCCA-1-Topic-6-Cell-6,1,57.0,61.0,11178.603308934946,7737.6618184907275
TGCTCGGTGGGTCACC-1-Topic-3-Cell-1,1,66.0,72.0,12793.0,8742.0
TGCTCGGTGGGTCACC-1-Topic-5-Cell-2,1,66.0,72.0,12828.68177145867,8703.049584262211
TGCTCGGTGGGTCACC-1-Topic-5-Cell-3,1,66.0,72.0,12718.582306694394,8748.531027807592
TGCTCGGTGGGTCACC-1-Topic-5-Cell-4,1,66.0,72.0,12865.608922440497,8797.667903532969
TGCTCGGTGGGTCACC-1-Topic-6-Cell-5,1,66.0,72.0,12774.59819438278,8637.967945553655
TGCTCGGTGGGTCACC-1-Topic-6-Cell-6,1,66.0,72.0,12729.603308934946,8841.661818490727
TGCTCTTGAGAGTTTG-1-Topic-2-Cell-1,1,64.0,70.0,12448.0,8541.0
TGCTCTTGAGAGTTTG-1-Topic-6-Cell-2,1,64.0,70.0,12487.087422239316,8498.331957352419
TGCTCTTGAGAGTTTG-1-Topic-6-Cell-3,1,64.0,70.0,12366.479501398038,8548.154382507824
TGCTCTTGAGAGTTTG-1-Topic-7-Cell-4,1,64.0,70.0,12527.539089393606,8601.981132988058
TGCTCTTGAGAGTTTG-1-Topic-7-Cell-5,1,64.0,70.0,12427.841831929245,8427.038594152262
TGCTGGTTGGACAATT-1-Topic-0-Cell-1,1,21.0,41.0,5020.0,5608.0
TGCTGGTTGGACAATT-1-Topic-0-Cell-2,1,21.0,41.0,5050.901320535239,5574.26795048311
TGCTGGTTGGACAATT-1-Topic-6-Cell-3,1,21.0,41.0,4955.552387106307,5613.656035994198
TGCTGGTTGGACAATT-1-Topic-6-Cell-4,1,21.0,41.0,5082.881171374884,5656.209818634973
TGCTGGTTGGACAATT-1-Topic-6-Cell-5,1,21.0,41.0,5004.063568859983,5517.905598041579
TGCTGGTTGGACAATT-1-Topic-6-Cell-6,1,21.0,41.0,4965.0968550217885,5694.309666600323
TGCTGGTTGGACAATT-1-Topic-6-Cell-7,1,21.0,41.0,5128.213778473883,5578.909884823291
TGCTGGTTGGACAATT-1-Topic-6-Cell-8,1,21.0,41.0,4912.588675800891,5552.214635774117
TGCTGTTGAAGAACTC-1-Topic-3-Cell-1,1,38.0,66.0,7948.0,8115.0
TGCTGTTGAAGAACTC-1-Topic-3-Cell-2,1,38.0,66.0,7987.087422239316,8072.331957352419
TGCTGTTGAAGAACTC-1-Topic-3-Cell-3,1,38.0,66.0,7866.479501398037,8122.154382507824
TGCTGTTGAAGAACTC-1-Topic-3-Cell-4,1,38.0,66.0,8027.5390893936055,8175.981132988058
TGCTGTTGAAGAACTC-1-Topic-6-Cell-5,1,38.0,66.0,7927.841831929245,8001.038594152262
TGCTTAGAGAGAATGC-1-Topic-0-Cell-1,1,62.0,26.0,12129.0,4160.0
TGCTTAGAGAGAATGC-1-Topic-0-Cell-2,1,62.0,26.0,12172.701066596173,4112.295678086574
TGCTTAGAGAGAATGC-1-Topic-0-Cell-3,1,62.0,26.0,12037.857311783167,4167.998842812265
TGCTTAGAGAGAATGC-1-Topic-6-Cell-4,1,62.0,26.0,12217.927405376267,4228.178979353126
TGCTTCCCAAGCAGTA-1-Topic-0-Cell-1,1,62.0,66.0,12104.0,8141.0
TGCTTCCCAAGCAGTA-1-Topic-3-Cell-2,1,62.0,66.0,12137.034901211928,8104.938922215459
TGCTTCCCAAGCAGTA-1-Topic-5-Cell-3,1,62.0,66.0,12035.102603758962,8147.046556816443
TGCTTCCCAAGCAGTA-1-Topic-5-Cell-4,1,62.0,66.0,12171.222799818237,8192.538464003022
TGCTTCCCAAGCAGTA-1-Topic-5-Cell-5,1,62.0,66.0,12086.96323848747,8044.685032972941
TGCTTCCCAAGCAGTA-1-Topic-6-Cell-6,1,62.0,66.0,12045.3060691529,8233.268914738599
TGCTTCCCAAGCAGTA-1-Topic-7-Cell-7,1,62.0,66.0,12219.685395307864,8109.901358761988
TGGAACCACTGACACA-1-Topic-6-Cell-1,1,24.0,102.0,5501.0,11683.0
TGGAACCACTGACACA-1-Topic-6-Cell-2,1,24.0,102.0,5536.6817714586705,11644.049584262211
TGGAACCACTGACACA-1-Topic-6-Cell-3,1,24.0,102.0,5426.582306694395,11689.531027807592
TGGAACCACTGACACA-1-Topic-6-Cell-4,1,24.0,102.0,5573.608922440497,11738.667903532969
TGGAACCACTGACACA-1-Topic-7-Cell-5,1,24.0,102.0,5482.598194382778,11578.967945553655
TGGAACCACTGACACA-1-Topic-7-Cell-6,1,24.0,102.0,5437.603308934945,11782.661818490727
TGGAAGAAGGGAACGT-1-Topic-3-Cell-1,1,39.0,35.0,8141.0,5031.0
TGGAAGAAGGGAACGT-1-Topic-3-Cell-2,1,39.0,35.0,8184.701066596173,4983.295678086574
TGGAAGAAGGGAACGT-1-Topic-3-Cell-3,1,39.0,35.0,8049.8573117831675,5038.998842812265
TGGAAGAAGGGAACGT-1-Topic-3-Cell-4,1,39.0,35.0,8229.927405376267,5099.178979353126
TGGAAGGATAAAGATG-1-Topic-2-Cell-1,1,20.0,68.0,4830.0,8294.0
TGGAAGGATAAAGATG-1-Topic-3-Cell-2,1,20.0,68.0,4860.901320535239,8260.26795048311
TGGAAGGATAAAGATG-1-Topic-6-Cell-3,1,20.0,68.0,4765.552387106307,8299.656035994198
TGGAAGGATAAAGATG-1-Topic-6-Cell-4,1,20.0,68.0,4892.881171374884,8342.209818634972
TGGAAGGATAAAGATG-1-Topic-6-Cell-5,1,20.0,68.0,4814.063568859983,8203.90559804158
TGGAAGGATAAAGATG-1-Topic-6-Cell-6,1,20.0,68.0,4775.0968550217885,8380.309666600324
TGGAAGGATAAAGATG-1-Topic-6-Cell-7,1,20.0,68.0,4938.213778473883,8264.90988482329
TGGAAGGATAAAGATG-1-Topic-9-Cell-8,1,20.0,68.0,4722.588675800891,8238.214635774117
TGGAATATCCTTGACC-1-Topic-6-Cell-1,1,23.0,107.0,5325.0,12179.0
TGGAATATCCTTGACC-1-Topic-6-Cell-2,1,23.0,107.0,5358.034901211928,12142.938922215459
TGGAATATCCTTGACC-1-Topic-6-Cell-3,1,23.0,107.0,5256.102603758962,12185.046556816444
TGGAATATCCTTGACC-1-Topic-6-Cell-4,1,23.0,107.0,5392.222799818238,12230.538464003022
TGGAATATCCTTGACC-1-Topic-8-Cell-5,1,23.0,107.0,5307.9632384874685,12082.68503297294
TGGAATATCCTTGACC-1-Topic-8-Cell-6,1,23.0,107.0,5266.306069152901,12271.268914738599
TGGAATATCCTTGACC-1-Topic-8-Cell-7,1,23.0,107.0,5440.685395307864,12147.901358761988
TGGACCAATCTAAGAT-1-Topic-3-Cell-1,1,62.0,80.0,12096.0,9534.0
TGGACCAATCTAAGAT-1-Topic-6-Cell-2,1,62.0,80.0,12146.46164512635,9478.91579380355
TGGACCAATCTAAGAT-1-Topic-7-Cell-3,1,62.0,80.0,11990.757488846692,9543.236268101733
TGGACGCAATCCAGCC-1-Topic-0-Cell-1,1,58.0,20.0,11440.0,3558.0
TGGACGCAATCCAGCC-1-Topic-0-Cell-2,1,58.0,20.0,11479.087422239316,3515.3319573524186
TGGACGCAATCCAGCC-1-Topic-0-Cell-3,1,58.0,20.0,11358.479501398038,3565.1543825078243
TGGACGCAATCCAGCC-1-Topic-3-Cell-4,1,58.0,20.0,11519.539089393606,3618.9811329880577
TGGACGCAATCCAGCC-1-Topic-3-Cell-5,1,58.0,20.0,11419.841831929245,3444.0385941522622
TGGACTGTTCGCTCAA-1-Topic-3-Cell-1,1,37.0,73.0,7771.0,8810.0
TGGACTGTTCGCTCAA-1-Topic-4-Cell-2,1,37.0,73.0,7814.701066596173,8762.295678086573
TGGACTGTTCGCTCAA-1-Topic-9-Cell-3,1,37.0,73.0,7679.8573117831675,8817.998842812265
TGGACTGTTCGCTCAA-1-Topic-9-Cell-4,1,37.0,73.0,7859.927405376267,8878.178979353126
TGGAGTGATGCGATGA-1-Topic-2-Cell-1,1,29.0,41.0,6405.0,5617.0
TGGAGTGATGCGATGA-1-Topic-3-Cell-2,1,29.0,41.0,6448.701066596173,5569.295678086574
TGGAGTGATGCGATGA-1-Topic-6-Cell-3,1,29.0,41.0,6313.8573117831675,5624.998842812265
TGGAGTGATGCGATGA-1-Topic-6-Cell-4,1,29.0,41.0,6493.927405376267,5685.178979353126
TGGCAAACTAAATTAC-1-Topic-4-Cell-1,1,50.0,78.0,10019.0,9322.0
TGGCAAACTAAATTAC-1-Topic-4-Cell-2,1,50.0,78.0,10054.68177145867,9283.049584262211
TGGCAAACTAAATTAC-1-Topic-5-Cell-3,1,50.0,78.0,9944.582306694394,9328.531027807592
TGGCAAACTAAATTAC-1-Topic-6-Cell-4,1,50.0,78.0,10091.608922440497,9377.667903532969
TGGCAAACTAAATTAC-1-Topic-7-Cell-5,1,50.0,78.0,10000.59819438278,9217.967945553655
TGGCAAACTAAATTAC-1-Topic-7-Cell-6,1,50.0,78.0,9955.603308934946,9421.661818490727
TGGCAACTCGCGCGCC-1-Topic-6-Cell-1,1,22.0,86.0,5165.0,10088.0
TGGCAACTCGCGCGCC-1-Topic-6-Cell-2,1,22.0,86.0,5215.461645126349,10032.91579380355
TGGCAACTCGCGCGCC-1-Topic-7-Cell-3,1,22.0,86.0,5059.757488846692,10097.236268101733
TGGCAAGCACAAGTCG-1-Topic-3-Cell-1,1,66.0,56.0,12803.0,7150.0
TGGCAAGCACAAGTCG-1-Topic-3-Cell-2,1,66.0,56.0,12853.46164512635,7094.91579380355
TGGCAAGCACAAGTCG-1-Topic-3-Cell-3,1,66.0,56.0,12697.757488846692,7159.236268101734
TGGCAATGGGACGGCG-1-Topic-3-Cell-1,1,54.0,106.0,10694.0,12113.0
TGGCAATGGGACGGCG-1-Topic-3-Cell-2,1,54.0,106.0,10727.034901211928,12076.938922215459
TGGCAATGGGACGGCG-1-Topic-6-Cell-3,1,54.0,106.0,10625.102603758962,12119.046556816444
TGGCAATGGGACGGCG-1-Topic-7-Cell-4,1,54.0,106.0,10761.222799818237,12164.538464003022
TGGCAATGGGACGGCG-1-Topic-7-Cell-5,1,54.0,106.0,10676.96323848747,12016.68503297294
TGGCAATGGGACGGCG-1-Topic-7-Cell-6,1,54.0,106.0,10635.3060691529,12205.268914738599
TGGCAATGGGACGGCG-1-Topic-7-Cell-7,1,54.0,106.0,10809.685395307864,12081.901358761988
TGGCAGATTACGATCA-1-Topic-0-Cell-1,1,44.0,58.0,8992.0,7325.0
TGGCAGATTACGATCA-1-Topic-0-Cell-2,1,44.0,58.0,9022.90132053524,7291.26795048311
TGGCAGATTACGATCA-1-Topic-0-Cell-3,1,44.0,58.0,8927.552387106307,7330.656035994198
TGGCAGATTACGATCA-1-Topic-3-Cell-4,1,44.0,58.0,9054.881171374884,7373.209818634973
TGGCAGATTACGATCA-1-Topic-5-Cell-5,1,44.0,58.0,8976.063568859983,7234.905598041579
TGGCAGATTACGATCA-1-Topic-6-Cell-6,1,44.0,58.0,8937.096855021788,7411.309666600323
TGGCAGATTACGATCA-1-Topic-6-Cell-7,1,44.0,58.0,9100.213778473884,7295.909884823291
TGGCAGATTACGATCA-1-Topic-7-Cell-8,1,44.0,58.0,8884.588675800891,7269.214635774117
TGGCAGCAGTAATAGT-1-Topic-0-Cell-1,1,39.0,61.0,8124.0,7618.0
TGGCAGCAGTAATAGT-1-Topic-3-Cell-2,1,39.0,61.0,8167.701066596173,7570.295678086574
TGGCAGCAGTAATAGT-1-Topic-3-Cell-3,1,39.0,61.0,8032.8573117831675,7625.998842812265
TGGCAGCAGTAATAGT-1-Topic-7-Cell-4,1,39.0,61.0,8212.927405376267,7686.178979353126
TGGCATGAAGTTTGGG-1-Topic-0-Cell-1,1,56.0,12.0,11099.0,2760.0
TGGCATGAAGTTTGGG-1-Topic-3-Cell-2,1,56.0,12.0,11149.46164512635,2704.9157938035496
TGGCATGAAGTTTGGG-1-Topic-3-Cell-3,1,56.0,12.0,10993.757488846692,2769.236268101734
TGGCCAAACTGAAGTA-1-Topic-4-Cell-1,1,28.0,76.0,6210.0,9099.0
TGGCCAAACTGAAGTA-1-Topic-6-Cell-2,1,28.0,76.0,6253.701066596173,9051.295678086573
TGGCCAAACTGAAGTA-1-Topic-7-Cell-3,1,28.0,76.0,6118.8573117831675,9106.998842812265
TGGCCAAACTGAAGTA-1-Topic-7-Cell-4,1,28.0,76.0,6298.927405376267,9167.178979353126
TGGCCGTATATTGACC-1-Topic-2-Cell-1,1,26.0,38.0,5887.0,5315.0
TGGCCGTATATTGACC-1-Topic-6-Cell-2,1,26.0,38.0,5930.701066596173,5267.295678086574
TGGCCGTATATTGACC-1-Topic-6-Cell-3,1,26.0,38.0,5795.8573117831675,5322.998842812265
TGGCCGTATATTGACC-1-Topic-6-Cell-4,1,26.0,38.0,5975.927405376267,5383.178979353126
TGGCGACTGCTCCAAA-1-Topic-0-Cell-1,1,55.0,47.0,10904.0,6242.0
TGGCGACTGCTCCAAA-1-Topic-0-Cell-2,1,55.0,47.0,10933.13404439745,6210.197118724383
TGGCGACTGCTCCAAA-1-Topic-0-Cell-3,1,55.0,47.0,10843.238207855446,6247.332561874843
TGGCGACTGCTCCAAA-1-Topic-2-Cell-4,1,55.0,47.0,10963.284936917511,6287.452652902084
TGGCGACTGCTCCAAA-1-Topic-3-Cell-5,1,55.0,47.0,10888.974988630642,6157.058183237672
TGGCGACTGCTCCAAA-1-Topic-3-Cell-6,1,55.0,47.0,10852.236818503252,6323.373534046718
TGGCGACTGCTCCAAA-1-Topic-3-Cell-7,1,55.0,47.0,11006.024928768937,6214.573576390734
TGGCGACTGCTCCAAA-1-Topic-3-Cell-8,1,55.0,47.0,10802.731632376777,6189.405054219888
TGGCGACTGCTCCAAA-1-Topic-6-Cell-9,1,55.0,47.0,10945.847516403668,6356.588445202443
TGGCGATCAAGTTATG-1-Topic-3-Cell-1,1,51.0,55.0,10206.0,7034.0
TGGCGATCAAGTTATG-1-Topic-3-Cell-2,1,51.0,55.0,10249.701066596173,6986.295678086574
TGGCGATCAAGTTATG-1-Topic-5-Cell-3,1,51.0,55.0,10114.857311783167,7041.998842812265
TGGCGATCAAGTTATG-1-Topic-5-Cell-4,1,51.0,55.0,10294.927405376267,7102.178979353126
TGGCTACACTCTACCT-1-Topic-5-Cell-1,1,64.0,100.0,12430.0,11527.0
TGGCTACACTCTACCT-1-Topic-6-Cell-2,1,64.0,100.0,12473.701066596173,11479.295678086573
TGGCTACACTCTACCT-1-Topic-6-Cell-3,1,64.0,100.0,12338.857311783167,11534.998842812265
TGGCTACACTCTACCT-1-Topic-7-Cell-4,1,64.0,100.0,12518.927405376267,11595.178979353126
TGGCTATGTGACATAC-1-Topic-3-Cell-1,1,60.0,82.0,11748.0,9731.0
TGGCTATGTGACATAC-1-Topic-6-Cell-2,1,60.0,82.0,11787.087422239316,9688.331957352419
TGGCTATGTGACATAC-1-Topic-6-Cell-3,1,60.0,82.0,11666.479501398038,9738.154382507824
TGGCTATGTGACATAC-1-Topic-7-Cell-4,1,60.0,82.0,11827.539089393606,9791.981132988058
TGGCTATGTGACATAC-1-Topic-7-Cell-5,1,60.0,82.0,11727.841831929245,9617.038594152262
TGGCTCTTGTCGCGTA-1-Topic-3-Cell-1,1,42.0,12.0,8675.0,2745.0
TGGCTCTTGTCGCGTA-1-Topic-3-Cell-2,1,42.0,12.0,8725.46164512635,2689.9157938035496
TGGCTCTTGTCGCGTA-1-Topic-3-Cell-3,1,42.0,12.0,8569.757488846692,2754.236268101734
TGGCTTTGGGTAGACA-1-Topic-3-Cell-1,1,19.0,51.0,4667.0,6601.0
TGGCTTTGGGTAGACA-1-Topic-3-Cell-2,1,19.0,51.0,4702.6817714586705,6562.049584262212
TGGCTTTGGGTAGACA-1-Topic-3-Cell-3,1,19.0,51.0,4592.582306694395,6607.531027807593
TGGCTTTGGGTAGACA-1-Topic-3-Cell-4,1,19.0,51.0,4739.608922440497,6656.66790353297
TGGCTTTGGGTAGACA-1-Topic-3-Cell-5,1,19.0,51.0,4648.598194382778,6496.967945553654
TGGCTTTGGGTAGACA-1-Topic-6-Cell-6,1,19.0,51.0,4603.603308934945,6700.6618184907275
TGGGAAATGCCTTTCC-1-Topic-0-Cell-1,1,23.0,27.0,5375.0,4217.0
TGGGAAATGCCTTTCC-1-Topic-3-Cell-2,1,23.0,27.0,5414.087422239316,4174.331957352419
TGGGAAATGCCTTTCC-1-Topic-3-Cell-3,1,23.0,27.0,5293.479501398037,4224.154382507824
TGGGAAATGCCTTTCC-1-Topic-6-Cell-4,1,23.0,27.0,5454.5390893936055,4277.981132988058
TGGGAAATGCCTTTCC-1-Topic-9-Cell-5,1,23.0,27.0,5354.841831929245,4103.038594152262
TGGGCAATAGTTGGGT-1-Topic-4-Cell-1,1,46.0,108.0,9307.0,12304.0
TGGGCAATAGTTGGGT-1-Topic-6-Cell-2,1,46.0,108.0,9350.701066596173,12256.295678086573
TGGGCAATAGTTGGGT-1-Topic-6-Cell-3,1,46.0,108.0,9215.857311783167,12311.998842812265
TGGGCAATAGTTGGGT-1-Topic-7-Cell-4,1,46.0,108.0,9395.927405376267,12372.178979353126
TGGGCCACAAGAGCGC-1-Topic-3-Cell-1,1,18.0,72.0,4481.0,8690.0
TGGGCCACAAGAGCGC-1-Topic-6-Cell-2,1,18.0,72.0,4520.087422239316,8647.331957352419
TGGGCCACAAGAGCGC-1-Topic-6-Cell-3,1,18.0,72.0,4399.479501398037,8697.154382507824
TGGGCCACAAGAGCGC-1-Topic-6-Cell-4,1,18.0,72.0,4560.5390893936055,8750.981132988058
TGGGCCACAAGAGCGC-1-Topic-8-Cell-5,1,18.0,72.0,4460.841831929245,8576.038594152262
TGGGCCCATACTAATT-1-Topic-4-Cell-1,1,47.0,89.0,9492.0,10414.0
TGGGCCCATACTAATT-1-Topic-6-Cell-2,1,47.0,89.0,9531.087422239316,10371.331957352419
TGGGCCCATACTAATT-1-Topic-6-Cell-3,1,47.0,89.0,9410.479501398038,10421.154382507824
TGGGCCCATACTAATT-1-Topic-9-Cell-4,1,47.0,89.0,9571.539089393606,10474.981132988058
TGGGCCCATACTAATT-1-Topic-9-Cell-5,1,47.0,89.0,9471.841831929245,10300.038594152262
TGGTAGAATATATGGG-1-Topic-6-Cell-1,1,48.0,100.0,9659.0,11510.0
TGGTAGAATATATGGG-1-Topic-6-Cell-2,1,48.0,100.0,9702.701066596173,11462.295678086573
TGGTAGAATATATGGG-1-Topic-9-Cell-3,1,48.0,100.0,9567.857311783167,11517.998842812265
TGGTAGAATATATGGG-1-Topic-9-Cell-4,1,48.0,100.0,9747.927405376267,11578.178979353126
TGGTCCCACGCTACGG-1-Topic-4-Cell-1,1,52.0,74.0,10368.0,8926.0
TGGTCCCACGCTACGG-1-Topic-4-Cell-2,1,52.0,74.0,10398.90132053524,8892.26795048311
TGGTCCCACGCTACGG-1-Topic-5-Cell-3,1,52.0,74.0,10303.552387106307,8931.656035994198
TGGTCCCACGCTACGG-1-Topic-6-Cell-4,1,52.0,74.0,10430.881171374884,8974.209818634972
TGGTCCCACGCTACGG-1-Topic-6-Cell-5,1,52.0,74.0,10352.063568859983,8835.90559804158
TGGTCCCACGCTACGG-1-Topic-6-Cell-6,1,52.0,74.0,10313.096855021788,9012.309666600324
TGGTCCCACGCTACGG-1-Topic-7-Cell-7,1,52.0,74.0,10476.213778473884,8896.90988482329
TGGTCCCACGCTACGG-1-Topic-9-Cell-8,1,52.0,74.0,10260.588675800891,8870.214635774117
TGGTCTGTTGGGCGTA-1-Topic-3-Cell-1,1,37.0,29.0,7798.0,4431.0
TGGTCTGTTGGGCGTA-1-Topic-3-Cell-2,1,37.0,29.0,7833.6817714586705,4392.049584262212
TGGTCTGTTGGGCGTA-1-Topic-3-Cell-3,1,37.0,29.0,7723.582306694395,4437.531027807593
TGGTCTGTTGGGCGTA-1-Topic-3-Cell-4,1,37.0,29.0,7870.608922440497,4486.66790353297
TGGTCTGTTGGGCGTA-1-Topic-3-Cell-5,1,37.0,29.0,7779.598194382778,4326.967945553654
TGGTCTGTTGGGCGTA-1-Topic-3-Cell-6,1,37.0,29.0,7734.603308934945,4530.6618184907275
TGGTTCAACGGGTAAT-1-Topic-4-Cell-1,1,50.0,74.0,10021.0,8924.0
TGGTTCAACGGGTAAT-1-Topic-4-Cell-2,1,50.0,74.0,10064.701066596173,8876.295678086573
TGGTTCAACGGGTAAT-1-Topic-6-Cell-3,1,50.0,74.0,9929.857311783167,8931.998842812265
TGGTTCAACGGGTAAT-1-Topic-7-Cell-4,1,50.0,74.0,10109.927405376267,8992.178979353126
TGGTTCGTAGCAAAGG-1-Topic-1-Cell-1,1,23.0,55.0,5357.0,7004.0
TGGTTCGTAGCAAAGG-1-Topic-6-Cell-2,1,23.0,55.0,5396.087422239316,6961.331957352419
TGGTTCGTAGCAAAGG-1-Topic-7-Cell-3,1,23.0,55.0,5275.479501398037,7011.154382507824
TGGTTCGTAGCAAAGG-1-Topic-7-Cell-4,1,23.0,55.0,5436.5390893936055,7064.981132988058
TGGTTCGTAGCAAAGG-1-Topic-7-Cell-5,1,23.0,55.0,5336.841831929245,6890.038594152262
TGTAATGACCACAATA-1-Topic-3-Cell-1,1,36.0,14.0,7634.0,2937.0
TGTAATGACCACAATA-1-Topic-3-Cell-2,1,36.0,14.0,7684.461645126349,2881.9157938035496
TGTAATGACCACAATA-1-Topic-9-Cell-3,1,36.0,14.0,7528.757488846692,2946.236268101734
TGTACCTACACGAGGG-1-Topic-7-Cell-1,1,59.0,91.0,11569.0,10626.0
TGTACCTACACGAGGG-1-Topic-7-Cell-2,1,59.0,91.0,11630.802641070479,10558.53590096622
TGTACGAACAAATCCG-1-Topic-3-Cell-1,1,38.0,58.0,7953.0,7319.0
TGTACGAACAAATCCG-1-Topic-3-Cell-2,1,38.0,58.0,7996.701066596173,7271.295678086574
TGTACGAACAAATCCG-1-Topic-6-Cell-3,1,38.0,58.0,7861.8573117831675,7326.998842812265
TGTACGAACAAATCCG-1-Topic-7-Cell-4,1,38.0,58.0,8041.927405376267,7387.178979353126
TGTAGGAGAAATTTCC-1-Topic-3-Cell-1,1,34.0,86.0,7243.0,10101.0
TGTAGGAGAAATTTCC-1-Topic-7-Cell-2,1,34.0,86.0,7286.701066596173,10053.295678086573
TGTAGGAGAAATTTCC-1-Topic-7-Cell-3,1,34.0,86.0,7151.8573117831675,10108.998842812265
TGTAGGAGAAATTTCC-1-Topic-9-Cell-4,1,34.0,86.0,7331.927405376267,10169.178979353126
TGTAGTGATCTATAAT-1-Topic-3-Cell-1,1,35.0,33.0,7449.0,4827.0
TGTAGTGATCTATAAT-1-Topic-3-Cell-2,1,35.0,33.0,7499.461645126349,4771.91579380355
TGTAGTGATCTATAAT-1-Topic-3-Cell-3,1,35.0,33.0,7343.757488846692,4836.236268101734
TGTATAACAGATCCTG-1-Topic-3-Cell-1,1,29.0,79.0,6381.0,9399.0
TGTATAACAGATCCTG-1-Topic-4-Cell-2,1,29.0,79.0,6420.087422239316,9356.331957352419
TGTATAACAGATCCTG-1-Topic-6-Cell-3,1,29.0,79.0,6299.479501398037,9406.154382507824
TGTATAACAGATCCTG-1-Topic-7-Cell-4,1,29.0,79.0,6460.5390893936055,9459.981132988058
TGTATAACAGATCCTG-1-Topic-8-Cell-5,1,29.0,79.0,6360.841831929245,9285.038594152262
TGTATGGCGCAGACAG-1-Topic-4-Cell-1,1,43.0,93.0,8797.0,10808.0
TGTATGGCGCAGACAG-1-Topic-7-Cell-2,1,43.0,93.0,8836.087422239316,10765.331957352419
TGTATGGCGCAGACAG-1-Topic-7-Cell-3,1,43.0,93.0,8715.479501398038,10815.154382507824
TGTATGGCGCAGACAG-1-Topic-7-Cell-4,1,43.0,93.0,8876.539089393606,10868.981132988058
TGTATGGCGCAGACAG-1-Topic-7-Cell-5,1,43.0,93.0,8776.841831929245,10694.038594152262
TGTCATTTGTTGGGAA-1-Topic-6-Cell-1,1,21.0,109.0,4977.0,12376.0
TGTCATTTGTTGGGAA-1-Topic-6-Cell-2,1,21.0,109.0,5010.034901211928,12339.938922215459
TGTCATTTGTTGGGAA-1-Topic-6-Cell-3,1,21.0,109.0,4908.102603758962,12382.046556816444
TGTCATTTGTTGGGAA-1-Topic-6-Cell-4,1,21.0,109.0,5044.222799818238,12427.538464003022
TGTCATTTGTTGGGAA-1-Topic-6-Cell-5,1,21.0,109.0,4959.9632384874685,12279.68503297294
TGTCATTTGTTGGGAA-1-Topic-6-Cell-6,1,21.0,109.0,4918.306069152901,12468.268914738599
TGTCATTTGTTGGGAA-1-Topic-7-Cell-7,1,21.0,109.0,5092.685395307864,12344.901358761988
TGTCCACGGCTCAACT-1-Topic-2-Cell-1,1,65.0,101.0,12602.0,11628.0
TGTCCACGGCTCAACT-1-Topic-6-Cell-2,1,65.0,101.0,12641.087422239316,11585.331957352419
TGTCCACGGCTCAACT-1-Topic-6-Cell-3,1,65.0,101.0,12520.479501398038,11635.154382507824
TGTCCACGGCTCAACT-1-Topic-6-Cell-4,1,65.0,101.0,12681.539089393606,11688.981132988058
TGTCCACGGCTCAACT-1-Topic-6-Cell-5,1,65.0,101.0,12581.841831929245,11514.038594152262
TGTCCTAAGTCACCGC-1-Topic-3-Cell-1,1,34.0,30.0,7278.0,4527.0
TGTCCTAAGTCACCGC-1-Topic-3-Cell-2,1,34.0,30.0,7328.461645126349,4471.91579380355
TGTCCTAAGTCACCGC-1-Topic-3-Cell-3,1,34.0,30.0,7172.757488846692,4536.236268101734
TGTGACTACGCCAGTC-1-Topic-1-Cell-1,1,21.0,73.0,5000.0,8793.0
TGTGACTACGCCAGTC-1-Topic-3-Cell-2,1,21.0,73.0,5030.901320535239,8759.26795048311
TGTGACTACGCCAGTC-1-Topic-6-Cell-3,1,21.0,73.0,4935.552387106307,8798.656035994198
TGTGACTACGCCAGTC-1-Topic-6-Cell-4,1,21.0,73.0,5062.881171374884,8841.209818634972
TGTGACTACGCCAGTC-1-Topic-6-Cell-5,1,21.0,73.0,4984.063568859983,8702.90559804158
TGTGACTACGCCAGTC-1-Topic-6-Cell-6,1,21.0,73.0,4945.0968550217885,8879.309666600324
TGTGACTACGCCAGTC-1-Topic-6-Cell-7,1,21.0,73.0,5108.213778473883,8763.90988482329
TGTGACTACGCCAGTC-1-Topic-8-Cell-8,1,21.0,73.0,4892.588675800891,8737.214635774117
TGTGAGACTAGCCCAA-1-Topic-3-Cell-1,1,59.0,63.0,11587.0,7839.0
TGTGAGACTAGCCCAA-1-Topic-5-Cell-2,1,59.0,63.0,11620.034901211928,7802.938922215459
TGTGAGACTAGCCCAA-1-Topic-6-Cell-3,1,59.0,63.0,11518.102603758962,7845.046556816443
TGTGAGACTAGCCCAA-1-Topic-6-Cell-4,1,59.0,63.0,11654.222799818237,7890.538464003022
TGTGAGACTAGCCCAA-1-Topic-6-Cell-5,1,59.0,63.0,11569.96323848747,7742.685032972941
TGTGAGACTAGCCCAA-1-Topic-6-Cell-6,1,59.0,63.0,11528.3060691529,7931.268914738599
TGTGAGACTAGCCCAA-1-Topic-6-Cell-7,1,59.0,63.0,11702.685395307864,7807.901358761988
TGTGCCGGTGCCGGAA-1-Topic-7-Cell-1,1,53.0,97.0,10526.0,11217.0
TGTGCCGGTGCCGGAA-1-Topic-7-Cell-2,1,53.0,97.0,10565.087422239316,11174.331957352419
TGTGCCGGTGCCGGAA-1-Topic-7-Cell-3,1,53.0,97.0,10444.479501398038,11224.154382507824
TGTGCCGGTGCCGGAA-1-Topic-8-Cell-4,1,53.0,97.0,10605.539089393606,11277.981132988058
TGTGCCGGTGCCGGAA-1-Topic-8-Cell-5,1,53.0,97.0,10505.841831929245,11103.038594152262
TGTGGCAAAGCGTATG-1-Topic-3-Cell-1,1,29.0,87.0,6376.0,10195.0
TGTGGCAAAGCGTATG-1-Topic-3-Cell-2,1,29.0,87.0,6415.087422239316,10152.331957352419
TGTGGCAAAGCGTATG-1-Topic-6-Cell-3,1,29.0,87.0,6294.479501398037,10202.154382507824
TGTGGCAAAGCGTATG-1-Topic-6-Cell-4,1,29.0,87.0,6455.5390893936055,10255.981132988058
TGTGGCAAAGCGTATG-1-Topic-6-Cell-5,1,29.0,87.0,6355.841831929245,10081.038594152262
TGTGGCGGGCTTCTGG-1-Topic-1-Cell-1,1,65.0,59.0,12628.0,7448.0
TGTGGCGGGCTTCTGG-1-Topic-3-Cell-2,1,65.0,59.0,12689.802641070479,7380.535900966221
TGTGGTTGCTAAAGCT-1-Topic-0-Cell-1,1,65.0,49.0,12635.0,6452.0
TGTGGTTGCTAAAGCT-1-Topic-0-Cell-2,1,65.0,49.0,12674.087422239316,6409.331957352419
TGTGGTTGCTAAAGCT-1-Topic-3-Cell-3,1,65.0,49.0,12553.479501398038,6459.154382507824
TGTGGTTGCTAAAGCT-1-Topic-3-Cell-4,1,65.0,49.0,12714.539089393606,6512.981132988058
TGTGGTTGCTAAAGCT-1-Topic-3-Cell-5,1,65.0,49.0,12614.841831929245,6338.038594152262
TGTGTCGCGAGTTGCA-1-Topic-6-Cell-1,1,24.0,36.0,5542.0,5114.0
TGTGTCGCGAGTTGCA-1-Topic-6-Cell-2,1,24.0,36.0,5575.034901211928,5077.938922215459
TGTGTCGCGAGTTGCA-1-Topic-6-Cell-3,1,24.0,36.0,5473.102603758962,5120.046556816443
TGTGTCGCGAGTTGCA-1-Topic-6-Cell-4,1,24.0,36.0,5609.222799818238,5165.538464003022
TGTGTCGCGAGTTGCA-1-Topic-7-Cell-5,1,24.0,36.0,5524.9632384874685,5017.685032972941
TGTGTCGCGAGTTGCA-1-Topic-7-Cell-6,1,24.0,36.0,5483.306069152901,5206.268914738599
TGTGTCGCGAGTTGCA-1-Topic-7-Cell-7,1,24.0,36.0,5657.685395307864,5082.901358761988
TGTGTTCGTATCCAAG-1-Topic-0-Cell-1,1,31.0,21.0,6764.0,3628.0
TGTGTTCGTATCCAAG-1-Topic-3-Cell-2,1,31.0,21.0,6799.6817714586705,3589.049584262212
TGTGTTCGTATCCAAG-1-Topic-3-Cell-3,1,31.0,21.0,6689.582306694395,3634.531027807593
TGTGTTCGTATCCAAG-1-Topic-3-Cell-4,1,31.0,21.0,6836.608922440497,3683.6679035329694
TGTGTTCGTATCCAAG-1-Topic-3-Cell-5,1,31.0,21.0,6745.598194382778,3523.9679455536548
TGTGTTCGTATCCAAG-1-Topic-4-Cell-6,1,31.0,21.0,6700.603308934945,3727.661818490727
TGTTATTGTATGTGGC-1-Topic-5-Cell-1,1,44.0,86.0,8975.0,10112.0
TGTTATTGTATGTGGC-1-Topic-7-Cell-2,1,44.0,86.0,9010.68177145867,10073.049584262211
TGTTATTGTATGTGGC-1-Topic-7-Cell-3,1,44.0,86.0,8900.582306694394,10118.531027807592
TGTTATTGTATGTGGC-1-Topic-7-Cell-4,1,44.0,86.0,9047.608922440497,10167.667903532969
TGTTATTGTATGTGGC-1-Topic-9-Cell-5,1,44.0,86.0,8956.59819438278,10007.967945553655
TGTTATTGTATGTGGC-1-Topic-9-Cell-6,1,44.0,86.0,8911.603308934946,10211.661818490727
TGTTCCGCTTCCATGA-1-Topic-3-Cell-1,1,36.0,44.0,7615.0,5923.0
TGTTCCGCTTCCATGA-1-Topic-3-Cell-2,1,36.0,44.0,7658.701066596173,5875.295678086574
TGTTCCGCTTCCATGA-1-Topic-3-Cell-3,1,36.0,44.0,7523.8573117831675,5930.998842812265
TGTTCCGCTTCCATGA-1-Topic-7-Cell-4,1,36.0,44.0,7703.927405376267,5991.178979353126
TGTTCGTATTGCGGTG-1-Topic-2-Cell-1,1,49.0,61.0,9856.0,7629.0
TGTTCGTATTGCGGTG-1-Topic-6-Cell-2,1,49.0,61.0,9895.087422239316,7586.331957352419
TGTTCGTATTGCGGTG-1-Topic-6-Cell-3,1,49.0,61.0,9774.479501398038,7636.154382507824
TGTTCGTATTGCGGTG-1-Topic-6-Cell-4,1,49.0,61.0,9935.539089393606,7689.981132988058
TGTTCGTATTGCGGTG-1-Topic-6-Cell-5,1,49.0,61.0,9835.841831929245,7515.038594152262
TGTTCTTCCATTGACT-1-Topic-3-Cell-1,1,33.0,43.0,7097.0,5820.0
TGTTCTTCCATTGACT-1-Topic-3-Cell-2,1,33.0,43.0,7132.6817714586705,5781.049584262212
TGTTCTTCCATTGACT-1-Topic-3-Cell-3,1,33.0,43.0,7022.582306694395,5826.531027807593
TGTTCTTCCATTGACT-1-Topic-8-Cell-4,1,33.0,43.0,7169.608922440497,5875.66790353297
TGTTCTTCCATTGACT-1-Topic-8-Cell-5,1,33.0,43.0,7078.598194382778,5715.967945553654
TGTTCTTCCATTGACT-1-Topic-8-Cell-6,1,33.0,43.0,7033.603308934945,5919.6618184907275
TGTTGTCAAGAAGTCT-1-Topic-6-Cell-1,1,24.0,82.0,5514.0,9692.0
TGTTGTCAAGAAGTCT-1-Topic-7-Cell-2,1,24.0,82.0,5557.701066596173,9644.295678086573
TGTTGTCAAGAAGTCT-1-Topic-7-Cell-3,1,24.0,82.0,5422.8573117831675,9699.998842812265
TGTTGTCAAGAAGTCT-1-Topic-7-Cell-4,1,24.0,82.0,5602.927405376267,9760.178979353126
TGTTTCGGTACTTCTC-1-Topic-3-Cell-1,1,18.0,56.0,4491.0,7098.0
TGTTTCGGTACTTCTC-1-Topic-3-Cell-2,1,18.0,56.0,4534.701066596173,7050.295678086574
TGTTTCGGTACTTCTC-1-Topic-3-Cell-3,1,18.0,56.0,4399.8573117831675,7105.998842812265
TGTTTCGGTACTTCTC-1-Topic-3-Cell-4,1,18.0,56.0,4579.927405376267,7166.178979353126
TTAAACTCGAATTCAT-1-Topic-3-Cell-1,1,31.0,95.0,6718.0,10994.0
TTAAACTCGAATTCAT-1-Topic-7-Cell-2,1,31.0,95.0,6761.701066596173,10946.295678086573
TTAAACTCGAATTCAT-1-Topic-8-Cell-3,1,31.0,95.0,6626.8573117831675,11001.998842812265
TTAAACTCGAATTCAT-1-Topic-9-Cell-4,1,31.0,95.0,6806.927405376267,11062.178979353126
TTAACACCTCGAACAT-1-Topic-0-Cell-1,1,24.0,22.0,5551.0,3720.0
TTAACACCTCGAACAT-1-Topic-0-Cell-2,1,24.0,22.0,5584.034901211928,3683.9389222154587
TTAACACCTCGAACAT-1-Topic-0-Cell-3,1,24.0,22.0,5482.102603758962,3726.046556816443
TTAACACCTCGAACAT-1-Topic-0-Cell-4,1,24.0,22.0,5618.222799818238,3771.5384640030225
TTAACACCTCGAACAT-1-Topic-3-Cell-5,1,24.0,22.0,5533.9632384874685,3623.6850329729414
TTAACACCTCGAACAT-1-Topic-3-Cell-6,1,24.0,22.0,5492.306069152901,3812.268914738599
TTAACACCTCGAACAT-1-Topic-3-Cell-7,1,24.0,22.0,5666.685395307864,3688.9013587619884
TTAACCAACCCTCCCT-1-Topic-1-Cell-1,1,19.0,55.0,4664.0,6999.0
TTAACCAACCCTCCCT-1-Topic-3-Cell-2,1,19.0,55.0,4707.701066596173,6951.295678086574
TTAACCAACCCTCCCT-1-Topic-3-Cell-3,1,19.0,55.0,4572.8573117831675,7006.998842812265
TTAACCAACCCTCCCT-1-Topic-9-Cell-4,1,19.0,55.0,4752.927405376267,7067.178979353126
TTAACTTCAGGTAGGA-1-Topic-0-Cell-1,1,46.0,26.0,9358.0,4142.0
TTAACTTCAGGTAGGA-1-Topic-0-Cell-2,1,46.0,26.0,9397.087422239316,4099.331957352419
TTAACTTCAGGTAGGA-1-Topic-0-Cell-3,1,46.0,26.0,9276.479501398038,4149.154382507824
TTAACTTCAGGTAGGA-1-Topic-3-Cell-4,1,46.0,26.0,9437.539089393606,4202.981132988058
TTAACTTCAGGTAGGA-1-Topic-8-Cell-5,1,46.0,26.0,9337.841831929245,4028.0385941522622
TTAAGATAGGATTGAC-1-Topic-4-Cell-1,1,43.0,101.0,8792.0,11604.0
TTAAGATAGGATTGAC-1-Topic-4-Cell-2,1,43.0,101.0,8831.087422239316,11561.331957352419
TTAAGATAGGATTGAC-1-Topic-6-Cell-3,1,43.0,101.0,8710.479501398038,11611.154382507824
TTAAGATAGGATTGAC-1-Topic-6-Cell-4,1,43.0,101.0,8871.539089393606,11664.981132988058
TTAAGATAGGATTGAC-1-Topic-9-Cell-5,1,43.0,101.0,8771.841831929245,11490.038594152262
TTAAGCGCCTGACCCA-1-Topic-4-Cell-1,1,30.0,44.0,6576.0,5917.0
TTAAGCGCCTGACCCA-1-Topic-4-Cell-2,1,30.0,44.0,6611.6817714586705,5878.049584262212
TTAAGCGCCTGACCCA-1-Topic-6-Cell-3,1,30.0,44.0,6501.582306694395,5923.531027807593
TTAAGCGCCTGACCCA-1-Topic-6-Cell-4,1,30.0,44.0,6648.608922440497,5972.66790353297
TTAAGCGCCTGACCCA-1-Topic-6-Cell-5,1,30.0,44.0,6557.598194382778,5812.967945553654
TTAAGCGCCTGACCCA-1-Topic-6-Cell-6,1,30.0,44.0,6512.603308934945,6016.6618184907275
TTAAGGCCCGTACTTT-1-Topic-0-Cell-1,1,59.0,25.0,11610.0,4057.0
TTAAGGCCCGTACTTT-1-Topic-0-Cell-2,1,59.0,25.0,11637.638981324522,4026.829137703938
TTAAGGCCCGTACTTT-1-Topic-0-Cell-3,1,59.0,25.0,11552.356302632845,4062.058912386485
TTAAGGCCCGTACTTT-1-Topic-0-Cell-4,1,59.0,25.0,11666.242629479622,4100.120172660294
TTAAGGCCCGTACTTT-1-Topic-0-Cell-5,1,59.0,25.0,11595.746022660871,3976.4171171315124
TTAAGGCCCGTACTTT-1-Topic-0-Cell-6,1,59.0,25.0,11560.893134260077,4134.197712653467
TTAAGGCCCGTACTTT-1-Topic-0-Cell-7,1,59.0,25.0,11706.789345907882,4030.9810099966317
TTAAGGCCCGTACTTT-1-Topic-0-Cell-8,1,59.0,25.0,11513.92839101501,4007.1040533765363
TTAAGGCCCGTACTTT-1-Topic-0-Cell-9,1,59.0,25.0,11649.700039877054,4165.708144113134
TTAAGGCCCGTACTTT-1-Topic-0-Cell-10,1,59.0,25.0,11656.83633741749,3943.535884613584
TTAAGTATTGTTATCC-1-Topic-2-Cell-1,1,64.0,90.0,12436.0,10532.0
TTAAGTATTGTTATCC-1-Topic-2-Cell-2,1,64.0,90.0,12475.087422239316,10489.331957352419
TTAAGTATTGTTATCC-1-Topic-3-Cell-3,1,64.0,90.0,12354.479501398038,10539.154382507824
TTAAGTATTGTTATCC-1-Topic-3-Cell-4,1,64.0,90.0,12515.539089393606,10592.981132988058
TTAAGTATTGTTATCC-1-Topic-6-Cell-5,1,64.0,90.0,12415.841831929245,10418.038594152262
TTAATCAGTACGTCAG-1-Topic-6-Cell-1,1,18.0,76.0,4478.0,9088.0
TTAATCAGTACGTCAG-1-Topic-6-Cell-2,1,18.0,76.0,4521.701066596173,9040.295678086573
TTAATCAGTACGTCAG-1-Topic-7-Cell-3,1,18.0,76.0,4386.8573117831675,9095.998842812265
TTAATCAGTACGTCAG-1-Topic-9-Cell-4,1,18.0,76.0,4566.927405376267,9156.178979353126
TTAATGTAGACCAGGT-1-Topic-1-Cell-1,1,30.0,68.0,6561.0,8305.0
TTAATGTAGACCAGGT-1-Topic-3-Cell-2,1,30.0,68.0,6604.701066596173,8257.295678086573
TTAATGTAGACCAGGT-1-Topic-6-Cell-3,1,30.0,68.0,6469.8573117831675,8312.998842812265
TTAATGTAGACCAGGT-1-Topic-6-Cell-4,1,30.0,68.0,6649.927405376267,8373.178979353126
TTAATTGCTTTGGGTG-1-Topic-2-Cell-1,1,62.0,76.0,12098.0,9136.0
TTAATTGCTTTGGGTG-1-Topic-3-Cell-2,1,62.0,76.0,12133.68177145867,9097.049584262211
TTAATTGCTTTGGGTG-1-Topic-6-Cell-3,1,62.0,76.0,12023.582306694394,9142.531027807592
TTAATTGCTTTGGGTG-1-Topic-6-Cell-4,1,62.0,76.0,12170.608922440497,9191.667903532969
TTAATTGCTTTGGGTG-1-Topic-6-Cell-5,1,62.0,76.0,12079.59819438278,9031.967945553655
TTAATTGCTTTGGGTG-1-Topic-8-Cell-6,1,62.0,76.0,12034.603308934946,9235.661818490727
TTAATTTCAGACGCGG-1-Topic-3-Cell-1,1,17.0,69.0,4309.0,8391.0
TTAATTTCAGACGCGG-1-Topic-7-Cell-2,1,17.0,69.0,4359.461645126349,8335.91579380355
TTAATTTCAGACGCGG-1-Topic-8-Cell-3,1,17.0,69.0,4203.757488846692,8400.236268101733
TTACAACTACGCATCC-1-Topic-6-Cell-1,1,24.0,52.0,5532.0,6706.0
TTACAACTACGCATCC-1-Topic-6-Cell-2,1,24.0,52.0,5565.034901211928,6669.938922215459
TTACAACTACGCATCC-1-Topic-6-Cell-3,1,24.0,52.0,5463.102603758962,6712.046556816443
TTACAACTACGCATCC-1-Topic-6-Cell-4,1,24.0,52.0,5599.222799818238,6757.538464003022
TTACAACTACGCATCC-1-Topic-6-Cell-5,1,24.0,52.0,5514.9632384874685,6609.685032972941
TTACAACTACGCATCC-1-Topic-6-Cell-6,1,24.0,52.0,5473.306069152901,6798.268914738599
TTACAACTACGCATCC-1-Topic-7-Cell-7,1,24.0,52.0,5647.685395307864,6674.901358761988
TTACAGACCTAAATGA-1-Topic-3-Cell-1,1,26.0,96.0,5851.0,11088.0
TTACAGACCTAAATGA-1-Topic-4-Cell-2,1,26.0,96.0,5894.701066596173,11040.295678086573
TTACAGACCTAAATGA-1-Topic-4-Cell-3,1,26.0,96.0,5759.8573117831675,11095.998842812265
TTACAGACCTAAATGA-1-Topic-9-Cell-4,1,26.0,96.0,5939.927405376267,11156.178979353126
TTACATCGTGGCCTGG-1-Topic-0-Cell-1,1,20.0,36.0,4850.0,5109.0
TTACATCGTGGCCTGG-1-Topic-3-Cell-2,1,20.0,36.0,4893.701066596173,5061.295678086574
TTACATCGTGGCCTGG-1-Topic-3-Cell-3,1,20.0,36.0,4758.8573117831675,5116.998842812265
TTACATCGTGGCCTGG-1-Topic-7-Cell-4,1,20.0,36.0,4938.927405376267,5177.178979353126
TTACATGCCACAACTA-1-Topic-4-Cell-1,1,41.0,103.0,8445.0,11801.0
TTACATGCCACAACTA-1-Topic-6-Cell-2,1,41.0,103.0,8480.68177145867,11762.049584262211
TTACATGCCACAACTA-1-Topic-6-Cell-3,1,41.0,103.0,8370.582306694394,11807.531027807592
TTACATGCCACAACTA-1-Topic-6-Cell-4,1,41.0,103.0,8517.608922440497,11856.667903532969
TTACATGCCACAACTA-1-Topic-7-Cell-5,1,41.0,103.0,8426.59819438278,11696.967945553655
TTACATGCCACAACTA-1-Topic-9-Cell-6,1,41.0,103.0,8381.603308934946,11900.661818490727
TTACCATTGATTACCC-1-Topic-3-Cell-1,1,34.0,28.0,7279.0,4328.0
TTACCATTGATTACCC-1-Topic-3-Cell-2,1,34.0,28.0,7318.087422239316,4285.331957352419
TTACCATTGATTACCC-1-Topic-3-Cell-3,1,34.0,28.0,7197.479501398037,4335.154382507824
TTACCATTGATTACCC-1-Topic-3-Cell-4,1,34.0,28.0,7358.5390893936055,4388.981132988058
TTACCATTGATTACCC-1-Topic-3-Cell-5,1,34.0,28.0,7258.841831929245,4214.038594152262
TTACCCATTGCCGGGT-1-Topic-2-Cell-1,1,17.0,85.0,4299.0,9983.0
TTACCCATTGCCGGGT-1-Topic-6-Cell-2,1,17.0,85.0,4342.701066596173,9935.295678086573
TTACCCATTGCCGGGT-1-Topic-6-Cell-3,1,17.0,85.0,4207.8573117831675,9990.998842812265
TTACCCATTGCCGGGT-1-Topic-9-Cell-4,1,17.0,85.0,4387.927405376267,10051.178979353126
TTACCCTAACAGTCCT-1-Topic-0-Cell-1,1,24.0,24.0,5550.0,3919.0
TTACCCTAACAGTCCT-1-Topic-0-Cell-2,1,24.0,24.0,5589.087422239316,3876.3319573524186
TTACCCTAACAGTCCT-1-Topic-3-Cell-3,1,24.0,24.0,5468.479501398037,3926.1543825078243
TTACCCTAACAGTCCT-1-Topic-3-Cell-4,1,24.0,24.0,5629.5390893936055,3979.9811329880577
TTACCCTAACAGTCCT-1-Topic-3-Cell-5,1,24.0,24.0,5529.841831929245,3805.0385941522622
TTACCCTAGGGATTGG-1-Topic-2-Cell-1,1,60.0,58.0,11763.0,7343.0
TTACCCTAGGGATTGG-1-Topic-3-Cell-2,1,60.0,58.0,11802.087422239316,7300.331957352419
TTACCCTAGGGATTGG-1-Topic-3-Cell-3,1,60.0,58.0,11681.479501398038,7350.154382507824
TTACCCTAGGGATTGG-1-Topic-6-Cell-4,1,60.0,58.0,11842.539089393606,7403.981132988058
TTACCCTAGGGATTGG-1-Topic-7-Cell-5,1,60.0,58.0,11742.841831929245,7229.038594152262
TTACGGATGGTTCGAG-1-Topic-6-Cell-1,1,33.0,93.0,7065.0,10797.0
TTACGGATGGTTCGAG-1-Topic-6-Cell-2,1,33.0,93.0,7098.034901211928,10760.938922215459
TTACGGATGGTTCGAG-1-Topic-6-Cell-3,1,33.0,93.0,6996.102603758962,10803.046556816444
TTACGGATGGTTCGAG-1-Topic-6-Cell-4,1,33.0,93.0,7132.222799818238,10848.538464003022
TTACGGATGGTTCGAG-1-Topic-6-Cell-5,1,33.0,93.0,7047.9632384874685,10700.68503297294
TTACGGATGGTTCGAG-1-Topic-7-Cell-6,1,33.0,93.0,7006.306069152901,10889.268914738599
TTACGGATGGTTCGAG-1-Topic-7-Cell-7,1,33.0,93.0,7180.685395307864,10765.901358761988
TTACTAAAGGACTTTA-1-Topic-3-Cell-1,1,48.0,78.0,9672.0,9320.0
TTACTAAAGGACTTTA-1-Topic-3-Cell-2,1,48.0,78.0,9707.68177145867,9281.049584262211
TTACTAAAGGACTTTA-1-Topic-4-Cell-3,1,48.0,78.0,9597.582306694394,9326.531027807592
TTACTAAAGGACTTTA-1-Topic-4-Cell-4,1,48.0,78.0,9744.608922440497,9375.667903532969
TTACTAAAGGACTTTA-1-Topic-7-Cell-5,1,48.0,78.0,9653.59819438278,9215.967945553655
TTACTAAAGGACTTTA-1-Topic-7-Cell-6,1,48.0,78.0,9608.603308934946,9419.661818490727
TTACTATCGGCTTCTC-1-Topic-0-Cell-1,1,34.0,16.0,7287.0,3134.0
TTACTATCGGCTTCTC-1-Topic-1-Cell-2,1,34.0,16.0,7317.901320535239,3100.2679504831103
TTACTATCGGCTTCTC-1-Topic-3-Cell-3,1,34.0,16.0,7222.552387106307,3139.656035994198
TTACTATCGGCTTCTC-1-Topic-3-Cell-4,1,34.0,16.0,7349.881171374884,3182.209818634973
TTACTATCGGCTTCTC-1-Topic-6-Cell-5,1,34.0,16.0,7271.063568859983,3043.905598041579
TTACTATCGGCTTCTC-1-Topic-7-Cell-6,1,34.0,16.0,7232.0968550217885,3220.3096666003235
TTACTATCGGCTTCTC-1-Topic-7-Cell-7,1,34.0,16.0,7395.213778473883,3104.90988482329
TTACTATCGGCTTCTC-1-Topic-7-Cell-8,1,34.0,16.0,7179.588675800891,3078.2146357741167
TTACTCCGGCCGGGAA-1-Topic-6-Cell-1,1,34.0,78.0,7248.0,9305.0
TTACTCCGGCCGGGAA-1-Topic-6-Cell-2,1,34.0,78.0,7287.087422239316,9262.331957352419
TTACTCCGGCCGGGAA-1-Topic-7-Cell-3,1,34.0,78.0,7166.479501398037,9312.154382507824
TTACTCCGGCCGGGAA-1-Topic-7-Cell-4,1,34.0,78.0,7327.5390893936055,9365.981132988058
TTACTCCGGCCGGGAA-1-Topic-8-Cell-5,1,34.0,78.0,7227.841831929245,9191.038594152262
TTACTCTGGTACGTAC-1-Topic-0-Cell-1,1,43.0,31.0,8836.0,4637.0
TTACTCTGGTACGTAC-1-Topic-3-Cell-2,1,43.0,31.0,8897.802641070479,4569.535900966221
TTACTGGGATATTTCA-1-Topic-3-Cell-1,1,44.0,54.0,8995.0,6927.0
TTACTGGGATATTTCA-1-Topic-5-Cell-2,1,44.0,54.0,9045.46164512635,6871.91579380355
TTACTGGGATATTTCA-1-Topic-5-Cell-3,1,44.0,54.0,8889.757488846692,6936.236268101734
TTAGAAGAACATGACT-1-Topic-6-Cell-1,1,52.0,64.0,10374.0,7931.0
TTAGAAGAACATGACT-1-Topic-6-Cell-2,1,52.0,64.0,10417.701066596173,7883.295678086574
TTAGAAGAACATGACT-1-Topic-6-Cell-3,1,52.0,64.0,10282.857311783167,7938.998842812265
TTAGAAGAACATGACT-1-Topic-7-Cell-4,1,52.0,64.0,10462.927405376267,7999.178979353126
TTAGAATAAGGGTCGG-1-Topic-3-Cell-1,1,61.0,45.0,11944.0,6050.0
TTAGAATAAGGGTCGG-1-Topic-3-Cell-2,1,61.0,45.0,11987.701066596173,6002.295678086574
TTAGAATAAGGGTCGG-1-Topic-3-Cell-3,1,61.0,45.0,11852.857311783167,6057.998842812265
TTAGAATAAGGGTCGG-1-Topic-3-Cell-4,1,61.0,45.0,12032.927405376267,6118.178979353126
TTAGACACGATCGTTG-1-Topic-3-Cell-1,1,16.0,86.0,4126.0,10082.0
TTAGACACGATCGTTG-1-Topic-3-Cell-2,1,16.0,86.0,4153.638981324522,10051.829137703939
TTAGACACGATCGTTG-1-Topic-4-Cell-3,1,16.0,86.0,4068.356302632844,10087.058912386485
TTAGACACGATCGTTG-1-Topic-6-Cell-4,1,16.0,86.0,4182.242629479621,10125.120172660294
TTAGACACGATCGTTG-1-Topic-6-Cell-5,1,16.0,86.0,4111.746022660871,10001.417117131512
TTAGACACGATCGTTG-1-Topic-6-Cell-6,1,16.0,86.0,4076.893134260077,10159.197712653466
TTAGACACGATCGTTG-1-Topic-6-Cell-7,1,16.0,86.0,4222.789345907883,10055.98100999663
TTAGACACGATCGTTG-1-Topic-7-Cell-8,1,16.0,86.0,4029.9283910150098,10032.104053376535
TTAGACACGATCGTTG-1-Topic-7-Cell-9,1,16.0,86.0,4165.700039877054,10190.708144113134
TTAGACACGATCGTTG-1-Topic-8-Cell-10,1,16.0,86.0,4172.836337417489,9968.535884613584
TTAGACGAGTCACCTC-1-Topic-4-Cell-1,1,48.0,80.0,9671.0,9519.0
TTAGACGAGTCACCTC-1-Topic-6-Cell-2,1,48.0,80.0,9710.087422239316,9476.331957352419
TTAGACGAGTCACCTC-1-Topic-6-Cell-3,1,48.0,80.0,9589.479501398038,9526.154382507824
TTAGACGAGTCACCTC-1-Topic-7-Cell-4,1,48.0,80.0,9750.539089393606,9579.981132988058
TTAGACGAGTCACCTC-1-Topic-9-Cell-5,1,48.0,80.0,9650.841831929245,9405.038594152262
TTAGAGTTTAGAAGGA-1-Topic-6-Cell-1,1,46.0,86.0,9321.0,10114.0
TTAGAGTTTAGAAGGA-1-Topic-9-Cell-2,1,46.0,86.0,9360.087422239316,10071.331957352419
TTAGAGTTTAGAAGGA-1-Topic-9-Cell-3,1,46.0,86.0,9239.479501398038,10121.154382507824
TTAGAGTTTAGAAGGA-1-Topic-9-Cell-4,1,46.0,86.0,9400.539089393606,10174.981132988058
TTAGAGTTTAGAAGGA-1-Topic-9-Cell-5,1,46.0,86.0,9300.841831929245,10000.038594152262
TTAGCAACATGGATGT-1-Topic-0-Cell-1,1,20.0,28.0,4855.0,4313.0
TTAGCAACATGGATGT-1-Topic-0-Cell-2,1,20.0,28.0,4888.034901211928,4276.938922215459
TTAGCAACATGGATGT-1-Topic-5-Cell-3,1,20.0,28.0,4786.102603758962,4319.046556816443
TTAGCAACATGGATGT-1-Topic-5-Cell-4,1,20.0,28.0,4922.222799818238,4364.538464003022
TTAGCAACATGGATGT-1-Topic-5-Cell-5,1,20.0,28.0,4837.9632384874685,4216.685032972941
TTAGCAACATGGATGT-1-Topic-7-Cell-6,1,20.0,28.0,4796.306069152901,4405.268914738599
TTAGCAACATGGATGT-1-Topic-8-Cell-7,1,20.0,28.0,4970.685395307864,4281.901358761988
TTAGCTAATACGATCT-1-Topic-6-Cell-1,1,22.0,98.0,5157.0,11282.0
TTAGCTAATACGATCT-1-Topic-6-Cell-2,1,22.0,98.0,5187.901320535239,11248.26795048311
TTAGCTAATACGATCT-1-Topic-6-Cell-3,1,22.0,98.0,5092.552387106307,11287.656035994198
TTAGCTAATACGATCT-1-Topic-6-Cell-4,1,22.0,98.0,5219.881171374884,11330.209818634972
TTAGCTAATACGATCT-1-Topic-6-Cell-5,1,22.0,98.0,5141.063568859983,11191.90559804158
TTAGCTAATACGATCT-1-Topic-6-Cell-6,1,22.0,98.0,5102.0968550217885,11368.309666600324
TTAGCTAATACGATCT-1-Topic-6-Cell-7,1,22.0,98.0,5265.213778473883,11252.90988482329
TTAGCTAATACGATCT-1-Topic-7-Cell-8,1,22.0,98.0,5049.588675800891,11226.214635774117
TTAGCTCTGTAATCCG-1-Topic-4-Cell-1,1,31.0,15.0,6768.0,3031.0
TTAGCTGATTTGCCGT-1-Topic-4-Cell-1,1,38.0,94.0,7931.0,10902.0
TTAGCTGATTTGCCGT-1-Topic-6-Cell-2,1,38.0,94.0,7970.087422239316,10859.331957352419
TTAGCTGATTTGCCGT-1-Topic-7-Cell-3,1,38.0,94.0,7849.479501398037,10909.154382507824
TTAGCTGATTTGCCGT-1-Topic-7-Cell-4,1,38.0,94.0,8010.5390893936055,10962.981132988058
TTAGCTGATTTGCCGT-1-Topic-9-Cell-5,1,38.0,94.0,7910.841831929245,10788.038594152262
TTAGGTCATAACCGAC-1-Topic-0-Cell-1,1,58.0,38.0,11429.0,5350.0
TTAGGTCATAACCGAC-1-Topic-0-Cell-2,1,58.0,38.0,11462.034901211928,5313.938922215459
TTAGGTCATAACCGAC-1-Topic-0-Cell-3,1,58.0,38.0,11360.102603758962,5356.046556816443
TTAGGTCATAACCGAC-1-Topic-3-Cell-4,1,58.0,38.0,11496.222799818237,5401.538464003022
TTAGGTCATAACCGAC-1-Topic-5-Cell-5,1,58.0,38.0,11411.96323848747,5253.685032972941
TTAGGTCATAACCGAC-1-Topic-5-Cell-6,1,58.0,38.0,11370.3060691529,5442.268914738599
TTAGGTCATAACCGAC-1-Topic-7-Cell-7,1,58.0,38.0,11544.685395307864,5318.901358761988
TTAGTAAACCTGCTCT-1-Topic-2-Cell-1,1,62.0,94.0,12087.0,10928.0
TTAGTAAACCTGCTCT-1-Topic-2-Cell-2,1,62.0,94.0,12122.68177145867,10889.049584262211
TTAGTAAACCTGCTCT-1-Topic-3-Cell-3,1,62.0,94.0,12012.582306694394,10934.531027807592
TTAGTAAACCTGCTCT-1-Topic-6-Cell-4,1,62.0,94.0,12159.608922440497,10983.667903532969
TTAGTAAACCTGCTCT-1-Topic-7-Cell-5,1,62.0,94.0,12068.59819438278,10823.967945553655
TTAGTAAACCTGCTCT-1-Topic-7-Cell-6,1,62.0,94.0,12023.603308934946,11027.661818490727
TTAGTAGGGCGGCGGG-1-Topic-3-Cell-1,1,34.0,26.0,7280.0,4129.0
TTAGTAGGGCGGCGGG-1-Topic-3-Cell-2,1,34.0,26.0,7323.701066596173,4081.295678086574
TTAGTAGGGCGGCGGG-1-Topic-3-Cell-3,1,34.0,26.0,7188.8573117831675,4136.998842812265
TTAGTAGGGCGGCGGG-1-Topic-3-Cell-4,1,34.0,26.0,7368.927405376267,4197.178979353126
TTATAGGTAATTGTCT-1-Topic-2-Cell-1,1,61.0,73.0,11927.0,8837.0
TTATAGGTAATTGTCT-1-Topic-3-Cell-2,1,61.0,73.0,11966.087422239316,8794.331957352419
TTATAGGTAATTGTCT-1-Topic-5-Cell-3,1,61.0,73.0,11845.479501398038,8844.154382507824
TTATAGGTAATTGTCT-1-Topic-7-Cell-4,1,61.0,73.0,12006.539089393606,8897.981132988058
TTATAGGTAATTGTCT-1-Topic-7-Cell-5,1,61.0,73.0,11906.841831929245,8723.038594152262
TTATATACGCTGTCAC-1-Topic-4-Cell-1,1,38.0,74.0,7943.0,8911.0
TTATATACGCTGTCAC-1-Topic-4-Cell-2,1,38.0,74.0,7986.701066596173,8863.295678086573
TTATATACGCTGTCAC-1-Topic-6-Cell-3,1,38.0,74.0,7851.8573117831675,8918.998842812265
TTATATACGCTGTCAC-1-Topic-9-Cell-4,1,38.0,74.0,8031.927405376267,8979.178979353126
TTATATTTGGCAATCC-1-Topic-2-Cell-1,1,26.0,64.0,5871.0,7903.0
TTATATTTGGCAATCC-1-Topic-3-Cell-2,1,26.0,64.0,5906.6817714586705,7864.049584262212
TTATATTTGGCAATCC-1-Topic-6-Cell-3,1,26.0,64.0,5796.582306694395,7909.531027807593
TTATATTTGGCAATCC-1-Topic-7-Cell-4,1,26.0,64.0,5943.608922440497,7958.66790353297
TTATATTTGGCAATCC-1-Topic-7-Cell-5,1,26.0,64.0,5852.598194382778,7798.967945553654
TTATATTTGGCAATCC-1-Topic-8-Cell-6,1,26.0,64.0,5807.603308934945,8002.6618184907275
TTATCCGGGATCTATA-1-Topic-6-Cell-1,1,51.0,87.0,10186.0,10219.0
TTATCCGGGATCTATA-1-Topic-6-Cell-2,1,51.0,87.0,10221.68177145867,10180.049584262211
TTATCCGGGATCTATA-1-Topic-6-Cell-3,1,51.0,87.0,10111.582306694394,10225.531027807592
TTATCCGGGATCTATA-1-Topic-7-Cell-4,1,51.0,87.0,10258.608922440497,10274.667903532969
TTATCCGGGATCTATA-1-Topic-9-Cell-5,1,51.0,87.0,10167.59819438278,10114.967945553655
TTATCCGGGATCTATA-1-Topic-9-Cell-6,1,51.0,87.0,10122.603308934946,10318.661818490727
TTATCCTCAAGGAATA-1-Topic-0-Cell-1,1,52.0,18.0,10403.0,3353.0
TTATCCTCAAGGAATA-1-Topic-0-Cell-2,1,52.0,18.0,10442.087422239316,3310.3319573524186
TTATCCTCAAGGAATA-1-Topic-0-Cell-3,1,52.0,18.0,10321.479501398038,3360.1543825078243
TTATCCTCAAGGAATA-1-Topic-0-Cell-4,1,52.0,18.0,10482.539089393606,3413.9811329880577
TTATCCTCAAGGAATA-1-Topic-0-Cell-5,1,52.0,18.0,10382.841831929245,3239.0385941522622
TTATCTGTATCATAAC-1-Topic-3-Cell-1,1,22.0,60.0,5181.0,7500.0
TTATCTGTATCATAAC-1-Topic-3-Cell-2,1,22.0,60.0,5224.701066596173,7452.295678086574
TTATCTGTATCATAAC-1-Topic-6-Cell-3,1,22.0,60.0,5089.8573117831675,7507.998842812265
TTATCTGTATCATAAC-1-Topic-8-Cell-4,1,22.0,60.0,5269.927405376267,7568.178979353126
TTATGAATGAAAGGGA-1-Topic-3-Cell-1,1,41.0,63.0,8469.0,7820.0
TTATGAATGAAAGGGA-1-Topic-3-Cell-2,1,41.0,63.0,8512.701066596173,7772.295678086574
TTATGAATGAAAGGGA-1-Topic-7-Cell-3,1,41.0,63.0,8377.857311783167,7827.998842812265
TTATGAATGAAAGGGA-1-Topic-7-Cell-4,1,41.0,63.0,8557.927405376267,7888.178979353126
TTATGACAAACTGGAT-1-Topic-2-Cell-1,1,27.0,35.0,6062.0,5018.0
TTATGACAAACTGGAT-1-Topic-2-Cell-2,1,27.0,35.0,6101.087422239316,4975.331957352419
TTATGACAAACTGGAT-1-Topic-3-Cell-3,1,27.0,35.0,5980.479501398037,5025.154382507824
TTATGACAAACTGGAT-1-Topic-3-Cell-4,1,27.0,35.0,6141.5390893936055,5078.981132988058
TTATGACAAACTGGAT-1-Topic-6-Cell-5,1,27.0,35.0,6041.841831929245,4904.038594152262
TTATGATCTTAACGAA-1-Topic-4-Cell-1,1,38.0,82.0,7938.0,9707.0
TTATGATCTTAACGAA-1-Topic-4-Cell-2,1,38.0,82.0,7973.6817714586705,9668.049584262211
TTATGATCTTAACGAA-1-Topic-4-Cell-3,1,38.0,82.0,7863.582306694395,9713.531027807592
TTATGATCTTAACGAA-1-Topic-4-Cell-4,1,38.0,82.0,8010.608922440497,9762.667903532969
TTATGATCTTAACGAA-1-Topic-6-Cell-5,1,38.0,82.0,7919.598194382778,9602.967945553655
TTATGATCTTAACGAA-1-Topic-6-Cell-6,1,38.0,82.0,7874.603308934945,9806.661818490727
TTATGTTTGCGATAGA-1-Topic-0-Cell-1,1,26.0,20.0,5899.0,3523.0
TTATGTTTGCGATAGA-1-Topic-5-Cell-2,1,26.0,20.0,5960.802641070479,3455.5359009662207
TTATTAGAGCGTGTTC-1-Topic-2-Cell-1,1,46.0,70.0,9331.0,8522.0
TTATTAGAGCGTGTTC-1-Topic-4-Cell-2,1,46.0,70.0,9366.68177145867,8483.049584262211
TTATTAGAGCGTGTTC-1-Topic-6-Cell-3,1,46.0,70.0,9256.582306694394,8528.531027807592
TTATTAGAGCGTGTTC-1-Topic-6-Cell-4,1,46.0,70.0,9403.608922440497,8577.667903532969
TTATTAGAGCGTGTTC-1-Topic-6-Cell-5,1,46.0,70.0,9312.59819438278,8417.967945553655
TTATTAGAGCGTGTTC-1-Topic-6-Cell-6,1,46.0,70.0,9267.603308934946,8621.661818490727
TTCAAAGTCTCTAGCC-1-Topic-6-Cell-1,1,35.0,75.0,7423.0,9007.0
TTCAAAGTCTCTAGCC-1-Topic-6-Cell-2,1,35.0,75.0,7462.087422239316,8964.331957352419
TTCAAAGTCTCTAGCC-1-Topic-6-Cell-3,1,35.0,75.0,7341.479501398037,9014.154382507824
TTCAAAGTCTCTAGCC-1-Topic-7-Cell-4,1,35.0,75.0,7502.5390893936055,9067.981132988058
TTCAAAGTCTCTAGCC-1-Topic-8-Cell-5,1,35.0,75.0,7402.841831929245,8893.038594152262
TTCAACGACCCGACCG-1-Topic-0-Cell-1,1,20.0,48.0,4842.0,6304.0
TTCAACGACCCGACCG-1-Topic-1-Cell-2,1,20.0,48.0,4877.6817714586705,6265.049584262212
TTCAACGACCCGACCG-1-Topic-4-Cell-3,1,20.0,48.0,4767.582306694395,6310.531027807593
TTCAACGACCCGACCG-1-Topic-5-Cell-4,1,20.0,48.0,4914.608922440497,6359.66790353297
TTCAACGACCCGACCG-1-Topic-7-Cell-5,1,20.0,48.0,4823.598194382778,6199.967945553654
TTCAACGACCCGACCG-1-Topic-7-Cell-6,1,20.0,48.0,4778.603308934945,6403.6618184907275
TTCAATACTCTGAATC-1-Topic-6-Cell-1,1,38.0,86.0,7936.0,10105.0
TTCAATACTCTGAATC-1-Topic-6-Cell-2,1,38.0,86.0,7971.6817714586705,10066.049584262211
TTCAATACTCTGAATC-1-Topic-6-Cell-3,1,38.0,86.0,7861.582306694395,10111.531027807592
TTCAATACTCTGAATC-1-Topic-7-Cell-4,1,38.0,86.0,8008.608922440497,10160.667903532969
TTCAATACTCTGAATC-1-Topic-9-Cell-5,1,38.0,86.0,7917.598194382778,10000.967945553655
TTCAATACTCTGAATC-1-Topic-9-Cell-6,1,38.0,86.0,7872.603308934945,10204.661818490727
TTCACGAAAGGATCAC-1-Topic-0-Cell-1,1,38.0,54.0,7956.0,6921.0
TTCACGAAAGGATCAC-1-Topic-0-Cell-2,1,38.0,54.0,7999.701066596173,6873.295678086574
TTCACGAAAGGATCAC-1-Topic-3-Cell-3,1,38.0,54.0,7864.8573117831675,6928.998842812265
TTCACGAAAGGATCAC-1-Topic-3-Cell-4,1,38.0,54.0,8044.927405376267,6989.178979353126
TTCACTCGAGCACCTA-1-Topic-4-Cell-1,1,55.0,69.0,10890.0,8432.0
TTCACTCGAGCACCTA-1-Topic-6-Cell-2,1,55.0,69.0,10923.034901211928,8395.938922215459
TTCACTCGAGCACCTA-1-Topic-6-Cell-3,1,55.0,69.0,10821.102603758962,8438.046556816444
TTCACTCGAGCACCTA-1-Topic-6-Cell-4,1,55.0,69.0,10957.222799818237,8483.538464003022
TTCACTCGAGCACCTA-1-Topic-6-Cell-5,1,55.0,69.0,10872.96323848747,8335.68503297294
TTCACTCGAGCACCTA-1-Topic-6-Cell-6,1,55.0,69.0,10831.3060691529,8524.268914738599
TTCACTCGAGCACCTA-1-Topic-6-Cell-7,1,55.0,69.0,11005.685395307864,8400.901358761988
TTCACTTCCTAGAACG-1-Topic-3-Cell-1,1,67.0,51.0,12980.0,6653.0
TTCACTTCCTAGAACG-1-Topic-3-Cell-2,1,67.0,51.0,13030.46164512635,6597.91579380355
TTCACTTCCTAGAACG-1-Topic-3-Cell-3,1,67.0,51.0,12874.757488846692,6662.236268101734
TTCAGCCCTGGTCCAC-1-Topic-6-Cell-1,1,47.0,85.0,9495.0,10016.0
TTCAGCCCTGGTCCAC-1-Topic-9-Cell-2,1,47.0,85.0,9556.802641070479,9948.53590096622
TTCAGCTGGCGTGCCC-1-Topic-3-Cell-1,1,55.0,95.0,10874.0,11020.0
TTCAGCTGGCGTGCCC-1-Topic-3-Cell-2,1,55.0,95.0,10917.701066596173,10972.295678086573
TTCAGCTGGCGTGCCC-1-Topic-6-Cell-3,1,55.0,95.0,10782.857311783167,11027.998842812265
TTCAGCTGGCGTGCCC-1-Topic-7-Cell-4,1,55.0,95.0,10962.927405376267,11088.178979353126
TTCAGGCGTCAAAGCC-1-Topic-3-Cell-1,1,40.0,16.0,8326.0,3141.0
TTCAGGCGTCAAAGCC-1-Topic-3-Cell-2,1,40.0,16.0,8387.802641070479,3073.5359009662207
TTCATGGCGCAACAGG-1-Topic-3-Cell-1,1,19.0,75.0,4652.0,8990.0
TTCATGGCGCAACAGG-1-Topic-5-Cell-2,1,19.0,75.0,4687.6817714586705,8951.049584262211
TTCATGGCGCAACAGG-1-Topic-6-Cell-3,1,19.0,75.0,4577.582306694395,8996.531027807592
TTCATGGCGCAACAGG-1-Topic-6-Cell-4,1,19.0,75.0,4724.608922440497,9045.667903532969
TTCATGGCGCAACAGG-1-Topic-6-Cell-5,1,19.0,75.0,4633.598194382778,8885.967945553655
TTCATGGCGCAACAGG-1-Topic-7-Cell-6,1,19.0,75.0,4588.603308934945,9089.661818490727
TTCCAATCAGAGCTAG-1-Topic-7-Cell-1,1,23.0,95.0,5332.0,10985.0
TTCCAATCAGAGCTAG-1-Topic-7-Cell-2,1,23.0,95.0,5382.461645126349,10929.91579380355
TTCCAATCAGAGCTAG-1-Topic-7-Cell-3,1,23.0,95.0,5226.757488846692,10994.236268101733
TTCCAATCTGGCTATC-1-Topic-0-Cell-1,1,48.0,46.0,9692.0,6135.0
TTCCAATCTGGCTATC-1-Topic-3-Cell-2,1,48.0,46.0,9727.68177145867,6096.049584262212
TTCCAATCTGGCTATC-1-Topic-3-Cell-3,1,48.0,46.0,9617.582306694394,6141.531027807593
TTCCAATCTGGCTATC-1-Topic-3-Cell-4,1,48.0,46.0,9764.608922440497,6190.66790353297
TTCCAATCTGGCTATC-1-Topic-3-Cell-5,1,48.0,46.0,9673.59819438278,6030.967945553654
TTCCAATCTGGCTATC-1-Topic-3-Cell-6,1,48.0,46.0,9628.603308934946,6234.6618184907275
TTCCACACAGATTTGA-1-Topic-0-Cell-1,1,50.0,46.0,10039.0,6137.0
TTCCACACAGATTTGA-1-Topic-3-Cell-2,1,50.0,46.0,10082.701066596173,6089.295678086574
TTCCACACAGATTTGA-1-Topic-3-Cell-3,1,50.0,46.0,9947.857311783167,6144.998842812265
TTCCACACAGATTTGA-1-Topic-3-Cell-4,1,50.0,46.0,10127.927405376267,6205.178979353126
TTCCATCATGCGGTGA-1-Topic-6-Cell-1,1,13.0,99.0,3598.0,11372.0
TTCCATCATGCGGTGA-1-Topic-8-Cell-2,1,13.0,99.0,3659.802641070479,11304.53590096622
TTCCATCGACAGCGTG-1-Topic-3-Cell-1,1,61.0,107.0,11906.0,12221.0
TTCCATCGACAGCGTG-1-Topic-3-Cell-2,1,61.0,107.0,11945.087422239316,12178.331957352419
TTCCATCGACAGCGTG-1-Topic-7-Cell-3,1,61.0,107.0,11824.479501398038,12228.154382507824
TTCCATCGACAGCGTG-1-Topic-7-Cell-4,1,61.0,107.0,11985.539089393606,12281.981132988058
TTCCATCGACAGCGTG-1-Topic-7-Cell-5,1,61.0,107.0,11885.841831929245,12107.038594152262
TTCCCGGCGCCAATAG-1-Topic-0-Cell-1,1,46.0,12.0,9367.0,2749.0
TTCCCGGCGCCAATAG-1-Topic-0-Cell-2,1,46.0,12.0,9410.701066596173,2701.295678086574
TTCCCGGCGCCAATAG-1-Topic-2-Cell-3,1,46.0,12.0,9275.857311783167,2756.998842812265
TTCCCGGCGCCAATAG-1-Topic-2-Cell-4,1,46.0,12.0,9455.927405376267,2817.178979353126
TTCCGCAGAGAAATAT-1-Topic-6-Cell-1,1,21.0,101.0,4982.0,11580.0
TTCCGCAGAGAAATAT-1-Topic-6-Cell-2,1,21.0,101.0,5017.6817714586705,11541.049584262211
TTCCGCAGAGAAATAT-1-Topic-6-Cell-3,1,21.0,101.0,4907.582306694395,11586.531027807592
TTCCGCAGAGAAATAT-1-Topic-6-Cell-4,1,21.0,101.0,5054.608922440497,11635.667903532969
TTCCGCAGAGAAATAT-1-Topic-6-Cell-5,1,21.0,101.0,4963.598194382778,11475.967945553655
TTCCGCAGAGAAATAT-1-Topic-6-Cell-6,1,21.0,101.0,4918.603308934945,11679.661818490727
TTCCGCGTGAGGCGAT-1-Topic-3-Cell-1,1,46.0,64.0,9335.0,7925.0
TTCCGCGTGAGGCGAT-1-Topic-4-Cell-2,1,46.0,64.0,9378.701066596173,7877.295678086574
TTCCGCGTGAGGCGAT-1-Topic-4-Cell-3,1,46.0,64.0,9243.857311783167,7932.998842812265
TTCCGCGTGAGGCGAT-1-Topic-7-Cell-4,1,46.0,64.0,9423.927405376267,7993.178979353126
TTCCGGCCTTGAGGCT-1-Topic-0-Cell-1,1,54.0,44.0,10733.0,5943.0
TTCCGGCCTTGAGGCT-1-Topic-0-Cell-2,1,54.0,44.0,10783.46164512635,5887.91579380355
TTCCGGCCTTGAGGCT-1-Topic-5-Cell-3,1,54.0,44.0,10627.757488846692,5952.236268101734
TTCCGGTTACCCACTT-1-Topic-4-Cell-1,1,45.0,87.0,9147.0,10213.0
TTCCGGTTACCCACTT-1-Topic-4-Cell-2,1,45.0,87.0,9182.68177145867,10174.049584262211
TTCCGGTTACCCACTT-1-Topic-4-Cell-3,1,45.0,87.0,9072.582306694394,10219.531027807592
TTCCGGTTACCCACTT-1-Topic-5-Cell-4,1,45.0,87.0,9219.608922440497,10268.667903532969
TTCCGGTTACCCACTT-1-Topic-5-Cell-5,1,45.0,87.0,9128.59819438278,10108.967945553655
TTCCGGTTACCCACTT-1-Topic-7-Cell-6,1,45.0,87.0,9083.603308934946,10312.661818490727
TTCCTCGAGGGTGTCT-1-Topic-5-Cell-1,1,21.0,49.0,5015.0,6404.0
TTCCTCGAGGGTGTCT-1-Topic-6-Cell-2,1,21.0,49.0,5050.6817714586705,6365.049584262212
TTCCTCGAGGGTGTCT-1-Topic-6-Cell-3,1,21.0,49.0,4940.582306694395,6410.531027807593
TTCCTCGAGGGTGTCT-1-Topic-6-Cell-4,1,21.0,49.0,5087.608922440497,6459.66790353297
TTCCTCGAGGGTGTCT-1-Topic-6-Cell-5,1,21.0,49.0,4996.598194382778,6299.967945553654
TTCCTCGAGGGTGTCT-1-Topic-6-Cell-6,1,21.0,49.0,4951.603308934945,6503.6618184907275
TTCCTCGGACTAACCA-1-Topic-9-Cell-1,1,50.0,86.0,10014.0,10119.0
TTCCTCGGACTAACCA-1-Topic-9-Cell-2,1,50.0,86.0,10053.087422239316,10076.331957352419
TTCCTCGGACTAACCA-1-Topic-9-Cell-3,1,50.0,86.0,9932.479501398038,10126.154382507824
TTCCTCGGACTAACCA-1-Topic-9-Cell-4,1,50.0,86.0,10093.539089393606,10179.981132988058
TTCCTCGGACTAACCA-1-Topic-9-Cell-5,1,50.0,86.0,9993.841831929245,10005.038594152262
TTCCTCTGCCCGAATA-1-Topic-3-Cell-1,1,35.0,15.0,7460.0,3036.0
TTCCTCTGCCCGAATA-1-Topic-5-Cell-2,1,35.0,15.0,7521.802641070479,2968.5359009662207
TTCGACAGAGCCCGTG-1-Topic-2-Cell-1,1,52.0,68.0,10371.0,8329.0
TTCGACAGAGCCCGTG-1-Topic-2-Cell-2,1,52.0,68.0,10406.68177145867,8290.049584262211
TTCGACAGAGCCCGTG-1-Topic-2-Cell-3,1,52.0,68.0,10296.582306694394,8335.531027807592
TTCGACAGAGCCCGTG-1-Topic-3-Cell-4,1,52.0,68.0,10443.608922440497,8384.667903532969
TTCGACAGAGCCCGTG-1-Topic-6-Cell-5,1,52.0,68.0,10352.59819438278,8224.967945553655
TTCGACAGAGCCCGTG-1-Topic-7-Cell-6,1,52.0,68.0,10307.603308934946,8428.661818490727
TTCGACGGGAAGGGCG-1-Topic-0-Cell-1,1,24.0,44.0,5537.0,5910.0
TTCGACGGGAAGGGCG-1-Topic-4-Cell-2,1,24.0,44.0,5572.6817714586705,5871.049584262212
TTCGACGGGAAGGGCG-1-Topic-6-Cell-3,1,24.0,44.0,5462.582306694395,5916.531027807593
TTCGACGGGAAGGGCG-1-Topic-6-Cell-4,1,24.0,44.0,5609.608922440497,5965.66790353297
TTCGACGGGAAGGGCG-1-Topic-6-Cell-5,1,24.0,44.0,5518.598194382778,5805.967945553654
TTCGACGGGAAGGGCG-1-Topic-8-Cell-6,1,24.0,44.0,5473.603308934945,6009.6618184907275
TTCGCACTCGCGTGCT-1-Topic-6-Cell-1,1,25.0,45.0,5710.0,6011.0
TTCGCACTCGCGTGCT-1-Topic-6-Cell-2,1,25.0,45.0,5740.901320535239,5977.26795048311
TTCGCACTCGCGTGCT-1-Topic-6-Cell-3,1,25.0,45.0,5645.552387106307,6016.656035994198
TTCGCACTCGCGTGCT-1-Topic-6-Cell-4,1,25.0,45.0,5772.881171374884,6059.209818634973
TTCGCACTCGCGTGCT-1-Topic-6-Cell-5,1,25.0,45.0,5694.063568859983,5920.905598041579
TTCGCACTCGCGTGCT-1-Topic-6-Cell-6,1,25.0,45.0,5655.0968550217885,6097.309666600323
TTCGCACTCGCGTGCT-1-Topic-7-Cell-7,1,25.0,45.0,5818.213778473883,5981.909884823291
TTCGCACTCGCGTGCT-1-Topic-7-Cell-8,1,25.0,45.0,5602.588675800891,5955.214635774117
TTCGCACTGTACGACA-1-Topic-0-Cell-1,1,61.0,59.0,11936.0,7443.0
TTCGCACTGTACGACA-1-Topic-2-Cell-2,1,61.0,59.0,11986.46164512635,7387.91579380355
TTCGCACTGTACGACA-1-Topic-6-Cell-3,1,61.0,59.0,11830.757488846692,7452.236268101734
TTCGCGCGCCATACGA-1-Topic-0-Cell-1,1,59.0,47.0,11597.0,6247.0
TTCGCGCGCCATACGA-1-Topic-3-Cell-2,1,59.0,47.0,11647.46164512635,6191.91579380355
TTCGCGCGCCATACGA-1-Topic-3-Cell-3,1,59.0,47.0,11491.757488846692,6256.236268101734
TTCGCTATCTGACGTG-1-Topic-1-Cell-1,1,20.0,100.0,4810.0,11479.0
TTCGCTATCTGACGTG-1-Topic-1-Cell-2,1,20.0,100.0,4845.6817714586705,11440.049584262211
TTCGCTATCTGACGTG-1-Topic-1-Cell-3,1,20.0,100.0,4735.582306694395,11485.531027807592
TTCGCTATCTGACGTG-1-Topic-1-Cell-4,1,20.0,100.0,4882.608922440497,11534.667903532969
TTCGCTATCTGACGTG-1-Topic-7-Cell-5,1,20.0,100.0,4791.598194382778,11374.967945553655
TTCGCTATCTGACGTG-1-Topic-8-Cell-6,1,20.0,100.0,4746.603308934945,11578.661818490727
TTCGGCTAGAGATGGT-1-Topic-0-Cell-1,1,18.0,24.0,4511.0,3913.0
TTCGGCTAGAGATGGT-1-Topic-0-Cell-2,1,18.0,24.0,4561.461645126349,3857.9157938035496
TTCGGCTAGAGATGGT-1-Topic-3-Cell-3,1,18.0,24.0,4405.757488846692,3922.236268101734
TTCGGGACTAATCGCG-1-Topic-9-Cell-1,1,36.0,72.0,7598.0,8710.0
TTCGGGACTAATCGCG-1-Topic-9-Cell-2,1,36.0,72.0,7659.802641070479,8642.53590096622
TTCGGGCGCTAGTCTT-1-Topic-0-Cell-1,1,55.0,37.0,10910.0,5247.0
TTCGGGCGCTAGTCTT-1-Topic-3-Cell-2,1,55.0,37.0,10949.087422239316,5204.331957352419
TTCGGGCGCTAGTCTT-1-Topic-5-Cell-3,1,55.0,37.0,10828.479501398038,5254.154382507824
TTCGGGCGCTAGTCTT-1-Topic-5-Cell-4,1,55.0,37.0,10989.539089393606,5307.981132988058
TTCGGGCGCTAGTCTT-1-Topic-6-Cell-5,1,55.0,37.0,10889.841831929245,5133.038594152262
TTCGGTACTGTAGAGG-1-Topic-0-Cell-1,1,67.0,63.0,12972.0,7848.0
TTCGGTACTGTAGAGG-1-Topic-5-Cell-2,1,67.0,63.0,13011.087422239316,7805.331957352419
TTCGGTACTGTAGAGG-1-Topic-5-Cell-3,1,67.0,63.0,12890.479501398038,7855.154382507824
TTCGGTACTGTAGAGG-1-Topic-5-Cell-4,1,67.0,63.0,13051.539089393606,7908.981132988058
TTCGGTACTGTAGAGG-1-Topic-8-Cell-5,1,67.0,63.0,12951.841831929245,7734.038594152262
TTCGTACTCCAGAACG-1-Topic-3-Cell-1,1,29.0,29.0,6413.0,4423.0
TTCGTACTCCAGAACG-1-Topic-5-Cell-2,1,29.0,29.0,6456.701066596173,4375.295678086574
TTCGTACTCCAGAACG-1-Topic-7-Cell-3,1,29.0,29.0,6321.8573117831675,4430.998842812265
TTCGTACTCCAGAACG-1-Topic-7-Cell-4,1,29.0,29.0,6501.927405376267,4491.178979353126
TTCGTTCAACGAAGTT-1-Topic-6-Cell-1,1,23.0,105.0,5326.0,11980.0
TTCGTTCAACGAAGTT-1-Topic-6-Cell-2,1,23.0,105.0,5369.701066596173,11932.295678086573
TTCGTTCAACGAAGTT-1-Topic-6-Cell-3,1,23.0,105.0,5234.8573117831675,11987.998842812265
TTCGTTCAACGAAGTT-1-Topic-7-Cell-4,1,23.0,105.0,5414.927405376267,12048.178979353126
TTCTAACCGAAGCTTA-1-Topic-6-Cell-1,1,34.0,90.0,7240.0,10499.0
TTCTAACCGAAGCTTA-1-Topic-6-Cell-2,1,34.0,90.0,7275.6817714586705,10460.049584262211
TTCTAACCGAAGCTTA-1-Topic-6-Cell-3,1,34.0,90.0,7165.582306694395,10505.531027807592
TTCTAACCGAAGCTTA-1-Topic-6-Cell-4,1,34.0,90.0,7312.608922440497,10554.667903532969
TTCTAACCGAAGCTTA-1-Topic-7-Cell-5,1,34.0,90.0,7221.598194382778,10394.967945553655
TTCTAACCGAAGCTTA-1-Topic-7-Cell-6,1,34.0,90.0,7176.603308934945,10598.661818490727
TTCTACTTGCGAGGGC-1-Topic-3-Cell-1,1,22.0,32.0,5198.0,4713.0
TTCTACTTGCGAGGGC-1-Topic-3-Cell-2,1,22.0,32.0,5237.087422239316,4670.331957352419
TTCTACTTGCGAGGGC-1-Topic-5-Cell-3,1,22.0,32.0,5116.479501398037,4720.154382507824
TTCTACTTGCGAGGGC-1-Topic-5-Cell-4,1,22.0,32.0,5277.5390893936055,4773.981132988058
TTCTACTTGCGAGGGC-1-Topic-5-Cell-5,1,22.0,32.0,5177.841831929245,4599.038594152262
TTCTAGAAAGTCTTAT-1-Topic-0-Cell-1,1,60.0,46.0,11771.0,6148.0
TTCTAGAAAGTCTTAT-1-Topic-3-Cell-2,1,60.0,46.0,11821.46164512635,6092.91579380355
TTCTAGAAAGTCTTAT-1-Topic-3-Cell-3,1,60.0,46.0,11665.757488846692,6157.236268101734
TTCTAGGCCAATTGTG-1-Topic-6-Cell-1,1,22.0,44.0,5191.0,5908.0
TTCTAGGCCAATTGTG-1-Topic-6-Cell-2,1,22.0,44.0,5226.6817714586705,5869.049584262212
TTCTAGGCCAATTGTG-1-Topic-6-Cell-3,1,22.0,44.0,5116.582306694395,5914.531027807593
TTCTAGGCCAATTGTG-1-Topic-6-Cell-4,1,22.0,44.0,5263.608922440497,5963.66790353297
TTCTAGGCCAATTGTG-1-Topic-6-Cell-5,1,22.0,44.0,5172.598194382778,5803.967945553654
TTCTAGGCCAATTGTG-1-Topic-7-Cell-6,1,22.0,44.0,5127.603308934945,6007.6618184907275
TTCTATTAAACGCAGC-1-Topic-3-Cell-1,1,67.0,55.0,12977.0,7052.0
TTCTATTAAACGCAGC-1-Topic-3-Cell-2,1,67.0,55.0,13020.701066596173,7004.295678086574
TTCTATTAAACGCAGC-1-Topic-3-Cell-3,1,67.0,55.0,12885.857311783167,7059.998842812265
TTCTATTAAACGCAGC-1-Topic-3-Cell-4,1,67.0,55.0,13065.927405376267,7120.178979353126
TTCTGACCGGGCTCAA-1-Topic-4-Cell-1,1,52.0,84.0,10361.0,9922.0
TTCTGACCGGGCTCAA-1-Topic-6-Cell-2,1,52.0,84.0,10400.087422239316,9879.331957352419
TTCTGACCGGGCTCAA-1-Topic-7-Cell-3,1,52.0,84.0,10279.479501398038,9929.154382507824
TTCTGACCGGGCTCAA-1-Topic-7-Cell-4,1,52.0,84.0,10440.539089393606,9982.981132988058
TTCTGACCGGGCTCAA-1-Topic-7-Cell-5,1,52.0,84.0,10340.841831929245,9808.038594152262
TTCTGCCGCGCCTAGA-1-Topic-3-Cell-1,1,49.0,69.0,9851.0,8425.0
TTCTGCCGCGCCTAGA-1-Topic-3-Cell-2,1,49.0,69.0,9881.90132053524,8391.26795048311
TTCTGCCGCGCCTAGA-1-Topic-6-Cell-3,1,49.0,69.0,9786.552387106307,8430.656035994198
TTCTGCCGCGCCTAGA-1-Topic-6-Cell-4,1,49.0,69.0,9913.881171374884,8473.209818634972
TTCTGCCGCGCCTAGA-1-Topic-6-Cell-5,1,49.0,69.0,9835.063568859983,8334.90559804158
TTCTGCCGCGCCTAGA-1-Topic-6-Cell-6,1,49.0,69.0,9796.096855021788,8511.309666600324
TTCTGCCGCGCCTAGA-1-Topic-6-Cell-7,1,49.0,69.0,9959.213778473884,8395.90988482329
TTCTGCCGCGCCTAGA-1-Topic-6-Cell-8,1,49.0,69.0,9743.588675800891,8369.214635774117
TTCTGCGGGTTAGCGG-1-Topic-4-Cell-1,1,40.0,80.0,8286.0,9510.0
TTCTGCGGGTTAGCGG-1-Topic-4-Cell-2,1,40.0,80.0,8316.90132053524,9476.26795048311
TTCTGCGGGTTAGCGG-1-Topic-5-Cell-3,1,40.0,80.0,8221.552387106307,9515.656035994198
TTCTGCGGGTTAGCGG-1-Topic-6-Cell-4,1,40.0,80.0,8348.881171374884,9558.209818634972
TTCTGCGGGTTAGCGG-1-Topic-6-Cell-5,1,40.0,80.0,8270.063568859983,9419.90559804158
TTCTGCGGGTTAGCGG-1-Topic-7-Cell-6,1,40.0,80.0,8231.096855021788,9596.309666600324
TTCTGCGGGTTAGCGG-1-Topic-7-Cell-7,1,40.0,80.0,8394.213778473884,9480.90988482329
TTCTGCGGGTTAGCGG-1-Topic-7-Cell-8,1,40.0,80.0,8178.588675800891,9454.214635774117
TTCTGCTAGACTCCAA-1-Topic-8-Cell-1,1,28.0,106.0,6191.0,12085.0
TTCTGCTAGACTCCAA-1-Topic-8-Cell-2,1,28.0,106.0,6252.802641070479,12017.53590096622
TTCTTAGTGAACGGTG-1-Topic-0-Cell-1,1,18.0,34.0,4504.0,4908.0
TTCTTAGTGAACGGTG-1-Topic-0-Cell-2,1,18.0,34.0,4554.461645126349,4852.91579380355
TTCTTAGTGAACGGTG-1-Topic-4-Cell-3,1,18.0,34.0,4398.757488846692,4917.236268101734
TTCTTAGTGGCTCAGA-1-Topic-3-Cell-1,1,17.0,61.0,4314.0,7594.0
TTCTTAGTGGCTCAGA-1-Topic-3-Cell-2,1,17.0,61.0,4357.701066596173,7546.295678086574
TTCTTAGTGGCTCAGA-1-Topic-8-Cell-3,1,17.0,61.0,4222.8573117831675,7601.998842812265
TTCTTAGTGGCTCAGA-1-Topic-9-Cell-4,1,17.0,61.0,4402.927405376267,7662.178979353126
TTCTTGAGCCGCGCTA-1-Topic-0-Cell-1,1,47.0,41.0,9522.0,5636.0
TTCTTGAGCCGCGCTA-1-Topic-0-Cell-2,1,47.0,41.0,9557.68177145867,5597.049584262212
TTCTTGAGCCGCGCTA-1-Topic-0-Cell-3,1,47.0,41.0,9447.582306694394,5642.531027807593
TTCTTGAGCCGCGCTA-1-Topic-3-Cell-4,1,47.0,41.0,9594.608922440497,5691.66790353297
TTCTTGAGCCGCGCTA-1-Topic-3-Cell-5,1,47.0,41.0,9503.59819438278,5531.967945553654
TTCTTGAGCCGCGCTA-1-Topic-5-Cell-6,1,47.0,41.0,9458.603308934946,5735.6618184907275
TTCTTGCTAGCATCTC-1-Topic-4-Cell-1,1,40.0,110.0,8267.0,12496.0
TTCTTGCTAGCATCTC-1-Topic-6-Cell-2,1,40.0,110.0,8297.90132053524,12462.26795048311
TTCTTGCTAGCATCTC-1-Topic-6-Cell-3,1,40.0,110.0,8202.552387106307,12501.656035994198
TTCTTGCTAGCATCTC-1-Topic-6-Cell-4,1,40.0,110.0,8329.881171374884,12544.209818634972
TTCTTGCTAGCATCTC-1-Topic-6-Cell-5,1,40.0,110.0,8251.063568859983,12405.90559804158
TTCTTGCTAGCATCTC-1-Topic-6-Cell-6,1,40.0,110.0,8212.096855021788,12582.309666600324
TTCTTGCTAGCATCTC-1-Topic-6-Cell-7,1,40.0,110.0,8375.213778473884,12466.90988482329
TTCTTGCTAGCATCTC-1-Topic-9-Cell-8,1,40.0,110.0,8159.588675800891,12440.214635774117
TTCTTGGACGATCTGC-1-Topic-6-Cell-1,1,52.0,32.0,10394.0,4746.0
TTCTTGGAGTAATGAG-1-Topic-6-Cell-1,1,21.0,79.0,4996.0,9390.0
TTCTTGGAGTAATGAG-1-Topic-6-Cell-2,1,21.0,79.0,5039.701066596173,9342.295678086573
TTCTTGGAGTAATGAG-1-Topic-6-Cell-3,1,21.0,79.0,4904.8573117831675,9397.998842812265
TTCTTGGAGTAATGAG-1-Topic-6-Cell-4,1,21.0,79.0,5084.927405376267,9458.178979353126
TTCTTGTAACCTAATG-1-Topic-3-Cell-1,1,23.0,35.0,5370.0,5013.0
TTCTTGTAACCTAATG-1-Topic-6-Cell-2,1,23.0,35.0,5420.461645126349,4957.91579380355
TTCTTGTAACCTAATG-1-Topic-9-Cell-3,1,23.0,35.0,5264.757488846692,5022.236268101734
TTCTTTGGTCGCGACG-1-Topic-6-Cell-1,1,24.0,104.0,5500.0,11882.0
TTCTTTGGTCGCGACG-1-Topic-6-Cell-2,1,24.0,104.0,5539.087422239316,11839.331957352419
TTCTTTGGTCGCGACG-1-Topic-6-Cell-3,1,24.0,104.0,5418.479501398037,11889.154382507824
TTCTTTGGTCGCGACG-1-Topic-6-Cell-4,1,24.0,104.0,5579.5390893936055,11942.981132988058
TTCTTTGGTCGCGACG-1-Topic-6-Cell-5,1,24.0,104.0,5479.841831929245,11768.038594152262
TTGAAAGGTGTAAAGG-1-Topic-2-Cell-1,1,13.0,103.0,3595.0,11770.0
TTGAAAGGTGTAAAGG-1-Topic-6-Cell-2,1,13.0,103.0,3638.701066596174,11722.295678086573
TTGAAAGGTGTAAAGG-1-Topic-7-Cell-3,1,13.0,103.0,3503.857311783168,11777.998842812265
TTGAAAGGTGTAAAGG-1-Topic-9-Cell-4,1,13.0,103.0,3683.9274053762674,11838.178979353126
TTGAACGAATCCTTTG-1-Topic-0-Cell-1,1,19.0,21.0,4686.0,3615.0
TTGAACGAATCCTTTG-1-Topic-0-Cell-2,1,19.0,21.0,4725.087422239316,3572.3319573524186
TTGAACGAATCCTTTG-1-Topic-0-Cell-3,1,19.0,21.0,4604.479501398037,3622.1543825078243
TTGAACGAATCCTTTG-1-Topic-0-Cell-4,1,19.0,21.0,4765.5390893936055,3675.9811329880577
TTGAACGAATCCTTTG-1-Topic-6-Cell-5,1,19.0,21.0,4665.841831929245,3501.0385941522622
TTGAACGACGTGCTGA-1-Topic-6-Cell-1,1,60.0,88.0,11744.0,10328.0
TTGAACGACGTGCTGA-1-Topic-7-Cell-2,1,60.0,88.0,11805.802641070479,10260.53590096622
TTGAAGAATTCCCAGG-1-Topic-3-Cell-1,1,32.0,50.0,6919.0,6516.0
TTGAAGAATTCCCAGG-1-Topic-3-Cell-2,1,32.0,50.0,6962.701066596173,6468.295678086574
TTGAAGAATTCCCAGG-1-Topic-3-Cell-3,1,32.0,50.0,6827.8573117831675,6523.998842812265
TTGAAGAATTCCCAGG-1-Topic-7-Cell-4,1,32.0,50.0,7007.927405376267,6584.178979353126
TTGAATATGGACTTTC-1-Topic-4-Cell-1,1,34.0,76.0,7249.0,9106.0
TTGAATATGGACTTTC-1-Topic-4-Cell-2,1,34.0,76.0,7292.701066596173,9058.295678086573
TTGAATATGGACTTTC-1-Topic-6-Cell-3,1,34.0,76.0,7157.8573117831675,9113.998842812265
TTGAATATGGACTTTC-1-Topic-7-Cell-4,1,34.0,76.0,7337.927405376267,9174.178979353126
TTGAATTCACGTGAGG-1-Topic-3-Cell-1,1,39.0,97.0,8102.0,11201.0
TTGAATTCACGTGAGG-1-Topic-7-Cell-2,1,39.0,97.0,8141.087422239316,11158.331957352419
TTGAATTCACGTGAGG-1-Topic-7-Cell-3,1,39.0,97.0,8020.479501398037,11208.154382507824
TTGAATTCACGTGAGG-1-Topic-9-Cell-4,1,39.0,97.0,8181.5390893936055,11261.981132988058
TTGAATTCACGTGAGG-1-Topic-9-Cell-5,1,39.0,97.0,8081.841831929245,11087.038594152262
TTGACAGGAGCTCCCG-1-Topic-9-Cell-1,1,47.0,99.0,9486.0,11409.0
TTGACAGGAGCTCCCG-1-Topic-9-Cell-2,1,47.0,99.0,9536.46164512635,11353.91579380355
TTGACAGGAGCTCCCG-1-Topic-9-Cell-3,1,47.0,99.0,9380.757488846692,11418.236268101733
TTGACATGAACGTGGA-1-Topic-0-Cell-1,1,44.0,32.0,9008.0,4737.0
TTGACCAGGAACAACT-1-Topic-5-Cell-1,1,64.0,80.0,12442.0,9537.0
TTGACCAGGAACAACT-1-Topic-5-Cell-2,1,64.0,80.0,12492.46164512635,9481.91579380355
TTGACCAGGAACAACT-1-Topic-7-Cell-3,1,64.0,80.0,12336.757488846692,9546.236268101733
TTGACCATGTTCTCCG-1-Topic-6-Cell-1,1,24.0,78.0,5516.0,9294.0
TTGACCATGTTCTCCG-1-Topic-6-Cell-2,1,24.0,78.0,5555.087422239316,9251.331957352419
TTGACCATGTTCTCCG-1-Topic-7-Cell-3,1,24.0,78.0,5434.479501398037,9301.154382507824
TTGACCATGTTCTCCG-1-Topic-7-Cell-4,1,24.0,78.0,5595.5390893936055,9354.981132988058
TTGACCATGTTCTCCG-1-Topic-7-Cell-5,1,24.0,78.0,5495.841831929245,9180.038594152262
TTGACCGTGTTAATGA-1-Topic-0-Cell-1,1,50.0,34.0,10046.0,4943.0
TTGACCGTGTTAATGA-1-Topic-0-Cell-2,1,50.0,34.0,10081.68177145867,4904.049584262212
TTGACCGTGTTAATGA-1-Topic-0-Cell-3,1,50.0,34.0,9971.582306694394,4949.531027807593
TTGACCGTGTTAATGA-1-Topic-3-Cell-4,1,50.0,34.0,10118.608922440497,4998.66790353297
TTGACCGTGTTAATGA-1-Topic-5-Cell-5,1,50.0,34.0,10027.59819438278,4838.967945553654
TTGACCGTGTTAATGA-1-Topic-5-Cell-6,1,50.0,34.0,9982.603308934946,5042.6618184907275
TTGACGCTCCATGAGC-1-Topic-4-Cell-1,1,41.0,101.0,8446.0,11602.0
TTGACGCTCCATGAGC-1-Topic-4-Cell-2,1,41.0,101.0,8489.701066596173,11554.295678086573
TTGACGCTCCATGAGC-1-Topic-7-Cell-3,1,41.0,101.0,8354.857311783167,11609.998842812265
TTGACGCTCCATGAGC-1-Topic-7-Cell-4,1,41.0,101.0,8534.927405376267,11670.178979353126
TTGACTACCATATGGT-1-Topic-3-Cell-1,1,43.0,41.0,8830.0,5632.0
TTGACTACCATATGGT-1-Topic-3-Cell-2,1,43.0,41.0,8869.087422239316,5589.331957352419
TTGACTACCATATGGT-1-Topic-4-Cell-3,1,43.0,41.0,8748.479501398038,5639.154382507824
TTGACTACCATATGGT-1-Topic-4-Cell-4,1,43.0,41.0,8909.539089393606,5692.981132988058
TTGACTACCATATGGT-1-Topic-5-Cell-5,1,43.0,41.0,8809.841831929245,5518.038594152262
TTGAGAAGTTTAGCAT-1-Topic-3-Cell-1,1,55.0,87.0,10879.0,10223.0
TTGAGAAGTTTAGCAT-1-Topic-7-Cell-2,1,55.0,87.0,10929.46164512635,10167.91579380355
TTGAGAAGTTTAGCAT-1-Topic-7-Cell-3,1,55.0,87.0,10773.757488846692,10232.236268101733
TTGAGAGTACTGCTAA-1-Topic-3-Cell-1,1,44.0,38.0,9005.0,5335.0
TTGAGAGTACTGCTAA-1-Topic-3-Cell-2,1,44.0,38.0,9055.46164512635,5279.91579380355
TTGAGAGTACTGCTAA-1-Topic-3-Cell-3,1,44.0,38.0,8899.757488846692,5344.236268101734
TTGATCTAACTTTGTC-1-Topic-3-Cell-1,1,29.0,47.0,6401.0,6214.0
TTGATCTAACTTTGTC-1-Topic-4-Cell-2,1,29.0,47.0,6434.034901211928,6177.938922215459
TTGATCTAACTTTGTC-1-Topic-6-Cell-3,1,29.0,47.0,6332.102603758962,6220.046556816443
TTGATCTAACTTTGTC-1-Topic-6-Cell-4,1,29.0,47.0,6468.222799818238,6265.538464003022
TTGATCTAACTTTGTC-1-Topic-6-Cell-5,1,29.0,47.0,6383.9632384874685,6117.685032972941
TTGATCTAACTTTGTC-1-Topic-6-Cell-6,1,29.0,47.0,6342.306069152901,6306.268914738599
TTGATCTAACTTTGTC-1-Topic-7-Cell-7,1,29.0,47.0,6516.685395307864,6182.901358761988
TTGATGTGTAGTCCCG-1-Topic-6-Cell-1,1,24.0,90.0,5509.0,10488.0
TTGATGTGTAGTCCCG-1-Topic-6-Cell-2,1,24.0,90.0,5548.087422239316,10445.331957352419
TTGATGTGTAGTCCCG-1-Topic-7-Cell-3,1,24.0,90.0,5427.479501398037,10495.154382507824
TTGATGTGTAGTCCCG-1-Topic-7-Cell-4,1,24.0,90.0,5588.5390893936055,10548.981132988058
TTGATGTGTAGTCCCG-1-Topic-9-Cell-5,1,24.0,90.0,5488.841831929245,10374.038594152262
TTGATTAGCTGTTTCT-1-Topic-2-Cell-1,1,48.0,34.0,9700.0,4941.0
TTGATTAGCTGTTTCT-1-Topic-3-Cell-2,1,48.0,34.0,9761.802641070479,4873.535900966221
TTGATTATGCAGATGA-1-Topic-6-Cell-1,1,27.0,33.0,6064.0,4818.0
TTGATTATGCAGATGA-1-Topic-6-Cell-2,1,27.0,33.0,6094.901320535239,4784.26795048311
TTGATTATGCAGATGA-1-Topic-6-Cell-3,1,27.0,33.0,5999.552387106307,4823.656035994198
TTGATTATGCAGATGA-1-Topic-6-Cell-4,1,27.0,33.0,6126.881171374884,4866.209818634973
TTGATTATGCAGATGA-1-Topic-6-Cell-5,1,27.0,33.0,6048.063568859983,4727.905598041579
TTGATTATGCAGATGA-1-Topic-6-Cell-6,1,27.0,33.0,6009.0968550217885,4904.309666600323
TTGATTATGCAGATGA-1-Topic-6-Cell-7,1,27.0,33.0,6172.213778473883,4788.909884823291
TTGATTATGCAGATGA-1-Topic-7-Cell-8,1,27.0,33.0,5956.588675800891,4762.214635774117
TTGCACAATTCAGAAA-1-Topic-0-Cell-1,1,43.0,57.0,8820.0,7225.0
TTGCACAATTCAGAAA-1-Topic-3-Cell-2,1,43.0,57.0,8863.701066596173,7177.295678086574
TTGCACAATTCAGAAA-1-Topic-3-Cell-3,1,43.0,57.0,8728.857311783167,7232.998842812265
TTGCACAATTCAGAAA-1-Topic-3-Cell-4,1,43.0,57.0,8908.927405376267,7293.178979353126
TTGCACGGAGCAGCAC-1-Topic-2-Cell-1,1,21.0,59.0,5008.0,7400.0
TTGCACGGAGCAGCAC-1-Topic-2-Cell-2,1,21.0,59.0,5047.087422239316,7357.331957352419
TTGCACGGAGCAGCAC-1-Topic-6-Cell-3,1,21.0,59.0,4926.479501398037,7407.154382507824
TTGCACGGAGCAGCAC-1-Topic-6-Cell-4,1,21.0,59.0,5087.5390893936055,7460.981132988058
TTGCACGGAGCAGCAC-1-Topic-8-Cell-5,1,21.0,59.0,4987.841831929245,7286.038594152262
TTGCATGCTGATCACG-1-Topic-3-Cell-1,1,41.0,35.0,8487.0,5033.0
TTGCATGCTGATCACG-1-Topic-4-Cell-2,1,41.0,35.0,8548.802641070479,4965.535900966221
TTGCCATAGCCCGCTC-1-Topic-0-Cell-1,1,54.0,24.0,10745.0,3952.0
TTGCCATAGCCCGCTC-1-Topic-0-Cell-2,1,54.0,24.0,10788.701066596173,3904.295678086574
TTGCCATAGCCCGCTC-1-Topic-0-Cell-3,1,54.0,24.0,10653.857311783167,3959.998842812265
TTGCCATAGCCCGCTC-1-Topic-7-Cell-4,1,54.0,24.0,10833.927405376267,4020.178979353126
TTGCCCTGATCACGGG-1-Topic-3-Cell-1,1,36.0,34.0,7622.0,4928.0
TTGCCCTGATCACGGG-1-Topic-3-Cell-2,1,36.0,34.0,7665.701066596173,4880.295678086574
TTGCCCTGATCACGGG-1-Topic-3-Cell-3,1,36.0,34.0,7530.8573117831675,4935.998842812265
TTGCCCTGATCACGGG-1-Topic-3-Cell-4,1,36.0,34.0,7710.927405376267,4996.178979353126
TTGCCGCTTTCTAGTA-1-Topic-0-Cell-1,1,62.0,78.0,12097.0,9335.0
TTGCCGCTTTCTAGTA-1-Topic-2-Cell-2,1,62.0,78.0,12132.68177145867,9296.049584262211
TTGCCGCTTTCTAGTA-1-Topic-5-Cell-3,1,62.0,78.0,12022.582306694394,9341.531027807592
TTGCCGCTTTCTAGTA-1-Topic-6-Cell-4,1,62.0,78.0,12169.608922440497,9390.667903532969
TTGCCGCTTTCTAGTA-1-Topic-7-Cell-5,1,62.0,78.0,12078.59819438278,9230.967945553655
TTGCCGCTTTCTAGTA-1-Topic-7-Cell-6,1,62.0,78.0,12033.603308934946,9434.661818490727
TTGCGGCATCAGAAAG-1-Topic-0-Cell-1,1,53.0,45.0,10559.0,6041.0
TTGCGGCATCAGAAAG-1-Topic-0-Cell-2,1,53.0,45.0,10598.087422239316,5998.331957352419
TTGCGGCATCAGAAAG-1-Topic-0-Cell-3,1,53.0,45.0,10477.479501398038,6048.154382507824
TTGCGGCATCAGAAAG-1-Topic-3-Cell-4,1,53.0,45.0,10638.539089393606,6101.981132988058
TTGCGGCATCAGAAAG-1-Topic-6-Cell-5,1,53.0,45.0,10538.841831929245,5927.038594152262
TTGCGTAGTTTGAGGA-1-Topic-0-Cell-1,1,25.0,19.0,5726.0,3423.0
TTGCGTAGTTTGAGGA-1-Topic-0-Cell-2,1,25.0,19.0,5776.461645126349,3367.9157938035496
TTGCGTAGTTTGAGGA-1-Topic-6-Cell-3,1,25.0,19.0,5620.757488846692,3432.236268101734
TTGCGTCGGCCAACCG-1-Topic-0-Cell-1,1,51.0,41.0,10215.0,5641.0
TTGCGTCGGCCAACCG-1-Topic-0-Cell-2,1,51.0,41.0,10265.46164512635,5585.91579380355
TTGCGTCGGCCAACCG-1-Topic-2-Cell-3,1,51.0,41.0,10109.757488846692,5650.236268101734
TTGCTCCCATACCGGA-1-Topic-6-Cell-1,1,22.0,72.0,5173.0,8695.0
TTGCTCCCATACCGGA-1-Topic-6-Cell-2,1,22.0,72.0,5212.087422239316,8652.331957352419
TTGCTCCCATACCGGA-1-Topic-6-Cell-3,1,22.0,72.0,5091.479501398037,8702.154382507824
TTGCTCCCATACCGGA-1-Topic-6-Cell-4,1,22.0,72.0,5252.5390893936055,8755.981132988058
TTGCTCCCATACCGGA-1-Topic-6-Cell-5,1,22.0,72.0,5152.841831929245,8581.038594152262
TTGCTGAAGGAACCAC-1-Topic-3-Cell-1,1,19.0,57.0,4663.0,7198.0
TTGCTGAAGGAACCAC-1-Topic-3-Cell-2,1,19.0,57.0,4698.6817714586705,7159.049584262212
TTGCTGAAGGAACCAC-1-Topic-3-Cell-3,1,19.0,57.0,4588.582306694395,7204.531027807593
TTGCTGAAGGAACCAC-1-Topic-3-Cell-4,1,19.0,57.0,4735.608922440497,7253.66790353297
TTGCTGAAGGAACCAC-1-Topic-7-Cell-5,1,19.0,57.0,4644.598194382778,7093.967945553654
TTGCTGAAGGAACCAC-1-Topic-7-Cell-6,1,19.0,57.0,4599.603308934945,7297.6618184907275
TTGCTGATCATGTTCG-1-Topic-6-Cell-1,1,33.0,57.0,7088.0,7214.0
TTGCTGATCATGTTCG-1-Topic-7-Cell-2,1,33.0,57.0,7131.701066596173,7166.295678086574
TTGCTGATCATGTTCG-1-Topic-7-Cell-3,1,33.0,57.0,6996.8573117831675,7221.998842812265
TTGCTGATCATGTTCG-1-Topic-7-Cell-4,1,33.0,57.0,7176.927405376267,7282.178979353126
TTGCTGCACCTATCCA-1-Topic-0-Cell-1,1,22.0,20.0,5206.0,3519.0
TTGCTGCACCTATCCA-1-Topic-0-Cell-2,1,22.0,20.0,5239.034901211928,3482.9389222154587
TTGCTGCACCTATCCA-1-Topic-3-Cell-3,1,22.0,20.0,5137.102603758962,3525.046556816443
TTGCTGCACCTATCCA-1-Topic-3-Cell-4,1,22.0,20.0,5273.222799818238,3570.5384640030225
TTGCTGCACCTATCCA-1-Topic-3-Cell-5,1,22.0,20.0,5188.9632384874685,3422.6850329729414
TTGCTGCACCTATCCA-1-Topic-5-Cell-6,1,22.0,20.0,5147.306069152901,3611.268914738599
TTGCTGCACCTATCCA-1-Topic-5-Cell-7,1,22.0,20.0,5321.685395307864,3487.9013587619884
TTGGAAGAATACAGTC-1-Topic-0-Cell-1,1,50.0,24.0,10052.0,3948.0
TTGGAAGAATACAGTC-1-Topic-3-Cell-2,1,50.0,24.0,10095.701066596173,3900.295678086574
TTGGAAGAATACAGTC-1-Topic-3-Cell-3,1,50.0,24.0,9960.857311783167,3955.998842812265
TTGGAAGAATACAGTC-1-Topic-5-Cell-4,1,50.0,24.0,10140.927405376267,4016.178979353126
TTGGACATGTGGCTTA-1-Topic-3-Cell-1,1,41.0,29.0,8491.0,4436.0
TTGGACATGTGGCTTA-1-Topic-3-Cell-2,1,41.0,29.0,8534.701066596173,4388.295678086574
TTGGACATGTGGCTTA-1-Topic-3-Cell-3,1,41.0,29.0,8399.857311783167,4443.998842812265
TTGGACATGTGGCTTA-1-Topic-3-Cell-4,1,41.0,29.0,8579.927405376267,4504.178979353126
TTGGACCTATAACAGT-1-Topic-3-Cell-1,1,56.0,86.0,11053.0,10125.0
TTGGACCTATAACAGT-1-Topic-3-Cell-2,1,56.0,86.0,11092.087422239316,10082.331957352419
TTGGACCTATAACAGT-1-Topic-3-Cell-3,1,56.0,86.0,10971.479501398038,10132.154382507824
TTGGACCTATAACAGT-1-Topic-7-Cell-4,1,56.0,86.0,11132.539089393606,10185.981132988058
TTGGACCTATAACAGT-1-Topic-7-Cell-5,1,56.0,86.0,11032.841831929245,10011.038594152262
TTGGATATCGTCTACG-1-Topic-0-Cell-1,1,48.0,52.0,9689.0,6732.0
TTGGATATCGTCTACG-1-Topic-0-Cell-2,1,48.0,52.0,9728.087422239316,6689.331957352419
TTGGATATCGTCTACG-1-Topic-0-Cell-3,1,48.0,52.0,9607.479501398038,6739.154382507824
TTGGATATCGTCTACG-1-Topic-5-Cell-4,1,48.0,52.0,9768.539089393606,6792.981132988058
TTGGATATCGTCTACG-1-Topic-6-Cell-5,1,48.0,52.0,9668.841831929245,6618.038594152262
TTGGATTGGGTACCAC-1-Topic-3-Cell-1,1,17.0,55.0,4318.0,6997.0
TTGGATTGGGTACCAC-1-Topic-3-Cell-2,1,17.0,55.0,4357.087422239316,6954.331957352419
TTGGATTGGGTACCAC-1-Topic-6-Cell-3,1,17.0,55.0,4236.479501398037,7004.154382507824
TTGGATTGGGTACCAC-1-Topic-8-Cell-4,1,17.0,55.0,4397.5390893936055,7057.981132988058
TTGGATTGGGTACCAC-1-Topic-8-Cell-5,1,17.0,55.0,4297.841831929245,6883.038594152262
TTGGCCATCTTGCGCT-1-Topic-5-Cell-1,1,17.0,21.0,4339.0,3613.0
TTGGCCTAGAATTTCG-1-Topic-4-Cell-1,1,16.0,82.0,4128.0,9683.0
TTGGCCTAGAATTTCG-1-Topic-8-Cell-2,1,16.0,82.0,4189.802641070479,9615.53590096622
TTGGCTCGCATGAGAC-1-Topic-6-Cell-1,1,23.0,37.0,5368.0,5212.0
TTGGCTCGCATGAGAC-1-Topic-6-Cell-2,1,23.0,37.0,5403.6817714586705,5173.049584262212
TTGGCTCGCATGAGAC-1-Topic-6-Cell-3,1,23.0,37.0,5293.582306694395,5218.531027807593
TTGGCTCGCATGAGAC-1-Topic-6-Cell-4,1,23.0,37.0,5440.608922440497,5267.66790353297
TTGGCTCGCATGAGAC-1-Topic-6-Cell-5,1,23.0,37.0,5349.598194382778,5107.967945553654
TTGGCTCGCATGAGAC-1-Topic-6-Cell-6,1,23.0,37.0,5304.603308934945,5311.6618184907275
TTGGGACACTGCCCGC-1-Topic-3-Cell-1,1,28.0,70.0,6214.0,8502.0
TTGGGACACTGCCCGC-1-Topic-6-Cell-2,1,28.0,70.0,6264.461645126349,8446.91579380355
TTGGGACACTGCCCGC-1-Topic-6-Cell-3,1,28.0,70.0,6108.757488846692,8511.236268101733
TTGGGCGGCGGTTGCC-1-Topic-4-Cell-1,1,30.0,76.0,6556.0,9101.0
TTGGGCGGCGGTTGCC-1-Topic-4-Cell-2,1,30.0,76.0,6591.6817714586705,9062.049584262211
TTGGGCGGCGGTTGCC-1-Topic-6-Cell-3,1,30.0,76.0,6481.582306694395,9107.531027807592
TTGGGCGGCGGTTGCC-1-Topic-6-Cell-4,1,30.0,76.0,6628.608922440497,9156.667903532969
TTGGGCGGCGGTTGCC-1-Topic-6-Cell-5,1,30.0,76.0,6537.598194382778,8996.967945553655
TTGGGCGGCGGTTGCC-1-Topic-6-Cell-6,1,30.0,76.0,6492.603308934945,9200.661818490727
TTGGTCACACTCGTAA-1-Topic-0-Cell-1,1,48.0,48.0,9691.0,6334.0
TTGGTCACACTCGTAA-1-Topic-3-Cell-2,1,48.0,48.0,9734.701066596173,6286.295678086574
TTGGTCACACTCGTAA-1-Topic-3-Cell-3,1,48.0,48.0,9599.857311783167,6341.998842812265
TTGGTCACACTCGTAA-1-Topic-3-Cell-4,1,48.0,48.0,9779.927405376267,6402.178979353126
TTGGTTGCGGTGCGCG-1-Topic-0-Cell-1,1,53.0,23.0,10573.0,3851.0
TTGGTTGCGGTGCGCG-1-Topic-0-Cell-2,1,53.0,23.0,10623.46164512635,3795.9157938035496
TTGGTTGCGGTGCGCG-1-Topic-3-Cell-3,1,53.0,23.0,10467.757488846692,3860.236268101734
TTGTAAGGACCTAAGT-1-Topic-0-Cell-1,1,46.0,32.0,9355.0,4740.0
TTGTAAGGACCTAAGT-1-Topic-0-Cell-2,1,46.0,32.0,9385.90132053524,4706.26795048311
TTGTAAGGACCTAAGT-1-Topic-3-Cell-3,1,46.0,32.0,9290.552387106307,4745.656035994198
TTGTAAGGACCTAAGT-1-Topic-3-Cell-4,1,46.0,32.0,9417.881171374884,4788.209818634973
TTGTAAGGACCTAAGT-1-Topic-3-Cell-5,1,46.0,32.0,9339.063568859983,4649.905598041579
TTGTAAGGACCTAAGT-1-Topic-5-Cell-6,1,46.0,32.0,9300.096855021788,4826.309666600323
TTGTAAGGACCTAAGT-1-Topic-5-Cell-7,1,46.0,32.0,9463.213778473884,4710.909884823291
TTGTAAGGACCTAAGT-1-Topic-6-Cell-8,1,46.0,32.0,9247.588675800891,4684.214635774117
TTGTAAGGCCAGTTGG-1-Topic-3-Cell-1,1,27.0,81.0,6034.0,9596.0
TTGTAAGGCCAGTTGG-1-Topic-4-Cell-2,1,27.0,81.0,6067.034901211928,9559.938922215459
TTGTAAGGCCAGTTGG-1-Topic-6-Cell-3,1,27.0,81.0,5965.102603758962,9602.046556816444
TTGTAAGGCCAGTTGG-1-Topic-6-Cell-4,1,27.0,81.0,6101.222799818238,9647.538464003022
TTGTAAGGCCAGTTGG-1-Topic-7-Cell-5,1,27.0,81.0,6016.9632384874685,9499.68503297294
TTGTAAGGCCAGTTGG-1-Topic-7-Cell-6,1,27.0,81.0,5975.306069152901,9688.268914738599
TTGTAAGGCCAGTTGG-1-Topic-7-Cell-7,1,27.0,81.0,6149.685395307864,9564.901358761988
TTGTAATCCGTACTCG-1-Topic-3-Cell-1,1,35.0,55.0,7435.0,7017.0
TTGTAATCCGTACTCG-1-Topic-3-Cell-2,1,35.0,55.0,7468.034901211928,6980.938922215459
TTGTAATCCGTACTCG-1-Topic-6-Cell-3,1,35.0,55.0,7366.102603758962,7023.046556816443
TTGTAATCCGTACTCG-1-Topic-6-Cell-4,1,35.0,55.0,7502.222799818238,7068.538464003022
TTGTAATCCGTACTCG-1-Topic-6-Cell-5,1,35.0,55.0,7417.9632384874685,6920.685032972941
TTGTAATCCGTACTCG-1-Topic-7-Cell-6,1,35.0,55.0,7376.306069152901,7109.268914738599
TTGTAATCCGTACTCG-1-Topic-7-Cell-7,1,35.0,55.0,7550.685395307864,6985.901358761988
TTGTCGTTCAGTTACC-1-Topic-1-Cell-1,1,22.0,58.0,5182.0,7301.0
TTGTCGTTCAGTTACC-1-Topic-1-Cell-2,1,22.0,58.0,5221.087422239316,7258.331957352419
TTGTCGTTCAGTTACC-1-Topic-1-Cell-3,1,22.0,58.0,5100.479501398037,7308.154382507824
TTGTCGTTCAGTTACC-1-Topic-3-Cell-4,1,22.0,58.0,5261.5390893936055,7361.981132988058
TTGTCGTTCAGTTACC-1-Topic-3-Cell-5,1,22.0,58.0,5161.841831929245,7187.038594152262
TTGTGAACCTAATCCG-1-Topic-3-Cell-1,1,56.0,90.0,11050.0,10523.0
TTGTGAACCTAATCCG-1-Topic-7-Cell-2,1,56.0,90.0,11100.46164512635,10467.91579380355
TTGTGAACCTAATCCG-1-Topic-7-Cell-3,1,56.0,90.0,10944.757488846692,10532.236268101733
TTGTGAGGCATGACGC-1-Topic-0-Cell-1,1,43.0,13.0,8847.0,2845.0
TTGTGAGGCATGACGC-1-Topic-0-Cell-2,1,43.0,13.0,8877.90132053524,2811.2679504831103
TTGTGAGGCATGACGC-1-Topic-0-Cell-3,1,43.0,13.0,8782.552387106307,2850.656035994198
TTGTGAGGCATGACGC-1-Topic-3-Cell-4,1,43.0,13.0,8909.881171374884,2893.209818634973
TTGTGAGGCATGACGC-1-Topic-3-Cell-5,1,43.0,13.0,8831.063568859983,2754.905598041579
TTGTGAGGCATGACGC-1-Topic-3-Cell-6,1,43.0,13.0,8792.096855021788,2931.3096666003235
TTGTGAGGCATGACGC-1-Topic-3-Cell-7,1,43.0,13.0,8955.213778473884,2815.90988482329
TTGTGAGGCATGACGC-1-Topic-3-Cell-8,1,43.0,13.0,8739.588675800891,2789.2146357741167
TTGTGCAGCCACGTCA-1-Topic-2-Cell-1,1,60.0,74.0,11753.0,8935.0
TTGTGCAGCCACGTCA-1-Topic-2-Cell-2,1,60.0,74.0,11796.701066596173,8887.295678086573
TTGTGCAGCCACGTCA-1-Topic-6-Cell-3,1,60.0,74.0,11661.857311783167,8942.998842812265
TTGTGCAGCCACGTCA-1-Topic-7-Cell-4,1,60.0,74.0,11841.927405376267,9003.178979353126
TTGTGGCCCTGACAGT-1-Topic-2-Cell-1,1,18.0,60.0,4488.0,7496.0
TTGTGGCCCTGACAGT-1-Topic-2-Cell-2,1,18.0,60.0,4523.6817714586705,7457.049584262212
TTGTGGCCCTGACAGT-1-Topic-3-Cell-3,1,18.0,60.0,4413.582306694395,7502.531027807593
TTGTGGCCCTGACAGT-1-Topic-6-Cell-4,1,18.0,60.0,4560.608922440497,7551.66790353297
TTGTGGCCCTGACAGT-1-Topic-7-Cell-5,1,18.0,60.0,4469.598194382778,7391.967945553654
TTGTGGCCCTGACAGT-1-Topic-8-Cell-6,1,18.0,60.0,4424.603308934945,7595.6618184907275
TTGTGGTAGGAGGGAT-1-Topic-0-Cell-1,1,50.0,28.0,10050.0,4346.0
TTGTGGTAGGAGGGAT-1-Topic-0-Cell-2,1,50.0,28.0,10100.46164512635,4290.91579380355
TTGTGGTAGGAGGGAT-1-Topic-5-Cell-3,1,50.0,28.0,9944.757488846692,4355.236268101734
TTGTGGTGGTACTAAG-1-Topic-7-Cell-1,1,63.0,95.0,12259.0,11028.0
TTGTGGTGGTACTAAG-1-Topic-7-Cell-2,1,63.0,95.0,12320.802641070479,10960.53590096622
TTGTGTATGCCACCAA-1-Topic-2-Cell-1,1,56.0,60.0,11069.0,7537.0
TTGTGTATGCCACCAA-1-Topic-6-Cell-2,1,56.0,60.0,11104.68177145867,7498.049584262212
TTGTGTATGCCACCAA-1-Topic-6-Cell-3,1,56.0,60.0,10994.582306694394,7543.531027807593
TTGTGTATGCCACCAA-1-Topic-6-Cell-4,1,56.0,60.0,11141.608922440497,7592.66790353297
TTGTGTATGCCACCAA-1-Topic-6-Cell-5,1,56.0,60.0,11050.59819438278,7432.967945553654
TTGTGTATGCCACCAA-1-Topic-6-Cell-6,1,56.0,60.0,11005.603308934946,7636.6618184907275
TTGTGTTTCCCGAAAG-1-Topic-2-Cell-1,1,51.0,59.0,10204.0,7432.0
TTGTGTTTCCCGAAAG-1-Topic-2-Cell-2,1,51.0,59.0,10243.087422239316,7389.331957352419
TTGTGTTTCCCGAAAG-1-Topic-2-Cell-3,1,51.0,59.0,10122.479501398038,7439.154382507824
TTGTGTTTCCCGAAAG-1-Topic-2-Cell-4,1,51.0,59.0,10283.539089393606,7492.981132988058
TTGTGTTTCCCGAAAG-1-Topic-6-Cell-5,1,51.0,59.0,10183.841831929245,7318.038594152262
TTGTTAGCAAATTCGA-1-Topic-4-Cell-1,1,22.0,42.0,5192.0,5709.0
TTGTTAGCAAATTCGA-1-Topic-5-Cell-2,1,22.0,42.0,5227.6817714586705,5670.049584262212
TTGTTAGCAAATTCGA-1-Topic-6-Cell-3,1,22.0,42.0,5117.582306694395,5715.531027807593
TTGTTAGCAAATTCGA-1-Topic-6-Cell-4,1,22.0,42.0,5264.608922440497,5764.66790353297
TTGTTAGCAAATTCGA-1-Topic-6-Cell-5,1,22.0,42.0,5173.598194382778,5604.967945553654
TTGTTAGCAAATTCGA-1-Topic-6-Cell-6,1,22.0,42.0,5128.603308934945,5808.6618184907275
TTGTTCAGTGTGCTAC-1-Topic-3-Cell-1,1,24.0,64.0,5525.0,7901.0
TTGTTCAGTGTGCTAC-1-Topic-3-Cell-2,1,24.0,64.0,5560.6817714586705,7862.049584262212
TTGTTCAGTGTGCTAC-1-Topic-6-Cell-3,1,24.0,64.0,5450.582306694395,7907.531027807593
TTGTTCAGTGTGCTAC-1-Topic-6-Cell-4,1,24.0,64.0,5597.608922440497,7956.66790353297
TTGTTCAGTGTGCTAC-1-Topic-6-Cell-5,1,24.0,64.0,5506.598194382778,7796.967945553654
TTGTTCAGTGTGCTAC-1-Topic-6-Cell-6,1,24.0,64.0,5461.603308934945,8000.6618184907275
TTGTTGTGTGTCAAGA-1-Topic-4-Cell-1,1,31.0,77.0,6729.0,9202.0
TTGTTGTGTGTCAAGA-1-Topic-4-Cell-2,1,31.0,77.0,6772.701066596173,9154.295678086573
TTGTTGTGTGTCAAGA-1-Topic-9-Cell-3,1,31.0,77.0,6637.8573117831675,9209.998842812265
TTGTTGTGTGTCAAGA-1-Topic-9-Cell-4,1,31.0,77.0,6817.927405376267,9270.178979353126
TTGTTTCACATCCAGG-1-Topic-0-Cell-1,1,58.0,42.0,11427.0,5748.0
TTGTTTCACATCCAGG-1-Topic-3-Cell-2,1,58.0,42.0,11462.68177145867,5709.049584262212
TTGTTTCACATCCAGG-1-Topic-3-Cell-3,1,58.0,42.0,11352.582306694394,5754.531027807593
TTGTTTCACATCCAGG-1-Topic-5-Cell-4,1,58.0,42.0,11499.608922440497,5803.66790353297
TTGTTTCACATCCAGG-1-Topic-6-Cell-5,1,58.0,42.0,11408.59819438278,5643.967945553654
TTGTTTCACATCCAGG-1-Topic-7-Cell-6,1,58.0,42.0,11363.603308934946,5847.6618184907275
TTGTTTCATTAGTCTA-1-Topic-0-Cell-1,1,60.0,30.0,11781.0,4556.0
TTGTTTCATTAGTCTA-1-Topic-0-Cell-2,1,60.0,30.0,11820.087422239316,4513.331957352419
TTGTTTCATTAGTCTA-1-Topic-0-Cell-3,1,60.0,30.0,11699.479501398038,4563.154382507824
TTGTTTCATTAGTCTA-1-Topic-0-Cell-4,1,60.0,30.0,11860.539089393606,4616.981132988058
TTGTTTCATTAGTCTA-1-Topic-5-Cell-5,1,60.0,30.0,11760.841831929245,4442.038594152262
TTGTTTCCATACAACT-1-Topic-0-Cell-1,1,45.0,27.0,9185.0,4241.0
TTGTTTCCATACAACT-1-Topic-0-Cell-2,1,45.0,27.0,9220.68177145867,4202.049584262212
TTGTTTCCATACAACT-1-Topic-0-Cell-3,1,45.0,27.0,9110.582306694394,4247.531027807593
TTGTTTCCATACAACT-1-Topic-5-Cell-4,1,45.0,27.0,9257.608922440497,4296.66790353297
TTGTTTCCATACAACT-1-Topic-5-Cell-5,1,45.0,27.0,9166.59819438278,4136.967945553654
TTGTTTCCATACAACT-1-Topic-9-Cell-6,1,45.0,27.0,9121.603308934946,4340.6618184907275
