barcode,in_tissue,array_row,array_col,pxl_row,pxl_col
SYNTH-1-1-1-Topic-8-Cell-1,1,1.0,1.0,100.0,150.0
SYNTH-1-1-1-Topic-8-Cell-2,1,1.0,1.0,119.63574880943135,128.5655098336136
SYNTH-1-1-1-Topic-8-Cell-3,1,1.0,1.0,59.04779743296415,153.59403741055414
SYNTH-1-1-1-Topic-8-Cell-4,1,1.0,1.0,139.9568324127756,180.63415648483507
SYNTH-1-1-1-Topic-8-Cell-5,1,1.0,1.0,89.87345028095746,92.75095642032298
SYNTH-1-2-1-Topic-0-Cell-1,1,1.0,2.0,100.0,250.0
SYNTH-1-2-1-Topic-0-Cell-2,1,1.0,2.0,119.63574880943135,228.5655098336136
SYNTH-1-2-1-Topic-0-Cell-3,1,1.0,2.0,59.04779743296415,253.59403741055414
SYNTH-1-2-1-Topic-8-Cell-4,1,1.0,2.0,139.9568324127756,280.6341564848351
SYNTH-1-2-1-Topic-8-Cell-5,1,1.0,2.0,89.87345028095746,192.75095642032298
SYNTH-1-3-1-Topic-0-Cell-1,1,1.0,3.0,100.0,350.0
SYNTH-1-3-1-Topic-0-Cell-2,1,1.0,3.0,117.92490426071794,330.4330770454125
SYNTH-1-3-1-Topic-0-Cell-3,1,1.0,3.0,62.61592479085583,353.28089227046326
SYNTH-1-3-1-Topic-4-Cell-4,1,1.0,3.0,136.4754307315513,377.96503089481223
SYNTH-1-3-1-Topic-8-Cell-5,1,1.0,3.0,90.755767148638,297.7390123930243
SYNTH-1-3-1-Topic-8-Cell-6,1,1.0,3.0,68.15237665249717,400.0655791981769
SYNTH-1-4-1-Topic-7-Cell-1,1,1.0,4.0,100.0,450.0
SYNTH-1-4-1-Topic-8-Cell-2,1,1.0,4.0,119.63574880943135,428.5655098336136
SYNTH-1-4-1-Topic-8-Cell-3,1,1.0,4.0,59.04779743296415,453.59403741055417
SYNTH-1-4-1-Topic-9-Cell-4,1,1.0,4.0,139.9568324127756,480.6341564848351
SYNTH-1-4-1-Topic-9-Cell-5,1,1.0,4.0,89.87345028095746,392.75095642032295
SYNTH-1-5-1-Topic-4-Cell-1,1,1.0,5.0,100.0,550.0
SYNTH-1-5-1-Topic-7-Cell-2,1,1.0,5.0,119.63574880943135,528.5655098336136
SYNTH-1-5-1-Topic-7-Cell-3,1,1.0,5.0,59.04779743296415,553.5940374105542
SYNTH-1-5-1-Topic-8-Cell-4,1,1.0,5.0,139.9568324127756,580.6341564848351
SYNTH-1-5-1-Topic-10-Cell-5,1,1.0,5.0,89.87345028095746,492.75095642032295
SYNTH-1-6-1-Topic-4-Cell-1,1,1.0,6.0,100.0,650.0
SYNTH-1-6-1-Topic-8-Cell-2,1,1.0,6.0,121.95343456349953,626.0355114624546
SYNTH-1-6-1-Topic-8-Cell-3,1,1.0,6.0,54.21404561588323,654.0182559818381
SYNTH-1-6-1-Topic-8-Cell-4,1,1.0,6.0,144.6730967202666,684.2500281667286
SYNTH-1-7-1-Topic-7-Cell-1,1,1.0,7.0,100.0,750.0
SYNTH-1-7-1-Topic-8-Cell-2,1,1.0,7.0,121.95343456349953,726.0355114624546
SYNTH-1-7-1-Topic-8-Cell-3,1,1.0,7.0,54.21404561588323,754.0182559818381
SYNTH-1-7-1-Topic-8-Cell-4,1,1.0,7.0,144.6730967202666,784.2500281667286
SYNTH-1-8-1-Topic-7-Cell-1,1,1.0,8.0,100.0,850.0
SYNTH-1-8-1-Topic-7-Cell-2,1,1.0,8.0,125.34964270974658,822.328192183713
SYNTH-1-8-1-Topic-7-Cell-3,1,1.0,8.0,47.130933822452505,854.6398823455742
SYNTH-1-9-1-Topic-7-Cell-1,1,1.0,9.0,100.0,950.0
SYNTH-1-9-1-Topic-8-Cell-2,1,1.0,9.0,121.95343456349953,926.0355114624546
SYNTH-1-9-1-Topic-8-Cell-3,1,1.0,9.0,54.21404561588323,954.0182559818381
SYNTH-1-9-1-Topic-8-Cell-4,1,1.0,9.0,144.6730967202666,984.2500281667286
SYNTH-1-10-1-Topic-8-Cell-1,1,1.0,10.0,100.0,1050.0
SYNTH-1-10-1-Topic-8-Cell-2,1,1.0,10.0,121.95343456349953,1026.0355114624547
SYNTH-1-10-1-Topic-8-Cell-3,1,1.0,10.0,54.21404561588323,1054.0182559818381
SYNTH-1-10-1-Topic-8-Cell-4,1,1.0,10.0,144.6730967202666,1084.2500281667287
SYNTH-1-11-1-Topic-0-Cell-1,1,1.0,11.0,100.0,1150.0
SYNTH-1-11-1-Topic-0-Cell-2,1,1.0,11.0,117.92490426071794,1130.4330770454126
SYNTH-1-11-1-Topic-7-Cell-3,1,1.0,11.0,62.61592479085583,1153.2808922704633
SYNTH-1-11-1-Topic-8-Cell-4,1,1.0,11.0,136.4754307315513,1177.9650308948123
SYNTH-1-11-1-Topic-8-Cell-5,1,1.0,11.0,90.755767148638,1097.7390123930243
SYNTH-1-11-1-Topic-8-Cell-6,1,1.0,11.0,68.15237665249717,1200.065579198177
SYNTH-1-12-1-Topic-0-Cell-1,1,1.0,12.0,100.0,1250.0
SYNTH-1-12-1-Topic-0-Cell-2,1,1.0,12.0,121.95343456349953,1226.0355114624547
SYNTH-1-12-1-Topic-8-Cell-3,1,1.0,12.0,54.21404561588323,1254.0182559818381
SYNTH-1-12-1-Topic-8-Cell-4,1,1.0,12.0,144.6730967202666,1284.2500281667287
SYNTH-1-13-1-Topic-0-Cell-1,1,1.0,13.0,100.0,1350.0
SYNTH-1-13-1-Topic-0-Cell-2,1,1.0,13.0,117.92490426071794,1330.4330770454126
SYNTH-1-13-1-Topic-8-Cell-3,1,1.0,13.0,62.61592479085583,1353.2808922704633
SYNTH-1-13-1-Topic-8-Cell-4,1,1.0,13.0,136.4754307315513,1377.9650308948123
SYNTH-1-13-1-Topic-8-Cell-5,1,1.0,13.0,90.755767148638,1297.7390123930243
SYNTH-1-13-1-Topic-10-Cell-6,1,1.0,13.0,68.15237665249717,1400.065579198177
SYNTH-1-14-1-Topic-0-Cell-1,1,1.0,14.0,100.0,1450.0
SYNTH-1-14-1-Topic-2-Cell-2,1,1.0,14.0,117.92490426071794,1430.4330770454126
SYNTH-1-14-1-Topic-2-Cell-3,1,1.0,14.0,62.61592479085583,1453.2808922704633
SYNTH-1-14-1-Topic-7-Cell-4,1,1.0,14.0,136.4754307315513,1477.9650308948123
SYNTH-1-14-1-Topic-8-Cell-5,1,1.0,14.0,90.755767148638,1397.7390123930243
SYNTH-1-14-1-Topic-9-Cell-6,1,1.0,14.0,68.15237665249717,1500.065579198177
SYNTH-1-15-1-Topic-0-Cell-1,1,1.0,15.0,100.0,1550.0
SYNTH-1-15-1-Topic-0-Cell-2,1,1.0,15.0,119.63574880943135,1528.5655098336135
SYNTH-1-15-1-Topic-0-Cell-3,1,1.0,15.0,59.04779743296415,1553.5940374105542
SYNTH-1-15-1-Topic-8-Cell-4,1,1.0,15.0,139.9568324127756,1580.634156484835
SYNTH-1-15-1-Topic-8-Cell-5,1,1.0,15.0,89.87345028095746,1492.750956420323
SYNTH-1-16-1-Topic-0-Cell-1,1,1.0,16.0,100.0,1650.0
SYNTH-1-16-1-Topic-0-Cell-2,1,1.0,16.0,117.92490426071794,1630.4330770454126
SYNTH-1-16-1-Topic-0-Cell-3,1,1.0,16.0,62.61592479085583,1653.2808922704633
SYNTH-1-16-1-Topic-0-Cell-4,1,1.0,16.0,136.4754307315513,1677.9650308948123
SYNTH-1-16-1-Topic-0-Cell-5,1,1.0,16.0,90.755767148638,1597.7390123930243
SYNTH-1-16-1-Topic-0-Cell-6,1,1.0,16.0,68.15237665249717,1700.065579198177
SYNTH-1-17-1-Topic-0-Cell-1,1,1.0,17.0,100.0,1750.0
SYNTH-1-17-1-Topic-0-Cell-2,1,1.0,17.0,116.5952366510713,1731.884549437942
SYNTH-1-17-1-Topic-0-Cell-3,1,1.0,17.0,65.38907175996559,1753.0375160091833
SYNTH-1-17-1-Topic-0-Cell-4,1,1.0,17.0,133.76968691913163,1775.8905876931776
SYNTH-1-17-1-Topic-7-Cell-5,1,1.0,17.0,91.44150341923134,1701.6157272394978
SYNTH-1-17-1-Topic-8-Cell-6,1,1.0,17.0,70.51483017489629,1796.3517195284267
SYNTH-1-17-1-Topic-8-Cell-7,1,1.0,17.0,158.1150977231786,1734.3774525747567
SYNTH-1-18-1-Topic-0-Cell-1,1,1.0,18.0,100.0,1850.0
SYNTH-1-18-1-Topic-8-Cell-2,1,1.0,18.0,119.63574880943135,1828.5655098336135
SYNTH-1-18-1-Topic-8-Cell-3,1,1.0,18.0,59.04779743296415,1853.5940374105542
SYNTH-1-18-1-Topic-8-Cell-4,1,1.0,18.0,139.9568324127756,1880.634156484835
SYNTH-1-18-1-Topic-8-Cell-5,1,1.0,18.0,89.87345028095746,1792.750956420323
SYNTH-1-19-1-Topic-8-Cell-1,1,1.0,19.0,100.0,1950.0
SYNTH-1-19-1-Topic-8-Cell-2,1,1.0,19.0,117.92490426071794,1930.4330770454126
SYNTH-1-19-1-Topic-8-Cell-3,1,1.0,19.0,62.61592479085583,1953.2808922704633
SYNTH-1-19-1-Topic-8-Cell-4,1,1.0,19.0,136.4754307315513,1977.9650308948123
SYNTH-1-19-1-Topic-8-Cell-5,1,1.0,19.0,90.755767148638,1897.7390123930243
SYNTH-1-19-1-Topic-8-Cell-6,1,1.0,19.0,68.15237665249717,2000.065579198177
SYNTH-1-20-1-Topic-7-Cell-1,1,1.0,20.0,100.0,2050.0
SYNTH-1-20-1-Topic-8-Cell-2,1,1.0,20.0,121.95343456349953,2026.0355114624547
SYNTH-1-20-1-Topic-8-Cell-3,1,1.0,20.0,54.21404561588323,2054.018255981838
SYNTH-1-20-1-Topic-8-Cell-4,1,1.0,20.0,144.6730967202666,2084.2500281667285
SYNTH-1-21-1-Topic-0-Cell-1,1,1.0,21.0,100.0,2150.0
SYNTH-1-21-1-Topic-4-Cell-2,1,1.0,21.0,119.63574880943135,2128.5655098336138
SYNTH-1-21-1-Topic-8-Cell-3,1,1.0,21.0,59.04779743296415,2153.594037410554
SYNTH-1-21-1-Topic-9-Cell-4,1,1.0,21.0,139.9568324127756,2180.634156484835
SYNTH-1-21-1-Topic-9-Cell-5,1,1.0,21.0,89.87345028095746,2092.750956420323
SYNTH-1-22-1-Topic-0-Cell-1,1,1.0,22.0,100.0,2250.0
SYNTH-1-22-1-Topic-0-Cell-2,1,1.0,22.0,119.63574880943135,2228.5655098336138
SYNTH-1-22-1-Topic-0-Cell-3,1,1.0,22.0,59.04779743296415,2253.594037410554
SYNTH-1-22-1-Topic-8-Cell-4,1,1.0,22.0,139.9568324127756,2280.634156484835
SYNTH-1-22-1-Topic-8-Cell-5,1,1.0,22.0,89.87345028095746,2192.750956420323
SYNTH-1-23-1-Topic-0-Cell-1,1,1.0,23.0,100.0,2350.0
SYNTH-1-23-1-Topic-0-Cell-2,1,1.0,23.0,117.92490426071794,2330.4330770454126
SYNTH-1-23-1-Topic-0-Cell-3,1,1.0,23.0,62.61592479085583,2353.2808922704635
SYNTH-1-23-1-Topic-0-Cell-4,1,1.0,23.0,136.4754307315513,2377.965030894812
SYNTH-1-23-1-Topic-0-Cell-5,1,1.0,23.0,90.755767148638,2297.7390123930245
SYNTH-1-23-1-Topic-0-Cell-6,1,1.0,23.0,68.15237665249717,2400.065579198177
SYNTH-1-24-1-Topic-0-Cell-1,1,1.0,24.0,100.0,2450.0
SYNTH-1-24-1-Topic-7-Cell-2,1,1.0,24.0,121.95343456349953,2426.0355114624545
SYNTH-1-24-1-Topic-8-Cell-3,1,1.0,24.0,54.21404561588323,2454.018255981838
SYNTH-1-24-1-Topic-8-Cell-4,1,1.0,24.0,144.6730967202666,2484.2500281667285
SYNTH-1-25-1-Topic-8-Cell-1,1,1.0,25.0,100.0,2550.0
SYNTH-1-25-1-Topic-8-Cell-2,1,1.0,25.0,119.63574880943135,2528.5655098336138
SYNTH-1-25-1-Topic-8-Cell-3,1,1.0,25.0,59.04779743296415,2553.594037410554
SYNTH-1-25-1-Topic-8-Cell-4,1,1.0,25.0,139.9568324127756,2580.634156484835
SYNTH-1-25-1-Topic-9-Cell-5,1,1.0,25.0,89.87345028095746,2492.750956420323
SYNTH-1-26-1-Topic-6-Cell-1,1,1.0,26.0,100.0,2650.0
SYNTH-1-26-1-Topic-6-Cell-2,1,1.0,26.0,121.95343456349953,2626.0355114624545
SYNTH-1-26-1-Topic-8-Cell-3,1,1.0,26.0,54.21404561588323,2654.018255981838
SYNTH-1-26-1-Topic-8-Cell-4,1,1.0,26.0,144.6730967202666,2684.2500281667285
SYNTH-1-27-1-Topic-0-Cell-1,1,1.0,27.0,100.0,2750.0
SYNTH-1-27-1-Topic-0-Cell-2,1,1.0,27.0,119.63574880943135,2728.5655098336138
SYNTH-1-27-1-Topic-4-Cell-3,1,1.0,27.0,59.04779743296415,2753.594037410554
SYNTH-1-27-1-Topic-4-Cell-4,1,1.0,27.0,139.9568324127756,2780.634156484835
SYNTH-1-27-1-Topic-8-Cell-5,1,1.0,27.0,89.87345028095746,2692.750956420323
SYNTH-1-28-1-Topic-5-Cell-1,1,1.0,28.0,100.0,2850.0
SYNTH-1-28-1-Topic-7-Cell-2,1,1.0,28.0,119.63574880943135,2828.5655098336138
SYNTH-1-28-1-Topic-7-Cell-3,1,1.0,28.0,59.04779743296415,2853.594037410554
SYNTH-1-28-1-Topic-8-Cell-4,1,1.0,28.0,139.9568324127756,2880.634156484835
SYNTH-1-28-1-Topic-8-Cell-5,1,1.0,28.0,89.87345028095746,2792.750956420323
SYNTH-1-29-1-Topic-0-Cell-1,1,1.0,29.0,100.0,2950.0
SYNTH-1-29-1-Topic-0-Cell-2,1,1.0,29.0,119.63574880943135,2928.5655098336138
SYNTH-1-29-1-Topic-0-Cell-3,1,1.0,29.0,59.04779743296415,2953.594037410554
SYNTH-1-29-1-Topic-7-Cell-4,1,1.0,29.0,139.9568324127756,2980.634156484835
SYNTH-1-29-1-Topic-8-Cell-5,1,1.0,29.0,89.87345028095746,2892.750956420323
SYNTH-1-30-1-Topic-0-Cell-1,1,1.0,30.0,100.0,3050.0
SYNTH-1-30-1-Topic-0-Cell-2,1,1.0,30.0,117.92490426071794,3030.4330770454126
SYNTH-1-30-1-Topic-8-Cell-3,1,1.0,30.0,62.61592479085583,3053.2808922704635
SYNTH-1-30-1-Topic-8-Cell-4,1,1.0,30.0,136.4754307315513,3077.965030894812
SYNTH-1-30-1-Topic-8-Cell-5,1,1.0,30.0,90.755767148638,2997.7390123930245
SYNTH-1-30-1-Topic-8-Cell-6,1,1.0,30.0,68.15237665249717,3100.065579198177
SYNTH-1-31-1-Topic-8-Cell-1,1,1.0,31.0,100.0,3150.0
SYNTH-1-31-1-Topic-8-Cell-2,1,1.0,31.0,119.63574880943135,3128.5655098336138
SYNTH-1-31-1-Topic-8-Cell-3,1,1.0,31.0,59.04779743296415,3153.594037410554
SYNTH-1-31-1-Topic-8-Cell-4,1,1.0,31.0,139.9568324127756,3180.634156484835
SYNTH-1-31-1-Topic-8-Cell-5,1,1.0,31.0,89.87345028095746,3092.750956420323
SYNTH-1-32-1-Topic-7-Cell-1,1,1.0,32.0,100.0,3250.0
SYNTH-1-32-1-Topic-7-Cell-2,1,1.0,32.0,119.63574880943135,3228.5655098336138
SYNTH-1-32-1-Topic-8-Cell-3,1,1.0,32.0,59.04779743296415,3253.594037410554
SYNTH-1-32-1-Topic-8-Cell-4,1,1.0,32.0,139.9568324127756,3280.634156484835
SYNTH-1-32-1-Topic-8-Cell-5,1,1.0,32.0,89.87345028095746,3192.750956420323
SYNTH-1-33-1-Topic-8-Cell-1,1,1.0,33.0,100.0,3350.0
SYNTH-1-33-1-Topic-8-Cell-2,1,1.0,33.0,119.63574880943135,3328.5655098336138
SYNTH-1-33-1-Topic-8-Cell-3,1,1.0,33.0,59.04779743296415,3353.594037410554
SYNTH-1-33-1-Topic-8-Cell-4,1,1.0,33.0,139.9568324127756,3380.634156484835
SYNTH-1-33-1-Topic-9-Cell-5,1,1.0,33.0,89.87345028095746,3292.750956420323
SYNTH-1-34-1-Topic-0-Cell-1,1,1.0,34.0,100.0,3450.0
SYNTH-1-34-1-Topic-8-Cell-2,1,1.0,34.0,117.92490426071794,3430.4330770454126
SYNTH-1-34-1-Topic-8-Cell-3,1,1.0,34.0,62.61592479085583,3453.2808922704635
SYNTH-1-34-1-Topic-8-Cell-4,1,1.0,34.0,136.4754307315513,3477.965030894812
SYNTH-1-34-1-Topic-8-Cell-5,1,1.0,34.0,90.755767148638,3397.7390123930245
SYNTH-1-34-1-Topic-8-Cell-6,1,1.0,34.0,68.15237665249717,3500.065579198177
SYNTH-1-35-1-Topic-0-Cell-1,1,1.0,35.0,100.0,3550.0
SYNTH-1-35-1-Topic-0-Cell-2,1,1.0,35.0,117.92490426071794,3530.4330770454126
SYNTH-1-35-1-Topic-4-Cell-3,1,1.0,35.0,62.61592479085583,3553.2808922704635
SYNTH-1-35-1-Topic-8-Cell-4,1,1.0,35.0,136.4754307315513,3577.965030894812
SYNTH-1-35-1-Topic-8-Cell-5,1,1.0,35.0,90.755767148638,3497.7390123930245
SYNTH-1-35-1-Topic-8-Cell-6,1,1.0,35.0,68.15237665249717,3600.065579198177
SYNTH-1-36-1-Topic-7-Cell-1,1,1.0,36.0,100.0,3650.0
SYNTH-1-36-1-Topic-7-Cell-2,1,1.0,36.0,119.63574880943135,3628.5655098336138
SYNTH-1-36-1-Topic-8-Cell-3,1,1.0,36.0,59.04779743296415,3653.594037410554
SYNTH-1-36-1-Topic-8-Cell-4,1,1.0,36.0,139.9568324127756,3680.634156484835
SYNTH-1-36-1-Topic-10-Cell-5,1,1.0,36.0,89.87345028095746,3592.750956420323
SYNTH-1-37-1-Topic-0-Cell-1,1,1.0,37.0,100.0,3750.0
SYNTH-1-37-1-Topic-8-Cell-2,1,1.0,37.0,119.63574880943135,3728.5655098336138
SYNTH-1-37-1-Topic-8-Cell-3,1,1.0,37.0,59.04779743296415,3753.594037410554
SYNTH-1-37-1-Topic-8-Cell-4,1,1.0,37.0,139.9568324127756,3780.634156484835
SYNTH-1-37-1-Topic-8-Cell-5,1,1.0,37.0,89.87345028095746,3692.750956420323
SYNTH-1-38-1-Topic-0-Cell-1,1,1.0,38.0,100.0,3850.0
SYNTH-1-38-1-Topic-0-Cell-2,1,1.0,38.0,119.63574880943135,3828.5655098336138
SYNTH-1-38-1-Topic-0-Cell-3,1,1.0,38.0,59.04779743296415,3853.594037410554
SYNTH-1-38-1-Topic-8-Cell-4,1,1.0,38.0,139.9568324127756,3880.634156484835
SYNTH-1-38-1-Topic-8-Cell-5,1,1.0,38.0,89.87345028095746,3792.750956420323
SYNTH-1-39-1-Topic-7-Cell-1,1,1.0,39.0,100.0,3950.0
SYNTH-1-39-1-Topic-7-Cell-2,1,1.0,39.0,125.34964270974658,3922.328192183713
SYNTH-1-39-1-Topic-7-Cell-3,1,1.0,39.0,47.130933822452505,3954.6398823455743
SYNTH-1-40-1-Topic-7-Cell-1,1,1.0,40.0,100.0,4050.0
SYNTH-1-40-1-Topic-7-Cell-2,1,1.0,40.0,117.92490426071794,4030.4330770454126
SYNTH-1-40-1-Topic-7-Cell-3,1,1.0,40.0,62.61592479085583,4053.2808922704635
SYNTH-1-40-1-Topic-7-Cell-4,1,1.0,40.0,136.4754307315513,4077.965030894812
SYNTH-1-40-1-Topic-8-Cell-5,1,1.0,40.0,90.755767148638,3997.7390123930245
SYNTH-1-40-1-Topic-8-Cell-6,1,1.0,40.0,68.15237665249717,4100.065579198177
SYNTH-1-41-1-Topic-7-Cell-1,1,1.0,41.0,100.0,4150.0
SYNTH-1-41-1-Topic-8-Cell-2,1,1.0,41.0,121.95343456349953,4126.035511462454
SYNTH-1-41-1-Topic-8-Cell-3,1,1.0,41.0,54.21404561588323,4154.018255981839
SYNTH-1-41-1-Topic-8-Cell-4,1,1.0,41.0,144.6730967202666,4184.250028166729
SYNTH-1-42-1-Topic-8-Cell-1,1,1.0,42.0,100.0,4250.0
SYNTH-1-42-1-Topic-8-Cell-2,1,1.0,42.0,119.63574880943135,4228.565509833614
SYNTH-1-42-1-Topic-8-Cell-3,1,1.0,42.0,59.04779743296415,4253.594037410554
SYNTH-1-42-1-Topic-8-Cell-4,1,1.0,42.0,139.9568324127756,4280.634156484835
SYNTH-1-42-1-Topic-8-Cell-5,1,1.0,42.0,89.87345028095746,4192.750956420323
SYNTH-1-43-1-Topic-7-Cell-1,1,1.0,43.0,100.0,4350.0
SYNTH-1-43-1-Topic-7-Cell-2,1,1.0,43.0,121.95343456349953,4326.035511462454
SYNTH-1-43-1-Topic-8-Cell-3,1,1.0,43.0,54.21404561588323,4354.018255981839
SYNTH-1-43-1-Topic-8-Cell-4,1,1.0,43.0,144.6730967202666,4384.250028166729
SYNTH-1-44-1-Topic-8-Cell-1,1,1.0,44.0,100.0,4450.0
SYNTH-1-44-1-Topic-8-Cell-2,1,1.0,44.0,119.63574880943135,4428.565509833614
SYNTH-1-44-1-Topic-8-Cell-3,1,1.0,44.0,59.04779743296415,4453.594037410554
SYNTH-1-44-1-Topic-8-Cell-4,1,1.0,44.0,139.9568324127756,4480.634156484835
SYNTH-1-44-1-Topic-8-Cell-5,1,1.0,44.0,89.87345028095746,4392.750956420323
SYNTH-1-45-1-Topic-8-Cell-1,1,1.0,45.0,100.0,4550.0
SYNTH-1-46-1-Topic-0-Cell-1,1,1.0,46.0,100.0,4650.0
SYNTH-1-46-1-Topic-8-Cell-2,1,1.0,46.0,119.63574880943135,4628.565509833614
SYNTH-1-46-1-Topic-8-Cell-3,1,1.0,46.0,59.04779743296415,4653.594037410554
SYNTH-1-46-1-Topic-8-Cell-4,1,1.0,46.0,139.9568324127756,4680.634156484835
SYNTH-1-46-1-Topic-8-Cell-5,1,1.0,46.0,89.87345028095746,4592.750956420323
SYNTH-1-47-1-Topic-0-Cell-1,1,1.0,47.0,100.0,4750.0
SYNTH-1-47-1-Topic-4-Cell-2,1,1.0,47.0,119.63574880943135,4728.565509833614
SYNTH-1-47-1-Topic-7-Cell-3,1,1.0,47.0,59.04779743296415,4753.594037410554
SYNTH-1-47-1-Topic-8-Cell-4,1,1.0,47.0,139.9568324127756,4780.634156484835
SYNTH-1-47-1-Topic-8-Cell-5,1,1.0,47.0,89.87345028095746,4692.750956420323
SYNTH-1-48-1-Topic-0-Cell-1,1,1.0,48.0,100.0,4850.0
SYNTH-1-48-1-Topic-7-Cell-2,1,1.0,48.0,119.63574880943135,4828.565509833614
SYNTH-1-48-1-Topic-7-Cell-3,1,1.0,48.0,59.04779743296415,4853.594037410554
SYNTH-1-48-1-Topic-8-Cell-4,1,1.0,48.0,139.9568324127756,4880.634156484835
SYNTH-1-48-1-Topic-9-Cell-5,1,1.0,48.0,89.87345028095746,4792.750956420323
SYNTH-1-49-1-Topic-0-Cell-1,1,1.0,49.0,100.0,4950.0
SYNTH-1-49-1-Topic-0-Cell-2,1,1.0,49.0,117.92490426071794,4930.433077045413
SYNTH-1-49-1-Topic-0-Cell-3,1,1.0,49.0,62.61592479085583,4953.2808922704635
SYNTH-1-49-1-Topic-0-Cell-4,1,1.0,49.0,136.4754307315513,4977.965030894812
SYNTH-1-49-1-Topic-7-Cell-5,1,1.0,49.0,90.755767148638,4897.7390123930245
SYNTH-1-49-1-Topic-8-Cell-6,1,1.0,49.0,68.15237665249717,5000.065579198177
SYNTH-1-50-1-Topic-0-Cell-1,1,1.0,50.0,100.0,5050.0
SYNTH-1-50-1-Topic-7-Cell-2,1,1.0,50.0,119.63574880943135,5028.565509833614
SYNTH-1-50-1-Topic-8-Cell-3,1,1.0,50.0,59.04779743296415,5053.594037410554
SYNTH-1-50-1-Topic-8-Cell-4,1,1.0,50.0,139.9568324127756,5080.634156484835
SYNTH-1-50-1-Topic-8-Cell-5,1,1.0,50.0,89.87345028095746,4992.750956420323
SYNTH-2-1-1-Topic-7-Cell-1,1,2.0,1.0,200.0,100.0
SYNTH-2-1-1-Topic-7-Cell-2,1,2.0,1.0,221.9534345634995,76.03551146245461
SYNTH-2-1-1-Topic-7-Cell-3,1,2.0,1.0,154.21404561588324,104.0182559818382
SYNTH-2-1-1-Topic-7-Cell-4,1,2.0,1.0,244.6730967202666,134.2500281667286
SYNTH-2-2-1-Topic-7-Cell-1,1,2.0,2.0,200.0,200.0
SYNTH-2-2-1-Topic-8-Cell-2,1,2.0,2.0,219.63574880943133,178.5655098336136
SYNTH-2-2-1-Topic-8-Cell-3,1,2.0,2.0,159.04779743296416,203.59403741055414
SYNTH-2-2-1-Topic-8-Cell-4,1,2.0,2.0,239.9568324127756,230.63415648483507
SYNTH-2-2-1-Topic-8-Cell-5,1,2.0,2.0,189.87345028095746,142.75095642032298
SYNTH-2-3-1-Topic-0-Cell-1,1,2.0,3.0,200.0,300.0
SYNTH-2-3-1-Topic-0-Cell-2,1,2.0,3.0,221.9534345634995,276.0355114624546
SYNTH-2-3-1-Topic-4-Cell-3,1,2.0,3.0,154.21404561588324,304.0182559818382
SYNTH-2-3-1-Topic-8-Cell-4,1,2.0,3.0,244.6730967202666,334.2500281667286
SYNTH-2-4-1-Topic-0-Cell-1,1,2.0,4.0,200.0,400.0
SYNTH-2-4-1-Topic-0-Cell-2,1,2.0,4.0,217.92490426071794,380.4330770454125
SYNTH-2-4-1-Topic-0-Cell-3,1,2.0,4.0,162.61592479085584,403.28089227046326
SYNTH-2-4-1-Topic-4-Cell-4,1,2.0,4.0,236.4754307315513,427.96503089481223
SYNTH-2-4-1-Topic-8-Cell-5,1,2.0,4.0,190.755767148638,347.7390123930243
SYNTH-2-4-1-Topic-8-Cell-6,1,2.0,4.0,168.15237665249717,450.0655791981769
SYNTH-2-5-1-Topic-8-Cell-1,1,2.0,5.0,200.0,500.0
SYNTH-2-5-1-Topic-8-Cell-2,1,2.0,5.0,217.92490426071794,480.4330770454125
SYNTH-2-5-1-Topic-9-Cell-3,1,2.0,5.0,162.61592479085584,503.28089227046326
SYNTH-2-5-1-Topic-9-Cell-4,1,2.0,5.0,236.4754307315513,527.9650308948122
SYNTH-2-5-1-Topic-9-Cell-5,1,2.0,5.0,190.755767148638,447.7390123930243
SYNTH-2-5-1-Topic-9-Cell-6,1,2.0,5.0,168.15237665249717,550.0655791981769
SYNTH-2-6-1-Topic-8-Cell-1,1,2.0,6.0,200.0,600.0
SYNTH-2-6-1-Topic-8-Cell-2,1,2.0,6.0,219.63574880943133,578.5655098336136
SYNTH-2-6-1-Topic-8-Cell-3,1,2.0,6.0,159.04779743296416,603.5940374105542
SYNTH-2-6-1-Topic-8-Cell-4,1,2.0,6.0,239.9568324127756,630.6341564848351
SYNTH-2-6-1-Topic-8-Cell-5,1,2.0,6.0,189.87345028095746,542.750956420323
SYNTH-2-7-1-Topic-0-Cell-1,1,2.0,7.0,200.0,700.0
SYNTH-2-7-1-Topic-0-Cell-2,1,2.0,7.0,219.63574880943133,678.5655098336136
SYNTH-2-7-1-Topic-0-Cell-3,1,2.0,7.0,159.04779743296416,703.5940374105542
SYNTH-2-7-1-Topic-8-Cell-4,1,2.0,7.0,239.9568324127756,730.6341564848351
SYNTH-2-7-1-Topic-8-Cell-5,1,2.0,7.0,189.87345028095746,642.750956420323
SYNTH-2-8-1-Topic-7-Cell-1,1,2.0,8.0,200.0,800.0
SYNTH-2-9-1-Topic-0-Cell-1,1,2.0,9.0,200.0,900.0
SYNTH-2-9-1-Topic-0-Cell-2,1,2.0,9.0,217.92490426071794,880.4330770454125
SYNTH-2-9-1-Topic-0-Cell-3,1,2.0,9.0,162.61592479085584,903.2808922704633
SYNTH-2-9-1-Topic-0-Cell-4,1,2.0,9.0,236.4754307315513,927.9650308948122
SYNTH-2-9-1-Topic-0-Cell-5,1,2.0,9.0,190.755767148638,847.7390123930243
SYNTH-2-9-1-Topic-9-Cell-6,1,2.0,9.0,168.15237665249717,950.0655791981769
SYNTH-2-10-1-Topic-0-Cell-1,1,2.0,10.0,200.0,1000.0
SYNTH-2-10-1-Topic-7-Cell-2,1,2.0,10.0,217.92490426071794,980.4330770454125
SYNTH-2-10-1-Topic-8-Cell-3,1,2.0,10.0,162.61592479085584,1003.2808922704633
SYNTH-2-10-1-Topic-8-Cell-4,1,2.0,10.0,236.4754307315513,1027.9650308948123
SYNTH-2-10-1-Topic-8-Cell-5,1,2.0,10.0,190.755767148638,947.7390123930243
SYNTH-2-10-1-Topic-8-Cell-6,1,2.0,10.0,168.15237665249717,1050.065579198177
SYNTH-2-11-1-Topic-7-Cell-1,1,2.0,11.0,200.0,1100.0
SYNTH-2-11-1-Topic-7-Cell-2,1,2.0,11.0,219.63574880943133,1078.5655098336135
SYNTH-2-11-1-Topic-8-Cell-3,1,2.0,11.0,159.04779743296416,1103.5940374105542
SYNTH-2-11-1-Topic-8-Cell-4,1,2.0,11.0,239.9568324127756,1130.634156484835
SYNTH-2-11-1-Topic-8-Cell-5,1,2.0,11.0,189.87345028095746,1042.750956420323
SYNTH-2-12-1-Topic-0-Cell-1,1,2.0,12.0,200.0,1200.0
SYNTH-2-12-1-Topic-0-Cell-2,1,2.0,12.0,217.92490426071794,1180.4330770454126
SYNTH-2-12-1-Topic-0-Cell-3,1,2.0,12.0,162.61592479085584,1203.2808922704633
SYNTH-2-12-1-Topic-8-Cell-4,1,2.0,12.0,236.4754307315513,1227.9650308948123
SYNTH-2-12-1-Topic-8-Cell-5,1,2.0,12.0,190.755767148638,1147.7390123930243
SYNTH-2-12-1-Topic-8-Cell-6,1,2.0,12.0,168.15237665249717,1250.065579198177
SYNTH-2-13-1-Topic-0-Cell-1,1,2.0,13.0,200.0,1300.0
SYNTH-2-13-1-Topic-0-Cell-2,1,2.0,13.0,217.92490426071794,1280.4330770454126
SYNTH-2-13-1-Topic-0-Cell-3,1,2.0,13.0,162.61592479085584,1303.2808922704633
SYNTH-2-13-1-Topic-0-Cell-4,1,2.0,13.0,236.4754307315513,1327.9650308948123
SYNTH-2-13-1-Topic-0-Cell-5,1,2.0,13.0,190.755767148638,1247.7390123930243
SYNTH-2-13-1-Topic-0-Cell-6,1,2.0,13.0,168.15237665249717,1350.065579198177
SYNTH-2-14-1-Topic-0-Cell-1,1,2.0,14.0,200.0,1400.0
SYNTH-2-14-1-Topic-7-Cell-2,1,2.0,14.0,219.63574880943133,1378.5655098336135
SYNTH-2-14-1-Topic-7-Cell-3,1,2.0,14.0,159.04779743296416,1403.5940374105542
SYNTH-2-14-1-Topic-8-Cell-4,1,2.0,14.0,239.9568324127756,1430.634156484835
SYNTH-2-14-1-Topic-8-Cell-5,1,2.0,14.0,189.87345028095746,1342.750956420323
SYNTH-2-15-1-Topic-0-Cell-1,1,2.0,15.0,200.0,1500.0
SYNTH-2-15-1-Topic-4-Cell-2,1,2.0,15.0,219.63574880943133,1478.5655098336135
SYNTH-2-15-1-Topic-4-Cell-3,1,2.0,15.0,159.04779743296416,1503.5940374105542
SYNTH-2-15-1-Topic-8-Cell-4,1,2.0,15.0,239.9568324127756,1530.634156484835
SYNTH-2-15-1-Topic-8-Cell-5,1,2.0,15.0,189.87345028095746,1442.750956420323
SYNTH-2-16-1-Topic-0-Cell-1,1,2.0,16.0,200.0,1600.0
SYNTH-2-16-1-Topic-0-Cell-2,1,2.0,16.0,217.92490426071794,1580.4330770454126
SYNTH-2-16-1-Topic-0-Cell-3,1,2.0,16.0,162.61592479085584,1603.2808922704633
SYNTH-2-16-1-Topic-7-Cell-4,1,2.0,16.0,236.4754307315513,1627.9650308948123
SYNTH-2-16-1-Topic-8-Cell-5,1,2.0,16.0,190.755767148638,1547.7390123930243
SYNTH-2-16-1-Topic-8-Cell-6,1,2.0,16.0,168.15237665249717,1650.065579198177
SYNTH-2-17-1-Topic-0-Cell-1,1,2.0,17.0,200.0,1700.0
SYNTH-2-17-1-Topic-0-Cell-2,1,2.0,17.0,219.63574880943133,1678.5655098336135
SYNTH-2-17-1-Topic-0-Cell-3,1,2.0,17.0,159.04779743296416,1703.5940374105542
SYNTH-2-17-1-Topic-8-Cell-4,1,2.0,17.0,239.9568324127756,1730.634156484835
SYNTH-2-17-1-Topic-8-Cell-5,1,2.0,17.0,189.87345028095746,1642.750956420323
SYNTH-2-18-1-Topic-0-Cell-1,1,2.0,18.0,200.0,1800.0
SYNTH-2-18-1-Topic-0-Cell-2,1,2.0,18.0,219.63574880943133,1778.5655098336135
SYNTH-2-18-1-Topic-0-Cell-3,1,2.0,18.0,159.04779743296416,1803.5940374105542
SYNTH-2-18-1-Topic-8-Cell-4,1,2.0,18.0,239.9568324127756,1830.634156484835
SYNTH-2-18-1-Topic-10-Cell-5,1,2.0,18.0,189.87345028095746,1742.750956420323
SYNTH-2-19-1-Topic-7-Cell-1,1,2.0,19.0,200.0,1900.0
SYNTH-2-19-1-Topic-8-Cell-2,1,2.0,19.0,219.63574880943133,1878.5655098336135
SYNTH-2-19-1-Topic-8-Cell-3,1,2.0,19.0,159.04779743296416,1903.5940374105542
SYNTH-2-19-1-Topic-8-Cell-4,1,2.0,19.0,239.9568324127756,1930.634156484835
SYNTH-2-19-1-Topic-8-Cell-5,1,2.0,19.0,189.87345028095746,1842.750956420323
SYNTH-2-20-1-Topic-0-Cell-1,1,2.0,20.0,200.0,2000.0
SYNTH-2-20-1-Topic-7-Cell-2,1,2.0,20.0,219.63574880943133,1978.5655098336135
SYNTH-2-20-1-Topic-10-Cell-3,1,2.0,20.0,159.04779743296416,2003.5940374105542
SYNTH-2-20-1-Topic-10-Cell-4,1,2.0,20.0,239.9568324127756,2030.634156484835
SYNTH-2-20-1-Topic-10-Cell-5,1,2.0,20.0,189.87345028095746,1942.750956420323
SYNTH-2-21-1-Topic-9-Cell-1,1,2.0,21.0,200.0,2100.0
SYNTH-2-21-1-Topic-9-Cell-2,1,2.0,21.0,221.9534345634995,2076.0355114624545
SYNTH-2-21-1-Topic-9-Cell-3,1,2.0,21.0,154.21404561588324,2104.018255981838
SYNTH-2-21-1-Topic-9-Cell-4,1,2.0,21.0,244.6730967202666,2134.2500281667285
SYNTH-2-22-1-Topic-0-Cell-1,1,2.0,22.0,200.0,2200.0
SYNTH-2-22-1-Topic-8-Cell-2,1,2.0,22.0,217.92490426071794,2180.4330770454126
SYNTH-2-22-1-Topic-8-Cell-3,1,2.0,22.0,162.61592479085584,2203.2808922704635
SYNTH-2-22-1-Topic-8-Cell-4,1,2.0,22.0,236.4754307315513,2227.965030894812
SYNTH-2-22-1-Topic-9-Cell-5,1,2.0,22.0,190.755767148638,2147.7390123930245
SYNTH-2-22-1-Topic-10-Cell-6,1,2.0,22.0,168.15237665249717,2250.065579198177
SYNTH-2-23-1-Topic-7-Cell-1,1,2.0,23.0,200.0,2300.0
SYNTH-2-23-1-Topic-7-Cell-2,1,2.0,23.0,225.34964270974658,2272.328192183713
SYNTH-2-23-1-Topic-7-Cell-3,1,2.0,23.0,147.1309338224525,2304.6398823455743
SYNTH-2-24-1-Topic-0-Cell-1,1,2.0,24.0,200.0,2400.0
SYNTH-2-24-1-Topic-8-Cell-2,1,2.0,24.0,217.92490426071794,2380.4330770454126
SYNTH-2-24-1-Topic-8-Cell-3,1,2.0,24.0,162.61592479085584,2403.2808922704635
SYNTH-2-24-1-Topic-8-Cell-4,1,2.0,24.0,236.4754307315513,2427.965030894812
SYNTH-2-24-1-Topic-8-Cell-5,1,2.0,24.0,190.755767148638,2347.7390123930245
SYNTH-2-24-1-Topic-8-Cell-6,1,2.0,24.0,168.15237665249717,2450.065579198177
SYNTH-2-25-1-Topic-8-Cell-1,1,2.0,25.0,200.0,2500.0
SYNTH-2-25-1-Topic-8-Cell-2,1,2.0,25.0,217.92490426071794,2480.4330770454126
SYNTH-2-25-1-Topic-8-Cell-3,1,2.0,25.0,162.61592479085584,2503.2808922704635
SYNTH-2-25-1-Topic-8-Cell-4,1,2.0,25.0,236.4754307315513,2527.965030894812
SYNTH-2-25-1-Topic-9-Cell-5,1,2.0,25.0,190.755767148638,2447.7390123930245
SYNTH-2-25-1-Topic-9-Cell-6,1,2.0,25.0,168.15237665249717,2550.065579198177
SYNTH-2-26-1-Topic-4-Cell-1,1,2.0,26.0,200.0,2600.0
SYNTH-2-26-1-Topic-8-Cell-2,1,2.0,26.0,219.63574880943133,2578.5655098336138
SYNTH-2-26-1-Topic-8-Cell-3,1,2.0,26.0,159.04779743296416,2603.594037410554
SYNTH-2-26-1-Topic-8-Cell-4,1,2.0,26.0,239.9568324127756,2630.634156484835
SYNTH-2-26-1-Topic-8-Cell-5,1,2.0,26.0,189.87345028095746,2542.750956420323
SYNTH-2-27-1-Topic-0-Cell-1,1,2.0,27.0,200.0,2700.0
SYNTH-2-27-1-Topic-0-Cell-2,1,2.0,27.0,219.63574880943133,2678.5655098336138
SYNTH-2-27-1-Topic-8-Cell-3,1,2.0,27.0,159.04779743296416,2703.594037410554
SYNTH-2-27-1-Topic-8-Cell-4,1,2.0,27.0,239.9568324127756,2730.634156484835
SYNTH-2-27-1-Topic-8-Cell-5,1,2.0,27.0,189.87345028095746,2642.750956420323
SYNTH-2-28-1-Topic-0-Cell-1,1,2.0,28.0,200.0,2800.0
SYNTH-2-28-1-Topic-0-Cell-2,1,2.0,28.0,219.63574880943133,2778.5655098336138
SYNTH-2-28-1-Topic-0-Cell-3,1,2.0,28.0,159.04779743296416,2803.594037410554
SYNTH-2-28-1-Topic-0-Cell-4,1,2.0,28.0,239.9568324127756,2830.634156484835
SYNTH-2-28-1-Topic-7-Cell-5,1,2.0,28.0,189.87345028095746,2742.750956420323
SYNTH-2-29-1-Topic-0-Cell-1,1,2.0,29.0,200.0,2900.0
SYNTH-2-29-1-Topic-0-Cell-2,1,2.0,29.0,217.92490426071794,2880.4330770454126
SYNTH-2-29-1-Topic-0-Cell-3,1,2.0,29.0,162.61592479085584,2903.2808922704635
SYNTH-2-29-1-Topic-0-Cell-4,1,2.0,29.0,236.4754307315513,2927.965030894812
SYNTH-2-29-1-Topic-0-Cell-5,1,2.0,29.0,190.755767148638,2847.7390123930245
SYNTH-2-29-1-Topic-9-Cell-6,1,2.0,29.0,168.15237665249717,2950.065579198177
SYNTH-2-30-1-Topic-8-Cell-1,1,2.0,30.0,200.0,3000.0
SYNTH-2-30-1-Topic-8-Cell-2,1,2.0,30.0,219.63574880943133,2978.5655098336138
SYNTH-2-30-1-Topic-8-Cell-3,1,2.0,30.0,159.04779743296416,3003.594037410554
SYNTH-2-30-1-Topic-8-Cell-4,1,2.0,30.0,239.9568324127756,3030.634156484835
SYNTH-2-30-1-Topic-8-Cell-5,1,2.0,30.0,189.87345028095746,2942.750956420323
SYNTH-2-31-1-Topic-7-Cell-1,1,2.0,31.0,200.0,3100.0
SYNTH-2-31-1-Topic-7-Cell-2,1,2.0,31.0,231.0468449003713,3066.109095294869
SYNTH-2-32-1-Topic-8-Cell-1,1,2.0,32.0,200.0,3200.0
SYNTH-2-32-1-Topic-8-Cell-2,1,2.0,32.0,225.34964270974658,3172.328192183713
SYNTH-2-32-1-Topic-8-Cell-3,1,2.0,32.0,147.1309338224525,3204.6398823455743
SYNTH-2-33-1-Topic-0-Cell-1,1,2.0,33.0,200.0,3300.0
SYNTH-2-33-1-Topic-2-Cell-2,1,2.0,33.0,217.92490426071794,3280.4330770454126
SYNTH-2-33-1-Topic-8-Cell-3,1,2.0,33.0,162.61592479085584,3303.2808922704635
SYNTH-2-33-1-Topic-9-Cell-4,1,2.0,33.0,236.4754307315513,3327.965030894812
SYNTH-2-33-1-Topic-9-Cell-5,1,2.0,33.0,190.755767148638,3247.7390123930245
SYNTH-2-33-1-Topic-9-Cell-6,1,2.0,33.0,168.15237665249717,3350.065579198177
SYNTH-2-34-1-Topic-0-Cell-1,1,2.0,34.0,200.0,3400.0
SYNTH-2-34-1-Topic-0-Cell-2,1,2.0,34.0,219.63574880943133,3378.5655098336138
SYNTH-2-34-1-Topic-0-Cell-3,1,2.0,34.0,159.04779743296416,3403.594037410554
SYNTH-2-34-1-Topic-7-Cell-4,1,2.0,34.0,239.9568324127756,3430.634156484835
SYNTH-2-34-1-Topic-8-Cell-5,1,2.0,34.0,189.87345028095746,3342.750956420323
SYNTH-2-35-1-Topic-3-Cell-1,1,2.0,35.0,200.0,3500.0
SYNTH-2-35-1-Topic-4-Cell-2,1,2.0,35.0,231.0468449003713,3466.109095294869
SYNTH-2-36-1-Topic-4-Cell-1,1,2.0,36.0,200.0,3600.0
SYNTH-2-36-1-Topic-7-Cell-2,1,2.0,36.0,219.63574880943133,3578.5655098336138
SYNTH-2-36-1-Topic-8-Cell-3,1,2.0,36.0,159.04779743296416,3603.594037410554
SYNTH-2-36-1-Topic-8-Cell-4,1,2.0,36.0,239.9568324127756,3630.634156484835
SYNTH-2-36-1-Topic-8-Cell-5,1,2.0,36.0,189.87345028095746,3542.750956420323
SYNTH-2-37-1-Topic-8-Cell-1,1,2.0,37.0,200.0,3700.0
SYNTH-2-37-1-Topic-8-Cell-2,1,2.0,37.0,219.63574880943133,3678.5655098336138
SYNTH-2-37-1-Topic-8-Cell-3,1,2.0,37.0,159.04779743296416,3703.594037410554
SYNTH-2-37-1-Topic-8-Cell-4,1,2.0,37.0,239.9568324127756,3730.634156484835
SYNTH-2-37-1-Topic-8-Cell-5,1,2.0,37.0,189.87345028095746,3642.750956420323
SYNTH-2-38-1-Topic-7-Cell-1,1,2.0,38.0,200.0,3800.0
SYNTH-2-38-1-Topic-7-Cell-2,1,2.0,38.0,225.34964270974658,3772.328192183713
SYNTH-2-38-1-Topic-7-Cell-3,1,2.0,38.0,147.1309338224525,3804.6398823455743
SYNTH-2-39-1-Topic-0-Cell-1,1,2.0,39.0,200.0,3900.0
SYNTH-2-39-1-Topic-0-Cell-2,1,2.0,39.0,219.63574880943133,3878.5655098336138
SYNTH-2-39-1-Topic-0-Cell-3,1,2.0,39.0,159.04779743296416,3903.594037410554
SYNTH-2-39-1-Topic-0-Cell-4,1,2.0,39.0,239.9568324127756,3930.634156484835
SYNTH-2-39-1-Topic-0-Cell-5,1,2.0,39.0,189.87345028095746,3842.750956420323
SYNTH-2-40-1-Topic-7-Cell-1,1,2.0,40.0,200.0,4000.0
SYNTH-2-40-1-Topic-8-Cell-2,1,2.0,40.0,221.9534345634995,3976.0355114624545
SYNTH-2-40-1-Topic-8-Cell-3,1,2.0,40.0,154.21404561588324,4004.018255981838
SYNTH-2-40-1-Topic-9-Cell-4,1,2.0,40.0,244.6730967202666,4034.2500281667285
SYNTH-2-41-1-Topic-0-Cell-1,1,2.0,41.0,200.0,4100.0
SYNTH-2-41-1-Topic-0-Cell-2,1,2.0,41.0,219.63574880943133,4078.5655098336138
SYNTH-2-41-1-Topic-0-Cell-3,1,2.0,41.0,159.04779743296416,4103.594037410554
SYNTH-2-41-1-Topic-8-Cell-4,1,2.0,41.0,239.9568324127756,4130.634156484835
SYNTH-2-41-1-Topic-8-Cell-5,1,2.0,41.0,189.87345028095746,4042.750956420323
SYNTH-2-42-1-Topic-0-Cell-1,1,2.0,42.0,200.0,4200.0
SYNTH-2-42-1-Topic-0-Cell-2,1,2.0,42.0,219.63574880943133,4178.565509833614
SYNTH-2-42-1-Topic-7-Cell-3,1,2.0,42.0,159.04779743296416,4203.594037410554
SYNTH-2-42-1-Topic-8-Cell-4,1,2.0,42.0,239.9568324127756,4230.634156484835
SYNTH-2-42-1-Topic-9-Cell-5,1,2.0,42.0,189.87345028095746,4142.750956420323
SYNTH-2-43-1-Topic-4-Cell-1,1,2.0,43.0,200.0,4300.0
SYNTH-2-43-1-Topic-8-Cell-2,1,2.0,43.0,221.9534345634995,4276.035511462454
SYNTH-2-43-1-Topic-8-Cell-3,1,2.0,43.0,154.21404561588324,4304.018255981839
SYNTH-2-43-1-Topic-8-Cell-4,1,2.0,43.0,244.6730967202666,4334.250028166729
SYNTH-2-44-1-Topic-0-Cell-1,1,2.0,44.0,200.0,4400.0
SYNTH-2-44-1-Topic-4-Cell-2,1,2.0,44.0,219.63574880943133,4378.565509833614
SYNTH-2-44-1-Topic-4-Cell-3,1,2.0,44.0,159.04779743296416,4403.594037410554
SYNTH-2-44-1-Topic-9-Cell-4,1,2.0,44.0,239.9568324127756,4430.634156484835
SYNTH-2-44-1-Topic-9-Cell-5,1,2.0,44.0,189.87345028095746,4342.750956420323
SYNTH-2-45-1-Topic-0-Cell-1,1,2.0,45.0,200.0,4500.0
SYNTH-2-45-1-Topic-0-Cell-2,1,2.0,45.0,225.34964270974658,4472.328192183713
SYNTH-2-45-1-Topic-0-Cell-3,1,2.0,45.0,147.1309338224525,4504.639882345574
SYNTH-2-46-1-Topic-0-Cell-1,1,2.0,46.0,200.0,4600.0
SYNTH-2-46-1-Topic-0-Cell-2,1,2.0,46.0,219.63574880943133,4578.565509833614
SYNTH-2-46-1-Topic-8-Cell-3,1,2.0,46.0,159.04779743296416,4603.594037410554
SYNTH-2-46-1-Topic-8-Cell-4,1,2.0,46.0,239.9568324127756,4630.634156484835
SYNTH-2-46-1-Topic-8-Cell-5,1,2.0,46.0,189.87345028095746,4542.750956420323
SYNTH-2-47-1-Topic-8-Cell-1,1,2.0,47.0,200.0,4700.0
SYNTH-2-47-1-Topic-8-Cell-2,1,2.0,47.0,219.63574880943133,4678.565509833614
SYNTH-2-47-1-Topic-8-Cell-3,1,2.0,47.0,159.04779743296416,4703.594037410554
SYNTH-2-47-1-Topic-9-Cell-4,1,2.0,47.0,239.9568324127756,4730.634156484835
SYNTH-2-47-1-Topic-9-Cell-5,1,2.0,47.0,189.87345028095746,4642.750956420323
SYNTH-2-48-1-Topic-0-Cell-1,1,2.0,48.0,200.0,4800.0
SYNTH-2-48-1-Topic-0-Cell-2,1,2.0,48.0,216.5952366510713,4781.884549437942
SYNTH-2-48-1-Topic-0-Cell-3,1,2.0,48.0,165.3890717599656,4803.0375160091835
SYNTH-2-48-1-Topic-0-Cell-4,1,2.0,48.0,233.76968691913163,4825.890587693178
SYNTH-2-48-1-Topic-0-Cell-5,1,2.0,48.0,191.44150341923134,4751.615727239498
SYNTH-2-48-1-Topic-0-Cell-6,1,2.0,48.0,170.5148301748963,4846.351719528427
SYNTH-2-48-1-Topic-8-Cell-7,1,2.0,48.0,258.1150977231786,4784.377452574757
SYNTH-2-49-1-Topic-0-Cell-1,1,2.0,49.0,200.0,4900.0
SYNTH-2-49-1-Topic-7-Cell-2,1,2.0,49.0,221.9534345634995,4876.035511462454
SYNTH-2-49-1-Topic-8-Cell-3,1,2.0,49.0,154.21404561588324,4904.018255981839
SYNTH-2-49-1-Topic-8-Cell-4,1,2.0,49.0,244.6730967202666,4934.250028166729
SYNTH-2-50-1-Topic-8-Cell-1,1,2.0,50.0,200.0,5000.0
SYNTH-2-50-1-Topic-8-Cell-2,1,2.0,50.0,221.9534345634995,4976.035511462454
SYNTH-2-50-1-Topic-8-Cell-3,1,2.0,50.0,154.21404561588324,5004.018255981839
SYNTH-2-50-1-Topic-8-Cell-4,1,2.0,50.0,244.6730967202666,5034.250028166729
SYNTH-3-1-1-Topic-7-Cell-1,1,3.0,1.0,300.0,150.0
SYNTH-3-1-1-Topic-8-Cell-2,1,3.0,1.0,319.63574880943133,128.5655098336136
SYNTH-3-1-1-Topic-8-Cell-3,1,3.0,1.0,259.04779743296416,153.59403741055414
SYNTH-3-1-1-Topic-8-Cell-4,1,3.0,1.0,339.9568324127756,180.63415648483507
SYNTH-3-1-1-Topic-8-Cell-5,1,3.0,1.0,289.87345028095746,92.75095642032298
SYNTH-3-2-1-Topic-0-Cell-1,1,3.0,2.0,300.0,250.0
SYNTH-3-2-1-Topic-8-Cell-2,1,3.0,2.0,319.63574880943133,228.5655098336136
SYNTH-3-2-1-Topic-8-Cell-3,1,3.0,2.0,259.04779743296416,253.59403741055414
SYNTH-3-2-1-Topic-8-Cell-4,1,3.0,2.0,339.9568324127756,280.6341564848351
SYNTH-3-2-1-Topic-8-Cell-5,1,3.0,2.0,289.87345028095746,192.75095642032298
SYNTH-3-3-1-Topic-7-Cell-1,1,3.0,3.0,300.0,350.0
SYNTH-3-3-1-Topic-7-Cell-2,1,3.0,3.0,325.34964270974655,322.32819218371293
SYNTH-3-3-1-Topic-7-Cell-3,1,3.0,3.0,247.1309338224525,354.6398823455742
SYNTH-3-4-1-Topic-0-Cell-1,1,3.0,4.0,300.0,450.0
SYNTH-3-4-1-Topic-8-Cell-2,1,3.0,4.0,317.92490426071794,430.4330770454125
SYNTH-3-4-1-Topic-8-Cell-3,1,3.0,4.0,262.61592479085584,453.28089227046326
SYNTH-3-4-1-Topic-8-Cell-4,1,3.0,4.0,336.4754307315513,477.96503089481223
SYNTH-3-4-1-Topic-9-Cell-5,1,3.0,4.0,290.755767148638,397.7390123930243
SYNTH-3-4-1-Topic-9-Cell-6,1,3.0,4.0,268.1523766524972,500.0655791981769
SYNTH-3-5-1-Topic-0-Cell-1,1,3.0,5.0,300.0,550.0
SYNTH-3-5-1-Topic-0-Cell-2,1,3.0,5.0,319.63574880943133,528.5655098336136
SYNTH-3-5-1-Topic-0-Cell-3,1,3.0,5.0,259.04779743296416,553.5940374105542
SYNTH-3-5-1-Topic-0-Cell-4,1,3.0,5.0,339.9568324127756,580.6341564848351
SYNTH-3-5-1-Topic-0-Cell-5,1,3.0,5.0,289.87345028095746,492.75095642032295
SYNTH-3-6-1-Topic-0-Cell-1,1,3.0,6.0,300.0,650.0
SYNTH-3-6-1-Topic-7-Cell-2,1,3.0,6.0,317.92490426071794,630.4330770454125
SYNTH-3-6-1-Topic-8-Cell-3,1,3.0,6.0,262.61592479085584,653.2808922704633
SYNTH-3-6-1-Topic-8-Cell-4,1,3.0,6.0,336.4754307315513,677.9650308948122
SYNTH-3-6-1-Topic-8-Cell-5,1,3.0,6.0,290.755767148638,597.7390123930243
SYNTH-3-6-1-Topic-8-Cell-6,1,3.0,6.0,268.1523766524972,700.0655791981769
SYNTH-3-7-1-Topic-8-Cell-1,1,3.0,7.0,300.0,750.0
SYNTH-3-7-1-Topic-8-Cell-2,1,3.0,7.0,319.63574880943133,728.5655098336136
SYNTH-3-7-1-Topic-8-Cell-3,1,3.0,7.0,259.04779743296416,753.5940374105542
SYNTH-3-7-1-Topic-8-Cell-4,1,3.0,7.0,339.9568324127756,780.6341564848351
SYNTH-3-7-1-Topic-9-Cell-5,1,3.0,7.0,289.87345028095746,692.750956420323
SYNTH-3-8-1-Topic-8-Cell-1,1,3.0,8.0,300.0,850.0
SYNTH-3-8-1-Topic-8-Cell-2,1,3.0,8.0,319.63574880943133,828.5655098336136
SYNTH-3-8-1-Topic-8-Cell-3,1,3.0,8.0,259.04779743296416,853.5940374105542
SYNTH-3-8-1-Topic-8-Cell-4,1,3.0,8.0,339.9568324127756,880.6341564848351
SYNTH-3-8-1-Topic-8-Cell-5,1,3.0,8.0,289.87345028095746,792.750956420323
SYNTH-3-9-1-Topic-0-Cell-1,1,3.0,9.0,300.0,950.0
SYNTH-3-9-1-Topic-0-Cell-2,1,3.0,9.0,317.92490426071794,930.4330770454125
SYNTH-3-9-1-Topic-0-Cell-3,1,3.0,9.0,262.61592479085584,953.2808922704633
SYNTH-3-9-1-Topic-4-Cell-4,1,3.0,9.0,336.4754307315513,977.9650308948122
SYNTH-3-9-1-Topic-8-Cell-5,1,3.0,9.0,290.755767148638,897.7390123930243
SYNTH-3-9-1-Topic-8-Cell-6,1,3.0,9.0,268.1523766524972,1000.0655791981769
SYNTH-3-10-1-Topic-0-Cell-1,1,3.0,10.0,300.0,1050.0
SYNTH-3-10-1-Topic-4-Cell-2,1,3.0,10.0,319.63574880943133,1028.5655098336135
SYNTH-3-10-1-Topic-7-Cell-3,1,3.0,10.0,259.04779743296416,1053.5940374105542
SYNTH-3-10-1-Topic-8-Cell-4,1,3.0,10.0,339.9568324127756,1080.634156484835
SYNTH-3-10-1-Topic-8-Cell-5,1,3.0,10.0,289.87345028095746,992.750956420323
SYNTH-3-11-1-Topic-7-Cell-1,1,3.0,11.0,300.0,1150.0
SYNTH-3-11-1-Topic-7-Cell-2,1,3.0,11.0,319.63574880943133,1128.5655098336135
SYNTH-3-11-1-Topic-7-Cell-3,1,3.0,11.0,259.04779743296416,1153.5940374105542
SYNTH-3-11-1-Topic-7-Cell-4,1,3.0,11.0,339.9568324127756,1180.634156484835
SYNTH-3-11-1-Topic-8-Cell-5,1,3.0,11.0,289.87345028095746,1092.750956420323
SYNTH-3-12-1-Topic-0-Cell-1,1,3.0,12.0,300.0,1250.0
SYNTH-3-12-1-Topic-8-Cell-2,1,3.0,12.0,317.92490426071794,1230.4330770454126
SYNTH-3-12-1-Topic-8-Cell-3,1,3.0,12.0,262.61592479085584,1253.2808922704633
SYNTH-3-12-1-Topic-8-Cell-4,1,3.0,12.0,336.4754307315513,1277.9650308948123
SYNTH-3-12-1-Topic-8-Cell-5,1,3.0,12.0,290.755767148638,1197.7390123930243
SYNTH-3-12-1-Topic-10-Cell-6,1,3.0,12.0,268.1523766524972,1300.065579198177
SYNTH-3-13-1-Topic-8-Cell-1,1,3.0,13.0,300.0,1350.0
SYNTH-3-13-1-Topic-8-Cell-2,1,3.0,13.0,319.63574880943133,1328.5655098336135
SYNTH-3-13-1-Topic-8-Cell-3,1,3.0,13.0,259.04779743296416,1353.5940374105542
SYNTH-3-13-1-Topic-8-Cell-4,1,3.0,13.0,339.9568324127756,1380.634156484835
SYNTH-3-13-1-Topic-8-Cell-5,1,3.0,13.0,289.87345028095746,1292.750956420323
SYNTH-3-14-1-Topic-0-Cell-1,1,3.0,14.0,300.0,1450.0
SYNTH-3-14-1-Topic-0-Cell-2,1,3.0,14.0,317.92490426071794,1430.4330770454126
SYNTH-3-14-1-Topic-0-Cell-3,1,3.0,14.0,262.61592479085584,1453.2808922704633
SYNTH-3-14-1-Topic-0-Cell-4,1,3.0,14.0,336.4754307315513,1477.9650308948123
SYNTH-3-14-1-Topic-0-Cell-5,1,3.0,14.0,290.755767148638,1397.7390123930243
SYNTH-3-14-1-Topic-0-Cell-6,1,3.0,14.0,268.1523766524972,1500.065579198177
SYNTH-3-15-1-Topic-0-Cell-1,1,3.0,15.0,300.0,1550.0
SYNTH-3-15-1-Topic-8-Cell-2,1,3.0,15.0,317.92490426071794,1530.4330770454126
SYNTH-3-15-1-Topic-8-Cell-3,1,3.0,15.0,262.61592479085584,1553.2808922704633
SYNTH-3-15-1-Topic-8-Cell-4,1,3.0,15.0,336.4754307315513,1577.9650308948123
SYNTH-3-15-1-Topic-9-Cell-5,1,3.0,15.0,290.755767148638,1497.7390123930243
SYNTH-3-15-1-Topic-9-Cell-6,1,3.0,15.0,268.1523766524972,1600.065579198177
SYNTH-3-16-1-Topic-0-Cell-1,1,3.0,16.0,300.0,1650.0
SYNTH-3-16-1-Topic-0-Cell-2,1,3.0,16.0,319.63574880943133,1628.5655098336135
SYNTH-3-16-1-Topic-8-Cell-3,1,3.0,16.0,259.04779743296416,1653.5940374105542
SYNTH-3-16-1-Topic-8-Cell-4,1,3.0,16.0,339.9568324127756,1680.634156484835
SYNTH-3-16-1-Topic-8-Cell-5,1,3.0,16.0,289.87345028095746,1592.750956420323
SYNTH-3-17-1-Topic-0-Cell-1,1,3.0,17.0,300.0,1750.0
SYNTH-3-17-1-Topic-4-Cell-2,1,3.0,17.0,319.63574880943133,1728.5655098336135
SYNTH-3-17-1-Topic-8-Cell-3,1,3.0,17.0,259.04779743296416,1753.5940374105542
SYNTH-3-17-1-Topic-8-Cell-4,1,3.0,17.0,339.9568324127756,1780.634156484835
SYNTH-3-17-1-Topic-8-Cell-5,1,3.0,17.0,289.87345028095746,1692.750956420323
SYNTH-3-18-1-Topic-0-Cell-1,1,3.0,18.0,300.0,1850.0
SYNTH-3-18-1-Topic-0-Cell-2,1,3.0,18.0,319.63574880943133,1828.5655098336135
SYNTH-3-18-1-Topic-7-Cell-3,1,3.0,18.0,259.04779743296416,1853.5940374105542
SYNTH-3-18-1-Topic-7-Cell-4,1,3.0,18.0,339.9568324127756,1880.634156484835
SYNTH-3-18-1-Topic-10-Cell-5,1,3.0,18.0,289.87345028095746,1792.750956420323
SYNTH-3-19-1-Topic-0-Cell-1,1,3.0,19.0,300.0,1950.0
SYNTH-3-19-1-Topic-4-Cell-2,1,3.0,19.0,319.63574880943133,1928.5655098336135
SYNTH-3-19-1-Topic-7-Cell-3,1,3.0,19.0,259.04779743296416,1953.5940374105542
SYNTH-3-19-1-Topic-7-Cell-4,1,3.0,19.0,339.9568324127756,1980.634156484835
SYNTH-3-19-1-Topic-8-Cell-5,1,3.0,19.0,289.87345028095746,1892.750956420323
SYNTH-3-20-1-Topic-4-Cell-1,1,3.0,20.0,300.0,2050.0
SYNTH-3-20-1-Topic-4-Cell-2,1,3.0,20.0,319.63574880943133,2028.5655098336135
SYNTH-3-20-1-Topic-7-Cell-3,1,3.0,20.0,259.04779743296416,2053.594037410554
SYNTH-3-20-1-Topic-8-Cell-4,1,3.0,20.0,339.9568324127756,2080.634156484835
SYNTH-3-20-1-Topic-8-Cell-5,1,3.0,20.0,289.87345028095746,1992.750956420323
SYNTH-3-21-1-Topic-4-Cell-1,1,3.0,21.0,300.0,2150.0
SYNTH-3-21-1-Topic-4-Cell-2,1,3.0,21.0,331.0468449003713,2116.109095294869
SYNTH-3-22-1-Topic-0-Cell-1,1,3.0,22.0,300.0,2250.0
SYNTH-3-22-1-Topic-0-Cell-2,1,3.0,22.0,319.63574880943133,2228.5655098336138
SYNTH-3-22-1-Topic-8-Cell-3,1,3.0,22.0,259.04779743296416,2253.594037410554
SYNTH-3-22-1-Topic-8-Cell-4,1,3.0,22.0,339.9568324127756,2280.634156484835
SYNTH-3-22-1-Topic-8-Cell-5,1,3.0,22.0,289.87345028095746,2192.750956420323
SYNTH-3-23-1-Topic-8-Cell-1,1,3.0,23.0,300.0,2350.0
SYNTH-3-23-1-Topic-8-Cell-2,1,3.0,23.0,319.63574880943133,2328.5655098336138
SYNTH-3-23-1-Topic-8-Cell-3,1,3.0,23.0,259.04779743296416,2353.594037410554
SYNTH-3-23-1-Topic-8-Cell-4,1,3.0,23.0,339.9568324127756,2380.634156484835
SYNTH-3-23-1-Topic-8-Cell-5,1,3.0,23.0,289.87345028095746,2292.750956420323
SYNTH-3-24-1-Topic-7-Cell-1,1,3.0,24.0,300.0,2450.0
SYNTH-3-24-1-Topic-8-Cell-2,1,3.0,24.0,319.63574880943133,2428.5655098336138
SYNTH-3-24-1-Topic-8-Cell-3,1,3.0,24.0,259.04779743296416,2453.594037410554
SYNTH-3-24-1-Topic-8-Cell-4,1,3.0,24.0,339.9568324127756,2480.634156484835
SYNTH-3-24-1-Topic-9-Cell-5,1,3.0,24.0,289.87345028095746,2392.750956420323
SYNTH-3-25-1-Topic-7-Cell-1,1,3.0,25.0,300.0,2550.0
SYNTH-3-25-1-Topic-7-Cell-2,1,3.0,25.0,319.63574880943133,2528.5655098336138
SYNTH-3-25-1-Topic-8-Cell-3,1,3.0,25.0,259.04779743296416,2553.594037410554
SYNTH-3-25-1-Topic-8-Cell-4,1,3.0,25.0,339.9568324127756,2580.634156484835
SYNTH-3-25-1-Topic-8-Cell-5,1,3.0,25.0,289.87345028095746,2492.750956420323
SYNTH-3-26-1-Topic-0-Cell-1,1,3.0,26.0,300.0,2650.0
SYNTH-3-26-1-Topic-7-Cell-2,1,3.0,26.0,319.63574880943133,2628.5655098336138
SYNTH-3-26-1-Topic-8-Cell-3,1,3.0,26.0,259.04779743296416,2653.594037410554
SYNTH-3-26-1-Topic-8-Cell-4,1,3.0,26.0,339.9568324127756,2680.634156484835
SYNTH-3-26-1-Topic-8-Cell-5,1,3.0,26.0,289.87345028095746,2592.750956420323
SYNTH-3-27-1-Topic-8-Cell-1,1,3.0,27.0,300.0,2750.0
SYNTH-3-27-1-Topic-8-Cell-2,1,3.0,27.0,321.9534345634995,2726.0355114624545
SYNTH-3-27-1-Topic-8-Cell-3,1,3.0,27.0,254.21404561588324,2754.018255981838
SYNTH-3-27-1-Topic-8-Cell-4,1,3.0,27.0,344.6730967202666,2784.2500281667285
SYNTH-3-28-1-Topic-0-Cell-1,1,3.0,28.0,300.0,2850.0
SYNTH-3-28-1-Topic-0-Cell-2,1,3.0,28.0,319.63574880943133,2828.5655098336138
SYNTH-3-28-1-Topic-0-Cell-3,1,3.0,28.0,259.04779743296416,2853.594037410554
SYNTH-3-28-1-Topic-8-Cell-4,1,3.0,28.0,339.9568324127756,2880.634156484835
SYNTH-3-28-1-Topic-8-Cell-5,1,3.0,28.0,289.87345028095746,2792.750956420323
SYNTH-3-29-1-Topic-7-Cell-1,1,3.0,29.0,300.0,2950.0
SYNTH-3-29-1-Topic-8-Cell-2,1,3.0,29.0,319.63574880943133,2928.5655098336138
SYNTH-3-29-1-Topic-8-Cell-3,1,3.0,29.0,259.04779743296416,2953.594037410554
SYNTH-3-29-1-Topic-8-Cell-4,1,3.0,29.0,339.9568324127756,2980.634156484835
SYNTH-3-29-1-Topic-8-Cell-5,1,3.0,29.0,289.87345028095746,2892.750956420323
SYNTH-3-30-1-Topic-0-Cell-1,1,3.0,30.0,300.0,3050.0
SYNTH-3-30-1-Topic-0-Cell-2,1,3.0,30.0,317.92490426071794,3030.4330770454126
SYNTH-3-30-1-Topic-0-Cell-3,1,3.0,30.0,262.61592479085584,3053.2808922704635
SYNTH-3-30-1-Topic-8-Cell-4,1,3.0,30.0,336.4754307315513,3077.965030894812
SYNTH-3-30-1-Topic-8-Cell-5,1,3.0,30.0,290.755767148638,2997.7390123930245
SYNTH-3-30-1-Topic-8-Cell-6,1,3.0,30.0,268.1523766524972,3100.065579198177
SYNTH-3-31-1-Topic-0-Cell-1,1,3.0,31.0,300.0,3150.0
SYNTH-3-31-1-Topic-0-Cell-2,1,3.0,31.0,317.92490426071794,3130.4330770454126
SYNTH-3-31-1-Topic-0-Cell-3,1,3.0,31.0,262.61592479085584,3153.2808922704635
SYNTH-3-31-1-Topic-4-Cell-4,1,3.0,31.0,336.4754307315513,3177.965030894812
SYNTH-3-31-1-Topic-4-Cell-5,1,3.0,31.0,290.755767148638,3097.7390123930245
SYNTH-3-31-1-Topic-8-Cell-6,1,3.0,31.0,268.1523766524972,3200.065579198177
SYNTH-3-32-1-Topic-7-Cell-1,1,3.0,32.0,300.0,3250.0
SYNTH-3-32-1-Topic-8-Cell-2,1,3.0,32.0,319.63574880943133,3228.5655098336138
SYNTH-3-32-1-Topic-8-Cell-3,1,3.0,32.0,259.04779743296416,3253.594037410554
SYNTH-3-32-1-Topic-8-Cell-4,1,3.0,32.0,339.9568324127756,3280.634156484835
SYNTH-3-32-1-Topic-8-Cell-5,1,3.0,32.0,289.87345028095746,3192.750956420323
SYNTH-3-33-1-Topic-0-Cell-1,1,3.0,33.0,300.0,3350.0
SYNTH-3-33-1-Topic-0-Cell-2,1,3.0,33.0,319.63574880943133,3328.5655098336138
SYNTH-3-33-1-Topic-0-Cell-3,1,3.0,33.0,259.04779743296416,3353.594037410554
SYNTH-3-33-1-Topic-0-Cell-4,1,3.0,33.0,339.9568324127756,3380.634156484835
SYNTH-3-33-1-Topic-8-Cell-5,1,3.0,33.0,289.87345028095746,3292.750956420323
SYNTH-3-34-1-Topic-0-Cell-1,1,3.0,34.0,300.0,3450.0
SYNTH-3-34-1-Topic-0-Cell-2,1,3.0,34.0,319.63574880943133,3428.5655098336138
SYNTH-3-34-1-Topic-8-Cell-3,1,3.0,34.0,259.04779743296416,3453.594037410554
SYNTH-3-34-1-Topic-8-Cell-4,1,3.0,34.0,339.9568324127756,3480.634156484835
SYNTH-3-34-1-Topic-8-Cell-5,1,3.0,34.0,289.87345028095746,3392.750956420323
SYNTH-3-35-1-Topic-8-Cell-1,1,3.0,35.0,300.0,3550.0
SYNTH-3-35-1-Topic-8-Cell-2,1,3.0,35.0,321.9534345634995,3526.0355114624545
SYNTH-3-35-1-Topic-8-Cell-3,1,3.0,35.0,254.21404561588324,3554.018255981838
SYNTH-3-35-1-Topic-8-Cell-4,1,3.0,35.0,344.6730967202666,3584.2500281667285
SYNTH-3-36-1-Topic-7-Cell-1,1,3.0,36.0,300.0,3650.0
SYNTH-3-36-1-Topic-8-Cell-2,1,3.0,36.0,319.63574880943133,3628.5655098336138
SYNTH-3-36-1-Topic-8-Cell-3,1,3.0,36.0,259.04779743296416,3653.594037410554
SYNTH-3-36-1-Topic-8-Cell-4,1,3.0,36.0,339.9568324127756,3680.634156484835
SYNTH-3-36-1-Topic-10-Cell-5,1,3.0,36.0,289.87345028095746,3592.750956420323
SYNTH-3-37-1-Topic-4-Cell-1,1,3.0,37.0,300.0,3750.0
SYNTH-3-37-1-Topic-4-Cell-2,1,3.0,37.0,331.0468449003713,3716.109095294869
SYNTH-3-38-1-Topic-8-Cell-1,1,3.0,38.0,300.0,3850.0
SYNTH-3-38-1-Topic-8-Cell-2,1,3.0,38.0,319.63574880943133,3828.5655098336138
SYNTH-3-38-1-Topic-8-Cell-3,1,3.0,38.0,259.04779743296416,3853.594037410554
SYNTH-3-38-1-Topic-9-Cell-4,1,3.0,38.0,339.9568324127756,3880.634156484835
SYNTH-3-38-1-Topic-9-Cell-5,1,3.0,38.0,289.87345028095746,3792.750956420323
SYNTH-3-39-1-Topic-0-Cell-1,1,3.0,39.0,300.0,3950.0
SYNTH-3-39-1-Topic-0-Cell-2,1,3.0,39.0,319.63574880943133,3928.5655098336138
SYNTH-3-39-1-Topic-0-Cell-3,1,3.0,39.0,259.04779743296416,3953.594037410554
SYNTH-3-39-1-Topic-8-Cell-4,1,3.0,39.0,339.9568324127756,3980.634156484835
SYNTH-3-39-1-Topic-9-Cell-5,1,3.0,39.0,289.87345028095746,3892.750956420323
SYNTH-3-40-1-Topic-0-Cell-1,1,3.0,40.0,300.0,4050.0
SYNTH-3-40-1-Topic-0-Cell-2,1,3.0,40.0,319.63574880943133,4028.5655098336138
SYNTH-3-40-1-Topic-0-Cell-3,1,3.0,40.0,259.04779743296416,4053.594037410554
SYNTH-3-40-1-Topic-0-Cell-4,1,3.0,40.0,339.9568324127756,4080.634156484835
SYNTH-3-40-1-Topic-9-Cell-5,1,3.0,40.0,289.87345028095746,3992.750956420323
SYNTH-3-41-1-Topic-7-Cell-1,1,3.0,41.0,300.0,4150.0
SYNTH-3-41-1-Topic-7-Cell-2,1,3.0,41.0,319.63574880943133,4128.565509833614
SYNTH-3-41-1-Topic-8-Cell-3,1,3.0,41.0,259.04779743296416,4153.594037410554
SYNTH-3-41-1-Topic-8-Cell-4,1,3.0,41.0,339.9568324127756,4180.634156484835
SYNTH-3-41-1-Topic-8-Cell-5,1,3.0,41.0,289.87345028095746,4092.750956420323
SYNTH-3-42-1-Topic-7-Cell-1,1,3.0,42.0,300.0,4250.0
SYNTH-3-42-1-Topic-7-Cell-2,1,3.0,42.0,317.92490426071794,4230.433077045413
SYNTH-3-42-1-Topic-7-Cell-3,1,3.0,42.0,262.61592479085584,4253.2808922704635
SYNTH-3-42-1-Topic-7-Cell-4,1,3.0,42.0,336.4754307315513,4277.965030894812
SYNTH-3-42-1-Topic-8-Cell-5,1,3.0,42.0,290.755767148638,4197.7390123930245
SYNTH-3-42-1-Topic-8-Cell-6,1,3.0,42.0,268.1523766524972,4300.065579198177
SYNTH-3-43-1-Topic-0-Cell-1,1,3.0,43.0,300.0,4350.0
SYNTH-3-43-1-Topic-0-Cell-2,1,3.0,43.0,317.92490426071794,4330.433077045413
SYNTH-3-43-1-Topic-0-Cell-3,1,3.0,43.0,262.61592479085584,4353.2808922704635
SYNTH-3-43-1-Topic-0-Cell-4,1,3.0,43.0,336.4754307315513,4377.965030894812
SYNTH-3-43-1-Topic-0-Cell-5,1,3.0,43.0,290.755767148638,4297.7390123930245
SYNTH-3-43-1-Topic-0-Cell-6,1,3.0,43.0,268.1523766524972,4400.065579198177
SYNTH-3-44-1-Topic-7-Cell-1,1,3.0,44.0,300.0,4450.0
SYNTH-3-44-1-Topic-8-Cell-2,1,3.0,44.0,319.63574880943133,4428.565509833614
SYNTH-3-44-1-Topic-8-Cell-3,1,3.0,44.0,259.04779743296416,4453.594037410554
SYNTH-3-44-1-Topic-9-Cell-4,1,3.0,44.0,339.9568324127756,4480.634156484835
SYNTH-3-44-1-Topic-9-Cell-5,1,3.0,44.0,289.87345028095746,4392.750956420323
SYNTH-3-45-1-Topic-0-Cell-1,1,3.0,45.0,300.0,4550.0
SYNTH-3-45-1-Topic-0-Cell-2,1,3.0,45.0,317.92490426071794,4530.433077045413
SYNTH-3-45-1-Topic-0-Cell-3,1,3.0,45.0,262.61592479085584,4553.2808922704635
SYNTH-3-45-1-Topic-0-Cell-4,1,3.0,45.0,336.4754307315513,4577.965030894812
SYNTH-3-45-1-Topic-8-Cell-5,1,3.0,45.0,290.755767148638,4497.7390123930245
SYNTH-3-45-1-Topic-8-Cell-6,1,3.0,45.0,268.1523766524972,4600.065579198177
SYNTH-3-46-1-Topic-1-Cell-1,1,3.0,46.0,300.0,4650.0
SYNTH-3-46-1-Topic-7-Cell-2,1,3.0,46.0,319.63574880943133,4628.565509833614
SYNTH-3-46-1-Topic-8-Cell-3,1,3.0,46.0,259.04779743296416,4653.594037410554
SYNTH-3-46-1-Topic-8-Cell-4,1,3.0,46.0,339.9568324127756,4680.634156484835
SYNTH-3-46-1-Topic-8-Cell-5,1,3.0,46.0,289.87345028095746,4592.750956420323
SYNTH-3-47-1-Topic-0-Cell-1,1,3.0,47.0,300.0,4750.0
SYNTH-3-47-1-Topic-0-Cell-2,1,3.0,47.0,319.63574880943133,4728.565509833614
SYNTH-3-47-1-Topic-8-Cell-3,1,3.0,47.0,259.04779743296416,4753.594037410554
SYNTH-3-47-1-Topic-8-Cell-4,1,3.0,47.0,339.9568324127756,4780.634156484835
SYNTH-3-47-1-Topic-9-Cell-5,1,3.0,47.0,289.87345028095746,4692.750956420323
SYNTH-3-48-1-Topic-9-Cell-1,1,3.0,48.0,300.0,4850.0
SYNTH-3-48-1-Topic-9-Cell-2,1,3.0,48.0,319.63574880943133,4828.565509833614
SYNTH-3-48-1-Topic-9-Cell-3,1,3.0,48.0,259.04779743296416,4853.594037410554
SYNTH-3-48-1-Topic-9-Cell-4,1,3.0,48.0,339.9568324127756,4880.634156484835
SYNTH-3-48-1-Topic-9-Cell-5,1,3.0,48.0,289.87345028095746,4792.750956420323
SYNTH-3-49-1-Topic-8-Cell-1,1,3.0,49.0,300.0,4950.0
SYNTH-3-49-1-Topic-8-Cell-2,1,3.0,49.0,319.63574880943133,4928.565509833614
SYNTH-3-49-1-Topic-8-Cell-3,1,3.0,49.0,259.04779743296416,4953.594037410554
SYNTH-3-49-1-Topic-8-Cell-4,1,3.0,49.0,339.9568324127756,4980.634156484835
SYNTH-3-49-1-Topic-8-Cell-5,1,3.0,49.0,289.87345028095746,4892.750956420323
SYNTH-3-50-1-Topic-2-Cell-1,1,3.0,50.0,300.0,5050.0
SYNTH-3-50-1-Topic-2-Cell-2,1,3.0,50.0,316.59523665107133,5031.884549437942
SYNTH-3-50-1-Topic-9-Cell-3,1,3.0,50.0,265.3890717599656,5053.0375160091835
SYNTH-3-50-1-Topic-9-Cell-4,1,3.0,50.0,333.76968691913163,5075.890587693178
SYNTH-3-50-1-Topic-9-Cell-5,1,3.0,50.0,291.4415034192313,5001.615727239498
SYNTH-3-50-1-Topic-9-Cell-6,1,3.0,50.0,270.5148301748963,5096.351719528427
SYNTH-3-50-1-Topic-9-Cell-7,1,3.0,50.0,358.1150977231786,5034.377452574757
SYNTH-4-1-1-Topic-0-Cell-1,1,4.0,1.0,400.0,100.0
SYNTH-4-1-1-Topic-8-Cell-2,1,4.0,1.0,417.92490426071794,80.4330770454125
SYNTH-4-1-1-Topic-8-Cell-3,1,4.0,1.0,362.61592479085584,103.28089227046327
SYNTH-4-1-1-Topic-8-Cell-4,1,4.0,1.0,436.4754307315513,127.96503089481223
SYNTH-4-1-1-Topic-8-Cell-5,1,4.0,1.0,390.755767148638,47.73901239302431
SYNTH-4-1-1-Topic-8-Cell-6,1,4.0,1.0,368.1523766524972,150.06557919817692
SYNTH-4-2-1-Topic-0-Cell-1,1,4.0,2.0,400.0,200.0
SYNTH-4-2-1-Topic-0-Cell-2,1,4.0,2.0,419.63574880943133,178.5655098336136
SYNTH-4-2-1-Topic-7-Cell-3,1,4.0,2.0,359.04779743296416,203.59403741055414
SYNTH-4-2-1-Topic-8-Cell-4,1,4.0,2.0,439.9568324127756,230.63415648483507
SYNTH-4-2-1-Topic-8-Cell-5,1,4.0,2.0,389.87345028095746,142.75095642032298
SYNTH-4-3-1-Topic-8-Cell-1,1,4.0,3.0,400.0,300.0
SYNTH-4-3-1-Topic-8-Cell-2,1,4.0,3.0,419.63574880943133,278.5655098336136
SYNTH-4-3-1-Topic-8-Cell-3,1,4.0,3.0,359.04779743296416,303.59403741055417
SYNTH-4-3-1-Topic-9-Cell-4,1,4.0,3.0,439.9568324127756,330.6341564848351
SYNTH-4-3-1-Topic-9-Cell-5,1,4.0,3.0,389.87345028095746,242.75095642032298
SYNTH-4-4-1-Topic-0-Cell-1,1,4.0,4.0,400.0,400.0
SYNTH-4-4-1-Topic-0-Cell-2,1,4.0,4.0,419.63574880943133,378.5655098336136
SYNTH-4-4-1-Topic-8-Cell-3,1,4.0,4.0,359.04779743296416,403.59403741055417
SYNTH-4-4-1-Topic-8-Cell-4,1,4.0,4.0,439.9568324127756,430.6341564848351
SYNTH-4-4-1-Topic-8-Cell-5,1,4.0,4.0,389.87345028095746,342.75095642032295
SYNTH-4-5-1-Topic-9-Cell-1,1,4.0,5.0,400.0,500.0
SYNTH-4-5-1-Topic-9-Cell-2,1,4.0,5.0,421.9534345634995,476.0355114624546
SYNTH-4-5-1-Topic-9-Cell-3,1,4.0,5.0,354.2140456158832,504.0182559818382
SYNTH-4-5-1-Topic-9-Cell-4,1,4.0,5.0,444.6730967202666,534.2500281667286
SYNTH-4-6-1-Topic-7-Cell-1,1,4.0,6.0,400.0,600.0
SYNTH-4-6-1-Topic-8-Cell-2,1,4.0,6.0,419.63574880943133,578.5655098336136
SYNTH-4-6-1-Topic-8-Cell-3,1,4.0,6.0,359.04779743296416,603.5940374105542
SYNTH-4-6-1-Topic-9-Cell-4,1,4.0,6.0,439.9568324127756,630.6341564848351
SYNTH-4-6-1-Topic-9-Cell-5,1,4.0,6.0,389.87345028095746,542.750956420323
SYNTH-4-7-1-Topic-7-Cell-1,1,4.0,7.0,400.0,700.0
SYNTH-4-7-1-Topic-7-Cell-2,1,4.0,7.0,419.63574880943133,678.5655098336136
SYNTH-4-7-1-Topic-8-Cell-3,1,4.0,7.0,359.04779743296416,703.5940374105542
SYNTH-4-7-1-Topic-8-Cell-4,1,4.0,7.0,439.9568324127756,730.6341564848351
SYNTH-4-7-1-Topic-8-Cell-5,1,4.0,7.0,389.87345028095746,642.750956420323
SYNTH-4-8-1-Topic-8-Cell-1,1,4.0,8.0,400.0,800.0
SYNTH-4-8-1-Topic-8-Cell-2,1,4.0,8.0,419.63574880943133,778.5655098336136
SYNTH-4-8-1-Topic-8-Cell-3,1,4.0,8.0,359.04779743296416,803.5940374105542
SYNTH-4-8-1-Topic-8-Cell-4,1,4.0,8.0,439.9568324127756,830.6341564848351
SYNTH-4-8-1-Topic-8-Cell-5,1,4.0,8.0,389.87345028095746,742.750956420323
SYNTH-4-9-1-Topic-0-Cell-1,1,4.0,9.0,400.0,900.0
SYNTH-4-9-1-Topic-0-Cell-2,1,4.0,9.0,419.63574880943133,878.5655098336136
SYNTH-4-9-1-Topic-7-Cell-3,1,4.0,9.0,359.04779743296416,903.5940374105542
SYNTH-4-9-1-Topic-7-Cell-4,1,4.0,9.0,439.9568324127756,930.6341564848351
SYNTH-4-9-1-Topic-8-Cell-5,1,4.0,9.0,389.87345028095746,842.750956420323
SYNTH-4-10-1-Topic-0-Cell-1,1,4.0,10.0,400.0,1000.0
SYNTH-4-10-1-Topic-8-Cell-2,1,4.0,10.0,419.63574880943133,978.5655098336136
SYNTH-4-10-1-Topic-8-Cell-3,1,4.0,10.0,359.04779743296416,1003.5940374105542
SYNTH-4-10-1-Topic-8-Cell-4,1,4.0,10.0,439.9568324127756,1030.634156484835
SYNTH-4-10-1-Topic-8-Cell-5,1,4.0,10.0,389.87345028095746,942.750956420323
SYNTH-4-11-1-Topic-4-Cell-1,1,4.0,11.0,400.0,1100.0
SYNTH-4-11-1-Topic-8-Cell-2,1,4.0,11.0,419.63574880943133,1078.5655098336135
SYNTH-4-11-1-Topic-8-Cell-3,1,4.0,11.0,359.04779743296416,1103.5940374105542
SYNTH-4-11-1-Topic-8-Cell-4,1,4.0,11.0,439.9568324127756,1130.634156484835
SYNTH-4-11-1-Topic-9-Cell-5,1,4.0,11.0,389.87345028095746,1042.750956420323
SYNTH-4-12-1-Topic-8-Cell-1,1,4.0,12.0,400.0,1200.0
SYNTH-4-12-1-Topic-8-Cell-2,1,4.0,12.0,421.9534345634995,1176.0355114624547
SYNTH-4-12-1-Topic-8-Cell-3,1,4.0,12.0,354.2140456158832,1204.0182559818381
SYNTH-4-12-1-Topic-8-Cell-4,1,4.0,12.0,444.6730967202666,1234.2500281667287
SYNTH-4-13-1-Topic-0-Cell-1,1,4.0,13.0,400.0,1300.0
SYNTH-4-13-1-Topic-8-Cell-2,1,4.0,13.0,419.63574880943133,1278.5655098336135
SYNTH-4-13-1-Topic-8-Cell-3,1,4.0,13.0,359.04779743296416,1303.5940374105542
SYNTH-4-13-1-Topic-8-Cell-4,1,4.0,13.0,439.9568324127756,1330.634156484835
SYNTH-4-13-1-Topic-8-Cell-5,1,4.0,13.0,389.87345028095746,1242.750956420323
SYNTH-4-14-1-Topic-4-Cell-1,1,4.0,14.0,400.0,1400.0
SYNTH-4-14-1-Topic-4-Cell-2,1,4.0,14.0,421.9534345634995,1376.0355114624547
SYNTH-4-14-1-Topic-7-Cell-3,1,4.0,14.0,354.2140456158832,1404.0182559818381
SYNTH-4-14-1-Topic-7-Cell-4,1,4.0,14.0,444.6730967202666,1434.2500281667287
SYNTH-4-15-1-Topic-8-Cell-1,1,4.0,15.0,400.0,1500.0
SYNTH-4-15-1-Topic-8-Cell-2,1,4.0,15.0,421.9534345634995,1476.0355114624547
SYNTH-4-15-1-Topic-9-Cell-3,1,4.0,15.0,354.2140456158832,1504.0182559818381
SYNTH-4-15-1-Topic-9-Cell-4,1,4.0,15.0,444.6730967202666,1534.2500281667287
SYNTH-4-16-1-Topic-7-Cell-1,1,4.0,16.0,400.0,1600.0
SYNTH-4-16-1-Topic-7-Cell-2,1,4.0,16.0,421.9534345634995,1576.0355114624547
SYNTH-4-16-1-Topic-7-Cell-3,1,4.0,16.0,354.2140456158832,1604.0182559818381
SYNTH-4-16-1-Topic-7-Cell-4,1,4.0,16.0,444.6730967202666,1634.2500281667287
SYNTH-4-17-1-Topic-0-Cell-1,1,4.0,17.0,400.0,1700.0
SYNTH-4-17-1-Topic-0-Cell-2,1,4.0,17.0,417.92490426071794,1680.4330770454126
SYNTH-4-17-1-Topic-0-Cell-3,1,4.0,17.0,362.61592479085584,1703.2808922704633
SYNTH-4-17-1-Topic-0-Cell-4,1,4.0,17.0,436.4754307315513,1727.9650308948123
SYNTH-4-17-1-Topic-7-Cell-5,1,4.0,17.0,390.755767148638,1647.7390123930243
SYNTH-4-17-1-Topic-8-Cell-6,1,4.0,17.0,368.1523766524972,1750.065579198177
SYNTH-4-18-1-Topic-0-Cell-1,1,4.0,18.0,400.0,1800.0
SYNTH-4-18-1-Topic-4-Cell-2,1,4.0,18.0,419.63574880943133,1778.5655098336135
SYNTH-4-18-1-Topic-7-Cell-3,1,4.0,18.0,359.04779743296416,1803.5940374105542
SYNTH-4-18-1-Topic-8-Cell-4,1,4.0,18.0,439.9568324127756,1830.634156484835
SYNTH-4-18-1-Topic-8-Cell-5,1,4.0,18.0,389.87345028095746,1742.750956420323
SYNTH-4-19-1-Topic-0-Cell-1,1,4.0,19.0,400.0,1900.0
SYNTH-4-19-1-Topic-7-Cell-2,1,4.0,19.0,417.92490426071794,1880.4330770454126
SYNTH-4-19-1-Topic-7-Cell-3,1,4.0,19.0,362.61592479085584,1903.2808922704633
SYNTH-4-19-1-Topic-8-Cell-4,1,4.0,19.0,436.4754307315513,1927.9650308948123
SYNTH-4-19-1-Topic-8-Cell-5,1,4.0,19.0,390.755767148638,1847.7390123930243
SYNTH-4-19-1-Topic-8-Cell-6,1,4.0,19.0,368.1523766524972,1950.065579198177
SYNTH-4-20-1-Topic-8-Cell-1,1,4.0,20.0,400.0,2000.0
SYNTH-4-20-1-Topic-8-Cell-2,1,4.0,20.0,421.9534345634995,1976.0355114624547
SYNTH-4-20-1-Topic-8-Cell-3,1,4.0,20.0,354.2140456158832,2004.0182559818381
SYNTH-4-20-1-Topic-8-Cell-4,1,4.0,20.0,444.6730967202666,2034.2500281667287
SYNTH-4-21-1-Topic-0-Cell-1,1,4.0,21.0,400.0,2100.0
SYNTH-4-21-1-Topic-8-Cell-2,1,4.0,21.0,421.9534345634995,2076.0355114624545
SYNTH-4-21-1-Topic-8-Cell-3,1,4.0,21.0,354.2140456158832,2104.018255981838
SYNTH-4-21-1-Topic-8-Cell-4,1,4.0,21.0,444.6730967202666,2134.2500281667285
SYNTH-4-22-1-Topic-8-Cell-1,1,4.0,22.0,400.0,2200.0
SYNTH-4-22-1-Topic-8-Cell-2,1,4.0,22.0,419.63574880943133,2178.5655098336138
SYNTH-4-22-1-Topic-8-Cell-3,1,4.0,22.0,359.04779743296416,2203.594037410554
SYNTH-4-22-1-Topic-8-Cell-4,1,4.0,22.0,439.9568324127756,2230.634156484835
SYNTH-4-22-1-Topic-8-Cell-5,1,4.0,22.0,389.87345028095746,2142.750956420323
SYNTH-4-23-1-Topic-8-Cell-1,1,4.0,23.0,400.0,2300.0
SYNTH-4-23-1-Topic-8-Cell-2,1,4.0,23.0,417.92490426071794,2280.4330770454126
SYNTH-4-23-1-Topic-8-Cell-3,1,4.0,23.0,362.61592479085584,2303.2808922704635
SYNTH-4-23-1-Topic-8-Cell-4,1,4.0,23.0,436.4754307315513,2327.965030894812
SYNTH-4-23-1-Topic-8-Cell-5,1,4.0,23.0,390.755767148638,2247.7390123930245
SYNTH-4-23-1-Topic-8-Cell-6,1,4.0,23.0,368.1523766524972,2350.065579198177
SYNTH-4-24-1-Topic-0-Cell-1,1,4.0,24.0,400.0,2400.0
SYNTH-4-24-1-Topic-0-Cell-2,1,4.0,24.0,417.92490426071794,2380.4330770454126
SYNTH-4-24-1-Topic-0-Cell-3,1,4.0,24.0,362.61592479085584,2403.2808922704635
SYNTH-4-24-1-Topic-8-Cell-4,1,4.0,24.0,436.4754307315513,2427.965030894812
SYNTH-4-24-1-Topic-8-Cell-5,1,4.0,24.0,390.755767148638,2347.7390123930245
SYNTH-4-24-1-Topic-8-Cell-6,1,4.0,24.0,368.1523766524972,2450.065579198177
SYNTH-4-25-1-Topic-0-Cell-1,1,4.0,25.0,400.0,2500.0
SYNTH-4-25-1-Topic-7-Cell-2,1,4.0,25.0,421.9534345634995,2476.0355114624545
SYNTH-4-25-1-Topic-8-Cell-3,1,4.0,25.0,354.2140456158832,2504.018255981838
SYNTH-4-25-1-Topic-8-Cell-4,1,4.0,25.0,444.6730967202666,2534.2500281667285
SYNTH-4-26-1-Topic-8-Cell-1,1,4.0,26.0,400.0,2600.0
SYNTH-4-26-1-Topic-8-Cell-2,1,4.0,26.0,421.9534345634995,2576.0355114624545
SYNTH-4-26-1-Topic-8-Cell-3,1,4.0,26.0,354.2140456158832,2604.018255981838
SYNTH-4-26-1-Topic-8-Cell-4,1,4.0,26.0,444.6730967202666,2634.2500281667285
SYNTH-4-27-1-Topic-8-Cell-1,1,4.0,27.0,400.0,2700.0
SYNTH-4-27-1-Topic-8-Cell-2,1,4.0,27.0,419.63574880943133,2678.5655098336138
SYNTH-4-27-1-Topic-8-Cell-3,1,4.0,27.0,359.04779743296416,2703.594037410554
SYNTH-4-27-1-Topic-8-Cell-4,1,4.0,27.0,439.9568324127756,2730.634156484835
SYNTH-4-27-1-Topic-8-Cell-5,1,4.0,27.0,389.87345028095746,2642.750956420323
SYNTH-4-28-1-Topic-0-Cell-1,1,4.0,28.0,400.0,2800.0
SYNTH-4-28-1-Topic-8-Cell-2,1,4.0,28.0,419.63574880943133,2778.5655098336138
SYNTH-4-28-1-Topic-8-Cell-3,1,4.0,28.0,359.04779743296416,2803.594037410554
SYNTH-4-28-1-Topic-8-Cell-4,1,4.0,28.0,439.9568324127756,2830.634156484835
SYNTH-4-28-1-Topic-8-Cell-5,1,4.0,28.0,389.87345028095746,2742.750956420323
SYNTH-4-29-1-Topic-2-Cell-1,1,4.0,29.0,400.0,2900.0
SYNTH-4-29-1-Topic-4-Cell-2,1,4.0,29.0,419.63574880943133,2878.5655098336138
SYNTH-4-29-1-Topic-8-Cell-3,1,4.0,29.0,359.04779743296416,2903.594037410554
SYNTH-4-29-1-Topic-8-Cell-4,1,4.0,29.0,439.9568324127756,2930.634156484835
SYNTH-4-29-1-Topic-8-Cell-5,1,4.0,29.0,389.87345028095746,2842.750956420323
SYNTH-4-30-1-Topic-0-Cell-1,1,4.0,30.0,400.0,3000.0
SYNTH-4-30-1-Topic-0-Cell-2,1,4.0,30.0,417.92490426071794,2980.4330770454126
SYNTH-4-30-1-Topic-0-Cell-3,1,4.0,30.0,362.61592479085584,3003.2808922704635
SYNTH-4-30-1-Topic-0-Cell-4,1,4.0,30.0,436.4754307315513,3027.965030894812
SYNTH-4-30-1-Topic-0-Cell-5,1,4.0,30.0,390.755767148638,2947.7390123930245
SYNTH-4-30-1-Topic-0-Cell-6,1,4.0,30.0,368.1523766524972,3050.065579198177
SYNTH-4-31-1-Topic-0-Cell-1,1,4.0,31.0,400.0,3100.0
SYNTH-4-31-1-Topic-0-Cell-2,1,4.0,31.0,419.63574880943133,3078.5655098336138
SYNTH-4-31-1-Topic-0-Cell-3,1,4.0,31.0,359.04779743296416,3103.594037410554
SYNTH-4-31-1-Topic-8-Cell-4,1,4.0,31.0,439.9568324127756,3130.634156484835
SYNTH-4-31-1-Topic-8-Cell-5,1,4.0,31.0,389.87345028095746,3042.750956420323
SYNTH-4-32-1-Topic-0-Cell-1,1,4.0,32.0,400.0,3200.0
SYNTH-4-32-1-Topic-8-Cell-2,1,4.0,32.0,419.63574880943133,3178.5655098336138
SYNTH-4-32-1-Topic-9-Cell-3,1,4.0,32.0,359.04779743296416,3203.594037410554
SYNTH-4-32-1-Topic-9-Cell-4,1,4.0,32.0,439.9568324127756,3230.634156484835
SYNTH-4-32-1-Topic-9-Cell-5,1,4.0,32.0,389.87345028095746,3142.750956420323
SYNTH-4-33-1-Topic-0-Cell-1,1,4.0,33.0,400.0,3300.0
SYNTH-4-33-1-Topic-0-Cell-2,1,4.0,33.0,417.92490426071794,3280.4330770454126
SYNTH-4-33-1-Topic-0-Cell-3,1,4.0,33.0,362.61592479085584,3303.2808922704635
SYNTH-4-33-1-Topic-4-Cell-4,1,4.0,33.0,436.4754307315513,3327.965030894812
SYNTH-4-33-1-Topic-8-Cell-5,1,4.0,33.0,390.755767148638,3247.7390123930245
SYNTH-4-33-1-Topic-9-Cell-6,1,4.0,33.0,368.1523766524972,3350.065579198177
SYNTH-4-34-1-Topic-8-Cell-1,1,4.0,34.0,400.0,3400.0
SYNTH-4-34-1-Topic-8-Cell-2,1,4.0,34.0,419.63574880943133,3378.5655098336138
SYNTH-4-34-1-Topic-8-Cell-3,1,4.0,34.0,359.04779743296416,3403.594037410554
SYNTH-4-34-1-Topic-8-Cell-4,1,4.0,34.0,439.9568324127756,3430.634156484835
SYNTH-4-34-1-Topic-8-Cell-5,1,4.0,34.0,389.87345028095746,3342.750956420323
SYNTH-4-35-1-Topic-0-Cell-1,1,4.0,35.0,400.0,3500.0
SYNTH-4-35-1-Topic-0-Cell-2,1,4.0,35.0,417.92490426071794,3480.4330770454126
SYNTH-4-35-1-Topic-0-Cell-3,1,4.0,35.0,362.61592479085584,3503.2808922704635
SYNTH-4-35-1-Topic-0-Cell-4,1,4.0,35.0,436.4754307315513,3527.965030894812
SYNTH-4-35-1-Topic-8-Cell-5,1,4.0,35.0,390.755767148638,3447.7390123930245
SYNTH-4-35-1-Topic-8-Cell-6,1,4.0,35.0,368.1523766524972,3550.065579198177
SYNTH-4-36-1-Topic-0-Cell-1,1,4.0,36.0,400.0,3600.0
SYNTH-4-36-1-Topic-4-Cell-2,1,4.0,36.0,421.9534345634995,3576.0355114624545
SYNTH-4-36-1-Topic-4-Cell-3,1,4.0,36.0,354.2140456158832,3604.018255981838
SYNTH-4-36-1-Topic-10-Cell-4,1,4.0,36.0,444.6730967202666,3634.2500281667285
SYNTH-4-37-1-Topic-0-Cell-1,1,4.0,37.0,400.0,3700.0
SYNTH-4-37-1-Topic-0-Cell-2,1,4.0,37.0,419.63574880943133,3678.5655098336138
SYNTH-4-37-1-Topic-7-Cell-3,1,4.0,37.0,359.04779743296416,3703.594037410554
SYNTH-4-37-1-Topic-8-Cell-4,1,4.0,37.0,439.9568324127756,3730.634156484835
SYNTH-4-37-1-Topic-8-Cell-5,1,4.0,37.0,389.87345028095746,3642.750956420323
SYNTH-4-38-1-Topic-4-Cell-1,1,4.0,38.0,400.0,3800.0
SYNTH-4-38-1-Topic-4-Cell-2,1,4.0,38.0,425.34964270974655,3772.328192183713
SYNTH-4-38-1-Topic-4-Cell-3,1,4.0,38.0,347.1309338224525,3804.6398823455743
SYNTH-4-39-1-Topic-8-Cell-1,1,4.0,39.0,400.0,3900.0
SYNTH-4-39-1-Topic-8-Cell-2,1,4.0,39.0,421.9534345634995,3876.0355114624545
SYNTH-4-39-1-Topic-8-Cell-3,1,4.0,39.0,354.2140456158832,3904.018255981838
SYNTH-4-39-1-Topic-9-Cell-4,1,4.0,39.0,444.6730967202666,3934.2500281667285
SYNTH-4-40-1-Topic-8-Cell-1,1,4.0,40.0,400.0,4000.0
SYNTH-4-40-1-Topic-8-Cell-2,1,4.0,40.0,419.63574880943133,3978.5655098336138
SYNTH-4-40-1-Topic-8-Cell-3,1,4.0,40.0,359.04779743296416,4003.594037410554
SYNTH-4-40-1-Topic-8-Cell-4,1,4.0,40.0,439.9568324127756,4030.634156484835
SYNTH-4-40-1-Topic-8-Cell-5,1,4.0,40.0,389.87345028095746,3942.750956420323
SYNTH-4-41-1-Topic-8-Cell-1,1,4.0,41.0,400.0,4100.0
SYNTH-4-41-1-Topic-8-Cell-2,1,4.0,41.0,421.9534345634995,4076.0355114624545
SYNTH-4-41-1-Topic-8-Cell-3,1,4.0,41.0,354.2140456158832,4104.018255981839
SYNTH-4-41-1-Topic-8-Cell-4,1,4.0,41.0,444.6730967202666,4134.250028166729
SYNTH-4-42-1-Topic-0-Cell-1,1,4.0,42.0,400.0,4200.0
SYNTH-4-42-1-Topic-0-Cell-2,1,4.0,42.0,419.63574880943133,4178.565509833614
SYNTH-4-42-1-Topic-8-Cell-3,1,4.0,42.0,359.04779743296416,4203.594037410554
SYNTH-4-42-1-Topic-8-Cell-4,1,4.0,42.0,439.9568324127756,4230.634156484835
SYNTH-4-42-1-Topic-8-Cell-5,1,4.0,42.0,389.87345028095746,4142.750956420323
SYNTH-4-43-1-Topic-0-Cell-1,1,4.0,43.0,400.0,4300.0
SYNTH-4-43-1-Topic-0-Cell-2,1,4.0,43.0,417.92490426071794,4280.433077045413
SYNTH-4-43-1-Topic-8-Cell-3,1,4.0,43.0,362.61592479085584,4303.2808922704635
SYNTH-4-43-1-Topic-8-Cell-4,1,4.0,43.0,436.4754307315513,4327.965030894812
SYNTH-4-43-1-Topic-8-Cell-5,1,4.0,43.0,390.755767148638,4247.7390123930245
SYNTH-4-43-1-Topic-8-Cell-6,1,4.0,43.0,368.1523766524972,4350.065579198177
SYNTH-4-44-1-Topic-8-Cell-1,1,4.0,44.0,400.0,4400.0
SYNTH-4-44-1-Topic-8-Cell-2,1,4.0,44.0,419.63574880943133,4378.565509833614
SYNTH-4-44-1-Topic-8-Cell-3,1,4.0,44.0,359.04779743296416,4403.594037410554
SYNTH-4-44-1-Topic-9-Cell-4,1,4.0,44.0,439.9568324127756,4430.634156484835
SYNTH-4-44-1-Topic-9-Cell-5,1,4.0,44.0,389.87345028095746,4342.750956420323
SYNTH-4-45-1-Topic-0-Cell-1,1,4.0,45.0,400.0,4500.0
SYNTH-4-45-1-Topic-0-Cell-2,1,4.0,45.0,417.92490426071794,4480.433077045413
SYNTH-4-45-1-Topic-8-Cell-3,1,4.0,45.0,362.61592479085584,4503.2808922704635
SYNTH-4-45-1-Topic-8-Cell-4,1,4.0,45.0,436.4754307315513,4527.965030894812
SYNTH-4-45-1-Topic-8-Cell-5,1,4.0,45.0,390.755767148638,4447.7390123930245
SYNTH-4-45-1-Topic-9-Cell-6,1,4.0,45.0,368.1523766524972,4550.065579198177
SYNTH-4-46-1-Topic-0-Cell-1,1,4.0,46.0,400.0,4600.0
SYNTH-4-46-1-Topic-0-Cell-2,1,4.0,46.0,417.92490426071794,4580.433077045413
SYNTH-4-46-1-Topic-0-Cell-3,1,4.0,46.0,362.61592479085584,4603.2808922704635
SYNTH-4-46-1-Topic-0-Cell-4,1,4.0,46.0,436.4754307315513,4627.965030894812
SYNTH-4-46-1-Topic-7-Cell-5,1,4.0,46.0,390.755767148638,4547.7390123930245
SYNTH-4-46-1-Topic-8-Cell-6,1,4.0,46.0,368.1523766524972,4650.065579198177
SYNTH-4-47-1-Topic-0-Cell-1,1,4.0,47.0,400.0,4700.0
SYNTH-4-47-1-Topic-0-Cell-2,1,4.0,47.0,417.92490426071794,4680.433077045413
SYNTH-4-47-1-Topic-0-Cell-3,1,4.0,47.0,362.61592479085584,4703.2808922704635
SYNTH-4-47-1-Topic-8-Cell-4,1,4.0,47.0,436.4754307315513,4727.965030894812
SYNTH-4-47-1-Topic-8-Cell-5,1,4.0,47.0,390.755767148638,4647.7390123930245
SYNTH-4-47-1-Topic-8-Cell-6,1,4.0,47.0,368.1523766524972,4750.065579198177
SYNTH-4-48-1-Topic-4-Cell-1,1,4.0,48.0,400.0,4800.0
SYNTH-4-48-1-Topic-4-Cell-2,1,4.0,48.0,419.63574880943133,4778.565509833614
SYNTH-4-48-1-Topic-4-Cell-3,1,4.0,48.0,359.04779743296416,4803.594037410554
SYNTH-4-48-1-Topic-8-Cell-4,1,4.0,48.0,439.9568324127756,4830.634156484835
SYNTH-4-48-1-Topic-9-Cell-5,1,4.0,48.0,389.87345028095746,4742.750956420323
SYNTH-4-49-1-Topic-0-Cell-1,1,4.0,49.0,400.0,4900.0
SYNTH-4-49-1-Topic-0-Cell-2,1,4.0,49.0,417.92490426071794,4880.433077045413
SYNTH-4-49-1-Topic-0-Cell-3,1,4.0,49.0,362.61592479085584,4903.2808922704635
SYNTH-4-49-1-Topic-0-Cell-4,1,4.0,49.0,436.4754307315513,4927.965030894812
SYNTH-4-49-1-Topic-7-Cell-5,1,4.0,49.0,390.755767148638,4847.7390123930245
SYNTH-4-49-1-Topic-7-Cell-6,1,4.0,49.0,368.1523766524972,4950.065579198177
SYNTH-4-50-1-Topic-8-Cell-1,1,4.0,50.0,400.0,5000.0
SYNTH-4-50-1-Topic-8-Cell-2,1,4.0,50.0,421.9534345634995,4976.035511462454
SYNTH-4-50-1-Topic-8-Cell-3,1,4.0,50.0,354.2140456158832,5004.018255981839
SYNTH-4-50-1-Topic-8-Cell-4,1,4.0,50.0,444.6730967202666,5034.250028166729
SYNTH-5-1-1-Topic-7-Cell-1,1,5.0,1.0,500.0,150.0
SYNTH-5-1-1-Topic-7-Cell-2,1,5.0,1.0,517.9249042607179,130.43307704541252
SYNTH-5-1-1-Topic-7-Cell-3,1,5.0,1.0,462.61592479085584,153.28089227046326
SYNTH-5-1-1-Topic-8-Cell-4,1,5.0,1.0,536.4754307315513,177.96503089481223
SYNTH-5-1-1-Topic-8-Cell-5,1,5.0,1.0,490.755767148638,97.73901239302431
SYNTH-5-1-1-Topic-8-Cell-6,1,5.0,1.0,468.1523766524972,200.06557919817692
SYNTH-5-2-1-Topic-0-Cell-1,1,5.0,2.0,500.0,250.0
SYNTH-5-2-1-Topic-0-Cell-2,1,5.0,2.0,517.9249042607179,230.43307704541252
SYNTH-5-2-1-Topic-0-Cell-3,1,5.0,2.0,462.61592479085584,253.28089227046326
SYNTH-5-2-1-Topic-0-Cell-4,1,5.0,2.0,536.4754307315513,277.96503089481223
SYNTH-5-2-1-Topic-0-Cell-5,1,5.0,2.0,490.755767148638,197.73901239302432
SYNTH-5-2-1-Topic-8-Cell-6,1,5.0,2.0,468.1523766524972,300.0655791981769
SYNTH-5-3-1-Topic-0-Cell-1,1,5.0,3.0,500.0,350.0
SYNTH-5-3-1-Topic-8-Cell-2,1,5.0,3.0,519.6357488094313,328.5655098336136
SYNTH-5-3-1-Topic-8-Cell-3,1,5.0,3.0,459.04779743296416,353.59403741055417
SYNTH-5-3-1-Topic-8-Cell-4,1,5.0,3.0,539.9568324127756,380.6341564848351
SYNTH-5-3-1-Topic-8-Cell-5,1,5.0,3.0,489.87345028095746,292.75095642032295
SYNTH-5-4-1-Topic-0-Cell-1,1,5.0,4.0,500.0,450.0
SYNTH-5-4-1-Topic-7-Cell-2,1,5.0,4.0,519.6357488094313,428.5655098336136
SYNTH-5-4-1-Topic-8-Cell-3,1,5.0,4.0,459.04779743296416,453.59403741055417
SYNTH-5-4-1-Topic-8-Cell-4,1,5.0,4.0,539.9568324127756,480.6341564848351
SYNTH-5-4-1-Topic-8-Cell-5,1,5.0,4.0,489.87345028095746,392.75095642032295
SYNTH-5-5-1-Topic-8-Cell-1,1,5.0,5.0,500.0,550.0
SYNTH-5-5-1-Topic-8-Cell-2,1,5.0,5.0,521.9534345634995,526.0355114624546
SYNTH-5-5-1-Topic-8-Cell-3,1,5.0,5.0,454.2140456158832,554.0182559818381
SYNTH-5-5-1-Topic-8-Cell-4,1,5.0,5.0,544.6730967202666,584.2500281667286
SYNTH-5-6-1-Topic-0-Cell-1,1,5.0,6.0,500.0,650.0
SYNTH-5-6-1-Topic-0-Cell-2,1,5.0,6.0,519.6357488094313,628.5655098336136
SYNTH-5-6-1-Topic-0-Cell-3,1,5.0,6.0,459.04779743296416,653.5940374105542
SYNTH-5-6-1-Topic-8-Cell-4,1,5.0,6.0,539.9568324127756,680.6341564848351
SYNTH-5-6-1-Topic-8-Cell-5,1,5.0,6.0,489.87345028095746,592.750956420323
SYNTH-5-7-1-Topic-0-Cell-1,1,5.0,7.0,500.0,750.0
SYNTH-5-7-1-Topic-7-Cell-2,1,5.0,7.0,521.9534345634995,726.0355114624546
SYNTH-5-7-1-Topic-8-Cell-3,1,5.0,7.0,454.2140456158832,754.0182559818381
SYNTH-5-7-1-Topic-8-Cell-4,1,5.0,7.0,544.6730967202666,784.2500281667286
SYNTH-5-8-1-Topic-7-Cell-1,1,5.0,8.0,500.0,850.0
SYNTH-5-8-1-Topic-7-Cell-2,1,5.0,8.0,521.9534345634995,826.0355114624546
SYNTH-5-8-1-Topic-7-Cell-3,1,5.0,8.0,454.2140456158832,854.0182559818381
SYNTH-5-8-1-Topic-7-Cell-4,1,5.0,8.0,544.6730967202666,884.2500281667286
SYNTH-5-9-1-Topic-0-Cell-1,1,5.0,9.0,500.0,950.0
SYNTH-5-9-1-Topic-0-Cell-2,1,5.0,9.0,519.6357488094313,928.5655098336136
SYNTH-5-9-1-Topic-7-Cell-3,1,5.0,9.0,459.04779743296416,953.5940374105542
SYNTH-5-9-1-Topic-8-Cell-4,1,5.0,9.0,539.9568324127756,980.6341564848351
SYNTH-5-9-1-Topic-8-Cell-5,1,5.0,9.0,489.87345028095746,892.750956420323
SYNTH-5-10-1-Topic-0-Cell-1,1,5.0,10.0,500.0,1050.0
SYNTH-5-10-1-Topic-0-Cell-2,1,5.0,10.0,519.6357488094313,1028.5655098336135
SYNTH-5-10-1-Topic-0-Cell-3,1,5.0,10.0,459.04779743296416,1053.5940374105542
SYNTH-5-10-1-Topic-8-Cell-4,1,5.0,10.0,539.9568324127756,1080.634156484835
SYNTH-5-10-1-Topic-8-Cell-5,1,5.0,10.0,489.87345028095746,992.750956420323
SYNTH-5-11-1-Topic-0-Cell-1,1,5.0,11.0,500.0,1150.0
SYNTH-5-11-1-Topic-0-Cell-2,1,5.0,11.0,516.5952366510713,1131.884549437942
SYNTH-5-11-1-Topic-0-Cell-3,1,5.0,11.0,465.3890717599656,1153.0375160091833
SYNTH-5-11-1-Topic-7-Cell-4,1,5.0,11.0,533.7696869191316,1175.8905876931776
SYNTH-5-11-1-Topic-7-Cell-5,1,5.0,11.0,491.4415034192313,1101.6157272394978
SYNTH-5-11-1-Topic-7-Cell-6,1,5.0,11.0,470.5148301748963,1196.3517195284267
SYNTH-5-11-1-Topic-7-Cell-7,1,5.0,11.0,558.1150977231786,1134.3774525747567
SYNTH-5-12-1-Topic-0-Cell-1,1,5.0,12.0,500.0,1250.0
SYNTH-5-12-1-Topic-0-Cell-2,1,5.0,12.0,519.6357488094313,1228.5655098336135
SYNTH-5-12-1-Topic-0-Cell-3,1,5.0,12.0,459.04779743296416,1253.5940374105542
SYNTH-5-12-1-Topic-0-Cell-4,1,5.0,12.0,539.9568324127756,1280.634156484835
SYNTH-5-12-1-Topic-0-Cell-5,1,5.0,12.0,489.87345028095746,1192.750956420323
SYNTH-5-13-1-Topic-0-Cell-1,1,5.0,13.0,500.0,1350.0
SYNTH-5-13-1-Topic-0-Cell-2,1,5.0,13.0,517.9249042607179,1330.4330770454126
SYNTH-5-13-1-Topic-8-Cell-3,1,5.0,13.0,462.61592479085584,1353.2808922704633
SYNTH-5-13-1-Topic-8-Cell-4,1,5.0,13.0,536.4754307315513,1377.9650308948123
SYNTH-5-13-1-Topic-8-Cell-5,1,5.0,13.0,490.755767148638,1297.7390123930243
SYNTH-5-13-1-Topic-8-Cell-6,1,5.0,13.0,468.1523766524972,1400.065579198177
SYNTH-5-14-1-Topic-0-Cell-1,1,5.0,14.0,500.0,1450.0
SYNTH-5-14-1-Topic-7-Cell-2,1,5.0,14.0,519.6357488094313,1428.5655098336135
SYNTH-5-14-1-Topic-8-Cell-3,1,5.0,14.0,459.04779743296416,1453.5940374105542
SYNTH-5-14-1-Topic-8-Cell-4,1,5.0,14.0,539.9568324127756,1480.634156484835
SYNTH-5-14-1-Topic-10-Cell-5,1,5.0,14.0,489.87345028095746,1392.750956420323
SYNTH-5-15-1-Topic-0-Cell-1,1,5.0,15.0,500.0,1550.0
SYNTH-5-15-1-Topic-0-Cell-2,1,5.0,15.0,519.6357488094313,1528.5655098336135
SYNTH-5-15-1-Topic-0-Cell-3,1,5.0,15.0,459.04779743296416,1553.5940374105542
SYNTH-5-15-1-Topic-0-Cell-4,1,5.0,15.0,539.9568324127756,1580.634156484835
SYNTH-5-15-1-Topic-0-Cell-5,1,5.0,15.0,489.87345028095746,1492.750956420323
SYNTH-5-16-1-Topic-8-Cell-1,1,5.0,16.0,500.0,1650.0
SYNTH-5-16-1-Topic-10-Cell-2,1,5.0,16.0,521.9534345634995,1626.0355114624547
SYNTH-5-16-1-Topic-10-Cell-3,1,5.0,16.0,454.2140456158832,1654.0182559818381
SYNTH-5-16-1-Topic-10-Cell-4,1,5.0,16.0,544.6730967202666,1684.2500281667287
SYNTH-5-17-1-Topic-0-Cell-1,1,5.0,17.0,500.0,1750.0
SYNTH-5-17-1-Topic-0-Cell-2,1,5.0,17.0,519.6357488094313,1728.5655098336135
SYNTH-5-17-1-Topic-0-Cell-3,1,5.0,17.0,459.04779743296416,1753.5940374105542
SYNTH-5-17-1-Topic-0-Cell-4,1,5.0,17.0,539.9568324127756,1780.634156484835
SYNTH-5-17-1-Topic-8-Cell-5,1,5.0,17.0,489.87345028095746,1692.750956420323
SYNTH-5-18-1-Topic-0-Cell-1,1,5.0,18.0,500.0,1850.0
SYNTH-5-18-1-Topic-0-Cell-2,1,5.0,18.0,519.6357488094313,1828.5655098336135
SYNTH-5-18-1-Topic-0-Cell-3,1,5.0,18.0,459.04779743296416,1853.5940374105542
SYNTH-5-18-1-Topic-8-Cell-4,1,5.0,18.0,539.9568324127756,1880.634156484835
SYNTH-5-18-1-Topic-8-Cell-5,1,5.0,18.0,489.87345028095746,1792.750956420323
SYNTH-5-19-1-Topic-0-Cell-1,1,5.0,19.0,500.0,1950.0
SYNTH-5-19-1-Topic-0-Cell-2,1,5.0,19.0,517.9249042607179,1930.4330770454126
SYNTH-5-19-1-Topic-0-Cell-3,1,5.0,19.0,462.61592479085584,1953.2808922704633
SYNTH-5-19-1-Topic-0-Cell-4,1,5.0,19.0,536.4754307315513,1977.9650308948123
SYNTH-5-19-1-Topic-4-Cell-5,1,5.0,19.0,490.755767148638,1897.7390123930243
SYNTH-5-19-1-Topic-4-Cell-6,1,5.0,19.0,468.1523766524972,2000.065579198177
SYNTH-5-20-1-Topic-0-Cell-1,1,5.0,20.0,500.0,2050.0
SYNTH-5-20-1-Topic-0-Cell-2,1,5.0,20.0,519.6357488094313,2028.5655098336135
SYNTH-5-20-1-Topic-0-Cell-3,1,5.0,20.0,459.04779743296416,2053.594037410554
SYNTH-5-20-1-Topic-8-Cell-4,1,5.0,20.0,539.9568324127756,2080.634156484835
SYNTH-5-20-1-Topic-9-Cell-5,1,5.0,20.0,489.87345028095746,1992.750956420323
SYNTH-5-21-1-Topic-7-Cell-1,1,5.0,21.0,500.0,2150.0
SYNTH-5-21-1-Topic-7-Cell-2,1,5.0,21.0,521.9534345634995,2126.0355114624545
SYNTH-5-21-1-Topic-7-Cell-3,1,5.0,21.0,454.2140456158832,2154.018255981838
SYNTH-5-21-1-Topic-10-Cell-4,1,5.0,21.0,544.6730967202666,2184.2500281667285
SYNTH-5-22-1-Topic-8-Cell-1,1,5.0,22.0,500.0,2250.0
SYNTH-5-22-1-Topic-8-Cell-2,1,5.0,22.0,525.3496427097466,2222.328192183713
SYNTH-5-22-1-Topic-8-Cell-3,1,5.0,22.0,447.1309338224525,2254.6398823455743
SYNTH-5-23-1-Topic-0-Cell-1,1,5.0,23.0,500.0,2350.0
SYNTH-5-23-1-Topic-0-Cell-2,1,5.0,23.0,517.9249042607179,2330.4330770454126
SYNTH-5-23-1-Topic-0-Cell-3,1,5.0,23.0,462.61592479085584,2353.2808922704635
SYNTH-5-23-1-Topic-7-Cell-4,1,5.0,23.0,536.4754307315513,2377.965030894812
SYNTH-5-23-1-Topic-7-Cell-5,1,5.0,23.0,490.755767148638,2297.7390123930245
SYNTH-5-23-1-Topic-7-Cell-6,1,5.0,23.0,468.1523766524972,2400.065579198177
SYNTH-5-24-1-Topic-0-Cell-1,1,5.0,24.0,500.0,2450.0
SYNTH-5-24-1-Topic-8-Cell-2,1,5.0,24.0,517.9249042607179,2430.4330770454126
SYNTH-5-24-1-Topic-8-Cell-3,1,5.0,24.0,462.61592479085584,2453.2808922704635
SYNTH-5-24-1-Topic-8-Cell-4,1,5.0,24.0,536.4754307315513,2477.965030894812
SYNTH-5-24-1-Topic-8-Cell-5,1,5.0,24.0,490.755767148638,2397.7390123930245
SYNTH-5-24-1-Topic-8-Cell-6,1,5.0,24.0,468.1523766524972,2500.065579198177
SYNTH-5-25-1-Topic-0-Cell-1,1,5.0,25.0,500.0,2550.0
SYNTH-5-25-1-Topic-0-Cell-2,1,5.0,25.0,517.9249042607179,2530.4330770454126
SYNTH-5-25-1-Topic-8-Cell-3,1,5.0,25.0,462.61592479085584,2553.2808922704635
SYNTH-5-25-1-Topic-8-Cell-4,1,5.0,25.0,536.4754307315513,2577.965030894812
SYNTH-5-25-1-Topic-8-Cell-5,1,5.0,25.0,490.755767148638,2497.7390123930245
SYNTH-5-25-1-Topic-8-Cell-6,1,5.0,25.0,468.1523766524972,2600.065579198177
SYNTH-5-26-1-Topic-7-Cell-1,1,5.0,26.0,500.0,2650.0
SYNTH-5-26-1-Topic-7-Cell-2,1,5.0,26.0,521.9534345634995,2626.0355114624545
SYNTH-5-26-1-Topic-7-Cell-3,1,5.0,26.0,454.2140456158832,2654.018255981838
SYNTH-5-26-1-Topic-7-Cell-4,1,5.0,26.0,544.6730967202666,2684.2500281667285
SYNTH-5-27-1-Topic-0-Cell-1,1,5.0,27.0,500.0,2750.0
SYNTH-5-27-1-Topic-0-Cell-2,1,5.0,27.0,519.6357488094313,2728.5655098336138
SYNTH-5-27-1-Topic-0-Cell-3,1,5.0,27.0,459.04779743296416,2753.594037410554
SYNTH-5-27-1-Topic-9-Cell-4,1,5.0,27.0,539.9568324127756,2780.634156484835
SYNTH-5-27-1-Topic-9-Cell-5,1,5.0,27.0,489.87345028095746,2692.750956420323
SYNTH-5-28-1-Topic-0-Cell-1,1,5.0,28.0,500.0,2850.0
SYNTH-5-28-1-Topic-7-Cell-2,1,5.0,28.0,519.6357488094313,2828.5655098336138
SYNTH-5-28-1-Topic-7-Cell-3,1,5.0,28.0,459.04779743296416,2853.594037410554
SYNTH-5-28-1-Topic-7-Cell-4,1,5.0,28.0,539.9568324127756,2880.634156484835
SYNTH-5-28-1-Topic-8-Cell-5,1,5.0,28.0,489.87345028095746,2792.750956420323
SYNTH-5-29-1-Topic-0-Cell-1,1,5.0,29.0,500.0,2950.0
SYNTH-5-29-1-Topic-8-Cell-2,1,5.0,29.0,519.6357488094313,2928.5655098336138
SYNTH-5-29-1-Topic-8-Cell-3,1,5.0,29.0,459.04779743296416,2953.594037410554
SYNTH-5-29-1-Topic-8-Cell-4,1,5.0,29.0,539.9568324127756,2980.634156484835
SYNTH-5-29-1-Topic-8-Cell-5,1,5.0,29.0,489.87345028095746,2892.750956420323
SYNTH-5-30-1-Topic-0-Cell-1,1,5.0,30.0,500.0,3050.0
SYNTH-5-30-1-Topic-0-Cell-2,1,5.0,30.0,519.6357488094313,3028.5655098336138
SYNTH-5-30-1-Topic-8-Cell-3,1,5.0,30.0,459.04779743296416,3053.594037410554
SYNTH-5-30-1-Topic-8-Cell-4,1,5.0,30.0,539.9568324127756,3080.634156484835
SYNTH-5-30-1-Topic-8-Cell-5,1,5.0,30.0,489.87345028095746,2992.750956420323
SYNTH-5-31-1-Topic-0-Cell-1,1,5.0,31.0,500.0,3150.0
SYNTH-5-31-1-Topic-8-Cell-2,1,5.0,31.0,519.6357488094313,3128.5655098336138
SYNTH-5-31-1-Topic-8-Cell-3,1,5.0,31.0,459.04779743296416,3153.594037410554
SYNTH-5-31-1-Topic-8-Cell-4,1,5.0,31.0,539.9568324127756,3180.634156484835
SYNTH-5-31-1-Topic-8-Cell-5,1,5.0,31.0,489.87345028095746,3092.750956420323
SYNTH-5-32-1-Topic-7-Cell-1,1,5.0,32.0,500.0,3250.0
SYNTH-5-32-1-Topic-9-Cell-2,1,5.0,32.0,519.6357488094313,3228.5655098336138
SYNTH-5-32-1-Topic-9-Cell-3,1,5.0,32.0,459.04779743296416,3253.594037410554
SYNTH-5-32-1-Topic-9-Cell-4,1,5.0,32.0,539.9568324127756,3280.634156484835
SYNTH-5-32-1-Topic-9-Cell-5,1,5.0,32.0,489.87345028095746,3192.750956420323
SYNTH-5-33-1-Topic-0-Cell-1,1,5.0,33.0,500.0,3350.0
SYNTH-5-33-1-Topic-7-Cell-2,1,5.0,33.0,519.6357488094313,3328.5655098336138
SYNTH-5-33-1-Topic-8-Cell-3,1,5.0,33.0,459.04779743296416,3353.594037410554
SYNTH-5-33-1-Topic-8-Cell-4,1,5.0,33.0,539.9568324127756,3380.634156484835
SYNTH-5-33-1-Topic-8-Cell-5,1,5.0,33.0,489.87345028095746,3292.750956420323
SYNTH-5-34-1-Topic-8-Cell-1,1,5.0,34.0,500.0,3450.0
SYNTH-5-34-1-Topic-8-Cell-2,1,5.0,34.0,519.6357488094313,3428.5655098336138
SYNTH-5-34-1-Topic-8-Cell-3,1,5.0,34.0,459.04779743296416,3453.594037410554
SYNTH-5-34-1-Topic-9-Cell-4,1,5.0,34.0,539.9568324127756,3480.634156484835
SYNTH-5-34-1-Topic-9-Cell-5,1,5.0,34.0,489.87345028095746,3392.750956420323
SYNTH-5-35-1-Topic-8-Cell-1,1,5.0,35.0,500.0,3550.0
SYNTH-5-35-1-Topic-8-Cell-2,1,5.0,35.0,517.9249042607179,3530.4330770454126
SYNTH-5-35-1-Topic-8-Cell-3,1,5.0,35.0,462.61592479085584,3553.2808922704635
SYNTH-5-35-1-Topic-8-Cell-4,1,5.0,35.0,536.4754307315513,3577.965030894812
SYNTH-5-35-1-Topic-9-Cell-5,1,5.0,35.0,490.755767148638,3497.7390123930245
SYNTH-5-35-1-Topic-9-Cell-6,1,5.0,35.0,468.1523766524972,3600.065579198177
SYNTH-5-36-1-Topic-0-Cell-1,1,5.0,36.0,500.0,3650.0
SYNTH-5-36-1-Topic-0-Cell-2,1,5.0,36.0,521.9534345634995,3626.0355114624545
SYNTH-5-36-1-Topic-7-Cell-3,1,5.0,36.0,454.2140456158832,3654.018255981838
SYNTH-5-36-1-Topic-7-Cell-4,1,5.0,36.0,544.6730967202666,3684.2500281667285
SYNTH-5-37-1-Topic-0-Cell-1,1,5.0,37.0,500.0,3750.0
SYNTH-5-37-1-Topic-0-Cell-2,1,5.0,37.0,519.6357488094313,3728.5655098336138
SYNTH-5-37-1-Topic-4-Cell-3,1,5.0,37.0,459.04779743296416,3753.594037410554
SYNTH-5-37-1-Topic-7-Cell-4,1,5.0,37.0,539.9568324127756,3780.634156484835
SYNTH-5-37-1-Topic-8-Cell-5,1,5.0,37.0,489.87345028095746,3692.750956420323
SYNTH-5-38-1-Topic-7-Cell-1,1,5.0,38.0,500.0,3850.0
SYNTH-5-38-1-Topic-7-Cell-2,1,5.0,38.0,521.9534345634995,3826.0355114624545
SYNTH-5-38-1-Topic-8-Cell-3,1,5.0,38.0,454.2140456158832,3854.018255981838
SYNTH-5-38-1-Topic-8-Cell-4,1,5.0,38.0,544.6730967202666,3884.2500281667285
SYNTH-5-39-1-Topic-0-Cell-1,1,5.0,39.0,500.0,3950.0
SYNTH-5-39-1-Topic-7-Cell-2,1,5.0,39.0,519.6357488094313,3928.5655098336138
SYNTH-5-39-1-Topic-7-Cell-3,1,5.0,39.0,459.04779743296416,3953.594037410554
SYNTH-5-39-1-Topic-7-Cell-4,1,5.0,39.0,539.9568324127756,3980.634156484835
SYNTH-5-39-1-Topic-10-Cell-5,1,5.0,39.0,489.87345028095746,3892.750956420323
SYNTH-5-40-1-Topic-7-Cell-1,1,5.0,40.0,500.0,4050.0
SYNTH-5-40-1-Topic-8-Cell-2,1,5.0,40.0,519.6357488094313,4028.5655098336138
SYNTH-5-40-1-Topic-8-Cell-3,1,5.0,40.0,459.04779743296416,4053.594037410554
SYNTH-5-40-1-Topic-8-Cell-4,1,5.0,40.0,539.9568324127756,4080.634156484835
SYNTH-5-40-1-Topic-8-Cell-5,1,5.0,40.0,489.87345028095746,3992.750956420323
SYNTH-5-41-1-Topic-0-Cell-1,1,5.0,41.0,500.0,4150.0
SYNTH-5-41-1-Topic-0-Cell-2,1,5.0,41.0,519.6357488094313,4128.565509833614
SYNTH-5-41-1-Topic-8-Cell-3,1,5.0,41.0,459.04779743296416,4153.594037410554
SYNTH-5-41-1-Topic-8-Cell-4,1,5.0,41.0,539.9568324127756,4180.634156484835
SYNTH-5-41-1-Topic-9-Cell-5,1,5.0,41.0,489.87345028095746,4092.750956420323
SYNTH-5-42-1-Topic-0-Cell-1,1,5.0,42.0,500.0,4250.0
SYNTH-5-42-1-Topic-0-Cell-2,1,5.0,42.0,519.6357488094313,4228.565509833614
SYNTH-5-42-1-Topic-8-Cell-3,1,5.0,42.0,459.04779743296416,4253.594037410554
SYNTH-5-42-1-Topic-8-Cell-4,1,5.0,42.0,539.9568324127756,4280.634156484835
SYNTH-5-42-1-Topic-8-Cell-5,1,5.0,42.0,489.87345028095746,4192.750956420323
SYNTH-5-43-1-Topic-0-Cell-1,1,5.0,43.0,500.0,4350.0
SYNTH-5-43-1-Topic-4-Cell-2,1,5.0,43.0,519.6357488094313,4328.565509833614
SYNTH-5-43-1-Topic-8-Cell-3,1,5.0,43.0,459.04779743296416,4353.594037410554
SYNTH-5-43-1-Topic-8-Cell-4,1,5.0,43.0,539.9568324127756,4380.634156484835
SYNTH-5-43-1-Topic-8-Cell-5,1,5.0,43.0,489.87345028095746,4292.750956420323
SYNTH-5-44-1-Topic-0-Cell-1,1,5.0,44.0,500.0,4450.0
SYNTH-5-44-1-Topic-7-Cell-2,1,5.0,44.0,519.6357488094313,4428.565509833614
SYNTH-5-44-1-Topic-7-Cell-3,1,5.0,44.0,459.04779743296416,4453.594037410554
SYNTH-5-44-1-Topic-7-Cell-4,1,5.0,44.0,539.9568324127756,4480.634156484835
SYNTH-5-44-1-Topic-8-Cell-5,1,5.0,44.0,489.87345028095746,4392.750956420323
SYNTH-5-45-1-Topic-8-Cell-1,1,5.0,45.0,500.0,4550.0
SYNTH-5-45-1-Topic-8-Cell-2,1,5.0,45.0,517.9249042607179,4530.433077045413
SYNTH-5-45-1-Topic-8-Cell-3,1,5.0,45.0,462.61592479085584,4553.2808922704635
SYNTH-5-45-1-Topic-8-Cell-4,1,5.0,45.0,536.4754307315513,4577.965030894812
SYNTH-5-45-1-Topic-8-Cell-5,1,5.0,45.0,490.755767148638,4497.7390123930245
SYNTH-5-45-1-Topic-8-Cell-6,1,5.0,45.0,468.1523766524972,4600.065579198177
SYNTH-5-46-1-Topic-5-Cell-1,1,5.0,46.0,500.0,4650.0
SYNTH-5-46-1-Topic-6-Cell-2,1,5.0,46.0,519.6357488094313,4628.565509833614
SYNTH-5-46-1-Topic-8-Cell-3,1,5.0,46.0,459.04779743296416,4653.594037410554
SYNTH-5-46-1-Topic-8-Cell-4,1,5.0,46.0,539.9568324127756,4680.634156484835
SYNTH-5-46-1-Topic-9-Cell-5,1,5.0,46.0,489.87345028095746,4592.750956420323
SYNTH-5-47-1-Topic-0-Cell-1,1,5.0,47.0,500.0,4750.0
SYNTH-5-47-1-Topic-0-Cell-2,1,5.0,47.0,519.6357488094313,4728.565509833614
SYNTH-5-47-1-Topic-0-Cell-3,1,5.0,47.0,459.04779743296416,4753.594037410554
SYNTH-5-47-1-Topic-7-Cell-4,1,5.0,47.0,539.9568324127756,4780.634156484835
SYNTH-5-47-1-Topic-8-Cell-5,1,5.0,47.0,489.87345028095746,4692.750956420323
SYNTH-5-48-1-Topic-7-Cell-1,1,5.0,48.0,500.0,4850.0
SYNTH-5-48-1-Topic-7-Cell-2,1,5.0,48.0,525.3496427097466,4822.328192183713
SYNTH-5-48-1-Topic-7-Cell-3,1,5.0,48.0,447.1309338224525,4854.639882345574
SYNTH-5-49-1-Topic-8-Cell-1,1,5.0,49.0,500.0,4950.0
SYNTH-5-49-1-Topic-8-Cell-2,1,5.0,49.0,519.6357488094313,4928.565509833614
SYNTH-5-49-1-Topic-8-Cell-3,1,5.0,49.0,459.04779743296416,4953.594037410554
SYNTH-5-49-1-Topic-8-Cell-4,1,5.0,49.0,539.9568324127756,4980.634156484835
SYNTH-5-49-1-Topic-8-Cell-5,1,5.0,49.0,489.87345028095746,4892.750956420323
SYNTH-5-50-1-Topic-0-Cell-1,1,5.0,50.0,500.0,5050.0
SYNTH-5-50-1-Topic-0-Cell-2,1,5.0,50.0,519.6357488094313,5028.565509833614
SYNTH-5-50-1-Topic-0-Cell-3,1,5.0,50.0,459.04779743296416,5053.594037410554
SYNTH-5-50-1-Topic-8-Cell-4,1,5.0,50.0,539.9568324127756,5080.634156484835
SYNTH-5-50-1-Topic-8-Cell-5,1,5.0,50.0,489.87345028095746,4992.750956420323
SYNTH-6-1-1-Topic-0-Cell-1,1,6.0,1.0,600.0,100.0
SYNTH-6-1-1-Topic-0-Cell-2,1,6.0,1.0,619.6357488094313,78.56550983361359
SYNTH-6-1-1-Topic-0-Cell-3,1,6.0,1.0,559.0477974329641,103.59403741055415
SYNTH-6-1-1-Topic-8-Cell-4,1,6.0,1.0,639.9568324127756,130.63415648483507
SYNTH-6-1-1-Topic-8-Cell-5,1,6.0,1.0,589.8734502809575,42.75095642032298
SYNTH-6-2-1-Topic-0-Cell-1,1,6.0,2.0,600.0,200.0
SYNTH-6-2-1-Topic-8-Cell-2,1,6.0,2.0,617.9249042607179,180.43307704541252
SYNTH-6-2-1-Topic-9-Cell-3,1,6.0,2.0,562.6159247908558,203.28089227046326
SYNTH-6-2-1-Topic-9-Cell-4,1,6.0,2.0,636.4754307315513,227.96503089481223
SYNTH-6-2-1-Topic-9-Cell-5,1,6.0,2.0,590.755767148638,147.73901239302432
SYNTH-6-2-1-Topic-9-Cell-6,1,6.0,2.0,568.1523766524972,250.06557919817692
SYNTH-6-3-1-Topic-7-Cell-1,1,6.0,3.0,600.0,300.0
SYNTH-6-3-1-Topic-7-Cell-2,1,6.0,3.0,619.6357488094313,278.5655098336136
SYNTH-6-3-1-Topic-8-Cell-3,1,6.0,3.0,559.0477974329641,303.59403741055417
SYNTH-6-3-1-Topic-8-Cell-4,1,6.0,3.0,639.9568324127756,330.6341564848351
SYNTH-6-3-1-Topic-8-Cell-5,1,6.0,3.0,589.8734502809575,242.75095642032298
SYNTH-6-4-1-Topic-4-Cell-1,1,6.0,4.0,600.0,400.0
SYNTH-6-4-1-Topic-7-Cell-2,1,6.0,4.0,619.6357488094313,378.5655098336136
SYNTH-6-4-1-Topic-7-Cell-3,1,6.0,4.0,559.0477974329641,403.59403741055417
SYNTH-6-4-1-Topic-8-Cell-4,1,6.0,4.0,639.9568324127756,430.6341564848351
SYNTH-6-4-1-Topic-8-Cell-5,1,6.0,4.0,589.8734502809575,342.75095642032295
SYNTH-6-5-1-Topic-4-Cell-1,1,6.0,5.0,600.0,500.0
SYNTH-6-5-1-Topic-8-Cell-2,1,6.0,5.0,621.9534345634995,476.0355114624546
SYNTH-6-5-1-Topic-8-Cell-3,1,6.0,5.0,554.2140456158833,504.0182559818382
SYNTH-6-5-1-Topic-9-Cell-4,1,6.0,5.0,644.6730967202666,534.2500281667286
SYNTH-6-6-1-Topic-0-Cell-1,1,6.0,6.0,600.0,600.0
SYNTH-6-6-1-Topic-0-Cell-2,1,6.0,6.0,617.9249042607179,580.4330770454125
SYNTH-6-6-1-Topic-8-Cell-3,1,6.0,6.0,562.6159247908558,603.2808922704633
SYNTH-6-6-1-Topic-8-Cell-4,1,6.0,6.0,636.4754307315513,627.9650308948122
SYNTH-6-6-1-Topic-8-Cell-5,1,6.0,6.0,590.755767148638,547.7390123930243
SYNTH-6-6-1-Topic-8-Cell-6,1,6.0,6.0,568.1523766524972,650.0655791981769
SYNTH-6-7-1-Topic-0-Cell-1,1,6.0,7.0,600.0,700.0
SYNTH-6-7-1-Topic-8-Cell-2,1,6.0,7.0,619.6357488094313,678.5655098336136
SYNTH-6-7-1-Topic-8-Cell-3,1,6.0,7.0,559.0477974329641,703.5940374105542
SYNTH-6-7-1-Topic-8-Cell-4,1,6.0,7.0,639.9568324127756,730.6341564848351
SYNTH-6-7-1-Topic-8-Cell-5,1,6.0,7.0,589.8734502809575,642.750956420323
SYNTH-6-8-1-Topic-0-Cell-1,1,6.0,8.0,600.0,800.0
SYNTH-6-8-1-Topic-7-Cell-2,1,6.0,8.0,619.6357488094313,778.5655098336136
SYNTH-6-8-1-Topic-8-Cell-3,1,6.0,8.0,559.0477974329641,803.5940374105542
SYNTH-6-8-1-Topic-8-Cell-4,1,6.0,8.0,639.9568324127756,830.6341564848351
SYNTH-6-8-1-Topic-8-Cell-5,1,6.0,8.0,589.8734502809575,742.750956420323
SYNTH-6-9-1-Topic-8-Cell-1,1,6.0,9.0,600.0,900.0
SYNTH-6-9-1-Topic-8-Cell-2,1,6.0,9.0,621.9534345634995,876.0355114624546
SYNTH-6-9-1-Topic-8-Cell-3,1,6.0,9.0,554.2140456158833,904.0182559818381
SYNTH-6-9-1-Topic-8-Cell-4,1,6.0,9.0,644.6730967202666,934.2500281667286
SYNTH-6-10-1-Topic-8-Cell-1,1,6.0,10.0,600.0,1000.0
SYNTH-6-10-1-Topic-8-Cell-2,1,6.0,10.0,617.9249042607179,980.4330770454125
SYNTH-6-10-1-Topic-10-Cell-3,1,6.0,10.0,562.6159247908558,1003.2808922704633
SYNTH-6-10-1-Topic-10-Cell-4,1,6.0,10.0,636.4754307315513,1027.9650308948123
SYNTH-6-10-1-Topic-10-Cell-5,1,6.0,10.0,590.755767148638,947.7390123930243
SYNTH-6-10-1-Topic-10-Cell-6,1,6.0,10.0,568.1523766524972,1050.065579198177
SYNTH-6-11-1-Topic-7-Cell-1,1,6.0,11.0,600.0,1100.0
SYNTH-6-11-1-Topic-8-Cell-2,1,6.0,11.0,619.6357488094313,1078.5655098336135
SYNTH-6-11-1-Topic-8-Cell-3,1,6.0,11.0,559.0477974329641,1103.5940374105542
SYNTH-6-11-1-Topic-8-Cell-4,1,6.0,11.0,639.9568324127756,1130.634156484835
SYNTH-6-11-1-Topic-9-Cell-5,1,6.0,11.0,589.8734502809575,1042.750956420323
SYNTH-6-12-1-Topic-0-Cell-1,1,6.0,12.0,600.0,1200.0
SYNTH-6-12-1-Topic-4-Cell-2,1,6.0,12.0,621.9534345634995,1176.0355114624547
SYNTH-6-12-1-Topic-4-Cell-3,1,6.0,12.0,554.2140456158833,1204.0182559818381
SYNTH-6-12-1-Topic-8-Cell-4,1,6.0,12.0,644.6730967202666,1234.2500281667287
SYNTH-6-13-1-Topic-8-Cell-1,1,6.0,13.0,600.0,1300.0
SYNTH-6-13-1-Topic-8-Cell-2,1,6.0,13.0,619.6357488094313,1278.5655098336135
SYNTH-6-13-1-Topic-8-Cell-3,1,6.0,13.0,559.0477974329641,1303.5940374105542
SYNTH-6-13-1-Topic-8-Cell-4,1,6.0,13.0,639.9568324127756,1330.634156484835
SYNTH-6-13-1-Topic-8-Cell-5,1,6.0,13.0,589.8734502809575,1242.750956420323
SYNTH-6-14-1-Topic-0-Cell-1,1,6.0,14.0,600.0,1400.0
SYNTH-6-14-1-Topic-0-Cell-2,1,6.0,14.0,617.9249042607179,1380.4330770454126
SYNTH-6-14-1-Topic-0-Cell-3,1,6.0,14.0,562.6159247908558,1403.2808922704633
SYNTH-6-14-1-Topic-8-Cell-4,1,6.0,14.0,636.4754307315513,1427.9650308948123
SYNTH-6-14-1-Topic-8-Cell-5,1,6.0,14.0,590.755767148638,1347.7390123930243
SYNTH-6-14-1-Topic-8-Cell-6,1,6.0,14.0,568.1523766524972,1450.065579198177
SYNTH-6-15-1-Topic-0-Cell-1,1,6.0,15.0,600.0,1500.0
SYNTH-6-15-1-Topic-8-Cell-2,1,6.0,15.0,619.6357488094313,1478.5655098336135
SYNTH-6-15-1-Topic-8-Cell-3,1,6.0,15.0,559.0477974329641,1503.5940374105542
SYNTH-6-15-1-Topic-8-Cell-4,1,6.0,15.0,639.9568324127756,1530.634156484835
SYNTH-6-15-1-Topic-8-Cell-5,1,6.0,15.0,589.8734502809575,1442.750956420323
SYNTH-6-16-1-Topic-0-Cell-1,1,6.0,16.0,600.0,1600.0
SYNTH-6-16-1-Topic-0-Cell-2,1,6.0,16.0,621.9534345634995,1576.0355114624547
SYNTH-6-16-1-Topic-4-Cell-3,1,6.0,16.0,554.2140456158833,1604.0182559818381
SYNTH-6-16-1-Topic-8-Cell-4,1,6.0,16.0,644.6730967202666,1634.2500281667287
SYNTH-6-17-1-Topic-7-Cell-1,1,6.0,17.0,600.0,1700.0
SYNTH-6-17-1-Topic-7-Cell-2,1,6.0,17.0,621.9534345634995,1676.0355114624547
SYNTH-6-17-1-Topic-7-Cell-3,1,6.0,17.0,554.2140456158833,1704.0182559818381
SYNTH-6-17-1-Topic-8-Cell-4,1,6.0,17.0,644.6730967202666,1734.2500281667287
SYNTH-6-18-1-Topic-0-Cell-1,1,6.0,18.0,600.0,1800.0
SYNTH-6-18-1-Topic-8-Cell-2,1,6.0,18.0,619.6357488094313,1778.5655098336135
SYNTH-6-18-1-Topic-8-Cell-3,1,6.0,18.0,559.0477974329641,1803.5940374105542
SYNTH-6-18-1-Topic-8-Cell-4,1,6.0,18.0,639.9568324127756,1830.634156484835
SYNTH-6-18-1-Topic-8-Cell-5,1,6.0,18.0,589.8734502809575,1742.750956420323
SYNTH-6-19-1-Topic-7-Cell-1,1,6.0,19.0,600.0,1900.0
SYNTH-6-19-1-Topic-7-Cell-2,1,6.0,19.0,619.6357488094313,1878.5655098336135
SYNTH-6-19-1-Topic-7-Cell-3,1,6.0,19.0,559.0477974329641,1903.5940374105542
SYNTH-6-19-1-Topic-8-Cell-4,1,6.0,19.0,639.9568324127756,1930.634156484835
SYNTH-6-19-1-Topic-8-Cell-5,1,6.0,19.0,589.8734502809575,1842.750956420323
SYNTH-6-20-1-Topic-7-Cell-1,1,6.0,20.0,600.0,2000.0
SYNTH-6-20-1-Topic-7-Cell-2,1,6.0,20.0,625.3496427097466,1972.3281921837129
SYNTH-6-20-1-Topic-7-Cell-3,1,6.0,20.0,547.1309338224526,2004.6398823455743
SYNTH-6-21-1-Topic-0-Cell-1,1,6.0,21.0,600.0,2100.0
SYNTH-6-21-1-Topic-0-Cell-2,1,6.0,21.0,621.9534345634995,2076.0355114624545
SYNTH-6-21-1-Topic-8-Cell-3,1,6.0,21.0,554.2140456158833,2104.018255981838
SYNTH-6-21-1-Topic-8-Cell-4,1,6.0,21.0,644.6730967202666,2134.2500281667285
SYNTH-6-22-1-Topic-0-Cell-1,1,6.0,22.0,600.0,2200.0
SYNTH-6-22-1-Topic-0-Cell-2,1,6.0,22.0,619.6357488094313,2178.5655098336138
SYNTH-6-22-1-Topic-8-Cell-3,1,6.0,22.0,559.0477974329641,2203.594037410554
SYNTH-6-22-1-Topic-8-Cell-4,1,6.0,22.0,639.9568324127756,2230.634156484835
SYNTH-6-22-1-Topic-8-Cell-5,1,6.0,22.0,589.8734502809575,2142.750956420323
SYNTH-6-23-1-Topic-0-Cell-1,1,6.0,23.0,600.0,2300.0
SYNTH-6-23-1-Topic-0-Cell-2,1,6.0,23.0,617.9249042607179,2280.4330770454126
SYNTH-6-23-1-Topic-0-Cell-3,1,6.0,23.0,562.6159247908558,2303.2808922704635
SYNTH-6-23-1-Topic-0-Cell-4,1,6.0,23.0,636.4754307315513,2327.965030894812
SYNTH-6-23-1-Topic-8-Cell-5,1,6.0,23.0,590.755767148638,2247.7390123930245
SYNTH-6-23-1-Topic-8-Cell-6,1,6.0,23.0,568.1523766524972,2350.065579198177
SYNTH-6-24-1-Topic-4-Cell-1,1,6.0,24.0,600.0,2400.0
SYNTH-6-24-1-Topic-4-Cell-2,1,6.0,24.0,621.9534345634995,2376.0355114624545
SYNTH-6-24-1-Topic-4-Cell-3,1,6.0,24.0,554.2140456158833,2404.018255981838
SYNTH-6-24-1-Topic-8-Cell-4,1,6.0,24.0,644.6730967202666,2434.2500281667285
SYNTH-6-25-1-Topic-0-Cell-1,1,6.0,25.0,600.0,2500.0
SYNTH-6-25-1-Topic-7-Cell-2,1,6.0,25.0,619.6357488094313,2478.5655098336138
SYNTH-6-25-1-Topic-7-Cell-3,1,6.0,25.0,559.0477974329641,2503.594037410554
SYNTH-6-25-1-Topic-7-Cell-4,1,6.0,25.0,639.9568324127756,2530.634156484835
SYNTH-6-25-1-Topic-7-Cell-5,1,6.0,25.0,589.8734502809575,2442.750956420323
SYNTH-6-26-1-Topic-9-Cell-1,1,6.0,26.0,600.0,2600.0
SYNTH-6-26-1-Topic-9-Cell-2,1,6.0,26.0,619.6357488094313,2578.5655098336138
SYNTH-6-26-1-Topic-9-Cell-3,1,6.0,26.0,559.0477974329641,2603.594037410554
SYNTH-6-26-1-Topic-9-Cell-4,1,6.0,26.0,639.9568324127756,2630.634156484835
SYNTH-6-26-1-Topic-9-Cell-5,1,6.0,26.0,589.8734502809575,2542.750956420323
SYNTH-6-27-1-Topic-6-Cell-1,1,6.0,27.0,600.0,2700.0
SYNTH-6-27-1-Topic-6-Cell-2,1,6.0,27.0,619.6357488094313,2678.5655098336138
SYNTH-6-27-1-Topic-6-Cell-3,1,6.0,27.0,559.0477974329641,2703.594037410554
SYNTH-6-27-1-Topic-8-Cell-4,1,6.0,27.0,639.9568324127756,2730.634156484835
SYNTH-6-27-1-Topic-9-Cell-5,1,6.0,27.0,589.8734502809575,2642.750956420323
SYNTH-6-28-1-Topic-0-Cell-1,1,6.0,28.0,600.0,2800.0
SYNTH-6-28-1-Topic-7-Cell-2,1,6.0,28.0,619.6357488094313,2778.5655098336138
SYNTH-6-28-1-Topic-8-Cell-3,1,6.0,28.0,559.0477974329641,2803.594037410554
SYNTH-6-28-1-Topic-8-Cell-4,1,6.0,28.0,639.9568324127756,2830.634156484835
SYNTH-6-28-1-Topic-8-Cell-5,1,6.0,28.0,589.8734502809575,2742.750956420323
SYNTH-6-29-1-Topic-7-Cell-1,1,6.0,29.0,600.0,2900.0
SYNTH-6-29-1-Topic-8-Cell-2,1,6.0,29.0,617.9249042607179,2880.4330770454126
SYNTH-6-29-1-Topic-8-Cell-3,1,6.0,29.0,562.6159247908558,2903.2808922704635
SYNTH-6-29-1-Topic-8-Cell-4,1,6.0,29.0,636.4754307315513,2927.965030894812
SYNTH-6-29-1-Topic-8-Cell-5,1,6.0,29.0,590.755767148638,2847.7390123930245
SYNTH-6-29-1-Topic-8-Cell-6,1,6.0,29.0,568.1523766524972,2950.065579198177
SYNTH-6-30-1-Topic-0-Cell-1,1,6.0,30.0,600.0,3000.0
SYNTH-6-30-1-Topic-0-Cell-2,1,6.0,30.0,621.9534345634995,2976.0355114624545
SYNTH-6-30-1-Topic-4-Cell-3,1,6.0,30.0,554.2140456158833,3004.018255981838
SYNTH-6-30-1-Topic-8-Cell-4,1,6.0,30.0,644.6730967202666,3034.2500281667285
SYNTH-6-31-1-Topic-0-Cell-1,1,6.0,31.0,600.0,3100.0
SYNTH-6-31-1-Topic-7-Cell-2,1,6.0,31.0,621.9534345634995,3076.0355114624545
SYNTH-6-31-1-Topic-8-Cell-3,1,6.0,31.0,554.2140456158833,3104.018255981838
SYNTH-6-31-1-Topic-10-Cell-4,1,6.0,31.0,644.6730967202666,3134.2500281667285
SYNTH-6-32-1-Topic-0-Cell-1,1,6.0,32.0,600.0,3200.0
SYNTH-6-32-1-Topic-0-Cell-2,1,6.0,32.0,619.6357488094313,3178.5655098336138
SYNTH-6-32-1-Topic-8-Cell-3,1,6.0,32.0,559.0477974329641,3203.594037410554
SYNTH-6-32-1-Topic-8-Cell-4,1,6.0,32.0,639.9568324127756,3230.634156484835
SYNTH-6-32-1-Topic-8-Cell-5,1,6.0,32.0,589.8734502809575,3142.750956420323
SYNTH-6-33-1-Topic-7-Cell-1,1,6.0,33.0,600.0,3300.0
SYNTH-6-33-1-Topic-7-Cell-2,1,6.0,33.0,621.9534345634995,3276.0355114624545
SYNTH-6-33-1-Topic-7-Cell-3,1,6.0,33.0,554.2140456158833,3304.018255981838
SYNTH-6-33-1-Topic-7-Cell-4,1,6.0,33.0,644.6730967202666,3334.2500281667285
SYNTH-6-34-1-Topic-0-Cell-1,1,6.0,34.0,600.0,3400.0
SYNTH-6-34-1-Topic-7-Cell-2,1,6.0,34.0,619.6357488094313,3378.5655098336138
SYNTH-6-34-1-Topic-8-Cell-3,1,6.0,34.0,559.0477974329641,3403.594037410554
SYNTH-6-34-1-Topic-8-Cell-4,1,6.0,34.0,639.9568324127756,3430.634156484835
SYNTH-6-34-1-Topic-8-Cell-5,1,6.0,34.0,589.8734502809575,3342.750956420323
SYNTH-6-35-1-Topic-0-Cell-1,1,6.0,35.0,600.0,3500.0
SYNTH-6-35-1-Topic-8-Cell-2,1,6.0,35.0,619.6357488094313,3478.5655098336138
SYNTH-6-35-1-Topic-8-Cell-3,1,6.0,35.0,559.0477974329641,3503.594037410554
SYNTH-6-35-1-Topic-8-Cell-4,1,6.0,35.0,639.9568324127756,3530.634156484835
SYNTH-6-35-1-Topic-8-Cell-5,1,6.0,35.0,589.8734502809575,3442.750956420323
SYNTH-6-36-1-Topic-8-Cell-1,1,6.0,36.0,600.0,3600.0
SYNTH-6-36-1-Topic-8-Cell-2,1,6.0,36.0,619.6357488094313,3578.5655098336138
SYNTH-6-36-1-Topic-8-Cell-3,1,6.0,36.0,559.0477974329641,3603.594037410554
SYNTH-6-36-1-Topic-8-Cell-4,1,6.0,36.0,639.9568324127756,3630.634156484835
SYNTH-6-36-1-Topic-8-Cell-5,1,6.0,36.0,589.8734502809575,3542.750956420323
SYNTH-6-37-1-Topic-8-Cell-1,1,6.0,37.0,600.0,3700.0
SYNTH-6-37-1-Topic-8-Cell-2,1,6.0,37.0,619.6357488094313,3678.5655098336138
SYNTH-6-37-1-Topic-8-Cell-3,1,6.0,37.0,559.0477974329641,3703.594037410554
SYNTH-6-37-1-Topic-8-Cell-4,1,6.0,37.0,639.9568324127756,3730.634156484835
SYNTH-6-37-1-Topic-8-Cell-5,1,6.0,37.0,589.8734502809575,3642.750956420323
SYNTH-6-38-1-Topic-7-Cell-1,1,6.0,38.0,600.0,3800.0
SYNTH-6-38-1-Topic-7-Cell-2,1,6.0,38.0,625.3496427097466,3772.328192183713
SYNTH-6-38-1-Topic-7-Cell-3,1,6.0,38.0,547.1309338224526,3804.6398823455743
SYNTH-6-39-1-Topic-0-Cell-1,1,6.0,39.0,600.0,3900.0
SYNTH-6-39-1-Topic-7-Cell-2,1,6.0,39.0,617.9249042607179,3880.4330770454126
SYNTH-6-39-1-Topic-8-Cell-3,1,6.0,39.0,562.6159247908558,3903.2808922704635
SYNTH-6-39-1-Topic-8-Cell-4,1,6.0,39.0,636.4754307315513,3927.965030894812
SYNTH-6-39-1-Topic-8-Cell-5,1,6.0,39.0,590.755767148638,3847.7390123930245
SYNTH-6-39-1-Topic-8-Cell-6,1,6.0,39.0,568.1523766524972,3950.065579198177
SYNTH-6-40-1-Topic-2-Cell-1,1,6.0,40.0,600.0,4000.0
SYNTH-6-40-1-Topic-2-Cell-2,1,6.0,40.0,619.6357488094313,3978.5655098336138
SYNTH-6-40-1-Topic-8-Cell-3,1,6.0,40.0,559.0477974329641,4003.594037410554
SYNTH-6-40-1-Topic-8-Cell-4,1,6.0,40.0,639.9568324127756,4030.634156484835
SYNTH-6-40-1-Topic-8-Cell-5,1,6.0,40.0,589.8734502809575,3942.750956420323
SYNTH-6-41-1-Topic-4-Cell-1,1,6.0,41.0,600.0,4100.0
SYNTH-6-41-1-Topic-7-Cell-2,1,6.0,41.0,619.6357488094313,4078.5655098336138
SYNTH-6-41-1-Topic-7-Cell-3,1,6.0,41.0,559.0477974329641,4103.594037410554
SYNTH-6-41-1-Topic-8-Cell-4,1,6.0,41.0,639.9568324127756,4130.634156484835
SYNTH-6-41-1-Topic-8-Cell-5,1,6.0,41.0,589.8734502809575,4042.750956420323
SYNTH-6-42-1-Topic-0-Cell-1,1,6.0,42.0,600.0,4200.0
SYNTH-6-42-1-Topic-0-Cell-2,1,6.0,42.0,617.9249042607179,4180.433077045413
SYNTH-6-42-1-Topic-0-Cell-3,1,6.0,42.0,562.6159247908558,4203.2808922704635
SYNTH-6-42-1-Topic-8-Cell-4,1,6.0,42.0,636.4754307315513,4227.965030894812
SYNTH-6-42-1-Topic-8-Cell-5,1,6.0,42.0,590.755767148638,4147.7390123930245
SYNTH-6-42-1-Topic-9-Cell-6,1,6.0,42.0,568.1523766524972,4250.065579198177
SYNTH-6-43-1-Topic-0-Cell-1,1,6.0,43.0,600.0,4300.0
SYNTH-6-43-1-Topic-8-Cell-2,1,6.0,43.0,621.9534345634995,4276.035511462454
SYNTH-6-43-1-Topic-8-Cell-3,1,6.0,43.0,554.2140456158833,4304.018255981839
SYNTH-6-43-1-Topic-8-Cell-4,1,6.0,43.0,644.6730967202666,4334.250028166729
SYNTH-6-44-1-Topic-0-Cell-1,1,6.0,44.0,600.0,4400.0
SYNTH-6-44-1-Topic-4-Cell-2,1,6.0,44.0,619.6357488094313,4378.565509833614
SYNTH-6-44-1-Topic-4-Cell-3,1,6.0,44.0,559.0477974329641,4403.594037410554
SYNTH-6-44-1-Topic-4-Cell-4,1,6.0,44.0,639.9568324127756,4430.634156484835
SYNTH-6-44-1-Topic-8-Cell-5,1,6.0,44.0,589.8734502809575,4342.750956420323
SYNTH-6-45-1-Topic-7-Cell-1,1,6.0,45.0,600.0,4500.0
SYNTH-6-45-1-Topic-8-Cell-2,1,6.0,45.0,621.9534345634995,4476.035511462454
SYNTH-6-45-1-Topic-9-Cell-3,1,6.0,45.0,554.2140456158833,4504.018255981839
SYNTH-6-45-1-Topic-9-Cell-4,1,6.0,45.0,644.6730967202666,4534.250028166729
SYNTH-6-46-1-Topic-4-Cell-1,1,6.0,46.0,600.0,4600.0
SYNTH-6-46-1-Topic-10-Cell-2,1,6.0,46.0,621.9534345634995,4576.035511462454
SYNTH-6-46-1-Topic-10-Cell-3,1,6.0,46.0,554.2140456158833,4604.018255981839
SYNTH-6-46-1-Topic-10-Cell-4,1,6.0,46.0,644.6730967202666,4634.250028166729
SYNTH-6-47-1-Topic-8-Cell-1,1,6.0,47.0,600.0,4700.0
SYNTH-6-47-1-Topic-8-Cell-2,1,6.0,47.0,619.6357488094313,4678.565509833614
SYNTH-6-47-1-Topic-8-Cell-3,1,6.0,47.0,559.0477974329641,4703.594037410554
SYNTH-6-47-1-Topic-8-Cell-4,1,6.0,47.0,639.9568324127756,4730.634156484835
SYNTH-6-47-1-Topic-8-Cell-5,1,6.0,47.0,589.8734502809575,4642.750956420323
SYNTH-6-48-1-Topic-1-Cell-1,1,6.0,48.0,600.0,4800.0
SYNTH-6-48-1-Topic-7-Cell-2,1,6.0,48.0,621.9534345634995,4776.035511462454
SYNTH-6-48-1-Topic-8-Cell-3,1,6.0,48.0,554.2140456158833,4804.018255981839
SYNTH-6-48-1-Topic-8-Cell-4,1,6.0,48.0,644.6730967202666,4834.250028166729
SYNTH-6-49-1-Topic-7-Cell-1,1,6.0,49.0,600.0,4900.0
SYNTH-6-49-1-Topic-7-Cell-2,1,6.0,49.0,621.9534345634995,4876.035511462454
SYNTH-6-49-1-Topic-7-Cell-3,1,6.0,49.0,554.2140456158833,4904.018255981839
SYNTH-6-49-1-Topic-7-Cell-4,1,6.0,49.0,644.6730967202666,4934.250028166729
SYNTH-6-50-1-Topic-8-Cell-1,1,6.0,50.0,600.0,5000.0
SYNTH-6-50-1-Topic-8-Cell-2,1,6.0,50.0,617.9249042607179,4980.433077045413
SYNTH-6-50-1-Topic-8-Cell-3,1,6.0,50.0,562.6159247908558,5003.2808922704635
SYNTH-6-50-1-Topic-8-Cell-4,1,6.0,50.0,636.4754307315513,5027.965030894812
SYNTH-6-50-1-Topic-8-Cell-5,1,6.0,50.0,590.755767148638,4947.7390123930245
SYNTH-6-50-1-Topic-8-Cell-6,1,6.0,50.0,568.1523766524972,5050.065579198177
SYNTH-7-1-1-Topic-0-Cell-1,1,7.0,1.0,700.0,150.0
SYNTH-7-1-1-Topic-0-Cell-2,1,7.0,1.0,721.9534345634995,126.03551146245461
SYNTH-7-1-1-Topic-7-Cell-3,1,7.0,1.0,654.2140456158833,154.0182559818382
SYNTH-7-1-1-Topic-7-Cell-4,1,7.0,1.0,744.6730967202666,184.2500281667286
SYNTH-7-2-1-Topic-7-Cell-1,1,7.0,2.0,700.0,250.0
SYNTH-7-2-1-Topic-7-Cell-2,1,7.0,2.0,717.9249042607179,230.43307704541252
SYNTH-7-2-1-Topic-8-Cell-3,1,7.0,2.0,662.6159247908558,253.28089227046326
SYNTH-7-2-1-Topic-8-Cell-4,1,7.0,2.0,736.4754307315513,277.96503089481223
SYNTH-7-2-1-Topic-8-Cell-5,1,7.0,2.0,690.755767148638,197.73901239302432
SYNTH-7-2-1-Topic-8-Cell-6,1,7.0,2.0,668.1523766524972,300.0655791981769
SYNTH-7-3-1-Topic-4-Cell-1,1,7.0,3.0,700.0,350.0
SYNTH-7-3-1-Topic-4-Cell-2,1,7.0,3.0,721.9534345634995,326.0355114624546
SYNTH-7-3-1-Topic-4-Cell-3,1,7.0,3.0,654.2140456158833,354.0182559818382
SYNTH-7-3-1-Topic-7-Cell-4,1,7.0,3.0,744.6730967202666,384.2500281667286
SYNTH-7-4-1-Topic-0-Cell-1,1,7.0,4.0,700.0,450.0
SYNTH-7-4-1-Topic-8-Cell-2,1,7.0,4.0,719.6357488094313,428.5655098336136
SYNTH-7-4-1-Topic-8-Cell-3,1,7.0,4.0,659.0477974329641,453.59403741055417
SYNTH-7-4-1-Topic-8-Cell-4,1,7.0,4.0,739.9568324127756,480.6341564848351
SYNTH-7-4-1-Topic-8-Cell-5,1,7.0,4.0,689.8734502809575,392.75095642032295
SYNTH-7-5-1-Topic-4-Cell-1,1,7.0,5.0,700.0,550.0
SYNTH-7-5-1-Topic-4-Cell-2,1,7.0,5.0,719.6357488094313,528.5655098336136
SYNTH-7-5-1-Topic-7-Cell-3,1,7.0,5.0,659.0477974329641,553.5940374105542
SYNTH-7-5-1-Topic-7-Cell-4,1,7.0,5.0,739.9568324127756,580.6341564848351
SYNTH-7-5-1-Topic-8-Cell-5,1,7.0,5.0,689.8734502809575,492.75095642032295
SYNTH-7-6-1-Topic-0-Cell-1,1,7.0,6.0,700.0,650.0
SYNTH-7-6-1-Topic-0-Cell-2,1,7.0,6.0,717.9249042607179,630.4330770454125
SYNTH-7-6-1-Topic-0-Cell-3,1,7.0,6.0,662.6159247908558,653.2808922704633
SYNTH-7-6-1-Topic-8-Cell-4,1,7.0,6.0,736.4754307315513,677.9650308948122
SYNTH-7-6-1-Topic-8-Cell-5,1,7.0,6.0,690.755767148638,597.7390123930243
SYNTH-7-6-1-Topic-8-Cell-6,1,7.0,6.0,668.1523766524972,700.0655791981769
SYNTH-7-7-1-Topic-0-Cell-1,1,7.0,7.0,700.0,750.0
SYNTH-7-7-1-Topic-8-Cell-2,1,7.0,7.0,719.6357488094313,728.5655098336136
SYNTH-7-7-1-Topic-8-Cell-3,1,7.0,7.0,659.0477974329641,753.5940374105542
SYNTH-7-7-1-Topic-8-Cell-4,1,7.0,7.0,739.9568324127756,780.6341564848351
SYNTH-7-7-1-Topic-8-Cell-5,1,7.0,7.0,689.8734502809575,692.750956420323
SYNTH-7-8-1-Topic-0-Cell-1,1,7.0,8.0,700.0,850.0
SYNTH-7-8-1-Topic-0-Cell-2,1,7.0,8.0,719.6357488094313,828.5655098336136
SYNTH-7-8-1-Topic-0-Cell-3,1,7.0,8.0,659.0477974329641,853.5940374105542
SYNTH-7-8-1-Topic-8-Cell-4,1,7.0,8.0,739.9568324127756,880.6341564848351
SYNTH-7-8-1-Topic-8-Cell-5,1,7.0,8.0,689.8734502809575,792.750956420323
SYNTH-7-9-1-Topic-0-Cell-1,1,7.0,9.0,700.0,950.0
SYNTH-7-9-1-Topic-0-Cell-2,1,7.0,9.0,719.6357488094313,928.5655098336136
SYNTH-7-9-1-Topic-0-Cell-3,1,7.0,9.0,659.0477974329641,953.5940374105542
SYNTH-7-9-1-Topic-8-Cell-4,1,7.0,9.0,739.9568324127756,980.6341564848351
SYNTH-7-9-1-Topic-8-Cell-5,1,7.0,9.0,689.8734502809575,892.750956420323
SYNTH-7-10-1-Topic-7-Cell-1,1,7.0,10.0,700.0,1050.0
SYNTH-7-10-1-Topic-7-Cell-2,1,7.0,10.0,725.3496427097466,1022.328192183713
SYNTH-7-10-1-Topic-7-Cell-3,1,7.0,10.0,647.1309338224526,1054.6398823455743
SYNTH-7-11-1-Topic-8-Cell-1,1,7.0,11.0,700.0,1150.0
SYNTH-7-11-1-Topic-8-Cell-2,1,7.0,11.0,717.9249042607179,1130.4330770454126
SYNTH-7-11-1-Topic-8-Cell-3,1,7.0,11.0,662.6159247908558,1153.2808922704633
SYNTH-7-11-1-Topic-8-Cell-4,1,7.0,11.0,736.4754307315513,1177.9650308948123
SYNTH-7-11-1-Topic-8-Cell-5,1,7.0,11.0,690.755767148638,1097.7390123930243
SYNTH-7-11-1-Topic-8-Cell-6,1,7.0,11.0,668.1523766524972,1200.065579198177
SYNTH-7-12-1-Topic-0-Cell-1,1,7.0,12.0,700.0,1250.0
SYNTH-7-12-1-Topic-0-Cell-2,1,7.0,12.0,719.6357488094313,1228.5655098336135
SYNTH-7-12-1-Topic-0-Cell-3,1,7.0,12.0,659.0477974329641,1253.5940374105542
SYNTH-7-12-1-Topic-0-Cell-4,1,7.0,12.0,739.9568324127756,1280.634156484835
SYNTH-7-12-1-Topic-4-Cell-5,1,7.0,12.0,689.8734502809575,1192.750956420323
SYNTH-7-13-1-Topic-0-Cell-1,1,7.0,13.0,700.0,1350.0
SYNTH-7-13-1-Topic-0-Cell-2,1,7.0,13.0,719.6357488094313,1328.5655098336135
SYNTH-7-13-1-Topic-7-Cell-3,1,7.0,13.0,659.0477974329641,1353.5940374105542
SYNTH-7-13-1-Topic-7-Cell-4,1,7.0,13.0,739.9568324127756,1380.634156484835
SYNTH-7-13-1-Topic-7-Cell-5,1,7.0,13.0,689.8734502809575,1292.750956420323
SYNTH-7-14-1-Topic-0-Cell-1,1,7.0,14.0,700.0,1450.0
SYNTH-7-14-1-Topic-8-Cell-2,1,7.0,14.0,719.6357488094313,1428.5655098336135
SYNTH-7-14-1-Topic-8-Cell-3,1,7.0,14.0,659.0477974329641,1453.5940374105542
SYNTH-7-14-1-Topic-8-Cell-4,1,7.0,14.0,739.9568324127756,1480.634156484835
SYNTH-7-14-1-Topic-10-Cell-5,1,7.0,14.0,689.8734502809575,1392.750956420323
SYNTH-7-15-1-Topic-0-Cell-1,1,7.0,15.0,700.0,1550.0
SYNTH-7-15-1-Topic-0-Cell-2,1,7.0,15.0,717.9249042607179,1530.4330770454126
SYNTH-7-15-1-Topic-0-Cell-3,1,7.0,15.0,662.6159247908558,1553.2808922704633
SYNTH-7-15-1-Topic-8-Cell-4,1,7.0,15.0,736.4754307315513,1577.9650308948123
SYNTH-7-15-1-Topic-8-Cell-5,1,7.0,15.0,690.755767148638,1497.7390123930243
SYNTH-7-15-1-Topic-8-Cell-6,1,7.0,15.0,668.1523766524972,1600.065579198177
SYNTH-7-16-1-Topic-7-Cell-1,1,7.0,16.0,700.0,1650.0
SYNTH-7-16-1-Topic-7-Cell-2,1,7.0,16.0,721.9534345634995,1626.0355114624547
SYNTH-7-16-1-Topic-7-Cell-3,1,7.0,16.0,654.2140456158833,1654.0182559818381
SYNTH-7-16-1-Topic-7-Cell-4,1,7.0,16.0,744.6730967202666,1684.2500281667287
SYNTH-7-17-1-Topic-0-Cell-1,1,7.0,17.0,700.0,1750.0
SYNTH-7-17-1-Topic-8-Cell-2,1,7.0,17.0,719.6357488094313,1728.5655098336135
SYNTH-7-17-1-Topic-8-Cell-3,1,7.0,17.0,659.0477974329641,1753.5940374105542
SYNTH-7-17-1-Topic-8-Cell-4,1,7.0,17.0,739.9568324127756,1780.634156484835
SYNTH-7-17-1-Topic-8-Cell-5,1,7.0,17.0,689.8734502809575,1692.750956420323
SYNTH-7-18-1-Topic-0-Cell-1,1,7.0,18.0,700.0,1850.0
SYNTH-7-18-1-Topic-0-Cell-2,1,7.0,18.0,717.9249042607179,1830.4330770454126
SYNTH-7-18-1-Topic-8-Cell-3,1,7.0,18.0,662.6159247908558,1853.2808922704633
SYNTH-7-18-1-Topic-8-Cell-4,1,7.0,18.0,736.4754307315513,1877.9650308948123
SYNTH-7-18-1-Topic-8-Cell-5,1,7.0,18.0,690.755767148638,1797.7390123930243
SYNTH-7-18-1-Topic-9-Cell-6,1,7.0,18.0,668.1523766524972,1900.065579198177
SYNTH-7-19-1-Topic-4-Cell-1,1,7.0,19.0,700.0,1950.0
SYNTH-7-19-1-Topic-8-Cell-2,1,7.0,19.0,719.6357488094313,1928.5655098336135
SYNTH-7-19-1-Topic-8-Cell-3,1,7.0,19.0,659.0477974329641,1953.5940374105542
SYNTH-7-19-1-Topic-10-Cell-4,1,7.0,19.0,739.9568324127756,1980.634156484835
SYNTH-7-19-1-Topic-10-Cell-5,1,7.0,19.0,689.8734502809575,1892.750956420323
SYNTH-7-20-1-Topic-0-Cell-1,1,7.0,20.0,700.0,2050.0
SYNTH-7-20-1-Topic-0-Cell-2,1,7.0,20.0,719.6357488094313,2028.5655098336135
SYNTH-7-20-1-Topic-0-Cell-3,1,7.0,20.0,659.0477974329641,2053.594037410554
SYNTH-7-20-1-Topic-8-Cell-4,1,7.0,20.0,739.9568324127756,2080.634156484835
SYNTH-7-20-1-Topic-9-Cell-5,1,7.0,20.0,689.8734502809575,1992.750956420323
SYNTH-7-21-1-Topic-7-Cell-1,1,7.0,21.0,700.0,2150.0
SYNTH-7-21-1-Topic-7-Cell-2,1,7.0,21.0,719.6357488094313,2128.5655098336138
SYNTH-7-21-1-Topic-7-Cell-3,1,7.0,21.0,659.0477974329641,2153.594037410554
SYNTH-7-21-1-Topic-8-Cell-4,1,7.0,21.0,739.9568324127756,2180.634156484835
SYNTH-7-21-1-Topic-8-Cell-5,1,7.0,21.0,689.8734502809575,2092.750956420323
SYNTH-7-22-1-Topic-0-Cell-1,1,7.0,22.0,700.0,2250.0
SYNTH-7-22-1-Topic-7-Cell-2,1,7.0,22.0,719.6357488094313,2228.5655098336138
SYNTH-7-22-1-Topic-7-Cell-3,1,7.0,22.0,659.0477974329641,2253.594037410554
SYNTH-7-22-1-Topic-8-Cell-4,1,7.0,22.0,739.9568324127756,2280.634156484835
SYNTH-7-22-1-Topic-8-Cell-5,1,7.0,22.0,689.8734502809575,2192.750956420323
SYNTH-7-23-1-Topic-0-Cell-1,1,7.0,23.0,700.0,2350.0
SYNTH-7-23-1-Topic-0-Cell-2,1,7.0,23.0,721.9534345634995,2326.0355114624545
SYNTH-7-23-1-Topic-8-Cell-3,1,7.0,23.0,654.2140456158833,2354.018255981838
SYNTH-7-23-1-Topic-8-Cell-4,1,7.0,23.0,744.6730967202666,2384.2500281667285
SYNTH-7-24-1-Topic-0-Cell-1,1,7.0,24.0,700.0,2450.0
SYNTH-7-24-1-Topic-0-Cell-2,1,7.0,24.0,719.6357488094313,2428.5655098336138
SYNTH-7-24-1-Topic-0-Cell-3,1,7.0,24.0,659.0477974329641,2453.594037410554
SYNTH-7-24-1-Topic-0-Cell-4,1,7.0,24.0,739.9568324127756,2480.634156484835
SYNTH-7-24-1-Topic-8-Cell-5,1,7.0,24.0,689.8734502809575,2392.750956420323
SYNTH-7-25-1-Topic-0-Cell-1,1,7.0,25.0,700.0,2550.0
SYNTH-7-25-1-Topic-0-Cell-2,1,7.0,25.0,719.6357488094313,2528.5655098336138
SYNTH-7-25-1-Topic-8-Cell-3,1,7.0,25.0,659.0477974329641,2553.594037410554
SYNTH-7-25-1-Topic-8-Cell-4,1,7.0,25.0,739.9568324127756,2580.634156484835
SYNTH-7-25-1-Topic-8-Cell-5,1,7.0,25.0,689.8734502809575,2492.750956420323
SYNTH-7-26-1-Topic-0-Cell-1,1,7.0,26.0,700.0,2650.0
SYNTH-7-26-1-Topic-7-Cell-2,1,7.0,26.0,719.6357488094313,2628.5655098336138
SYNTH-7-26-1-Topic-8-Cell-3,1,7.0,26.0,659.0477974329641,2653.594037410554
SYNTH-7-26-1-Topic-8-Cell-4,1,7.0,26.0,739.9568324127756,2680.634156484835
SYNTH-7-26-1-Topic-8-Cell-5,1,7.0,26.0,689.8734502809575,2592.750956420323
SYNTH-7-27-1-Topic-0-Cell-1,1,7.0,27.0,700.0,2750.0
SYNTH-7-27-1-Topic-0-Cell-2,1,7.0,27.0,717.9249042607179,2730.4330770454126
SYNTH-7-27-1-Topic-7-Cell-3,1,7.0,27.0,662.6159247908558,2753.2808922704635
SYNTH-7-27-1-Topic-7-Cell-4,1,7.0,27.0,736.4754307315513,2777.965030894812
SYNTH-7-27-1-Topic-10-Cell-5,1,7.0,27.0,690.755767148638,2697.7390123930245
SYNTH-7-27-1-Topic-10-Cell-6,1,7.0,27.0,668.1523766524972,2800.065579198177
SYNTH-7-28-1-Topic-9-Cell-1,1,7.0,28.0,700.0,2850.0
SYNTH-7-28-1-Topic-9-Cell-2,1,7.0,28.0,719.6357488094313,2828.5655098336138
SYNTH-7-28-1-Topic-9-Cell-3,1,7.0,28.0,659.0477974329641,2853.594037410554
SYNTH-7-28-1-Topic-9-Cell-4,1,7.0,28.0,739.9568324127756,2880.634156484835
SYNTH-7-28-1-Topic-10-Cell-5,1,7.0,28.0,689.8734502809575,2792.750956420323
SYNTH-7-29-1-Topic-7-Cell-1,1,7.0,29.0,700.0,2950.0
SYNTH-7-29-1-Topic-7-Cell-2,1,7.0,29.0,721.9534345634995,2926.0355114624545
SYNTH-7-29-1-Topic-8-Cell-3,1,7.0,29.0,654.2140456158833,2954.018255981838
SYNTH-7-29-1-Topic-9-Cell-4,1,7.0,29.0,744.6730967202666,2984.2500281667285
SYNTH-7-30-1-Topic-7-Cell-1,1,7.0,30.0,700.0,3050.0
SYNTH-7-30-1-Topic-7-Cell-2,1,7.0,30.0,721.9534345634995,3026.0355114624545
SYNTH-7-30-1-Topic-7-Cell-3,1,7.0,30.0,654.2140456158833,3054.018255981838
SYNTH-7-30-1-Topic-7-Cell-4,1,7.0,30.0,744.6730967202666,3084.2500281667285
SYNTH-7-31-1-Topic-0-Cell-1,1,7.0,31.0,700.0,3150.0
SYNTH-7-31-1-Topic-7-Cell-2,1,7.0,31.0,721.9534345634995,3126.0355114624545
SYNTH-7-31-1-Topic-7-Cell-3,1,7.0,31.0,654.2140456158833,3154.018255981838
SYNTH-7-31-1-Topic-10-Cell-4,1,7.0,31.0,744.6730967202666,3184.2500281667285
SYNTH-7-32-1-Topic-4-Cell-1,1,7.0,32.0,700.0,3250.0
SYNTH-7-32-1-Topic-4-Cell-2,1,7.0,32.0,721.9534345634995,3226.0355114624545
SYNTH-7-32-1-Topic-8-Cell-3,1,7.0,32.0,654.2140456158833,3254.018255981838
SYNTH-7-32-1-Topic-9-Cell-4,1,7.0,32.0,744.6730967202666,3284.2500281667285
SYNTH-7-33-1-Topic-7-Cell-1,1,7.0,33.0,700.0,3350.0
SYNTH-7-33-1-Topic-8-Cell-2,1,7.0,33.0,721.9534345634995,3326.0355114624545
SYNTH-7-33-1-Topic-9-Cell-3,1,7.0,33.0,654.2140456158833,3354.018255981838
SYNTH-7-33-1-Topic-9-Cell-4,1,7.0,33.0,744.6730967202666,3384.2500281667285
SYNTH-7-34-1-Topic-7-Cell-1,1,7.0,34.0,700.0,3450.0
SYNTH-7-34-1-Topic-9-Cell-2,1,7.0,34.0,717.9249042607179,3430.4330770454126
SYNTH-7-34-1-Topic-9-Cell-3,1,7.0,34.0,662.6159247908558,3453.2808922704635
SYNTH-7-34-1-Topic-9-Cell-4,1,7.0,34.0,736.4754307315513,3477.965030894812
SYNTH-7-34-1-Topic-9-Cell-5,1,7.0,34.0,690.755767148638,3397.7390123930245
SYNTH-7-34-1-Topic-9-Cell-6,1,7.0,34.0,668.1523766524972,3500.065579198177
SYNTH-7-35-1-Topic-7-Cell-1,1,7.0,35.0,700.0,3550.0
SYNTH-7-35-1-Topic-7-Cell-2,1,7.0,35.0,725.3496427097466,3522.328192183713
SYNTH-7-35-1-Topic-7-Cell-3,1,7.0,35.0,647.1309338224526,3554.6398823455743
SYNTH-7-36-1-Topic-8-Cell-1,1,7.0,36.0,700.0,3650.0
SYNTH-7-36-1-Topic-8-Cell-2,1,7.0,36.0,719.6357488094313,3628.5655098336138
SYNTH-7-36-1-Topic-8-Cell-3,1,7.0,36.0,659.0477974329641,3653.594037410554
SYNTH-7-36-1-Topic-8-Cell-4,1,7.0,36.0,739.9568324127756,3680.634156484835
SYNTH-7-36-1-Topic-8-Cell-5,1,7.0,36.0,689.8734502809575,3592.750956420323
SYNTH-7-37-1-Topic-0-Cell-1,1,7.0,37.0,700.0,3750.0
SYNTH-7-37-1-Topic-0-Cell-2,1,7.0,37.0,719.6357488094313,3728.5655098336138
SYNTH-7-37-1-Topic-8-Cell-3,1,7.0,37.0,659.0477974329641,3753.594037410554
SYNTH-7-37-1-Topic-9-Cell-4,1,7.0,37.0,739.9568324127756,3780.634156484835
SYNTH-7-37-1-Topic-9-Cell-5,1,7.0,37.0,689.8734502809575,3692.750956420323
SYNTH-7-38-1-Topic-4-Cell-1,1,7.0,38.0,700.0,3850.0
SYNTH-7-38-1-Topic-7-Cell-2,1,7.0,38.0,719.6357488094313,3828.5655098336138
SYNTH-7-38-1-Topic-8-Cell-3,1,7.0,38.0,659.0477974329641,3853.594037410554
SYNTH-7-38-1-Topic-8-Cell-4,1,7.0,38.0,739.9568324127756,3880.634156484835
SYNTH-7-38-1-Topic-8-Cell-5,1,7.0,38.0,689.8734502809575,3792.750956420323
SYNTH-7-39-1-Topic-8-Cell-1,1,7.0,39.0,700.0,3950.0
SYNTH-7-39-1-Topic-8-Cell-2,1,7.0,39.0,719.6357488094313,3928.5655098336138
SYNTH-7-39-1-Topic-8-Cell-3,1,7.0,39.0,659.0477974329641,3953.594037410554
SYNTH-7-39-1-Topic-8-Cell-4,1,7.0,39.0,739.9568324127756,3980.634156484835
SYNTH-7-39-1-Topic-8-Cell-5,1,7.0,39.0,689.8734502809575,3892.750956420323
SYNTH-7-40-1-Topic-0-Cell-1,1,7.0,40.0,700.0,4050.0
SYNTH-7-40-1-Topic-0-Cell-2,1,7.0,40.0,719.6357488094313,4028.5655098336138
SYNTH-7-40-1-Topic-9-Cell-3,1,7.0,40.0,659.0477974329641,4053.594037410554
SYNTH-7-40-1-Topic-9-Cell-4,1,7.0,40.0,739.9568324127756,4080.634156484835
SYNTH-7-40-1-Topic-9-Cell-5,1,7.0,40.0,689.8734502809575,3992.750956420323
SYNTH-7-41-1-Topic-7-Cell-1,1,7.0,41.0,700.0,4150.0
SYNTH-7-41-1-Topic-7-Cell-2,1,7.0,41.0,719.6357488094313,4128.565509833614
SYNTH-7-41-1-Topic-7-Cell-3,1,7.0,41.0,659.0477974329641,4153.594037410554
SYNTH-7-41-1-Topic-7-Cell-4,1,7.0,41.0,739.9568324127756,4180.634156484835
SYNTH-7-41-1-Topic-8-Cell-5,1,7.0,41.0,689.8734502809575,4092.750956420323
SYNTH-7-42-1-Topic-8-Cell-1,1,7.0,42.0,700.0,4250.0
SYNTH-7-42-1-Topic-8-Cell-2,1,7.0,42.0,719.6357488094313,4228.565509833614
SYNTH-7-42-1-Topic-9-Cell-3,1,7.0,42.0,659.0477974329641,4253.594037410554
SYNTH-7-42-1-Topic-10-Cell-4,1,7.0,42.0,739.9568324127756,4280.634156484835
SYNTH-7-42-1-Topic-10-Cell-5,1,7.0,42.0,689.8734502809575,4192.750956420323
SYNTH-7-43-1-Topic-0-Cell-1,1,7.0,43.0,700.0,4350.0
SYNTH-7-43-1-Topic-0-Cell-2,1,7.0,43.0,721.9534345634995,4326.035511462454
SYNTH-7-43-1-Topic-8-Cell-3,1,7.0,43.0,654.2140456158833,4354.018255981839
SYNTH-7-43-1-Topic-8-Cell-4,1,7.0,43.0,744.6730967202666,4384.250028166729
SYNTH-7-44-1-Topic-7-Cell-1,1,7.0,44.0,700.0,4450.0
SYNTH-7-44-1-Topic-8-Cell-2,1,7.0,44.0,719.6357488094313,4428.565509833614
SYNTH-7-44-1-Topic-8-Cell-3,1,7.0,44.0,659.0477974329641,4453.594037410554
SYNTH-7-44-1-Topic-9-Cell-4,1,7.0,44.0,739.9568324127756,4480.634156484835
SYNTH-7-44-1-Topic-9-Cell-5,1,7.0,44.0,689.8734502809575,4392.750956420323
SYNTH-7-45-1-Topic-0-Cell-1,1,7.0,45.0,700.0,4550.0
SYNTH-7-45-1-Topic-0-Cell-2,1,7.0,45.0,719.6357488094313,4528.565509833614
SYNTH-7-45-1-Topic-8-Cell-3,1,7.0,45.0,659.0477974329641,4553.594037410554
SYNTH-7-45-1-Topic-8-Cell-4,1,7.0,45.0,739.9568324127756,4580.634156484835
SYNTH-7-45-1-Topic-8-Cell-5,1,7.0,45.0,689.8734502809575,4492.750956420323
SYNTH-7-46-1-Topic-7-Cell-1,1,7.0,46.0,700.0,4650.0
SYNTH-7-46-1-Topic-7-Cell-2,1,7.0,46.0,725.3496427097466,4622.328192183713
SYNTH-7-46-1-Topic-8-Cell-3,1,7.0,46.0,647.1309338224526,4654.639882345574
SYNTH-7-47-1-Topic-8-Cell-1,1,7.0,47.0,700.0,4750.0
SYNTH-7-47-1-Topic-8-Cell-2,1,7.0,47.0,719.6357488094313,4728.565509833614
SYNTH-7-47-1-Topic-8-Cell-3,1,7.0,47.0,659.0477974329641,4753.594037410554
SYNTH-7-47-1-Topic-8-Cell-4,1,7.0,47.0,739.9568324127756,4780.634156484835
SYNTH-7-47-1-Topic-8-Cell-5,1,7.0,47.0,689.8734502809575,4692.750956420323
SYNTH-7-48-1-Topic-8-Cell-1,1,7.0,48.0,700.0,4850.0
SYNTH-7-48-1-Topic-8-Cell-2,1,7.0,48.0,721.9534345634995,4826.035511462454
SYNTH-7-48-1-Topic-8-Cell-3,1,7.0,48.0,654.2140456158833,4854.018255981839
SYNTH-7-48-1-Topic-8-Cell-4,1,7.0,48.0,744.6730967202666,4884.250028166729
SYNTH-7-49-1-Topic-4-Cell-1,1,7.0,49.0,700.0,4950.0
SYNTH-7-49-1-Topic-4-Cell-2,1,7.0,49.0,719.6357488094313,4928.565509833614
SYNTH-7-49-1-Topic-7-Cell-3,1,7.0,49.0,659.0477974329641,4953.594037410554
SYNTH-7-49-1-Topic-8-Cell-4,1,7.0,49.0,739.9568324127756,4980.634156484835
SYNTH-7-49-1-Topic-8-Cell-5,1,7.0,49.0,689.8734502809575,4892.750956420323
SYNTH-7-50-1-Topic-8-Cell-1,1,7.0,50.0,700.0,5050.0
SYNTH-7-50-1-Topic-8-Cell-2,1,7.0,50.0,725.3496427097466,5022.328192183713
SYNTH-7-50-1-Topic-8-Cell-3,1,7.0,50.0,647.1309338224526,5054.639882345574
SYNTH-8-1-1-Topic-0-Cell-1,1,8.0,1.0,800.0,100.0
SYNTH-8-1-1-Topic-0-Cell-2,1,8.0,1.0,819.6357488094313,78.56550983361359
SYNTH-8-1-1-Topic-0-Cell-3,1,8.0,1.0,759.0477974329641,103.59403741055415
SYNTH-8-1-1-Topic-7-Cell-4,1,8.0,1.0,839.9568324127756,130.63415648483507
SYNTH-8-1-1-Topic-7-Cell-5,1,8.0,1.0,789.8734502809575,42.75095642032298
SYNTH-8-2-1-Topic-0-Cell-1,1,8.0,2.0,800.0,200.0
SYNTH-8-2-1-Topic-0-Cell-2,1,8.0,2.0,819.6357488094313,178.5655098336136
SYNTH-8-2-1-Topic-8-Cell-3,1,8.0,2.0,759.0477974329641,203.59403741055414
SYNTH-8-2-1-Topic-8-Cell-4,1,8.0,2.0,839.9568324127756,230.63415648483507
SYNTH-8-2-1-Topic-8-Cell-5,1,8.0,2.0,789.8734502809575,142.75095642032298
SYNTH-8-3-1-Topic-0-Cell-1,1,8.0,3.0,800.0,300.0
SYNTH-8-3-1-Topic-0-Cell-2,1,8.0,3.0,817.9249042607179,280.4330770454125
SYNTH-8-3-1-Topic-8-Cell-3,1,8.0,3.0,762.6159247908558,303.28089227046326
SYNTH-8-3-1-Topic-8-Cell-4,1,8.0,3.0,836.4754307315513,327.96503089481223
SYNTH-8-3-1-Topic-8-Cell-5,1,8.0,3.0,790.755767148638,247.73901239302432
SYNTH-8-3-1-Topic-8-Cell-6,1,8.0,3.0,768.1523766524972,350.0655791981769
SYNTH-8-4-1-Topic-0-Cell-1,1,8.0,4.0,800.0,400.0
SYNTH-8-4-1-Topic-0-Cell-2,1,8.0,4.0,819.6357488094313,378.5655098336136
SYNTH-8-4-1-Topic-7-Cell-3,1,8.0,4.0,759.0477974329641,403.59403741055417
SYNTH-8-4-1-Topic-7-Cell-4,1,8.0,4.0,839.9568324127756,430.6341564848351
SYNTH-8-4-1-Topic-7-Cell-5,1,8.0,4.0,789.8734502809575,342.75095642032295
SYNTH-8-5-1-Topic-0-Cell-1,1,8.0,5.0,800.0,500.0
SYNTH-8-5-1-Topic-0-Cell-2,1,8.0,5.0,819.6357488094313,478.5655098336136
SYNTH-8-5-1-Topic-0-Cell-3,1,8.0,5.0,759.0477974329641,503.59403741055417
SYNTH-8-5-1-Topic-0-Cell-4,1,8.0,5.0,839.9568324127756,530.6341564848351
SYNTH-8-5-1-Topic-8-Cell-5,1,8.0,5.0,789.8734502809575,442.75095642032295
SYNTH-8-6-1-Topic-2-Cell-1,1,8.0,6.0,800.0,600.0
SYNTH-8-6-1-Topic-2-Cell-2,1,8.0,6.0,815.5234224501856,583.0545476474343
SYNTH-8-6-1-Topic-2-Cell-3,1,8.0,6.0,767.6244411718931,602.8413360533012
SYNTH-8-6-1-Topic-2-Cell-4,1,8.0,6.0,831.5886496275031,624.2184271725241
SYNTH-8-6-1-Topic-2-Cell-5,1,8.0,6.0,791.9942595122219,554.7406571054953
SYNTH-8-6-1-Topic-9-Cell-6,1,8.0,6.0,772.4191491309042,643.358063440803
SYNTH-8-6-1-Topic-9-Cell-7,1,8.0,6.0,854.3616961697552,585.3864450065281
SYNTH-8-6-1-Topic-9-Cell-8,1,8.0,6.0,746.0414204766704,571.9759621784349
SYNTH-8-7-1-Topic-7-Cell-1,1,8.0,7.0,800.0,700.0
SYNTH-8-7-1-Topic-7-Cell-2,1,8.0,7.0,817.9249042607179,680.4330770454125
SYNTH-8-7-1-Topic-9-Cell-3,1,8.0,7.0,762.6159247908558,703.2808922704633
SYNTH-8-7-1-Topic-9-Cell-4,1,8.0,7.0,836.4754307315513,727.9650308948122
SYNTH-8-7-1-Topic-9-Cell-5,1,8.0,7.0,790.755767148638,647.7390123930243
SYNTH-8-7-1-Topic-9-Cell-6,1,8.0,7.0,768.1523766524972,750.0655791981769
SYNTH-8-8-1-Topic-0-Cell-1,1,8.0,8.0,800.0,800.0
SYNTH-8-8-1-Topic-0-Cell-2,1,8.0,8.0,817.9249042607179,780.4330770454125
SYNTH-8-8-1-Topic-8-Cell-3,1,8.0,8.0,762.6159247908558,803.2808922704633
SYNTH-8-8-1-Topic-8-Cell-4,1,8.0,8.0,836.4754307315513,827.9650308948122
SYNTH-8-8-1-Topic-8-Cell-5,1,8.0,8.0,790.755767148638,747.7390123930243
SYNTH-8-8-1-Topic-8-Cell-6,1,8.0,8.0,768.1523766524972,850.0655791981769
SYNTH-8-9-1-Topic-0-Cell-1,1,8.0,9.0,800.0,900.0
SYNTH-8-9-1-Topic-8-Cell-2,1,8.0,9.0,819.6357488094313,878.5655098336136
SYNTH-8-9-1-Topic-8-Cell-3,1,8.0,9.0,759.0477974329641,903.5940374105542
SYNTH-8-9-1-Topic-8-Cell-4,1,8.0,9.0,839.9568324127756,930.6341564848351
SYNTH-8-9-1-Topic-8-Cell-5,1,8.0,9.0,789.8734502809575,842.750956420323
SYNTH-8-10-1-Topic-0-Cell-1,1,8.0,10.0,800.0,1000.0
SYNTH-8-10-1-Topic-0-Cell-2,1,8.0,10.0,819.6357488094313,978.5655098336136
SYNTH-8-10-1-Topic-8-Cell-3,1,8.0,10.0,759.0477974329641,1003.5940374105542
SYNTH-8-10-1-Topic-8-Cell-4,1,8.0,10.0,839.9568324127756,1030.634156484835
SYNTH-8-10-1-Topic-8-Cell-5,1,8.0,10.0,789.8734502809575,942.750956420323
SYNTH-8-11-1-Topic-7-Cell-1,1,8.0,11.0,800.0,1100.0
SYNTH-8-11-1-Topic-7-Cell-2,1,8.0,11.0,819.6357488094313,1078.5655098336135
SYNTH-8-11-1-Topic-7-Cell-3,1,8.0,11.0,759.0477974329641,1103.5940374105542
SYNTH-8-11-1-Topic-8-Cell-4,1,8.0,11.0,839.9568324127756,1130.634156484835
SYNTH-8-11-1-Topic-8-Cell-5,1,8.0,11.0,789.8734502809575,1042.750956420323
SYNTH-8-12-1-Topic-8-Cell-1,1,8.0,12.0,800.0,1200.0
SYNTH-8-12-1-Topic-8-Cell-2,1,8.0,12.0,819.6357488094313,1178.5655098336135
SYNTH-8-12-1-Topic-8-Cell-3,1,8.0,12.0,759.0477974329641,1203.5940374105542
SYNTH-8-12-1-Topic-8-Cell-4,1,8.0,12.0,839.9568324127756,1230.634156484835
SYNTH-8-12-1-Topic-8-Cell-5,1,8.0,12.0,789.8734502809575,1142.750956420323
SYNTH-8-13-1-Topic-0-Cell-1,1,8.0,13.0,800.0,1300.0
SYNTH-8-13-1-Topic-0-Cell-2,1,8.0,13.0,817.9249042607179,1280.4330770454126
SYNTH-8-13-1-Topic-8-Cell-3,1,8.0,13.0,762.6159247908558,1303.2808922704633
SYNTH-8-13-1-Topic-8-Cell-4,1,8.0,13.0,836.4754307315513,1327.9650308948123
SYNTH-8-13-1-Topic-8-Cell-5,1,8.0,13.0,790.755767148638,1247.7390123930243
SYNTH-8-13-1-Topic-8-Cell-6,1,8.0,13.0,768.1523766524972,1350.065579198177
SYNTH-8-14-1-Topic-7-Cell-1,1,8.0,14.0,800.0,1400.0
SYNTH-8-14-1-Topic-8-Cell-2,1,8.0,14.0,819.6357488094313,1378.5655098336135
SYNTH-8-14-1-Topic-8-Cell-3,1,8.0,14.0,759.0477974329641,1403.5940374105542
SYNTH-8-14-1-Topic-9-Cell-4,1,8.0,14.0,839.9568324127756,1430.634156484835
SYNTH-8-14-1-Topic-10-Cell-5,1,8.0,14.0,789.8734502809575,1342.750956420323
SYNTH-8-15-1-Topic-2-Cell-1,1,8.0,15.0,800.0,1500.0
SYNTH-8-15-1-Topic-4-Cell-2,1,8.0,15.0,821.9534345634995,1476.0355114624547
SYNTH-8-15-1-Topic-8-Cell-3,1,8.0,15.0,754.2140456158833,1504.0182559818381
SYNTH-8-15-1-Topic-9-Cell-4,1,8.0,15.0,844.6730967202666,1534.2500281667287
SYNTH-8-16-1-Topic-0-Cell-1,1,8.0,16.0,800.0,1600.0
SYNTH-8-16-1-Topic-0-Cell-2,1,8.0,16.0,817.9249042607179,1580.4330770454126
SYNTH-8-16-1-Topic-0-Cell-3,1,8.0,16.0,762.6159247908558,1603.2808922704633
SYNTH-8-16-1-Topic-0-Cell-4,1,8.0,16.0,836.4754307315513,1627.9650308948123
SYNTH-8-16-1-Topic-8-Cell-5,1,8.0,16.0,790.755767148638,1547.7390123930243
SYNTH-8-16-1-Topic-8-Cell-6,1,8.0,16.0,768.1523766524972,1650.065579198177
SYNTH-8-17-1-Topic-0-Cell-1,1,8.0,17.0,800.0,1700.0
SYNTH-8-17-1-Topic-0-Cell-2,1,8.0,17.0,819.6357488094313,1678.5655098336135
SYNTH-8-17-1-Topic-7-Cell-3,1,8.0,17.0,759.0477974329641,1703.5940374105542
SYNTH-8-17-1-Topic-8-Cell-4,1,8.0,17.0,839.9568324127756,1730.634156484835
SYNTH-8-17-1-Topic-8-Cell-5,1,8.0,17.0,789.8734502809575,1642.750956420323
SYNTH-8-18-1-Topic-0-Cell-1,1,8.0,18.0,800.0,1800.0
SYNTH-8-18-1-Topic-0-Cell-2,1,8.0,18.0,819.6357488094313,1778.5655098336135
SYNTH-8-18-1-Topic-7-Cell-3,1,8.0,18.0,759.0477974329641,1803.5940374105542
SYNTH-8-18-1-Topic-7-Cell-4,1,8.0,18.0,839.9568324127756,1830.634156484835
SYNTH-8-18-1-Topic-7-Cell-5,1,8.0,18.0,789.8734502809575,1742.750956420323
SYNTH-8-19-1-Topic-0-Cell-1,1,8.0,19.0,800.0,1900.0
SYNTH-8-19-1-Topic-8-Cell-2,1,8.0,19.0,821.9534345634995,1876.0355114624547
SYNTH-8-19-1-Topic-8-Cell-3,1,8.0,19.0,754.2140456158833,1904.0182559818381
SYNTH-8-19-1-Topic-8-Cell-4,1,8.0,19.0,844.6730967202666,1934.2500281667287
SYNTH-8-20-1-Topic-0-Cell-1,1,8.0,20.0,800.0,2000.0
SYNTH-8-20-1-Topic-7-Cell-2,1,8.0,20.0,819.6357488094313,1978.5655098336135
SYNTH-8-20-1-Topic-8-Cell-3,1,8.0,20.0,759.0477974329641,2003.5940374105542
SYNTH-8-20-1-Topic-8-Cell-4,1,8.0,20.0,839.9568324127756,2030.634156484835
SYNTH-8-20-1-Topic-8-Cell-5,1,8.0,20.0,789.8734502809575,1942.750956420323
SYNTH-8-21-1-Topic-0-Cell-1,1,8.0,21.0,800.0,2100.0
SYNTH-8-21-1-Topic-8-Cell-2,1,8.0,21.0,821.9534345634995,2076.0355114624545
SYNTH-8-21-1-Topic-8-Cell-3,1,8.0,21.0,754.2140456158833,2104.018255981838
SYNTH-8-21-1-Topic-8-Cell-4,1,8.0,21.0,844.6730967202666,2134.2500281667285
SYNTH-8-22-1-Topic-7-Cell-1,1,8.0,22.0,800.0,2200.0
SYNTH-8-22-1-Topic-8-Cell-2,1,8.0,22.0,819.6357488094313,2178.5655098336138
SYNTH-8-22-1-Topic-8-Cell-3,1,8.0,22.0,759.0477974329641,2203.594037410554
SYNTH-8-22-1-Topic-8-Cell-4,1,8.0,22.0,839.9568324127756,2230.634156484835
SYNTH-8-22-1-Topic-8-Cell-5,1,8.0,22.0,789.8734502809575,2142.750956420323
SYNTH-8-23-1-Topic-8-Cell-1,1,8.0,23.0,800.0,2300.0
SYNTH-8-23-1-Topic-8-Cell-2,1,8.0,23.0,819.6357488094313,2278.5655098336138
SYNTH-8-23-1-Topic-8-Cell-3,1,8.0,23.0,759.0477974329641,2303.594037410554
SYNTH-8-23-1-Topic-8-Cell-4,1,8.0,23.0,839.9568324127756,2330.634156484835
SYNTH-8-23-1-Topic-9-Cell-5,1,8.0,23.0,789.8734502809575,2242.750956420323
SYNTH-8-24-1-Topic-0-Cell-1,1,8.0,24.0,800.0,2400.0
SYNTH-8-24-1-Topic-0-Cell-2,1,8.0,24.0,817.9249042607179,2380.4330770454126
SYNTH-8-24-1-Topic-0-Cell-3,1,8.0,24.0,762.6159247908558,2403.2808922704635
SYNTH-8-24-1-Topic-4-Cell-4,1,8.0,24.0,836.4754307315513,2427.965030894812
SYNTH-8-24-1-Topic-4-Cell-5,1,8.0,24.0,790.755767148638,2347.7390123930245
SYNTH-8-24-1-Topic-8-Cell-6,1,8.0,24.0,768.1523766524972,2450.065579198177
SYNTH-8-25-1-Topic-0-Cell-1,1,8.0,25.0,800.0,2500.0
SYNTH-8-25-1-Topic-0-Cell-2,1,8.0,25.0,817.9249042607179,2480.4330770454126
SYNTH-8-25-1-Topic-0-Cell-3,1,8.0,25.0,762.6159247908558,2503.2808922704635
SYNTH-8-25-1-Topic-0-Cell-4,1,8.0,25.0,836.4754307315513,2527.965030894812
SYNTH-8-25-1-Topic-0-Cell-5,1,8.0,25.0,790.755767148638,2447.7390123930245
SYNTH-8-25-1-Topic-8-Cell-6,1,8.0,25.0,768.1523766524972,2550.065579198177
SYNTH-8-26-1-Topic-8-Cell-1,1,8.0,26.0,800.0,2600.0
SYNTH-8-26-1-Topic-8-Cell-2,1,8.0,26.0,819.6357488094313,2578.5655098336138
SYNTH-8-26-1-Topic-8-Cell-3,1,8.0,26.0,759.0477974329641,2603.594037410554
SYNTH-8-26-1-Topic-8-Cell-4,1,8.0,26.0,839.9568324127756,2630.634156484835
SYNTH-8-26-1-Topic-8-Cell-5,1,8.0,26.0,789.8734502809575,2542.750956420323
SYNTH-8-27-1-Topic-7-Cell-1,1,8.0,27.0,800.0,2700.0
SYNTH-8-27-1-Topic-7-Cell-2,1,8.0,27.0,821.9534345634995,2676.0355114624545
SYNTH-8-27-1-Topic-7-Cell-3,1,8.0,27.0,754.2140456158833,2704.018255981838
SYNTH-8-27-1-Topic-7-Cell-4,1,8.0,27.0,844.6730967202666,2734.2500281667285
SYNTH-8-28-1-Topic-8-Cell-1,1,8.0,28.0,800.0,2800.0
SYNTH-8-28-1-Topic-8-Cell-2,1,8.0,28.0,825.3496427097466,2772.328192183713
SYNTH-8-28-1-Topic-8-Cell-3,1,8.0,28.0,747.1309338224526,2804.6398823455743
SYNTH-8-29-1-Topic-0-Cell-1,1,8.0,29.0,800.0,2900.0
SYNTH-8-29-1-Topic-0-Cell-2,1,8.0,29.0,819.6357488094313,2878.5655098336138
SYNTH-8-29-1-Topic-0-Cell-3,1,8.0,29.0,759.0477974329641,2903.594037410554
SYNTH-8-29-1-Topic-0-Cell-4,1,8.0,29.0,839.9568324127756,2930.634156484835
SYNTH-8-29-1-Topic-8-Cell-5,1,8.0,29.0,789.8734502809575,2842.750956420323
SYNTH-8-30-1-Topic-7-Cell-1,1,8.0,30.0,800.0,3000.0
SYNTH-8-30-1-Topic-8-Cell-2,1,8.0,30.0,821.9534345634995,2976.0355114624545
SYNTH-8-30-1-Topic-8-Cell-3,1,8.0,30.0,754.2140456158833,3004.018255981838
SYNTH-8-30-1-Topic-8-Cell-4,1,8.0,30.0,844.6730967202666,3034.2500281667285
SYNTH-8-31-1-Topic-4-Cell-1,1,8.0,31.0,800.0,3100.0
SYNTH-8-31-1-Topic-7-Cell-2,1,8.0,31.0,819.6357488094313,3078.5655098336138
SYNTH-8-31-1-Topic-7-Cell-3,1,8.0,31.0,759.0477974329641,3103.594037410554
SYNTH-8-31-1-Topic-8-Cell-4,1,8.0,31.0,839.9568324127756,3130.634156484835
SYNTH-8-31-1-Topic-8-Cell-5,1,8.0,31.0,789.8734502809575,3042.750956420323
SYNTH-8-32-1-Topic-8-Cell-1,1,8.0,32.0,800.0,3200.0
SYNTH-8-32-1-Topic-8-Cell-2,1,8.0,32.0,819.6357488094313,3178.5655098336138
SYNTH-8-32-1-Topic-8-Cell-3,1,8.0,32.0,759.0477974329641,3203.594037410554
SYNTH-8-32-1-Topic-8-Cell-4,1,8.0,32.0,839.9568324127756,3230.634156484835
SYNTH-8-32-1-Topic-8-Cell-5,1,8.0,32.0,789.8734502809575,3142.750956420323
SYNTH-8-33-1-Topic-0-Cell-1,1,8.0,33.0,800.0,3300.0
SYNTH-8-33-1-Topic-8-Cell-2,1,8.0,33.0,819.6357488094313,3278.5655098336138
SYNTH-8-33-1-Topic-8-Cell-3,1,8.0,33.0,759.0477974329641,3303.594037410554
SYNTH-8-33-1-Topic-8-Cell-4,1,8.0,33.0,839.9568324127756,3330.634156484835
SYNTH-8-33-1-Topic-8-Cell-5,1,8.0,33.0,789.8734502809575,3242.750956420323
SYNTH-8-34-1-Topic-1-Cell-1,1,8.0,34.0,800.0,3400.0
SYNTH-8-34-1-Topic-1-Cell-2,1,8.0,34.0,821.9534345634995,3376.0355114624545
SYNTH-8-34-1-Topic-1-Cell-3,1,8.0,34.0,754.2140456158833,3404.018255981838
SYNTH-8-34-1-Topic-1-Cell-4,1,8.0,34.0,844.6730967202666,3434.2500281667285
SYNTH-8-35-1-Topic-0-Cell-1,1,8.0,35.0,800.0,3500.0
SYNTH-8-35-1-Topic-0-Cell-2,1,8.0,35.0,819.6357488094313,3478.5655098336138
SYNTH-8-35-1-Topic-8-Cell-3,1,8.0,35.0,759.0477974329641,3503.594037410554
SYNTH-8-35-1-Topic-8-Cell-4,1,8.0,35.0,839.9568324127756,3530.634156484835
SYNTH-8-35-1-Topic-8-Cell-5,1,8.0,35.0,789.8734502809575,3442.750956420323
SYNTH-8-36-1-Topic-0-Cell-1,1,8.0,36.0,800.0,3600.0
SYNTH-8-36-1-Topic-8-Cell-2,1,8.0,36.0,821.9534345634995,3576.0355114624545
SYNTH-8-36-1-Topic-8-Cell-3,1,8.0,36.0,754.2140456158833,3604.018255981838
SYNTH-8-36-1-Topic-8-Cell-4,1,8.0,36.0,844.6730967202666,3634.2500281667285
SYNTH-8-37-1-Topic-0-Cell-1,1,8.0,37.0,800.0,3700.0
SYNTH-8-37-1-Topic-0-Cell-2,1,8.0,37.0,817.9249042607179,3680.4330770454126
SYNTH-8-37-1-Topic-0-Cell-3,1,8.0,37.0,762.6159247908558,3703.2808922704635
SYNTH-8-37-1-Topic-4-Cell-4,1,8.0,37.0,836.4754307315513,3727.965030894812
SYNTH-8-37-1-Topic-4-Cell-5,1,8.0,37.0,790.755767148638,3647.7390123930245
SYNTH-8-37-1-Topic-8-Cell-6,1,8.0,37.0,768.1523766524972,3750.065579198177
SYNTH-8-38-1-Topic-0-Cell-1,1,8.0,38.0,800.0,3800.0
SYNTH-8-38-1-Topic-0-Cell-2,1,8.0,38.0,817.9249042607179,3780.4330770454126
SYNTH-8-38-1-Topic-0-Cell-3,1,8.0,38.0,762.6159247908558,3803.2808922704635
SYNTH-8-38-1-Topic-0-Cell-4,1,8.0,38.0,836.4754307315513,3827.965030894812
SYNTH-8-38-1-Topic-7-Cell-5,1,8.0,38.0,790.755767148638,3747.7390123930245
SYNTH-8-38-1-Topic-9-Cell-6,1,8.0,38.0,768.1523766524972,3850.065579198177
SYNTH-8-39-1-Topic-7-Cell-1,1,8.0,39.0,800.0,3900.0
SYNTH-8-39-1-Topic-7-Cell-2,1,8.0,39.0,821.9534345634995,3876.0355114624545
SYNTH-8-39-1-Topic-7-Cell-3,1,8.0,39.0,754.2140456158833,3904.018255981838
SYNTH-8-39-1-Topic-8-Cell-4,1,8.0,39.0,844.6730967202666,3934.2500281667285
SYNTH-8-40-1-Topic-4-Cell-1,1,8.0,40.0,800.0,4000.0
SYNTH-8-40-1-Topic-8-Cell-2,1,8.0,40.0,817.9249042607179,3980.4330770454126
SYNTH-8-40-1-Topic-8-Cell-3,1,8.0,40.0,762.6159247908558,4003.2808922704635
SYNTH-8-40-1-Topic-9-Cell-4,1,8.0,40.0,836.4754307315513,4027.965030894812
SYNTH-8-40-1-Topic-9-Cell-5,1,8.0,40.0,790.755767148638,3947.7390123930245
SYNTH-8-40-1-Topic-10-Cell-6,1,8.0,40.0,768.1523766524972,4050.065579198177
SYNTH-8-41-1-Topic-7-Cell-1,1,8.0,41.0,800.0,4100.0
SYNTH-8-41-1-Topic-9-Cell-2,1,8.0,41.0,821.9534345634995,4076.0355114624545
SYNTH-8-41-1-Topic-9-Cell-3,1,8.0,41.0,754.2140456158833,4104.018255981839
SYNTH-8-41-1-Topic-9-Cell-4,1,8.0,41.0,844.6730967202666,4134.250028166729
SYNTH-8-42-1-Topic-7-Cell-1,1,8.0,42.0,800.0,4200.0
SYNTH-8-42-1-Topic-7-Cell-2,1,8.0,42.0,819.6357488094313,4178.565509833614
SYNTH-8-42-1-Topic-7-Cell-3,1,8.0,42.0,759.0477974329641,4203.594037410554
SYNTH-8-42-1-Topic-7-Cell-4,1,8.0,42.0,839.9568324127756,4230.634156484835
SYNTH-8-42-1-Topic-8-Cell-5,1,8.0,42.0,789.8734502809575,4142.750956420323
SYNTH-8-43-1-Topic-8-Cell-1,1,8.0,43.0,800.0,4300.0
SYNTH-8-43-1-Topic-8-Cell-2,1,8.0,43.0,821.9534345634995,4276.035511462454
SYNTH-8-43-1-Topic-8-Cell-3,1,8.0,43.0,754.2140456158833,4304.018255981839
SYNTH-8-43-1-Topic-8-Cell-4,1,8.0,43.0,844.6730967202666,4334.250028166729
SYNTH-8-44-1-Topic-0-Cell-1,1,8.0,44.0,800.0,4400.0
SYNTH-8-44-1-Topic-8-Cell-2,1,8.0,44.0,817.9249042607179,4380.433077045413
SYNTH-8-44-1-Topic-8-Cell-3,1,8.0,44.0,762.6159247908558,4403.2808922704635
SYNTH-8-44-1-Topic-8-Cell-4,1,8.0,44.0,836.4754307315513,4427.965030894812
SYNTH-8-44-1-Topic-8-Cell-5,1,8.0,44.0,790.755767148638,4347.7390123930245
SYNTH-8-44-1-Topic-9-Cell-6,1,8.0,44.0,768.1523766524972,4450.065579198177
SYNTH-8-45-1-Topic-8-Cell-1,1,8.0,45.0,800.0,4500.0
SYNTH-8-45-1-Topic-8-Cell-2,1,8.0,45.0,819.6357488094313,4478.565509833614
SYNTH-8-45-1-Topic-8-Cell-3,1,8.0,45.0,759.0477974329641,4503.594037410554
SYNTH-8-45-1-Topic-8-Cell-4,1,8.0,45.0,839.9568324127756,4530.634156484835
SYNTH-8-45-1-Topic-8-Cell-5,1,8.0,45.0,789.8734502809575,4442.750956420323
SYNTH-8-46-1-Topic-0-Cell-1,1,8.0,46.0,800.0,4600.0
SYNTH-8-46-1-Topic-0-Cell-2,1,8.0,46.0,819.6357488094313,4578.565509833614
SYNTH-8-46-1-Topic-8-Cell-3,1,8.0,46.0,759.0477974329641,4603.594037410554
SYNTH-8-46-1-Topic-8-Cell-4,1,8.0,46.0,839.9568324127756,4630.634156484835
SYNTH-8-46-1-Topic-8-Cell-5,1,8.0,46.0,789.8734502809575,4542.750956420323
SYNTH-8-47-1-Topic-0-Cell-1,1,8.0,47.0,800.0,4700.0
SYNTH-8-47-1-Topic-0-Cell-2,1,8.0,47.0,819.6357488094313,4678.565509833614
SYNTH-8-47-1-Topic-7-Cell-3,1,8.0,47.0,759.0477974329641,4703.594037410554
SYNTH-8-47-1-Topic-8-Cell-4,1,8.0,47.0,839.9568324127756,4730.634156484835
SYNTH-8-47-1-Topic-8-Cell-5,1,8.0,47.0,789.8734502809575,4642.750956420323
SYNTH-8-48-1-Topic-0-Cell-1,1,8.0,48.0,800.0,4800.0
SYNTH-8-48-1-Topic-0-Cell-2,1,8.0,48.0,819.6357488094313,4778.565509833614
SYNTH-8-48-1-Topic-0-Cell-3,1,8.0,48.0,759.0477974329641,4803.594037410554
SYNTH-8-48-1-Topic-8-Cell-4,1,8.0,48.0,839.9568324127756,4830.634156484835
SYNTH-8-48-1-Topic-8-Cell-5,1,8.0,48.0,789.8734502809575,4742.750956420323
SYNTH-8-49-1-Topic-0-Cell-1,1,8.0,49.0,800.0,4900.0
SYNTH-8-49-1-Topic-7-Cell-2,1,8.0,49.0,819.6357488094313,4878.565509833614
SYNTH-8-49-1-Topic-8-Cell-3,1,8.0,49.0,759.0477974329641,4903.594037410554
SYNTH-8-49-1-Topic-8-Cell-4,1,8.0,49.0,839.9568324127756,4930.634156484835
SYNTH-8-49-1-Topic-8-Cell-5,1,8.0,49.0,789.8734502809575,4842.750956420323
SYNTH-8-50-1-Topic-0-Cell-1,1,8.0,50.0,800.0,5000.0
SYNTH-8-50-1-Topic-8-Cell-2,1,8.0,50.0,819.6357488094313,4978.565509833614
SYNTH-8-50-1-Topic-8-Cell-3,1,8.0,50.0,759.0477974329641,5003.594037410554
SYNTH-8-50-1-Topic-8-Cell-4,1,8.0,50.0,839.9568324127756,5030.634156484835
SYNTH-8-50-1-Topic-8-Cell-5,1,8.0,50.0,789.8734502809575,4942.750956420323
SYNTH-9-1-1-Topic-4-Cell-1,1,9.0,1.0,900.0,150.0
SYNTH-9-1-1-Topic-4-Cell-2,1,9.0,1.0,925.3496427097466,122.32819218371293
SYNTH-9-1-1-Topic-8-Cell-3,1,9.0,1.0,847.1309338224526,154.63988234557422
SYNTH-9-2-1-Topic-0-Cell-1,1,9.0,2.0,900.0,250.0
SYNTH-9-2-1-Topic-9-Cell-2,1,9.0,2.0,917.9249042607179,230.43307704541252
SYNTH-9-2-1-Topic-9-Cell-3,1,9.0,2.0,862.6159247908558,253.28089227046326
SYNTH-9-2-1-Topic-9-Cell-4,1,9.0,2.0,936.4754307315513,277.96503089481223
SYNTH-9-2-1-Topic-9-Cell-5,1,9.0,2.0,890.755767148638,197.73901239302432
SYNTH-9-2-1-Topic-9-Cell-6,1,9.0,2.0,868.1523766524972,300.0655791981769
SYNTH-9-3-1-Topic-7-Cell-1,1,9.0,3.0,900.0,350.0
SYNTH-9-3-1-Topic-8-Cell-2,1,9.0,3.0,917.9249042607179,330.4330770454125
SYNTH-9-3-1-Topic-8-Cell-3,1,9.0,3.0,862.6159247908558,353.28089227046326
SYNTH-9-3-1-Topic-9-Cell-4,1,9.0,3.0,936.4754307315513,377.96503089481223
SYNTH-9-3-1-Topic-10-Cell-5,1,9.0,3.0,890.755767148638,297.7390123930243
SYNTH-9-3-1-Topic-10-Cell-6,1,9.0,3.0,868.1523766524972,400.0655791981769
SYNTH-9-4-1-Topic-0-Cell-1,1,9.0,4.0,900.0,450.0
SYNTH-9-4-1-Topic-0-Cell-2,1,9.0,4.0,917.9249042607179,430.4330770454125
SYNTH-9-4-1-Topic-0-Cell-3,1,9.0,4.0,862.6159247908558,453.28089227046326
SYNTH-9-4-1-Topic-0-Cell-4,1,9.0,4.0,936.4754307315513,477.96503089481223
SYNTH-9-4-1-Topic-0-Cell-5,1,9.0,4.0,890.755767148638,397.7390123930243
SYNTH-9-4-1-Topic-7-Cell-6,1,9.0,4.0,868.1523766524972,500.0655791981769
SYNTH-9-5-1-Topic-6-Cell-1,1,9.0,5.0,900.0,550.0
SYNTH-9-5-1-Topic-6-Cell-2,1,9.0,5.0,931.0468449003713,516.1090952948688
SYNTH-9-6-1-Topic-0-Cell-1,1,9.0,6.0,900.0,650.0
SYNTH-9-6-1-Topic-0-Cell-2,1,9.0,6.0,919.6357488094313,628.5655098336136
SYNTH-9-6-1-Topic-0-Cell-3,1,9.0,6.0,859.0477974329641,653.5940374105542
SYNTH-9-6-1-Topic-7-Cell-4,1,9.0,6.0,939.9568324127756,680.6341564848351
SYNTH-9-6-1-Topic-7-Cell-5,1,9.0,6.0,889.8734502809575,592.750956420323
SYNTH-9-7-1-Topic-0-Cell-1,1,9.0,7.0,900.0,750.0
SYNTH-9-7-1-Topic-4-Cell-2,1,9.0,7.0,919.6357488094313,728.5655098336136
SYNTH-9-7-1-Topic-4-Cell-3,1,9.0,7.0,859.0477974329641,753.5940374105542
SYNTH-9-7-1-Topic-8-Cell-4,1,9.0,7.0,939.9568324127756,780.6341564848351
SYNTH-9-7-1-Topic-8-Cell-5,1,9.0,7.0,889.8734502809575,692.750956420323
SYNTH-9-8-1-Topic-0-Cell-1,1,9.0,8.0,900.0,850.0
SYNTH-9-8-1-Topic-0-Cell-2,1,9.0,8.0,916.5952366510713,831.8845494379419
SYNTH-9-8-1-Topic-0-Cell-3,1,9.0,8.0,865.3890717599655,853.0375160091833
SYNTH-9-8-1-Topic-0-Cell-4,1,9.0,8.0,933.7696869191316,875.8905876931775
SYNTH-9-8-1-Topic-0-Cell-5,1,9.0,8.0,891.4415034192314,801.6157272394977
SYNTH-9-8-1-Topic-0-Cell-6,1,9.0,8.0,870.5148301748962,896.3517195284268
SYNTH-9-8-1-Topic-0-Cell-7,1,9.0,8.0,958.1150977231786,834.3774525747568
SYNTH-9-9-1-Topic-8-Cell-1,1,9.0,9.0,900.0,950.0
SYNTH-9-9-1-Topic-8-Cell-2,1,9.0,9.0,919.6357488094313,928.5655098336136
SYNTH-9-9-1-Topic-8-Cell-3,1,9.0,9.0,859.0477974329641,953.5940374105542
SYNTH-9-9-1-Topic-8-Cell-4,1,9.0,9.0,939.9568324127756,980.6341564848351
SYNTH-9-9-1-Topic-8-Cell-5,1,9.0,9.0,889.8734502809575,892.750956420323
SYNTH-9-10-1-Topic-0-Cell-1,1,9.0,10.0,900.0,1050.0
SYNTH-9-10-1-Topic-0-Cell-2,1,9.0,10.0,917.9249042607179,1030.4330770454126
SYNTH-9-10-1-Topic-7-Cell-3,1,9.0,10.0,862.6159247908558,1053.2808922704633
SYNTH-9-10-1-Topic-7-Cell-4,1,9.0,10.0,936.4754307315513,1077.9650308948123
SYNTH-9-10-1-Topic-7-Cell-5,1,9.0,10.0,890.755767148638,997.7390123930243
SYNTH-9-10-1-Topic-7-Cell-6,1,9.0,10.0,868.1523766524972,1100.065579198177
SYNTH-9-11-1-Topic-0-Cell-1,1,9.0,11.0,900.0,1150.0
SYNTH-9-11-1-Topic-8-Cell-2,1,9.0,11.0,925.3496427097466,1122.3281921837129
SYNTH-9-11-1-Topic-8-Cell-3,1,9.0,11.0,847.1309338224526,1154.6398823455743
SYNTH-9-12-1-Topic-0-Cell-1,1,9.0,12.0,900.0,1250.0
SYNTH-9-12-1-Topic-0-Cell-2,1,9.0,12.0,917.9249042607179,1230.4330770454126
SYNTH-9-12-1-Topic-0-Cell-3,1,9.0,12.0,862.6159247908558,1253.2808922704633
SYNTH-9-12-1-Topic-8-Cell-4,1,9.0,12.0,936.4754307315513,1277.9650308948123
SYNTH-9-12-1-Topic-8-Cell-5,1,9.0,12.0,890.755767148638,1197.7390123930243
SYNTH-9-12-1-Topic-8-Cell-6,1,9.0,12.0,868.1523766524972,1300.065579198177
SYNTH-9-13-1-Topic-7-Cell-1,1,9.0,13.0,900.0,1350.0
SYNTH-9-13-1-Topic-7-Cell-2,1,9.0,13.0,921.9534345634995,1326.0355114624547
SYNTH-9-13-1-Topic-10-Cell-3,1,9.0,13.0,854.2140456158833,1354.0182559818381
SYNTH-9-13-1-Topic-10-Cell-4,1,9.0,13.0,944.6730967202666,1384.2500281667287
SYNTH-9-14-1-Topic-7-Cell-1,1,9.0,14.0,900.0,1450.0
SYNTH-9-15-1-Topic-0-Cell-1,1,9.0,15.0,900.0,1550.0
SYNTH-9-15-1-Topic-0-Cell-2,1,9.0,15.0,917.9249042607179,1530.4330770454126
SYNTH-9-15-1-Topic-0-Cell-3,1,9.0,15.0,862.6159247908558,1553.2808922704633
SYNTH-9-15-1-Topic-0-Cell-4,1,9.0,15.0,936.4754307315513,1577.9650308948123
SYNTH-9-15-1-Topic-4-Cell-5,1,9.0,15.0,890.755767148638,1497.7390123930243
SYNTH-9-15-1-Topic-4-Cell-6,1,9.0,15.0,868.1523766524972,1600.065579198177
SYNTH-9-16-1-Topic-7-Cell-1,1,9.0,16.0,900.0,1650.0
SYNTH-9-16-1-Topic-8-Cell-2,1,9.0,16.0,921.9534345634995,1626.0355114624547
SYNTH-9-16-1-Topic-8-Cell-3,1,9.0,16.0,854.2140456158833,1654.0182559818381
SYNTH-9-16-1-Topic-8-Cell-4,1,9.0,16.0,944.6730967202666,1684.2500281667287
SYNTH-9-17-1-Topic-0-Cell-1,1,9.0,17.0,900.0,1750.0
SYNTH-9-17-1-Topic-0-Cell-2,1,9.0,17.0,919.6357488094313,1728.5655098336135
SYNTH-9-17-1-Topic-7-Cell-3,1,9.0,17.0,859.0477974329641,1753.5940374105542
SYNTH-9-17-1-Topic-8-Cell-4,1,9.0,17.0,939.9568324127756,1780.634156484835
SYNTH-9-17-1-Topic-9-Cell-5,1,9.0,17.0,889.8734502809575,1692.750956420323
SYNTH-9-18-1-Topic-0-Cell-1,1,9.0,18.0,900.0,1850.0
SYNTH-9-18-1-Topic-0-Cell-2,1,9.0,18.0,919.6357488094313,1828.5655098336135
SYNTH-9-18-1-Topic-7-Cell-3,1,9.0,18.0,859.0477974329641,1853.5940374105542
SYNTH-9-18-1-Topic-10-Cell-4,1,9.0,18.0,939.9568324127756,1880.634156484835
SYNTH-9-18-1-Topic-10-Cell-5,1,9.0,18.0,889.8734502809575,1792.750956420323
SYNTH-9-19-1-Topic-4-Cell-1,1,9.0,19.0,900.0,1950.0
SYNTH-9-19-1-Topic-4-Cell-2,1,9.0,19.0,921.9534345634995,1926.0355114624547
SYNTH-9-19-1-Topic-4-Cell-3,1,9.0,19.0,854.2140456158833,1954.0182559818381
SYNTH-9-19-1-Topic-4-Cell-4,1,9.0,19.0,944.6730967202666,1984.2500281667287
SYNTH-9-20-1-Topic-0-Cell-1,1,9.0,20.0,900.0,2050.0
SYNTH-9-20-1-Topic-8-Cell-2,1,9.0,20.0,919.6357488094313,2028.5655098336135
SYNTH-9-20-1-Topic-8-Cell-3,1,9.0,20.0,859.0477974329641,2053.594037410554
SYNTH-9-20-1-Topic-8-Cell-4,1,9.0,20.0,939.9568324127756,2080.634156484835
SYNTH-9-20-1-Topic-8-Cell-5,1,9.0,20.0,889.8734502809575,1992.750956420323
SYNTH-9-21-1-Topic-0-Cell-1,1,9.0,21.0,900.0,2150.0
SYNTH-9-21-1-Topic-8-Cell-2,1,9.0,21.0,917.9249042607179,2130.4330770454126
SYNTH-9-21-1-Topic-8-Cell-3,1,9.0,21.0,862.6159247908558,2153.2808922704635
SYNTH-9-21-1-Topic-8-Cell-4,1,9.0,21.0,936.4754307315513,2177.965030894812
SYNTH-9-21-1-Topic-8-Cell-5,1,9.0,21.0,890.755767148638,2097.7390123930245
SYNTH-9-21-1-Topic-8-Cell-6,1,9.0,21.0,868.1523766524972,2200.065579198177
SYNTH-9-22-1-Topic-0-Cell-1,1,9.0,22.0,900.0,2250.0
SYNTH-9-22-1-Topic-0-Cell-2,1,9.0,22.0,917.9249042607179,2230.4330770454126
SYNTH-9-22-1-Topic-0-Cell-3,1,9.0,22.0,862.6159247908558,2253.2808922704635
SYNTH-9-22-1-Topic-4-Cell-4,1,9.0,22.0,936.4754307315513,2277.965030894812
SYNTH-9-22-1-Topic-8-Cell-5,1,9.0,22.0,890.755767148638,2197.7390123930245
SYNTH-9-22-1-Topic-8-Cell-6,1,9.0,22.0,868.1523766524972,2300.065579198177
SYNTH-9-23-1-Topic-8-Cell-1,1,9.0,23.0,900.0,2350.0
SYNTH-9-23-1-Topic-8-Cell-2,1,9.0,23.0,921.9534345634995,2326.0355114624545
SYNTH-9-23-1-Topic-8-Cell-3,1,9.0,23.0,854.2140456158833,2354.018255981838
SYNTH-9-23-1-Topic-8-Cell-4,1,9.0,23.0,944.6730967202666,2384.2500281667285
SYNTH-9-24-1-Topic-8-Cell-1,1,9.0,24.0,900.0,2450.0
SYNTH-9-24-1-Topic-8-Cell-2,1,9.0,24.0,919.6357488094313,2428.5655098336138
SYNTH-9-24-1-Topic-8-Cell-3,1,9.0,24.0,859.0477974329641,2453.594037410554
SYNTH-9-24-1-Topic-8-Cell-4,1,9.0,24.0,939.9568324127756,2480.634156484835
SYNTH-9-24-1-Topic-8-Cell-5,1,9.0,24.0,889.8734502809575,2392.750956420323
SYNTH-9-25-1-Topic-4-Cell-1,1,9.0,25.0,900.0,2550.0
SYNTH-9-25-1-Topic-8-Cell-2,1,9.0,25.0,919.6357488094313,2528.5655098336138
SYNTH-9-25-1-Topic-8-Cell-3,1,9.0,25.0,859.0477974329641,2553.594037410554
SYNTH-9-25-1-Topic-8-Cell-4,1,9.0,25.0,939.9568324127756,2580.634156484835
SYNTH-9-25-1-Topic-8-Cell-5,1,9.0,25.0,889.8734502809575,2492.750956420323
SYNTH-9-26-1-Topic-0-Cell-1,1,9.0,26.0,900.0,2650.0
SYNTH-9-26-1-Topic-0-Cell-2,1,9.0,26.0,919.6357488094313,2628.5655098336138
SYNTH-9-26-1-Topic-8-Cell-3,1,9.0,26.0,859.0477974329641,2653.594037410554
SYNTH-9-26-1-Topic-8-Cell-4,1,9.0,26.0,939.9568324127756,2680.634156484835
SYNTH-9-26-1-Topic-8-Cell-5,1,9.0,26.0,889.8734502809575,2592.750956420323
SYNTH-9-27-1-Topic-0-Cell-1,1,9.0,27.0,900.0,2750.0
SYNTH-9-27-1-Topic-2-Cell-2,1,9.0,27.0,919.6357488094313,2728.5655098336138
SYNTH-9-27-1-Topic-2-Cell-3,1,9.0,27.0,859.0477974329641,2753.594037410554
SYNTH-9-27-1-Topic-8-Cell-4,1,9.0,27.0,939.9568324127756,2780.634156484835
SYNTH-9-27-1-Topic-8-Cell-5,1,9.0,27.0,889.8734502809575,2692.750956420323
SYNTH-9-28-1-Topic-0-Cell-1,1,9.0,28.0,900.0,2850.0
SYNTH-9-28-1-Topic-7-Cell-2,1,9.0,28.0,919.6357488094313,2828.5655098336138
SYNTH-9-28-1-Topic-8-Cell-3,1,9.0,28.0,859.0477974329641,2853.594037410554
SYNTH-9-28-1-Topic-8-Cell-4,1,9.0,28.0,939.9568324127756,2880.634156484835
SYNTH-9-28-1-Topic-9-Cell-5,1,9.0,28.0,889.8734502809575,2792.750956420323
SYNTH-9-29-1-Topic-0-Cell-1,1,9.0,29.0,900.0,2950.0
SYNTH-9-29-1-Topic-0-Cell-2,1,9.0,29.0,919.6357488094313,2928.5655098336138
SYNTH-9-29-1-Topic-8-Cell-3,1,9.0,29.0,859.0477974329641,2953.594037410554
SYNTH-9-29-1-Topic-8-Cell-4,1,9.0,29.0,939.9568324127756,2980.634156484835
SYNTH-9-29-1-Topic-8-Cell-5,1,9.0,29.0,889.8734502809575,2892.750956420323
SYNTH-9-30-1-Topic-7-Cell-1,1,9.0,30.0,900.0,3050.0
SYNTH-9-30-1-Topic-8-Cell-2,1,9.0,30.0,921.9534345634995,3026.0355114624545
SYNTH-9-30-1-Topic-8-Cell-3,1,9.0,30.0,854.2140456158833,3054.018255981838
SYNTH-9-30-1-Topic-8-Cell-4,1,9.0,30.0,944.6730967202666,3084.2500281667285
SYNTH-9-31-1-Topic-0-Cell-1,1,9.0,31.0,900.0,3150.0
SYNTH-9-31-1-Topic-0-Cell-2,1,9.0,31.0,919.6357488094313,3128.5655098336138
SYNTH-9-31-1-Topic-0-Cell-3,1,9.0,31.0,859.0477974329641,3153.594037410554
SYNTH-9-31-1-Topic-0-Cell-4,1,9.0,31.0,939.9568324127756,3180.634156484835
SYNTH-9-31-1-Topic-0-Cell-5,1,9.0,31.0,889.8734502809575,3092.750956420323
SYNTH-9-32-1-Topic-0-Cell-1,1,9.0,32.0,900.0,3250.0
SYNTH-9-32-1-Topic-0-Cell-2,1,9.0,32.0,917.9249042607179,3230.4330770454126
SYNTH-9-32-1-Topic-0-Cell-3,1,9.0,32.0,862.6159247908558,3253.2808922704635
SYNTH-9-32-1-Topic-8-Cell-4,1,9.0,32.0,936.4754307315513,3277.965030894812
SYNTH-9-32-1-Topic-8-Cell-5,1,9.0,32.0,890.755767148638,3197.7390123930245
SYNTH-9-32-1-Topic-8-Cell-6,1,9.0,32.0,868.1523766524972,3300.065579198177
SYNTH-9-33-1-Topic-8-Cell-1,1,9.0,33.0,900.0,3350.0
SYNTH-9-33-1-Topic-8-Cell-2,1,9.0,33.0,917.9249042607179,3330.4330770454126
SYNTH-9-33-1-Topic-9-Cell-3,1,9.0,33.0,862.6159247908558,3353.2808922704635
SYNTH-9-33-1-Topic-9-Cell-4,1,9.0,33.0,936.4754307315513,3377.965030894812
SYNTH-9-33-1-Topic-9-Cell-5,1,9.0,33.0,890.755767148638,3297.7390123930245
SYNTH-9-33-1-Topic-9-Cell-6,1,9.0,33.0,868.1523766524972,3400.065579198177
SYNTH-9-34-1-Topic-4-Cell-1,1,9.0,34.0,900.0,3450.0
SYNTH-9-34-1-Topic-4-Cell-2,1,9.0,34.0,917.9249042607179,3430.4330770454126
SYNTH-9-34-1-Topic-4-Cell-3,1,9.0,34.0,862.6159247908558,3453.2808922704635
SYNTH-9-34-1-Topic-4-Cell-4,1,9.0,34.0,936.4754307315513,3477.965030894812
SYNTH-9-34-1-Topic-7-Cell-5,1,9.0,34.0,890.755767148638,3397.7390123930245
SYNTH-9-34-1-Topic-8-Cell-6,1,9.0,34.0,868.1523766524972,3500.065579198177
SYNTH-9-35-1-Topic-0-Cell-1,1,9.0,35.0,900.0,3550.0
SYNTH-9-35-1-Topic-8-Cell-2,1,9.0,35.0,917.9249042607179,3530.4330770454126
SYNTH-9-35-1-Topic-8-Cell-3,1,9.0,35.0,862.6159247908558,3553.2808922704635
SYNTH-9-35-1-Topic-8-Cell-4,1,9.0,35.0,936.4754307315513,3577.965030894812
SYNTH-9-35-1-Topic-8-Cell-5,1,9.0,35.0,890.755767148638,3497.7390123930245
SYNTH-9-35-1-Topic-8-Cell-6,1,9.0,35.0,868.1523766524972,3600.065579198177
SYNTH-9-36-1-Topic-0-Cell-1,1,9.0,36.0,900.0,3650.0
SYNTH-9-36-1-Topic-0-Cell-2,1,9.0,36.0,919.6357488094313,3628.5655098336138
SYNTH-9-36-1-Topic-0-Cell-3,1,9.0,36.0,859.0477974329641,3653.594037410554
SYNTH-9-36-1-Topic-0-Cell-4,1,9.0,36.0,939.9568324127756,3680.634156484835
SYNTH-9-36-1-Topic-8-Cell-5,1,9.0,36.0,889.8734502809575,3592.750956420323
SYNTH-9-37-1-Topic-0-Cell-1,1,9.0,37.0,900.0,3750.0
SYNTH-9-37-1-Topic-0-Cell-2,1,9.0,37.0,919.6357488094313,3728.5655098336138
SYNTH-9-37-1-Topic-8-Cell-3,1,9.0,37.0,859.0477974329641,3753.594037410554
SYNTH-9-37-1-Topic-8-Cell-4,1,9.0,37.0,939.9568324127756,3780.634156484835
SYNTH-9-37-1-Topic-8-Cell-5,1,9.0,37.0,889.8734502809575,3692.750956420323
SYNTH-9-38-1-Topic-0-Cell-1,1,9.0,38.0,900.0,3850.0
SYNTH-9-38-1-Topic-0-Cell-2,1,9.0,38.0,917.9249042607179,3830.4330770454126
SYNTH-9-38-1-Topic-8-Cell-3,1,9.0,38.0,862.6159247908558,3853.2808922704635
SYNTH-9-38-1-Topic-8-Cell-4,1,9.0,38.0,936.4754307315513,3877.965030894812
SYNTH-9-38-1-Topic-8-Cell-5,1,9.0,38.0,890.755767148638,3797.7390123930245
SYNTH-9-38-1-Topic-8-Cell-6,1,9.0,38.0,868.1523766524972,3900.065579198177
SYNTH-9-39-1-Topic-8-Cell-1,1,9.0,39.0,900.0,3950.0
SYNTH-9-39-1-Topic-8-Cell-2,1,9.0,39.0,921.9534345634995,3926.0355114624545
SYNTH-9-39-1-Topic-8-Cell-3,1,9.0,39.0,854.2140456158833,3954.018255981838
SYNTH-9-39-1-Topic-8-Cell-4,1,9.0,39.0,944.6730967202666,3984.2500281667285
SYNTH-9-40-1-Topic-8-Cell-1,1,9.0,40.0,900.0,4050.0
SYNTH-9-40-1-Topic-8-Cell-2,1,9.0,40.0,917.9249042607179,4030.4330770454126
SYNTH-9-40-1-Topic-8-Cell-3,1,9.0,40.0,862.6159247908558,4053.2808922704635
SYNTH-9-40-1-Topic-9-Cell-4,1,9.0,40.0,936.4754307315513,4077.965030894812
SYNTH-9-40-1-Topic-9-Cell-5,1,9.0,40.0,890.755767148638,3997.7390123930245
SYNTH-9-40-1-Topic-9-Cell-6,1,9.0,40.0,868.1523766524972,4100.065579198177
SYNTH-9-41-1-Topic-0-Cell-1,1,9.0,41.0,900.0,4150.0
SYNTH-9-41-1-Topic-7-Cell-2,1,9.0,41.0,919.6357488094313,4128.565509833614
SYNTH-9-41-1-Topic-7-Cell-3,1,9.0,41.0,859.0477974329641,4153.594037410554
SYNTH-9-41-1-Topic-7-Cell-4,1,9.0,41.0,939.9568324127756,4180.634156484835
SYNTH-9-41-1-Topic-8-Cell-5,1,9.0,41.0,889.8734502809575,4092.750956420323
SYNTH-9-42-1-Topic-0-Cell-1,1,9.0,42.0,900.0,4250.0
SYNTH-9-42-1-Topic-0-Cell-2,1,9.0,42.0,917.9249042607179,4230.433077045413
SYNTH-9-42-1-Topic-0-Cell-3,1,9.0,42.0,862.6159247908558,4253.2808922704635
SYNTH-9-42-1-Topic-0-Cell-4,1,9.0,42.0,936.4754307315513,4277.965030894812
SYNTH-9-42-1-Topic-4-Cell-5,1,9.0,42.0,890.755767148638,4197.7390123930245
SYNTH-9-42-1-Topic-7-Cell-6,1,9.0,42.0,868.1523766524972,4300.065579198177
SYNTH-9-43-1-Topic-7-Cell-1,1,9.0,43.0,900.0,4350.0
SYNTH-9-43-1-Topic-7-Cell-2,1,9.0,43.0,919.6357488094313,4328.565509833614
SYNTH-9-43-1-Topic-7-Cell-3,1,9.0,43.0,859.0477974329641,4353.594037410554
SYNTH-9-43-1-Topic-10-Cell-4,1,9.0,43.0,939.9568324127756,4380.634156484835
SYNTH-9-43-1-Topic-10-Cell-5,1,9.0,43.0,889.8734502809575,4292.750956420323
SYNTH-9-44-1-Topic-0-Cell-1,1,9.0,44.0,900.0,4450.0
SYNTH-9-44-1-Topic-7-Cell-2,1,9.0,44.0,919.6357488094313,4428.565509833614
SYNTH-9-44-1-Topic-7-Cell-3,1,9.0,44.0,859.0477974329641,4453.594037410554
SYNTH-9-44-1-Topic-7-Cell-4,1,9.0,44.0,939.9568324127756,4480.634156484835
SYNTH-9-44-1-Topic-8-Cell-5,1,9.0,44.0,889.8734502809575,4392.750956420323
SYNTH-9-45-1-Topic-4-Cell-1,1,9.0,45.0,900.0,4550.0
SYNTH-9-45-1-Topic-4-Cell-2,1,9.0,45.0,921.9534345634995,4526.035511462454
SYNTH-9-45-1-Topic-8-Cell-3,1,9.0,45.0,854.2140456158833,4554.018255981839
SYNTH-9-45-1-Topic-8-Cell-4,1,9.0,45.0,944.6730967202666,4584.250028166729
SYNTH-9-46-1-Topic-0-Cell-1,1,9.0,46.0,900.0,4650.0
SYNTH-9-46-1-Topic-0-Cell-2,1,9.0,46.0,917.9249042607179,4630.433077045413
SYNTH-9-46-1-Topic-0-Cell-3,1,9.0,46.0,862.6159247908558,4653.2808922704635
SYNTH-9-46-1-Topic-8-Cell-4,1,9.0,46.0,936.4754307315513,4677.965030894812
SYNTH-9-46-1-Topic-8-Cell-5,1,9.0,46.0,890.755767148638,4597.7390123930245
SYNTH-9-46-1-Topic-8-Cell-6,1,9.0,46.0,868.1523766524972,4700.065579198177
SYNTH-9-47-1-Topic-0-Cell-1,1,9.0,47.0,900.0,4750.0
SYNTH-9-47-1-Topic-8-Cell-2,1,9.0,47.0,919.6357488094313,4728.565509833614
SYNTH-9-47-1-Topic-8-Cell-3,1,9.0,47.0,859.0477974329641,4753.594037410554
SYNTH-9-47-1-Topic-8-Cell-4,1,9.0,47.0,939.9568324127756,4780.634156484835
SYNTH-9-47-1-Topic-8-Cell-5,1,9.0,47.0,889.8734502809575,4692.750956420323
SYNTH-9-48-1-Topic-2-Cell-1,1,9.0,48.0,900.0,4850.0
SYNTH-9-48-1-Topic-8-Cell-2,1,9.0,48.0,917.9249042607179,4830.433077045413
SYNTH-9-48-1-Topic-8-Cell-3,1,9.0,48.0,862.6159247908558,4853.2808922704635
SYNTH-9-48-1-Topic-9-Cell-4,1,9.0,48.0,936.4754307315513,4877.965030894812
SYNTH-9-48-1-Topic-9-Cell-5,1,9.0,48.0,890.755767148638,4797.7390123930245
SYNTH-9-48-1-Topic-9-Cell-6,1,9.0,48.0,868.1523766524972,4900.065579198177
SYNTH-9-49-1-Topic-4-Cell-1,1,9.0,49.0,900.0,4950.0
SYNTH-9-49-1-Topic-4-Cell-2,1,9.0,49.0,919.6357488094313,4928.565509833614
SYNTH-9-49-1-Topic-4-Cell-3,1,9.0,49.0,859.0477974329641,4953.594037410554
SYNTH-9-49-1-Topic-7-Cell-4,1,9.0,49.0,939.9568324127756,4980.634156484835
SYNTH-9-49-1-Topic-8-Cell-5,1,9.0,49.0,889.8734502809575,4892.750956420323
SYNTH-9-50-1-Topic-8-Cell-1,1,9.0,50.0,900.0,5050.0
SYNTH-9-50-1-Topic-8-Cell-2,1,9.0,50.0,921.9534345634995,5026.035511462454
SYNTH-9-50-1-Topic-8-Cell-3,1,9.0,50.0,854.2140456158833,5054.018255981839
SYNTH-9-50-1-Topic-8-Cell-4,1,9.0,50.0,944.6730967202666,5084.250028166729
SYNTH-10-1-1-Topic-0-Cell-1,1,10.0,1.0,1000.0,100.0
SYNTH-10-1-1-Topic-0-Cell-2,1,10.0,1.0,1017.9249042607179,80.4330770454125
SYNTH-10-1-1-Topic-0-Cell-3,1,10.0,1.0,962.6159247908558,103.28089227046327
SYNTH-10-1-1-Topic-0-Cell-4,1,10.0,1.0,1036.4754307315513,127.96503089481223
SYNTH-10-1-1-Topic-0-Cell-5,1,10.0,1.0,990.755767148638,47.73901239302431
SYNTH-10-1-1-Topic-0-Cell-6,1,10.0,1.0,968.1523766524972,150.06557919817692
SYNTH-10-2-1-Topic-0-Cell-1,1,10.0,2.0,1000.0,200.0
SYNTH-10-2-1-Topic-0-Cell-2,1,10.0,2.0,1017.9249042607179,180.43307704541252
SYNTH-10-2-1-Topic-8-Cell-3,1,10.0,2.0,962.6159247908558,203.28089227046326
SYNTH-10-2-1-Topic-8-Cell-4,1,10.0,2.0,1036.4754307315513,227.96503089481223
SYNTH-10-2-1-Topic-8-Cell-5,1,10.0,2.0,990.755767148638,147.73901239302432
SYNTH-10-2-1-Topic-8-Cell-6,1,10.0,2.0,968.1523766524972,250.06557919817692
SYNTH-10-3-1-Topic-0-Cell-1,1,10.0,3.0,1000.0,300.0
SYNTH-10-3-1-Topic-8-Cell-2,1,10.0,3.0,1021.9534345634995,276.0355114624546
SYNTH-10-3-1-Topic-8-Cell-3,1,10.0,3.0,954.2140456158833,304.0182559818382
SYNTH-10-3-1-Topic-10-Cell-4,1,10.0,3.0,1044.6730967202666,334.2500281667286
SYNTH-10-4-1-Topic-0-Cell-1,1,10.0,4.0,1000.0,400.0
SYNTH-10-4-1-Topic-0-Cell-2,1,10.0,4.0,1017.9249042607179,380.4330770454125
SYNTH-10-4-1-Topic-0-Cell-3,1,10.0,4.0,962.6159247908558,403.28089227046326
SYNTH-10-4-1-Topic-7-Cell-4,1,10.0,4.0,1036.4754307315513,427.96503089481223
SYNTH-10-4-1-Topic-8-Cell-5,1,10.0,4.0,990.755767148638,347.7390123930243
SYNTH-10-4-1-Topic-8-Cell-6,1,10.0,4.0,968.1523766524972,450.0655791981769
SYNTH-10-5-1-Topic-0-Cell-1,1,10.0,5.0,1000.0,500.0
SYNTH-10-5-1-Topic-8-Cell-2,1,10.0,5.0,1021.9534345634995,476.0355114624546
SYNTH-10-5-1-Topic-8-Cell-3,1,10.0,5.0,954.2140456158833,504.0182559818382
SYNTH-10-5-1-Topic-8-Cell-4,1,10.0,5.0,1044.6730967202666,534.2500281667286
SYNTH-10-6-1-Topic-0-Cell-1,1,10.0,6.0,1000.0,600.0
SYNTH-10-6-1-Topic-0-Cell-2,1,10.0,6.0,1019.6357488094313,578.5655098336136
SYNTH-10-6-1-Topic-7-Cell-3,1,10.0,6.0,959.0477974329641,603.5940374105542
SYNTH-10-6-1-Topic-7-Cell-4,1,10.0,6.0,1039.9568324127756,630.6341564848351
SYNTH-10-6-1-Topic-8-Cell-5,1,10.0,6.0,989.8734502809575,542.750956420323
SYNTH-10-7-1-Topic-0-Cell-1,1,10.0,7.0,1000.0,700.0
SYNTH-10-7-1-Topic-0-Cell-2,1,10.0,7.0,1019.6357488094313,678.5655098336136
SYNTH-10-7-1-Topic-8-Cell-3,1,10.0,7.0,959.0477974329641,703.5940374105542
SYNTH-10-7-1-Topic-8-Cell-4,1,10.0,7.0,1039.9568324127756,730.6341564848351
SYNTH-10-7-1-Topic-8-Cell-5,1,10.0,7.0,989.8734502809575,642.750956420323
SYNTH-10-8-1-Topic-7-Cell-1,1,10.0,8.0,1000.0,800.0
SYNTH-10-8-1-Topic-7-Cell-2,1,10.0,8.0,1025.3496427097466,772.328192183713
SYNTH-10-8-1-Topic-7-Cell-3,1,10.0,8.0,947.1309338224526,804.6398823455742
SYNTH-10-9-1-Topic-0-Cell-1,1,10.0,9.0,1000.0,900.0
SYNTH-10-9-1-Topic-8-Cell-2,1,10.0,9.0,1019.6357488094313,878.5655098336136
SYNTH-10-9-1-Topic-8-Cell-3,1,10.0,9.0,959.0477974329641,903.5940374105542
SYNTH-10-9-1-Topic-8-Cell-4,1,10.0,9.0,1039.9568324127756,930.6341564848351
SYNTH-10-9-1-Topic-8-Cell-5,1,10.0,9.0,989.8734502809575,842.750956420323
SYNTH-10-10-1-Topic-0-Cell-1,1,10.0,10.0,1000.0,1000.0
SYNTH-10-10-1-Topic-0-Cell-2,1,10.0,10.0,1019.6357488094313,978.5655098336136
SYNTH-10-10-1-Topic-0-Cell-3,1,10.0,10.0,959.0477974329641,1003.5940374105542
SYNTH-10-10-1-Topic-4-Cell-4,1,10.0,10.0,1039.9568324127756,1030.634156484835
SYNTH-10-10-1-Topic-8-Cell-5,1,10.0,10.0,989.8734502809575,942.750956420323
SYNTH-10-11-1-Topic-4-Cell-1,1,10.0,11.0,1000.0,1100.0
SYNTH-10-11-1-Topic-4-Cell-2,1,10.0,11.0,1019.6357488094313,1078.5655098336135
SYNTH-10-11-1-Topic-4-Cell-3,1,10.0,11.0,959.0477974329641,1103.5940374105542
SYNTH-10-11-1-Topic-4-Cell-4,1,10.0,11.0,1039.9568324127756,1130.634156484835
SYNTH-10-11-1-Topic-7-Cell-5,1,10.0,11.0,989.8734502809575,1042.750956420323
SYNTH-10-12-1-Topic-8-Cell-1,1,10.0,12.0,1000.0,1200.0
SYNTH-10-12-1-Topic-8-Cell-2,1,10.0,12.0,1019.6357488094313,1178.5655098336135
SYNTH-10-12-1-Topic-8-Cell-3,1,10.0,12.0,959.0477974329641,1203.5940374105542
SYNTH-10-12-1-Topic-8-Cell-4,1,10.0,12.0,1039.9568324127756,1230.634156484835
SYNTH-10-12-1-Topic-8-Cell-5,1,10.0,12.0,989.8734502809575,1142.750956420323
SYNTH-10-13-1-Topic-0-Cell-1,1,10.0,13.0,1000.0,1300.0
SYNTH-10-13-1-Topic-0-Cell-2,1,10.0,13.0,1017.9249042607179,1280.4330770454126
SYNTH-10-13-1-Topic-0-Cell-3,1,10.0,13.0,962.6159247908558,1303.2808922704633
SYNTH-10-13-1-Topic-0-Cell-4,1,10.0,13.0,1036.4754307315513,1327.9650308948123
SYNTH-10-13-1-Topic-0-Cell-5,1,10.0,13.0,990.755767148638,1247.7390123930243
SYNTH-10-13-1-Topic-8-Cell-6,1,10.0,13.0,968.1523766524972,1350.065579198177
SYNTH-10-14-1-Topic-0-Cell-1,1,10.0,14.0,1000.0,1400.0
SYNTH-10-14-1-Topic-0-Cell-2,1,10.0,14.0,1019.6357488094313,1378.5655098336135
SYNTH-10-14-1-Topic-8-Cell-3,1,10.0,14.0,959.0477974329641,1403.5940374105542
SYNTH-10-14-1-Topic-8-Cell-4,1,10.0,14.0,1039.9568324127756,1430.634156484835
SYNTH-10-14-1-Topic-8-Cell-5,1,10.0,14.0,989.8734502809575,1342.750956420323
SYNTH-10-15-1-Topic-4-Cell-1,1,10.0,15.0,1000.0,1500.0
SYNTH-10-15-1-Topic-4-Cell-2,1,10.0,15.0,1021.9534345634995,1476.0355114624547
SYNTH-10-15-1-Topic-4-Cell-3,1,10.0,15.0,954.2140456158833,1504.0182559818381
SYNTH-10-15-1-Topic-4-Cell-4,1,10.0,15.0,1044.6730967202666,1534.2500281667287
SYNTH-10-16-1-Topic-8-Cell-1,1,10.0,16.0,1000.0,1600.0
SYNTH-10-16-1-Topic-8-Cell-2,1,10.0,16.0,1021.9534345634995,1576.0355114624547
SYNTH-10-16-1-Topic-8-Cell-3,1,10.0,16.0,954.2140456158833,1604.0182559818381
SYNTH-10-16-1-Topic-8-Cell-4,1,10.0,16.0,1044.6730967202666,1634.2500281667287
SYNTH-10-17-1-Topic-4-Cell-1,1,10.0,17.0,1000.0,1700.0
SYNTH-10-17-1-Topic-4-Cell-2,1,10.0,17.0,1021.9534345634995,1676.0355114624547
SYNTH-10-17-1-Topic-4-Cell-3,1,10.0,17.0,954.2140456158833,1704.0182559818381
SYNTH-10-17-1-Topic-4-Cell-4,1,10.0,17.0,1044.6730967202666,1734.2500281667287
SYNTH-10-18-1-Topic-8-Cell-1,1,10.0,18.0,1000.0,1800.0
SYNTH-10-18-1-Topic-8-Cell-2,1,10.0,18.0,1019.6357488094313,1778.5655098336135
SYNTH-10-18-1-Topic-8-Cell-3,1,10.0,18.0,959.0477974329641,1803.5940374105542
SYNTH-10-18-1-Topic-8-Cell-4,1,10.0,18.0,1039.9568324127756,1830.634156484835
SYNTH-10-18-1-Topic-8-Cell-5,1,10.0,18.0,989.8734502809575,1742.750956420323
SYNTH-10-19-1-Topic-0-Cell-1,1,10.0,19.0,1000.0,1900.0
SYNTH-10-19-1-Topic-8-Cell-2,1,10.0,19.0,1019.6357488094313,1878.5655098336135
SYNTH-10-19-1-Topic-8-Cell-3,1,10.0,19.0,959.0477974329641,1903.5940374105542
SYNTH-10-19-1-Topic-8-Cell-4,1,10.0,19.0,1039.9568324127756,1930.634156484835
SYNTH-10-19-1-Topic-8-Cell-5,1,10.0,19.0,989.8734502809575,1842.750956420323
SYNTH-10-20-1-Topic-0-Cell-1,1,10.0,20.0,1000.0,2000.0
SYNTH-10-20-1-Topic-0-Cell-2,1,10.0,20.0,1019.6357488094313,1978.5655098336135
SYNTH-10-20-1-Topic-4-Cell-3,1,10.0,20.0,959.0477974329641,2003.5940374105542
SYNTH-10-20-1-Topic-7-Cell-4,1,10.0,20.0,1039.9568324127756,2030.634156484835
SYNTH-10-20-1-Topic-8-Cell-5,1,10.0,20.0,989.8734502809575,1942.750956420323
SYNTH-10-21-1-Topic-0-Cell-1,1,10.0,21.0,1000.0,2100.0
SYNTH-10-21-1-Topic-7-Cell-2,1,10.0,21.0,1019.6357488094313,2078.5655098336138
SYNTH-10-21-1-Topic-7-Cell-3,1,10.0,21.0,959.0477974329641,2103.594037410554
SYNTH-10-21-1-Topic-8-Cell-4,1,10.0,21.0,1039.9568324127756,2130.634156484835
SYNTH-10-21-1-Topic-8-Cell-5,1,10.0,21.0,989.8734502809575,2042.750956420323
SYNTH-10-22-1-Topic-0-Cell-1,1,10.0,22.0,1000.0,2200.0
SYNTH-10-22-1-Topic-0-Cell-2,1,10.0,22.0,1019.6357488094313,2178.5655098336138
SYNTH-10-22-1-Topic-4-Cell-3,1,10.0,22.0,959.0477974329641,2203.594037410554
SYNTH-10-22-1-Topic-4-Cell-4,1,10.0,22.0,1039.9568324127756,2230.634156484835
SYNTH-10-22-1-Topic-4-Cell-5,1,10.0,22.0,989.8734502809575,2142.750956420323
SYNTH-10-23-1-Topic-0-Cell-1,1,10.0,23.0,1000.0,2300.0
SYNTH-10-23-1-Topic-0-Cell-2,1,10.0,23.0,1019.6357488094313,2278.5655098336138
SYNTH-10-23-1-Topic-7-Cell-3,1,10.0,23.0,959.0477974329641,2303.594037410554
SYNTH-10-23-1-Topic-7-Cell-4,1,10.0,23.0,1039.9568324127756,2330.634156484835
SYNTH-10-23-1-Topic-7-Cell-5,1,10.0,23.0,989.8734502809575,2242.750956420323
SYNTH-10-24-1-Topic-0-Cell-1,1,10.0,24.0,1000.0,2400.0
SYNTH-10-24-1-Topic-2-Cell-2,1,10.0,24.0,1017.9249042607179,2380.4330770454126
SYNTH-10-24-1-Topic-7-Cell-3,1,10.0,24.0,962.6159247908558,2403.2808922704635
SYNTH-10-24-1-Topic-7-Cell-4,1,10.0,24.0,1036.4754307315513,2427.965030894812
SYNTH-10-24-1-Topic-9-Cell-5,1,10.0,24.0,990.755767148638,2347.7390123930245
SYNTH-10-24-1-Topic-9-Cell-6,1,10.0,24.0,968.1523766524972,2450.065579198177
SYNTH-10-25-1-Topic-0-Cell-1,1,10.0,25.0,1000.0,2500.0
SYNTH-10-25-1-Topic-0-Cell-2,1,10.0,25.0,1017.9249042607179,2480.4330770454126
SYNTH-10-25-1-Topic-0-Cell-3,1,10.0,25.0,962.6159247908558,2503.2808922704635
SYNTH-10-25-1-Topic-0-Cell-4,1,10.0,25.0,1036.4754307315513,2527.965030894812
SYNTH-10-25-1-Topic-0-Cell-5,1,10.0,25.0,990.755767148638,2447.7390123930245
SYNTH-10-25-1-Topic-8-Cell-6,1,10.0,25.0,968.1523766524972,2550.065579198177
SYNTH-10-26-1-Topic-7-Cell-1,1,10.0,26.0,1000.0,2600.0
SYNTH-10-26-1-Topic-7-Cell-2,1,10.0,26.0,1025.3496427097466,2572.328192183713
SYNTH-10-26-1-Topic-7-Cell-3,1,10.0,26.0,947.1309338224526,2604.6398823455743
SYNTH-10-27-1-Topic-8-Cell-1,1,10.0,27.0,1000.0,2700.0
SYNTH-10-27-1-Topic-8-Cell-2,1,10.0,27.0,1019.6357488094313,2678.5655098336138
SYNTH-10-27-1-Topic-8-Cell-3,1,10.0,27.0,959.0477974329641,2703.594037410554
SYNTH-10-27-1-Topic-8-Cell-4,1,10.0,27.0,1039.9568324127756,2730.634156484835
SYNTH-10-27-1-Topic-8-Cell-5,1,10.0,27.0,989.8734502809575,2642.750956420323
SYNTH-10-28-1-Topic-4-Cell-1,1,10.0,28.0,1000.0,2800.0
SYNTH-10-28-1-Topic-4-Cell-2,1,10.0,28.0,1021.9534345634995,2776.0355114624545
SYNTH-10-28-1-Topic-4-Cell-3,1,10.0,28.0,954.2140456158833,2804.018255981838
SYNTH-10-28-1-Topic-7-Cell-4,1,10.0,28.0,1044.6730967202666,2834.2500281667285
SYNTH-10-29-1-Topic-0-Cell-1,1,10.0,29.0,1000.0,2900.0
SYNTH-10-29-1-Topic-0-Cell-2,1,10.0,29.0,1021.9534345634995,2876.0355114624545
SYNTH-10-29-1-Topic-8-Cell-3,1,10.0,29.0,954.2140456158833,2904.018255981838
SYNTH-10-29-1-Topic-8-Cell-4,1,10.0,29.0,1044.6730967202666,2934.2500281667285
SYNTH-10-30-1-Topic-0-Cell-1,1,10.0,30.0,1000.0,3000.0
SYNTH-10-30-1-Topic-2-Cell-2,1,10.0,30.0,1017.9249042607179,2980.4330770454126
SYNTH-10-30-1-Topic-7-Cell-3,1,10.0,30.0,962.6159247908558,3003.2808922704635
SYNTH-10-30-1-Topic-7-Cell-4,1,10.0,30.0,1036.4754307315513,3027.965030894812
SYNTH-10-30-1-Topic-8-Cell-5,1,10.0,30.0,990.755767148638,2947.7390123930245
SYNTH-10-30-1-Topic-8-Cell-6,1,10.0,30.0,968.1523766524972,3050.065579198177
SYNTH-10-31-1-Topic-7-Cell-1,1,10.0,31.0,1000.0,3100.0
SYNTH-10-31-1-Topic-7-Cell-2,1,10.0,31.0,1019.6357488094313,3078.5655098336138
SYNTH-10-31-1-Topic-8-Cell-3,1,10.0,31.0,959.0477974329641,3103.594037410554
SYNTH-10-31-1-Topic-8-Cell-4,1,10.0,31.0,1039.9568324127756,3130.634156484835
SYNTH-10-31-1-Topic-8-Cell-5,1,10.0,31.0,989.8734502809575,3042.750956420323
SYNTH-10-32-1-Topic-7-Cell-1,1,10.0,32.0,1000.0,3200.0
SYNTH-10-32-1-Topic-7-Cell-2,1,10.0,32.0,1019.6357488094313,3178.5655098336138
SYNTH-10-32-1-Topic-8-Cell-3,1,10.0,32.0,959.0477974329641,3203.594037410554
SYNTH-10-32-1-Topic-8-Cell-4,1,10.0,32.0,1039.9568324127756,3230.634156484835
SYNTH-10-32-1-Topic-8-Cell-5,1,10.0,32.0,989.8734502809575,3142.750956420323
SYNTH-10-33-1-Topic-0-Cell-1,1,10.0,33.0,1000.0,3300.0
SYNTH-10-33-1-Topic-7-Cell-2,1,10.0,33.0,1019.6357488094313,3278.5655098336138
SYNTH-10-33-1-Topic-9-Cell-3,1,10.0,33.0,959.0477974329641,3303.594037410554
SYNTH-10-33-1-Topic-9-Cell-4,1,10.0,33.0,1039.9568324127756,3330.634156484835
SYNTH-10-33-1-Topic-9-Cell-5,1,10.0,33.0,989.8734502809575,3242.750956420323
SYNTH-10-34-1-Topic-0-Cell-1,1,10.0,34.0,1000.0,3400.0
SYNTH-10-34-1-Topic-0-Cell-2,1,10.0,34.0,1019.6357488094313,3378.5655098336138
SYNTH-10-34-1-Topic-0-Cell-3,1,10.0,34.0,959.0477974329641,3403.594037410554
SYNTH-10-34-1-Topic-4-Cell-4,1,10.0,34.0,1039.9568324127756,3430.634156484835
SYNTH-10-34-1-Topic-8-Cell-5,1,10.0,34.0,989.8734502809575,3342.750956420323
SYNTH-10-35-1-Topic-0-Cell-1,1,10.0,35.0,1000.0,3500.0
SYNTH-10-35-1-Topic-0-Cell-2,1,10.0,35.0,1017.9249042607179,3480.4330770454126
SYNTH-10-35-1-Topic-0-Cell-3,1,10.0,35.0,962.6159247908558,3503.2808922704635
SYNTH-10-35-1-Topic-0-Cell-4,1,10.0,35.0,1036.4754307315513,3527.965030894812
SYNTH-10-35-1-Topic-4-Cell-5,1,10.0,35.0,990.755767148638,3447.7390123930245
SYNTH-10-35-1-Topic-7-Cell-6,1,10.0,35.0,968.1523766524972,3550.065579198177
SYNTH-10-36-1-Topic-8-Cell-1,1,10.0,36.0,1000.0,3600.0
SYNTH-10-36-1-Topic-8-Cell-2,1,10.0,36.0,1019.6357488094313,3578.5655098336138
SYNTH-10-36-1-Topic-8-Cell-3,1,10.0,36.0,959.0477974329641,3603.594037410554
SYNTH-10-36-1-Topic-8-Cell-4,1,10.0,36.0,1039.9568324127756,3630.634156484835
SYNTH-10-36-1-Topic-9-Cell-5,1,10.0,36.0,989.8734502809575,3542.750956420323
SYNTH-10-37-1-Topic-0-Cell-1,1,10.0,37.0,1000.0,3700.0
SYNTH-10-37-1-Topic-0-Cell-2,1,10.0,37.0,1019.6357488094313,3678.5655098336138
SYNTH-10-37-1-Topic-8-Cell-3,1,10.0,37.0,959.0477974329641,3703.594037410554
SYNTH-10-37-1-Topic-8-Cell-4,1,10.0,37.0,1039.9568324127756,3730.634156484835
SYNTH-10-37-1-Topic-8-Cell-5,1,10.0,37.0,989.8734502809575,3642.750956420323
SYNTH-10-38-1-Topic-0-Cell-1,1,10.0,38.0,1000.0,3800.0
SYNTH-10-38-1-Topic-0-Cell-2,1,10.0,38.0,1021.9534345634995,3776.0355114624545
SYNTH-10-38-1-Topic-8-Cell-3,1,10.0,38.0,954.2140456158833,3804.018255981838
SYNTH-10-38-1-Topic-8-Cell-4,1,10.0,38.0,1044.6730967202666,3834.2500281667285
SYNTH-10-39-1-Topic-0-Cell-1,1,10.0,39.0,1000.0,3900.0
SYNTH-10-39-1-Topic-0-Cell-2,1,10.0,39.0,1017.9249042607179,3880.4330770454126
SYNTH-10-39-1-Topic-0-Cell-3,1,10.0,39.0,962.6159247908558,3903.2808922704635
SYNTH-10-39-1-Topic-0-Cell-4,1,10.0,39.0,1036.4754307315513,3927.965030894812
SYNTH-10-39-1-Topic-0-Cell-5,1,10.0,39.0,990.755767148638,3847.7390123930245
SYNTH-10-39-1-Topic-0-Cell-6,1,10.0,39.0,968.1523766524972,3950.065579198177
SYNTH-10-40-1-Topic-0-Cell-1,1,10.0,40.0,1000.0,4000.0
SYNTH-10-40-1-Topic-0-Cell-2,1,10.0,40.0,1017.9249042607179,3980.4330770454126
SYNTH-10-40-1-Topic-0-Cell-3,1,10.0,40.0,962.6159247908558,4003.2808922704635
SYNTH-10-40-1-Topic-0-Cell-4,1,10.0,40.0,1036.4754307315513,4027.965030894812
SYNTH-10-40-1-Topic-0-Cell-5,1,10.0,40.0,990.755767148638,3947.7390123930245
SYNTH-10-40-1-Topic-8-Cell-6,1,10.0,40.0,968.1523766524972,4050.065579198177
SYNTH-10-41-1-Topic-0-Cell-1,1,10.0,41.0,1000.0,4100.0
SYNTH-10-41-1-Topic-0-Cell-2,1,10.0,41.0,1019.6357488094313,4078.5655098336138
SYNTH-10-41-1-Topic-8-Cell-3,1,10.0,41.0,959.0477974329641,4103.594037410554
SYNTH-10-41-1-Topic-8-Cell-4,1,10.0,41.0,1039.9568324127756,4130.634156484835
SYNTH-10-41-1-Topic-8-Cell-5,1,10.0,41.0,989.8734502809575,4042.750956420323
SYNTH-10-42-1-Topic-0-Cell-1,1,10.0,42.0,1000.0,4200.0
SYNTH-10-42-1-Topic-0-Cell-2,1,10.0,42.0,1019.6357488094313,4178.565509833614
SYNTH-10-42-1-Topic-8-Cell-3,1,10.0,42.0,959.0477974329641,4203.594037410554
SYNTH-10-42-1-Topic-8-Cell-4,1,10.0,42.0,1039.9568324127756,4230.634156484835
SYNTH-10-42-1-Topic-8-Cell-5,1,10.0,42.0,989.8734502809575,4142.750956420323
SYNTH-10-43-1-Topic-0-Cell-1,1,10.0,43.0,1000.0,4300.0
SYNTH-10-43-1-Topic-0-Cell-2,1,10.0,43.0,1019.6357488094313,4278.565509833614
SYNTH-10-43-1-Topic-7-Cell-3,1,10.0,43.0,959.0477974329641,4303.594037410554
SYNTH-10-43-1-Topic-8-Cell-4,1,10.0,43.0,1039.9568324127756,4330.634156484835
SYNTH-10-43-1-Topic-8-Cell-5,1,10.0,43.0,989.8734502809575,4242.750956420323
SYNTH-10-44-1-Topic-0-Cell-1,1,10.0,44.0,1000.0,4400.0
SYNTH-10-44-1-Topic-0-Cell-2,1,10.0,44.0,1019.6357488094313,4378.565509833614
SYNTH-10-44-1-Topic-8-Cell-3,1,10.0,44.0,959.0477974329641,4403.594037410554
SYNTH-10-44-1-Topic-8-Cell-4,1,10.0,44.0,1039.9568324127756,4430.634156484835
SYNTH-10-44-1-Topic-8-Cell-5,1,10.0,44.0,989.8734502809575,4342.750956420323
SYNTH-10-45-1-Topic-7-Cell-1,1,10.0,45.0,1000.0,4500.0
SYNTH-10-45-1-Topic-7-Cell-2,1,10.0,45.0,1021.9534345634995,4476.035511462454
SYNTH-10-45-1-Topic-8-Cell-3,1,10.0,45.0,954.2140456158833,4504.018255981839
SYNTH-10-45-1-Topic-8-Cell-4,1,10.0,45.0,1044.6730967202666,4534.250028166729
SYNTH-10-46-1-Topic-7-Cell-1,1,10.0,46.0,1000.0,4600.0
SYNTH-10-46-1-Topic-7-Cell-2,1,10.0,46.0,1019.6357488094313,4578.565509833614
SYNTH-10-46-1-Topic-8-Cell-3,1,10.0,46.0,959.0477974329641,4603.594037410554
SYNTH-10-46-1-Topic-8-Cell-4,1,10.0,46.0,1039.9568324127756,4630.634156484835
SYNTH-10-46-1-Topic-8-Cell-5,1,10.0,46.0,989.8734502809575,4542.750956420323
SYNTH-10-47-1-Topic-8-Cell-1,1,10.0,47.0,1000.0,4700.0
SYNTH-10-47-1-Topic-8-Cell-2,1,10.0,47.0,1025.3496427097466,4672.328192183713
SYNTH-10-47-1-Topic-8-Cell-3,1,10.0,47.0,947.1309338224526,4704.639882345574
SYNTH-10-48-1-Topic-0-Cell-1,1,10.0,48.0,1000.0,4800.0
SYNTH-10-48-1-Topic-8-Cell-2,1,10.0,48.0,1019.6357488094313,4778.565509833614
SYNTH-10-48-1-Topic-8-Cell-3,1,10.0,48.0,959.0477974329641,4803.594037410554
SYNTH-10-48-1-Topic-8-Cell-4,1,10.0,48.0,1039.9568324127756,4830.634156484835
SYNTH-10-48-1-Topic-8-Cell-5,1,10.0,48.0,989.8734502809575,4742.750956420323
SYNTH-10-49-1-Topic-7-Cell-1,1,10.0,49.0,1000.0,4900.0
SYNTH-10-49-1-Topic-8-Cell-2,1,10.0,49.0,1019.6357488094313,4878.565509833614
SYNTH-10-49-1-Topic-8-Cell-3,1,10.0,49.0,959.0477974329641,4903.594037410554
SYNTH-10-49-1-Topic-8-Cell-4,1,10.0,49.0,1039.9568324127756,4930.634156484835
SYNTH-10-49-1-Topic-8-Cell-5,1,10.0,49.0,989.8734502809575,4842.750956420323
SYNTH-10-50-1-Topic-0-Cell-1,1,10.0,50.0,1000.0,5000.0
SYNTH-10-50-1-Topic-4-Cell-2,1,10.0,50.0,1017.9249042607179,4980.433077045413
SYNTH-10-50-1-Topic-4-Cell-3,1,10.0,50.0,962.6159247908558,5003.2808922704635
SYNTH-10-50-1-Topic-4-Cell-4,1,10.0,50.0,1036.4754307315513,5027.965030894812
SYNTH-10-50-1-Topic-4-Cell-5,1,10.0,50.0,990.755767148638,4947.7390123930245
SYNTH-10-50-1-Topic-4-Cell-6,1,10.0,50.0,968.1523766524972,5050.065579198177
SYNTH-11-1-1-Topic-0-Cell-1,1,11.0,1.0,1100.0,150.0
SYNTH-11-1-1-Topic-0-Cell-2,1,11.0,1.0,1117.924904260718,130.43307704541252
SYNTH-11-1-1-Topic-0-Cell-3,1,11.0,1.0,1062.6159247908558,153.28089227046326
SYNTH-11-1-1-Topic-0-Cell-4,1,11.0,1.0,1136.4754307315513,177.96503089481223
SYNTH-11-1-1-Topic-8-Cell-5,1,11.0,1.0,1090.755767148638,97.73901239302431
SYNTH-11-1-1-Topic-8-Cell-6,1,11.0,1.0,1068.1523766524972,200.06557919817692
SYNTH-11-2-1-Topic-7-Cell-1,1,11.0,2.0,1100.0,250.0
SYNTH-11-2-1-Topic-7-Cell-2,1,11.0,2.0,1121.9534345634995,226.03551146245462
SYNTH-11-2-1-Topic-8-Cell-3,1,11.0,2.0,1054.2140456158832,254.0182559818382
SYNTH-11-2-1-Topic-8-Cell-4,1,11.0,2.0,1144.6730967202666,284.2500281667286
SYNTH-11-3-1-Topic-0-Cell-1,1,11.0,3.0,1100.0,350.0
SYNTH-11-3-1-Topic-0-Cell-2,1,11.0,3.0,1119.6357488094313,328.5655098336136
SYNTH-11-3-1-Topic-7-Cell-3,1,11.0,3.0,1059.0477974329642,353.59403741055417
SYNTH-11-3-1-Topic-8-Cell-4,1,11.0,3.0,1139.9568324127756,380.6341564848351
SYNTH-11-3-1-Topic-8-Cell-5,1,11.0,3.0,1089.8734502809575,292.75095642032295
SYNTH-11-4-1-Topic-9-Cell-1,1,11.0,4.0,1100.0,450.0
SYNTH-11-4-1-Topic-9-Cell-2,1,11.0,4.0,1119.6357488094313,428.5655098336136
SYNTH-11-4-1-Topic-9-Cell-3,1,11.0,4.0,1059.0477974329642,453.59403741055417
SYNTH-11-4-1-Topic-9-Cell-4,1,11.0,4.0,1139.9568324127756,480.6341564848351
SYNTH-11-4-1-Topic-9-Cell-5,1,11.0,4.0,1089.8734502809575,392.75095642032295
SYNTH-11-5-1-Topic-0-Cell-1,1,11.0,5.0,1100.0,550.0
SYNTH-11-5-1-Topic-0-Cell-2,1,11.0,5.0,1121.9534345634995,526.0355114624546
SYNTH-11-5-1-Topic-7-Cell-3,1,11.0,5.0,1054.2140456158832,554.0182559818381
SYNTH-11-5-1-Topic-8-Cell-4,1,11.0,5.0,1144.6730967202666,584.2500281667286
SYNTH-11-6-1-Topic-0-Cell-1,1,11.0,6.0,1100.0,650.0
SYNTH-11-6-1-Topic-0-Cell-2,1,11.0,6.0,1119.6357488094313,628.5655098336136
SYNTH-11-6-1-Topic-7-Cell-3,1,11.0,6.0,1059.0477974329642,653.5940374105542
SYNTH-11-6-1-Topic-10-Cell-4,1,11.0,6.0,1139.9568324127756,680.6341564848351
SYNTH-11-6-1-Topic-10-Cell-5,1,11.0,6.0,1089.8734502809575,592.750956420323
SYNTH-11-7-1-Topic-0-Cell-1,1,11.0,7.0,1100.0,750.0
SYNTH-11-7-1-Topic-0-Cell-2,1,11.0,7.0,1117.924904260718,730.4330770454125
SYNTH-11-7-1-Topic-0-Cell-3,1,11.0,7.0,1062.6159247908558,753.2808922704633
SYNTH-11-7-1-Topic-0-Cell-4,1,11.0,7.0,1136.4754307315513,777.9650308948122
SYNTH-11-7-1-Topic-0-Cell-5,1,11.0,7.0,1090.755767148638,697.7390123930243
SYNTH-11-7-1-Topic-10-Cell-6,1,11.0,7.0,1068.1523766524972,800.0655791981769
SYNTH-11-8-1-Topic-0-Cell-1,1,11.0,8.0,1100.0,850.0
SYNTH-11-8-1-Topic-0-Cell-2,1,11.0,8.0,1121.9534345634995,826.0355114624546
SYNTH-11-8-1-Topic-9-Cell-3,1,11.0,8.0,1054.2140456158832,854.0182559818381
SYNTH-11-8-1-Topic-10-Cell-4,1,11.0,8.0,1144.6730967202666,884.2500281667286
SYNTH-11-9-1-Topic-8-Cell-1,1,11.0,9.0,1100.0,950.0
SYNTH-11-9-1-Topic-8-Cell-2,1,11.0,9.0,1119.6357488094313,928.5655098336136
SYNTH-11-9-1-Topic-8-Cell-3,1,11.0,9.0,1059.0477974329642,953.5940374105542
SYNTH-11-9-1-Topic-8-Cell-4,1,11.0,9.0,1139.9568324127756,980.6341564848351
SYNTH-11-9-1-Topic-8-Cell-5,1,11.0,9.0,1089.8734502809575,892.750956420323
SYNTH-11-10-1-Topic-7-Cell-1,1,11.0,10.0,1100.0,1050.0
SYNTH-11-10-1-Topic-8-Cell-2,1,11.0,10.0,1117.924904260718,1030.4330770454126
SYNTH-11-10-1-Topic-8-Cell-3,1,11.0,10.0,1062.6159247908558,1053.2808922704633
SYNTH-11-10-1-Topic-8-Cell-4,1,11.0,10.0,1136.4754307315513,1077.9650308948123
SYNTH-11-10-1-Topic-8-Cell-5,1,11.0,10.0,1090.755767148638,997.7390123930243
SYNTH-11-10-1-Topic-8-Cell-6,1,11.0,10.0,1068.1523766524972,1100.065579198177
SYNTH-11-11-1-Topic-8-Cell-1,1,11.0,11.0,1100.0,1150.0
SYNTH-11-11-1-Topic-8-Cell-2,1,11.0,11.0,1119.6357488094313,1128.5655098336135
SYNTH-11-11-1-Topic-8-Cell-3,1,11.0,11.0,1059.0477974329642,1153.5940374105542
SYNTH-11-11-1-Topic-8-Cell-4,1,11.0,11.0,1139.9568324127756,1180.634156484835
SYNTH-11-11-1-Topic-8-Cell-5,1,11.0,11.0,1089.8734502809575,1092.750956420323
SYNTH-11-12-1-Topic-7-Cell-1,1,11.0,12.0,1100.0,1250.0
SYNTH-11-12-1-Topic-7-Cell-2,1,11.0,12.0,1117.924904260718,1230.4330770454126
SYNTH-11-12-1-Topic-8-Cell-3,1,11.0,12.0,1062.6159247908558,1253.2808922704633
SYNTH-11-12-1-Topic-9-Cell-4,1,11.0,12.0,1136.4754307315513,1277.9650308948123
SYNTH-11-12-1-Topic-9-Cell-5,1,11.0,12.0,1090.755767148638,1197.7390123930243
SYNTH-11-12-1-Topic-9-Cell-6,1,11.0,12.0,1068.1523766524972,1300.065579198177
SYNTH-11-13-1-Topic-8-Cell-1,1,11.0,13.0,1100.0,1350.0
SYNTH-11-13-1-Topic-8-Cell-2,1,11.0,13.0,1119.6357488094313,1328.5655098336135
SYNTH-11-13-1-Topic-8-Cell-3,1,11.0,13.0,1059.0477974329642,1353.5940374105542
SYNTH-11-13-1-Topic-8-Cell-4,1,11.0,13.0,1139.9568324127756,1380.634156484835
SYNTH-11-13-1-Topic-9-Cell-5,1,11.0,13.0,1089.8734502809575,1292.750956420323
SYNTH-11-14-1-Topic-0-Cell-1,1,11.0,14.0,1100.0,1450.0
SYNTH-11-14-1-Topic-8-Cell-2,1,11.0,14.0,1125.3496427097466,1422.3281921837129
SYNTH-11-14-1-Topic-8-Cell-3,1,11.0,14.0,1047.1309338224526,1454.6398823455743
SYNTH-11-15-1-Topic-8-Cell-1,1,11.0,15.0,1100.0,1550.0
SYNTH-11-15-1-Topic-8-Cell-2,1,11.0,15.0,1119.6357488094313,1528.5655098336135
SYNTH-11-15-1-Topic-8-Cell-3,1,11.0,15.0,1059.0477974329642,1553.5940374105542
SYNTH-11-15-1-Topic-8-Cell-4,1,11.0,15.0,1139.9568324127756,1580.634156484835
SYNTH-11-15-1-Topic-8-Cell-5,1,11.0,15.0,1089.8734502809575,1492.750956420323
SYNTH-11-16-1-Topic-0-Cell-1,1,11.0,16.0,1100.0,1650.0
SYNTH-11-16-1-Topic-0-Cell-2,1,11.0,16.0,1117.924904260718,1630.4330770454126
SYNTH-11-16-1-Topic-0-Cell-3,1,11.0,16.0,1062.6159247908558,1653.2808922704633
SYNTH-11-16-1-Topic-0-Cell-4,1,11.0,16.0,1136.4754307315513,1677.9650308948123
SYNTH-11-16-1-Topic-0-Cell-5,1,11.0,16.0,1090.755767148638,1597.7390123930243
SYNTH-11-16-1-Topic-0-Cell-6,1,11.0,16.0,1068.1523766524972,1700.065579198177
SYNTH-11-17-1-Topic-8-Cell-1,1,11.0,17.0,1100.0,1750.0
SYNTH-11-17-1-Topic-8-Cell-2,1,11.0,17.0,1119.6357488094313,1728.5655098336135
SYNTH-11-17-1-Topic-8-Cell-3,1,11.0,17.0,1059.0477974329642,1753.5940374105542
SYNTH-11-17-1-Topic-8-Cell-4,1,11.0,17.0,1139.9568324127756,1780.634156484835
SYNTH-11-17-1-Topic-8-Cell-5,1,11.0,17.0,1089.8734502809575,1692.750956420323
SYNTH-11-18-1-Topic-4-Cell-1,1,11.0,18.0,1100.0,1850.0
SYNTH-11-18-1-Topic-4-Cell-2,1,11.0,18.0,1121.9534345634995,1826.0355114624547
SYNTH-11-18-1-Topic-4-Cell-3,1,11.0,18.0,1054.2140456158832,1854.0182559818381
SYNTH-11-18-1-Topic-4-Cell-4,1,11.0,18.0,1144.6730967202666,1884.2500281667287
SYNTH-11-19-1-Topic-7-Cell-1,1,11.0,19.0,1100.0,1950.0
SYNTH-11-19-1-Topic-7-Cell-2,1,11.0,19.0,1119.6357488094313,1928.5655098336135
SYNTH-11-19-1-Topic-7-Cell-3,1,11.0,19.0,1059.0477974329642,1953.5940374105542
SYNTH-11-19-1-Topic-8-Cell-4,1,11.0,19.0,1139.9568324127756,1980.634156484835
SYNTH-11-19-1-Topic-8-Cell-5,1,11.0,19.0,1089.8734502809575,1892.750956420323
SYNTH-11-20-1-Topic-0-Cell-1,1,11.0,20.0,1100.0,2050.0
SYNTH-11-20-1-Topic-0-Cell-2,1,11.0,20.0,1119.6357488094313,2028.5655098336135
SYNTH-11-20-1-Topic-0-Cell-3,1,11.0,20.0,1059.0477974329642,2053.594037410554
SYNTH-11-20-1-Topic-8-Cell-4,1,11.0,20.0,1139.9568324127756,2080.634156484835
SYNTH-11-20-1-Topic-9-Cell-5,1,11.0,20.0,1089.8734502809575,1992.750956420323
SYNTH-11-21-1-Topic-7-Cell-1,1,11.0,21.0,1100.0,2150.0
SYNTH-11-21-1-Topic-8-Cell-2,1,11.0,21.0,1119.6357488094313,2128.5655098336138
SYNTH-11-21-1-Topic-8-Cell-3,1,11.0,21.0,1059.0477974329642,2153.594037410554
SYNTH-11-21-1-Topic-8-Cell-4,1,11.0,21.0,1139.9568324127756,2180.634156484835
SYNTH-11-21-1-Topic-8-Cell-5,1,11.0,21.0,1089.8734502809575,2092.750956420323
SYNTH-11-22-1-Topic-0-Cell-1,1,11.0,22.0,1100.0,2250.0
SYNTH-11-22-1-Topic-0-Cell-2,1,11.0,22.0,1117.924904260718,2230.4330770454126
SYNTH-11-22-1-Topic-7-Cell-3,1,11.0,22.0,1062.6159247908558,2253.2808922704635
SYNTH-11-22-1-Topic-8-Cell-4,1,11.0,22.0,1136.4754307315513,2277.965030894812
SYNTH-11-22-1-Topic-8-Cell-5,1,11.0,22.0,1090.755767148638,2197.7390123930245
SYNTH-11-22-1-Topic-8-Cell-6,1,11.0,22.0,1068.1523766524972,2300.065579198177
SYNTH-11-23-1-Topic-8-Cell-1,1,11.0,23.0,1100.0,2350.0
SYNTH-11-23-1-Topic-8-Cell-2,1,11.0,23.0,1117.924904260718,2330.4330770454126
SYNTH-11-23-1-Topic-8-Cell-3,1,11.0,23.0,1062.6159247908558,2353.2808922704635
SYNTH-11-23-1-Topic-8-Cell-4,1,11.0,23.0,1136.4754307315513,2377.965030894812
SYNTH-11-23-1-Topic-8-Cell-5,1,11.0,23.0,1090.755767148638,2297.7390123930245
SYNTH-11-23-1-Topic-8-Cell-6,1,11.0,23.0,1068.1523766524972,2400.065579198177
SYNTH-11-24-1-Topic-0-Cell-1,1,11.0,24.0,1100.0,2450.0
SYNTH-11-24-1-Topic-7-Cell-2,1,11.0,24.0,1121.9534345634995,2426.0355114624545
SYNTH-11-24-1-Topic-7-Cell-3,1,11.0,24.0,1054.2140456158832,2454.018255981838
SYNTH-11-24-1-Topic-8-Cell-4,1,11.0,24.0,1144.6730967202666,2484.2500281667285
SYNTH-11-25-1-Topic-4-Cell-1,1,11.0,25.0,1100.0,2550.0
SYNTH-11-25-1-Topic-7-Cell-2,1,11.0,25.0,1119.6357488094313,2528.5655098336138
SYNTH-11-25-1-Topic-8-Cell-3,1,11.0,25.0,1059.0477974329642,2553.594037410554
SYNTH-11-25-1-Topic-8-Cell-4,1,11.0,25.0,1139.9568324127756,2580.634156484835
SYNTH-11-25-1-Topic-8-Cell-5,1,11.0,25.0,1089.8734502809575,2492.750956420323
SYNTH-11-26-1-Topic-0-Cell-1,1,11.0,26.0,1100.0,2650.0
SYNTH-11-26-1-Topic-0-Cell-2,1,11.0,26.0,1119.6357488094313,2628.5655098336138
SYNTH-11-26-1-Topic-0-Cell-3,1,11.0,26.0,1059.0477974329642,2653.594037410554
SYNTH-11-26-1-Topic-9-Cell-4,1,11.0,26.0,1139.9568324127756,2680.634156484835
SYNTH-11-26-1-Topic-9-Cell-5,1,11.0,26.0,1089.8734502809575,2592.750956420323
SYNTH-11-27-1-Topic-8-Cell-1,1,11.0,27.0,1100.0,2750.0
SYNTH-11-27-1-Topic-8-Cell-2,1,11.0,27.0,1119.6357488094313,2728.5655098336138
SYNTH-11-27-1-Topic-8-Cell-3,1,11.0,27.0,1059.0477974329642,2753.594037410554
SYNTH-11-27-1-Topic-8-Cell-4,1,11.0,27.0,1139.9568324127756,2780.634156484835
SYNTH-11-27-1-Topic-8-Cell-5,1,11.0,27.0,1089.8734502809575,2692.750956420323
SYNTH-11-28-1-Topic-8-Cell-1,1,11.0,28.0,1100.0,2850.0
SYNTH-11-28-1-Topic-8-Cell-2,1,11.0,28.0,1119.6357488094313,2828.5655098336138
SYNTH-11-28-1-Topic-8-Cell-3,1,11.0,28.0,1059.0477974329642,2853.594037410554
SYNTH-11-28-1-Topic-8-Cell-4,1,11.0,28.0,1139.9568324127756,2880.634156484835
SYNTH-11-28-1-Topic-8-Cell-5,1,11.0,28.0,1089.8734502809575,2792.750956420323
SYNTH-11-29-1-Topic-0-Cell-1,1,11.0,29.0,1100.0,2950.0
SYNTH-11-29-1-Topic-0-Cell-2,1,11.0,29.0,1117.924904260718,2930.4330770454126
SYNTH-11-29-1-Topic-0-Cell-3,1,11.0,29.0,1062.6159247908558,2953.2808922704635
SYNTH-11-29-1-Topic-2-Cell-4,1,11.0,29.0,1136.4754307315513,2977.965030894812
SYNTH-11-29-1-Topic-7-Cell-5,1,11.0,29.0,1090.755767148638,2897.7390123930245
SYNTH-11-29-1-Topic-9-Cell-6,1,11.0,29.0,1068.1523766524972,3000.065579198177
SYNTH-11-30-1-Topic-0-Cell-1,1,11.0,30.0,1100.0,3050.0
SYNTH-11-30-1-Topic-8-Cell-2,1,11.0,30.0,1121.9534345634995,3026.0355114624545
SYNTH-11-30-1-Topic-8-Cell-3,1,11.0,30.0,1054.2140456158832,3054.018255981838
SYNTH-11-30-1-Topic-8-Cell-4,1,11.0,30.0,1144.6730967202666,3084.2500281667285
SYNTH-11-31-1-Topic-7-Cell-1,1,11.0,31.0,1100.0,3150.0
SYNTH-11-31-1-Topic-7-Cell-2,1,11.0,31.0,1119.6357488094313,3128.5655098336138
SYNTH-11-31-1-Topic-7-Cell-3,1,11.0,31.0,1059.0477974329642,3153.594037410554
SYNTH-11-31-1-Topic-8-Cell-4,1,11.0,31.0,1139.9568324127756,3180.634156484835
SYNTH-11-31-1-Topic-8-Cell-5,1,11.0,31.0,1089.8734502809575,3092.750956420323
SYNTH-11-32-1-Topic-8-Cell-1,1,11.0,32.0,1100.0,3250.0
SYNTH-11-32-1-Topic-8-Cell-2,1,11.0,32.0,1119.6357488094313,3228.5655098336138
SYNTH-11-32-1-Topic-8-Cell-3,1,11.0,32.0,1059.0477974329642,3253.594037410554
SYNTH-11-32-1-Topic-8-Cell-4,1,11.0,32.0,1139.9568324127756,3280.634156484835
SYNTH-11-32-1-Topic-8-Cell-5,1,11.0,32.0,1089.8734502809575,3192.750956420323
SYNTH-11-33-1-Topic-7-Cell-1,1,11.0,33.0,1100.0,3350.0
SYNTH-11-33-1-Topic-7-Cell-2,1,11.0,33.0,1131.0468449003713,3316.109095294869
SYNTH-11-34-1-Topic-8-Cell-1,1,11.0,34.0,1100.0,3450.0
SYNTH-11-34-1-Topic-8-Cell-2,1,11.0,34.0,1119.6357488094313,3428.5655098336138
SYNTH-11-34-1-Topic-8-Cell-3,1,11.0,34.0,1059.0477974329642,3453.594037410554
SYNTH-11-34-1-Topic-8-Cell-4,1,11.0,34.0,1139.9568324127756,3480.634156484835
SYNTH-11-34-1-Topic-10-Cell-5,1,11.0,34.0,1089.8734502809575,3392.750956420323
SYNTH-11-35-1-Topic-8-Cell-1,1,11.0,35.0,1100.0,3550.0
SYNTH-11-35-1-Topic-9-Cell-2,1,11.0,35.0,1119.6357488094313,3528.5655098336138
SYNTH-11-35-1-Topic-9-Cell-3,1,11.0,35.0,1059.0477974329642,3553.594037410554
SYNTH-11-35-1-Topic-9-Cell-4,1,11.0,35.0,1139.9568324127756,3580.634156484835
SYNTH-11-35-1-Topic-9-Cell-5,1,11.0,35.0,1089.8734502809575,3492.750956420323
SYNTH-11-36-1-Topic-0-Cell-1,1,11.0,36.0,1100.0,3650.0
SYNTH-11-36-1-Topic-8-Cell-2,1,11.0,36.0,1119.6357488094313,3628.5655098336138
SYNTH-11-36-1-Topic-8-Cell-3,1,11.0,36.0,1059.0477974329642,3653.594037410554
SYNTH-11-36-1-Topic-8-Cell-4,1,11.0,36.0,1139.9568324127756,3680.634156484835
SYNTH-11-36-1-Topic-9-Cell-5,1,11.0,36.0,1089.8734502809575,3592.750956420323
SYNTH-11-37-1-Topic-0-Cell-1,1,11.0,37.0,1100.0,3750.0
SYNTH-11-37-1-Topic-4-Cell-2,1,11.0,37.0,1119.6357488094313,3728.5655098336138
SYNTH-11-37-1-Topic-8-Cell-3,1,11.0,37.0,1059.0477974329642,3753.594037410554
SYNTH-11-37-1-Topic-8-Cell-4,1,11.0,37.0,1139.9568324127756,3780.634156484835
SYNTH-11-37-1-Topic-8-Cell-5,1,11.0,37.0,1089.8734502809575,3692.750956420323
SYNTH-11-38-1-Topic-8-Cell-1,1,11.0,38.0,1100.0,3850.0
SYNTH-11-38-1-Topic-8-Cell-2,1,11.0,38.0,1119.6357488094313,3828.5655098336138
SYNTH-11-38-1-Topic-8-Cell-3,1,11.0,38.0,1059.0477974329642,3853.594037410554
SYNTH-11-38-1-Topic-8-Cell-4,1,11.0,38.0,1139.9568324127756,3880.634156484835
SYNTH-11-38-1-Topic-8-Cell-5,1,11.0,38.0,1089.8734502809575,3792.750956420323
SYNTH-11-39-1-Topic-0-Cell-1,1,11.0,39.0,1100.0,3950.0
SYNTH-11-39-1-Topic-0-Cell-2,1,11.0,39.0,1119.6357488094313,3928.5655098336138
SYNTH-11-39-1-Topic-0-Cell-3,1,11.0,39.0,1059.0477974329642,3953.594037410554
SYNTH-11-39-1-Topic-0-Cell-4,1,11.0,39.0,1139.9568324127756,3980.634156484835
SYNTH-11-39-1-Topic-8-Cell-5,1,11.0,39.0,1089.8734502809575,3892.750956420323
SYNTH-11-40-1-Topic-7-Cell-1,1,11.0,40.0,1100.0,4050.0
SYNTH-11-40-1-Topic-8-Cell-2,1,11.0,40.0,1121.9534345634995,4026.0355114624545
SYNTH-11-40-1-Topic-8-Cell-3,1,11.0,40.0,1054.2140456158832,4054.018255981838
SYNTH-11-40-1-Topic-8-Cell-4,1,11.0,40.0,1144.6730967202666,4084.2500281667285
SYNTH-11-41-1-Topic-7-Cell-1,1,11.0,41.0,1100.0,4150.0
SYNTH-11-41-1-Topic-8-Cell-2,1,11.0,41.0,1117.924904260718,4130.433077045413
SYNTH-11-41-1-Topic-8-Cell-3,1,11.0,41.0,1062.6159247908558,4153.2808922704635
SYNTH-11-41-1-Topic-10-Cell-4,1,11.0,41.0,1136.4754307315513,4177.965030894812
SYNTH-11-41-1-Topic-10-Cell-5,1,11.0,41.0,1090.755767148638,4097.7390123930245
SYNTH-11-41-1-Topic-10-Cell-6,1,11.0,41.0,1068.1523766524972,4200.065579198177
SYNTH-11-42-1-Topic-0-Cell-1,1,11.0,42.0,1100.0,4250.0
SYNTH-11-42-1-Topic-7-Cell-2,1,11.0,42.0,1117.924904260718,4230.433077045413
SYNTH-11-42-1-Topic-7-Cell-3,1,11.0,42.0,1062.6159247908558,4253.2808922704635
SYNTH-11-42-1-Topic-7-Cell-4,1,11.0,42.0,1136.4754307315513,4277.965030894812
SYNTH-11-42-1-Topic-7-Cell-5,1,11.0,42.0,1090.755767148638,4197.7390123930245
SYNTH-11-42-1-Topic-9-Cell-6,1,11.0,42.0,1068.1523766524972,4300.065579198177
SYNTH-11-43-1-Topic-7-Cell-1,1,11.0,43.0,1100.0,4350.0
SYNTH-11-43-1-Topic-8-Cell-2,1,11.0,43.0,1125.3496427097466,4322.328192183713
SYNTH-11-43-1-Topic-9-Cell-3,1,11.0,43.0,1047.1309338224526,4354.639882345574
SYNTH-11-44-1-Topic-0-Cell-1,1,11.0,44.0,1100.0,4450.0
SYNTH-11-44-1-Topic-7-Cell-2,1,11.0,44.0,1119.6357488094313,4428.565509833614
SYNTH-11-44-1-Topic-7-Cell-3,1,11.0,44.0,1059.0477974329642,4453.594037410554
SYNTH-11-44-1-Topic-8-Cell-4,1,11.0,44.0,1139.9568324127756,4480.634156484835
SYNTH-11-44-1-Topic-8-Cell-5,1,11.0,44.0,1089.8734502809575,4392.750956420323
SYNTH-11-45-1-Topic-0-Cell-1,1,11.0,45.0,1100.0,4550.0
SYNTH-11-45-1-Topic-0-Cell-2,1,11.0,45.0,1117.924904260718,4530.433077045413
SYNTH-11-45-1-Topic-8-Cell-3,1,11.0,45.0,1062.6159247908558,4553.2808922704635
SYNTH-11-45-1-Topic-8-Cell-4,1,11.0,45.0,1136.4754307315513,4577.965030894812
SYNTH-11-45-1-Topic-8-Cell-5,1,11.0,45.0,1090.755767148638,4497.7390123930245
SYNTH-11-45-1-Topic-8-Cell-6,1,11.0,45.0,1068.1523766524972,4600.065579198177
SYNTH-11-46-1-Topic-0-Cell-1,1,11.0,46.0,1100.0,4650.0
SYNTH-11-46-1-Topic-0-Cell-2,1,11.0,46.0,1119.6357488094313,4628.565509833614
SYNTH-11-46-1-Topic-0-Cell-3,1,11.0,46.0,1059.0477974329642,4653.594037410554
SYNTH-11-46-1-Topic-8-Cell-4,1,11.0,46.0,1139.9568324127756,4680.634156484835
SYNTH-11-46-1-Topic-8-Cell-5,1,11.0,46.0,1089.8734502809575,4592.750956420323
SYNTH-11-47-1-Topic-4-Cell-1,1,11.0,47.0,1100.0,4750.0
SYNTH-11-47-1-Topic-8-Cell-2,1,11.0,47.0,1119.6357488094313,4728.565509833614
SYNTH-11-47-1-Topic-8-Cell-3,1,11.0,47.0,1059.0477974329642,4753.594037410554
SYNTH-11-47-1-Topic-8-Cell-4,1,11.0,47.0,1139.9568324127756,4780.634156484835
SYNTH-11-47-1-Topic-8-Cell-5,1,11.0,47.0,1089.8734502809575,4692.750956420323
SYNTH-11-48-1-Topic-0-Cell-1,1,11.0,48.0,1100.0,4850.0
SYNTH-11-48-1-Topic-8-Cell-2,1,11.0,48.0,1119.6357488094313,4828.565509833614
SYNTH-11-48-1-Topic-8-Cell-3,1,11.0,48.0,1059.0477974329642,4853.594037410554
SYNTH-11-48-1-Topic-8-Cell-4,1,11.0,48.0,1139.9568324127756,4880.634156484835
SYNTH-11-48-1-Topic-8-Cell-5,1,11.0,48.0,1089.8734502809575,4792.750956420323
SYNTH-11-49-1-Topic-8-Cell-1,1,11.0,49.0,1100.0,4950.0
SYNTH-11-49-1-Topic-8-Cell-2,1,11.0,49.0,1119.6357488094313,4928.565509833614
SYNTH-11-49-1-Topic-8-Cell-3,1,11.0,49.0,1059.0477974329642,4953.594037410554
SYNTH-11-49-1-Topic-8-Cell-4,1,11.0,49.0,1139.9568324127756,4980.634156484835
SYNTH-11-49-1-Topic-8-Cell-5,1,11.0,49.0,1089.8734502809575,4892.750956420323
SYNTH-11-50-1-Topic-0-Cell-1,1,11.0,50.0,1100.0,5050.0
SYNTH-11-50-1-Topic-8-Cell-2,1,11.0,50.0,1121.9534345634995,5026.035511462454
SYNTH-11-50-1-Topic-8-Cell-3,1,11.0,50.0,1054.2140456158832,5054.018255981839
SYNTH-11-50-1-Topic-8-Cell-4,1,11.0,50.0,1144.6730967202666,5084.250028166729
SYNTH-12-1-1-Topic-0-Cell-1,1,12.0,1.0,1200.0,100.0
SYNTH-12-1-1-Topic-8-Cell-2,1,12.0,1.0,1221.9534345634995,76.03551146245461
SYNTH-12-1-1-Topic-8-Cell-3,1,12.0,1.0,1154.2140456158832,104.0182559818382
SYNTH-12-1-1-Topic-8-Cell-4,1,12.0,1.0,1244.6730967202666,134.2500281667286
SYNTH-12-2-1-Topic-0-Cell-1,1,12.0,2.0,1200.0,200.0
SYNTH-12-2-1-Topic-0-Cell-2,1,12.0,2.0,1217.924904260718,180.43307704541252
SYNTH-12-2-1-Topic-0-Cell-3,1,12.0,2.0,1162.6159247908558,203.28089227046326
SYNTH-12-2-1-Topic-0-Cell-4,1,12.0,2.0,1236.4754307315513,227.96503089481223
SYNTH-12-2-1-Topic-8-Cell-5,1,12.0,2.0,1190.755767148638,147.73901239302432
SYNTH-12-2-1-Topic-9-Cell-6,1,12.0,2.0,1168.1523766524972,250.06557919817692
SYNTH-12-3-1-Topic-0-Cell-1,1,12.0,3.0,1200.0,300.0
SYNTH-12-3-1-Topic-0-Cell-2,1,12.0,3.0,1219.6357488094313,278.5655098336136
SYNTH-12-3-1-Topic-8-Cell-3,1,12.0,3.0,1159.0477974329642,303.59403741055417
SYNTH-12-3-1-Topic-8-Cell-4,1,12.0,3.0,1239.9568324127756,330.6341564848351
SYNTH-12-3-1-Topic-8-Cell-5,1,12.0,3.0,1189.8734502809575,242.75095642032298
SYNTH-12-4-1-Topic-7-Cell-1,1,12.0,4.0,1200.0,400.0
SYNTH-12-4-1-Topic-7-Cell-2,1,12.0,4.0,1221.9534345634995,376.0355114624546
SYNTH-12-4-1-Topic-7-Cell-3,1,12.0,4.0,1154.2140456158832,404.0182559818382
SYNTH-12-4-1-Topic-8-Cell-4,1,12.0,4.0,1244.6730967202666,434.2500281667286
SYNTH-12-5-1-Topic-0-Cell-1,1,12.0,5.0,1200.0,500.0
SYNTH-12-5-1-Topic-0-Cell-2,1,12.0,5.0,1219.6357488094313,478.5655098336136
SYNTH-12-5-1-Topic-0-Cell-3,1,12.0,5.0,1159.0477974329642,503.59403741055417
SYNTH-12-5-1-Topic-8-Cell-4,1,12.0,5.0,1239.9568324127756,530.6341564848351
SYNTH-12-5-1-Topic-8-Cell-5,1,12.0,5.0,1189.8734502809575,442.75095642032295
SYNTH-12-6-1-Topic-0-Cell-1,1,12.0,6.0,1200.0,600.0
SYNTH-12-6-1-Topic-7-Cell-2,1,12.0,6.0,1219.6357488094313,578.5655098336136
SYNTH-12-6-1-Topic-8-Cell-3,1,12.0,6.0,1159.0477974329642,603.5940374105542
SYNTH-12-6-1-Topic-8-Cell-4,1,12.0,6.0,1239.9568324127756,630.6341564848351
SYNTH-12-6-1-Topic-8-Cell-5,1,12.0,6.0,1189.8734502809575,542.750956420323
SYNTH-12-7-1-Topic-8-Cell-1,1,12.0,7.0,1200.0,700.0
SYNTH-12-7-1-Topic-8-Cell-2,1,12.0,7.0,1221.9534345634995,676.0355114624546
SYNTH-12-7-1-Topic-8-Cell-3,1,12.0,7.0,1154.2140456158832,704.0182559818381
SYNTH-12-7-1-Topic-8-Cell-4,1,12.0,7.0,1244.6730967202666,734.2500281667286
SYNTH-12-8-1-Topic-0-Cell-1,1,12.0,8.0,1200.0,800.0
SYNTH-12-8-1-Topic-8-Cell-2,1,12.0,8.0,1217.924904260718,780.4330770454125
SYNTH-12-8-1-Topic-8-Cell-3,1,12.0,8.0,1162.6159247908558,803.2808922704633
SYNTH-12-8-1-Topic-8-Cell-4,1,12.0,8.0,1236.4754307315513,827.9650308948122
SYNTH-12-8-1-Topic-8-Cell-5,1,12.0,8.0,1190.755767148638,747.7390123930243
SYNTH-12-8-1-Topic-8-Cell-6,1,12.0,8.0,1168.1523766524972,850.0655791981769
SYNTH-12-9-1-Topic-8-Cell-1,1,12.0,9.0,1200.0,900.0
SYNTH-12-9-1-Topic-8-Cell-2,1,12.0,9.0,1217.924904260718,880.4330770454125
SYNTH-12-9-1-Topic-8-Cell-3,1,12.0,9.0,1162.6159247908558,903.2808922704633
SYNTH-12-9-1-Topic-8-Cell-4,1,12.0,9.0,1236.4754307315513,927.9650308948122
SYNTH-12-9-1-Topic-9-Cell-5,1,12.0,9.0,1190.755767148638,847.7390123930243
SYNTH-12-9-1-Topic-9-Cell-6,1,12.0,9.0,1168.1523766524972,950.0655791981769
SYNTH-12-10-1-Topic-7-Cell-1,1,12.0,10.0,1200.0,1000.0
SYNTH-12-10-1-Topic-8-Cell-2,1,12.0,10.0,1219.6357488094313,978.5655098336136
SYNTH-12-10-1-Topic-8-Cell-3,1,12.0,10.0,1159.0477974329642,1003.5940374105542
SYNTH-12-10-1-Topic-8-Cell-4,1,12.0,10.0,1239.9568324127756,1030.634156484835
SYNTH-12-10-1-Topic-8-Cell-5,1,12.0,10.0,1189.8734502809575,942.750956420323
SYNTH-12-11-1-Topic-0-Cell-1,1,12.0,11.0,1200.0,1100.0
SYNTH-12-11-1-Topic-0-Cell-2,1,12.0,11.0,1219.6357488094313,1078.5655098336135
SYNTH-12-11-1-Topic-0-Cell-3,1,12.0,11.0,1159.0477974329642,1103.5940374105542
SYNTH-12-11-1-Topic-10-Cell-4,1,12.0,11.0,1239.9568324127756,1130.634156484835
SYNTH-12-11-1-Topic-10-Cell-5,1,12.0,11.0,1189.8734502809575,1042.750956420323
SYNTH-12-12-1-Topic-8-Cell-1,1,12.0,12.0,1200.0,1200.0
SYNTH-12-12-1-Topic-8-Cell-2,1,12.0,12.0,1219.6357488094313,1178.5655098336135
SYNTH-12-12-1-Topic-8-Cell-3,1,12.0,12.0,1159.0477974329642,1203.5940374105542
SYNTH-12-12-1-Topic-8-Cell-4,1,12.0,12.0,1239.9568324127756,1230.634156484835
SYNTH-12-12-1-Topic-8-Cell-5,1,12.0,12.0,1189.8734502809575,1142.750956420323
SYNTH-12-13-1-Topic-8-Cell-1,1,12.0,13.0,1200.0,1300.0
SYNTH-12-13-1-Topic-8-Cell-2,1,12.0,13.0,1219.6357488094313,1278.5655098336135
SYNTH-12-13-1-Topic-8-Cell-3,1,12.0,13.0,1159.0477974329642,1303.5940374105542
SYNTH-12-13-1-Topic-8-Cell-4,1,12.0,13.0,1239.9568324127756,1330.634156484835
SYNTH-12-13-1-Topic-10-Cell-5,1,12.0,13.0,1189.8734502809575,1242.750956420323
SYNTH-12-14-1-Topic-0-Cell-1,1,12.0,14.0,1200.0,1400.0
SYNTH-12-14-1-Topic-7-Cell-2,1,12.0,14.0,1219.6357488094313,1378.5655098336135
SYNTH-12-14-1-Topic-8-Cell-3,1,12.0,14.0,1159.0477974329642,1403.5940374105542
SYNTH-12-14-1-Topic-8-Cell-4,1,12.0,14.0,1239.9568324127756,1430.634156484835
SYNTH-12-14-1-Topic-8-Cell-5,1,12.0,14.0,1189.8734502809575,1342.750956420323
SYNTH-12-15-1-Topic-0-Cell-1,1,12.0,15.0,1200.0,1500.0
SYNTH-12-15-1-Topic-0-Cell-2,1,12.0,15.0,1217.924904260718,1480.4330770454126
SYNTH-12-15-1-Topic-0-Cell-3,1,12.0,15.0,1162.6159247908558,1503.2808922704633
SYNTH-12-15-1-Topic-7-Cell-4,1,12.0,15.0,1236.4754307315513,1527.9650308948123
SYNTH-12-15-1-Topic-7-Cell-5,1,12.0,15.0,1190.755767148638,1447.7390123930243
SYNTH-12-15-1-Topic-8-Cell-6,1,12.0,15.0,1168.1523766524972,1550.065579198177
SYNTH-12-16-1-Topic-8-Cell-1,1,12.0,16.0,1200.0,1600.0
SYNTH-12-16-1-Topic-8-Cell-2,1,12.0,16.0,1231.0468449003713,1566.1090952948687
SYNTH-12-17-1-Topic-0-Cell-1,1,12.0,17.0,1200.0,1700.0
SYNTH-12-17-1-Topic-8-Cell-2,1,12.0,17.0,1219.6357488094313,1678.5655098336135
SYNTH-12-17-1-Topic-8-Cell-3,1,12.0,17.0,1159.0477974329642,1703.5940374105542
SYNTH-12-17-1-Topic-8-Cell-4,1,12.0,17.0,1239.9568324127756,1730.634156484835
SYNTH-12-17-1-Topic-8-Cell-5,1,12.0,17.0,1189.8734502809575,1642.750956420323
SYNTH-12-18-1-Topic-0-Cell-1,1,12.0,18.0,1200.0,1800.0
SYNTH-12-18-1-Topic-8-Cell-2,1,12.0,18.0,1219.6357488094313,1778.5655098336135
SYNTH-12-18-1-Topic-8-Cell-3,1,12.0,18.0,1159.0477974329642,1803.5940374105542
SYNTH-12-18-1-Topic-8-Cell-4,1,12.0,18.0,1239.9568324127756,1830.634156484835
SYNTH-12-18-1-Topic-8-Cell-5,1,12.0,18.0,1189.8734502809575,1742.750956420323
SYNTH-12-19-1-Topic-8-Cell-1,1,12.0,19.0,1200.0,1900.0
SYNTH-12-19-1-Topic-8-Cell-2,1,12.0,19.0,1221.9534345634995,1876.0355114624547
SYNTH-12-19-1-Topic-8-Cell-3,1,12.0,19.0,1154.2140456158832,1904.0182559818381
SYNTH-12-19-1-Topic-8-Cell-4,1,12.0,19.0,1244.6730967202666,1934.2500281667287
SYNTH-12-20-1-Topic-0-Cell-1,1,12.0,20.0,1200.0,2000.0
SYNTH-12-20-1-Topic-8-Cell-2,1,12.0,20.0,1217.924904260718,1980.4330770454126
SYNTH-12-20-1-Topic-8-Cell-3,1,12.0,20.0,1162.6159247908558,2003.2808922704633
SYNTH-12-20-1-Topic-8-Cell-4,1,12.0,20.0,1236.4754307315513,2027.9650308948123
SYNTH-12-20-1-Topic-8-Cell-5,1,12.0,20.0,1190.755767148638,1947.7390123930243
SYNTH-12-20-1-Topic-8-Cell-6,1,12.0,20.0,1168.1523766524972,2050.065579198177
SYNTH-12-21-1-Topic-7-Cell-1,1,12.0,21.0,1200.0,2100.0
SYNTH-12-21-1-Topic-8-Cell-2,1,12.0,21.0,1219.6357488094313,2078.5655098336138
SYNTH-12-21-1-Topic-8-Cell-3,1,12.0,21.0,1159.0477974329642,2103.594037410554
SYNTH-12-21-1-Topic-8-Cell-4,1,12.0,21.0,1239.9568324127756,2130.634156484835
SYNTH-12-21-1-Topic-8-Cell-5,1,12.0,21.0,1189.8734502809575,2042.750956420323
SYNTH-12-22-1-Topic-8-Cell-1,1,12.0,22.0,1200.0,2200.0
SYNTH-12-22-1-Topic-8-Cell-2,1,12.0,22.0,1217.924904260718,2180.4330770454126
SYNTH-12-22-1-Topic-8-Cell-3,1,12.0,22.0,1162.6159247908558,2203.2808922704635
SYNTH-12-22-1-Topic-8-Cell-4,1,12.0,22.0,1236.4754307315513,2227.965030894812
SYNTH-12-22-1-Topic-8-Cell-5,1,12.0,22.0,1190.755767148638,2147.7390123930245
SYNTH-12-22-1-Topic-9-Cell-6,1,12.0,22.0,1168.1523766524972,2250.065579198177
SYNTH-12-23-1-Topic-4-Cell-1,1,12.0,23.0,1200.0,2300.0
SYNTH-12-23-1-Topic-4-Cell-2,1,12.0,23.0,1221.9534345634995,2276.0355114624545
SYNTH-12-23-1-Topic-4-Cell-3,1,12.0,23.0,1154.2140456158832,2304.018255981838
SYNTH-12-23-1-Topic-8-Cell-4,1,12.0,23.0,1244.6730967202666,2334.2500281667285
SYNTH-12-24-1-Topic-8-Cell-1,1,12.0,24.0,1200.0,2400.0
SYNTH-12-24-1-Topic-8-Cell-2,1,12.0,24.0,1225.3496427097466,2372.328192183713
SYNTH-12-24-1-Topic-8-Cell-3,1,12.0,24.0,1147.1309338224526,2404.6398823455743
SYNTH-12-25-1-Topic-0-Cell-1,1,12.0,25.0,1200.0,2500.0
SYNTH-12-25-1-Topic-0-Cell-2,1,12.0,25.0,1219.6357488094313,2478.5655098336138
SYNTH-12-25-1-Topic-8-Cell-3,1,12.0,25.0,1159.0477974329642,2503.594037410554
SYNTH-12-25-1-Topic-8-Cell-4,1,12.0,25.0,1239.9568324127756,2530.634156484835
SYNTH-12-25-1-Topic-8-Cell-5,1,12.0,25.0,1189.8734502809575,2442.750956420323
SYNTH-12-26-1-Topic-9-Cell-1,1,12.0,26.0,1200.0,2600.0
SYNTH-12-26-1-Topic-9-Cell-2,1,12.0,26.0,1219.6357488094313,2578.5655098336138
SYNTH-12-26-1-Topic-9-Cell-3,1,12.0,26.0,1159.0477974329642,2603.594037410554
SYNTH-12-26-1-Topic-9-Cell-4,1,12.0,26.0,1239.9568324127756,2630.634156484835
SYNTH-12-26-1-Topic-9-Cell-5,1,12.0,26.0,1189.8734502809575,2542.750956420323
SYNTH-12-27-1-Topic-7-Cell-1,1,12.0,27.0,1200.0,2700.0
SYNTH-12-27-1-Topic-7-Cell-2,1,12.0,27.0,1219.6357488094313,2678.5655098336138
SYNTH-12-27-1-Topic-7-Cell-3,1,12.0,27.0,1159.0477974329642,2703.594037410554
SYNTH-12-27-1-Topic-9-Cell-4,1,12.0,27.0,1239.9568324127756,2730.634156484835
SYNTH-12-27-1-Topic-9-Cell-5,1,12.0,27.0,1189.8734502809575,2642.750956420323
SYNTH-12-28-1-Topic-0-Cell-1,1,12.0,28.0,1200.0,2800.0
SYNTH-12-28-1-Topic-7-Cell-2,1,12.0,28.0,1217.924904260718,2780.4330770454126
SYNTH-12-28-1-Topic-7-Cell-3,1,12.0,28.0,1162.6159247908558,2803.2808922704635
SYNTH-12-28-1-Topic-8-Cell-4,1,12.0,28.0,1236.4754307315513,2827.965030894812
SYNTH-12-28-1-Topic-8-Cell-5,1,12.0,28.0,1190.755767148638,2747.7390123930245
SYNTH-12-28-1-Topic-10-Cell-6,1,12.0,28.0,1168.1523766524972,2850.065579198177
SYNTH-12-29-1-Topic-7-Cell-1,1,12.0,29.0,1200.0,2900.0
SYNTH-12-29-1-Topic-8-Cell-2,1,12.0,29.0,1225.3496427097466,2872.328192183713
SYNTH-12-29-1-Topic-8-Cell-3,1,12.0,29.0,1147.1309338224526,2904.6398823455743
SYNTH-12-30-1-Topic-0-Cell-1,1,12.0,30.0,1200.0,3000.0
SYNTH-12-30-1-Topic-0-Cell-2,1,12.0,30.0,1221.9534345634995,2976.0355114624545
SYNTH-12-30-1-Topic-8-Cell-3,1,12.0,30.0,1154.2140456158832,3004.018255981838
SYNTH-12-30-1-Topic-8-Cell-4,1,12.0,30.0,1244.6730967202666,3034.2500281667285
SYNTH-12-31-1-Topic-0-Cell-1,1,12.0,31.0,1200.0,3100.0
SYNTH-12-31-1-Topic-0-Cell-2,1,12.0,31.0,1219.6357488094313,3078.5655098336138
SYNTH-12-31-1-Topic-0-Cell-3,1,12.0,31.0,1159.0477974329642,3103.594037410554
SYNTH-12-31-1-Topic-4-Cell-4,1,12.0,31.0,1239.9568324127756,3130.634156484835
SYNTH-12-31-1-Topic-8-Cell-5,1,12.0,31.0,1189.8734502809575,3042.750956420323
SYNTH-12-32-1-Topic-0-Cell-1,1,12.0,32.0,1200.0,3200.0
SYNTH-12-32-1-Topic-8-Cell-2,1,12.0,32.0,1217.924904260718,3180.4330770454126
SYNTH-12-32-1-Topic-8-Cell-3,1,12.0,32.0,1162.6159247908558,3203.2808922704635
SYNTH-12-32-1-Topic-9-Cell-4,1,12.0,32.0,1236.4754307315513,3227.965030894812
SYNTH-12-32-1-Topic-9-Cell-5,1,12.0,32.0,1190.755767148638,3147.7390123930245
SYNTH-12-32-1-Topic-9-Cell-6,1,12.0,32.0,1168.1523766524972,3250.065579198177
SYNTH-12-33-1-Topic-7-Cell-1,1,12.0,33.0,1200.0,3300.0
SYNTH-12-33-1-Topic-8-Cell-2,1,12.0,33.0,1221.9534345634995,3276.0355114624545
SYNTH-12-33-1-Topic-8-Cell-3,1,12.0,33.0,1154.2140456158832,3304.018255981838
SYNTH-12-33-1-Topic-8-Cell-4,1,12.0,33.0,1244.6730967202666,3334.2500281667285
SYNTH-12-34-1-Topic-4-Cell-1,1,12.0,34.0,1200.0,3400.0
SYNTH-12-34-1-Topic-8-Cell-2,1,12.0,34.0,1219.6357488094313,3378.5655098336138
SYNTH-12-34-1-Topic-8-Cell-3,1,12.0,34.0,1159.0477974329642,3403.594037410554
SYNTH-12-34-1-Topic-8-Cell-4,1,12.0,34.0,1239.9568324127756,3430.634156484835
SYNTH-12-34-1-Topic-8-Cell-5,1,12.0,34.0,1189.8734502809575,3342.750956420323
SYNTH-12-35-1-Topic-0-Cell-1,1,12.0,35.0,1200.0,3500.0
SYNTH-12-35-1-Topic-5-Cell-2,1,12.0,35.0,1217.924904260718,3480.4330770454126
SYNTH-12-35-1-Topic-5-Cell-3,1,12.0,35.0,1162.6159247908558,3503.2808922704635
SYNTH-12-35-1-Topic-5-Cell-4,1,12.0,35.0,1236.4754307315513,3527.965030894812
SYNTH-12-35-1-Topic-5-Cell-5,1,12.0,35.0,1190.755767148638,3447.7390123930245
SYNTH-12-35-1-Topic-5-Cell-6,1,12.0,35.0,1168.1523766524972,3550.065579198177
SYNTH-12-36-1-Topic-0-Cell-1,1,12.0,36.0,1200.0,3600.0
SYNTH-12-36-1-Topic-0-Cell-2,1,12.0,36.0,1217.924904260718,3580.4330770454126
SYNTH-12-36-1-Topic-0-Cell-3,1,12.0,36.0,1162.6159247908558,3603.2808922704635
SYNTH-12-36-1-Topic-7-Cell-4,1,12.0,36.0,1236.4754307315513,3627.965030894812
SYNTH-12-36-1-Topic-7-Cell-5,1,12.0,36.0,1190.755767148638,3547.7390123930245
SYNTH-12-36-1-Topic-8-Cell-6,1,12.0,36.0,1168.1523766524972,3650.065579198177
SYNTH-12-37-1-Topic-2-Cell-1,1,12.0,37.0,1200.0,3700.0
SYNTH-12-37-1-Topic-2-Cell-2,1,12.0,37.0,1221.9534345634995,3676.0355114624545
SYNTH-12-37-1-Topic-7-Cell-3,1,12.0,37.0,1154.2140456158832,3704.018255981838
SYNTH-12-37-1-Topic-7-Cell-4,1,12.0,37.0,1244.6730967202666,3734.2500281667285
SYNTH-12-38-1-Topic-8-Cell-1,1,12.0,38.0,1200.0,3800.0
SYNTH-12-38-1-Topic-8-Cell-2,1,12.0,38.0,1219.6357488094313,3778.5655098336138
SYNTH-12-38-1-Topic-8-Cell-3,1,12.0,38.0,1159.0477974329642,3803.594037410554
SYNTH-12-38-1-Topic-8-Cell-4,1,12.0,38.0,1239.9568324127756,3830.634156484835
SYNTH-12-38-1-Topic-8-Cell-5,1,12.0,38.0,1189.8734502809575,3742.750956420323
SYNTH-12-39-1-Topic-8-Cell-1,1,12.0,39.0,1200.0,3900.0
SYNTH-12-39-1-Topic-8-Cell-2,1,12.0,39.0,1221.9534345634995,3876.0355114624545
SYNTH-12-39-1-Topic-8-Cell-3,1,12.0,39.0,1154.2140456158832,3904.018255981838
SYNTH-12-39-1-Topic-8-Cell-4,1,12.0,39.0,1244.6730967202666,3934.2500281667285
SYNTH-12-40-1-Topic-8-Cell-1,1,12.0,40.0,1200.0,4000.0
SYNTH-12-40-1-Topic-8-Cell-2,1,12.0,40.0,1221.9534345634995,3976.0355114624545
SYNTH-12-40-1-Topic-8-Cell-3,1,12.0,40.0,1154.2140456158832,4004.018255981838
SYNTH-12-40-1-Topic-8-Cell-4,1,12.0,40.0,1244.6730967202666,4034.2500281667285
SYNTH-12-41-1-Topic-8-Cell-1,1,12.0,41.0,1200.0,4100.0
SYNTH-12-41-1-Topic-8-Cell-2,1,12.0,41.0,1219.6357488094313,4078.5655098336138
SYNTH-12-41-1-Topic-8-Cell-3,1,12.0,41.0,1159.0477974329642,4103.594037410554
SYNTH-12-41-1-Topic-8-Cell-4,1,12.0,41.0,1239.9568324127756,4130.634156484835
SYNTH-12-41-1-Topic-8-Cell-5,1,12.0,41.0,1189.8734502809575,4042.750956420323
SYNTH-12-42-1-Topic-7-Cell-1,1,12.0,42.0,1200.0,4200.0
SYNTH-12-42-1-Topic-7-Cell-2,1,12.0,42.0,1221.9534345634995,4176.035511462454
SYNTH-12-42-1-Topic-8-Cell-3,1,12.0,42.0,1154.2140456158832,4204.018255981839
SYNTH-12-42-1-Topic-8-Cell-4,1,12.0,42.0,1244.6730967202666,4234.250028166729
SYNTH-12-43-1-Topic-0-Cell-1,1,12.0,43.0,1200.0,4300.0
SYNTH-12-43-1-Topic-0-Cell-2,1,12.0,43.0,1219.6357488094313,4278.565509833614
SYNTH-12-43-1-Topic-8-Cell-3,1,12.0,43.0,1159.0477974329642,4303.594037410554
SYNTH-12-43-1-Topic-8-Cell-4,1,12.0,43.0,1239.9568324127756,4330.634156484835
SYNTH-12-43-1-Topic-8-Cell-5,1,12.0,43.0,1189.8734502809575,4242.750956420323
SYNTH-12-44-1-Topic-0-Cell-1,1,12.0,44.0,1200.0,4400.0
SYNTH-12-44-1-Topic-0-Cell-2,1,12.0,44.0,1217.924904260718,4380.433077045413
SYNTH-12-44-1-Topic-7-Cell-3,1,12.0,44.0,1162.6159247908558,4403.2808922704635
SYNTH-12-44-1-Topic-7-Cell-4,1,12.0,44.0,1236.4754307315513,4427.965030894812
SYNTH-12-44-1-Topic-8-Cell-5,1,12.0,44.0,1190.755767148638,4347.7390123930245
SYNTH-12-44-1-Topic-10-Cell-6,1,12.0,44.0,1168.1523766524972,4450.065579198177
SYNTH-12-45-1-Topic-10-Cell-1,1,12.0,45.0,1200.0,4500.0
SYNTH-12-45-1-Topic-10-Cell-2,1,12.0,45.0,1221.9534345634995,4476.035511462454
SYNTH-12-45-1-Topic-10-Cell-3,1,12.0,45.0,1154.2140456158832,4504.018255981839
SYNTH-12-45-1-Topic-10-Cell-4,1,12.0,45.0,1244.6730967202666,4534.250028166729
SYNTH-12-46-1-Topic-7-Cell-1,1,12.0,46.0,1200.0,4600.0
SYNTH-12-46-1-Topic-7-Cell-2,1,12.0,46.0,1219.6357488094313,4578.565509833614
SYNTH-12-46-1-Topic-8-Cell-3,1,12.0,46.0,1159.0477974329642,4603.594037410554
SYNTH-12-46-1-Topic-8-Cell-4,1,12.0,46.0,1239.9568324127756,4630.634156484835
SYNTH-12-46-1-Topic-8-Cell-5,1,12.0,46.0,1189.8734502809575,4542.750956420323
SYNTH-12-47-1-Topic-4-Cell-1,1,12.0,47.0,1200.0,4700.0
SYNTH-12-47-1-Topic-4-Cell-2,1,12.0,47.0,1221.9534345634995,4676.035511462454
SYNTH-12-47-1-Topic-4-Cell-3,1,12.0,47.0,1154.2140456158832,4704.018255981839
SYNTH-12-47-1-Topic-4-Cell-4,1,12.0,47.0,1244.6730967202666,4734.250028166729
SYNTH-12-48-1-Topic-7-Cell-1,1,12.0,48.0,1200.0,4800.0
SYNTH-12-48-1-Topic-8-Cell-2,1,12.0,48.0,1225.3496427097466,4772.328192183713
SYNTH-12-48-1-Topic-8-Cell-3,1,12.0,48.0,1147.1309338224526,4804.639882345574
SYNTH-12-49-1-Topic-4-Cell-1,1,12.0,49.0,1200.0,4900.0
SYNTH-12-49-1-Topic-4-Cell-2,1,12.0,49.0,1219.6357488094313,4878.565509833614
SYNTH-12-49-1-Topic-4-Cell-3,1,12.0,49.0,1159.0477974329642,4903.594037410554
SYNTH-12-49-1-Topic-7-Cell-4,1,12.0,49.0,1239.9568324127756,4930.634156484835
SYNTH-12-49-1-Topic-8-Cell-5,1,12.0,49.0,1189.8734502809575,4842.750956420323
SYNTH-12-50-1-Topic-8-Cell-1,1,12.0,50.0,1200.0,5000.0
SYNTH-12-50-1-Topic-8-Cell-2,1,12.0,50.0,1221.9534345634995,4976.035511462454
SYNTH-12-50-1-Topic-8-Cell-3,1,12.0,50.0,1154.2140456158832,5004.018255981839
SYNTH-12-50-1-Topic-8-Cell-4,1,12.0,50.0,1244.6730967202666,5034.250028166729
SYNTH-13-1-1-Topic-4-Cell-1,1,13.0,1.0,1300.0,150.0
SYNTH-13-1-1-Topic-4-Cell-2,1,13.0,1.0,1321.9534345634995,126.03551146245461
SYNTH-13-1-1-Topic-4-Cell-3,1,13.0,1.0,1254.2140456158832,154.0182559818382
SYNTH-13-1-1-Topic-8-Cell-4,1,13.0,1.0,1344.6730967202666,184.2500281667286
SYNTH-13-2-1-Topic-0-Cell-1,1,13.0,2.0,1300.0,250.0
SYNTH-13-2-1-Topic-4-Cell-2,1,13.0,2.0,1319.6357488094313,228.5655098336136
SYNTH-13-2-1-Topic-7-Cell-3,1,13.0,2.0,1259.0477974329642,253.59403741055414
SYNTH-13-2-1-Topic-7-Cell-4,1,13.0,2.0,1339.9568324127756,280.6341564848351
SYNTH-13-2-1-Topic-8-Cell-5,1,13.0,2.0,1289.8734502809575,192.75095642032298
SYNTH-13-3-1-Topic-0-Cell-1,1,13.0,3.0,1300.0,350.0
SYNTH-13-3-1-Topic-0-Cell-2,1,13.0,3.0,1319.6357488094313,328.5655098336136
SYNTH-13-3-1-Topic-8-Cell-3,1,13.0,3.0,1259.0477974329642,353.59403741055417
SYNTH-13-3-1-Topic-8-Cell-4,1,13.0,3.0,1339.9568324127756,380.6341564848351
SYNTH-13-3-1-Topic-9-Cell-5,1,13.0,3.0,1289.8734502809575,292.75095642032295
SYNTH-13-4-1-Topic-0-Cell-1,1,13.0,4.0,1300.0,450.0
SYNTH-13-4-1-Topic-7-Cell-2,1,13.0,4.0,1319.6357488094313,428.5655098336136
SYNTH-13-4-1-Topic-8-Cell-3,1,13.0,4.0,1259.0477974329642,453.59403741055417
SYNTH-13-4-1-Topic-8-Cell-4,1,13.0,4.0,1339.9568324127756,480.6341564848351
SYNTH-13-4-1-Topic-8-Cell-5,1,13.0,4.0,1289.8734502809575,392.75095642032295
SYNTH-13-5-1-Topic-4-Cell-1,1,13.0,5.0,1300.0,550.0
SYNTH-13-5-1-Topic-8-Cell-2,1,13.0,5.0,1321.9534345634995,526.0355114624546
SYNTH-13-5-1-Topic-8-Cell-3,1,13.0,5.0,1254.2140456158832,554.0182559818381
SYNTH-13-5-1-Topic-8-Cell-4,1,13.0,5.0,1344.6730967202666,584.2500281667286
SYNTH-13-6-1-Topic-0-Cell-1,1,13.0,6.0,1300.0,650.0
SYNTH-13-6-1-Topic-0-Cell-2,1,13.0,6.0,1319.6357488094313,628.5655098336136
SYNTH-13-6-1-Topic-0-Cell-3,1,13.0,6.0,1259.0477974329642,653.5940374105542
SYNTH-13-6-1-Topic-4-Cell-4,1,13.0,6.0,1339.9568324127756,680.6341564848351
SYNTH-13-6-1-Topic-9-Cell-5,1,13.0,6.0,1289.8734502809575,592.750956420323
SYNTH-13-7-1-Topic-4-Cell-1,1,13.0,7.0,1300.0,750.0
SYNTH-13-7-1-Topic-4-Cell-2,1,13.0,7.0,1317.924904260718,730.4330770454125
SYNTH-13-7-1-Topic-8-Cell-3,1,13.0,7.0,1262.6159247908558,753.2808922704633
SYNTH-13-7-1-Topic-8-Cell-4,1,13.0,7.0,1336.4754307315513,777.9650308948122
SYNTH-13-7-1-Topic-8-Cell-5,1,13.0,7.0,1290.755767148638,697.7390123930243
SYNTH-13-7-1-Topic-8-Cell-6,1,13.0,7.0,1268.1523766524972,800.0655791981769
SYNTH-13-8-1-Topic-8-Cell-1,1,13.0,8.0,1300.0,850.0
SYNTH-13-8-1-Topic-8-Cell-2,1,13.0,8.0,1319.6357488094313,828.5655098336136
SYNTH-13-8-1-Topic-8-Cell-3,1,13.0,8.0,1259.0477974329642,853.5940374105542
SYNTH-13-8-1-Topic-8-Cell-4,1,13.0,8.0,1339.9568324127756,880.6341564848351
SYNTH-13-8-1-Topic-8-Cell-5,1,13.0,8.0,1289.8734502809575,792.750956420323
SYNTH-13-9-1-Topic-7-Cell-1,1,13.0,9.0,1300.0,950.0
SYNTH-13-9-1-Topic-8-Cell-2,1,13.0,9.0,1319.6357488094313,928.5655098336136
SYNTH-13-9-1-Topic-8-Cell-3,1,13.0,9.0,1259.0477974329642,953.5940374105542
SYNTH-13-9-1-Topic-8-Cell-4,1,13.0,9.0,1339.9568324127756,980.6341564848351
SYNTH-13-9-1-Topic-8-Cell-5,1,13.0,9.0,1289.8734502809575,892.750956420323
SYNTH-13-10-1-Topic-0-Cell-1,1,13.0,10.0,1300.0,1050.0
SYNTH-13-10-1-Topic-0-Cell-2,1,13.0,10.0,1319.6357488094313,1028.5655098336135
SYNTH-13-10-1-Topic-0-Cell-3,1,13.0,10.0,1259.0477974329642,1053.5940374105542
SYNTH-13-10-1-Topic-7-Cell-4,1,13.0,10.0,1339.9568324127756,1080.634156484835
SYNTH-13-10-1-Topic-8-Cell-5,1,13.0,10.0,1289.8734502809575,992.750956420323
SYNTH-13-11-1-Topic-0-Cell-1,1,13.0,11.0,1300.0,1150.0
SYNTH-13-11-1-Topic-0-Cell-2,1,13.0,11.0,1319.6357488094313,1128.5655098336135
SYNTH-13-11-1-Topic-8-Cell-3,1,13.0,11.0,1259.0477974329642,1153.5940374105542
SYNTH-13-11-1-Topic-8-Cell-4,1,13.0,11.0,1339.9568324127756,1180.634156484835
SYNTH-13-11-1-Topic-8-Cell-5,1,13.0,11.0,1289.8734502809575,1092.750956420323
SYNTH-13-12-1-Topic-8-Cell-1,1,13.0,12.0,1300.0,1250.0
SYNTH-13-12-1-Topic-8-Cell-2,1,13.0,12.0,1319.6357488094313,1228.5655098336135
SYNTH-13-12-1-Topic-8-Cell-3,1,13.0,12.0,1259.0477974329642,1253.5940374105542
SYNTH-13-12-1-Topic-8-Cell-4,1,13.0,12.0,1339.9568324127756,1280.634156484835
SYNTH-13-12-1-Topic-8-Cell-5,1,13.0,12.0,1289.8734502809575,1192.750956420323
SYNTH-13-13-1-Topic-7-Cell-1,1,13.0,13.0,1300.0,1350.0
SYNTH-13-13-1-Topic-7-Cell-2,1,13.0,13.0,1331.0468449003713,1316.1090952948687
SYNTH-13-14-1-Topic-0-Cell-1,1,13.0,14.0,1300.0,1450.0
SYNTH-13-14-1-Topic-0-Cell-2,1,13.0,14.0,1319.6357488094313,1428.5655098336135
SYNTH-13-14-1-Topic-0-Cell-3,1,13.0,14.0,1259.0477974329642,1453.5940374105542
SYNTH-13-14-1-Topic-7-Cell-4,1,13.0,14.0,1339.9568324127756,1480.634156484835
SYNTH-13-14-1-Topic-8-Cell-5,1,13.0,14.0,1289.8734502809575,1392.750956420323
SYNTH-13-15-1-Topic-0-Cell-1,1,13.0,15.0,1300.0,1550.0
SYNTH-13-15-1-Topic-8-Cell-2,1,13.0,15.0,1319.6357488094313,1528.5655098336135
SYNTH-13-15-1-Topic-8-Cell-3,1,13.0,15.0,1259.0477974329642,1553.5940374105542
SYNTH-13-15-1-Topic-10-Cell-4,1,13.0,15.0,1339.9568324127756,1580.634156484835
SYNTH-13-15-1-Topic-10-Cell-5,1,13.0,15.0,1289.8734502809575,1492.750956420323
SYNTH-13-16-1-Topic-0-Cell-1,1,13.0,16.0,1300.0,1650.0
SYNTH-13-16-1-Topic-7-Cell-2,1,13.0,16.0,1319.6357488094313,1628.5655098336135
SYNTH-13-16-1-Topic-7-Cell-3,1,13.0,16.0,1259.0477974329642,1653.5940374105542
SYNTH-13-16-1-Topic-8-Cell-4,1,13.0,16.0,1339.9568324127756,1680.634156484835
SYNTH-13-16-1-Topic-8-Cell-5,1,13.0,16.0,1289.8734502809575,1592.750956420323
SYNTH-13-17-1-Topic-8-Cell-1,1,13.0,17.0,1300.0,1750.0
SYNTH-13-17-1-Topic-8-Cell-2,1,13.0,17.0,1321.9534345634995,1726.0355114624547
SYNTH-13-17-1-Topic-8-Cell-3,1,13.0,17.0,1254.2140456158832,1754.0182559818381
SYNTH-13-17-1-Topic-8-Cell-4,1,13.0,17.0,1344.6730967202666,1784.2500281667287
SYNTH-13-18-1-Topic-7-Cell-1,1,13.0,18.0,1300.0,1850.0
SYNTH-13-18-1-Topic-8-Cell-2,1,13.0,18.0,1321.9534345634995,1826.0355114624547
SYNTH-13-18-1-Topic-8-Cell-3,1,13.0,18.0,1254.2140456158832,1854.0182559818381
SYNTH-13-18-1-Topic-8-Cell-4,1,13.0,18.0,1344.6730967202666,1884.2500281667287
SYNTH-13-19-1-Topic-0-Cell-1,1,13.0,19.0,1300.0,1950.0
SYNTH-13-19-1-Topic-0-Cell-2,1,13.0,19.0,1317.924904260718,1930.4330770454126
SYNTH-13-19-1-Topic-0-Cell-3,1,13.0,19.0,1262.6159247908558,1953.2808922704633
SYNTH-13-19-1-Topic-0-Cell-4,1,13.0,19.0,1336.4754307315513,1977.9650308948123
SYNTH-13-19-1-Topic-8-Cell-5,1,13.0,19.0,1290.755767148638,1897.7390123930243
SYNTH-13-19-1-Topic-9-Cell-6,1,13.0,19.0,1268.1523766524972,2000.065579198177
SYNTH-13-20-1-Topic-8-Cell-1,1,13.0,20.0,1300.0,2050.0
SYNTH-13-20-1-Topic-8-Cell-2,1,13.0,20.0,1317.924904260718,2030.4330770454126
SYNTH-13-20-1-Topic-9-Cell-3,1,13.0,20.0,1262.6159247908558,2053.2808922704635
SYNTH-13-20-1-Topic-9-Cell-4,1,13.0,20.0,1336.4754307315513,2077.965030894812
SYNTH-13-20-1-Topic-9-Cell-5,1,13.0,20.0,1290.755767148638,1997.7390123930243
SYNTH-13-20-1-Topic-9-Cell-6,1,13.0,20.0,1268.1523766524972,2100.065579198177
SYNTH-13-21-1-Topic-0-Cell-1,1,13.0,21.0,1300.0,2150.0
SYNTH-13-21-1-Topic-0-Cell-2,1,13.0,21.0,1317.924904260718,2130.4330770454126
SYNTH-13-21-1-Topic-0-Cell-3,1,13.0,21.0,1262.6159247908558,2153.2808922704635
SYNTH-13-21-1-Topic-8-Cell-4,1,13.0,21.0,1336.4754307315513,2177.965030894812
SYNTH-13-21-1-Topic-8-Cell-5,1,13.0,21.0,1290.755767148638,2097.7390123930245
SYNTH-13-21-1-Topic-10-Cell-6,1,13.0,21.0,1268.1523766524972,2200.065579198177
SYNTH-13-22-1-Topic-7-Cell-1,1,13.0,22.0,1300.0,2250.0
SYNTH-13-22-1-Topic-7-Cell-2,1,13.0,22.0,1319.6357488094313,2228.5655098336138
SYNTH-13-22-1-Topic-7-Cell-3,1,13.0,22.0,1259.0477974329642,2253.594037410554
SYNTH-13-22-1-Topic-8-Cell-4,1,13.0,22.0,1339.9568324127756,2280.634156484835
SYNTH-13-22-1-Topic-8-Cell-5,1,13.0,22.0,1289.8734502809575,2192.750956420323
SYNTH-13-23-1-Topic-8-Cell-1,1,13.0,23.0,1300.0,2350.0
SYNTH-13-23-1-Topic-8-Cell-2,1,13.0,23.0,1321.9534345634995,2326.0355114624545
SYNTH-13-23-1-Topic-8-Cell-3,1,13.0,23.0,1254.2140456158832,2354.018255981838
SYNTH-13-23-1-Topic-9-Cell-4,1,13.0,23.0,1344.6730967202666,2384.2500281667285
SYNTH-13-24-1-Topic-7-Cell-1,1,13.0,24.0,1300.0,2450.0
SYNTH-13-24-1-Topic-8-Cell-2,1,13.0,24.0,1319.6357488094313,2428.5655098336138
SYNTH-13-24-1-Topic-8-Cell-3,1,13.0,24.0,1259.0477974329642,2453.594037410554
SYNTH-13-24-1-Topic-8-Cell-4,1,13.0,24.0,1339.9568324127756,2480.634156484835
SYNTH-13-24-1-Topic-8-Cell-5,1,13.0,24.0,1289.8734502809575,2392.750956420323
SYNTH-13-25-1-Topic-0-Cell-1,1,13.0,25.0,1300.0,2550.0
SYNTH-13-25-1-Topic-0-Cell-2,1,13.0,25.0,1317.924904260718,2530.4330770454126
SYNTH-13-25-1-Topic-4-Cell-3,1,13.0,25.0,1262.6159247908558,2553.2808922704635
SYNTH-13-25-1-Topic-4-Cell-4,1,13.0,25.0,1336.4754307315513,2577.965030894812
SYNTH-13-25-1-Topic-4-Cell-5,1,13.0,25.0,1290.755767148638,2497.7390123930245
SYNTH-13-25-1-Topic-8-Cell-6,1,13.0,25.0,1268.1523766524972,2600.065579198177
SYNTH-13-26-1-Topic-0-Cell-1,1,13.0,26.0,1300.0,2650.0
SYNTH-13-26-1-Topic-8-Cell-2,1,13.0,26.0,1319.6357488094313,2628.5655098336138
SYNTH-13-26-1-Topic-8-Cell-3,1,13.0,26.0,1259.0477974329642,2653.594037410554
SYNTH-13-26-1-Topic-8-Cell-4,1,13.0,26.0,1339.9568324127756,2680.634156484835
SYNTH-13-26-1-Topic-8-Cell-5,1,13.0,26.0,1289.8734502809575,2592.750956420323
SYNTH-13-27-1-Topic-8-Cell-1,1,13.0,27.0,1300.0,2750.0
SYNTH-13-27-1-Topic-8-Cell-2,1,13.0,27.0,1319.6357488094313,2728.5655098336138
SYNTH-13-27-1-Topic-8-Cell-3,1,13.0,27.0,1259.0477974329642,2753.594037410554
SYNTH-13-27-1-Topic-8-Cell-4,1,13.0,27.0,1339.9568324127756,2780.634156484835
SYNTH-13-27-1-Topic-8-Cell-5,1,13.0,27.0,1289.8734502809575,2692.750956420323
SYNTH-13-28-1-Topic-0-Cell-1,1,13.0,28.0,1300.0,2850.0
SYNTH-13-28-1-Topic-8-Cell-2,1,13.0,28.0,1319.6357488094313,2828.5655098336138
SYNTH-13-28-1-Topic-8-Cell-3,1,13.0,28.0,1259.0477974329642,2853.594037410554
SYNTH-13-28-1-Topic-8-Cell-4,1,13.0,28.0,1339.9568324127756,2880.634156484835
SYNTH-13-28-1-Topic-8-Cell-5,1,13.0,28.0,1289.8734502809575,2792.750956420323
SYNTH-13-29-1-Topic-0-Cell-1,1,13.0,29.0,1300.0,2950.0
SYNTH-13-29-1-Topic-0-Cell-2,1,13.0,29.0,1317.924904260718,2930.4330770454126
SYNTH-13-29-1-Topic-0-Cell-3,1,13.0,29.0,1262.6159247908558,2953.2808922704635
SYNTH-13-29-1-Topic-0-Cell-4,1,13.0,29.0,1336.4754307315513,2977.965030894812
SYNTH-13-29-1-Topic-0-Cell-5,1,13.0,29.0,1290.755767148638,2897.7390123930245
SYNTH-13-29-1-Topic-0-Cell-6,1,13.0,29.0,1268.1523766524972,3000.065579198177
SYNTH-13-30-1-Topic-7-Cell-1,1,13.0,30.0,1300.0,3050.0
SYNTH-13-30-1-Topic-8-Cell-2,1,13.0,30.0,1319.6357488094313,3028.5655098336138
SYNTH-13-30-1-Topic-8-Cell-3,1,13.0,30.0,1259.0477974329642,3053.594037410554
SYNTH-13-30-1-Topic-8-Cell-4,1,13.0,30.0,1339.9568324127756,3080.634156484835
SYNTH-13-30-1-Topic-8-Cell-5,1,13.0,30.0,1289.8734502809575,2992.750956420323
SYNTH-13-31-1-Topic-8-Cell-1,1,13.0,31.0,1300.0,3150.0
SYNTH-13-31-1-Topic-8-Cell-2,1,13.0,31.0,1321.9534345634995,3126.0355114624545
SYNTH-13-31-1-Topic-8-Cell-3,1,13.0,31.0,1254.2140456158832,3154.018255981838
SYNTH-13-31-1-Topic-9-Cell-4,1,13.0,31.0,1344.6730967202666,3184.2500281667285
SYNTH-13-32-1-Topic-0-Cell-1,1,13.0,32.0,1300.0,3250.0
SYNTH-13-32-1-Topic-0-Cell-2,1,13.0,32.0,1317.924904260718,3230.4330770454126
SYNTH-13-32-1-Topic-7-Cell-3,1,13.0,32.0,1262.6159247908558,3253.2808922704635
SYNTH-13-32-1-Topic-8-Cell-4,1,13.0,32.0,1336.4754307315513,3277.965030894812
SYNTH-13-32-1-Topic-8-Cell-5,1,13.0,32.0,1290.755767148638,3197.7390123930245
SYNTH-13-32-1-Topic-8-Cell-6,1,13.0,32.0,1268.1523766524972,3300.065579198177
SYNTH-13-33-1-Topic-8-Cell-1,1,13.0,33.0,1300.0,3350.0
SYNTH-13-33-1-Topic-8-Cell-2,1,13.0,33.0,1319.6357488094313,3328.5655098336138
SYNTH-13-33-1-Topic-8-Cell-3,1,13.0,33.0,1259.0477974329642,3353.594037410554
SYNTH-13-33-1-Topic-8-Cell-4,1,13.0,33.0,1339.9568324127756,3380.634156484835
SYNTH-13-33-1-Topic-8-Cell-5,1,13.0,33.0,1289.8734502809575,3292.750956420323
SYNTH-13-34-1-Topic-0-Cell-1,1,13.0,34.0,1300.0,3450.0
SYNTH-13-34-1-Topic-0-Cell-2,1,13.0,34.0,1319.6357488094313,3428.5655098336138
SYNTH-13-34-1-Topic-0-Cell-3,1,13.0,34.0,1259.0477974329642,3453.594037410554
SYNTH-13-34-1-Topic-0-Cell-4,1,13.0,34.0,1339.9568324127756,3480.634156484835
SYNTH-13-34-1-Topic-7-Cell-5,1,13.0,34.0,1289.8734502809575,3392.750956420323
SYNTH-13-35-1-Topic-0-Cell-1,1,13.0,35.0,1300.0,3550.0
SYNTH-13-35-1-Topic-7-Cell-2,1,13.0,35.0,1319.6357488094313,3528.5655098336138
SYNTH-13-35-1-Topic-8-Cell-3,1,13.0,35.0,1259.0477974329642,3553.594037410554
SYNTH-13-35-1-Topic-8-Cell-4,1,13.0,35.0,1339.9568324127756,3580.634156484835
SYNTH-13-35-1-Topic-8-Cell-5,1,13.0,35.0,1289.8734502809575,3492.750956420323
SYNTH-13-36-1-Topic-0-Cell-1,1,13.0,36.0,1300.0,3650.0
SYNTH-13-36-1-Topic-8-Cell-2,1,13.0,36.0,1319.6357488094313,3628.5655098336138
SYNTH-13-36-1-Topic-8-Cell-3,1,13.0,36.0,1259.0477974329642,3653.594037410554
SYNTH-13-36-1-Topic-8-Cell-4,1,13.0,36.0,1339.9568324127756,3680.634156484835
SYNTH-13-36-1-Topic-8-Cell-5,1,13.0,36.0,1289.8734502809575,3592.750956420323
SYNTH-13-37-1-Topic-9-Cell-1,1,13.0,37.0,1300.0,3750.0
SYNTH-13-37-1-Topic-9-Cell-2,1,13.0,37.0,1321.9534345634995,3726.0355114624545
SYNTH-13-37-1-Topic-9-Cell-3,1,13.0,37.0,1254.2140456158832,3754.018255981838
SYNTH-13-37-1-Topic-9-Cell-4,1,13.0,37.0,1344.6730967202666,3784.2500281667285
SYNTH-13-38-1-Topic-8-Cell-1,1,13.0,38.0,1300.0,3850.0
SYNTH-13-38-1-Topic-8-Cell-2,1,13.0,38.0,1319.6357488094313,3828.5655098336138
SYNTH-13-38-1-Topic-8-Cell-3,1,13.0,38.0,1259.0477974329642,3853.594037410554
SYNTH-13-38-1-Topic-8-Cell-4,1,13.0,38.0,1339.9568324127756,3880.634156484835
SYNTH-13-38-1-Topic-8-Cell-5,1,13.0,38.0,1289.8734502809575,3792.750956420323
SYNTH-13-39-1-Topic-0-Cell-1,1,13.0,39.0,1300.0,3950.0
SYNTH-13-39-1-Topic-0-Cell-2,1,13.0,39.0,1317.924904260718,3930.4330770454126
SYNTH-13-39-1-Topic-8-Cell-3,1,13.0,39.0,1262.6159247908558,3953.2808922704635
SYNTH-13-39-1-Topic-8-Cell-4,1,13.0,39.0,1336.4754307315513,3977.965030894812
SYNTH-13-39-1-Topic-8-Cell-5,1,13.0,39.0,1290.755767148638,3897.7390123930245
SYNTH-13-39-1-Topic-8-Cell-6,1,13.0,39.0,1268.1523766524972,4000.065579198177
SYNTH-13-40-1-Topic-0-Cell-1,1,13.0,40.0,1300.0,4050.0
SYNTH-13-40-1-Topic-0-Cell-2,1,13.0,40.0,1319.6357488094313,4028.5655098336138
SYNTH-13-40-1-Topic-4-Cell-3,1,13.0,40.0,1259.0477974329642,4053.594037410554
SYNTH-13-40-1-Topic-8-Cell-4,1,13.0,40.0,1339.9568324127756,4080.634156484835
SYNTH-13-40-1-Topic-10-Cell-5,1,13.0,40.0,1289.8734502809575,3992.750956420323
SYNTH-13-41-1-Topic-8-Cell-1,1,13.0,41.0,1300.0,4150.0
SYNTH-13-41-1-Topic-8-Cell-2,1,13.0,41.0,1319.6357488094313,4128.565509833614
SYNTH-13-41-1-Topic-8-Cell-3,1,13.0,41.0,1259.0477974329642,4153.594037410554
SYNTH-13-41-1-Topic-8-Cell-4,1,13.0,41.0,1339.9568324127756,4180.634156484835
SYNTH-13-41-1-Topic-8-Cell-5,1,13.0,41.0,1289.8734502809575,4092.750956420323
SYNTH-13-42-1-Topic-7-Cell-1,1,13.0,42.0,1300.0,4250.0
SYNTH-13-42-1-Topic-8-Cell-2,1,13.0,42.0,1321.9534345634995,4226.035511462454
SYNTH-13-42-1-Topic-8-Cell-3,1,13.0,42.0,1254.2140456158832,4254.018255981839
SYNTH-13-42-1-Topic-8-Cell-4,1,13.0,42.0,1344.6730967202666,4284.250028166729
SYNTH-13-43-1-Topic-0-Cell-1,1,13.0,43.0,1300.0,4350.0
SYNTH-13-43-1-Topic-0-Cell-2,1,13.0,43.0,1319.6357488094313,4328.565509833614
SYNTH-13-43-1-Topic-7-Cell-3,1,13.0,43.0,1259.0477974329642,4353.594037410554
SYNTH-13-43-1-Topic-8-Cell-4,1,13.0,43.0,1339.9568324127756,4380.634156484835
SYNTH-13-43-1-Topic-8-Cell-5,1,13.0,43.0,1289.8734502809575,4292.750956420323
SYNTH-13-44-1-Topic-0-Cell-1,1,13.0,44.0,1300.0,4450.0
SYNTH-13-44-1-Topic-0-Cell-2,1,13.0,44.0,1319.6357488094313,4428.565509833614
SYNTH-13-44-1-Topic-0-Cell-3,1,13.0,44.0,1259.0477974329642,4453.594037410554
SYNTH-13-44-1-Topic-0-Cell-4,1,13.0,44.0,1339.9568324127756,4480.634156484835
SYNTH-13-44-1-Topic-8-Cell-5,1,13.0,44.0,1289.8734502809575,4392.750956420323
SYNTH-13-45-1-Topic-7-Cell-1,1,13.0,45.0,1300.0,4550.0
SYNTH-13-45-1-Topic-8-Cell-2,1,13.0,45.0,1321.9534345634995,4526.035511462454
SYNTH-13-45-1-Topic-8-Cell-3,1,13.0,45.0,1254.2140456158832,4554.018255981839
SYNTH-13-45-1-Topic-8-Cell-4,1,13.0,45.0,1344.6730967202666,4584.250028166729
SYNTH-13-46-1-Topic-0-Cell-1,1,13.0,46.0,1300.0,4650.0
SYNTH-13-46-1-Topic-0-Cell-2,1,13.0,46.0,1319.6357488094313,4628.565509833614
SYNTH-13-46-1-Topic-8-Cell-3,1,13.0,46.0,1259.0477974329642,4653.594037410554
SYNTH-13-46-1-Topic-8-Cell-4,1,13.0,46.0,1339.9568324127756,4680.634156484835
SYNTH-13-46-1-Topic-8-Cell-5,1,13.0,46.0,1289.8734502809575,4592.750956420323
SYNTH-13-47-1-Topic-0-Cell-1,1,13.0,47.0,1300.0,4750.0
SYNTH-13-47-1-Topic-0-Cell-2,1,13.0,47.0,1319.6357488094313,4728.565509833614
SYNTH-13-47-1-Topic-8-Cell-3,1,13.0,47.0,1259.0477974329642,4753.594037410554
SYNTH-13-47-1-Topic-8-Cell-4,1,13.0,47.0,1339.9568324127756,4780.634156484835
SYNTH-13-47-1-Topic-8-Cell-5,1,13.0,47.0,1289.8734502809575,4692.750956420323
SYNTH-13-48-1-Topic-8-Cell-1,1,13.0,48.0,1300.0,4850.0
SYNTH-13-48-1-Topic-8-Cell-2,1,13.0,48.0,1319.6357488094313,4828.565509833614
SYNTH-13-48-1-Topic-8-Cell-3,1,13.0,48.0,1259.0477974329642,4853.594037410554
SYNTH-13-48-1-Topic-8-Cell-4,1,13.0,48.0,1339.9568324127756,4880.634156484835
SYNTH-13-48-1-Topic-8-Cell-5,1,13.0,48.0,1289.8734502809575,4792.750956420323
SYNTH-13-49-1-Topic-0-Cell-1,1,13.0,49.0,1300.0,4950.0
SYNTH-13-49-1-Topic-0-Cell-2,1,13.0,49.0,1319.6357488094313,4928.565509833614
SYNTH-13-49-1-Topic-7-Cell-3,1,13.0,49.0,1259.0477974329642,4953.594037410554
SYNTH-13-49-1-Topic-8-Cell-4,1,13.0,49.0,1339.9568324127756,4980.634156484835
SYNTH-13-49-1-Topic-8-Cell-5,1,13.0,49.0,1289.8734502809575,4892.750956420323
SYNTH-13-50-1-Topic-0-Cell-1,1,13.0,50.0,1300.0,5050.0
SYNTH-13-50-1-Topic-0-Cell-2,1,13.0,50.0,1319.6357488094313,5028.565509833614
SYNTH-13-50-1-Topic-7-Cell-3,1,13.0,50.0,1259.0477974329642,5053.594037410554
SYNTH-13-50-1-Topic-8-Cell-4,1,13.0,50.0,1339.9568324127756,5080.634156484835
SYNTH-13-50-1-Topic-9-Cell-5,1,13.0,50.0,1289.8734502809575,4992.750956420323
SYNTH-14-1-1-Topic-0-Cell-1,1,14.0,1.0,1400.0,100.0
SYNTH-14-1-1-Topic-8-Cell-2,1,14.0,1.0,1419.6357488094313,78.56550983361359
SYNTH-14-1-1-Topic-10-Cell-3,1,14.0,1.0,1359.0477974329642,103.59403741055415
SYNTH-14-1-1-Topic-10-Cell-4,1,14.0,1.0,1439.9568324127756,130.63415648483507
SYNTH-14-1-1-Topic-10-Cell-5,1,14.0,1.0,1389.8734502809575,42.75095642032298
SYNTH-14-2-1-Topic-8-Cell-1,1,14.0,2.0,1400.0,200.0
SYNTH-14-2-1-Topic-8-Cell-2,1,14.0,2.0,1421.9534345634995,176.03551146245462
SYNTH-14-2-1-Topic-8-Cell-3,1,14.0,2.0,1354.2140456158832,204.0182559818382
SYNTH-14-2-1-Topic-8-Cell-4,1,14.0,2.0,1444.6730967202666,234.2500281667286
SYNTH-14-3-1-Topic-8-Cell-1,1,14.0,3.0,1400.0,300.0
SYNTH-14-3-1-Topic-8-Cell-2,1,14.0,3.0,1419.6357488094313,278.5655098336136
SYNTH-14-3-1-Topic-8-Cell-3,1,14.0,3.0,1359.0477974329642,303.59403741055417
SYNTH-14-3-1-Topic-8-Cell-4,1,14.0,3.0,1439.9568324127756,330.6341564848351
SYNTH-14-3-1-Topic-9-Cell-5,1,14.0,3.0,1389.8734502809575,242.75095642032298
SYNTH-14-4-1-Topic-8-Cell-1,1,14.0,4.0,1400.0,400.0
SYNTH-14-4-1-Topic-8-Cell-2,1,14.0,4.0,1419.6357488094313,378.5655098336136
SYNTH-14-4-1-Topic-8-Cell-3,1,14.0,4.0,1359.0477974329642,403.59403741055417
SYNTH-14-4-1-Topic-8-Cell-4,1,14.0,4.0,1439.9568324127756,430.6341564848351
SYNTH-14-4-1-Topic-8-Cell-5,1,14.0,4.0,1389.8734502809575,342.75095642032295
SYNTH-14-5-1-Topic-0-Cell-1,1,14.0,5.0,1400.0,500.0
SYNTH-14-5-1-Topic-0-Cell-2,1,14.0,5.0,1417.924904260718,480.4330770454125
SYNTH-14-5-1-Topic-0-Cell-3,1,14.0,5.0,1362.6159247908558,503.28089227046326
SYNTH-14-5-1-Topic-8-Cell-4,1,14.0,5.0,1436.4754307315513,527.9650308948122
SYNTH-14-5-1-Topic-8-Cell-5,1,14.0,5.0,1390.755767148638,447.7390123930243
SYNTH-14-5-1-Topic-9-Cell-6,1,14.0,5.0,1368.1523766524972,550.0655791981769
SYNTH-14-6-1-Topic-0-Cell-1,1,14.0,6.0,1400.0,600.0
SYNTH-14-6-1-Topic-7-Cell-2,1,14.0,6.0,1417.924904260718,580.4330770454125
SYNTH-14-6-1-Topic-7-Cell-3,1,14.0,6.0,1362.6159247908558,603.2808922704633
SYNTH-14-6-1-Topic-8-Cell-4,1,14.0,6.0,1436.4754307315513,627.9650308948122
SYNTH-14-6-1-Topic-10-Cell-5,1,14.0,6.0,1390.755767148638,547.7390123930243
SYNTH-14-6-1-Topic-10-Cell-6,1,14.0,6.0,1368.1523766524972,650.0655791981769
SYNTH-14-7-1-Topic-7-Cell-1,1,14.0,7.0,1400.0,700.0
SYNTH-14-7-1-Topic-7-Cell-2,1,14.0,7.0,1421.9534345634995,676.0355114624546
SYNTH-14-7-1-Topic-8-Cell-3,1,14.0,7.0,1354.2140456158832,704.0182559818381
SYNTH-14-7-1-Topic-8-Cell-4,1,14.0,7.0,1444.6730967202666,734.2500281667286
SYNTH-14-8-1-Topic-4-Cell-1,1,14.0,8.0,1400.0,800.0
SYNTH-14-8-1-Topic-7-Cell-2,1,14.0,8.0,1419.6357488094313,778.5655098336136
SYNTH-14-8-1-Topic-7-Cell-3,1,14.0,8.0,1359.0477974329642,803.5940374105542
SYNTH-14-8-1-Topic-10-Cell-4,1,14.0,8.0,1439.9568324127756,830.6341564848351
SYNTH-14-8-1-Topic-10-Cell-5,1,14.0,8.0,1389.8734502809575,742.750956420323
SYNTH-14-9-1-Topic-8-Cell-1,1,14.0,9.0,1400.0,900.0
SYNTH-14-9-1-Topic-8-Cell-2,1,14.0,9.0,1421.9534345634995,876.0355114624546
SYNTH-14-9-1-Topic-8-Cell-3,1,14.0,9.0,1354.2140456158832,904.0182559818381
SYNTH-14-9-1-Topic-8-Cell-4,1,14.0,9.0,1444.6730967202666,934.2500281667286
SYNTH-14-10-1-Topic-8-Cell-1,1,14.0,10.0,1400.0,1000.0
SYNTH-14-10-1-Topic-8-Cell-2,1,14.0,10.0,1421.9534345634995,976.0355114624546
SYNTH-14-10-1-Topic-8-Cell-3,1,14.0,10.0,1354.2140456158832,1004.0182559818381
SYNTH-14-10-1-Topic-8-Cell-4,1,14.0,10.0,1444.6730967202666,1034.2500281667287
SYNTH-14-11-1-Topic-0-Cell-1,1,14.0,11.0,1400.0,1100.0
SYNTH-14-11-1-Topic-0-Cell-2,1,14.0,11.0,1421.9534345634995,1076.0355114624547
SYNTH-14-11-1-Topic-7-Cell-3,1,14.0,11.0,1354.2140456158832,1104.0182559818381
SYNTH-14-11-1-Topic-7-Cell-4,1,14.0,11.0,1444.6730967202666,1134.2500281667287
SYNTH-14-12-1-Topic-0-Cell-1,1,14.0,12.0,1400.0,1200.0
SYNTH-14-12-1-Topic-0-Cell-2,1,14.0,12.0,1419.6357488094313,1178.5655098336135
SYNTH-14-12-1-Topic-5-Cell-3,1,14.0,12.0,1359.0477974329642,1203.5940374105542
SYNTH-14-12-1-Topic-7-Cell-4,1,14.0,12.0,1439.9568324127756,1230.634156484835
SYNTH-14-12-1-Topic-7-Cell-5,1,14.0,12.0,1389.8734502809575,1142.750956420323
SYNTH-14-13-1-Topic-0-Cell-1,1,14.0,13.0,1400.0,1300.0
SYNTH-14-13-1-Topic-8-Cell-2,1,14.0,13.0,1417.924904260718,1280.4330770454126
SYNTH-14-13-1-Topic-8-Cell-3,1,14.0,13.0,1362.6159247908558,1303.2808922704633
SYNTH-14-13-1-Topic-8-Cell-4,1,14.0,13.0,1436.4754307315513,1327.9650308948123
SYNTH-14-13-1-Topic-8-Cell-5,1,14.0,13.0,1390.755767148638,1247.7390123930243
SYNTH-14-13-1-Topic-8-Cell-6,1,14.0,13.0,1368.1523766524972,1350.065579198177
SYNTH-14-14-1-Topic-7-Cell-1,1,14.0,14.0,1400.0,1400.0
SYNTH-14-14-1-Topic-8-Cell-2,1,14.0,14.0,1419.6357488094313,1378.5655098336135
SYNTH-14-14-1-Topic-9-Cell-3,1,14.0,14.0,1359.0477974329642,1403.5940374105542
SYNTH-14-14-1-Topic-9-Cell-4,1,14.0,14.0,1439.9568324127756,1430.634156484835
SYNTH-14-14-1-Topic-9-Cell-5,1,14.0,14.0,1389.8734502809575,1342.750956420323
SYNTH-14-15-1-Topic-0-Cell-1,1,14.0,15.0,1400.0,1500.0
SYNTH-14-15-1-Topic-0-Cell-2,1,14.0,15.0,1417.924904260718,1480.4330770454126
SYNTH-14-15-1-Topic-0-Cell-3,1,14.0,15.0,1362.6159247908558,1503.2808922704633
SYNTH-14-15-1-Topic-0-Cell-4,1,14.0,15.0,1436.4754307315513,1527.9650308948123
SYNTH-14-15-1-Topic-7-Cell-5,1,14.0,15.0,1390.755767148638,1447.7390123930243
SYNTH-14-15-1-Topic-8-Cell-6,1,14.0,15.0,1368.1523766524972,1550.065579198177
SYNTH-14-16-1-Topic-7-Cell-1,1,14.0,16.0,1400.0,1600.0
SYNTH-14-16-1-Topic-7-Cell-2,1,14.0,16.0,1419.6357488094313,1578.5655098336135
SYNTH-14-16-1-Topic-8-Cell-3,1,14.0,16.0,1359.0477974329642,1603.5940374105542
SYNTH-14-16-1-Topic-8-Cell-4,1,14.0,16.0,1439.9568324127756,1630.634156484835
SYNTH-14-16-1-Topic-8-Cell-5,1,14.0,16.0,1389.8734502809575,1542.750956420323
SYNTH-14-17-1-Topic-0-Cell-1,1,14.0,17.0,1400.0,1700.0
SYNTH-14-17-1-Topic-0-Cell-2,1,14.0,17.0,1419.6357488094313,1678.5655098336135
SYNTH-14-17-1-Topic-8-Cell-3,1,14.0,17.0,1359.0477974329642,1703.5940374105542
SYNTH-14-17-1-Topic-8-Cell-4,1,14.0,17.0,1439.9568324127756,1730.634156484835
SYNTH-14-17-1-Topic-8-Cell-5,1,14.0,17.0,1389.8734502809575,1642.750956420323
SYNTH-14-18-1-Topic-0-Cell-1,1,14.0,18.0,1400.0,1800.0
SYNTH-14-18-1-Topic-0-Cell-2,1,14.0,18.0,1419.6357488094313,1778.5655098336135
SYNTH-14-18-1-Topic-0-Cell-3,1,14.0,18.0,1359.0477974329642,1803.5940374105542
SYNTH-14-18-1-Topic-4-Cell-4,1,14.0,18.0,1439.9568324127756,1830.634156484835
SYNTH-14-18-1-Topic-7-Cell-5,1,14.0,18.0,1389.8734502809575,1742.750956420323
SYNTH-14-19-1-Topic-8-Cell-1,1,14.0,19.0,1400.0,1900.0
SYNTH-14-19-1-Topic-8-Cell-2,1,14.0,19.0,1419.6357488094313,1878.5655098336135
SYNTH-14-19-1-Topic-8-Cell-3,1,14.0,19.0,1359.0477974329642,1903.5940374105542
SYNTH-14-19-1-Topic-8-Cell-4,1,14.0,19.0,1439.9568324127756,1930.634156484835
SYNTH-14-19-1-Topic-8-Cell-5,1,14.0,19.0,1389.8734502809575,1842.750956420323
SYNTH-14-20-1-Topic-7-Cell-1,1,14.0,20.0,1400.0,2000.0
SYNTH-14-20-1-Topic-7-Cell-2,1,14.0,20.0,1421.9534345634995,1976.0355114624547
SYNTH-14-20-1-Topic-8-Cell-3,1,14.0,20.0,1354.2140456158832,2004.0182559818381
SYNTH-14-20-1-Topic-8-Cell-4,1,14.0,20.0,1444.6730967202666,2034.2500281667287
SYNTH-14-21-1-Topic-0-Cell-1,1,14.0,21.0,1400.0,2100.0
SYNTH-14-21-1-Topic-0-Cell-2,1,14.0,21.0,1417.924904260718,2080.4330770454126
SYNTH-14-21-1-Topic-0-Cell-3,1,14.0,21.0,1362.6159247908558,2103.2808922704635
SYNTH-14-21-1-Topic-9-Cell-4,1,14.0,21.0,1436.4754307315513,2127.965030894812
SYNTH-14-21-1-Topic-9-Cell-5,1,14.0,21.0,1390.755767148638,2047.7390123930243
SYNTH-14-21-1-Topic-9-Cell-6,1,14.0,21.0,1368.1523766524972,2150.065579198177
SYNTH-14-22-1-Topic-0-Cell-1,1,14.0,22.0,1400.0,2200.0
SYNTH-14-22-1-Topic-0-Cell-2,1,14.0,22.0,1419.6357488094313,2178.5655098336138
SYNTH-14-22-1-Topic-0-Cell-3,1,14.0,22.0,1359.0477974329642,2203.594037410554
SYNTH-14-22-1-Topic-0-Cell-4,1,14.0,22.0,1439.9568324127756,2230.634156484835
SYNTH-14-22-1-Topic-4-Cell-5,1,14.0,22.0,1389.8734502809575,2142.750956420323
SYNTH-14-23-1-Topic-0-Cell-1,1,14.0,23.0,1400.0,2300.0
SYNTH-14-23-1-Topic-4-Cell-2,1,14.0,23.0,1419.6357488094313,2278.5655098336138
SYNTH-14-23-1-Topic-4-Cell-3,1,14.0,23.0,1359.0477974329642,2303.594037410554
SYNTH-14-23-1-Topic-7-Cell-4,1,14.0,23.0,1439.9568324127756,2330.634156484835
SYNTH-14-23-1-Topic-10-Cell-5,1,14.0,23.0,1389.8734502809575,2242.750956420323
SYNTH-14-24-1-Topic-7-Cell-1,1,14.0,24.0,1400.0,2400.0
SYNTH-14-24-1-Topic-7-Cell-2,1,14.0,24.0,1417.924904260718,2380.4330770454126
SYNTH-14-24-1-Topic-8-Cell-3,1,14.0,24.0,1362.6159247908558,2403.2808922704635
SYNTH-14-24-1-Topic-8-Cell-4,1,14.0,24.0,1436.4754307315513,2427.965030894812
SYNTH-14-24-1-Topic-10-Cell-5,1,14.0,24.0,1390.755767148638,2347.7390123930245
SYNTH-14-24-1-Topic-10-Cell-6,1,14.0,24.0,1368.1523766524972,2450.065579198177
SYNTH-14-25-1-Topic-0-Cell-1,1,14.0,25.0,1400.0,2500.0
SYNTH-14-25-1-Topic-8-Cell-2,1,14.0,25.0,1417.924904260718,2480.4330770454126
SYNTH-14-25-1-Topic-8-Cell-3,1,14.0,25.0,1362.6159247908558,2503.2808922704635
SYNTH-14-25-1-Topic-8-Cell-4,1,14.0,25.0,1436.4754307315513,2527.965030894812
SYNTH-14-25-1-Topic-8-Cell-5,1,14.0,25.0,1390.755767148638,2447.7390123930245
SYNTH-14-25-1-Topic-8-Cell-6,1,14.0,25.0,1368.1523766524972,2550.065579198177
SYNTH-14-26-1-Topic-4-Cell-1,1,14.0,26.0,1400.0,2600.0
SYNTH-14-26-1-Topic-8-Cell-2,1,14.0,26.0,1419.6357488094313,2578.5655098336138
SYNTH-14-26-1-Topic-8-Cell-3,1,14.0,26.0,1359.0477974329642,2603.594037410554
SYNTH-14-26-1-Topic-8-Cell-4,1,14.0,26.0,1439.9568324127756,2630.634156484835
SYNTH-14-26-1-Topic-8-Cell-5,1,14.0,26.0,1389.8734502809575,2542.750956420323
SYNTH-14-27-1-Topic-0-Cell-1,1,14.0,27.0,1400.0,2700.0
SYNTH-14-27-1-Topic-8-Cell-2,1,14.0,27.0,1421.9534345634995,2676.0355114624545
SYNTH-14-27-1-Topic-8-Cell-3,1,14.0,27.0,1354.2140456158832,2704.018255981838
SYNTH-14-27-1-Topic-8-Cell-4,1,14.0,27.0,1444.6730967202666,2734.2500281667285
SYNTH-14-28-1-Topic-7-Cell-1,1,14.0,28.0,1400.0,2800.0
SYNTH-14-28-1-Topic-8-Cell-2,1,14.0,28.0,1419.6357488094313,2778.5655098336138
SYNTH-14-28-1-Topic-8-Cell-3,1,14.0,28.0,1359.0477974329642,2803.594037410554
SYNTH-14-28-1-Topic-9-Cell-4,1,14.0,28.0,1439.9568324127756,2830.634156484835
SYNTH-14-28-1-Topic-9-Cell-5,1,14.0,28.0,1389.8734502809575,2742.750956420323
SYNTH-14-29-1-Topic-7-Cell-1,1,14.0,29.0,1400.0,2900.0
SYNTH-14-29-1-Topic-8-Cell-2,1,14.0,29.0,1421.9534345634995,2876.0355114624545
SYNTH-14-29-1-Topic-8-Cell-3,1,14.0,29.0,1354.2140456158832,2904.018255981838
SYNTH-14-29-1-Topic-8-Cell-4,1,14.0,29.0,1444.6730967202666,2934.2500281667285
SYNTH-14-30-1-Topic-0-Cell-1,1,14.0,30.0,1400.0,3000.0
SYNTH-14-30-1-Topic-4-Cell-2,1,14.0,30.0,1419.6357488094313,2978.5655098336138
SYNTH-14-30-1-Topic-7-Cell-3,1,14.0,30.0,1359.0477974329642,3003.594037410554
SYNTH-14-30-1-Topic-7-Cell-4,1,14.0,30.0,1439.9568324127756,3030.634156484835
SYNTH-14-30-1-Topic-8-Cell-5,1,14.0,30.0,1389.8734502809575,2942.750956420323
SYNTH-14-31-1-Topic-8-Cell-1,1,14.0,31.0,1400.0,3100.0
SYNTH-14-31-1-Topic-8-Cell-2,1,14.0,31.0,1421.9534345634995,3076.0355114624545
SYNTH-14-31-1-Topic-8-Cell-3,1,14.0,31.0,1354.2140456158832,3104.018255981838
SYNTH-14-31-1-Topic-10-Cell-4,1,14.0,31.0,1444.6730967202666,3134.2500281667285
SYNTH-14-32-1-Topic-8-Cell-1,1,14.0,32.0,1400.0,3200.0
SYNTH-14-32-1-Topic-8-Cell-2,1,14.0,32.0,1419.6357488094313,3178.5655098336138
SYNTH-14-32-1-Topic-8-Cell-3,1,14.0,32.0,1359.0477974329642,3203.594037410554
SYNTH-14-32-1-Topic-8-Cell-4,1,14.0,32.0,1439.9568324127756,3230.634156484835
SYNTH-14-32-1-Topic-10-Cell-5,1,14.0,32.0,1389.8734502809575,3142.750956420323
SYNTH-14-33-1-Topic-0-Cell-1,1,14.0,33.0,1400.0,3300.0
SYNTH-14-33-1-Topic-0-Cell-2,1,14.0,33.0,1417.924904260718,3280.4330770454126
SYNTH-14-33-1-Topic-0-Cell-3,1,14.0,33.0,1362.6159247908558,3303.2808922704635
SYNTH-14-33-1-Topic-8-Cell-4,1,14.0,33.0,1436.4754307315513,3327.965030894812
SYNTH-14-33-1-Topic-8-Cell-5,1,14.0,33.0,1390.755767148638,3247.7390123930245
SYNTH-14-33-1-Topic-9-Cell-6,1,14.0,33.0,1368.1523766524972,3350.065579198177
SYNTH-14-34-1-Topic-8-Cell-1,1,14.0,34.0,1400.0,3400.0
SYNTH-14-34-1-Topic-8-Cell-2,1,14.0,34.0,1419.6357488094313,3378.5655098336138
SYNTH-14-34-1-Topic-8-Cell-3,1,14.0,34.0,1359.0477974329642,3403.594037410554
SYNTH-14-34-1-Topic-8-Cell-4,1,14.0,34.0,1439.9568324127756,3430.634156484835
SYNTH-14-34-1-Topic-8-Cell-5,1,14.0,34.0,1389.8734502809575,3342.750956420323
SYNTH-14-35-1-Topic-10-Cell-1,1,14.0,35.0,1400.0,3500.0
SYNTH-14-35-1-Topic-10-Cell-2,1,14.0,35.0,1419.6357488094313,3478.5655098336138
SYNTH-14-35-1-Topic-10-Cell-3,1,14.0,35.0,1359.0477974329642,3503.594037410554
SYNTH-14-35-1-Topic-10-Cell-4,1,14.0,35.0,1439.9568324127756,3530.634156484835
SYNTH-14-35-1-Topic-10-Cell-5,1,14.0,35.0,1389.8734502809575,3442.750956420323
SYNTH-14-36-1-Topic-8-Cell-1,1,14.0,36.0,1400.0,3600.0
SYNTH-14-36-1-Topic-8-Cell-2,1,14.0,36.0,1421.9534345634995,3576.0355114624545
SYNTH-14-36-1-Topic-8-Cell-3,1,14.0,36.0,1354.2140456158832,3604.018255981838
SYNTH-14-36-1-Topic-8-Cell-4,1,14.0,36.0,1444.6730967202666,3634.2500281667285
SYNTH-14-37-1-Topic-0-Cell-1,1,14.0,37.0,1400.0,3700.0
SYNTH-14-37-1-Topic-8-Cell-2,1,14.0,37.0,1419.6357488094313,3678.5655098336138
SYNTH-14-37-1-Topic-8-Cell-3,1,14.0,37.0,1359.0477974329642,3703.594037410554
SYNTH-14-37-1-Topic-8-Cell-4,1,14.0,37.0,1439.9568324127756,3730.634156484835
SYNTH-14-37-1-Topic-8-Cell-5,1,14.0,37.0,1389.8734502809575,3642.750956420323
SYNTH-14-38-1-Topic-8-Cell-1,1,14.0,38.0,1400.0,3800.0
SYNTH-14-38-1-Topic-8-Cell-2,1,14.0,38.0,1419.6357488094313,3778.5655098336138
SYNTH-14-38-1-Topic-8-Cell-3,1,14.0,38.0,1359.0477974329642,3803.594037410554
SYNTH-14-38-1-Topic-8-Cell-4,1,14.0,38.0,1439.9568324127756,3830.634156484835
SYNTH-14-38-1-Topic-8-Cell-5,1,14.0,38.0,1389.8734502809575,3742.750956420323
SYNTH-14-39-1-Topic-8-Cell-1,1,14.0,39.0,1400.0,3900.0
SYNTH-14-39-1-Topic-8-Cell-2,1,14.0,39.0,1419.6357488094313,3878.5655098336138
SYNTH-14-39-1-Topic-8-Cell-3,1,14.0,39.0,1359.0477974329642,3903.594037410554
SYNTH-14-39-1-Topic-8-Cell-4,1,14.0,39.0,1439.9568324127756,3930.634156484835
SYNTH-14-39-1-Topic-8-Cell-5,1,14.0,39.0,1389.8734502809575,3842.750956420323
SYNTH-14-40-1-Topic-0-Cell-1,1,14.0,40.0,1400.0,4000.0
SYNTH-14-40-1-Topic-0-Cell-2,1,14.0,40.0,1419.6357488094313,3978.5655098336138
SYNTH-14-40-1-Topic-8-Cell-3,1,14.0,40.0,1359.0477974329642,4003.594037410554
SYNTH-14-40-1-Topic-8-Cell-4,1,14.0,40.0,1439.9568324127756,4030.634156484835
SYNTH-14-40-1-Topic-9-Cell-5,1,14.0,40.0,1389.8734502809575,3942.750956420323
SYNTH-14-41-1-Topic-4-Cell-1,1,14.0,41.0,1400.0,4100.0
SYNTH-14-41-1-Topic-7-Cell-2,1,14.0,41.0,1419.6357488094313,4078.5655098336138
SYNTH-14-41-1-Topic-7-Cell-3,1,14.0,41.0,1359.0477974329642,4103.594037410554
SYNTH-14-41-1-Topic-7-Cell-4,1,14.0,41.0,1439.9568324127756,4130.634156484835
SYNTH-14-41-1-Topic-8-Cell-5,1,14.0,41.0,1389.8734502809575,4042.750956420323
SYNTH-14-42-1-Topic-0-Cell-1,1,14.0,42.0,1400.0,4200.0
SYNTH-14-42-1-Topic-0-Cell-2,1,14.0,42.0,1417.924904260718,4180.433077045413
SYNTH-14-42-1-Topic-0-Cell-3,1,14.0,42.0,1362.6159247908558,4203.2808922704635
SYNTH-14-42-1-Topic-7-Cell-4,1,14.0,42.0,1436.4754307315513,4227.965030894812
SYNTH-14-42-1-Topic-8-Cell-5,1,14.0,42.0,1390.755767148638,4147.7390123930245
SYNTH-14-42-1-Topic-8-Cell-6,1,14.0,42.0,1368.1523766524972,4250.065579198177
SYNTH-14-43-1-Topic-0-Cell-1,1,14.0,43.0,1400.0,4300.0
SYNTH-14-43-1-Topic-0-Cell-2,1,14.0,43.0,1417.924904260718,4280.433077045413
SYNTH-14-43-1-Topic-0-Cell-3,1,14.0,43.0,1362.6159247908558,4303.2808922704635
SYNTH-14-43-1-Topic-0-Cell-4,1,14.0,43.0,1436.4754307315513,4327.965030894812
SYNTH-14-43-1-Topic-0-Cell-5,1,14.0,43.0,1390.755767148638,4247.7390123930245
SYNTH-14-43-1-Topic-0-Cell-6,1,14.0,43.0,1368.1523766524972,4350.065579198177
SYNTH-14-44-1-Topic-0-Cell-1,1,14.0,44.0,1400.0,4400.0
SYNTH-14-44-1-Topic-0-Cell-2,1,14.0,44.0,1419.6357488094313,4378.565509833614
SYNTH-14-44-1-Topic-0-Cell-3,1,14.0,44.0,1359.0477974329642,4403.594037410554
SYNTH-14-44-1-Topic-0-Cell-4,1,14.0,44.0,1439.9568324127756,4430.634156484835
SYNTH-14-44-1-Topic-9-Cell-5,1,14.0,44.0,1389.8734502809575,4342.750956420323
SYNTH-14-45-1-Topic-0-Cell-1,1,14.0,45.0,1400.0,4500.0
SYNTH-14-45-1-Topic-8-Cell-2,1,14.0,45.0,1421.9534345634995,4476.035511462454
SYNTH-14-45-1-Topic-8-Cell-3,1,14.0,45.0,1354.2140456158832,4504.018255981839
SYNTH-14-45-1-Topic-8-Cell-4,1,14.0,45.0,1444.6730967202666,4534.250028166729
SYNTH-14-46-1-Topic-0-Cell-1,1,14.0,46.0,1400.0,4600.0
SYNTH-14-46-1-Topic-0-Cell-2,1,14.0,46.0,1419.6357488094313,4578.565509833614
SYNTH-14-46-1-Topic-0-Cell-3,1,14.0,46.0,1359.0477974329642,4603.594037410554
SYNTH-14-46-1-Topic-8-Cell-4,1,14.0,46.0,1439.9568324127756,4630.634156484835
SYNTH-14-46-1-Topic-8-Cell-5,1,14.0,46.0,1389.8734502809575,4542.750956420323
SYNTH-14-47-1-Topic-0-Cell-1,1,14.0,47.0,1400.0,4700.0
SYNTH-14-47-1-Topic-8-Cell-2,1,14.0,47.0,1417.924904260718,4680.433077045413
SYNTH-14-47-1-Topic-8-Cell-3,1,14.0,47.0,1362.6159247908558,4703.2808922704635
SYNTH-14-47-1-Topic-8-Cell-4,1,14.0,47.0,1436.4754307315513,4727.965030894812
SYNTH-14-47-1-Topic-8-Cell-5,1,14.0,47.0,1390.755767148638,4647.7390123930245
SYNTH-14-47-1-Topic-8-Cell-6,1,14.0,47.0,1368.1523766524972,4750.065579198177
SYNTH-14-48-1-Topic-0-Cell-1,1,14.0,48.0,1400.0,4800.0
SYNTH-14-48-1-Topic-0-Cell-2,1,14.0,48.0,1417.924904260718,4780.433077045413
SYNTH-14-48-1-Topic-0-Cell-3,1,14.0,48.0,1362.6159247908558,4803.2808922704635
SYNTH-14-48-1-Topic-0-Cell-4,1,14.0,48.0,1436.4754307315513,4827.965030894812
SYNTH-14-48-1-Topic-0-Cell-5,1,14.0,48.0,1390.755767148638,4747.7390123930245
SYNTH-14-48-1-Topic-0-Cell-6,1,14.0,48.0,1368.1523766524972,4850.065579198177
SYNTH-14-49-1-Topic-0-Cell-1,1,14.0,49.0,1400.0,4900.0
SYNTH-14-49-1-Topic-8-Cell-2,1,14.0,49.0,1417.924904260718,4880.433077045413
SYNTH-14-49-1-Topic-8-Cell-3,1,14.0,49.0,1362.6159247908558,4903.2808922704635
SYNTH-14-49-1-Topic-8-Cell-4,1,14.0,49.0,1436.4754307315513,4927.965030894812
SYNTH-14-49-1-Topic-8-Cell-5,1,14.0,49.0,1390.755767148638,4847.7390123930245
SYNTH-14-49-1-Topic-8-Cell-6,1,14.0,49.0,1368.1523766524972,4950.065579198177
SYNTH-14-50-1-Topic-8-Cell-1,1,14.0,50.0,1400.0,5000.0
SYNTH-14-50-1-Topic-8-Cell-2,1,14.0,50.0,1419.6357488094313,4978.565509833614
SYNTH-14-50-1-Topic-8-Cell-3,1,14.0,50.0,1359.0477974329642,5003.594037410554
SYNTH-14-50-1-Topic-8-Cell-4,1,14.0,50.0,1439.9568324127756,5030.634156484835
SYNTH-14-50-1-Topic-9-Cell-5,1,14.0,50.0,1389.8734502809575,4942.750956420323
SYNTH-15-1-1-Topic-7-Cell-1,1,15.0,1.0,1500.0,150.0
SYNTH-15-1-1-Topic-8-Cell-2,1,15.0,1.0,1521.9534345634995,126.03551146245461
SYNTH-15-1-1-Topic-8-Cell-3,1,15.0,1.0,1454.2140456158832,154.0182559818382
SYNTH-15-1-1-Topic-8-Cell-4,1,15.0,1.0,1544.6730967202666,184.2500281667286
SYNTH-15-2-1-Topic-0-Cell-1,1,15.0,2.0,1500.0,250.0
SYNTH-15-2-1-Topic-0-Cell-2,1,15.0,2.0,1519.6357488094313,228.5655098336136
SYNTH-15-2-1-Topic-0-Cell-3,1,15.0,2.0,1459.0477974329642,253.59403741055414
SYNTH-15-2-1-Topic-8-Cell-4,1,15.0,2.0,1539.9568324127756,280.6341564848351
SYNTH-15-2-1-Topic-8-Cell-5,1,15.0,2.0,1489.8734502809575,192.75095642032298
SYNTH-15-3-1-Topic-0-Cell-1,1,15.0,3.0,1500.0,350.0
SYNTH-15-3-1-Topic-0-Cell-2,1,15.0,3.0,1519.6357488094313,328.5655098336136
SYNTH-15-3-1-Topic-4-Cell-3,1,15.0,3.0,1459.0477974329642,353.59403741055417
SYNTH-15-3-1-Topic-4-Cell-4,1,15.0,3.0,1539.9568324127756,380.6341564848351
SYNTH-15-3-1-Topic-8-Cell-5,1,15.0,3.0,1489.8734502809575,292.75095642032295
SYNTH-15-4-1-Topic-4-Cell-1,1,15.0,4.0,1500.0,450.0
SYNTH-15-4-1-Topic-4-Cell-2,1,15.0,4.0,1519.6357488094313,428.5655098336136
SYNTH-15-4-1-Topic-4-Cell-3,1,15.0,4.0,1459.0477974329642,453.59403741055417
SYNTH-15-4-1-Topic-4-Cell-4,1,15.0,4.0,1539.9568324127756,480.6341564848351
SYNTH-15-4-1-Topic-4-Cell-5,1,15.0,4.0,1489.8734502809575,392.75095642032295
SYNTH-15-5-1-Topic-0-Cell-1,1,15.0,5.0,1500.0,550.0
SYNTH-15-5-1-Topic-7-Cell-2,1,15.0,5.0,1519.6357488094313,528.5655098336136
SYNTH-15-5-1-Topic-8-Cell-3,1,15.0,5.0,1459.0477974329642,553.5940374105542
SYNTH-15-5-1-Topic-8-Cell-4,1,15.0,5.0,1539.9568324127756,580.6341564848351
SYNTH-15-5-1-Topic-8-Cell-5,1,15.0,5.0,1489.8734502809575,492.75095642032295
SYNTH-15-6-1-Topic-7-Cell-1,1,15.0,6.0,1500.0,650.0
SYNTH-15-6-1-Topic-7-Cell-2,1,15.0,6.0,1525.3496427097466,622.328192183713
SYNTH-15-6-1-Topic-7-Cell-3,1,15.0,6.0,1447.1309338224526,654.6398823455742
SYNTH-15-7-1-Topic-3-Cell-1,1,15.0,7.0,1500.0,750.0
SYNTH-15-7-1-Topic-3-Cell-2,1,15.0,7.0,1521.9534345634995,726.0355114624546
SYNTH-15-7-1-Topic-8-Cell-3,1,15.0,7.0,1454.2140456158832,754.0182559818381
SYNTH-15-7-1-Topic-8-Cell-4,1,15.0,7.0,1544.6730967202666,784.2500281667286
SYNTH-15-8-1-Topic-4-Cell-1,1,15.0,8.0,1500.0,850.0
SYNTH-15-8-1-Topic-4-Cell-2,1,15.0,8.0,1519.6357488094313,828.5655098336136
SYNTH-15-8-1-Topic-8-Cell-3,1,15.0,8.0,1459.0477974329642,853.5940374105542
SYNTH-15-8-1-Topic-8-Cell-4,1,15.0,8.0,1539.9568324127756,880.6341564848351
SYNTH-15-8-1-Topic-8-Cell-5,1,15.0,8.0,1489.8734502809575,792.750956420323
SYNTH-15-9-1-Topic-8-Cell-1,1,15.0,9.0,1500.0,950.0
SYNTH-15-9-1-Topic-8-Cell-2,1,15.0,9.0,1519.6357488094313,928.5655098336136
SYNTH-15-9-1-Topic-9-Cell-3,1,15.0,9.0,1459.0477974329642,953.5940374105542
SYNTH-15-9-1-Topic-9-Cell-4,1,15.0,9.0,1539.9568324127756,980.6341564848351
SYNTH-15-9-1-Topic-9-Cell-5,1,15.0,9.0,1489.8734502809575,892.750956420323
SYNTH-15-10-1-Topic-0-Cell-1,1,15.0,10.0,1500.0,1050.0
SYNTH-15-10-1-Topic-0-Cell-2,1,15.0,10.0,1519.6357488094313,1028.5655098336135
SYNTH-15-10-1-Topic-8-Cell-3,1,15.0,10.0,1459.0477974329642,1053.5940374105542
SYNTH-15-10-1-Topic-8-Cell-4,1,15.0,10.0,1539.9568324127756,1080.634156484835
SYNTH-15-10-1-Topic-8-Cell-5,1,15.0,10.0,1489.8734502809575,992.750956420323
SYNTH-15-11-1-Topic-0-Cell-1,1,15.0,11.0,1500.0,1150.0
SYNTH-15-11-1-Topic-7-Cell-2,1,15.0,11.0,1519.6357488094313,1128.5655098336135
SYNTH-15-11-1-Topic-7-Cell-3,1,15.0,11.0,1459.0477974329642,1153.5940374105542
SYNTH-15-11-1-Topic-7-Cell-4,1,15.0,11.0,1539.9568324127756,1180.634156484835
SYNTH-15-11-1-Topic-10-Cell-5,1,15.0,11.0,1489.8734502809575,1092.750956420323
SYNTH-15-12-1-Topic-0-Cell-1,1,15.0,12.0,1500.0,1250.0
SYNTH-15-12-1-Topic-0-Cell-2,1,15.0,12.0,1519.6357488094313,1228.5655098336135
SYNTH-15-12-1-Topic-8-Cell-3,1,15.0,12.0,1459.0477974329642,1253.5940374105542
SYNTH-15-12-1-Topic-8-Cell-4,1,15.0,12.0,1539.9568324127756,1280.634156484835
SYNTH-15-12-1-Topic-8-Cell-5,1,15.0,12.0,1489.8734502809575,1192.750956420323
SYNTH-15-13-1-Topic-7-Cell-1,1,15.0,13.0,1500.0,1350.0
SYNTH-15-13-1-Topic-7-Cell-2,1,15.0,13.0,1525.3496427097466,1322.3281921837129
SYNTH-15-13-1-Topic-7-Cell-3,1,15.0,13.0,1447.1309338224526,1354.6398823455743
SYNTH-15-14-1-Topic-0-Cell-1,1,15.0,14.0,1500.0,1450.0
SYNTH-15-14-1-Topic-0-Cell-2,1,15.0,14.0,1519.6357488094313,1428.5655098336135
SYNTH-15-14-1-Topic-0-Cell-3,1,15.0,14.0,1459.0477974329642,1453.5940374105542
SYNTH-15-14-1-Topic-7-Cell-4,1,15.0,14.0,1539.9568324127756,1480.634156484835
SYNTH-15-14-1-Topic-8-Cell-5,1,15.0,14.0,1489.8734502809575,1392.750956420323
SYNTH-15-15-1-Topic-0-Cell-1,1,15.0,15.0,1500.0,1550.0
SYNTH-15-15-1-Topic-8-Cell-2,1,15.0,15.0,1521.9534345634995,1526.0355114624547
SYNTH-15-15-1-Topic-8-Cell-3,1,15.0,15.0,1454.2140456158832,1554.0182559818381
SYNTH-15-15-1-Topic-8-Cell-4,1,15.0,15.0,1544.6730967202666,1584.2500281667287
SYNTH-15-16-1-Topic-0-Cell-1,1,15.0,16.0,1500.0,1650.0
SYNTH-15-16-1-Topic-8-Cell-2,1,15.0,16.0,1519.6357488094313,1628.5655098336135
SYNTH-15-16-1-Topic-8-Cell-3,1,15.0,16.0,1459.0477974329642,1653.5940374105542
SYNTH-15-16-1-Topic-8-Cell-4,1,15.0,16.0,1539.9568324127756,1680.634156484835
SYNTH-15-16-1-Topic-9-Cell-5,1,15.0,16.0,1489.8734502809575,1592.750956420323
SYNTH-15-17-1-Topic-4-Cell-1,1,15.0,17.0,1500.0,1750.0
SYNTH-15-17-1-Topic-4-Cell-2,1,15.0,17.0,1519.6357488094313,1728.5655098336135
SYNTH-15-17-1-Topic-8-Cell-3,1,15.0,17.0,1459.0477974329642,1753.5940374105542
SYNTH-15-17-1-Topic-8-Cell-4,1,15.0,17.0,1539.9568324127756,1780.634156484835
SYNTH-15-17-1-Topic-8-Cell-5,1,15.0,17.0,1489.8734502809575,1692.750956420323
SYNTH-15-18-1-Topic-8-Cell-1,1,15.0,18.0,1500.0,1850.0
SYNTH-15-18-1-Topic-8-Cell-2,1,15.0,18.0,1519.6357488094313,1828.5655098336135
SYNTH-15-18-1-Topic-8-Cell-3,1,15.0,18.0,1459.0477974329642,1853.5940374105542
SYNTH-15-18-1-Topic-8-Cell-4,1,15.0,18.0,1539.9568324127756,1880.634156484835
SYNTH-15-18-1-Topic-8-Cell-5,1,15.0,18.0,1489.8734502809575,1792.750956420323
SYNTH-15-19-1-Topic-8-Cell-1,1,15.0,19.0,1500.0,1950.0
SYNTH-15-19-1-Topic-8-Cell-2,1,15.0,19.0,1519.6357488094313,1928.5655098336135
SYNTH-15-19-1-Topic-8-Cell-3,1,15.0,19.0,1459.0477974329642,1953.5940374105542
SYNTH-15-19-1-Topic-8-Cell-4,1,15.0,19.0,1539.9568324127756,1980.634156484835
SYNTH-15-19-1-Topic-8-Cell-5,1,15.0,19.0,1489.8734502809575,1892.750956420323
SYNTH-15-20-1-Topic-8-Cell-1,1,15.0,20.0,1500.0,2050.0
SYNTH-15-20-1-Topic-8-Cell-2,1,15.0,20.0,1525.3496427097466,2022.3281921837129
SYNTH-15-20-1-Topic-8-Cell-3,1,15.0,20.0,1447.1309338224526,2054.6398823455743
SYNTH-15-21-1-Topic-7-Cell-1,1,15.0,21.0,1500.0,2150.0
SYNTH-15-21-1-Topic-8-Cell-2,1,15.0,21.0,1519.6357488094313,2128.5655098336138
SYNTH-15-21-1-Topic-8-Cell-3,1,15.0,21.0,1459.0477974329642,2153.594037410554
SYNTH-15-21-1-Topic-8-Cell-4,1,15.0,21.0,1539.9568324127756,2180.634156484835
SYNTH-15-21-1-Topic-8-Cell-5,1,15.0,21.0,1489.8734502809575,2092.750956420323
SYNTH-15-22-1-Topic-0-Cell-1,1,15.0,22.0,1500.0,2250.0
SYNTH-15-22-1-Topic-8-Cell-2,1,15.0,22.0,1519.6357488094313,2228.5655098336138
SYNTH-15-22-1-Topic-8-Cell-3,1,15.0,22.0,1459.0477974329642,2253.594037410554
SYNTH-15-22-1-Topic-8-Cell-4,1,15.0,22.0,1539.9568324127756,2280.634156484835
SYNTH-15-22-1-Topic-9-Cell-5,1,15.0,22.0,1489.8734502809575,2192.750956420323
SYNTH-15-23-1-Topic-0-Cell-1,1,15.0,23.0,1500.0,2350.0
SYNTH-15-23-1-Topic-4-Cell-2,1,15.0,23.0,1519.6357488094313,2328.5655098336138
SYNTH-15-23-1-Topic-4-Cell-3,1,15.0,23.0,1459.0477974329642,2353.594037410554
SYNTH-15-23-1-Topic-4-Cell-4,1,15.0,23.0,1539.9568324127756,2380.634156484835
SYNTH-15-23-1-Topic-8-Cell-5,1,15.0,23.0,1489.8734502809575,2292.750956420323
SYNTH-15-24-1-Topic-8-Cell-1,1,15.0,24.0,1500.0,2450.0
SYNTH-15-24-1-Topic-8-Cell-2,1,15.0,24.0,1519.6357488094313,2428.5655098336138
SYNTH-15-24-1-Topic-8-Cell-3,1,15.0,24.0,1459.0477974329642,2453.594037410554
SYNTH-15-24-1-Topic-8-Cell-4,1,15.0,24.0,1539.9568324127756,2480.634156484835
SYNTH-15-24-1-Topic-8-Cell-5,1,15.0,24.0,1489.8734502809575,2392.750956420323
SYNTH-15-25-1-Topic-1-Cell-1,1,15.0,25.0,1500.0,2550.0
SYNTH-15-25-1-Topic-8-Cell-2,1,15.0,25.0,1521.9534345634995,2526.0355114624545
SYNTH-15-25-1-Topic-8-Cell-3,1,15.0,25.0,1454.2140456158832,2554.018255981838
SYNTH-15-25-1-Topic-8-Cell-4,1,15.0,25.0,1544.6730967202666,2584.2500281667285
SYNTH-15-26-1-Topic-2-Cell-1,1,15.0,26.0,1500.0,2650.0
SYNTH-15-26-1-Topic-2-Cell-2,1,15.0,26.0,1517.924904260718,2630.4330770454126
SYNTH-15-26-1-Topic-7-Cell-3,1,15.0,26.0,1462.6159247908558,2653.2808922704635
SYNTH-15-26-1-Topic-7-Cell-4,1,15.0,26.0,1536.4754307315513,2677.965030894812
SYNTH-15-26-1-Topic-7-Cell-5,1,15.0,26.0,1490.755767148638,2597.7390123930245
SYNTH-15-26-1-Topic-9-Cell-6,1,15.0,26.0,1468.1523766524972,2700.065579198177
SYNTH-15-27-1-Topic-8-Cell-1,1,15.0,27.0,1500.0,2750.0
SYNTH-15-27-1-Topic-8-Cell-2,1,15.0,27.0,1525.3496427097466,2722.328192183713
SYNTH-15-27-1-Topic-8-Cell-3,1,15.0,27.0,1447.1309338224526,2754.6398823455743
SYNTH-15-28-1-Topic-0-Cell-1,1,15.0,28.0,1500.0,2850.0
SYNTH-15-28-1-Topic-7-Cell-2,1,15.0,28.0,1525.3496427097466,2822.328192183713
SYNTH-15-28-1-Topic-7-Cell-3,1,15.0,28.0,1447.1309338224526,2854.6398823455743
SYNTH-15-29-1-Topic-0-Cell-1,1,15.0,29.0,1500.0,2950.0
SYNTH-15-29-1-Topic-0-Cell-2,1,15.0,29.0,1519.6357488094313,2928.5655098336138
SYNTH-15-29-1-Topic-0-Cell-3,1,15.0,29.0,1459.0477974329642,2953.594037410554
SYNTH-15-29-1-Topic-7-Cell-4,1,15.0,29.0,1539.9568324127756,2980.634156484835
SYNTH-15-29-1-Topic-7-Cell-5,1,15.0,29.0,1489.8734502809575,2892.750956420323
SYNTH-15-30-1-Topic-10-Cell-1,1,15.0,30.0,1500.0,3050.0
SYNTH-15-30-1-Topic-10-Cell-2,1,15.0,30.0,1525.3496427097466,3022.328192183713
SYNTH-15-30-1-Topic-10-Cell-3,1,15.0,30.0,1447.1309338224526,3054.6398823455743
SYNTH-15-31-1-Topic-0-Cell-1,1,15.0,31.0,1500.0,3150.0
SYNTH-15-31-1-Topic-0-Cell-2,1,15.0,31.0,1517.924904260718,3130.4330770454126
SYNTH-15-31-1-Topic-0-Cell-3,1,15.0,31.0,1462.6159247908558,3153.2808922704635
SYNTH-15-31-1-Topic-7-Cell-4,1,15.0,31.0,1536.4754307315513,3177.965030894812
SYNTH-15-31-1-Topic-8-Cell-5,1,15.0,31.0,1490.755767148638,3097.7390123930245
SYNTH-15-31-1-Topic-8-Cell-6,1,15.0,31.0,1468.1523766524972,3200.065579198177
SYNTH-15-32-1-Topic-8-Cell-1,1,15.0,32.0,1500.0,3250.0
SYNTH-15-32-1-Topic-8-Cell-2,1,15.0,32.0,1525.3496427097466,3222.328192183713
SYNTH-15-32-1-Topic-8-Cell-3,1,15.0,32.0,1447.1309338224526,3254.6398823455743
SYNTH-15-33-1-Topic-0-Cell-1,1,15.0,33.0,1500.0,3350.0
SYNTH-15-33-1-Topic-7-Cell-2,1,15.0,33.0,1517.924904260718,3330.4330770454126
SYNTH-15-33-1-Topic-8-Cell-3,1,15.0,33.0,1462.6159247908558,3353.2808922704635
SYNTH-15-33-1-Topic-8-Cell-4,1,15.0,33.0,1536.4754307315513,3377.965030894812
SYNTH-15-33-1-Topic-8-Cell-5,1,15.0,33.0,1490.755767148638,3297.7390123930245
SYNTH-15-33-1-Topic-9-Cell-6,1,15.0,33.0,1468.1523766524972,3400.065579198177
SYNTH-15-34-1-Topic-7-Cell-1,1,15.0,34.0,1500.0,3450.0
SYNTH-15-34-1-Topic-7-Cell-2,1,15.0,34.0,1519.6357488094313,3428.5655098336138
SYNTH-15-34-1-Topic-7-Cell-3,1,15.0,34.0,1459.0477974329642,3453.594037410554
SYNTH-15-34-1-Topic-8-Cell-4,1,15.0,34.0,1539.9568324127756,3480.634156484835
SYNTH-15-34-1-Topic-8-Cell-5,1,15.0,34.0,1489.8734502809575,3392.750956420323
SYNTH-15-35-1-Topic-0-Cell-1,1,15.0,35.0,1500.0,3550.0
SYNTH-15-35-1-Topic-0-Cell-2,1,15.0,35.0,1517.924904260718,3530.4330770454126
SYNTH-15-35-1-Topic-8-Cell-3,1,15.0,35.0,1462.6159247908558,3553.2808922704635
SYNTH-15-35-1-Topic-8-Cell-4,1,15.0,35.0,1536.4754307315513,3577.965030894812
SYNTH-15-35-1-Topic-8-Cell-5,1,15.0,35.0,1490.755767148638,3497.7390123930245
SYNTH-15-35-1-Topic-8-Cell-6,1,15.0,35.0,1468.1523766524972,3600.065579198177
SYNTH-15-36-1-Topic-0-Cell-1,1,15.0,36.0,1500.0,3650.0
SYNTH-15-36-1-Topic-0-Cell-2,1,15.0,36.0,1519.6357488094313,3628.5655098336138
SYNTH-15-36-1-Topic-8-Cell-3,1,15.0,36.0,1459.0477974329642,3653.594037410554
SYNTH-15-36-1-Topic-8-Cell-4,1,15.0,36.0,1539.9568324127756,3680.634156484835
SYNTH-15-36-1-Topic-10-Cell-5,1,15.0,36.0,1489.8734502809575,3592.750956420323
SYNTH-15-37-1-Topic-7-Cell-1,1,15.0,37.0,1500.0,3750.0
SYNTH-15-37-1-Topic-7-Cell-2,1,15.0,37.0,1521.9534345634995,3726.0355114624545
SYNTH-15-37-1-Topic-7-Cell-3,1,15.0,37.0,1454.2140456158832,3754.018255981838
SYNTH-15-37-1-Topic-8-Cell-4,1,15.0,37.0,1544.6730967202666,3784.2500281667285
SYNTH-15-38-1-Topic-0-Cell-1,1,15.0,38.0,1500.0,3850.0
SYNTH-15-38-1-Topic-0-Cell-2,1,15.0,38.0,1519.6357488094313,3828.5655098336138
SYNTH-15-38-1-Topic-7-Cell-3,1,15.0,38.0,1459.0477974329642,3853.594037410554
SYNTH-15-38-1-Topic-8-Cell-4,1,15.0,38.0,1539.9568324127756,3880.634156484835
SYNTH-15-38-1-Topic-8-Cell-5,1,15.0,38.0,1489.8734502809575,3792.750956420323
SYNTH-15-39-1-Topic-7-Cell-1,1,15.0,39.0,1500.0,3950.0
SYNTH-15-39-1-Topic-7-Cell-2,1,15.0,39.0,1521.9534345634995,3926.0355114624545
SYNTH-15-39-1-Topic-7-Cell-3,1,15.0,39.0,1454.2140456158832,3954.018255981838
SYNTH-15-39-1-Topic-8-Cell-4,1,15.0,39.0,1544.6730967202666,3984.2500281667285
SYNTH-15-40-1-Topic-8-Cell-1,1,15.0,40.0,1500.0,4050.0
SYNTH-15-40-1-Topic-8-Cell-2,1,15.0,40.0,1519.6357488094313,4028.5655098336138
SYNTH-15-40-1-Topic-8-Cell-3,1,15.0,40.0,1459.0477974329642,4053.594037410554
SYNTH-15-40-1-Topic-8-Cell-4,1,15.0,40.0,1539.9568324127756,4080.634156484835
SYNTH-15-40-1-Topic-8-Cell-5,1,15.0,40.0,1489.8734502809575,3992.750956420323
SYNTH-15-41-1-Topic-0-Cell-1,1,15.0,41.0,1500.0,4150.0
SYNTH-15-41-1-Topic-4-Cell-2,1,15.0,41.0,1519.6357488094313,4128.565509833614
SYNTH-15-41-1-Topic-7-Cell-3,1,15.0,41.0,1459.0477974329642,4153.594037410554
SYNTH-15-41-1-Topic-7-Cell-4,1,15.0,41.0,1539.9568324127756,4180.634156484835
SYNTH-15-41-1-Topic-7-Cell-5,1,15.0,41.0,1489.8734502809575,4092.750956420323
SYNTH-15-42-1-Topic-7-Cell-1,1,15.0,42.0,1500.0,4250.0
SYNTH-15-42-1-Topic-7-Cell-2,1,15.0,42.0,1519.6357488094313,4228.565509833614
SYNTH-15-42-1-Topic-8-Cell-3,1,15.0,42.0,1459.0477974329642,4253.594037410554
SYNTH-15-42-1-Topic-8-Cell-4,1,15.0,42.0,1539.9568324127756,4280.634156484835
SYNTH-15-42-1-Topic-8-Cell-5,1,15.0,42.0,1489.8734502809575,4192.750956420323
SYNTH-15-43-1-Topic-7-Cell-1,1,15.0,43.0,1500.0,4350.0
SYNTH-15-43-1-Topic-7-Cell-2,1,15.0,43.0,1521.9534345634995,4326.035511462454
SYNTH-15-43-1-Topic-7-Cell-3,1,15.0,43.0,1454.2140456158832,4354.018255981839
SYNTH-15-43-1-Topic-10-Cell-4,1,15.0,43.0,1544.6730967202666,4384.250028166729
SYNTH-15-44-1-Topic-0-Cell-1,1,15.0,44.0,1500.0,4450.0
SYNTH-15-44-1-Topic-8-Cell-2,1,15.0,44.0,1519.6357488094313,4428.565509833614
SYNTH-15-44-1-Topic-8-Cell-3,1,15.0,44.0,1459.0477974329642,4453.594037410554
SYNTH-15-44-1-Topic-8-Cell-4,1,15.0,44.0,1539.9568324127756,4480.634156484835
SYNTH-15-44-1-Topic-8-Cell-5,1,15.0,44.0,1489.8734502809575,4392.750956420323
SYNTH-15-45-1-Topic-0-Cell-1,1,15.0,45.0,1500.0,4550.0
SYNTH-15-45-1-Topic-0-Cell-2,1,15.0,45.0,1519.6357488094313,4528.565509833614
SYNTH-15-45-1-Topic-7-Cell-3,1,15.0,45.0,1459.0477974329642,4553.594037410554
SYNTH-15-45-1-Topic-7-Cell-4,1,15.0,45.0,1539.9568324127756,4580.634156484835
SYNTH-15-45-1-Topic-10-Cell-5,1,15.0,45.0,1489.8734502809575,4492.750956420323
SYNTH-15-46-1-Topic-0-Cell-1,1,15.0,46.0,1500.0,4650.0
SYNTH-15-46-1-Topic-0-Cell-2,1,15.0,46.0,1519.6357488094313,4628.565509833614
SYNTH-15-46-1-Topic-8-Cell-3,1,15.0,46.0,1459.0477974329642,4653.594037410554
SYNTH-15-46-1-Topic-8-Cell-4,1,15.0,46.0,1539.9568324127756,4680.634156484835
SYNTH-15-46-1-Topic-8-Cell-5,1,15.0,46.0,1489.8734502809575,4592.750956420323
SYNTH-15-47-1-Topic-7-Cell-1,1,15.0,47.0,1500.0,4750.0
SYNTH-15-47-1-Topic-8-Cell-2,1,15.0,47.0,1519.6357488094313,4728.565509833614
SYNTH-15-47-1-Topic-8-Cell-3,1,15.0,47.0,1459.0477974329642,4753.594037410554
SYNTH-15-47-1-Topic-8-Cell-4,1,15.0,47.0,1539.9568324127756,4780.634156484835
SYNTH-15-47-1-Topic-8-Cell-5,1,15.0,47.0,1489.8734502809575,4692.750956420323
SYNTH-15-48-1-Topic-4-Cell-1,1,15.0,48.0,1500.0,4850.0
SYNTH-15-48-1-Topic-4-Cell-2,1,15.0,48.0,1519.6357488094313,4828.565509833614
SYNTH-15-48-1-Topic-4-Cell-3,1,15.0,48.0,1459.0477974329642,4853.594037410554
SYNTH-15-48-1-Topic-4-Cell-4,1,15.0,48.0,1539.9568324127756,4880.634156484835
SYNTH-15-48-1-Topic-4-Cell-5,1,15.0,48.0,1489.8734502809575,4792.750956420323
SYNTH-15-49-1-Topic-0-Cell-1,1,15.0,49.0,1500.0,4950.0
SYNTH-15-49-1-Topic-8-Cell-2,1,15.0,49.0,1517.924904260718,4930.433077045413
SYNTH-15-49-1-Topic-9-Cell-3,1,15.0,49.0,1462.6159247908558,4953.2808922704635
SYNTH-15-49-1-Topic-9-Cell-4,1,15.0,49.0,1536.4754307315513,4977.965030894812
SYNTH-15-49-1-Topic-9-Cell-5,1,15.0,49.0,1490.755767148638,4897.7390123930245
SYNTH-15-49-1-Topic-9-Cell-6,1,15.0,49.0,1468.1523766524972,5000.065579198177
SYNTH-15-50-1-Topic-7-Cell-1,1,15.0,50.0,1500.0,5050.0
SYNTH-15-50-1-Topic-8-Cell-2,1,15.0,50.0,1519.6357488094313,5028.565509833614
SYNTH-15-50-1-Topic-8-Cell-3,1,15.0,50.0,1459.0477974329642,5053.594037410554
SYNTH-15-50-1-Topic-8-Cell-4,1,15.0,50.0,1539.9568324127756,5080.634156484835
SYNTH-15-50-1-Topic-9-Cell-5,1,15.0,50.0,1489.8734502809575,4992.750956420323
SYNTH-16-1-1-Topic-7-Cell-1,1,16.0,1.0,1600.0,100.0
SYNTH-16-1-1-Topic-7-Cell-2,1,16.0,1.0,1619.6357488094313,78.56550983361359
SYNTH-16-1-1-Topic-7-Cell-3,1,16.0,1.0,1559.0477974329642,103.59403741055415
SYNTH-16-1-1-Topic-8-Cell-4,1,16.0,1.0,1639.9568324127756,130.63415648483507
SYNTH-16-1-1-Topic-10-Cell-5,1,16.0,1.0,1589.8734502809575,42.75095642032298
SYNTH-16-2-1-Topic-0-Cell-1,1,16.0,2.0,1600.0,200.0
SYNTH-16-2-1-Topic-4-Cell-2,1,16.0,2.0,1619.6357488094313,178.5655098336136
SYNTH-16-2-1-Topic-8-Cell-3,1,16.0,2.0,1559.0477974329642,203.59403741055414
SYNTH-16-2-1-Topic-8-Cell-4,1,16.0,2.0,1639.9568324127756,230.63415648483507
SYNTH-16-2-1-Topic-8-Cell-5,1,16.0,2.0,1589.8734502809575,142.75095642032298
SYNTH-16-3-1-Topic-0-Cell-1,1,16.0,3.0,1600.0,300.0
SYNTH-16-3-1-Topic-2-Cell-2,1,16.0,3.0,1617.924904260718,280.4330770454125
SYNTH-16-3-1-Topic-9-Cell-3,1,16.0,3.0,1562.6159247908558,303.28089227046326
SYNTH-16-3-1-Topic-9-Cell-4,1,16.0,3.0,1636.4754307315513,327.96503089481223
SYNTH-16-3-1-Topic-9-Cell-5,1,16.0,3.0,1590.755767148638,247.73901239302432
SYNTH-16-3-1-Topic-9-Cell-6,1,16.0,3.0,1568.1523766524972,350.0655791981769
SYNTH-16-4-1-Topic-7-Cell-1,1,16.0,4.0,1600.0,400.0
SYNTH-16-4-1-Topic-7-Cell-2,1,16.0,4.0,1619.6357488094313,378.5655098336136
SYNTH-16-4-1-Topic-7-Cell-3,1,16.0,4.0,1559.0477974329642,403.59403741055417
SYNTH-16-4-1-Topic-7-Cell-4,1,16.0,4.0,1639.9568324127756,430.6341564848351
SYNTH-16-4-1-Topic-8-Cell-5,1,16.0,4.0,1589.8734502809575,342.75095642032295
SYNTH-16-5-1-Topic-0-Cell-1,1,16.0,5.0,1600.0,500.0
SYNTH-16-5-1-Topic-8-Cell-2,1,16.0,5.0,1617.924904260718,480.4330770454125
SYNTH-16-5-1-Topic-8-Cell-3,1,16.0,5.0,1562.6159247908558,503.28089227046326
SYNTH-16-5-1-Topic-8-Cell-4,1,16.0,5.0,1636.4754307315513,527.9650308948122
SYNTH-16-5-1-Topic-8-Cell-5,1,16.0,5.0,1590.755767148638,447.7390123930243
SYNTH-16-5-1-Topic-8-Cell-6,1,16.0,5.0,1568.1523766524972,550.0655791981769
SYNTH-16-6-1-Topic-0-Cell-1,1,16.0,6.0,1600.0,600.0
SYNTH-16-6-1-Topic-7-Cell-2,1,16.0,6.0,1619.6357488094313,578.5655098336136
SYNTH-16-6-1-Topic-7-Cell-3,1,16.0,6.0,1559.0477974329642,603.5940374105542
SYNTH-16-6-1-Topic-9-Cell-4,1,16.0,6.0,1639.9568324127756,630.6341564848351
SYNTH-16-6-1-Topic-10-Cell-5,1,16.0,6.0,1589.8734502809575,542.750956420323
SYNTH-16-7-1-Topic-8-Cell-1,1,16.0,7.0,1600.0,700.0
SYNTH-16-7-1-Topic-8-Cell-2,1,16.0,7.0,1621.9534345634995,676.0355114624546
SYNTH-16-7-1-Topic-8-Cell-3,1,16.0,7.0,1554.2140456158832,704.0182559818381
SYNTH-16-7-1-Topic-8-Cell-4,1,16.0,7.0,1644.6730967202666,734.2500281667286
SYNTH-16-8-1-Topic-1-Cell-1,1,16.0,8.0,1600.0,800.0
SYNTH-16-8-1-Topic-6-Cell-2,1,16.0,8.0,1619.6357488094313,778.5655098336136
SYNTH-16-8-1-Topic-6-Cell-3,1,16.0,8.0,1559.0477974329642,803.5940374105542
SYNTH-16-8-1-Topic-7-Cell-4,1,16.0,8.0,1639.9568324127756,830.6341564848351
SYNTH-16-8-1-Topic-8-Cell-5,1,16.0,8.0,1589.8734502809575,742.750956420323
SYNTH-16-9-1-Topic-0-Cell-1,1,16.0,9.0,1600.0,900.0
SYNTH-16-9-1-Topic-0-Cell-2,1,16.0,9.0,1619.6357488094313,878.5655098336136
SYNTH-16-9-1-Topic-8-Cell-3,1,16.0,9.0,1559.0477974329642,903.5940374105542
SYNTH-16-9-1-Topic-8-Cell-4,1,16.0,9.0,1639.9568324127756,930.6341564848351
SYNTH-16-9-1-Topic-8-Cell-5,1,16.0,9.0,1589.8734502809575,842.750956420323
SYNTH-16-10-1-Topic-0-Cell-1,1,16.0,10.0,1600.0,1000.0
SYNTH-16-10-1-Topic-0-Cell-2,1,16.0,10.0,1617.924904260718,980.4330770454125
SYNTH-16-10-1-Topic-7-Cell-3,1,16.0,10.0,1562.6159247908558,1003.2808922704633
SYNTH-16-10-1-Topic-8-Cell-4,1,16.0,10.0,1636.4754307315513,1027.9650308948123
SYNTH-16-10-1-Topic-8-Cell-5,1,16.0,10.0,1590.755767148638,947.7390123930243
SYNTH-16-10-1-Topic-10-Cell-6,1,16.0,10.0,1568.1523766524972,1050.065579198177
SYNTH-16-11-1-Topic-0-Cell-1,1,16.0,11.0,1600.0,1100.0
SYNTH-16-11-1-Topic-8-Cell-2,1,16.0,11.0,1621.9534345634995,1076.0355114624547
SYNTH-16-11-1-Topic-8-Cell-3,1,16.0,11.0,1554.2140456158832,1104.0182559818381
SYNTH-16-11-1-Topic-8-Cell-4,1,16.0,11.0,1644.6730967202666,1134.2500281667287
SYNTH-16-12-1-Topic-0-Cell-1,1,16.0,12.0,1600.0,1200.0
SYNTH-16-12-1-Topic-0-Cell-2,1,16.0,12.0,1617.924904260718,1180.4330770454126
SYNTH-16-12-1-Topic-8-Cell-3,1,16.0,12.0,1562.6159247908558,1203.2808922704633
SYNTH-16-12-1-Topic-8-Cell-4,1,16.0,12.0,1636.4754307315513,1227.9650308948123
SYNTH-16-12-1-Topic-8-Cell-5,1,16.0,12.0,1590.755767148638,1147.7390123930243
SYNTH-16-12-1-Topic-8-Cell-6,1,16.0,12.0,1568.1523766524972,1250.065579198177
SYNTH-16-13-1-Topic-0-Cell-1,1,16.0,13.0,1600.0,1300.0
SYNTH-16-13-1-Topic-7-Cell-2,1,16.0,13.0,1619.6357488094313,1278.5655098336135
SYNTH-16-13-1-Topic-7-Cell-3,1,16.0,13.0,1559.0477974329642,1303.5940374105542
SYNTH-16-13-1-Topic-7-Cell-4,1,16.0,13.0,1639.9568324127756,1330.634156484835
SYNTH-16-13-1-Topic-8-Cell-5,1,16.0,13.0,1589.8734502809575,1242.750956420323
SYNTH-16-14-1-Topic-0-Cell-1,1,16.0,14.0,1600.0,1400.0
SYNTH-16-14-1-Topic-0-Cell-2,1,16.0,14.0,1619.6357488094313,1378.5655098336135
SYNTH-16-14-1-Topic-8-Cell-3,1,16.0,14.0,1559.0477974329642,1403.5940374105542
SYNTH-16-14-1-Topic-8-Cell-4,1,16.0,14.0,1639.9568324127756,1430.634156484835
SYNTH-16-14-1-Topic-8-Cell-5,1,16.0,14.0,1589.8734502809575,1342.750956420323
SYNTH-16-15-1-Topic-0-Cell-1,1,16.0,15.0,1600.0,1500.0
SYNTH-16-15-1-Topic-7-Cell-2,1,16.0,15.0,1617.924904260718,1480.4330770454126
SYNTH-16-15-1-Topic-7-Cell-3,1,16.0,15.0,1562.6159247908558,1503.2808922704633
SYNTH-16-15-1-Topic-8-Cell-4,1,16.0,15.0,1636.4754307315513,1527.9650308948123
SYNTH-16-15-1-Topic-9-Cell-5,1,16.0,15.0,1590.755767148638,1447.7390123930243
SYNTH-16-15-1-Topic-9-Cell-6,1,16.0,15.0,1568.1523766524972,1550.065579198177
SYNTH-16-16-1-Topic-8-Cell-1,1,16.0,16.0,1600.0,1600.0
SYNTH-16-16-1-Topic-10-Cell-2,1,16.0,16.0,1619.6357488094313,1578.5655098336135
SYNTH-16-16-1-Topic-10-Cell-3,1,16.0,16.0,1559.0477974329642,1603.5940374105542
SYNTH-16-16-1-Topic-10-Cell-4,1,16.0,16.0,1639.9568324127756,1630.634156484835
SYNTH-16-16-1-Topic-10-Cell-5,1,16.0,16.0,1589.8734502809575,1542.750956420323
SYNTH-16-17-1-Topic-7-Cell-1,1,16.0,17.0,1600.0,1700.0
SYNTH-16-17-1-Topic-8-Cell-2,1,16.0,17.0,1619.6357488094313,1678.5655098336135
SYNTH-16-17-1-Topic-8-Cell-3,1,16.0,17.0,1559.0477974329642,1703.5940374105542
SYNTH-16-17-1-Topic-8-Cell-4,1,16.0,17.0,1639.9568324127756,1730.634156484835
SYNTH-16-17-1-Topic-9-Cell-5,1,16.0,17.0,1589.8734502809575,1642.750956420323
SYNTH-16-18-1-Topic-0-Cell-1,1,16.0,18.0,1600.0,1800.0
SYNTH-16-18-1-Topic-0-Cell-2,1,16.0,18.0,1617.924904260718,1780.4330770454126
SYNTH-16-18-1-Topic-8-Cell-3,1,16.0,18.0,1562.6159247908558,1803.2808922704633
SYNTH-16-18-1-Topic-10-Cell-4,1,16.0,18.0,1636.4754307315513,1827.9650308948123
SYNTH-16-18-1-Topic-10-Cell-5,1,16.0,18.0,1590.755767148638,1747.7390123930243
SYNTH-16-18-1-Topic-10-Cell-6,1,16.0,18.0,1568.1523766524972,1850.065579198177
SYNTH-16-19-1-Topic-0-Cell-1,1,16.0,19.0,1600.0,1900.0
SYNTH-16-19-1-Topic-8-Cell-2,1,16.0,19.0,1619.6357488094313,1878.5655098336135
SYNTH-16-19-1-Topic-8-Cell-3,1,16.0,19.0,1559.0477974329642,1903.5940374105542
SYNTH-16-19-1-Topic-8-Cell-4,1,16.0,19.0,1639.9568324127756,1930.634156484835
SYNTH-16-19-1-Topic-10-Cell-5,1,16.0,19.0,1589.8734502809575,1842.750956420323
SYNTH-16-20-1-Topic-0-Cell-1,1,16.0,20.0,1600.0,2000.0
SYNTH-16-20-1-Topic-8-Cell-2,1,16.0,20.0,1617.924904260718,1980.4330770454126
SYNTH-16-20-1-Topic-8-Cell-3,1,16.0,20.0,1562.6159247908558,2003.2808922704633
SYNTH-16-20-1-Topic-8-Cell-4,1,16.0,20.0,1636.4754307315513,2027.9650308948123
SYNTH-16-20-1-Topic-8-Cell-5,1,16.0,20.0,1590.755767148638,1947.7390123930243
SYNTH-16-20-1-Topic-8-Cell-6,1,16.0,20.0,1568.1523766524972,2050.065579198177
SYNTH-16-21-1-Topic-7-Cell-1,1,16.0,21.0,1600.0,2100.0
SYNTH-16-21-1-Topic-7-Cell-2,1,16.0,21.0,1619.6357488094313,2078.5655098336138
SYNTH-16-21-1-Topic-8-Cell-3,1,16.0,21.0,1559.0477974329642,2103.594037410554
SYNTH-16-21-1-Topic-8-Cell-4,1,16.0,21.0,1639.9568324127756,2130.634156484835
SYNTH-16-21-1-Topic-8-Cell-5,1,16.0,21.0,1589.8734502809575,2042.750956420323
SYNTH-16-22-1-Topic-8-Cell-1,1,16.0,22.0,1600.0,2200.0
SYNTH-16-22-1-Topic-8-Cell-2,1,16.0,22.0,1619.6357488094313,2178.5655098336138
SYNTH-16-22-1-Topic-8-Cell-3,1,16.0,22.0,1559.0477974329642,2203.594037410554
SYNTH-16-22-1-Topic-8-Cell-4,1,16.0,22.0,1639.9568324127756,2230.634156484835
SYNTH-16-22-1-Topic-10-Cell-5,1,16.0,22.0,1589.8734502809575,2142.750956420323
SYNTH-16-23-1-Topic-4-Cell-1,1,16.0,23.0,1600.0,2300.0
SYNTH-16-23-1-Topic-7-Cell-2,1,16.0,23.0,1619.6357488094313,2278.5655098336138
SYNTH-16-23-1-Topic-7-Cell-3,1,16.0,23.0,1559.0477974329642,2303.594037410554
SYNTH-16-23-1-Topic-8-Cell-4,1,16.0,23.0,1639.9568324127756,2330.634156484835
SYNTH-16-23-1-Topic-8-Cell-5,1,16.0,23.0,1589.8734502809575,2242.750956420323
SYNTH-16-24-1-Topic-8-Cell-1,1,16.0,24.0,1600.0,2400.0
SYNTH-16-24-1-Topic-8-Cell-2,1,16.0,24.0,1619.6357488094313,2378.5655098336138
SYNTH-16-24-1-Topic-8-Cell-3,1,16.0,24.0,1559.0477974329642,2403.594037410554
SYNTH-16-24-1-Topic-8-Cell-4,1,16.0,24.0,1639.9568324127756,2430.634156484835
SYNTH-16-24-1-Topic-8-Cell-5,1,16.0,24.0,1589.8734502809575,2342.750956420323
SYNTH-16-25-1-Topic-0-Cell-1,1,16.0,25.0,1600.0,2500.0
SYNTH-16-25-1-Topic-0-Cell-2,1,16.0,25.0,1617.924904260718,2480.4330770454126
SYNTH-16-25-1-Topic-8-Cell-3,1,16.0,25.0,1562.6159247908558,2503.2808922704635
SYNTH-16-25-1-Topic-10-Cell-4,1,16.0,25.0,1636.4754307315513,2527.965030894812
SYNTH-16-25-1-Topic-10-Cell-5,1,16.0,25.0,1590.755767148638,2447.7390123930245
SYNTH-16-25-1-Topic-10-Cell-6,1,16.0,25.0,1568.1523766524972,2550.065579198177
SYNTH-16-26-1-Topic-7-Cell-1,1,16.0,26.0,1600.0,2600.0
SYNTH-16-26-1-Topic-7-Cell-2,1,16.0,26.0,1617.924904260718,2580.4330770454126
SYNTH-16-26-1-Topic-7-Cell-3,1,16.0,26.0,1562.6159247908558,2603.2808922704635
SYNTH-16-26-1-Topic-7-Cell-4,1,16.0,26.0,1636.4754307315513,2627.965030894812
SYNTH-16-26-1-Topic-8-Cell-5,1,16.0,26.0,1590.755767148638,2547.7390123930245
SYNTH-16-26-1-Topic-8-Cell-6,1,16.0,26.0,1568.1523766524972,2650.065579198177
SYNTH-16-27-1-Topic-7-Cell-1,1,16.0,27.0,1600.0,2700.0
SYNTH-16-27-1-Topic-7-Cell-2,1,16.0,27.0,1625.3496427097466,2672.328192183713
SYNTH-16-27-1-Topic-7-Cell-3,1,16.0,27.0,1547.1309338224526,2704.6398823455743
SYNTH-16-28-1-Topic-8-Cell-1,1,16.0,28.0,1600.0,2800.0
SYNTH-16-28-1-Topic-8-Cell-2,1,16.0,28.0,1619.6357488094313,2778.5655098336138
SYNTH-16-28-1-Topic-8-Cell-3,1,16.0,28.0,1559.0477974329642,2803.594037410554
SYNTH-16-28-1-Topic-8-Cell-4,1,16.0,28.0,1639.9568324127756,2830.634156484835
SYNTH-16-28-1-Topic-8-Cell-5,1,16.0,28.0,1589.8734502809575,2742.750956420323
SYNTH-16-29-1-Topic-0-Cell-1,1,16.0,29.0,1600.0,2900.0
SYNTH-16-29-1-Topic-2-Cell-2,1,16.0,29.0,1617.924904260718,2880.4330770454126
SYNTH-16-29-1-Topic-8-Cell-3,1,16.0,29.0,1562.6159247908558,2903.2808922704635
SYNTH-16-29-1-Topic-8-Cell-4,1,16.0,29.0,1636.4754307315513,2927.965030894812
SYNTH-16-29-1-Topic-8-Cell-5,1,16.0,29.0,1590.755767148638,2847.7390123930245
SYNTH-16-29-1-Topic-9-Cell-6,1,16.0,29.0,1568.1523766524972,2950.065579198177
SYNTH-16-30-1-Topic-5-Cell-1,1,16.0,30.0,1600.0,3000.0
SYNTH-16-30-1-Topic-7-Cell-2,1,16.0,30.0,1625.3496427097466,2972.328192183713
SYNTH-16-30-1-Topic-7-Cell-3,1,16.0,30.0,1547.1309338224526,3004.6398823455743
SYNTH-16-31-1-Topic-0-Cell-1,1,16.0,31.0,1600.0,3100.0
SYNTH-16-31-1-Topic-7-Cell-2,1,16.0,31.0,1619.6357488094313,3078.5655098336138
SYNTH-16-31-1-Topic-8-Cell-3,1,16.0,31.0,1559.0477974329642,3103.594037410554
SYNTH-16-31-1-Topic-8-Cell-4,1,16.0,31.0,1639.9568324127756,3130.634156484835
SYNTH-16-31-1-Topic-9-Cell-5,1,16.0,31.0,1589.8734502809575,3042.750956420323
SYNTH-16-32-1-Topic-0-Cell-1,1,16.0,32.0,1600.0,3200.0
SYNTH-16-32-1-Topic-0-Cell-2,1,16.0,32.0,1619.6357488094313,3178.5655098336138
SYNTH-16-32-1-Topic-0-Cell-3,1,16.0,32.0,1559.0477974329642,3203.594037410554
SYNTH-16-32-1-Topic-4-Cell-4,1,16.0,32.0,1639.9568324127756,3230.634156484835
SYNTH-16-32-1-Topic-7-Cell-5,1,16.0,32.0,1589.8734502809575,3142.750956420323
SYNTH-16-33-1-Topic-0-Cell-1,1,16.0,33.0,1600.0,3300.0
SYNTH-16-33-1-Topic-0-Cell-2,1,16.0,33.0,1619.6357488094313,3278.5655098336138
SYNTH-16-33-1-Topic-7-Cell-3,1,16.0,33.0,1559.0477974329642,3303.594037410554
SYNTH-16-33-1-Topic-7-Cell-4,1,16.0,33.0,1639.9568324127756,3330.634156484835
SYNTH-16-33-1-Topic-7-Cell-5,1,16.0,33.0,1589.8734502809575,3242.750956420323
SYNTH-16-34-1-Topic-0-Cell-1,1,16.0,34.0,1600.0,3400.0
SYNTH-16-34-1-Topic-0-Cell-2,1,16.0,34.0,1617.924904260718,3380.4330770454126
SYNTH-16-34-1-Topic-0-Cell-3,1,16.0,34.0,1562.6159247908558,3403.2808922704635
SYNTH-16-34-1-Topic-0-Cell-4,1,16.0,34.0,1636.4754307315513,3427.965030894812
SYNTH-16-34-1-Topic-8-Cell-5,1,16.0,34.0,1590.755767148638,3347.7390123930245
SYNTH-16-34-1-Topic-8-Cell-6,1,16.0,34.0,1568.1523766524972,3450.065579198177
SYNTH-16-35-1-Topic-0-Cell-1,1,16.0,35.0,1600.0,3500.0
SYNTH-16-35-1-Topic-0-Cell-2,1,16.0,35.0,1617.924904260718,3480.4330770454126
SYNTH-16-35-1-Topic-0-Cell-3,1,16.0,35.0,1562.6159247908558,3503.2808922704635
SYNTH-16-35-1-Topic-0-Cell-4,1,16.0,35.0,1636.4754307315513,3527.965030894812
SYNTH-16-35-1-Topic-0-Cell-5,1,16.0,35.0,1590.755767148638,3447.7390123930245
SYNTH-16-35-1-Topic-0-Cell-6,1,16.0,35.0,1568.1523766524972,3550.065579198177
SYNTH-16-36-1-Topic-8-Cell-1,1,16.0,36.0,1600.0,3600.0
SYNTH-16-36-1-Topic-8-Cell-2,1,16.0,36.0,1619.6357488094313,3578.5655098336138
SYNTH-16-36-1-Topic-8-Cell-3,1,16.0,36.0,1559.0477974329642,3603.594037410554
SYNTH-16-36-1-Topic-8-Cell-4,1,16.0,36.0,1639.9568324127756,3630.634156484835
SYNTH-16-36-1-Topic-8-Cell-5,1,16.0,36.0,1589.8734502809575,3542.750956420323
SYNTH-16-37-1-Topic-7-Cell-1,1,16.0,37.0,1600.0,3700.0
SYNTH-16-37-1-Topic-8-Cell-2,1,16.0,37.0,1619.6357488094313,3678.5655098336138
SYNTH-16-37-1-Topic-8-Cell-3,1,16.0,37.0,1559.0477974329642,3703.594037410554
SYNTH-16-37-1-Topic-8-Cell-4,1,16.0,37.0,1639.9568324127756,3730.634156484835
SYNTH-16-37-1-Topic-8-Cell-5,1,16.0,37.0,1589.8734502809575,3642.750956420323
SYNTH-16-38-1-Topic-0-Cell-1,1,16.0,38.0,1600.0,3800.0
SYNTH-16-38-1-Topic-0-Cell-2,1,16.0,38.0,1619.6357488094313,3778.5655098336138
SYNTH-16-38-1-Topic-0-Cell-3,1,16.0,38.0,1559.0477974329642,3803.594037410554
SYNTH-16-38-1-Topic-7-Cell-4,1,16.0,38.0,1639.9568324127756,3830.634156484835
SYNTH-16-38-1-Topic-7-Cell-5,1,16.0,38.0,1589.8734502809575,3742.750956420323
SYNTH-16-39-1-Topic-8-Cell-1,1,16.0,39.0,1600.0,3900.0
SYNTH-16-39-1-Topic-8-Cell-2,1,16.0,39.0,1619.6357488094313,3878.5655098336138
SYNTH-16-39-1-Topic-8-Cell-3,1,16.0,39.0,1559.0477974329642,3903.594037410554
SYNTH-16-39-1-Topic-8-Cell-4,1,16.0,39.0,1639.9568324127756,3930.634156484835
SYNTH-16-39-1-Topic-8-Cell-5,1,16.0,39.0,1589.8734502809575,3842.750956420323
SYNTH-16-40-1-Topic-7-Cell-1,1,16.0,40.0,1600.0,4000.0
SYNTH-16-40-1-Topic-7-Cell-2,1,16.0,40.0,1619.6357488094313,3978.5655098336138
SYNTH-16-40-1-Topic-8-Cell-3,1,16.0,40.0,1559.0477974329642,4003.594037410554
SYNTH-16-40-1-Topic-8-Cell-4,1,16.0,40.0,1639.9568324127756,4030.634156484835
SYNTH-16-40-1-Topic-8-Cell-5,1,16.0,40.0,1589.8734502809575,3942.750956420323
SYNTH-16-41-1-Topic-0-Cell-1,1,16.0,41.0,1600.0,4100.0
SYNTH-16-41-1-Topic-8-Cell-2,1,16.0,41.0,1619.6357488094313,4078.5655098336138
SYNTH-16-41-1-Topic-8-Cell-3,1,16.0,41.0,1559.0477974329642,4103.594037410554
SYNTH-16-41-1-Topic-8-Cell-4,1,16.0,41.0,1639.9568324127756,4130.634156484835
SYNTH-16-41-1-Topic-8-Cell-5,1,16.0,41.0,1589.8734502809575,4042.750956420323
SYNTH-16-42-1-Topic-0-Cell-1,1,16.0,42.0,1600.0,4200.0
SYNTH-16-42-1-Topic-0-Cell-2,1,16.0,42.0,1617.924904260718,4180.433077045413
SYNTH-16-42-1-Topic-0-Cell-3,1,16.0,42.0,1562.6159247908558,4203.2808922704635
SYNTH-16-42-1-Topic-8-Cell-4,1,16.0,42.0,1636.4754307315513,4227.965030894812
SYNTH-16-42-1-Topic-8-Cell-5,1,16.0,42.0,1590.755767148638,4147.7390123930245
SYNTH-16-42-1-Topic-8-Cell-6,1,16.0,42.0,1568.1523766524972,4250.065579198177
SYNTH-16-43-1-Topic-9-Cell-1,1,16.0,43.0,1600.0,4300.0
SYNTH-16-43-1-Topic-9-Cell-2,1,16.0,43.0,1619.6357488094313,4278.565509833614
SYNTH-16-43-1-Topic-9-Cell-3,1,16.0,43.0,1559.0477974329642,4303.594037410554
SYNTH-16-43-1-Topic-9-Cell-4,1,16.0,43.0,1639.9568324127756,4330.634156484835
SYNTH-16-43-1-Topic-9-Cell-5,1,16.0,43.0,1589.8734502809575,4242.750956420323
SYNTH-16-44-1-Topic-0-Cell-1,1,16.0,44.0,1600.0,4400.0
SYNTH-16-44-1-Topic-0-Cell-2,1,16.0,44.0,1617.924904260718,4380.433077045413
SYNTH-16-44-1-Topic-7-Cell-3,1,16.0,44.0,1562.6159247908558,4403.2808922704635
SYNTH-16-44-1-Topic-8-Cell-4,1,16.0,44.0,1636.4754307315513,4427.965030894812
SYNTH-16-44-1-Topic-8-Cell-5,1,16.0,44.0,1590.755767148638,4347.7390123930245
SYNTH-16-44-1-Topic-8-Cell-6,1,16.0,44.0,1568.1523766524972,4450.065579198177
SYNTH-16-45-1-Topic-8-Cell-1,1,16.0,45.0,1600.0,4500.0
SYNTH-16-45-1-Topic-8-Cell-2,1,16.0,45.0,1619.6357488094313,4478.565509833614
SYNTH-16-45-1-Topic-8-Cell-3,1,16.0,45.0,1559.0477974329642,4503.594037410554
SYNTH-16-45-1-Topic-8-Cell-4,1,16.0,45.0,1639.9568324127756,4530.634156484835
SYNTH-16-45-1-Topic-8-Cell-5,1,16.0,45.0,1589.8734502809575,4442.750956420323
SYNTH-16-46-1-Topic-8-Cell-1,1,16.0,46.0,1600.0,4600.0
SYNTH-16-46-1-Topic-8-Cell-2,1,16.0,46.0,1619.6357488094313,4578.565509833614
SYNTH-16-46-1-Topic-8-Cell-3,1,16.0,46.0,1559.0477974329642,4603.594037410554
SYNTH-16-46-1-Topic-9-Cell-4,1,16.0,46.0,1639.9568324127756,4630.634156484835
SYNTH-16-46-1-Topic-9-Cell-5,1,16.0,46.0,1589.8734502809575,4542.750956420323
SYNTH-16-47-1-Topic-0-Cell-1,1,16.0,47.0,1600.0,4700.0
SYNTH-16-47-1-Topic-0-Cell-2,1,16.0,47.0,1619.6357488094313,4678.565509833614
SYNTH-16-47-1-Topic-8-Cell-3,1,16.0,47.0,1559.0477974329642,4703.594037410554
SYNTH-16-47-1-Topic-8-Cell-4,1,16.0,47.0,1639.9568324127756,4730.634156484835
SYNTH-16-47-1-Topic-8-Cell-5,1,16.0,47.0,1589.8734502809575,4642.750956420323
SYNTH-16-48-1-Topic-8-Cell-1,1,16.0,48.0,1600.0,4800.0
SYNTH-16-48-1-Topic-8-Cell-2,1,16.0,48.0,1619.6357488094313,4778.565509833614
SYNTH-16-48-1-Topic-8-Cell-3,1,16.0,48.0,1559.0477974329642,4803.594037410554
SYNTH-16-48-1-Topic-8-Cell-4,1,16.0,48.0,1639.9568324127756,4830.634156484835
SYNTH-16-48-1-Topic-8-Cell-5,1,16.0,48.0,1589.8734502809575,4742.750956420323
SYNTH-16-49-1-Topic-8-Cell-1,1,16.0,49.0,1600.0,4900.0
SYNTH-16-49-1-Topic-8-Cell-2,1,16.0,49.0,1619.6357488094313,4878.565509833614
SYNTH-16-49-1-Topic-8-Cell-3,1,16.0,49.0,1559.0477974329642,4903.594037410554
SYNTH-16-49-1-Topic-8-Cell-4,1,16.0,49.0,1639.9568324127756,4930.634156484835
SYNTH-16-49-1-Topic-8-Cell-5,1,16.0,49.0,1589.8734502809575,4842.750956420323
SYNTH-16-50-1-Topic-7-Cell-1,1,16.0,50.0,1600.0,5000.0
SYNTH-16-50-1-Topic-7-Cell-2,1,16.0,50.0,1621.9534345634995,4976.035511462454
SYNTH-16-50-1-Topic-7-Cell-3,1,16.0,50.0,1554.2140456158832,5004.018255981839
SYNTH-16-50-1-Topic-7-Cell-4,1,16.0,50.0,1644.6730967202666,5034.250028166729
SYNTH-17-1-1-Topic-0-Cell-1,1,17.0,1.0,1700.0,150.0
SYNTH-17-1-1-Topic-8-Cell-2,1,17.0,1.0,1719.6357488094313,128.5655098336136
SYNTH-17-1-1-Topic-8-Cell-3,1,17.0,1.0,1659.0477974329642,153.59403741055414
SYNTH-17-1-1-Topic-8-Cell-4,1,17.0,1.0,1739.9568324127756,180.63415648483507
SYNTH-17-1-1-Topic-8-Cell-5,1,17.0,1.0,1689.8734502809575,92.75095642032298
SYNTH-17-2-1-Topic-8-Cell-1,1,17.0,2.0,1700.0,250.0
SYNTH-17-2-1-Topic-8-Cell-2,1,17.0,2.0,1721.9534345634995,226.03551146245462
SYNTH-17-2-1-Topic-8-Cell-3,1,17.0,2.0,1654.2140456158832,254.0182559818382
SYNTH-17-2-1-Topic-8-Cell-4,1,17.0,2.0,1744.6730967202666,284.2500281667286
SYNTH-17-3-1-Topic-8-Cell-1,1,17.0,3.0,1700.0,350.0
SYNTH-17-3-1-Topic-8-Cell-2,1,17.0,3.0,1721.9534345634995,326.0355114624546
SYNTH-17-3-1-Topic-8-Cell-3,1,17.0,3.0,1654.2140456158832,354.0182559818382
SYNTH-17-3-1-Topic-8-Cell-4,1,17.0,3.0,1744.6730967202666,384.2500281667286
SYNTH-17-4-1-Topic-8-Cell-1,1,17.0,4.0,1700.0,450.0
SYNTH-17-4-1-Topic-8-Cell-2,1,17.0,4.0,1719.6357488094313,428.5655098336136
SYNTH-17-4-1-Topic-9-Cell-3,1,17.0,4.0,1659.0477974329642,453.59403741055417
SYNTH-17-4-1-Topic-9-Cell-4,1,17.0,4.0,1739.9568324127756,480.6341564848351
SYNTH-17-4-1-Topic-9-Cell-5,1,17.0,4.0,1689.8734502809575,392.75095642032295
SYNTH-17-5-1-Topic-0-Cell-1,1,17.0,5.0,1700.0,550.0
SYNTH-17-5-1-Topic-7-Cell-2,1,17.0,5.0,1719.6357488094313,528.5655098336136
SYNTH-17-5-1-Topic-8-Cell-3,1,17.0,5.0,1659.0477974329642,553.5940374105542
SYNTH-17-5-1-Topic-8-Cell-4,1,17.0,5.0,1739.9568324127756,580.6341564848351
SYNTH-17-5-1-Topic-8-Cell-5,1,17.0,5.0,1689.8734502809575,492.75095642032295
SYNTH-17-6-1-Topic-0-Cell-1,1,17.0,6.0,1700.0,650.0
SYNTH-17-6-1-Topic-5-Cell-2,1,17.0,6.0,1719.6357488094313,628.5655098336136
SYNTH-17-6-1-Topic-7-Cell-3,1,17.0,6.0,1659.0477974329642,653.5940374105542
SYNTH-17-6-1-Topic-9-Cell-4,1,17.0,6.0,1739.9568324127756,680.6341564848351
SYNTH-17-6-1-Topic-10-Cell-5,1,17.0,6.0,1689.8734502809575,592.750956420323
SYNTH-17-7-1-Topic-8-Cell-1,1,17.0,7.0,1700.0,750.0
SYNTH-17-7-1-Topic-8-Cell-2,1,17.0,7.0,1719.6357488094313,728.5655098336136
SYNTH-17-7-1-Topic-8-Cell-3,1,17.0,7.0,1659.0477974329642,753.5940374105542
SYNTH-17-7-1-Topic-8-Cell-4,1,17.0,7.0,1739.9568324127756,780.6341564848351
SYNTH-17-7-1-Topic-8-Cell-5,1,17.0,7.0,1689.8734502809575,692.750956420323
SYNTH-17-8-1-Topic-0-Cell-1,1,17.0,8.0,1700.0,850.0
SYNTH-17-8-1-Topic-0-Cell-2,1,17.0,8.0,1721.9534345634995,826.0355114624546
SYNTH-17-8-1-Topic-7-Cell-3,1,17.0,8.0,1654.2140456158832,854.0182559818381
SYNTH-17-8-1-Topic-9-Cell-4,1,17.0,8.0,1744.6730967202666,884.2500281667286
SYNTH-17-9-1-Topic-2-Cell-1,1,17.0,9.0,1700.0,950.0
SYNTH-17-9-1-Topic-7-Cell-2,1,17.0,9.0,1721.9534345634995,926.0355114624546
SYNTH-17-9-1-Topic-8-Cell-3,1,17.0,9.0,1654.2140456158832,954.0182559818381
SYNTH-17-9-1-Topic-8-Cell-4,1,17.0,9.0,1744.6730967202666,984.2500281667286
SYNTH-17-10-1-Topic-8-Cell-1,1,17.0,10.0,1700.0,1050.0
SYNTH-17-10-1-Topic-8-Cell-2,1,17.0,10.0,1717.924904260718,1030.4330770454126
SYNTH-17-10-1-Topic-8-Cell-3,1,17.0,10.0,1662.6159247908558,1053.2808922704633
SYNTH-17-10-1-Topic-8-Cell-4,1,17.0,10.0,1736.4754307315513,1077.9650308948123
SYNTH-17-10-1-Topic-8-Cell-5,1,17.0,10.0,1690.755767148638,997.7390123930243
SYNTH-17-10-1-Topic-8-Cell-6,1,17.0,10.0,1668.1523766524972,1100.065579198177
SYNTH-17-11-1-Topic-2-Cell-1,1,17.0,11.0,1700.0,1150.0
SYNTH-17-11-1-Topic-4-Cell-2,1,17.0,11.0,1719.6357488094313,1128.5655098336135
SYNTH-17-11-1-Topic-8-Cell-3,1,17.0,11.0,1659.0477974329642,1153.5940374105542
SYNTH-17-11-1-Topic-8-Cell-4,1,17.0,11.0,1739.9568324127756,1180.634156484835
SYNTH-17-11-1-Topic-9-Cell-5,1,17.0,11.0,1689.8734502809575,1092.750956420323
SYNTH-17-12-1-Topic-10-Cell-1,1,17.0,12.0,1700.0,1250.0
SYNTH-17-12-1-Topic-10-Cell-2,1,17.0,12.0,1725.3496427097466,1222.3281921837129
SYNTH-17-12-1-Topic-10-Cell-3,1,17.0,12.0,1647.1309338224526,1254.6398823455743
SYNTH-17-13-1-Topic-7-Cell-1,1,17.0,13.0,1700.0,1350.0
SYNTH-17-13-1-Topic-7-Cell-2,1,17.0,13.0,1719.6357488094313,1328.5655098336135
SYNTH-17-13-1-Topic-8-Cell-3,1,17.0,13.0,1659.0477974329642,1353.5940374105542
SYNTH-17-13-1-Topic-8-Cell-4,1,17.0,13.0,1739.9568324127756,1380.634156484835
SYNTH-17-13-1-Topic-8-Cell-5,1,17.0,13.0,1689.8734502809575,1292.750956420323
SYNTH-17-14-1-Topic-0-Cell-1,1,17.0,14.0,1700.0,1450.0
SYNTH-17-14-1-Topic-7-Cell-2,1,17.0,14.0,1719.6357488094313,1428.5655098336135
SYNTH-17-14-1-Topic-8-Cell-3,1,17.0,14.0,1659.0477974329642,1453.5940374105542
SYNTH-17-14-1-Topic-8-Cell-4,1,17.0,14.0,1739.9568324127756,1480.634156484835
SYNTH-17-14-1-Topic-8-Cell-5,1,17.0,14.0,1689.8734502809575,1392.750956420323
SYNTH-17-15-1-Topic-8-Cell-1,1,17.0,15.0,1700.0,1550.0
SYNTH-17-15-1-Topic-8-Cell-2,1,17.0,15.0,1719.6357488094313,1528.5655098336135
SYNTH-17-15-1-Topic-8-Cell-3,1,17.0,15.0,1659.0477974329642,1553.5940374105542
SYNTH-17-15-1-Topic-8-Cell-4,1,17.0,15.0,1739.9568324127756,1580.634156484835
SYNTH-17-15-1-Topic-8-Cell-5,1,17.0,15.0,1689.8734502809575,1492.750956420323
SYNTH-17-16-1-Topic-8-Cell-1,1,17.0,16.0,1700.0,1650.0
SYNTH-17-16-1-Topic-8-Cell-2,1,17.0,16.0,1719.6357488094313,1628.5655098336135
SYNTH-17-16-1-Topic-8-Cell-3,1,17.0,16.0,1659.0477974329642,1653.5940374105542
SYNTH-17-16-1-Topic-8-Cell-4,1,17.0,16.0,1739.9568324127756,1680.634156484835
SYNTH-17-16-1-Topic-9-Cell-5,1,17.0,16.0,1689.8734502809575,1592.750956420323
SYNTH-17-17-1-Topic-2-Cell-1,1,17.0,17.0,1700.0,1750.0
SYNTH-17-17-1-Topic-9-Cell-2,1,17.0,17.0,1719.6357488094313,1728.5655098336135
SYNTH-17-17-1-Topic-9-Cell-3,1,17.0,17.0,1659.0477974329642,1753.5940374105542
SYNTH-17-17-1-Topic-9-Cell-4,1,17.0,17.0,1739.9568324127756,1780.634156484835
SYNTH-17-17-1-Topic-9-Cell-5,1,17.0,17.0,1689.8734502809575,1692.750956420323
SYNTH-17-18-1-Topic-0-Cell-1,1,17.0,18.0,1700.0,1850.0
SYNTH-17-18-1-Topic-0-Cell-2,1,17.0,18.0,1719.6357488094313,1828.5655098336135
SYNTH-17-18-1-Topic-0-Cell-3,1,17.0,18.0,1659.0477974329642,1853.5940374105542
SYNTH-17-18-1-Topic-7-Cell-4,1,17.0,18.0,1739.9568324127756,1880.634156484835
SYNTH-17-18-1-Topic-10-Cell-5,1,17.0,18.0,1689.8734502809575,1792.750956420323
SYNTH-17-19-1-Topic-0-Cell-1,1,17.0,19.0,1700.0,1950.0
SYNTH-17-19-1-Topic-0-Cell-2,1,17.0,19.0,1717.924904260718,1930.4330770454126
SYNTH-17-19-1-Topic-0-Cell-3,1,17.0,19.0,1662.6159247908558,1953.2808922704633
SYNTH-17-19-1-Topic-0-Cell-4,1,17.0,19.0,1736.4754307315513,1977.9650308948123
SYNTH-17-19-1-Topic-0-Cell-5,1,17.0,19.0,1690.755767148638,1897.7390123930243
SYNTH-17-19-1-Topic-7-Cell-6,1,17.0,19.0,1668.1523766524972,2000.065579198177
SYNTH-17-20-1-Topic-0-Cell-1,1,17.0,20.0,1700.0,2050.0
SYNTH-17-20-1-Topic-0-Cell-2,1,17.0,20.0,1717.924904260718,2030.4330770454126
SYNTH-17-20-1-Topic-7-Cell-3,1,17.0,20.0,1662.6159247908558,2053.2808922704635
SYNTH-17-20-1-Topic-8-Cell-4,1,17.0,20.0,1736.4754307315513,2077.965030894812
SYNTH-17-20-1-Topic-8-Cell-5,1,17.0,20.0,1690.755767148638,1997.7390123930243
SYNTH-17-20-1-Topic-8-Cell-6,1,17.0,20.0,1668.1523766524972,2100.065579198177
SYNTH-17-21-1-Topic-7-Cell-1,1,17.0,21.0,1700.0,2150.0
SYNTH-17-21-1-Topic-7-Cell-2,1,17.0,21.0,1717.924904260718,2130.4330770454126
SYNTH-17-21-1-Topic-7-Cell-3,1,17.0,21.0,1662.6159247908558,2153.2808922704635
SYNTH-17-21-1-Topic-7-Cell-4,1,17.0,21.0,1736.4754307315513,2177.965030894812
SYNTH-17-21-1-Topic-7-Cell-5,1,17.0,21.0,1690.755767148638,2097.7390123930245
SYNTH-17-21-1-Topic-7-Cell-6,1,17.0,21.0,1668.1523766524972,2200.065579198177
SYNTH-17-22-1-Topic-0-Cell-1,1,17.0,22.0,1700.0,2250.0
SYNTH-17-22-1-Topic-8-Cell-2,1,17.0,22.0,1719.6357488094313,2228.5655098336138
SYNTH-17-22-1-Topic-9-Cell-3,1,17.0,22.0,1659.0477974329642,2253.594037410554
SYNTH-17-22-1-Topic-9-Cell-4,1,17.0,22.0,1739.9568324127756,2280.634156484835
SYNTH-17-22-1-Topic-10-Cell-5,1,17.0,22.0,1689.8734502809575,2192.750956420323
SYNTH-17-23-1-Topic-0-Cell-1,1,17.0,23.0,1700.0,2350.0
SYNTH-17-23-1-Topic-4-Cell-2,1,17.0,23.0,1717.924904260718,2330.4330770454126
SYNTH-17-23-1-Topic-4-Cell-3,1,17.0,23.0,1662.6159247908558,2353.2808922704635
SYNTH-17-23-1-Topic-8-Cell-4,1,17.0,23.0,1736.4754307315513,2377.965030894812
SYNTH-17-23-1-Topic-8-Cell-5,1,17.0,23.0,1690.755767148638,2297.7390123930245
SYNTH-17-23-1-Topic-8-Cell-6,1,17.0,23.0,1668.1523766524972,2400.065579198177
SYNTH-17-24-1-Topic-0-Cell-1,1,17.0,24.0,1700.0,2450.0
SYNTH-17-24-1-Topic-0-Cell-2,1,17.0,24.0,1719.6357488094313,2428.5655098336138
SYNTH-17-24-1-Topic-0-Cell-3,1,17.0,24.0,1659.0477974329642,2453.594037410554
SYNTH-17-24-1-Topic-0-Cell-4,1,17.0,24.0,1739.9568324127756,2480.634156484835
SYNTH-17-24-1-Topic-7-Cell-5,1,17.0,24.0,1689.8734502809575,2392.750956420323
SYNTH-17-25-1-Topic-2-Cell-1,1,17.0,25.0,1700.0,2550.0
SYNTH-17-25-1-Topic-2-Cell-2,1,17.0,25.0,1717.924904260718,2530.4330770454126
SYNTH-17-25-1-Topic-4-Cell-3,1,17.0,25.0,1662.6159247908558,2553.2808922704635
SYNTH-17-25-1-Topic-8-Cell-4,1,17.0,25.0,1736.4754307315513,2577.965030894812
SYNTH-17-25-1-Topic-8-Cell-5,1,17.0,25.0,1690.755767148638,2497.7390123930245
SYNTH-17-25-1-Topic-9-Cell-6,1,17.0,25.0,1668.1523766524972,2600.065579198177
SYNTH-17-26-1-Topic-7-Cell-1,1,17.0,26.0,1700.0,2650.0
SYNTH-17-26-1-Topic-7-Cell-2,1,17.0,26.0,1721.9534345634995,2626.0355114624545
SYNTH-17-26-1-Topic-7-Cell-3,1,17.0,26.0,1654.2140456158832,2654.018255981838
SYNTH-17-26-1-Topic-8-Cell-4,1,17.0,26.0,1744.6730967202666,2684.2500281667285
SYNTH-17-27-1-Topic-0-Cell-1,1,17.0,27.0,1700.0,2750.0
SYNTH-17-27-1-Topic-0-Cell-2,1,17.0,27.0,1719.6357488094313,2728.5655098336138
SYNTH-17-27-1-Topic-0-Cell-3,1,17.0,27.0,1659.0477974329642,2753.594037410554
SYNTH-17-27-1-Topic-8-Cell-4,1,17.0,27.0,1739.9568324127756,2780.634156484835
SYNTH-17-27-1-Topic-8-Cell-5,1,17.0,27.0,1689.8734502809575,2692.750956420323
SYNTH-17-28-1-Topic-0-Cell-1,1,17.0,28.0,1700.0,2850.0
SYNTH-17-28-1-Topic-10-Cell-2,1,17.0,28.0,1719.6357488094313,2828.5655098336138
SYNTH-17-28-1-Topic-10-Cell-3,1,17.0,28.0,1659.0477974329642,2853.594037410554
SYNTH-17-28-1-Topic-10-Cell-4,1,17.0,28.0,1739.9568324127756,2880.634156484835
SYNTH-17-28-1-Topic-10-Cell-5,1,17.0,28.0,1689.8734502809575,2792.750956420323
SYNTH-17-29-1-Topic-7-Cell-1,1,17.0,29.0,1700.0,2950.0
SYNTH-17-29-1-Topic-8-Cell-2,1,17.0,29.0,1721.9534345634995,2926.0355114624545
SYNTH-17-29-1-Topic-8-Cell-3,1,17.0,29.0,1654.2140456158832,2954.018255981838
SYNTH-17-29-1-Topic-8-Cell-4,1,17.0,29.0,1744.6730967202666,2984.2500281667285
SYNTH-17-30-1-Topic-0-Cell-1,1,17.0,30.0,1700.0,3050.0
SYNTH-17-30-1-Topic-0-Cell-2,1,17.0,30.0,1719.6357488094313,3028.5655098336138
SYNTH-17-30-1-Topic-2-Cell-3,1,17.0,30.0,1659.0477974329642,3053.594037410554
SYNTH-17-30-1-Topic-2-Cell-4,1,17.0,30.0,1739.9568324127756,3080.634156484835
SYNTH-17-30-1-Topic-2-Cell-5,1,17.0,30.0,1689.8734502809575,2992.750956420323
SYNTH-17-31-1-Topic-0-Cell-1,1,17.0,31.0,1700.0,3150.0
SYNTH-17-31-1-Topic-0-Cell-2,1,17.0,31.0,1721.9534345634995,3126.0355114624545
SYNTH-17-31-1-Topic-7-Cell-3,1,17.0,31.0,1654.2140456158832,3154.018255981838
SYNTH-17-31-1-Topic-7-Cell-4,1,17.0,31.0,1744.6730967202666,3184.2500281667285
SYNTH-17-32-1-Topic-7-Cell-1,1,17.0,32.0,1700.0,3250.0
SYNTH-17-32-1-Topic-8-Cell-2,1,17.0,32.0,1719.6357488094313,3228.5655098336138
SYNTH-17-32-1-Topic-8-Cell-3,1,17.0,32.0,1659.0477974329642,3253.594037410554
SYNTH-17-32-1-Topic-8-Cell-4,1,17.0,32.0,1739.9568324127756,3280.634156484835
SYNTH-17-32-1-Topic-9-Cell-5,1,17.0,32.0,1689.8734502809575,3192.750956420323
SYNTH-17-33-1-Topic-8-Cell-1,1,17.0,33.0,1700.0,3350.0
SYNTH-17-33-1-Topic-8-Cell-2,1,17.0,33.0,1721.9534345634995,3326.0355114624545
SYNTH-17-33-1-Topic-8-Cell-3,1,17.0,33.0,1654.2140456158832,3354.018255981838
SYNTH-17-33-1-Topic-8-Cell-4,1,17.0,33.0,1744.6730967202666,3384.2500281667285
SYNTH-17-34-1-Topic-0-Cell-1,1,17.0,34.0,1700.0,3450.0
SYNTH-17-34-1-Topic-0-Cell-2,1,17.0,34.0,1717.924904260718,3430.4330770454126
SYNTH-17-34-1-Topic-8-Cell-3,1,17.0,34.0,1662.6159247908558,3453.2808922704635
SYNTH-17-34-1-Topic-8-Cell-4,1,17.0,34.0,1736.4754307315513,3477.965030894812
SYNTH-17-34-1-Topic-8-Cell-5,1,17.0,34.0,1690.755767148638,3397.7390123930245
SYNTH-17-34-1-Topic-8-Cell-6,1,17.0,34.0,1668.1523766524972,3500.065579198177
SYNTH-17-35-1-Topic-8-Cell-1,1,17.0,35.0,1700.0,3550.0
SYNTH-17-35-1-Topic-8-Cell-2,1,17.0,35.0,1719.6357488094313,3528.5655098336138
SYNTH-17-35-1-Topic-8-Cell-3,1,17.0,35.0,1659.0477974329642,3553.594037410554
SYNTH-17-35-1-Topic-8-Cell-4,1,17.0,35.0,1739.9568324127756,3580.634156484835
SYNTH-17-35-1-Topic-8-Cell-5,1,17.0,35.0,1689.8734502809575,3492.750956420323
SYNTH-17-36-1-Topic-4-Cell-1,1,17.0,36.0,1700.0,3650.0
SYNTH-17-36-1-Topic-4-Cell-2,1,17.0,36.0,1721.9534345634995,3626.0355114624545
SYNTH-17-36-1-Topic-4-Cell-3,1,17.0,36.0,1654.2140456158832,3654.018255981838
SYNTH-17-36-1-Topic-4-Cell-4,1,17.0,36.0,1744.6730967202666,3684.2500281667285
SYNTH-17-37-1-Topic-0-Cell-1,1,17.0,37.0,1700.0,3750.0
SYNTH-17-37-1-Topic-0-Cell-2,1,17.0,37.0,1719.6357488094313,3728.5655098336138
SYNTH-17-37-1-Topic-0-Cell-3,1,17.0,37.0,1659.0477974329642,3753.594037410554
SYNTH-17-37-1-Topic-8-Cell-4,1,17.0,37.0,1739.9568324127756,3780.634156484835
SYNTH-17-37-1-Topic-8-Cell-5,1,17.0,37.0,1689.8734502809575,3692.750956420323
SYNTH-17-38-1-Topic-5-Cell-1,1,17.0,38.0,1700.0,3850.0
SYNTH-17-38-1-Topic-8-Cell-2,1,17.0,38.0,1719.6357488094313,3828.5655098336138
SYNTH-17-38-1-Topic-8-Cell-3,1,17.0,38.0,1659.0477974329642,3853.594037410554
SYNTH-17-38-1-Topic-8-Cell-4,1,17.0,38.0,1739.9568324127756,3880.634156484835
SYNTH-17-38-1-Topic-8-Cell-5,1,17.0,38.0,1689.8734502809575,3792.750956420323
SYNTH-17-39-1-Topic-0-Cell-1,1,17.0,39.0,1700.0,3950.0
SYNTH-17-39-1-Topic-0-Cell-2,1,17.0,39.0,1717.924904260718,3930.4330770454126
SYNTH-17-39-1-Topic-0-Cell-3,1,17.0,39.0,1662.6159247908558,3953.2808922704635
SYNTH-17-39-1-Topic-8-Cell-4,1,17.0,39.0,1736.4754307315513,3977.965030894812
SYNTH-17-39-1-Topic-8-Cell-5,1,17.0,39.0,1690.755767148638,3897.7390123930245
SYNTH-17-39-1-Topic-8-Cell-6,1,17.0,39.0,1668.1523766524972,4000.065579198177
SYNTH-17-40-1-Topic-0-Cell-1,1,17.0,40.0,1700.0,4050.0
SYNTH-17-40-1-Topic-0-Cell-2,1,17.0,40.0,1719.6357488094313,4028.5655098336138
SYNTH-17-40-1-Topic-0-Cell-3,1,17.0,40.0,1659.0477974329642,4053.594037410554
SYNTH-17-40-1-Topic-8-Cell-4,1,17.0,40.0,1739.9568324127756,4080.634156484835
SYNTH-17-40-1-Topic-8-Cell-5,1,17.0,40.0,1689.8734502809575,3992.750956420323
SYNTH-17-41-1-Topic-4-Cell-1,1,17.0,41.0,1700.0,4150.0
SYNTH-17-41-1-Topic-4-Cell-2,1,17.0,41.0,1719.6357488094313,4128.565509833614
SYNTH-17-41-1-Topic-4-Cell-3,1,17.0,41.0,1659.0477974329642,4153.594037410554
SYNTH-17-41-1-Topic-7-Cell-4,1,17.0,41.0,1739.9568324127756,4180.634156484835
SYNTH-17-41-1-Topic-7-Cell-5,1,17.0,41.0,1689.8734502809575,4092.750956420323
SYNTH-17-42-1-Topic-8-Cell-1,1,17.0,42.0,1700.0,4250.0
SYNTH-17-42-1-Topic-8-Cell-2,1,17.0,42.0,1719.6357488094313,4228.565509833614
SYNTH-17-42-1-Topic-8-Cell-3,1,17.0,42.0,1659.0477974329642,4253.594037410554
SYNTH-17-42-1-Topic-9-Cell-4,1,17.0,42.0,1739.9568324127756,4280.634156484835
SYNTH-17-42-1-Topic-9-Cell-5,1,17.0,42.0,1689.8734502809575,4192.750956420323
SYNTH-17-43-1-Topic-2-Cell-1,1,17.0,43.0,1700.0,4350.0
SYNTH-17-43-1-Topic-2-Cell-2,1,17.0,43.0,1717.924904260718,4330.433077045413
SYNTH-17-43-1-Topic-2-Cell-3,1,17.0,43.0,1662.6159247908558,4353.2808922704635
SYNTH-17-43-1-Topic-9-Cell-4,1,17.0,43.0,1736.4754307315513,4377.965030894812
SYNTH-17-43-1-Topic-9-Cell-5,1,17.0,43.0,1690.755767148638,4297.7390123930245
SYNTH-17-43-1-Topic-9-Cell-6,1,17.0,43.0,1668.1523766524972,4400.065579198177
SYNTH-17-44-1-Topic-8-Cell-1,1,17.0,44.0,1700.0,4450.0
SYNTH-17-44-1-Topic-8-Cell-2,1,17.0,44.0,1717.924904260718,4430.433077045413
SYNTH-17-44-1-Topic-8-Cell-3,1,17.0,44.0,1662.6159247908558,4453.2808922704635
SYNTH-17-44-1-Topic-8-Cell-4,1,17.0,44.0,1736.4754307315513,4477.965030894812
SYNTH-17-44-1-Topic-8-Cell-5,1,17.0,44.0,1690.755767148638,4397.7390123930245
SYNTH-17-44-1-Topic-8-Cell-6,1,17.0,44.0,1668.1523766524972,4500.065579198177
SYNTH-17-45-1-Topic-7-Cell-1,1,17.0,45.0,1700.0,4550.0
SYNTH-17-45-1-Topic-7-Cell-2,1,17.0,45.0,1721.9534345634995,4526.035511462454
SYNTH-17-45-1-Topic-7-Cell-3,1,17.0,45.0,1654.2140456158832,4554.018255981839
SYNTH-17-45-1-Topic-7-Cell-4,1,17.0,45.0,1744.6730967202666,4584.250028166729
SYNTH-17-46-1-Topic-0-Cell-1,1,17.0,46.0,1700.0,4650.0
SYNTH-17-46-1-Topic-8-Cell-2,1,17.0,46.0,1717.924904260718,4630.433077045413
SYNTH-17-46-1-Topic-8-Cell-3,1,17.0,46.0,1662.6159247908558,4653.2808922704635
SYNTH-17-46-1-Topic-8-Cell-4,1,17.0,46.0,1736.4754307315513,4677.965030894812
SYNTH-17-46-1-Topic-8-Cell-5,1,17.0,46.0,1690.755767148638,4597.7390123930245
SYNTH-17-46-1-Topic-8-Cell-6,1,17.0,46.0,1668.1523766524972,4700.065579198177
SYNTH-17-47-1-Topic-5-Cell-1,1,17.0,47.0,1700.0,4750.0
SYNTH-17-47-1-Topic-7-Cell-2,1,17.0,47.0,1721.9534345634995,4726.035511462454
SYNTH-17-47-1-Topic-7-Cell-3,1,17.0,47.0,1654.2140456158832,4754.018255981839
SYNTH-17-47-1-Topic-8-Cell-4,1,17.0,47.0,1744.6730967202666,4784.250028166729
SYNTH-17-48-1-Topic-0-Cell-1,1,17.0,48.0,1700.0,4850.0
SYNTH-17-48-1-Topic-0-Cell-2,1,17.0,48.0,1719.6357488094313,4828.565509833614
SYNTH-17-48-1-Topic-8-Cell-3,1,17.0,48.0,1659.0477974329642,4853.594037410554
SYNTH-17-48-1-Topic-8-Cell-4,1,17.0,48.0,1739.9568324127756,4880.634156484835
SYNTH-17-48-1-Topic-9-Cell-5,1,17.0,48.0,1689.8734502809575,4792.750956420323
SYNTH-17-49-1-Topic-7-Cell-1,1,17.0,49.0,1700.0,4950.0
SYNTH-17-49-1-Topic-8-Cell-2,1,17.0,49.0,1719.6357488094313,4928.565509833614
SYNTH-17-49-1-Topic-8-Cell-3,1,17.0,49.0,1659.0477974329642,4953.594037410554
SYNTH-17-49-1-Topic-8-Cell-4,1,17.0,49.0,1739.9568324127756,4980.634156484835
SYNTH-17-49-1-Topic-8-Cell-5,1,17.0,49.0,1689.8734502809575,4892.750956420323
SYNTH-17-50-1-Topic-4-Cell-1,1,17.0,50.0,1700.0,5050.0
SYNTH-17-50-1-Topic-8-Cell-2,1,17.0,50.0,1721.9534345634995,5026.035511462454
SYNTH-17-50-1-Topic-8-Cell-3,1,17.0,50.0,1654.2140456158832,5054.018255981839
SYNTH-17-50-1-Topic-8-Cell-4,1,17.0,50.0,1744.6730967202666,5084.250028166729
SYNTH-18-1-1-Topic-0-Cell-1,1,18.0,1.0,1800.0,100.0
SYNTH-18-1-1-Topic-0-Cell-2,1,18.0,1.0,1817.924904260718,80.4330770454125
SYNTH-18-1-1-Topic-0-Cell-3,1,18.0,1.0,1762.6159247908558,103.28089227046327
SYNTH-18-1-1-Topic-0-Cell-4,1,18.0,1.0,1836.4754307315513,127.96503089481223
SYNTH-18-1-1-Topic-0-Cell-5,1,18.0,1.0,1790.755767148638,47.73901239302431
SYNTH-18-1-1-Topic-9-Cell-6,1,18.0,1.0,1768.1523766524972,150.06557919817692
SYNTH-18-2-1-Topic-0-Cell-1,1,18.0,2.0,1800.0,200.0
SYNTH-18-2-1-Topic-0-Cell-2,1,18.0,2.0,1816.5952366510712,181.88454943794198
SYNTH-18-2-1-Topic-0-Cell-3,1,18.0,2.0,1765.3890717599656,203.0375160091833
SYNTH-18-2-1-Topic-0-Cell-4,1,18.0,2.0,1833.7696869191316,225.89058769317754
SYNTH-18-2-1-Topic-8-Cell-5,1,18.0,2.0,1791.4415034192314,151.6157272394977
SYNTH-18-2-1-Topic-8-Cell-6,1,18.0,2.0,1770.5148301748964,246.35171952842674
SYNTH-18-2-1-Topic-8-Cell-7,1,18.0,2.0,1858.1150977231787,184.3774525747568
SYNTH-18-3-1-Topic-8-Cell-1,1,18.0,3.0,1800.0,300.0
SYNTH-18-3-1-Topic-8-Cell-2,1,18.0,3.0,1821.9534345634995,276.0355114624546
SYNTH-18-3-1-Topic-8-Cell-3,1,18.0,3.0,1754.2140456158832,304.0182559818382
SYNTH-18-3-1-Topic-8-Cell-4,1,18.0,3.0,1844.6730967202666,334.2500281667286
SYNTH-18-4-1-Topic-0-Cell-1,1,18.0,4.0,1800.0,400.0
SYNTH-18-4-1-Topic-4-Cell-2,1,18.0,4.0,1817.924904260718,380.4330770454125
SYNTH-18-4-1-Topic-4-Cell-3,1,18.0,4.0,1762.6159247908558,403.28089227046326
SYNTH-18-4-1-Topic-4-Cell-4,1,18.0,4.0,1836.4754307315513,427.96503089481223
SYNTH-18-4-1-Topic-7-Cell-5,1,18.0,4.0,1790.755767148638,347.7390123930243
SYNTH-18-4-1-Topic-8-Cell-6,1,18.0,4.0,1768.1523766524972,450.0655791981769
SYNTH-18-5-1-Topic-0-Cell-1,1,18.0,5.0,1800.0,500.0
SYNTH-18-5-1-Topic-0-Cell-2,1,18.0,5.0,1819.6357488094313,478.5655098336136
SYNTH-18-5-1-Topic-0-Cell-3,1,18.0,5.0,1759.0477974329642,503.59403741055417
SYNTH-18-5-1-Topic-8-Cell-4,1,18.0,5.0,1839.9568324127756,530.6341564848351
SYNTH-18-5-1-Topic-8-Cell-5,1,18.0,5.0,1789.8734502809575,442.75095642032295
SYNTH-18-6-1-Topic-0-Cell-1,1,18.0,6.0,1800.0,600.0
SYNTH-18-6-1-Topic-8-Cell-2,1,18.0,6.0,1819.6357488094313,578.5655098336136
SYNTH-18-6-1-Topic-8-Cell-3,1,18.0,6.0,1759.0477974329642,603.5940374105542
SYNTH-18-6-1-Topic-8-Cell-4,1,18.0,6.0,1839.9568324127756,630.6341564848351
SYNTH-18-6-1-Topic-8-Cell-5,1,18.0,6.0,1789.8734502809575,542.750956420323
SYNTH-18-7-1-Topic-4-Cell-1,1,18.0,7.0,1800.0,700.0
SYNTH-18-7-1-Topic-8-Cell-2,1,18.0,7.0,1821.9534345634995,676.0355114624546
SYNTH-18-7-1-Topic-8-Cell-3,1,18.0,7.0,1754.2140456158832,704.0182559818381
SYNTH-18-7-1-Topic-8-Cell-4,1,18.0,7.0,1844.6730967202666,734.2500281667286
SYNTH-18-8-1-Topic-0-Cell-1,1,18.0,8.0,1800.0,800.0
SYNTH-18-8-1-Topic-8-Cell-2,1,18.0,8.0,1819.6357488094313,778.5655098336136
SYNTH-18-8-1-Topic-8-Cell-3,1,18.0,8.0,1759.0477974329642,803.5940374105542
SYNTH-18-8-1-Topic-8-Cell-4,1,18.0,8.0,1839.9568324127756,830.6341564848351
SYNTH-18-8-1-Topic-9-Cell-5,1,18.0,8.0,1789.8734502809575,742.750956420323
SYNTH-18-9-1-Topic-8-Cell-1,1,18.0,9.0,1800.0,900.0
SYNTH-18-9-1-Topic-8-Cell-2,1,18.0,9.0,1819.6357488094313,878.5655098336136
SYNTH-18-9-1-Topic-8-Cell-3,1,18.0,9.0,1759.0477974329642,903.5940374105542
SYNTH-18-9-1-Topic-8-Cell-4,1,18.0,9.0,1839.9568324127756,930.6341564848351
SYNTH-18-9-1-Topic-8-Cell-5,1,18.0,9.0,1789.8734502809575,842.750956420323
SYNTH-18-10-1-Topic-7-Cell-1,1,18.0,10.0,1800.0,1000.0
SYNTH-18-10-1-Topic-7-Cell-2,1,18.0,10.0,1819.6357488094313,978.5655098336136
SYNTH-18-10-1-Topic-7-Cell-3,1,18.0,10.0,1759.0477974329642,1003.5940374105542
SYNTH-18-10-1-Topic-7-Cell-4,1,18.0,10.0,1839.9568324127756,1030.634156484835
SYNTH-18-10-1-Topic-7-Cell-5,1,18.0,10.0,1789.8734502809575,942.750956420323
SYNTH-18-11-1-Topic-0-Cell-1,1,18.0,11.0,1800.0,1100.0
SYNTH-18-11-1-Topic-8-Cell-2,1,18.0,11.0,1819.6357488094313,1078.5655098336135
SYNTH-18-11-1-Topic-8-Cell-3,1,18.0,11.0,1759.0477974329642,1103.5940374105542
SYNTH-18-11-1-Topic-8-Cell-4,1,18.0,11.0,1839.9568324127756,1130.634156484835
SYNTH-18-11-1-Topic-8-Cell-5,1,18.0,11.0,1789.8734502809575,1042.750956420323
SYNTH-18-12-1-Topic-8-Cell-1,1,18.0,12.0,1800.0,1200.0
SYNTH-18-12-1-Topic-8-Cell-2,1,18.0,12.0,1821.9534345634995,1176.0355114624547
SYNTH-18-12-1-Topic-8-Cell-3,1,18.0,12.0,1754.2140456158832,1204.0182559818381
SYNTH-18-12-1-Topic-8-Cell-4,1,18.0,12.0,1844.6730967202666,1234.2500281667287
SYNTH-18-13-1-Topic-0-Cell-1,1,18.0,13.0,1800.0,1300.0
SYNTH-18-13-1-Topic-0-Cell-2,1,18.0,13.0,1819.6357488094313,1278.5655098336135
SYNTH-18-13-1-Topic-7-Cell-3,1,18.0,13.0,1759.0477974329642,1303.5940374105542
SYNTH-18-13-1-Topic-9-Cell-4,1,18.0,13.0,1839.9568324127756,1330.634156484835
SYNTH-18-13-1-Topic-9-Cell-5,1,18.0,13.0,1789.8734502809575,1242.750956420323
SYNTH-18-14-1-Topic-7-Cell-1,1,18.0,14.0,1800.0,1400.0
SYNTH-18-14-1-Topic-8-Cell-2,1,18.0,14.0,1819.6357488094313,1378.5655098336135
SYNTH-18-14-1-Topic-8-Cell-3,1,18.0,14.0,1759.0477974329642,1403.5940374105542
SYNTH-18-14-1-Topic-8-Cell-4,1,18.0,14.0,1839.9568324127756,1430.634156484835
SYNTH-18-14-1-Topic-8-Cell-5,1,18.0,14.0,1789.8734502809575,1342.750956420323
SYNTH-18-15-1-Topic-0-Cell-1,1,18.0,15.0,1800.0,1500.0
SYNTH-18-15-1-Topic-0-Cell-2,1,18.0,15.0,1817.924904260718,1480.4330770454126
SYNTH-18-15-1-Topic-0-Cell-3,1,18.0,15.0,1762.6159247908558,1503.2808922704633
SYNTH-18-15-1-Topic-7-Cell-4,1,18.0,15.0,1836.4754307315513,1527.9650308948123
SYNTH-18-15-1-Topic-8-Cell-5,1,18.0,15.0,1790.755767148638,1447.7390123930243
SYNTH-18-15-1-Topic-10-Cell-6,1,18.0,15.0,1768.1523766524972,1550.065579198177
SYNTH-18-16-1-Topic-7-Cell-1,1,18.0,16.0,1800.0,1600.0
SYNTH-18-16-1-Topic-8-Cell-2,1,18.0,16.0,1819.6357488094313,1578.5655098336135
SYNTH-18-16-1-Topic-8-Cell-3,1,18.0,16.0,1759.0477974329642,1603.5940374105542
SYNTH-18-16-1-Topic-9-Cell-4,1,18.0,16.0,1839.9568324127756,1630.634156484835
SYNTH-18-16-1-Topic-9-Cell-5,1,18.0,16.0,1789.8734502809575,1542.750956420323
SYNTH-18-17-1-Topic-7-Cell-1,1,18.0,17.0,1800.0,1700.0
SYNTH-18-17-1-Topic-7-Cell-2,1,18.0,17.0,1825.3496427097466,1672.3281921837129
SYNTH-18-17-1-Topic-8-Cell-3,1,18.0,17.0,1747.1309338224526,1704.6398823455743
SYNTH-18-18-1-Topic-0-Cell-1,1,18.0,18.0,1800.0,1800.0
SYNTH-18-18-1-Topic-0-Cell-2,1,18.0,18.0,1817.924904260718,1780.4330770454126
SYNTH-18-18-1-Topic-8-Cell-3,1,18.0,18.0,1762.6159247908558,1803.2808922704633
SYNTH-18-18-1-Topic-8-Cell-4,1,18.0,18.0,1836.4754307315513,1827.9650308948123
SYNTH-18-18-1-Topic-8-Cell-5,1,18.0,18.0,1790.755767148638,1747.7390123930243
SYNTH-18-18-1-Topic-8-Cell-6,1,18.0,18.0,1768.1523766524972,1850.065579198177
SYNTH-18-19-1-Topic-8-Cell-1,1,18.0,19.0,1800.0,1900.0
SYNTH-18-19-1-Topic-8-Cell-2,1,18.0,19.0,1817.924904260718,1880.4330770454126
SYNTH-18-19-1-Topic-8-Cell-3,1,18.0,19.0,1762.6159247908558,1903.2808922704633
SYNTH-18-19-1-Topic-8-Cell-4,1,18.0,19.0,1836.4754307315513,1927.9650308948123
SYNTH-18-19-1-Topic-8-Cell-5,1,18.0,19.0,1790.755767148638,1847.7390123930243
SYNTH-18-19-1-Topic-8-Cell-6,1,18.0,19.0,1768.1523766524972,1950.065579198177
SYNTH-18-20-1-Topic-0-Cell-1,1,18.0,20.0,1800.0,2000.0
SYNTH-18-20-1-Topic-0-Cell-2,1,18.0,20.0,1817.924904260718,1980.4330770454126
SYNTH-18-20-1-Topic-0-Cell-3,1,18.0,20.0,1762.6159247908558,2003.2808922704633
SYNTH-18-20-1-Topic-2-Cell-4,1,18.0,20.0,1836.4754307315513,2027.9650308948123
SYNTH-18-20-1-Topic-8-Cell-5,1,18.0,20.0,1790.755767148638,1947.7390123930243
SYNTH-18-20-1-Topic-9-Cell-6,1,18.0,20.0,1768.1523766524972,2050.065579198177
SYNTH-18-21-1-Topic-0-Cell-1,1,18.0,21.0,1800.0,2100.0
SYNTH-18-21-1-Topic-0-Cell-2,1,18.0,21.0,1819.6357488094313,2078.5655098336138
SYNTH-18-21-1-Topic-0-Cell-3,1,18.0,21.0,1759.0477974329642,2103.594037410554
SYNTH-18-21-1-Topic-7-Cell-4,1,18.0,21.0,1839.9568324127756,2130.634156484835
SYNTH-18-21-1-Topic-7-Cell-5,1,18.0,21.0,1789.8734502809575,2042.750956420323
SYNTH-18-22-1-Topic-0-Cell-1,1,18.0,22.0,1800.0,2200.0
SYNTH-18-22-1-Topic-0-Cell-2,1,18.0,22.0,1821.9534345634995,2176.0355114624545
SYNTH-18-22-1-Topic-8-Cell-3,1,18.0,22.0,1754.2140456158832,2204.018255981838
SYNTH-18-22-1-Topic-9-Cell-4,1,18.0,22.0,1844.6730967202666,2234.2500281667285
SYNTH-18-24-1-Topic-8-Cell-1,1,18.0,24.0,1800.0,2400.0
SYNTH-18-24-1-Topic-10-Cell-2,1,18.0,24.0,1819.6357488094313,2378.5655098336138
SYNTH-18-24-1-Topic-10-Cell-3,1,18.0,24.0,1759.0477974329642,2403.594037410554
SYNTH-18-24-1-Topic-10-Cell-4,1,18.0,24.0,1839.9568324127756,2430.634156484835
SYNTH-18-24-1-Topic-10-Cell-5,1,18.0,24.0,1789.8734502809575,2342.750956420323
SYNTH-18-25-1-Topic-8-Cell-1,1,18.0,25.0,1800.0,2500.0
SYNTH-18-25-1-Topic-8-Cell-2,1,18.0,25.0,1821.9534345634995,2476.0355114624545
SYNTH-18-25-1-Topic-8-Cell-3,1,18.0,25.0,1754.2140456158832,2504.018255981838
SYNTH-18-25-1-Topic-8-Cell-4,1,18.0,25.0,1844.6730967202666,2534.2500281667285
SYNTH-18-26-1-Topic-0-Cell-1,1,18.0,26.0,1800.0,2600.0
SYNTH-18-26-1-Topic-8-Cell-2,1,18.0,26.0,1817.924904260718,2580.4330770454126
SYNTH-18-26-1-Topic-8-Cell-3,1,18.0,26.0,1762.6159247908558,2603.2808922704635
SYNTH-18-26-1-Topic-8-Cell-4,1,18.0,26.0,1836.4754307315513,2627.965030894812
SYNTH-18-26-1-Topic-8-Cell-5,1,18.0,26.0,1790.755767148638,2547.7390123930245
SYNTH-18-26-1-Topic-9-Cell-6,1,18.0,26.0,1768.1523766524972,2650.065579198177
SYNTH-18-27-1-Topic-8-Cell-1,1,18.0,27.0,1800.0,2700.0
SYNTH-18-27-1-Topic-8-Cell-2,1,18.0,27.0,1825.3496427097466,2672.328192183713
SYNTH-18-27-1-Topic-8-Cell-3,1,18.0,27.0,1747.1309338224526,2704.6398823455743
SYNTH-18-28-1-Topic-0-Cell-1,1,18.0,28.0,1800.0,2800.0
SYNTH-18-28-1-Topic-0-Cell-2,1,18.0,28.0,1821.9534345634995,2776.0355114624545
SYNTH-18-28-1-Topic-4-Cell-3,1,18.0,28.0,1754.2140456158832,2804.018255981838
SYNTH-18-28-1-Topic-8-Cell-4,1,18.0,28.0,1844.6730967202666,2834.2500281667285
SYNTH-18-29-1-Topic-8-Cell-1,1,18.0,29.0,1800.0,2900.0
SYNTH-18-29-1-Topic-9-Cell-2,1,18.0,29.0,1819.6357488094313,2878.5655098336138
SYNTH-18-29-1-Topic-9-Cell-3,1,18.0,29.0,1759.0477974329642,2903.594037410554
SYNTH-18-29-1-Topic-9-Cell-4,1,18.0,29.0,1839.9568324127756,2930.634156484835
SYNTH-18-29-1-Topic-9-Cell-5,1,18.0,29.0,1789.8734502809575,2842.750956420323
SYNTH-18-30-1-Topic-0-Cell-1,1,18.0,30.0,1800.0,3000.0
SYNTH-18-30-1-Topic-0-Cell-2,1,18.0,30.0,1819.6357488094313,2978.5655098336138
SYNTH-18-30-1-Topic-7-Cell-3,1,18.0,30.0,1759.0477974329642,3003.594037410554
SYNTH-18-30-1-Topic-8-Cell-4,1,18.0,30.0,1839.9568324127756,3030.634156484835
SYNTH-18-30-1-Topic-9-Cell-5,1,18.0,30.0,1789.8734502809575,2942.750956420323
SYNTH-18-31-1-Topic-0-Cell-1,1,18.0,31.0,1800.0,3100.0
SYNTH-18-31-1-Topic-0-Cell-2,1,18.0,31.0,1817.924904260718,3080.4330770454126
SYNTH-18-31-1-Topic-0-Cell-3,1,18.0,31.0,1762.6159247908558,3103.2808922704635
SYNTH-18-31-1-Topic-0-Cell-4,1,18.0,31.0,1836.4754307315513,3127.965030894812
SYNTH-18-31-1-Topic-0-Cell-5,1,18.0,31.0,1790.755767148638,3047.7390123930245
SYNTH-18-31-1-Topic-0-Cell-6,1,18.0,31.0,1768.1523766524972,3150.065579198177
SYNTH-18-32-1-Topic-7-Cell-1,1,18.0,32.0,1800.0,3200.0
SYNTH-18-32-1-Topic-7-Cell-2,1,18.0,32.0,1817.924904260718,3180.4330770454126
SYNTH-18-32-1-Topic-8-Cell-3,1,18.0,32.0,1762.6159247908558,3203.2808922704635
SYNTH-18-32-1-Topic-8-Cell-4,1,18.0,32.0,1836.4754307315513,3227.965030894812
SYNTH-18-32-1-Topic-8-Cell-5,1,18.0,32.0,1790.755767148638,3147.7390123930245
SYNTH-18-32-1-Topic-8-Cell-6,1,18.0,32.0,1768.1523766524972,3250.065579198177
SYNTH-18-33-1-Topic-0-Cell-1,1,18.0,33.0,1800.0,3300.0
SYNTH-18-33-1-Topic-0-Cell-2,1,18.0,33.0,1817.924904260718,3280.4330770454126
SYNTH-18-33-1-Topic-0-Cell-3,1,18.0,33.0,1762.6159247908558,3303.2808922704635
SYNTH-18-33-1-Topic-7-Cell-4,1,18.0,33.0,1836.4754307315513,3327.965030894812
SYNTH-18-33-1-Topic-8-Cell-5,1,18.0,33.0,1790.755767148638,3247.7390123930245
SYNTH-18-33-1-Topic-8-Cell-6,1,18.0,33.0,1768.1523766524972,3350.065579198177
SYNTH-18-34-1-Topic-8-Cell-1,1,18.0,34.0,1800.0,3400.0
SYNTH-18-34-1-Topic-8-Cell-2,1,18.0,34.0,1825.3496427097466,3372.328192183713
SYNTH-18-34-1-Topic-8-Cell-3,1,18.0,34.0,1747.1309338224526,3404.6398823455743
SYNTH-18-35-1-Topic-0-Cell-1,1,18.0,35.0,1800.0,3500.0
SYNTH-18-35-1-Topic-0-Cell-2,1,18.0,35.0,1817.924904260718,3480.4330770454126
SYNTH-18-35-1-Topic-0-Cell-3,1,18.0,35.0,1762.6159247908558,3503.2808922704635
SYNTH-18-35-1-Topic-0-Cell-4,1,18.0,35.0,1836.4754307315513,3527.965030894812
SYNTH-18-35-1-Topic-7-Cell-5,1,18.0,35.0,1790.755767148638,3447.7390123930245
SYNTH-18-35-1-Topic-8-Cell-6,1,18.0,35.0,1768.1523766524972,3550.065579198177
SYNTH-18-36-1-Topic-0-Cell-1,1,18.0,36.0,1800.0,3600.0
SYNTH-18-36-1-Topic-0-Cell-2,1,18.0,36.0,1819.6357488094313,3578.5655098336138
SYNTH-18-36-1-Topic-8-Cell-3,1,18.0,36.0,1759.0477974329642,3603.594037410554
SYNTH-18-36-1-Topic-8-Cell-4,1,18.0,36.0,1839.9568324127756,3630.634156484835
SYNTH-18-36-1-Topic-8-Cell-5,1,18.0,36.0,1789.8734502809575,3542.750956420323
SYNTH-18-37-1-Topic-8-Cell-1,1,18.0,37.0,1800.0,3700.0
SYNTH-18-37-1-Topic-8-Cell-2,1,18.0,37.0,1821.9534345634995,3676.0355114624545
SYNTH-18-37-1-Topic-8-Cell-3,1,18.0,37.0,1754.2140456158832,3704.018255981838
SYNTH-18-37-1-Topic-8-Cell-4,1,18.0,37.0,1844.6730967202666,3734.2500281667285
SYNTH-18-38-1-Topic-0-Cell-1,1,18.0,38.0,1800.0,3800.0
SYNTH-18-38-1-Topic-9-Cell-2,1,18.0,38.0,1819.6357488094313,3778.5655098336138
SYNTH-18-38-1-Topic-9-Cell-3,1,18.0,38.0,1759.0477974329642,3803.594037410554
SYNTH-18-38-1-Topic-9-Cell-4,1,18.0,38.0,1839.9568324127756,3830.634156484835
SYNTH-18-38-1-Topic-9-Cell-5,1,18.0,38.0,1789.8734502809575,3742.750956420323
SYNTH-18-39-1-Topic-7-Cell-1,1,18.0,39.0,1800.0,3900.0
SYNTH-18-39-1-Topic-7-Cell-2,1,18.0,39.0,1825.3496427097466,3872.328192183713
SYNTH-18-39-1-Topic-7-Cell-3,1,18.0,39.0,1747.1309338224526,3904.6398823455743
SYNTH-18-40-1-Topic-8-Cell-1,1,18.0,40.0,1800.0,4000.0
SYNTH-18-40-1-Topic-8-Cell-2,1,18.0,40.0,1819.6357488094313,3978.5655098336138
SYNTH-18-40-1-Topic-8-Cell-3,1,18.0,40.0,1759.0477974329642,4003.594037410554
SYNTH-18-40-1-Topic-8-Cell-4,1,18.0,40.0,1839.9568324127756,4030.634156484835
SYNTH-18-40-1-Topic-8-Cell-5,1,18.0,40.0,1789.8734502809575,3942.750956420323
SYNTH-18-41-1-Topic-8-Cell-1,1,18.0,41.0,1800.0,4100.0
SYNTH-18-41-1-Topic-8-Cell-2,1,18.0,41.0,1817.924904260718,4080.4330770454126
SYNTH-18-41-1-Topic-8-Cell-3,1,18.0,41.0,1762.6159247908558,4103.2808922704635
SYNTH-18-41-1-Topic-8-Cell-4,1,18.0,41.0,1836.4754307315513,4127.965030894812
SYNTH-18-41-1-Topic-8-Cell-5,1,18.0,41.0,1790.755767148638,4047.7390123930245
SYNTH-18-41-1-Topic-8-Cell-6,1,18.0,41.0,1768.1523766524972,4150.065579198177
SYNTH-18-42-1-Topic-0-Cell-1,1,18.0,42.0,1800.0,4200.0
SYNTH-18-42-1-Topic-8-Cell-2,1,18.0,42.0,1819.6357488094313,4178.565509833614
SYNTH-18-42-1-Topic-8-Cell-3,1,18.0,42.0,1759.0477974329642,4203.594037410554
SYNTH-18-42-1-Topic-8-Cell-4,1,18.0,42.0,1839.9568324127756,4230.634156484835
SYNTH-18-42-1-Topic-8-Cell-5,1,18.0,42.0,1789.8734502809575,4142.750956420323
SYNTH-18-43-1-Topic-0-Cell-1,1,18.0,43.0,1800.0,4300.0
SYNTH-18-43-1-Topic-0-Cell-2,1,18.0,43.0,1819.6357488094313,4278.565509833614
SYNTH-18-43-1-Topic-0-Cell-3,1,18.0,43.0,1759.0477974329642,4303.594037410554
SYNTH-18-43-1-Topic-8-Cell-4,1,18.0,43.0,1839.9568324127756,4330.634156484835
SYNTH-18-43-1-Topic-8-Cell-5,1,18.0,43.0,1789.8734502809575,4242.750956420323
SYNTH-18-44-1-Topic-0-Cell-1,1,18.0,44.0,1800.0,4400.0
SYNTH-18-44-1-Topic-8-Cell-2,1,18.0,44.0,1819.6357488094313,4378.565509833614
SYNTH-18-44-1-Topic-8-Cell-3,1,18.0,44.0,1759.0477974329642,4403.594037410554
SYNTH-18-44-1-Topic-8-Cell-4,1,18.0,44.0,1839.9568324127756,4430.634156484835
SYNTH-18-44-1-Topic-8-Cell-5,1,18.0,44.0,1789.8734502809575,4342.750956420323
SYNTH-18-45-1-Topic-8-Cell-1,1,18.0,45.0,1800.0,4500.0
SYNTH-18-45-1-Topic-8-Cell-2,1,18.0,45.0,1819.6357488094313,4478.565509833614
SYNTH-18-45-1-Topic-8-Cell-3,1,18.0,45.0,1759.0477974329642,4503.594037410554
SYNTH-18-45-1-Topic-8-Cell-4,1,18.0,45.0,1839.9568324127756,4530.634156484835
SYNTH-18-45-1-Topic-8-Cell-5,1,18.0,45.0,1789.8734502809575,4442.750956420323
SYNTH-18-46-1-Topic-2-Cell-1,1,18.0,46.0,1800.0,4600.0
SYNTH-18-46-1-Topic-2-Cell-2,1,18.0,46.0,1819.6357488094313,4578.565509833614
SYNTH-18-46-1-Topic-2-Cell-3,1,18.0,46.0,1759.0477974329642,4603.594037410554
SYNTH-18-46-1-Topic-2-Cell-4,1,18.0,46.0,1839.9568324127756,4630.634156484835
SYNTH-18-46-1-Topic-8-Cell-5,1,18.0,46.0,1789.8734502809575,4542.750956420323
SYNTH-18-47-1-Topic-7-Cell-1,1,18.0,47.0,1800.0,4700.0
SYNTH-18-47-1-Topic-7-Cell-2,1,18.0,47.0,1819.6357488094313,4678.565509833614
SYNTH-18-47-1-Topic-8-Cell-3,1,18.0,47.0,1759.0477974329642,4703.594037410554
SYNTH-18-47-1-Topic-8-Cell-4,1,18.0,47.0,1839.9568324127756,4730.634156484835
SYNTH-18-47-1-Topic-8-Cell-5,1,18.0,47.0,1789.8734502809575,4642.750956420323
SYNTH-18-48-1-Topic-7-Cell-1,1,18.0,48.0,1800.0,4800.0
SYNTH-18-48-1-Topic-8-Cell-2,1,18.0,48.0,1821.9534345634995,4776.035511462454
SYNTH-18-48-1-Topic-8-Cell-3,1,18.0,48.0,1754.2140456158832,4804.018255981839
SYNTH-18-48-1-Topic-8-Cell-4,1,18.0,48.0,1844.6730967202666,4834.250028166729
SYNTH-18-49-1-Topic-4-Cell-1,1,18.0,49.0,1800.0,4900.0
SYNTH-18-49-1-Topic-8-Cell-2,1,18.0,49.0,1819.6357488094313,4878.565509833614
SYNTH-18-49-1-Topic-8-Cell-3,1,18.0,49.0,1759.0477974329642,4903.594037410554
SYNTH-18-49-1-Topic-8-Cell-4,1,18.0,49.0,1839.9568324127756,4930.634156484835
SYNTH-18-49-1-Topic-8-Cell-5,1,18.0,49.0,1789.8734502809575,4842.750956420323
SYNTH-18-50-1-Topic-7-Cell-1,1,18.0,50.0,1800.0,5000.0
SYNTH-18-50-1-Topic-7-Cell-2,1,18.0,50.0,1825.3496427097466,4972.328192183713
SYNTH-18-50-1-Topic-7-Cell-3,1,18.0,50.0,1747.1309338224526,5004.639882345574
SYNTH-19-1-1-Topic-4-Cell-1,1,19.0,1.0,1900.0,150.0
SYNTH-19-1-1-Topic-4-Cell-2,1,19.0,1.0,1919.6357488094313,128.5655098336136
SYNTH-19-1-1-Topic-4-Cell-3,1,19.0,1.0,1859.0477974329642,153.59403741055414
SYNTH-19-1-1-Topic-7-Cell-4,1,19.0,1.0,1939.9568324127756,180.63415648483507
SYNTH-19-1-1-Topic-7-Cell-5,1,19.0,1.0,1889.8734502809575,92.75095642032298
SYNTH-19-2-1-Topic-0-Cell-1,1,19.0,2.0,1900.0,250.0
SYNTH-19-2-1-Topic-7-Cell-2,1,19.0,2.0,1919.6357488094313,228.5655098336136
SYNTH-19-2-1-Topic-8-Cell-3,1,19.0,2.0,1859.0477974329642,253.59403741055414
SYNTH-19-2-1-Topic-8-Cell-4,1,19.0,2.0,1939.9568324127756,280.6341564848351
SYNTH-19-2-1-Topic-8-Cell-5,1,19.0,2.0,1889.8734502809575,192.75095642032298
SYNTH-19-3-1-Topic-0-Cell-1,1,19.0,3.0,1900.0,350.0
SYNTH-19-3-1-Topic-4-Cell-2,1,19.0,3.0,1921.9534345634995,326.0355114624546
SYNTH-19-3-1-Topic-7-Cell-3,1,19.0,3.0,1854.2140456158832,354.0182559818382
SYNTH-19-3-1-Topic-8-Cell-4,1,19.0,3.0,1944.6730967202666,384.2500281667286
SYNTH-19-4-1-Topic-0-Cell-1,1,19.0,4.0,1900.0,450.0
SYNTH-19-4-1-Topic-0-Cell-2,1,19.0,4.0,1917.924904260718,430.4330770454125
SYNTH-19-4-1-Topic-0-Cell-3,1,19.0,4.0,1862.6159247908558,453.28089227046326
SYNTH-19-4-1-Topic-0-Cell-4,1,19.0,4.0,1936.4754307315513,477.96503089481223
SYNTH-19-4-1-Topic-8-Cell-5,1,19.0,4.0,1890.755767148638,397.7390123930243
SYNTH-19-4-1-Topic-8-Cell-6,1,19.0,4.0,1868.1523766524972,500.0655791981769
SYNTH-19-5-1-Topic-0-Cell-1,1,19.0,5.0,1900.0,550.0
SYNTH-19-5-1-Topic-8-Cell-2,1,19.0,5.0,1921.9534345634995,526.0355114624546
SYNTH-19-5-1-Topic-8-Cell-3,1,19.0,5.0,1854.2140456158832,554.0182559818381
SYNTH-19-5-1-Topic-8-Cell-4,1,19.0,5.0,1944.6730967202666,584.2500281667286
SYNTH-19-6-1-Topic-7-Cell-1,1,19.0,6.0,1900.0,650.0
SYNTH-19-6-1-Topic-7-Cell-2,1,19.0,6.0,1921.9534345634995,626.0355114624546
SYNTH-19-6-1-Topic-7-Cell-3,1,19.0,6.0,1854.2140456158832,654.0182559818381
SYNTH-19-6-1-Topic-8-Cell-4,1,19.0,6.0,1944.6730967202666,684.2500281667286
SYNTH-19-7-1-Topic-0-Cell-1,1,19.0,7.0,1900.0,750.0
SYNTH-19-7-1-Topic-7-Cell-2,1,19.0,7.0,1919.6357488094313,728.5655098336136
SYNTH-19-7-1-Topic-7-Cell-3,1,19.0,7.0,1859.0477974329642,753.5940374105542
SYNTH-19-7-1-Topic-8-Cell-4,1,19.0,7.0,1939.9568324127756,780.6341564848351
SYNTH-19-7-1-Topic-8-Cell-5,1,19.0,7.0,1889.8734502809575,692.750956420323
SYNTH-19-8-1-Topic-0-Cell-1,1,19.0,8.0,1900.0,850.0
SYNTH-19-8-1-Topic-8-Cell-2,1,19.0,8.0,1921.9534345634995,826.0355114624546
SYNTH-19-8-1-Topic-8-Cell-3,1,19.0,8.0,1854.2140456158832,854.0182559818381
SYNTH-19-8-1-Topic-8-Cell-4,1,19.0,8.0,1944.6730967202666,884.2500281667286
SYNTH-19-9-1-Topic-0-Cell-1,1,19.0,9.0,1900.0,950.0
SYNTH-19-9-1-Topic-0-Cell-2,1,19.0,9.0,1919.6357488094313,928.5655098336136
SYNTH-19-9-1-Topic-8-Cell-3,1,19.0,9.0,1859.0477974329642,953.5940374105542
SYNTH-19-9-1-Topic-8-Cell-4,1,19.0,9.0,1939.9568324127756,980.6341564848351
SYNTH-19-9-1-Topic-8-Cell-5,1,19.0,9.0,1889.8734502809575,892.750956420323
SYNTH-19-10-1-Topic-0-Cell-1,1,19.0,10.0,1900.0,1050.0
SYNTH-19-10-1-Topic-7-Cell-2,1,19.0,10.0,1919.6357488094313,1028.5655098336135
SYNTH-19-10-1-Topic-8-Cell-3,1,19.0,10.0,1859.0477974329642,1053.5940374105542
SYNTH-19-10-1-Topic-8-Cell-4,1,19.0,10.0,1939.9568324127756,1080.634156484835
SYNTH-19-10-1-Topic-8-Cell-5,1,19.0,10.0,1889.8734502809575,992.750956420323
SYNTH-19-11-1-Topic-0-Cell-1,1,19.0,11.0,1900.0,1150.0
SYNTH-19-11-1-Topic-0-Cell-2,1,19.0,11.0,1921.9534345634995,1126.0355114624547
SYNTH-19-11-1-Topic-0-Cell-3,1,19.0,11.0,1854.2140456158832,1154.0182559818381
SYNTH-19-11-1-Topic-7-Cell-4,1,19.0,11.0,1944.6730967202666,1184.2500281667287
SYNTH-19-12-1-Topic-4-Cell-1,1,19.0,12.0,1900.0,1250.0
SYNTH-19-12-1-Topic-4-Cell-2,1,19.0,12.0,1919.6357488094313,1228.5655098336135
SYNTH-19-12-1-Topic-4-Cell-3,1,19.0,12.0,1859.0477974329642,1253.5940374105542
SYNTH-19-12-1-Topic-4-Cell-4,1,19.0,12.0,1939.9568324127756,1280.634156484835
SYNTH-19-12-1-Topic-8-Cell-5,1,19.0,12.0,1889.8734502809575,1192.750956420323
SYNTH-19-13-1-Topic-2-Cell-1,1,19.0,13.0,1900.0,1350.0
SYNTH-19-13-1-Topic-9-Cell-2,1,19.0,13.0,1919.6357488094313,1328.5655098336135
SYNTH-19-13-1-Topic-9-Cell-3,1,19.0,13.0,1859.0477974329642,1353.5940374105542
SYNTH-19-13-1-Topic-9-Cell-4,1,19.0,13.0,1939.9568324127756,1380.634156484835
SYNTH-19-13-1-Topic-9-Cell-5,1,19.0,13.0,1889.8734502809575,1292.750956420323
SYNTH-19-14-1-Topic-8-Cell-1,1,19.0,14.0,1900.0,1450.0
SYNTH-19-14-1-Topic-8-Cell-2,1,19.0,14.0,1919.6357488094313,1428.5655098336135
SYNTH-19-14-1-Topic-8-Cell-3,1,19.0,14.0,1859.0477974329642,1453.5940374105542
SYNTH-19-14-1-Topic-8-Cell-4,1,19.0,14.0,1939.9568324127756,1480.634156484835
SYNTH-19-14-1-Topic-8-Cell-5,1,19.0,14.0,1889.8734502809575,1392.750956420323
SYNTH-19-15-1-Topic-8-Cell-1,1,19.0,15.0,1900.0,1550.0
SYNTH-19-15-1-Topic-8-Cell-2,1,19.0,15.0,1919.6357488094313,1528.5655098336135
SYNTH-19-15-1-Topic-8-Cell-3,1,19.0,15.0,1859.0477974329642,1553.5940374105542
SYNTH-19-15-1-Topic-8-Cell-4,1,19.0,15.0,1939.9568324127756,1580.634156484835
SYNTH-19-15-1-Topic-8-Cell-5,1,19.0,15.0,1889.8734502809575,1492.750956420323
SYNTH-19-16-1-Topic-0-Cell-1,1,19.0,16.0,1900.0,1650.0
SYNTH-19-16-1-Topic-0-Cell-2,1,19.0,16.0,1919.6357488094313,1628.5655098336135
SYNTH-19-16-1-Topic-8-Cell-3,1,19.0,16.0,1859.0477974329642,1653.5940374105542
SYNTH-19-16-1-Topic-8-Cell-4,1,19.0,16.0,1939.9568324127756,1680.634156484835
SYNTH-19-16-1-Topic-9-Cell-5,1,19.0,16.0,1889.8734502809575,1592.750956420323
SYNTH-19-17-1-Topic-7-Cell-1,1,19.0,17.0,1900.0,1750.0
SYNTH-19-17-1-Topic-10-Cell-2,1,19.0,17.0,1919.6357488094313,1728.5655098336135
SYNTH-19-17-1-Topic-10-Cell-3,1,19.0,17.0,1859.0477974329642,1753.5940374105542
SYNTH-19-17-1-Topic-10-Cell-4,1,19.0,17.0,1939.9568324127756,1780.634156484835
SYNTH-19-17-1-Topic-10-Cell-5,1,19.0,17.0,1889.8734502809575,1692.750956420323
SYNTH-19-18-1-Topic-0-Cell-1,1,19.0,18.0,1900.0,1850.0
SYNTH-19-18-1-Topic-0-Cell-2,1,19.0,18.0,1917.924904260718,1830.4330770454126
SYNTH-19-18-1-Topic-0-Cell-3,1,19.0,18.0,1862.6159247908558,1853.2808922704633
SYNTH-19-18-1-Topic-0-Cell-4,1,19.0,18.0,1936.4754307315513,1877.9650308948123
SYNTH-19-18-1-Topic-8-Cell-5,1,19.0,18.0,1890.755767148638,1797.7390123930243
SYNTH-19-18-1-Topic-8-Cell-6,1,19.0,18.0,1868.1523766524972,1900.065579198177
SYNTH-19-19-1-Topic-0-Cell-1,1,19.0,19.0,1900.0,1950.0
SYNTH-19-19-1-Topic-0-Cell-2,1,19.0,19.0,1919.6357488094313,1928.5655098336135
SYNTH-19-19-1-Topic-0-Cell-3,1,19.0,19.0,1859.0477974329642,1953.5940374105542
SYNTH-19-19-1-Topic-8-Cell-4,1,19.0,19.0,1939.9568324127756,1980.634156484835
SYNTH-19-19-1-Topic-8-Cell-5,1,19.0,19.0,1889.8734502809575,1892.750956420323
SYNTH-19-20-1-Topic-0-Cell-1,1,19.0,20.0,1900.0,2050.0
SYNTH-19-20-1-Topic-7-Cell-2,1,19.0,20.0,1919.6357488094313,2028.5655098336135
SYNTH-19-20-1-Topic-8-Cell-3,1,19.0,20.0,1859.0477974329642,2053.594037410554
SYNTH-19-20-1-Topic-8-Cell-4,1,19.0,20.0,1939.9568324127756,2080.634156484835
SYNTH-19-20-1-Topic-8-Cell-5,1,19.0,20.0,1889.8734502809575,1992.750956420323
SYNTH-19-21-1-Topic-0-Cell-1,1,19.0,21.0,1900.0,2150.0
SYNTH-19-21-1-Topic-0-Cell-2,1,19.0,21.0,1919.6357488094313,2128.5655098336138
SYNTH-19-21-1-Topic-0-Cell-3,1,19.0,21.0,1859.0477974329642,2153.594037410554
SYNTH-19-21-1-Topic-7-Cell-4,1,19.0,21.0,1939.9568324127756,2180.634156484835
SYNTH-19-21-1-Topic-7-Cell-5,1,19.0,21.0,1889.8734502809575,2092.750956420323
SYNTH-19-22-1-Topic-0-Cell-1,1,19.0,22.0,1900.0,2250.0
SYNTH-19-22-1-Topic-0-Cell-2,1,19.0,22.0,1919.6357488094313,2228.5655098336138
SYNTH-19-22-1-Topic-7-Cell-3,1,19.0,22.0,1859.0477974329642,2253.594037410554
SYNTH-19-22-1-Topic-8-Cell-4,1,19.0,22.0,1939.9568324127756,2280.634156484835
SYNTH-19-22-1-Topic-8-Cell-5,1,19.0,22.0,1889.8734502809575,2192.750956420323
SYNTH-19-23-1-Topic-0-Cell-1,1,19.0,23.0,1900.0,2350.0
SYNTH-19-23-1-Topic-0-Cell-2,1,19.0,23.0,1919.6357488094313,2328.5655098336138
SYNTH-19-23-1-Topic-0-Cell-3,1,19.0,23.0,1859.0477974329642,2353.594037410554
SYNTH-19-23-1-Topic-8-Cell-4,1,19.0,23.0,1939.9568324127756,2380.634156484835
SYNTH-19-23-1-Topic-8-Cell-5,1,19.0,23.0,1889.8734502809575,2292.750956420323
SYNTH-19-24-1-Topic-7-Cell-1,1,19.0,24.0,1900.0,2450.0
SYNTH-19-24-1-Topic-8-Cell-2,1,19.0,24.0,1919.6357488094313,2428.5655098336138
SYNTH-19-24-1-Topic-8-Cell-3,1,19.0,24.0,1859.0477974329642,2453.594037410554
SYNTH-19-24-1-Topic-9-Cell-4,1,19.0,24.0,1939.9568324127756,2480.634156484835
SYNTH-19-24-1-Topic-9-Cell-5,1,19.0,24.0,1889.8734502809575,2392.750956420323
SYNTH-19-25-1-Topic-0-Cell-1,1,19.0,25.0,1900.0,2550.0
SYNTH-19-25-1-Topic-0-Cell-2,1,19.0,25.0,1917.924904260718,2530.4330770454126
SYNTH-19-25-1-Topic-0-Cell-3,1,19.0,25.0,1862.6159247908558,2553.2808922704635
SYNTH-19-25-1-Topic-0-Cell-4,1,19.0,25.0,1936.4754307315513,2577.965030894812
SYNTH-19-25-1-Topic-0-Cell-5,1,19.0,25.0,1890.755767148638,2497.7390123930245
SYNTH-19-25-1-Topic-7-Cell-6,1,19.0,25.0,1868.1523766524972,2600.065579198177
SYNTH-19-26-1-Topic-0-Cell-1,1,19.0,26.0,1900.0,2650.0
SYNTH-19-26-1-Topic-0-Cell-2,1,19.0,26.0,1919.6357488094313,2628.5655098336138
SYNTH-19-26-1-Topic-8-Cell-3,1,19.0,26.0,1859.0477974329642,2653.594037410554
SYNTH-19-26-1-Topic-8-Cell-4,1,19.0,26.0,1939.9568324127756,2680.634156484835
SYNTH-19-26-1-Topic-8-Cell-5,1,19.0,26.0,1889.8734502809575,2592.750956420323
SYNTH-19-27-1-Topic-0-Cell-1,1,19.0,27.0,1900.0,2750.0
SYNTH-19-27-1-Topic-8-Cell-2,1,19.0,27.0,1921.9534345634995,2726.0355114624545
SYNTH-19-27-1-Topic-8-Cell-3,1,19.0,27.0,1854.2140456158832,2754.018255981838
SYNTH-19-27-1-Topic-8-Cell-4,1,19.0,27.0,1944.6730967202666,2784.2500281667285
SYNTH-19-28-1-Topic-0-Cell-1,1,19.0,28.0,1900.0,2850.0
SYNTH-19-28-1-Topic-0-Cell-2,1,19.0,28.0,1916.5952366510712,2831.884549437942
SYNTH-19-28-1-Topic-0-Cell-3,1,19.0,28.0,1865.3890717599656,2853.0375160091835
SYNTH-19-28-1-Topic-8-Cell-4,1,19.0,28.0,1933.7696869191316,2875.8905876931776
SYNTH-19-28-1-Topic-8-Cell-5,1,19.0,28.0,1891.4415034192314,2801.6157272394976
SYNTH-19-28-1-Topic-8-Cell-6,1,19.0,28.0,1870.5148301748964,2896.3517195284267
SYNTH-19-28-1-Topic-8-Cell-7,1,19.0,28.0,1958.1150977231787,2834.3774525747567
SYNTH-19-29-1-Topic-0-Cell-1,1,19.0,29.0,1900.0,2950.0
SYNTH-19-29-1-Topic-8-Cell-2,1,19.0,29.0,1921.9534345634995,2926.0355114624545
SYNTH-19-29-1-Topic-8-Cell-3,1,19.0,29.0,1854.2140456158832,2954.018255981838
SYNTH-19-29-1-Topic-8-Cell-4,1,19.0,29.0,1944.6730967202666,2984.2500281667285
SYNTH-19-30-1-Topic-7-Cell-1,1,19.0,30.0,1900.0,3050.0
SYNTH-19-30-1-Topic-7-Cell-2,1,19.0,30.0,1919.6357488094313,3028.5655098336138
SYNTH-19-30-1-Topic-8-Cell-3,1,19.0,30.0,1859.0477974329642,3053.594037410554
SYNTH-19-30-1-Topic-9-Cell-4,1,19.0,30.0,1939.9568324127756,3080.634156484835
SYNTH-19-30-1-Topic-9-Cell-5,1,19.0,30.0,1889.8734502809575,2992.750956420323
SYNTH-19-31-1-Topic-0-Cell-1,1,19.0,31.0,1900.0,3150.0
SYNTH-19-31-1-Topic-0-Cell-2,1,19.0,31.0,1919.6357488094313,3128.5655098336138
SYNTH-19-31-1-Topic-7-Cell-3,1,19.0,31.0,1859.0477974329642,3153.594037410554
SYNTH-19-31-1-Topic-8-Cell-4,1,19.0,31.0,1939.9568324127756,3180.634156484835
SYNTH-19-31-1-Topic-8-Cell-5,1,19.0,31.0,1889.8734502809575,3092.750956420323
SYNTH-19-32-1-Topic-2-Cell-1,1,19.0,32.0,1900.0,3250.0
SYNTH-19-32-1-Topic-2-Cell-2,1,19.0,32.0,1919.6357488094313,3228.5655098336138
SYNTH-19-32-1-Topic-2-Cell-3,1,19.0,32.0,1859.0477974329642,3253.594037410554
SYNTH-19-32-1-Topic-9-Cell-4,1,19.0,32.0,1939.9568324127756,3280.634156484835
SYNTH-19-32-1-Topic-9-Cell-5,1,19.0,32.0,1889.8734502809575,3192.750956420323
SYNTH-19-33-1-Topic-0-Cell-1,1,19.0,33.0,1900.0,3350.0
SYNTH-19-33-1-Topic-8-Cell-2,1,19.0,33.0,1921.9534345634995,3326.0355114624545
SYNTH-19-33-1-Topic-8-Cell-3,1,19.0,33.0,1854.2140456158832,3354.018255981838
SYNTH-19-33-1-Topic-8-Cell-4,1,19.0,33.0,1944.6730967202666,3384.2500281667285
SYNTH-19-34-1-Topic-5-Cell-1,1,19.0,34.0,1900.0,3450.0
SYNTH-19-34-1-Topic-8-Cell-2,1,19.0,34.0,1917.924904260718,3430.4330770454126
SYNTH-19-34-1-Topic-8-Cell-3,1,19.0,34.0,1862.6159247908558,3453.2808922704635
SYNTH-19-34-1-Topic-8-Cell-4,1,19.0,34.0,1936.4754307315513,3477.965030894812
SYNTH-19-34-1-Topic-8-Cell-5,1,19.0,34.0,1890.755767148638,3397.7390123930245
SYNTH-19-34-1-Topic-8-Cell-6,1,19.0,34.0,1868.1523766524972,3500.065579198177
SYNTH-19-35-1-Topic-0-Cell-1,1,19.0,35.0,1900.0,3550.0
SYNTH-19-35-1-Topic-0-Cell-2,1,19.0,35.0,1919.6357488094313,3528.5655098336138
SYNTH-19-35-1-Topic-8-Cell-3,1,19.0,35.0,1859.0477974329642,3553.594037410554
SYNTH-19-35-1-Topic-8-Cell-4,1,19.0,35.0,1939.9568324127756,3580.634156484835
SYNTH-19-35-1-Topic-8-Cell-5,1,19.0,35.0,1889.8734502809575,3492.750956420323
SYNTH-19-36-1-Topic-0-Cell-1,1,19.0,36.0,1900.0,3650.0
SYNTH-19-36-1-Topic-0-Cell-2,1,19.0,36.0,1917.924904260718,3630.4330770454126
SYNTH-19-36-1-Topic-8-Cell-3,1,19.0,36.0,1862.6159247908558,3653.2808922704635
SYNTH-19-36-1-Topic-8-Cell-4,1,19.0,36.0,1936.4754307315513,3677.965030894812
SYNTH-19-36-1-Topic-8-Cell-5,1,19.0,36.0,1890.755767148638,3597.7390123930245
SYNTH-19-36-1-Topic-8-Cell-6,1,19.0,36.0,1868.1523766524972,3700.065579198177
SYNTH-19-37-1-Topic-0-Cell-1,1,19.0,37.0,1900.0,3750.0
SYNTH-19-37-1-Topic-0-Cell-2,1,19.0,37.0,1917.924904260718,3730.4330770454126
SYNTH-19-37-1-Topic-5-Cell-3,1,19.0,37.0,1862.6159247908558,3753.2808922704635
SYNTH-19-37-1-Topic-5-Cell-4,1,19.0,37.0,1936.4754307315513,3777.965030894812
SYNTH-19-37-1-Topic-8-Cell-5,1,19.0,37.0,1890.755767148638,3697.7390123930245
SYNTH-19-37-1-Topic-8-Cell-6,1,19.0,37.0,1868.1523766524972,3800.065579198177
SYNTH-19-38-1-Topic-0-Cell-1,1,19.0,38.0,1900.0,3850.0
SYNTH-19-38-1-Topic-0-Cell-2,1,19.0,38.0,1917.924904260718,3830.4330770454126
SYNTH-19-38-1-Topic-0-Cell-3,1,19.0,38.0,1862.6159247908558,3853.2808922704635
SYNTH-19-38-1-Topic-8-Cell-4,1,19.0,38.0,1936.4754307315513,3877.965030894812
SYNTH-19-38-1-Topic-8-Cell-5,1,19.0,38.0,1890.755767148638,3797.7390123930245
SYNTH-19-38-1-Topic-8-Cell-6,1,19.0,38.0,1868.1523766524972,3900.065579198177
SYNTH-19-39-1-Topic-7-Cell-1,1,19.0,39.0,1900.0,3950.0
SYNTH-19-39-1-Topic-7-Cell-2,1,19.0,39.0,1931.0468449003713,3916.109095294869
SYNTH-19-40-1-Topic-0-Cell-1,1,19.0,40.0,1900.0,4050.0
SYNTH-19-40-1-Topic-7-Cell-2,1,19.0,40.0,1919.6357488094313,4028.5655098336138
SYNTH-19-40-1-Topic-7-Cell-3,1,19.0,40.0,1859.0477974329642,4053.594037410554
SYNTH-19-40-1-Topic-8-Cell-4,1,19.0,40.0,1939.9568324127756,4080.634156484835
SYNTH-19-40-1-Topic-8-Cell-5,1,19.0,40.0,1889.8734502809575,3992.750956420323
SYNTH-19-41-1-Topic-0-Cell-1,1,19.0,41.0,1900.0,4150.0
SYNTH-19-41-1-Topic-0-Cell-2,1,19.0,41.0,1919.6357488094313,4128.565509833614
SYNTH-19-41-1-Topic-8-Cell-3,1,19.0,41.0,1859.0477974329642,4153.594037410554
SYNTH-19-41-1-Topic-8-Cell-4,1,19.0,41.0,1939.9568324127756,4180.634156484835
SYNTH-19-41-1-Topic-8-Cell-5,1,19.0,41.0,1889.8734502809575,4092.750956420323
SYNTH-19-42-1-Topic-0-Cell-1,1,19.0,42.0,1900.0,4250.0
SYNTH-19-42-1-Topic-0-Cell-2,1,19.0,42.0,1917.924904260718,4230.433077045413
SYNTH-19-42-1-Topic-4-Cell-3,1,19.0,42.0,1862.6159247908558,4253.2808922704635
SYNTH-19-42-1-Topic-8-Cell-4,1,19.0,42.0,1936.4754307315513,4277.965030894812
SYNTH-19-42-1-Topic-8-Cell-5,1,19.0,42.0,1890.755767148638,4197.7390123930245
SYNTH-19-42-1-Topic-8-Cell-6,1,19.0,42.0,1868.1523766524972,4300.065579198177
SYNTH-19-43-1-Topic-7-Cell-1,1,19.0,43.0,1900.0,4350.0
SYNTH-19-43-1-Topic-7-Cell-2,1,19.0,43.0,1917.924904260718,4330.433077045413
SYNTH-19-43-1-Topic-7-Cell-3,1,19.0,43.0,1862.6159247908558,4353.2808922704635
SYNTH-19-43-1-Topic-8-Cell-4,1,19.0,43.0,1936.4754307315513,4377.965030894812
SYNTH-19-43-1-Topic-8-Cell-5,1,19.0,43.0,1890.755767148638,4297.7390123930245
SYNTH-19-43-1-Topic-8-Cell-6,1,19.0,43.0,1868.1523766524972,4400.065579198177
SYNTH-19-44-1-Topic-4-Cell-1,1,19.0,44.0,1900.0,4450.0
SYNTH-19-44-1-Topic-4-Cell-2,1,19.0,44.0,1921.9534345634995,4426.035511462454
SYNTH-19-44-1-Topic-8-Cell-3,1,19.0,44.0,1854.2140456158832,4454.018255981839
SYNTH-19-44-1-Topic-8-Cell-4,1,19.0,44.0,1944.6730967202666,4484.250028166729
SYNTH-19-45-1-Topic-0-Cell-1,1,19.0,45.0,1900.0,4550.0
SYNTH-19-45-1-Topic-0-Cell-2,1,19.0,45.0,1917.924904260718,4530.433077045413
SYNTH-19-45-1-Topic-0-Cell-3,1,19.0,45.0,1862.6159247908558,4553.2808922704635
SYNTH-19-45-1-Topic-0-Cell-4,1,19.0,45.0,1936.4754307315513,4577.965030894812
SYNTH-19-45-1-Topic-8-Cell-5,1,19.0,45.0,1890.755767148638,4497.7390123930245
SYNTH-19-45-1-Topic-8-Cell-6,1,19.0,45.0,1868.1523766524972,4600.065579198177
SYNTH-19-46-1-Topic-7-Cell-1,1,19.0,46.0,1900.0,4650.0
SYNTH-19-46-1-Topic-8-Cell-2,1,19.0,46.0,1921.9534345634995,4626.035511462454
SYNTH-19-46-1-Topic-8-Cell-3,1,19.0,46.0,1854.2140456158832,4654.018255981839
SYNTH-19-46-1-Topic-8-Cell-4,1,19.0,46.0,1944.6730967202666,4684.250028166729
SYNTH-19-47-1-Topic-7-Cell-1,1,19.0,47.0,1900.0,4750.0
SYNTH-19-47-1-Topic-7-Cell-2,1,19.0,47.0,1919.6357488094313,4728.565509833614
SYNTH-19-47-1-Topic-7-Cell-3,1,19.0,47.0,1859.0477974329642,4753.594037410554
SYNTH-19-47-1-Topic-8-Cell-4,1,19.0,47.0,1939.9568324127756,4780.634156484835
SYNTH-19-47-1-Topic-8-Cell-5,1,19.0,47.0,1889.8734502809575,4692.750956420323
SYNTH-19-48-1-Topic-8-Cell-1,1,19.0,48.0,1900.0,4850.0
SYNTH-19-48-1-Topic-8-Cell-2,1,19.0,48.0,1921.9534345634995,4826.035511462454
SYNTH-19-48-1-Topic-8-Cell-3,1,19.0,48.0,1854.2140456158832,4854.018255981839
SYNTH-19-48-1-Topic-8-Cell-4,1,19.0,48.0,1944.6730967202666,4884.250028166729
SYNTH-19-49-1-Topic-8-Cell-1,1,19.0,49.0,1900.0,4950.0
SYNTH-19-49-1-Topic-8-Cell-2,1,19.0,49.0,1921.9534345634995,4926.035511462454
SYNTH-19-49-1-Topic-8-Cell-3,1,19.0,49.0,1854.2140456158832,4954.018255981839
SYNTH-19-49-1-Topic-8-Cell-4,1,19.0,49.0,1944.6730967202666,4984.250028166729
SYNTH-19-50-1-Topic-8-Cell-1,1,19.0,50.0,1900.0,5050.0
SYNTH-19-50-1-Topic-8-Cell-2,1,19.0,50.0,1919.6357488094313,5028.565509833614
SYNTH-19-50-1-Topic-8-Cell-3,1,19.0,50.0,1859.0477974329642,5053.594037410554
SYNTH-19-50-1-Topic-8-Cell-4,1,19.0,50.0,1939.9568324127756,5080.634156484835
SYNTH-19-50-1-Topic-9-Cell-5,1,19.0,50.0,1889.8734502809575,4992.750956420323
SYNTH-20-1-1-Topic-0-Cell-1,1,20.0,1.0,2000.0,100.0
SYNTH-20-1-1-Topic-0-Cell-2,1,20.0,1.0,2016.5952366510712,81.88454943794198
SYNTH-20-1-1-Topic-0-Cell-3,1,20.0,1.0,1965.3890717599656,103.03751600918329
SYNTH-20-1-1-Topic-0-Cell-4,1,20.0,1.0,2033.7696869191316,125.89058769317754
SYNTH-20-1-1-Topic-0-Cell-5,1,20.0,1.0,1991.4415034192314,51.615727239497694
SYNTH-20-1-1-Topic-0-Cell-6,1,20.0,1.0,1970.5148301748964,146.35171952842674
SYNTH-20-1-1-Topic-0-Cell-7,1,20.0,1.0,2058.1150977231787,84.3774525747568
SYNTH-20-2-1-Topic-0-Cell-1,1,20.0,2.0,2000.0,200.0
SYNTH-20-2-1-Topic-0-Cell-2,1,20.0,2.0,2017.924904260718,180.43307704541252
SYNTH-20-2-1-Topic-9-Cell-3,1,20.0,2.0,1962.6159247908558,203.28089227046326
SYNTH-20-2-1-Topic-9-Cell-4,1,20.0,2.0,2036.4754307315513,227.96503089481223
SYNTH-20-2-1-Topic-10-Cell-5,1,20.0,2.0,1990.755767148638,147.73901239302432
SYNTH-20-2-1-Topic-10-Cell-6,1,20.0,2.0,1968.1523766524972,250.06557919817692
SYNTH-20-3-1-Topic-0-Cell-1,1,20.0,3.0,2000.0,300.0
SYNTH-20-3-1-Topic-8-Cell-2,1,20.0,3.0,2019.6357488094313,278.5655098336136
SYNTH-20-3-1-Topic-8-Cell-3,1,20.0,3.0,1959.0477974329642,303.59403741055417
SYNTH-20-3-1-Topic-8-Cell-4,1,20.0,3.0,2039.9568324127756,330.6341564848351
SYNTH-20-3-1-Topic-8-Cell-5,1,20.0,3.0,1989.8734502809575,242.75095642032298
SYNTH-20-4-1-Topic-8-Cell-1,1,20.0,4.0,2000.0,400.0
SYNTH-20-4-1-Topic-8-Cell-2,1,20.0,4.0,2019.6357488094313,378.5655098336136
SYNTH-20-4-1-Topic-8-Cell-3,1,20.0,4.0,1959.0477974329642,403.59403741055417
SYNTH-20-4-1-Topic-8-Cell-4,1,20.0,4.0,2039.9568324127756,430.6341564848351
SYNTH-20-4-1-Topic-8-Cell-5,1,20.0,4.0,1989.8734502809575,342.75095642032295
SYNTH-20-5-1-Topic-0-Cell-1,1,20.0,5.0,2000.0,500.0
SYNTH-20-5-1-Topic-8-Cell-2,1,20.0,5.0,2017.924904260718,480.4330770454125
SYNTH-20-5-1-Topic-9-Cell-3,1,20.0,5.0,1962.6159247908558,503.28089227046326
SYNTH-20-5-1-Topic-9-Cell-4,1,20.0,5.0,2036.4754307315513,527.9650308948122
SYNTH-20-5-1-Topic-9-Cell-5,1,20.0,5.0,1990.755767148638,447.7390123930243
SYNTH-20-5-1-Topic-9-Cell-6,1,20.0,5.0,1968.1523766524972,550.0655791981769
SYNTH-20-6-1-Topic-0-Cell-1,1,20.0,6.0,2000.0,600.0
SYNTH-20-6-1-Topic-8-Cell-2,1,20.0,6.0,2019.6357488094313,578.5655098336136
SYNTH-20-6-1-Topic-8-Cell-3,1,20.0,6.0,1959.0477974329642,603.5940374105542
SYNTH-20-6-1-Topic-8-Cell-4,1,20.0,6.0,2039.9568324127756,630.6341564848351
SYNTH-20-6-1-Topic-8-Cell-5,1,20.0,6.0,1989.8734502809575,542.750956420323
SYNTH-20-7-1-Topic-0-Cell-1,1,20.0,7.0,2000.0,700.0
SYNTH-20-7-1-Topic-8-Cell-2,1,20.0,7.0,2019.6357488094313,678.5655098336136
SYNTH-20-7-1-Topic-8-Cell-3,1,20.0,7.0,1959.0477974329642,703.5940374105542
SYNTH-20-7-1-Topic-8-Cell-4,1,20.0,7.0,2039.9568324127756,730.6341564848351
SYNTH-20-7-1-Topic-10-Cell-5,1,20.0,7.0,1989.8734502809575,642.750956420323
SYNTH-20-8-1-Topic-8-Cell-1,1,20.0,8.0,2000.0,800.0
SYNTH-20-8-1-Topic-8-Cell-2,1,20.0,8.0,2021.9534345634995,776.0355114624546
SYNTH-20-8-1-Topic-10-Cell-3,1,20.0,8.0,1954.2140456158832,804.0182559818381
SYNTH-20-8-1-Topic-10-Cell-4,1,20.0,8.0,2044.6730967202666,834.2500281667286
SYNTH-20-9-1-Topic-0-Cell-1,1,20.0,9.0,2000.0,900.0
SYNTH-20-9-1-Topic-0-Cell-2,1,20.0,9.0,2019.6357488094313,878.5655098336136
SYNTH-20-9-1-Topic-0-Cell-3,1,20.0,9.0,1959.0477974329642,903.5940374105542
SYNTH-20-9-1-Topic-8-Cell-4,1,20.0,9.0,2039.9568324127756,930.6341564848351
SYNTH-20-9-1-Topic-8-Cell-5,1,20.0,9.0,1989.8734502809575,842.750956420323
SYNTH-20-10-1-Topic-8-Cell-1,1,20.0,10.0,2000.0,1000.0
SYNTH-20-10-1-Topic-8-Cell-2,1,20.0,10.0,2025.3496427097466,972.328192183713
SYNTH-20-10-1-Topic-8-Cell-3,1,20.0,10.0,1947.1309338224526,1004.6398823455742
SYNTH-20-11-1-Topic-0-Cell-1,1,20.0,11.0,2000.0,1100.0
SYNTH-20-11-1-Topic-7-Cell-2,1,20.0,11.0,2021.9534345634995,1076.0355114624547
SYNTH-20-11-1-Topic-7-Cell-3,1,20.0,11.0,1954.2140456158832,1104.0182559818381
SYNTH-20-11-1-Topic-9-Cell-4,1,20.0,11.0,2044.6730967202666,1134.2500281667287
SYNTH-20-12-1-Topic-0-Cell-1,1,20.0,12.0,2000.0,1200.0
SYNTH-20-12-1-Topic-0-Cell-2,1,20.0,12.0,2019.6357488094313,1178.5655098336135
SYNTH-20-12-1-Topic-0-Cell-3,1,20.0,12.0,1959.0477974329642,1203.5940374105542
SYNTH-20-12-1-Topic-8-Cell-4,1,20.0,12.0,2039.9568324127756,1230.634156484835
SYNTH-20-12-1-Topic-8-Cell-5,1,20.0,12.0,1989.8734502809575,1142.750956420323
SYNTH-20-13-1-Topic-7-Cell-1,1,20.0,13.0,2000.0,1300.0
SYNTH-20-13-1-Topic-8-Cell-2,1,20.0,13.0,2021.9534345634995,1276.0355114624547
SYNTH-20-13-1-Topic-8-Cell-3,1,20.0,13.0,1954.2140456158832,1304.0182559818381
SYNTH-20-13-1-Topic-9-Cell-4,1,20.0,13.0,2044.6730967202666,1334.2500281667287
SYNTH-20-14-1-Topic-0-Cell-1,1,20.0,14.0,2000.0,1400.0
SYNTH-20-14-1-Topic-0-Cell-2,1,20.0,14.0,2019.6357488094313,1378.5655098336135
SYNTH-20-14-1-Topic-8-Cell-3,1,20.0,14.0,1959.0477974329642,1403.5940374105542
SYNTH-20-14-1-Topic-9-Cell-4,1,20.0,14.0,2039.9568324127756,1430.634156484835
SYNTH-20-14-1-Topic-9-Cell-5,1,20.0,14.0,1989.8734502809575,1342.750956420323
SYNTH-20-15-1-Topic-9-Cell-1,1,20.0,15.0,2000.0,1500.0
SYNTH-20-15-1-Topic-9-Cell-2,1,20.0,15.0,2016.5952366510712,1481.884549437942
SYNTH-20-15-1-Topic-9-Cell-3,1,20.0,15.0,1965.3890717599656,1503.0375160091833
SYNTH-20-15-1-Topic-9-Cell-4,1,20.0,15.0,2033.7696869191316,1525.8905876931776
SYNTH-20-15-1-Topic-9-Cell-5,1,20.0,15.0,1991.4415034192314,1451.6157272394978
SYNTH-20-15-1-Topic-9-Cell-6,1,20.0,15.0,1970.5148301748964,1546.3517195284267
SYNTH-20-15-1-Topic-9-Cell-7,1,20.0,15.0,2058.1150977231787,1484.3774525747567
SYNTH-20-16-1-Topic-7-Cell-1,1,20.0,16.0,2000.0,1600.0
SYNTH-20-16-1-Topic-7-Cell-2,1,20.0,16.0,2019.6357488094313,1578.5655098336135
SYNTH-20-16-1-Topic-7-Cell-3,1,20.0,16.0,1959.0477974329642,1603.5940374105542
SYNTH-20-16-1-Topic-7-Cell-4,1,20.0,16.0,2039.9568324127756,1630.634156484835
SYNTH-20-16-1-Topic-8-Cell-5,1,20.0,16.0,1989.8734502809575,1542.750956420323
SYNTH-20-17-1-Topic-7-Cell-1,1,20.0,17.0,2000.0,1700.0
SYNTH-20-17-1-Topic-8-Cell-2,1,20.0,17.0,2025.3496427097466,1672.3281921837129
SYNTH-20-17-1-Topic-8-Cell-3,1,20.0,17.0,1947.1309338224526,1704.6398823455743
SYNTH-20-18-1-Topic-8-Cell-1,1,20.0,18.0,2000.0,1800.0
SYNTH-20-18-1-Topic-8-Cell-2,1,20.0,18.0,2021.9534345634995,1776.0355114624547
SYNTH-20-18-1-Topic-9-Cell-3,1,20.0,18.0,1954.2140456158832,1804.0182559818381
SYNTH-20-18-1-Topic-9-Cell-4,1,20.0,18.0,2044.6730967202666,1834.2500281667287
SYNTH-20-19-1-Topic-0-Cell-1,1,20.0,19.0,2000.0,1900.0
SYNTH-20-19-1-Topic-0-Cell-2,1,20.0,19.0,2019.6357488094313,1878.5655098336135
SYNTH-20-19-1-Topic-8-Cell-3,1,20.0,19.0,1959.0477974329642,1903.5940374105542
SYNTH-20-19-1-Topic-8-Cell-4,1,20.0,19.0,2039.9568324127756,1930.634156484835
SYNTH-20-19-1-Topic-8-Cell-5,1,20.0,19.0,1989.8734502809575,1842.750956420323
SYNTH-20-20-1-Topic-8-Cell-1,1,20.0,20.0,2000.0,2000.0
SYNTH-20-20-1-Topic-8-Cell-2,1,20.0,20.0,2019.6357488094313,1978.5655098336135
SYNTH-20-20-1-Topic-8-Cell-3,1,20.0,20.0,1959.0477974329642,2003.5940374105542
SYNTH-20-20-1-Topic-8-Cell-4,1,20.0,20.0,2039.9568324127756,2030.634156484835
SYNTH-20-20-1-Topic-8-Cell-5,1,20.0,20.0,1989.8734502809575,1942.750956420323
SYNTH-20-21-1-Topic-8-Cell-1,1,20.0,21.0,2000.0,2100.0
SYNTH-20-21-1-Topic-8-Cell-2,1,20.0,21.0,2019.6357488094313,2078.5655098336138
SYNTH-20-21-1-Topic-8-Cell-3,1,20.0,21.0,1959.0477974329642,2103.594037410554
SYNTH-20-21-1-Topic-8-Cell-4,1,20.0,21.0,2039.9568324127756,2130.634156484835
SYNTH-20-21-1-Topic-9-Cell-5,1,20.0,21.0,1989.8734502809575,2042.750956420323
SYNTH-20-22-1-Topic-7-Cell-1,1,20.0,22.0,2000.0,2200.0
SYNTH-20-22-1-Topic-7-Cell-2,1,20.0,22.0,2019.6357488094313,2178.5655098336138
SYNTH-20-22-1-Topic-7-Cell-3,1,20.0,22.0,1959.0477974329642,2203.594037410554
SYNTH-20-22-1-Topic-8-Cell-4,1,20.0,22.0,2039.9568324127756,2230.634156484835
SYNTH-20-22-1-Topic-8-Cell-5,1,20.0,22.0,1989.8734502809575,2142.750956420323
SYNTH-20-23-1-Topic-4-Cell-1,1,20.0,23.0,2000.0,2300.0
SYNTH-20-23-1-Topic-8-Cell-2,1,20.0,23.0,2019.6357488094313,2278.5655098336138
SYNTH-20-23-1-Topic-8-Cell-3,1,20.0,23.0,1959.0477974329642,2303.594037410554
SYNTH-20-23-1-Topic-8-Cell-4,1,20.0,23.0,2039.9568324127756,2330.634156484835
SYNTH-20-23-1-Topic-8-Cell-5,1,20.0,23.0,1989.8734502809575,2242.750956420323
SYNTH-20-24-1-Topic-0-Cell-1,1,20.0,24.0,2000.0,2400.0
SYNTH-20-24-1-Topic-0-Cell-2,1,20.0,24.0,2019.6357488094313,2378.5655098336138
SYNTH-20-24-1-Topic-0-Cell-3,1,20.0,24.0,1959.0477974329642,2403.594037410554
SYNTH-20-24-1-Topic-8-Cell-4,1,20.0,24.0,2039.9568324127756,2430.634156484835
SYNTH-20-24-1-Topic-8-Cell-5,1,20.0,24.0,1989.8734502809575,2342.750956420323
SYNTH-20-25-1-Topic-0-Cell-1,1,20.0,25.0,2000.0,2500.0
SYNTH-20-25-1-Topic-0-Cell-2,1,20.0,25.0,2021.9534345634995,2476.0355114624545
SYNTH-20-25-1-Topic-7-Cell-3,1,20.0,25.0,1954.2140456158832,2504.018255981838
SYNTH-20-25-1-Topic-7-Cell-4,1,20.0,25.0,2044.6730967202666,2534.2500281667285
SYNTH-20-26-1-Topic-0-Cell-1,1,20.0,26.0,2000.0,2600.0
SYNTH-20-26-1-Topic-7-Cell-2,1,20.0,26.0,2021.9534345634995,2576.0355114624545
SYNTH-20-26-1-Topic-8-Cell-3,1,20.0,26.0,1954.2140456158832,2604.018255981838
SYNTH-20-26-1-Topic-8-Cell-4,1,20.0,26.0,2044.6730967202666,2634.2500281667285
SYNTH-20-27-1-Topic-0-Cell-1,1,20.0,27.0,2000.0,2700.0
SYNTH-20-27-1-Topic-5-Cell-2,1,20.0,27.0,2019.6357488094313,2678.5655098336138
SYNTH-20-27-1-Topic-7-Cell-3,1,20.0,27.0,1959.0477974329642,2703.594037410554
SYNTH-20-27-1-Topic-8-Cell-4,1,20.0,27.0,2039.9568324127756,2730.634156484835
SYNTH-20-27-1-Topic-8-Cell-5,1,20.0,27.0,1989.8734502809575,2642.750956420323
SYNTH-20-28-1-Topic-8-Cell-1,1,20.0,28.0,2000.0,2800.0
SYNTH-20-28-1-Topic-8-Cell-2,1,20.0,28.0,2019.6357488094313,2778.5655098336138
SYNTH-20-28-1-Topic-8-Cell-3,1,20.0,28.0,1959.0477974329642,2803.594037410554
SYNTH-20-28-1-Topic-8-Cell-4,1,20.0,28.0,2039.9568324127756,2830.634156484835
SYNTH-20-28-1-Topic-8-Cell-5,1,20.0,28.0,1989.8734502809575,2742.750956420323
SYNTH-20-29-1-Topic-0-Cell-1,1,20.0,29.0,2000.0,2900.0
SYNTH-20-29-1-Topic-0-Cell-2,1,20.0,29.0,2017.924904260718,2880.4330770454126
SYNTH-20-29-1-Topic-0-Cell-3,1,20.0,29.0,1962.6159247908558,2903.2808922704635
SYNTH-20-29-1-Topic-0-Cell-4,1,20.0,29.0,2036.4754307315513,2927.965030894812
SYNTH-20-29-1-Topic-8-Cell-5,1,20.0,29.0,1990.755767148638,2847.7390123930245
SYNTH-20-29-1-Topic-8-Cell-6,1,20.0,29.0,1968.1523766524972,2950.065579198177
SYNTH-20-30-1-Topic-0-Cell-1,1,20.0,30.0,2000.0,3000.0
SYNTH-20-30-1-Topic-8-Cell-2,1,20.0,30.0,2021.9534345634995,2976.0355114624545
SYNTH-20-30-1-Topic-8-Cell-3,1,20.0,30.0,1954.2140456158832,3004.018255981838
SYNTH-20-30-1-Topic-8-Cell-4,1,20.0,30.0,2044.6730967202666,3034.2500281667285
SYNTH-20-31-1-Topic-8-Cell-1,1,20.0,31.0,2000.0,3100.0
SYNTH-20-31-1-Topic-8-Cell-2,1,20.0,31.0,2021.9534345634995,3076.0355114624545
SYNTH-20-31-1-Topic-8-Cell-3,1,20.0,31.0,1954.2140456158832,3104.018255981838
SYNTH-20-31-1-Topic-8-Cell-4,1,20.0,31.0,2044.6730967202666,3134.2500281667285
SYNTH-20-32-1-Topic-0-Cell-1,1,20.0,32.0,2000.0,3200.0
SYNTH-20-32-1-Topic-0-Cell-2,1,20.0,32.0,2019.6357488094313,3178.5655098336138
SYNTH-20-32-1-Topic-0-Cell-3,1,20.0,32.0,1959.0477974329642,3203.594037410554
SYNTH-20-32-1-Topic-8-Cell-4,1,20.0,32.0,2039.9568324127756,3230.634156484835
SYNTH-20-32-1-Topic-8-Cell-5,1,20.0,32.0,1989.8734502809575,3142.750956420323
SYNTH-20-33-1-Topic-0-Cell-1,1,20.0,33.0,2000.0,3300.0
SYNTH-20-33-1-Topic-7-Cell-2,1,20.0,33.0,2019.6357488094313,3278.5655098336138
SYNTH-20-33-1-Topic-7-Cell-3,1,20.0,33.0,1959.0477974329642,3303.594037410554
SYNTH-20-33-1-Topic-7-Cell-4,1,20.0,33.0,2039.9568324127756,3330.634156484835
SYNTH-20-33-1-Topic-9-Cell-5,1,20.0,33.0,1989.8734502809575,3242.750956420323
SYNTH-20-34-1-Topic-0-Cell-1,1,20.0,34.0,2000.0,3400.0
SYNTH-20-34-1-Topic-8-Cell-2,1,20.0,34.0,2019.6357488094313,3378.5655098336138
SYNTH-20-34-1-Topic-8-Cell-3,1,20.0,34.0,1959.0477974329642,3403.594037410554
SYNTH-20-34-1-Topic-8-Cell-4,1,20.0,34.0,2039.9568324127756,3430.634156484835
SYNTH-20-34-1-Topic-9-Cell-5,1,20.0,34.0,1989.8734502809575,3342.750956420323
SYNTH-20-35-1-Topic-0-Cell-1,1,20.0,35.0,2000.0,3500.0
SYNTH-20-35-1-Topic-8-Cell-2,1,20.0,35.0,2019.6357488094313,3478.5655098336138
SYNTH-20-35-1-Topic-8-Cell-3,1,20.0,35.0,1959.0477974329642,3503.594037410554
SYNTH-20-35-1-Topic-8-Cell-4,1,20.0,35.0,2039.9568324127756,3530.634156484835
SYNTH-20-35-1-Topic-8-Cell-5,1,20.0,35.0,1989.8734502809575,3442.750956420323
SYNTH-20-37-1-Topic-6-Cell-1,1,20.0,37.0,2000.0,3700.0
SYNTH-20-37-1-Topic-6-Cell-2,1,20.0,37.0,2019.6357488094313,3678.5655098336138
SYNTH-20-37-1-Topic-6-Cell-3,1,20.0,37.0,1959.0477974329642,3703.594037410554
SYNTH-20-37-1-Topic-6-Cell-4,1,20.0,37.0,2039.9568324127756,3730.634156484835
SYNTH-20-37-1-Topic-8-Cell-5,1,20.0,37.0,1989.8734502809575,3642.750956420323
SYNTH-20-38-1-Topic-0-Cell-1,1,20.0,38.0,2000.0,3800.0
SYNTH-20-38-1-Topic-0-Cell-2,1,20.0,38.0,2019.6357488094313,3778.5655098336138
SYNTH-20-38-1-Topic-9-Cell-3,1,20.0,38.0,1959.0477974329642,3803.594037410554
SYNTH-20-38-1-Topic-9-Cell-4,1,20.0,38.0,2039.9568324127756,3830.634156484835
SYNTH-20-38-1-Topic-10-Cell-5,1,20.0,38.0,1989.8734502809575,3742.750956420323
SYNTH-20-39-1-Topic-8-Cell-1,1,20.0,39.0,2000.0,3900.0
SYNTH-20-39-1-Topic-8-Cell-2,1,20.0,39.0,2019.6357488094313,3878.5655098336138
SYNTH-20-39-1-Topic-8-Cell-3,1,20.0,39.0,1959.0477974329642,3903.594037410554
SYNTH-20-39-1-Topic-8-Cell-4,1,20.0,39.0,2039.9568324127756,3930.634156484835
SYNTH-20-39-1-Topic-8-Cell-5,1,20.0,39.0,1989.8734502809575,3842.750956420323
SYNTH-20-40-1-Topic-0-Cell-1,1,20.0,40.0,2000.0,4000.0
SYNTH-20-40-1-Topic-8-Cell-2,1,20.0,40.0,2019.6357488094313,3978.5655098336138
SYNTH-20-40-1-Topic-8-Cell-3,1,20.0,40.0,1959.0477974329642,4003.594037410554
SYNTH-20-40-1-Topic-8-Cell-4,1,20.0,40.0,2039.9568324127756,4030.634156484835
SYNTH-20-40-1-Topic-8-Cell-5,1,20.0,40.0,1989.8734502809575,3942.750956420323
SYNTH-20-41-1-Topic-0-Cell-1,1,20.0,41.0,2000.0,4100.0
SYNTH-20-41-1-Topic-0-Cell-2,1,20.0,41.0,2017.924904260718,4080.4330770454126
SYNTH-20-41-1-Topic-0-Cell-3,1,20.0,41.0,1962.6159247908558,4103.2808922704635
SYNTH-20-41-1-Topic-7-Cell-4,1,20.0,41.0,2036.4754307315513,4127.965030894812
SYNTH-20-41-1-Topic-7-Cell-5,1,20.0,41.0,1990.755767148638,4047.7390123930245
SYNTH-20-41-1-Topic-7-Cell-6,1,20.0,41.0,1968.1523766524972,4150.065579198177
SYNTH-20-42-1-Topic-4-Cell-1,1,20.0,42.0,2000.0,4200.0
SYNTH-20-42-1-Topic-4-Cell-2,1,20.0,42.0,2021.9534345634995,4176.035511462454
SYNTH-20-42-1-Topic-4-Cell-3,1,20.0,42.0,1954.2140456158832,4204.018255981839
SYNTH-20-42-1-Topic-7-Cell-4,1,20.0,42.0,2044.6730967202666,4234.250028166729
SYNTH-20-43-1-Topic-8-Cell-1,1,20.0,43.0,2000.0,4300.0
SYNTH-20-43-1-Topic-8-Cell-2,1,20.0,43.0,2019.6357488094313,4278.565509833614
SYNTH-20-43-1-Topic-8-Cell-3,1,20.0,43.0,1959.0477974329642,4303.594037410554
SYNTH-20-43-1-Topic-9-Cell-4,1,20.0,43.0,2039.9568324127756,4330.634156484835
SYNTH-20-43-1-Topic-9-Cell-5,1,20.0,43.0,1989.8734502809575,4242.750956420323
SYNTH-20-44-1-Topic-0-Cell-1,1,20.0,44.0,2000.0,4400.0
SYNTH-20-44-1-Topic-0-Cell-2,1,20.0,44.0,2019.6357488094313,4378.565509833614
SYNTH-20-44-1-Topic-0-Cell-3,1,20.0,44.0,1959.0477974329642,4403.594037410554
SYNTH-20-44-1-Topic-0-Cell-4,1,20.0,44.0,2039.9568324127756,4430.634156484835
SYNTH-20-44-1-Topic-0-Cell-5,1,20.0,44.0,1989.8734502809575,4342.750956420323
SYNTH-20-45-1-Topic-0-Cell-1,1,20.0,45.0,2000.0,4500.0
SYNTH-20-45-1-Topic-7-Cell-2,1,20.0,45.0,2019.6357488094313,4478.565509833614
SYNTH-20-45-1-Topic-8-Cell-3,1,20.0,45.0,1959.0477974329642,4503.594037410554
SYNTH-20-45-1-Topic-8-Cell-4,1,20.0,45.0,2039.9568324127756,4530.634156484835
SYNTH-20-45-1-Topic-10-Cell-5,1,20.0,45.0,1989.8734502809575,4442.750956420323
SYNTH-20-46-1-Topic-0-Cell-1,1,20.0,46.0,2000.0,4600.0
SYNTH-20-46-1-Topic-4-Cell-2,1,20.0,46.0,2019.6357488094313,4578.565509833614
SYNTH-20-46-1-Topic-8-Cell-3,1,20.0,46.0,1959.0477974329642,4603.594037410554
SYNTH-20-46-1-Topic-8-Cell-4,1,20.0,46.0,2039.9568324127756,4630.634156484835
SYNTH-20-46-1-Topic-8-Cell-5,1,20.0,46.0,1989.8734502809575,4542.750956420323
SYNTH-20-47-1-Topic-8-Cell-1,1,20.0,47.0,2000.0,4700.0
SYNTH-20-47-1-Topic-8-Cell-2,1,20.0,47.0,2019.6357488094313,4678.565509833614
SYNTH-20-47-1-Topic-8-Cell-3,1,20.0,47.0,1959.0477974329642,4703.594037410554
SYNTH-20-47-1-Topic-9-Cell-4,1,20.0,47.0,2039.9568324127756,4730.634156484835
SYNTH-20-47-1-Topic-9-Cell-5,1,20.0,47.0,1989.8734502809575,4642.750956420323
SYNTH-20-48-1-Topic-7-Cell-1,1,20.0,48.0,2000.0,4800.0
SYNTH-20-48-1-Topic-7-Cell-2,1,20.0,48.0,2021.9534345634995,4776.035511462454
SYNTH-20-48-1-Topic-10-Cell-3,1,20.0,48.0,1954.2140456158832,4804.018255981839
SYNTH-20-48-1-Topic-10-Cell-4,1,20.0,48.0,2044.6730967202666,4834.250028166729
SYNTH-20-49-1-Topic-0-Cell-1,1,20.0,49.0,2000.0,4900.0
SYNTH-20-49-1-Topic-8-Cell-2,1,20.0,49.0,2019.6357488094313,4878.565509833614
SYNTH-20-49-1-Topic-8-Cell-3,1,20.0,49.0,1959.0477974329642,4903.594037410554
SYNTH-20-49-1-Topic-8-Cell-4,1,20.0,49.0,2039.9568324127756,4930.634156484835
SYNTH-20-49-1-Topic-8-Cell-5,1,20.0,49.0,1989.8734502809575,4842.750956420323
SYNTH-20-50-1-Topic-8-Cell-1,1,20.0,50.0,2000.0,5000.0
SYNTH-20-50-1-Topic-8-Cell-2,1,20.0,50.0,2025.3496427097466,4972.328192183713
SYNTH-20-50-1-Topic-8-Cell-3,1,20.0,50.0,1947.1309338224526,5004.639882345574
SYNTH-21-1-1-Topic-4-Cell-1,1,21.0,1.0,2100.0,150.0
SYNTH-21-1-1-Topic-8-Cell-2,1,21.0,1.0,2119.6357488094313,128.5655098336136
SYNTH-21-1-1-Topic-8-Cell-3,1,21.0,1.0,2059.047797432964,153.59403741055414
SYNTH-21-1-1-Topic-8-Cell-4,1,21.0,1.0,2139.956832412776,180.63415648483507
SYNTH-21-1-1-Topic-8-Cell-5,1,21.0,1.0,2089.8734502809575,92.75095642032298
SYNTH-21-2-1-Topic-0-Cell-1,1,21.0,2.0,2100.0,250.0
SYNTH-21-2-1-Topic-0-Cell-2,1,21.0,2.0,2119.6357488094313,228.5655098336136
SYNTH-21-2-1-Topic-7-Cell-3,1,21.0,2.0,2059.047797432964,253.59403741055414
SYNTH-21-2-1-Topic-7-Cell-4,1,21.0,2.0,2139.956832412776,280.6341564848351
SYNTH-21-2-1-Topic-9-Cell-5,1,21.0,2.0,2089.8734502809575,192.75095642032298
SYNTH-21-3-1-Topic-0-Cell-1,1,21.0,3.0,2100.0,350.0
SYNTH-21-3-1-Topic-0-Cell-2,1,21.0,3.0,2121.9534345634997,326.0355114624546
SYNTH-21-3-1-Topic-0-Cell-3,1,21.0,3.0,2054.214045615883,354.0182559818382
SYNTH-21-3-1-Topic-8-Cell-4,1,21.0,3.0,2144.6730967202666,384.2500281667286
SYNTH-21-4-1-Topic-7-Cell-1,1,21.0,4.0,2100.0,450.0
SYNTH-21-4-1-Topic-7-Cell-2,1,21.0,4.0,2121.9534345634997,426.0355114624546
SYNTH-21-4-1-Topic-8-Cell-3,1,21.0,4.0,2054.214045615883,454.0182559818382
SYNTH-21-4-1-Topic-10-Cell-4,1,21.0,4.0,2144.6730967202666,484.2500281667286
SYNTH-21-5-1-Topic-0-Cell-1,1,21.0,5.0,2100.0,550.0
SYNTH-21-5-1-Topic-0-Cell-2,1,21.0,5.0,2119.6357488094313,528.5655098336136
SYNTH-21-5-1-Topic-0-Cell-3,1,21.0,5.0,2059.047797432964,553.5940374105542
SYNTH-21-5-1-Topic-4-Cell-4,1,21.0,5.0,2139.956832412776,580.6341564848351
SYNTH-21-5-1-Topic-8-Cell-5,1,21.0,5.0,2089.8734502809575,492.75095642032295
SYNTH-21-6-1-Topic-4-Cell-1,1,21.0,6.0,2100.0,650.0
SYNTH-21-6-1-Topic-4-Cell-2,1,21.0,6.0,2119.6357488094313,628.5655098336136
SYNTH-21-6-1-Topic-7-Cell-3,1,21.0,6.0,2059.047797432964,653.5940374105542
SYNTH-21-6-1-Topic-7-Cell-4,1,21.0,6.0,2139.956832412776,680.6341564848351
SYNTH-21-6-1-Topic-7-Cell-5,1,21.0,6.0,2089.8734502809575,592.750956420323
SYNTH-21-7-1-Topic-0-Cell-1,1,21.0,7.0,2100.0,750.0
SYNTH-21-7-1-Topic-7-Cell-2,1,21.0,7.0,2119.6357488094313,728.5655098336136
SYNTH-21-7-1-Topic-8-Cell-3,1,21.0,7.0,2059.047797432964,753.5940374105542
SYNTH-21-7-1-Topic-8-Cell-4,1,21.0,7.0,2139.956832412776,780.6341564848351
SYNTH-21-7-1-Topic-8-Cell-5,1,21.0,7.0,2089.8734502809575,692.750956420323
SYNTH-21-8-1-Topic-8-Cell-1,1,21.0,8.0,2100.0,850.0
SYNTH-21-8-1-Topic-8-Cell-2,1,21.0,8.0,2119.6357488094313,828.5655098336136
SYNTH-21-8-1-Topic-9-Cell-3,1,21.0,8.0,2059.047797432964,853.5940374105542
SYNTH-21-8-1-Topic-9-Cell-4,1,21.0,8.0,2139.956832412776,880.6341564848351
SYNTH-21-8-1-Topic-9-Cell-5,1,21.0,8.0,2089.8734502809575,792.750956420323
SYNTH-21-9-1-Topic-0-Cell-1,1,21.0,9.0,2100.0,950.0
SYNTH-21-9-1-Topic-0-Cell-2,1,21.0,9.0,2117.924904260718,930.4330770454125
SYNTH-21-9-1-Topic-8-Cell-3,1,21.0,9.0,2062.615924790856,953.2808922704633
SYNTH-21-9-1-Topic-10-Cell-4,1,21.0,9.0,2136.475430731551,977.9650308948122
SYNTH-21-9-1-Topic-10-Cell-5,1,21.0,9.0,2090.755767148638,897.7390123930243
SYNTH-21-9-1-Topic-10-Cell-6,1,21.0,9.0,2068.152376652497,1000.0655791981769
SYNTH-21-10-1-Topic-0-Cell-1,1,21.0,10.0,2100.0,1050.0
SYNTH-21-10-1-Topic-0-Cell-2,1,21.0,10.0,2121.9534345634997,1026.0355114624547
SYNTH-21-10-1-Topic-8-Cell-3,1,21.0,10.0,2054.214045615883,1054.0182559818381
SYNTH-21-10-1-Topic-8-Cell-4,1,21.0,10.0,2144.6730967202666,1084.2500281667287
SYNTH-21-11-1-Topic-0-Cell-1,1,21.0,11.0,2100.0,1150.0
SYNTH-21-11-1-Topic-0-Cell-2,1,21.0,11.0,2117.924904260718,1130.4330770454126
SYNTH-21-11-1-Topic-0-Cell-3,1,21.0,11.0,2062.615924790856,1153.2808922704633
SYNTH-21-11-1-Topic-0-Cell-4,1,21.0,11.0,2136.475430731551,1177.9650308948123
SYNTH-21-11-1-Topic-0-Cell-5,1,21.0,11.0,2090.755767148638,1097.7390123930243
SYNTH-21-11-1-Topic-7-Cell-6,1,21.0,11.0,2068.152376652497,1200.065579198177
SYNTH-21-12-1-Topic-8-Cell-1,1,21.0,12.0,2100.0,1250.0
SYNTH-21-12-1-Topic-10-Cell-2,1,21.0,12.0,2119.6357488094313,1228.5655098336135
SYNTH-21-12-1-Topic-10-Cell-3,1,21.0,12.0,2059.047797432964,1253.5940374105542
SYNTH-21-12-1-Topic-10-Cell-4,1,21.0,12.0,2139.956832412776,1280.634156484835
SYNTH-21-12-1-Topic-10-Cell-5,1,21.0,12.0,2089.8734502809575,1192.750956420323
SYNTH-21-13-1-Topic-0-Cell-1,1,21.0,13.0,2100.0,1350.0
SYNTH-21-13-1-Topic-0-Cell-2,1,21.0,13.0,2117.924904260718,1330.4330770454126
SYNTH-21-13-1-Topic-0-Cell-3,1,21.0,13.0,2062.615924790856,1353.2808922704633
SYNTH-21-13-1-Topic-1-Cell-4,1,21.0,13.0,2136.475430731551,1377.9650308948123
SYNTH-21-13-1-Topic-7-Cell-5,1,21.0,13.0,2090.755767148638,1297.7390123930243
SYNTH-21-13-1-Topic-8-Cell-6,1,21.0,13.0,2068.152376652497,1400.065579198177
SYNTH-21-14-1-Topic-8-Cell-1,1,21.0,14.0,2100.0,1450.0
SYNTH-21-14-1-Topic-8-Cell-2,1,21.0,14.0,2119.6357488094313,1428.5655098336135
SYNTH-21-14-1-Topic-8-Cell-3,1,21.0,14.0,2059.047797432964,1453.5940374105542
SYNTH-21-14-1-Topic-8-Cell-4,1,21.0,14.0,2139.956832412776,1480.634156484835
SYNTH-21-14-1-Topic-8-Cell-5,1,21.0,14.0,2089.8734502809575,1392.750956420323
SYNTH-21-15-1-Topic-0-Cell-1,1,21.0,15.0,2100.0,1550.0
SYNTH-21-15-1-Topic-0-Cell-2,1,21.0,15.0,2117.924904260718,1530.4330770454126
SYNTH-21-15-1-Topic-0-Cell-3,1,21.0,15.0,2062.615924790856,1553.2808922704633
SYNTH-21-15-1-Topic-0-Cell-4,1,21.0,15.0,2136.475430731551,1577.9650308948123
SYNTH-21-15-1-Topic-0-Cell-5,1,21.0,15.0,2090.755767148638,1497.7390123930243
SYNTH-21-15-1-Topic-0-Cell-6,1,21.0,15.0,2068.152376652497,1600.065579198177
SYNTH-21-16-1-Topic-0-Cell-1,1,21.0,16.0,2100.0,1650.0
SYNTH-21-16-1-Topic-0-Cell-2,1,21.0,16.0,2117.924904260718,1630.4330770454126
SYNTH-21-16-1-Topic-7-Cell-3,1,21.0,16.0,2062.615924790856,1653.2808922704633
SYNTH-21-16-1-Topic-8-Cell-4,1,21.0,16.0,2136.475430731551,1677.9650308948123
SYNTH-21-16-1-Topic-8-Cell-5,1,21.0,16.0,2090.755767148638,1597.7390123930243
SYNTH-21-16-1-Topic-8-Cell-6,1,21.0,16.0,2068.152376652497,1700.065579198177
SYNTH-21-17-1-Topic-4-Cell-1,1,21.0,17.0,2100.0,1750.0
SYNTH-21-17-1-Topic-4-Cell-2,1,21.0,17.0,2121.9534345634997,1726.0355114624547
SYNTH-21-17-1-Topic-8-Cell-3,1,21.0,17.0,2054.214045615883,1754.0182559818381
SYNTH-21-17-1-Topic-8-Cell-4,1,21.0,17.0,2144.6730967202666,1784.2500281667287
SYNTH-21-18-1-Topic-8-Cell-1,1,21.0,18.0,2100.0,1850.0
SYNTH-21-18-1-Topic-8-Cell-2,1,21.0,18.0,2119.6357488094313,1828.5655098336135
SYNTH-21-18-1-Topic-8-Cell-3,1,21.0,18.0,2059.047797432964,1853.5940374105542
SYNTH-21-18-1-Topic-8-Cell-4,1,21.0,18.0,2139.956832412776,1880.634156484835
SYNTH-21-18-1-Topic-8-Cell-5,1,21.0,18.0,2089.8734502809575,1792.750956420323
SYNTH-21-19-1-Topic-7-Cell-1,1,21.0,19.0,2100.0,1950.0
SYNTH-21-19-1-Topic-7-Cell-2,1,21.0,19.0,2119.6357488094313,1928.5655098336135
SYNTH-21-19-1-Topic-8-Cell-3,1,21.0,19.0,2059.047797432964,1953.5940374105542
SYNTH-21-19-1-Topic-8-Cell-4,1,21.0,19.0,2139.956832412776,1980.634156484835
SYNTH-21-19-1-Topic-8-Cell-5,1,21.0,19.0,2089.8734502809575,1892.750956420323
SYNTH-21-20-1-Topic-8-Cell-1,1,21.0,20.0,2100.0,2050.0
SYNTH-21-20-1-Topic-8-Cell-2,1,21.0,20.0,2119.6357488094313,2028.5655098336135
SYNTH-21-20-1-Topic-9-Cell-3,1,21.0,20.0,2059.047797432964,2053.594037410554
SYNTH-21-20-1-Topic-9-Cell-4,1,21.0,20.0,2139.956832412776,2080.634156484835
SYNTH-21-20-1-Topic-9-Cell-5,1,21.0,20.0,2089.8734502809575,1992.750956420323
SYNTH-21-21-1-Topic-4-Cell-1,1,21.0,21.0,2100.0,2150.0
SYNTH-21-21-1-Topic-4-Cell-2,1,21.0,21.0,2117.924904260718,2130.4330770454126
SYNTH-21-21-1-Topic-7-Cell-3,1,21.0,21.0,2062.615924790856,2153.2808922704635
SYNTH-21-21-1-Topic-7-Cell-4,1,21.0,21.0,2136.475430731551,2177.965030894812
SYNTH-21-21-1-Topic-8-Cell-5,1,21.0,21.0,2090.755767148638,2097.7390123930245
SYNTH-21-21-1-Topic-8-Cell-6,1,21.0,21.0,2068.152376652497,2200.065579198177
SYNTH-21-22-1-Topic-7-Cell-1,1,21.0,22.0,2100.0,2250.0
SYNTH-21-22-1-Topic-7-Cell-2,1,21.0,22.0,2117.924904260718,2230.4330770454126
SYNTH-21-22-1-Topic-7-Cell-3,1,21.0,22.0,2062.615924790856,2253.2808922704635
SYNTH-21-22-1-Topic-7-Cell-4,1,21.0,22.0,2136.475430731551,2277.965030894812
SYNTH-21-22-1-Topic-8-Cell-5,1,21.0,22.0,2090.755767148638,2197.7390123930245
SYNTH-21-22-1-Topic-8-Cell-6,1,21.0,22.0,2068.152376652497,2300.065579198177
SYNTH-21-23-1-Topic-0-Cell-1,1,21.0,23.0,2100.0,2350.0
SYNTH-21-23-1-Topic-8-Cell-2,1,21.0,23.0,2119.6357488094313,2328.5655098336138
SYNTH-21-23-1-Topic-9-Cell-3,1,21.0,23.0,2059.047797432964,2353.594037410554
SYNTH-21-23-1-Topic-9-Cell-4,1,21.0,23.0,2139.956832412776,2380.634156484835
SYNTH-21-23-1-Topic-9-Cell-5,1,21.0,23.0,2089.8734502809575,2292.750956420323
SYNTH-21-24-1-Topic-0-Cell-1,1,21.0,24.0,2100.0,2450.0
SYNTH-21-24-1-Topic-0-Cell-2,1,21.0,24.0,2119.6357488094313,2428.5655098336138
SYNTH-21-24-1-Topic-8-Cell-3,1,21.0,24.0,2059.047797432964,2453.594037410554
SYNTH-21-24-1-Topic-9-Cell-4,1,21.0,24.0,2139.956832412776,2480.634156484835
SYNTH-21-24-1-Topic-9-Cell-5,1,21.0,24.0,2089.8734502809575,2392.750956420323
SYNTH-21-25-1-Topic-8-Cell-1,1,21.0,25.0,2100.0,2550.0
SYNTH-21-25-1-Topic-8-Cell-2,1,21.0,25.0,2131.046844900371,2516.109095294869
SYNTH-21-26-1-Topic-0-Cell-1,1,21.0,26.0,2100.0,2650.0
SYNTH-21-26-1-Topic-0-Cell-2,1,21.0,26.0,2119.6357488094313,2628.5655098336138
SYNTH-21-26-1-Topic-0-Cell-3,1,21.0,26.0,2059.047797432964,2653.594037410554
SYNTH-21-26-1-Topic-7-Cell-4,1,21.0,26.0,2139.956832412776,2680.634156484835
SYNTH-21-26-1-Topic-8-Cell-5,1,21.0,26.0,2089.8734502809575,2592.750956420323
SYNTH-21-27-1-Topic-7-Cell-1,1,21.0,27.0,2100.0,2750.0
SYNTH-21-27-1-Topic-7-Cell-2,1,21.0,27.0,2121.9534345634997,2726.0355114624545
SYNTH-21-27-1-Topic-8-Cell-3,1,21.0,27.0,2054.214045615883,2754.018255981838
SYNTH-21-27-1-Topic-8-Cell-4,1,21.0,27.0,2144.6730967202666,2784.2500281667285
SYNTH-21-28-1-Topic-7-Cell-1,1,21.0,28.0,2100.0,2850.0
SYNTH-21-28-1-Topic-7-Cell-2,1,21.0,28.0,2117.924904260718,2830.4330770454126
SYNTH-21-28-1-Topic-7-Cell-3,1,21.0,28.0,2062.615924790856,2853.2808922704635
SYNTH-21-28-1-Topic-10-Cell-4,1,21.0,28.0,2136.475430731551,2877.965030894812
SYNTH-21-28-1-Topic-10-Cell-5,1,21.0,28.0,2090.755767148638,2797.7390123930245
SYNTH-21-28-1-Topic-10-Cell-6,1,21.0,28.0,2068.152376652497,2900.065579198177
SYNTH-21-29-1-Topic-0-Cell-1,1,21.0,29.0,2100.0,2950.0
SYNTH-21-29-1-Topic-0-Cell-2,1,21.0,29.0,2117.924904260718,2930.4330770454126
SYNTH-21-29-1-Topic-2-Cell-3,1,21.0,29.0,2062.615924790856,2953.2808922704635
SYNTH-21-29-1-Topic-2-Cell-4,1,21.0,29.0,2136.475430731551,2977.965030894812
SYNTH-21-29-1-Topic-8-Cell-5,1,21.0,29.0,2090.755767148638,2897.7390123930245
SYNTH-21-29-1-Topic-8-Cell-6,1,21.0,29.0,2068.152376652497,3000.065579198177
SYNTH-21-30-1-Topic-8-Cell-1,1,21.0,30.0,2100.0,3050.0
SYNTH-21-30-1-Topic-8-Cell-2,1,21.0,30.0,2119.6357488094313,3028.5655098336138
SYNTH-21-30-1-Topic-8-Cell-3,1,21.0,30.0,2059.047797432964,3053.594037410554
SYNTH-21-30-1-Topic-9-Cell-4,1,21.0,30.0,2139.956832412776,3080.634156484835
SYNTH-21-30-1-Topic-9-Cell-5,1,21.0,30.0,2089.8734502809575,2992.750956420323
SYNTH-21-31-1-Topic-0-Cell-1,1,21.0,31.0,2100.0,3150.0
SYNTH-21-31-1-Topic-8-Cell-2,1,21.0,31.0,2119.6357488094313,3128.5655098336138
SYNTH-21-31-1-Topic-8-Cell-3,1,21.0,31.0,2059.047797432964,3153.594037410554
SYNTH-21-31-1-Topic-8-Cell-4,1,21.0,31.0,2139.956832412776,3180.634156484835
SYNTH-21-31-1-Topic-9-Cell-5,1,21.0,31.0,2089.8734502809575,3092.750956420323
SYNTH-21-32-1-Topic-0-Cell-1,1,21.0,32.0,2100.0,3250.0
SYNTH-21-32-1-Topic-0-Cell-2,1,21.0,32.0,2117.924904260718,3230.4330770454126
SYNTH-21-32-1-Topic-0-Cell-3,1,21.0,32.0,2062.615924790856,3253.2808922704635
SYNTH-21-32-1-Topic-0-Cell-4,1,21.0,32.0,2136.475430731551,3277.965030894812
SYNTH-21-32-1-Topic-8-Cell-5,1,21.0,32.0,2090.755767148638,3197.7390123930245
SYNTH-21-32-1-Topic-8-Cell-6,1,21.0,32.0,2068.152376652497,3300.065579198177
SYNTH-21-33-1-Topic-8-Cell-1,1,21.0,33.0,2100.0,3350.0
SYNTH-21-33-1-Topic-8-Cell-2,1,21.0,33.0,2125.3496427097466,3322.328192183713
SYNTH-21-33-1-Topic-8-Cell-3,1,21.0,33.0,2047.1309338224526,3354.6398823455743
SYNTH-21-34-1-Topic-7-Cell-1,1,21.0,34.0,2100.0,3450.0
SYNTH-21-34-1-Topic-8-Cell-2,1,21.0,34.0,2119.6357488094313,3428.5655098336138
SYNTH-21-34-1-Topic-8-Cell-3,1,21.0,34.0,2059.047797432964,3453.594037410554
SYNTH-21-34-1-Topic-8-Cell-4,1,21.0,34.0,2139.956832412776,3480.634156484835
SYNTH-21-34-1-Topic-8-Cell-5,1,21.0,34.0,2089.8734502809575,3392.750956420323
SYNTH-21-35-1-Topic-8-Cell-1,1,21.0,35.0,2100.0,3550.0
SYNTH-21-35-1-Topic-8-Cell-2,1,21.0,35.0,2117.924904260718,3530.4330770454126
SYNTH-21-35-1-Topic-8-Cell-3,1,21.0,35.0,2062.615924790856,3553.2808922704635
SYNTH-21-35-1-Topic-8-Cell-4,1,21.0,35.0,2136.475430731551,3577.965030894812
SYNTH-21-35-1-Topic-8-Cell-5,1,21.0,35.0,2090.755767148638,3497.7390123930245
SYNTH-21-35-1-Topic-9-Cell-6,1,21.0,35.0,2068.152376652497,3600.065579198177
SYNTH-21-36-1-Topic-7-Cell-1,1,21.0,36.0,2100.0,3650.0
SYNTH-21-36-1-Topic-8-Cell-2,1,21.0,36.0,2119.6357488094313,3628.5655098336138
SYNTH-21-36-1-Topic-8-Cell-3,1,21.0,36.0,2059.047797432964,3653.594037410554
SYNTH-21-36-1-Topic-8-Cell-4,1,21.0,36.0,2139.956832412776,3680.634156484835
SYNTH-21-36-1-Topic-8-Cell-5,1,21.0,36.0,2089.8734502809575,3592.750956420323
SYNTH-21-37-1-Topic-8-Cell-1,1,21.0,37.0,2100.0,3750.0
SYNTH-21-37-1-Topic-8-Cell-2,1,21.0,37.0,2117.924904260718,3730.4330770454126
SYNTH-21-37-1-Topic-9-Cell-3,1,21.0,37.0,2062.615924790856,3753.2808922704635
SYNTH-21-37-1-Topic-9-Cell-4,1,21.0,37.0,2136.475430731551,3777.965030894812
SYNTH-21-37-1-Topic-9-Cell-5,1,21.0,37.0,2090.755767148638,3697.7390123930245
SYNTH-21-37-1-Topic-9-Cell-6,1,21.0,37.0,2068.152376652497,3800.065579198177
SYNTH-21-38-1-Topic-0-Cell-1,1,21.0,38.0,2100.0,3850.0
SYNTH-21-38-1-Topic-0-Cell-2,1,21.0,38.0,2119.6357488094313,3828.5655098336138
SYNTH-21-38-1-Topic-0-Cell-3,1,21.0,38.0,2059.047797432964,3853.594037410554
SYNTH-21-38-1-Topic-8-Cell-4,1,21.0,38.0,2139.956832412776,3880.634156484835
SYNTH-21-38-1-Topic-8-Cell-5,1,21.0,38.0,2089.8734502809575,3792.750956420323
SYNTH-21-39-1-Topic-0-Cell-1,1,21.0,39.0,2100.0,3950.0
SYNTH-21-39-1-Topic-0-Cell-2,1,21.0,39.0,2117.924904260718,3930.4330770454126
SYNTH-21-39-1-Topic-7-Cell-3,1,21.0,39.0,2062.615924790856,3953.2808922704635
SYNTH-21-39-1-Topic-7-Cell-4,1,21.0,39.0,2136.475430731551,3977.965030894812
SYNTH-21-39-1-Topic-7-Cell-5,1,21.0,39.0,2090.755767148638,3897.7390123930245
SYNTH-21-39-1-Topic-8-Cell-6,1,21.0,39.0,2068.152376652497,4000.065579198177
SYNTH-21-40-1-Topic-0-Cell-1,1,21.0,40.0,2100.0,4050.0
SYNTH-21-40-1-Topic-7-Cell-2,1,21.0,40.0,2119.6357488094313,4028.5655098336138
SYNTH-21-40-1-Topic-7-Cell-3,1,21.0,40.0,2059.047797432964,4053.594037410554
SYNTH-21-40-1-Topic-7-Cell-4,1,21.0,40.0,2139.956832412776,4080.634156484835
SYNTH-21-40-1-Topic-8-Cell-5,1,21.0,40.0,2089.8734502809575,3992.750956420323
SYNTH-21-41-1-Topic-4-Cell-1,1,21.0,41.0,2100.0,4150.0
SYNTH-21-41-1-Topic-7-Cell-2,1,21.0,41.0,2121.9534345634997,4126.035511462454
SYNTH-21-41-1-Topic-8-Cell-3,1,21.0,41.0,2054.214045615883,4154.018255981839
SYNTH-21-41-1-Topic-8-Cell-4,1,21.0,41.0,2144.6730967202666,4184.250028166729
SYNTH-21-42-1-Topic-0-Cell-1,1,21.0,42.0,2100.0,4250.0
SYNTH-21-42-1-Topic-8-Cell-2,1,21.0,42.0,2119.6357488094313,4228.565509833614
SYNTH-21-42-1-Topic-8-Cell-3,1,21.0,42.0,2059.047797432964,4253.594037410554
SYNTH-21-42-1-Topic-8-Cell-4,1,21.0,42.0,2139.956832412776,4280.634156484835
SYNTH-21-42-1-Topic-8-Cell-5,1,21.0,42.0,2089.8734502809575,4192.750956420323
SYNTH-21-43-1-Topic-8-Cell-1,1,21.0,43.0,2100.0,4350.0
SYNTH-21-43-1-Topic-8-Cell-2,1,21.0,43.0,2119.6357488094313,4328.565509833614
SYNTH-21-43-1-Topic-8-Cell-3,1,21.0,43.0,2059.047797432964,4353.594037410554
SYNTH-21-43-1-Topic-8-Cell-4,1,21.0,43.0,2139.956832412776,4380.634156484835
SYNTH-21-43-1-Topic-8-Cell-5,1,21.0,43.0,2089.8734502809575,4292.750956420323
SYNTH-21-44-1-Topic-0-Cell-1,1,21.0,44.0,2100.0,4450.0
SYNTH-21-44-1-Topic-8-Cell-2,1,21.0,44.0,2119.6357488094313,4428.565509833614
SYNTH-21-44-1-Topic-8-Cell-3,1,21.0,44.0,2059.047797432964,4453.594037410554
SYNTH-21-44-1-Topic-8-Cell-4,1,21.0,44.0,2139.956832412776,4480.634156484835
SYNTH-21-44-1-Topic-8-Cell-5,1,21.0,44.0,2089.8734502809575,4392.750956420323
SYNTH-21-45-1-Topic-8-Cell-1,1,21.0,45.0,2100.0,4550.0
SYNTH-21-45-1-Topic-8-Cell-2,1,21.0,45.0,2119.6357488094313,4528.565509833614
SYNTH-21-45-1-Topic-8-Cell-3,1,21.0,45.0,2059.047797432964,4553.594037410554
SYNTH-21-45-1-Topic-8-Cell-4,1,21.0,45.0,2139.956832412776,4580.634156484835
SYNTH-21-45-1-Topic-8-Cell-5,1,21.0,45.0,2089.8734502809575,4492.750956420323
SYNTH-21-46-1-Topic-0-Cell-1,1,21.0,46.0,2100.0,4650.0
SYNTH-21-46-1-Topic-7-Cell-2,1,21.0,46.0,2121.9534345634997,4626.035511462454
SYNTH-21-46-1-Topic-7-Cell-3,1,21.0,46.0,2054.214045615883,4654.018255981839
SYNTH-21-46-1-Topic-8-Cell-4,1,21.0,46.0,2144.6730967202666,4684.250028166729
SYNTH-21-47-1-Topic-0-Cell-1,1,21.0,47.0,2100.0,4750.0
SYNTH-21-47-1-Topic-8-Cell-2,1,21.0,47.0,2119.6357488094313,4728.565509833614
SYNTH-21-47-1-Topic-9-Cell-3,1,21.0,47.0,2059.047797432964,4753.594037410554
SYNTH-21-47-1-Topic-9-Cell-4,1,21.0,47.0,2139.956832412776,4780.634156484835
SYNTH-21-47-1-Topic-9-Cell-5,1,21.0,47.0,2089.8734502809575,4692.750956420323
SYNTH-21-48-1-Topic-8-Cell-1,1,21.0,48.0,2100.0,4850.0
SYNTH-21-48-1-Topic-8-Cell-2,1,21.0,48.0,2121.9534345634997,4826.035511462454
SYNTH-21-48-1-Topic-10-Cell-3,1,21.0,48.0,2054.214045615883,4854.018255981839
SYNTH-21-48-1-Topic-10-Cell-4,1,21.0,48.0,2144.6730967202666,4884.250028166729
SYNTH-21-49-1-Topic-8-Cell-1,1,21.0,49.0,2100.0,4950.0
SYNTH-21-49-1-Topic-8-Cell-2,1,21.0,49.0,2117.924904260718,4930.433077045413
SYNTH-21-49-1-Topic-8-Cell-3,1,21.0,49.0,2062.615924790856,4953.2808922704635
SYNTH-21-49-1-Topic-8-Cell-4,1,21.0,49.0,2136.475430731551,4977.965030894812
SYNTH-21-49-1-Topic-8-Cell-5,1,21.0,49.0,2090.755767148638,4897.7390123930245
SYNTH-21-49-1-Topic-8-Cell-6,1,21.0,49.0,2068.152376652497,5000.065579198177
SYNTH-21-50-1-Topic-8-Cell-1,1,21.0,50.0,2100.0,5050.0
SYNTH-21-50-1-Topic-8-Cell-2,1,21.0,50.0,2117.924904260718,5030.433077045413
SYNTH-21-50-1-Topic-8-Cell-3,1,21.0,50.0,2062.615924790856,5053.2808922704635
SYNTH-21-50-1-Topic-8-Cell-4,1,21.0,50.0,2136.475430731551,5077.965030894812
SYNTH-21-50-1-Topic-8-Cell-5,1,21.0,50.0,2090.755767148638,4997.7390123930245
SYNTH-21-50-1-Topic-8-Cell-6,1,21.0,50.0,2068.152376652497,5100.065579198177
SYNTH-22-1-1-Topic-0-Cell-1,1,22.0,1.0,2200.0,100.0
SYNTH-22-1-1-Topic-0-Cell-2,1,22.0,1.0,2219.6357488094313,78.56550983361359
SYNTH-22-1-1-Topic-0-Cell-3,1,22.0,1.0,2159.047797432964,103.59403741055415
SYNTH-22-1-1-Topic-0-Cell-4,1,22.0,1.0,2239.956832412776,130.63415648483507
SYNTH-22-1-1-Topic-8-Cell-5,1,22.0,1.0,2189.8734502809575,42.75095642032298
SYNTH-22-2-1-Topic-4-Cell-1,1,22.0,2.0,2200.0,200.0
SYNTH-22-2-1-Topic-7-Cell-2,1,22.0,2.0,2221.9534345634997,176.03551146245462
SYNTH-22-2-1-Topic-8-Cell-3,1,22.0,2.0,2154.214045615883,204.0182559818382
SYNTH-22-2-1-Topic-8-Cell-4,1,22.0,2.0,2244.6730967202666,234.2500281667286
SYNTH-22-3-1-Topic-7-Cell-1,1,22.0,3.0,2200.0,300.0
SYNTH-22-3-1-Topic-8-Cell-2,1,22.0,3.0,2221.9534345634997,276.0355114624546
SYNTH-22-3-1-Topic-8-Cell-3,1,22.0,3.0,2154.214045615883,304.0182559818382
SYNTH-22-3-1-Topic-8-Cell-4,1,22.0,3.0,2244.6730967202666,334.2500281667286
SYNTH-22-4-1-Topic-6-Cell-1,1,22.0,4.0,2200.0,400.0
SYNTH-22-4-1-Topic-6-Cell-2,1,22.0,4.0,2219.6357488094313,378.5655098336136
SYNTH-22-4-1-Topic-6-Cell-3,1,22.0,4.0,2159.047797432964,403.59403741055417
SYNTH-22-4-1-Topic-6-Cell-4,1,22.0,4.0,2239.956832412776,430.6341564848351
SYNTH-22-4-1-Topic-10-Cell-5,1,22.0,4.0,2189.8734502809575,342.75095642032295
SYNTH-22-5-1-Topic-4-Cell-1,1,22.0,5.0,2200.0,500.0
SYNTH-22-5-1-Topic-7-Cell-2,1,22.0,5.0,2219.6357488094313,478.5655098336136
SYNTH-22-5-1-Topic-8-Cell-3,1,22.0,5.0,2159.047797432964,503.59403741055417
SYNTH-22-5-1-Topic-8-Cell-4,1,22.0,5.0,2239.956832412776,530.6341564848351
SYNTH-22-5-1-Topic-8-Cell-5,1,22.0,5.0,2189.8734502809575,442.75095642032295
SYNTH-22-6-1-Topic-8-Cell-1,1,22.0,6.0,2200.0,600.0
SYNTH-22-6-1-Topic-8-Cell-2,1,22.0,6.0,2221.9534345634997,576.0355114624546
SYNTH-22-6-1-Topic-8-Cell-3,1,22.0,6.0,2154.214045615883,604.0182559818381
SYNTH-22-6-1-Topic-8-Cell-4,1,22.0,6.0,2244.6730967202666,634.2500281667286
SYNTH-22-7-1-Topic-7-Cell-1,1,22.0,7.0,2200.0,700.0
SYNTH-22-8-1-Topic-8-Cell-1,1,22.0,8.0,2200.0,800.0
SYNTH-22-8-1-Topic-8-Cell-2,1,22.0,8.0,2219.6357488094313,778.5655098336136
SYNTH-22-8-1-Topic-8-Cell-3,1,22.0,8.0,2159.047797432964,803.5940374105542
SYNTH-22-8-1-Topic-8-Cell-4,1,22.0,8.0,2239.956832412776,830.6341564848351
SYNTH-22-8-1-Topic-8-Cell-5,1,22.0,8.0,2189.8734502809575,742.750956420323
SYNTH-22-9-1-Topic-8-Cell-1,1,22.0,9.0,2200.0,900.0
SYNTH-22-9-1-Topic-10-Cell-2,1,22.0,9.0,2217.924904260718,880.4330770454125
SYNTH-22-9-1-Topic-10-Cell-3,1,22.0,9.0,2162.615924790856,903.2808922704633
SYNTH-22-9-1-Topic-10-Cell-4,1,22.0,9.0,2236.475430731551,927.9650308948122
SYNTH-22-9-1-Topic-10-Cell-5,1,22.0,9.0,2190.755767148638,847.7390123930243
SYNTH-22-9-1-Topic-10-Cell-6,1,22.0,9.0,2168.152376652497,950.0655791981769
SYNTH-22-10-1-Topic-8-Cell-1,1,22.0,10.0,2200.0,1000.0
SYNTH-22-10-1-Topic-8-Cell-2,1,22.0,10.0,2219.6357488094313,978.5655098336136
SYNTH-22-10-1-Topic-8-Cell-3,1,22.0,10.0,2159.047797432964,1003.5940374105542
SYNTH-22-10-1-Topic-9-Cell-4,1,22.0,10.0,2239.956832412776,1030.634156484835
SYNTH-22-10-1-Topic-9-Cell-5,1,22.0,10.0,2189.8734502809575,942.750956420323
SYNTH-22-11-1-Topic-0-Cell-1,1,22.0,11.0,2200.0,1100.0
SYNTH-22-11-1-Topic-0-Cell-2,1,22.0,11.0,2219.6357488094313,1078.5655098336135
SYNTH-22-11-1-Topic-0-Cell-3,1,22.0,11.0,2159.047797432964,1103.5940374105542
SYNTH-22-11-1-Topic-0-Cell-4,1,22.0,11.0,2239.956832412776,1130.634156484835
SYNTH-22-11-1-Topic-8-Cell-5,1,22.0,11.0,2189.8734502809575,1042.750956420323
SYNTH-22-12-1-Topic-0-Cell-1,1,22.0,12.0,2200.0,1200.0
SYNTH-22-12-1-Topic-2-Cell-2,1,22.0,12.0,2217.924904260718,1180.4330770454126
SYNTH-22-12-1-Topic-8-Cell-3,1,22.0,12.0,2162.615924790856,1203.2808922704633
SYNTH-22-12-1-Topic-8-Cell-4,1,22.0,12.0,2236.475430731551,1227.9650308948123
SYNTH-22-12-1-Topic-8-Cell-5,1,22.0,12.0,2190.755767148638,1147.7390123930243
SYNTH-22-12-1-Topic-8-Cell-6,1,22.0,12.0,2168.152376652497,1250.065579198177
SYNTH-22-13-1-Topic-0-Cell-1,1,22.0,13.0,2200.0,1300.0
SYNTH-22-13-1-Topic-7-Cell-2,1,22.0,13.0,2219.6357488094313,1278.5655098336135
SYNTH-22-13-1-Topic-8-Cell-3,1,22.0,13.0,2159.047797432964,1303.5940374105542
SYNTH-22-13-1-Topic-8-Cell-4,1,22.0,13.0,2239.956832412776,1330.634156484835
SYNTH-22-13-1-Topic-8-Cell-5,1,22.0,13.0,2189.8734502809575,1242.750956420323
SYNTH-22-14-1-Topic-8-Cell-1,1,22.0,14.0,2200.0,1400.0
SYNTH-22-14-1-Topic-9-Cell-2,1,22.0,14.0,2219.6357488094313,1378.5655098336135
SYNTH-22-14-1-Topic-9-Cell-3,1,22.0,14.0,2159.047797432964,1403.5940374105542
SYNTH-22-14-1-Topic-9-Cell-4,1,22.0,14.0,2239.956832412776,1430.634156484835
SYNTH-22-14-1-Topic-9-Cell-5,1,22.0,14.0,2189.8734502809575,1342.750956420323
SYNTH-22-15-1-Topic-0-Cell-1,1,22.0,15.0,2200.0,1500.0
SYNTH-22-15-1-Topic-0-Cell-2,1,22.0,15.0,2217.924904260718,1480.4330770454126
SYNTH-22-15-1-Topic-0-Cell-3,1,22.0,15.0,2162.615924790856,1503.2808922704633
SYNTH-22-15-1-Topic-7-Cell-4,1,22.0,15.0,2236.475430731551,1527.9650308948123
SYNTH-22-15-1-Topic-7-Cell-5,1,22.0,15.0,2190.755767148638,1447.7390123930243
SYNTH-22-15-1-Topic-8-Cell-6,1,22.0,15.0,2168.152376652497,1550.065579198177
SYNTH-22-16-1-Topic-0-Cell-1,1,22.0,16.0,2200.0,1600.0
SYNTH-22-16-1-Topic-0-Cell-2,1,22.0,16.0,2219.6357488094313,1578.5655098336135
SYNTH-22-16-1-Topic-8-Cell-3,1,22.0,16.0,2159.047797432964,1603.5940374105542
SYNTH-22-16-1-Topic-8-Cell-4,1,22.0,16.0,2239.956832412776,1630.634156484835
SYNTH-22-16-1-Topic-8-Cell-5,1,22.0,16.0,2189.8734502809575,1542.750956420323
SYNTH-22-17-1-Topic-8-Cell-1,1,22.0,17.0,2200.0,1700.0
SYNTH-22-17-1-Topic-8-Cell-2,1,22.0,17.0,2221.9534345634997,1676.0355114624547
SYNTH-22-17-1-Topic-8-Cell-3,1,22.0,17.0,2154.214045615883,1704.0182559818381
SYNTH-22-17-1-Topic-8-Cell-4,1,22.0,17.0,2244.6730967202666,1734.2500281667287
SYNTH-22-18-1-Topic-0-Cell-1,1,22.0,18.0,2200.0,1800.0
SYNTH-22-18-1-Topic-0-Cell-2,1,22.0,18.0,2219.6357488094313,1778.5655098336135
SYNTH-22-18-1-Topic-8-Cell-3,1,22.0,18.0,2159.047797432964,1803.5940374105542
SYNTH-22-18-1-Topic-8-Cell-4,1,22.0,18.0,2239.956832412776,1830.634156484835
SYNTH-22-18-1-Topic-8-Cell-5,1,22.0,18.0,2189.8734502809575,1742.750956420323
SYNTH-22-19-1-Topic-0-Cell-1,1,22.0,19.0,2200.0,1900.0
SYNTH-22-19-1-Topic-8-Cell-2,1,22.0,19.0,2219.6357488094313,1878.5655098336135
SYNTH-22-19-1-Topic-10-Cell-3,1,22.0,19.0,2159.047797432964,1903.5940374105542
SYNTH-22-19-1-Topic-10-Cell-4,1,22.0,19.0,2239.956832412776,1930.634156484835
SYNTH-22-19-1-Topic-10-Cell-5,1,22.0,19.0,2189.8734502809575,1842.750956420323
SYNTH-22-20-1-Topic-0-Cell-1,1,22.0,20.0,2200.0,2000.0
SYNTH-22-20-1-Topic-0-Cell-2,1,22.0,20.0,2217.924904260718,1980.4330770454126
SYNTH-22-20-1-Topic-9-Cell-3,1,22.0,20.0,2162.615924790856,2003.2808922704633
SYNTH-22-20-1-Topic-9-Cell-4,1,22.0,20.0,2236.475430731551,2027.9650308948123
SYNTH-22-20-1-Topic-9-Cell-5,1,22.0,20.0,2190.755767148638,1947.7390123930243
SYNTH-22-20-1-Topic-9-Cell-6,1,22.0,20.0,2168.152376652497,2050.065579198177
SYNTH-22-21-1-Topic-7-Cell-1,1,22.0,21.0,2200.0,2100.0
SYNTH-22-21-1-Topic-10-Cell-2,1,22.0,21.0,2225.3496427097466,2072.328192183713
SYNTH-22-21-1-Topic-10-Cell-3,1,22.0,21.0,2147.1309338224523,2104.6398823455743
SYNTH-22-22-1-Topic-0-Cell-1,1,22.0,22.0,2200.0,2200.0
SYNTH-22-22-1-Topic-0-Cell-2,1,22.0,22.0,2219.6357488094313,2178.5655098336138
SYNTH-22-22-1-Topic-9-Cell-3,1,22.0,22.0,2159.047797432964,2203.594037410554
SYNTH-22-22-1-Topic-9-Cell-4,1,22.0,22.0,2239.956832412776,2230.634156484835
SYNTH-22-22-1-Topic-9-Cell-5,1,22.0,22.0,2189.8734502809575,2142.750956420323
SYNTH-22-23-1-Topic-8-Cell-1,1,22.0,23.0,2200.0,2300.0
SYNTH-22-23-1-Topic-8-Cell-2,1,22.0,23.0,2221.9534345634997,2276.0355114624545
SYNTH-22-23-1-Topic-8-Cell-3,1,22.0,23.0,2154.214045615883,2304.018255981838
SYNTH-22-23-1-Topic-8-Cell-4,1,22.0,23.0,2244.6730967202666,2334.2500281667285
SYNTH-22-24-1-Topic-0-Cell-1,1,22.0,24.0,2200.0,2400.0
SYNTH-22-24-1-Topic-0-Cell-2,1,22.0,24.0,2217.924904260718,2380.4330770454126
SYNTH-22-24-1-Topic-0-Cell-3,1,22.0,24.0,2162.615924790856,2403.2808922704635
SYNTH-22-24-1-Topic-7-Cell-4,1,22.0,24.0,2236.475430731551,2427.965030894812
SYNTH-22-24-1-Topic-8-Cell-5,1,22.0,24.0,2190.755767148638,2347.7390123930245
SYNTH-22-24-1-Topic-8-Cell-6,1,22.0,24.0,2168.152376652497,2450.065579198177
SYNTH-22-25-1-Topic-0-Cell-1,1,22.0,25.0,2200.0,2500.0
SYNTH-22-25-1-Topic-0-Cell-2,1,22.0,25.0,2219.6357488094313,2478.5655098336138
SYNTH-22-25-1-Topic-7-Cell-3,1,22.0,25.0,2159.047797432964,2503.594037410554
SYNTH-22-25-1-Topic-7-Cell-4,1,22.0,25.0,2239.956832412776,2530.634156484835
SYNTH-22-25-1-Topic-8-Cell-5,1,22.0,25.0,2189.8734502809575,2442.750956420323
SYNTH-22-26-1-Topic-0-Cell-1,1,22.0,26.0,2200.0,2600.0
SYNTH-22-26-1-Topic-8-Cell-2,1,22.0,26.0,2217.924904260718,2580.4330770454126
SYNTH-22-26-1-Topic-8-Cell-3,1,22.0,26.0,2162.615924790856,2603.2808922704635
SYNTH-22-26-1-Topic-8-Cell-4,1,22.0,26.0,2236.475430731551,2627.965030894812
SYNTH-22-26-1-Topic-8-Cell-5,1,22.0,26.0,2190.755767148638,2547.7390123930245
SYNTH-22-26-1-Topic-8-Cell-6,1,22.0,26.0,2168.152376652497,2650.065579198177
SYNTH-22-27-1-Topic-0-Cell-1,1,22.0,27.0,2200.0,2700.0
SYNTH-22-27-1-Topic-0-Cell-2,1,22.0,27.0,2219.6357488094313,2678.5655098336138
SYNTH-22-27-1-Topic-8-Cell-3,1,22.0,27.0,2159.047797432964,2703.594037410554
SYNTH-22-27-1-Topic-8-Cell-4,1,22.0,27.0,2239.956832412776,2730.634156484835
SYNTH-22-27-1-Topic-8-Cell-5,1,22.0,27.0,2189.8734502809575,2642.750956420323
SYNTH-22-28-1-Topic-7-Cell-1,1,22.0,28.0,2200.0,2800.0
SYNTH-22-28-1-Topic-8-Cell-2,1,22.0,28.0,2219.6357488094313,2778.5655098336138
SYNTH-22-28-1-Topic-9-Cell-3,1,22.0,28.0,2159.047797432964,2803.594037410554
SYNTH-22-28-1-Topic-9-Cell-4,1,22.0,28.0,2239.956832412776,2830.634156484835
SYNTH-22-28-1-Topic-10-Cell-5,1,22.0,28.0,2189.8734502809575,2742.750956420323
SYNTH-22-29-1-Topic-0-Cell-1,1,22.0,29.0,2200.0,2900.0
SYNTH-22-29-1-Topic-0-Cell-2,1,22.0,29.0,2219.6357488094313,2878.5655098336138
SYNTH-22-29-1-Topic-0-Cell-3,1,22.0,29.0,2159.047797432964,2903.594037410554
SYNTH-22-29-1-Topic-9-Cell-4,1,22.0,29.0,2239.956832412776,2930.634156484835
SYNTH-22-29-1-Topic-9-Cell-5,1,22.0,29.0,2189.8734502809575,2842.750956420323
SYNTH-22-30-1-Topic-4-Cell-1,1,22.0,30.0,2200.0,3000.0
SYNTH-22-30-1-Topic-4-Cell-2,1,22.0,30.0,2231.046844900371,2966.109095294869
SYNTH-22-31-1-Topic-0-Cell-1,1,22.0,31.0,2200.0,3100.0
SYNTH-22-31-1-Topic-0-Cell-2,1,22.0,31.0,2219.6357488094313,3078.5655098336138
SYNTH-22-31-1-Topic-0-Cell-3,1,22.0,31.0,2159.047797432964,3103.594037410554
SYNTH-22-31-1-Topic-0-Cell-4,1,22.0,31.0,2239.956832412776,3130.634156484835
SYNTH-22-31-1-Topic-8-Cell-5,1,22.0,31.0,2189.8734502809575,3042.750956420323
SYNTH-22-32-1-Topic-2-Cell-1,1,22.0,32.0,2200.0,3200.0
SYNTH-22-32-1-Topic-4-Cell-2,1,22.0,32.0,2219.6357488094313,3178.5655098336138
SYNTH-22-32-1-Topic-4-Cell-3,1,22.0,32.0,2159.047797432964,3203.594037410554
SYNTH-22-32-1-Topic-4-Cell-4,1,22.0,32.0,2239.956832412776,3230.634156484835
SYNTH-22-32-1-Topic-4-Cell-5,1,22.0,32.0,2189.8734502809575,3142.750956420323
SYNTH-22-33-1-Topic-0-Cell-1,1,22.0,33.0,2200.0,3300.0
SYNTH-22-33-1-Topic-7-Cell-2,1,22.0,33.0,2221.9534345634997,3276.0355114624545
SYNTH-22-33-1-Topic-7-Cell-3,1,22.0,33.0,2154.214045615883,3304.018255981838
SYNTH-22-33-1-Topic-8-Cell-4,1,22.0,33.0,2244.6730967202666,3334.2500281667285
SYNTH-22-34-1-Topic-0-Cell-1,1,22.0,34.0,2200.0,3400.0
SYNTH-22-34-1-Topic-0-Cell-2,1,22.0,34.0,2217.924904260718,3380.4330770454126
SYNTH-22-34-1-Topic-0-Cell-3,1,22.0,34.0,2162.615924790856,3403.2808922704635
SYNTH-22-34-1-Topic-0-Cell-4,1,22.0,34.0,2236.475430731551,3427.965030894812
SYNTH-22-34-1-Topic-0-Cell-5,1,22.0,34.0,2190.755767148638,3347.7390123930245
SYNTH-22-34-1-Topic-0-Cell-6,1,22.0,34.0,2168.152376652497,3450.065579198177
SYNTH-22-35-1-Topic-7-Cell-1,1,22.0,35.0,2200.0,3500.0
SYNTH-22-35-1-Topic-8-Cell-2,1,22.0,35.0,2225.3496427097466,3472.328192183713
SYNTH-22-35-1-Topic-8-Cell-3,1,22.0,35.0,2147.1309338224523,3504.6398823455743
SYNTH-22-36-1-Topic-0-Cell-1,1,22.0,36.0,2200.0,3600.0
SYNTH-22-36-1-Topic-0-Cell-2,1,22.0,36.0,2217.924904260718,3580.4330770454126
SYNTH-22-36-1-Topic-0-Cell-3,1,22.0,36.0,2162.615924790856,3603.2808922704635
SYNTH-22-36-1-Topic-8-Cell-4,1,22.0,36.0,2236.475430731551,3627.965030894812
SYNTH-22-36-1-Topic-8-Cell-5,1,22.0,36.0,2190.755767148638,3547.7390123930245
SYNTH-22-36-1-Topic-8-Cell-6,1,22.0,36.0,2168.152376652497,3650.065579198177
SYNTH-22-37-1-Topic-0-Cell-1,1,22.0,37.0,2200.0,3700.0
SYNTH-22-37-1-Topic-0-Cell-2,1,22.0,37.0,2217.924904260718,3680.4330770454126
SYNTH-22-37-1-Topic-0-Cell-3,1,22.0,37.0,2162.615924790856,3703.2808922704635
SYNTH-22-37-1-Topic-0-Cell-4,1,22.0,37.0,2236.475430731551,3727.965030894812
SYNTH-22-37-1-Topic-8-Cell-5,1,22.0,37.0,2190.755767148638,3647.7390123930245
SYNTH-22-37-1-Topic-8-Cell-6,1,22.0,37.0,2168.152376652497,3750.065579198177
SYNTH-22-38-1-Topic-7-Cell-1,1,22.0,38.0,2200.0,3800.0
SYNTH-22-38-1-Topic-7-Cell-2,1,22.0,38.0,2219.6357488094313,3778.5655098336138
SYNTH-22-38-1-Topic-8-Cell-3,1,22.0,38.0,2159.047797432964,3803.594037410554
SYNTH-22-38-1-Topic-8-Cell-4,1,22.0,38.0,2239.956832412776,3830.634156484835
SYNTH-22-38-1-Topic-8-Cell-5,1,22.0,38.0,2189.8734502809575,3742.750956420323
SYNTH-22-39-1-Topic-0-Cell-1,1,22.0,39.0,2200.0,3900.0
SYNTH-22-39-1-Topic-0-Cell-2,1,22.0,39.0,2219.6357488094313,3878.5655098336138
SYNTH-22-39-1-Topic-0-Cell-3,1,22.0,39.0,2159.047797432964,3903.594037410554
SYNTH-22-39-1-Topic-0-Cell-4,1,22.0,39.0,2239.956832412776,3930.634156484835
SYNTH-22-39-1-Topic-0-Cell-5,1,22.0,39.0,2189.8734502809575,3842.750956420323
SYNTH-22-40-1-Topic-0-Cell-1,1,22.0,40.0,2200.0,4000.0
SYNTH-22-40-1-Topic-0-Cell-2,1,22.0,40.0,2217.924904260718,3980.4330770454126
SYNTH-22-40-1-Topic-0-Cell-3,1,22.0,40.0,2162.615924790856,4003.2808922704635
SYNTH-22-40-1-Topic-0-Cell-4,1,22.0,40.0,2236.475430731551,4027.965030894812
SYNTH-22-40-1-Topic-0-Cell-5,1,22.0,40.0,2190.755767148638,3947.7390123930245
SYNTH-22-40-1-Topic-8-Cell-6,1,22.0,40.0,2168.152376652497,4050.065579198177
SYNTH-22-41-1-Topic-7-Cell-1,1,22.0,41.0,2200.0,4100.0
SYNTH-22-41-1-Topic-7-Cell-2,1,22.0,41.0,2219.6357488094313,4078.5655098336138
SYNTH-22-41-1-Topic-7-Cell-3,1,22.0,41.0,2159.047797432964,4103.594037410554
SYNTH-22-41-1-Topic-8-Cell-4,1,22.0,41.0,2239.956832412776,4130.634156484835
SYNTH-22-41-1-Topic-8-Cell-5,1,22.0,41.0,2189.8734502809575,4042.750956420323
SYNTH-22-42-1-Topic-8-Cell-1,1,22.0,42.0,2200.0,4200.0
SYNTH-22-42-1-Topic-8-Cell-2,1,22.0,42.0,2217.924904260718,4180.433077045413
SYNTH-22-42-1-Topic-9-Cell-3,1,22.0,42.0,2162.615924790856,4203.2808922704635
SYNTH-22-42-1-Topic-9-Cell-4,1,22.0,42.0,2236.475430731551,4227.965030894812
SYNTH-22-42-1-Topic-9-Cell-5,1,22.0,42.0,2190.755767148638,4147.7390123930245
SYNTH-22-42-1-Topic-9-Cell-6,1,22.0,42.0,2168.152376652497,4250.065579198177
SYNTH-22-43-1-Topic-8-Cell-1,1,22.0,43.0,2200.0,4300.0
SYNTH-22-43-1-Topic-8-Cell-2,1,22.0,43.0,2219.6357488094313,4278.565509833614
SYNTH-22-43-1-Topic-8-Cell-3,1,22.0,43.0,2159.047797432964,4303.594037410554
SYNTH-22-43-1-Topic-8-Cell-4,1,22.0,43.0,2239.956832412776,4330.634156484835
SYNTH-22-43-1-Topic-8-Cell-5,1,22.0,43.0,2189.8734502809575,4242.750956420323
SYNTH-22-44-1-Topic-0-Cell-1,1,22.0,44.0,2200.0,4400.0
SYNTH-22-44-1-Topic-8-Cell-2,1,22.0,44.0,2221.9534345634997,4376.035511462454
SYNTH-22-44-1-Topic-9-Cell-3,1,22.0,44.0,2154.214045615883,4404.018255981839
SYNTH-22-44-1-Topic-10-Cell-4,1,22.0,44.0,2244.6730967202666,4434.250028166729
SYNTH-22-45-1-Topic-0-Cell-1,1,22.0,45.0,2200.0,4500.0
SYNTH-22-45-1-Topic-0-Cell-2,1,22.0,45.0,2221.9534345634997,4476.035511462454
SYNTH-22-45-1-Topic-0-Cell-3,1,22.0,45.0,2154.214045615883,4504.018255981839
SYNTH-22-45-1-Topic-0-Cell-4,1,22.0,45.0,2244.6730967202666,4534.250028166729
SYNTH-22-46-1-Topic-0-Cell-1,1,22.0,46.0,2200.0,4600.0
SYNTH-22-46-1-Topic-4-Cell-2,1,22.0,46.0,2219.6357488094313,4578.565509833614
SYNTH-22-46-1-Topic-4-Cell-3,1,22.0,46.0,2159.047797432964,4603.594037410554
SYNTH-22-46-1-Topic-4-Cell-4,1,22.0,46.0,2239.956832412776,4630.634156484835
SYNTH-22-46-1-Topic-7-Cell-5,1,22.0,46.0,2189.8734502809575,4542.750956420323
SYNTH-22-47-1-Topic-0-Cell-1,1,22.0,47.0,2200.0,4700.0
SYNTH-22-47-1-Topic-7-Cell-2,1,22.0,47.0,2217.924904260718,4680.433077045413
SYNTH-22-47-1-Topic-8-Cell-3,1,22.0,47.0,2162.615924790856,4703.2808922704635
SYNTH-22-47-1-Topic-8-Cell-4,1,22.0,47.0,2236.475430731551,4727.965030894812
SYNTH-22-47-1-Topic-9-Cell-5,1,22.0,47.0,2190.755767148638,4647.7390123930245
SYNTH-22-47-1-Topic-9-Cell-6,1,22.0,47.0,2168.152376652497,4750.065579198177
SYNTH-22-48-1-Topic-0-Cell-1,1,22.0,48.0,2200.0,4800.0
SYNTH-22-48-1-Topic-0-Cell-2,1,22.0,48.0,2217.924904260718,4780.433077045413
SYNTH-22-48-1-Topic-7-Cell-3,1,22.0,48.0,2162.615924790856,4803.2808922704635
SYNTH-22-48-1-Topic-8-Cell-4,1,22.0,48.0,2236.475430731551,4827.965030894812
SYNTH-22-48-1-Topic-8-Cell-5,1,22.0,48.0,2190.755767148638,4747.7390123930245
SYNTH-22-48-1-Topic-8-Cell-6,1,22.0,48.0,2168.152376652497,4850.065579198177
SYNTH-22-49-1-Topic-7-Cell-1,1,22.0,49.0,2200.0,4900.0
SYNTH-22-49-1-Topic-7-Cell-2,1,22.0,49.0,2221.9534345634997,4876.035511462454
SYNTH-22-49-1-Topic-10-Cell-3,1,22.0,49.0,2154.214045615883,4904.018255981839
SYNTH-22-49-1-Topic-10-Cell-4,1,22.0,49.0,2244.6730967202666,4934.250028166729
SYNTH-22-50-1-Topic-0-Cell-1,1,22.0,50.0,2200.0,5000.0
SYNTH-22-50-1-Topic-0-Cell-2,1,22.0,50.0,2217.924904260718,4980.433077045413
SYNTH-22-50-1-Topic-0-Cell-3,1,22.0,50.0,2162.615924790856,5003.2808922704635
SYNTH-22-50-1-Topic-7-Cell-4,1,22.0,50.0,2236.475430731551,5027.965030894812
SYNTH-22-50-1-Topic-8-Cell-5,1,22.0,50.0,2190.755767148638,4947.7390123930245
SYNTH-22-50-1-Topic-8-Cell-6,1,22.0,50.0,2168.152376652497,5050.065579198177
SYNTH-23-1-1-Topic-8-Cell-1,1,23.0,1.0,2300.0,150.0
SYNTH-23-1-1-Topic-8-Cell-2,1,23.0,1.0,2325.3496427097466,122.32819218371293
SYNTH-23-1-1-Topic-8-Cell-3,1,23.0,1.0,2247.1309338224523,154.63988234557422
SYNTH-23-2-1-Topic-3-Cell-1,1,23.0,2.0,2300.0,250.0
SYNTH-23-2-1-Topic-7-Cell-2,1,23.0,2.0,2321.9534345634997,226.03551146245462
SYNTH-23-2-1-Topic-7-Cell-3,1,23.0,2.0,2254.214045615883,254.0182559818382
SYNTH-23-2-1-Topic-7-Cell-4,1,23.0,2.0,2344.6730967202666,284.2500281667286
SYNTH-23-3-1-Topic-0-Cell-1,1,23.0,3.0,2300.0,350.0
SYNTH-23-3-1-Topic-5-Cell-2,1,23.0,3.0,2321.9534345634997,326.0355114624546
SYNTH-23-3-1-Topic-5-Cell-3,1,23.0,3.0,2254.214045615883,354.0182559818382
SYNTH-23-3-1-Topic-8-Cell-4,1,23.0,3.0,2344.6730967202666,384.2500281667286
SYNTH-23-4-1-Topic-0-Cell-1,1,23.0,4.0,2300.0,450.0
SYNTH-23-4-1-Topic-0-Cell-2,1,23.0,4.0,2319.6357488094313,428.5655098336136
SYNTH-23-4-1-Topic-0-Cell-3,1,23.0,4.0,2259.047797432964,453.59403741055417
SYNTH-23-4-1-Topic-7-Cell-4,1,23.0,4.0,2339.956832412776,480.6341564848351
SYNTH-23-4-1-Topic-8-Cell-5,1,23.0,4.0,2289.8734502809575,392.75095642032295
SYNTH-23-5-1-Topic-7-Cell-1,1,23.0,5.0,2300.0,550.0
SYNTH-23-5-1-Topic-7-Cell-2,1,23.0,5.0,2325.3496427097466,522.328192183713
SYNTH-23-5-1-Topic-8-Cell-3,1,23.0,5.0,2247.1309338224523,554.6398823455742
SYNTH-23-6-1-Topic-3-Cell-1,1,23.0,6.0,2300.0,650.0
SYNTH-23-6-1-Topic-3-Cell-2,1,23.0,6.0,2319.6357488094313,628.5655098336136
SYNTH-23-6-1-Topic-3-Cell-3,1,23.0,6.0,2259.047797432964,653.5940374105542
SYNTH-23-6-1-Topic-8-Cell-4,1,23.0,6.0,2339.956832412776,680.6341564848351
SYNTH-23-6-1-Topic-8-Cell-5,1,23.0,6.0,2289.8734502809575,592.750956420323
SYNTH-23-7-1-Topic-0-Cell-1,1,23.0,7.0,2300.0,750.0
SYNTH-23-7-1-Topic-8-Cell-2,1,23.0,7.0,2319.6357488094313,728.5655098336136
SYNTH-23-7-1-Topic-8-Cell-3,1,23.0,7.0,2259.047797432964,753.5940374105542
SYNTH-23-7-1-Topic-8-Cell-4,1,23.0,7.0,2339.956832412776,780.6341564848351
SYNTH-23-7-1-Topic-8-Cell-5,1,23.0,7.0,2289.8734502809575,692.750956420323
SYNTH-23-8-1-Topic-8-Cell-1,1,23.0,8.0,2300.0,850.0
SYNTH-23-8-1-Topic-8-Cell-2,1,23.0,8.0,2319.6357488094313,828.5655098336136
SYNTH-23-8-1-Topic-8-Cell-3,1,23.0,8.0,2259.047797432964,853.5940374105542
SYNTH-23-8-1-Topic-8-Cell-4,1,23.0,8.0,2339.956832412776,880.6341564848351
SYNTH-23-8-1-Topic-9-Cell-5,1,23.0,8.0,2289.8734502809575,792.750956420323
SYNTH-23-9-1-Topic-0-Cell-1,1,23.0,9.0,2300.0,950.0
SYNTH-23-9-1-Topic-0-Cell-2,1,23.0,9.0,2319.6357488094313,928.5655098336136
SYNTH-23-9-1-Topic-7-Cell-3,1,23.0,9.0,2259.047797432964,953.5940374105542
SYNTH-23-9-1-Topic-7-Cell-4,1,23.0,9.0,2339.956832412776,980.6341564848351
SYNTH-23-9-1-Topic-9-Cell-5,1,23.0,9.0,2289.8734502809575,892.750956420323
SYNTH-23-10-1-Topic-0-Cell-1,1,23.0,10.0,2300.0,1050.0
SYNTH-23-10-1-Topic-8-Cell-2,1,23.0,10.0,2319.6357488094313,1028.5655098336135
SYNTH-23-10-1-Topic-8-Cell-3,1,23.0,10.0,2259.047797432964,1053.5940374105542
SYNTH-23-10-1-Topic-8-Cell-4,1,23.0,10.0,2339.956832412776,1080.634156484835
SYNTH-23-10-1-Topic-8-Cell-5,1,23.0,10.0,2289.8734502809575,992.750956420323
SYNTH-23-11-1-Topic-8-Cell-1,1,23.0,11.0,2300.0,1150.0
SYNTH-23-11-1-Topic-8-Cell-2,1,23.0,11.0,2317.924904260718,1130.4330770454126
SYNTH-23-11-1-Topic-8-Cell-3,1,23.0,11.0,2262.615924790856,1153.2808922704633
SYNTH-23-11-1-Topic-8-Cell-4,1,23.0,11.0,2336.475430731551,1177.9650308948123
SYNTH-23-11-1-Topic-8-Cell-5,1,23.0,11.0,2290.755767148638,1097.7390123930243
SYNTH-23-11-1-Topic-8-Cell-6,1,23.0,11.0,2268.152376652497,1200.065579198177
SYNTH-23-12-1-Topic-8-Cell-1,1,23.0,12.0,2300.0,1250.0
SYNTH-23-12-1-Topic-8-Cell-2,1,23.0,12.0,2321.9534345634997,1226.0355114624547
SYNTH-23-12-1-Topic-8-Cell-3,1,23.0,12.0,2254.214045615883,1254.0182559818381
SYNTH-23-12-1-Topic-8-Cell-4,1,23.0,12.0,2344.6730967202666,1284.2500281667287
SYNTH-23-13-1-Topic-0-Cell-1,1,23.0,13.0,2300.0,1350.0
SYNTH-23-13-1-Topic-0-Cell-2,1,23.0,13.0,2317.924904260718,1330.4330770454126
SYNTH-23-13-1-Topic-0-Cell-3,1,23.0,13.0,2262.615924790856,1353.2808922704633
SYNTH-23-13-1-Topic-0-Cell-4,1,23.0,13.0,2336.475430731551,1377.9650308948123
SYNTH-23-13-1-Topic-0-Cell-5,1,23.0,13.0,2290.755767148638,1297.7390123930243
SYNTH-23-13-1-Topic-9-Cell-6,1,23.0,13.0,2268.152376652497,1400.065579198177
SYNTH-23-14-1-Topic-0-Cell-1,1,23.0,14.0,2300.0,1450.0
SYNTH-23-14-1-Topic-0-Cell-2,1,23.0,14.0,2319.6357488094313,1428.5655098336135
SYNTH-23-14-1-Topic-0-Cell-3,1,23.0,14.0,2259.047797432964,1453.5940374105542
SYNTH-23-14-1-Topic-0-Cell-4,1,23.0,14.0,2339.956832412776,1480.634156484835
SYNTH-23-14-1-Topic-8-Cell-5,1,23.0,14.0,2289.8734502809575,1392.750956420323
SYNTH-23-15-1-Topic-0-Cell-1,1,23.0,15.0,2300.0,1550.0
SYNTH-23-15-1-Topic-0-Cell-2,1,23.0,15.0,2316.5952366510714,1531.884549437942
SYNTH-23-15-1-Topic-0-Cell-3,1,23.0,15.0,2265.3890717599656,1553.0375160091833
SYNTH-23-15-1-Topic-8-Cell-4,1,23.0,15.0,2333.769686919132,1575.8905876931776
SYNTH-23-15-1-Topic-8-Cell-5,1,23.0,15.0,2291.441503419231,1501.6157272394978
SYNTH-23-15-1-Topic-8-Cell-6,1,23.0,15.0,2270.5148301748964,1596.3517195284267
SYNTH-23-15-1-Topic-8-Cell-7,1,23.0,15.0,2358.1150977231787,1534.3774525747567
SYNTH-23-16-1-Topic-7-Cell-1,1,23.0,16.0,2300.0,1650.0
SYNTH-23-16-1-Topic-8-Cell-2,1,23.0,16.0,2319.6357488094313,1628.5655098336135
SYNTH-23-16-1-Topic-8-Cell-3,1,23.0,16.0,2259.047797432964,1653.5940374105542
SYNTH-23-16-1-Topic-8-Cell-4,1,23.0,16.0,2339.956832412776,1680.634156484835
SYNTH-23-16-1-Topic-8-Cell-5,1,23.0,16.0,2289.8734502809575,1592.750956420323
SYNTH-23-17-1-Topic-0-Cell-1,1,23.0,17.0,2300.0,1750.0
SYNTH-23-17-1-Topic-0-Cell-2,1,23.0,17.0,2317.924904260718,1730.4330770454126
SYNTH-23-17-1-Topic-0-Cell-3,1,23.0,17.0,2262.615924790856,1753.2808922704633
SYNTH-23-17-1-Topic-0-Cell-4,1,23.0,17.0,2336.475430731551,1777.9650308948123
SYNTH-23-17-1-Topic-8-Cell-5,1,23.0,17.0,2290.755767148638,1697.7390123930243
SYNTH-23-17-1-Topic-8-Cell-6,1,23.0,17.0,2268.152376652497,1800.065579198177
SYNTH-23-18-1-Topic-0-Cell-1,1,23.0,18.0,2300.0,1850.0
SYNTH-23-18-1-Topic-0-Cell-2,1,23.0,18.0,2319.6357488094313,1828.5655098336135
SYNTH-23-18-1-Topic-8-Cell-3,1,23.0,18.0,2259.047797432964,1853.5940374105542
SYNTH-23-18-1-Topic-8-Cell-4,1,23.0,18.0,2339.956832412776,1880.634156484835
SYNTH-23-18-1-Topic-8-Cell-5,1,23.0,18.0,2289.8734502809575,1792.750956420323
SYNTH-23-19-1-Topic-8-Cell-1,1,23.0,19.0,2300.0,1950.0
SYNTH-23-19-1-Topic-8-Cell-2,1,23.0,19.0,2319.6357488094313,1928.5655098336135
SYNTH-23-19-1-Topic-8-Cell-3,1,23.0,19.0,2259.047797432964,1953.5940374105542
SYNTH-23-19-1-Topic-8-Cell-4,1,23.0,19.0,2339.956832412776,1980.634156484835
SYNTH-23-19-1-Topic-9-Cell-5,1,23.0,19.0,2289.8734502809575,1892.750956420323
SYNTH-23-20-1-Topic-0-Cell-1,1,23.0,20.0,2300.0,2050.0
SYNTH-23-20-1-Topic-7-Cell-2,1,23.0,20.0,2317.924904260718,2030.4330770454126
SYNTH-23-20-1-Topic-7-Cell-3,1,23.0,20.0,2262.615924790856,2053.2808922704635
SYNTH-23-20-1-Topic-7-Cell-4,1,23.0,20.0,2336.475430731551,2077.965030894812
SYNTH-23-20-1-Topic-8-Cell-5,1,23.0,20.0,2290.755767148638,1997.7390123930243
SYNTH-23-20-1-Topic-8-Cell-6,1,23.0,20.0,2268.152376652497,2100.065579198177
SYNTH-23-21-1-Topic-0-Cell-1,1,23.0,21.0,2300.0,2150.0
SYNTH-23-21-1-Topic-0-Cell-2,1,23.0,21.0,2319.6357488094313,2128.5655098336138
SYNTH-23-21-1-Topic-7-Cell-3,1,23.0,21.0,2259.047797432964,2153.594037410554
SYNTH-23-21-1-Topic-8-Cell-4,1,23.0,21.0,2339.956832412776,2180.634156484835
SYNTH-23-21-1-Topic-8-Cell-5,1,23.0,21.0,2289.8734502809575,2092.750956420323
SYNTH-23-22-1-Topic-0-Cell-1,1,23.0,22.0,2300.0,2250.0
SYNTH-23-22-1-Topic-7-Cell-2,1,23.0,22.0,2319.6357488094313,2228.5655098336138
SYNTH-23-22-1-Topic-8-Cell-3,1,23.0,22.0,2259.047797432964,2253.594037410554
SYNTH-23-22-1-Topic-8-Cell-4,1,23.0,22.0,2339.956832412776,2280.634156484835
SYNTH-23-22-1-Topic-8-Cell-5,1,23.0,22.0,2289.8734502809575,2192.750956420323
SYNTH-23-23-1-Topic-0-Cell-1,1,23.0,23.0,2300.0,2350.0
SYNTH-23-23-1-Topic-0-Cell-2,1,23.0,23.0,2319.6357488094313,2328.5655098336138
SYNTH-23-23-1-Topic-4-Cell-3,1,23.0,23.0,2259.047797432964,2353.594037410554
SYNTH-23-23-1-Topic-4-Cell-4,1,23.0,23.0,2339.956832412776,2380.634156484835
SYNTH-23-23-1-Topic-8-Cell-5,1,23.0,23.0,2289.8734502809575,2292.750956420323
SYNTH-23-24-1-Topic-2-Cell-1,1,23.0,24.0,2300.0,2450.0
SYNTH-23-24-1-Topic-7-Cell-2,1,23.0,24.0,2319.6357488094313,2428.5655098336138
SYNTH-23-24-1-Topic-8-Cell-3,1,23.0,24.0,2259.047797432964,2453.594037410554
SYNTH-23-24-1-Topic-8-Cell-4,1,23.0,24.0,2339.956832412776,2480.634156484835
SYNTH-23-24-1-Topic-9-Cell-5,1,23.0,24.0,2289.8734502809575,2392.750956420323
SYNTH-23-25-1-Topic-0-Cell-1,1,23.0,25.0,2300.0,2550.0
SYNTH-23-25-1-Topic-0-Cell-2,1,23.0,25.0,2321.9534345634997,2526.0355114624545
SYNTH-23-25-1-Topic-7-Cell-3,1,23.0,25.0,2254.214045615883,2554.018255981838
SYNTH-23-25-1-Topic-8-Cell-4,1,23.0,25.0,2344.6730967202666,2584.2500281667285
SYNTH-23-26-1-Topic-8-Cell-1,1,23.0,26.0,2300.0,2650.0
SYNTH-23-26-1-Topic-8-Cell-2,1,23.0,26.0,2317.924904260718,2630.4330770454126
SYNTH-23-26-1-Topic-8-Cell-3,1,23.0,26.0,2262.615924790856,2653.2808922704635
SYNTH-23-26-1-Topic-8-Cell-4,1,23.0,26.0,2336.475430731551,2677.965030894812
SYNTH-23-26-1-Topic-8-Cell-5,1,23.0,26.0,2290.755767148638,2597.7390123930245
SYNTH-23-26-1-Topic-8-Cell-6,1,23.0,26.0,2268.152376652497,2700.065579198177
SYNTH-23-27-1-Topic-7-Cell-1,1,23.0,27.0,2300.0,2750.0
SYNTH-23-27-1-Topic-8-Cell-2,1,23.0,27.0,2317.924904260718,2730.4330770454126
SYNTH-23-27-1-Topic-8-Cell-3,1,23.0,27.0,2262.615924790856,2753.2808922704635
SYNTH-23-27-1-Topic-9-Cell-4,1,23.0,27.0,2336.475430731551,2777.965030894812
SYNTH-23-27-1-Topic-9-Cell-5,1,23.0,27.0,2290.755767148638,2697.7390123930245
SYNTH-23-27-1-Topic-9-Cell-6,1,23.0,27.0,2268.152376652497,2800.065579198177
SYNTH-23-28-1-Topic-2-Cell-1,1,23.0,28.0,2300.0,2850.0
SYNTH-23-28-1-Topic-2-Cell-2,1,23.0,28.0,2325.3496427097466,2822.328192183713
SYNTH-23-28-1-Topic-7-Cell-3,1,23.0,28.0,2247.1309338224523,2854.6398823455743
SYNTH-23-29-1-Topic-0-Cell-1,1,23.0,29.0,2300.0,2950.0
SYNTH-23-29-1-Topic-0-Cell-2,1,23.0,29.0,2319.6357488094313,2928.5655098336138
SYNTH-23-29-1-Topic-8-Cell-3,1,23.0,29.0,2259.047797432964,2953.594037410554
SYNTH-23-29-1-Topic-10-Cell-4,1,23.0,29.0,2339.956832412776,2980.634156484835
SYNTH-23-29-1-Topic-10-Cell-5,1,23.0,29.0,2289.8734502809575,2892.750956420323
SYNTH-23-30-1-Topic-7-Cell-1,1,23.0,30.0,2300.0,3050.0
SYNTH-23-30-1-Topic-8-Cell-2,1,23.0,30.0,2325.3496427097466,3022.328192183713
SYNTH-23-30-1-Topic-9-Cell-3,1,23.0,30.0,2247.1309338224523,3054.6398823455743
SYNTH-23-31-1-Topic-0-Cell-1,1,23.0,31.0,2300.0,3150.0
SYNTH-23-31-1-Topic-0-Cell-2,1,23.0,31.0,2317.924904260718,3130.4330770454126
SYNTH-23-31-1-Topic-0-Cell-3,1,23.0,31.0,2262.615924790856,3153.2808922704635
SYNTH-23-31-1-Topic-8-Cell-4,1,23.0,31.0,2336.475430731551,3177.965030894812
SYNTH-23-31-1-Topic-8-Cell-5,1,23.0,31.0,2290.755767148638,3097.7390123930245
SYNTH-23-31-1-Topic-8-Cell-6,1,23.0,31.0,2268.152376652497,3200.065579198177
SYNTH-23-32-1-Topic-8-Cell-1,1,23.0,32.0,2300.0,3250.0
SYNTH-23-32-1-Topic-8-Cell-2,1,23.0,32.0,2321.9534345634997,3226.0355114624545
SYNTH-23-32-1-Topic-8-Cell-3,1,23.0,32.0,2254.214045615883,3254.018255981838
SYNTH-23-32-1-Topic-8-Cell-4,1,23.0,32.0,2344.6730967202666,3284.2500281667285
SYNTH-23-33-1-Topic-8-Cell-1,1,23.0,33.0,2300.0,3350.0
SYNTH-23-33-1-Topic-8-Cell-2,1,23.0,33.0,2319.6357488094313,3328.5655098336138
SYNTH-23-33-1-Topic-8-Cell-3,1,23.0,33.0,2259.047797432964,3353.594037410554
SYNTH-23-33-1-Topic-8-Cell-4,1,23.0,33.0,2339.956832412776,3380.634156484835
SYNTH-23-33-1-Topic-8-Cell-5,1,23.0,33.0,2289.8734502809575,3292.750956420323
SYNTH-23-34-1-Topic-0-Cell-1,1,23.0,34.0,2300.0,3450.0
SYNTH-23-34-1-Topic-7-Cell-2,1,23.0,34.0,2319.6357488094313,3428.5655098336138
SYNTH-23-34-1-Topic-7-Cell-3,1,23.0,34.0,2259.047797432964,3453.594037410554
SYNTH-23-34-1-Topic-8-Cell-4,1,23.0,34.0,2339.956832412776,3480.634156484835
SYNTH-23-34-1-Topic-10-Cell-5,1,23.0,34.0,2289.8734502809575,3392.750956420323
SYNTH-23-35-1-Topic-0-Cell-1,1,23.0,35.0,2300.0,3550.0
SYNTH-23-35-1-Topic-8-Cell-2,1,23.0,35.0,2319.6357488094313,3528.5655098336138
SYNTH-23-35-1-Topic-8-Cell-3,1,23.0,35.0,2259.047797432964,3553.594037410554
SYNTH-23-35-1-Topic-8-Cell-4,1,23.0,35.0,2339.956832412776,3580.634156484835
SYNTH-23-35-1-Topic-8-Cell-5,1,23.0,35.0,2289.8734502809575,3492.750956420323
SYNTH-23-36-1-Topic-0-Cell-1,1,23.0,36.0,2300.0,3650.0
SYNTH-23-36-1-Topic-7-Cell-2,1,23.0,36.0,2321.9534345634997,3626.0355114624545
SYNTH-23-36-1-Topic-7-Cell-3,1,23.0,36.0,2254.214045615883,3654.018255981838
SYNTH-23-36-1-Topic-8-Cell-4,1,23.0,36.0,2344.6730967202666,3684.2500281667285
SYNTH-23-37-1-Topic-0-Cell-1,1,23.0,37.0,2300.0,3750.0
SYNTH-23-37-1-Topic-4-Cell-2,1,23.0,37.0,2317.924904260718,3730.4330770454126
SYNTH-23-37-1-Topic-4-Cell-3,1,23.0,37.0,2262.615924790856,3753.2808922704635
SYNTH-23-37-1-Topic-8-Cell-4,1,23.0,37.0,2336.475430731551,3777.965030894812
SYNTH-23-37-1-Topic-8-Cell-5,1,23.0,37.0,2290.755767148638,3697.7390123930245
SYNTH-23-37-1-Topic-8-Cell-6,1,23.0,37.0,2268.152376652497,3800.065579198177
SYNTH-23-38-1-Topic-7-Cell-1,1,23.0,38.0,2300.0,3850.0
SYNTH-23-38-1-Topic-7-Cell-2,1,23.0,38.0,2319.6357488094313,3828.5655098336138
SYNTH-23-38-1-Topic-7-Cell-3,1,23.0,38.0,2259.047797432964,3853.594037410554
SYNTH-23-38-1-Topic-7-Cell-4,1,23.0,38.0,2339.956832412776,3880.634156484835
SYNTH-23-38-1-Topic-7-Cell-5,1,23.0,38.0,2289.8734502809575,3792.750956420323
SYNTH-23-39-1-Topic-8-Cell-1,1,23.0,39.0,2300.0,3950.0
SYNTH-23-39-1-Topic-8-Cell-2,1,23.0,39.0,2319.6357488094313,3928.5655098336138
SYNTH-23-39-1-Topic-8-Cell-3,1,23.0,39.0,2259.047797432964,3953.594037410554
SYNTH-23-39-1-Topic-8-Cell-4,1,23.0,39.0,2339.956832412776,3980.634156484835
SYNTH-23-39-1-Topic-8-Cell-5,1,23.0,39.0,2289.8734502809575,3892.750956420323
SYNTH-23-40-1-Topic-0-Cell-1,1,23.0,40.0,2300.0,4050.0
SYNTH-23-40-1-Topic-0-Cell-2,1,23.0,40.0,2319.6357488094313,4028.5655098336138
SYNTH-23-40-1-Topic-0-Cell-3,1,23.0,40.0,2259.047797432964,4053.594037410554
SYNTH-23-40-1-Topic-4-Cell-4,1,23.0,40.0,2339.956832412776,4080.634156484835
SYNTH-23-40-1-Topic-8-Cell-5,1,23.0,40.0,2289.8734502809575,3992.750956420323
SYNTH-23-41-1-Topic-0-Cell-1,1,23.0,41.0,2300.0,4150.0
SYNTH-23-41-1-Topic-0-Cell-2,1,23.0,41.0,2319.6357488094313,4128.565509833614
SYNTH-23-41-1-Topic-0-Cell-3,1,23.0,41.0,2259.047797432964,4153.594037410554
SYNTH-23-41-1-Topic-8-Cell-4,1,23.0,41.0,2339.956832412776,4180.634156484835
SYNTH-23-41-1-Topic-8-Cell-5,1,23.0,41.0,2289.8734502809575,4092.750956420323
SYNTH-23-42-1-Topic-7-Cell-1,1,23.0,42.0,2300.0,4250.0
SYNTH-23-42-1-Topic-7-Cell-2,1,23.0,42.0,2319.6357488094313,4228.565509833614
SYNTH-23-42-1-Topic-7-Cell-3,1,23.0,42.0,2259.047797432964,4253.594037410554
SYNTH-23-42-1-Topic-7-Cell-4,1,23.0,42.0,2339.956832412776,4280.634156484835
SYNTH-23-42-1-Topic-8-Cell-5,1,23.0,42.0,2289.8734502809575,4192.750956420323
SYNTH-23-43-1-Topic-8-Cell-1,1,23.0,43.0,2300.0,4350.0
SYNTH-23-43-1-Topic-8-Cell-2,1,23.0,43.0,2319.6357488094313,4328.565509833614
SYNTH-23-43-1-Topic-9-Cell-3,1,23.0,43.0,2259.047797432964,4353.594037410554
SYNTH-23-43-1-Topic-9-Cell-4,1,23.0,43.0,2339.956832412776,4380.634156484835
SYNTH-23-43-1-Topic-9-Cell-5,1,23.0,43.0,2289.8734502809575,4292.750956420323
SYNTH-23-44-1-Topic-7-Cell-1,1,23.0,44.0,2300.0,4450.0
SYNTH-23-44-1-Topic-8-Cell-2,1,23.0,44.0,2317.924904260718,4430.433077045413
SYNTH-23-44-1-Topic-10-Cell-3,1,23.0,44.0,2262.615924790856,4453.2808922704635
SYNTH-23-44-1-Topic-10-Cell-4,1,23.0,44.0,2336.475430731551,4477.965030894812
SYNTH-23-44-1-Topic-10-Cell-5,1,23.0,44.0,2290.755767148638,4397.7390123930245
SYNTH-23-44-1-Topic-10-Cell-6,1,23.0,44.0,2268.152376652497,4500.065579198177
SYNTH-23-45-1-Topic-8-Cell-1,1,23.0,45.0,2300.0,4550.0
SYNTH-23-45-1-Topic-8-Cell-2,1,23.0,45.0,2321.9534345634997,4526.035511462454
SYNTH-23-45-1-Topic-8-Cell-3,1,23.0,45.0,2254.214045615883,4554.018255981839
SYNTH-23-45-1-Topic-8-Cell-4,1,23.0,45.0,2344.6730967202666,4584.250028166729
SYNTH-23-46-1-Topic-0-Cell-1,1,23.0,46.0,2300.0,4650.0
SYNTH-23-46-1-Topic-8-Cell-2,1,23.0,46.0,2317.924904260718,4630.433077045413
SYNTH-23-46-1-Topic-8-Cell-3,1,23.0,46.0,2262.615924790856,4653.2808922704635
SYNTH-23-46-1-Topic-8-Cell-4,1,23.0,46.0,2336.475430731551,4677.965030894812
SYNTH-23-46-1-Topic-8-Cell-5,1,23.0,46.0,2290.755767148638,4597.7390123930245
SYNTH-23-46-1-Topic-8-Cell-6,1,23.0,46.0,2268.152376652497,4700.065579198177
SYNTH-23-47-1-Topic-0-Cell-1,1,23.0,47.0,2300.0,4750.0
SYNTH-23-47-1-Topic-0-Cell-2,1,23.0,47.0,2321.9534345634997,4726.035511462454
SYNTH-23-47-1-Topic-7-Cell-3,1,23.0,47.0,2254.214045615883,4754.018255981839
SYNTH-23-47-1-Topic-7-Cell-4,1,23.0,47.0,2344.6730967202666,4784.250028166729
SYNTH-23-48-1-Topic-7-Cell-1,1,23.0,48.0,2300.0,4850.0
SYNTH-23-48-1-Topic-8-Cell-2,1,23.0,48.0,2319.6357488094313,4828.565509833614
SYNTH-23-48-1-Topic-8-Cell-3,1,23.0,48.0,2259.047797432964,4853.594037410554
SYNTH-23-48-1-Topic-8-Cell-4,1,23.0,48.0,2339.956832412776,4880.634156484835
SYNTH-23-48-1-Topic-8-Cell-5,1,23.0,48.0,2289.8734502809575,4792.750956420323
SYNTH-23-49-1-Topic-0-Cell-1,1,23.0,49.0,2300.0,4950.0
SYNTH-23-49-1-Topic-0-Cell-2,1,23.0,49.0,2317.924904260718,4930.433077045413
SYNTH-23-49-1-Topic-0-Cell-3,1,23.0,49.0,2262.615924790856,4953.2808922704635
SYNTH-23-49-1-Topic-8-Cell-4,1,23.0,49.0,2336.475430731551,4977.965030894812
SYNTH-23-49-1-Topic-8-Cell-5,1,23.0,49.0,2290.755767148638,4897.7390123930245
SYNTH-23-49-1-Topic-8-Cell-6,1,23.0,49.0,2268.152376652497,5000.065579198177
SYNTH-23-50-1-Topic-8-Cell-1,1,23.0,50.0,2300.0,5050.0
SYNTH-23-50-1-Topic-8-Cell-2,1,23.0,50.0,2321.9534345634997,5026.035511462454
SYNTH-23-50-1-Topic-8-Cell-3,1,23.0,50.0,2254.214045615883,5054.018255981839
SYNTH-23-50-1-Topic-8-Cell-4,1,23.0,50.0,2344.6730967202666,5084.250028166729
SYNTH-24-1-1-Topic-0-Cell-1,1,24.0,1.0,2400.0,100.0
SYNTH-24-1-1-Topic-0-Cell-2,1,24.0,1.0,2419.6357488094313,78.56550983361359
SYNTH-24-1-1-Topic-0-Cell-3,1,24.0,1.0,2359.047797432964,103.59403741055415
SYNTH-24-1-1-Topic-8-Cell-4,1,24.0,1.0,2439.956832412776,130.63415648483507
SYNTH-24-1-1-Topic-8-Cell-5,1,24.0,1.0,2389.8734502809575,42.75095642032298
SYNTH-24-2-1-Topic-8-Cell-1,1,24.0,2.0,2400.0,200.0
SYNTH-24-2-1-Topic-10-Cell-2,1,24.0,2.0,2419.6357488094313,178.5655098336136
SYNTH-24-2-1-Topic-10-Cell-3,1,24.0,2.0,2359.047797432964,203.59403741055414
SYNTH-24-2-1-Topic-10-Cell-4,1,24.0,2.0,2439.956832412776,230.63415648483507
SYNTH-24-2-1-Topic-10-Cell-5,1,24.0,2.0,2389.8734502809575,142.75095642032298
SYNTH-24-3-1-Topic-4-Cell-1,1,24.0,3.0,2400.0,300.0
SYNTH-24-3-1-Topic-7-Cell-2,1,24.0,3.0,2419.6357488094313,278.5655098336136
SYNTH-24-3-1-Topic-10-Cell-3,1,24.0,3.0,2359.047797432964,303.59403741055417
SYNTH-24-3-1-Topic-10-Cell-4,1,24.0,3.0,2439.956832412776,330.6341564848351
SYNTH-24-3-1-Topic-10-Cell-5,1,24.0,3.0,2389.8734502809575,242.75095642032298
SYNTH-24-4-1-Topic-0-Cell-1,1,24.0,4.0,2400.0,400.0
SYNTH-24-4-1-Topic-8-Cell-2,1,24.0,4.0,2419.6357488094313,378.5655098336136
SYNTH-24-4-1-Topic-8-Cell-3,1,24.0,4.0,2359.047797432964,403.59403741055417
SYNTH-24-4-1-Topic-8-Cell-4,1,24.0,4.0,2439.956832412776,430.6341564848351
SYNTH-24-4-1-Topic-8-Cell-5,1,24.0,4.0,2389.8734502809575,342.75095642032295
SYNTH-24-5-1-Topic-8-Cell-1,1,24.0,5.0,2400.0,500.0
SYNTH-24-5-1-Topic-8-Cell-2,1,24.0,5.0,2419.6357488094313,478.5655098336136
SYNTH-24-5-1-Topic-8-Cell-3,1,24.0,5.0,2359.047797432964,503.59403741055417
SYNTH-24-5-1-Topic-8-Cell-4,1,24.0,5.0,2439.956832412776,530.6341564848351
SYNTH-24-5-1-Topic-8-Cell-5,1,24.0,5.0,2389.8734502809575,442.75095642032295
SYNTH-24-6-1-Topic-0-Cell-1,1,24.0,6.0,2400.0,600.0
SYNTH-24-6-1-Topic-0-Cell-2,1,24.0,6.0,2419.6357488094313,578.5655098336136
SYNTH-24-6-1-Topic-7-Cell-3,1,24.0,6.0,2359.047797432964,603.5940374105542
SYNTH-24-6-1-Topic-7-Cell-4,1,24.0,6.0,2439.956832412776,630.6341564848351
SYNTH-24-6-1-Topic-8-Cell-5,1,24.0,6.0,2389.8734502809575,542.750956420323
SYNTH-24-7-1-Topic-8-Cell-1,1,24.0,7.0,2400.0,700.0
SYNTH-24-7-1-Topic-8-Cell-2,1,24.0,7.0,2421.9534345634997,676.0355114624546
SYNTH-24-7-1-Topic-8-Cell-3,1,24.0,7.0,2354.214045615883,704.0182559818381
SYNTH-24-7-1-Topic-8-Cell-4,1,24.0,7.0,2444.6730967202666,734.2500281667286
SYNTH-24-8-1-Topic-7-Cell-1,1,24.0,8.0,2400.0,800.0
SYNTH-24-8-1-Topic-7-Cell-2,1,24.0,8.0,2421.9534345634997,776.0355114624546
SYNTH-24-8-1-Topic-8-Cell-3,1,24.0,8.0,2354.214045615883,804.0182559818381
SYNTH-24-8-1-Topic-8-Cell-4,1,24.0,8.0,2444.6730967202666,834.2500281667286
SYNTH-24-9-1-Topic-0-Cell-1,1,24.0,9.0,2400.0,900.0
SYNTH-24-9-1-Topic-4-Cell-2,1,24.0,9.0,2419.6357488094313,878.5655098336136
SYNTH-24-9-1-Topic-7-Cell-3,1,24.0,9.0,2359.047797432964,903.5940374105542
SYNTH-24-9-1-Topic-8-Cell-4,1,24.0,9.0,2439.956832412776,930.6341564848351
SYNTH-24-9-1-Topic-10-Cell-5,1,24.0,9.0,2389.8734502809575,842.750956420323
SYNTH-24-10-1-Topic-8-Cell-1,1,24.0,10.0,2400.0,1000.0
SYNTH-24-10-1-Topic-8-Cell-2,1,24.0,10.0,2419.6357488094313,978.5655098336136
SYNTH-24-10-1-Topic-9-Cell-3,1,24.0,10.0,2359.047797432964,1003.5940374105542
SYNTH-24-10-1-Topic-9-Cell-4,1,24.0,10.0,2439.956832412776,1030.634156484835
SYNTH-24-10-1-Topic-9-Cell-5,1,24.0,10.0,2389.8734502809575,942.750956420323
SYNTH-24-11-1-Topic-4-Cell-1,1,24.0,11.0,2400.0,1100.0
SYNTH-24-11-1-Topic-8-Cell-2,1,24.0,11.0,2417.924904260718,1080.4330770454126
SYNTH-24-11-1-Topic-8-Cell-3,1,24.0,11.0,2362.615924790856,1103.2808922704633
SYNTH-24-11-1-Topic-8-Cell-4,1,24.0,11.0,2436.475430731551,1127.9650308948123
SYNTH-24-11-1-Topic-8-Cell-5,1,24.0,11.0,2390.755767148638,1047.7390123930243
SYNTH-24-11-1-Topic-8-Cell-6,1,24.0,11.0,2368.152376652497,1150.065579198177
SYNTH-24-12-1-Topic-0-Cell-1,1,24.0,12.0,2400.0,1200.0
SYNTH-24-12-1-Topic-7-Cell-2,1,24.0,12.0,2421.9534345634997,1176.0355114624547
SYNTH-24-12-1-Topic-7-Cell-3,1,24.0,12.0,2354.214045615883,1204.0182559818381
SYNTH-24-12-1-Topic-8-Cell-4,1,24.0,12.0,2444.6730967202666,1234.2500281667287
SYNTH-24-13-1-Topic-8-Cell-1,1,24.0,13.0,2400.0,1300.0
SYNTH-24-13-1-Topic-8-Cell-2,1,24.0,13.0,2419.6357488094313,1278.5655098336135
SYNTH-24-13-1-Topic-8-Cell-3,1,24.0,13.0,2359.047797432964,1303.5940374105542
SYNTH-24-13-1-Topic-8-Cell-4,1,24.0,13.0,2439.956832412776,1330.634156484835
SYNTH-24-13-1-Topic-9-Cell-5,1,24.0,13.0,2389.8734502809575,1242.750956420323
SYNTH-24-14-1-Topic-8-Cell-1,1,24.0,14.0,2400.0,1400.0
SYNTH-24-14-1-Topic-8-Cell-2,1,24.0,14.0,2419.6357488094313,1378.5655098336135
SYNTH-24-14-1-Topic-8-Cell-3,1,24.0,14.0,2359.047797432964,1403.5940374105542
SYNTH-24-14-1-Topic-8-Cell-4,1,24.0,14.0,2439.956832412776,1430.634156484835
SYNTH-24-14-1-Topic-8-Cell-5,1,24.0,14.0,2389.8734502809575,1342.750956420323
SYNTH-24-15-1-Topic-7-Cell-1,1,24.0,15.0,2400.0,1500.0
SYNTH-24-15-1-Topic-7-Cell-2,1,24.0,15.0,2419.6357488094313,1478.5655098336135
SYNTH-24-15-1-Topic-8-Cell-3,1,24.0,15.0,2359.047797432964,1503.5940374105542
SYNTH-24-15-1-Topic-8-Cell-4,1,24.0,15.0,2439.956832412776,1530.634156484835
SYNTH-24-15-1-Topic-8-Cell-5,1,24.0,15.0,2389.8734502809575,1442.750956420323
SYNTH-24-16-1-Topic-0-Cell-1,1,24.0,16.0,2400.0,1600.0
SYNTH-24-16-1-Topic-8-Cell-2,1,24.0,16.0,2419.6357488094313,1578.5655098336135
SYNTH-24-16-1-Topic-8-Cell-3,1,24.0,16.0,2359.047797432964,1603.5940374105542
SYNTH-24-16-1-Topic-8-Cell-4,1,24.0,16.0,2439.956832412776,1630.634156484835
SYNTH-24-16-1-Topic-8-Cell-5,1,24.0,16.0,2389.8734502809575,1542.750956420323
SYNTH-24-17-1-Topic-8-Cell-1,1,24.0,17.0,2400.0,1700.0
SYNTH-24-17-1-Topic-8-Cell-2,1,24.0,17.0,2419.6357488094313,1678.5655098336135
SYNTH-24-17-1-Topic-8-Cell-3,1,24.0,17.0,2359.047797432964,1703.5940374105542
SYNTH-24-17-1-Topic-8-Cell-4,1,24.0,17.0,2439.956832412776,1730.634156484835
SYNTH-24-17-1-Topic-8-Cell-5,1,24.0,17.0,2389.8734502809575,1642.750956420323
SYNTH-24-18-1-Topic-2-Cell-1,1,24.0,18.0,2400.0,1800.0
SYNTH-24-18-1-Topic-4-Cell-2,1,24.0,18.0,2419.6357488094313,1778.5655098336135
SYNTH-24-18-1-Topic-7-Cell-3,1,24.0,18.0,2359.047797432964,1803.5940374105542
SYNTH-24-18-1-Topic-7-Cell-4,1,24.0,18.0,2439.956832412776,1830.634156484835
SYNTH-24-18-1-Topic-9-Cell-5,1,24.0,18.0,2389.8734502809575,1742.750956420323
SYNTH-24-19-1-Topic-7-Cell-1,1,24.0,19.0,2400.0,1900.0
SYNTH-24-19-1-Topic-8-Cell-2,1,24.0,19.0,2419.6357488094313,1878.5655098336135
SYNTH-24-19-1-Topic-8-Cell-3,1,24.0,19.0,2359.047797432964,1903.5940374105542
SYNTH-24-19-1-Topic-8-Cell-4,1,24.0,19.0,2439.956832412776,1930.634156484835
SYNTH-24-19-1-Topic-8-Cell-5,1,24.0,19.0,2389.8734502809575,1842.750956420323
SYNTH-24-20-1-Topic-0-Cell-1,1,24.0,20.0,2400.0,2000.0
SYNTH-24-20-1-Topic-0-Cell-2,1,24.0,20.0,2419.6357488094313,1978.5655098336135
SYNTH-24-20-1-Topic-8-Cell-3,1,24.0,20.0,2359.047797432964,2003.5940374105542
SYNTH-24-20-1-Topic-8-Cell-4,1,24.0,20.0,2439.956832412776,2030.634156484835
SYNTH-24-20-1-Topic-8-Cell-5,1,24.0,20.0,2389.8734502809575,1942.750956420323
SYNTH-24-21-1-Topic-8-Cell-1,1,24.0,21.0,2400.0,2100.0
SYNTH-24-21-1-Topic-8-Cell-2,1,24.0,21.0,2419.6357488094313,2078.5655098336138
SYNTH-24-21-1-Topic-9-Cell-3,1,24.0,21.0,2359.047797432964,2103.594037410554
SYNTH-24-21-1-Topic-9-Cell-4,1,24.0,21.0,2439.956832412776,2130.634156484835
SYNTH-24-21-1-Topic-9-Cell-5,1,24.0,21.0,2389.8734502809575,2042.750956420323
SYNTH-24-22-1-Topic-7-Cell-1,1,24.0,22.0,2400.0,2200.0
SYNTH-24-22-1-Topic-7-Cell-2,1,24.0,22.0,2431.046844900371,2166.109095294869
SYNTH-24-23-1-Topic-8-Cell-1,1,24.0,23.0,2400.0,2300.0
SYNTH-24-23-1-Topic-8-Cell-2,1,24.0,23.0,2419.6357488094313,2278.5655098336138
SYNTH-24-23-1-Topic-8-Cell-3,1,24.0,23.0,2359.047797432964,2303.594037410554
SYNTH-24-23-1-Topic-8-Cell-4,1,24.0,23.0,2439.956832412776,2330.634156484835
SYNTH-24-23-1-Topic-8-Cell-5,1,24.0,23.0,2389.8734502809575,2242.750956420323
SYNTH-24-24-1-Topic-7-Cell-1,1,24.0,24.0,2400.0,2400.0
SYNTH-24-24-1-Topic-7-Cell-2,1,24.0,24.0,2417.924904260718,2380.4330770454126
SYNTH-24-24-1-Topic-8-Cell-3,1,24.0,24.0,2362.615924790856,2403.2808922704635
SYNTH-24-24-1-Topic-8-Cell-4,1,24.0,24.0,2436.475430731551,2427.965030894812
SYNTH-24-24-1-Topic-8-Cell-5,1,24.0,24.0,2390.755767148638,2347.7390123930245
SYNTH-24-24-1-Topic-8-Cell-6,1,24.0,24.0,2368.152376652497,2450.065579198177
SYNTH-24-25-1-Topic-0-Cell-1,1,24.0,25.0,2400.0,2500.0
SYNTH-24-25-1-Topic-0-Cell-2,1,24.0,25.0,2419.6357488094313,2478.5655098336138
SYNTH-24-25-1-Topic-4-Cell-3,1,24.0,25.0,2359.047797432964,2503.594037410554
SYNTH-24-25-1-Topic-8-Cell-4,1,24.0,25.0,2439.956832412776,2530.634156484835
SYNTH-24-25-1-Topic-8-Cell-5,1,24.0,25.0,2389.8734502809575,2442.750956420323
SYNTH-24-26-1-Topic-0-Cell-1,1,24.0,26.0,2400.0,2600.0
SYNTH-24-26-1-Topic-4-Cell-2,1,24.0,26.0,2417.924904260718,2580.4330770454126
SYNTH-24-26-1-Topic-4-Cell-3,1,24.0,26.0,2362.615924790856,2603.2808922704635
SYNTH-24-26-1-Topic-8-Cell-4,1,24.0,26.0,2436.475430731551,2627.965030894812
SYNTH-24-26-1-Topic-8-Cell-5,1,24.0,26.0,2390.755767148638,2547.7390123930245
SYNTH-24-26-1-Topic-8-Cell-6,1,24.0,26.0,2368.152376652497,2650.065579198177
SYNTH-24-27-1-Topic-7-Cell-1,1,24.0,27.0,2400.0,2700.0
SYNTH-24-27-1-Topic-8-Cell-2,1,24.0,27.0,2419.6357488094313,2678.5655098336138
SYNTH-24-27-1-Topic-8-Cell-3,1,24.0,27.0,2359.047797432964,2703.594037410554
SYNTH-24-27-1-Topic-8-Cell-4,1,24.0,27.0,2439.956832412776,2730.634156484835
SYNTH-24-27-1-Topic-8-Cell-5,1,24.0,27.0,2389.8734502809575,2642.750956420323
SYNTH-24-28-1-Topic-0-Cell-1,1,24.0,28.0,2400.0,2800.0
SYNTH-24-28-1-Topic-4-Cell-2,1,24.0,28.0,2419.6357488094313,2778.5655098336138
SYNTH-24-28-1-Topic-8-Cell-3,1,24.0,28.0,2359.047797432964,2803.594037410554
SYNTH-24-28-1-Topic-8-Cell-4,1,24.0,28.0,2439.956832412776,2830.634156484835
SYNTH-24-28-1-Topic-8-Cell-5,1,24.0,28.0,2389.8734502809575,2742.750956420323
SYNTH-24-29-1-Topic-0-Cell-1,1,24.0,29.0,2400.0,2900.0
SYNTH-24-29-1-Topic-8-Cell-2,1,24.0,29.0,2419.6357488094313,2878.5655098336138
SYNTH-24-29-1-Topic-8-Cell-3,1,24.0,29.0,2359.047797432964,2903.594037410554
SYNTH-24-29-1-Topic-8-Cell-4,1,24.0,29.0,2439.956832412776,2930.634156484835
SYNTH-24-29-1-Topic-9-Cell-5,1,24.0,29.0,2389.8734502809575,2842.750956420323
SYNTH-24-30-1-Topic-4-Cell-1,1,24.0,30.0,2400.0,3000.0
SYNTH-24-30-1-Topic-4-Cell-2,1,24.0,30.0,2419.6357488094313,2978.5655098336138
SYNTH-24-30-1-Topic-4-Cell-3,1,24.0,30.0,2359.047797432964,3003.594037410554
SYNTH-24-30-1-Topic-7-Cell-4,1,24.0,30.0,2439.956832412776,3030.634156484835
SYNTH-24-30-1-Topic-8-Cell-5,1,24.0,30.0,2389.8734502809575,2942.750956420323
SYNTH-24-31-1-Topic-8-Cell-1,1,24.0,31.0,2400.0,3100.0
SYNTH-24-31-1-Topic-8-Cell-2,1,24.0,31.0,2421.9534345634997,3076.0355114624545
SYNTH-24-31-1-Topic-8-Cell-3,1,24.0,31.0,2354.214045615883,3104.018255981838
SYNTH-24-31-1-Topic-8-Cell-4,1,24.0,31.0,2444.6730967202666,3134.2500281667285
SYNTH-24-32-1-Topic-8-Cell-1,1,24.0,32.0,2400.0,3200.0
SYNTH-24-32-1-Topic-8-Cell-2,1,24.0,32.0,2421.9534345634997,3176.0355114624545
SYNTH-24-32-1-Topic-9-Cell-3,1,24.0,32.0,2354.214045615883,3204.018255981838
SYNTH-24-32-1-Topic-9-Cell-4,1,24.0,32.0,2444.6730967202666,3234.2500281667285
SYNTH-24-33-1-Topic-0-Cell-1,1,24.0,33.0,2400.0,3300.0
SYNTH-24-33-1-Topic-7-Cell-2,1,24.0,33.0,2419.6357488094313,3278.5655098336138
SYNTH-24-33-1-Topic-7-Cell-3,1,24.0,33.0,2359.047797432964,3303.594037410554
SYNTH-24-33-1-Topic-8-Cell-4,1,24.0,33.0,2439.956832412776,3330.634156484835
SYNTH-24-33-1-Topic-8-Cell-5,1,24.0,33.0,2389.8734502809575,3242.750956420323
SYNTH-24-34-1-Topic-7-Cell-1,1,24.0,34.0,2400.0,3400.0
SYNTH-24-34-1-Topic-7-Cell-2,1,24.0,34.0,2425.3496427097466,3372.328192183713
SYNTH-24-34-1-Topic-7-Cell-3,1,24.0,34.0,2347.1309338224523,3404.6398823455743
SYNTH-24-35-1-Topic-8-Cell-1,1,24.0,35.0,2400.0,3500.0
SYNTH-24-35-1-Topic-8-Cell-2,1,24.0,35.0,2419.6357488094313,3478.5655098336138
SYNTH-24-35-1-Topic-8-Cell-3,1,24.0,35.0,2359.047797432964,3503.594037410554
SYNTH-24-35-1-Topic-8-Cell-4,1,24.0,35.0,2439.956832412776,3530.634156484835
SYNTH-24-35-1-Topic-9-Cell-5,1,24.0,35.0,2389.8734502809575,3442.750956420323
SYNTH-24-36-1-Topic-0-Cell-1,1,24.0,36.0,2400.0,3600.0
SYNTH-24-36-1-Topic-0-Cell-2,1,24.0,36.0,2419.6357488094313,3578.5655098336138
SYNTH-24-36-1-Topic-0-Cell-3,1,24.0,36.0,2359.047797432964,3603.594037410554
SYNTH-24-36-1-Topic-8-Cell-4,1,24.0,36.0,2439.956832412776,3630.634156484835
SYNTH-24-36-1-Topic-8-Cell-5,1,24.0,36.0,2389.8734502809575,3542.750956420323
SYNTH-24-37-1-Topic-8-Cell-1,1,24.0,37.0,2400.0,3700.0
SYNTH-24-37-1-Topic-8-Cell-2,1,24.0,37.0,2421.9534345634997,3676.0355114624545
SYNTH-24-37-1-Topic-8-Cell-3,1,24.0,37.0,2354.214045615883,3704.018255981838
SYNTH-24-37-1-Topic-8-Cell-4,1,24.0,37.0,2444.6730967202666,3734.2500281667285
SYNTH-24-38-1-Topic-0-Cell-1,1,24.0,38.0,2400.0,3800.0
SYNTH-24-38-1-Topic-8-Cell-2,1,24.0,38.0,2417.924904260718,3780.4330770454126
SYNTH-24-38-1-Topic-8-Cell-3,1,24.0,38.0,2362.615924790856,3803.2808922704635
SYNTH-24-38-1-Topic-8-Cell-4,1,24.0,38.0,2436.475430731551,3827.965030894812
SYNTH-24-38-1-Topic-8-Cell-5,1,24.0,38.0,2390.755767148638,3747.7390123930245
SYNTH-24-38-1-Topic-8-Cell-6,1,24.0,38.0,2368.152376652497,3850.065579198177
SYNTH-24-39-1-Topic-0-Cell-1,1,24.0,39.0,2400.0,3900.0
SYNTH-24-39-1-Topic-0-Cell-2,1,24.0,39.0,2421.9534345634997,3876.0355114624545
SYNTH-24-39-1-Topic-7-Cell-3,1,24.0,39.0,2354.214045615883,3904.018255981838
SYNTH-24-39-1-Topic-8-Cell-4,1,24.0,39.0,2444.6730967202666,3934.2500281667285
SYNTH-24-40-1-Topic-7-Cell-1,1,24.0,40.0,2400.0,4000.0
SYNTH-24-40-1-Topic-7-Cell-2,1,24.0,40.0,2421.9534345634997,3976.0355114624545
SYNTH-24-40-1-Topic-8-Cell-3,1,24.0,40.0,2354.214045615883,4004.018255981838
SYNTH-24-40-1-Topic-8-Cell-4,1,24.0,40.0,2444.6730967202666,4034.2500281667285
SYNTH-24-41-1-Topic-8-Cell-1,1,24.0,41.0,2400.0,4100.0
SYNTH-24-41-1-Topic-8-Cell-2,1,24.0,41.0,2425.3496427097466,4072.328192183713
SYNTH-24-41-1-Topic-8-Cell-3,1,24.0,41.0,2347.1309338224523,4104.639882345574
SYNTH-24-42-1-Topic-0-Cell-1,1,24.0,42.0,2400.0,4200.0
SYNTH-24-42-1-Topic-0-Cell-2,1,24.0,42.0,2419.6357488094313,4178.565509833614
SYNTH-24-42-1-Topic-8-Cell-3,1,24.0,42.0,2359.047797432964,4203.594037410554
SYNTH-24-42-1-Topic-8-Cell-4,1,24.0,42.0,2439.956832412776,4230.634156484835
SYNTH-24-42-1-Topic-8-Cell-5,1,24.0,42.0,2389.8734502809575,4142.750956420323
SYNTH-24-43-1-Topic-8-Cell-1,1,24.0,43.0,2400.0,4300.0
SYNTH-24-43-1-Topic-8-Cell-2,1,24.0,43.0,2421.9534345634997,4276.035511462454
SYNTH-24-43-1-Topic-8-Cell-3,1,24.0,43.0,2354.214045615883,4304.018255981839
SYNTH-24-43-1-Topic-8-Cell-4,1,24.0,43.0,2444.6730967202666,4334.250028166729
SYNTH-24-44-1-Topic-0-Cell-1,1,24.0,44.0,2400.0,4400.0
SYNTH-24-44-1-Topic-0-Cell-2,1,24.0,44.0,2425.3496427097466,4372.328192183713
SYNTH-24-44-1-Topic-0-Cell-3,1,24.0,44.0,2347.1309338224523,4404.639882345574
SYNTH-24-45-1-Topic-0-Cell-1,1,24.0,45.0,2400.0,4500.0
SYNTH-24-45-1-Topic-0-Cell-2,1,24.0,45.0,2419.6357488094313,4478.565509833614
SYNTH-24-45-1-Topic-4-Cell-3,1,24.0,45.0,2359.047797432964,4503.594037410554
SYNTH-24-45-1-Topic-4-Cell-4,1,24.0,45.0,2439.956832412776,4530.634156484835
SYNTH-24-45-1-Topic-9-Cell-5,1,24.0,45.0,2389.8734502809575,4442.750956420323
SYNTH-24-46-1-Topic-8-Cell-1,1,24.0,46.0,2400.0,4600.0
SYNTH-24-46-1-Topic-8-Cell-2,1,24.0,46.0,2421.9534345634997,4576.035511462454
SYNTH-24-46-1-Topic-8-Cell-3,1,24.0,46.0,2354.214045615883,4604.018255981839
SYNTH-24-46-1-Topic-8-Cell-4,1,24.0,46.0,2444.6730967202666,4634.250028166729
SYNTH-24-47-1-Topic-0-Cell-1,1,24.0,47.0,2400.0,4700.0
SYNTH-24-47-1-Topic-0-Cell-2,1,24.0,47.0,2417.924904260718,4680.433077045413
SYNTH-24-47-1-Topic-0-Cell-3,1,24.0,47.0,2362.615924790856,4703.2808922704635
SYNTH-24-47-1-Topic-7-Cell-4,1,24.0,47.0,2436.475430731551,4727.965030894812
SYNTH-24-47-1-Topic-8-Cell-5,1,24.0,47.0,2390.755767148638,4647.7390123930245
SYNTH-24-47-1-Topic-8-Cell-6,1,24.0,47.0,2368.152376652497,4750.065579198177
SYNTH-24-48-1-Topic-8-Cell-1,1,24.0,48.0,2400.0,4800.0
SYNTH-24-48-1-Topic-8-Cell-2,1,24.0,48.0,2419.6357488094313,4778.565509833614
SYNTH-24-48-1-Topic-8-Cell-3,1,24.0,48.0,2359.047797432964,4803.594037410554
SYNTH-24-48-1-Topic-8-Cell-4,1,24.0,48.0,2439.956832412776,4830.634156484835
SYNTH-24-48-1-Topic-9-Cell-5,1,24.0,48.0,2389.8734502809575,4742.750956420323
SYNTH-24-49-1-Topic-4-Cell-1,1,24.0,49.0,2400.0,4900.0
SYNTH-24-49-1-Topic-4-Cell-2,1,24.0,49.0,2419.6357488094313,4878.565509833614
SYNTH-24-49-1-Topic-8-Cell-3,1,24.0,49.0,2359.047797432964,4903.594037410554
SYNTH-24-49-1-Topic-8-Cell-4,1,24.0,49.0,2439.956832412776,4930.634156484835
SYNTH-24-49-1-Topic-8-Cell-5,1,24.0,49.0,2389.8734502809575,4842.750956420323
SYNTH-24-50-1-Topic-7-Cell-1,1,24.0,50.0,2400.0,5000.0
SYNTH-24-50-1-Topic-7-Cell-2,1,24.0,50.0,2421.9534345634997,4976.035511462454
SYNTH-24-50-1-Topic-8-Cell-3,1,24.0,50.0,2354.214045615883,5004.018255981839
SYNTH-24-50-1-Topic-8-Cell-4,1,24.0,50.0,2444.6730967202666,5034.250028166729
SYNTH-25-1-1-Topic-7-Cell-1,1,25.0,1.0,2500.0,150.0
SYNTH-25-1-1-Topic-7-Cell-2,1,25.0,1.0,2519.6357488094313,128.5655098336136
SYNTH-25-1-1-Topic-8-Cell-3,1,25.0,1.0,2459.047797432964,153.59403741055414
SYNTH-25-1-1-Topic-8-Cell-4,1,25.0,1.0,2539.956832412776,180.63415648483507
SYNTH-25-1-1-Topic-8-Cell-5,1,25.0,1.0,2489.8734502809575,92.75095642032298
SYNTH-25-2-1-Topic-8-Cell-1,1,25.0,2.0,2500.0,250.0
SYNTH-25-2-1-Topic-8-Cell-2,1,25.0,2.0,2519.6357488094313,228.5655098336136
SYNTH-25-2-1-Topic-8-Cell-3,1,25.0,2.0,2459.047797432964,253.59403741055414
SYNTH-25-2-1-Topic-8-Cell-4,1,25.0,2.0,2539.956832412776,280.6341564848351
SYNTH-25-2-1-Topic-8-Cell-5,1,25.0,2.0,2489.8734502809575,192.75095642032298
SYNTH-25-3-1-Topic-0-Cell-1,1,25.0,3.0,2500.0,350.0
SYNTH-25-3-1-Topic-0-Cell-2,1,25.0,3.0,2517.924904260718,330.4330770454125
SYNTH-25-3-1-Topic-0-Cell-3,1,25.0,3.0,2462.615924790856,353.28089227046326
SYNTH-25-3-1-Topic-0-Cell-4,1,25.0,3.0,2536.475430731551,377.96503089481223
SYNTH-25-3-1-Topic-7-Cell-5,1,25.0,3.0,2490.755767148638,297.7390123930243
SYNTH-25-3-1-Topic-10-Cell-6,1,25.0,3.0,2468.152376652497,400.0655791981769
SYNTH-25-4-1-Topic-0-Cell-1,1,25.0,4.0,2500.0,450.0
SYNTH-25-4-1-Topic-0-Cell-2,1,25.0,4.0,2517.924904260718,430.4330770454125
SYNTH-25-4-1-Topic-8-Cell-3,1,25.0,4.0,2462.615924790856,453.28089227046326
SYNTH-25-4-1-Topic-8-Cell-4,1,25.0,4.0,2536.475430731551,477.96503089481223
SYNTH-25-4-1-Topic-8-Cell-5,1,25.0,4.0,2490.755767148638,397.7390123930243
SYNTH-25-4-1-Topic-8-Cell-6,1,25.0,4.0,2468.152376652497,500.0655791981769
SYNTH-25-5-1-Topic-0-Cell-1,1,25.0,5.0,2500.0,550.0
SYNTH-25-5-1-Topic-0-Cell-2,1,25.0,5.0,2517.924904260718,530.4330770454125
SYNTH-25-5-1-Topic-0-Cell-3,1,25.0,5.0,2462.615924790856,553.2808922704633
SYNTH-25-5-1-Topic-8-Cell-4,1,25.0,5.0,2536.475430731551,577.9650308948122
SYNTH-25-5-1-Topic-10-Cell-5,1,25.0,5.0,2490.755767148638,497.7390123930243
SYNTH-25-5-1-Topic-10-Cell-6,1,25.0,5.0,2468.152376652497,600.0655791981769
SYNTH-25-6-1-Topic-0-Cell-1,1,25.0,6.0,2500.0,650.0
SYNTH-25-6-1-Topic-0-Cell-2,1,25.0,6.0,2519.6357488094313,628.5655098336136
SYNTH-25-6-1-Topic-0-Cell-3,1,25.0,6.0,2459.047797432964,653.5940374105542
SYNTH-25-6-1-Topic-8-Cell-4,1,25.0,6.0,2539.956832412776,680.6341564848351
SYNTH-25-6-1-Topic-8-Cell-5,1,25.0,6.0,2489.8734502809575,592.750956420323
SYNTH-25-7-1-Topic-0-Cell-1,1,25.0,7.0,2500.0,750.0
SYNTH-25-7-1-Topic-0-Cell-2,1,25.0,7.0,2519.6357488094313,728.5655098336136
SYNTH-25-7-1-Topic-7-Cell-3,1,25.0,7.0,2459.047797432964,753.5940374105542
SYNTH-25-7-1-Topic-7-Cell-4,1,25.0,7.0,2539.956832412776,780.6341564848351
SYNTH-25-7-1-Topic-7-Cell-5,1,25.0,7.0,2489.8734502809575,692.750956420323
SYNTH-25-8-1-Topic-0-Cell-1,1,25.0,8.0,2500.0,850.0
SYNTH-25-8-1-Topic-8-Cell-2,1,25.0,8.0,2519.6357488094313,828.5655098336136
SYNTH-25-8-1-Topic-8-Cell-3,1,25.0,8.0,2459.047797432964,853.5940374105542
SYNTH-25-8-1-Topic-8-Cell-4,1,25.0,8.0,2539.956832412776,880.6341564848351
SYNTH-25-8-1-Topic-10-Cell-5,1,25.0,8.0,2489.8734502809575,792.750956420323
SYNTH-25-9-1-Topic-7-Cell-1,1,25.0,9.0,2500.0,950.0
SYNTH-25-9-1-Topic-8-Cell-2,1,25.0,9.0,2519.6357488094313,928.5655098336136
SYNTH-25-9-1-Topic-8-Cell-3,1,25.0,9.0,2459.047797432964,953.5940374105542
SYNTH-25-9-1-Topic-9-Cell-4,1,25.0,9.0,2539.956832412776,980.6341564848351
SYNTH-25-9-1-Topic-9-Cell-5,1,25.0,9.0,2489.8734502809575,892.750956420323
SYNTH-25-10-1-Topic-4-Cell-1,1,25.0,10.0,2500.0,1050.0
SYNTH-25-10-1-Topic-4-Cell-2,1,25.0,10.0,2519.6357488094313,1028.5655098336135
SYNTH-25-10-1-Topic-8-Cell-3,1,25.0,10.0,2459.047797432964,1053.5940374105542
SYNTH-25-10-1-Topic-8-Cell-4,1,25.0,10.0,2539.956832412776,1080.634156484835
SYNTH-25-10-1-Topic-8-Cell-5,1,25.0,10.0,2489.8734502809575,992.750956420323
SYNTH-25-11-1-Topic-0-Cell-1,1,25.0,11.0,2500.0,1150.0
SYNTH-25-11-1-Topic-8-Cell-2,1,25.0,11.0,2519.6357488094313,1128.5655098336135
SYNTH-25-11-1-Topic-8-Cell-3,1,25.0,11.0,2459.047797432964,1153.5940374105542
SYNTH-25-11-1-Topic-8-Cell-4,1,25.0,11.0,2539.956832412776,1180.634156484835
SYNTH-25-11-1-Topic-8-Cell-5,1,25.0,11.0,2489.8734502809575,1092.750956420323
SYNTH-25-12-1-Topic-8-Cell-1,1,25.0,12.0,2500.0,1250.0
SYNTH-25-12-1-Topic-8-Cell-2,1,25.0,12.0,2525.3496427097466,1222.3281921837129
SYNTH-25-12-1-Topic-8-Cell-3,1,25.0,12.0,2447.1309338224523,1254.6398823455743
SYNTH-25-13-1-Topic-7-Cell-1,1,25.0,13.0,2500.0,1350.0
SYNTH-25-13-1-Topic-7-Cell-2,1,25.0,13.0,2525.3496427097466,1322.3281921837129
SYNTH-25-13-1-Topic-7-Cell-3,1,25.0,13.0,2447.1309338224523,1354.6398823455743
SYNTH-25-14-1-Topic-7-Cell-1,1,25.0,14.0,2500.0,1450.0
SYNTH-25-14-1-Topic-7-Cell-2,1,25.0,14.0,2519.6357488094313,1428.5655098336135
SYNTH-25-14-1-Topic-8-Cell-3,1,25.0,14.0,2459.047797432964,1453.5940374105542
SYNTH-25-14-1-Topic-8-Cell-4,1,25.0,14.0,2539.956832412776,1480.634156484835
SYNTH-25-14-1-Topic-8-Cell-5,1,25.0,14.0,2489.8734502809575,1392.750956420323
SYNTH-25-15-1-Topic-8-Cell-1,1,25.0,15.0,2500.0,1550.0
SYNTH-25-15-1-Topic-8-Cell-2,1,25.0,15.0,2519.6357488094313,1528.5655098336135
SYNTH-25-15-1-Topic-8-Cell-3,1,25.0,15.0,2459.047797432964,1553.5940374105542
SYNTH-25-15-1-Topic-9-Cell-4,1,25.0,15.0,2539.956832412776,1580.634156484835
SYNTH-25-15-1-Topic-9-Cell-5,1,25.0,15.0,2489.8734502809575,1492.750956420323
SYNTH-25-16-1-Topic-0-Cell-1,1,25.0,16.0,2500.0,1650.0
SYNTH-25-16-1-Topic-0-Cell-2,1,25.0,16.0,2519.6357488094313,1628.5655098336135
SYNTH-25-16-1-Topic-0-Cell-3,1,25.0,16.0,2459.047797432964,1653.5940374105542
SYNTH-25-16-1-Topic-0-Cell-4,1,25.0,16.0,2539.956832412776,1680.634156484835
SYNTH-25-16-1-Topic-7-Cell-5,1,25.0,16.0,2489.8734502809575,1592.750956420323
SYNTH-25-17-1-Topic-8-Cell-1,1,25.0,17.0,2500.0,1750.0
SYNTH-25-17-1-Topic-8-Cell-2,1,25.0,17.0,2519.6357488094313,1728.5655098336135
SYNTH-25-17-1-Topic-8-Cell-3,1,25.0,17.0,2459.047797432964,1753.5940374105542
SYNTH-25-17-1-Topic-8-Cell-4,1,25.0,17.0,2539.956832412776,1780.634156484835
SYNTH-25-17-1-Topic-8-Cell-5,1,25.0,17.0,2489.8734502809575,1692.750956420323
SYNTH-25-18-1-Topic-0-Cell-1,1,25.0,18.0,2500.0,1850.0
SYNTH-25-18-1-Topic-0-Cell-2,1,25.0,18.0,2519.6357488094313,1828.5655098336135
SYNTH-25-18-1-Topic-8-Cell-3,1,25.0,18.0,2459.047797432964,1853.5940374105542
SYNTH-25-18-1-Topic-8-Cell-4,1,25.0,18.0,2539.956832412776,1880.634156484835
SYNTH-25-18-1-Topic-8-Cell-5,1,25.0,18.0,2489.8734502809575,1792.750956420323
SYNTH-25-19-1-Topic-0-Cell-1,1,25.0,19.0,2500.0,1950.0
SYNTH-25-19-1-Topic-0-Cell-2,1,25.0,19.0,2517.924904260718,1930.4330770454126
SYNTH-25-19-1-Topic-0-Cell-3,1,25.0,19.0,2462.615924790856,1953.2808922704633
SYNTH-25-19-1-Topic-0-Cell-4,1,25.0,19.0,2536.475430731551,1977.9650308948123
SYNTH-25-19-1-Topic-8-Cell-5,1,25.0,19.0,2490.755767148638,1897.7390123930243
SYNTH-25-19-1-Topic-8-Cell-6,1,25.0,19.0,2468.152376652497,2000.065579198177
SYNTH-25-20-1-Topic-1-Cell-1,1,25.0,20.0,2500.0,2050.0
SYNTH-25-20-1-Topic-8-Cell-2,1,25.0,20.0,2521.9534345634997,2026.0355114624547
SYNTH-25-20-1-Topic-8-Cell-3,1,25.0,20.0,2454.214045615883,2054.018255981838
SYNTH-25-20-1-Topic-8-Cell-4,1,25.0,20.0,2544.6730967202666,2084.2500281667285
SYNTH-25-21-1-Topic-7-Cell-1,1,25.0,21.0,2500.0,2150.0
SYNTH-25-21-1-Topic-7-Cell-2,1,25.0,21.0,2519.6357488094313,2128.5655098336138
SYNTH-25-21-1-Topic-7-Cell-3,1,25.0,21.0,2459.047797432964,2153.594037410554
SYNTH-25-21-1-Topic-7-Cell-4,1,25.0,21.0,2539.956832412776,2180.634156484835
SYNTH-25-21-1-Topic-8-Cell-5,1,25.0,21.0,2489.8734502809575,2092.750956420323
SYNTH-25-22-1-Topic-8-Cell-1,1,25.0,22.0,2500.0,2250.0
SYNTH-25-22-1-Topic-8-Cell-2,1,25.0,22.0,2517.924904260718,2230.4330770454126
SYNTH-25-22-1-Topic-8-Cell-3,1,25.0,22.0,2462.615924790856,2253.2808922704635
SYNTH-25-22-1-Topic-8-Cell-4,1,25.0,22.0,2536.475430731551,2277.965030894812
SYNTH-25-22-1-Topic-8-Cell-5,1,25.0,22.0,2490.755767148638,2197.7390123930245
SYNTH-25-22-1-Topic-9-Cell-6,1,25.0,22.0,2468.152376652497,2300.065579198177
SYNTH-25-23-1-Topic-8-Cell-1,1,25.0,23.0,2500.0,2350.0
SYNTH-25-23-1-Topic-8-Cell-2,1,25.0,23.0,2519.6357488094313,2328.5655098336138
SYNTH-25-23-1-Topic-8-Cell-3,1,25.0,23.0,2459.047797432964,2353.594037410554
SYNTH-25-23-1-Topic-8-Cell-4,1,25.0,23.0,2539.956832412776,2380.634156484835
SYNTH-25-23-1-Topic-8-Cell-5,1,25.0,23.0,2489.8734502809575,2292.750956420323
SYNTH-25-24-1-Topic-7-Cell-1,1,25.0,24.0,2500.0,2450.0
SYNTH-25-24-1-Topic-7-Cell-2,1,25.0,24.0,2519.6357488094313,2428.5655098336138
SYNTH-25-24-1-Topic-7-Cell-3,1,25.0,24.0,2459.047797432964,2453.594037410554
SYNTH-25-24-1-Topic-7-Cell-4,1,25.0,24.0,2539.956832412776,2480.634156484835
SYNTH-25-24-1-Topic-9-Cell-5,1,25.0,24.0,2489.8734502809575,2392.750956420323
SYNTH-25-25-1-Topic-4-Cell-1,1,25.0,25.0,2500.0,2550.0
SYNTH-25-25-1-Topic-4-Cell-2,1,25.0,25.0,2521.9534345634997,2526.0355114624545
SYNTH-25-25-1-Topic-8-Cell-3,1,25.0,25.0,2454.214045615883,2554.018255981838
SYNTH-25-25-1-Topic-8-Cell-4,1,25.0,25.0,2544.6730967202666,2584.2500281667285
SYNTH-25-26-1-Topic-8-Cell-1,1,25.0,26.0,2500.0,2650.0
SYNTH-25-26-1-Topic-8-Cell-2,1,25.0,26.0,2519.6357488094313,2628.5655098336138
SYNTH-25-26-1-Topic-8-Cell-3,1,25.0,26.0,2459.047797432964,2653.594037410554
SYNTH-25-26-1-Topic-9-Cell-4,1,25.0,26.0,2539.956832412776,2680.634156484835
SYNTH-25-26-1-Topic-9-Cell-5,1,25.0,26.0,2489.8734502809575,2592.750956420323
SYNTH-25-27-1-Topic-0-Cell-1,1,25.0,27.0,2500.0,2750.0
SYNTH-25-27-1-Topic-0-Cell-2,1,25.0,27.0,2519.6357488094313,2728.5655098336138
SYNTH-25-27-1-Topic-7-Cell-3,1,25.0,27.0,2459.047797432964,2753.594037410554
SYNTH-25-27-1-Topic-7-Cell-4,1,25.0,27.0,2539.956832412776,2780.634156484835
SYNTH-25-27-1-Topic-8-Cell-5,1,25.0,27.0,2489.8734502809575,2692.750956420323
SYNTH-25-28-1-Topic-7-Cell-1,1,25.0,28.0,2500.0,2850.0
SYNTH-25-28-1-Topic-7-Cell-2,1,25.0,28.0,2525.3496427097466,2822.328192183713
SYNTH-25-28-1-Topic-8-Cell-3,1,25.0,28.0,2447.1309338224523,2854.6398823455743
SYNTH-25-29-1-Topic-0-Cell-1,1,25.0,29.0,2500.0,2950.0
SYNTH-25-29-1-Topic-0-Cell-2,1,25.0,29.0,2519.6357488094313,2928.5655098336138
SYNTH-25-29-1-Topic-0-Cell-3,1,25.0,29.0,2459.047797432964,2953.594037410554
SYNTH-25-29-1-Topic-0-Cell-4,1,25.0,29.0,2539.956832412776,2980.634156484835
SYNTH-25-29-1-Topic-0-Cell-5,1,25.0,29.0,2489.8734502809575,2892.750956420323
SYNTH-25-30-1-Topic-0-Cell-1,1,25.0,30.0,2500.0,3050.0
SYNTH-25-30-1-Topic-0-Cell-2,1,25.0,30.0,2517.924904260718,3030.4330770454126
SYNTH-25-30-1-Topic-0-Cell-3,1,25.0,30.0,2462.615924790856,3053.2808922704635
SYNTH-25-30-1-Topic-8-Cell-4,1,25.0,30.0,2536.475430731551,3077.965030894812
SYNTH-25-30-1-Topic-8-Cell-5,1,25.0,30.0,2490.755767148638,2997.7390123930245
SYNTH-25-30-1-Topic-8-Cell-6,1,25.0,30.0,2468.152376652497,3100.065579198177
SYNTH-25-31-1-Topic-8-Cell-1,1,25.0,31.0,2500.0,3150.0
SYNTH-25-31-1-Topic-8-Cell-2,1,25.0,31.0,2531.046844900371,3116.109095294869
SYNTH-25-32-1-Topic-0-Cell-1,1,25.0,32.0,2500.0,3250.0
SYNTH-25-32-1-Topic-8-Cell-2,1,25.0,32.0,2517.924904260718,3230.4330770454126
SYNTH-25-32-1-Topic-8-Cell-3,1,25.0,32.0,2462.615924790856,3253.2808922704635
SYNTH-25-32-1-Topic-8-Cell-4,1,25.0,32.0,2536.475430731551,3277.965030894812
SYNTH-25-32-1-Topic-8-Cell-5,1,25.0,32.0,2490.755767148638,3197.7390123930245
SYNTH-25-32-1-Topic-8-Cell-6,1,25.0,32.0,2468.152376652497,3300.065579198177
SYNTH-25-33-1-Topic-2-Cell-1,1,25.0,33.0,2500.0,3350.0
SYNTH-25-33-1-Topic-8-Cell-2,1,25.0,33.0,2519.6357488094313,3328.5655098336138
SYNTH-25-33-1-Topic-9-Cell-3,1,25.0,33.0,2459.047797432964,3353.594037410554
SYNTH-25-33-1-Topic-9-Cell-4,1,25.0,33.0,2539.956832412776,3380.634156484835
SYNTH-25-33-1-Topic-9-Cell-5,1,25.0,33.0,2489.8734502809575,3292.750956420323
SYNTH-25-34-1-Topic-0-Cell-1,1,25.0,34.0,2500.0,3450.0
SYNTH-25-34-1-Topic-8-Cell-2,1,25.0,34.0,2517.924904260718,3430.4330770454126
SYNTH-25-34-1-Topic-8-Cell-3,1,25.0,34.0,2462.615924790856,3453.2808922704635
SYNTH-25-34-1-Topic-9-Cell-4,1,25.0,34.0,2536.475430731551,3477.965030894812
SYNTH-25-34-1-Topic-9-Cell-5,1,25.0,34.0,2490.755767148638,3397.7390123930245
SYNTH-25-34-1-Topic-9-Cell-6,1,25.0,34.0,2468.152376652497,3500.065579198177
SYNTH-25-35-1-Topic-0-Cell-1,1,25.0,35.0,2500.0,3550.0
SYNTH-25-35-1-Topic-8-Cell-2,1,25.0,35.0,2519.6357488094313,3528.5655098336138
SYNTH-25-35-1-Topic-8-Cell-3,1,25.0,35.0,2459.047797432964,3553.594037410554
SYNTH-25-35-1-Topic-9-Cell-4,1,25.0,35.0,2539.956832412776,3580.634156484835
SYNTH-25-35-1-Topic-9-Cell-5,1,25.0,35.0,2489.8734502809575,3492.750956420323
SYNTH-25-36-1-Topic-0-Cell-1,1,25.0,36.0,2500.0,3650.0
SYNTH-25-36-1-Topic-0-Cell-2,1,25.0,36.0,2519.6357488094313,3628.5655098336138
SYNTH-25-36-1-Topic-0-Cell-3,1,25.0,36.0,2459.047797432964,3653.594037410554
SYNTH-25-36-1-Topic-0-Cell-4,1,25.0,36.0,2539.956832412776,3680.634156484835
SYNTH-25-36-1-Topic-7-Cell-5,1,25.0,36.0,2489.8734502809575,3592.750956420323
SYNTH-25-37-1-Topic-0-Cell-1,1,25.0,37.0,2500.0,3750.0
SYNTH-25-37-1-Topic-0-Cell-2,1,25.0,37.0,2517.924904260718,3730.4330770454126
SYNTH-25-37-1-Topic-0-Cell-3,1,25.0,37.0,2462.615924790856,3753.2808922704635
SYNTH-25-37-1-Topic-7-Cell-4,1,25.0,37.0,2536.475430731551,3777.965030894812
SYNTH-25-37-1-Topic-7-Cell-5,1,25.0,37.0,2490.755767148638,3697.7390123930245
SYNTH-25-37-1-Topic-10-Cell-6,1,25.0,37.0,2468.152376652497,3800.065579198177
SYNTH-25-38-1-Topic-8-Cell-1,1,25.0,38.0,2500.0,3850.0
SYNTH-25-38-1-Topic-8-Cell-2,1,25.0,38.0,2521.9534345634997,3826.0355114624545
SYNTH-25-38-1-Topic-9-Cell-3,1,25.0,38.0,2454.214045615883,3854.018255981838
SYNTH-25-38-1-Topic-9-Cell-4,1,25.0,38.0,2544.6730967202666,3884.2500281667285
SYNTH-25-39-1-Topic-0-Cell-1,1,25.0,39.0,2500.0,3950.0
SYNTH-25-39-1-Topic-0-Cell-2,1,25.0,39.0,2517.924904260718,3930.4330770454126
SYNTH-25-39-1-Topic-0-Cell-3,1,25.0,39.0,2462.615924790856,3953.2808922704635
SYNTH-25-39-1-Topic-8-Cell-4,1,25.0,39.0,2536.475430731551,3977.965030894812
SYNTH-25-39-1-Topic-8-Cell-5,1,25.0,39.0,2490.755767148638,3897.7390123930245
SYNTH-25-39-1-Topic-9-Cell-6,1,25.0,39.0,2468.152376652497,4000.065579198177
SYNTH-25-40-1-Topic-0-Cell-1,1,25.0,40.0,2500.0,4050.0
SYNTH-25-40-1-Topic-2-Cell-2,1,25.0,40.0,2517.924904260718,4030.4330770454126
SYNTH-25-40-1-Topic-7-Cell-3,1,25.0,40.0,2462.615924790856,4053.2808922704635
SYNTH-25-40-1-Topic-7-Cell-4,1,25.0,40.0,2536.475430731551,4077.965030894812
SYNTH-25-40-1-Topic-9-Cell-5,1,25.0,40.0,2490.755767148638,3997.7390123930245
SYNTH-25-40-1-Topic-9-Cell-6,1,25.0,40.0,2468.152376652497,4100.065579198177
SYNTH-25-41-1-Topic-0-Cell-1,1,25.0,41.0,2500.0,4150.0
SYNTH-25-41-1-Topic-8-Cell-2,1,25.0,41.0,2519.6357488094313,4128.565509833614
SYNTH-25-41-1-Topic-8-Cell-3,1,25.0,41.0,2459.047797432964,4153.594037410554
SYNTH-25-41-1-Topic-8-Cell-4,1,25.0,41.0,2539.956832412776,4180.634156484835
SYNTH-25-41-1-Topic-8-Cell-5,1,25.0,41.0,2489.8734502809575,4092.750956420323
SYNTH-25-42-1-Topic-0-Cell-1,1,25.0,42.0,2500.0,4250.0
SYNTH-25-42-1-Topic-8-Cell-2,1,25.0,42.0,2519.6357488094313,4228.565509833614
SYNTH-25-42-1-Topic-8-Cell-3,1,25.0,42.0,2459.047797432964,4253.594037410554
SYNTH-25-42-1-Topic-8-Cell-4,1,25.0,42.0,2539.956832412776,4280.634156484835
SYNTH-25-42-1-Topic-9-Cell-5,1,25.0,42.0,2489.8734502809575,4192.750956420323
SYNTH-25-43-1-Topic-0-Cell-1,1,25.0,43.0,2500.0,4350.0
SYNTH-25-43-1-Topic-0-Cell-2,1,25.0,43.0,2517.924904260718,4330.433077045413
SYNTH-25-43-1-Topic-0-Cell-3,1,25.0,43.0,2462.615924790856,4353.2808922704635
SYNTH-25-43-1-Topic-0-Cell-4,1,25.0,43.0,2536.475430731551,4377.965030894812
SYNTH-25-43-1-Topic-0-Cell-5,1,25.0,43.0,2490.755767148638,4297.7390123930245
SYNTH-25-43-1-Topic-0-Cell-6,1,25.0,43.0,2468.152376652497,4400.065579198177
SYNTH-25-44-1-Topic-0-Cell-1,1,25.0,44.0,2500.0,4450.0
SYNTH-25-44-1-Topic-7-Cell-2,1,25.0,44.0,2517.924904260718,4430.433077045413
SYNTH-25-44-1-Topic-7-Cell-3,1,25.0,44.0,2462.615924790856,4453.2808922704635
SYNTH-25-44-1-Topic-8-Cell-4,1,25.0,44.0,2536.475430731551,4477.965030894812
SYNTH-25-44-1-Topic-8-Cell-5,1,25.0,44.0,2490.755767148638,4397.7390123930245
SYNTH-25-44-1-Topic-8-Cell-6,1,25.0,44.0,2468.152376652497,4500.065579198177
SYNTH-25-45-1-Topic-7-Cell-1,1,25.0,45.0,2500.0,4550.0
SYNTH-25-45-1-Topic-7-Cell-2,1,25.0,45.0,2519.6357488094313,4528.565509833614
SYNTH-25-45-1-Topic-8-Cell-3,1,25.0,45.0,2459.047797432964,4553.594037410554
SYNTH-25-45-1-Topic-8-Cell-4,1,25.0,45.0,2539.956832412776,4580.634156484835
SYNTH-25-45-1-Topic-8-Cell-5,1,25.0,45.0,2489.8734502809575,4492.750956420323
SYNTH-25-46-1-Topic-7-Cell-1,1,25.0,46.0,2500.0,4650.0
SYNTH-25-46-1-Topic-7-Cell-2,1,25.0,46.0,2519.6357488094313,4628.565509833614
SYNTH-25-46-1-Topic-8-Cell-3,1,25.0,46.0,2459.047797432964,4653.594037410554
SYNTH-25-46-1-Topic-10-Cell-4,1,25.0,46.0,2539.956832412776,4680.634156484835
SYNTH-25-46-1-Topic-10-Cell-5,1,25.0,46.0,2489.8734502809575,4592.750956420323
SYNTH-25-47-1-Topic-8-Cell-1,1,25.0,47.0,2500.0,4750.0
SYNTH-25-47-1-Topic-8-Cell-2,1,25.0,47.0,2519.6357488094313,4728.565509833614
SYNTH-25-47-1-Topic-8-Cell-3,1,25.0,47.0,2459.047797432964,4753.594037410554
SYNTH-25-47-1-Topic-8-Cell-4,1,25.0,47.0,2539.956832412776,4780.634156484835
SYNTH-25-47-1-Topic-9-Cell-5,1,25.0,47.0,2489.8734502809575,4692.750956420323
SYNTH-25-48-1-Topic-7-Cell-1,1,25.0,48.0,2500.0,4850.0
SYNTH-25-48-1-Topic-8-Cell-2,1,25.0,48.0,2519.6357488094313,4828.565509833614
SYNTH-25-48-1-Topic-8-Cell-3,1,25.0,48.0,2459.047797432964,4853.594037410554
SYNTH-25-48-1-Topic-8-Cell-4,1,25.0,48.0,2539.956832412776,4880.634156484835
SYNTH-25-48-1-Topic-8-Cell-5,1,25.0,48.0,2489.8734502809575,4792.750956420323
SYNTH-25-49-1-Topic-8-Cell-1,1,25.0,49.0,2500.0,4950.0
SYNTH-25-49-1-Topic-8-Cell-2,1,25.0,49.0,2519.6357488094313,4928.565509833614
SYNTH-25-49-1-Topic-8-Cell-3,1,25.0,49.0,2459.047797432964,4953.594037410554
SYNTH-25-49-1-Topic-8-Cell-4,1,25.0,49.0,2539.956832412776,4980.634156484835
SYNTH-25-49-1-Topic-8-Cell-5,1,25.0,49.0,2489.8734502809575,4892.750956420323
SYNTH-25-50-1-Topic-2-Cell-1,1,25.0,50.0,2500.0,5050.0
SYNTH-25-50-1-Topic-7-Cell-2,1,25.0,50.0,2519.6357488094313,5028.565509833614
SYNTH-25-50-1-Topic-9-Cell-3,1,25.0,50.0,2459.047797432964,5053.594037410554
SYNTH-25-50-1-Topic-9-Cell-4,1,25.0,50.0,2539.956832412776,5080.634156484835
SYNTH-25-50-1-Topic-9-Cell-5,1,25.0,50.0,2489.8734502809575,4992.750956420323
SYNTH-26-1-1-Topic-2-Cell-1,1,26.0,1.0,2600.0,100.0
SYNTH-26-1-1-Topic-2-Cell-2,1,26.0,1.0,2619.6357488094313,78.56550983361359
SYNTH-26-1-1-Topic-2-Cell-3,1,26.0,1.0,2559.047797432964,103.59403741055415
SYNTH-26-1-1-Topic-2-Cell-4,1,26.0,1.0,2639.956832412776,130.63415648483507
SYNTH-26-1-1-Topic-8-Cell-5,1,26.0,1.0,2589.8734502809575,42.75095642032298
SYNTH-26-2-1-Topic-4-Cell-1,1,26.0,2.0,2600.0,200.0
SYNTH-26-2-1-Topic-8-Cell-2,1,26.0,2.0,2621.9534345634997,176.03551146245462
SYNTH-26-2-1-Topic-9-Cell-3,1,26.0,2.0,2554.214045615883,204.0182559818382
SYNTH-26-2-1-Topic-9-Cell-4,1,26.0,2.0,2644.6730967202666,234.2500281667286
SYNTH-26-3-1-Topic-0-Cell-1,1,26.0,3.0,2600.0,300.0
SYNTH-26-3-1-Topic-0-Cell-2,1,26.0,3.0,2617.924904260718,280.4330770454125
SYNTH-26-3-1-Topic-0-Cell-3,1,26.0,3.0,2562.615924790856,303.28089227046326
SYNTH-26-3-1-Topic-7-Cell-4,1,26.0,3.0,2636.475430731551,327.96503089481223
SYNTH-26-3-1-Topic-7-Cell-5,1,26.0,3.0,2590.755767148638,247.73901239302432
SYNTH-26-3-1-Topic-7-Cell-6,1,26.0,3.0,2568.152376652497,350.0655791981769
SYNTH-26-4-1-Topic-0-Cell-1,1,26.0,4.0,2600.0,400.0
SYNTH-26-4-1-Topic-0-Cell-2,1,26.0,4.0,2619.6357488094313,378.5655098336136
SYNTH-26-4-1-Topic-2-Cell-3,1,26.0,4.0,2559.047797432964,403.59403741055417
SYNTH-26-4-1-Topic-9-Cell-4,1,26.0,4.0,2639.956832412776,430.6341564848351
SYNTH-26-4-1-Topic-9-Cell-5,1,26.0,4.0,2589.8734502809575,342.75095642032295
SYNTH-26-5-1-Topic-7-Cell-1,1,26.0,5.0,2600.0,500.0
SYNTH-26-5-1-Topic-7-Cell-2,1,26.0,5.0,2625.3496427097466,472.32819218371293
SYNTH-26-5-1-Topic-10-Cell-3,1,26.0,5.0,2547.1309338224523,504.6398823455742
SYNTH-26-6-1-Topic-8-Cell-1,1,26.0,6.0,2600.0,600.0
SYNTH-26-6-1-Topic-8-Cell-2,1,26.0,6.0,2619.6357488094313,578.5655098336136
SYNTH-26-6-1-Topic-8-Cell-3,1,26.0,6.0,2559.047797432964,603.5940374105542
SYNTH-26-6-1-Topic-8-Cell-4,1,26.0,6.0,2639.956832412776,630.6341564848351
SYNTH-26-6-1-Topic-8-Cell-5,1,26.0,6.0,2589.8734502809575,542.750956420323
SYNTH-26-7-1-Topic-8-Cell-1,1,26.0,7.0,2600.0,700.0
SYNTH-26-7-1-Topic-8-Cell-2,1,26.0,7.0,2621.9534345634997,676.0355114624546
SYNTH-26-7-1-Topic-8-Cell-3,1,26.0,7.0,2554.214045615883,704.0182559818381
SYNTH-26-7-1-Topic-8-Cell-4,1,26.0,7.0,2644.6730967202666,734.2500281667286
SYNTH-26-8-1-Topic-7-Cell-1,1,26.0,8.0,2600.0,800.0
SYNTH-26-8-1-Topic-7-Cell-2,1,26.0,8.0,2619.6357488094313,778.5655098336136
SYNTH-26-8-1-Topic-7-Cell-3,1,26.0,8.0,2559.047797432964,803.5940374105542
SYNTH-26-8-1-Topic-8-Cell-4,1,26.0,8.0,2639.956832412776,830.6341564848351
SYNTH-26-8-1-Topic-8-Cell-5,1,26.0,8.0,2589.8734502809575,742.750956420323
SYNTH-26-9-1-Topic-0-Cell-1,1,26.0,9.0,2600.0,900.0
SYNTH-26-9-1-Topic-8-Cell-2,1,26.0,9.0,2619.6357488094313,878.5655098336136
SYNTH-26-9-1-Topic-8-Cell-3,1,26.0,9.0,2559.047797432964,903.5940374105542
SYNTH-26-9-1-Topic-8-Cell-4,1,26.0,9.0,2639.956832412776,930.6341564848351
SYNTH-26-9-1-Topic-8-Cell-5,1,26.0,9.0,2589.8734502809575,842.750956420323
SYNTH-26-10-1-Topic-8-Cell-1,1,26.0,10.0,2600.0,1000.0
SYNTH-26-10-1-Topic-8-Cell-2,1,26.0,10.0,2621.9534345634997,976.0355114624546
SYNTH-26-10-1-Topic-8-Cell-3,1,26.0,10.0,2554.214045615883,1004.0182559818381
SYNTH-26-10-1-Topic-8-Cell-4,1,26.0,10.0,2644.6730967202666,1034.2500281667287
SYNTH-26-11-1-Topic-0-Cell-1,1,26.0,11.0,2600.0,1100.0
SYNTH-26-11-1-Topic-0-Cell-2,1,26.0,11.0,2619.6357488094313,1078.5655098336135
SYNTH-26-11-1-Topic-0-Cell-3,1,26.0,11.0,2559.047797432964,1103.5940374105542
SYNTH-26-11-1-Topic-7-Cell-4,1,26.0,11.0,2639.956832412776,1130.634156484835
SYNTH-26-11-1-Topic-8-Cell-5,1,26.0,11.0,2589.8734502809575,1042.750956420323
SYNTH-26-12-1-Topic-0-Cell-1,1,26.0,12.0,2600.0,1200.0
SYNTH-26-12-1-Topic-0-Cell-2,1,26.0,12.0,2621.9534345634997,1176.0355114624547
SYNTH-26-12-1-Topic-0-Cell-3,1,26.0,12.0,2554.214045615883,1204.0182559818381
SYNTH-26-12-1-Topic-8-Cell-4,1,26.0,12.0,2644.6730967202666,1234.2500281667287
SYNTH-26-13-1-Topic-7-Cell-1,1,26.0,13.0,2600.0,1300.0
SYNTH-26-13-1-Topic-7-Cell-2,1,26.0,13.0,2619.6357488094313,1278.5655098336135
SYNTH-26-13-1-Topic-7-Cell-3,1,26.0,13.0,2559.047797432964,1303.5940374105542
SYNTH-26-13-1-Topic-7-Cell-4,1,26.0,13.0,2639.956832412776,1330.634156484835
SYNTH-26-13-1-Topic-8-Cell-5,1,26.0,13.0,2589.8734502809575,1242.750956420323
SYNTH-26-14-1-Topic-2-Cell-1,1,26.0,14.0,2600.0,1400.0
SYNTH-26-14-1-Topic-2-Cell-2,1,26.0,14.0,2619.6357488094313,1378.5655098336135
SYNTH-26-14-1-Topic-8-Cell-3,1,26.0,14.0,2559.047797432964,1403.5940374105542
SYNTH-26-14-1-Topic-8-Cell-4,1,26.0,14.0,2639.956832412776,1430.634156484835
SYNTH-26-14-1-Topic-9-Cell-5,1,26.0,14.0,2589.8734502809575,1342.750956420323
SYNTH-26-15-1-Topic-7-Cell-1,1,26.0,15.0,2600.0,1500.0
SYNTH-26-15-1-Topic-7-Cell-2,1,26.0,15.0,2621.9534345634997,1476.0355114624547
SYNTH-26-15-1-Topic-7-Cell-3,1,26.0,15.0,2554.214045615883,1504.0182559818381
SYNTH-26-15-1-Topic-8-Cell-4,1,26.0,15.0,2644.6730967202666,1534.2500281667287
SYNTH-26-16-1-Topic-8-Cell-1,1,26.0,16.0,2600.0,1600.0
SYNTH-26-16-1-Topic-8-Cell-2,1,26.0,16.0,2619.6357488094313,1578.5655098336135
SYNTH-26-16-1-Topic-8-Cell-3,1,26.0,16.0,2559.047797432964,1603.5940374105542
SYNTH-26-16-1-Topic-8-Cell-4,1,26.0,16.0,2639.956832412776,1630.634156484835
SYNTH-26-16-1-Topic-8-Cell-5,1,26.0,16.0,2589.8734502809575,1542.750956420323
SYNTH-26-17-1-Topic-8-Cell-1,1,26.0,17.0,2600.0,1700.0
SYNTH-26-17-1-Topic-8-Cell-2,1,26.0,17.0,2619.6357488094313,1678.5655098336135
SYNTH-26-17-1-Topic-8-Cell-3,1,26.0,17.0,2559.047797432964,1703.5940374105542
SYNTH-26-17-1-Topic-10-Cell-4,1,26.0,17.0,2639.956832412776,1730.634156484835
SYNTH-26-17-1-Topic-10-Cell-5,1,26.0,17.0,2589.8734502809575,1642.750956420323
SYNTH-26-18-1-Topic-7-Cell-1,1,26.0,18.0,2600.0,1800.0
SYNTH-26-18-1-Topic-7-Cell-2,1,26.0,18.0,2621.9534345634997,1776.0355114624547
SYNTH-26-18-1-Topic-8-Cell-3,1,26.0,18.0,2554.214045615883,1804.0182559818381
SYNTH-26-18-1-Topic-8-Cell-4,1,26.0,18.0,2644.6730967202666,1834.2500281667287
SYNTH-26-19-1-Topic-0-Cell-1,1,26.0,19.0,2600.0,1900.0
SYNTH-26-19-1-Topic-7-Cell-2,1,26.0,19.0,2621.9534345634997,1876.0355114624547
SYNTH-26-19-1-Topic-7-Cell-3,1,26.0,19.0,2554.214045615883,1904.0182559818381
SYNTH-26-19-1-Topic-7-Cell-4,1,26.0,19.0,2644.6730967202666,1934.2500281667287
SYNTH-26-20-1-Topic-7-Cell-1,1,26.0,20.0,2600.0,2000.0
SYNTH-26-20-1-Topic-7-Cell-2,1,26.0,20.0,2621.9534345634997,1976.0355114624547
SYNTH-26-20-1-Topic-8-Cell-3,1,26.0,20.0,2554.214045615883,2004.0182559818381
SYNTH-26-20-1-Topic-8-Cell-4,1,26.0,20.0,2644.6730967202666,2034.2500281667287
SYNTH-26-21-1-Topic-0-Cell-1,1,26.0,21.0,2600.0,2100.0
SYNTH-26-21-1-Topic-0-Cell-2,1,26.0,21.0,2619.6357488094313,2078.5655098336138
SYNTH-26-21-1-Topic-0-Cell-3,1,26.0,21.0,2559.047797432964,2103.594037410554
SYNTH-26-21-1-Topic-4-Cell-4,1,26.0,21.0,2639.956832412776,2130.634156484835
SYNTH-26-21-1-Topic-8-Cell-5,1,26.0,21.0,2589.8734502809575,2042.750956420323
SYNTH-26-22-1-Topic-0-Cell-1,1,26.0,22.0,2600.0,2200.0
SYNTH-26-22-1-Topic-0-Cell-2,1,26.0,22.0,2621.9534345634997,2176.0355114624545
SYNTH-26-22-1-Topic-0-Cell-3,1,26.0,22.0,2554.214045615883,2204.018255981838
SYNTH-26-22-1-Topic-8-Cell-4,1,26.0,22.0,2644.6730967202666,2234.2500281667285
SYNTH-26-23-1-Topic-0-Cell-1,1,26.0,23.0,2600.0,2300.0
SYNTH-26-23-1-Topic-6-Cell-2,1,26.0,23.0,2619.6357488094313,2278.5655098336138
SYNTH-26-23-1-Topic-6-Cell-3,1,26.0,23.0,2559.047797432964,2303.594037410554
SYNTH-26-23-1-Topic-9-Cell-4,1,26.0,23.0,2639.956832412776,2330.634156484835
SYNTH-26-23-1-Topic-9-Cell-5,1,26.0,23.0,2589.8734502809575,2242.750956420323
SYNTH-26-24-1-Topic-8-Cell-1,1,26.0,24.0,2600.0,2400.0
SYNTH-26-24-1-Topic-9-Cell-2,1,26.0,24.0,2619.6357488094313,2378.5655098336138
SYNTH-26-24-1-Topic-9-Cell-3,1,26.0,24.0,2559.047797432964,2403.594037410554
SYNTH-26-24-1-Topic-9-Cell-4,1,26.0,24.0,2639.956832412776,2430.634156484835
SYNTH-26-24-1-Topic-9-Cell-5,1,26.0,24.0,2589.8734502809575,2342.750956420323
SYNTH-26-25-1-Topic-7-Cell-1,1,26.0,25.0,2600.0,2500.0
SYNTH-26-25-1-Topic-8-Cell-2,1,26.0,25.0,2621.9534345634997,2476.0355114624545
SYNTH-26-25-1-Topic-8-Cell-3,1,26.0,25.0,2554.214045615883,2504.018255981838
SYNTH-26-25-1-Topic-8-Cell-4,1,26.0,25.0,2644.6730967202666,2534.2500281667285
SYNTH-26-26-1-Topic-7-Cell-1,1,26.0,26.0,2600.0,2600.0
SYNTH-26-26-1-Topic-7-Cell-2,1,26.0,26.0,2625.3496427097466,2572.328192183713
SYNTH-26-26-1-Topic-7-Cell-3,1,26.0,26.0,2547.1309338224523,2604.6398823455743
SYNTH-26-27-1-Topic-7-Cell-1,1,26.0,27.0,2600.0,2700.0
SYNTH-26-27-1-Topic-7-Cell-2,1,26.0,27.0,2621.9534345634997,2676.0355114624545
SYNTH-26-27-1-Topic-7-Cell-3,1,26.0,27.0,2554.214045615883,2704.018255981838
SYNTH-26-27-1-Topic-8-Cell-4,1,26.0,27.0,2644.6730967202666,2734.2500281667285
SYNTH-26-28-1-Topic-8-Cell-1,1,26.0,28.0,2600.0,2800.0
SYNTH-26-28-1-Topic-8-Cell-2,1,26.0,28.0,2621.9534345634997,2776.0355114624545
SYNTH-26-28-1-Topic-8-Cell-3,1,26.0,28.0,2554.214045615883,2804.018255981838
SYNTH-26-28-1-Topic-8-Cell-4,1,26.0,28.0,2644.6730967202666,2834.2500281667285
SYNTH-26-29-1-Topic-0-Cell-1,1,26.0,29.0,2600.0,2900.0
SYNTH-26-29-1-Topic-4-Cell-2,1,26.0,29.0,2619.6357488094313,2878.5655098336138
SYNTH-26-29-1-Topic-4-Cell-3,1,26.0,29.0,2559.047797432964,2903.594037410554
SYNTH-26-29-1-Topic-4-Cell-4,1,26.0,29.0,2639.956832412776,2930.634156484835
SYNTH-26-29-1-Topic-8-Cell-5,1,26.0,29.0,2589.8734502809575,2842.750956420323
SYNTH-26-30-1-Topic-7-Cell-1,1,26.0,30.0,2600.0,3000.0
SYNTH-26-30-1-Topic-7-Cell-2,1,26.0,30.0,2619.6357488094313,2978.5655098336138
SYNTH-26-30-1-Topic-8-Cell-3,1,26.0,30.0,2559.047797432964,3003.594037410554
SYNTH-26-30-1-Topic-8-Cell-4,1,26.0,30.0,2639.956832412776,3030.634156484835
SYNTH-26-30-1-Topic-8-Cell-5,1,26.0,30.0,2589.8734502809575,2942.750956420323
SYNTH-26-31-1-Topic-4-Cell-1,1,26.0,31.0,2600.0,3100.0
SYNTH-26-31-1-Topic-4-Cell-2,1,26.0,31.0,2619.6357488094313,3078.5655098336138
SYNTH-26-31-1-Topic-8-Cell-3,1,26.0,31.0,2559.047797432964,3103.594037410554
SYNTH-26-31-1-Topic-8-Cell-4,1,26.0,31.0,2639.956832412776,3130.634156484835
SYNTH-26-31-1-Topic-8-Cell-5,1,26.0,31.0,2589.8734502809575,3042.750956420323
SYNTH-26-32-1-Topic-0-Cell-1,1,26.0,32.0,2600.0,3200.0
SYNTH-26-32-1-Topic-0-Cell-2,1,26.0,32.0,2617.924904260718,3180.4330770454126
SYNTH-26-32-1-Topic-0-Cell-3,1,26.0,32.0,2562.615924790856,3203.2808922704635
SYNTH-26-32-1-Topic-0-Cell-4,1,26.0,32.0,2636.475430731551,3227.965030894812
SYNTH-26-32-1-Topic-8-Cell-5,1,26.0,32.0,2590.755767148638,3147.7390123930245
SYNTH-26-32-1-Topic-8-Cell-6,1,26.0,32.0,2568.152376652497,3250.065579198177
SYNTH-26-33-1-Topic-0-Cell-1,1,26.0,33.0,2600.0,3300.0
SYNTH-26-33-1-Topic-8-Cell-2,1,26.0,33.0,2617.924904260718,3280.4330770454126
SYNTH-26-33-1-Topic-8-Cell-3,1,26.0,33.0,2562.615924790856,3303.2808922704635
SYNTH-26-33-1-Topic-8-Cell-4,1,26.0,33.0,2636.475430731551,3327.965030894812
SYNTH-26-33-1-Topic-8-Cell-5,1,26.0,33.0,2590.755767148638,3247.7390123930245
SYNTH-26-33-1-Topic-8-Cell-6,1,26.0,33.0,2568.152376652497,3350.065579198177
SYNTH-26-34-1-Topic-0-Cell-1,1,26.0,34.0,2600.0,3400.0
SYNTH-26-34-1-Topic-7-Cell-2,1,26.0,34.0,2619.6357488094313,3378.5655098336138
SYNTH-26-34-1-Topic-7-Cell-3,1,26.0,34.0,2559.047797432964,3403.594037410554
SYNTH-26-34-1-Topic-8-Cell-4,1,26.0,34.0,2639.956832412776,3430.634156484835
SYNTH-26-34-1-Topic-8-Cell-5,1,26.0,34.0,2589.8734502809575,3342.750956420323
SYNTH-26-35-1-Topic-2-Cell-1,1,26.0,35.0,2600.0,3500.0
SYNTH-26-35-1-Topic-2-Cell-2,1,26.0,35.0,2621.9534345634997,3476.0355114624545
SYNTH-26-35-1-Topic-4-Cell-3,1,26.0,35.0,2554.214045615883,3504.018255981838
SYNTH-26-35-1-Topic-8-Cell-4,1,26.0,35.0,2644.6730967202666,3534.2500281667285
SYNTH-26-36-1-Topic-0-Cell-1,1,26.0,36.0,2600.0,3600.0
SYNTH-26-36-1-Topic-0-Cell-2,1,26.0,36.0,2619.6357488094313,3578.5655098336138
SYNTH-26-36-1-Topic-4-Cell-3,1,26.0,36.0,2559.047797432964,3603.594037410554
SYNTH-26-36-1-Topic-8-Cell-4,1,26.0,36.0,2639.956832412776,3630.634156484835
SYNTH-26-36-1-Topic-9-Cell-5,1,26.0,36.0,2589.8734502809575,3542.750956420323
SYNTH-26-37-1-Topic-0-Cell-1,1,26.0,37.0,2600.0,3700.0
SYNTH-26-37-1-Topic-0-Cell-2,1,26.0,37.0,2617.924904260718,3680.4330770454126
SYNTH-26-37-1-Topic-0-Cell-3,1,26.0,37.0,2562.615924790856,3703.2808922704635
SYNTH-26-37-1-Topic-8-Cell-4,1,26.0,37.0,2636.475430731551,3727.965030894812
SYNTH-26-37-1-Topic-8-Cell-5,1,26.0,37.0,2590.755767148638,3647.7390123930245
SYNTH-26-37-1-Topic-8-Cell-6,1,26.0,37.0,2568.152376652497,3750.065579198177
SYNTH-26-38-1-Topic-7-Cell-1,1,26.0,38.0,2600.0,3800.0
SYNTH-26-38-1-Topic-7-Cell-2,1,26.0,38.0,2625.3496427097466,3772.328192183713
SYNTH-26-38-1-Topic-7-Cell-3,1,26.0,38.0,2547.1309338224523,3804.6398823455743
SYNTH-26-39-1-Topic-7-Cell-1,1,26.0,39.0,2600.0,3900.0
SYNTH-26-39-1-Topic-7-Cell-2,1,26.0,39.0,2619.6357488094313,3878.5655098336138
SYNTH-26-39-1-Topic-8-Cell-3,1,26.0,39.0,2559.047797432964,3903.594037410554
SYNTH-26-39-1-Topic-8-Cell-4,1,26.0,39.0,2639.956832412776,3930.634156484835
SYNTH-26-39-1-Topic-8-Cell-5,1,26.0,39.0,2589.8734502809575,3842.750956420323
SYNTH-26-40-1-Topic-0-Cell-1,1,26.0,40.0,2600.0,4000.0
SYNTH-26-40-1-Topic-7-Cell-2,1,26.0,40.0,2621.9534345634997,3976.0355114624545
SYNTH-26-40-1-Topic-8-Cell-3,1,26.0,40.0,2554.214045615883,4004.018255981838
SYNTH-26-40-1-Topic-8-Cell-4,1,26.0,40.0,2644.6730967202666,4034.2500281667285
SYNTH-26-41-1-Topic-0-Cell-1,1,26.0,41.0,2600.0,4100.0
SYNTH-26-41-1-Topic-7-Cell-2,1,26.0,41.0,2621.9534345634997,4076.0355114624545
SYNTH-26-41-1-Topic-8-Cell-3,1,26.0,41.0,2554.214045615883,4104.018255981839
SYNTH-26-41-1-Topic-8-Cell-4,1,26.0,41.0,2644.6730967202666,4134.250028166729
SYNTH-26-42-1-Topic-0-Cell-1,1,26.0,42.0,2600.0,4200.0
SYNTH-26-42-1-Topic-0-Cell-2,1,26.0,42.0,2619.6357488094313,4178.565509833614
SYNTH-26-42-1-Topic-0-Cell-3,1,26.0,42.0,2559.047797432964,4203.594037410554
SYNTH-26-42-1-Topic-0-Cell-4,1,26.0,42.0,2639.956832412776,4230.634156484835
SYNTH-26-42-1-Topic-8-Cell-5,1,26.0,42.0,2589.8734502809575,4142.750956420323
SYNTH-26-43-1-Topic-7-Cell-1,1,26.0,43.0,2600.0,4300.0
SYNTH-26-43-1-Topic-8-Cell-2,1,26.0,43.0,2619.6357488094313,4278.565509833614
SYNTH-26-43-1-Topic-8-Cell-3,1,26.0,43.0,2559.047797432964,4303.594037410554
SYNTH-26-43-1-Topic-8-Cell-4,1,26.0,43.0,2639.956832412776,4330.634156484835
SYNTH-26-43-1-Topic-8-Cell-5,1,26.0,43.0,2589.8734502809575,4242.750956420323
SYNTH-26-44-1-Topic-0-Cell-1,1,26.0,44.0,2600.0,4400.0
SYNTH-26-44-1-Topic-0-Cell-2,1,26.0,44.0,2619.6357488094313,4378.565509833614
SYNTH-26-44-1-Topic-0-Cell-3,1,26.0,44.0,2559.047797432964,4403.594037410554
SYNTH-26-44-1-Topic-7-Cell-4,1,26.0,44.0,2639.956832412776,4430.634156484835
SYNTH-26-44-1-Topic-8-Cell-5,1,26.0,44.0,2589.8734502809575,4342.750956420323
SYNTH-26-45-1-Topic-7-Cell-1,1,26.0,45.0,2600.0,4500.0
SYNTH-26-45-1-Topic-7-Cell-2,1,26.0,45.0,2621.9534345634997,4476.035511462454
SYNTH-26-45-1-Topic-7-Cell-3,1,26.0,45.0,2554.214045615883,4504.018255981839
SYNTH-26-45-1-Topic-7-Cell-4,1,26.0,45.0,2644.6730967202666,4534.250028166729
SYNTH-26-46-1-Topic-0-Cell-1,1,26.0,46.0,2600.0,4600.0
SYNTH-26-46-1-Topic-0-Cell-2,1,26.0,46.0,2617.924904260718,4580.433077045413
SYNTH-26-46-1-Topic-0-Cell-3,1,26.0,46.0,2562.615924790856,4603.2808922704635
SYNTH-26-46-1-Topic-7-Cell-4,1,26.0,46.0,2636.475430731551,4627.965030894812
SYNTH-26-46-1-Topic-8-Cell-5,1,26.0,46.0,2590.755767148638,4547.7390123930245
SYNTH-26-46-1-Topic-8-Cell-6,1,26.0,46.0,2568.152376652497,4650.065579198177
SYNTH-26-47-1-Topic-7-Cell-1,1,26.0,47.0,2600.0,4700.0
SYNTH-26-47-1-Topic-8-Cell-2,1,26.0,47.0,2619.6357488094313,4678.565509833614
SYNTH-26-47-1-Topic-8-Cell-3,1,26.0,47.0,2559.047797432964,4703.594037410554
SYNTH-26-47-1-Topic-10-Cell-4,1,26.0,47.0,2639.956832412776,4730.634156484835
SYNTH-26-47-1-Topic-10-Cell-5,1,26.0,47.0,2589.8734502809575,4642.750956420323
SYNTH-26-48-1-Topic-0-Cell-1,1,26.0,48.0,2600.0,4800.0
SYNTH-26-48-1-Topic-0-Cell-2,1,26.0,48.0,2619.6357488094313,4778.565509833614
SYNTH-26-48-1-Topic-0-Cell-3,1,26.0,48.0,2559.047797432964,4803.594037410554
SYNTH-26-48-1-Topic-0-Cell-4,1,26.0,48.0,2639.956832412776,4830.634156484835
SYNTH-26-48-1-Topic-7-Cell-5,1,26.0,48.0,2589.8734502809575,4742.750956420323
SYNTH-26-49-1-Topic-0-Cell-1,1,26.0,49.0,2600.0,4900.0
SYNTH-26-49-1-Topic-0-Cell-2,1,26.0,49.0,2617.924904260718,4880.433077045413
SYNTH-26-49-1-Topic-0-Cell-3,1,26.0,49.0,2562.615924790856,4903.2808922704635
SYNTH-26-49-1-Topic-0-Cell-4,1,26.0,49.0,2636.475430731551,4927.965030894812
SYNTH-26-49-1-Topic-9-Cell-5,1,26.0,49.0,2590.755767148638,4847.7390123930245
SYNTH-26-49-1-Topic-9-Cell-6,1,26.0,49.0,2568.152376652497,4950.065579198177
SYNTH-26-50-1-Topic-0-Cell-1,1,26.0,50.0,2600.0,5000.0
SYNTH-26-50-1-Topic-0-Cell-2,1,26.0,50.0,2617.924904260718,4980.433077045413
SYNTH-26-50-1-Topic-0-Cell-3,1,26.0,50.0,2562.615924790856,5003.2808922704635
SYNTH-26-50-1-Topic-0-Cell-4,1,26.0,50.0,2636.475430731551,5027.965030894812
SYNTH-26-50-1-Topic-0-Cell-5,1,26.0,50.0,2590.755767148638,4947.7390123930245
SYNTH-26-50-1-Topic-0-Cell-6,1,26.0,50.0,2568.152376652497,5050.065579198177
SYNTH-27-1-1-Topic-8-Cell-1,1,27.0,1.0,2700.0,150.0
SYNTH-27-1-1-Topic-9-Cell-2,1,27.0,1.0,2719.6357488094313,128.5655098336136
SYNTH-27-1-1-Topic-9-Cell-3,1,27.0,1.0,2659.047797432964,153.59403741055414
SYNTH-27-1-1-Topic-9-Cell-4,1,27.0,1.0,2739.956832412776,180.63415648483507
SYNTH-27-1-1-Topic-9-Cell-5,1,27.0,1.0,2689.8734502809575,92.75095642032298
SYNTH-27-2-1-Topic-8-Cell-1,1,27.0,2.0,2700.0,250.0
SYNTH-27-2-1-Topic-8-Cell-2,1,27.0,2.0,2721.9534345634997,226.03551146245462
SYNTH-27-2-1-Topic-8-Cell-3,1,27.0,2.0,2654.214045615883,254.0182559818382
SYNTH-27-2-1-Topic-8-Cell-4,1,27.0,2.0,2744.6730967202666,284.2500281667286
SYNTH-27-3-1-Topic-0-Cell-1,1,27.0,3.0,2700.0,350.0
SYNTH-27-3-1-Topic-7-Cell-2,1,27.0,3.0,2719.6357488094313,328.5655098336136
SYNTH-27-3-1-Topic-8-Cell-3,1,27.0,3.0,2659.047797432964,353.59403741055417
SYNTH-27-3-1-Topic-8-Cell-4,1,27.0,3.0,2739.956832412776,380.6341564848351
SYNTH-27-3-1-Topic-8-Cell-5,1,27.0,3.0,2689.8734502809575,292.75095642032295
SYNTH-27-4-1-Topic-8-Cell-1,1,27.0,4.0,2700.0,450.0
SYNTH-27-4-1-Topic-8-Cell-2,1,27.0,4.0,2719.6357488094313,428.5655098336136
SYNTH-27-4-1-Topic-8-Cell-3,1,27.0,4.0,2659.047797432964,453.59403741055417
SYNTH-27-4-1-Topic-8-Cell-4,1,27.0,4.0,2739.956832412776,480.6341564848351
SYNTH-27-4-1-Topic-8-Cell-5,1,27.0,4.0,2689.8734502809575,392.75095642032295
SYNTH-27-5-1-Topic-0-Cell-1,1,27.0,5.0,2700.0,550.0
SYNTH-27-5-1-Topic-0-Cell-2,1,27.0,5.0,2717.924904260718,530.4330770454125
SYNTH-27-5-1-Topic-0-Cell-3,1,27.0,5.0,2662.615924790856,553.2808922704633
SYNTH-27-5-1-Topic-8-Cell-4,1,27.0,5.0,2736.475430731551,577.9650308948122
SYNTH-27-5-1-Topic-8-Cell-5,1,27.0,5.0,2690.755767148638,497.7390123930243
SYNTH-27-5-1-Topic-8-Cell-6,1,27.0,5.0,2668.152376652497,600.0655791981769
SYNTH-27-6-1-Topic-0-Cell-1,1,27.0,6.0,2700.0,650.0
SYNTH-27-6-1-Topic-0-Cell-2,1,27.0,6.0,2719.6357488094313,628.5655098336136
SYNTH-27-6-1-Topic-8-Cell-3,1,27.0,6.0,2659.047797432964,653.5940374105542
SYNTH-27-6-1-Topic-9-Cell-4,1,27.0,6.0,2739.956832412776,680.6341564848351
SYNTH-27-6-1-Topic-9-Cell-5,1,27.0,6.0,2689.8734502809575,592.750956420323
SYNTH-27-7-1-Topic-8-Cell-1,1,27.0,7.0,2700.0,750.0
SYNTH-27-7-1-Topic-9-Cell-2,1,27.0,7.0,2719.6357488094313,728.5655098336136
SYNTH-27-7-1-Topic-9-Cell-3,1,27.0,7.0,2659.047797432964,753.5940374105542
SYNTH-27-7-1-Topic-9-Cell-4,1,27.0,7.0,2739.956832412776,780.6341564848351
SYNTH-27-7-1-Topic-9-Cell-5,1,27.0,7.0,2689.8734502809575,692.750956420323
SYNTH-27-8-1-Topic-0-Cell-1,1,27.0,8.0,2700.0,850.0
SYNTH-27-8-1-Topic-4-Cell-2,1,27.0,8.0,2721.9534345634997,826.0355114624546
SYNTH-27-8-1-Topic-4-Cell-3,1,27.0,8.0,2654.214045615883,854.0182559818381
SYNTH-27-8-1-Topic-8-Cell-4,1,27.0,8.0,2744.6730967202666,884.2500281667286
SYNTH-27-9-1-Topic-0-Cell-1,1,27.0,9.0,2700.0,950.0
SYNTH-27-9-1-Topic-0-Cell-2,1,27.0,9.0,2725.3496427097466,922.328192183713
SYNTH-27-9-1-Topic-8-Cell-3,1,27.0,9.0,2647.1309338224523,954.6398823455742
SYNTH-27-10-1-Topic-0-Cell-1,1,27.0,10.0,2700.0,1050.0
SYNTH-27-10-1-Topic-0-Cell-2,1,27.0,10.0,2721.9534345634997,1026.0355114624547
SYNTH-27-10-1-Topic-0-Cell-3,1,27.0,10.0,2654.214045615883,1054.0182559818381
SYNTH-27-10-1-Topic-8-Cell-4,1,27.0,10.0,2744.6730967202666,1084.2500281667287
SYNTH-27-11-1-Topic-8-Cell-1,1,27.0,11.0,2700.0,1150.0
SYNTH-27-11-1-Topic-8-Cell-2,1,27.0,11.0,2719.6357488094313,1128.5655098336135
SYNTH-27-11-1-Topic-8-Cell-3,1,27.0,11.0,2659.047797432964,1153.5940374105542
SYNTH-27-11-1-Topic-8-Cell-4,1,27.0,11.0,2739.956832412776,1180.634156484835
SYNTH-27-11-1-Topic-8-Cell-5,1,27.0,11.0,2689.8734502809575,1092.750956420323
SYNTH-27-12-1-Topic-0-Cell-1,1,27.0,12.0,2700.0,1250.0
SYNTH-27-12-1-Topic-8-Cell-2,1,27.0,12.0,2719.6357488094313,1228.5655098336135
SYNTH-27-12-1-Topic-8-Cell-3,1,27.0,12.0,2659.047797432964,1253.5940374105542
SYNTH-27-12-1-Topic-8-Cell-4,1,27.0,12.0,2739.956832412776,1280.634156484835
SYNTH-27-12-1-Topic-8-Cell-5,1,27.0,12.0,2689.8734502809575,1192.750956420323
SYNTH-27-13-1-Topic-0-Cell-1,1,27.0,13.0,2700.0,1350.0
SYNTH-27-13-1-Topic-0-Cell-2,1,27.0,13.0,2719.6357488094313,1328.5655098336135
SYNTH-27-13-1-Topic-8-Cell-3,1,27.0,13.0,2659.047797432964,1353.5940374105542
SYNTH-27-13-1-Topic-8-Cell-4,1,27.0,13.0,2739.956832412776,1380.634156484835
SYNTH-27-13-1-Topic-9-Cell-5,1,27.0,13.0,2689.8734502809575,1292.750956420323
SYNTH-27-14-1-Topic-0-Cell-1,1,27.0,14.0,2700.0,1450.0
SYNTH-27-14-1-Topic-0-Cell-2,1,27.0,14.0,2719.6357488094313,1428.5655098336135
SYNTH-27-14-1-Topic-8-Cell-3,1,27.0,14.0,2659.047797432964,1453.5940374105542
SYNTH-27-14-1-Topic-8-Cell-4,1,27.0,14.0,2739.956832412776,1480.634156484835
SYNTH-27-14-1-Topic-8-Cell-5,1,27.0,14.0,2689.8734502809575,1392.750956420323
SYNTH-27-15-1-Topic-0-Cell-1,1,27.0,15.0,2700.0,1550.0
SYNTH-27-15-1-Topic-0-Cell-2,1,27.0,15.0,2719.6357488094313,1528.5655098336135
SYNTH-27-15-1-Topic-0-Cell-3,1,27.0,15.0,2659.047797432964,1553.5940374105542
SYNTH-27-15-1-Topic-7-Cell-4,1,27.0,15.0,2739.956832412776,1580.634156484835
SYNTH-27-15-1-Topic-10-Cell-5,1,27.0,15.0,2689.8734502809575,1492.750956420323
SYNTH-27-16-1-Topic-7-Cell-1,1,27.0,16.0,2700.0,1650.0
SYNTH-27-16-1-Topic-7-Cell-2,1,27.0,16.0,2719.6357488094313,1628.5655098336135
SYNTH-27-16-1-Topic-8-Cell-3,1,27.0,16.0,2659.047797432964,1653.5940374105542
SYNTH-27-16-1-Topic-8-Cell-4,1,27.0,16.0,2739.956832412776,1680.634156484835
SYNTH-27-16-1-Topic-8-Cell-5,1,27.0,16.0,2689.8734502809575,1592.750956420323
SYNTH-27-17-1-Topic-0-Cell-1,1,27.0,17.0,2700.0,1750.0
SYNTH-27-17-1-Topic-0-Cell-2,1,27.0,17.0,2721.9534345634997,1726.0355114624547
SYNTH-27-17-1-Topic-0-Cell-3,1,27.0,17.0,2654.214045615883,1754.0182559818381
SYNTH-27-17-1-Topic-9-Cell-4,1,27.0,17.0,2744.6730967202666,1784.2500281667287
SYNTH-27-18-1-Topic-8-Cell-1,1,27.0,18.0,2700.0,1850.0
SYNTH-27-18-1-Topic-8-Cell-2,1,27.0,18.0,2719.6357488094313,1828.5655098336135
SYNTH-27-18-1-Topic-8-Cell-3,1,27.0,18.0,2659.047797432964,1853.5940374105542
SYNTH-27-18-1-Topic-8-Cell-4,1,27.0,18.0,2739.956832412776,1880.634156484835
SYNTH-27-18-1-Topic-8-Cell-5,1,27.0,18.0,2689.8734502809575,1792.750956420323
SYNTH-27-19-1-Topic-0-Cell-1,1,27.0,19.0,2700.0,1950.0
SYNTH-27-19-1-Topic-7-Cell-2,1,27.0,19.0,2721.9534345634997,1926.0355114624547
SYNTH-27-19-1-Topic-7-Cell-3,1,27.0,19.0,2654.214045615883,1954.0182559818381
SYNTH-27-19-1-Topic-10-Cell-4,1,27.0,19.0,2744.6730967202666,1984.2500281667287
SYNTH-27-20-1-Topic-7-Cell-1,1,27.0,20.0,2700.0,2050.0
SYNTH-27-20-1-Topic-8-Cell-2,1,27.0,20.0,2721.9534345634997,2026.0355114624547
SYNTH-27-20-1-Topic-8-Cell-3,1,27.0,20.0,2654.214045615883,2054.018255981838
SYNTH-27-20-1-Topic-8-Cell-4,1,27.0,20.0,2744.6730967202666,2084.2500281667285
SYNTH-27-21-1-Topic-8-Cell-1,1,27.0,21.0,2700.0,2150.0
SYNTH-27-21-1-Topic-8-Cell-2,1,27.0,21.0,2719.6357488094313,2128.5655098336138
SYNTH-27-21-1-Topic-8-Cell-3,1,27.0,21.0,2659.047797432964,2153.594037410554
SYNTH-27-21-1-Topic-8-Cell-4,1,27.0,21.0,2739.956832412776,2180.634156484835
SYNTH-27-21-1-Topic-8-Cell-5,1,27.0,21.0,2689.8734502809575,2092.750956420323
SYNTH-27-22-1-Topic-8-Cell-1,1,27.0,22.0,2700.0,2250.0
SYNTH-27-22-1-Topic-8-Cell-2,1,27.0,22.0,2721.9534345634997,2226.0355114624545
SYNTH-27-22-1-Topic-8-Cell-3,1,27.0,22.0,2654.214045615883,2254.018255981838
SYNTH-27-22-1-Topic-10-Cell-4,1,27.0,22.0,2744.6730967202666,2284.2500281667285
SYNTH-27-23-1-Topic-0-Cell-1,1,27.0,23.0,2700.0,2350.0
SYNTH-27-23-1-Topic-0-Cell-2,1,27.0,23.0,2719.6357488094313,2328.5655098336138
SYNTH-27-23-1-Topic-7-Cell-3,1,27.0,23.0,2659.047797432964,2353.594037410554
SYNTH-27-23-1-Topic-8-Cell-4,1,27.0,23.0,2739.956832412776,2380.634156484835
SYNTH-27-23-1-Topic-8-Cell-5,1,27.0,23.0,2689.8734502809575,2292.750956420323
SYNTH-27-24-1-Topic-7-Cell-1,1,27.0,24.0,2700.0,2450.0
SYNTH-27-24-1-Topic-8-Cell-2,1,27.0,24.0,2719.6357488094313,2428.5655098336138
SYNTH-27-24-1-Topic-8-Cell-3,1,27.0,24.0,2659.047797432964,2453.594037410554
SYNTH-27-24-1-Topic-8-Cell-4,1,27.0,24.0,2739.956832412776,2480.634156484835
SYNTH-27-24-1-Topic-8-Cell-5,1,27.0,24.0,2689.8734502809575,2392.750956420323
SYNTH-27-25-1-Topic-0-Cell-1,1,27.0,25.0,2700.0,2550.0
SYNTH-27-25-1-Topic-7-Cell-2,1,27.0,25.0,2719.6357488094313,2528.5655098336138
SYNTH-27-25-1-Topic-7-Cell-3,1,27.0,25.0,2659.047797432964,2553.594037410554
SYNTH-27-25-1-Topic-7-Cell-4,1,27.0,25.0,2739.956832412776,2580.634156484835
SYNTH-27-25-1-Topic-8-Cell-5,1,27.0,25.0,2689.8734502809575,2492.750956420323
SYNTH-27-26-1-Topic-8-Cell-1,1,27.0,26.0,2700.0,2650.0
SYNTH-27-26-1-Topic-8-Cell-2,1,27.0,26.0,2721.9534345634997,2626.0355114624545
SYNTH-27-26-1-Topic-8-Cell-3,1,27.0,26.0,2654.214045615883,2654.018255981838
SYNTH-27-26-1-Topic-8-Cell-4,1,27.0,26.0,2744.6730967202666,2684.2500281667285
SYNTH-27-27-1-Topic-8-Cell-1,1,27.0,27.0,2700.0,2750.0
SYNTH-27-27-1-Topic-8-Cell-2,1,27.0,27.0,2719.6357488094313,2728.5655098336138
SYNTH-27-27-1-Topic-8-Cell-3,1,27.0,27.0,2659.047797432964,2753.594037410554
SYNTH-27-27-1-Topic-8-Cell-4,1,27.0,27.0,2739.956832412776,2780.634156484835
SYNTH-27-27-1-Topic-8-Cell-5,1,27.0,27.0,2689.8734502809575,2692.750956420323
SYNTH-27-28-1-Topic-0-Cell-1,1,27.0,28.0,2700.0,2850.0
SYNTH-27-28-1-Topic-0-Cell-2,1,27.0,28.0,2719.6357488094313,2828.5655098336138
SYNTH-27-28-1-Topic-8-Cell-3,1,27.0,28.0,2659.047797432964,2853.594037410554
SYNTH-27-28-1-Topic-8-Cell-4,1,27.0,28.0,2739.956832412776,2880.634156484835
SYNTH-27-28-1-Topic-8-Cell-5,1,27.0,28.0,2689.8734502809575,2792.750956420323
SYNTH-27-29-1-Topic-0-Cell-1,1,27.0,29.0,2700.0,2950.0
SYNTH-27-29-1-Topic-0-Cell-2,1,27.0,29.0,2716.5952366510714,2931.884549437942
SYNTH-27-29-1-Topic-0-Cell-3,1,27.0,29.0,2665.3890717599656,2953.0375160091835
SYNTH-27-29-1-Topic-0-Cell-4,1,27.0,29.0,2733.769686919132,2975.8905876931776
SYNTH-27-29-1-Topic-0-Cell-5,1,27.0,29.0,2691.441503419231,2901.6157272394976
SYNTH-27-29-1-Topic-0-Cell-6,1,27.0,29.0,2670.5148301748964,2996.3517195284267
SYNTH-27-29-1-Topic-9-Cell-7,1,27.0,29.0,2758.1150977231787,2934.3774525747567
SYNTH-27-30-1-Topic-0-Cell-1,1,27.0,30.0,2700.0,3050.0
SYNTH-27-30-1-Topic-0-Cell-2,1,27.0,30.0,2717.924904260718,3030.4330770454126
SYNTH-27-30-1-Topic-0-Cell-3,1,27.0,30.0,2662.615924790856,3053.2808922704635
SYNTH-27-30-1-Topic-8-Cell-4,1,27.0,30.0,2736.475430731551,3077.965030894812
SYNTH-27-30-1-Topic-8-Cell-5,1,27.0,30.0,2690.755767148638,2997.7390123930245
SYNTH-27-30-1-Topic-8-Cell-6,1,27.0,30.0,2668.152376652497,3100.065579198177
SYNTH-27-31-1-Topic-0-Cell-1,1,27.0,31.0,2700.0,3150.0
SYNTH-27-31-1-Topic-0-Cell-2,1,27.0,31.0,2717.924904260718,3130.4330770454126
SYNTH-27-31-1-Topic-8-Cell-3,1,27.0,31.0,2662.615924790856,3153.2808922704635
SYNTH-27-31-1-Topic-8-Cell-4,1,27.0,31.0,2736.475430731551,3177.965030894812
SYNTH-27-31-1-Topic-8-Cell-5,1,27.0,31.0,2690.755767148638,3097.7390123930245
SYNTH-27-31-1-Topic-8-Cell-6,1,27.0,31.0,2668.152376652497,3200.065579198177
SYNTH-27-32-1-Topic-0-Cell-1,1,27.0,32.0,2700.0,3250.0
SYNTH-27-32-1-Topic-0-Cell-2,1,27.0,32.0,2717.924904260718,3230.4330770454126
SYNTH-27-32-1-Topic-0-Cell-3,1,27.0,32.0,2662.615924790856,3253.2808922704635
SYNTH-27-32-1-Topic-0-Cell-4,1,27.0,32.0,2736.475430731551,3277.965030894812
SYNTH-27-32-1-Topic-0-Cell-5,1,27.0,32.0,2690.755767148638,3197.7390123930245
SYNTH-27-32-1-Topic-7-Cell-6,1,27.0,32.0,2668.152376652497,3300.065579198177
SYNTH-27-33-1-Topic-0-Cell-1,1,27.0,33.0,2700.0,3350.0
SYNTH-27-33-1-Topic-8-Cell-2,1,27.0,33.0,2719.6357488094313,3328.5655098336138
SYNTH-27-33-1-Topic-8-Cell-3,1,27.0,33.0,2659.047797432964,3353.594037410554
SYNTH-27-33-1-Topic-8-Cell-4,1,27.0,33.0,2739.956832412776,3380.634156484835
SYNTH-27-33-1-Topic-8-Cell-5,1,27.0,33.0,2689.8734502809575,3292.750956420323
SYNTH-27-34-1-Topic-0-Cell-1,1,27.0,34.0,2700.0,3450.0
SYNTH-27-34-1-Topic-2-Cell-2,1,27.0,34.0,2719.6357488094313,3428.5655098336138
SYNTH-27-34-1-Topic-8-Cell-3,1,27.0,34.0,2659.047797432964,3453.594037410554
SYNTH-27-34-1-Topic-9-Cell-4,1,27.0,34.0,2739.956832412776,3480.634156484835
SYNTH-27-34-1-Topic-9-Cell-5,1,27.0,34.0,2689.8734502809575,3392.750956420323
SYNTH-27-35-1-Topic-7-Cell-1,1,27.0,35.0,2700.0,3550.0
SYNTH-27-35-1-Topic-7-Cell-2,1,27.0,35.0,2721.9534345634997,3526.0355114624545
SYNTH-27-35-1-Topic-7-Cell-3,1,27.0,35.0,2654.214045615883,3554.018255981838
SYNTH-27-35-1-Topic-8-Cell-4,1,27.0,35.0,2744.6730967202666,3584.2500281667285
SYNTH-27-36-1-Topic-7-Cell-1,1,27.0,36.0,2700.0,3650.0
SYNTH-27-36-1-Topic-8-Cell-2,1,27.0,36.0,2719.6357488094313,3628.5655098336138
SYNTH-27-36-1-Topic-8-Cell-3,1,27.0,36.0,2659.047797432964,3653.594037410554
SYNTH-27-36-1-Topic-8-Cell-4,1,27.0,36.0,2739.956832412776,3680.634156484835
SYNTH-27-36-1-Topic-8-Cell-5,1,27.0,36.0,2689.8734502809575,3592.750956420323
SYNTH-27-37-1-Topic-0-Cell-1,1,27.0,37.0,2700.0,3750.0
SYNTH-27-37-1-Topic-0-Cell-2,1,27.0,37.0,2719.6357488094313,3728.5655098336138
SYNTH-27-37-1-Topic-8-Cell-3,1,27.0,37.0,2659.047797432964,3753.594037410554
SYNTH-27-37-1-Topic-8-Cell-4,1,27.0,37.0,2739.956832412776,3780.634156484835
SYNTH-27-37-1-Topic-8-Cell-5,1,27.0,37.0,2689.8734502809575,3692.750956420323
SYNTH-27-38-1-Topic-0-Cell-1,1,27.0,38.0,2700.0,3850.0
SYNTH-27-38-1-Topic-8-Cell-2,1,27.0,38.0,2719.6357488094313,3828.5655098336138
SYNTH-27-38-1-Topic-8-Cell-3,1,27.0,38.0,2659.047797432964,3853.594037410554
SYNTH-27-38-1-Topic-8-Cell-4,1,27.0,38.0,2739.956832412776,3880.634156484835
SYNTH-27-38-1-Topic-8-Cell-5,1,27.0,38.0,2689.8734502809575,3792.750956420323
SYNTH-27-39-1-Topic-0-Cell-1,1,27.0,39.0,2700.0,3950.0
SYNTH-27-39-1-Topic-8-Cell-2,1,27.0,39.0,2719.6357488094313,3928.5655098336138
SYNTH-27-39-1-Topic-8-Cell-3,1,27.0,39.0,2659.047797432964,3953.594037410554
SYNTH-27-39-1-Topic-9-Cell-4,1,27.0,39.0,2739.956832412776,3980.634156484835
SYNTH-27-39-1-Topic-9-Cell-5,1,27.0,39.0,2689.8734502809575,3892.750956420323
SYNTH-27-40-1-Topic-0-Cell-1,1,27.0,40.0,2700.0,4050.0
SYNTH-27-40-1-Topic-7-Cell-2,1,27.0,40.0,2717.924904260718,4030.4330770454126
SYNTH-27-40-1-Topic-7-Cell-3,1,27.0,40.0,2662.615924790856,4053.2808922704635
SYNTH-27-40-1-Topic-7-Cell-4,1,27.0,40.0,2736.475430731551,4077.965030894812
SYNTH-27-40-1-Topic-8-Cell-5,1,27.0,40.0,2690.755767148638,3997.7390123930245
SYNTH-27-40-1-Topic-8-Cell-6,1,27.0,40.0,2668.152376652497,4100.065579198177
SYNTH-27-41-1-Topic-0-Cell-1,1,27.0,41.0,2700.0,4150.0
SYNTH-27-41-1-Topic-0-Cell-2,1,27.0,41.0,2719.6357488094313,4128.565509833614
SYNTH-27-41-1-Topic-0-Cell-3,1,27.0,41.0,2659.047797432964,4153.594037410554
SYNTH-27-41-1-Topic-0-Cell-4,1,27.0,41.0,2739.956832412776,4180.634156484835
SYNTH-27-41-1-Topic-8-Cell-5,1,27.0,41.0,2689.8734502809575,4092.750956420323
SYNTH-27-42-1-Topic-4-Cell-1,1,27.0,42.0,2700.0,4250.0
SYNTH-27-42-1-Topic-7-Cell-2,1,27.0,42.0,2721.9534345634997,4226.035511462454
SYNTH-27-42-1-Topic-8-Cell-3,1,27.0,42.0,2654.214045615883,4254.018255981839
SYNTH-27-42-1-Topic-9-Cell-4,1,27.0,42.0,2744.6730967202666,4284.250028166729
SYNTH-27-43-1-Topic-4-Cell-1,1,27.0,43.0,2700.0,4350.0
SYNTH-27-43-1-Topic-4-Cell-2,1,27.0,43.0,2721.9534345634997,4326.035511462454
SYNTH-27-43-1-Topic-7-Cell-3,1,27.0,43.0,2654.214045615883,4354.018255981839
SYNTH-27-43-1-Topic-7-Cell-4,1,27.0,43.0,2744.6730967202666,4384.250028166729
SYNTH-27-44-1-Topic-0-Cell-1,1,27.0,44.0,2700.0,4450.0
SYNTH-27-44-1-Topic-0-Cell-2,1,27.0,44.0,2719.6357488094313,4428.565509833614
SYNTH-27-44-1-Topic-0-Cell-3,1,27.0,44.0,2659.047797432964,4453.594037410554
SYNTH-27-44-1-Topic-8-Cell-4,1,27.0,44.0,2739.956832412776,4480.634156484835
SYNTH-27-44-1-Topic-9-Cell-5,1,27.0,44.0,2689.8734502809575,4392.750956420323
SYNTH-27-45-1-Topic-0-Cell-1,1,27.0,45.0,2700.0,4550.0
SYNTH-27-45-1-Topic-7-Cell-2,1,27.0,45.0,2719.6357488094313,4528.565509833614
SYNTH-27-45-1-Topic-8-Cell-3,1,27.0,45.0,2659.047797432964,4553.594037410554
SYNTH-27-45-1-Topic-8-Cell-4,1,27.0,45.0,2739.956832412776,4580.634156484835
SYNTH-27-45-1-Topic-8-Cell-5,1,27.0,45.0,2689.8734502809575,4492.750956420323
SYNTH-27-46-1-Topic-0-Cell-1,1,27.0,46.0,2700.0,4650.0
SYNTH-27-46-1-Topic-0-Cell-2,1,27.0,46.0,2721.9534345634997,4626.035511462454
SYNTH-27-46-1-Topic-7-Cell-3,1,27.0,46.0,2654.214045615883,4654.018255981839
SYNTH-27-46-1-Topic-7-Cell-4,1,27.0,46.0,2744.6730967202666,4684.250028166729
SYNTH-27-47-1-Topic-8-Cell-1,1,27.0,47.0,2700.0,4750.0
SYNTH-27-47-1-Topic-8-Cell-2,1,27.0,47.0,2719.6357488094313,4728.565509833614
SYNTH-27-47-1-Topic-8-Cell-3,1,27.0,47.0,2659.047797432964,4753.594037410554
SYNTH-27-47-1-Topic-8-Cell-4,1,27.0,47.0,2739.956832412776,4780.634156484835
SYNTH-27-47-1-Topic-8-Cell-5,1,27.0,47.0,2689.8734502809575,4692.750956420323
SYNTH-27-48-1-Topic-8-Cell-1,1,27.0,48.0,2700.0,4850.0
SYNTH-27-48-1-Topic-8-Cell-2,1,27.0,48.0,2719.6357488094313,4828.565509833614
SYNTH-27-48-1-Topic-8-Cell-3,1,27.0,48.0,2659.047797432964,4853.594037410554
SYNTH-27-48-1-Topic-9-Cell-4,1,27.0,48.0,2739.956832412776,4880.634156484835
SYNTH-27-48-1-Topic-9-Cell-5,1,27.0,48.0,2689.8734502809575,4792.750956420323
SYNTH-27-49-1-Topic-8-Cell-1,1,27.0,49.0,2700.0,4950.0
SYNTH-27-49-1-Topic-8-Cell-2,1,27.0,49.0,2719.6357488094313,4928.565509833614
SYNTH-27-49-1-Topic-8-Cell-3,1,27.0,49.0,2659.047797432964,4953.594037410554
SYNTH-27-49-1-Topic-8-Cell-4,1,27.0,49.0,2739.956832412776,4980.634156484835
SYNTH-27-49-1-Topic-10-Cell-5,1,27.0,49.0,2689.8734502809575,4892.750956420323
SYNTH-27-50-1-Topic-8-Cell-1,1,27.0,50.0,2700.0,5050.0
SYNTH-27-50-1-Topic-8-Cell-2,1,27.0,50.0,2721.9534345634997,5026.035511462454
SYNTH-27-50-1-Topic-8-Cell-3,1,27.0,50.0,2654.214045615883,5054.018255981839
SYNTH-27-50-1-Topic-8-Cell-4,1,27.0,50.0,2744.6730967202666,5084.250028166729
SYNTH-28-1-1-Topic-7-Cell-1,1,28.0,1.0,2800.0,100.0
SYNTH-28-1-1-Topic-7-Cell-2,1,28.0,1.0,2821.9534345634997,76.03551146245461
SYNTH-28-1-1-Topic-7-Cell-3,1,28.0,1.0,2754.214045615883,104.0182559818382
SYNTH-28-1-1-Topic-7-Cell-4,1,28.0,1.0,2844.6730967202666,134.2500281667286
SYNTH-28-2-1-Topic-0-Cell-1,1,28.0,2.0,2800.0,200.0
SYNTH-28-2-1-Topic-0-Cell-2,1,28.0,2.0,2819.6357488094313,178.5655098336136
SYNTH-28-2-1-Topic-8-Cell-3,1,28.0,2.0,2759.047797432964,203.59403741055414
SYNTH-28-2-1-Topic-8-Cell-4,1,28.0,2.0,2839.956832412776,230.63415648483507
SYNTH-28-2-1-Topic-8-Cell-5,1,28.0,2.0,2789.8734502809575,142.75095642032298
SYNTH-28-3-1-Topic-7-Cell-1,1,28.0,3.0,2800.0,300.0
SYNTH-28-3-1-Topic-8-Cell-2,1,28.0,3.0,2819.6357488094313,278.5655098336136
SYNTH-28-3-1-Topic-8-Cell-3,1,28.0,3.0,2759.047797432964,303.59403741055417
SYNTH-28-3-1-Topic-8-Cell-4,1,28.0,3.0,2839.956832412776,330.6341564848351
SYNTH-28-3-1-Topic-8-Cell-5,1,28.0,3.0,2789.8734502809575,242.75095642032298
SYNTH-28-4-1-Topic-4-Cell-1,1,28.0,4.0,2800.0,400.0
SYNTH-28-4-1-Topic-4-Cell-2,1,28.0,4.0,2819.6357488094313,378.5655098336136
SYNTH-28-4-1-Topic-8-Cell-3,1,28.0,4.0,2759.047797432964,403.59403741055417
SYNTH-28-4-1-Topic-9-Cell-4,1,28.0,4.0,2839.956832412776,430.6341564848351
SYNTH-28-4-1-Topic-9-Cell-5,1,28.0,4.0,2789.8734502809575,342.75095642032295
SYNTH-28-5-1-Topic-7-Cell-1,1,28.0,5.0,2800.0,500.0
SYNTH-28-5-1-Topic-7-Cell-2,1,28.0,5.0,2821.9534345634997,476.0355114624546
SYNTH-28-5-1-Topic-8-Cell-3,1,28.0,5.0,2754.214045615883,504.0182559818382
SYNTH-28-5-1-Topic-8-Cell-4,1,28.0,5.0,2844.6730967202666,534.2500281667286
SYNTH-28-6-1-Topic-0-Cell-1,1,28.0,6.0,2800.0,600.0
SYNTH-28-6-1-Topic-8-Cell-2,1,28.0,6.0,2819.6357488094313,578.5655098336136
SYNTH-28-6-1-Topic-8-Cell-3,1,28.0,6.0,2759.047797432964,603.5940374105542
SYNTH-28-6-1-Topic-8-Cell-4,1,28.0,6.0,2839.956832412776,630.6341564848351
SYNTH-28-6-1-Topic-8-Cell-5,1,28.0,6.0,2789.8734502809575,542.750956420323
SYNTH-28-7-1-Topic-0-Cell-1,1,28.0,7.0,2800.0,700.0
SYNTH-28-7-1-Topic-0-Cell-2,1,28.0,7.0,2819.6357488094313,678.5655098336136
SYNTH-28-7-1-Topic-0-Cell-3,1,28.0,7.0,2759.047797432964,703.5940374105542
SYNTH-28-7-1-Topic-4-Cell-4,1,28.0,7.0,2839.956832412776,730.6341564848351
SYNTH-28-7-1-Topic-4-Cell-5,1,28.0,7.0,2789.8734502809575,642.750956420323
SYNTH-28-8-1-Topic-0-Cell-1,1,28.0,8.0,2800.0,800.0
SYNTH-28-8-1-Topic-0-Cell-2,1,28.0,8.0,2819.6357488094313,778.5655098336136
SYNTH-28-8-1-Topic-7-Cell-3,1,28.0,8.0,2759.047797432964,803.5940374105542
SYNTH-28-8-1-Topic-8-Cell-4,1,28.0,8.0,2839.956832412776,830.6341564848351
SYNTH-28-8-1-Topic-8-Cell-5,1,28.0,8.0,2789.8734502809575,742.750956420323
SYNTH-28-9-1-Topic-0-Cell-1,1,28.0,9.0,2800.0,900.0
SYNTH-28-9-1-Topic-7-Cell-2,1,28.0,9.0,2819.6357488094313,878.5655098336136
SYNTH-28-9-1-Topic-8-Cell-3,1,28.0,9.0,2759.047797432964,903.5940374105542
SYNTH-28-9-1-Topic-8-Cell-4,1,28.0,9.0,2839.956832412776,930.6341564848351
SYNTH-28-9-1-Topic-8-Cell-5,1,28.0,9.0,2789.8734502809575,842.750956420323
SYNTH-28-10-1-Topic-8-Cell-1,1,28.0,10.0,2800.0,1000.0
SYNTH-28-10-1-Topic-8-Cell-2,1,28.0,10.0,2819.6357488094313,978.5655098336136
SYNTH-28-10-1-Topic-8-Cell-3,1,28.0,10.0,2759.047797432964,1003.5940374105542
SYNTH-28-10-1-Topic-8-Cell-4,1,28.0,10.0,2839.956832412776,1030.634156484835
SYNTH-28-10-1-Topic-8-Cell-5,1,28.0,10.0,2789.8734502809575,942.750956420323
SYNTH-28-11-1-Topic-4-Cell-1,1,28.0,11.0,2800.0,1100.0
SYNTH-28-11-1-Topic-4-Cell-2,1,28.0,11.0,2821.9534345634997,1076.0355114624547
SYNTH-28-11-1-Topic-4-Cell-3,1,28.0,11.0,2754.214045615883,1104.0182559818381
SYNTH-28-11-1-Topic-7-Cell-4,1,28.0,11.0,2844.6730967202666,1134.2500281667287
SYNTH-28-12-1-Topic-0-Cell-1,1,28.0,12.0,2800.0,1200.0
SYNTH-28-12-1-Topic-7-Cell-2,1,28.0,12.0,2821.9534345634997,1176.0355114624547
SYNTH-28-12-1-Topic-8-Cell-3,1,28.0,12.0,2754.214045615883,1204.0182559818381
SYNTH-28-12-1-Topic-8-Cell-4,1,28.0,12.0,2844.6730967202666,1234.2500281667287
SYNTH-28-13-1-Topic-0-Cell-1,1,28.0,13.0,2800.0,1300.0
SYNTH-28-13-1-Topic-8-Cell-2,1,28.0,13.0,2819.6357488094313,1278.5655098336135
SYNTH-28-13-1-Topic-8-Cell-3,1,28.0,13.0,2759.047797432964,1303.5940374105542
SYNTH-28-13-1-Topic-8-Cell-4,1,28.0,13.0,2839.956832412776,1330.634156484835
SYNTH-28-13-1-Topic-8-Cell-5,1,28.0,13.0,2789.8734502809575,1242.750956420323
SYNTH-28-14-1-Topic-0-Cell-1,1,28.0,14.0,2800.0,1400.0
SYNTH-28-14-1-Topic-0-Cell-2,1,28.0,14.0,2817.924904260718,1380.4330770454126
SYNTH-28-14-1-Topic-0-Cell-3,1,28.0,14.0,2762.615924790856,1403.2808922704633
SYNTH-28-14-1-Topic-0-Cell-4,1,28.0,14.0,2836.475430731551,1427.9650308948123
SYNTH-28-14-1-Topic-4-Cell-5,1,28.0,14.0,2790.755767148638,1347.7390123930243
SYNTH-28-14-1-Topic-8-Cell-6,1,28.0,14.0,2768.152376652497,1450.065579198177
SYNTH-28-15-1-Topic-8-Cell-1,1,28.0,15.0,2800.0,1500.0
SYNTH-28-15-1-Topic-8-Cell-2,1,28.0,15.0,2821.9534345634997,1476.0355114624547
SYNTH-28-15-1-Topic-8-Cell-3,1,28.0,15.0,2754.214045615883,1504.0182559818381
SYNTH-28-15-1-Topic-8-Cell-4,1,28.0,15.0,2844.6730967202666,1534.2500281667287
SYNTH-28-16-1-Topic-8-Cell-1,1,28.0,16.0,2800.0,1600.0
SYNTH-28-16-1-Topic-8-Cell-2,1,28.0,16.0,2821.9534345634997,1576.0355114624547
SYNTH-28-16-1-Topic-9-Cell-3,1,28.0,16.0,2754.214045615883,1604.0182559818381
SYNTH-28-16-1-Topic-9-Cell-4,1,28.0,16.0,2844.6730967202666,1634.2500281667287
SYNTH-28-17-1-Topic-3-Cell-1,1,28.0,17.0,2800.0,1700.0
SYNTH-28-17-1-Topic-3-Cell-2,1,28.0,17.0,2819.6357488094313,1678.5655098336135
SYNTH-28-17-1-Topic-3-Cell-3,1,28.0,17.0,2759.047797432964,1703.5940374105542
SYNTH-28-17-1-Topic-3-Cell-4,1,28.0,17.0,2839.956832412776,1730.634156484835
SYNTH-28-17-1-Topic-3-Cell-5,1,28.0,17.0,2789.8734502809575,1642.750956420323
SYNTH-28-18-1-Topic-8-Cell-1,1,28.0,18.0,2800.0,1800.0
SYNTH-28-18-1-Topic-8-Cell-2,1,28.0,18.0,2819.6357488094313,1778.5655098336135
SYNTH-28-18-1-Topic-8-Cell-3,1,28.0,18.0,2759.047797432964,1803.5940374105542
SYNTH-28-18-1-Topic-8-Cell-4,1,28.0,18.0,2839.956832412776,1830.634156484835
SYNTH-28-18-1-Topic-8-Cell-5,1,28.0,18.0,2789.8734502809575,1742.750956420323
SYNTH-28-19-1-Topic-0-Cell-1,1,28.0,19.0,2800.0,1900.0
SYNTH-28-19-1-Topic-0-Cell-2,1,28.0,19.0,2819.6357488094313,1878.5655098336135
SYNTH-28-19-1-Topic-8-Cell-3,1,28.0,19.0,2759.047797432964,1903.5940374105542
SYNTH-28-19-1-Topic-8-Cell-4,1,28.0,19.0,2839.956832412776,1930.634156484835
SYNTH-28-19-1-Topic-8-Cell-5,1,28.0,19.0,2789.8734502809575,1842.750956420323
SYNTH-28-20-1-Topic-0-Cell-1,1,28.0,20.0,2800.0,2000.0
SYNTH-28-20-1-Topic-0-Cell-2,1,28.0,20.0,2819.6357488094313,1978.5655098336135
SYNTH-28-20-1-Topic-8-Cell-3,1,28.0,20.0,2759.047797432964,2003.5940374105542
SYNTH-28-20-1-Topic-8-Cell-4,1,28.0,20.0,2839.956832412776,2030.634156484835
SYNTH-28-20-1-Topic-8-Cell-5,1,28.0,20.0,2789.8734502809575,1942.750956420323
SYNTH-28-21-1-Topic-4-Cell-1,1,28.0,21.0,2800.0,2100.0
SYNTH-28-21-1-Topic-4-Cell-2,1,28.0,21.0,2821.9534345634997,2076.0355114624545
SYNTH-28-21-1-Topic-8-Cell-3,1,28.0,21.0,2754.214045615883,2104.018255981838
SYNTH-28-21-1-Topic-8-Cell-4,1,28.0,21.0,2844.6730967202666,2134.2500281667285
SYNTH-28-22-1-Topic-1-Cell-1,1,28.0,22.0,2800.0,2200.0
SYNTH-28-22-1-Topic-1-Cell-2,1,28.0,22.0,2821.9534345634997,2176.0355114624545
SYNTH-28-22-1-Topic-8-Cell-3,1,28.0,22.0,2754.214045615883,2204.018255981838
SYNTH-28-22-1-Topic-8-Cell-4,1,28.0,22.0,2844.6730967202666,2234.2500281667285
SYNTH-28-23-1-Topic-0-Cell-1,1,28.0,23.0,2800.0,2300.0
SYNTH-28-23-1-Topic-0-Cell-2,1,28.0,23.0,2816.5952366510714,2281.884549437942
SYNTH-28-23-1-Topic-0-Cell-3,1,28.0,23.0,2765.3890717599656,2303.0375160091835
SYNTH-28-23-1-Topic-9-Cell-4,1,28.0,23.0,2833.769686919132,2325.8905876931776
SYNTH-28-23-1-Topic-9-Cell-5,1,28.0,23.0,2791.441503419231,2251.6157272394976
SYNTH-28-23-1-Topic-9-Cell-6,1,28.0,23.0,2770.5148301748964,2346.3517195284267
SYNTH-28-23-1-Topic-10-Cell-7,1,28.0,23.0,2858.1150977231787,2284.3774525747567
SYNTH-28-24-1-Topic-0-Cell-1,1,28.0,24.0,2800.0,2400.0
SYNTH-28-24-1-Topic-7-Cell-2,1,28.0,24.0,2817.924904260718,2380.4330770454126
SYNTH-28-24-1-Topic-7-Cell-3,1,28.0,24.0,2762.615924790856,2403.2808922704635
SYNTH-28-24-1-Topic-8-Cell-4,1,28.0,24.0,2836.475430731551,2427.965030894812
SYNTH-28-24-1-Topic-9-Cell-5,1,28.0,24.0,2790.755767148638,2347.7390123930245
SYNTH-28-24-1-Topic-9-Cell-6,1,28.0,24.0,2768.152376652497,2450.065579198177
SYNTH-28-25-1-Topic-0-Cell-1,1,28.0,25.0,2800.0,2500.0
SYNTH-28-25-1-Topic-0-Cell-2,1,28.0,25.0,2817.924904260718,2480.4330770454126
SYNTH-28-25-1-Topic-7-Cell-3,1,28.0,25.0,2762.615924790856,2503.2808922704635
SYNTH-28-25-1-Topic-7-Cell-4,1,28.0,25.0,2836.475430731551,2527.965030894812
SYNTH-28-25-1-Topic-7-Cell-5,1,28.0,25.0,2790.755767148638,2447.7390123930245
SYNTH-28-25-1-Topic-7-Cell-6,1,28.0,25.0,2768.152376652497,2550.065579198177
SYNTH-28-26-1-Topic-0-Cell-1,1,28.0,26.0,2800.0,2600.0
SYNTH-28-26-1-Topic-7-Cell-2,1,28.0,26.0,2819.6357488094313,2578.5655098336138
SYNTH-28-26-1-Topic-7-Cell-3,1,28.0,26.0,2759.047797432964,2603.594037410554
SYNTH-28-26-1-Topic-8-Cell-4,1,28.0,26.0,2839.956832412776,2630.634156484835
SYNTH-28-26-1-Topic-8-Cell-5,1,28.0,26.0,2789.8734502809575,2542.750956420323
SYNTH-28-27-1-Topic-8-Cell-1,1,28.0,27.0,2800.0,2700.0
SYNTH-28-27-1-Topic-8-Cell-2,1,28.0,27.0,2825.3496427097466,2672.328192183713
SYNTH-28-27-1-Topic-9-Cell-3,1,28.0,27.0,2747.1309338224523,2704.6398823455743
SYNTH-28-28-1-Topic-9-Cell-1,1,28.0,28.0,2800.0,2800.0
SYNTH-28-28-1-Topic-9-Cell-2,1,28.0,28.0,2821.9534345634997,2776.0355114624545
SYNTH-28-28-1-Topic-9-Cell-3,1,28.0,28.0,2754.214045615883,2804.018255981838
SYNTH-28-28-1-Topic-9-Cell-4,1,28.0,28.0,2844.6730967202666,2834.2500281667285
SYNTH-28-29-1-Topic-8-Cell-1,1,28.0,29.0,2800.0,2900.0
SYNTH-28-29-1-Topic-8-Cell-2,1,28.0,29.0,2825.3496427097466,2872.328192183713
SYNTH-28-29-1-Topic-8-Cell-3,1,28.0,29.0,2747.1309338224523,2904.6398823455743
SYNTH-28-30-1-Topic-8-Cell-1,1,28.0,30.0,2800.0,3000.0
SYNTH-28-30-1-Topic-8-Cell-2,1,28.0,30.0,2821.9534345634997,2976.0355114624545
SYNTH-28-30-1-Topic-8-Cell-3,1,28.0,30.0,2754.214045615883,3004.018255981838
SYNTH-28-30-1-Topic-8-Cell-4,1,28.0,30.0,2844.6730967202666,3034.2500281667285
SYNTH-28-31-1-Topic-7-Cell-1,1,28.0,31.0,2800.0,3100.0
SYNTH-28-31-1-Topic-7-Cell-2,1,28.0,31.0,2825.3496427097466,3072.328192183713
SYNTH-28-31-1-Topic-7-Cell-3,1,28.0,31.0,2747.1309338224523,3104.6398823455743
SYNTH-28-32-1-Topic-0-Cell-1,1,28.0,32.0,2800.0,3200.0
SYNTH-28-32-1-Topic-0-Cell-2,1,28.0,32.0,2819.6357488094313,3178.5655098336138
SYNTH-28-32-1-Topic-7-Cell-3,1,28.0,32.0,2759.047797432964,3203.594037410554
SYNTH-28-32-1-Topic-8-Cell-4,1,28.0,32.0,2839.956832412776,3230.634156484835
SYNTH-28-32-1-Topic-8-Cell-5,1,28.0,32.0,2789.8734502809575,3142.750956420323
SYNTH-28-33-1-Topic-8-Cell-1,1,28.0,33.0,2800.0,3300.0
SYNTH-28-33-1-Topic-8-Cell-2,1,28.0,33.0,2825.3496427097466,3272.328192183713
SYNTH-28-33-1-Topic-8-Cell-3,1,28.0,33.0,2747.1309338224523,3304.6398823455743
SYNTH-28-34-1-Topic-7-Cell-1,1,28.0,34.0,2800.0,3400.0
SYNTH-28-34-1-Topic-7-Cell-2,1,28.0,34.0,2821.9534345634997,3376.0355114624545
SYNTH-28-34-1-Topic-7-Cell-3,1,28.0,34.0,2754.214045615883,3404.018255981838
SYNTH-28-34-1-Topic-8-Cell-4,1,28.0,34.0,2844.6730967202666,3434.2500281667285
SYNTH-28-35-1-Topic-8-Cell-1,1,28.0,35.0,2800.0,3500.0
SYNTH-28-35-1-Topic-8-Cell-2,1,28.0,35.0,2819.6357488094313,3478.5655098336138
SYNTH-28-35-1-Topic-8-Cell-3,1,28.0,35.0,2759.047797432964,3503.594037410554
SYNTH-28-35-1-Topic-8-Cell-4,1,28.0,35.0,2839.956832412776,3530.634156484835
SYNTH-28-35-1-Topic-8-Cell-5,1,28.0,35.0,2789.8734502809575,3442.750956420323
SYNTH-28-36-1-Topic-0-Cell-1,1,28.0,36.0,2800.0,3600.0
SYNTH-28-36-1-Topic-8-Cell-2,1,28.0,36.0,2819.6357488094313,3578.5655098336138
SYNTH-28-36-1-Topic-8-Cell-3,1,28.0,36.0,2759.047797432964,3603.594037410554
SYNTH-28-36-1-Topic-8-Cell-4,1,28.0,36.0,2839.956832412776,3630.634156484835
SYNTH-28-36-1-Topic-10-Cell-5,1,28.0,36.0,2789.8734502809575,3542.750956420323
SYNTH-28-37-1-Topic-0-Cell-1,1,28.0,37.0,2800.0,3700.0
SYNTH-28-37-1-Topic-9-Cell-2,1,28.0,37.0,2817.924904260718,3680.4330770454126
SYNTH-28-37-1-Topic-9-Cell-3,1,28.0,37.0,2762.615924790856,3703.2808922704635
SYNTH-28-37-1-Topic-9-Cell-4,1,28.0,37.0,2836.475430731551,3727.965030894812
SYNTH-28-37-1-Topic-9-Cell-5,1,28.0,37.0,2790.755767148638,3647.7390123930245
SYNTH-28-37-1-Topic-9-Cell-6,1,28.0,37.0,2768.152376652497,3750.065579198177
SYNTH-28-38-1-Topic-7-Cell-1,1,28.0,38.0,2800.0,3800.0
SYNTH-28-38-1-Topic-8-Cell-2,1,28.0,38.0,2821.9534345634997,3776.0355114624545
SYNTH-28-38-1-Topic-8-Cell-3,1,28.0,38.0,2754.214045615883,3804.018255981838
SYNTH-28-38-1-Topic-8-Cell-4,1,28.0,38.0,2844.6730967202666,3834.2500281667285
SYNTH-28-39-1-Topic-8-Cell-1,1,28.0,39.0,2800.0,3900.0
SYNTH-28-39-1-Topic-8-Cell-2,1,28.0,39.0,2819.6357488094313,3878.5655098336138
SYNTH-28-39-1-Topic-8-Cell-3,1,28.0,39.0,2759.047797432964,3903.594037410554
SYNTH-28-39-1-Topic-8-Cell-4,1,28.0,39.0,2839.956832412776,3930.634156484835
SYNTH-28-39-1-Topic-8-Cell-5,1,28.0,39.0,2789.8734502809575,3842.750956420323
SYNTH-28-40-1-Topic-7-Cell-1,1,28.0,40.0,2800.0,4000.0
SYNTH-28-40-1-Topic-8-Cell-2,1,28.0,40.0,2821.9534345634997,3976.0355114624545
SYNTH-28-40-1-Topic-8-Cell-3,1,28.0,40.0,2754.214045615883,4004.018255981838
SYNTH-28-40-1-Topic-9-Cell-4,1,28.0,40.0,2844.6730967202666,4034.2500281667285
SYNTH-28-41-1-Topic-4-Cell-1,1,28.0,41.0,2800.0,4100.0
SYNTH-28-41-1-Topic-7-Cell-2,1,28.0,41.0,2819.6357488094313,4078.5655098336138
SYNTH-28-41-1-Topic-8-Cell-3,1,28.0,41.0,2759.047797432964,4103.594037410554
SYNTH-28-41-1-Topic-8-Cell-4,1,28.0,41.0,2839.956832412776,4130.634156484835
SYNTH-28-41-1-Topic-10-Cell-5,1,28.0,41.0,2789.8734502809575,4042.750956420323
SYNTH-28-42-1-Topic-0-Cell-1,1,28.0,42.0,2800.0,4200.0
SYNTH-28-42-1-Topic-0-Cell-2,1,28.0,42.0,2817.924904260718,4180.433077045413
SYNTH-28-42-1-Topic-0-Cell-3,1,28.0,42.0,2762.615924790856,4203.2808922704635
SYNTH-28-42-1-Topic-0-Cell-4,1,28.0,42.0,2836.475430731551,4227.965030894812
SYNTH-28-42-1-Topic-0-Cell-5,1,28.0,42.0,2790.755767148638,4147.7390123930245
SYNTH-28-42-1-Topic-8-Cell-6,1,28.0,42.0,2768.152376652497,4250.065579198177
SYNTH-28-43-1-Topic-8-Cell-1,1,28.0,43.0,2800.0,4300.0
SYNTH-28-43-1-Topic-8-Cell-2,1,28.0,43.0,2819.6357488094313,4278.565509833614
SYNTH-28-43-1-Topic-8-Cell-3,1,28.0,43.0,2759.047797432964,4303.594037410554
SYNTH-28-43-1-Topic-8-Cell-4,1,28.0,43.0,2839.956832412776,4330.634156484835
SYNTH-28-43-1-Topic-8-Cell-5,1,28.0,43.0,2789.8734502809575,4242.750956420323
SYNTH-28-44-1-Topic-0-Cell-1,1,28.0,44.0,2800.0,4400.0
SYNTH-28-44-1-Topic-2-Cell-2,1,28.0,44.0,2817.924904260718,4380.433077045413
SYNTH-28-44-1-Topic-2-Cell-3,1,28.0,44.0,2762.615924790856,4403.2808922704635
SYNTH-28-44-1-Topic-2-Cell-4,1,28.0,44.0,2836.475430731551,4427.965030894812
SYNTH-28-44-1-Topic-8-Cell-5,1,28.0,44.0,2790.755767148638,4347.7390123930245
SYNTH-28-44-1-Topic-9-Cell-6,1,28.0,44.0,2768.152376652497,4450.065579198177
SYNTH-28-45-1-Topic-8-Cell-1,1,28.0,45.0,2800.0,4500.0
SYNTH-28-45-1-Topic-8-Cell-2,1,28.0,45.0,2825.3496427097466,4472.328192183713
SYNTH-28-45-1-Topic-8-Cell-3,1,28.0,45.0,2747.1309338224523,4504.639882345574
SYNTH-28-46-1-Topic-7-Cell-1,1,28.0,46.0,2800.0,4600.0
SYNTH-28-46-1-Topic-8-Cell-2,1,28.0,46.0,2819.6357488094313,4578.565509833614
SYNTH-28-46-1-Topic-8-Cell-3,1,28.0,46.0,2759.047797432964,4603.594037410554
SYNTH-28-46-1-Topic-8-Cell-4,1,28.0,46.0,2839.956832412776,4630.634156484835
SYNTH-28-46-1-Topic-8-Cell-5,1,28.0,46.0,2789.8734502809575,4542.750956420323
SYNTH-28-47-1-Topic-10-Cell-1,1,28.0,47.0,2800.0,4700.0
SYNTH-28-47-1-Topic-10-Cell-2,1,28.0,47.0,2821.9534345634997,4676.035511462454
SYNTH-28-47-1-Topic-10-Cell-3,1,28.0,47.0,2754.214045615883,4704.018255981839
SYNTH-28-47-1-Topic-10-Cell-4,1,28.0,47.0,2844.6730967202666,4734.250028166729
SYNTH-28-48-1-Topic-0-Cell-1,1,28.0,48.0,2800.0,4800.0
SYNTH-28-48-1-Topic-8-Cell-2,1,28.0,48.0,2821.9534345634997,4776.035511462454
SYNTH-28-48-1-Topic-8-Cell-3,1,28.0,48.0,2754.214045615883,4804.018255981839
SYNTH-28-48-1-Topic-8-Cell-4,1,28.0,48.0,2844.6730967202666,4834.250028166729
SYNTH-28-49-1-Topic-0-Cell-1,1,28.0,49.0,2800.0,4900.0
SYNTH-28-49-1-Topic-0-Cell-2,1,28.0,49.0,2819.6357488094313,4878.565509833614
SYNTH-28-49-1-Topic-8-Cell-3,1,28.0,49.0,2759.047797432964,4903.594037410554
SYNTH-28-49-1-Topic-8-Cell-4,1,28.0,49.0,2839.956832412776,4930.634156484835
SYNTH-28-49-1-Topic-8-Cell-5,1,28.0,49.0,2789.8734502809575,4842.750956420323
SYNTH-28-50-1-Topic-0-Cell-1,1,28.0,50.0,2800.0,5000.0
SYNTH-28-50-1-Topic-0-Cell-2,1,28.0,50.0,2819.6357488094313,4978.565509833614
SYNTH-28-50-1-Topic-8-Cell-3,1,28.0,50.0,2759.047797432964,5003.594037410554
SYNTH-28-50-1-Topic-8-Cell-4,1,28.0,50.0,2839.956832412776,5030.634156484835
SYNTH-28-50-1-Topic-8-Cell-5,1,28.0,50.0,2789.8734502809575,4942.750956420323
SYNTH-29-1-1-Topic-0-Cell-1,1,29.0,1.0,2900.0,150.0
SYNTH-29-1-1-Topic-0-Cell-2,1,29.0,1.0,2921.9534345634997,126.03551146245461
SYNTH-29-1-1-Topic-0-Cell-3,1,29.0,1.0,2854.214045615883,154.0182559818382
SYNTH-29-1-1-Topic-7-Cell-4,1,29.0,1.0,2944.6730967202666,184.2500281667286
SYNTH-29-2-1-Topic-0-Cell-1,1,29.0,2.0,2900.0,250.0
SYNTH-29-2-1-Topic-4-Cell-2,1,29.0,2.0,2919.6357488094313,228.5655098336136
SYNTH-29-2-1-Topic-8-Cell-3,1,29.0,2.0,2859.047797432964,253.59403741055414
SYNTH-29-2-1-Topic-8-Cell-4,1,29.0,2.0,2939.956832412776,280.6341564848351
SYNTH-29-2-1-Topic-8-Cell-5,1,29.0,2.0,2889.8734502809575,192.75095642032298
SYNTH-29-3-1-Topic-8-Cell-1,1,29.0,3.0,2900.0,350.0
SYNTH-29-3-1-Topic-8-Cell-2,1,29.0,3.0,2925.3496427097466,322.32819218371293
SYNTH-29-3-1-Topic-8-Cell-3,1,29.0,3.0,2847.1309338224523,354.6398823455742
SYNTH-29-4-1-Topic-0-Cell-1,1,29.0,4.0,2900.0,450.0
SYNTH-29-4-1-Topic-0-Cell-2,1,29.0,4.0,2917.924904260718,430.4330770454125
SYNTH-29-4-1-Topic-8-Cell-3,1,29.0,4.0,2862.615924790856,453.28089227046326
SYNTH-29-4-1-Topic-8-Cell-4,1,29.0,4.0,2936.475430731551,477.96503089481223
SYNTH-29-4-1-Topic-8-Cell-5,1,29.0,4.0,2890.755767148638,397.7390123930243
SYNTH-29-4-1-Topic-8-Cell-6,1,29.0,4.0,2868.152376652497,500.0655791981769
SYNTH-29-5-1-Topic-0-Cell-1,1,29.0,5.0,2900.0,550.0
SYNTH-29-5-1-Topic-4-Cell-2,1,29.0,5.0,2919.6357488094313,528.5655098336136
SYNTH-29-5-1-Topic-7-Cell-3,1,29.0,5.0,2859.047797432964,553.5940374105542
SYNTH-29-5-1-Topic-8-Cell-4,1,29.0,5.0,2939.956832412776,580.6341564848351
SYNTH-29-5-1-Topic-9-Cell-5,1,29.0,5.0,2889.8734502809575,492.75095642032295
SYNTH-29-6-1-Topic-8-Cell-1,1,29.0,6.0,2900.0,650.0
SYNTH-29-6-1-Topic-8-Cell-2,1,29.0,6.0,2921.9534345634997,626.0355114624546
SYNTH-29-6-1-Topic-8-Cell-3,1,29.0,6.0,2854.214045615883,654.0182559818381
SYNTH-29-6-1-Topic-8-Cell-4,1,29.0,6.0,2944.6730967202666,684.2500281667286
SYNTH-29-7-1-Topic-0-Cell-1,1,29.0,7.0,2900.0,750.0
SYNTH-29-7-1-Topic-0-Cell-2,1,29.0,7.0,2919.6357488094313,728.5655098336136
SYNTH-29-7-1-Topic-0-Cell-3,1,29.0,7.0,2859.047797432964,753.5940374105542
SYNTH-29-7-1-Topic-0-Cell-4,1,29.0,7.0,2939.956832412776,780.6341564848351
SYNTH-29-7-1-Topic-8-Cell-5,1,29.0,7.0,2889.8734502809575,692.750956420323
SYNTH-29-8-1-Topic-0-Cell-1,1,29.0,8.0,2900.0,850.0
SYNTH-29-8-1-Topic-0-Cell-2,1,29.0,8.0,2919.6357488094313,828.5655098336136
SYNTH-29-8-1-Topic-0-Cell-3,1,29.0,8.0,2859.047797432964,853.5940374105542
SYNTH-29-8-1-Topic-8-Cell-4,1,29.0,8.0,2939.956832412776,880.6341564848351
SYNTH-29-8-1-Topic-8-Cell-5,1,29.0,8.0,2889.8734502809575,792.750956420323
SYNTH-29-9-1-Topic-0-Cell-1,1,29.0,9.0,2900.0,950.0
SYNTH-29-9-1-Topic-8-Cell-2,1,29.0,9.0,2919.6357488094313,928.5655098336136
SYNTH-29-9-1-Topic-8-Cell-3,1,29.0,9.0,2859.047797432964,953.5940374105542
SYNTH-29-9-1-Topic-8-Cell-4,1,29.0,9.0,2939.956832412776,980.6341564848351
SYNTH-29-9-1-Topic-8-Cell-5,1,29.0,9.0,2889.8734502809575,892.750956420323
SYNTH-29-10-1-Topic-0-Cell-1,1,29.0,10.0,2900.0,1050.0
SYNTH-29-10-1-Topic-8-Cell-2,1,29.0,10.0,2919.6357488094313,1028.5655098336135
SYNTH-29-10-1-Topic-8-Cell-3,1,29.0,10.0,2859.047797432964,1053.5940374105542
SYNTH-29-10-1-Topic-8-Cell-4,1,29.0,10.0,2939.956832412776,1080.634156484835
SYNTH-29-10-1-Topic-8-Cell-5,1,29.0,10.0,2889.8734502809575,992.750956420323
SYNTH-29-11-1-Topic-4-Cell-1,1,29.0,11.0,2900.0,1150.0
SYNTH-29-11-1-Topic-4-Cell-2,1,29.0,11.0,2921.9534345634997,1126.0355114624547
SYNTH-29-11-1-Topic-10-Cell-3,1,29.0,11.0,2854.214045615883,1154.0182559818381
SYNTH-29-11-1-Topic-10-Cell-4,1,29.0,11.0,2944.6730967202666,1184.2500281667287
SYNTH-29-12-1-Topic-0-Cell-1,1,29.0,12.0,2900.0,1250.0
SYNTH-29-12-1-Topic-0-Cell-2,1,29.0,12.0,2917.924904260718,1230.4330770454126
SYNTH-29-12-1-Topic-0-Cell-3,1,29.0,12.0,2862.615924790856,1253.2808922704633
SYNTH-29-12-1-Topic-7-Cell-4,1,29.0,12.0,2936.475430731551,1277.9650308948123
SYNTH-29-12-1-Topic-7-Cell-5,1,29.0,12.0,2890.755767148638,1197.7390123930243
SYNTH-29-12-1-Topic-10-Cell-6,1,29.0,12.0,2868.152376652497,1300.065579198177
SYNTH-29-13-1-Topic-7-Cell-1,1,29.0,13.0,2900.0,1350.0
SYNTH-29-13-1-Topic-7-Cell-2,1,29.0,13.0,2925.3496427097466,1322.3281921837129
SYNTH-29-13-1-Topic-8-Cell-3,1,29.0,13.0,2847.1309338224523,1354.6398823455743
SYNTH-29-14-1-Topic-0-Cell-1,1,29.0,14.0,2900.0,1450.0
SYNTH-29-14-1-Topic-0-Cell-2,1,29.0,14.0,2919.6357488094313,1428.5655098336135
SYNTH-29-14-1-Topic-0-Cell-3,1,29.0,14.0,2859.047797432964,1453.5940374105542
SYNTH-29-14-1-Topic-0-Cell-4,1,29.0,14.0,2939.956832412776,1480.634156484835
SYNTH-29-14-1-Topic-0-Cell-5,1,29.0,14.0,2889.8734502809575,1392.750956420323
SYNTH-29-15-1-Topic-5-Cell-1,1,29.0,15.0,2900.0,1550.0
SYNTH-29-15-1-Topic-5-Cell-2,1,29.0,15.0,2931.046844900371,1516.1090952948687
SYNTH-29-16-1-Topic-4-Cell-1,1,29.0,16.0,2900.0,1650.0
SYNTH-29-16-1-Topic-7-Cell-2,1,29.0,16.0,2919.6357488094313,1628.5655098336135
SYNTH-29-16-1-Topic-7-Cell-3,1,29.0,16.0,2859.047797432964,1653.5940374105542
SYNTH-29-16-1-Topic-7-Cell-4,1,29.0,16.0,2939.956832412776,1680.634156484835
SYNTH-29-16-1-Topic-8-Cell-5,1,29.0,16.0,2889.8734502809575,1592.750956420323
SYNTH-29-17-1-Topic-0-Cell-1,1,29.0,17.0,2900.0,1750.0
SYNTH-29-17-1-Topic-0-Cell-2,1,29.0,17.0,2917.924904260718,1730.4330770454126
SYNTH-29-17-1-Topic-7-Cell-3,1,29.0,17.0,2862.615924790856,1753.2808922704633
SYNTH-29-17-1-Topic-9-Cell-4,1,29.0,17.0,2936.475430731551,1777.9650308948123
SYNTH-29-17-1-Topic-9-Cell-5,1,29.0,17.0,2890.755767148638,1697.7390123930243
SYNTH-29-17-1-Topic-9-Cell-6,1,29.0,17.0,2868.152376652497,1800.065579198177
SYNTH-29-18-1-Topic-0-Cell-1,1,29.0,18.0,2900.0,1850.0
SYNTH-29-18-1-Topic-0-Cell-2,1,29.0,18.0,2917.924904260718,1830.4330770454126
SYNTH-29-18-1-Topic-0-Cell-3,1,29.0,18.0,2862.615924790856,1853.2808922704633
SYNTH-29-18-1-Topic-8-Cell-4,1,29.0,18.0,2936.475430731551,1877.9650308948123
SYNTH-29-18-1-Topic-9-Cell-5,1,29.0,18.0,2890.755767148638,1797.7390123930243
SYNTH-29-18-1-Topic-9-Cell-6,1,29.0,18.0,2868.152376652497,1900.065579198177
SYNTH-29-19-1-Topic-0-Cell-1,1,29.0,19.0,2900.0,1950.0
SYNTH-29-19-1-Topic-4-Cell-2,1,29.0,19.0,2919.6357488094313,1928.5655098336135
SYNTH-29-19-1-Topic-4-Cell-3,1,29.0,19.0,2859.047797432964,1953.5940374105542
SYNTH-29-19-1-Topic-7-Cell-4,1,29.0,19.0,2939.956832412776,1980.634156484835
SYNTH-29-19-1-Topic-9-Cell-5,1,29.0,19.0,2889.8734502809575,1892.750956420323
SYNTH-29-20-1-Topic-0-Cell-1,1,29.0,20.0,2900.0,2050.0
SYNTH-29-20-1-Topic-9-Cell-2,1,29.0,20.0,2919.6357488094313,2028.5655098336135
SYNTH-29-20-1-Topic-9-Cell-3,1,29.0,20.0,2859.047797432964,2053.594037410554
SYNTH-29-20-1-Topic-9-Cell-4,1,29.0,20.0,2939.956832412776,2080.634156484835
SYNTH-29-20-1-Topic-9-Cell-5,1,29.0,20.0,2889.8734502809575,1992.750956420323
SYNTH-29-21-1-Topic-7-Cell-1,1,29.0,21.0,2900.0,2150.0
SYNTH-29-21-1-Topic-7-Cell-2,1,29.0,21.0,2919.6357488094313,2128.5655098336138
SYNTH-29-21-1-Topic-7-Cell-3,1,29.0,21.0,2859.047797432964,2153.594037410554
SYNTH-29-21-1-Topic-7-Cell-4,1,29.0,21.0,2939.956832412776,2180.634156484835
SYNTH-29-21-1-Topic-7-Cell-5,1,29.0,21.0,2889.8734502809575,2092.750956420323
SYNTH-29-22-1-Topic-0-Cell-1,1,29.0,22.0,2900.0,2250.0
SYNTH-29-22-1-Topic-0-Cell-2,1,29.0,22.0,2919.6357488094313,2228.5655098336138
SYNTH-29-22-1-Topic-7-Cell-3,1,29.0,22.0,2859.047797432964,2253.594037410554
SYNTH-29-22-1-Topic-8-Cell-4,1,29.0,22.0,2939.956832412776,2280.634156484835
SYNTH-29-22-1-Topic-8-Cell-5,1,29.0,22.0,2889.8734502809575,2192.750956420323
SYNTH-29-23-1-Topic-7-Cell-1,1,29.0,23.0,2900.0,2350.0
SYNTH-29-23-1-Topic-8-Cell-2,1,29.0,23.0,2919.6357488094313,2328.5655098336138
SYNTH-29-23-1-Topic-8-Cell-3,1,29.0,23.0,2859.047797432964,2353.594037410554
SYNTH-29-23-1-Topic-8-Cell-4,1,29.0,23.0,2939.956832412776,2380.634156484835
SYNTH-29-23-1-Topic-8-Cell-5,1,29.0,23.0,2889.8734502809575,2292.750956420323
SYNTH-29-24-1-Topic-0-Cell-1,1,29.0,24.0,2900.0,2450.0
SYNTH-29-24-1-Topic-0-Cell-2,1,29.0,24.0,2919.6357488094313,2428.5655098336138
SYNTH-29-24-1-Topic-0-Cell-3,1,29.0,24.0,2859.047797432964,2453.594037410554
SYNTH-29-24-1-Topic-8-Cell-4,1,29.0,24.0,2939.956832412776,2480.634156484835
SYNTH-29-24-1-Topic-8-Cell-5,1,29.0,24.0,2889.8734502809575,2392.750956420323
SYNTH-29-25-1-Topic-7-Cell-1,1,29.0,25.0,2900.0,2550.0
SYNTH-29-25-1-Topic-8-Cell-2,1,29.0,25.0,2921.9534345634997,2526.0355114624545
SYNTH-29-25-1-Topic-10-Cell-3,1,29.0,25.0,2854.214045615883,2554.018255981838
SYNTH-29-25-1-Topic-10-Cell-4,1,29.0,25.0,2944.6730967202666,2584.2500281667285
SYNTH-29-26-1-Topic-8-Cell-1,1,29.0,26.0,2900.0,2650.0
SYNTH-29-26-1-Topic-8-Cell-2,1,29.0,26.0,2919.6357488094313,2628.5655098336138
SYNTH-29-26-1-Topic-8-Cell-3,1,29.0,26.0,2859.047797432964,2653.594037410554
SYNTH-29-26-1-Topic-8-Cell-4,1,29.0,26.0,2939.956832412776,2680.634156484835
SYNTH-29-26-1-Topic-8-Cell-5,1,29.0,26.0,2889.8734502809575,2592.750956420323
SYNTH-29-27-1-Topic-7-Cell-1,1,29.0,27.0,2900.0,2750.0
SYNTH-29-27-1-Topic-8-Cell-2,1,29.0,27.0,2921.9534345634997,2726.0355114624545
SYNTH-29-27-1-Topic-10-Cell-3,1,29.0,27.0,2854.214045615883,2754.018255981838
SYNTH-29-27-1-Topic-10-Cell-4,1,29.0,27.0,2944.6730967202666,2784.2500281667285
SYNTH-29-28-1-Topic-7-Cell-1,1,29.0,28.0,2900.0,2850.0
SYNTH-29-28-1-Topic-7-Cell-2,1,29.0,28.0,2925.3496427097466,2822.328192183713
SYNTH-29-28-1-Topic-7-Cell-3,1,29.0,28.0,2847.1309338224523,2854.6398823455743
SYNTH-29-29-1-Topic-0-Cell-1,1,29.0,29.0,2900.0,2950.0
SYNTH-29-29-1-Topic-0-Cell-2,1,29.0,29.0,2919.6357488094313,2928.5655098336138
SYNTH-29-29-1-Topic-0-Cell-3,1,29.0,29.0,2859.047797432964,2953.594037410554
SYNTH-29-29-1-Topic-8-Cell-4,1,29.0,29.0,2939.956832412776,2980.634156484835
SYNTH-29-29-1-Topic-8-Cell-5,1,29.0,29.0,2889.8734502809575,2892.750956420323
SYNTH-29-30-1-Topic-0-Cell-1,1,29.0,30.0,2900.0,3050.0
SYNTH-29-30-1-Topic-0-Cell-2,1,29.0,30.0,2917.924904260718,3030.4330770454126
SYNTH-29-30-1-Topic-0-Cell-3,1,29.0,30.0,2862.615924790856,3053.2808922704635
SYNTH-29-30-1-Topic-7-Cell-4,1,29.0,30.0,2936.475430731551,3077.965030894812
SYNTH-29-30-1-Topic-8-Cell-5,1,29.0,30.0,2890.755767148638,2997.7390123930245
SYNTH-29-30-1-Topic-9-Cell-6,1,29.0,30.0,2868.152376652497,3100.065579198177
SYNTH-29-31-1-Topic-0-Cell-1,1,29.0,31.0,2900.0,3150.0
SYNTH-29-31-1-Topic-3-Cell-2,1,29.0,31.0,2921.9534345634997,3126.0355114624545
SYNTH-29-31-1-Topic-7-Cell-3,1,29.0,31.0,2854.214045615883,3154.018255981838
SYNTH-29-31-1-Topic-8-Cell-4,1,29.0,31.0,2944.6730967202666,3184.2500281667285
SYNTH-29-32-1-Topic-0-Cell-1,1,29.0,32.0,2900.0,3250.0
SYNTH-29-32-1-Topic-0-Cell-2,1,29.0,32.0,2917.924904260718,3230.4330770454126
SYNTH-29-32-1-Topic-0-Cell-3,1,29.0,32.0,2862.615924790856,3253.2808922704635
SYNTH-29-32-1-Topic-0-Cell-4,1,29.0,32.0,2936.475430731551,3277.965030894812
SYNTH-29-32-1-Topic-8-Cell-5,1,29.0,32.0,2890.755767148638,3197.7390123930245
SYNTH-29-32-1-Topic-8-Cell-6,1,29.0,32.0,2868.152376652497,3300.065579198177
SYNTH-29-33-1-Topic-8-Cell-1,1,29.0,33.0,2900.0,3350.0
SYNTH-29-33-1-Topic-8-Cell-2,1,29.0,33.0,2921.9534345634997,3326.0355114624545
SYNTH-29-33-1-Topic-8-Cell-3,1,29.0,33.0,2854.214045615883,3354.018255981838
SYNTH-29-33-1-Topic-8-Cell-4,1,29.0,33.0,2944.6730967202666,3384.2500281667285
SYNTH-29-34-1-Topic-0-Cell-1,1,29.0,34.0,2900.0,3450.0
SYNTH-29-34-1-Topic-0-Cell-2,1,29.0,34.0,2917.924904260718,3430.4330770454126
SYNTH-29-34-1-Topic-2-Cell-3,1,29.0,34.0,2862.615924790856,3453.2808922704635
SYNTH-29-34-1-Topic-7-Cell-4,1,29.0,34.0,2936.475430731551,3477.965030894812
SYNTH-29-34-1-Topic-8-Cell-5,1,29.0,34.0,2890.755767148638,3397.7390123930245
SYNTH-29-34-1-Topic-8-Cell-6,1,29.0,34.0,2868.152376652497,3500.065579198177
SYNTH-29-35-1-Topic-0-Cell-1,1,29.0,35.0,2900.0,3550.0
SYNTH-29-35-1-Topic-9-Cell-2,1,29.0,35.0,2919.6357488094313,3528.5655098336138
SYNTH-29-35-1-Topic-9-Cell-3,1,29.0,35.0,2859.047797432964,3553.594037410554
SYNTH-29-35-1-Topic-9-Cell-4,1,29.0,35.0,2939.956832412776,3580.634156484835
SYNTH-29-35-1-Topic-9-Cell-5,1,29.0,35.0,2889.8734502809575,3492.750956420323
SYNTH-29-36-1-Topic-8-Cell-1,1,29.0,36.0,2900.0,3650.0
SYNTH-29-36-1-Topic-8-Cell-2,1,29.0,36.0,2919.6357488094313,3628.5655098336138
SYNTH-29-36-1-Topic-8-Cell-3,1,29.0,36.0,2859.047797432964,3653.594037410554
SYNTH-29-36-1-Topic-10-Cell-4,1,29.0,36.0,2939.956832412776,3680.634156484835
SYNTH-29-36-1-Topic-10-Cell-5,1,29.0,36.0,2889.8734502809575,3592.750956420323
SYNTH-29-37-1-Topic-0-Cell-1,1,29.0,37.0,2900.0,3750.0
SYNTH-29-37-1-Topic-0-Cell-2,1,29.0,37.0,2919.6357488094313,3728.5655098336138
SYNTH-29-37-1-Topic-0-Cell-3,1,29.0,37.0,2859.047797432964,3753.594037410554
SYNTH-29-37-1-Topic-8-Cell-4,1,29.0,37.0,2939.956832412776,3780.634156484835
SYNTH-29-37-1-Topic-8-Cell-5,1,29.0,37.0,2889.8734502809575,3692.750956420323
SYNTH-29-38-1-Topic-0-Cell-1,1,29.0,38.0,2900.0,3850.0
SYNTH-29-38-1-Topic-0-Cell-2,1,29.0,38.0,2921.9534345634997,3826.0355114624545
SYNTH-29-38-1-Topic-9-Cell-3,1,29.0,38.0,2854.214045615883,3854.018255981838
SYNTH-29-38-1-Topic-9-Cell-4,1,29.0,38.0,2944.6730967202666,3884.2500281667285
SYNTH-29-39-1-Topic-8-Cell-1,1,29.0,39.0,2900.0,3950.0
SYNTH-29-39-1-Topic-8-Cell-2,1,29.0,39.0,2921.9534345634997,3926.0355114624545
SYNTH-29-39-1-Topic-8-Cell-3,1,29.0,39.0,2854.214045615883,3954.018255981838
SYNTH-29-39-1-Topic-8-Cell-4,1,29.0,39.0,2944.6730967202666,3984.2500281667285
SYNTH-29-40-1-Topic-0-Cell-1,1,29.0,40.0,2900.0,4050.0
SYNTH-29-40-1-Topic-7-Cell-2,1,29.0,40.0,2919.6357488094313,4028.5655098336138
SYNTH-29-40-1-Topic-8-Cell-3,1,29.0,40.0,2859.047797432964,4053.594037410554
SYNTH-29-40-1-Topic-8-Cell-4,1,29.0,40.0,2939.956832412776,4080.634156484835
SYNTH-29-40-1-Topic-8-Cell-5,1,29.0,40.0,2889.8734502809575,3992.750956420323
SYNTH-29-41-1-Topic-0-Cell-1,1,29.0,41.0,2900.0,4150.0
SYNTH-29-41-1-Topic-0-Cell-2,1,29.0,41.0,2917.924904260718,4130.433077045413
SYNTH-29-41-1-Topic-0-Cell-3,1,29.0,41.0,2862.615924790856,4153.2808922704635
SYNTH-29-41-1-Topic-0-Cell-4,1,29.0,41.0,2936.475430731551,4177.965030894812
SYNTH-29-41-1-Topic-4-Cell-5,1,29.0,41.0,2890.755767148638,4097.7390123930245
SYNTH-29-41-1-Topic-8-Cell-6,1,29.0,41.0,2868.152376652497,4200.065579198177
SYNTH-29-42-1-Topic-0-Cell-1,1,29.0,42.0,2900.0,4250.0
SYNTH-29-42-1-Topic-4-Cell-2,1,29.0,42.0,2919.6357488094313,4228.565509833614
SYNTH-29-42-1-Topic-4-Cell-3,1,29.0,42.0,2859.047797432964,4253.594037410554
SYNTH-29-42-1-Topic-8-Cell-4,1,29.0,42.0,2939.956832412776,4280.634156484835
SYNTH-29-42-1-Topic-8-Cell-5,1,29.0,42.0,2889.8734502809575,4192.750956420323
SYNTH-29-43-1-Topic-0-Cell-1,1,29.0,43.0,2900.0,4350.0
SYNTH-29-43-1-Topic-6-Cell-2,1,29.0,43.0,2919.6357488094313,4328.565509833614
SYNTH-29-43-1-Topic-7-Cell-3,1,29.0,43.0,2859.047797432964,4353.594037410554
SYNTH-29-43-1-Topic-7-Cell-4,1,29.0,43.0,2939.956832412776,4380.634156484835
SYNTH-29-43-1-Topic-8-Cell-5,1,29.0,43.0,2889.8734502809575,4292.750956420323
SYNTH-29-44-1-Topic-7-Cell-1,1,29.0,44.0,2900.0,4450.0
SYNTH-29-44-1-Topic-7-Cell-2,1,29.0,44.0,2919.6357488094313,4428.565509833614
SYNTH-29-44-1-Topic-8-Cell-3,1,29.0,44.0,2859.047797432964,4453.594037410554
SYNTH-29-44-1-Topic-8-Cell-4,1,29.0,44.0,2939.956832412776,4480.634156484835
SYNTH-29-44-1-Topic-10-Cell-5,1,29.0,44.0,2889.8734502809575,4392.750956420323
SYNTH-29-45-1-Topic-0-Cell-1,1,29.0,45.0,2900.0,4550.0
SYNTH-29-45-1-Topic-4-Cell-2,1,29.0,45.0,2917.924904260718,4530.433077045413
SYNTH-29-45-1-Topic-4-Cell-3,1,29.0,45.0,2862.615924790856,4553.2808922704635
SYNTH-29-45-1-Topic-4-Cell-4,1,29.0,45.0,2936.475430731551,4577.965030894812
SYNTH-29-45-1-Topic-8-Cell-5,1,29.0,45.0,2890.755767148638,4497.7390123930245
SYNTH-29-45-1-Topic-8-Cell-6,1,29.0,45.0,2868.152376652497,4600.065579198177
SYNTH-29-46-1-Topic-0-Cell-1,1,29.0,46.0,2900.0,4650.0
SYNTH-29-46-1-Topic-7-Cell-2,1,29.0,46.0,2919.6357488094313,4628.565509833614
SYNTH-29-46-1-Topic-7-Cell-3,1,29.0,46.0,2859.047797432964,4653.594037410554
SYNTH-29-46-1-Topic-7-Cell-4,1,29.0,46.0,2939.956832412776,4680.634156484835
SYNTH-29-46-1-Topic-7-Cell-5,1,29.0,46.0,2889.8734502809575,4592.750956420323
SYNTH-29-47-1-Topic-4-Cell-1,1,29.0,47.0,2900.0,4750.0
SYNTH-29-47-1-Topic-4-Cell-2,1,29.0,47.0,2921.9534345634997,4726.035511462454
SYNTH-29-47-1-Topic-4-Cell-3,1,29.0,47.0,2854.214045615883,4754.018255981839
SYNTH-29-47-1-Topic-4-Cell-4,1,29.0,47.0,2944.6730967202666,4784.250028166729
SYNTH-29-48-1-Topic-0-Cell-1,1,29.0,48.0,2900.0,4850.0
SYNTH-29-48-1-Topic-0-Cell-2,1,29.0,48.0,2919.6357488094313,4828.565509833614
SYNTH-29-48-1-Topic-8-Cell-3,1,29.0,48.0,2859.047797432964,4853.594037410554
SYNTH-29-48-1-Topic-8-Cell-4,1,29.0,48.0,2939.956832412776,4880.634156484835
SYNTH-29-48-1-Topic-8-Cell-5,1,29.0,48.0,2889.8734502809575,4792.750956420323
SYNTH-29-49-1-Topic-0-Cell-1,1,29.0,49.0,2900.0,4950.0
SYNTH-29-49-1-Topic-7-Cell-2,1,29.0,49.0,2921.9534345634997,4926.035511462454
SYNTH-29-49-1-Topic-8-Cell-3,1,29.0,49.0,2854.214045615883,4954.018255981839
SYNTH-29-49-1-Topic-8-Cell-4,1,29.0,49.0,2944.6730967202666,4984.250028166729
SYNTH-29-50-1-Topic-0-Cell-1,1,29.0,50.0,2900.0,5050.0
SYNTH-29-50-1-Topic-0-Cell-2,1,29.0,50.0,2919.6357488094313,5028.565509833614
SYNTH-29-50-1-Topic-0-Cell-3,1,29.0,50.0,2859.047797432964,5053.594037410554
SYNTH-29-50-1-Topic-7-Cell-4,1,29.0,50.0,2939.956832412776,5080.634156484835
SYNTH-29-50-1-Topic-8-Cell-5,1,29.0,50.0,2889.8734502809575,4992.750956420323
SYNTH-30-1-1-Topic-8-Cell-1,1,30.0,1.0,3000.0,100.0
SYNTH-30-1-1-Topic-8-Cell-2,1,30.0,1.0,3021.9534345634997,76.03551146245461
SYNTH-30-1-1-Topic-8-Cell-3,1,30.0,1.0,2954.214045615883,104.0182559818382
SYNTH-30-1-1-Topic-8-Cell-4,1,30.0,1.0,3044.6730967202666,134.2500281667286
SYNTH-30-2-1-Topic-0-Cell-1,1,30.0,2.0,3000.0,200.0
SYNTH-30-2-1-Topic-0-Cell-2,1,30.0,2.0,3019.6357488094313,178.5655098336136
SYNTH-30-2-1-Topic-0-Cell-3,1,30.0,2.0,2959.047797432964,203.59403741055414
SYNTH-30-2-1-Topic-0-Cell-4,1,30.0,2.0,3039.956832412776,230.63415648483507
SYNTH-30-2-1-Topic-7-Cell-5,1,30.0,2.0,2989.8734502809575,142.75095642032298
SYNTH-30-3-1-Topic-8-Cell-1,1,30.0,3.0,3000.0,300.0
SYNTH-30-3-1-Topic-9-Cell-2,1,30.0,3.0,3017.924904260718,280.4330770454125
SYNTH-30-3-1-Topic-9-Cell-3,1,30.0,3.0,2962.615924790856,303.28089227046326
SYNTH-30-3-1-Topic-9-Cell-4,1,30.0,3.0,3036.475430731551,327.96503089481223
SYNTH-30-3-1-Topic-10-Cell-5,1,30.0,3.0,2990.755767148638,247.73901239302432
SYNTH-30-3-1-Topic-10-Cell-6,1,30.0,3.0,2968.152376652497,350.0655791981769
SYNTH-30-4-1-Topic-8-Cell-1,1,30.0,4.0,3000.0,400.0
SYNTH-30-4-1-Topic-8-Cell-2,1,30.0,4.0,3021.9534345634997,376.0355114624546
SYNTH-30-4-1-Topic-8-Cell-3,1,30.0,4.0,2954.214045615883,404.0182559818382
SYNTH-30-4-1-Topic-8-Cell-4,1,30.0,4.0,3044.6730967202666,434.2500281667286
SYNTH-30-5-1-Topic-8-Cell-1,1,30.0,5.0,3000.0,500.0
SYNTH-30-5-1-Topic-8-Cell-2,1,30.0,5.0,3019.6357488094313,478.5655098336136
SYNTH-30-5-1-Topic-8-Cell-3,1,30.0,5.0,2959.047797432964,503.59403741055417
SYNTH-30-5-1-Topic-9-Cell-4,1,30.0,5.0,3039.956832412776,530.6341564848351
SYNTH-30-5-1-Topic-9-Cell-5,1,30.0,5.0,2989.8734502809575,442.75095642032295
SYNTH-30-6-1-Topic-0-Cell-1,1,30.0,6.0,3000.0,600.0
SYNTH-30-6-1-Topic-0-Cell-2,1,30.0,6.0,3019.6357488094313,578.5655098336136
SYNTH-30-6-1-Topic-8-Cell-3,1,30.0,6.0,2959.047797432964,603.5940374105542
SYNTH-30-6-1-Topic-8-Cell-4,1,30.0,6.0,3039.956832412776,630.6341564848351
SYNTH-30-6-1-Topic-8-Cell-5,1,30.0,6.0,2989.8734502809575,542.750956420323
SYNTH-30-7-1-Topic-8-Cell-1,1,30.0,7.0,3000.0,700.0
SYNTH-30-7-1-Topic-9-Cell-2,1,30.0,7.0,3019.6357488094313,678.5655098336136
SYNTH-30-7-1-Topic-9-Cell-3,1,30.0,7.0,2959.047797432964,703.5940374105542
SYNTH-30-7-1-Topic-9-Cell-4,1,30.0,7.0,3039.956832412776,730.6341564848351
SYNTH-30-7-1-Topic-9-Cell-5,1,30.0,7.0,2989.8734502809575,642.750956420323
SYNTH-30-8-1-Topic-0-Cell-1,1,30.0,8.0,3000.0,800.0
SYNTH-30-8-1-Topic-7-Cell-2,1,30.0,8.0,3021.9534345634997,776.0355114624546
SYNTH-30-8-1-Topic-7-Cell-3,1,30.0,8.0,2954.214045615883,804.0182559818381
SYNTH-30-8-1-Topic-7-Cell-4,1,30.0,8.0,3044.6730967202666,834.2500281667286
SYNTH-30-9-1-Topic-2-Cell-1,1,30.0,9.0,3000.0,900.0
SYNTH-30-9-1-Topic-7-Cell-2,1,30.0,9.0,3021.9534345634997,876.0355114624546
SYNTH-30-9-1-Topic-10-Cell-3,1,30.0,9.0,2954.214045615883,904.0182559818381
SYNTH-30-9-1-Topic-10-Cell-4,1,30.0,9.0,3044.6730967202666,934.2500281667286
SYNTH-30-10-1-Topic-8-Cell-1,1,30.0,10.0,3000.0,1000.0
SYNTH-30-10-1-Topic-8-Cell-2,1,30.0,10.0,3019.6357488094313,978.5655098336136
SYNTH-30-10-1-Topic-8-Cell-3,1,30.0,10.0,2959.047797432964,1003.5940374105542
SYNTH-30-10-1-Topic-8-Cell-4,1,30.0,10.0,3039.956832412776,1030.634156484835
SYNTH-30-10-1-Topic-8-Cell-5,1,30.0,10.0,2989.8734502809575,942.750956420323
SYNTH-30-11-1-Topic-8-Cell-1,1,30.0,11.0,3000.0,1100.0
SYNTH-30-11-1-Topic-8-Cell-2,1,30.0,11.0,3019.6357488094313,1078.5655098336135
SYNTH-30-11-1-Topic-8-Cell-3,1,30.0,11.0,2959.047797432964,1103.5940374105542
SYNTH-30-11-1-Topic-8-Cell-4,1,30.0,11.0,3039.956832412776,1130.634156484835
SYNTH-30-11-1-Topic-8-Cell-5,1,30.0,11.0,2989.8734502809575,1042.750956420323
SYNTH-30-12-1-Topic-5-Cell-1,1,30.0,12.0,3000.0,1200.0
SYNTH-30-12-1-Topic-8-Cell-2,1,30.0,12.0,3031.046844900371,1166.1090952948687
SYNTH-30-13-1-Topic-0-Cell-1,1,30.0,13.0,3000.0,1300.0
SYNTH-30-13-1-Topic-7-Cell-2,1,30.0,13.0,3019.6357488094313,1278.5655098336135
SYNTH-30-13-1-Topic-8-Cell-3,1,30.0,13.0,2959.047797432964,1303.5940374105542
SYNTH-30-13-1-Topic-8-Cell-4,1,30.0,13.0,3039.956832412776,1330.634156484835
SYNTH-30-13-1-Topic-8-Cell-5,1,30.0,13.0,2989.8734502809575,1242.750956420323
SYNTH-30-14-1-Topic-0-Cell-1,1,30.0,14.0,3000.0,1400.0
SYNTH-30-14-1-Topic-0-Cell-2,1,30.0,14.0,3019.6357488094313,1378.5655098336135
SYNTH-30-14-1-Topic-0-Cell-3,1,30.0,14.0,2959.047797432964,1403.5940374105542
SYNTH-30-14-1-Topic-8-Cell-4,1,30.0,14.0,3039.956832412776,1430.634156484835
SYNTH-30-14-1-Topic-8-Cell-5,1,30.0,14.0,2989.8734502809575,1342.750956420323
SYNTH-30-15-1-Topic-0-Cell-1,1,30.0,15.0,3000.0,1500.0
SYNTH-30-15-1-Topic-8-Cell-2,1,30.0,15.0,3019.6357488094313,1478.5655098336135
SYNTH-30-15-1-Topic-8-Cell-3,1,30.0,15.0,2959.047797432964,1503.5940374105542
SYNTH-30-15-1-Topic-8-Cell-4,1,30.0,15.0,3039.956832412776,1530.634156484835
SYNTH-30-15-1-Topic-8-Cell-5,1,30.0,15.0,2989.8734502809575,1442.750956420323
SYNTH-30-16-1-Topic-0-Cell-1,1,30.0,16.0,3000.0,1600.0
SYNTH-30-16-1-Topic-0-Cell-2,1,30.0,16.0,3017.924904260718,1580.4330770454126
SYNTH-30-16-1-Topic-0-Cell-3,1,30.0,16.0,2962.615924790856,1603.2808922704633
SYNTH-30-16-1-Topic-0-Cell-4,1,30.0,16.0,3036.475430731551,1627.9650308948123
SYNTH-30-16-1-Topic-0-Cell-5,1,30.0,16.0,2990.755767148638,1547.7390123930243
SYNTH-30-16-1-Topic-0-Cell-6,1,30.0,16.0,2968.152376652497,1650.065579198177
SYNTH-30-17-1-Topic-0-Cell-1,1,30.0,17.0,3000.0,1700.0
SYNTH-30-17-1-Topic-7-Cell-2,1,30.0,17.0,3019.6357488094313,1678.5655098336135
SYNTH-30-17-1-Topic-7-Cell-3,1,30.0,17.0,2959.047797432964,1703.5940374105542
SYNTH-30-17-1-Topic-8-Cell-4,1,30.0,17.0,3039.956832412776,1730.634156484835
SYNTH-30-17-1-Topic-8-Cell-5,1,30.0,17.0,2989.8734502809575,1642.750956420323
SYNTH-30-18-1-Topic-0-Cell-1,1,30.0,18.0,3000.0,1800.0
SYNTH-30-18-1-Topic-0-Cell-2,1,30.0,18.0,3017.924904260718,1780.4330770454126
SYNTH-30-18-1-Topic-8-Cell-3,1,30.0,18.0,2962.615924790856,1803.2808922704633
SYNTH-30-18-1-Topic-8-Cell-4,1,30.0,18.0,3036.475430731551,1827.9650308948123
SYNTH-30-18-1-Topic-8-Cell-5,1,30.0,18.0,2990.755767148638,1747.7390123930243
SYNTH-30-18-1-Topic-8-Cell-6,1,30.0,18.0,2968.152376652497,1850.065579198177
SYNTH-30-19-1-Topic-7-Cell-1,1,30.0,19.0,3000.0,1900.0
SYNTH-30-19-1-Topic-7-Cell-2,1,30.0,19.0,3021.9534345634997,1876.0355114624547
SYNTH-30-19-1-Topic-8-Cell-3,1,30.0,19.0,2954.214045615883,1904.0182559818381
SYNTH-30-19-1-Topic-8-Cell-4,1,30.0,19.0,3044.6730967202666,1934.2500281667287
SYNTH-30-20-1-Topic-2-Cell-1,1,30.0,20.0,3000.0,2000.0
SYNTH-30-20-1-Topic-2-Cell-2,1,30.0,20.0,3019.6357488094313,1978.5655098336135
SYNTH-30-20-1-Topic-8-Cell-3,1,30.0,20.0,2959.047797432964,2003.5940374105542
SYNTH-30-20-1-Topic-9-Cell-4,1,30.0,20.0,3039.956832412776,2030.634156484835
SYNTH-30-20-1-Topic-9-Cell-5,1,30.0,20.0,2989.8734502809575,1942.750956420323
SYNTH-30-21-1-Topic-0-Cell-1,1,30.0,21.0,3000.0,2100.0
SYNTH-30-21-1-Topic-0-Cell-2,1,30.0,21.0,3019.6357488094313,2078.5655098336138
SYNTH-30-21-1-Topic-8-Cell-3,1,30.0,21.0,2959.047797432964,2103.594037410554
SYNTH-30-21-1-Topic-8-Cell-4,1,30.0,21.0,3039.956832412776,2130.634156484835
SYNTH-30-21-1-Topic-8-Cell-5,1,30.0,21.0,2989.8734502809575,2042.750956420323
SYNTH-30-22-1-Topic-8-Cell-1,1,30.0,22.0,3000.0,2200.0
SYNTH-30-22-1-Topic-8-Cell-2,1,30.0,22.0,3017.924904260718,2180.4330770454126
SYNTH-30-22-1-Topic-8-Cell-3,1,30.0,22.0,2962.615924790856,2203.2808922704635
SYNTH-30-22-1-Topic-8-Cell-4,1,30.0,22.0,3036.475430731551,2227.965030894812
SYNTH-30-22-1-Topic-8-Cell-5,1,30.0,22.0,2990.755767148638,2147.7390123930245
SYNTH-30-22-1-Topic-8-Cell-6,1,30.0,22.0,2968.152376652497,2250.065579198177
SYNTH-30-23-1-Topic-0-Cell-1,1,30.0,23.0,3000.0,2300.0
SYNTH-30-23-1-Topic-4-Cell-2,1,30.0,23.0,3017.924904260718,2280.4330770454126
SYNTH-30-23-1-Topic-7-Cell-3,1,30.0,23.0,2962.615924790856,2303.2808922704635
SYNTH-30-23-1-Topic-8-Cell-4,1,30.0,23.0,3036.475430731551,2327.965030894812
SYNTH-30-23-1-Topic-8-Cell-5,1,30.0,23.0,2990.755767148638,2247.7390123930245
SYNTH-30-23-1-Topic-8-Cell-6,1,30.0,23.0,2968.152376652497,2350.065579198177
SYNTH-30-24-1-Topic-7-Cell-1,1,30.0,24.0,3000.0,2400.0
SYNTH-30-24-1-Topic-7-Cell-2,1,30.0,24.0,3019.6357488094313,2378.5655098336138
SYNTH-30-24-1-Topic-8-Cell-3,1,30.0,24.0,2959.047797432964,2403.594037410554
SYNTH-30-24-1-Topic-8-Cell-4,1,30.0,24.0,3039.956832412776,2430.634156484835
SYNTH-30-24-1-Topic-10-Cell-5,1,30.0,24.0,2989.8734502809575,2342.750956420323
SYNTH-30-25-1-Topic-0-Cell-1,1,30.0,25.0,3000.0,2500.0
SYNTH-30-25-1-Topic-8-Cell-2,1,30.0,25.0,3019.6357488094313,2478.5655098336138
SYNTH-30-25-1-Topic-8-Cell-3,1,30.0,25.0,2959.047797432964,2503.594037410554
SYNTH-30-25-1-Topic-8-Cell-4,1,30.0,25.0,3039.956832412776,2530.634156484835
SYNTH-30-25-1-Topic-9-Cell-5,1,30.0,25.0,2989.8734502809575,2442.750956420323
SYNTH-30-26-1-Topic-0-Cell-1,1,30.0,26.0,3000.0,2600.0
SYNTH-30-26-1-Topic-7-Cell-2,1,30.0,26.0,3019.6357488094313,2578.5655098336138
SYNTH-30-26-1-Topic-8-Cell-3,1,30.0,26.0,2959.047797432964,2603.594037410554
SYNTH-30-26-1-Topic-8-Cell-4,1,30.0,26.0,3039.956832412776,2630.634156484835
SYNTH-30-26-1-Topic-8-Cell-5,1,30.0,26.0,2989.8734502809575,2542.750956420323
SYNTH-30-27-1-Topic-8-Cell-1,1,30.0,27.0,3000.0,2700.0
SYNTH-30-27-1-Topic-8-Cell-2,1,30.0,27.0,3019.6357488094313,2678.5655098336138
SYNTH-30-27-1-Topic-8-Cell-3,1,30.0,27.0,2959.047797432964,2703.594037410554
SYNTH-30-27-1-Topic-8-Cell-4,1,30.0,27.0,3039.956832412776,2730.634156484835
SYNTH-30-27-1-Topic-8-Cell-5,1,30.0,27.0,2989.8734502809575,2642.750956420323
SYNTH-30-28-1-Topic-0-Cell-1,1,30.0,28.0,3000.0,2800.0
SYNTH-30-28-1-Topic-0-Cell-2,1,30.0,28.0,3017.924904260718,2780.4330770454126
SYNTH-30-28-1-Topic-7-Cell-3,1,30.0,28.0,2962.615924790856,2803.2808922704635
SYNTH-30-28-1-Topic-8-Cell-4,1,30.0,28.0,3036.475430731551,2827.965030894812
SYNTH-30-28-1-Topic-10-Cell-5,1,30.0,28.0,2990.755767148638,2747.7390123930245
SYNTH-30-28-1-Topic-10-Cell-6,1,30.0,28.0,2968.152376652497,2850.065579198177
SYNTH-30-30-1-Topic-7-Cell-1,1,30.0,30.0,3000.0,3000.0
SYNTH-30-31-1-Topic-8-Cell-1,1,30.0,31.0,3000.0,3100.0
SYNTH-30-31-1-Topic-8-Cell-2,1,30.0,31.0,3021.9534345634997,3076.0355114624545
SYNTH-30-31-1-Topic-8-Cell-3,1,30.0,31.0,2954.214045615883,3104.018255981838
SYNTH-30-31-1-Topic-8-Cell-4,1,30.0,31.0,3044.6730967202666,3134.2500281667285
SYNTH-30-32-1-Topic-8-Cell-1,1,30.0,32.0,3000.0,3200.0
SYNTH-30-32-1-Topic-8-Cell-2,1,30.0,32.0,3025.3496427097466,3172.328192183713
SYNTH-30-32-1-Topic-8-Cell-3,1,30.0,32.0,2947.1309338224523,3204.6398823455743
SYNTH-30-33-1-Topic-0-Cell-1,1,30.0,33.0,3000.0,3300.0
SYNTH-30-33-1-Topic-7-Cell-2,1,30.0,33.0,3021.9534345634997,3276.0355114624545
SYNTH-30-33-1-Topic-7-Cell-3,1,30.0,33.0,2954.214045615883,3304.018255981838
SYNTH-30-33-1-Topic-8-Cell-4,1,30.0,33.0,3044.6730967202666,3334.2500281667285
SYNTH-30-34-1-Topic-0-Cell-1,1,30.0,34.0,3000.0,3400.0
SYNTH-30-34-1-Topic-0-Cell-2,1,30.0,34.0,3019.6357488094313,3378.5655098336138
SYNTH-30-34-1-Topic-0-Cell-3,1,30.0,34.0,2959.047797432964,3403.594037410554
SYNTH-30-34-1-Topic-0-Cell-4,1,30.0,34.0,3039.956832412776,3430.634156484835
SYNTH-30-34-1-Topic-7-Cell-5,1,30.0,34.0,2989.8734502809575,3342.750956420323
SYNTH-30-35-1-Topic-0-Cell-1,1,30.0,35.0,3000.0,3500.0
SYNTH-30-35-1-Topic-0-Cell-2,1,30.0,35.0,3019.6357488094313,3478.5655098336138
SYNTH-30-35-1-Topic-8-Cell-3,1,30.0,35.0,2959.047797432964,3503.594037410554
SYNTH-30-35-1-Topic-10-Cell-4,1,30.0,35.0,3039.956832412776,3530.634156484835
SYNTH-30-35-1-Topic-10-Cell-5,1,30.0,35.0,2989.8734502809575,3442.750956420323
SYNTH-30-36-1-Topic-0-Cell-1,1,30.0,36.0,3000.0,3600.0
SYNTH-30-36-1-Topic-0-Cell-2,1,30.0,36.0,3019.6357488094313,3578.5655098336138
SYNTH-30-36-1-Topic-0-Cell-3,1,30.0,36.0,2959.047797432964,3603.594037410554
SYNTH-30-36-1-Topic-8-Cell-4,1,30.0,36.0,3039.956832412776,3630.634156484835
SYNTH-30-36-1-Topic-8-Cell-5,1,30.0,36.0,2989.8734502809575,3542.750956420323
SYNTH-30-37-1-Topic-0-Cell-1,1,30.0,37.0,3000.0,3700.0
SYNTH-30-37-1-Topic-0-Cell-2,1,30.0,37.0,3019.6357488094313,3678.5655098336138
SYNTH-30-37-1-Topic-7-Cell-3,1,30.0,37.0,2959.047797432964,3703.594037410554
SYNTH-30-37-1-Topic-8-Cell-4,1,30.0,37.0,3039.956832412776,3730.634156484835
SYNTH-30-37-1-Topic-8-Cell-5,1,30.0,37.0,2989.8734502809575,3642.750956420323
SYNTH-30-38-1-Topic-0-Cell-1,1,30.0,38.0,3000.0,3800.0
SYNTH-30-38-1-Topic-7-Cell-2,1,30.0,38.0,3019.6357488094313,3778.5655098336138
SYNTH-30-38-1-Topic-8-Cell-3,1,30.0,38.0,2959.047797432964,3803.594037410554
SYNTH-30-38-1-Topic-8-Cell-4,1,30.0,38.0,3039.956832412776,3830.634156484835
SYNTH-30-38-1-Topic-8-Cell-5,1,30.0,38.0,2989.8734502809575,3742.750956420323
SYNTH-30-39-1-Topic-7-Cell-1,1,30.0,39.0,3000.0,3900.0
SYNTH-30-39-1-Topic-8-Cell-2,1,30.0,39.0,3019.6357488094313,3878.5655098336138
SYNTH-30-39-1-Topic-8-Cell-3,1,30.0,39.0,2959.047797432964,3903.594037410554
SYNTH-30-39-1-Topic-8-Cell-4,1,30.0,39.0,3039.956832412776,3930.634156484835
SYNTH-30-39-1-Topic-8-Cell-5,1,30.0,39.0,2989.8734502809575,3842.750956420323
SYNTH-30-40-1-Topic-0-Cell-1,1,30.0,40.0,3000.0,4000.0
SYNTH-30-40-1-Topic-8-Cell-2,1,30.0,40.0,3019.6357488094313,3978.5655098336138
SYNTH-30-40-1-Topic-8-Cell-3,1,30.0,40.0,2959.047797432964,4003.594037410554
SYNTH-30-40-1-Topic-8-Cell-4,1,30.0,40.0,3039.956832412776,4030.634156484835
SYNTH-30-40-1-Topic-8-Cell-5,1,30.0,40.0,2989.8734502809575,3942.750956420323
SYNTH-30-41-1-Topic-7-Cell-1,1,30.0,41.0,3000.0,4100.0
SYNTH-30-41-1-Topic-8-Cell-2,1,30.0,41.0,3019.6357488094313,4078.5655098336138
SYNTH-30-41-1-Topic-9-Cell-3,1,30.0,41.0,2959.047797432964,4103.594037410554
SYNTH-30-41-1-Topic-9-Cell-4,1,30.0,41.0,3039.956832412776,4130.634156484835
SYNTH-30-41-1-Topic-10-Cell-5,1,30.0,41.0,2989.8734502809575,4042.750956420323
SYNTH-30-42-1-Topic-4-Cell-1,1,30.0,42.0,3000.0,4200.0
SYNTH-30-42-1-Topic-8-Cell-2,1,30.0,42.0,3019.6357488094313,4178.565509833614
SYNTH-30-42-1-Topic-8-Cell-3,1,30.0,42.0,2959.047797432964,4203.594037410554
SYNTH-30-42-1-Topic-8-Cell-4,1,30.0,42.0,3039.956832412776,4230.634156484835
SYNTH-30-42-1-Topic-9-Cell-5,1,30.0,42.0,2989.8734502809575,4142.750956420323
SYNTH-30-43-1-Topic-8-Cell-1,1,30.0,43.0,3000.0,4300.0
SYNTH-30-43-1-Topic-8-Cell-2,1,30.0,43.0,3019.6357488094313,4278.565509833614
SYNTH-30-43-1-Topic-8-Cell-3,1,30.0,43.0,2959.047797432964,4303.594037410554
SYNTH-30-43-1-Topic-8-Cell-4,1,30.0,43.0,3039.956832412776,4330.634156484835
SYNTH-30-43-1-Topic-10-Cell-5,1,30.0,43.0,2989.8734502809575,4242.750956420323
SYNTH-30-44-1-Topic-0-Cell-1,1,30.0,44.0,3000.0,4400.0
SYNTH-30-44-1-Topic-0-Cell-2,1,30.0,44.0,3017.924904260718,4380.433077045413
SYNTH-30-44-1-Topic-0-Cell-3,1,30.0,44.0,2962.615924790856,4403.2808922704635
SYNTH-30-44-1-Topic-0-Cell-4,1,30.0,44.0,3036.475430731551,4427.965030894812
SYNTH-30-44-1-Topic-0-Cell-5,1,30.0,44.0,2990.755767148638,4347.7390123930245
SYNTH-30-44-1-Topic-8-Cell-6,1,30.0,44.0,2968.152376652497,4450.065579198177
SYNTH-30-45-1-Topic-2-Cell-1,1,30.0,45.0,3000.0,4500.0
SYNTH-30-45-1-Topic-4-Cell-2,1,30.0,45.0,3019.6357488094313,4478.565509833614
SYNTH-30-45-1-Topic-4-Cell-3,1,30.0,45.0,2959.047797432964,4503.594037410554
SYNTH-30-45-1-Topic-9-Cell-4,1,30.0,45.0,3039.956832412776,4530.634156484835
SYNTH-30-45-1-Topic-9-Cell-5,1,30.0,45.0,2989.8734502809575,4442.750956420323
SYNTH-30-46-1-Topic-4-Cell-1,1,30.0,46.0,3000.0,4600.0
SYNTH-30-46-1-Topic-4-Cell-2,1,30.0,46.0,3019.6357488094313,4578.565509833614
SYNTH-30-46-1-Topic-4-Cell-3,1,30.0,46.0,2959.047797432964,4603.594037410554
SYNTH-30-46-1-Topic-7-Cell-4,1,30.0,46.0,3039.956832412776,4630.634156484835
SYNTH-30-46-1-Topic-8-Cell-5,1,30.0,46.0,2989.8734502809575,4542.750956420323
SYNTH-30-47-1-Topic-7-Cell-1,1,30.0,47.0,3000.0,4700.0
SYNTH-30-47-1-Topic-8-Cell-2,1,30.0,47.0,3019.6357488094313,4678.565509833614
SYNTH-30-47-1-Topic-8-Cell-3,1,30.0,47.0,2959.047797432964,4703.594037410554
SYNTH-30-47-1-Topic-8-Cell-4,1,30.0,47.0,3039.956832412776,4730.634156484835
SYNTH-30-47-1-Topic-8-Cell-5,1,30.0,47.0,2989.8734502809575,4642.750956420323
SYNTH-30-48-1-Topic-0-Cell-1,1,30.0,48.0,3000.0,4800.0
SYNTH-30-48-1-Topic-8-Cell-2,1,30.0,48.0,3017.924904260718,4780.433077045413
SYNTH-30-48-1-Topic-8-Cell-3,1,30.0,48.0,2962.615924790856,4803.2808922704635
SYNTH-30-48-1-Topic-8-Cell-4,1,30.0,48.0,3036.475430731551,4827.965030894812
SYNTH-30-48-1-Topic-8-Cell-5,1,30.0,48.0,2990.755767148638,4747.7390123930245
SYNTH-30-48-1-Topic-8-Cell-6,1,30.0,48.0,2968.152376652497,4850.065579198177
SYNTH-30-49-1-Topic-8-Cell-1,1,30.0,49.0,3000.0,4900.0
SYNTH-30-49-1-Topic-8-Cell-2,1,30.0,49.0,3021.9534345634997,4876.035511462454
SYNTH-30-49-1-Topic-8-Cell-3,1,30.0,49.0,2954.214045615883,4904.018255981839
SYNTH-30-49-1-Topic-8-Cell-4,1,30.0,49.0,3044.6730967202666,4934.250028166729
SYNTH-30-50-1-Topic-0-Cell-1,1,30.0,50.0,3000.0,5000.0
SYNTH-30-50-1-Topic-0-Cell-2,1,30.0,50.0,3017.924904260718,4980.433077045413
SYNTH-30-50-1-Topic-0-Cell-3,1,30.0,50.0,2962.615924790856,5003.2808922704635
SYNTH-30-50-1-Topic-0-Cell-4,1,30.0,50.0,3036.475430731551,5027.965030894812
SYNTH-30-50-1-Topic-8-Cell-5,1,30.0,50.0,2990.755767148638,4947.7390123930245
SYNTH-30-50-1-Topic-8-Cell-6,1,30.0,50.0,2968.152376652497,5050.065579198177
SYNTH-31-1-1-Topic-0-Cell-1,1,31.0,1.0,3100.0,150.0
SYNTH-31-1-1-Topic-7-Cell-2,1,31.0,1.0,3119.6357488094313,128.5655098336136
SYNTH-31-1-1-Topic-8-Cell-3,1,31.0,1.0,3059.047797432964,153.59403741055414
SYNTH-31-1-1-Topic-9-Cell-4,1,31.0,1.0,3139.956832412776,180.63415648483507
SYNTH-31-1-1-Topic-9-Cell-5,1,31.0,1.0,3089.8734502809575,92.75095642032298
SYNTH-31-2-1-Topic-8-Cell-1,1,31.0,2.0,3100.0,250.0
SYNTH-31-2-1-Topic-8-Cell-2,1,31.0,2.0,3119.6357488094313,228.5655098336136
SYNTH-31-2-1-Topic-8-Cell-3,1,31.0,2.0,3059.047797432964,253.59403741055414
SYNTH-31-2-1-Topic-8-Cell-4,1,31.0,2.0,3139.956832412776,280.6341564848351
SYNTH-31-2-1-Topic-8-Cell-5,1,31.0,2.0,3089.8734502809575,192.75095642032298
SYNTH-31-3-1-Topic-8-Cell-1,1,31.0,3.0,3100.0,350.0
SYNTH-31-3-1-Topic-8-Cell-2,1,31.0,3.0,3119.6357488094313,328.5655098336136
SYNTH-31-3-1-Topic-8-Cell-3,1,31.0,3.0,3059.047797432964,353.59403741055417
SYNTH-31-3-1-Topic-8-Cell-4,1,31.0,3.0,3139.956832412776,380.6341564848351
SYNTH-31-3-1-Topic-8-Cell-5,1,31.0,3.0,3089.8734502809575,292.75095642032295
SYNTH-31-4-1-Topic-8-Cell-1,1,31.0,4.0,3100.0,450.0
SYNTH-31-4-1-Topic-8-Cell-2,1,31.0,4.0,3121.9534345634997,426.0355114624546
SYNTH-31-4-1-Topic-8-Cell-3,1,31.0,4.0,3054.214045615883,454.0182559818382
SYNTH-31-4-1-Topic-8-Cell-4,1,31.0,4.0,3144.6730967202666,484.2500281667286
SYNTH-31-5-1-Topic-0-Cell-1,1,31.0,5.0,3100.0,550.0
SYNTH-31-5-1-Topic-8-Cell-2,1,31.0,5.0,3119.6357488094313,528.5655098336136
SYNTH-31-5-1-Topic-8-Cell-3,1,31.0,5.0,3059.047797432964,553.5940374105542
SYNTH-31-5-1-Topic-8-Cell-4,1,31.0,5.0,3139.956832412776,580.6341564848351
SYNTH-31-5-1-Topic-8-Cell-5,1,31.0,5.0,3089.8734502809575,492.75095642032295
SYNTH-31-6-1-Topic-6-Cell-1,1,31.0,6.0,3100.0,650.0
SYNTH-31-6-1-Topic-8-Cell-2,1,31.0,6.0,3121.9534345634997,626.0355114624546
SYNTH-31-6-1-Topic-8-Cell-3,1,31.0,6.0,3054.214045615883,654.0182559818381
SYNTH-31-6-1-Topic-8-Cell-4,1,31.0,6.0,3144.6730967202666,684.2500281667286
SYNTH-31-7-1-Topic-0-Cell-1,1,31.0,7.0,3100.0,750.0
SYNTH-31-7-1-Topic-0-Cell-2,1,31.0,7.0,3119.6357488094313,728.5655098336136
SYNTH-31-7-1-Topic-0-Cell-3,1,31.0,7.0,3059.047797432964,753.5940374105542
SYNTH-31-7-1-Topic-7-Cell-4,1,31.0,7.0,3139.956832412776,780.6341564848351
SYNTH-31-7-1-Topic-8-Cell-5,1,31.0,7.0,3089.8734502809575,692.750956420323
SYNTH-31-8-1-Topic-7-Cell-1,1,31.0,8.0,3100.0,850.0
SYNTH-31-8-1-Topic-8-Cell-2,1,31.0,8.0,3119.6357488094313,828.5655098336136
SYNTH-31-8-1-Topic-8-Cell-3,1,31.0,8.0,3059.047797432964,853.5940374105542
SYNTH-31-8-1-Topic-9-Cell-4,1,31.0,8.0,3139.956832412776,880.6341564848351
SYNTH-31-8-1-Topic-9-Cell-5,1,31.0,8.0,3089.8734502809575,792.750956420323
SYNTH-31-9-1-Topic-0-Cell-1,1,31.0,9.0,3100.0,950.0
SYNTH-31-9-1-Topic-0-Cell-2,1,31.0,9.0,3119.6357488094313,928.5655098336136
SYNTH-31-9-1-Topic-8-Cell-3,1,31.0,9.0,3059.047797432964,953.5940374105542
SYNTH-31-9-1-Topic-8-Cell-4,1,31.0,9.0,3139.956832412776,980.6341564848351
SYNTH-31-9-1-Topic-8-Cell-5,1,31.0,9.0,3089.8734502809575,892.750956420323
SYNTH-31-10-1-Topic-0-Cell-1,1,31.0,10.0,3100.0,1050.0
SYNTH-31-10-1-Topic-0-Cell-2,1,31.0,10.0,3119.6357488094313,1028.5655098336135
SYNTH-31-10-1-Topic-4-Cell-3,1,31.0,10.0,3059.047797432964,1053.5940374105542
SYNTH-31-10-1-Topic-8-Cell-4,1,31.0,10.0,3139.956832412776,1080.634156484835
SYNTH-31-10-1-Topic-8-Cell-5,1,31.0,10.0,3089.8734502809575,992.750956420323
SYNTH-31-11-1-Topic-0-Cell-1,1,31.0,11.0,3100.0,1150.0
SYNTH-31-11-1-Topic-8-Cell-2,1,31.0,11.0,3119.6357488094313,1128.5655098336135
SYNTH-31-11-1-Topic-8-Cell-3,1,31.0,11.0,3059.047797432964,1153.5940374105542
SYNTH-31-11-1-Topic-8-Cell-4,1,31.0,11.0,3139.956832412776,1180.634156484835
SYNTH-31-11-1-Topic-8-Cell-5,1,31.0,11.0,3089.8734502809575,1092.750956420323
SYNTH-31-12-1-Topic-4-Cell-1,1,31.0,12.0,3100.0,1250.0
SYNTH-31-12-1-Topic-8-Cell-2,1,31.0,12.0,3121.9534345634997,1226.0355114624547
SYNTH-31-12-1-Topic-8-Cell-3,1,31.0,12.0,3054.214045615883,1254.0182559818381
SYNTH-31-12-1-Topic-8-Cell-4,1,31.0,12.0,3144.6730967202666,1284.2500281667287
SYNTH-31-13-1-Topic-0-Cell-1,1,31.0,13.0,3100.0,1350.0
SYNTH-31-13-1-Topic-0-Cell-2,1,31.0,13.0,3117.924904260718,1330.4330770454126
SYNTH-31-13-1-Topic-0-Cell-3,1,31.0,13.0,3062.615924790856,1353.2808922704633
SYNTH-31-13-1-Topic-0-Cell-4,1,31.0,13.0,3136.475430731551,1377.9650308948123
SYNTH-31-13-1-Topic-8-Cell-5,1,31.0,13.0,3090.755767148638,1297.7390123930243
SYNTH-31-13-1-Topic-8-Cell-6,1,31.0,13.0,3068.152376652497,1400.065579198177
SYNTH-31-14-1-Topic-8-Cell-1,1,31.0,14.0,3100.0,1450.0
SYNTH-31-14-1-Topic-8-Cell-2,1,31.0,14.0,3121.9534345634997,1426.0355114624547
SYNTH-31-14-1-Topic-8-Cell-3,1,31.0,14.0,3054.214045615883,1454.0182559818381
SYNTH-31-14-1-Topic-8-Cell-4,1,31.0,14.0,3144.6730967202666,1484.2500281667287
SYNTH-31-15-1-Topic-0-Cell-1,1,31.0,15.0,3100.0,1550.0
SYNTH-31-15-1-Topic-0-Cell-2,1,31.0,15.0,3117.924904260718,1530.4330770454126
SYNTH-31-15-1-Topic-8-Cell-3,1,31.0,15.0,3062.615924790856,1553.2808922704633
SYNTH-31-15-1-Topic-8-Cell-4,1,31.0,15.0,3136.475430731551,1577.9650308948123
SYNTH-31-15-1-Topic-8-Cell-5,1,31.0,15.0,3090.755767148638,1497.7390123930243
SYNTH-31-15-1-Topic-8-Cell-6,1,31.0,15.0,3068.152376652497,1600.065579198177
SYNTH-31-16-1-Topic-0-Cell-1,1,31.0,16.0,3100.0,1650.0
SYNTH-31-16-1-Topic-0-Cell-2,1,31.0,16.0,3117.924904260718,1630.4330770454126
SYNTH-31-16-1-Topic-0-Cell-3,1,31.0,16.0,3062.615924790856,1653.2808922704633
SYNTH-31-16-1-Topic-0-Cell-4,1,31.0,16.0,3136.475430731551,1677.9650308948123
SYNTH-31-16-1-Topic-5-Cell-5,1,31.0,16.0,3090.755767148638,1597.7390123930243
SYNTH-31-16-1-Topic-8-Cell-6,1,31.0,16.0,3068.152376652497,1700.065579198177
SYNTH-31-17-1-Topic-8-Cell-1,1,31.0,17.0,3100.0,1750.0
SYNTH-31-17-1-Topic-8-Cell-2,1,31.0,17.0,3119.6357488094313,1728.5655098336135
SYNTH-31-17-1-Topic-8-Cell-3,1,31.0,17.0,3059.047797432964,1753.5940374105542
SYNTH-31-17-1-Topic-8-Cell-4,1,31.0,17.0,3139.956832412776,1780.634156484835
SYNTH-31-17-1-Topic-8-Cell-5,1,31.0,17.0,3089.8734502809575,1692.750956420323
SYNTH-31-18-1-Topic-7-Cell-1,1,31.0,18.0,3100.0,1850.0
SYNTH-31-18-1-Topic-8-Cell-2,1,31.0,18.0,3119.6357488094313,1828.5655098336135
SYNTH-31-18-1-Topic-8-Cell-3,1,31.0,18.0,3059.047797432964,1853.5940374105542
SYNTH-31-18-1-Topic-8-Cell-4,1,31.0,18.0,3139.956832412776,1880.634156484835
SYNTH-31-18-1-Topic-8-Cell-5,1,31.0,18.0,3089.8734502809575,1792.750956420323
SYNTH-31-19-1-Topic-4-Cell-1,1,31.0,19.0,3100.0,1950.0
SYNTH-31-19-1-Topic-4-Cell-2,1,31.0,19.0,3125.3496427097466,1922.3281921837129
SYNTH-31-19-1-Topic-7-Cell-3,1,31.0,19.0,3047.1309338224523,1954.6398823455743
SYNTH-31-20-1-Topic-4-Cell-1,1,31.0,20.0,3100.0,2050.0
SYNTH-31-20-1-Topic-8-Cell-2,1,31.0,20.0,3119.6357488094313,2028.5655098336135
SYNTH-31-20-1-Topic-8-Cell-3,1,31.0,20.0,3059.047797432964,2053.594037410554
SYNTH-31-20-1-Topic-8-Cell-4,1,31.0,20.0,3139.956832412776,2080.634156484835
SYNTH-31-20-1-Topic-8-Cell-5,1,31.0,20.0,3089.8734502809575,1992.750956420323
SYNTH-31-21-1-Topic-0-Cell-1,1,31.0,21.0,3100.0,2150.0
SYNTH-31-21-1-Topic-0-Cell-2,1,31.0,21.0,3117.924904260718,2130.4330770454126
SYNTH-31-21-1-Topic-4-Cell-3,1,31.0,21.0,3062.615924790856,2153.2808922704635
SYNTH-31-21-1-Topic-4-Cell-4,1,31.0,21.0,3136.475430731551,2177.965030894812
SYNTH-31-21-1-Topic-7-Cell-5,1,31.0,21.0,3090.755767148638,2097.7390123930245
SYNTH-31-21-1-Topic-7-Cell-6,1,31.0,21.0,3068.152376652497,2200.065579198177
SYNTH-31-22-1-Topic-0-Cell-1,1,31.0,22.0,3100.0,2250.0
SYNTH-31-22-1-Topic-0-Cell-2,1,31.0,22.0,3117.924904260718,2230.4330770454126
SYNTH-31-22-1-Topic-0-Cell-3,1,31.0,22.0,3062.615924790856,2253.2808922704635
SYNTH-31-22-1-Topic-8-Cell-4,1,31.0,22.0,3136.475430731551,2277.965030894812
SYNTH-31-22-1-Topic-8-Cell-5,1,31.0,22.0,3090.755767148638,2197.7390123930245
SYNTH-31-22-1-Topic-8-Cell-6,1,31.0,22.0,3068.152376652497,2300.065579198177
SYNTH-31-23-1-Topic-0-Cell-1,1,31.0,23.0,3100.0,2350.0
SYNTH-31-23-1-Topic-0-Cell-2,1,31.0,23.0,3117.924904260718,2330.4330770454126
SYNTH-31-23-1-Topic-4-Cell-3,1,31.0,23.0,3062.615924790856,2353.2808922704635
SYNTH-31-23-1-Topic-8-Cell-4,1,31.0,23.0,3136.475430731551,2377.965030894812
SYNTH-31-23-1-Topic-8-Cell-5,1,31.0,23.0,3090.755767148638,2297.7390123930245
SYNTH-31-23-1-Topic-8-Cell-6,1,31.0,23.0,3068.152376652497,2400.065579198177
SYNTH-31-24-1-Topic-0-Cell-1,1,31.0,24.0,3100.0,2450.0
SYNTH-31-24-1-Topic-0-Cell-2,1,31.0,24.0,3117.924904260718,2430.4330770454126
SYNTH-31-24-1-Topic-0-Cell-3,1,31.0,24.0,3062.615924790856,2453.2808922704635
SYNTH-31-24-1-Topic-0-Cell-4,1,31.0,24.0,3136.475430731551,2477.965030894812
SYNTH-31-24-1-Topic-0-Cell-5,1,31.0,24.0,3090.755767148638,2397.7390123930245
SYNTH-31-24-1-Topic-8-Cell-6,1,31.0,24.0,3068.152376652497,2500.065579198177
SYNTH-31-25-1-Topic-0-Cell-1,1,31.0,25.0,3100.0,2550.0
SYNTH-31-25-1-Topic-0-Cell-2,1,31.0,25.0,3119.6357488094313,2528.5655098336138
SYNTH-31-25-1-Topic-0-Cell-3,1,31.0,25.0,3059.047797432964,2553.594037410554
SYNTH-31-25-1-Topic-8-Cell-4,1,31.0,25.0,3139.956832412776,2580.634156484835
SYNTH-31-25-1-Topic-8-Cell-5,1,31.0,25.0,3089.8734502809575,2492.750956420323
SYNTH-31-26-1-Topic-0-Cell-1,1,31.0,26.0,3100.0,2650.0
SYNTH-31-26-1-Topic-8-Cell-2,1,31.0,26.0,3119.6357488094313,2628.5655098336138
SYNTH-31-26-1-Topic-8-Cell-3,1,31.0,26.0,3059.047797432964,2653.594037410554
SYNTH-31-26-1-Topic-8-Cell-4,1,31.0,26.0,3139.956832412776,2680.634156484835
SYNTH-31-26-1-Topic-8-Cell-5,1,31.0,26.0,3089.8734502809575,2592.750956420323
SYNTH-31-27-1-Topic-0-Cell-1,1,31.0,27.0,3100.0,2750.0
SYNTH-31-27-1-Topic-0-Cell-2,1,31.0,27.0,3119.6357488094313,2728.5655098336138
SYNTH-31-27-1-Topic-7-Cell-3,1,31.0,27.0,3059.047797432964,2753.594037410554
SYNTH-31-27-1-Topic-8-Cell-4,1,31.0,27.0,3139.956832412776,2780.634156484835
SYNTH-31-27-1-Topic-9-Cell-5,1,31.0,27.0,3089.8734502809575,2692.750956420323
SYNTH-31-28-1-Topic-0-Cell-1,1,31.0,28.0,3100.0,2850.0
SYNTH-31-28-1-Topic-7-Cell-2,1,31.0,28.0,3117.924904260718,2830.4330770454126
SYNTH-31-28-1-Topic-7-Cell-3,1,31.0,28.0,3062.615924790856,2853.2808922704635
SYNTH-31-28-1-Topic-7-Cell-4,1,31.0,28.0,3136.475430731551,2877.965030894812
SYNTH-31-28-1-Topic-7-Cell-5,1,31.0,28.0,3090.755767148638,2797.7390123930245
SYNTH-31-28-1-Topic-9-Cell-6,1,31.0,28.0,3068.152376652497,2900.065579198177
SYNTH-31-29-1-Topic-0-Cell-1,1,31.0,29.0,3100.0,2950.0
SYNTH-31-29-1-Topic-8-Cell-2,1,31.0,29.0,3119.6357488094313,2928.5655098336138
SYNTH-31-29-1-Topic-8-Cell-3,1,31.0,29.0,3059.047797432964,2953.594037410554
SYNTH-31-29-1-Topic-8-Cell-4,1,31.0,29.0,3139.956832412776,2980.634156484835
SYNTH-31-29-1-Topic-8-Cell-5,1,31.0,29.0,3089.8734502809575,2892.750956420323
SYNTH-31-30-1-Topic-0-Cell-1,1,31.0,30.0,3100.0,3050.0
SYNTH-31-30-1-Topic-0-Cell-2,1,31.0,30.0,3121.9534345634997,3026.0355114624545
SYNTH-31-30-1-Topic-0-Cell-3,1,31.0,30.0,3054.214045615883,3054.018255981838
SYNTH-31-30-1-Topic-7-Cell-4,1,31.0,30.0,3144.6730967202666,3084.2500281667285
SYNTH-31-31-1-Topic-0-Cell-1,1,31.0,31.0,3100.0,3150.0
SYNTH-31-31-1-Topic-8-Cell-2,1,31.0,31.0,3119.6357488094313,3128.5655098336138
SYNTH-31-31-1-Topic-8-Cell-3,1,31.0,31.0,3059.047797432964,3153.594037410554
SYNTH-31-31-1-Topic-8-Cell-4,1,31.0,31.0,3139.956832412776,3180.634156484835
SYNTH-31-31-1-Topic-9-Cell-5,1,31.0,31.0,3089.8734502809575,3092.750956420323
SYNTH-31-32-1-Topic-0-Cell-1,1,31.0,32.0,3100.0,3250.0
SYNTH-31-32-1-Topic-7-Cell-2,1,31.0,32.0,3119.6357488094313,3228.5655098336138
SYNTH-31-32-1-Topic-8-Cell-3,1,31.0,32.0,3059.047797432964,3253.594037410554
SYNTH-31-32-1-Topic-8-Cell-4,1,31.0,32.0,3139.956832412776,3280.634156484835
SYNTH-31-32-1-Topic-8-Cell-5,1,31.0,32.0,3089.8734502809575,3192.750956420323
SYNTH-31-33-1-Topic-7-Cell-1,1,31.0,33.0,3100.0,3350.0
SYNTH-31-33-1-Topic-7-Cell-2,1,31.0,33.0,3119.6357488094313,3328.5655098336138
SYNTH-31-33-1-Topic-7-Cell-3,1,31.0,33.0,3059.047797432964,3353.594037410554
SYNTH-31-33-1-Topic-8-Cell-4,1,31.0,33.0,3139.956832412776,3380.634156484835
SYNTH-31-33-1-Topic-8-Cell-5,1,31.0,33.0,3089.8734502809575,3292.750956420323
SYNTH-31-34-1-Topic-0-Cell-1,1,31.0,34.0,3100.0,3450.0
SYNTH-31-34-1-Topic-0-Cell-2,1,31.0,34.0,3119.6357488094313,3428.5655098336138
SYNTH-31-34-1-Topic-0-Cell-3,1,31.0,34.0,3059.047797432964,3453.594037410554
SYNTH-31-34-1-Topic-7-Cell-4,1,31.0,34.0,3139.956832412776,3480.634156484835
SYNTH-31-34-1-Topic-7-Cell-5,1,31.0,34.0,3089.8734502809575,3392.750956420323
SYNTH-31-35-1-Topic-7-Cell-1,1,31.0,35.0,3100.0,3550.0
SYNTH-31-35-1-Topic-7-Cell-2,1,31.0,35.0,3119.6357488094313,3528.5655098336138
SYNTH-31-35-1-Topic-7-Cell-3,1,31.0,35.0,3059.047797432964,3553.594037410554
SYNTH-31-35-1-Topic-8-Cell-4,1,31.0,35.0,3139.956832412776,3580.634156484835
SYNTH-31-35-1-Topic-8-Cell-5,1,31.0,35.0,3089.8734502809575,3492.750956420323
SYNTH-31-37-1-Topic-8-Cell-1,1,31.0,37.0,3100.0,3750.0
SYNTH-31-37-1-Topic-8-Cell-2,1,31.0,37.0,3119.6357488094313,3728.5655098336138
SYNTH-31-37-1-Topic-8-Cell-3,1,31.0,37.0,3059.047797432964,3753.594037410554
SYNTH-31-37-1-Topic-8-Cell-4,1,31.0,37.0,3139.956832412776,3780.634156484835
SYNTH-31-37-1-Topic-8-Cell-5,1,31.0,37.0,3089.8734502809575,3692.750956420323
SYNTH-31-38-1-Topic-0-Cell-1,1,31.0,38.0,3100.0,3850.0
SYNTH-31-38-1-Topic-0-Cell-2,1,31.0,38.0,3119.6357488094313,3828.5655098336138
SYNTH-31-38-1-Topic-0-Cell-3,1,31.0,38.0,3059.047797432964,3853.594037410554
SYNTH-31-38-1-Topic-0-Cell-4,1,31.0,38.0,3139.956832412776,3880.634156484835
SYNTH-31-38-1-Topic-0-Cell-5,1,31.0,38.0,3089.8734502809575,3792.750956420323
SYNTH-31-39-1-Topic-7-Cell-1,1,31.0,39.0,3100.0,3950.0
SYNTH-31-39-1-Topic-7-Cell-2,1,31.0,39.0,3121.9534345634997,3926.0355114624545
SYNTH-31-39-1-Topic-7-Cell-3,1,31.0,39.0,3054.214045615883,3954.018255981838
SYNTH-31-39-1-Topic-7-Cell-4,1,31.0,39.0,3144.6730967202666,3984.2500281667285
SYNTH-31-40-1-Topic-0-Cell-1,1,31.0,40.0,3100.0,4050.0
SYNTH-31-40-1-Topic-0-Cell-2,1,31.0,40.0,3117.924904260718,4030.4330770454126
SYNTH-31-40-1-Topic-0-Cell-3,1,31.0,40.0,3062.615924790856,4053.2808922704635
SYNTH-31-40-1-Topic-7-Cell-4,1,31.0,40.0,3136.475430731551,4077.965030894812
SYNTH-31-40-1-Topic-8-Cell-5,1,31.0,40.0,3090.755767148638,3997.7390123930245
SYNTH-31-40-1-Topic-9-Cell-6,1,31.0,40.0,3068.152376652497,4100.065579198177
SYNTH-31-41-1-Topic-0-Cell-1,1,31.0,41.0,3100.0,4150.0
SYNTH-31-41-1-Topic-0-Cell-2,1,31.0,41.0,3117.924904260718,4130.433077045413
SYNTH-31-41-1-Topic-7-Cell-3,1,31.0,41.0,3062.615924790856,4153.2808922704635
SYNTH-31-41-1-Topic-7-Cell-4,1,31.0,41.0,3136.475430731551,4177.965030894812
SYNTH-31-41-1-Topic-7-Cell-5,1,31.0,41.0,3090.755767148638,4097.7390123930245
SYNTH-31-41-1-Topic-10-Cell-6,1,31.0,41.0,3068.152376652497,4200.065579198177
SYNTH-31-42-1-Topic-0-Cell-1,1,31.0,42.0,3100.0,4250.0
SYNTH-31-42-1-Topic-8-Cell-2,1,31.0,42.0,3119.6357488094313,4228.565509833614
SYNTH-31-42-1-Topic-8-Cell-3,1,31.0,42.0,3059.047797432964,4253.594037410554
SYNTH-31-42-1-Topic-8-Cell-4,1,31.0,42.0,3139.956832412776,4280.634156484835
SYNTH-31-42-1-Topic-8-Cell-5,1,31.0,42.0,3089.8734502809575,4192.750956420323
SYNTH-31-43-1-Topic-0-Cell-1,1,31.0,43.0,3100.0,4350.0
SYNTH-31-43-1-Topic-0-Cell-2,1,31.0,43.0,3117.924904260718,4330.433077045413
SYNTH-31-43-1-Topic-0-Cell-3,1,31.0,43.0,3062.615924790856,4353.2808922704635
SYNTH-31-43-1-Topic-8-Cell-4,1,31.0,43.0,3136.475430731551,4377.965030894812
SYNTH-31-43-1-Topic-8-Cell-5,1,31.0,43.0,3090.755767148638,4297.7390123930245
SYNTH-31-43-1-Topic-10-Cell-6,1,31.0,43.0,3068.152376652497,4400.065579198177
SYNTH-31-44-1-Topic-0-Cell-1,1,31.0,44.0,3100.0,4450.0
SYNTH-31-44-1-Topic-0-Cell-2,1,31.0,44.0,3119.6357488094313,4428.565509833614
SYNTH-31-44-1-Topic-7-Cell-3,1,31.0,44.0,3059.047797432964,4453.594037410554
SYNTH-31-44-1-Topic-7-Cell-4,1,31.0,44.0,3139.956832412776,4480.634156484835
SYNTH-31-44-1-Topic-8-Cell-5,1,31.0,44.0,3089.8734502809575,4392.750956420323
SYNTH-31-45-1-Topic-0-Cell-1,1,31.0,45.0,3100.0,4550.0
SYNTH-31-45-1-Topic-8-Cell-2,1,31.0,45.0,3119.6357488094313,4528.565509833614
SYNTH-31-45-1-Topic-8-Cell-3,1,31.0,45.0,3059.047797432964,4553.594037410554
SYNTH-31-45-1-Topic-8-Cell-4,1,31.0,45.0,3139.956832412776,4580.634156484835
SYNTH-31-45-1-Topic-8-Cell-5,1,31.0,45.0,3089.8734502809575,4492.750956420323
SYNTH-31-46-1-Topic-0-Cell-1,1,31.0,46.0,3100.0,4650.0
SYNTH-31-46-1-Topic-0-Cell-2,1,31.0,46.0,3121.9534345634997,4626.035511462454
SYNTH-31-46-1-Topic-0-Cell-3,1,31.0,46.0,3054.214045615883,4654.018255981839
SYNTH-31-46-1-Topic-0-Cell-4,1,31.0,46.0,3144.6730967202666,4684.250028166729
SYNTH-31-47-1-Topic-0-Cell-1,1,31.0,47.0,3100.0,4750.0
SYNTH-31-47-1-Topic-0-Cell-2,1,31.0,47.0,3119.6357488094313,4728.565509833614
SYNTH-31-47-1-Topic-0-Cell-3,1,31.0,47.0,3059.047797432964,4753.594037410554
SYNTH-31-47-1-Topic-5-Cell-4,1,31.0,47.0,3139.956832412776,4780.634156484835
SYNTH-31-47-1-Topic-5-Cell-5,1,31.0,47.0,3089.8734502809575,4692.750956420323
SYNTH-31-48-1-Topic-0-Cell-1,1,31.0,48.0,3100.0,4850.0
SYNTH-31-48-1-Topic-0-Cell-2,1,31.0,48.0,3117.924904260718,4830.433077045413
SYNTH-31-48-1-Topic-0-Cell-3,1,31.0,48.0,3062.615924790856,4853.2808922704635
SYNTH-31-48-1-Topic-0-Cell-4,1,31.0,48.0,3136.475430731551,4877.965030894812
SYNTH-31-48-1-Topic-8-Cell-5,1,31.0,48.0,3090.755767148638,4797.7390123930245
SYNTH-31-48-1-Topic-8-Cell-6,1,31.0,48.0,3068.152376652497,4900.065579198177
SYNTH-31-49-1-Topic-0-Cell-1,1,31.0,49.0,3100.0,4950.0
SYNTH-31-49-1-Topic-0-Cell-2,1,31.0,49.0,3119.6357488094313,4928.565509833614
SYNTH-31-49-1-Topic-7-Cell-3,1,31.0,49.0,3059.047797432964,4953.594037410554
SYNTH-31-49-1-Topic-8-Cell-4,1,31.0,49.0,3139.956832412776,4980.634156484835
SYNTH-31-49-1-Topic-8-Cell-5,1,31.0,49.0,3089.8734502809575,4892.750956420323
SYNTH-31-50-1-Topic-8-Cell-1,1,31.0,50.0,3100.0,5050.0
SYNTH-31-50-1-Topic-8-Cell-2,1,31.0,50.0,3119.6357488094313,5028.565509833614
SYNTH-31-50-1-Topic-8-Cell-3,1,31.0,50.0,3059.047797432964,5053.594037410554
SYNTH-31-50-1-Topic-8-Cell-4,1,31.0,50.0,3139.956832412776,5080.634156484835
SYNTH-31-50-1-Topic-8-Cell-5,1,31.0,50.0,3089.8734502809575,4992.750956420323
SYNTH-32-1-1-Topic-4-Cell-1,1,32.0,1.0,3200.0,100.0
SYNTH-32-1-1-Topic-4-Cell-2,1,32.0,1.0,3225.3496427097466,72.32819218371293
SYNTH-32-1-1-Topic-7-Cell-3,1,32.0,1.0,3147.1309338224523,104.63988234557421
SYNTH-32-2-1-Topic-4-Cell-1,1,32.0,2.0,3200.0,200.0
SYNTH-32-2-1-Topic-8-Cell-2,1,32.0,2.0,3219.6357488094313,178.5655098336136
SYNTH-32-2-1-Topic-8-Cell-3,1,32.0,2.0,3159.047797432964,203.59403741055414
SYNTH-32-2-1-Topic-8-Cell-4,1,32.0,2.0,3239.956832412776,230.63415648483507
SYNTH-32-2-1-Topic-9-Cell-5,1,32.0,2.0,3189.8734502809575,142.75095642032298
SYNTH-32-3-1-Topic-0-Cell-1,1,32.0,3.0,3200.0,300.0
SYNTH-32-3-1-Topic-3-Cell-2,1,32.0,3.0,3219.6357488094313,278.5655098336136
SYNTH-32-3-1-Topic-8-Cell-3,1,32.0,3.0,3159.047797432964,303.59403741055417
SYNTH-32-3-1-Topic-8-Cell-4,1,32.0,3.0,3239.956832412776,330.6341564848351
SYNTH-32-3-1-Topic-8-Cell-5,1,32.0,3.0,3189.8734502809575,242.75095642032298
SYNTH-32-4-1-Topic-8-Cell-1,1,32.0,4.0,3200.0,400.0
SYNTH-32-4-1-Topic-8-Cell-2,1,32.0,4.0,3219.6357488094313,378.5655098336136
SYNTH-32-4-1-Topic-8-Cell-3,1,32.0,4.0,3159.047797432964,403.59403741055417
SYNTH-32-4-1-Topic-9-Cell-4,1,32.0,4.0,3239.956832412776,430.6341564848351
SYNTH-32-4-1-Topic-9-Cell-5,1,32.0,4.0,3189.8734502809575,342.75095642032295
SYNTH-32-5-1-Topic-0-Cell-1,1,32.0,5.0,3200.0,500.0
SYNTH-32-5-1-Topic-0-Cell-2,1,32.0,5.0,3219.6357488094313,478.5655098336136
SYNTH-32-5-1-Topic-8-Cell-3,1,32.0,5.0,3159.047797432964,503.59403741055417
SYNTH-32-5-1-Topic-8-Cell-4,1,32.0,5.0,3239.956832412776,530.6341564848351
SYNTH-32-5-1-Topic-8-Cell-5,1,32.0,5.0,3189.8734502809575,442.75095642032295
SYNTH-32-6-1-Topic-8-Cell-1,1,32.0,6.0,3200.0,600.0
SYNTH-32-6-1-Topic-8-Cell-2,1,32.0,6.0,3219.6357488094313,578.5655098336136
SYNTH-32-6-1-Topic-10-Cell-3,1,32.0,6.0,3159.047797432964,603.5940374105542
SYNTH-32-6-1-Topic-10-Cell-4,1,32.0,6.0,3239.956832412776,630.6341564848351
SYNTH-32-6-1-Topic-10-Cell-5,1,32.0,6.0,3189.8734502809575,542.750956420323
SYNTH-32-7-1-Topic-0-Cell-1,1,32.0,7.0,3200.0,700.0
SYNTH-32-7-1-Topic-0-Cell-2,1,32.0,7.0,3217.924904260718,680.4330770454125
SYNTH-32-7-1-Topic-0-Cell-3,1,32.0,7.0,3162.615924790856,703.2808922704633
SYNTH-32-7-1-Topic-8-Cell-4,1,32.0,7.0,3236.475430731551,727.9650308948122
SYNTH-32-7-1-Topic-8-Cell-5,1,32.0,7.0,3190.755767148638,647.7390123930243
SYNTH-32-7-1-Topic-8-Cell-6,1,32.0,7.0,3168.152376652497,750.0655791981769
SYNTH-32-8-1-Topic-7-Cell-1,1,32.0,8.0,3200.0,800.0
SYNTH-32-8-1-Topic-8-Cell-2,1,32.0,8.0,3219.6357488094313,778.5655098336136
SYNTH-32-8-1-Topic-8-Cell-3,1,32.0,8.0,3159.047797432964,803.5940374105542
SYNTH-32-8-1-Topic-8-Cell-4,1,32.0,8.0,3239.956832412776,830.6341564848351
SYNTH-32-8-1-Topic-9-Cell-5,1,32.0,8.0,3189.8734502809575,742.750956420323
SYNTH-32-9-1-Topic-0-Cell-1,1,32.0,9.0,3200.0,900.0
SYNTH-32-9-1-Topic-8-Cell-2,1,32.0,9.0,3219.6357488094313,878.5655098336136
SYNTH-32-9-1-Topic-8-Cell-3,1,32.0,9.0,3159.047797432964,903.5940374105542
SYNTH-32-9-1-Topic-8-Cell-4,1,32.0,9.0,3239.956832412776,930.6341564848351
SYNTH-32-9-1-Topic-8-Cell-5,1,32.0,9.0,3189.8734502809575,842.750956420323
SYNTH-32-10-1-Topic-7-Cell-1,1,32.0,10.0,3200.0,1000.0
SYNTH-32-10-1-Topic-7-Cell-2,1,32.0,10.0,3219.6357488094313,978.5655098336136
SYNTH-32-10-1-Topic-8-Cell-3,1,32.0,10.0,3159.047797432964,1003.5940374105542
SYNTH-32-10-1-Topic-8-Cell-4,1,32.0,10.0,3239.956832412776,1030.634156484835
SYNTH-32-10-1-Topic-8-Cell-5,1,32.0,10.0,3189.8734502809575,942.750956420323
SYNTH-32-11-1-Topic-0-Cell-1,1,32.0,11.0,3200.0,1100.0
SYNTH-32-11-1-Topic-0-Cell-2,1,32.0,11.0,3217.924904260718,1080.4330770454126
SYNTH-32-11-1-Topic-0-Cell-3,1,32.0,11.0,3162.615924790856,1103.2808922704633
SYNTH-32-11-1-Topic-8-Cell-4,1,32.0,11.0,3236.475430731551,1127.9650308948123
SYNTH-32-11-1-Topic-8-Cell-5,1,32.0,11.0,3190.755767148638,1047.7390123930243
SYNTH-32-11-1-Topic-8-Cell-6,1,32.0,11.0,3168.152376652497,1150.065579198177
SYNTH-32-12-1-Topic-0-Cell-1,1,32.0,12.0,3200.0,1200.0
SYNTH-32-12-1-Topic-0-Cell-2,1,32.0,12.0,3219.6357488094313,1178.5655098336135
SYNTH-32-12-1-Topic-0-Cell-3,1,32.0,12.0,3159.047797432964,1203.5940374105542
SYNTH-32-12-1-Topic-8-Cell-4,1,32.0,12.0,3239.956832412776,1230.634156484835
SYNTH-32-12-1-Topic-8-Cell-5,1,32.0,12.0,3189.8734502809575,1142.750956420323
SYNTH-32-13-1-Topic-7-Cell-1,1,32.0,13.0,3200.0,1300.0
SYNTH-32-13-1-Topic-7-Cell-2,1,32.0,13.0,3219.6357488094313,1278.5655098336135
SYNTH-32-13-1-Topic-7-Cell-3,1,32.0,13.0,3159.047797432964,1303.5940374105542
SYNTH-32-13-1-Topic-8-Cell-4,1,32.0,13.0,3239.956832412776,1330.634156484835
SYNTH-32-13-1-Topic-8-Cell-5,1,32.0,13.0,3189.8734502809575,1242.750956420323
SYNTH-32-14-1-Topic-7-Cell-1,1,32.0,14.0,3200.0,1400.0
SYNTH-32-14-1-Topic-7-Cell-2,1,32.0,14.0,3219.6357488094313,1378.5655098336135
SYNTH-32-14-1-Topic-7-Cell-3,1,32.0,14.0,3159.047797432964,1403.5940374105542
SYNTH-32-14-1-Topic-7-Cell-4,1,32.0,14.0,3239.956832412776,1430.634156484835
SYNTH-32-14-1-Topic-7-Cell-5,1,32.0,14.0,3189.8734502809575,1342.750956420323
SYNTH-32-15-1-Topic-0-Cell-1,1,32.0,15.0,3200.0,1500.0
SYNTH-32-15-1-Topic-8-Cell-2,1,32.0,15.0,3221.9534345634997,1476.0355114624547
SYNTH-32-15-1-Topic-8-Cell-3,1,32.0,15.0,3154.214045615883,1504.0182559818381
SYNTH-32-15-1-Topic-8-Cell-4,1,32.0,15.0,3244.6730967202666,1534.2500281667287
SYNTH-32-16-1-Topic-0-Cell-1,1,32.0,16.0,3200.0,1600.0
SYNTH-32-16-1-Topic-0-Cell-2,1,32.0,16.0,3219.6357488094313,1578.5655098336135
SYNTH-32-16-1-Topic-8-Cell-3,1,32.0,16.0,3159.047797432964,1603.5940374105542
SYNTH-32-16-1-Topic-8-Cell-4,1,32.0,16.0,3239.956832412776,1630.634156484835
SYNTH-32-16-1-Topic-8-Cell-5,1,32.0,16.0,3189.8734502809575,1542.750956420323
SYNTH-32-17-1-Topic-8-Cell-1,1,32.0,17.0,3200.0,1700.0
SYNTH-32-17-1-Topic-8-Cell-2,1,32.0,17.0,3219.6357488094313,1678.5655098336135
SYNTH-32-17-1-Topic-8-Cell-3,1,32.0,17.0,3159.047797432964,1703.5940374105542
SYNTH-32-17-1-Topic-8-Cell-4,1,32.0,17.0,3239.956832412776,1730.634156484835
SYNTH-32-17-1-Topic-9-Cell-5,1,32.0,17.0,3189.8734502809575,1642.750956420323
SYNTH-32-18-1-Topic-0-Cell-1,1,32.0,18.0,3200.0,1800.0
SYNTH-32-18-1-Topic-0-Cell-2,1,32.0,18.0,3217.924904260718,1780.4330770454126
SYNTH-32-18-1-Topic-0-Cell-3,1,32.0,18.0,3162.615924790856,1803.2808922704633
SYNTH-32-18-1-Topic-0-Cell-4,1,32.0,18.0,3236.475430731551,1827.9650308948123
SYNTH-32-18-1-Topic-8-Cell-5,1,32.0,18.0,3190.755767148638,1747.7390123930243
SYNTH-32-18-1-Topic-9-Cell-6,1,32.0,18.0,3168.152376652497,1850.065579198177
SYNTH-32-19-1-Topic-0-Cell-1,1,32.0,19.0,3200.0,1900.0
SYNTH-32-19-1-Topic-0-Cell-2,1,32.0,19.0,3221.9534345634997,1876.0355114624547
SYNTH-32-19-1-Topic-0-Cell-3,1,32.0,19.0,3154.214045615883,1904.0182559818381
SYNTH-32-19-1-Topic-0-Cell-4,1,32.0,19.0,3244.6730967202666,1934.2500281667287
SYNTH-32-20-1-Topic-4-Cell-1,1,32.0,20.0,3200.0,2000.0
SYNTH-32-20-1-Topic-7-Cell-2,1,32.0,20.0,3219.6357488094313,1978.5655098336135
SYNTH-32-20-1-Topic-8-Cell-3,1,32.0,20.0,3159.047797432964,2003.5940374105542
SYNTH-32-20-1-Topic-8-Cell-4,1,32.0,20.0,3239.956832412776,2030.634156484835
SYNTH-32-20-1-Topic-8-Cell-5,1,32.0,20.0,3189.8734502809575,1942.750956420323
SYNTH-32-21-1-Topic-0-Cell-1,1,32.0,21.0,3200.0,2100.0
SYNTH-32-21-1-Topic-0-Cell-2,1,32.0,21.0,3219.6357488094313,2078.5655098336138
SYNTH-32-21-1-Topic-0-Cell-3,1,32.0,21.0,3159.047797432964,2103.594037410554
SYNTH-32-21-1-Topic-0-Cell-4,1,32.0,21.0,3239.956832412776,2130.634156484835
SYNTH-32-21-1-Topic-7-Cell-5,1,32.0,21.0,3189.8734502809575,2042.750956420323
SYNTH-32-22-1-Topic-4-Cell-1,1,32.0,22.0,3200.0,2200.0
SYNTH-32-22-1-Topic-4-Cell-2,1,32.0,22.0,3221.9534345634997,2176.0355114624545
SYNTH-32-22-1-Topic-7-Cell-3,1,32.0,22.0,3154.214045615883,2204.018255981838
SYNTH-32-22-1-Topic-7-Cell-4,1,32.0,22.0,3244.6730967202666,2234.2500281667285
SYNTH-32-23-1-Topic-8-Cell-1,1,32.0,23.0,3200.0,2300.0
SYNTH-32-23-1-Topic-8-Cell-2,1,32.0,23.0,3219.6357488094313,2278.5655098336138
SYNTH-32-23-1-Topic-8-Cell-3,1,32.0,23.0,3159.047797432964,2303.594037410554
SYNTH-32-23-1-Topic-10-Cell-4,1,32.0,23.0,3239.956832412776,2330.634156484835
SYNTH-32-23-1-Topic-10-Cell-5,1,32.0,23.0,3189.8734502809575,2242.750956420323
SYNTH-32-24-1-Topic-7-Cell-1,1,32.0,24.0,3200.0,2400.0
SYNTH-32-24-1-Topic-7-Cell-2,1,32.0,24.0,3219.6357488094313,2378.5655098336138
SYNTH-32-24-1-Topic-8-Cell-3,1,32.0,24.0,3159.047797432964,2403.594037410554
SYNTH-32-24-1-Topic-8-Cell-4,1,32.0,24.0,3239.956832412776,2430.634156484835
SYNTH-32-24-1-Topic-8-Cell-5,1,32.0,24.0,3189.8734502809575,2342.750956420323
SYNTH-32-25-1-Topic-0-Cell-1,1,32.0,25.0,3200.0,2500.0
SYNTH-32-25-1-Topic-0-Cell-2,1,32.0,25.0,3221.9534345634997,2476.0355114624545
SYNTH-32-25-1-Topic-8-Cell-3,1,32.0,25.0,3154.214045615883,2504.018255981838
SYNTH-32-25-1-Topic-8-Cell-4,1,32.0,25.0,3244.6730967202666,2534.2500281667285
SYNTH-32-26-1-Topic-7-Cell-1,1,32.0,26.0,3200.0,2600.0
SYNTH-32-26-1-Topic-10-Cell-2,1,32.0,26.0,3225.3496427097466,2572.328192183713
SYNTH-32-26-1-Topic-10-Cell-3,1,32.0,26.0,3147.1309338224523,2604.6398823455743
SYNTH-32-27-1-Topic-7-Cell-1,1,32.0,27.0,3200.0,2700.0
SYNTH-32-27-1-Topic-8-Cell-2,1,32.0,27.0,3221.9534345634997,2676.0355114624545
SYNTH-32-27-1-Topic-8-Cell-3,1,32.0,27.0,3154.214045615883,2704.018255981838
SYNTH-32-27-1-Topic-8-Cell-4,1,32.0,27.0,3244.6730967202666,2734.2500281667285
SYNTH-32-28-1-Topic-8-Cell-1,1,32.0,28.0,3200.0,2800.0
SYNTH-32-28-1-Topic-9-Cell-2,1,32.0,28.0,3221.9534345634997,2776.0355114624545
SYNTH-32-28-1-Topic-9-Cell-3,1,32.0,28.0,3154.214045615883,2804.018255981838
SYNTH-32-28-1-Topic-9-Cell-4,1,32.0,28.0,3244.6730967202666,2834.2500281667285
SYNTH-32-29-1-Topic-0-Cell-1,1,32.0,29.0,3200.0,2900.0
SYNTH-32-29-1-Topic-8-Cell-2,1,32.0,29.0,3219.6357488094313,2878.5655098336138
SYNTH-32-29-1-Topic-8-Cell-3,1,32.0,29.0,3159.047797432964,2903.594037410554
SYNTH-32-29-1-Topic-9-Cell-4,1,32.0,29.0,3239.956832412776,2930.634156484835
SYNTH-32-29-1-Topic-9-Cell-5,1,32.0,29.0,3189.8734502809575,2842.750956420323
SYNTH-32-30-1-Topic-4-Cell-1,1,32.0,30.0,3200.0,3000.0
SYNTH-32-30-1-Topic-8-Cell-2,1,32.0,30.0,3217.924904260718,2980.4330770454126
SYNTH-32-30-1-Topic-8-Cell-3,1,32.0,30.0,3162.615924790856,3003.2808922704635
SYNTH-32-30-1-Topic-8-Cell-4,1,32.0,30.0,3236.475430731551,3027.965030894812
SYNTH-32-30-1-Topic-8-Cell-5,1,32.0,30.0,3190.755767148638,2947.7390123930245
SYNTH-32-30-1-Topic-8-Cell-6,1,32.0,30.0,3168.152376652497,3050.065579198177
SYNTH-32-31-1-Topic-0-Cell-1,1,32.0,31.0,3200.0,3100.0
SYNTH-32-31-1-Topic-0-Cell-2,1,32.0,31.0,3217.924904260718,3080.4330770454126
SYNTH-32-31-1-Topic-0-Cell-3,1,32.0,31.0,3162.615924790856,3103.2808922704635
SYNTH-32-31-1-Topic-0-Cell-4,1,32.0,31.0,3236.475430731551,3127.965030894812
SYNTH-32-31-1-Topic-8-Cell-5,1,32.0,31.0,3190.755767148638,3047.7390123930245
SYNTH-32-31-1-Topic-8-Cell-6,1,32.0,31.0,3168.152376652497,3150.065579198177
SYNTH-32-32-1-Topic-0-Cell-1,1,32.0,32.0,3200.0,3200.0
SYNTH-32-32-1-Topic-0-Cell-2,1,32.0,32.0,3219.6357488094313,3178.5655098336138
SYNTH-32-32-1-Topic-7-Cell-3,1,32.0,32.0,3159.047797432964,3203.594037410554
SYNTH-32-32-1-Topic-8-Cell-4,1,32.0,32.0,3239.956832412776,3230.634156484835
SYNTH-32-32-1-Topic-9-Cell-5,1,32.0,32.0,3189.8734502809575,3142.750956420323
SYNTH-32-33-1-Topic-4-Cell-1,1,32.0,33.0,3200.0,3300.0
SYNTH-32-33-1-Topic-4-Cell-2,1,32.0,33.0,3221.9534345634997,3276.0355114624545
SYNTH-32-33-1-Topic-8-Cell-3,1,32.0,33.0,3154.214045615883,3304.018255981838
SYNTH-32-33-1-Topic-8-Cell-4,1,32.0,33.0,3244.6730967202666,3334.2500281667285
SYNTH-32-34-1-Topic-0-Cell-1,1,32.0,34.0,3200.0,3400.0
SYNTH-32-34-1-Topic-0-Cell-2,1,32.0,34.0,3216.5952366510714,3381.884549437942
SYNTH-32-34-1-Topic-7-Cell-3,1,32.0,34.0,3165.3890717599656,3403.0375160091835
SYNTH-32-34-1-Topic-8-Cell-4,1,32.0,34.0,3233.769686919132,3425.8905876931776
SYNTH-32-34-1-Topic-8-Cell-5,1,32.0,34.0,3191.441503419231,3351.6157272394976
SYNTH-32-34-1-Topic-8-Cell-6,1,32.0,34.0,3170.5148301748964,3446.3517195284267
SYNTH-32-34-1-Topic-10-Cell-7,1,32.0,34.0,3258.1150977231787,3384.3774525747567
SYNTH-32-35-1-Topic-6-Cell-1,1,32.0,35.0,3200.0,3500.0
SYNTH-32-35-1-Topic-7-Cell-2,1,32.0,35.0,3221.9534345634997,3476.0355114624545
SYNTH-32-35-1-Topic-7-Cell-3,1,32.0,35.0,3154.214045615883,3504.018255981838
SYNTH-32-35-1-Topic-10-Cell-4,1,32.0,35.0,3244.6730967202666,3534.2500281667285
SYNTH-32-36-1-Topic-0-Cell-1,1,32.0,36.0,3200.0,3600.0
SYNTH-32-36-1-Topic-8-Cell-2,1,32.0,36.0,3219.6357488094313,3578.5655098336138
SYNTH-32-36-1-Topic-8-Cell-3,1,32.0,36.0,3159.047797432964,3603.594037410554
SYNTH-32-36-1-Topic-8-Cell-4,1,32.0,36.0,3239.956832412776,3630.634156484835
SYNTH-32-36-1-Topic-8-Cell-5,1,32.0,36.0,3189.8734502809575,3542.750956420323
SYNTH-32-37-1-Topic-0-Cell-1,1,32.0,37.0,3200.0,3700.0
SYNTH-32-37-1-Topic-8-Cell-2,1,32.0,37.0,3219.6357488094313,3678.5655098336138
SYNTH-32-37-1-Topic-8-Cell-3,1,32.0,37.0,3159.047797432964,3703.594037410554
SYNTH-32-37-1-Topic-8-Cell-4,1,32.0,37.0,3239.956832412776,3730.634156484835
SYNTH-32-37-1-Topic-8-Cell-5,1,32.0,37.0,3189.8734502809575,3642.750956420323
SYNTH-32-38-1-Topic-0-Cell-1,1,32.0,38.0,3200.0,3800.0
SYNTH-32-38-1-Topic-0-Cell-2,1,32.0,38.0,3219.6357488094313,3778.5655098336138
SYNTH-32-38-1-Topic-8-Cell-3,1,32.0,38.0,3159.047797432964,3803.594037410554
SYNTH-32-38-1-Topic-8-Cell-4,1,32.0,38.0,3239.956832412776,3830.634156484835
SYNTH-32-38-1-Topic-9-Cell-5,1,32.0,38.0,3189.8734502809575,3742.750956420323
SYNTH-32-39-1-Topic-0-Cell-1,1,32.0,39.0,3200.0,3900.0
SYNTH-32-39-1-Topic-7-Cell-2,1,32.0,39.0,3217.924904260718,3880.4330770454126
SYNTH-32-39-1-Topic-7-Cell-3,1,32.0,39.0,3162.615924790856,3903.2808922704635
SYNTH-32-39-1-Topic-8-Cell-4,1,32.0,39.0,3236.475430731551,3927.965030894812
SYNTH-32-39-1-Topic-8-Cell-5,1,32.0,39.0,3190.755767148638,3847.7390123930245
SYNTH-32-39-1-Topic-8-Cell-6,1,32.0,39.0,3168.152376652497,3950.065579198177
SYNTH-32-40-1-Topic-0-Cell-1,1,32.0,40.0,3200.0,4000.0
SYNTH-32-40-1-Topic-0-Cell-2,1,32.0,40.0,3217.924904260718,3980.4330770454126
SYNTH-32-40-1-Topic-0-Cell-3,1,32.0,40.0,3162.615924790856,4003.2808922704635
SYNTH-32-40-1-Topic-0-Cell-4,1,32.0,40.0,3236.475430731551,4027.965030894812
SYNTH-32-40-1-Topic-4-Cell-5,1,32.0,40.0,3190.755767148638,3947.7390123930245
SYNTH-32-40-1-Topic-7-Cell-6,1,32.0,40.0,3168.152376652497,4050.065579198177
SYNTH-32-41-1-Topic-0-Cell-1,1,32.0,41.0,3200.0,4100.0
SYNTH-32-41-1-Topic-0-Cell-2,1,32.0,41.0,3217.924904260718,4080.4330770454126
SYNTH-32-41-1-Topic-4-Cell-3,1,32.0,41.0,3162.615924790856,4103.2808922704635
SYNTH-32-41-1-Topic-8-Cell-4,1,32.0,41.0,3236.475430731551,4127.965030894812
SYNTH-32-41-1-Topic-8-Cell-5,1,32.0,41.0,3190.755767148638,4047.7390123930245
SYNTH-32-41-1-Topic-8-Cell-6,1,32.0,41.0,3168.152376652497,4150.065579198177
SYNTH-32-42-1-Topic-0-Cell-1,1,32.0,42.0,3200.0,4200.0
SYNTH-32-42-1-Topic-7-Cell-2,1,32.0,42.0,3221.9534345634997,4176.035511462454
SYNTH-32-42-1-Topic-10-Cell-3,1,32.0,42.0,3154.214045615883,4204.018255981839
SYNTH-32-42-1-Topic-10-Cell-4,1,32.0,42.0,3244.6730967202666,4234.250028166729
SYNTH-32-43-1-Topic-8-Cell-1,1,32.0,43.0,3200.0,4300.0
SYNTH-32-43-1-Topic-8-Cell-2,1,32.0,43.0,3219.6357488094313,4278.565509833614
SYNTH-32-43-1-Topic-8-Cell-3,1,32.0,43.0,3159.047797432964,4303.594037410554
SYNTH-32-43-1-Topic-8-Cell-4,1,32.0,43.0,3239.956832412776,4330.634156484835
SYNTH-32-43-1-Topic-8-Cell-5,1,32.0,43.0,3189.8734502809575,4242.750956420323
SYNTH-32-44-1-Topic-0-Cell-1,1,32.0,44.0,3200.0,4400.0
SYNTH-32-44-1-Topic-0-Cell-2,1,32.0,44.0,3217.924904260718,4380.433077045413
SYNTH-32-44-1-Topic-0-Cell-3,1,32.0,44.0,3162.615924790856,4403.2808922704635
SYNTH-32-44-1-Topic-0-Cell-4,1,32.0,44.0,3236.475430731551,4427.965030894812
SYNTH-32-44-1-Topic-8-Cell-5,1,32.0,44.0,3190.755767148638,4347.7390123930245
SYNTH-32-44-1-Topic-8-Cell-6,1,32.0,44.0,3168.152376652497,4450.065579198177
SYNTH-32-45-1-Topic-0-Cell-1,1,32.0,45.0,3200.0,4500.0
SYNTH-32-45-1-Topic-0-Cell-2,1,32.0,45.0,3219.6357488094313,4478.565509833614
SYNTH-32-45-1-Topic-7-Cell-3,1,32.0,45.0,3159.047797432964,4503.594037410554
SYNTH-32-45-1-Topic-8-Cell-4,1,32.0,45.0,3239.956832412776,4530.634156484835
SYNTH-32-45-1-Topic-8-Cell-5,1,32.0,45.0,3189.8734502809575,4442.750956420323
SYNTH-32-46-1-Topic-0-Cell-1,1,32.0,46.0,3200.0,4600.0
SYNTH-32-46-1-Topic-0-Cell-2,1,32.0,46.0,3217.924904260718,4580.433077045413
SYNTH-32-46-1-Topic-0-Cell-3,1,32.0,46.0,3162.615924790856,4603.2808922704635
SYNTH-32-46-1-Topic-8-Cell-4,1,32.0,46.0,3236.475430731551,4627.965030894812
SYNTH-32-46-1-Topic-8-Cell-5,1,32.0,46.0,3190.755767148638,4547.7390123930245
SYNTH-32-46-1-Topic-8-Cell-6,1,32.0,46.0,3168.152376652497,4650.065579198177
SYNTH-32-47-1-Topic-8-Cell-1,1,32.0,47.0,3200.0,4700.0
SYNTH-32-47-1-Topic-8-Cell-2,1,32.0,47.0,3221.9534345634997,4676.035511462454
SYNTH-32-47-1-Topic-8-Cell-3,1,32.0,47.0,3154.214045615883,4704.018255981839
SYNTH-32-47-1-Topic-9-Cell-4,1,32.0,47.0,3244.6730967202666,4734.250028166729
SYNTH-32-48-1-Topic-0-Cell-1,1,32.0,48.0,3200.0,4800.0
SYNTH-32-48-1-Topic-8-Cell-2,1,32.0,48.0,3221.9534345634997,4776.035511462454
SYNTH-32-48-1-Topic-8-Cell-3,1,32.0,48.0,3154.214045615883,4804.018255981839
SYNTH-32-48-1-Topic-8-Cell-4,1,32.0,48.0,3244.6730967202666,4834.250028166729
SYNTH-32-49-1-Topic-7-Cell-1,1,32.0,49.0,3200.0,4900.0
SYNTH-32-49-1-Topic-8-Cell-2,1,32.0,49.0,3221.9534345634997,4876.035511462454
SYNTH-32-49-1-Topic-8-Cell-3,1,32.0,49.0,3154.214045615883,4904.018255981839
SYNTH-32-49-1-Topic-8-Cell-4,1,32.0,49.0,3244.6730967202666,4934.250028166729
SYNTH-32-50-1-Topic-8-Cell-1,1,32.0,50.0,3200.0,5000.0
SYNTH-32-50-1-Topic-8-Cell-2,1,32.0,50.0,3219.6357488094313,4978.565509833614
SYNTH-32-50-1-Topic-8-Cell-3,1,32.0,50.0,3159.047797432964,5003.594037410554
SYNTH-32-50-1-Topic-8-Cell-4,1,32.0,50.0,3239.956832412776,5030.634156484835
SYNTH-32-50-1-Topic-8-Cell-5,1,32.0,50.0,3189.8734502809575,4942.750956420323
SYNTH-33-1-1-Topic-8-Cell-1,1,33.0,1.0,3300.0,150.0
SYNTH-33-1-1-Topic-8-Cell-2,1,33.0,1.0,3319.6357488094313,128.5655098336136
SYNTH-33-1-1-Topic-8-Cell-3,1,33.0,1.0,3259.047797432964,153.59403741055414
SYNTH-33-1-1-Topic-8-Cell-4,1,33.0,1.0,3339.956832412776,180.63415648483507
SYNTH-33-1-1-Topic-8-Cell-5,1,33.0,1.0,3289.8734502809575,92.75095642032298
SYNTH-33-2-1-Topic-4-Cell-1,1,33.0,2.0,3300.0,250.0
SYNTH-33-2-1-Topic-4-Cell-2,1,33.0,2.0,3319.6357488094313,228.5655098336136
SYNTH-33-2-1-Topic-8-Cell-3,1,33.0,2.0,3259.047797432964,253.59403741055414
SYNTH-33-2-1-Topic-8-Cell-4,1,33.0,2.0,3339.956832412776,280.6341564848351
SYNTH-33-2-1-Topic-8-Cell-5,1,33.0,2.0,3289.8734502809575,192.75095642032298
SYNTH-33-3-1-Topic-0-Cell-1,1,33.0,3.0,3300.0,350.0
SYNTH-33-3-1-Topic-8-Cell-2,1,33.0,3.0,3319.6357488094313,328.5655098336136
SYNTH-33-3-1-Topic-8-Cell-3,1,33.0,3.0,3259.047797432964,353.59403741055417
SYNTH-33-3-1-Topic-8-Cell-4,1,33.0,3.0,3339.956832412776,380.6341564848351
SYNTH-33-3-1-Topic-8-Cell-5,1,33.0,3.0,3289.8734502809575,292.75095642032295
SYNTH-33-4-1-Topic-8-Cell-1,1,33.0,4.0,3300.0,450.0
SYNTH-33-4-1-Topic-8-Cell-2,1,33.0,4.0,3321.9534345634997,426.0355114624546
SYNTH-33-4-1-Topic-8-Cell-3,1,33.0,4.0,3254.214045615883,454.0182559818382
SYNTH-33-4-1-Topic-8-Cell-4,1,33.0,4.0,3344.6730967202666,484.2500281667286
SYNTH-33-5-1-Topic-0-Cell-1,1,33.0,5.0,3300.0,550.0
SYNTH-33-5-1-Topic-0-Cell-2,1,33.0,5.0,3317.924904260718,530.4330770454125
SYNTH-33-5-1-Topic-8-Cell-3,1,33.0,5.0,3262.615924790856,553.2808922704633
SYNTH-33-5-1-Topic-8-Cell-4,1,33.0,5.0,3336.475430731551,577.9650308948122
SYNTH-33-5-1-Topic-9-Cell-5,1,33.0,5.0,3290.755767148638,497.7390123930243
SYNTH-33-5-1-Topic-9-Cell-6,1,33.0,5.0,3268.152376652497,600.0655791981769
SYNTH-33-6-1-Topic-8-Cell-1,1,33.0,6.0,3300.0,650.0
SYNTH-33-6-1-Topic-8-Cell-2,1,33.0,6.0,3321.9534345634997,626.0355114624546
SYNTH-33-6-1-Topic-8-Cell-3,1,33.0,6.0,3254.214045615883,654.0182559818381
SYNTH-33-6-1-Topic-8-Cell-4,1,33.0,6.0,3344.6730967202666,684.2500281667286
SYNTH-33-7-1-Topic-0-Cell-1,1,33.0,7.0,3300.0,750.0
SYNTH-33-7-1-Topic-0-Cell-2,1,33.0,7.0,3317.924904260718,730.4330770454125
SYNTH-33-7-1-Topic-0-Cell-3,1,33.0,7.0,3262.615924790856,753.2808922704633
SYNTH-33-7-1-Topic-0-Cell-4,1,33.0,7.0,3336.475430731551,777.9650308948122
SYNTH-33-7-1-Topic-0-Cell-5,1,33.0,7.0,3290.755767148638,697.7390123930243
SYNTH-33-7-1-Topic-0-Cell-6,1,33.0,7.0,3268.152376652497,800.0655791981769
SYNTH-33-8-1-Topic-0-Cell-1,1,33.0,8.0,3300.0,850.0
SYNTH-33-8-1-Topic-8-Cell-2,1,33.0,8.0,3317.924904260718,830.4330770454125
SYNTH-33-8-1-Topic-8-Cell-3,1,33.0,8.0,3262.615924790856,853.2808922704633
SYNTH-33-8-1-Topic-9-Cell-4,1,33.0,8.0,3336.475430731551,877.9650308948122
SYNTH-33-8-1-Topic-9-Cell-5,1,33.0,8.0,3290.755767148638,797.7390123930243
SYNTH-33-8-1-Topic-9-Cell-6,1,33.0,8.0,3268.152376652497,900.0655791981769
SYNTH-33-9-1-Topic-7-Cell-1,1,33.0,9.0,3300.0,950.0
SYNTH-33-9-1-Topic-8-Cell-2,1,33.0,9.0,3319.6357488094313,928.5655098336136
SYNTH-33-9-1-Topic-8-Cell-3,1,33.0,9.0,3259.047797432964,953.5940374105542
SYNTH-33-9-1-Topic-9-Cell-4,1,33.0,9.0,3339.956832412776,980.6341564848351
SYNTH-33-9-1-Topic-9-Cell-5,1,33.0,9.0,3289.8734502809575,892.750956420323
SYNTH-33-10-1-Topic-0-Cell-1,1,33.0,10.0,3300.0,1050.0
SYNTH-33-10-1-Topic-0-Cell-2,1,33.0,10.0,3321.9534345634997,1026.0355114624547
SYNTH-33-10-1-Topic-0-Cell-3,1,33.0,10.0,3254.214045615883,1054.0182559818381
SYNTH-33-10-1-Topic-0-Cell-4,1,33.0,10.0,3344.6730967202666,1084.2500281667287
SYNTH-33-11-1-Topic-7-Cell-1,1,33.0,11.0,3300.0,1150.0
SYNTH-33-11-1-Topic-7-Cell-2,1,33.0,11.0,3319.6357488094313,1128.5655098336135
SYNTH-33-11-1-Topic-8-Cell-3,1,33.0,11.0,3259.047797432964,1153.5940374105542
SYNTH-33-11-1-Topic-8-Cell-4,1,33.0,11.0,3339.956832412776,1180.634156484835
SYNTH-33-11-1-Topic-8-Cell-5,1,33.0,11.0,3289.8734502809575,1092.750956420323
SYNTH-33-12-1-Topic-0-Cell-1,1,33.0,12.0,3300.0,1250.0
SYNTH-33-12-1-Topic-8-Cell-2,1,33.0,12.0,3319.6357488094313,1228.5655098336135
SYNTH-33-12-1-Topic-8-Cell-3,1,33.0,12.0,3259.047797432964,1253.5940374105542
SYNTH-33-12-1-Topic-8-Cell-4,1,33.0,12.0,3339.956832412776,1280.634156484835
SYNTH-33-12-1-Topic-8-Cell-5,1,33.0,12.0,3289.8734502809575,1192.750956420323
SYNTH-33-13-1-Topic-8-Cell-1,1,33.0,13.0,3300.0,1350.0
SYNTH-33-13-1-Topic-8-Cell-2,1,33.0,13.0,3319.6357488094313,1328.5655098336135
SYNTH-33-13-1-Topic-8-Cell-3,1,33.0,13.0,3259.047797432964,1353.5940374105542
SYNTH-33-13-1-Topic-8-Cell-4,1,33.0,13.0,3339.956832412776,1380.634156484835
SYNTH-33-13-1-Topic-8-Cell-5,1,33.0,13.0,3289.8734502809575,1292.750956420323
SYNTH-33-14-1-Topic-0-Cell-1,1,33.0,14.0,3300.0,1450.0
SYNTH-33-14-1-Topic-0-Cell-2,1,33.0,14.0,3319.6357488094313,1428.5655098336135
SYNTH-33-14-1-Topic-7-Cell-3,1,33.0,14.0,3259.047797432964,1453.5940374105542
SYNTH-33-14-1-Topic-7-Cell-4,1,33.0,14.0,3339.956832412776,1480.634156484835
SYNTH-33-14-1-Topic-7-Cell-5,1,33.0,14.0,3289.8734502809575,1392.750956420323
SYNTH-33-15-1-Topic-0-Cell-1,1,33.0,15.0,3300.0,1550.0
SYNTH-33-15-1-Topic-8-Cell-2,1,33.0,15.0,3319.6357488094313,1528.5655098336135
SYNTH-33-15-1-Topic-8-Cell-3,1,33.0,15.0,3259.047797432964,1553.5940374105542
SYNTH-33-15-1-Topic-8-Cell-4,1,33.0,15.0,3339.956832412776,1580.634156484835
SYNTH-33-15-1-Topic-8-Cell-5,1,33.0,15.0,3289.8734502809575,1492.750956420323
SYNTH-33-16-1-Topic-8-Cell-1,1,33.0,16.0,3300.0,1650.0
SYNTH-33-16-1-Topic-8-Cell-2,1,33.0,16.0,3317.924904260718,1630.4330770454126
SYNTH-33-16-1-Topic-8-Cell-3,1,33.0,16.0,3262.615924790856,1653.2808922704633
SYNTH-33-16-1-Topic-8-Cell-4,1,33.0,16.0,3336.475430731551,1677.9650308948123
SYNTH-33-16-1-Topic-8-Cell-5,1,33.0,16.0,3290.755767148638,1597.7390123930243
SYNTH-33-16-1-Topic-8-Cell-6,1,33.0,16.0,3268.152376652497,1700.065579198177
SYNTH-33-17-1-Topic-0-Cell-1,1,33.0,17.0,3300.0,1750.0
SYNTH-33-17-1-Topic-0-Cell-2,1,33.0,17.0,3317.924904260718,1730.4330770454126
SYNTH-33-17-1-Topic-8-Cell-3,1,33.0,17.0,3262.615924790856,1753.2808922704633
SYNTH-33-17-1-Topic-8-Cell-4,1,33.0,17.0,3336.475430731551,1777.9650308948123
SYNTH-33-17-1-Topic-8-Cell-5,1,33.0,17.0,3290.755767148638,1697.7390123930243
SYNTH-33-17-1-Topic-9-Cell-6,1,33.0,17.0,3268.152376652497,1800.065579198177
SYNTH-33-18-1-Topic-0-Cell-1,1,33.0,18.0,3300.0,1850.0
SYNTH-33-18-1-Topic-0-Cell-2,1,33.0,18.0,3317.924904260718,1830.4330770454126
SYNTH-33-18-1-Topic-0-Cell-3,1,33.0,18.0,3262.615924790856,1853.2808922704633
SYNTH-33-18-1-Topic-0-Cell-4,1,33.0,18.0,3336.475430731551,1877.9650308948123
SYNTH-33-18-1-Topic-9-Cell-5,1,33.0,18.0,3290.755767148638,1797.7390123930243
SYNTH-33-18-1-Topic-9-Cell-6,1,33.0,18.0,3268.152376652497,1900.065579198177
SYNTH-33-19-1-Topic-9-Cell-1,1,33.0,19.0,3300.0,1950.0
SYNTH-33-19-1-Topic-9-Cell-2,1,33.0,19.0,3321.9534345634997,1926.0355114624547
SYNTH-33-19-1-Topic-9-Cell-3,1,33.0,19.0,3254.214045615883,1954.0182559818381
SYNTH-33-19-1-Topic-9-Cell-4,1,33.0,19.0,3344.6730967202666,1984.2500281667287
SYNTH-33-20-1-Topic-0-Cell-1,1,33.0,20.0,3300.0,2050.0
SYNTH-33-20-1-Topic-0-Cell-2,1,33.0,20.0,3319.6357488094313,2028.5655098336135
SYNTH-33-20-1-Topic-0-Cell-3,1,33.0,20.0,3259.047797432964,2053.594037410554
SYNTH-33-20-1-Topic-8-Cell-4,1,33.0,20.0,3339.956832412776,2080.634156484835
SYNTH-33-20-1-Topic-8-Cell-5,1,33.0,20.0,3289.8734502809575,1992.750956420323
SYNTH-33-21-1-Topic-0-Cell-1,1,33.0,21.0,3300.0,2150.0
SYNTH-33-21-1-Topic-0-Cell-2,1,33.0,21.0,3319.6357488094313,2128.5655098336138
SYNTH-33-21-1-Topic-8-Cell-3,1,33.0,21.0,3259.047797432964,2153.594037410554
SYNTH-33-21-1-Topic-8-Cell-4,1,33.0,21.0,3339.956832412776,2180.634156484835
SYNTH-33-21-1-Topic-8-Cell-5,1,33.0,21.0,3289.8734502809575,2092.750956420323
SYNTH-33-22-1-Topic-0-Cell-1,1,33.0,22.0,3300.0,2250.0
SYNTH-33-22-1-Topic-8-Cell-2,1,33.0,22.0,3319.6357488094313,2228.5655098336138
SYNTH-33-22-1-Topic-8-Cell-3,1,33.0,22.0,3259.047797432964,2253.594037410554
SYNTH-33-22-1-Topic-9-Cell-4,1,33.0,22.0,3339.956832412776,2280.634156484835
SYNTH-33-22-1-Topic-9-Cell-5,1,33.0,22.0,3289.8734502809575,2192.750956420323
SYNTH-33-23-1-Topic-8-Cell-1,1,33.0,23.0,3300.0,2350.0
SYNTH-33-23-1-Topic-8-Cell-2,1,33.0,23.0,3319.6357488094313,2328.5655098336138
SYNTH-33-23-1-Topic-8-Cell-3,1,33.0,23.0,3259.047797432964,2353.594037410554
SYNTH-33-23-1-Topic-8-Cell-4,1,33.0,23.0,3339.956832412776,2380.634156484835
SYNTH-33-23-1-Topic-8-Cell-5,1,33.0,23.0,3289.8734502809575,2292.750956420323
SYNTH-33-24-1-Topic-2-Cell-1,1,33.0,24.0,3300.0,2450.0
SYNTH-33-24-1-Topic-2-Cell-2,1,33.0,24.0,3319.6357488094313,2428.5655098336138
SYNTH-33-24-1-Topic-8-Cell-3,1,33.0,24.0,3259.047797432964,2453.594037410554
SYNTH-33-24-1-Topic-8-Cell-4,1,33.0,24.0,3339.956832412776,2480.634156484835
SYNTH-33-24-1-Topic-8-Cell-5,1,33.0,24.0,3289.8734502809575,2392.750956420323
SYNTH-33-25-1-Topic-0-Cell-1,1,33.0,25.0,3300.0,2550.0
SYNTH-33-25-1-Topic-0-Cell-2,1,33.0,25.0,3317.924904260718,2530.4330770454126
SYNTH-33-25-1-Topic-8-Cell-3,1,33.0,25.0,3262.615924790856,2553.2808922704635
SYNTH-33-25-1-Topic-8-Cell-4,1,33.0,25.0,3336.475430731551,2577.965030894812
SYNTH-33-25-1-Topic-8-Cell-5,1,33.0,25.0,3290.755767148638,2497.7390123930245
SYNTH-33-25-1-Topic-8-Cell-6,1,33.0,25.0,3268.152376652497,2600.065579198177
SYNTH-33-26-1-Topic-0-Cell-1,1,33.0,26.0,3300.0,2650.0
SYNTH-33-26-1-Topic-8-Cell-2,1,33.0,26.0,3317.924904260718,2630.4330770454126
SYNTH-33-26-1-Topic-8-Cell-3,1,33.0,26.0,3262.615924790856,2653.2808922704635
SYNTH-33-26-1-Topic-8-Cell-4,1,33.0,26.0,3336.475430731551,2677.965030894812
SYNTH-33-26-1-Topic-8-Cell-5,1,33.0,26.0,3290.755767148638,2597.7390123930245
SYNTH-33-26-1-Topic-8-Cell-6,1,33.0,26.0,3268.152376652497,2700.065579198177
SYNTH-33-27-1-Topic-7-Cell-1,1,33.0,27.0,3300.0,2750.0
SYNTH-33-27-1-Topic-7-Cell-2,1,33.0,27.0,3321.9534345634997,2726.0355114624545
SYNTH-33-27-1-Topic-7-Cell-3,1,33.0,27.0,3254.214045615883,2754.018255981838
SYNTH-33-27-1-Topic-7-Cell-4,1,33.0,27.0,3344.6730967202666,2784.2500281667285
SYNTH-33-28-1-Topic-7-Cell-1,1,33.0,28.0,3300.0,2850.0
SYNTH-33-28-1-Topic-8-Cell-2,1,33.0,28.0,3319.6357488094313,2828.5655098336138
SYNTH-33-28-1-Topic-8-Cell-3,1,33.0,28.0,3259.047797432964,2853.594037410554
SYNTH-33-28-1-Topic-8-Cell-4,1,33.0,28.0,3339.956832412776,2880.634156484835
SYNTH-33-28-1-Topic-8-Cell-5,1,33.0,28.0,3289.8734502809575,2792.750956420323
SYNTH-33-29-1-Topic-7-Cell-1,1,33.0,29.0,3300.0,2950.0
SYNTH-33-29-1-Topic-7-Cell-2,1,33.0,29.0,3319.6357488094313,2928.5655098336138
SYNTH-33-29-1-Topic-9-Cell-3,1,33.0,29.0,3259.047797432964,2953.594037410554
SYNTH-33-29-1-Topic-9-Cell-4,1,33.0,29.0,3339.956832412776,2980.634156484835
SYNTH-33-29-1-Topic-9-Cell-5,1,33.0,29.0,3289.8734502809575,2892.750956420323
SYNTH-33-30-1-Topic-8-Cell-1,1,33.0,30.0,3300.0,3050.0
SYNTH-33-30-1-Topic-8-Cell-2,1,33.0,30.0,3321.9534345634997,3026.0355114624545
SYNTH-33-30-1-Topic-8-Cell-3,1,33.0,30.0,3254.214045615883,3054.018255981838
SYNTH-33-30-1-Topic-8-Cell-4,1,33.0,30.0,3344.6730967202666,3084.2500281667285
SYNTH-33-31-1-Topic-0-Cell-1,1,33.0,31.0,3300.0,3150.0
SYNTH-33-31-1-Topic-8-Cell-2,1,33.0,31.0,3319.6357488094313,3128.5655098336138
SYNTH-33-31-1-Topic-8-Cell-3,1,33.0,31.0,3259.047797432964,3153.594037410554
SYNTH-33-31-1-Topic-8-Cell-4,1,33.0,31.0,3339.956832412776,3180.634156484835
SYNTH-33-31-1-Topic-8-Cell-5,1,33.0,31.0,3289.8734502809575,3092.750956420323
SYNTH-33-32-1-Topic-8-Cell-1,1,33.0,32.0,3300.0,3250.0
SYNTH-33-32-1-Topic-8-Cell-2,1,33.0,32.0,3319.6357488094313,3228.5655098336138
SYNTH-33-32-1-Topic-8-Cell-3,1,33.0,32.0,3259.047797432964,3253.594037410554
SYNTH-33-32-1-Topic-8-Cell-4,1,33.0,32.0,3339.956832412776,3280.634156484835
SYNTH-33-32-1-Topic-8-Cell-5,1,33.0,32.0,3289.8734502809575,3192.750956420323
SYNTH-33-33-1-Topic-0-Cell-1,1,33.0,33.0,3300.0,3350.0
SYNTH-33-33-1-Topic-8-Cell-2,1,33.0,33.0,3319.6357488094313,3328.5655098336138
SYNTH-33-33-1-Topic-8-Cell-3,1,33.0,33.0,3259.047797432964,3353.594037410554
SYNTH-33-33-1-Topic-8-Cell-4,1,33.0,33.0,3339.956832412776,3380.634156484835
SYNTH-33-33-1-Topic-8-Cell-5,1,33.0,33.0,3289.8734502809575,3292.750956420323
SYNTH-33-34-1-Topic-8-Cell-1,1,33.0,34.0,3300.0,3450.0
SYNTH-33-34-1-Topic-8-Cell-2,1,33.0,34.0,3319.6357488094313,3428.5655098336138
SYNTH-33-34-1-Topic-8-Cell-3,1,33.0,34.0,3259.047797432964,3453.594037410554
SYNTH-33-34-1-Topic-8-Cell-4,1,33.0,34.0,3339.956832412776,3480.634156484835
SYNTH-33-34-1-Topic-8-Cell-5,1,33.0,34.0,3289.8734502809575,3392.750956420323
SYNTH-33-35-1-Topic-0-Cell-1,1,33.0,35.0,3300.0,3550.0
SYNTH-33-35-1-Topic-0-Cell-2,1,33.0,35.0,3317.924904260718,3530.4330770454126
SYNTH-33-35-1-Topic-0-Cell-3,1,33.0,35.0,3262.615924790856,3553.2808922704635
SYNTH-33-35-1-Topic-7-Cell-4,1,33.0,35.0,3336.475430731551,3577.965030894812
SYNTH-33-35-1-Topic-8-Cell-5,1,33.0,35.0,3290.755767148638,3497.7390123930245
SYNTH-33-35-1-Topic-8-Cell-6,1,33.0,35.0,3268.152376652497,3600.065579198177
SYNTH-33-36-1-Topic-2-Cell-1,1,33.0,36.0,3300.0,3650.0
SYNTH-33-36-1-Topic-7-Cell-2,1,33.0,36.0,3319.6357488094313,3628.5655098336138
SYNTH-33-36-1-Topic-8-Cell-3,1,33.0,36.0,3259.047797432964,3653.594037410554
SYNTH-33-36-1-Topic-9-Cell-4,1,33.0,36.0,3339.956832412776,3680.634156484835
SYNTH-33-36-1-Topic-10-Cell-5,1,33.0,36.0,3289.8734502809575,3592.750956420323
SYNTH-33-37-1-Topic-8-Cell-1,1,33.0,37.0,3300.0,3750.0
SYNTH-33-37-1-Topic-8-Cell-2,1,33.0,37.0,3319.6357488094313,3728.5655098336138
SYNTH-33-37-1-Topic-8-Cell-3,1,33.0,37.0,3259.047797432964,3753.594037410554
SYNTH-33-37-1-Topic-8-Cell-4,1,33.0,37.0,3339.956832412776,3780.634156484835
SYNTH-33-37-1-Topic-8-Cell-5,1,33.0,37.0,3289.8734502809575,3692.750956420323
SYNTH-33-38-1-Topic-8-Cell-1,1,33.0,38.0,3300.0,3850.0
SYNTH-33-38-1-Topic-8-Cell-2,1,33.0,38.0,3321.9534345634997,3826.0355114624545
SYNTH-33-38-1-Topic-8-Cell-3,1,33.0,38.0,3254.214045615883,3854.018255981838
SYNTH-33-38-1-Topic-8-Cell-4,1,33.0,38.0,3344.6730967202666,3884.2500281667285
SYNTH-33-39-1-Topic-0-Cell-1,1,33.0,39.0,3300.0,3950.0
SYNTH-33-39-1-Topic-0-Cell-2,1,33.0,39.0,3317.924904260718,3930.4330770454126
SYNTH-33-39-1-Topic-0-Cell-3,1,33.0,39.0,3262.615924790856,3953.2808922704635
SYNTH-33-39-1-Topic-0-Cell-4,1,33.0,39.0,3336.475430731551,3977.965030894812
SYNTH-33-39-1-Topic-0-Cell-5,1,33.0,39.0,3290.755767148638,3897.7390123930245
SYNTH-33-39-1-Topic-8-Cell-6,1,33.0,39.0,3268.152376652497,4000.065579198177
SYNTH-33-40-1-Topic-0-Cell-1,1,33.0,40.0,3300.0,4050.0
SYNTH-33-40-1-Topic-8-Cell-2,1,33.0,40.0,3319.6357488094313,4028.5655098336138
SYNTH-33-40-1-Topic-8-Cell-3,1,33.0,40.0,3259.047797432964,4053.594037410554
SYNTH-33-40-1-Topic-9-Cell-4,1,33.0,40.0,3339.956832412776,4080.634156484835
SYNTH-33-40-1-Topic-9-Cell-5,1,33.0,40.0,3289.8734502809575,3992.750956420323
SYNTH-33-41-1-Topic-7-Cell-1,1,33.0,41.0,3300.0,4150.0
SYNTH-33-41-1-Topic-8-Cell-2,1,33.0,41.0,3321.9534345634997,4126.035511462454
SYNTH-33-41-1-Topic-8-Cell-3,1,33.0,41.0,3254.214045615883,4154.018255981839
SYNTH-33-41-1-Topic-8-Cell-4,1,33.0,41.0,3344.6730967202666,4184.250028166729
SYNTH-33-42-1-Topic-4-Cell-1,1,33.0,42.0,3300.0,4250.0
SYNTH-33-42-1-Topic-4-Cell-2,1,33.0,42.0,3317.924904260718,4230.433077045413
SYNTH-33-42-1-Topic-8-Cell-3,1,33.0,42.0,3262.615924790856,4253.2808922704635
SYNTH-33-42-1-Topic-8-Cell-4,1,33.0,42.0,3336.475430731551,4277.965030894812
SYNTH-33-42-1-Topic-8-Cell-5,1,33.0,42.0,3290.755767148638,4197.7390123930245
SYNTH-33-42-1-Topic-8-Cell-6,1,33.0,42.0,3268.152376652497,4300.065579198177
SYNTH-33-43-1-Topic-8-Cell-1,1,33.0,43.0,3300.0,4350.0
SYNTH-33-43-1-Topic-8-Cell-2,1,33.0,43.0,3321.9534345634997,4326.035511462454
SYNTH-33-43-1-Topic-8-Cell-3,1,33.0,43.0,3254.214045615883,4354.018255981839
SYNTH-33-43-1-Topic-8-Cell-4,1,33.0,43.0,3344.6730967202666,4384.250028166729
SYNTH-33-44-1-Topic-8-Cell-1,1,33.0,44.0,3300.0,4450.0
SYNTH-33-44-1-Topic-8-Cell-2,1,33.0,44.0,3321.9534345634997,4426.035511462454
SYNTH-33-44-1-Topic-8-Cell-3,1,33.0,44.0,3254.214045615883,4454.018255981839
SYNTH-33-44-1-Topic-8-Cell-4,1,33.0,44.0,3344.6730967202666,4484.250028166729
SYNTH-33-45-1-Topic-7-Cell-1,1,33.0,45.0,3300.0,4550.0
SYNTH-33-45-1-Topic-7-Cell-2,1,33.0,45.0,3321.9534345634997,4526.035511462454
SYNTH-33-45-1-Topic-7-Cell-3,1,33.0,45.0,3254.214045615883,4554.018255981839
SYNTH-33-45-1-Topic-7-Cell-4,1,33.0,45.0,3344.6730967202666,4584.250028166729
SYNTH-33-46-1-Topic-0-Cell-1,1,33.0,46.0,3300.0,4650.0
SYNTH-33-46-1-Topic-0-Cell-2,1,33.0,46.0,3319.6357488094313,4628.565509833614
SYNTH-33-46-1-Topic-7-Cell-3,1,33.0,46.0,3259.047797432964,4653.594037410554
SYNTH-33-46-1-Topic-7-Cell-4,1,33.0,46.0,3339.956832412776,4680.634156484835
SYNTH-33-46-1-Topic-8-Cell-5,1,33.0,46.0,3289.8734502809575,4592.750956420323
SYNTH-33-47-1-Topic-8-Cell-1,1,33.0,47.0,3300.0,4750.0
SYNTH-33-47-1-Topic-8-Cell-2,1,33.0,47.0,3321.9534345634997,4726.035511462454
SYNTH-33-47-1-Topic-8-Cell-3,1,33.0,47.0,3254.214045615883,4754.018255981839
SYNTH-33-47-1-Topic-8-Cell-4,1,33.0,47.0,3344.6730967202666,4784.250028166729
SYNTH-33-48-1-Topic-0-Cell-1,1,33.0,48.0,3300.0,4850.0
SYNTH-33-48-1-Topic-0-Cell-2,1,33.0,48.0,3319.6357488094313,4828.565509833614
SYNTH-33-48-1-Topic-8-Cell-3,1,33.0,48.0,3259.047797432964,4853.594037410554
SYNTH-33-48-1-Topic-8-Cell-4,1,33.0,48.0,3339.956832412776,4880.634156484835
SYNTH-33-48-1-Topic-8-Cell-5,1,33.0,48.0,3289.8734502809575,4792.750956420323
SYNTH-33-49-1-Topic-8-Cell-1,1,33.0,49.0,3300.0,4950.0
SYNTH-33-49-1-Topic-8-Cell-2,1,33.0,49.0,3319.6357488094313,4928.565509833614
SYNTH-33-49-1-Topic-8-Cell-3,1,33.0,49.0,3259.047797432964,4953.594037410554
SYNTH-33-49-1-Topic-8-Cell-4,1,33.0,49.0,3339.956832412776,4980.634156484835
SYNTH-33-49-1-Topic-8-Cell-5,1,33.0,49.0,3289.8734502809575,4892.750956420323
SYNTH-33-50-1-Topic-7-Cell-1,1,33.0,50.0,3300.0,5050.0
SYNTH-33-50-1-Topic-9-Cell-2,1,33.0,50.0,3325.3496427097466,5022.328192183713
SYNTH-33-50-1-Topic-9-Cell-3,1,33.0,50.0,3247.1309338224523,5054.639882345574
SYNTH-34-1-1-Topic-0-Cell-1,1,34.0,1.0,3400.0,100.0
SYNTH-34-1-1-Topic-4-Cell-2,1,34.0,1.0,3417.924904260718,80.4330770454125
SYNTH-34-1-1-Topic-7-Cell-3,1,34.0,1.0,3362.615924790856,103.28089227046327
SYNTH-34-1-1-Topic-8-Cell-4,1,34.0,1.0,3436.475430731551,127.96503089481223
SYNTH-34-1-1-Topic-8-Cell-5,1,34.0,1.0,3390.755767148638,47.73901239302431
SYNTH-34-1-1-Topic-8-Cell-6,1,34.0,1.0,3368.152376652497,150.06557919817692
SYNTH-34-2-1-Topic-8-Cell-1,1,34.0,2.0,3400.0,200.0
SYNTH-34-2-1-Topic-8-Cell-2,1,34.0,2.0,3421.9534345634997,176.03551146245462
SYNTH-34-2-1-Topic-8-Cell-3,1,34.0,2.0,3354.214045615883,204.0182559818382
SYNTH-34-2-1-Topic-10-Cell-4,1,34.0,2.0,3444.6730967202666,234.2500281667286
SYNTH-34-3-1-Topic-0-Cell-1,1,34.0,3.0,3400.0,300.0
SYNTH-34-3-1-Topic-10-Cell-2,1,34.0,3.0,3417.924904260718,280.4330770454125
SYNTH-34-3-1-Topic-10-Cell-3,1,34.0,3.0,3362.615924790856,303.28089227046326
SYNTH-34-3-1-Topic-10-Cell-4,1,34.0,3.0,3436.475430731551,327.96503089481223
SYNTH-34-3-1-Topic-10-Cell-5,1,34.0,3.0,3390.755767148638,247.73901239302432
SYNTH-34-3-1-Topic-10-Cell-6,1,34.0,3.0,3368.152376652497,350.0655791981769
SYNTH-34-4-1-Topic-7-Cell-1,1,34.0,4.0,3400.0,400.0
SYNTH-34-4-1-Topic-7-Cell-2,1,34.0,4.0,3431.046844900371,366.1090952948687
SYNTH-34-5-1-Topic-7-Cell-1,1,34.0,5.0,3400.0,500.0
SYNTH-34-5-1-Topic-8-Cell-2,1,34.0,5.0,3419.6357488094313,478.5655098336136
SYNTH-34-5-1-Topic-9-Cell-3,1,34.0,5.0,3359.047797432964,503.59403741055417
SYNTH-34-5-1-Topic-9-Cell-4,1,34.0,5.0,3439.956832412776,530.6341564848351
SYNTH-34-5-1-Topic-9-Cell-5,1,34.0,5.0,3389.8734502809575,442.75095642032295
SYNTH-34-6-1-Topic-0-Cell-1,1,34.0,6.0,3400.0,600.0
SYNTH-34-6-1-Topic-0-Cell-2,1,34.0,6.0,3417.924904260718,580.4330770454125
SYNTH-34-6-1-Topic-0-Cell-3,1,34.0,6.0,3362.615924790856,603.2808922704633
SYNTH-34-6-1-Topic-7-Cell-4,1,34.0,6.0,3436.475430731551,627.9650308948122
SYNTH-34-6-1-Topic-8-Cell-5,1,34.0,6.0,3390.755767148638,547.7390123930243
SYNTH-34-6-1-Topic-8-Cell-6,1,34.0,6.0,3368.152376652497,650.0655791981769
SYNTH-34-7-1-Topic-4-Cell-1,1,34.0,7.0,3400.0,700.0
SYNTH-34-7-1-Topic-4-Cell-2,1,34.0,7.0,3419.6357488094313,678.5655098336136
SYNTH-34-7-1-Topic-8-Cell-3,1,34.0,7.0,3359.047797432964,703.5940374105542
SYNTH-34-7-1-Topic-8-Cell-4,1,34.0,7.0,3439.956832412776,730.6341564848351
SYNTH-34-7-1-Topic-10-Cell-5,1,34.0,7.0,3389.8734502809575,642.750956420323
SYNTH-34-8-1-Topic-0-Cell-1,1,34.0,8.0,3400.0,800.0
SYNTH-34-8-1-Topic-0-Cell-2,1,34.0,8.0,3419.6357488094313,778.5655098336136
SYNTH-34-8-1-Topic-0-Cell-3,1,34.0,8.0,3359.047797432964,803.5940374105542
SYNTH-34-8-1-Topic-0-Cell-4,1,34.0,8.0,3439.956832412776,830.6341564848351
SYNTH-34-8-1-Topic-0-Cell-5,1,34.0,8.0,3389.8734502809575,742.750956420323
SYNTH-34-9-1-Topic-0-Cell-1,1,34.0,9.0,3400.0,900.0
SYNTH-34-9-1-Topic-8-Cell-2,1,34.0,9.0,3417.924904260718,880.4330770454125
SYNTH-34-9-1-Topic-8-Cell-3,1,34.0,9.0,3362.615924790856,903.2808922704633
SYNTH-34-9-1-Topic-8-Cell-4,1,34.0,9.0,3436.475430731551,927.9650308948122
SYNTH-34-9-1-Topic-8-Cell-5,1,34.0,9.0,3390.755767148638,847.7390123930243
SYNTH-34-9-1-Topic-8-Cell-6,1,34.0,9.0,3368.152376652497,950.0655791981769
SYNTH-34-10-1-Topic-7-Cell-1,1,34.0,10.0,3400.0,1000.0
SYNTH-34-10-1-Topic-7-Cell-2,1,34.0,10.0,3421.9534345634997,976.0355114624546
SYNTH-34-10-1-Topic-8-Cell-3,1,34.0,10.0,3354.214045615883,1004.0182559818381
SYNTH-34-10-1-Topic-8-Cell-4,1,34.0,10.0,3444.6730967202666,1034.2500281667287
SYNTH-34-11-1-Topic-0-Cell-1,1,34.0,11.0,3400.0,1100.0
SYNTH-34-11-1-Topic-0-Cell-2,1,34.0,11.0,3417.924904260718,1080.4330770454126
SYNTH-34-11-1-Topic-0-Cell-3,1,34.0,11.0,3362.615924790856,1103.2808922704633
SYNTH-34-11-1-Topic-0-Cell-4,1,34.0,11.0,3436.475430731551,1127.9650308948123
SYNTH-34-11-1-Topic-7-Cell-5,1,34.0,11.0,3390.755767148638,1047.7390123930243
SYNTH-34-11-1-Topic-8-Cell-6,1,34.0,11.0,3368.152376652497,1150.065579198177
SYNTH-34-12-1-Topic-0-Cell-1,1,34.0,12.0,3400.0,1200.0
SYNTH-34-12-1-Topic-7-Cell-2,1,34.0,12.0,3419.6357488094313,1178.5655098336135
SYNTH-34-12-1-Topic-7-Cell-3,1,34.0,12.0,3359.047797432964,1203.5940374105542
SYNTH-34-12-1-Topic-7-Cell-4,1,34.0,12.0,3439.956832412776,1230.634156484835
SYNTH-34-12-1-Topic-8-Cell-5,1,34.0,12.0,3389.8734502809575,1142.750956420323
SYNTH-34-13-1-Topic-8-Cell-1,1,34.0,13.0,3400.0,1300.0
SYNTH-34-13-1-Topic-8-Cell-2,1,34.0,13.0,3421.9534345634997,1276.0355114624547
SYNTH-34-13-1-Topic-8-Cell-3,1,34.0,13.0,3354.214045615883,1304.0182559818381
SYNTH-34-13-1-Topic-8-Cell-4,1,34.0,13.0,3444.6730967202666,1334.2500281667287
SYNTH-34-14-1-Topic-0-Cell-1,1,34.0,14.0,3400.0,1400.0
SYNTH-34-14-1-Topic-0-Cell-2,1,34.0,14.0,3417.924904260718,1380.4330770454126
SYNTH-34-14-1-Topic-8-Cell-3,1,34.0,14.0,3362.615924790856,1403.2808922704633
SYNTH-34-14-1-Topic-8-Cell-4,1,34.0,14.0,3436.475430731551,1427.9650308948123
SYNTH-34-14-1-Topic-8-Cell-5,1,34.0,14.0,3390.755767148638,1347.7390123930243
SYNTH-34-14-1-Topic-9-Cell-6,1,34.0,14.0,3368.152376652497,1450.065579198177
SYNTH-34-15-1-Topic-0-Cell-1,1,34.0,15.0,3400.0,1500.0
SYNTH-34-15-1-Topic-0-Cell-2,1,34.0,15.0,3419.6357488094313,1478.5655098336135
SYNTH-34-15-1-Topic-8-Cell-3,1,34.0,15.0,3359.047797432964,1503.5940374105542
SYNTH-34-15-1-Topic-8-Cell-4,1,34.0,15.0,3439.956832412776,1530.634156484835
SYNTH-34-15-1-Topic-8-Cell-5,1,34.0,15.0,3389.8734502809575,1442.750956420323
SYNTH-34-16-1-Topic-7-Cell-1,1,34.0,16.0,3400.0,1600.0
SYNTH-34-16-1-Topic-9-Cell-2,1,34.0,16.0,3421.9534345634997,1576.0355114624547
SYNTH-34-16-1-Topic-9-Cell-3,1,34.0,16.0,3354.214045615883,1604.0182559818381
SYNTH-34-16-1-Topic-9-Cell-4,1,34.0,16.0,3444.6730967202666,1634.2500281667287
SYNTH-34-17-1-Topic-8-Cell-1,1,34.0,17.0,3400.0,1700.0
SYNTH-34-17-1-Topic-8-Cell-2,1,34.0,17.0,3425.3496427097466,1672.3281921837129
SYNTH-34-17-1-Topic-8-Cell-3,1,34.0,17.0,3347.1309338224523,1704.6398823455743
SYNTH-34-18-1-Topic-7-Cell-1,1,34.0,18.0,3400.0,1800.0
SYNTH-34-18-1-Topic-7-Cell-2,1,34.0,18.0,3417.924904260718,1780.4330770454126
SYNTH-34-18-1-Topic-8-Cell-3,1,34.0,18.0,3362.615924790856,1803.2808922704633
SYNTH-34-18-1-Topic-8-Cell-4,1,34.0,18.0,3436.475430731551,1827.9650308948123
SYNTH-34-18-1-Topic-9-Cell-5,1,34.0,18.0,3390.755767148638,1747.7390123930243
SYNTH-34-18-1-Topic-9-Cell-6,1,34.0,18.0,3368.152376652497,1850.065579198177
SYNTH-34-19-1-Topic-7-Cell-1,1,34.0,19.0,3400.0,1900.0
SYNTH-34-19-1-Topic-7-Cell-2,1,34.0,19.0,3421.9534345634997,1876.0355114624547
SYNTH-34-19-1-Topic-7-Cell-3,1,34.0,19.0,3354.214045615883,1904.0182559818381
SYNTH-34-19-1-Topic-7-Cell-4,1,34.0,19.0,3444.6730967202666,1934.2500281667287
SYNTH-34-20-1-Topic-0-Cell-1,1,34.0,20.0,3400.0,2000.0
SYNTH-34-20-1-Topic-8-Cell-2,1,34.0,20.0,3419.6357488094313,1978.5655098336135
SYNTH-34-20-1-Topic-9-Cell-3,1,34.0,20.0,3359.047797432964,2003.5940374105542
SYNTH-34-20-1-Topic-9-Cell-4,1,34.0,20.0,3439.956832412776,2030.634156484835
SYNTH-34-20-1-Topic-9-Cell-5,1,34.0,20.0,3389.8734502809575,1942.750956420323
SYNTH-34-21-1-Topic-0-Cell-1,1,34.0,21.0,3400.0,2100.0
SYNTH-34-21-1-Topic-0-Cell-2,1,34.0,21.0,3417.924904260718,2080.4330770454126
SYNTH-34-21-1-Topic-0-Cell-3,1,34.0,21.0,3362.615924790856,2103.2808922704635
SYNTH-34-21-1-Topic-0-Cell-4,1,34.0,21.0,3436.475430731551,2127.965030894812
SYNTH-34-21-1-Topic-2-Cell-5,1,34.0,21.0,3390.755767148638,2047.7390123930243
SYNTH-34-21-1-Topic-9-Cell-6,1,34.0,21.0,3368.152376652497,2150.065579198177
SYNTH-34-22-1-Topic-0-Cell-1,1,34.0,22.0,3400.0,2200.0
SYNTH-34-22-1-Topic-0-Cell-2,1,34.0,22.0,3419.6357488094313,2178.5655098336138
SYNTH-34-22-1-Topic-4-Cell-3,1,34.0,22.0,3359.047797432964,2203.594037410554
SYNTH-34-22-1-Topic-8-Cell-4,1,34.0,22.0,3439.956832412776,2230.634156484835
SYNTH-34-22-1-Topic-8-Cell-5,1,34.0,22.0,3389.8734502809575,2142.750956420323
SYNTH-34-23-1-Topic-0-Cell-1,1,34.0,23.0,3400.0,2300.0
SYNTH-34-23-1-Topic-7-Cell-2,1,34.0,23.0,3419.6357488094313,2278.5655098336138
SYNTH-34-23-1-Topic-8-Cell-3,1,34.0,23.0,3359.047797432964,2303.594037410554
SYNTH-34-23-1-Topic-8-Cell-4,1,34.0,23.0,3439.956832412776,2330.634156484835
SYNTH-34-23-1-Topic-8-Cell-5,1,34.0,23.0,3389.8734502809575,2242.750956420323
SYNTH-34-24-1-Topic-8-Cell-1,1,34.0,24.0,3400.0,2400.0
SYNTH-34-24-1-Topic-8-Cell-2,1,34.0,24.0,3419.6357488094313,2378.5655098336138
SYNTH-34-24-1-Topic-8-Cell-3,1,34.0,24.0,3359.047797432964,2403.594037410554
SYNTH-34-24-1-Topic-10-Cell-4,1,34.0,24.0,3439.956832412776,2430.634156484835
SYNTH-34-24-1-Topic-10-Cell-5,1,34.0,24.0,3389.8734502809575,2342.750956420323
SYNTH-34-25-1-Topic-7-Cell-1,1,34.0,25.0,3400.0,2500.0
SYNTH-34-25-1-Topic-7-Cell-2,1,34.0,25.0,3425.3496427097466,2472.328192183713
SYNTH-34-25-1-Topic-8-Cell-3,1,34.0,25.0,3347.1309338224523,2504.6398823455743
SYNTH-34-26-1-Topic-4-Cell-1,1,34.0,26.0,3400.0,2600.0
SYNTH-34-26-1-Topic-4-Cell-2,1,34.0,26.0,3419.6357488094313,2578.5655098336138
SYNTH-34-26-1-Topic-4-Cell-3,1,34.0,26.0,3359.047797432964,2603.594037410554
SYNTH-34-26-1-Topic-9-Cell-4,1,34.0,26.0,3439.956832412776,2630.634156484835
SYNTH-34-26-1-Topic-9-Cell-5,1,34.0,26.0,3389.8734502809575,2542.750956420323
SYNTH-34-27-1-Topic-0-Cell-1,1,34.0,27.0,3400.0,2700.0
SYNTH-34-27-1-Topic-0-Cell-2,1,34.0,27.0,3417.924904260718,2680.4330770454126
SYNTH-34-27-1-Topic-0-Cell-3,1,34.0,27.0,3362.615924790856,2703.2808922704635
SYNTH-34-27-1-Topic-9-Cell-4,1,34.0,27.0,3436.475430731551,2727.965030894812
SYNTH-34-27-1-Topic-9-Cell-5,1,34.0,27.0,3390.755767148638,2647.7390123930245
SYNTH-34-27-1-Topic-9-Cell-6,1,34.0,27.0,3368.152376652497,2750.065579198177
SYNTH-34-28-1-Topic-0-Cell-1,1,34.0,28.0,3400.0,2800.0
SYNTH-34-28-1-Topic-4-Cell-2,1,34.0,28.0,3419.6357488094313,2778.5655098336138
SYNTH-34-28-1-Topic-4-Cell-3,1,34.0,28.0,3359.047797432964,2803.594037410554
SYNTH-34-28-1-Topic-8-Cell-4,1,34.0,28.0,3439.956832412776,2830.634156484835
SYNTH-34-28-1-Topic-8-Cell-5,1,34.0,28.0,3389.8734502809575,2742.750956420323
SYNTH-34-29-1-Topic-8-Cell-1,1,34.0,29.0,3400.0,2900.0
SYNTH-34-29-1-Topic-8-Cell-2,1,34.0,29.0,3419.6357488094313,2878.5655098336138
SYNTH-34-29-1-Topic-8-Cell-3,1,34.0,29.0,3359.047797432964,2903.594037410554
SYNTH-34-29-1-Topic-8-Cell-4,1,34.0,29.0,3439.956832412776,2930.634156484835
SYNTH-34-29-1-Topic-9-Cell-5,1,34.0,29.0,3389.8734502809575,2842.750956420323
SYNTH-34-30-1-Topic-8-Cell-1,1,34.0,30.0,3400.0,3000.0
SYNTH-34-30-1-Topic-8-Cell-2,1,34.0,30.0,3419.6357488094313,2978.5655098336138
SYNTH-34-30-1-Topic-8-Cell-3,1,34.0,30.0,3359.047797432964,3003.594037410554
SYNTH-34-30-1-Topic-8-Cell-4,1,34.0,30.0,3439.956832412776,3030.634156484835
SYNTH-34-30-1-Topic-9-Cell-5,1,34.0,30.0,3389.8734502809575,2942.750956420323
SYNTH-34-31-1-Topic-0-Cell-1,1,34.0,31.0,3400.0,3100.0
SYNTH-34-31-1-Topic-0-Cell-2,1,34.0,31.0,3417.924904260718,3080.4330770454126
SYNTH-34-31-1-Topic-0-Cell-3,1,34.0,31.0,3362.615924790856,3103.2808922704635
SYNTH-34-31-1-Topic-0-Cell-4,1,34.0,31.0,3436.475430731551,3127.965030894812
SYNTH-34-31-1-Topic-8-Cell-5,1,34.0,31.0,3390.755767148638,3047.7390123930245
SYNTH-34-31-1-Topic-8-Cell-6,1,34.0,31.0,3368.152376652497,3150.065579198177
SYNTH-34-32-1-Topic-0-Cell-1,1,34.0,32.0,3400.0,3200.0
SYNTH-34-32-1-Topic-0-Cell-2,1,34.0,32.0,3419.6357488094313,3178.5655098336138
SYNTH-34-32-1-Topic-0-Cell-3,1,34.0,32.0,3359.047797432964,3203.594037410554
SYNTH-34-32-1-Topic-0-Cell-4,1,34.0,32.0,3439.956832412776,3230.634156484835
SYNTH-34-32-1-Topic-8-Cell-5,1,34.0,32.0,3389.8734502809575,3142.750956420323
SYNTH-34-33-1-Topic-0-Cell-1,1,34.0,33.0,3400.0,3300.0
SYNTH-34-33-1-Topic-0-Cell-2,1,34.0,33.0,3417.924904260718,3280.4330770454126
SYNTH-34-33-1-Topic-8-Cell-3,1,34.0,33.0,3362.615924790856,3303.2808922704635
SYNTH-34-33-1-Topic-8-Cell-4,1,34.0,33.0,3436.475430731551,3327.965030894812
SYNTH-34-33-1-Topic-8-Cell-5,1,34.0,33.0,3390.755767148638,3247.7390123930245
SYNTH-34-33-1-Topic-8-Cell-6,1,34.0,33.0,3368.152376652497,3350.065579198177
SYNTH-34-34-1-Topic-7-Cell-1,1,34.0,34.0,3400.0,3400.0
SYNTH-34-34-1-Topic-7-Cell-2,1,34.0,34.0,3421.9534345634997,3376.0355114624545
SYNTH-34-34-1-Topic-8-Cell-3,1,34.0,34.0,3354.214045615883,3404.018255981838
SYNTH-34-34-1-Topic-10-Cell-4,1,34.0,34.0,3444.6730967202666,3434.2500281667285
SYNTH-34-35-1-Topic-0-Cell-1,1,34.0,35.0,3400.0,3500.0
SYNTH-34-35-1-Topic-0-Cell-2,1,34.0,35.0,3419.6357488094313,3478.5655098336138
SYNTH-34-35-1-Topic-0-Cell-3,1,34.0,35.0,3359.047797432964,3503.594037410554
SYNTH-34-35-1-Topic-8-Cell-4,1,34.0,35.0,3439.956832412776,3530.634156484835
SYNTH-34-35-1-Topic-8-Cell-5,1,34.0,35.0,3389.8734502809575,3442.750956420323
SYNTH-34-36-1-Topic-8-Cell-1,1,34.0,36.0,3400.0,3600.0
SYNTH-34-36-1-Topic-8-Cell-2,1,34.0,36.0,3419.6357488094313,3578.5655098336138
SYNTH-34-36-1-Topic-8-Cell-3,1,34.0,36.0,3359.047797432964,3603.594037410554
SYNTH-34-36-1-Topic-8-Cell-4,1,34.0,36.0,3439.956832412776,3630.634156484835
SYNTH-34-36-1-Topic-8-Cell-5,1,34.0,36.0,3389.8734502809575,3542.750956420323
SYNTH-34-37-1-Topic-8-Cell-1,1,34.0,37.0,3400.0,3700.0
SYNTH-34-37-1-Topic-8-Cell-2,1,34.0,37.0,3417.924904260718,3680.4330770454126
SYNTH-34-37-1-Topic-8-Cell-3,1,34.0,37.0,3362.615924790856,3703.2808922704635
SYNTH-34-37-1-Topic-8-Cell-4,1,34.0,37.0,3436.475430731551,3727.965030894812
SYNTH-34-37-1-Topic-8-Cell-5,1,34.0,37.0,3390.755767148638,3647.7390123930245
SYNTH-34-37-1-Topic-8-Cell-6,1,34.0,37.0,3368.152376652497,3750.065579198177
SYNTH-34-38-1-Topic-0-Cell-1,1,34.0,38.0,3400.0,3800.0
SYNTH-34-38-1-Topic-0-Cell-2,1,34.0,38.0,3419.6357488094313,3778.5655098336138
SYNTH-34-38-1-Topic-0-Cell-3,1,34.0,38.0,3359.047797432964,3803.594037410554
SYNTH-34-38-1-Topic-8-Cell-4,1,34.0,38.0,3439.956832412776,3830.634156484835
SYNTH-34-38-1-Topic-8-Cell-5,1,34.0,38.0,3389.8734502809575,3742.750956420323
SYNTH-34-39-1-Topic-0-Cell-1,1,34.0,39.0,3400.0,3900.0
SYNTH-34-39-1-Topic-8-Cell-2,1,34.0,39.0,3419.6357488094313,3878.5655098336138
SYNTH-34-39-1-Topic-8-Cell-3,1,34.0,39.0,3359.047797432964,3903.594037410554
SYNTH-34-39-1-Topic-8-Cell-4,1,34.0,39.0,3439.956832412776,3930.634156484835
SYNTH-34-39-1-Topic-8-Cell-5,1,34.0,39.0,3389.8734502809575,3842.750956420323
SYNTH-34-40-1-Topic-0-Cell-1,1,34.0,40.0,3400.0,4000.0
SYNTH-34-40-1-Topic-0-Cell-2,1,34.0,40.0,3419.6357488094313,3978.5655098336138
SYNTH-34-40-1-Topic-8-Cell-3,1,34.0,40.0,3359.047797432964,4003.594037410554
SYNTH-34-40-1-Topic-8-Cell-4,1,34.0,40.0,3439.956832412776,4030.634156484835
SYNTH-34-40-1-Topic-8-Cell-5,1,34.0,40.0,3389.8734502809575,3942.750956420323
SYNTH-34-41-1-Topic-8-Cell-1,1,34.0,41.0,3400.0,4100.0
SYNTH-34-41-1-Topic-8-Cell-2,1,34.0,41.0,3419.6357488094313,4078.5655098336138
SYNTH-34-41-1-Topic-8-Cell-3,1,34.0,41.0,3359.047797432964,4103.594037410554
SYNTH-34-41-1-Topic-8-Cell-4,1,34.0,41.0,3439.956832412776,4130.634156484835
SYNTH-34-41-1-Topic-8-Cell-5,1,34.0,41.0,3389.8734502809575,4042.750956420323
SYNTH-34-42-1-Topic-7-Cell-1,1,34.0,42.0,3400.0,4200.0
SYNTH-34-42-1-Topic-8-Cell-2,1,34.0,42.0,3421.9534345634997,4176.035511462454
SYNTH-34-42-1-Topic-8-Cell-3,1,34.0,42.0,3354.214045615883,4204.018255981839
SYNTH-34-42-1-Topic-8-Cell-4,1,34.0,42.0,3444.6730967202666,4234.250028166729
SYNTH-34-43-1-Topic-0-Cell-1,1,34.0,43.0,3400.0,4300.0
SYNTH-34-43-1-Topic-8-Cell-2,1,34.0,43.0,3419.6357488094313,4278.565509833614
SYNTH-34-43-1-Topic-8-Cell-3,1,34.0,43.0,3359.047797432964,4303.594037410554
SYNTH-34-43-1-Topic-8-Cell-4,1,34.0,43.0,3439.956832412776,4330.634156484835
SYNTH-34-43-1-Topic-8-Cell-5,1,34.0,43.0,3389.8734502809575,4242.750956420323
SYNTH-34-44-1-Topic-0-Cell-1,1,34.0,44.0,3400.0,4400.0
SYNTH-34-44-1-Topic-0-Cell-2,1,34.0,44.0,3419.6357488094313,4378.565509833614
SYNTH-34-44-1-Topic-0-Cell-3,1,34.0,44.0,3359.047797432964,4403.594037410554
SYNTH-34-44-1-Topic-8-Cell-4,1,34.0,44.0,3439.956832412776,4430.634156484835
SYNTH-34-44-1-Topic-8-Cell-5,1,34.0,44.0,3389.8734502809575,4342.750956420323
SYNTH-34-45-1-Topic-0-Cell-1,1,34.0,45.0,3400.0,4500.0
SYNTH-34-45-1-Topic-8-Cell-2,1,34.0,45.0,3419.6357488094313,4478.565509833614
SYNTH-34-45-1-Topic-8-Cell-3,1,34.0,45.0,3359.047797432964,4503.594037410554
SYNTH-34-45-1-Topic-8-Cell-4,1,34.0,45.0,3439.956832412776,4530.634156484835
SYNTH-34-45-1-Topic-8-Cell-5,1,34.0,45.0,3389.8734502809575,4442.750956420323
SYNTH-34-46-1-Topic-0-Cell-1,1,34.0,46.0,3400.0,4600.0
SYNTH-34-46-1-Topic-0-Cell-2,1,34.0,46.0,3419.6357488094313,4578.565509833614
SYNTH-34-46-1-Topic-0-Cell-3,1,34.0,46.0,3359.047797432964,4603.594037410554
SYNTH-34-46-1-Topic-0-Cell-4,1,34.0,46.0,3439.956832412776,4630.634156484835
SYNTH-34-46-1-Topic-8-Cell-5,1,34.0,46.0,3389.8734502809575,4542.750956420323
SYNTH-34-47-1-Topic-0-Cell-1,1,34.0,47.0,3400.0,4700.0
SYNTH-34-47-1-Topic-0-Cell-2,1,34.0,47.0,3417.924904260718,4680.433077045413
SYNTH-34-47-1-Topic-0-Cell-3,1,34.0,47.0,3362.615924790856,4703.2808922704635
SYNTH-34-47-1-Topic-7-Cell-4,1,34.0,47.0,3436.475430731551,4727.965030894812
SYNTH-34-47-1-Topic-8-Cell-5,1,34.0,47.0,3390.755767148638,4647.7390123930245
SYNTH-34-47-1-Topic-9-Cell-6,1,34.0,47.0,3368.152376652497,4750.065579198177
SYNTH-34-48-1-Topic-8-Cell-1,1,34.0,48.0,3400.0,4800.0
SYNTH-34-48-1-Topic-8-Cell-2,1,34.0,48.0,3419.6357488094313,4778.565509833614
SYNTH-34-48-1-Topic-8-Cell-3,1,34.0,48.0,3359.047797432964,4803.594037410554
SYNTH-34-48-1-Topic-8-Cell-4,1,34.0,48.0,3439.956832412776,4830.634156484835
SYNTH-34-48-1-Topic-8-Cell-5,1,34.0,48.0,3389.8734502809575,4742.750956420323
SYNTH-34-49-1-Topic-8-Cell-1,1,34.0,49.0,3400.0,4900.0
SYNTH-34-49-1-Topic-9-Cell-2,1,34.0,49.0,3419.6357488094313,4878.565509833614
SYNTH-34-49-1-Topic-9-Cell-3,1,34.0,49.0,3359.047797432964,4903.594037410554
SYNTH-34-49-1-Topic-9-Cell-4,1,34.0,49.0,3439.956832412776,4930.634156484835
SYNTH-34-49-1-Topic-9-Cell-5,1,34.0,49.0,3389.8734502809575,4842.750956420323
SYNTH-34-50-1-Topic-0-Cell-1,1,34.0,50.0,3400.0,5000.0
SYNTH-34-50-1-Topic-0-Cell-2,1,34.0,50.0,3417.924904260718,4980.433077045413
SYNTH-34-50-1-Topic-7-Cell-3,1,34.0,50.0,3362.615924790856,5003.2808922704635
SYNTH-34-50-1-Topic-8-Cell-4,1,34.0,50.0,3436.475430731551,5027.965030894812
SYNTH-34-50-1-Topic-8-Cell-5,1,34.0,50.0,3390.755767148638,4947.7390123930245
SYNTH-34-50-1-Topic-8-Cell-6,1,34.0,50.0,3368.152376652497,5050.065579198177
SYNTH-35-1-1-Topic-0-Cell-1,1,35.0,1.0,3500.0,150.0
SYNTH-35-1-1-Topic-0-Cell-2,1,35.0,1.0,3516.5952366510714,131.88454943794198
SYNTH-35-1-1-Topic-0-Cell-3,1,35.0,1.0,3465.3890717599656,153.0375160091833
SYNTH-35-1-1-Topic-0-Cell-4,1,35.0,1.0,3533.769686919132,175.89058769317754
SYNTH-35-1-1-Topic-0-Cell-5,1,35.0,1.0,3491.441503419231,101.61572723949769
SYNTH-35-1-1-Topic-7-Cell-6,1,35.0,1.0,3470.5148301748964,196.35171952842674
SYNTH-35-1-1-Topic-9-Cell-7,1,35.0,1.0,3558.1150977231787,134.3774525747568
SYNTH-35-2-1-Topic-0-Cell-1,1,35.0,2.0,3500.0,250.0
SYNTH-35-2-1-Topic-0-Cell-2,1,35.0,2.0,3519.6357488094313,228.5655098336136
SYNTH-35-2-1-Topic-4-Cell-3,1,35.0,2.0,3459.047797432964,253.59403741055414
SYNTH-35-2-1-Topic-4-Cell-4,1,35.0,2.0,3539.956832412776,280.6341564848351
SYNTH-35-2-1-Topic-4-Cell-5,1,35.0,2.0,3489.8734502809575,192.75095642032298
SYNTH-35-3-1-Topic-4-Cell-1,1,35.0,3.0,3500.0,350.0
SYNTH-35-3-1-Topic-8-Cell-2,1,35.0,3.0,3519.6357488094313,328.5655098336136
SYNTH-35-3-1-Topic-8-Cell-3,1,35.0,3.0,3459.047797432964,353.59403741055417
SYNTH-35-3-1-Topic-8-Cell-4,1,35.0,3.0,3539.956832412776,380.6341564848351
SYNTH-35-3-1-Topic-8-Cell-5,1,35.0,3.0,3489.8734502809575,292.75095642032295
SYNTH-35-4-1-Topic-7-Cell-1,1,35.0,4.0,3500.0,450.0
SYNTH-35-4-1-Topic-7-Cell-2,1,35.0,4.0,3521.9534345634997,426.0355114624546
SYNTH-35-4-1-Topic-8-Cell-3,1,35.0,4.0,3454.214045615883,454.0182559818382
SYNTH-35-4-1-Topic-8-Cell-4,1,35.0,4.0,3544.6730967202666,484.2500281667286
SYNTH-35-5-1-Topic-8-Cell-1,1,35.0,5.0,3500.0,550.0
SYNTH-35-5-1-Topic-8-Cell-2,1,35.0,5.0,3519.6357488094313,528.5655098336136
SYNTH-35-5-1-Topic-8-Cell-3,1,35.0,5.0,3459.047797432964,553.5940374105542
SYNTH-35-5-1-Topic-8-Cell-4,1,35.0,5.0,3539.956832412776,580.6341564848351
SYNTH-35-5-1-Topic-8-Cell-5,1,35.0,5.0,3489.8734502809575,492.75095642032295
SYNTH-35-6-1-Topic-0-Cell-1,1,35.0,6.0,3500.0,650.0
SYNTH-35-6-1-Topic-4-Cell-2,1,35.0,6.0,3517.924904260718,630.4330770454125
SYNTH-35-6-1-Topic-8-Cell-3,1,35.0,6.0,3462.615924790856,653.2808922704633
SYNTH-35-6-1-Topic-8-Cell-4,1,35.0,6.0,3536.475430731551,677.9650308948122
SYNTH-35-6-1-Topic-9-Cell-5,1,35.0,6.0,3490.755767148638,597.7390123930243
SYNTH-35-6-1-Topic-9-Cell-6,1,35.0,6.0,3468.152376652497,700.0655791981769
SYNTH-35-7-1-Topic-7-Cell-1,1,35.0,7.0,3500.0,750.0
SYNTH-35-7-1-Topic-7-Cell-2,1,35.0,7.0,3519.6357488094313,728.5655098336136
SYNTH-35-7-1-Topic-8-Cell-3,1,35.0,7.0,3459.047797432964,753.5940374105542
SYNTH-35-7-1-Topic-8-Cell-4,1,35.0,7.0,3539.956832412776,780.6341564848351
SYNTH-35-7-1-Topic-8-Cell-5,1,35.0,7.0,3489.8734502809575,692.750956420323
SYNTH-35-8-1-Topic-0-Cell-1,1,35.0,8.0,3500.0,850.0
SYNTH-35-8-1-Topic-4-Cell-2,1,35.0,8.0,3519.6357488094313,828.5655098336136
SYNTH-35-8-1-Topic-4-Cell-3,1,35.0,8.0,3459.047797432964,853.5940374105542
SYNTH-35-8-1-Topic-4-Cell-4,1,35.0,8.0,3539.956832412776,880.6341564848351
SYNTH-35-8-1-Topic-8-Cell-5,1,35.0,8.0,3489.8734502809575,792.750956420323
SYNTH-35-9-1-Topic-7-Cell-1,1,35.0,9.0,3500.0,950.0
SYNTH-35-9-1-Topic-7-Cell-2,1,35.0,9.0,3519.6357488094313,928.5655098336136
SYNTH-35-9-1-Topic-8-Cell-3,1,35.0,9.0,3459.047797432964,953.5940374105542
SYNTH-35-9-1-Topic-8-Cell-4,1,35.0,9.0,3539.956832412776,980.6341564848351
SYNTH-35-9-1-Topic-8-Cell-5,1,35.0,9.0,3489.8734502809575,892.750956420323
SYNTH-35-10-1-Topic-8-Cell-1,1,35.0,10.0,3500.0,1050.0
SYNTH-35-10-1-Topic-8-Cell-2,1,35.0,10.0,3519.6357488094313,1028.5655098336135
SYNTH-35-10-1-Topic-8-Cell-3,1,35.0,10.0,3459.047797432964,1053.5940374105542
SYNTH-35-10-1-Topic-8-Cell-4,1,35.0,10.0,3539.956832412776,1080.634156484835
SYNTH-35-10-1-Topic-8-Cell-5,1,35.0,10.0,3489.8734502809575,992.750956420323
SYNTH-35-11-1-Topic-0-Cell-1,1,35.0,11.0,3500.0,1150.0
SYNTH-35-11-1-Topic-7-Cell-2,1,35.0,11.0,3519.6357488094313,1128.5655098336135
SYNTH-35-11-1-Topic-8-Cell-3,1,35.0,11.0,3459.047797432964,1153.5940374105542
SYNTH-35-11-1-Topic-8-Cell-4,1,35.0,11.0,3539.956832412776,1180.634156484835
SYNTH-35-11-1-Topic-8-Cell-5,1,35.0,11.0,3489.8734502809575,1092.750956420323
SYNTH-35-12-1-Topic-4-Cell-1,1,35.0,12.0,3500.0,1250.0
SYNTH-35-12-1-Topic-8-Cell-2,1,35.0,12.0,3519.6357488094313,1228.5655098336135
SYNTH-35-12-1-Topic-8-Cell-3,1,35.0,12.0,3459.047797432964,1253.5940374105542
SYNTH-35-12-1-Topic-8-Cell-4,1,35.0,12.0,3539.956832412776,1280.634156484835
SYNTH-35-12-1-Topic-8-Cell-5,1,35.0,12.0,3489.8734502809575,1192.750956420323
SYNTH-35-13-1-Topic-7-Cell-1,1,35.0,13.0,3500.0,1350.0
SYNTH-35-13-1-Topic-7-Cell-2,1,35.0,13.0,3517.924904260718,1330.4330770454126
SYNTH-35-13-1-Topic-7-Cell-3,1,35.0,13.0,3462.615924790856,1353.2808922704633
SYNTH-35-13-1-Topic-7-Cell-4,1,35.0,13.0,3536.475430731551,1377.9650308948123
SYNTH-35-13-1-Topic-7-Cell-5,1,35.0,13.0,3490.755767148638,1297.7390123930243
SYNTH-35-13-1-Topic-7-Cell-6,1,35.0,13.0,3468.152376652497,1400.065579198177
SYNTH-35-14-1-Topic-8-Cell-1,1,35.0,14.0,3500.0,1450.0
SYNTH-35-14-1-Topic-8-Cell-2,1,35.0,14.0,3519.6357488094313,1428.5655098336135
SYNTH-35-14-1-Topic-8-Cell-3,1,35.0,14.0,3459.047797432964,1453.5940374105542
SYNTH-35-14-1-Topic-8-Cell-4,1,35.0,14.0,3539.956832412776,1480.634156484835
SYNTH-35-14-1-Topic-8-Cell-5,1,35.0,14.0,3489.8734502809575,1392.750956420323
SYNTH-35-15-1-Topic-4-Cell-1,1,35.0,15.0,3500.0,1550.0
SYNTH-35-15-1-Topic-4-Cell-2,1,35.0,15.0,3525.3496427097466,1522.3281921837129
SYNTH-35-15-1-Topic-7-Cell-3,1,35.0,15.0,3447.1309338224523,1554.6398823455743
SYNTH-35-16-1-Topic-7-Cell-1,1,35.0,16.0,3500.0,1650.0
SYNTH-35-16-1-Topic-8-Cell-2,1,35.0,16.0,3519.6357488094313,1628.5655098336135
SYNTH-35-16-1-Topic-8-Cell-3,1,35.0,16.0,3459.047797432964,1653.5940374105542
SYNTH-35-16-1-Topic-8-Cell-4,1,35.0,16.0,3539.956832412776,1680.634156484835
SYNTH-35-16-1-Topic-8-Cell-5,1,35.0,16.0,3489.8734502809575,1592.750956420323
SYNTH-35-17-1-Topic-0-Cell-1,1,35.0,17.0,3500.0,1750.0
SYNTH-35-17-1-Topic-0-Cell-2,1,35.0,17.0,3521.9534345634997,1726.0355114624547
SYNTH-35-17-1-Topic-8-Cell-3,1,35.0,17.0,3454.214045615883,1754.0182559818381
SYNTH-35-17-1-Topic-8-Cell-4,1,35.0,17.0,3544.6730967202666,1784.2500281667287
SYNTH-35-18-1-Topic-0-Cell-1,1,35.0,18.0,3500.0,1850.0
SYNTH-35-18-1-Topic-0-Cell-2,1,35.0,18.0,3517.924904260718,1830.4330770454126
SYNTH-35-18-1-Topic-0-Cell-3,1,35.0,18.0,3462.615924790856,1853.2808922704633
SYNTH-35-18-1-Topic-0-Cell-4,1,35.0,18.0,3536.475430731551,1877.9650308948123
SYNTH-35-18-1-Topic-0-Cell-5,1,35.0,18.0,3490.755767148638,1797.7390123930243
SYNTH-35-18-1-Topic-0-Cell-6,1,35.0,18.0,3468.152376652497,1900.065579198177
SYNTH-35-19-1-Topic-0-Cell-1,1,35.0,19.0,3500.0,1950.0
SYNTH-35-19-1-Topic-8-Cell-2,1,35.0,19.0,3519.6357488094313,1928.5655098336135
SYNTH-35-19-1-Topic-8-Cell-3,1,35.0,19.0,3459.047797432964,1953.5940374105542
SYNTH-35-19-1-Topic-8-Cell-4,1,35.0,19.0,3539.956832412776,1980.634156484835
SYNTH-35-19-1-Topic-8-Cell-5,1,35.0,19.0,3489.8734502809575,1892.750956420323
SYNTH-35-20-1-Topic-0-Cell-1,1,35.0,20.0,3500.0,2050.0
SYNTH-35-20-1-Topic-8-Cell-2,1,35.0,20.0,3519.6357488094313,2028.5655098336135
SYNTH-35-20-1-Topic-8-Cell-3,1,35.0,20.0,3459.047797432964,2053.594037410554
SYNTH-35-20-1-Topic-8-Cell-4,1,35.0,20.0,3539.956832412776,2080.634156484835
SYNTH-35-20-1-Topic-8-Cell-5,1,35.0,20.0,3489.8734502809575,1992.750956420323
SYNTH-35-21-1-Topic-0-Cell-1,1,35.0,21.0,3500.0,2150.0
SYNTH-35-21-1-Topic-0-Cell-2,1,35.0,21.0,3519.6357488094313,2128.5655098336138
SYNTH-35-21-1-Topic-0-Cell-3,1,35.0,21.0,3459.047797432964,2153.594037410554
SYNTH-35-21-1-Topic-0-Cell-4,1,35.0,21.0,3539.956832412776,2180.634156484835
SYNTH-35-21-1-Topic-8-Cell-5,1,35.0,21.0,3489.8734502809575,2092.750956420323
SYNTH-35-22-1-Topic-8-Cell-1,1,35.0,22.0,3500.0,2250.0
SYNTH-35-22-1-Topic-8-Cell-2,1,35.0,22.0,3521.9534345634997,2226.0355114624545
SYNTH-35-22-1-Topic-8-Cell-3,1,35.0,22.0,3454.214045615883,2254.018255981838
SYNTH-35-22-1-Topic-8-Cell-4,1,35.0,22.0,3544.6730967202666,2284.2500281667285
SYNTH-35-23-1-Topic-0-Cell-1,1,35.0,23.0,3500.0,2350.0
SYNTH-35-23-1-Topic-0-Cell-2,1,35.0,23.0,3521.9534345634997,2326.0355114624545
SYNTH-35-23-1-Topic-7-Cell-3,1,35.0,23.0,3454.214045615883,2354.018255981838
SYNTH-35-23-1-Topic-7-Cell-4,1,35.0,23.0,3544.6730967202666,2384.2500281667285
SYNTH-35-24-1-Topic-0-Cell-1,1,35.0,24.0,3500.0,2450.0
SYNTH-35-24-1-Topic-0-Cell-2,1,35.0,24.0,3517.924904260718,2430.4330770454126
SYNTH-35-24-1-Topic-0-Cell-3,1,35.0,24.0,3462.615924790856,2453.2808922704635
SYNTH-35-24-1-Topic-0-Cell-4,1,35.0,24.0,3536.475430731551,2477.965030894812
SYNTH-35-24-1-Topic-8-Cell-5,1,35.0,24.0,3490.755767148638,2397.7390123930245
SYNTH-35-24-1-Topic-8-Cell-6,1,35.0,24.0,3468.152376652497,2500.065579198177
SYNTH-35-25-1-Topic-0-Cell-1,1,35.0,25.0,3500.0,2550.0
SYNTH-35-25-1-Topic-0-Cell-2,1,35.0,25.0,3517.924904260718,2530.4330770454126
SYNTH-35-25-1-Topic-0-Cell-3,1,35.0,25.0,3462.615924790856,2553.2808922704635
SYNTH-35-25-1-Topic-7-Cell-4,1,35.0,25.0,3536.475430731551,2577.965030894812
SYNTH-35-25-1-Topic-7-Cell-5,1,35.0,25.0,3490.755767148638,2497.7390123930245
SYNTH-35-25-1-Topic-7-Cell-6,1,35.0,25.0,3468.152376652497,2600.065579198177
SYNTH-35-26-1-Topic-7-Cell-1,1,35.0,26.0,3500.0,2650.0
SYNTH-35-26-1-Topic-7-Cell-2,1,35.0,26.0,3521.9534345634997,2626.0355114624545
SYNTH-35-26-1-Topic-7-Cell-3,1,35.0,26.0,3454.214045615883,2654.018255981838
SYNTH-35-26-1-Topic-10-Cell-4,1,35.0,26.0,3544.6730967202666,2684.2500281667285
SYNTH-35-27-1-Topic-0-Cell-1,1,35.0,27.0,3500.0,2750.0
SYNTH-35-27-1-Topic-7-Cell-2,1,35.0,27.0,3519.6357488094313,2728.5655098336138
SYNTH-35-27-1-Topic-8-Cell-3,1,35.0,27.0,3459.047797432964,2753.594037410554
SYNTH-35-27-1-Topic-8-Cell-4,1,35.0,27.0,3539.956832412776,2780.634156484835
SYNTH-35-27-1-Topic-8-Cell-5,1,35.0,27.0,3489.8734502809575,2692.750956420323
SYNTH-35-28-1-Topic-0-Cell-1,1,35.0,28.0,3500.0,2850.0
SYNTH-35-28-1-Topic-0-Cell-2,1,35.0,28.0,3519.6357488094313,2828.5655098336138
SYNTH-35-28-1-Topic-8-Cell-3,1,35.0,28.0,3459.047797432964,2853.594037410554
SYNTH-35-28-1-Topic-9-Cell-4,1,35.0,28.0,3539.956832412776,2880.634156484835
SYNTH-35-28-1-Topic-9-Cell-5,1,35.0,28.0,3489.8734502809575,2792.750956420323
SYNTH-35-29-1-Topic-0-Cell-1,1,35.0,29.0,3500.0,2950.0
SYNTH-35-29-1-Topic-8-Cell-2,1,35.0,29.0,3519.6357488094313,2928.5655098336138
SYNTH-35-29-1-Topic-8-Cell-3,1,35.0,29.0,3459.047797432964,2953.594037410554
SYNTH-35-29-1-Topic-8-Cell-4,1,35.0,29.0,3539.956832412776,2980.634156484835
SYNTH-35-29-1-Topic-9-Cell-5,1,35.0,29.0,3489.8734502809575,2892.750956420323
SYNTH-35-30-1-Topic-7-Cell-1,1,35.0,30.0,3500.0,3050.0
SYNTH-35-30-1-Topic-8-Cell-2,1,35.0,30.0,3521.9534345634997,3026.0355114624545
SYNTH-35-30-1-Topic-8-Cell-3,1,35.0,30.0,3454.214045615883,3054.018255981838
SYNTH-35-30-1-Topic-10-Cell-4,1,35.0,30.0,3544.6730967202666,3084.2500281667285
SYNTH-35-31-1-Topic-0-Cell-1,1,35.0,31.0,3500.0,3150.0
SYNTH-35-31-1-Topic-8-Cell-2,1,35.0,31.0,3521.9534345634997,3126.0355114624545
SYNTH-35-31-1-Topic-8-Cell-3,1,35.0,31.0,3454.214045615883,3154.018255981838
SYNTH-35-31-1-Topic-9-Cell-4,1,35.0,31.0,3544.6730967202666,3184.2500281667285
SYNTH-35-32-1-Topic-0-Cell-1,1,35.0,32.0,3500.0,3250.0
SYNTH-35-32-1-Topic-0-Cell-2,1,35.0,32.0,3517.924904260718,3230.4330770454126
SYNTH-35-32-1-Topic-8-Cell-3,1,35.0,32.0,3462.615924790856,3253.2808922704635
SYNTH-35-32-1-Topic-8-Cell-4,1,35.0,32.0,3536.475430731551,3277.965030894812
SYNTH-35-32-1-Topic-8-Cell-5,1,35.0,32.0,3490.755767148638,3197.7390123930245
SYNTH-35-32-1-Topic-9-Cell-6,1,35.0,32.0,3468.152376652497,3300.065579198177
SYNTH-35-33-1-Topic-7-Cell-1,1,35.0,33.0,3500.0,3350.0
SYNTH-35-33-1-Topic-8-Cell-2,1,35.0,33.0,3519.6357488094313,3328.5655098336138
SYNTH-35-33-1-Topic-8-Cell-3,1,35.0,33.0,3459.047797432964,3353.594037410554
SYNTH-35-33-1-Topic-8-Cell-4,1,35.0,33.0,3539.956832412776,3380.634156484835
SYNTH-35-33-1-Topic-8-Cell-5,1,35.0,33.0,3489.8734502809575,3292.750956420323
SYNTH-35-34-1-Topic-0-Cell-1,1,35.0,34.0,3500.0,3450.0
SYNTH-35-34-1-Topic-2-Cell-2,1,35.0,34.0,3517.924904260718,3430.4330770454126
SYNTH-35-34-1-Topic-8-Cell-3,1,35.0,34.0,3462.615924790856,3453.2808922704635
SYNTH-35-34-1-Topic-8-Cell-4,1,35.0,34.0,3536.475430731551,3477.965030894812
SYNTH-35-34-1-Topic-8-Cell-5,1,35.0,34.0,3490.755767148638,3397.7390123930245
SYNTH-35-34-1-Topic-9-Cell-6,1,35.0,34.0,3468.152376652497,3500.065579198177
SYNTH-35-35-1-Topic-0-Cell-1,1,35.0,35.0,3500.0,3550.0
SYNTH-35-35-1-Topic-0-Cell-2,1,35.0,35.0,3519.6357488094313,3528.5655098336138
SYNTH-35-35-1-Topic-0-Cell-3,1,35.0,35.0,3459.047797432964,3553.594037410554
SYNTH-35-35-1-Topic-8-Cell-4,1,35.0,35.0,3539.956832412776,3580.634156484835
SYNTH-35-35-1-Topic-8-Cell-5,1,35.0,35.0,3489.8734502809575,3492.750956420323
SYNTH-35-36-1-Topic-8-Cell-1,1,35.0,36.0,3500.0,3650.0
SYNTH-35-36-1-Topic-8-Cell-2,1,35.0,36.0,3519.6357488094313,3628.5655098336138
SYNTH-35-36-1-Topic-8-Cell-3,1,35.0,36.0,3459.047797432964,3653.594037410554
SYNTH-35-36-1-Topic-9-Cell-4,1,35.0,36.0,3539.956832412776,3680.634156484835
SYNTH-35-36-1-Topic-9-Cell-5,1,35.0,36.0,3489.8734502809575,3592.750956420323
SYNTH-35-37-1-Topic-8-Cell-1,1,35.0,37.0,3500.0,3750.0
SYNTH-35-37-1-Topic-8-Cell-2,1,35.0,37.0,3531.046844900371,3716.109095294869
SYNTH-35-38-1-Topic-4-Cell-1,1,35.0,38.0,3500.0,3850.0
SYNTH-35-38-1-Topic-4-Cell-2,1,35.0,38.0,3521.9534345634997,3826.0355114624545
SYNTH-35-38-1-Topic-4-Cell-3,1,35.0,38.0,3454.214045615883,3854.018255981838
SYNTH-35-38-1-Topic-7-Cell-4,1,35.0,38.0,3544.6730967202666,3884.2500281667285
SYNTH-35-39-1-Topic-0-Cell-1,1,35.0,39.0,3500.0,3950.0
SYNTH-35-39-1-Topic-8-Cell-2,1,35.0,39.0,3517.924904260718,3930.4330770454126
SYNTH-35-39-1-Topic-8-Cell-3,1,35.0,39.0,3462.615924790856,3953.2808922704635
SYNTH-35-39-1-Topic-8-Cell-4,1,35.0,39.0,3536.475430731551,3977.965030894812
SYNTH-35-39-1-Topic-8-Cell-5,1,35.0,39.0,3490.755767148638,3897.7390123930245
SYNTH-35-39-1-Topic-9-Cell-6,1,35.0,39.0,3468.152376652497,4000.065579198177
SYNTH-35-40-1-Topic-8-Cell-1,1,35.0,40.0,3500.0,4050.0
SYNTH-35-40-1-Topic-8-Cell-2,1,35.0,40.0,3521.9534345634997,4026.0355114624545
SYNTH-35-40-1-Topic-8-Cell-3,1,35.0,40.0,3454.214045615883,4054.018255981838
SYNTH-35-40-1-Topic-10-Cell-4,1,35.0,40.0,3544.6730967202666,4084.2500281667285
SYNTH-35-41-1-Topic-0-Cell-1,1,35.0,41.0,3500.0,4150.0
SYNTH-35-41-1-Topic-7-Cell-2,1,35.0,41.0,3519.6357488094313,4128.565509833614
SYNTH-35-41-1-Topic-7-Cell-3,1,35.0,41.0,3459.047797432964,4153.594037410554
SYNTH-35-41-1-Topic-10-Cell-4,1,35.0,41.0,3539.956832412776,4180.634156484835
SYNTH-35-41-1-Topic-10-Cell-5,1,35.0,41.0,3489.8734502809575,4092.750956420323
SYNTH-35-42-1-Topic-0-Cell-1,1,35.0,42.0,3500.0,4250.0
SYNTH-35-42-1-Topic-0-Cell-2,1,35.0,42.0,3517.924904260718,4230.433077045413
SYNTH-35-42-1-Topic-0-Cell-3,1,35.0,42.0,3462.615924790856,4253.2808922704635
SYNTH-35-42-1-Topic-0-Cell-4,1,35.0,42.0,3536.475430731551,4277.965030894812
SYNTH-35-42-1-Topic-0-Cell-5,1,35.0,42.0,3490.755767148638,4197.7390123930245
SYNTH-35-42-1-Topic-0-Cell-6,1,35.0,42.0,3468.152376652497,4300.065579198177
SYNTH-35-43-1-Topic-0-Cell-1,1,35.0,43.0,3500.0,4350.0
SYNTH-35-43-1-Topic-7-Cell-2,1,35.0,43.0,3519.6357488094313,4328.565509833614
SYNTH-35-43-1-Topic-10-Cell-3,1,35.0,43.0,3459.047797432964,4353.594037410554
SYNTH-35-43-1-Topic-10-Cell-4,1,35.0,43.0,3539.956832412776,4380.634156484835
SYNTH-35-43-1-Topic-10-Cell-5,1,35.0,43.0,3489.8734502809575,4292.750956420323
SYNTH-35-44-1-Topic-8-Cell-1,1,35.0,44.0,3500.0,4450.0
SYNTH-35-44-1-Topic-8-Cell-2,1,35.0,44.0,3519.6357488094313,4428.565509833614
SYNTH-35-44-1-Topic-8-Cell-3,1,35.0,44.0,3459.047797432964,4453.594037410554
SYNTH-35-44-1-Topic-8-Cell-4,1,35.0,44.0,3539.956832412776,4480.634156484835
SYNTH-35-44-1-Topic-8-Cell-5,1,35.0,44.0,3489.8734502809575,4392.750956420323
SYNTH-35-45-1-Topic-0-Cell-1,1,35.0,45.0,3500.0,4550.0
SYNTH-35-45-1-Topic-8-Cell-2,1,35.0,45.0,3521.9534345634997,4526.035511462454
SYNTH-35-45-1-Topic-8-Cell-3,1,35.0,45.0,3454.214045615883,4554.018255981839
SYNTH-35-45-1-Topic-8-Cell-4,1,35.0,45.0,3544.6730967202666,4584.250028166729
SYNTH-35-46-1-Topic-8-Cell-1,1,35.0,46.0,3500.0,4650.0
SYNTH-35-46-1-Topic-8-Cell-2,1,35.0,46.0,3517.924904260718,4630.433077045413
SYNTH-35-46-1-Topic-8-Cell-3,1,35.0,46.0,3462.615924790856,4653.2808922704635
SYNTH-35-46-1-Topic-8-Cell-4,1,35.0,46.0,3536.475430731551,4677.965030894812
SYNTH-35-46-1-Topic-8-Cell-5,1,35.0,46.0,3490.755767148638,4597.7390123930245
SYNTH-35-46-1-Topic-8-Cell-6,1,35.0,46.0,3468.152376652497,4700.065579198177
SYNTH-35-47-1-Topic-7-Cell-1,1,35.0,47.0,3500.0,4750.0
SYNTH-35-47-1-Topic-7-Cell-2,1,35.0,47.0,3519.6357488094313,4728.565509833614
SYNTH-35-47-1-Topic-7-Cell-3,1,35.0,47.0,3459.047797432964,4753.594037410554
SYNTH-35-47-1-Topic-7-Cell-4,1,35.0,47.0,3539.956832412776,4780.634156484835
SYNTH-35-47-1-Topic-8-Cell-5,1,35.0,47.0,3489.8734502809575,4692.750956420323
SYNTH-35-48-1-Topic-0-Cell-1,1,35.0,48.0,3500.0,4850.0
SYNTH-35-48-1-Topic-0-Cell-2,1,35.0,48.0,3517.924904260718,4830.433077045413
SYNTH-35-48-1-Topic-0-Cell-3,1,35.0,48.0,3462.615924790856,4853.2808922704635
SYNTH-35-48-1-Topic-8-Cell-4,1,35.0,48.0,3536.475430731551,4877.965030894812
SYNTH-35-48-1-Topic-9-Cell-5,1,35.0,48.0,3490.755767148638,4797.7390123930245
SYNTH-35-48-1-Topic-9-Cell-6,1,35.0,48.0,3468.152376652497,4900.065579198177
SYNTH-35-49-1-Topic-4-Cell-1,1,35.0,49.0,3500.0,4950.0
SYNTH-35-49-1-Topic-4-Cell-2,1,35.0,49.0,3517.924904260718,4930.433077045413
SYNTH-35-49-1-Topic-8-Cell-3,1,35.0,49.0,3462.615924790856,4953.2808922704635
SYNTH-35-49-1-Topic-8-Cell-4,1,35.0,49.0,3536.475430731551,4977.965030894812
SYNTH-35-49-1-Topic-9-Cell-5,1,35.0,49.0,3490.755767148638,4897.7390123930245
SYNTH-35-49-1-Topic-9-Cell-6,1,35.0,49.0,3468.152376652497,5000.065579198177
SYNTH-35-50-1-Topic-4-Cell-1,1,35.0,50.0,3500.0,5050.0
SYNTH-35-50-1-Topic-8-Cell-2,1,35.0,50.0,3519.6357488094313,5028.565509833614
SYNTH-35-50-1-Topic-8-Cell-3,1,35.0,50.0,3459.047797432964,5053.594037410554
SYNTH-35-50-1-Topic-8-Cell-4,1,35.0,50.0,3539.956832412776,5080.634156484835
SYNTH-35-50-1-Topic-9-Cell-5,1,35.0,50.0,3489.8734502809575,4992.750956420323
SYNTH-36-1-1-Topic-2-Cell-1,1,36.0,1.0,3600.0,100.0
SYNTH-36-1-1-Topic-8-Cell-2,1,36.0,1.0,3617.924904260718,80.4330770454125
SYNTH-36-1-1-Topic-8-Cell-3,1,36.0,1.0,3562.615924790856,103.28089227046327
SYNTH-36-1-1-Topic-8-Cell-4,1,36.0,1.0,3636.475430731551,127.96503089481223
SYNTH-36-1-1-Topic-8-Cell-5,1,36.0,1.0,3590.755767148638,47.73901239302431
SYNTH-36-1-1-Topic-8-Cell-6,1,36.0,1.0,3568.152376652497,150.06557919817692
SYNTH-36-2-1-Topic-4-Cell-1,1,36.0,2.0,3600.0,200.0
SYNTH-36-2-1-Topic-7-Cell-2,1,36.0,2.0,3621.9534345634997,176.03551146245462
SYNTH-36-2-1-Topic-7-Cell-3,1,36.0,2.0,3554.214045615883,204.0182559818382
SYNTH-36-2-1-Topic-8-Cell-4,1,36.0,2.0,3644.6730967202666,234.2500281667286
SYNTH-36-3-1-Topic-4-Cell-1,1,36.0,3.0,3600.0,300.0
SYNTH-36-3-1-Topic-8-Cell-2,1,36.0,3.0,3619.6357488094313,278.5655098336136
SYNTH-36-3-1-Topic-8-Cell-3,1,36.0,3.0,3559.047797432964,303.59403741055417
SYNTH-36-3-1-Topic-8-Cell-4,1,36.0,3.0,3639.956832412776,330.6341564848351
SYNTH-36-3-1-Topic-9-Cell-5,1,36.0,3.0,3589.8734502809575,242.75095642032298
SYNTH-36-4-1-Topic-0-Cell-1,1,36.0,4.0,3600.0,400.0
SYNTH-36-4-1-Topic-8-Cell-2,1,36.0,4.0,3619.6357488094313,378.5655098336136
SYNTH-36-4-1-Topic-8-Cell-3,1,36.0,4.0,3559.047797432964,403.59403741055417
SYNTH-36-4-1-Topic-8-Cell-4,1,36.0,4.0,3639.956832412776,430.6341564848351
SYNTH-36-4-1-Topic-8-Cell-5,1,36.0,4.0,3589.8734502809575,342.75095642032295
SYNTH-36-5-1-Topic-0-Cell-1,1,36.0,5.0,3600.0,500.0
SYNTH-36-5-1-Topic-8-Cell-2,1,36.0,5.0,3619.6357488094313,478.5655098336136
SYNTH-36-5-1-Topic-8-Cell-3,1,36.0,5.0,3559.047797432964,503.59403741055417
SYNTH-36-5-1-Topic-8-Cell-4,1,36.0,5.0,3639.956832412776,530.6341564848351
SYNTH-36-5-1-Topic-8-Cell-5,1,36.0,5.0,3589.8734502809575,442.75095642032295
SYNTH-36-6-1-Topic-0-Cell-1,1,36.0,6.0,3600.0,600.0
SYNTH-36-6-1-Topic-4-Cell-2,1,36.0,6.0,3621.9534345634997,576.0355114624546
SYNTH-36-6-1-Topic-8-Cell-3,1,36.0,6.0,3554.214045615883,604.0182559818381
SYNTH-36-6-1-Topic-8-Cell-4,1,36.0,6.0,3644.6730967202666,634.2500281667286
SYNTH-36-7-1-Topic-8-Cell-1,1,36.0,7.0,3600.0,700.0
SYNTH-36-7-1-Topic-10-Cell-2,1,36.0,7.0,3621.9534345634997,676.0355114624546
SYNTH-36-7-1-Topic-10-Cell-3,1,36.0,7.0,3554.214045615883,704.0182559818381
SYNTH-36-7-1-Topic-10-Cell-4,1,36.0,7.0,3644.6730967202666,734.2500281667286
SYNTH-36-8-1-Topic-0-Cell-1,1,36.0,8.0,3600.0,800.0
SYNTH-36-8-1-Topic-0-Cell-2,1,36.0,8.0,3621.9534345634997,776.0355114624546
SYNTH-36-8-1-Topic-0-Cell-3,1,36.0,8.0,3554.214045615883,804.0182559818381
SYNTH-36-8-1-Topic-8-Cell-4,1,36.0,8.0,3644.6730967202666,834.2500281667286
SYNTH-36-9-1-Topic-8-Cell-1,1,36.0,9.0,3600.0,900.0
SYNTH-36-9-1-Topic-8-Cell-2,1,36.0,9.0,3619.6357488094313,878.5655098336136
SYNTH-36-9-1-Topic-8-Cell-3,1,36.0,9.0,3559.047797432964,903.5940374105542
SYNTH-36-9-1-Topic-8-Cell-4,1,36.0,9.0,3639.956832412776,930.6341564848351
SYNTH-36-9-1-Topic-8-Cell-5,1,36.0,9.0,3589.8734502809575,842.750956420323
SYNTH-36-10-1-Topic-8-Cell-1,1,36.0,10.0,3600.0,1000.0
SYNTH-36-10-1-Topic-8-Cell-2,1,36.0,10.0,3619.6357488094313,978.5655098336136
SYNTH-36-10-1-Topic-9-Cell-3,1,36.0,10.0,3559.047797432964,1003.5940374105542
SYNTH-36-10-1-Topic-9-Cell-4,1,36.0,10.0,3639.956832412776,1030.634156484835
SYNTH-36-10-1-Topic-9-Cell-5,1,36.0,10.0,3589.8734502809575,942.750956420323
SYNTH-36-11-1-Topic-0-Cell-1,1,36.0,11.0,3600.0,1100.0
SYNTH-36-11-1-Topic-0-Cell-2,1,36.0,11.0,3619.6357488094313,1078.5655098336135
SYNTH-36-11-1-Topic-8-Cell-3,1,36.0,11.0,3559.047797432964,1103.5940374105542
SYNTH-36-11-1-Topic-8-Cell-4,1,36.0,11.0,3639.956832412776,1130.634156484835
SYNTH-36-11-1-Topic-8-Cell-5,1,36.0,11.0,3589.8734502809575,1042.750956420323
SYNTH-36-12-1-Topic-8-Cell-1,1,36.0,12.0,3600.0,1200.0
SYNTH-36-12-1-Topic-8-Cell-2,1,36.0,12.0,3619.6357488094313,1178.5655098336135
SYNTH-36-12-1-Topic-9-Cell-3,1,36.0,12.0,3559.047797432964,1203.5940374105542
SYNTH-36-12-1-Topic-9-Cell-4,1,36.0,12.0,3639.956832412776,1230.634156484835
SYNTH-36-12-1-Topic-9-Cell-5,1,36.0,12.0,3589.8734502809575,1142.750956420323
SYNTH-36-13-1-Topic-2-Cell-1,1,36.0,13.0,3600.0,1300.0
SYNTH-36-13-1-Topic-8-Cell-2,1,36.0,13.0,3619.6357488094313,1278.5655098336135
SYNTH-36-13-1-Topic-9-Cell-3,1,36.0,13.0,3559.047797432964,1303.5940374105542
SYNTH-36-13-1-Topic-9-Cell-4,1,36.0,13.0,3639.956832412776,1330.634156484835
SYNTH-36-13-1-Topic-9-Cell-5,1,36.0,13.0,3589.8734502809575,1242.750956420323
SYNTH-36-14-1-Topic-10-Cell-1,1,36.0,14.0,3600.0,1400.0
SYNTH-36-14-1-Topic-10-Cell-2,1,36.0,14.0,3619.6357488094313,1378.5655098336135
SYNTH-36-14-1-Topic-10-Cell-3,1,36.0,14.0,3559.047797432964,1403.5940374105542
SYNTH-36-14-1-Topic-10-Cell-4,1,36.0,14.0,3639.956832412776,1430.634156484835
SYNTH-36-14-1-Topic-10-Cell-5,1,36.0,14.0,3589.8734502809575,1342.750956420323
SYNTH-36-15-1-Topic-0-Cell-1,1,36.0,15.0,3600.0,1500.0
SYNTH-36-15-1-Topic-4-Cell-2,1,36.0,15.0,3621.9534345634997,1476.0355114624547
SYNTH-36-15-1-Topic-8-Cell-3,1,36.0,15.0,3554.214045615883,1504.0182559818381
SYNTH-36-15-1-Topic-8-Cell-4,1,36.0,15.0,3644.6730967202666,1534.2500281667287
SYNTH-36-16-1-Topic-0-Cell-1,1,36.0,16.0,3600.0,1600.0
SYNTH-36-16-1-Topic-0-Cell-2,1,36.0,16.0,3617.924904260718,1580.4330770454126
SYNTH-36-16-1-Topic-0-Cell-3,1,36.0,16.0,3562.615924790856,1603.2808922704633
SYNTH-36-16-1-Topic-8-Cell-4,1,36.0,16.0,3636.475430731551,1627.9650308948123
SYNTH-36-16-1-Topic-8-Cell-5,1,36.0,16.0,3590.755767148638,1547.7390123930243
SYNTH-36-16-1-Topic-8-Cell-6,1,36.0,16.0,3568.152376652497,1650.065579198177
SYNTH-36-17-1-Topic-0-Cell-1,1,36.0,17.0,3600.0,1700.0
SYNTH-36-17-1-Topic-0-Cell-2,1,36.0,17.0,3619.6357488094313,1678.5655098336135
SYNTH-36-17-1-Topic-7-Cell-3,1,36.0,17.0,3559.047797432964,1703.5940374105542
SYNTH-36-17-1-Topic-8-Cell-4,1,36.0,17.0,3639.956832412776,1730.634156484835
SYNTH-36-17-1-Topic-8-Cell-5,1,36.0,17.0,3589.8734502809575,1642.750956420323
SYNTH-36-18-1-Topic-0-Cell-1,1,36.0,18.0,3600.0,1800.0
SYNTH-36-18-1-Topic-8-Cell-2,1,36.0,18.0,3619.6357488094313,1778.5655098336135
SYNTH-36-18-1-Topic-8-Cell-3,1,36.0,18.0,3559.047797432964,1803.5940374105542
SYNTH-36-18-1-Topic-8-Cell-4,1,36.0,18.0,3639.956832412776,1830.634156484835
SYNTH-36-18-1-Topic-9-Cell-5,1,36.0,18.0,3589.8734502809575,1742.750956420323
SYNTH-36-19-1-Topic-7-Cell-1,1,36.0,19.0,3600.0,1900.0
SYNTH-36-19-1-Topic-8-Cell-2,1,36.0,19.0,3619.6357488094313,1878.5655098336135
SYNTH-36-19-1-Topic-8-Cell-3,1,36.0,19.0,3559.047797432964,1903.5940374105542
SYNTH-36-19-1-Topic-9-Cell-4,1,36.0,19.0,3639.956832412776,1930.634156484835
SYNTH-36-19-1-Topic-9-Cell-5,1,36.0,19.0,3589.8734502809575,1842.750956420323
SYNTH-36-20-1-Topic-5-Cell-1,1,36.0,20.0,3600.0,2000.0
SYNTH-36-20-1-Topic-7-Cell-2,1,36.0,20.0,3619.6357488094313,1978.5655098336135
SYNTH-36-20-1-Topic-9-Cell-3,1,36.0,20.0,3559.047797432964,2003.5940374105542
SYNTH-36-20-1-Topic-10-Cell-4,1,36.0,20.0,3639.956832412776,2030.634156484835
SYNTH-36-20-1-Topic-10-Cell-5,1,36.0,20.0,3589.8734502809575,1942.750956420323
SYNTH-36-21-1-Topic-0-Cell-1,1,36.0,21.0,3600.0,2100.0
SYNTH-36-21-1-Topic-8-Cell-2,1,36.0,21.0,3619.6357488094313,2078.5655098336138
SYNTH-36-21-1-Topic-8-Cell-3,1,36.0,21.0,3559.047797432964,2103.594037410554
SYNTH-36-21-1-Topic-8-Cell-4,1,36.0,21.0,3639.956832412776,2130.634156484835
SYNTH-36-21-1-Topic-8-Cell-5,1,36.0,21.0,3589.8734502809575,2042.750956420323
SYNTH-36-22-1-Topic-0-Cell-1,1,36.0,22.0,3600.0,2200.0
SYNTH-36-22-1-Topic-0-Cell-2,1,36.0,22.0,3617.924904260718,2180.4330770454126
SYNTH-36-22-1-Topic-0-Cell-3,1,36.0,22.0,3562.615924790856,2203.2808922704635
SYNTH-36-22-1-Topic-0-Cell-4,1,36.0,22.0,3636.475430731551,2227.965030894812
SYNTH-36-22-1-Topic-0-Cell-5,1,36.0,22.0,3590.755767148638,2147.7390123930245
SYNTH-36-22-1-Topic-0-Cell-6,1,36.0,22.0,3568.152376652497,2250.065579198177
SYNTH-36-23-1-Topic-0-Cell-1,1,36.0,23.0,3600.0,2300.0
SYNTH-36-23-1-Topic-8-Cell-2,1,36.0,23.0,3617.924904260718,2280.4330770454126
SYNTH-36-23-1-Topic-8-Cell-3,1,36.0,23.0,3562.615924790856,2303.2808922704635
SYNTH-36-23-1-Topic-8-Cell-4,1,36.0,23.0,3636.475430731551,2327.965030894812
SYNTH-36-23-1-Topic-8-Cell-5,1,36.0,23.0,3590.755767148638,2247.7390123930245
SYNTH-36-23-1-Topic-8-Cell-6,1,36.0,23.0,3568.152376652497,2350.065579198177
SYNTH-36-24-1-Topic-7-Cell-1,1,36.0,24.0,3600.0,2400.0
SYNTH-36-24-1-Topic-8-Cell-2,1,36.0,24.0,3619.6357488094313,2378.5655098336138
SYNTH-36-24-1-Topic-9-Cell-3,1,36.0,24.0,3559.047797432964,2403.594037410554
SYNTH-36-24-1-Topic-9-Cell-4,1,36.0,24.0,3639.956832412776,2430.634156484835
SYNTH-36-24-1-Topic-9-Cell-5,1,36.0,24.0,3589.8734502809575,2342.750956420323
SYNTH-36-26-1-Topic-0-Cell-1,1,36.0,26.0,3600.0,2600.0
SYNTH-36-26-1-Topic-0-Cell-2,1,36.0,26.0,3619.6357488094313,2578.5655098336138
SYNTH-36-26-1-Topic-8-Cell-3,1,36.0,26.0,3559.047797432964,2603.594037410554
SYNTH-36-26-1-Topic-8-Cell-4,1,36.0,26.0,3639.956832412776,2630.634156484835
SYNTH-36-26-1-Topic-8-Cell-5,1,36.0,26.0,3589.8734502809575,2542.750956420323
SYNTH-36-27-1-Topic-0-Cell-1,1,36.0,27.0,3600.0,2700.0
SYNTH-36-27-1-Topic-7-Cell-2,1,36.0,27.0,3617.924904260718,2680.4330770454126
SYNTH-36-27-1-Topic-7-Cell-3,1,36.0,27.0,3562.615924790856,2703.2808922704635
SYNTH-36-27-1-Topic-8-Cell-4,1,36.0,27.0,3636.475430731551,2727.965030894812
SYNTH-36-27-1-Topic-8-Cell-5,1,36.0,27.0,3590.755767148638,2647.7390123930245
SYNTH-36-27-1-Topic-8-Cell-6,1,36.0,27.0,3568.152376652497,2750.065579198177
SYNTH-36-28-1-Topic-0-Cell-1,1,36.0,28.0,3600.0,2800.0
SYNTH-36-28-1-Topic-5-Cell-2,1,36.0,28.0,3619.6357488094313,2778.5655098336138
SYNTH-36-28-1-Topic-5-Cell-3,1,36.0,28.0,3559.047797432964,2803.594037410554
SYNTH-36-28-1-Topic-7-Cell-4,1,36.0,28.0,3639.956832412776,2830.634156484835
SYNTH-36-28-1-Topic-8-Cell-5,1,36.0,28.0,3589.8734502809575,2742.750956420323
SYNTH-36-29-1-Topic-0-Cell-1,1,36.0,29.0,3600.0,2900.0
SYNTH-36-29-1-Topic-8-Cell-2,1,36.0,29.0,3619.6357488094313,2878.5655098336138
SYNTH-36-29-1-Topic-8-Cell-3,1,36.0,29.0,3559.047797432964,2903.594037410554
SYNTH-36-29-1-Topic-8-Cell-4,1,36.0,29.0,3639.956832412776,2930.634156484835
SYNTH-36-29-1-Topic-8-Cell-5,1,36.0,29.0,3589.8734502809575,2842.750956420323
SYNTH-36-30-1-Topic-0-Cell-1,1,36.0,30.0,3600.0,3000.0
SYNTH-36-30-1-Topic-8-Cell-2,1,36.0,30.0,3619.6357488094313,2978.5655098336138
SYNTH-36-30-1-Topic-8-Cell-3,1,36.0,30.0,3559.047797432964,3003.594037410554
SYNTH-36-30-1-Topic-8-Cell-4,1,36.0,30.0,3639.956832412776,3030.634156484835
SYNTH-36-30-1-Topic-8-Cell-5,1,36.0,30.0,3589.8734502809575,2942.750956420323
SYNTH-36-31-1-Topic-0-Cell-1,1,36.0,31.0,3600.0,3100.0
SYNTH-36-31-1-Topic-0-Cell-2,1,36.0,31.0,3619.6357488094313,3078.5655098336138
SYNTH-36-31-1-Topic-0-Cell-3,1,36.0,31.0,3559.047797432964,3103.594037410554
SYNTH-36-31-1-Topic-7-Cell-4,1,36.0,31.0,3639.956832412776,3130.634156484835
SYNTH-36-31-1-Topic-8-Cell-5,1,36.0,31.0,3589.8734502809575,3042.750956420323
SYNTH-36-32-1-Topic-7-Cell-1,1,36.0,32.0,3600.0,3200.0
SYNTH-36-32-1-Topic-8-Cell-2,1,36.0,32.0,3619.6357488094313,3178.5655098336138
SYNTH-36-32-1-Topic-10-Cell-3,1,36.0,32.0,3559.047797432964,3203.594037410554
SYNTH-36-32-1-Topic-10-Cell-4,1,36.0,32.0,3639.956832412776,3230.634156484835
SYNTH-36-32-1-Topic-10-Cell-5,1,36.0,32.0,3589.8734502809575,3142.750956420323
SYNTH-36-33-1-Topic-8-Cell-1,1,36.0,33.0,3600.0,3300.0
SYNTH-36-33-1-Topic-8-Cell-2,1,36.0,33.0,3619.6357488094313,3278.5655098336138
SYNTH-36-33-1-Topic-8-Cell-3,1,36.0,33.0,3559.047797432964,3303.594037410554
SYNTH-36-33-1-Topic-8-Cell-4,1,36.0,33.0,3639.956832412776,3330.634156484835
SYNTH-36-33-1-Topic-8-Cell-5,1,36.0,33.0,3589.8734502809575,3242.750956420323
SYNTH-36-34-1-Topic-0-Cell-1,1,36.0,34.0,3600.0,3400.0
SYNTH-36-34-1-Topic-0-Cell-2,1,36.0,34.0,3619.6357488094313,3378.5655098336138
SYNTH-36-34-1-Topic-0-Cell-3,1,36.0,34.0,3559.047797432964,3403.594037410554
SYNTH-36-34-1-Topic-0-Cell-4,1,36.0,34.0,3639.956832412776,3430.634156484835
SYNTH-36-34-1-Topic-7-Cell-5,1,36.0,34.0,3589.8734502809575,3342.750956420323
SYNTH-36-35-1-Topic-0-Cell-1,1,36.0,35.0,3600.0,3500.0
SYNTH-36-35-1-Topic-0-Cell-2,1,36.0,35.0,3617.924904260718,3480.4330770454126
SYNTH-36-35-1-Topic-0-Cell-3,1,36.0,35.0,3562.615924790856,3503.2808922704635
SYNTH-36-35-1-Topic-8-Cell-4,1,36.0,35.0,3636.475430731551,3527.965030894812
SYNTH-36-35-1-Topic-8-Cell-5,1,36.0,35.0,3590.755767148638,3447.7390123930245
SYNTH-36-35-1-Topic-9-Cell-6,1,36.0,35.0,3568.152376652497,3550.065579198177
SYNTH-36-36-1-Topic-8-Cell-1,1,36.0,36.0,3600.0,3600.0
SYNTH-36-36-1-Topic-10-Cell-2,1,36.0,36.0,3619.6357488094313,3578.5655098336138
SYNTH-36-36-1-Topic-10-Cell-3,1,36.0,36.0,3559.047797432964,3603.594037410554
SYNTH-36-36-1-Topic-10-Cell-4,1,36.0,36.0,3639.956832412776,3630.634156484835
SYNTH-36-36-1-Topic-10-Cell-5,1,36.0,36.0,3589.8734502809575,3542.750956420323
SYNTH-36-37-1-Topic-0-Cell-1,1,36.0,37.0,3600.0,3700.0
SYNTH-36-37-1-Topic-0-Cell-2,1,36.0,37.0,3616.5952366510714,3681.884549437942
SYNTH-36-37-1-Topic-0-Cell-3,1,36.0,37.0,3565.3890717599656,3703.0375160091835
SYNTH-36-37-1-Topic-0-Cell-4,1,36.0,37.0,3633.769686919132,3725.8905876931776
SYNTH-36-37-1-Topic-0-Cell-5,1,36.0,37.0,3591.441503419231,3651.6157272394976
SYNTH-36-37-1-Topic-8-Cell-6,1,36.0,37.0,3570.5148301748964,3746.3517195284267
SYNTH-36-37-1-Topic-8-Cell-7,1,36.0,37.0,3658.1150977231787,3684.3774525747567
SYNTH-36-38-1-Topic-0-Cell-1,1,36.0,38.0,3600.0,3800.0
SYNTH-36-38-1-Topic-7-Cell-2,1,36.0,38.0,3619.6357488094313,3778.5655098336138
SYNTH-36-38-1-Topic-8-Cell-3,1,36.0,38.0,3559.047797432964,3803.594037410554
SYNTH-36-38-1-Topic-8-Cell-4,1,36.0,38.0,3639.956832412776,3830.634156484835
SYNTH-36-38-1-Topic-8-Cell-5,1,36.0,38.0,3589.8734502809575,3742.750956420323
SYNTH-36-39-1-Topic-0-Cell-1,1,36.0,39.0,3600.0,3900.0
SYNTH-36-39-1-Topic-0-Cell-2,1,36.0,39.0,3617.924904260718,3880.4330770454126
SYNTH-36-39-1-Topic-7-Cell-3,1,36.0,39.0,3562.615924790856,3903.2808922704635
SYNTH-36-39-1-Topic-8-Cell-4,1,36.0,39.0,3636.475430731551,3927.965030894812
SYNTH-36-39-1-Topic-8-Cell-5,1,36.0,39.0,3590.755767148638,3847.7390123930245
SYNTH-36-39-1-Topic-8-Cell-6,1,36.0,39.0,3568.152376652497,3950.065579198177
SYNTH-36-40-1-Topic-0-Cell-1,1,36.0,40.0,3600.0,4000.0
SYNTH-36-40-1-Topic-0-Cell-2,1,36.0,40.0,3619.6357488094313,3978.5655098336138
SYNTH-36-40-1-Topic-0-Cell-3,1,36.0,40.0,3559.047797432964,4003.594037410554
SYNTH-36-40-1-Topic-0-Cell-4,1,36.0,40.0,3639.956832412776,4030.634156484835
SYNTH-36-40-1-Topic-7-Cell-5,1,36.0,40.0,3589.8734502809575,3942.750956420323
SYNTH-36-41-1-Topic-8-Cell-1,1,36.0,41.0,3600.0,4100.0
SYNTH-36-41-1-Topic-8-Cell-2,1,36.0,41.0,3617.924904260718,4080.4330770454126
SYNTH-36-41-1-Topic-8-Cell-3,1,36.0,41.0,3562.615924790856,4103.2808922704635
SYNTH-36-41-1-Topic-8-Cell-4,1,36.0,41.0,3636.475430731551,4127.965030894812
SYNTH-36-41-1-Topic-8-Cell-5,1,36.0,41.0,3590.755767148638,4047.7390123930245
SYNTH-36-41-1-Topic-8-Cell-6,1,36.0,41.0,3568.152376652497,4150.065579198177
SYNTH-36-42-1-Topic-0-Cell-1,1,36.0,42.0,3600.0,4200.0
SYNTH-36-42-1-Topic-4-Cell-2,1,36.0,42.0,3619.6357488094313,4178.565509833614
SYNTH-36-42-1-Topic-4-Cell-3,1,36.0,42.0,3559.047797432964,4203.594037410554
SYNTH-36-42-1-Topic-4-Cell-4,1,36.0,42.0,3639.956832412776,4230.634156484835
SYNTH-36-42-1-Topic-8-Cell-5,1,36.0,42.0,3589.8734502809575,4142.750956420323
SYNTH-36-43-1-Topic-8-Cell-1,1,36.0,43.0,3600.0,4300.0
SYNTH-36-43-1-Topic-8-Cell-2,1,36.0,43.0,3619.6357488094313,4278.565509833614
SYNTH-36-43-1-Topic-8-Cell-3,1,36.0,43.0,3559.047797432964,4303.594037410554
SYNTH-36-43-1-Topic-8-Cell-4,1,36.0,43.0,3639.956832412776,4330.634156484835
SYNTH-36-43-1-Topic-8-Cell-5,1,36.0,43.0,3589.8734502809575,4242.750956420323
SYNTH-36-44-1-Topic-0-Cell-1,1,36.0,44.0,3600.0,4400.0
SYNTH-36-44-1-Topic-0-Cell-2,1,36.0,44.0,3619.6357488094313,4378.565509833614
SYNTH-36-44-1-Topic-7-Cell-3,1,36.0,44.0,3559.047797432964,4403.594037410554
SYNTH-36-44-1-Topic-8-Cell-4,1,36.0,44.0,3639.956832412776,4430.634156484835
SYNTH-36-44-1-Topic-8-Cell-5,1,36.0,44.0,3589.8734502809575,4342.750956420323
SYNTH-36-45-1-Topic-8-Cell-1,1,36.0,45.0,3600.0,4500.0
SYNTH-36-45-1-Topic-8-Cell-2,1,36.0,45.0,3619.6357488094313,4478.565509833614
SYNTH-36-45-1-Topic-8-Cell-3,1,36.0,45.0,3559.047797432964,4503.594037410554
SYNTH-36-45-1-Topic-8-Cell-4,1,36.0,45.0,3639.956832412776,4530.634156484835
SYNTH-36-45-1-Topic-9-Cell-5,1,36.0,45.0,3589.8734502809575,4442.750956420323
SYNTH-36-46-1-Topic-7-Cell-1,1,36.0,46.0,3600.0,4600.0
SYNTH-36-46-1-Topic-8-Cell-2,1,36.0,46.0,3621.9534345634997,4576.035511462454
SYNTH-36-46-1-Topic-8-Cell-3,1,36.0,46.0,3554.214045615883,4604.018255981839
SYNTH-36-46-1-Topic-8-Cell-4,1,36.0,46.0,3644.6730967202666,4634.250028166729
SYNTH-36-47-1-Topic-0-Cell-1,1,36.0,47.0,3600.0,4700.0
SYNTH-36-47-1-Topic-0-Cell-2,1,36.0,47.0,3617.924904260718,4680.433077045413
SYNTH-36-47-1-Topic-0-Cell-3,1,36.0,47.0,3562.615924790856,4703.2808922704635
SYNTH-36-47-1-Topic-2-Cell-4,1,36.0,47.0,3636.475430731551,4727.965030894812
SYNTH-36-47-1-Topic-2-Cell-5,1,36.0,47.0,3590.755767148638,4647.7390123930245
SYNTH-36-47-1-Topic-9-Cell-6,1,36.0,47.0,3568.152376652497,4750.065579198177
SYNTH-36-48-1-Topic-0-Cell-1,1,36.0,48.0,3600.0,4800.0
SYNTH-36-48-1-Topic-7-Cell-2,1,36.0,48.0,3617.924904260718,4780.433077045413
SYNTH-36-48-1-Topic-7-Cell-3,1,36.0,48.0,3562.615924790856,4803.2808922704635
SYNTH-36-48-1-Topic-7-Cell-4,1,36.0,48.0,3636.475430731551,4827.965030894812
SYNTH-36-48-1-Topic-10-Cell-5,1,36.0,48.0,3590.755767148638,4747.7390123930245
SYNTH-36-48-1-Topic-10-Cell-6,1,36.0,48.0,3568.152376652497,4850.065579198177
SYNTH-36-49-1-Topic-8-Cell-1,1,36.0,49.0,3600.0,4900.0
SYNTH-36-49-1-Topic-8-Cell-2,1,36.0,49.0,3625.3496427097466,4872.328192183713
SYNTH-36-49-1-Topic-8-Cell-3,1,36.0,49.0,3547.1309338224523,4904.639882345574
SYNTH-36-50-1-Topic-0-Cell-1,1,36.0,50.0,3600.0,5000.0
SYNTH-36-50-1-Topic-0-Cell-2,1,36.0,50.0,3617.924904260718,4980.433077045413
SYNTH-36-50-1-Topic-0-Cell-3,1,36.0,50.0,3562.615924790856,5003.2808922704635
SYNTH-36-50-1-Topic-0-Cell-4,1,36.0,50.0,3636.475430731551,5027.965030894812
SYNTH-36-50-1-Topic-0-Cell-5,1,36.0,50.0,3590.755767148638,4947.7390123930245
SYNTH-36-50-1-Topic-0-Cell-6,1,36.0,50.0,3568.152376652497,5050.065579198177
SYNTH-37-1-1-Topic-0-Cell-1,1,37.0,1.0,3700.0,150.0
SYNTH-37-1-1-Topic-0-Cell-2,1,37.0,1.0,3717.924904260718,130.43307704541252
SYNTH-37-1-1-Topic-0-Cell-3,1,37.0,1.0,3662.615924790856,153.28089227046326
SYNTH-37-1-1-Topic-8-Cell-4,1,37.0,1.0,3736.475430731551,177.96503089481223
SYNTH-37-1-1-Topic-8-Cell-5,1,37.0,1.0,3690.755767148638,97.73901239302431
SYNTH-37-1-1-Topic-8-Cell-6,1,37.0,1.0,3668.152376652497,200.06557919817692
SYNTH-37-2-1-Topic-8-Cell-1,1,37.0,2.0,3700.0,250.0
SYNTH-37-2-1-Topic-8-Cell-2,1,37.0,2.0,3719.6357488094313,228.5655098336136
SYNTH-37-2-1-Topic-8-Cell-3,1,37.0,2.0,3659.047797432964,253.59403741055414
SYNTH-37-2-1-Topic-8-Cell-4,1,37.0,2.0,3739.956832412776,280.6341564848351
SYNTH-37-2-1-Topic-8-Cell-5,1,37.0,2.0,3689.8734502809575,192.75095642032298
SYNTH-37-3-1-Topic-8-Cell-1,1,37.0,3.0,3700.0,350.0
SYNTH-37-3-1-Topic-8-Cell-2,1,37.0,3.0,3721.9534345634997,326.0355114624546
SYNTH-37-3-1-Topic-8-Cell-3,1,37.0,3.0,3654.214045615883,354.0182559818382
SYNTH-37-3-1-Topic-8-Cell-4,1,37.0,3.0,3744.6730967202666,384.2500281667286
SYNTH-37-4-1-Topic-0-Cell-1,1,37.0,4.0,3700.0,450.0
SYNTH-37-4-1-Topic-7-Cell-2,1,37.0,4.0,3719.6357488094313,428.5655098336136
SYNTH-37-4-1-Topic-7-Cell-3,1,37.0,4.0,3659.047797432964,453.59403741055417
SYNTH-37-4-1-Topic-7-Cell-4,1,37.0,4.0,3739.956832412776,480.6341564848351
SYNTH-37-4-1-Topic-7-Cell-5,1,37.0,4.0,3689.8734502809575,392.75095642032295
SYNTH-37-5-1-Topic-7-Cell-1,1,37.0,5.0,3700.0,550.0
SYNTH-37-5-1-Topic-8-Cell-2,1,37.0,5.0,3719.6357488094313,528.5655098336136
SYNTH-37-5-1-Topic-8-Cell-3,1,37.0,5.0,3659.047797432964,553.5940374105542
SYNTH-37-5-1-Topic-8-Cell-4,1,37.0,5.0,3739.956832412776,580.6341564848351
SYNTH-37-5-1-Topic-8-Cell-5,1,37.0,5.0,3689.8734502809575,492.75095642032295
SYNTH-37-6-1-Topic-7-Cell-1,1,37.0,6.0,3700.0,650.0
SYNTH-37-7-1-Topic-0-Cell-1,1,37.0,7.0,3700.0,750.0
SYNTH-37-7-1-Topic-7-Cell-2,1,37.0,7.0,3719.6357488094313,728.5655098336136
SYNTH-37-7-1-Topic-7-Cell-3,1,37.0,7.0,3659.047797432964,753.5940374105542
SYNTH-37-7-1-Topic-7-Cell-4,1,37.0,7.0,3739.956832412776,780.6341564848351
SYNTH-37-7-1-Topic-8-Cell-5,1,37.0,7.0,3689.8734502809575,692.750956420323
SYNTH-37-8-1-Topic-0-Cell-1,1,37.0,8.0,3700.0,850.0
SYNTH-37-8-1-Topic-0-Cell-2,1,37.0,8.0,3719.6357488094313,828.5655098336136
SYNTH-37-8-1-Topic-7-Cell-3,1,37.0,8.0,3659.047797432964,853.5940374105542
SYNTH-37-8-1-Topic-8-Cell-4,1,37.0,8.0,3739.956832412776,880.6341564848351
SYNTH-37-8-1-Topic-8-Cell-5,1,37.0,8.0,3689.8734502809575,792.750956420323
SYNTH-37-9-1-Topic-8-Cell-1,1,37.0,9.0,3700.0,950.0
SYNTH-37-9-1-Topic-9-Cell-2,1,37.0,9.0,3721.9534345634997,926.0355114624546
SYNTH-37-9-1-Topic-10-Cell-3,1,37.0,9.0,3654.214045615883,954.0182559818381
SYNTH-37-9-1-Topic-10-Cell-4,1,37.0,9.0,3744.6730967202666,984.2500281667286
SYNTH-37-10-1-Topic-0-Cell-1,1,37.0,10.0,3700.0,1050.0
SYNTH-37-10-1-Topic-0-Cell-2,1,37.0,10.0,3721.9534345634997,1026.0355114624547
SYNTH-37-10-1-Topic-8-Cell-3,1,37.0,10.0,3654.214045615883,1054.0182559818381
SYNTH-37-10-1-Topic-8-Cell-4,1,37.0,10.0,3744.6730967202666,1084.2500281667287
SYNTH-37-11-1-Topic-0-Cell-1,1,37.0,11.0,3700.0,1150.0
SYNTH-37-11-1-Topic-8-Cell-2,1,37.0,11.0,3721.9534345634997,1126.0355114624547
SYNTH-37-11-1-Topic-8-Cell-3,1,37.0,11.0,3654.214045615883,1154.0182559818381
SYNTH-37-11-1-Topic-8-Cell-4,1,37.0,11.0,3744.6730967202666,1184.2500281667287
SYNTH-37-12-1-Topic-4-Cell-1,1,37.0,12.0,3700.0,1250.0
SYNTH-37-12-1-Topic-4-Cell-2,1,37.0,12.0,3719.6357488094313,1228.5655098336135
SYNTH-37-12-1-Topic-4-Cell-3,1,37.0,12.0,3659.047797432964,1253.5940374105542
SYNTH-37-12-1-Topic-8-Cell-4,1,37.0,12.0,3739.956832412776,1280.634156484835
SYNTH-37-12-1-Topic-8-Cell-5,1,37.0,12.0,3689.8734502809575,1192.750956420323
SYNTH-37-13-1-Topic-8-Cell-1,1,37.0,13.0,3700.0,1350.0
SYNTH-37-13-1-Topic-8-Cell-2,1,37.0,13.0,3717.924904260718,1330.4330770454126
SYNTH-37-13-1-Topic-8-Cell-3,1,37.0,13.0,3662.615924790856,1353.2808922704633
SYNTH-37-13-1-Topic-8-Cell-4,1,37.0,13.0,3736.475430731551,1377.9650308948123
SYNTH-37-13-1-Topic-8-Cell-5,1,37.0,13.0,3690.755767148638,1297.7390123930243
SYNTH-37-13-1-Topic-8-Cell-6,1,37.0,13.0,3668.152376652497,1400.065579198177
SYNTH-37-14-1-Topic-7-Cell-1,1,37.0,14.0,3700.0,1450.0
SYNTH-37-14-1-Topic-8-Cell-2,1,37.0,14.0,3721.9534345634997,1426.0355114624547
SYNTH-37-14-1-Topic-8-Cell-3,1,37.0,14.0,3654.214045615883,1454.0182559818381
SYNTH-37-14-1-Topic-8-Cell-4,1,37.0,14.0,3744.6730967202666,1484.2500281667287
SYNTH-37-15-1-Topic-0-Cell-1,1,37.0,15.0,3700.0,1550.0
SYNTH-37-15-1-Topic-8-Cell-2,1,37.0,15.0,3719.6357488094313,1528.5655098336135
SYNTH-37-15-1-Topic-8-Cell-3,1,37.0,15.0,3659.047797432964,1553.5940374105542
SYNTH-37-15-1-Topic-8-Cell-4,1,37.0,15.0,3739.956832412776,1580.634156484835
SYNTH-37-15-1-Topic-8-Cell-5,1,37.0,15.0,3689.8734502809575,1492.750956420323
SYNTH-37-16-1-Topic-8-Cell-1,1,37.0,16.0,3700.0,1650.0
SYNTH-37-16-1-Topic-8-Cell-2,1,37.0,16.0,3719.6357488094313,1628.5655098336135
SYNTH-37-16-1-Topic-9-Cell-3,1,37.0,16.0,3659.047797432964,1653.5940374105542
SYNTH-37-16-1-Topic-9-Cell-4,1,37.0,16.0,3739.956832412776,1680.634156484835
SYNTH-37-16-1-Topic-9-Cell-5,1,37.0,16.0,3689.8734502809575,1592.750956420323
SYNTH-37-17-1-Topic-0-Cell-1,1,37.0,17.0,3700.0,1750.0
SYNTH-37-17-1-Topic-0-Cell-2,1,37.0,17.0,3719.6357488094313,1728.5655098336135
SYNTH-37-17-1-Topic-8-Cell-3,1,37.0,17.0,3659.047797432964,1753.5940374105542
SYNTH-37-17-1-Topic-8-Cell-4,1,37.0,17.0,3739.956832412776,1780.634156484835
SYNTH-37-17-1-Topic-8-Cell-5,1,37.0,17.0,3689.8734502809575,1692.750956420323
SYNTH-37-18-1-Topic-0-Cell-1,1,37.0,18.0,3700.0,1850.0
SYNTH-37-18-1-Topic-7-Cell-2,1,37.0,18.0,3717.924904260718,1830.4330770454126
SYNTH-37-18-1-Topic-7-Cell-3,1,37.0,18.0,3662.615924790856,1853.2808922704633
SYNTH-37-18-1-Topic-7-Cell-4,1,37.0,18.0,3736.475430731551,1877.9650308948123
SYNTH-37-18-1-Topic-8-Cell-5,1,37.0,18.0,3690.755767148638,1797.7390123930243
SYNTH-37-18-1-Topic-8-Cell-6,1,37.0,18.0,3668.152376652497,1900.065579198177
SYNTH-37-19-1-Topic-0-Cell-1,1,37.0,19.0,3700.0,1950.0
SYNTH-37-19-1-Topic-4-Cell-2,1,37.0,19.0,3719.6357488094313,1928.5655098336135
SYNTH-37-19-1-Topic-8-Cell-3,1,37.0,19.0,3659.047797432964,1953.5940374105542
SYNTH-37-19-1-Topic-9-Cell-4,1,37.0,19.0,3739.956832412776,1980.634156484835
SYNTH-37-19-1-Topic-9-Cell-5,1,37.0,19.0,3689.8734502809575,1892.750956420323
SYNTH-37-20-1-Topic-0-Cell-1,1,37.0,20.0,3700.0,2050.0
SYNTH-37-20-1-Topic-8-Cell-2,1,37.0,20.0,3719.6357488094313,2028.5655098336135
SYNTH-37-20-1-Topic-8-Cell-3,1,37.0,20.0,3659.047797432964,2053.594037410554
SYNTH-37-20-1-Topic-9-Cell-4,1,37.0,20.0,3739.956832412776,2080.634156484835
SYNTH-37-20-1-Topic-9-Cell-5,1,37.0,20.0,3689.8734502809575,1992.750956420323
SYNTH-37-21-1-Topic-0-Cell-1,1,37.0,21.0,3700.0,2150.0
SYNTH-37-21-1-Topic-0-Cell-2,1,37.0,21.0,3719.6357488094313,2128.5655098336138
SYNTH-37-21-1-Topic-7-Cell-3,1,37.0,21.0,3659.047797432964,2153.594037410554
SYNTH-37-21-1-Topic-8-Cell-4,1,37.0,21.0,3739.956832412776,2180.634156484835
SYNTH-37-21-1-Topic-8-Cell-5,1,37.0,21.0,3689.8734502809575,2092.750956420323
SYNTH-37-22-1-Topic-0-Cell-1,1,37.0,22.0,3700.0,2250.0
SYNTH-37-22-1-Topic-9-Cell-2,1,37.0,22.0,3719.6357488094313,2228.5655098336138
SYNTH-37-22-1-Topic-9-Cell-3,1,37.0,22.0,3659.047797432964,2253.594037410554
SYNTH-37-22-1-Topic-9-Cell-4,1,37.0,22.0,3739.956832412776,2280.634156484835
SYNTH-37-22-1-Topic-9-Cell-5,1,37.0,22.0,3689.8734502809575,2192.750956420323
SYNTH-37-23-1-Topic-8-Cell-1,1,37.0,23.0,3700.0,2350.0
SYNTH-37-23-1-Topic-8-Cell-2,1,37.0,23.0,3719.6357488094313,2328.5655098336138
SYNTH-37-23-1-Topic-8-Cell-3,1,37.0,23.0,3659.047797432964,2353.594037410554
SYNTH-37-23-1-Topic-8-Cell-4,1,37.0,23.0,3739.956832412776,2380.634156484835
SYNTH-37-23-1-Topic-8-Cell-5,1,37.0,23.0,3689.8734502809575,2292.750956420323
SYNTH-37-24-1-Topic-0-Cell-1,1,37.0,24.0,3700.0,2450.0
SYNTH-37-24-1-Topic-4-Cell-2,1,37.0,24.0,3721.9534345634997,2426.0355114624545
SYNTH-37-24-1-Topic-7-Cell-3,1,37.0,24.0,3654.214045615883,2454.018255981838
SYNTH-37-24-1-Topic-8-Cell-4,1,37.0,24.0,3744.6730967202666,2484.2500281667285
SYNTH-37-25-1-Topic-0-Cell-1,1,37.0,25.0,3700.0,2550.0
SYNTH-37-25-1-Topic-8-Cell-2,1,37.0,25.0,3719.6357488094313,2528.5655098336138
SYNTH-37-25-1-Topic-8-Cell-3,1,37.0,25.0,3659.047797432964,2553.594037410554
SYNTH-37-25-1-Topic-8-Cell-4,1,37.0,25.0,3739.956832412776,2580.634156484835
SYNTH-37-25-1-Topic-8-Cell-5,1,37.0,25.0,3689.8734502809575,2492.750956420323
SYNTH-37-26-1-Topic-0-Cell-1,1,37.0,26.0,3700.0,2650.0
SYNTH-37-26-1-Topic-0-Cell-2,1,37.0,26.0,3717.924904260718,2630.4330770454126
SYNTH-37-26-1-Topic-7-Cell-3,1,37.0,26.0,3662.615924790856,2653.2808922704635
SYNTH-37-26-1-Topic-8-Cell-4,1,37.0,26.0,3736.475430731551,2677.965030894812
SYNTH-37-26-1-Topic-8-Cell-5,1,37.0,26.0,3690.755767148638,2597.7390123930245
SYNTH-37-26-1-Topic-8-Cell-6,1,37.0,26.0,3668.152376652497,2700.065579198177
SYNTH-37-27-1-Topic-8-Cell-1,1,37.0,27.0,3700.0,2750.0
SYNTH-37-27-1-Topic-8-Cell-2,1,37.0,27.0,3719.6357488094313,2728.5655098336138
SYNTH-37-27-1-Topic-8-Cell-3,1,37.0,27.0,3659.047797432964,2753.594037410554
SYNTH-37-27-1-Topic-8-Cell-4,1,37.0,27.0,3739.956832412776,2780.634156484835
SYNTH-37-27-1-Topic-8-Cell-5,1,37.0,27.0,3689.8734502809575,2692.750956420323
SYNTH-37-28-1-Topic-8-Cell-1,1,37.0,28.0,3700.0,2850.0
SYNTH-37-28-1-Topic-8-Cell-2,1,37.0,28.0,3717.924904260718,2830.4330770454126
SYNTH-37-28-1-Topic-8-Cell-3,1,37.0,28.0,3662.615924790856,2853.2808922704635
SYNTH-37-28-1-Topic-8-Cell-4,1,37.0,28.0,3736.475430731551,2877.965030894812
SYNTH-37-28-1-Topic-8-Cell-5,1,37.0,28.0,3690.755767148638,2797.7390123930245
SYNTH-37-28-1-Topic-8-Cell-6,1,37.0,28.0,3668.152376652497,2900.065579198177
SYNTH-37-29-1-Topic-8-Cell-1,1,37.0,29.0,3700.0,2950.0
SYNTH-37-29-1-Topic-8-Cell-2,1,37.0,29.0,3721.9534345634997,2926.0355114624545
SYNTH-37-29-1-Topic-8-Cell-3,1,37.0,29.0,3654.214045615883,2954.018255981838
SYNTH-37-29-1-Topic-8-Cell-4,1,37.0,29.0,3744.6730967202666,2984.2500281667285
SYNTH-37-30-1-Topic-8-Cell-1,1,37.0,30.0,3700.0,3050.0
SYNTH-37-30-1-Topic-8-Cell-2,1,37.0,30.0,3717.924904260718,3030.4330770454126
SYNTH-37-30-1-Topic-8-Cell-3,1,37.0,30.0,3662.615924790856,3053.2808922704635
SYNTH-37-30-1-Topic-8-Cell-4,1,37.0,30.0,3736.475430731551,3077.965030894812
SYNTH-37-30-1-Topic-8-Cell-5,1,37.0,30.0,3690.755767148638,2997.7390123930245
SYNTH-37-30-1-Topic-8-Cell-6,1,37.0,30.0,3668.152376652497,3100.065579198177
SYNTH-37-31-1-Topic-0-Cell-1,1,37.0,31.0,3700.0,3150.0
SYNTH-37-31-1-Topic-0-Cell-2,1,37.0,31.0,3719.6357488094313,3128.5655098336138
SYNTH-37-31-1-Topic-8-Cell-3,1,37.0,31.0,3659.047797432964,3153.594037410554
SYNTH-37-31-1-Topic-8-Cell-4,1,37.0,31.0,3739.956832412776,3180.634156484835
SYNTH-37-31-1-Topic-8-Cell-5,1,37.0,31.0,3689.8734502809575,3092.750956420323
SYNTH-37-32-1-Topic-0-Cell-1,1,37.0,32.0,3700.0,3250.0
SYNTH-37-32-1-Topic-7-Cell-2,1,37.0,32.0,3719.6357488094313,3228.5655098336138
SYNTH-37-32-1-Topic-8-Cell-3,1,37.0,32.0,3659.047797432964,3253.594037410554
SYNTH-37-32-1-Topic-8-Cell-4,1,37.0,32.0,3739.956832412776,3280.634156484835
SYNTH-37-32-1-Topic-10-Cell-5,1,37.0,32.0,3689.8734502809575,3192.750956420323
SYNTH-37-33-1-Topic-0-Cell-1,1,37.0,33.0,3700.0,3350.0
SYNTH-37-33-1-Topic-0-Cell-2,1,37.0,33.0,3717.924904260718,3330.4330770454126
SYNTH-37-33-1-Topic-0-Cell-3,1,37.0,33.0,3662.615924790856,3353.2808922704635
SYNTH-37-33-1-Topic-0-Cell-4,1,37.0,33.0,3736.475430731551,3377.965030894812
SYNTH-37-33-1-Topic-8-Cell-5,1,37.0,33.0,3690.755767148638,3297.7390123930245
SYNTH-37-33-1-Topic-8-Cell-6,1,37.0,33.0,3668.152376652497,3400.065579198177
SYNTH-37-34-1-Topic-7-Cell-1,1,37.0,34.0,3700.0,3450.0
SYNTH-37-34-1-Topic-8-Cell-2,1,37.0,34.0,3719.6357488094313,3428.5655098336138
SYNTH-37-34-1-Topic-8-Cell-3,1,37.0,34.0,3659.047797432964,3453.594037410554
SYNTH-37-34-1-Topic-8-Cell-4,1,37.0,34.0,3739.956832412776,3480.634156484835
SYNTH-37-34-1-Topic-9-Cell-5,1,37.0,34.0,3689.8734502809575,3392.750956420323
SYNTH-37-35-1-Topic-0-Cell-1,1,37.0,35.0,3700.0,3550.0
SYNTH-37-35-1-Topic-8-Cell-2,1,37.0,35.0,3717.924904260718,3530.4330770454126
SYNTH-37-35-1-Topic-8-Cell-3,1,37.0,35.0,3662.615924790856,3553.2808922704635
SYNTH-37-35-1-Topic-8-Cell-4,1,37.0,35.0,3736.475430731551,3577.965030894812
SYNTH-37-35-1-Topic-8-Cell-5,1,37.0,35.0,3690.755767148638,3497.7390123930245
SYNTH-37-35-1-Topic-8-Cell-6,1,37.0,35.0,3668.152376652497,3600.065579198177
SYNTH-37-36-1-Topic-8-Cell-1,1,37.0,36.0,3700.0,3650.0
SYNTH-37-36-1-Topic-8-Cell-2,1,37.0,36.0,3719.6357488094313,3628.5655098336138
SYNTH-37-36-1-Topic-8-Cell-3,1,37.0,36.0,3659.047797432964,3653.594037410554
SYNTH-37-36-1-Topic-8-Cell-4,1,37.0,36.0,3739.956832412776,3680.634156484835
SYNTH-37-36-1-Topic-8-Cell-5,1,37.0,36.0,3689.8734502809575,3592.750956420323
SYNTH-37-37-1-Topic-8-Cell-1,1,37.0,37.0,3700.0,3750.0
SYNTH-37-37-1-Topic-8-Cell-2,1,37.0,37.0,3721.9534345634997,3726.0355114624545
SYNTH-37-37-1-Topic-8-Cell-3,1,37.0,37.0,3654.214045615883,3754.018255981838
SYNTH-37-37-1-Topic-8-Cell-4,1,37.0,37.0,3744.6730967202666,3784.2500281667285
SYNTH-37-38-1-Topic-0-Cell-1,1,37.0,38.0,3700.0,3850.0
SYNTH-37-38-1-Topic-0-Cell-2,1,37.0,38.0,3719.6357488094313,3828.5655098336138
SYNTH-37-38-1-Topic-0-Cell-3,1,37.0,38.0,3659.047797432964,3853.594037410554
SYNTH-37-38-1-Topic-8-Cell-4,1,37.0,38.0,3739.956832412776,3880.634156484835
SYNTH-37-38-1-Topic-8-Cell-5,1,37.0,38.0,3689.8734502809575,3792.750956420323
SYNTH-37-39-1-Topic-0-Cell-1,1,37.0,39.0,3700.0,3950.0
SYNTH-37-39-1-Topic-0-Cell-2,1,37.0,39.0,3719.6357488094313,3928.5655098336138
SYNTH-37-39-1-Topic-0-Cell-3,1,37.0,39.0,3659.047797432964,3953.594037410554
SYNTH-37-39-1-Topic-8-Cell-4,1,37.0,39.0,3739.956832412776,3980.634156484835
SYNTH-37-39-1-Topic-8-Cell-5,1,37.0,39.0,3689.8734502809575,3892.750956420323
SYNTH-37-40-1-Topic-8-Cell-1,1,37.0,40.0,3700.0,4050.0
SYNTH-37-40-1-Topic-8-Cell-2,1,37.0,40.0,3717.924904260718,4030.4330770454126
SYNTH-37-40-1-Topic-8-Cell-3,1,37.0,40.0,3662.615924790856,4053.2808922704635
SYNTH-37-40-1-Topic-8-Cell-4,1,37.0,40.0,3736.475430731551,4077.965030894812
SYNTH-37-40-1-Topic-8-Cell-5,1,37.0,40.0,3690.755767148638,3997.7390123930245
SYNTH-37-40-1-Topic-8-Cell-6,1,37.0,40.0,3668.152376652497,4100.065579198177
SYNTH-37-41-1-Topic-4-Cell-1,1,37.0,41.0,3700.0,4150.0
SYNTH-37-41-1-Topic-7-Cell-2,1,37.0,41.0,3721.9534345634997,4126.035511462454
SYNTH-37-41-1-Topic-8-Cell-3,1,37.0,41.0,3654.214045615883,4154.018255981839
SYNTH-37-41-1-Topic-8-Cell-4,1,37.0,41.0,3744.6730967202666,4184.250028166729
SYNTH-37-42-1-Topic-7-Cell-1,1,37.0,42.0,3700.0,4250.0
SYNTH-37-42-1-Topic-7-Cell-2,1,37.0,42.0,3721.9534345634997,4226.035511462454
SYNTH-37-42-1-Topic-7-Cell-3,1,37.0,42.0,3654.214045615883,4254.018255981839
SYNTH-37-42-1-Topic-8-Cell-4,1,37.0,42.0,3744.6730967202666,4284.250028166729
SYNTH-37-43-1-Topic-0-Cell-1,1,37.0,43.0,3700.0,4350.0
SYNTH-37-43-1-Topic-0-Cell-2,1,37.0,43.0,3717.924904260718,4330.433077045413
SYNTH-37-43-1-Topic-0-Cell-3,1,37.0,43.0,3662.615924790856,4353.2808922704635
SYNTH-37-43-1-Topic-7-Cell-4,1,37.0,43.0,3736.475430731551,4377.965030894812
SYNTH-37-43-1-Topic-8-Cell-5,1,37.0,43.0,3690.755767148638,4297.7390123930245
SYNTH-37-43-1-Topic-10-Cell-6,1,37.0,43.0,3668.152376652497,4400.065579198177
SYNTH-37-44-1-Topic-0-Cell-1,1,37.0,44.0,3700.0,4450.0
SYNTH-37-44-1-Topic-0-Cell-2,1,37.0,44.0,3717.924904260718,4430.433077045413
SYNTH-37-44-1-Topic-7-Cell-3,1,37.0,44.0,3662.615924790856,4453.2808922704635
SYNTH-37-44-1-Topic-8-Cell-4,1,37.0,44.0,3736.475430731551,4477.965030894812
SYNTH-37-44-1-Topic-8-Cell-5,1,37.0,44.0,3690.755767148638,4397.7390123930245
SYNTH-37-44-1-Topic-10-Cell-6,1,37.0,44.0,3668.152376652497,4500.065579198177
SYNTH-37-45-1-Topic-7-Cell-1,1,37.0,45.0,3700.0,4550.0
SYNTH-37-45-1-Topic-8-Cell-2,1,37.0,45.0,3731.046844900371,4516.109095294869
SYNTH-37-46-1-Topic-0-Cell-1,1,37.0,46.0,3700.0,4650.0
SYNTH-37-46-1-Topic-7-Cell-2,1,37.0,46.0,3719.6357488094313,4628.565509833614
SYNTH-37-46-1-Topic-7-Cell-3,1,37.0,46.0,3659.047797432964,4653.594037410554
SYNTH-37-46-1-Topic-7-Cell-4,1,37.0,46.0,3739.956832412776,4680.634156484835
SYNTH-37-46-1-Topic-8-Cell-5,1,37.0,46.0,3689.8734502809575,4592.750956420323
SYNTH-37-47-1-Topic-8-Cell-1,1,37.0,47.0,3700.0,4750.0
SYNTH-37-47-1-Topic-8-Cell-2,1,37.0,47.0,3725.3496427097466,4722.328192183713
SYNTH-37-47-1-Topic-8-Cell-3,1,37.0,47.0,3647.1309338224523,4754.639882345574
SYNTH-37-48-1-Topic-8-Cell-1,1,37.0,48.0,3700.0,4850.0
SYNTH-37-48-1-Topic-8-Cell-2,1,37.0,48.0,3721.9534345634997,4826.035511462454
SYNTH-37-48-1-Topic-8-Cell-3,1,37.0,48.0,3654.214045615883,4854.018255981839
SYNTH-37-48-1-Topic-8-Cell-4,1,37.0,48.0,3744.6730967202666,4884.250028166729
SYNTH-37-49-1-Topic-0-Cell-1,1,37.0,49.0,3700.0,4950.0
SYNTH-37-49-1-Topic-0-Cell-2,1,37.0,49.0,3719.6357488094313,4928.565509833614
SYNTH-37-49-1-Topic-0-Cell-3,1,37.0,49.0,3659.047797432964,4953.594037410554
SYNTH-37-49-1-Topic-0-Cell-4,1,37.0,49.0,3739.956832412776,4980.634156484835
SYNTH-37-49-1-Topic-8-Cell-5,1,37.0,49.0,3689.8734502809575,4892.750956420323
SYNTH-37-50-1-Topic-0-Cell-1,1,37.0,50.0,3700.0,5050.0
SYNTH-37-50-1-Topic-0-Cell-2,1,37.0,50.0,3719.6357488094313,5028.565509833614
SYNTH-37-50-1-Topic-7-Cell-3,1,37.0,50.0,3659.047797432964,5053.594037410554
SYNTH-37-50-1-Topic-8-Cell-4,1,37.0,50.0,3739.956832412776,5080.634156484835
SYNTH-37-50-1-Topic-8-Cell-5,1,37.0,50.0,3689.8734502809575,4992.750956420323
SYNTH-38-1-1-Topic-0-Cell-1,1,38.0,1.0,3800.0,100.0
SYNTH-38-1-1-Topic-0-Cell-2,1,38.0,1.0,3819.6357488094313,78.56550983361359
SYNTH-38-1-1-Topic-8-Cell-3,1,38.0,1.0,3759.047797432964,103.59403741055415
SYNTH-38-1-1-Topic-8-Cell-4,1,38.0,1.0,3839.956832412776,130.63415648483507
SYNTH-38-1-1-Topic-10-Cell-5,1,38.0,1.0,3789.8734502809575,42.75095642032298
SYNTH-38-2-1-Topic-0-Cell-1,1,38.0,2.0,3800.0,200.0
SYNTH-38-2-1-Topic-0-Cell-2,1,38.0,2.0,3817.924904260718,180.43307704541252
SYNTH-38-2-1-Topic-8-Cell-3,1,38.0,2.0,3762.615924790856,203.28089227046326
SYNTH-38-2-1-Topic-9-Cell-4,1,38.0,2.0,3836.475430731551,227.96503089481223
SYNTH-38-2-1-Topic-9-Cell-5,1,38.0,2.0,3790.755767148638,147.73901239302432
SYNTH-38-2-1-Topic-9-Cell-6,1,38.0,2.0,3768.152376652497,250.06557919817692
SYNTH-38-3-1-Topic-8-Cell-1,1,38.0,3.0,3800.0,300.0
SYNTH-38-3-1-Topic-8-Cell-2,1,38.0,3.0,3825.3496427097466,272.32819218371293
SYNTH-38-3-1-Topic-8-Cell-3,1,38.0,3.0,3747.1309338224523,304.6398823455742
SYNTH-38-4-1-Topic-7-Cell-1,1,38.0,4.0,3800.0,400.0
SYNTH-38-4-1-Topic-7-Cell-2,1,38.0,4.0,3819.6357488094313,378.5655098336136
SYNTH-38-4-1-Topic-7-Cell-3,1,38.0,4.0,3759.047797432964,403.59403741055417
SYNTH-38-4-1-Topic-9-Cell-4,1,38.0,4.0,3839.956832412776,430.6341564848351
SYNTH-38-4-1-Topic-9-Cell-5,1,38.0,4.0,3789.8734502809575,342.75095642032295
SYNTH-38-5-1-Topic-0-Cell-1,1,38.0,5.0,3800.0,500.0
SYNTH-38-5-1-Topic-0-Cell-2,1,38.0,5.0,3819.6357488094313,478.5655098336136
SYNTH-38-5-1-Topic-0-Cell-3,1,38.0,5.0,3759.047797432964,503.59403741055417
SYNTH-38-5-1-Topic-7-Cell-4,1,38.0,5.0,3839.956832412776,530.6341564848351
SYNTH-38-5-1-Topic-8-Cell-5,1,38.0,5.0,3789.8734502809575,442.75095642032295
SYNTH-38-6-1-Topic-8-Cell-1,1,38.0,6.0,3800.0,600.0
SYNTH-38-6-1-Topic-8-Cell-2,1,38.0,6.0,3817.924904260718,580.4330770454125
SYNTH-38-6-1-Topic-8-Cell-3,1,38.0,6.0,3762.615924790856,603.2808922704633
SYNTH-38-6-1-Topic-8-Cell-4,1,38.0,6.0,3836.475430731551,627.9650308948122
SYNTH-38-6-1-Topic-8-Cell-5,1,38.0,6.0,3790.755767148638,547.7390123930243
SYNTH-38-6-1-Topic-8-Cell-6,1,38.0,6.0,3768.152376652497,650.0655791981769
SYNTH-38-7-1-Topic-8-Cell-1,1,38.0,7.0,3800.0,700.0
SYNTH-38-7-1-Topic-8-Cell-2,1,38.0,7.0,3819.6357488094313,678.5655098336136
SYNTH-38-7-1-Topic-8-Cell-3,1,38.0,7.0,3759.047797432964,703.5940374105542
SYNTH-38-7-1-Topic-8-Cell-4,1,38.0,7.0,3839.956832412776,730.6341564848351
SYNTH-38-7-1-Topic-8-Cell-5,1,38.0,7.0,3789.8734502809575,642.750956420323
SYNTH-38-8-1-Topic-0-Cell-1,1,38.0,8.0,3800.0,800.0
SYNTH-38-8-1-Topic-8-Cell-2,1,38.0,8.0,3819.6357488094313,778.5655098336136
SYNTH-38-8-1-Topic-8-Cell-3,1,38.0,8.0,3759.047797432964,803.5940374105542
SYNTH-38-8-1-Topic-8-Cell-4,1,38.0,8.0,3839.956832412776,830.6341564848351
SYNTH-38-8-1-Topic-8-Cell-5,1,38.0,8.0,3789.8734502809575,742.750956420323
SYNTH-38-9-1-Topic-0-Cell-1,1,38.0,9.0,3800.0,900.0
SYNTH-38-9-1-Topic-0-Cell-2,1,38.0,9.0,3819.6357488094313,878.5655098336136
SYNTH-38-9-1-Topic-4-Cell-3,1,38.0,9.0,3759.047797432964,903.5940374105542
SYNTH-38-9-1-Topic-4-Cell-4,1,38.0,9.0,3839.956832412776,930.6341564848351
SYNTH-38-9-1-Topic-8-Cell-5,1,38.0,9.0,3789.8734502809575,842.750956420323
SYNTH-38-10-1-Topic-0-Cell-1,1,38.0,10.0,3800.0,1000.0
SYNTH-38-10-1-Topic-0-Cell-2,1,38.0,10.0,3817.924904260718,980.4330770454125
SYNTH-38-10-1-Topic-0-Cell-3,1,38.0,10.0,3762.615924790856,1003.2808922704633
SYNTH-38-10-1-Topic-10-Cell-4,1,38.0,10.0,3836.475430731551,1027.9650308948123
SYNTH-38-10-1-Topic-10-Cell-5,1,38.0,10.0,3790.755767148638,947.7390123930243
SYNTH-38-10-1-Topic-10-Cell-6,1,38.0,10.0,3768.152376652497,1050.065579198177
SYNTH-38-11-1-Topic-0-Cell-1,1,38.0,11.0,3800.0,1100.0
SYNTH-38-11-1-Topic-0-Cell-2,1,38.0,11.0,3821.9534345634997,1076.0355114624547
SYNTH-38-11-1-Topic-0-Cell-3,1,38.0,11.0,3754.214045615883,1104.0182559818381
SYNTH-38-11-1-Topic-0-Cell-4,1,38.0,11.0,3844.6730967202666,1134.2500281667287
SYNTH-38-12-1-Topic-0-Cell-1,1,38.0,12.0,3800.0,1200.0
SYNTH-38-12-1-Topic-0-Cell-2,1,38.0,12.0,3819.6357488094313,1178.5655098336135
SYNTH-38-12-1-Topic-0-Cell-3,1,38.0,12.0,3759.047797432964,1203.5940374105542
SYNTH-38-12-1-Topic-8-Cell-4,1,38.0,12.0,3839.956832412776,1230.634156484835
SYNTH-38-12-1-Topic-8-Cell-5,1,38.0,12.0,3789.8734502809575,1142.750956420323
SYNTH-38-13-1-Topic-0-Cell-1,1,38.0,13.0,3800.0,1300.0
SYNTH-38-13-1-Topic-8-Cell-2,1,38.0,13.0,3819.6357488094313,1278.5655098336135
SYNTH-38-13-1-Topic-8-Cell-3,1,38.0,13.0,3759.047797432964,1303.5940374105542
SYNTH-38-13-1-Topic-8-Cell-4,1,38.0,13.0,3839.956832412776,1330.634156484835
SYNTH-38-13-1-Topic-8-Cell-5,1,38.0,13.0,3789.8734502809575,1242.750956420323
SYNTH-38-14-1-Topic-0-Cell-1,1,38.0,14.0,3800.0,1400.0
SYNTH-38-14-1-Topic-0-Cell-2,1,38.0,14.0,3819.6357488094313,1378.5655098336135
SYNTH-38-14-1-Topic-8-Cell-3,1,38.0,14.0,3759.047797432964,1403.5940374105542
SYNTH-38-14-1-Topic-8-Cell-4,1,38.0,14.0,3839.956832412776,1430.634156484835
SYNTH-38-14-1-Topic-8-Cell-5,1,38.0,14.0,3789.8734502809575,1342.750956420323
SYNTH-38-15-1-Topic-0-Cell-1,1,38.0,15.0,3800.0,1500.0
SYNTH-38-15-1-Topic-8-Cell-2,1,38.0,15.0,3819.6357488094313,1478.5655098336135
SYNTH-38-15-1-Topic-8-Cell-3,1,38.0,15.0,3759.047797432964,1503.5940374105542
SYNTH-38-15-1-Topic-8-Cell-4,1,38.0,15.0,3839.956832412776,1530.634156484835
SYNTH-38-15-1-Topic-8-Cell-5,1,38.0,15.0,3789.8734502809575,1442.750956420323
SYNTH-38-16-1-Topic-4-Cell-1,1,38.0,16.0,3800.0,1600.0
SYNTH-38-16-1-Topic-8-Cell-2,1,38.0,16.0,3819.6357488094313,1578.5655098336135
SYNTH-38-16-1-Topic-8-Cell-3,1,38.0,16.0,3759.047797432964,1603.5940374105542
SYNTH-38-16-1-Topic-9-Cell-4,1,38.0,16.0,3839.956832412776,1630.634156484835
SYNTH-38-16-1-Topic-9-Cell-5,1,38.0,16.0,3789.8734502809575,1542.750956420323
SYNTH-38-17-1-Topic-8-Cell-1,1,38.0,17.0,3800.0,1700.0
SYNTH-38-17-1-Topic-8-Cell-2,1,38.0,17.0,3819.6357488094313,1678.5655098336135
SYNTH-38-17-1-Topic-8-Cell-3,1,38.0,17.0,3759.047797432964,1703.5940374105542
SYNTH-38-17-1-Topic-8-Cell-4,1,38.0,17.0,3839.956832412776,1730.634156484835
SYNTH-38-17-1-Topic-8-Cell-5,1,38.0,17.0,3789.8734502809575,1642.750956420323
SYNTH-38-18-1-Topic-0-Cell-1,1,38.0,18.0,3800.0,1800.0
SYNTH-38-18-1-Topic-0-Cell-2,1,38.0,18.0,3819.6357488094313,1778.5655098336135
SYNTH-38-18-1-Topic-0-Cell-3,1,38.0,18.0,3759.047797432964,1803.5940374105542
SYNTH-38-18-1-Topic-4-Cell-4,1,38.0,18.0,3839.956832412776,1830.634156484835
SYNTH-38-18-1-Topic-8-Cell-5,1,38.0,18.0,3789.8734502809575,1742.750956420323
SYNTH-38-19-1-Topic-0-Cell-1,1,38.0,19.0,3800.0,1900.0
SYNTH-38-19-1-Topic-0-Cell-2,1,38.0,19.0,3817.924904260718,1880.4330770454126
SYNTH-38-19-1-Topic-8-Cell-3,1,38.0,19.0,3762.615924790856,1903.2808922704633
SYNTH-38-19-1-Topic-8-Cell-4,1,38.0,19.0,3836.475430731551,1927.9650308948123
SYNTH-38-19-1-Topic-8-Cell-5,1,38.0,19.0,3790.755767148638,1847.7390123930243
SYNTH-38-19-1-Topic-8-Cell-6,1,38.0,19.0,3768.152376652497,1950.065579198177
SYNTH-38-20-1-Topic-4-Cell-1,1,38.0,20.0,3800.0,2000.0
SYNTH-38-20-1-Topic-7-Cell-2,1,38.0,20.0,3819.6357488094313,1978.5655098336135
SYNTH-38-20-1-Topic-7-Cell-3,1,38.0,20.0,3759.047797432964,2003.5940374105542
SYNTH-38-20-1-Topic-7-Cell-4,1,38.0,20.0,3839.956832412776,2030.634156484835
SYNTH-38-20-1-Topic-7-Cell-5,1,38.0,20.0,3789.8734502809575,1942.750956420323
SYNTH-38-21-1-Topic-0-Cell-1,1,38.0,21.0,3800.0,2100.0
SYNTH-38-21-1-Topic-8-Cell-2,1,38.0,21.0,3817.924904260718,2080.4330770454126
SYNTH-38-21-1-Topic-8-Cell-3,1,38.0,21.0,3762.615924790856,2103.2808922704635
SYNTH-38-21-1-Topic-8-Cell-4,1,38.0,21.0,3836.475430731551,2127.965030894812
SYNTH-38-21-1-Topic-8-Cell-5,1,38.0,21.0,3790.755767148638,2047.7390123930243
SYNTH-38-21-1-Topic-8-Cell-6,1,38.0,21.0,3768.152376652497,2150.065579198177
SYNTH-38-22-1-Topic-8-Cell-1,1,38.0,22.0,3800.0,2200.0
SYNTH-38-22-1-Topic-8-Cell-2,1,38.0,22.0,3821.9534345634997,2176.0355114624545
SYNTH-38-22-1-Topic-8-Cell-3,1,38.0,22.0,3754.214045615883,2204.018255981838
SYNTH-38-22-1-Topic-9-Cell-4,1,38.0,22.0,3844.6730967202666,2234.2500281667285
SYNTH-38-23-1-Topic-0-Cell-1,1,38.0,23.0,3800.0,2300.0
SYNTH-38-23-1-Topic-0-Cell-2,1,38.0,23.0,3819.6357488094313,2278.5655098336138
SYNTH-38-23-1-Topic-8-Cell-3,1,38.0,23.0,3759.047797432964,2303.594037410554
SYNTH-38-23-1-Topic-8-Cell-4,1,38.0,23.0,3839.956832412776,2330.634156484835
SYNTH-38-23-1-Topic-8-Cell-5,1,38.0,23.0,3789.8734502809575,2242.750956420323
SYNTH-38-24-1-Topic-0-Cell-1,1,38.0,24.0,3800.0,2400.0
SYNTH-38-24-1-Topic-0-Cell-2,1,38.0,24.0,3817.924904260718,2380.4330770454126
SYNTH-38-24-1-Topic-0-Cell-3,1,38.0,24.0,3762.615924790856,2403.2808922704635
SYNTH-38-24-1-Topic-7-Cell-4,1,38.0,24.0,3836.475430731551,2427.965030894812
SYNTH-38-24-1-Topic-7-Cell-5,1,38.0,24.0,3790.755767148638,2347.7390123930245
SYNTH-38-24-1-Topic-7-Cell-6,1,38.0,24.0,3768.152376652497,2450.065579198177
SYNTH-38-25-1-Topic-4-Cell-1,1,38.0,25.0,3800.0,2500.0
SYNTH-38-25-1-Topic-4-Cell-2,1,38.0,25.0,3819.6357488094313,2478.5655098336138
SYNTH-38-25-1-Topic-4-Cell-3,1,38.0,25.0,3759.047797432964,2503.594037410554
SYNTH-38-25-1-Topic-8-Cell-4,1,38.0,25.0,3839.956832412776,2530.634156484835
SYNTH-38-25-1-Topic-8-Cell-5,1,38.0,25.0,3789.8734502809575,2442.750956420323
SYNTH-38-26-1-Topic-0-Cell-1,1,38.0,26.0,3800.0,2600.0
SYNTH-38-26-1-Topic-0-Cell-2,1,38.0,26.0,3817.924904260718,2580.4330770454126
SYNTH-38-26-1-Topic-0-Cell-3,1,38.0,26.0,3762.615924790856,2603.2808922704635
SYNTH-38-26-1-Topic-0-Cell-4,1,38.0,26.0,3836.475430731551,2627.965030894812
SYNTH-38-26-1-Topic-7-Cell-5,1,38.0,26.0,3790.755767148638,2547.7390123930245
SYNTH-38-26-1-Topic-7-Cell-6,1,38.0,26.0,3768.152376652497,2650.065579198177
SYNTH-38-27-1-Topic-10-Cell-1,1,38.0,27.0,3800.0,2700.0
SYNTH-38-27-1-Topic-10-Cell-2,1,38.0,27.0,3819.6357488094313,2678.5655098336138
SYNTH-38-27-1-Topic-10-Cell-3,1,38.0,27.0,3759.047797432964,2703.594037410554
SYNTH-38-27-1-Topic-10-Cell-4,1,38.0,27.0,3839.956832412776,2730.634156484835
SYNTH-38-27-1-Topic-10-Cell-5,1,38.0,27.0,3789.8734502809575,2642.750956420323
SYNTH-38-28-1-Topic-0-Cell-1,1,38.0,28.0,3800.0,2800.0
SYNTH-38-28-1-Topic-0-Cell-2,1,38.0,28.0,3816.5952366510714,2781.884549437942
SYNTH-38-28-1-Topic-0-Cell-3,1,38.0,28.0,3765.3890717599656,2803.0375160091835
SYNTH-38-28-1-Topic-0-Cell-4,1,38.0,28.0,3833.769686919132,2825.8905876931776
SYNTH-38-28-1-Topic-0-Cell-5,1,38.0,28.0,3791.441503419231,2751.6157272394976
SYNTH-38-28-1-Topic-8-Cell-6,1,38.0,28.0,3770.5148301748964,2846.3517195284267
SYNTH-38-28-1-Topic-8-Cell-7,1,38.0,28.0,3858.1150977231787,2784.3774525747567
SYNTH-38-29-1-Topic-0-Cell-1,1,38.0,29.0,3800.0,2900.0
SYNTH-38-29-1-Topic-0-Cell-2,1,38.0,29.0,3817.924904260718,2880.4330770454126
SYNTH-38-29-1-Topic-8-Cell-3,1,38.0,29.0,3762.615924790856,2903.2808922704635
SYNTH-38-29-1-Topic-8-Cell-4,1,38.0,29.0,3836.475430731551,2927.965030894812
SYNTH-38-29-1-Topic-8-Cell-5,1,38.0,29.0,3790.755767148638,2847.7390123930245
SYNTH-38-29-1-Topic-8-Cell-6,1,38.0,29.0,3768.152376652497,2950.065579198177
SYNTH-38-30-1-Topic-7-Cell-1,1,38.0,30.0,3800.0,3000.0
SYNTH-38-30-1-Topic-7-Cell-2,1,38.0,30.0,3819.6357488094313,2978.5655098336138
SYNTH-38-30-1-Topic-8-Cell-3,1,38.0,30.0,3759.047797432964,3003.594037410554
SYNTH-38-30-1-Topic-9-Cell-4,1,38.0,30.0,3839.956832412776,3030.634156484835
SYNTH-38-30-1-Topic-9-Cell-5,1,38.0,30.0,3789.8734502809575,2942.750956420323
SYNTH-38-31-1-Topic-0-Cell-1,1,38.0,31.0,3800.0,3100.0
SYNTH-38-31-1-Topic-7-Cell-2,1,38.0,31.0,3817.924904260718,3080.4330770454126
SYNTH-38-31-1-Topic-8-Cell-3,1,38.0,31.0,3762.615924790856,3103.2808922704635
SYNTH-38-31-1-Topic-8-Cell-4,1,38.0,31.0,3836.475430731551,3127.965030894812
SYNTH-38-31-1-Topic-8-Cell-5,1,38.0,31.0,3790.755767148638,3047.7390123930245
SYNTH-38-31-1-Topic-9-Cell-6,1,38.0,31.0,3768.152376652497,3150.065579198177
SYNTH-38-32-1-Topic-7-Cell-1,1,38.0,32.0,3800.0,3200.0
SYNTH-38-32-1-Topic-8-Cell-2,1,38.0,32.0,3825.3496427097466,3172.328192183713
SYNTH-38-32-1-Topic-8-Cell-3,1,38.0,32.0,3747.1309338224523,3204.6398823455743
SYNTH-38-33-1-Topic-4-Cell-1,1,38.0,33.0,3800.0,3300.0
SYNTH-38-33-1-Topic-4-Cell-2,1,38.0,33.0,3819.6357488094313,3278.5655098336138
SYNTH-38-33-1-Topic-7-Cell-3,1,38.0,33.0,3759.047797432964,3303.594037410554
SYNTH-38-33-1-Topic-10-Cell-4,1,38.0,33.0,3839.956832412776,3330.634156484835
SYNTH-38-33-1-Topic-10-Cell-5,1,38.0,33.0,3789.8734502809575,3242.750956420323
SYNTH-38-34-1-Topic-0-Cell-1,1,38.0,34.0,3800.0,3400.0
SYNTH-38-34-1-Topic-0-Cell-2,1,38.0,34.0,3819.6357488094313,3378.5655098336138
SYNTH-38-34-1-Topic-7-Cell-3,1,38.0,34.0,3759.047797432964,3403.594037410554
SYNTH-38-34-1-Topic-9-Cell-4,1,38.0,34.0,3839.956832412776,3430.634156484835
SYNTH-38-34-1-Topic-9-Cell-5,1,38.0,34.0,3789.8734502809575,3342.750956420323
SYNTH-38-35-1-Topic-0-Cell-1,1,38.0,35.0,3800.0,3500.0
SYNTH-38-35-1-Topic-0-Cell-2,1,38.0,35.0,3817.924904260718,3480.4330770454126
SYNTH-38-35-1-Topic-0-Cell-3,1,38.0,35.0,3762.615924790856,3503.2808922704635
SYNTH-38-35-1-Topic-7-Cell-4,1,38.0,35.0,3836.475430731551,3527.965030894812
SYNTH-38-35-1-Topic-8-Cell-5,1,38.0,35.0,3790.755767148638,3447.7390123930245
SYNTH-38-35-1-Topic-10-Cell-6,1,38.0,35.0,3768.152376652497,3550.065579198177
SYNTH-38-36-1-Topic-0-Cell-1,1,38.0,36.0,3800.0,3600.0
SYNTH-38-36-1-Topic-0-Cell-2,1,38.0,36.0,3817.924904260718,3580.4330770454126
SYNTH-38-36-1-Topic-8-Cell-3,1,38.0,36.0,3762.615924790856,3603.2808922704635
SYNTH-38-36-1-Topic-8-Cell-4,1,38.0,36.0,3836.475430731551,3627.965030894812
SYNTH-38-36-1-Topic-8-Cell-5,1,38.0,36.0,3790.755767148638,3547.7390123930245
SYNTH-38-36-1-Topic-8-Cell-6,1,38.0,36.0,3768.152376652497,3650.065579198177
SYNTH-38-37-1-Topic-7-Cell-1,1,38.0,37.0,3800.0,3700.0
SYNTH-38-37-1-Topic-8-Cell-2,1,38.0,37.0,3819.6357488094313,3678.5655098336138
SYNTH-38-37-1-Topic-8-Cell-3,1,38.0,37.0,3759.047797432964,3703.594037410554
SYNTH-38-37-1-Topic-8-Cell-4,1,38.0,37.0,3839.956832412776,3730.634156484835
SYNTH-38-37-1-Topic-8-Cell-5,1,38.0,37.0,3789.8734502809575,3642.750956420323
SYNTH-38-38-1-Topic-0-Cell-1,1,38.0,38.0,3800.0,3800.0
SYNTH-38-38-1-Topic-8-Cell-2,1,38.0,38.0,3819.6357488094313,3778.5655098336138
SYNTH-38-38-1-Topic-8-Cell-3,1,38.0,38.0,3759.047797432964,3803.594037410554
SYNTH-38-38-1-Topic-8-Cell-4,1,38.0,38.0,3839.956832412776,3830.634156484835
SYNTH-38-38-1-Topic-9-Cell-5,1,38.0,38.0,3789.8734502809575,3742.750956420323
SYNTH-38-39-1-Topic-0-Cell-1,1,38.0,39.0,3800.0,3900.0
SYNTH-38-39-1-Topic-0-Cell-2,1,38.0,39.0,3817.924904260718,3880.4330770454126
SYNTH-38-39-1-Topic-8-Cell-3,1,38.0,39.0,3762.615924790856,3903.2808922704635
SYNTH-38-39-1-Topic-8-Cell-4,1,38.0,39.0,3836.475430731551,3927.965030894812
SYNTH-38-39-1-Topic-8-Cell-5,1,38.0,39.0,3790.755767148638,3847.7390123930245
SYNTH-38-39-1-Topic-8-Cell-6,1,38.0,39.0,3768.152376652497,3950.065579198177
SYNTH-38-40-1-Topic-8-Cell-1,1,38.0,40.0,3800.0,4000.0
SYNTH-38-40-1-Topic-8-Cell-2,1,38.0,40.0,3821.9534345634997,3976.0355114624545
SYNTH-38-40-1-Topic-8-Cell-3,1,38.0,40.0,3754.214045615883,4004.018255981838
SYNTH-38-40-1-Topic-8-Cell-4,1,38.0,40.0,3844.6730967202666,4034.2500281667285
SYNTH-38-41-1-Topic-1-Cell-1,1,38.0,41.0,3800.0,4100.0
SYNTH-38-41-1-Topic-7-Cell-2,1,38.0,41.0,3819.6357488094313,4078.5655098336138
SYNTH-38-41-1-Topic-8-Cell-3,1,38.0,41.0,3759.047797432964,4103.594037410554
SYNTH-38-41-1-Topic-8-Cell-4,1,38.0,41.0,3839.956832412776,4130.634156484835
SYNTH-38-41-1-Topic-8-Cell-5,1,38.0,41.0,3789.8734502809575,4042.750956420323
SYNTH-38-42-1-Topic-0-Cell-1,1,38.0,42.0,3800.0,4200.0
SYNTH-38-42-1-Topic-0-Cell-2,1,38.0,42.0,3819.6357488094313,4178.565509833614
SYNTH-38-42-1-Topic-8-Cell-3,1,38.0,42.0,3759.047797432964,4203.594037410554
SYNTH-38-42-1-Topic-8-Cell-4,1,38.0,42.0,3839.956832412776,4230.634156484835
SYNTH-38-42-1-Topic-8-Cell-5,1,38.0,42.0,3789.8734502809575,4142.750956420323
SYNTH-38-43-1-Topic-10-Cell-1,1,38.0,43.0,3800.0,4300.0
SYNTH-38-43-1-Topic-10-Cell-2,1,38.0,43.0,3819.6357488094313,4278.565509833614
SYNTH-38-43-1-Topic-10-Cell-3,1,38.0,43.0,3759.047797432964,4303.594037410554
SYNTH-38-43-1-Topic-10-Cell-4,1,38.0,43.0,3839.956832412776,4330.634156484835
SYNTH-38-43-1-Topic-10-Cell-5,1,38.0,43.0,3789.8734502809575,4242.750956420323
SYNTH-38-44-1-Topic-0-Cell-1,1,38.0,44.0,3800.0,4400.0
SYNTH-38-44-1-Topic-0-Cell-2,1,38.0,44.0,3819.6357488094313,4378.565509833614
SYNTH-38-44-1-Topic-8-Cell-3,1,38.0,44.0,3759.047797432964,4403.594037410554
SYNTH-38-44-1-Topic-8-Cell-4,1,38.0,44.0,3839.956832412776,4430.634156484835
SYNTH-38-44-1-Topic-8-Cell-5,1,38.0,44.0,3789.8734502809575,4342.750956420323
SYNTH-38-45-1-Topic-0-Cell-1,1,38.0,45.0,3800.0,4500.0
SYNTH-38-45-1-Topic-0-Cell-2,1,38.0,45.0,3819.6357488094313,4478.565509833614
SYNTH-38-45-1-Topic-0-Cell-3,1,38.0,45.0,3759.047797432964,4503.594037410554
SYNTH-38-45-1-Topic-0-Cell-4,1,38.0,45.0,3839.956832412776,4530.634156484835
SYNTH-38-45-1-Topic-8-Cell-5,1,38.0,45.0,3789.8734502809575,4442.750956420323
SYNTH-38-46-1-Topic-0-Cell-1,1,38.0,46.0,3800.0,4600.0
SYNTH-38-46-1-Topic-7-Cell-2,1,38.0,46.0,3819.6357488094313,4578.565509833614
SYNTH-38-46-1-Topic-8-Cell-3,1,38.0,46.0,3759.047797432964,4603.594037410554
SYNTH-38-46-1-Topic-9-Cell-4,1,38.0,46.0,3839.956832412776,4630.634156484835
SYNTH-38-46-1-Topic-9-Cell-5,1,38.0,46.0,3789.8734502809575,4542.750956420323
SYNTH-38-47-1-Topic-8-Cell-1,1,38.0,47.0,3800.0,4700.0
SYNTH-38-47-1-Topic-8-Cell-2,1,38.0,47.0,3819.6357488094313,4678.565509833614
SYNTH-38-47-1-Topic-8-Cell-3,1,38.0,47.0,3759.047797432964,4703.594037410554
SYNTH-38-47-1-Topic-8-Cell-4,1,38.0,47.0,3839.956832412776,4730.634156484835
SYNTH-38-47-1-Topic-8-Cell-5,1,38.0,47.0,3789.8734502809575,4642.750956420323
SYNTH-38-48-1-Topic-0-Cell-1,1,38.0,48.0,3800.0,4800.0
SYNTH-38-48-1-Topic-7-Cell-2,1,38.0,48.0,3819.6357488094313,4778.565509833614
SYNTH-38-48-1-Topic-8-Cell-3,1,38.0,48.0,3759.047797432964,4803.594037410554
SYNTH-38-48-1-Topic-8-Cell-4,1,38.0,48.0,3839.956832412776,4830.634156484835
SYNTH-38-48-1-Topic-8-Cell-5,1,38.0,48.0,3789.8734502809575,4742.750956420323
SYNTH-38-49-1-Topic-8-Cell-1,1,38.0,49.0,3800.0,4900.0
SYNTH-38-49-1-Topic-8-Cell-2,1,38.0,49.0,3821.9534345634997,4876.035511462454
SYNTH-38-49-1-Topic-8-Cell-3,1,38.0,49.0,3754.214045615883,4904.018255981839
SYNTH-38-49-1-Topic-8-Cell-4,1,38.0,49.0,3844.6730967202666,4934.250028166729
SYNTH-38-50-1-Topic-0-Cell-1,1,38.0,50.0,3800.0,5000.0
SYNTH-38-50-1-Topic-0-Cell-2,1,38.0,50.0,3817.924904260718,4980.433077045413
SYNTH-38-50-1-Topic-8-Cell-3,1,38.0,50.0,3762.615924790856,5003.2808922704635
SYNTH-38-50-1-Topic-9-Cell-4,1,38.0,50.0,3836.475430731551,5027.965030894812
SYNTH-38-50-1-Topic-9-Cell-5,1,38.0,50.0,3790.755767148638,4947.7390123930245
SYNTH-38-50-1-Topic-9-Cell-6,1,38.0,50.0,3768.152376652497,5050.065579198177
SYNTH-39-1-1-Topic-0-Cell-1,1,39.0,1.0,3900.0,150.0
SYNTH-39-1-1-Topic-7-Cell-2,1,39.0,1.0,3919.6357488094313,128.5655098336136
SYNTH-39-1-1-Topic-7-Cell-3,1,39.0,1.0,3859.047797432964,153.59403741055414
SYNTH-39-1-1-Topic-8-Cell-4,1,39.0,1.0,3939.956832412776,180.63415648483507
SYNTH-39-1-1-Topic-8-Cell-5,1,39.0,1.0,3889.8734502809575,92.75095642032298
SYNTH-39-2-1-Topic-0-Cell-1,1,39.0,2.0,3900.0,250.0
SYNTH-39-2-1-Topic-0-Cell-2,1,39.0,2.0,3919.6357488094313,228.5655098336136
SYNTH-39-2-1-Topic-4-Cell-3,1,39.0,2.0,3859.047797432964,253.59403741055414
SYNTH-39-2-1-Topic-8-Cell-4,1,39.0,2.0,3939.956832412776,280.6341564848351
SYNTH-39-2-1-Topic-8-Cell-5,1,39.0,2.0,3889.8734502809575,192.75095642032298
SYNTH-39-3-1-Topic-8-Cell-1,1,39.0,3.0,3900.0,350.0
SYNTH-39-3-1-Topic-8-Cell-2,1,39.0,3.0,3917.924904260718,330.4330770454125
SYNTH-39-3-1-Topic-8-Cell-3,1,39.0,3.0,3862.615924790856,353.28089227046326
SYNTH-39-3-1-Topic-9-Cell-4,1,39.0,3.0,3936.475430731551,377.96503089481223
SYNTH-39-3-1-Topic-9-Cell-5,1,39.0,3.0,3890.755767148638,297.7390123930243
SYNTH-39-3-1-Topic-9-Cell-6,1,39.0,3.0,3868.152376652497,400.0655791981769
SYNTH-39-4-1-Topic-0-Cell-1,1,39.0,4.0,3900.0,450.0
SYNTH-39-4-1-Topic-8-Cell-2,1,39.0,4.0,3919.6357488094313,428.5655098336136
SYNTH-39-4-1-Topic-8-Cell-3,1,39.0,4.0,3859.047797432964,453.59403741055417
SYNTH-39-4-1-Topic-8-Cell-4,1,39.0,4.0,3939.956832412776,480.6341564848351
SYNTH-39-4-1-Topic-8-Cell-5,1,39.0,4.0,3889.8734502809575,392.75095642032295
SYNTH-39-5-1-Topic-7-Cell-1,1,39.0,5.0,3900.0,550.0
SYNTH-39-5-1-Topic-8-Cell-2,1,39.0,5.0,3919.6357488094313,528.5655098336136
SYNTH-39-5-1-Topic-8-Cell-3,1,39.0,5.0,3859.047797432964,553.5940374105542
SYNTH-39-5-1-Topic-9-Cell-4,1,39.0,5.0,3939.956832412776,580.6341564848351
SYNTH-39-5-1-Topic-9-Cell-5,1,39.0,5.0,3889.8734502809575,492.75095642032295
SYNTH-39-6-1-Topic-8-Cell-1,1,39.0,6.0,3900.0,650.0
SYNTH-39-6-1-Topic-8-Cell-2,1,39.0,6.0,3919.6357488094313,628.5655098336136
SYNTH-39-6-1-Topic-8-Cell-3,1,39.0,6.0,3859.047797432964,653.5940374105542
SYNTH-39-6-1-Topic-8-Cell-4,1,39.0,6.0,3939.956832412776,680.6341564848351
SYNTH-39-6-1-Topic-8-Cell-5,1,39.0,6.0,3889.8734502809575,592.750956420323
SYNTH-39-7-1-Topic-0-Cell-1,1,39.0,7.0,3900.0,750.0
SYNTH-39-7-1-Topic-2-Cell-2,1,39.0,7.0,3919.6357488094313,728.5655098336136
SYNTH-39-7-1-Topic-2-Cell-3,1,39.0,7.0,3859.047797432964,753.5940374105542
SYNTH-39-7-1-Topic-9-Cell-4,1,39.0,7.0,3939.956832412776,780.6341564848351
SYNTH-39-7-1-Topic-9-Cell-5,1,39.0,7.0,3889.8734502809575,692.750956420323
SYNTH-39-8-1-Topic-7-Cell-1,1,39.0,8.0,3900.0,850.0
SYNTH-39-8-1-Topic-8-Cell-2,1,39.0,8.0,3919.6357488094313,828.5655098336136
SYNTH-39-8-1-Topic-8-Cell-3,1,39.0,8.0,3859.047797432964,853.5940374105542
SYNTH-39-8-1-Topic-8-Cell-4,1,39.0,8.0,3939.956832412776,880.6341564848351
SYNTH-39-8-1-Topic-8-Cell-5,1,39.0,8.0,3889.8734502809575,792.750956420323
SYNTH-39-9-1-Topic-0-Cell-1,1,39.0,9.0,3900.0,950.0
SYNTH-39-9-1-Topic-0-Cell-2,1,39.0,9.0,3917.924904260718,930.4330770454125
SYNTH-39-9-1-Topic-0-Cell-3,1,39.0,9.0,3862.615924790856,953.2808922704633
SYNTH-39-9-1-Topic-0-Cell-4,1,39.0,9.0,3936.475430731551,977.9650308948122
SYNTH-39-9-1-Topic-0-Cell-5,1,39.0,9.0,3890.755767148638,897.7390123930243
SYNTH-39-9-1-Topic-7-Cell-6,1,39.0,9.0,3868.152376652497,1000.0655791981769
SYNTH-39-10-1-Topic-7-Cell-1,1,39.0,10.0,3900.0,1050.0
SYNTH-39-10-1-Topic-8-Cell-2,1,39.0,10.0,3919.6357488094313,1028.5655098336135
SYNTH-39-10-1-Topic-8-Cell-3,1,39.0,10.0,3859.047797432964,1053.5940374105542
SYNTH-39-10-1-Topic-8-Cell-4,1,39.0,10.0,3939.956832412776,1080.634156484835
SYNTH-39-10-1-Topic-8-Cell-5,1,39.0,10.0,3889.8734502809575,992.750956420323
SYNTH-39-11-1-Topic-0-Cell-1,1,39.0,11.0,3900.0,1150.0
SYNTH-39-11-1-Topic-8-Cell-2,1,39.0,11.0,3919.6357488094313,1128.5655098336135
SYNTH-39-11-1-Topic-8-Cell-3,1,39.0,11.0,3859.047797432964,1153.5940374105542
SYNTH-39-11-1-Topic-8-Cell-4,1,39.0,11.0,3939.956832412776,1180.634156484835
SYNTH-39-11-1-Topic-8-Cell-5,1,39.0,11.0,3889.8734502809575,1092.750956420323
SYNTH-39-12-1-Topic-0-Cell-1,1,39.0,12.0,3900.0,1250.0
SYNTH-39-12-1-Topic-4-Cell-2,1,39.0,12.0,3919.6357488094313,1228.5655098336135
SYNTH-39-12-1-Topic-8-Cell-3,1,39.0,12.0,3859.047797432964,1253.5940374105542
SYNTH-39-12-1-Topic-8-Cell-4,1,39.0,12.0,3939.956832412776,1280.634156484835
SYNTH-39-12-1-Topic-8-Cell-5,1,39.0,12.0,3889.8734502809575,1192.750956420323
SYNTH-39-13-1-Topic-0-Cell-1,1,39.0,13.0,3900.0,1350.0
SYNTH-39-13-1-Topic-8-Cell-2,1,39.0,13.0,3919.6357488094313,1328.5655098336135
SYNTH-39-13-1-Topic-8-Cell-3,1,39.0,13.0,3859.047797432964,1353.5940374105542
SYNTH-39-13-1-Topic-8-Cell-4,1,39.0,13.0,3939.956832412776,1380.634156484835
SYNTH-39-13-1-Topic-8-Cell-5,1,39.0,13.0,3889.8734502809575,1292.750956420323
SYNTH-39-14-1-Topic-7-Cell-1,1,39.0,14.0,3900.0,1450.0
SYNTH-39-14-1-Topic-7-Cell-2,1,39.0,14.0,3925.3496427097466,1422.3281921837129
SYNTH-39-14-1-Topic-7-Cell-3,1,39.0,14.0,3847.1309338224523,1454.6398823455743
SYNTH-39-15-1-Topic-7-Cell-1,1,39.0,15.0,3900.0,1550.0
SYNTH-39-15-1-Topic-7-Cell-2,1,39.0,15.0,3921.9534345634997,1526.0355114624547
SYNTH-39-15-1-Topic-7-Cell-3,1,39.0,15.0,3854.214045615883,1554.0182559818381
SYNTH-39-15-1-Topic-7-Cell-4,1,39.0,15.0,3944.6730967202666,1584.2500281667287
SYNTH-39-16-1-Topic-0-Cell-1,1,39.0,16.0,3900.0,1650.0
SYNTH-39-16-1-Topic-6-Cell-2,1,39.0,16.0,3919.6357488094313,1628.5655098336135
SYNTH-39-16-1-Topic-6-Cell-3,1,39.0,16.0,3859.047797432964,1653.5940374105542
SYNTH-39-16-1-Topic-8-Cell-4,1,39.0,16.0,3939.956832412776,1680.634156484835
SYNTH-39-16-1-Topic-8-Cell-5,1,39.0,16.0,3889.8734502809575,1592.750956420323
SYNTH-39-17-1-Topic-7-Cell-1,1,39.0,17.0,3900.0,1750.0
SYNTH-39-17-1-Topic-8-Cell-2,1,39.0,17.0,3919.6357488094313,1728.5655098336135
SYNTH-39-17-1-Topic-8-Cell-3,1,39.0,17.0,3859.047797432964,1753.5940374105542
SYNTH-39-17-1-Topic-8-Cell-4,1,39.0,17.0,3939.956832412776,1780.634156484835
SYNTH-39-17-1-Topic-8-Cell-5,1,39.0,17.0,3889.8734502809575,1692.750956420323
SYNTH-39-18-1-Topic-2-Cell-1,1,39.0,18.0,3900.0,1850.0
SYNTH-39-18-1-Topic-8-Cell-2,1,39.0,18.0,3919.6357488094313,1828.5655098336135
SYNTH-39-18-1-Topic-9-Cell-3,1,39.0,18.0,3859.047797432964,1853.5940374105542
SYNTH-39-18-1-Topic-9-Cell-4,1,39.0,18.0,3939.956832412776,1880.634156484835
SYNTH-39-18-1-Topic-9-Cell-5,1,39.0,18.0,3889.8734502809575,1792.750956420323
SYNTH-39-19-1-Topic-0-Cell-1,1,39.0,19.0,3900.0,1950.0
SYNTH-39-19-1-Topic-0-Cell-2,1,39.0,19.0,3919.6357488094313,1928.5655098336135
SYNTH-39-19-1-Topic-0-Cell-3,1,39.0,19.0,3859.047797432964,1953.5940374105542
SYNTH-39-19-1-Topic-9-Cell-4,1,39.0,19.0,3939.956832412776,1980.634156484835
SYNTH-39-19-1-Topic-9-Cell-5,1,39.0,19.0,3889.8734502809575,1892.750956420323
SYNTH-39-20-1-Topic-0-Cell-1,1,39.0,20.0,3900.0,2050.0
SYNTH-39-20-1-Topic-8-Cell-2,1,39.0,20.0,3919.6357488094313,2028.5655098336135
SYNTH-39-20-1-Topic-8-Cell-3,1,39.0,20.0,3859.047797432964,2053.594037410554
SYNTH-39-20-1-Topic-8-Cell-4,1,39.0,20.0,3939.956832412776,2080.634156484835
SYNTH-39-20-1-Topic-9-Cell-5,1,39.0,20.0,3889.8734502809575,1992.750956420323
SYNTH-39-21-1-Topic-7-Cell-1,1,39.0,21.0,3900.0,2150.0
SYNTH-39-21-1-Topic-8-Cell-2,1,39.0,21.0,3919.6357488094313,2128.5655098336138
SYNTH-39-21-1-Topic-8-Cell-3,1,39.0,21.0,3859.047797432964,2153.594037410554
SYNTH-39-21-1-Topic-8-Cell-4,1,39.0,21.0,3939.956832412776,2180.634156484835
SYNTH-39-21-1-Topic-9-Cell-5,1,39.0,21.0,3889.8734502809575,2092.750956420323
SYNTH-39-22-1-Topic-7-Cell-1,1,39.0,22.0,3900.0,2250.0
SYNTH-39-22-1-Topic-8-Cell-2,1,39.0,22.0,3921.9534345634997,2226.0355114624545
SYNTH-39-22-1-Topic-8-Cell-3,1,39.0,22.0,3854.214045615883,2254.018255981838
SYNTH-39-22-1-Topic-8-Cell-4,1,39.0,22.0,3944.6730967202666,2284.2500281667285
SYNTH-39-23-1-Topic-8-Cell-1,1,39.0,23.0,3900.0,2350.0
SYNTH-39-23-1-Topic-8-Cell-2,1,39.0,23.0,3919.6357488094313,2328.5655098336138
SYNTH-39-23-1-Topic-8-Cell-3,1,39.0,23.0,3859.047797432964,2353.594037410554
SYNTH-39-23-1-Topic-9-Cell-4,1,39.0,23.0,3939.956832412776,2380.634156484835
SYNTH-39-23-1-Topic-9-Cell-5,1,39.0,23.0,3889.8734502809575,2292.750956420323
SYNTH-39-24-1-Topic-0-Cell-1,1,39.0,24.0,3900.0,2450.0
SYNTH-39-24-1-Topic-0-Cell-2,1,39.0,24.0,3917.924904260718,2430.4330770454126
SYNTH-39-24-1-Topic-0-Cell-3,1,39.0,24.0,3862.615924790856,2453.2808922704635
SYNTH-39-24-1-Topic-0-Cell-4,1,39.0,24.0,3936.475430731551,2477.965030894812
SYNTH-39-24-1-Topic-8-Cell-5,1,39.0,24.0,3890.755767148638,2397.7390123930245
SYNTH-39-24-1-Topic-8-Cell-6,1,39.0,24.0,3868.152376652497,2500.065579198177
SYNTH-39-25-1-Topic-4-Cell-1,1,39.0,25.0,3900.0,2550.0
SYNTH-39-25-1-Topic-7-Cell-2,1,39.0,25.0,3919.6357488094313,2528.5655098336138
SYNTH-39-25-1-Topic-7-Cell-3,1,39.0,25.0,3859.047797432964,2553.594037410554
SYNTH-39-25-1-Topic-8-Cell-4,1,39.0,25.0,3939.956832412776,2580.634156484835
SYNTH-39-25-1-Topic-8-Cell-5,1,39.0,25.0,3889.8734502809575,2492.750956420323
SYNTH-39-26-1-Topic-0-Cell-1,1,39.0,26.0,3900.0,2650.0
SYNTH-39-26-1-Topic-0-Cell-2,1,39.0,26.0,3919.6357488094313,2628.5655098336138
SYNTH-39-26-1-Topic-8-Cell-3,1,39.0,26.0,3859.047797432964,2653.594037410554
SYNTH-39-26-1-Topic-8-Cell-4,1,39.0,26.0,3939.956832412776,2680.634156484835
SYNTH-39-26-1-Topic-8-Cell-5,1,39.0,26.0,3889.8734502809575,2592.750956420323
SYNTH-39-27-1-Topic-0-Cell-1,1,39.0,27.0,3900.0,2750.0
SYNTH-39-27-1-Topic-0-Cell-2,1,39.0,27.0,3919.6357488094313,2728.5655098336138
SYNTH-39-27-1-Topic-1-Cell-3,1,39.0,27.0,3859.047797432964,2753.594037410554
SYNTH-39-27-1-Topic-8-Cell-4,1,39.0,27.0,3939.956832412776,2780.634156484835
SYNTH-39-27-1-Topic-10-Cell-5,1,39.0,27.0,3889.8734502809575,2692.750956420323
SYNTH-39-28-1-Topic-2-Cell-1,1,39.0,28.0,3900.0,2850.0
SYNTH-39-28-1-Topic-8-Cell-2,1,39.0,28.0,3919.6357488094313,2828.5655098336138
SYNTH-39-28-1-Topic-8-Cell-3,1,39.0,28.0,3859.047797432964,2853.594037410554
SYNTH-39-28-1-Topic-8-Cell-4,1,39.0,28.0,3939.956832412776,2880.634156484835
SYNTH-39-28-1-Topic-8-Cell-5,1,39.0,28.0,3889.8734502809575,2792.750956420323
SYNTH-39-29-1-Topic-8-Cell-1,1,39.0,29.0,3900.0,2950.0
SYNTH-39-29-1-Topic-8-Cell-2,1,39.0,29.0,3919.6357488094313,2928.5655098336138
SYNTH-39-29-1-Topic-8-Cell-3,1,39.0,29.0,3859.047797432964,2953.594037410554
SYNTH-39-29-1-Topic-8-Cell-4,1,39.0,29.0,3939.956832412776,2980.634156484835
SYNTH-39-29-1-Topic-8-Cell-5,1,39.0,29.0,3889.8734502809575,2892.750956420323
SYNTH-39-30-1-Topic-0-Cell-1,1,39.0,30.0,3900.0,3050.0
SYNTH-39-30-1-Topic-8-Cell-2,1,39.0,30.0,3919.6357488094313,3028.5655098336138
SYNTH-39-30-1-Topic-8-Cell-3,1,39.0,30.0,3859.047797432964,3053.594037410554
SYNTH-39-30-1-Topic-8-Cell-4,1,39.0,30.0,3939.956832412776,3080.634156484835
SYNTH-39-30-1-Topic-8-Cell-5,1,39.0,30.0,3889.8734502809575,2992.750956420323
SYNTH-39-31-1-Topic-1-Cell-1,1,39.0,31.0,3900.0,3150.0
SYNTH-39-31-1-Topic-7-Cell-2,1,39.0,31.0,3921.9534345634997,3126.0355114624545
SYNTH-39-31-1-Topic-7-Cell-3,1,39.0,31.0,3854.214045615883,3154.018255981838
SYNTH-39-31-1-Topic-7-Cell-4,1,39.0,31.0,3944.6730967202666,3184.2500281667285
SYNTH-39-32-1-Topic-0-Cell-1,1,39.0,32.0,3900.0,3250.0
SYNTH-39-32-1-Topic-0-Cell-2,1,39.0,32.0,3917.924904260718,3230.4330770454126
SYNTH-39-32-1-Topic-0-Cell-3,1,39.0,32.0,3862.615924790856,3253.2808922704635
SYNTH-39-32-1-Topic-8-Cell-4,1,39.0,32.0,3936.475430731551,3277.965030894812
SYNTH-39-32-1-Topic-9-Cell-5,1,39.0,32.0,3890.755767148638,3197.7390123930245
SYNTH-39-32-1-Topic-9-Cell-6,1,39.0,32.0,3868.152376652497,3300.065579198177
SYNTH-39-33-1-Topic-0-Cell-1,1,39.0,33.0,3900.0,3350.0
SYNTH-39-33-1-Topic-7-Cell-2,1,39.0,33.0,3917.924904260718,3330.4330770454126
SYNTH-39-33-1-Topic-7-Cell-3,1,39.0,33.0,3862.615924790856,3353.2808922704635
SYNTH-39-33-1-Topic-8-Cell-4,1,39.0,33.0,3936.475430731551,3377.965030894812
SYNTH-39-33-1-Topic-8-Cell-5,1,39.0,33.0,3890.755767148638,3297.7390123930245
SYNTH-39-33-1-Topic-8-Cell-6,1,39.0,33.0,3868.152376652497,3400.065579198177
SYNTH-39-34-1-Topic-0-Cell-1,1,39.0,34.0,3900.0,3450.0
SYNTH-39-34-1-Topic-8-Cell-2,1,39.0,34.0,3919.6357488094313,3428.5655098336138
SYNTH-39-34-1-Topic-8-Cell-3,1,39.0,34.0,3859.047797432964,3453.594037410554
SYNTH-39-34-1-Topic-8-Cell-4,1,39.0,34.0,3939.956832412776,3480.634156484835
SYNTH-39-34-1-Topic-8-Cell-5,1,39.0,34.0,3889.8734502809575,3392.750956420323
SYNTH-39-35-1-Topic-8-Cell-1,1,39.0,35.0,3900.0,3550.0
SYNTH-39-35-1-Topic-8-Cell-2,1,39.0,35.0,3919.6357488094313,3528.5655098336138
SYNTH-39-35-1-Topic-8-Cell-3,1,39.0,35.0,3859.047797432964,3553.594037410554
SYNTH-39-35-1-Topic-8-Cell-4,1,39.0,35.0,3939.956832412776,3580.634156484835
SYNTH-39-35-1-Topic-8-Cell-5,1,39.0,35.0,3889.8734502809575,3492.750956420323
SYNTH-39-36-1-Topic-0-Cell-1,1,39.0,36.0,3900.0,3650.0
SYNTH-39-36-1-Topic-7-Cell-2,1,39.0,36.0,3917.924904260718,3630.4330770454126
SYNTH-39-36-1-Topic-7-Cell-3,1,39.0,36.0,3862.615924790856,3653.2808922704635
SYNTH-39-36-1-Topic-8-Cell-4,1,39.0,36.0,3936.475430731551,3677.965030894812
SYNTH-39-36-1-Topic-8-Cell-5,1,39.0,36.0,3890.755767148638,3597.7390123930245
SYNTH-39-36-1-Topic-8-Cell-6,1,39.0,36.0,3868.152376652497,3700.065579198177
SYNTH-39-37-1-Topic-8-Cell-1,1,39.0,37.0,3900.0,3750.0
SYNTH-39-37-1-Topic-8-Cell-2,1,39.0,37.0,3917.924904260718,3730.4330770454126
SYNTH-39-37-1-Topic-8-Cell-3,1,39.0,37.0,3862.615924790856,3753.2808922704635
SYNTH-39-37-1-Topic-8-Cell-4,1,39.0,37.0,3936.475430731551,3777.965030894812
SYNTH-39-37-1-Topic-8-Cell-5,1,39.0,37.0,3890.755767148638,3697.7390123930245
SYNTH-39-37-1-Topic-8-Cell-6,1,39.0,37.0,3868.152376652497,3800.065579198177
SYNTH-39-38-1-Topic-0-Cell-1,1,39.0,38.0,3900.0,3850.0
SYNTH-39-38-1-Topic-0-Cell-2,1,39.0,38.0,3919.6357488094313,3828.5655098336138
SYNTH-39-38-1-Topic-8-Cell-3,1,39.0,38.0,3859.047797432964,3853.594037410554
SYNTH-39-38-1-Topic-8-Cell-4,1,39.0,38.0,3939.956832412776,3880.634156484835
SYNTH-39-38-1-Topic-8-Cell-5,1,39.0,38.0,3889.8734502809575,3792.750956420323
SYNTH-39-39-1-Topic-7-Cell-1,1,39.0,39.0,3900.0,3950.0
SYNTH-39-39-1-Topic-7-Cell-2,1,39.0,39.0,3919.6357488094313,3928.5655098336138
SYNTH-39-39-1-Topic-7-Cell-3,1,39.0,39.0,3859.047797432964,3953.594037410554
SYNTH-39-39-1-Topic-8-Cell-4,1,39.0,39.0,3939.956832412776,3980.634156484835
SYNTH-39-39-1-Topic-8-Cell-5,1,39.0,39.0,3889.8734502809575,3892.750956420323
SYNTH-39-40-1-Topic-0-Cell-1,1,39.0,40.0,3900.0,4050.0
SYNTH-39-40-1-Topic-0-Cell-2,1,39.0,40.0,3919.6357488094313,4028.5655098336138
SYNTH-39-40-1-Topic-10-Cell-3,1,39.0,40.0,3859.047797432964,4053.594037410554
SYNTH-39-40-1-Topic-10-Cell-4,1,39.0,40.0,3939.956832412776,4080.634156484835
SYNTH-39-40-1-Topic-10-Cell-5,1,39.0,40.0,3889.8734502809575,3992.750956420323
SYNTH-39-41-1-Topic-0-Cell-1,1,39.0,41.0,3900.0,4150.0
SYNTH-39-41-1-Topic-8-Cell-2,1,39.0,41.0,3919.6357488094313,4128.565509833614
SYNTH-39-41-1-Topic-8-Cell-3,1,39.0,41.0,3859.047797432964,4153.594037410554
SYNTH-39-41-1-Topic-8-Cell-4,1,39.0,41.0,3939.956832412776,4180.634156484835
SYNTH-39-41-1-Topic-9-Cell-5,1,39.0,41.0,3889.8734502809575,4092.750956420323
SYNTH-39-42-1-Topic-4-Cell-1,1,39.0,42.0,3900.0,4250.0
SYNTH-39-42-1-Topic-4-Cell-2,1,39.0,42.0,3919.6357488094313,4228.565509833614
SYNTH-39-42-1-Topic-4-Cell-3,1,39.0,42.0,3859.047797432964,4253.594037410554
SYNTH-39-42-1-Topic-8-Cell-4,1,39.0,42.0,3939.956832412776,4280.634156484835
SYNTH-39-42-1-Topic-8-Cell-5,1,39.0,42.0,3889.8734502809575,4192.750956420323
SYNTH-39-43-1-Topic-0-Cell-1,1,39.0,43.0,3900.0,4350.0
SYNTH-39-43-1-Topic-0-Cell-2,1,39.0,43.0,3917.924904260718,4330.433077045413
SYNTH-39-43-1-Topic-0-Cell-3,1,39.0,43.0,3862.615924790856,4353.2808922704635
SYNTH-39-43-1-Topic-7-Cell-4,1,39.0,43.0,3936.475430731551,4377.965030894812
SYNTH-39-43-1-Topic-8-Cell-5,1,39.0,43.0,3890.755767148638,4297.7390123930245
SYNTH-39-43-1-Topic-9-Cell-6,1,39.0,43.0,3868.152376652497,4400.065579198177
SYNTH-39-44-1-Topic-7-Cell-1,1,39.0,44.0,3900.0,4450.0
SYNTH-39-44-1-Topic-7-Cell-2,1,39.0,44.0,3921.9534345634997,4426.035511462454
SYNTH-39-44-1-Topic-8-Cell-3,1,39.0,44.0,3854.214045615883,4454.018255981839
SYNTH-39-44-1-Topic-8-Cell-4,1,39.0,44.0,3944.6730967202666,4484.250028166729
SYNTH-39-45-1-Topic-8-Cell-1,1,39.0,45.0,3900.0,4550.0
SYNTH-39-45-1-Topic-8-Cell-2,1,39.0,45.0,3921.9534345634997,4526.035511462454
SYNTH-39-45-1-Topic-8-Cell-3,1,39.0,45.0,3854.214045615883,4554.018255981839
SYNTH-39-45-1-Topic-8-Cell-4,1,39.0,45.0,3944.6730967202666,4584.250028166729
SYNTH-39-46-1-Topic-0-Cell-1,1,39.0,46.0,3900.0,4650.0
SYNTH-39-46-1-Topic-0-Cell-2,1,39.0,46.0,3919.6357488094313,4628.565509833614
SYNTH-39-46-1-Topic-0-Cell-3,1,39.0,46.0,3859.047797432964,4653.594037410554
SYNTH-39-46-1-Topic-0-Cell-4,1,39.0,46.0,3939.956832412776,4680.634156484835
SYNTH-39-46-1-Topic-8-Cell-5,1,39.0,46.0,3889.8734502809575,4592.750956420323
SYNTH-39-47-1-Topic-8-Cell-1,1,39.0,47.0,3900.0,4750.0
SYNTH-39-47-1-Topic-8-Cell-2,1,39.0,47.0,3919.6357488094313,4728.565509833614
SYNTH-39-47-1-Topic-9-Cell-3,1,39.0,47.0,3859.047797432964,4753.594037410554
SYNTH-39-47-1-Topic-9-Cell-4,1,39.0,47.0,3939.956832412776,4780.634156484835
SYNTH-39-47-1-Topic-9-Cell-5,1,39.0,47.0,3889.8734502809575,4692.750956420323
SYNTH-39-48-1-Topic-0-Cell-1,1,39.0,48.0,3900.0,4850.0
SYNTH-39-48-1-Topic-0-Cell-2,1,39.0,48.0,3917.924904260718,4830.433077045413
SYNTH-39-48-1-Topic-8-Cell-3,1,39.0,48.0,3862.615924790856,4853.2808922704635
SYNTH-39-48-1-Topic-8-Cell-4,1,39.0,48.0,3936.475430731551,4877.965030894812
SYNTH-39-48-1-Topic-8-Cell-5,1,39.0,48.0,3890.755767148638,4797.7390123930245
SYNTH-39-48-1-Topic-8-Cell-6,1,39.0,48.0,3868.152376652497,4900.065579198177
SYNTH-39-49-1-Topic-0-Cell-1,1,39.0,49.0,3900.0,4950.0
SYNTH-39-49-1-Topic-0-Cell-2,1,39.0,49.0,3919.6357488094313,4928.565509833614
SYNTH-39-49-1-Topic-0-Cell-3,1,39.0,49.0,3859.047797432964,4953.594037410554
SYNTH-39-49-1-Topic-8-Cell-4,1,39.0,49.0,3939.956832412776,4980.634156484835
SYNTH-39-49-1-Topic-8-Cell-5,1,39.0,49.0,3889.8734502809575,4892.750956420323
SYNTH-39-50-1-Topic-2-Cell-1,1,39.0,50.0,3900.0,5050.0
SYNTH-39-50-1-Topic-7-Cell-2,1,39.0,50.0,3919.6357488094313,5028.565509833614
SYNTH-39-50-1-Topic-8-Cell-3,1,39.0,50.0,3859.047797432964,5053.594037410554
SYNTH-39-50-1-Topic-8-Cell-4,1,39.0,50.0,3939.956832412776,5080.634156484835
SYNTH-39-50-1-Topic-9-Cell-5,1,39.0,50.0,3889.8734502809575,4992.750956420323
SYNTH-40-1-1-Topic-4-Cell-1,1,40.0,1.0,4000.0,100.0
SYNTH-40-1-1-Topic-4-Cell-2,1,40.0,1.0,4019.6357488094313,78.56550983361359
SYNTH-40-1-1-Topic-9-Cell-3,1,40.0,1.0,3959.047797432964,103.59403741055415
SYNTH-40-1-1-Topic-9-Cell-4,1,40.0,1.0,4039.956832412776,130.63415648483507
SYNTH-40-1-1-Topic-9-Cell-5,1,40.0,1.0,3989.8734502809575,42.75095642032298
SYNTH-40-2-1-Topic-5-Cell-1,1,40.0,2.0,4000.0,200.0
SYNTH-40-2-1-Topic-5-Cell-2,1,40.0,2.0,4021.9534345634997,176.03551146245462
SYNTH-40-2-1-Topic-5-Cell-3,1,40.0,2.0,3954.214045615883,204.0182559818382
SYNTH-40-2-1-Topic-5-Cell-4,1,40.0,2.0,4044.6730967202666,234.2500281667286
SYNTH-40-3-1-Topic-7-Cell-1,1,40.0,3.0,4000.0,300.0
SYNTH-40-3-1-Topic-7-Cell-2,1,40.0,3.0,4025.3496427097466,272.32819218371293
SYNTH-40-3-1-Topic-8-Cell-3,1,40.0,3.0,3947.1309338224523,304.6398823455742
SYNTH-40-4-1-Topic-0-Cell-1,1,40.0,4.0,4000.0,400.0
SYNTH-40-4-1-Topic-0-Cell-2,1,40.0,4.0,4017.924904260718,380.4330770454125
SYNTH-40-4-1-Topic-0-Cell-3,1,40.0,4.0,3962.615924790856,403.28089227046326
SYNTH-40-4-1-Topic-0-Cell-4,1,40.0,4.0,4036.475430731551,427.96503089481223
SYNTH-40-4-1-Topic-0-Cell-5,1,40.0,4.0,3990.755767148638,347.7390123930243
SYNTH-40-4-1-Topic-0-Cell-6,1,40.0,4.0,3968.152376652497,450.0655791981769
SYNTH-40-5-1-Topic-0-Cell-1,1,40.0,5.0,4000.0,500.0
SYNTH-40-5-1-Topic-0-Cell-2,1,40.0,5.0,4021.9534345634997,476.0355114624546
SYNTH-40-5-1-Topic-0-Cell-3,1,40.0,5.0,3954.214045615883,504.0182559818382
SYNTH-40-5-1-Topic-8-Cell-4,1,40.0,5.0,4044.6730967202666,534.2500281667286
SYNTH-40-6-1-Topic-7-Cell-1,1,40.0,6.0,4000.0,600.0
SYNTH-40-7-1-Topic-8-Cell-1,1,40.0,7.0,4000.0,700.0
SYNTH-40-7-1-Topic-8-Cell-2,1,40.0,7.0,4021.9534345634997,676.0355114624546
SYNTH-40-7-1-Topic-9-Cell-3,1,40.0,7.0,3954.214045615883,704.0182559818381
SYNTH-40-7-1-Topic-9-Cell-4,1,40.0,7.0,4044.6730967202666,734.2500281667286
SYNTH-40-8-1-Topic-0-Cell-1,1,40.0,8.0,4000.0,800.0
SYNTH-40-8-1-Topic-0-Cell-2,1,40.0,8.0,4019.6357488094313,778.5655098336136
SYNTH-40-8-1-Topic-8-Cell-3,1,40.0,8.0,3959.047797432964,803.5940374105542
SYNTH-40-8-1-Topic-8-Cell-4,1,40.0,8.0,4039.956832412776,830.6341564848351
SYNTH-40-8-1-Topic-8-Cell-5,1,40.0,8.0,3989.8734502809575,742.750956420323
SYNTH-40-9-1-Topic-4-Cell-1,1,40.0,9.0,4000.0,900.0
SYNTH-40-9-1-Topic-7-Cell-2,1,40.0,9.0,4019.6357488094313,878.5655098336136
SYNTH-40-9-1-Topic-8-Cell-3,1,40.0,9.0,3959.047797432964,903.5940374105542
SYNTH-40-9-1-Topic-8-Cell-4,1,40.0,9.0,4039.956832412776,930.6341564848351
SYNTH-40-9-1-Topic-8-Cell-5,1,40.0,9.0,3989.8734502809575,842.750956420323
SYNTH-40-10-1-Topic-4-Cell-1,1,40.0,10.0,4000.0,1000.0
SYNTH-40-10-1-Topic-8-Cell-2,1,40.0,10.0,4019.6357488094313,978.5655098336136
SYNTH-40-10-1-Topic-8-Cell-3,1,40.0,10.0,3959.047797432964,1003.5940374105542
SYNTH-40-10-1-Topic-8-Cell-4,1,40.0,10.0,4039.956832412776,1030.634156484835
SYNTH-40-10-1-Topic-8-Cell-5,1,40.0,10.0,3989.8734502809575,942.750956420323
SYNTH-40-11-1-Topic-4-Cell-1,1,40.0,11.0,4000.0,1100.0
SYNTH-40-11-1-Topic-4-Cell-2,1,40.0,11.0,4019.6357488094313,1078.5655098336135
SYNTH-40-11-1-Topic-4-Cell-3,1,40.0,11.0,3959.047797432964,1103.5940374105542
SYNTH-40-11-1-Topic-4-Cell-4,1,40.0,11.0,4039.956832412776,1130.634156484835
SYNTH-40-11-1-Topic-4-Cell-5,1,40.0,11.0,3989.8734502809575,1042.750956420323
SYNTH-40-12-1-Topic-8-Cell-1,1,40.0,12.0,4000.0,1200.0
SYNTH-40-12-1-Topic-8-Cell-2,1,40.0,12.0,4019.6357488094313,1178.5655098336135
SYNTH-40-12-1-Topic-8-Cell-3,1,40.0,12.0,3959.047797432964,1203.5940374105542
SYNTH-40-12-1-Topic-8-Cell-4,1,40.0,12.0,4039.956832412776,1230.634156484835
SYNTH-40-12-1-Topic-8-Cell-5,1,40.0,12.0,3989.8734502809575,1142.750956420323
SYNTH-40-13-1-Topic-7-Cell-1,1,40.0,13.0,4000.0,1300.0
SYNTH-40-13-1-Topic-8-Cell-2,1,40.0,13.0,4021.9534345634997,1276.0355114624547
SYNTH-40-13-1-Topic-8-Cell-3,1,40.0,13.0,3954.214045615883,1304.0182559818381
SYNTH-40-13-1-Topic-10-Cell-4,1,40.0,13.0,4044.6730967202666,1334.2500281667287
SYNTH-40-14-1-Topic-0-Cell-1,1,40.0,14.0,4000.0,1400.0
SYNTH-40-14-1-Topic-7-Cell-2,1,40.0,14.0,4019.6357488094313,1378.5655098336135
SYNTH-40-14-1-Topic-9-Cell-3,1,40.0,14.0,3959.047797432964,1403.5940374105542
SYNTH-40-14-1-Topic-9-Cell-4,1,40.0,14.0,4039.956832412776,1430.634156484835
SYNTH-40-14-1-Topic-9-Cell-5,1,40.0,14.0,3989.8734502809575,1342.750956420323
SYNTH-40-15-1-Topic-0-Cell-1,1,40.0,15.0,4000.0,1500.0
SYNTH-40-15-1-Topic-0-Cell-2,1,40.0,15.0,4017.924904260718,1480.4330770454126
SYNTH-40-15-1-Topic-0-Cell-3,1,40.0,15.0,3962.615924790856,1503.2808922704633
SYNTH-40-15-1-Topic-0-Cell-4,1,40.0,15.0,4036.475430731551,1527.9650308948123
SYNTH-40-15-1-Topic-7-Cell-5,1,40.0,15.0,3990.755767148638,1447.7390123930243
SYNTH-40-15-1-Topic-8-Cell-6,1,40.0,15.0,3968.152376652497,1550.065579198177
SYNTH-40-16-1-Topic-0-Cell-1,1,40.0,16.0,4000.0,1600.0
SYNTH-40-16-1-Topic-7-Cell-2,1,40.0,16.0,4017.924904260718,1580.4330770454126
SYNTH-40-16-1-Topic-8-Cell-3,1,40.0,16.0,3962.615924790856,1603.2808922704633
SYNTH-40-16-1-Topic-8-Cell-4,1,40.0,16.0,4036.475430731551,1627.9650308948123
SYNTH-40-16-1-Topic-8-Cell-5,1,40.0,16.0,3990.755767148638,1547.7390123930243
SYNTH-40-16-1-Topic-10-Cell-6,1,40.0,16.0,3968.152376652497,1650.065579198177
SYNTH-40-17-1-Topic-0-Cell-1,1,40.0,17.0,4000.0,1700.0
SYNTH-40-17-1-Topic-0-Cell-2,1,40.0,17.0,4017.924904260718,1680.4330770454126
SYNTH-40-17-1-Topic-0-Cell-3,1,40.0,17.0,3962.615924790856,1703.2808922704633
SYNTH-40-17-1-Topic-8-Cell-4,1,40.0,17.0,4036.475430731551,1727.9650308948123
SYNTH-40-17-1-Topic-8-Cell-5,1,40.0,17.0,3990.755767148638,1647.7390123930243
SYNTH-40-17-1-Topic-9-Cell-6,1,40.0,17.0,3968.152376652497,1750.065579198177
SYNTH-40-18-1-Topic-0-Cell-1,1,40.0,18.0,4000.0,1800.0
SYNTH-40-18-1-Topic-0-Cell-2,1,40.0,18.0,4017.924904260718,1780.4330770454126
SYNTH-40-18-1-Topic-9-Cell-3,1,40.0,18.0,3962.615924790856,1803.2808922704633
SYNTH-40-18-1-Topic-9-Cell-4,1,40.0,18.0,4036.475430731551,1827.9650308948123
SYNTH-40-18-1-Topic-9-Cell-5,1,40.0,18.0,3990.755767148638,1747.7390123930243
SYNTH-40-18-1-Topic-9-Cell-6,1,40.0,18.0,3968.152376652497,1850.065579198177
SYNTH-40-19-1-Topic-7-Cell-1,1,40.0,19.0,4000.0,1900.0
SYNTH-40-19-1-Topic-7-Cell-2,1,40.0,19.0,4025.3496427097466,1872.3281921837129
SYNTH-40-19-1-Topic-7-Cell-3,1,40.0,19.0,3947.1309338224523,1904.6398823455743
SYNTH-40-20-1-Topic-0-Cell-1,1,40.0,20.0,4000.0,2000.0
SYNTH-40-20-1-Topic-0-Cell-2,1,40.0,20.0,4017.924904260718,1980.4330770454126
SYNTH-40-20-1-Topic-0-Cell-3,1,40.0,20.0,3962.615924790856,2003.2808922704633
SYNTH-40-20-1-Topic-8-Cell-4,1,40.0,20.0,4036.475430731551,2027.9650308948123
SYNTH-40-20-1-Topic-8-Cell-5,1,40.0,20.0,3990.755767148638,1947.7390123930243
SYNTH-40-20-1-Topic-8-Cell-6,1,40.0,20.0,3968.152376652497,2050.065579198177
SYNTH-40-21-1-Topic-8-Cell-1,1,40.0,21.0,4000.0,2100.0
SYNTH-40-21-1-Topic-8-Cell-2,1,40.0,21.0,4019.6357488094313,2078.5655098336138
SYNTH-40-21-1-Topic-9-Cell-3,1,40.0,21.0,3959.047797432964,2103.594037410554
SYNTH-40-21-1-Topic-9-Cell-4,1,40.0,21.0,4039.956832412776,2130.634156484835
SYNTH-40-21-1-Topic-9-Cell-5,1,40.0,21.0,3989.8734502809575,2042.750956420323
SYNTH-40-22-1-Topic-0-Cell-1,1,40.0,22.0,4000.0,2200.0
SYNTH-40-22-1-Topic-0-Cell-2,1,40.0,22.0,4017.924904260718,2180.4330770454126
SYNTH-40-22-1-Topic-0-Cell-3,1,40.0,22.0,3962.615924790856,2203.2808922704635
SYNTH-40-22-1-Topic-7-Cell-4,1,40.0,22.0,4036.475430731551,2227.965030894812
SYNTH-40-22-1-Topic-8-Cell-5,1,40.0,22.0,3990.755767148638,2147.7390123930245
SYNTH-40-22-1-Topic-8-Cell-6,1,40.0,22.0,3968.152376652497,2250.065579198177
SYNTH-40-23-1-Topic-0-Cell-1,1,40.0,23.0,4000.0,2300.0
SYNTH-40-23-1-Topic-0-Cell-2,1,40.0,23.0,4017.924904260718,2280.4330770454126
SYNTH-40-23-1-Topic-0-Cell-3,1,40.0,23.0,3962.615924790856,2303.2808922704635
SYNTH-40-23-1-Topic-0-Cell-4,1,40.0,23.0,4036.475430731551,2327.965030894812
SYNTH-40-23-1-Topic-0-Cell-5,1,40.0,23.0,3990.755767148638,2247.7390123930245
SYNTH-40-23-1-Topic-0-Cell-6,1,40.0,23.0,3968.152376652497,2350.065579198177
SYNTH-40-24-1-Topic-0-Cell-1,1,40.0,24.0,4000.0,2400.0
SYNTH-40-24-1-Topic-8-Cell-2,1,40.0,24.0,4021.9534345634997,2376.0355114624545
SYNTH-40-24-1-Topic-8-Cell-3,1,40.0,24.0,3954.214045615883,2404.018255981838
SYNTH-40-24-1-Topic-8-Cell-4,1,40.0,24.0,4044.6730967202666,2434.2500281667285
SYNTH-40-25-1-Topic-8-Cell-1,1,40.0,25.0,4000.0,2500.0
SYNTH-40-25-1-Topic-9-Cell-2,1,40.0,25.0,4019.6357488094313,2478.5655098336138
SYNTH-40-25-1-Topic-9-Cell-3,1,40.0,25.0,3959.047797432964,2503.594037410554
SYNTH-40-25-1-Topic-9-Cell-4,1,40.0,25.0,4039.956832412776,2530.634156484835
SYNTH-40-25-1-Topic-10-Cell-5,1,40.0,25.0,3989.8734502809575,2442.750956420323
SYNTH-40-26-1-Topic-8-Cell-1,1,40.0,26.0,4000.0,2600.0
SYNTH-40-26-1-Topic-8-Cell-2,1,40.0,26.0,4019.6357488094313,2578.5655098336138
SYNTH-40-26-1-Topic-8-Cell-3,1,40.0,26.0,3959.047797432964,2603.594037410554
SYNTH-40-26-1-Topic-8-Cell-4,1,40.0,26.0,4039.956832412776,2630.634156484835
SYNTH-40-26-1-Topic-8-Cell-5,1,40.0,26.0,3989.8734502809575,2542.750956420323
SYNTH-40-27-1-Topic-9-Cell-1,1,40.0,27.0,4000.0,2700.0
SYNTH-40-27-1-Topic-9-Cell-2,1,40.0,27.0,4017.924904260718,2680.4330770454126
SYNTH-40-27-1-Topic-9-Cell-3,1,40.0,27.0,3962.615924790856,2703.2808922704635
SYNTH-40-27-1-Topic-9-Cell-4,1,40.0,27.0,4036.475430731551,2727.965030894812
SYNTH-40-27-1-Topic-9-Cell-5,1,40.0,27.0,3990.755767148638,2647.7390123930245
SYNTH-40-27-1-Topic-9-Cell-6,1,40.0,27.0,3968.152376652497,2750.065579198177
SYNTH-40-28-1-Topic-0-Cell-1,1,40.0,28.0,4000.0,2800.0
SYNTH-40-28-1-Topic-0-Cell-2,1,40.0,28.0,4019.6357488094313,2778.5655098336138
SYNTH-40-28-1-Topic-8-Cell-3,1,40.0,28.0,3959.047797432964,2803.594037410554
SYNTH-40-28-1-Topic-8-Cell-4,1,40.0,28.0,4039.956832412776,2830.634156484835
SYNTH-40-28-1-Topic-8-Cell-5,1,40.0,28.0,3989.8734502809575,2742.750956420323
SYNTH-40-29-1-Topic-0-Cell-1,1,40.0,29.0,4000.0,2900.0
SYNTH-40-29-1-Topic-7-Cell-2,1,40.0,29.0,4019.6357488094313,2878.5655098336138
SYNTH-40-29-1-Topic-7-Cell-3,1,40.0,29.0,3959.047797432964,2903.594037410554
SYNTH-40-29-1-Topic-7-Cell-4,1,40.0,29.0,4039.956832412776,2930.634156484835
SYNTH-40-29-1-Topic-10-Cell-5,1,40.0,29.0,3989.8734502809575,2842.750956420323
SYNTH-40-30-1-Topic-0-Cell-1,1,40.0,30.0,4000.0,3000.0
SYNTH-40-30-1-Topic-0-Cell-2,1,40.0,30.0,4017.924904260718,2980.4330770454126
SYNTH-40-30-1-Topic-0-Cell-3,1,40.0,30.0,3962.615924790856,3003.2808922704635
SYNTH-40-30-1-Topic-8-Cell-4,1,40.0,30.0,4036.475430731551,3027.965030894812
SYNTH-40-30-1-Topic-8-Cell-5,1,40.0,30.0,3990.755767148638,2947.7390123930245
SYNTH-40-30-1-Topic-8-Cell-6,1,40.0,30.0,3968.152376652497,3050.065579198177
SYNTH-40-31-1-Topic-0-Cell-1,1,40.0,31.0,4000.0,3100.0
SYNTH-40-31-1-Topic-0-Cell-2,1,40.0,31.0,4019.6357488094313,3078.5655098336138
SYNTH-40-31-1-Topic-0-Cell-3,1,40.0,31.0,3959.047797432964,3103.594037410554
SYNTH-40-31-1-Topic-8-Cell-4,1,40.0,31.0,4039.956832412776,3130.634156484835
SYNTH-40-31-1-Topic-8-Cell-5,1,40.0,31.0,3989.8734502809575,3042.750956420323
SYNTH-40-32-1-Topic-8-Cell-1,1,40.0,32.0,4000.0,3200.0
SYNTH-40-32-1-Topic-8-Cell-2,1,40.0,32.0,4019.6357488094313,3178.5655098336138
SYNTH-40-32-1-Topic-8-Cell-3,1,40.0,32.0,3959.047797432964,3203.594037410554
SYNTH-40-32-1-Topic-8-Cell-4,1,40.0,32.0,4039.956832412776,3230.634156484835
SYNTH-40-32-1-Topic-8-Cell-5,1,40.0,32.0,3989.8734502809575,3142.750956420323
SYNTH-40-33-1-Topic-0-Cell-1,1,40.0,33.0,4000.0,3300.0
SYNTH-40-33-1-Topic-0-Cell-2,1,40.0,33.0,4017.924904260718,3280.4330770454126
SYNTH-40-33-1-Topic-0-Cell-3,1,40.0,33.0,3962.615924790856,3303.2808922704635
SYNTH-40-33-1-Topic-0-Cell-4,1,40.0,33.0,4036.475430731551,3327.965030894812
SYNTH-40-33-1-Topic-7-Cell-5,1,40.0,33.0,3990.755767148638,3247.7390123930245
SYNTH-40-33-1-Topic-7-Cell-6,1,40.0,33.0,3968.152376652497,3350.065579198177
SYNTH-40-34-1-Topic-7-Cell-1,1,40.0,34.0,4000.0,3400.0
SYNTH-40-34-1-Topic-7-Cell-2,1,40.0,34.0,4019.6357488094313,3378.5655098336138
SYNTH-40-34-1-Topic-8-Cell-3,1,40.0,34.0,3959.047797432964,3403.594037410554
SYNTH-40-34-1-Topic-8-Cell-4,1,40.0,34.0,4039.956832412776,3430.634156484835
SYNTH-40-34-1-Topic-9-Cell-5,1,40.0,34.0,3989.8734502809575,3342.750956420323
SYNTH-40-35-1-Topic-0-Cell-1,1,40.0,35.0,4000.0,3500.0
SYNTH-40-35-1-Topic-0-Cell-2,1,40.0,35.0,4019.6357488094313,3478.5655098336138
SYNTH-40-35-1-Topic-7-Cell-3,1,40.0,35.0,3959.047797432964,3503.594037410554
SYNTH-40-35-1-Topic-8-Cell-4,1,40.0,35.0,4039.956832412776,3530.634156484835
SYNTH-40-35-1-Topic-8-Cell-5,1,40.0,35.0,3989.8734502809575,3442.750956420323
SYNTH-40-36-1-Topic-4-Cell-1,1,40.0,36.0,4000.0,3600.0
SYNTH-40-36-1-Topic-4-Cell-2,1,40.0,36.0,4021.9534345634997,3576.0355114624545
SYNTH-40-36-1-Topic-4-Cell-3,1,40.0,36.0,3954.214045615883,3604.018255981838
SYNTH-40-36-1-Topic-9-Cell-4,1,40.0,36.0,4044.6730967202666,3634.2500281667285
SYNTH-40-37-1-Topic-0-Cell-1,1,40.0,37.0,4000.0,3700.0
SYNTH-40-37-1-Topic-8-Cell-2,1,40.0,37.0,4019.6357488094313,3678.5655098336138
SYNTH-40-37-1-Topic-8-Cell-3,1,40.0,37.0,3959.047797432964,3703.594037410554
SYNTH-40-37-1-Topic-8-Cell-4,1,40.0,37.0,4039.956832412776,3730.634156484835
SYNTH-40-37-1-Topic-8-Cell-5,1,40.0,37.0,3989.8734502809575,3642.750956420323
SYNTH-40-38-1-Topic-0-Cell-1,1,40.0,38.0,4000.0,3800.0
SYNTH-40-38-1-Topic-0-Cell-2,1,40.0,38.0,4017.924904260718,3780.4330770454126
SYNTH-40-38-1-Topic-0-Cell-3,1,40.0,38.0,3962.615924790856,3803.2808922704635
SYNTH-40-38-1-Topic-0-Cell-4,1,40.0,38.0,4036.475430731551,3827.965030894812
SYNTH-40-38-1-Topic-7-Cell-5,1,40.0,38.0,3990.755767148638,3747.7390123930245
SYNTH-40-38-1-Topic-8-Cell-6,1,40.0,38.0,3968.152376652497,3850.065579198177
SYNTH-40-39-1-Topic-8-Cell-1,1,40.0,39.0,4000.0,3900.0
SYNTH-40-39-1-Topic-8-Cell-2,1,40.0,39.0,4021.9534345634997,3876.0355114624545
SYNTH-40-39-1-Topic-8-Cell-3,1,40.0,39.0,3954.214045615883,3904.018255981838
SYNTH-40-39-1-Topic-8-Cell-4,1,40.0,39.0,4044.6730967202666,3934.2500281667285
SYNTH-40-40-1-Topic-7-Cell-1,1,40.0,40.0,4000.0,4000.0
SYNTH-40-40-1-Topic-7-Cell-2,1,40.0,40.0,4021.9534345634997,3976.0355114624545
SYNTH-40-40-1-Topic-8-Cell-3,1,40.0,40.0,3954.214045615883,4004.018255981838
SYNTH-40-40-1-Topic-8-Cell-4,1,40.0,40.0,4044.6730967202666,4034.2500281667285
SYNTH-40-41-1-Topic-1-Cell-1,1,40.0,41.0,4000.0,4100.0
SYNTH-40-41-1-Topic-1-Cell-2,1,40.0,41.0,4025.3496427097466,4072.328192183713
SYNTH-40-41-1-Topic-1-Cell-3,1,40.0,41.0,3947.1309338224523,4104.639882345574
SYNTH-40-42-1-Topic-7-Cell-1,1,40.0,42.0,4000.0,4200.0
SYNTH-40-42-1-Topic-7-Cell-2,1,40.0,42.0,4019.6357488094313,4178.565509833614
SYNTH-40-42-1-Topic-7-Cell-3,1,40.0,42.0,3959.047797432964,4203.594037410554
SYNTH-40-42-1-Topic-7-Cell-4,1,40.0,42.0,4039.956832412776,4230.634156484835
SYNTH-40-42-1-Topic-7-Cell-5,1,40.0,42.0,3989.8734502809575,4142.750956420323
SYNTH-40-43-1-Topic-0-Cell-1,1,40.0,43.0,4000.0,4300.0
SYNTH-40-43-1-Topic-3-Cell-2,1,40.0,43.0,4019.6357488094313,4278.565509833614
SYNTH-40-43-1-Topic-3-Cell-3,1,40.0,43.0,3959.047797432964,4303.594037410554
SYNTH-40-43-1-Topic-8-Cell-4,1,40.0,43.0,4039.956832412776,4330.634156484835
SYNTH-40-43-1-Topic-8-Cell-5,1,40.0,43.0,3989.8734502809575,4242.750956420323
SYNTH-40-44-1-Topic-0-Cell-1,1,40.0,44.0,4000.0,4400.0
SYNTH-40-44-1-Topic-0-Cell-2,1,40.0,44.0,4017.924904260718,4380.433077045413
SYNTH-40-44-1-Topic-8-Cell-3,1,40.0,44.0,3962.615924790856,4403.2808922704635
SYNTH-40-44-1-Topic-8-Cell-4,1,40.0,44.0,4036.475430731551,4427.965030894812
SYNTH-40-44-1-Topic-8-Cell-5,1,40.0,44.0,3990.755767148638,4347.7390123930245
SYNTH-40-44-1-Topic-9-Cell-6,1,40.0,44.0,3968.152376652497,4450.065579198177
SYNTH-40-45-1-Topic-8-Cell-1,1,40.0,45.0,4000.0,4500.0
SYNTH-40-45-1-Topic-8-Cell-2,1,40.0,45.0,4019.6357488094313,4478.565509833614
SYNTH-40-45-1-Topic-8-Cell-3,1,40.0,45.0,3959.047797432964,4503.594037410554
SYNTH-40-45-1-Topic-8-Cell-4,1,40.0,45.0,4039.956832412776,4530.634156484835
SYNTH-40-45-1-Topic-10-Cell-5,1,40.0,45.0,3989.8734502809575,4442.750956420323
SYNTH-40-46-1-Topic-0-Cell-1,1,40.0,46.0,4000.0,4600.0
SYNTH-40-46-1-Topic-0-Cell-2,1,40.0,46.0,4021.9534345634997,4576.035511462454
SYNTH-40-46-1-Topic-8-Cell-3,1,40.0,46.0,3954.214045615883,4604.018255981839
SYNTH-40-46-1-Topic-8-Cell-4,1,40.0,46.0,4044.6730967202666,4634.250028166729
SYNTH-40-47-1-Topic-7-Cell-1,1,40.0,47.0,4000.0,4700.0
SYNTH-40-47-1-Topic-7-Cell-2,1,40.0,47.0,4017.924904260718,4680.433077045413
SYNTH-40-47-1-Topic-8-Cell-3,1,40.0,47.0,3962.615924790856,4703.2808922704635
SYNTH-40-47-1-Topic-8-Cell-4,1,40.0,47.0,4036.475430731551,4727.965030894812
SYNTH-40-47-1-Topic-8-Cell-5,1,40.0,47.0,3990.755767148638,4647.7390123930245
SYNTH-40-47-1-Topic-8-Cell-6,1,40.0,47.0,3968.152376652497,4750.065579198177
SYNTH-40-48-1-Topic-0-Cell-1,1,40.0,48.0,4000.0,4800.0
SYNTH-40-48-1-Topic-0-Cell-2,1,40.0,48.0,4017.924904260718,4780.433077045413
SYNTH-40-48-1-Topic-0-Cell-3,1,40.0,48.0,3962.615924790856,4803.2808922704635
SYNTH-40-48-1-Topic-0-Cell-4,1,40.0,48.0,4036.475430731551,4827.965030894812
SYNTH-40-48-1-Topic-8-Cell-5,1,40.0,48.0,3990.755767148638,4747.7390123930245
SYNTH-40-48-1-Topic-8-Cell-6,1,40.0,48.0,3968.152376652497,4850.065579198177
SYNTH-40-49-1-Topic-8-Cell-1,1,40.0,49.0,4000.0,4900.0
SYNTH-40-49-1-Topic-8-Cell-2,1,40.0,49.0,4019.6357488094313,4878.565509833614
SYNTH-40-49-1-Topic-8-Cell-3,1,40.0,49.0,3959.047797432964,4903.594037410554
SYNTH-40-49-1-Topic-8-Cell-4,1,40.0,49.0,4039.956832412776,4930.634156484835
SYNTH-40-49-1-Topic-9-Cell-5,1,40.0,49.0,3989.8734502809575,4842.750956420323
SYNTH-40-50-1-Topic-0-Cell-1,1,40.0,50.0,4000.0,5000.0
SYNTH-40-50-1-Topic-7-Cell-2,1,40.0,50.0,4019.6357488094313,4978.565509833614
SYNTH-40-50-1-Topic-8-Cell-3,1,40.0,50.0,3959.047797432964,5003.594037410554
SYNTH-40-50-1-Topic-8-Cell-4,1,40.0,50.0,4039.956832412776,5030.634156484835
SYNTH-40-50-1-Topic-8-Cell-5,1,40.0,50.0,3989.8734502809575,4942.750956420323
SYNTH-41-1-1-Topic-8-Cell-1,1,41.0,1.0,4100.0,150.0
SYNTH-41-1-1-Topic-8-Cell-2,1,41.0,1.0,4121.953434563499,126.03551146245461
SYNTH-41-1-1-Topic-8-Cell-3,1,41.0,1.0,4054.214045615883,154.0182559818382
SYNTH-41-1-1-Topic-8-Cell-4,1,41.0,1.0,4144.673096720267,184.2500281667286
SYNTH-41-2-1-Topic-7-Cell-1,1,41.0,2.0,4100.0,250.0
SYNTH-41-2-1-Topic-8-Cell-2,1,41.0,2.0,4119.635748809432,228.5655098336136
SYNTH-41-2-1-Topic-8-Cell-3,1,41.0,2.0,4059.047797432964,253.59403741055414
SYNTH-41-2-1-Topic-8-Cell-4,1,41.0,2.0,4139.956832412776,280.6341564848351
SYNTH-41-2-1-Topic-8-Cell-5,1,41.0,2.0,4089.8734502809575,192.75095642032298
SYNTH-41-3-1-Topic-7-Cell-1,1,41.0,3.0,4100.0,350.0
SYNTH-41-3-1-Topic-7-Cell-2,1,41.0,3.0,4131.046844900371,316.1090952948687
SYNTH-41-4-1-Topic-8-Cell-1,1,41.0,4.0,4100.0,450.0
SYNTH-41-4-1-Topic-8-Cell-2,1,41.0,4.0,4119.635748809432,428.5655098336136
SYNTH-41-4-1-Topic-8-Cell-3,1,41.0,4.0,4059.047797432964,453.59403741055417
SYNTH-41-4-1-Topic-8-Cell-4,1,41.0,4.0,4139.956832412776,480.6341564848351
SYNTH-41-4-1-Topic-8-Cell-5,1,41.0,4.0,4089.8734502809575,392.75095642032295
SYNTH-41-5-1-Topic-0-Cell-1,1,41.0,5.0,4100.0,550.0
SYNTH-41-5-1-Topic-0-Cell-2,1,41.0,5.0,4117.924904260718,530.4330770454125
SYNTH-41-5-1-Topic-0-Cell-3,1,41.0,5.0,4062.615924790856,553.2808922704633
SYNTH-41-5-1-Topic-7-Cell-4,1,41.0,5.0,4136.475430731552,577.9650308948122
SYNTH-41-5-1-Topic-8-Cell-5,1,41.0,5.0,4090.755767148638,497.7390123930243
SYNTH-41-5-1-Topic-8-Cell-6,1,41.0,5.0,4068.152376652497,600.0655791981769
SYNTH-41-6-1-Topic-7-Cell-1,1,41.0,6.0,4100.0,650.0
SYNTH-41-6-1-Topic-8-Cell-2,1,41.0,6.0,4121.953434563499,626.0355114624546
SYNTH-41-6-1-Topic-8-Cell-3,1,41.0,6.0,4054.214045615883,654.0182559818381
SYNTH-41-6-1-Topic-8-Cell-4,1,41.0,6.0,4144.673096720267,684.2500281667286
SYNTH-41-7-1-Topic-0-Cell-1,1,41.0,7.0,4100.0,750.0
SYNTH-41-7-1-Topic-8-Cell-2,1,41.0,7.0,4119.635748809432,728.5655098336136
SYNTH-41-7-1-Topic-8-Cell-3,1,41.0,7.0,4059.047797432964,753.5940374105542
SYNTH-41-7-1-Topic-9-Cell-4,1,41.0,7.0,4139.956832412776,780.6341564848351
SYNTH-41-7-1-Topic-9-Cell-5,1,41.0,7.0,4089.8734502809575,692.750956420323
SYNTH-41-8-1-Topic-8-Cell-1,1,41.0,8.0,4100.0,850.0
SYNTH-41-8-1-Topic-8-Cell-2,1,41.0,8.0,4119.635748809432,828.5655098336136
SYNTH-41-8-1-Topic-8-Cell-3,1,41.0,8.0,4059.047797432964,853.5940374105542
SYNTH-41-8-1-Topic-8-Cell-4,1,41.0,8.0,4139.956832412776,880.6341564848351
SYNTH-41-8-1-Topic-8-Cell-5,1,41.0,8.0,4089.8734502809575,792.750956420323
SYNTH-41-9-1-Topic-8-Cell-1,1,41.0,9.0,4100.0,950.0
SYNTH-41-9-1-Topic-8-Cell-2,1,41.0,9.0,4119.635748809432,928.5655098336136
SYNTH-41-9-1-Topic-8-Cell-3,1,41.0,9.0,4059.047797432964,953.5940374105542
SYNTH-41-9-1-Topic-8-Cell-4,1,41.0,9.0,4139.956832412776,980.6341564848351
SYNTH-41-9-1-Topic-9-Cell-5,1,41.0,9.0,4089.8734502809575,892.750956420323
SYNTH-41-10-1-Topic-8-Cell-1,1,41.0,10.0,4100.0,1050.0
SYNTH-41-10-1-Topic-8-Cell-2,1,41.0,10.0,4119.635748809432,1028.5655098336135
SYNTH-41-10-1-Topic-8-Cell-3,1,41.0,10.0,4059.047797432964,1053.5940374105542
SYNTH-41-10-1-Topic-8-Cell-4,1,41.0,10.0,4139.956832412776,1080.634156484835
SYNTH-41-10-1-Topic-8-Cell-5,1,41.0,10.0,4089.8734502809575,992.750956420323
SYNTH-41-11-1-Topic-8-Cell-1,1,41.0,11.0,4100.0,1150.0
SYNTH-41-11-1-Topic-8-Cell-2,1,41.0,11.0,4119.635748809432,1128.5655098336135
SYNTH-41-11-1-Topic-8-Cell-3,1,41.0,11.0,4059.047797432964,1153.5940374105542
SYNTH-41-11-1-Topic-8-Cell-4,1,41.0,11.0,4139.956832412776,1180.634156484835
SYNTH-41-11-1-Topic-9-Cell-5,1,41.0,11.0,4089.8734502809575,1092.750956420323
SYNTH-41-12-1-Topic-8-Cell-1,1,41.0,12.0,4100.0,1250.0
SYNTH-41-12-1-Topic-8-Cell-2,1,41.0,12.0,4121.953434563499,1226.0355114624547
SYNTH-41-12-1-Topic-8-Cell-3,1,41.0,12.0,4054.214045615883,1254.0182559818381
SYNTH-41-12-1-Topic-9-Cell-4,1,41.0,12.0,4144.673096720267,1284.2500281667287
SYNTH-41-13-1-Topic-0-Cell-1,1,41.0,13.0,4100.0,1350.0
SYNTH-41-13-1-Topic-0-Cell-2,1,41.0,13.0,4117.924904260718,1330.4330770454126
SYNTH-41-13-1-Topic-0-Cell-3,1,41.0,13.0,4062.615924790856,1353.2808922704633
SYNTH-41-13-1-Topic-8-Cell-4,1,41.0,13.0,4136.475430731552,1377.9650308948123
SYNTH-41-13-1-Topic-8-Cell-5,1,41.0,13.0,4090.755767148638,1297.7390123930243
SYNTH-41-13-1-Topic-8-Cell-6,1,41.0,13.0,4068.152376652497,1400.065579198177
SYNTH-41-14-1-Topic-7-Cell-1,1,41.0,14.0,4100.0,1450.0
SYNTH-41-14-1-Topic-8-Cell-2,1,41.0,14.0,4119.635748809432,1428.5655098336135
SYNTH-41-14-1-Topic-8-Cell-3,1,41.0,14.0,4059.047797432964,1453.5940374105542
SYNTH-41-14-1-Topic-8-Cell-4,1,41.0,14.0,4139.956832412776,1480.634156484835
SYNTH-41-14-1-Topic-8-Cell-5,1,41.0,14.0,4089.8734502809575,1392.750956420323
SYNTH-41-15-1-Topic-4-Cell-1,1,41.0,15.0,4100.0,1550.0
SYNTH-41-15-1-Topic-8-Cell-2,1,41.0,15.0,4119.635748809432,1528.5655098336135
SYNTH-41-15-1-Topic-8-Cell-3,1,41.0,15.0,4059.047797432964,1553.5940374105542
SYNTH-41-15-1-Topic-9-Cell-4,1,41.0,15.0,4139.956832412776,1580.634156484835
SYNTH-41-15-1-Topic-9-Cell-5,1,41.0,15.0,4089.8734502809575,1492.750956420323
SYNTH-41-16-1-Topic-0-Cell-1,1,41.0,16.0,4100.0,1650.0
SYNTH-41-16-1-Topic-0-Cell-2,1,41.0,16.0,4117.924904260718,1630.4330770454126
SYNTH-41-16-1-Topic-8-Cell-3,1,41.0,16.0,4062.615924790856,1653.2808922704633
SYNTH-41-16-1-Topic-8-Cell-4,1,41.0,16.0,4136.475430731552,1677.9650308948123
SYNTH-41-16-1-Topic-8-Cell-5,1,41.0,16.0,4090.755767148638,1597.7390123930243
SYNTH-41-16-1-Topic-8-Cell-6,1,41.0,16.0,4068.152376652497,1700.065579198177
SYNTH-41-17-1-Topic-7-Cell-1,1,41.0,17.0,4100.0,1750.0
SYNTH-41-17-1-Topic-8-Cell-2,1,41.0,17.0,4119.635748809432,1728.5655098336135
SYNTH-41-17-1-Topic-8-Cell-3,1,41.0,17.0,4059.047797432964,1753.5940374105542
SYNTH-41-17-1-Topic-8-Cell-4,1,41.0,17.0,4139.956832412776,1780.634156484835
SYNTH-41-17-1-Topic-8-Cell-5,1,41.0,17.0,4089.8734502809575,1692.750956420323
SYNTH-41-18-1-Topic-0-Cell-1,1,41.0,18.0,4100.0,1850.0
SYNTH-41-18-1-Topic-0-Cell-2,1,41.0,18.0,4117.924904260718,1830.4330770454126
SYNTH-41-18-1-Topic-0-Cell-3,1,41.0,18.0,4062.615924790856,1853.2808922704633
SYNTH-41-18-1-Topic-8-Cell-4,1,41.0,18.0,4136.475430731552,1877.9650308948123
SYNTH-41-18-1-Topic-8-Cell-5,1,41.0,18.0,4090.755767148638,1797.7390123930243
SYNTH-41-18-1-Topic-8-Cell-6,1,41.0,18.0,4068.152376652497,1900.065579198177
SYNTH-41-19-1-Topic-0-Cell-1,1,41.0,19.0,4100.0,1950.0
SYNTH-41-19-1-Topic-0-Cell-2,1,41.0,19.0,4117.924904260718,1930.4330770454126
SYNTH-41-19-1-Topic-7-Cell-3,1,41.0,19.0,4062.615924790856,1953.2808922704633
SYNTH-41-19-1-Topic-8-Cell-4,1,41.0,19.0,4136.475430731552,1977.9650308948123
SYNTH-41-19-1-Topic-8-Cell-5,1,41.0,19.0,4090.755767148638,1897.7390123930243
SYNTH-41-19-1-Topic-8-Cell-6,1,41.0,19.0,4068.152376652497,2000.065579198177
SYNTH-41-20-1-Topic-0-Cell-1,1,41.0,20.0,4100.0,2050.0
SYNTH-41-20-1-Topic-8-Cell-2,1,41.0,20.0,4117.924904260718,2030.4330770454126
SYNTH-41-20-1-Topic-8-Cell-3,1,41.0,20.0,4062.615924790856,2053.2808922704635
SYNTH-41-20-1-Topic-8-Cell-4,1,41.0,20.0,4136.475430731552,2077.965030894812
SYNTH-41-20-1-Topic-9-Cell-5,1,41.0,20.0,4090.755767148638,1997.7390123930243
SYNTH-41-20-1-Topic-9-Cell-6,1,41.0,20.0,4068.152376652497,2100.065579198177
SYNTH-41-21-1-Topic-7-Cell-1,1,41.0,21.0,4100.0,2150.0
SYNTH-41-21-1-Topic-8-Cell-2,1,41.0,21.0,4121.953434563499,2126.0355114624545
SYNTH-41-21-1-Topic-9-Cell-3,1,41.0,21.0,4054.214045615883,2154.018255981838
SYNTH-41-21-1-Topic-9-Cell-4,1,41.0,21.0,4144.673096720267,2184.2500281667285
SYNTH-41-22-1-Topic-0-Cell-1,1,41.0,22.0,4100.0,2250.0
SYNTH-41-22-1-Topic-0-Cell-2,1,41.0,22.0,4117.924904260718,2230.4330770454126
SYNTH-41-22-1-Topic-0-Cell-3,1,41.0,22.0,4062.615924790856,2253.2808922704635
SYNTH-41-22-1-Topic-0-Cell-4,1,41.0,22.0,4136.475430731552,2277.965030894812
SYNTH-41-22-1-Topic-0-Cell-5,1,41.0,22.0,4090.755767148638,2197.7390123930245
SYNTH-41-22-1-Topic-8-Cell-6,1,41.0,22.0,4068.152376652497,2300.065579198177
SYNTH-41-23-1-Topic-4-Cell-1,1,41.0,23.0,4100.0,2350.0
SYNTH-41-23-1-Topic-4-Cell-2,1,41.0,23.0,4119.635748809432,2328.5655098336138
SYNTH-41-23-1-Topic-7-Cell-3,1,41.0,23.0,4059.047797432964,2353.594037410554
SYNTH-41-23-1-Topic-7-Cell-4,1,41.0,23.0,4139.956832412776,2380.634156484835
SYNTH-41-23-1-Topic-9-Cell-5,1,41.0,23.0,4089.8734502809575,2292.750956420323
SYNTH-41-24-1-Topic-8-Cell-1,1,41.0,24.0,4100.0,2450.0
SYNTH-41-24-1-Topic-8-Cell-2,1,41.0,24.0,4121.953434563499,2426.0355114624545
SYNTH-41-24-1-Topic-8-Cell-3,1,41.0,24.0,4054.214045615883,2454.018255981838
SYNTH-41-24-1-Topic-8-Cell-4,1,41.0,24.0,4144.673096720267,2484.2500281667285
SYNTH-41-25-1-Topic-0-Cell-1,1,41.0,25.0,4100.0,2550.0
SYNTH-41-25-1-Topic-0-Cell-2,1,41.0,25.0,4119.635748809432,2528.5655098336138
SYNTH-41-25-1-Topic-8-Cell-3,1,41.0,25.0,4059.047797432964,2553.594037410554
SYNTH-41-25-1-Topic-8-Cell-4,1,41.0,25.0,4139.956832412776,2580.634156484835
SYNTH-41-25-1-Topic-8-Cell-5,1,41.0,25.0,4089.8734502809575,2492.750956420323
SYNTH-41-26-1-Topic-0-Cell-1,1,41.0,26.0,4100.0,2650.0
SYNTH-41-26-1-Topic-0-Cell-2,1,41.0,26.0,4119.635748809432,2628.5655098336138
SYNTH-41-26-1-Topic-0-Cell-3,1,41.0,26.0,4059.047797432964,2653.594037410554
SYNTH-41-26-1-Topic-8-Cell-4,1,41.0,26.0,4139.956832412776,2680.634156484835
SYNTH-41-26-1-Topic-8-Cell-5,1,41.0,26.0,4089.8734502809575,2592.750956420323
SYNTH-41-27-1-Topic-7-Cell-1,1,41.0,27.0,4100.0,2750.0
SYNTH-41-28-1-Topic-7-Cell-1,1,41.0,28.0,4100.0,2850.0
SYNTH-41-28-1-Topic-7-Cell-2,1,41.0,28.0,4119.635748809432,2828.5655098336138
SYNTH-41-28-1-Topic-8-Cell-3,1,41.0,28.0,4059.047797432964,2853.594037410554
SYNTH-41-28-1-Topic-8-Cell-4,1,41.0,28.0,4139.956832412776,2880.634156484835
SYNTH-41-28-1-Topic-9-Cell-5,1,41.0,28.0,4089.8734502809575,2792.750956420323
SYNTH-41-29-1-Topic-7-Cell-1,1,41.0,29.0,4100.0,2950.0
SYNTH-41-29-1-Topic-10-Cell-2,1,41.0,29.0,4119.635748809432,2928.5655098336138
SYNTH-41-29-1-Topic-10-Cell-3,1,41.0,29.0,4059.047797432964,2953.594037410554
SYNTH-41-29-1-Topic-10-Cell-4,1,41.0,29.0,4139.956832412776,2980.634156484835
SYNTH-41-29-1-Topic-10-Cell-5,1,41.0,29.0,4089.8734502809575,2892.750956420323
SYNTH-41-30-1-Topic-0-Cell-1,1,41.0,30.0,4100.0,3050.0
SYNTH-41-30-1-Topic-8-Cell-2,1,41.0,30.0,4131.046844900371,3016.109095294869
SYNTH-41-31-1-Topic-0-Cell-1,1,41.0,31.0,4100.0,3150.0
SYNTH-41-31-1-Topic-8-Cell-2,1,41.0,31.0,4117.924904260718,3130.4330770454126
SYNTH-41-31-1-Topic-8-Cell-3,1,41.0,31.0,4062.615924790856,3153.2808922704635
SYNTH-41-31-1-Topic-8-Cell-4,1,41.0,31.0,4136.475430731552,3177.965030894812
SYNTH-41-31-1-Topic-8-Cell-5,1,41.0,31.0,4090.755767148638,3097.7390123930245
SYNTH-41-31-1-Topic-9-Cell-6,1,41.0,31.0,4068.152376652497,3200.065579198177
SYNTH-41-32-1-Topic-7-Cell-1,1,41.0,32.0,4100.0,3250.0
SYNTH-41-32-1-Topic-8-Cell-2,1,41.0,32.0,4119.635748809432,3228.5655098336138
SYNTH-41-32-1-Topic-8-Cell-3,1,41.0,32.0,4059.047797432964,3253.594037410554
SYNTH-41-32-1-Topic-8-Cell-4,1,41.0,32.0,4139.956832412776,3280.634156484835
SYNTH-41-32-1-Topic-8-Cell-5,1,41.0,32.0,4089.8734502809575,3192.750956420323
SYNTH-41-33-1-Topic-8-Cell-1,1,41.0,33.0,4100.0,3350.0
SYNTH-41-33-1-Topic-9-Cell-2,1,41.0,33.0,4119.635748809432,3328.5655098336138
SYNTH-41-33-1-Topic-9-Cell-3,1,41.0,33.0,4059.047797432964,3353.594037410554
SYNTH-41-33-1-Topic-9-Cell-4,1,41.0,33.0,4139.956832412776,3380.634156484835
SYNTH-41-33-1-Topic-9-Cell-5,1,41.0,33.0,4089.8734502809575,3292.750956420323
SYNTH-41-34-1-Topic-8-Cell-1,1,41.0,34.0,4100.0,3450.0
SYNTH-41-34-1-Topic-8-Cell-2,1,41.0,34.0,4119.635748809432,3428.5655098336138
SYNTH-41-34-1-Topic-8-Cell-3,1,41.0,34.0,4059.047797432964,3453.594037410554
SYNTH-41-34-1-Topic-8-Cell-4,1,41.0,34.0,4139.956832412776,3480.634156484835
SYNTH-41-34-1-Topic-8-Cell-5,1,41.0,34.0,4089.8734502809575,3392.750956420323
SYNTH-41-35-1-Topic-0-Cell-1,1,41.0,35.0,4100.0,3550.0
SYNTH-41-35-1-Topic-0-Cell-2,1,41.0,35.0,4117.924904260718,3530.4330770454126
SYNTH-41-35-1-Topic-0-Cell-3,1,41.0,35.0,4062.615924790856,3553.2808922704635
SYNTH-41-35-1-Topic-0-Cell-4,1,41.0,35.0,4136.475430731552,3577.965030894812
SYNTH-41-35-1-Topic-0-Cell-5,1,41.0,35.0,4090.755767148638,3497.7390123930245
SYNTH-41-35-1-Topic-7-Cell-6,1,41.0,35.0,4068.152376652497,3600.065579198177
SYNTH-41-36-1-Topic-0-Cell-1,1,41.0,36.0,4100.0,3650.0
SYNTH-41-36-1-Topic-0-Cell-2,1,41.0,36.0,4117.924904260718,3630.4330770454126
SYNTH-41-36-1-Topic-0-Cell-3,1,41.0,36.0,4062.615924790856,3653.2808922704635
SYNTH-41-36-1-Topic-0-Cell-4,1,41.0,36.0,4136.475430731552,3677.965030894812
SYNTH-41-36-1-Topic-0-Cell-5,1,41.0,36.0,4090.755767148638,3597.7390123930245
SYNTH-41-36-1-Topic-8-Cell-6,1,41.0,36.0,4068.152376652497,3700.065579198177
SYNTH-41-37-1-Topic-0-Cell-1,1,41.0,37.0,4100.0,3750.0
SYNTH-41-37-1-Topic-4-Cell-2,1,41.0,37.0,4119.635748809432,3728.5655098336138
SYNTH-41-37-1-Topic-8-Cell-3,1,41.0,37.0,4059.047797432964,3753.594037410554
SYNTH-41-37-1-Topic-8-Cell-4,1,41.0,37.0,4139.956832412776,3780.634156484835
SYNTH-41-37-1-Topic-8-Cell-5,1,41.0,37.0,4089.8734502809575,3692.750956420323
SYNTH-41-38-1-Topic-8-Cell-1,1,41.0,38.0,4100.0,3850.0
SYNTH-41-38-1-Topic-8-Cell-2,1,41.0,38.0,4121.953434563499,3826.0355114624545
SYNTH-41-38-1-Topic-8-Cell-3,1,41.0,38.0,4054.214045615883,3854.018255981838
SYNTH-41-38-1-Topic-8-Cell-4,1,41.0,38.0,4144.673096720267,3884.2500281667285
SYNTH-41-39-1-Topic-0-Cell-1,1,41.0,39.0,4100.0,3950.0
SYNTH-41-39-1-Topic-0-Cell-2,1,41.0,39.0,4117.924904260718,3930.4330770454126
SYNTH-41-39-1-Topic-0-Cell-3,1,41.0,39.0,4062.615924790856,3953.2808922704635
SYNTH-41-39-1-Topic-0-Cell-4,1,41.0,39.0,4136.475430731552,3977.965030894812
SYNTH-41-39-1-Topic-8-Cell-5,1,41.0,39.0,4090.755767148638,3897.7390123930245
SYNTH-41-39-1-Topic-8-Cell-6,1,41.0,39.0,4068.152376652497,4000.065579198177
SYNTH-41-40-1-Topic-8-Cell-1,1,41.0,40.0,4100.0,4050.0
SYNTH-41-40-1-Topic-8-Cell-2,1,41.0,40.0,4119.635748809432,4028.5655098336138
SYNTH-41-40-1-Topic-8-Cell-3,1,41.0,40.0,4059.047797432964,4053.594037410554
SYNTH-41-40-1-Topic-8-Cell-4,1,41.0,40.0,4139.956832412776,4080.634156484835
SYNTH-41-40-1-Topic-8-Cell-5,1,41.0,40.0,4089.8734502809575,3992.750956420323
SYNTH-41-41-1-Topic-0-Cell-1,1,41.0,41.0,4100.0,4150.0
SYNTH-41-41-1-Topic-7-Cell-2,1,41.0,41.0,4119.635748809432,4128.565509833614
SYNTH-41-41-1-Topic-8-Cell-3,1,41.0,41.0,4059.047797432964,4153.594037410554
SYNTH-41-41-1-Topic-8-Cell-4,1,41.0,41.0,4139.956832412776,4180.634156484835
SYNTH-41-41-1-Topic-8-Cell-5,1,41.0,41.0,4089.8734502809575,4092.750956420323
SYNTH-41-42-1-Topic-8-Cell-1,1,41.0,42.0,4100.0,4250.0
SYNTH-41-42-1-Topic-8-Cell-2,1,41.0,42.0,4119.635748809432,4228.565509833614
SYNTH-41-42-1-Topic-8-Cell-3,1,41.0,42.0,4059.047797432964,4253.594037410554
SYNTH-41-42-1-Topic-8-Cell-4,1,41.0,42.0,4139.956832412776,4280.634156484835
SYNTH-41-42-1-Topic-8-Cell-5,1,41.0,42.0,4089.8734502809575,4192.750956420323
SYNTH-41-43-1-Topic-7-Cell-1,1,41.0,43.0,4100.0,4350.0
SYNTH-41-43-1-Topic-7-Cell-2,1,41.0,43.0,4121.953434563499,4326.035511462454
SYNTH-41-43-1-Topic-7-Cell-3,1,41.0,43.0,4054.214045615883,4354.018255981839
SYNTH-41-43-1-Topic-7-Cell-4,1,41.0,43.0,4144.673096720267,4384.250028166729
SYNTH-41-44-1-Topic-0-Cell-1,1,41.0,44.0,4100.0,4450.0
SYNTH-41-44-1-Topic-7-Cell-2,1,41.0,44.0,4119.635748809432,4428.565509833614
SYNTH-41-44-1-Topic-8-Cell-3,1,41.0,44.0,4059.047797432964,4453.594037410554
SYNTH-41-44-1-Topic-8-Cell-4,1,41.0,44.0,4139.956832412776,4480.634156484835
SYNTH-41-44-1-Topic-8-Cell-5,1,41.0,44.0,4089.8734502809575,4392.750956420323
SYNTH-41-45-1-Topic-0-Cell-1,1,41.0,45.0,4100.0,4550.0
SYNTH-41-45-1-Topic-4-Cell-2,1,41.0,45.0,4119.635748809432,4528.565509833614
SYNTH-41-45-1-Topic-4-Cell-3,1,41.0,45.0,4059.047797432964,4553.594037410554
SYNTH-41-45-1-Topic-4-Cell-4,1,41.0,45.0,4139.956832412776,4580.634156484835
SYNTH-41-45-1-Topic-7-Cell-5,1,41.0,45.0,4089.8734502809575,4492.750956420323
SYNTH-41-46-1-Topic-0-Cell-1,1,41.0,46.0,4100.0,4650.0
SYNTH-41-46-1-Topic-8-Cell-2,1,41.0,46.0,4119.635748809432,4628.565509833614
SYNTH-41-46-1-Topic-8-Cell-3,1,41.0,46.0,4059.047797432964,4653.594037410554
SYNTH-41-46-1-Topic-8-Cell-4,1,41.0,46.0,4139.956832412776,4680.634156484835
SYNTH-41-46-1-Topic-8-Cell-5,1,41.0,46.0,4089.8734502809575,4592.750956420323
SYNTH-41-47-1-Topic-0-Cell-1,1,41.0,47.0,4100.0,4750.0
SYNTH-41-47-1-Topic-0-Cell-2,1,41.0,47.0,4119.635748809432,4728.565509833614
SYNTH-41-47-1-Topic-0-Cell-3,1,41.0,47.0,4059.047797432964,4753.594037410554
SYNTH-41-47-1-Topic-0-Cell-4,1,41.0,47.0,4139.956832412776,4780.634156484835
SYNTH-41-47-1-Topic-0-Cell-5,1,41.0,47.0,4089.8734502809575,4692.750956420323
SYNTH-41-48-1-Topic-0-Cell-1,1,41.0,48.0,4100.0,4850.0
SYNTH-41-48-1-Topic-0-Cell-2,1,41.0,48.0,4117.924904260718,4830.433077045413
SYNTH-41-48-1-Topic-0-Cell-3,1,41.0,48.0,4062.615924790856,4853.2808922704635
SYNTH-41-48-1-Topic-8-Cell-4,1,41.0,48.0,4136.475430731552,4877.965030894812
SYNTH-41-48-1-Topic-8-Cell-5,1,41.0,48.0,4090.755767148638,4797.7390123930245
SYNTH-41-48-1-Topic-8-Cell-6,1,41.0,48.0,4068.152376652497,4900.065579198177
SYNTH-41-49-1-Topic-0-Cell-1,1,41.0,49.0,4100.0,4950.0
SYNTH-41-49-1-Topic-7-Cell-2,1,41.0,49.0,4119.635748809432,4928.565509833614
SYNTH-41-49-1-Topic-8-Cell-3,1,41.0,49.0,4059.047797432964,4953.594037410554
SYNTH-41-49-1-Topic-8-Cell-4,1,41.0,49.0,4139.956832412776,4980.634156484835
SYNTH-41-49-1-Topic-8-Cell-5,1,41.0,49.0,4089.8734502809575,4892.750956420323
SYNTH-41-50-1-Topic-7-Cell-1,1,41.0,50.0,4100.0,5050.0
SYNTH-41-50-1-Topic-7-Cell-2,1,41.0,50.0,4119.635748809432,5028.565509833614
SYNTH-41-50-1-Topic-7-Cell-3,1,41.0,50.0,4059.047797432964,5053.594037410554
SYNTH-41-50-1-Topic-8-Cell-4,1,41.0,50.0,4139.956832412776,5080.634156484835
SYNTH-41-50-1-Topic-8-Cell-5,1,41.0,50.0,4089.8734502809575,4992.750956420323
SYNTH-42-1-1-Topic-7-Cell-1,1,42.0,1.0,4200.0,100.0
SYNTH-42-1-1-Topic-8-Cell-2,1,42.0,1.0,4219.635748809432,78.56550983361359
SYNTH-42-1-1-Topic-8-Cell-3,1,42.0,1.0,4159.047797432964,103.59403741055415
SYNTH-42-1-1-Topic-9-Cell-4,1,42.0,1.0,4239.956832412776,130.63415648483507
SYNTH-42-1-1-Topic-9-Cell-5,1,42.0,1.0,4189.8734502809575,42.75095642032298
SYNTH-42-2-1-Topic-8-Cell-1,1,42.0,2.0,4200.0,200.0
SYNTH-42-2-1-Topic-8-Cell-2,1,42.0,2.0,4221.953434563499,176.03551146245462
SYNTH-42-2-1-Topic-8-Cell-3,1,42.0,2.0,4154.214045615883,204.0182559818382
SYNTH-42-2-1-Topic-9-Cell-4,1,42.0,2.0,4244.673096720267,234.2500281667286
SYNTH-42-3-1-Topic-7-Cell-1,1,42.0,3.0,4200.0,300.0
SYNTH-42-3-1-Topic-8-Cell-2,1,42.0,3.0,4221.953434563499,276.0355114624546
SYNTH-42-3-1-Topic-9-Cell-3,1,42.0,3.0,4154.214045615883,304.0182559818382
SYNTH-42-3-1-Topic-9-Cell-4,1,42.0,3.0,4244.673096720267,334.2500281667286
SYNTH-42-4-1-Topic-8-Cell-1,1,42.0,4.0,4200.0,400.0
SYNTH-42-4-1-Topic-8-Cell-2,1,42.0,4.0,4231.046844900371,366.1090952948687
SYNTH-42-5-1-Topic-8-Cell-1,1,42.0,5.0,4200.0,500.0
SYNTH-42-5-1-Topic-8-Cell-2,1,42.0,5.0,4221.953434563499,476.0355114624546
SYNTH-42-5-1-Topic-8-Cell-3,1,42.0,5.0,4154.214045615883,504.0182559818382
SYNTH-42-5-1-Topic-8-Cell-4,1,42.0,5.0,4244.673096720267,534.2500281667286
SYNTH-42-6-1-Topic-7-Cell-1,1,42.0,6.0,4200.0,600.0
SYNTH-42-6-1-Topic-7-Cell-2,1,42.0,6.0,4219.635748809432,578.5655098336136
SYNTH-42-6-1-Topic-8-Cell-3,1,42.0,6.0,4159.047797432964,603.5940374105542
SYNTH-42-6-1-Topic-8-Cell-4,1,42.0,6.0,4239.956832412776,630.6341564848351
SYNTH-42-6-1-Topic-8-Cell-5,1,42.0,6.0,4189.8734502809575,542.750956420323
SYNTH-42-7-1-Topic-0-Cell-1,1,42.0,7.0,4200.0,700.0
SYNTH-42-7-1-Topic-7-Cell-2,1,42.0,7.0,4219.635748809432,678.5655098336136
SYNTH-42-7-1-Topic-8-Cell-3,1,42.0,7.0,4159.047797432964,703.5940374105542
SYNTH-42-7-1-Topic-8-Cell-4,1,42.0,7.0,4239.956832412776,730.6341564848351
SYNTH-42-7-1-Topic-8-Cell-5,1,42.0,7.0,4189.8734502809575,642.750956420323
SYNTH-42-8-1-Topic-0-Cell-1,1,42.0,8.0,4200.0,800.0
SYNTH-42-8-1-Topic-0-Cell-2,1,42.0,8.0,4221.953434563499,776.0355114624546
SYNTH-42-8-1-Topic-0-Cell-3,1,42.0,8.0,4154.214045615883,804.0182559818381
SYNTH-42-8-1-Topic-0-Cell-4,1,42.0,8.0,4244.673096720267,834.2500281667286
SYNTH-42-9-1-Topic-0-Cell-1,1,42.0,9.0,4200.0,900.0
SYNTH-42-9-1-Topic-0-Cell-2,1,42.0,9.0,4219.635748809432,878.5655098336136
SYNTH-42-9-1-Topic-7-Cell-3,1,42.0,9.0,4159.047797432964,903.5940374105542
SYNTH-42-9-1-Topic-8-Cell-4,1,42.0,9.0,4239.956832412776,930.6341564848351
SYNTH-42-9-1-Topic-9-Cell-5,1,42.0,9.0,4189.8734502809575,842.750956420323
SYNTH-42-10-1-Topic-0-Cell-1,1,42.0,10.0,4200.0,1000.0
SYNTH-42-10-1-Topic-8-Cell-2,1,42.0,10.0,4221.953434563499,976.0355114624546
SYNTH-42-10-1-Topic-9-Cell-3,1,42.0,10.0,4154.214045615883,1004.0182559818381
SYNTH-42-10-1-Topic-9-Cell-4,1,42.0,10.0,4244.673096720267,1034.2500281667287
SYNTH-42-11-1-Topic-0-Cell-1,1,42.0,11.0,4200.0,1100.0
SYNTH-42-11-1-Topic-0-Cell-2,1,42.0,11.0,4219.635748809432,1078.5655098336135
SYNTH-42-11-1-Topic-7-Cell-3,1,42.0,11.0,4159.047797432964,1103.5940374105542
SYNTH-42-11-1-Topic-8-Cell-4,1,42.0,11.0,4239.956832412776,1130.634156484835
SYNTH-42-11-1-Topic-8-Cell-5,1,42.0,11.0,4189.8734502809575,1042.750956420323
SYNTH-42-12-1-Topic-0-Cell-1,1,42.0,12.0,4200.0,1200.0
SYNTH-42-12-1-Topic-0-Cell-2,1,42.0,12.0,4219.635748809432,1178.5655098336135
SYNTH-42-12-1-Topic-7-Cell-3,1,42.0,12.0,4159.047797432964,1203.5940374105542
SYNTH-42-12-1-Topic-7-Cell-4,1,42.0,12.0,4239.956832412776,1230.634156484835
SYNTH-42-12-1-Topic-8-Cell-5,1,42.0,12.0,4189.8734502809575,1142.750956420323
SYNTH-42-13-1-Topic-0-Cell-1,1,42.0,13.0,4200.0,1300.0
SYNTH-42-13-1-Topic-0-Cell-2,1,42.0,13.0,4217.924904260718,1280.4330770454126
SYNTH-42-13-1-Topic-0-Cell-3,1,42.0,13.0,4162.615924790855,1303.2808922704633
SYNTH-42-13-1-Topic-0-Cell-4,1,42.0,13.0,4236.475430731552,1327.9650308948123
SYNTH-42-13-1-Topic-0-Cell-5,1,42.0,13.0,4190.755767148638,1247.7390123930243
SYNTH-42-13-1-Topic-0-Cell-6,1,42.0,13.0,4168.152376652497,1350.065579198177
SYNTH-42-14-1-Topic-8-Cell-1,1,42.0,14.0,4200.0,1400.0
SYNTH-42-14-1-Topic-8-Cell-2,1,42.0,14.0,4221.953434563499,1376.0355114624547
SYNTH-42-14-1-Topic-8-Cell-3,1,42.0,14.0,4154.214045615883,1404.0182559818381
SYNTH-42-14-1-Topic-8-Cell-4,1,42.0,14.0,4244.673096720267,1434.2500281667287
SYNTH-42-15-1-Topic-7-Cell-1,1,42.0,15.0,4200.0,1500.0
SYNTH-42-15-1-Topic-7-Cell-2,1,42.0,15.0,4219.635748809432,1478.5655098336135
SYNTH-42-15-1-Topic-7-Cell-3,1,42.0,15.0,4159.047797432964,1503.5940374105542
SYNTH-42-15-1-Topic-8-Cell-4,1,42.0,15.0,4239.956832412776,1530.634156484835
SYNTH-42-15-1-Topic-8-Cell-5,1,42.0,15.0,4189.8734502809575,1442.750956420323
SYNTH-42-16-1-Topic-8-Cell-1,1,42.0,16.0,4200.0,1600.0
SYNTH-42-16-1-Topic-8-Cell-2,1,42.0,16.0,4221.953434563499,1576.0355114624547
SYNTH-42-16-1-Topic-8-Cell-3,1,42.0,16.0,4154.214045615883,1604.0182559818381
SYNTH-42-16-1-Topic-8-Cell-4,1,42.0,16.0,4244.673096720267,1634.2500281667287
SYNTH-42-17-1-Topic-2-Cell-1,1,42.0,17.0,4200.0,1700.0
SYNTH-42-17-1-Topic-8-Cell-2,1,42.0,17.0,4219.635748809432,1678.5655098336135
SYNTH-42-17-1-Topic-8-Cell-3,1,42.0,17.0,4159.047797432964,1703.5940374105542
SYNTH-42-17-1-Topic-9-Cell-4,1,42.0,17.0,4239.956832412776,1730.634156484835
SYNTH-42-17-1-Topic-9-Cell-5,1,42.0,17.0,4189.8734502809575,1642.750956420323
SYNTH-42-18-1-Topic-7-Cell-1,1,42.0,18.0,4200.0,1800.0
SYNTH-42-18-1-Topic-8-Cell-2,1,42.0,18.0,4219.635748809432,1778.5655098336135
SYNTH-42-18-1-Topic-8-Cell-3,1,42.0,18.0,4159.047797432964,1803.5940374105542
SYNTH-42-18-1-Topic-8-Cell-4,1,42.0,18.0,4239.956832412776,1830.634156484835
SYNTH-42-18-1-Topic-8-Cell-5,1,42.0,18.0,4189.8734502809575,1742.750956420323
SYNTH-42-19-1-Topic-0-Cell-1,1,42.0,19.0,4200.0,1900.0
SYNTH-42-19-1-Topic-7-Cell-2,1,42.0,19.0,4219.635748809432,1878.5655098336135
SYNTH-42-19-1-Topic-8-Cell-3,1,42.0,19.0,4159.047797432964,1903.5940374105542
SYNTH-42-19-1-Topic-8-Cell-4,1,42.0,19.0,4239.956832412776,1930.634156484835
SYNTH-42-19-1-Topic-8-Cell-5,1,42.0,19.0,4189.8734502809575,1842.750956420323
SYNTH-42-20-1-Topic-0-Cell-1,1,42.0,20.0,4200.0,2000.0
SYNTH-42-20-1-Topic-4-Cell-2,1,42.0,20.0,4219.635748809432,1978.5655098336135
SYNTH-42-20-1-Topic-7-Cell-3,1,42.0,20.0,4159.047797432964,2003.5940374105542
SYNTH-42-20-1-Topic-8-Cell-4,1,42.0,20.0,4239.956832412776,2030.634156484835
SYNTH-42-20-1-Topic-9-Cell-5,1,42.0,20.0,4189.8734502809575,1942.750956420323
SYNTH-42-21-1-Topic-0-Cell-1,1,42.0,21.0,4200.0,2100.0
SYNTH-42-21-1-Topic-0-Cell-2,1,42.0,21.0,4219.635748809432,2078.5655098336138
SYNTH-42-21-1-Topic-7-Cell-3,1,42.0,21.0,4159.047797432964,2103.594037410554
SYNTH-42-21-1-Topic-8-Cell-4,1,42.0,21.0,4239.956832412776,2130.634156484835
SYNTH-42-21-1-Topic-8-Cell-5,1,42.0,21.0,4189.8734502809575,2042.750956420323
SYNTH-42-22-1-Topic-0-Cell-1,1,42.0,22.0,4200.0,2200.0
SYNTH-42-22-1-Topic-0-Cell-2,1,42.0,22.0,4219.635748809432,2178.5655098336138
SYNTH-42-22-1-Topic-0-Cell-3,1,42.0,22.0,4159.047797432964,2203.594037410554
SYNTH-42-22-1-Topic-7-Cell-4,1,42.0,22.0,4239.956832412776,2230.634156484835
SYNTH-42-22-1-Topic-7-Cell-5,1,42.0,22.0,4189.8734502809575,2142.750956420323
SYNTH-42-23-1-Topic-8-Cell-1,1,42.0,23.0,4200.0,2300.0
SYNTH-42-24-1-Topic-7-Cell-1,1,42.0,24.0,4200.0,2400.0
SYNTH-42-24-1-Topic-7-Cell-2,1,42.0,24.0,4221.953434563499,2376.0355114624545
SYNTH-42-24-1-Topic-8-Cell-3,1,42.0,24.0,4154.214045615883,2404.018255981838
SYNTH-42-24-1-Topic-8-Cell-4,1,42.0,24.0,4244.673096720267,2434.2500281667285
SYNTH-42-25-1-Topic-0-Cell-1,1,42.0,25.0,4200.0,2500.0
SYNTH-42-25-1-Topic-0-Cell-2,1,42.0,25.0,4219.635748809432,2478.5655098336138
SYNTH-42-25-1-Topic-8-Cell-3,1,42.0,25.0,4159.047797432964,2503.594037410554
SYNTH-42-25-1-Topic-8-Cell-4,1,42.0,25.0,4239.956832412776,2530.634156484835
SYNTH-42-25-1-Topic-8-Cell-5,1,42.0,25.0,4189.8734502809575,2442.750956420323
SYNTH-42-26-1-Topic-4-Cell-1,1,42.0,26.0,4200.0,2600.0
SYNTH-42-26-1-Topic-4-Cell-2,1,42.0,26.0,4219.635748809432,2578.5655098336138
SYNTH-42-26-1-Topic-4-Cell-3,1,42.0,26.0,4159.047797432964,2603.594037410554
SYNTH-42-26-1-Topic-8-Cell-4,1,42.0,26.0,4239.956832412776,2630.634156484835
SYNTH-42-26-1-Topic-8-Cell-5,1,42.0,26.0,4189.8734502809575,2542.750956420323
SYNTH-42-27-1-Topic-0-Cell-1,1,42.0,27.0,4200.0,2700.0
SYNTH-42-27-1-Topic-4-Cell-2,1,42.0,27.0,4221.953434563499,2676.0355114624545
SYNTH-42-27-1-Topic-8-Cell-3,1,42.0,27.0,4154.214045615883,2704.018255981838
SYNTH-42-27-1-Topic-10-Cell-4,1,42.0,27.0,4244.673096720267,2734.2500281667285
SYNTH-42-28-1-Topic-8-Cell-1,1,42.0,28.0,4200.0,2800.0
SYNTH-42-28-1-Topic-8-Cell-2,1,42.0,28.0,4219.635748809432,2778.5655098336138
SYNTH-42-28-1-Topic-8-Cell-3,1,42.0,28.0,4159.047797432964,2803.594037410554
SYNTH-42-28-1-Topic-9-Cell-4,1,42.0,28.0,4239.956832412776,2830.634156484835
SYNTH-42-28-1-Topic-10-Cell-5,1,42.0,28.0,4189.8734502809575,2742.750956420323
SYNTH-42-29-1-Topic-0-Cell-1,1,42.0,29.0,4200.0,2900.0
SYNTH-42-29-1-Topic-8-Cell-2,1,42.0,29.0,4219.635748809432,2878.5655098336138
SYNTH-42-29-1-Topic-8-Cell-3,1,42.0,29.0,4159.047797432964,2903.594037410554
SYNTH-42-29-1-Topic-8-Cell-4,1,42.0,29.0,4239.956832412776,2930.634156484835
SYNTH-42-29-1-Topic-10-Cell-5,1,42.0,29.0,4189.8734502809575,2842.750956420323
SYNTH-42-30-1-Topic-7-Cell-1,1,42.0,30.0,4200.0,3000.0
SYNTH-42-30-1-Topic-8-Cell-2,1,42.0,30.0,4219.635748809432,2978.5655098336138
SYNTH-42-30-1-Topic-8-Cell-3,1,42.0,30.0,4159.047797432964,3003.594037410554
SYNTH-42-30-1-Topic-8-Cell-4,1,42.0,30.0,4239.956832412776,3030.634156484835
SYNTH-42-30-1-Topic-9-Cell-5,1,42.0,30.0,4189.8734502809575,2942.750956420323
SYNTH-42-31-1-Topic-0-Cell-1,1,42.0,31.0,4200.0,3100.0
SYNTH-42-31-1-Topic-0-Cell-2,1,42.0,31.0,4221.953434563499,3076.0355114624545
SYNTH-42-31-1-Topic-0-Cell-3,1,42.0,31.0,4154.214045615883,3104.018255981838
SYNTH-42-31-1-Topic-4-Cell-4,1,42.0,31.0,4244.673096720267,3134.2500281667285
SYNTH-42-32-1-Topic-0-Cell-1,1,42.0,32.0,4200.0,3200.0
SYNTH-42-32-1-Topic-1-Cell-2,1,42.0,32.0,4219.635748809432,3178.5655098336138
SYNTH-42-32-1-Topic-8-Cell-3,1,42.0,32.0,4159.047797432964,3203.594037410554
SYNTH-42-32-1-Topic-8-Cell-4,1,42.0,32.0,4239.956832412776,3230.634156484835
SYNTH-42-32-1-Topic-8-Cell-5,1,42.0,32.0,4189.8734502809575,3142.750956420323
SYNTH-42-33-1-Topic-0-Cell-1,1,42.0,33.0,4200.0,3300.0
SYNTH-42-33-1-Topic-0-Cell-2,1,42.0,33.0,4217.924904260718,3280.4330770454126
SYNTH-42-33-1-Topic-0-Cell-3,1,42.0,33.0,4162.615924790855,3303.2808922704635
SYNTH-42-33-1-Topic-0-Cell-4,1,42.0,33.0,4236.475430731552,3327.965030894812
SYNTH-42-33-1-Topic-0-Cell-5,1,42.0,33.0,4190.755767148638,3247.7390123930245
SYNTH-42-33-1-Topic-0-Cell-6,1,42.0,33.0,4168.152376652497,3350.065579198177
SYNTH-42-34-1-Topic-4-Cell-1,1,42.0,34.0,4200.0,3400.0
SYNTH-42-34-1-Topic-7-Cell-2,1,42.0,34.0,4221.953434563499,3376.0355114624545
SYNTH-42-34-1-Topic-7-Cell-3,1,42.0,34.0,4154.214045615883,3404.018255981838
SYNTH-42-34-1-Topic-10-Cell-4,1,42.0,34.0,4244.673096720267,3434.2500281667285
SYNTH-42-35-1-Topic-0-Cell-1,1,42.0,35.0,4200.0,3500.0
SYNTH-42-35-1-Topic-7-Cell-2,1,42.0,35.0,4217.924904260718,3480.4330770454126
SYNTH-42-35-1-Topic-8-Cell-3,1,42.0,35.0,4162.615924790855,3503.2808922704635
SYNTH-42-35-1-Topic-8-Cell-4,1,42.0,35.0,4236.475430731552,3527.965030894812
SYNTH-42-35-1-Topic-9-Cell-5,1,42.0,35.0,4190.755767148638,3447.7390123930245
SYNTH-42-35-1-Topic-9-Cell-6,1,42.0,35.0,4168.152376652497,3550.065579198177
SYNTH-42-36-1-Topic-4-Cell-1,1,42.0,36.0,4200.0,3600.0
SYNTH-42-36-1-Topic-7-Cell-2,1,42.0,36.0,4221.953434563499,3576.0355114624545
SYNTH-42-36-1-Topic-7-Cell-3,1,42.0,36.0,4154.214045615883,3604.018255981838
SYNTH-42-36-1-Topic-7-Cell-4,1,42.0,36.0,4244.673096720267,3634.2500281667285
SYNTH-42-37-1-Topic-4-Cell-1,1,42.0,37.0,4200.0,3700.0
SYNTH-42-37-1-Topic-8-Cell-2,1,42.0,37.0,4219.635748809432,3678.5655098336138
SYNTH-42-37-1-Topic-10-Cell-3,1,42.0,37.0,4159.047797432964,3703.594037410554
SYNTH-42-37-1-Topic-10-Cell-4,1,42.0,37.0,4239.956832412776,3730.634156484835
SYNTH-42-37-1-Topic-10-Cell-5,1,42.0,37.0,4189.8734502809575,3642.750956420323
SYNTH-42-38-1-Topic-7-Cell-1,1,42.0,38.0,4200.0,3800.0
SYNTH-42-38-1-Topic-7-Cell-2,1,42.0,38.0,4217.924904260718,3780.4330770454126
SYNTH-42-38-1-Topic-8-Cell-3,1,42.0,38.0,4162.615924790855,3803.2808922704635
SYNTH-42-38-1-Topic-8-Cell-4,1,42.0,38.0,4236.475430731552,3827.965030894812
SYNTH-42-38-1-Topic-8-Cell-5,1,42.0,38.0,4190.755767148638,3747.7390123930245
SYNTH-42-38-1-Topic-8-Cell-6,1,42.0,38.0,4168.152376652497,3850.065579198177
SYNTH-42-39-1-Topic-8-Cell-1,1,42.0,39.0,4200.0,3900.0
SYNTH-42-39-1-Topic-8-Cell-2,1,42.0,39.0,4219.635748809432,3878.5655098336138
SYNTH-42-39-1-Topic-8-Cell-3,1,42.0,39.0,4159.047797432964,3903.594037410554
SYNTH-42-39-1-Topic-8-Cell-4,1,42.0,39.0,4239.956832412776,3930.634156484835
SYNTH-42-39-1-Topic-8-Cell-5,1,42.0,39.0,4189.8734502809575,3842.750956420323
SYNTH-42-40-1-Topic-7-Cell-1,1,42.0,40.0,4200.0,4000.0
SYNTH-42-40-1-Topic-8-Cell-2,1,42.0,40.0,4219.635748809432,3978.5655098336138
SYNTH-42-40-1-Topic-8-Cell-3,1,42.0,40.0,4159.047797432964,4003.594037410554
SYNTH-42-40-1-Topic-8-Cell-4,1,42.0,40.0,4239.956832412776,4030.634156484835
SYNTH-42-40-1-Topic-8-Cell-5,1,42.0,40.0,4189.8734502809575,3942.750956420323
SYNTH-42-41-1-Topic-0-Cell-1,1,42.0,41.0,4200.0,4100.0
SYNTH-42-41-1-Topic-8-Cell-2,1,42.0,41.0,4217.924904260718,4080.4330770454126
SYNTH-42-41-1-Topic-8-Cell-3,1,42.0,41.0,4162.615924790855,4103.2808922704635
SYNTH-42-41-1-Topic-8-Cell-4,1,42.0,41.0,4236.475430731552,4127.965030894812
SYNTH-42-41-1-Topic-8-Cell-5,1,42.0,41.0,4190.755767148638,4047.7390123930245
SYNTH-42-41-1-Topic-8-Cell-6,1,42.0,41.0,4168.152376652497,4150.065579198177
SYNTH-42-42-1-Topic-0-Cell-1,1,42.0,42.0,4200.0,4200.0
SYNTH-42-42-1-Topic-8-Cell-2,1,42.0,42.0,4217.924904260718,4180.433077045413
SYNTH-42-42-1-Topic-8-Cell-3,1,42.0,42.0,4162.615924790855,4203.2808922704635
SYNTH-42-42-1-Topic-8-Cell-4,1,42.0,42.0,4236.475430731552,4227.965030894812
SYNTH-42-42-1-Topic-8-Cell-5,1,42.0,42.0,4190.755767148638,4147.7390123930245
SYNTH-42-42-1-Topic-8-Cell-6,1,42.0,42.0,4168.152376652497,4250.065579198177
SYNTH-42-43-1-Topic-0-Cell-1,1,42.0,43.0,4200.0,4300.0
SYNTH-42-43-1-Topic-7-Cell-2,1,42.0,43.0,4217.924904260718,4280.433077045413
SYNTH-42-43-1-Topic-8-Cell-3,1,42.0,43.0,4162.615924790855,4303.2808922704635
SYNTH-42-43-1-Topic-8-Cell-4,1,42.0,43.0,4236.475430731552,4327.965030894812
SYNTH-42-43-1-Topic-8-Cell-5,1,42.0,43.0,4190.755767148638,4247.7390123930245
SYNTH-42-43-1-Topic-8-Cell-6,1,42.0,43.0,4168.152376652497,4350.065579198177
SYNTH-42-44-1-Topic-7-Cell-1,1,42.0,44.0,4200.0,4400.0
SYNTH-42-44-1-Topic-7-Cell-2,1,42.0,44.0,4221.953434563499,4376.035511462454
SYNTH-42-44-1-Topic-7-Cell-3,1,42.0,44.0,4154.214045615883,4404.018255981839
SYNTH-42-44-1-Topic-9-Cell-4,1,42.0,44.0,4244.673096720267,4434.250028166729
SYNTH-42-45-1-Topic-9-Cell-1,1,42.0,45.0,4200.0,4500.0
SYNTH-42-45-1-Topic-9-Cell-2,1,42.0,45.0,4225.349642709746,4472.328192183713
SYNTH-42-45-1-Topic-9-Cell-3,1,42.0,45.0,4147.130933822453,4504.639882345574
SYNTH-42-46-1-Topic-0-Cell-1,1,42.0,46.0,4200.0,4600.0
SYNTH-42-46-1-Topic-4-Cell-2,1,42.0,46.0,4219.635748809432,4578.565509833614
SYNTH-42-46-1-Topic-4-Cell-3,1,42.0,46.0,4159.047797432964,4603.594037410554
SYNTH-42-46-1-Topic-8-Cell-4,1,42.0,46.0,4239.956832412776,4630.634156484835
SYNTH-42-46-1-Topic-8-Cell-5,1,42.0,46.0,4189.8734502809575,4542.750956420323
SYNTH-42-47-1-Topic-0-Cell-1,1,42.0,47.0,4200.0,4700.0
SYNTH-42-47-1-Topic-0-Cell-2,1,42.0,47.0,4217.924904260718,4680.433077045413
SYNTH-42-47-1-Topic-8-Cell-3,1,42.0,47.0,4162.615924790855,4703.2808922704635
SYNTH-42-47-1-Topic-8-Cell-4,1,42.0,47.0,4236.475430731552,4727.965030894812
SYNTH-42-47-1-Topic-8-Cell-5,1,42.0,47.0,4190.755767148638,4647.7390123930245
SYNTH-42-47-1-Topic-8-Cell-6,1,42.0,47.0,4168.152376652497,4750.065579198177
SYNTH-42-48-1-Topic-0-Cell-1,1,42.0,48.0,4200.0,4800.0
SYNTH-42-48-1-Topic-8-Cell-2,1,42.0,48.0,4221.953434563499,4776.035511462454
SYNTH-42-48-1-Topic-8-Cell-3,1,42.0,48.0,4154.214045615883,4804.018255981839
SYNTH-42-48-1-Topic-8-Cell-4,1,42.0,48.0,4244.673096720267,4834.250028166729
SYNTH-42-49-1-Topic-0-Cell-1,1,42.0,49.0,4200.0,4900.0
SYNTH-42-49-1-Topic-8-Cell-2,1,42.0,49.0,4219.635748809432,4878.565509833614
SYNTH-42-49-1-Topic-8-Cell-3,1,42.0,49.0,4159.047797432964,4903.594037410554
SYNTH-42-49-1-Topic-8-Cell-4,1,42.0,49.0,4239.956832412776,4930.634156484835
SYNTH-42-49-1-Topic-9-Cell-5,1,42.0,49.0,4189.8734502809575,4842.750956420323
SYNTH-42-50-1-Topic-6-Cell-1,1,42.0,50.0,4200.0,5000.0
SYNTH-42-50-1-Topic-6-Cell-2,1,42.0,50.0,4225.349642709746,4972.328192183713
SYNTH-42-50-1-Topic-6-Cell-3,1,42.0,50.0,4147.130933822453,5004.639882345574
SYNTH-43-1-1-Topic-10-Cell-1,1,43.0,1.0,4300.0,150.0
SYNTH-43-1-1-Topic-10-Cell-2,1,43.0,1.0,4317.924904260718,130.43307704541252
SYNTH-43-1-1-Topic-10-Cell-3,1,43.0,1.0,4262.615924790855,153.28089227046326
SYNTH-43-1-1-Topic-10-Cell-4,1,43.0,1.0,4336.475430731552,177.96503089481223
SYNTH-43-1-1-Topic-10-Cell-5,1,43.0,1.0,4290.755767148638,97.73901239302431
SYNTH-43-1-1-Topic-10-Cell-6,1,43.0,1.0,4268.152376652497,200.06557919817692
SYNTH-43-2-1-Topic-0-Cell-1,1,43.0,2.0,4300.0,250.0
SYNTH-43-2-1-Topic-7-Cell-2,1,43.0,2.0,4319.635748809432,228.5655098336136
SYNTH-43-2-1-Topic-8-Cell-3,1,43.0,2.0,4259.047797432964,253.59403741055414
SYNTH-43-2-1-Topic-8-Cell-4,1,43.0,2.0,4339.956832412776,280.6341564848351
SYNTH-43-2-1-Topic-8-Cell-5,1,43.0,2.0,4289.8734502809575,192.75095642032298
SYNTH-43-3-1-Topic-8-Cell-1,1,43.0,3.0,4300.0,350.0
SYNTH-43-3-1-Topic-10-Cell-2,1,43.0,3.0,4321.953434563499,326.0355114624546
SYNTH-43-3-1-Topic-10-Cell-3,1,43.0,3.0,4254.214045615883,354.0182559818382
SYNTH-43-3-1-Topic-10-Cell-4,1,43.0,3.0,4344.673096720267,384.2500281667286
SYNTH-43-4-1-Topic-7-Cell-1,1,43.0,4.0,4300.0,450.0
SYNTH-43-4-1-Topic-8-Cell-2,1,43.0,4.0,4317.924904260718,430.4330770454125
SYNTH-43-4-1-Topic-8-Cell-3,1,43.0,4.0,4262.615924790855,453.28089227046326
SYNTH-43-4-1-Topic-8-Cell-4,1,43.0,4.0,4336.475430731552,477.96503089481223
SYNTH-43-4-1-Topic-8-Cell-5,1,43.0,4.0,4290.755767148638,397.7390123930243
SYNTH-43-4-1-Topic-8-Cell-6,1,43.0,4.0,4268.152376652497,500.0655791981769
SYNTH-43-5-1-Topic-7-Cell-1,1,43.0,5.0,4300.0,550.0
SYNTH-43-5-1-Topic-7-Cell-2,1,43.0,5.0,4319.635748809432,528.5655098336136
SYNTH-43-5-1-Topic-7-Cell-3,1,43.0,5.0,4259.047797432964,553.5940374105542
SYNTH-43-5-1-Topic-8-Cell-4,1,43.0,5.0,4339.956832412776,580.6341564848351
SYNTH-43-5-1-Topic-8-Cell-5,1,43.0,5.0,4289.8734502809575,492.75095642032295
SYNTH-43-6-1-Topic-0-Cell-1,1,43.0,6.0,4300.0,650.0
SYNTH-43-6-1-Topic-8-Cell-2,1,43.0,6.0,4319.635748809432,628.5655098336136
SYNTH-43-6-1-Topic-8-Cell-3,1,43.0,6.0,4259.047797432964,653.5940374105542
SYNTH-43-6-1-Topic-8-Cell-4,1,43.0,6.0,4339.956832412776,680.6341564848351
SYNTH-43-6-1-Topic-8-Cell-5,1,43.0,6.0,4289.8734502809575,592.750956420323
SYNTH-43-7-1-Topic-0-Cell-1,1,43.0,7.0,4300.0,750.0
SYNTH-43-7-1-Topic-7-Cell-2,1,43.0,7.0,4321.953434563499,726.0355114624546
SYNTH-43-7-1-Topic-7-Cell-3,1,43.0,7.0,4254.214045615883,754.0182559818381
SYNTH-43-7-1-Topic-8-Cell-4,1,43.0,7.0,4344.673096720267,784.2500281667286
SYNTH-43-8-1-Topic-7-Cell-1,1,43.0,8.0,4300.0,850.0
SYNTH-43-8-1-Topic-7-Cell-2,1,43.0,8.0,4321.953434563499,826.0355114624546
SYNTH-43-8-1-Topic-8-Cell-3,1,43.0,8.0,4254.214045615883,854.0182559818381
SYNTH-43-8-1-Topic-8-Cell-4,1,43.0,8.0,4344.673096720267,884.2500281667286
SYNTH-43-9-1-Topic-0-Cell-1,1,43.0,9.0,4300.0,950.0
SYNTH-43-9-1-Topic-0-Cell-2,1,43.0,9.0,4317.924904260718,930.4330770454125
SYNTH-43-9-1-Topic-0-Cell-3,1,43.0,9.0,4262.615924790855,953.2808922704633
SYNTH-43-9-1-Topic-0-Cell-4,1,43.0,9.0,4336.475430731552,977.9650308948122
SYNTH-43-9-1-Topic-4-Cell-5,1,43.0,9.0,4290.755767148638,897.7390123930243
SYNTH-43-9-1-Topic-8-Cell-6,1,43.0,9.0,4268.152376652497,1000.0655791981769
SYNTH-43-10-1-Topic-0-Cell-1,1,43.0,10.0,4300.0,1050.0
SYNTH-43-10-1-Topic-0-Cell-2,1,43.0,10.0,4319.635748809432,1028.5655098336135
SYNTH-43-10-1-Topic-0-Cell-3,1,43.0,10.0,4259.047797432964,1053.5940374105542
SYNTH-43-10-1-Topic-8-Cell-4,1,43.0,10.0,4339.956832412776,1080.634156484835
SYNTH-43-10-1-Topic-8-Cell-5,1,43.0,10.0,4289.8734502809575,992.750956420323
SYNTH-43-11-1-Topic-0-Cell-1,1,43.0,11.0,4300.0,1150.0
SYNTH-43-11-1-Topic-0-Cell-2,1,43.0,11.0,4319.635748809432,1128.5655098336135
SYNTH-43-11-1-Topic-8-Cell-3,1,43.0,11.0,4259.047797432964,1153.5940374105542
SYNTH-43-11-1-Topic-8-Cell-4,1,43.0,11.0,4339.956832412776,1180.634156484835
SYNTH-43-11-1-Topic-8-Cell-5,1,43.0,11.0,4289.8734502809575,1092.750956420323
SYNTH-43-12-1-Topic-7-Cell-1,1,43.0,12.0,4300.0,1250.0
SYNTH-43-12-1-Topic-10-Cell-2,1,43.0,12.0,4319.635748809432,1228.5655098336135
SYNTH-43-12-1-Topic-10-Cell-3,1,43.0,12.0,4259.047797432964,1253.5940374105542
SYNTH-43-12-1-Topic-10-Cell-4,1,43.0,12.0,4339.956832412776,1280.634156484835
SYNTH-43-12-1-Topic-10-Cell-5,1,43.0,12.0,4289.8734502809575,1192.750956420323
SYNTH-43-13-1-Topic-8-Cell-1,1,43.0,13.0,4300.0,1350.0
SYNTH-43-13-1-Topic-8-Cell-2,1,43.0,13.0,4319.635748809432,1328.5655098336135
SYNTH-43-13-1-Topic-9-Cell-3,1,43.0,13.0,4259.047797432964,1353.5940374105542
SYNTH-43-13-1-Topic-9-Cell-4,1,43.0,13.0,4339.956832412776,1380.634156484835
SYNTH-43-13-1-Topic-9-Cell-5,1,43.0,13.0,4289.8734502809575,1292.750956420323
SYNTH-43-14-1-Topic-0-Cell-1,1,43.0,14.0,4300.0,1450.0
SYNTH-43-14-1-Topic-0-Cell-2,1,43.0,14.0,4317.924904260718,1430.4330770454126
SYNTH-43-14-1-Topic-8-Cell-3,1,43.0,14.0,4262.615924790855,1453.2808922704633
SYNTH-43-14-1-Topic-8-Cell-4,1,43.0,14.0,4336.475430731552,1477.9650308948123
SYNTH-43-14-1-Topic-8-Cell-5,1,43.0,14.0,4290.755767148638,1397.7390123930243
SYNTH-43-14-1-Topic-8-Cell-6,1,43.0,14.0,4268.152376652497,1500.065579198177
SYNTH-43-15-1-Topic-0-Cell-1,1,43.0,15.0,4300.0,1550.0
SYNTH-43-15-1-Topic-4-Cell-2,1,43.0,15.0,4321.953434563499,1526.0355114624547
SYNTH-43-15-1-Topic-7-Cell-3,1,43.0,15.0,4254.214045615883,1554.0182559818381
SYNTH-43-15-1-Topic-7-Cell-4,1,43.0,15.0,4344.673096720267,1584.2500281667287
SYNTH-43-16-1-Topic-7-Cell-1,1,43.0,16.0,4300.0,1650.0
SYNTH-43-16-1-Topic-7-Cell-2,1,43.0,16.0,4319.635748809432,1628.5655098336135
SYNTH-43-16-1-Topic-8-Cell-3,1,43.0,16.0,4259.047797432964,1653.5940374105542
SYNTH-43-16-1-Topic-8-Cell-4,1,43.0,16.0,4339.956832412776,1680.634156484835
SYNTH-43-16-1-Topic-8-Cell-5,1,43.0,16.0,4289.8734502809575,1592.750956420323
SYNTH-43-17-1-Topic-8-Cell-1,1,43.0,17.0,4300.0,1750.0
SYNTH-43-17-1-Topic-8-Cell-2,1,43.0,17.0,4319.635748809432,1728.5655098336135
SYNTH-43-17-1-Topic-8-Cell-3,1,43.0,17.0,4259.047797432964,1753.5940374105542
SYNTH-43-17-1-Topic-8-Cell-4,1,43.0,17.0,4339.956832412776,1780.634156484835
SYNTH-43-17-1-Topic-8-Cell-5,1,43.0,17.0,4289.8734502809575,1692.750956420323
SYNTH-43-18-1-Topic-2-Cell-1,1,43.0,18.0,4300.0,1850.0
SYNTH-43-18-1-Topic-2-Cell-2,1,43.0,18.0,4319.635748809432,1828.5655098336135
SYNTH-43-18-1-Topic-2-Cell-3,1,43.0,18.0,4259.047797432964,1853.5940374105542
SYNTH-43-18-1-Topic-2-Cell-4,1,43.0,18.0,4339.956832412776,1880.634156484835
SYNTH-43-18-1-Topic-2-Cell-5,1,43.0,18.0,4289.8734502809575,1792.750956420323
SYNTH-43-19-1-Topic-7-Cell-1,1,43.0,19.0,4300.0,1950.0
SYNTH-43-19-1-Topic-7-Cell-2,1,43.0,19.0,4319.635748809432,1928.5655098336135
SYNTH-43-19-1-Topic-8-Cell-3,1,43.0,19.0,4259.047797432964,1953.5940374105542
SYNTH-43-19-1-Topic-8-Cell-4,1,43.0,19.0,4339.956832412776,1980.634156484835
SYNTH-43-19-1-Topic-8-Cell-5,1,43.0,19.0,4289.8734502809575,1892.750956420323
SYNTH-43-20-1-Topic-0-Cell-1,1,43.0,20.0,4300.0,2050.0
SYNTH-43-20-1-Topic-0-Cell-2,1,43.0,20.0,4316.595236651071,2031.884549437942
SYNTH-43-20-1-Topic-0-Cell-3,1,43.0,20.0,4265.389071759965,2053.0375160091835
SYNTH-43-20-1-Topic-8-Cell-4,1,43.0,20.0,4333.769686919131,2075.8905876931776
SYNTH-43-20-1-Topic-8-Cell-5,1,43.0,20.0,4291.441503419232,2001.6157272394978
SYNTH-43-20-1-Topic-8-Cell-6,1,43.0,20.0,4270.514830174896,2096.3517195284267
SYNTH-43-20-1-Topic-8-Cell-7,1,43.0,20.0,4358.115097723178,2034.3774525747567
SYNTH-43-21-1-Topic-0-Cell-1,1,43.0,21.0,4300.0,2150.0
SYNTH-43-21-1-Topic-0-Cell-2,1,43.0,21.0,4317.924904260718,2130.4330770454126
SYNTH-43-21-1-Topic-0-Cell-3,1,43.0,21.0,4262.615924790855,2153.2808922704635
SYNTH-43-21-1-Topic-8-Cell-4,1,43.0,21.0,4336.475430731552,2177.965030894812
SYNTH-43-21-1-Topic-8-Cell-5,1,43.0,21.0,4290.755767148638,2097.7390123930245
SYNTH-43-21-1-Topic-8-Cell-6,1,43.0,21.0,4268.152376652497,2200.065579198177
SYNTH-43-22-1-Topic-0-Cell-1,1,43.0,22.0,4300.0,2250.0
SYNTH-43-22-1-Topic-0-Cell-2,1,43.0,22.0,4319.635748809432,2228.5655098336138
SYNTH-43-22-1-Topic-0-Cell-3,1,43.0,22.0,4259.047797432964,2253.594037410554
SYNTH-43-22-1-Topic-7-Cell-4,1,43.0,22.0,4339.956832412776,2280.634156484835
SYNTH-43-22-1-Topic-8-Cell-5,1,43.0,22.0,4289.8734502809575,2192.750956420323
SYNTH-43-23-1-Topic-0-Cell-1,1,43.0,23.0,4300.0,2350.0
SYNTH-43-23-1-Topic-0-Cell-2,1,43.0,23.0,4317.924904260718,2330.4330770454126
SYNTH-43-23-1-Topic-0-Cell-3,1,43.0,23.0,4262.615924790855,2353.2808922704635
SYNTH-43-23-1-Topic-0-Cell-4,1,43.0,23.0,4336.475430731552,2377.965030894812
SYNTH-43-23-1-Topic-8-Cell-5,1,43.0,23.0,4290.755767148638,2297.7390123930245
SYNTH-43-23-1-Topic-8-Cell-6,1,43.0,23.0,4268.152376652497,2400.065579198177
SYNTH-43-24-1-Topic-7-Cell-1,1,43.0,24.0,4300.0,2450.0
SYNTH-43-24-1-Topic-7-Cell-2,1,43.0,24.0,4321.953434563499,2426.0355114624545
SYNTH-43-24-1-Topic-7-Cell-3,1,43.0,24.0,4254.214045615883,2454.018255981838
SYNTH-43-24-1-Topic-7-Cell-4,1,43.0,24.0,4344.673096720267,2484.2500281667285
SYNTH-43-25-1-Topic-8-Cell-1,1,43.0,25.0,4300.0,2550.0
SYNTH-43-25-1-Topic-8-Cell-2,1,43.0,25.0,4319.635748809432,2528.5655098336138
SYNTH-43-25-1-Topic-10-Cell-3,1,43.0,25.0,4259.047797432964,2553.594037410554
SYNTH-43-25-1-Topic-10-Cell-4,1,43.0,25.0,4339.956832412776,2580.634156484835
SYNTH-43-25-1-Topic-10-Cell-5,1,43.0,25.0,4289.8734502809575,2492.750956420323
SYNTH-43-26-1-Topic-0-Cell-1,1,43.0,26.0,4300.0,2650.0
SYNTH-43-26-1-Topic-0-Cell-2,1,43.0,26.0,4317.924904260718,2630.4330770454126
SYNTH-43-26-1-Topic-0-Cell-3,1,43.0,26.0,4262.615924790855,2653.2808922704635
SYNTH-43-26-1-Topic-8-Cell-4,1,43.0,26.0,4336.475430731552,2677.965030894812
SYNTH-43-26-1-Topic-8-Cell-5,1,43.0,26.0,4290.755767148638,2597.7390123930245
SYNTH-43-26-1-Topic-10-Cell-6,1,43.0,26.0,4268.152376652497,2700.065579198177
SYNTH-43-27-1-Topic-0-Cell-1,1,43.0,27.0,4300.0,2750.0
SYNTH-43-27-1-Topic-0-Cell-2,1,43.0,27.0,4319.635748809432,2728.5655098336138
SYNTH-43-27-1-Topic-8-Cell-3,1,43.0,27.0,4259.047797432964,2753.594037410554
SYNTH-43-27-1-Topic-8-Cell-4,1,43.0,27.0,4339.956832412776,2780.634156484835
SYNTH-43-27-1-Topic-8-Cell-5,1,43.0,27.0,4289.8734502809575,2692.750956420323
SYNTH-43-28-1-Topic-0-Cell-1,1,43.0,28.0,4300.0,2850.0
SYNTH-43-28-1-Topic-4-Cell-2,1,43.0,28.0,4321.953434563499,2826.0355114624545
SYNTH-43-28-1-Topic-4-Cell-3,1,43.0,28.0,4254.214045615883,2854.018255981838
SYNTH-43-28-1-Topic-4-Cell-4,1,43.0,28.0,4344.673096720267,2884.2500281667285
SYNTH-43-29-1-Topic-8-Cell-1,1,43.0,29.0,4300.0,2950.0
SYNTH-43-29-1-Topic-8-Cell-2,1,43.0,29.0,4319.635748809432,2928.5655098336138
SYNTH-43-29-1-Topic-8-Cell-3,1,43.0,29.0,4259.047797432964,2953.594037410554
SYNTH-43-29-1-Topic-8-Cell-4,1,43.0,29.0,4339.956832412776,2980.634156484835
SYNTH-43-29-1-Topic-8-Cell-5,1,43.0,29.0,4289.8734502809575,2892.750956420323
SYNTH-43-30-1-Topic-7-Cell-1,1,43.0,30.0,4300.0,3050.0
SYNTH-43-30-1-Topic-8-Cell-2,1,43.0,30.0,4319.635748809432,3028.5655098336138
SYNTH-43-30-1-Topic-8-Cell-3,1,43.0,30.0,4259.047797432964,3053.594037410554
SYNTH-43-30-1-Topic-8-Cell-4,1,43.0,30.0,4339.956832412776,3080.634156484835
SYNTH-43-30-1-Topic-8-Cell-5,1,43.0,30.0,4289.8734502809575,2992.750956420323
SYNTH-43-31-1-Topic-0-Cell-1,1,43.0,31.0,4300.0,3150.0
SYNTH-43-31-1-Topic-8-Cell-2,1,43.0,31.0,4319.635748809432,3128.5655098336138
SYNTH-43-31-1-Topic-8-Cell-3,1,43.0,31.0,4259.047797432964,3153.594037410554
SYNTH-43-31-1-Topic-8-Cell-4,1,43.0,31.0,4339.956832412776,3180.634156484835
SYNTH-43-31-1-Topic-8-Cell-5,1,43.0,31.0,4289.8734502809575,3092.750956420323
SYNTH-43-32-1-Topic-7-Cell-1,1,43.0,32.0,4300.0,3250.0
SYNTH-43-32-1-Topic-8-Cell-2,1,43.0,32.0,4319.635748809432,3228.5655098336138
SYNTH-43-32-1-Topic-8-Cell-3,1,43.0,32.0,4259.047797432964,3253.594037410554
SYNTH-43-32-1-Topic-9-Cell-4,1,43.0,32.0,4339.956832412776,3280.634156484835
SYNTH-43-32-1-Topic-9-Cell-5,1,43.0,32.0,4289.8734502809575,3192.750956420323
SYNTH-43-33-1-Topic-8-Cell-1,1,43.0,33.0,4300.0,3350.0
SYNTH-43-33-1-Topic-8-Cell-2,1,43.0,33.0,4319.635748809432,3328.5655098336138
SYNTH-43-33-1-Topic-8-Cell-3,1,43.0,33.0,4259.047797432964,3353.594037410554
SYNTH-43-33-1-Topic-8-Cell-4,1,43.0,33.0,4339.956832412776,3380.634156484835
SYNTH-43-33-1-Topic-8-Cell-5,1,43.0,33.0,4289.8734502809575,3292.750956420323
SYNTH-43-34-1-Topic-0-Cell-1,1,43.0,34.0,4300.0,3450.0
SYNTH-43-34-1-Topic-0-Cell-2,1,43.0,34.0,4319.635748809432,3428.5655098336138
SYNTH-43-34-1-Topic-0-Cell-3,1,43.0,34.0,4259.047797432964,3453.594037410554
SYNTH-43-34-1-Topic-8-Cell-4,1,43.0,34.0,4339.956832412776,3480.634156484835
SYNTH-43-34-1-Topic-8-Cell-5,1,43.0,34.0,4289.8734502809575,3392.750956420323
SYNTH-43-35-1-Topic-0-Cell-1,1,43.0,35.0,4300.0,3550.0
SYNTH-43-35-1-Topic-8-Cell-2,1,43.0,35.0,4319.635748809432,3528.5655098336138
SYNTH-43-35-1-Topic-8-Cell-3,1,43.0,35.0,4259.047797432964,3553.594037410554
SYNTH-43-35-1-Topic-8-Cell-4,1,43.0,35.0,4339.956832412776,3580.634156484835
SYNTH-43-35-1-Topic-8-Cell-5,1,43.0,35.0,4289.8734502809575,3492.750956420323
SYNTH-43-36-1-Topic-7-Cell-1,1,43.0,36.0,4300.0,3650.0
SYNTH-43-36-1-Topic-8-Cell-2,1,43.0,36.0,4319.635748809432,3628.5655098336138
SYNTH-43-36-1-Topic-8-Cell-3,1,43.0,36.0,4259.047797432964,3653.594037410554
SYNTH-43-36-1-Topic-8-Cell-4,1,43.0,36.0,4339.956832412776,3680.634156484835
SYNTH-43-36-1-Topic-8-Cell-5,1,43.0,36.0,4289.8734502809575,3592.750956420323
SYNTH-43-37-1-Topic-8-Cell-1,1,43.0,37.0,4300.0,3750.0
SYNTH-43-37-1-Topic-8-Cell-2,1,43.0,37.0,4319.635748809432,3728.5655098336138
SYNTH-43-37-1-Topic-8-Cell-3,1,43.0,37.0,4259.047797432964,3753.594037410554
SYNTH-43-37-1-Topic-8-Cell-4,1,43.0,37.0,4339.956832412776,3780.634156484835
SYNTH-43-37-1-Topic-8-Cell-5,1,43.0,37.0,4289.8734502809575,3692.750956420323
SYNTH-43-38-1-Topic-0-Cell-1,1,43.0,38.0,4300.0,3850.0
SYNTH-43-38-1-Topic-0-Cell-2,1,43.0,38.0,4319.635748809432,3828.5655098336138
SYNTH-43-38-1-Topic-7-Cell-3,1,43.0,38.0,4259.047797432964,3853.594037410554
SYNTH-43-38-1-Topic-7-Cell-4,1,43.0,38.0,4339.956832412776,3880.634156484835
SYNTH-43-38-1-Topic-8-Cell-5,1,43.0,38.0,4289.8734502809575,3792.750956420323
SYNTH-43-39-1-Topic-0-Cell-1,1,43.0,39.0,4300.0,3950.0
SYNTH-43-39-1-Topic-8-Cell-2,1,43.0,39.0,4321.953434563499,3926.0355114624545
SYNTH-43-39-1-Topic-8-Cell-3,1,43.0,39.0,4254.214045615883,3954.018255981838
SYNTH-43-39-1-Topic-8-Cell-4,1,43.0,39.0,4344.673096720267,3984.2500281667285
SYNTH-43-40-1-Topic-7-Cell-1,1,43.0,40.0,4300.0,4050.0
SYNTH-43-40-1-Topic-9-Cell-2,1,43.0,40.0,4321.953434563499,4026.0355114624545
SYNTH-43-40-1-Topic-9-Cell-3,1,43.0,40.0,4254.214045615883,4054.018255981838
SYNTH-43-40-1-Topic-9-Cell-4,1,43.0,40.0,4344.673096720267,4084.2500281667285
SYNTH-43-41-1-Topic-0-Cell-1,1,43.0,41.0,4300.0,4150.0
SYNTH-43-41-1-Topic-0-Cell-2,1,43.0,41.0,4317.924904260718,4130.433077045413
SYNTH-43-41-1-Topic-0-Cell-3,1,43.0,41.0,4262.615924790855,4153.2808922704635
SYNTH-43-41-1-Topic-0-Cell-4,1,43.0,41.0,4336.475430731552,4177.965030894812
SYNTH-43-41-1-Topic-7-Cell-5,1,43.0,41.0,4290.755767148638,4097.7390123930245
SYNTH-43-41-1-Topic-8-Cell-6,1,43.0,41.0,4268.152376652497,4200.065579198177
SYNTH-43-42-1-Topic-0-Cell-1,1,43.0,42.0,4300.0,4250.0
SYNTH-43-42-1-Topic-0-Cell-2,1,43.0,42.0,4319.635748809432,4228.565509833614
SYNTH-43-42-1-Topic-0-Cell-3,1,43.0,42.0,4259.047797432964,4253.594037410554
SYNTH-43-42-1-Topic-8-Cell-4,1,43.0,42.0,4339.956832412776,4280.634156484835
SYNTH-43-42-1-Topic-8-Cell-5,1,43.0,42.0,4289.8734502809575,4192.750956420323
SYNTH-43-43-1-Topic-0-Cell-1,1,43.0,43.0,4300.0,4350.0
SYNTH-43-43-1-Topic-7-Cell-2,1,43.0,43.0,4319.635748809432,4328.565509833614
SYNTH-43-43-1-Topic-8-Cell-3,1,43.0,43.0,4259.047797432964,4353.594037410554
SYNTH-43-43-1-Topic-9-Cell-4,1,43.0,43.0,4339.956832412776,4380.634156484835
SYNTH-43-43-1-Topic-9-Cell-5,1,43.0,43.0,4289.8734502809575,4292.750956420323
SYNTH-43-44-1-Topic-4-Cell-1,1,43.0,44.0,4300.0,4450.0
SYNTH-43-44-1-Topic-4-Cell-2,1,43.0,44.0,4319.635748809432,4428.565509833614
SYNTH-43-44-1-Topic-8-Cell-3,1,43.0,44.0,4259.047797432964,4453.594037410554
SYNTH-43-44-1-Topic-8-Cell-4,1,43.0,44.0,4339.956832412776,4480.634156484835
SYNTH-43-44-1-Topic-9-Cell-5,1,43.0,44.0,4289.8734502809575,4392.750956420323
SYNTH-43-45-1-Topic-8-Cell-1,1,43.0,45.0,4300.0,4550.0
SYNTH-43-46-1-Topic-0-Cell-1,1,43.0,46.0,4300.0,4650.0
SYNTH-43-46-1-Topic-8-Cell-2,1,43.0,46.0,4319.635748809432,4628.565509833614
SYNTH-43-46-1-Topic-8-Cell-3,1,43.0,46.0,4259.047797432964,4653.594037410554
SYNTH-43-46-1-Topic-8-Cell-4,1,43.0,46.0,4339.956832412776,4680.634156484835
SYNTH-43-46-1-Topic-8-Cell-5,1,43.0,46.0,4289.8734502809575,4592.750956420323
SYNTH-43-47-1-Topic-10-Cell-1,1,43.0,47.0,4300.0,4750.0
SYNTH-43-47-1-Topic-10-Cell-2,1,43.0,47.0,4321.953434563499,4726.035511462454
SYNTH-43-47-1-Topic-10-Cell-3,1,43.0,47.0,4254.214045615883,4754.018255981839
SYNTH-43-47-1-Topic-10-Cell-4,1,43.0,47.0,4344.673096720267,4784.250028166729
SYNTH-43-48-1-Topic-0-Cell-1,1,43.0,48.0,4300.0,4850.0
SYNTH-43-48-1-Topic-0-Cell-2,1,43.0,48.0,4319.635748809432,4828.565509833614
SYNTH-43-48-1-Topic-8-Cell-3,1,43.0,48.0,4259.047797432964,4853.594037410554
SYNTH-43-48-1-Topic-8-Cell-4,1,43.0,48.0,4339.956832412776,4880.634156484835
SYNTH-43-48-1-Topic-8-Cell-5,1,43.0,48.0,4289.8734502809575,4792.750956420323
SYNTH-43-49-1-Topic-6-Cell-1,1,43.0,49.0,4300.0,4950.0
SYNTH-43-49-1-Topic-6-Cell-2,1,43.0,49.0,4325.349642709746,4922.328192183713
SYNTH-43-49-1-Topic-7-Cell-3,1,43.0,49.0,4247.130933822453,4954.639882345574
SYNTH-43-50-1-Topic-8-Cell-1,1,43.0,50.0,4300.0,5050.0
SYNTH-43-50-1-Topic-8-Cell-2,1,43.0,50.0,4317.924904260718,5030.433077045413
SYNTH-43-50-1-Topic-9-Cell-3,1,43.0,50.0,4262.615924790855,5053.2808922704635
SYNTH-43-50-1-Topic-9-Cell-4,1,43.0,50.0,4336.475430731552,5077.965030894812
SYNTH-43-50-1-Topic-9-Cell-5,1,43.0,50.0,4290.755767148638,4997.7390123930245
SYNTH-43-50-1-Topic-9-Cell-6,1,43.0,50.0,4268.152376652497,5100.065579198177
SYNTH-44-1-1-Topic-4-Cell-1,1,44.0,1.0,4400.0,100.0
SYNTH-44-1-1-Topic-8-Cell-2,1,44.0,1.0,4419.635748809432,78.56550983361359
SYNTH-44-1-1-Topic-8-Cell-3,1,44.0,1.0,4359.047797432964,103.59403741055415
SYNTH-44-1-1-Topic-9-Cell-4,1,44.0,1.0,4439.956832412776,130.63415648483507
SYNTH-44-1-1-Topic-9-Cell-5,1,44.0,1.0,4389.8734502809575,42.75095642032298
SYNTH-44-2-1-Topic-0-Cell-1,1,44.0,2.0,4400.0,200.0
SYNTH-44-2-1-Topic-8-Cell-2,1,44.0,2.0,4419.635748809432,178.5655098336136
SYNTH-44-2-1-Topic-8-Cell-3,1,44.0,2.0,4359.047797432964,203.59403741055414
SYNTH-44-2-1-Topic-8-Cell-4,1,44.0,2.0,4439.956832412776,230.63415648483507
SYNTH-44-2-1-Topic-10-Cell-5,1,44.0,2.0,4389.8734502809575,142.75095642032298
SYNTH-44-3-1-Topic-8-Cell-1,1,44.0,3.0,4400.0,300.0
SYNTH-44-3-1-Topic-8-Cell-2,1,44.0,3.0,4419.635748809432,278.5655098336136
SYNTH-44-3-1-Topic-8-Cell-3,1,44.0,3.0,4359.047797432964,303.59403741055417
SYNTH-44-3-1-Topic-8-Cell-4,1,44.0,3.0,4439.956832412776,330.6341564848351
SYNTH-44-3-1-Topic-8-Cell-5,1,44.0,3.0,4389.8734502809575,242.75095642032298
SYNTH-44-4-1-Topic-7-Cell-1,1,44.0,4.0,4400.0,400.0
SYNTH-44-4-1-Topic-7-Cell-2,1,44.0,4.0,4425.349642709746,372.32819218371293
SYNTH-44-4-1-Topic-8-Cell-3,1,44.0,4.0,4347.130933822453,404.6398823455742
SYNTH-44-5-1-Topic-0-Cell-1,1,44.0,5.0,4400.0,500.0
SYNTH-44-5-1-Topic-0-Cell-2,1,44.0,5.0,4417.924904260718,480.4330770454125
SYNTH-44-5-1-Topic-0-Cell-3,1,44.0,5.0,4362.615924790855,503.28089227046326
SYNTH-44-5-1-Topic-7-Cell-4,1,44.0,5.0,4436.475430731552,527.9650308948122
SYNTH-44-5-1-Topic-7-Cell-5,1,44.0,5.0,4390.755767148638,447.7390123930243
SYNTH-44-5-1-Topic-8-Cell-6,1,44.0,5.0,4368.152376652497,550.0655791981769
SYNTH-44-6-1-Topic-4-Cell-1,1,44.0,6.0,4400.0,600.0
SYNTH-44-6-1-Topic-8-Cell-2,1,44.0,6.0,4419.635748809432,578.5655098336136
SYNTH-44-6-1-Topic-8-Cell-3,1,44.0,6.0,4359.047797432964,603.5940374105542
SYNTH-44-6-1-Topic-8-Cell-4,1,44.0,6.0,4439.956832412776,630.6341564848351
SYNTH-44-6-1-Topic-8-Cell-5,1,44.0,6.0,4389.8734502809575,542.750956420323
SYNTH-44-7-1-Topic-0-Cell-1,1,44.0,7.0,4400.0,700.0
SYNTH-44-7-1-Topic-0-Cell-2,1,44.0,7.0,4417.924904260718,680.4330770454125
SYNTH-44-7-1-Topic-0-Cell-3,1,44.0,7.0,4362.615924790855,703.2808922704633
SYNTH-44-7-1-Topic-8-Cell-4,1,44.0,7.0,4436.475430731552,727.9650308948122
SYNTH-44-7-1-Topic-8-Cell-5,1,44.0,7.0,4390.755767148638,647.7390123930243
SYNTH-44-7-1-Topic-9-Cell-6,1,44.0,7.0,4368.152376652497,750.0655791981769
SYNTH-44-8-1-Topic-0-Cell-1,1,44.0,8.0,4400.0,800.0
SYNTH-44-8-1-Topic-0-Cell-2,1,44.0,8.0,4419.635748809432,778.5655098336136
SYNTH-44-8-1-Topic-8-Cell-3,1,44.0,8.0,4359.047797432964,803.5940374105542
SYNTH-44-8-1-Topic-8-Cell-4,1,44.0,8.0,4439.956832412776,830.6341564848351
SYNTH-44-8-1-Topic-8-Cell-5,1,44.0,8.0,4389.8734502809575,742.750956420323
SYNTH-44-9-1-Topic-0-Cell-1,1,44.0,9.0,4400.0,900.0
SYNTH-44-9-1-Topic-7-Cell-2,1,44.0,9.0,4419.635748809432,878.5655098336136
SYNTH-44-9-1-Topic-8-Cell-3,1,44.0,9.0,4359.047797432964,903.5940374105542
SYNTH-44-9-1-Topic-8-Cell-4,1,44.0,9.0,4439.956832412776,930.6341564848351
SYNTH-44-9-1-Topic-8-Cell-5,1,44.0,9.0,4389.8734502809575,842.750956420323
SYNTH-44-10-1-Topic-7-Cell-1,1,44.0,10.0,4400.0,1000.0
SYNTH-44-10-1-Topic-7-Cell-2,1,44.0,10.0,4421.953434563499,976.0355114624546
SYNTH-44-10-1-Topic-7-Cell-3,1,44.0,10.0,4354.214045615883,1004.0182559818381
SYNTH-44-10-1-Topic-10-Cell-4,1,44.0,10.0,4444.673096720267,1034.2500281667287
SYNTH-44-11-1-Topic-0-Cell-1,1,44.0,11.0,4400.0,1100.0
SYNTH-44-11-1-Topic-7-Cell-2,1,44.0,11.0,4421.953434563499,1076.0355114624547
SYNTH-44-11-1-Topic-7-Cell-3,1,44.0,11.0,4354.214045615883,1104.0182559818381
SYNTH-44-11-1-Topic-8-Cell-4,1,44.0,11.0,4444.673096720267,1134.2500281667287
SYNTH-44-12-1-Topic-7-Cell-1,1,44.0,12.0,4400.0,1200.0
SYNTH-44-12-1-Topic-7-Cell-2,1,44.0,12.0,4421.953434563499,1176.0355114624547
SYNTH-44-12-1-Topic-8-Cell-3,1,44.0,12.0,4354.214045615883,1204.0182559818381
SYNTH-44-12-1-Topic-8-Cell-4,1,44.0,12.0,4444.673096720267,1234.2500281667287
SYNTH-44-13-1-Topic-7-Cell-1,1,44.0,13.0,4400.0,1300.0
SYNTH-44-13-1-Topic-8-Cell-2,1,44.0,13.0,4419.635748809432,1278.5655098336135
SYNTH-44-13-1-Topic-8-Cell-3,1,44.0,13.0,4359.047797432964,1303.5940374105542
SYNTH-44-13-1-Topic-8-Cell-4,1,44.0,13.0,4439.956832412776,1330.634156484835
SYNTH-44-13-1-Topic-9-Cell-5,1,44.0,13.0,4389.8734502809575,1242.750956420323
SYNTH-44-14-1-Topic-0-Cell-1,1,44.0,14.0,4400.0,1400.0
SYNTH-44-14-1-Topic-0-Cell-2,1,44.0,14.0,4421.953434563499,1376.0355114624547
SYNTH-44-14-1-Topic-8-Cell-3,1,44.0,14.0,4354.214045615883,1404.0182559818381
SYNTH-44-14-1-Topic-8-Cell-4,1,44.0,14.0,4444.673096720267,1434.2500281667287
SYNTH-44-15-1-Topic-8-Cell-1,1,44.0,15.0,4400.0,1500.0
SYNTH-44-16-1-Topic-8-Cell-1,1,44.0,16.0,4400.0,1600.0
SYNTH-44-16-1-Topic-8-Cell-2,1,44.0,16.0,4419.635748809432,1578.5655098336135
SYNTH-44-16-1-Topic-8-Cell-3,1,44.0,16.0,4359.047797432964,1603.5940374105542
SYNTH-44-16-1-Topic-9-Cell-4,1,44.0,16.0,4439.956832412776,1630.634156484835
SYNTH-44-16-1-Topic-9-Cell-5,1,44.0,16.0,4389.8734502809575,1542.750956420323
SYNTH-44-17-1-Topic-7-Cell-1,1,44.0,17.0,4400.0,1700.0
SYNTH-44-17-1-Topic-7-Cell-2,1,44.0,17.0,4419.635748809432,1678.5655098336135
SYNTH-44-17-1-Topic-8-Cell-3,1,44.0,17.0,4359.047797432964,1703.5940374105542
SYNTH-44-17-1-Topic-8-Cell-4,1,44.0,17.0,4439.956832412776,1730.634156484835
SYNTH-44-17-1-Topic-10-Cell-5,1,44.0,17.0,4389.8734502809575,1642.750956420323
SYNTH-44-18-1-Topic-0-Cell-1,1,44.0,18.0,4400.0,1800.0
SYNTH-44-18-1-Topic-7-Cell-2,1,44.0,18.0,4419.635748809432,1778.5655098336135
SYNTH-44-18-1-Topic-8-Cell-3,1,44.0,18.0,4359.047797432964,1803.5940374105542
SYNTH-44-18-1-Topic-8-Cell-4,1,44.0,18.0,4439.956832412776,1830.634156484835
SYNTH-44-18-1-Topic-8-Cell-5,1,44.0,18.0,4389.8734502809575,1742.750956420323
SYNTH-44-19-1-Topic-8-Cell-1,1,44.0,19.0,4400.0,1900.0
SYNTH-44-19-1-Topic-8-Cell-2,1,44.0,19.0,4425.349642709746,1872.3281921837129
SYNTH-44-19-1-Topic-8-Cell-3,1,44.0,19.0,4347.130933822453,1904.6398823455743
SYNTH-44-20-1-Topic-0-Cell-1,1,44.0,20.0,4400.0,2000.0
SYNTH-44-20-1-Topic-0-Cell-2,1,44.0,20.0,4419.635748809432,1978.5655098336135
SYNTH-44-20-1-Topic-8-Cell-3,1,44.0,20.0,4359.047797432964,2003.5940374105542
SYNTH-44-20-1-Topic-8-Cell-4,1,44.0,20.0,4439.956832412776,2030.634156484835
SYNTH-44-20-1-Topic-8-Cell-5,1,44.0,20.0,4389.8734502809575,1942.750956420323
SYNTH-44-21-1-Topic-7-Cell-1,1,44.0,21.0,4400.0,2100.0
SYNTH-44-22-1-Topic-7-Cell-1,1,44.0,22.0,4400.0,2200.0
SYNTH-44-22-1-Topic-7-Cell-2,1,44.0,22.0,4431.046844900371,2166.109095294869
SYNTH-44-23-1-Topic-0-Cell-1,1,44.0,23.0,4400.0,2300.0
SYNTH-44-23-1-Topic-0-Cell-2,1,44.0,23.0,4419.635748809432,2278.5655098336138
SYNTH-44-23-1-Topic-8-Cell-3,1,44.0,23.0,4359.047797432964,2303.594037410554
SYNTH-44-23-1-Topic-8-Cell-4,1,44.0,23.0,4439.956832412776,2330.634156484835
SYNTH-44-23-1-Topic-8-Cell-5,1,44.0,23.0,4389.8734502809575,2242.750956420323
SYNTH-44-24-1-Topic-7-Cell-1,1,44.0,24.0,4400.0,2400.0
SYNTH-44-24-1-Topic-8-Cell-2,1,44.0,24.0,4419.635748809432,2378.5655098336138
SYNTH-44-24-1-Topic-8-Cell-3,1,44.0,24.0,4359.047797432964,2403.594037410554
SYNTH-44-24-1-Topic-8-Cell-4,1,44.0,24.0,4439.956832412776,2430.634156484835
SYNTH-44-24-1-Topic-10-Cell-5,1,44.0,24.0,4389.8734502809575,2342.750956420323
SYNTH-44-25-1-Topic-0-Cell-1,1,44.0,25.0,4400.0,2500.0
SYNTH-44-25-1-Topic-0-Cell-2,1,44.0,25.0,4419.635748809432,2478.5655098336138
SYNTH-44-25-1-Topic-7-Cell-3,1,44.0,25.0,4359.047797432964,2503.594037410554
SYNTH-44-25-1-Topic-8-Cell-4,1,44.0,25.0,4439.956832412776,2530.634156484835
SYNTH-44-25-1-Topic-9-Cell-5,1,44.0,25.0,4389.8734502809575,2442.750956420323
SYNTH-44-26-1-Topic-5-Cell-1,1,44.0,26.0,4400.0,2600.0
SYNTH-44-26-1-Topic-5-Cell-2,1,44.0,26.0,4419.635748809432,2578.5655098336138
SYNTH-44-26-1-Topic-8-Cell-3,1,44.0,26.0,4359.047797432964,2603.594037410554
SYNTH-44-26-1-Topic-8-Cell-4,1,44.0,26.0,4439.956832412776,2630.634156484835
SYNTH-44-26-1-Topic-8-Cell-5,1,44.0,26.0,4389.8734502809575,2542.750956420323
SYNTH-44-27-1-Topic-0-Cell-1,1,44.0,27.0,4400.0,2700.0
SYNTH-44-27-1-Topic-8-Cell-2,1,44.0,27.0,4419.635748809432,2678.5655098336138
SYNTH-44-27-1-Topic-8-Cell-3,1,44.0,27.0,4359.047797432964,2703.594037410554
SYNTH-44-27-1-Topic-8-Cell-4,1,44.0,27.0,4439.956832412776,2730.634156484835
SYNTH-44-27-1-Topic-8-Cell-5,1,44.0,27.0,4389.8734502809575,2642.750956420323
SYNTH-44-28-1-Topic-8-Cell-1,1,44.0,28.0,4400.0,2800.0
SYNTH-44-28-1-Topic-8-Cell-2,1,44.0,28.0,4421.953434563499,2776.0355114624545
SYNTH-44-28-1-Topic-8-Cell-3,1,44.0,28.0,4354.214045615883,2804.018255981838
SYNTH-44-28-1-Topic-8-Cell-4,1,44.0,28.0,4444.673096720267,2834.2500281667285
SYNTH-44-29-1-Topic-7-Cell-1,1,44.0,29.0,4400.0,2900.0
SYNTH-44-29-1-Topic-7-Cell-2,1,44.0,29.0,4425.349642709746,2872.328192183713
SYNTH-44-29-1-Topic-7-Cell-3,1,44.0,29.0,4347.130933822453,2904.6398823455743
SYNTH-44-30-1-Topic-8-Cell-1,1,44.0,30.0,4400.0,3000.0
SYNTH-44-30-1-Topic-8-Cell-2,1,44.0,30.0,4421.953434563499,2976.0355114624545
SYNTH-44-30-1-Topic-8-Cell-3,1,44.0,30.0,4354.214045615883,3004.018255981838
SYNTH-44-30-1-Topic-9-Cell-4,1,44.0,30.0,4444.673096720267,3034.2500281667285
SYNTH-44-31-1-Topic-0-Cell-1,1,44.0,31.0,4400.0,3100.0
SYNTH-44-31-1-Topic-8-Cell-2,1,44.0,31.0,4417.924904260718,3080.4330770454126
SYNTH-44-31-1-Topic-8-Cell-3,1,44.0,31.0,4362.615924790855,3103.2808922704635
SYNTH-44-31-1-Topic-8-Cell-4,1,44.0,31.0,4436.475430731552,3127.965030894812
SYNTH-44-31-1-Topic-8-Cell-5,1,44.0,31.0,4390.755767148638,3047.7390123930245
SYNTH-44-31-1-Topic-8-Cell-6,1,44.0,31.0,4368.152376652497,3150.065579198177
SYNTH-44-32-1-Topic-8-Cell-1,1,44.0,32.0,4400.0,3200.0
SYNTH-44-32-1-Topic-8-Cell-2,1,44.0,32.0,4431.046844900371,3166.109095294869
SYNTH-44-33-1-Topic-8-Cell-1,1,44.0,33.0,4400.0,3300.0
SYNTH-44-33-1-Topic-8-Cell-2,1,44.0,33.0,4417.924904260718,3280.4330770454126
SYNTH-44-33-1-Topic-9-Cell-3,1,44.0,33.0,4362.615924790855,3303.2808922704635
SYNTH-44-33-1-Topic-10-Cell-4,1,44.0,33.0,4436.475430731552,3327.965030894812
SYNTH-44-33-1-Topic-10-Cell-5,1,44.0,33.0,4390.755767148638,3247.7390123930245
SYNTH-44-33-1-Topic-10-Cell-6,1,44.0,33.0,4368.152376652497,3350.065579198177
SYNTH-44-34-1-Topic-8-Cell-1,1,44.0,34.0,4400.0,3400.0
SYNTH-44-34-1-Topic-8-Cell-2,1,44.0,34.0,4419.635748809432,3378.5655098336138
SYNTH-44-34-1-Topic-8-Cell-3,1,44.0,34.0,4359.047797432964,3403.594037410554
SYNTH-44-34-1-Topic-8-Cell-4,1,44.0,34.0,4439.956832412776,3430.634156484835
SYNTH-44-34-1-Topic-8-Cell-5,1,44.0,34.0,4389.8734502809575,3342.750956420323
SYNTH-44-35-1-Topic-0-Cell-1,1,44.0,35.0,4400.0,3500.0
SYNTH-44-35-1-Topic-0-Cell-2,1,44.0,35.0,4417.924904260718,3480.4330770454126
SYNTH-44-35-1-Topic-0-Cell-3,1,44.0,35.0,4362.615924790855,3503.2808922704635
SYNTH-44-35-1-Topic-7-Cell-4,1,44.0,35.0,4436.475430731552,3527.965030894812
SYNTH-44-35-1-Topic-8-Cell-5,1,44.0,35.0,4390.755767148638,3447.7390123930245
SYNTH-44-35-1-Topic-8-Cell-6,1,44.0,35.0,4368.152376652497,3550.065579198177
SYNTH-44-36-1-Topic-0-Cell-1,1,44.0,36.0,4400.0,3600.0
SYNTH-44-36-1-Topic-6-Cell-2,1,44.0,36.0,4419.635748809432,3578.5655098336138
SYNTH-44-36-1-Topic-6-Cell-3,1,44.0,36.0,4359.047797432964,3603.594037410554
SYNTH-44-36-1-Topic-9-Cell-4,1,44.0,36.0,4439.956832412776,3630.634156484835
SYNTH-44-36-1-Topic-9-Cell-5,1,44.0,36.0,4389.8734502809575,3542.750956420323
SYNTH-44-37-1-Topic-4-Cell-1,1,44.0,37.0,4400.0,3700.0
SYNTH-44-37-1-Topic-7-Cell-2,1,44.0,37.0,4419.635748809432,3678.5655098336138
SYNTH-44-37-1-Topic-7-Cell-3,1,44.0,37.0,4359.047797432964,3703.594037410554
SYNTH-44-37-1-Topic-8-Cell-4,1,44.0,37.0,4439.956832412776,3730.634156484835
SYNTH-44-37-1-Topic-8-Cell-5,1,44.0,37.0,4389.8734502809575,3642.750956420323
SYNTH-44-38-1-Topic-9-Cell-1,1,44.0,38.0,4400.0,3800.0
SYNTH-44-38-1-Topic-10-Cell-2,1,44.0,38.0,4419.635748809432,3778.5655098336138
SYNTH-44-38-1-Topic-10-Cell-3,1,44.0,38.0,4359.047797432964,3803.594037410554
SYNTH-44-38-1-Topic-10-Cell-4,1,44.0,38.0,4439.956832412776,3830.634156484835
SYNTH-44-38-1-Topic-10-Cell-5,1,44.0,38.0,4389.8734502809575,3742.750956420323
SYNTH-44-39-1-Topic-0-Cell-1,1,44.0,39.0,4400.0,3900.0
SYNTH-44-39-1-Topic-0-Cell-2,1,44.0,39.0,4417.924904260718,3880.4330770454126
SYNTH-44-39-1-Topic-0-Cell-3,1,44.0,39.0,4362.615924790855,3903.2808922704635
SYNTH-44-39-1-Topic-8-Cell-4,1,44.0,39.0,4436.475430731552,3927.965030894812
SYNTH-44-39-1-Topic-8-Cell-5,1,44.0,39.0,4390.755767148638,3847.7390123930245
SYNTH-44-39-1-Topic-8-Cell-6,1,44.0,39.0,4368.152376652497,3950.065579198177
SYNTH-44-40-1-Topic-0-Cell-1,1,44.0,40.0,4400.0,4000.0
SYNTH-44-40-1-Topic-7-Cell-2,1,44.0,40.0,4419.635748809432,3978.5655098336138
SYNTH-44-40-1-Topic-8-Cell-3,1,44.0,40.0,4359.047797432964,4003.594037410554
SYNTH-44-40-1-Topic-8-Cell-4,1,44.0,40.0,4439.956832412776,4030.634156484835
SYNTH-44-40-1-Topic-9-Cell-5,1,44.0,40.0,4389.8734502809575,3942.750956420323
SYNTH-44-41-1-Topic-0-Cell-1,1,44.0,41.0,4400.0,4100.0
SYNTH-44-41-1-Topic-0-Cell-2,1,44.0,41.0,4419.635748809432,4078.5655098336138
SYNTH-44-41-1-Topic-8-Cell-3,1,44.0,41.0,4359.047797432964,4103.594037410554
SYNTH-44-41-1-Topic-8-Cell-4,1,44.0,41.0,4439.956832412776,4130.634156484835
SYNTH-44-41-1-Topic-8-Cell-5,1,44.0,41.0,4389.8734502809575,4042.750956420323
SYNTH-44-42-1-Topic-0-Cell-1,1,44.0,42.0,4400.0,4200.0
SYNTH-44-42-1-Topic-7-Cell-2,1,44.0,42.0,4419.635748809432,4178.565509833614
SYNTH-44-42-1-Topic-7-Cell-3,1,44.0,42.0,4359.047797432964,4203.594037410554
SYNTH-44-42-1-Topic-7-Cell-4,1,44.0,42.0,4439.956832412776,4230.634156484835
SYNTH-44-42-1-Topic-7-Cell-5,1,44.0,42.0,4389.8734502809575,4142.750956420323
SYNTH-44-43-1-Topic-0-Cell-1,1,44.0,43.0,4400.0,4300.0
SYNTH-44-43-1-Topic-8-Cell-2,1,44.0,43.0,4419.635748809432,4278.565509833614
SYNTH-44-43-1-Topic-8-Cell-3,1,44.0,43.0,4359.047797432964,4303.594037410554
SYNTH-44-43-1-Topic-8-Cell-4,1,44.0,43.0,4439.956832412776,4330.634156484835
SYNTH-44-43-1-Topic-8-Cell-5,1,44.0,43.0,4389.8734502809575,4242.750956420323
SYNTH-44-44-1-Topic-7-Cell-1,1,44.0,44.0,4400.0,4400.0
SYNTH-44-44-1-Topic-7-Cell-2,1,44.0,44.0,4421.953434563499,4376.035511462454
SYNTH-44-44-1-Topic-7-Cell-3,1,44.0,44.0,4354.214045615883,4404.018255981839
SYNTH-44-44-1-Topic-10-Cell-4,1,44.0,44.0,4444.673096720267,4434.250028166729
SYNTH-44-45-1-Topic-8-Cell-1,1,44.0,45.0,4400.0,4500.0
SYNTH-44-45-1-Topic-8-Cell-2,1,44.0,45.0,4419.635748809432,4478.565509833614
SYNTH-44-45-1-Topic-9-Cell-3,1,44.0,45.0,4359.047797432964,4503.594037410554
SYNTH-44-45-1-Topic-9-Cell-4,1,44.0,45.0,4439.956832412776,4530.634156484835
SYNTH-44-45-1-Topic-9-Cell-5,1,44.0,45.0,4389.8734502809575,4442.750956420323
SYNTH-44-46-1-Topic-0-Cell-1,1,44.0,46.0,4400.0,4600.0
SYNTH-44-46-1-Topic-8-Cell-2,1,44.0,46.0,4421.953434563499,4576.035511462454
SYNTH-44-46-1-Topic-8-Cell-3,1,44.0,46.0,4354.214045615883,4604.018255981839
SYNTH-44-46-1-Topic-8-Cell-4,1,44.0,46.0,4444.673096720267,4634.250028166729
SYNTH-44-47-1-Topic-8-Cell-1,1,44.0,47.0,4400.0,4700.0
SYNTH-44-47-1-Topic-8-Cell-2,1,44.0,47.0,4419.635748809432,4678.565509833614
SYNTH-44-47-1-Topic-8-Cell-3,1,44.0,47.0,4359.047797432964,4703.594037410554
SYNTH-44-47-1-Topic-8-Cell-4,1,44.0,47.0,4439.956832412776,4730.634156484835
SYNTH-44-47-1-Topic-9-Cell-5,1,44.0,47.0,4389.8734502809575,4642.750956420323
SYNTH-44-48-1-Topic-0-Cell-1,1,44.0,48.0,4400.0,4800.0
SYNTH-44-48-1-Topic-7-Cell-2,1,44.0,48.0,4419.635748809432,4778.565509833614
SYNTH-44-48-1-Topic-7-Cell-3,1,44.0,48.0,4359.047797432964,4803.594037410554
SYNTH-44-48-1-Topic-8-Cell-4,1,44.0,48.0,4439.956832412776,4830.634156484835
SYNTH-44-48-1-Topic-8-Cell-5,1,44.0,48.0,4389.8734502809575,4742.750956420323
SYNTH-44-49-1-Topic-0-Cell-1,1,44.0,49.0,4400.0,4900.0
SYNTH-44-49-1-Topic-0-Cell-2,1,44.0,49.0,4417.924904260718,4880.433077045413
SYNTH-44-49-1-Topic-0-Cell-3,1,44.0,49.0,4362.615924790855,4903.2808922704635
SYNTH-44-49-1-Topic-0-Cell-4,1,44.0,49.0,4436.475430731552,4927.965030894812
SYNTH-44-49-1-Topic-7-Cell-5,1,44.0,49.0,4390.755767148638,4847.7390123930245
SYNTH-44-49-1-Topic-8-Cell-6,1,44.0,49.0,4368.152376652497,4950.065579198177
SYNTH-44-50-1-Topic-4-Cell-1,1,44.0,50.0,4400.0,5000.0
SYNTH-44-50-1-Topic-4-Cell-2,1,44.0,50.0,4419.635748809432,4978.565509833614
SYNTH-44-50-1-Topic-8-Cell-3,1,44.0,50.0,4359.047797432964,5003.594037410554
SYNTH-44-50-1-Topic-8-Cell-4,1,44.0,50.0,4439.956832412776,5030.634156484835
SYNTH-44-50-1-Topic-8-Cell-5,1,44.0,50.0,4389.8734502809575,4942.750956420323
SYNTH-45-1-1-Topic-7-Cell-1,1,45.0,1.0,4500.0,150.0
SYNTH-45-1-1-Topic-7-Cell-2,1,45.0,1.0,4519.635748809432,128.5655098336136
SYNTH-45-1-1-Topic-7-Cell-3,1,45.0,1.0,4459.047797432964,153.59403741055414
SYNTH-45-1-1-Topic-8-Cell-4,1,45.0,1.0,4539.956832412776,180.63415648483507
SYNTH-45-1-1-Topic-8-Cell-5,1,45.0,1.0,4489.8734502809575,92.75095642032298
SYNTH-45-2-1-Topic-0-Cell-1,1,45.0,2.0,4500.0,250.0
SYNTH-45-2-1-Topic-0-Cell-2,1,45.0,2.0,4517.924904260718,230.43307704541252
SYNTH-45-2-1-Topic-0-Cell-3,1,45.0,2.0,4462.615924790855,253.28089227046326
SYNTH-45-2-1-Topic-0-Cell-4,1,45.0,2.0,4536.475430731552,277.96503089481223
SYNTH-45-2-1-Topic-7-Cell-5,1,45.0,2.0,4490.755767148638,197.73901239302432
SYNTH-45-2-1-Topic-7-Cell-6,1,45.0,2.0,4468.152376652497,300.0655791981769
SYNTH-45-3-1-Topic-8-Cell-1,1,45.0,3.0,4500.0,350.0
SYNTH-45-3-1-Topic-8-Cell-2,1,45.0,3.0,4519.635748809432,328.5655098336136
SYNTH-45-3-1-Topic-8-Cell-3,1,45.0,3.0,4459.047797432964,353.59403741055417
SYNTH-45-3-1-Topic-8-Cell-4,1,45.0,3.0,4539.956832412776,380.6341564848351
SYNTH-45-3-1-Topic-8-Cell-5,1,45.0,3.0,4489.8734502809575,292.75095642032295
SYNTH-45-4-1-Topic-0-Cell-1,1,45.0,4.0,4500.0,450.0
SYNTH-45-4-1-Topic-4-Cell-2,1,45.0,4.0,4519.635748809432,428.5655098336136
SYNTH-45-4-1-Topic-7-Cell-3,1,45.0,4.0,4459.047797432964,453.59403741055417
SYNTH-45-4-1-Topic-7-Cell-4,1,45.0,4.0,4539.956832412776,480.6341564848351
SYNTH-45-4-1-Topic-8-Cell-5,1,45.0,4.0,4489.8734502809575,392.75095642032295
SYNTH-45-5-1-Topic-7-Cell-1,1,45.0,5.0,4500.0,550.0
SYNTH-45-5-1-Topic-8-Cell-2,1,45.0,5.0,4519.635748809432,528.5655098336136
SYNTH-45-5-1-Topic-8-Cell-3,1,45.0,5.0,4459.047797432964,553.5940374105542
SYNTH-45-5-1-Topic-8-Cell-4,1,45.0,5.0,4539.956832412776,580.6341564848351
SYNTH-45-5-1-Topic-8-Cell-5,1,45.0,5.0,4489.8734502809575,492.75095642032295
SYNTH-45-6-1-Topic-8-Cell-1,1,45.0,6.0,4500.0,650.0
SYNTH-45-6-1-Topic-8-Cell-2,1,45.0,6.0,4519.635748809432,628.5655098336136
SYNTH-45-6-1-Topic-8-Cell-3,1,45.0,6.0,4459.047797432964,653.5940374105542
SYNTH-45-6-1-Topic-8-Cell-4,1,45.0,6.0,4539.956832412776,680.6341564848351
SYNTH-45-6-1-Topic-8-Cell-5,1,45.0,6.0,4489.8734502809575,592.750956420323
SYNTH-45-7-1-Topic-0-Cell-1,1,45.0,7.0,4500.0,750.0
SYNTH-45-7-1-Topic-0-Cell-2,1,45.0,7.0,4519.635748809432,728.5655098336136
SYNTH-45-7-1-Topic-0-Cell-3,1,45.0,7.0,4459.047797432964,753.5940374105542
SYNTH-45-7-1-Topic-0-Cell-4,1,45.0,7.0,4539.956832412776,780.6341564848351
SYNTH-45-7-1-Topic-8-Cell-5,1,45.0,7.0,4489.8734502809575,692.750956420323
SYNTH-45-8-1-Topic-0-Cell-1,1,45.0,8.0,4500.0,850.0
SYNTH-45-8-1-Topic-8-Cell-2,1,45.0,8.0,4519.635748809432,828.5655098336136
SYNTH-45-8-1-Topic-8-Cell-3,1,45.0,8.0,4459.047797432964,853.5940374105542
SYNTH-45-8-1-Topic-9-Cell-4,1,45.0,8.0,4539.956832412776,880.6341564848351
SYNTH-45-8-1-Topic-10-Cell-5,1,45.0,8.0,4489.8734502809575,792.750956420323
SYNTH-45-9-1-Topic-1-Cell-1,1,45.0,9.0,4500.0,950.0
SYNTH-45-9-1-Topic-1-Cell-2,1,45.0,9.0,4525.349642709746,922.328192183713
SYNTH-45-9-1-Topic-1-Cell-3,1,45.0,9.0,4447.130933822453,954.6398823455742
SYNTH-45-10-1-Topic-7-Cell-1,1,45.0,10.0,4500.0,1050.0
SYNTH-45-10-1-Topic-7-Cell-2,1,45.0,10.0,4519.635748809432,1028.5655098336135
SYNTH-45-10-1-Topic-7-Cell-3,1,45.0,10.0,4459.047797432964,1053.5940374105542
SYNTH-45-10-1-Topic-8-Cell-4,1,45.0,10.0,4539.956832412776,1080.634156484835
SYNTH-45-10-1-Topic-8-Cell-5,1,45.0,10.0,4489.8734502809575,992.750956420323
SYNTH-45-11-1-Topic-0-Cell-1,1,45.0,11.0,4500.0,1150.0
SYNTH-45-11-1-Topic-0-Cell-2,1,45.0,11.0,4517.924904260718,1130.4330770454126
SYNTH-45-11-1-Topic-0-Cell-3,1,45.0,11.0,4462.615924790855,1153.2808922704633
SYNTH-45-11-1-Topic-0-Cell-4,1,45.0,11.0,4536.475430731552,1177.9650308948123
SYNTH-45-11-1-Topic-8-Cell-5,1,45.0,11.0,4490.755767148638,1097.7390123930243
SYNTH-45-11-1-Topic-8-Cell-6,1,45.0,11.0,4468.152376652497,1200.065579198177
SYNTH-45-12-1-Topic-0-Cell-1,1,45.0,12.0,4500.0,1250.0
SYNTH-45-12-1-Topic-0-Cell-2,1,45.0,12.0,4521.953434563499,1226.0355114624547
SYNTH-45-12-1-Topic-7-Cell-3,1,45.0,12.0,4454.214045615883,1254.0182559818381
SYNTH-45-12-1-Topic-7-Cell-4,1,45.0,12.0,4544.673096720267,1284.2500281667287
SYNTH-45-13-1-Topic-8-Cell-1,1,45.0,13.0,4500.0,1350.0
SYNTH-45-13-1-Topic-8-Cell-2,1,45.0,13.0,4521.953434563499,1326.0355114624547
SYNTH-45-13-1-Topic-8-Cell-3,1,45.0,13.0,4454.214045615883,1354.0182559818381
SYNTH-45-13-1-Topic-8-Cell-4,1,45.0,13.0,4544.673096720267,1384.2500281667287
SYNTH-45-14-1-Topic-0-Cell-1,1,45.0,14.0,4500.0,1450.0
SYNTH-45-14-1-Topic-0-Cell-2,1,45.0,14.0,4517.924904260718,1430.4330770454126
SYNTH-45-14-1-Topic-4-Cell-3,1,45.0,14.0,4462.615924790855,1453.2808922704633
SYNTH-45-14-1-Topic-8-Cell-4,1,45.0,14.0,4536.475430731552,1477.9650308948123
SYNTH-45-14-1-Topic-8-Cell-5,1,45.0,14.0,4490.755767148638,1397.7390123930243
SYNTH-45-14-1-Topic-8-Cell-6,1,45.0,14.0,4468.152376652497,1500.065579198177
SYNTH-45-15-1-Topic-0-Cell-1,1,45.0,15.0,4500.0,1550.0
SYNTH-45-15-1-Topic-0-Cell-2,1,45.0,15.0,4519.635748809432,1528.5655098336135
SYNTH-45-15-1-Topic-0-Cell-3,1,45.0,15.0,4459.047797432964,1553.5940374105542
SYNTH-45-15-1-Topic-7-Cell-4,1,45.0,15.0,4539.956832412776,1580.634156484835
SYNTH-45-15-1-Topic-8-Cell-5,1,45.0,15.0,4489.8734502809575,1492.750956420323
SYNTH-45-16-1-Topic-0-Cell-1,1,45.0,16.0,4500.0,1650.0
SYNTH-45-16-1-Topic-0-Cell-2,1,45.0,16.0,4521.953434563499,1626.0355114624547
SYNTH-45-16-1-Topic-0-Cell-3,1,45.0,16.0,4454.214045615883,1654.0182559818381
SYNTH-45-16-1-Topic-8-Cell-4,1,45.0,16.0,4544.673096720267,1684.2500281667287
SYNTH-45-17-1-Topic-0-Cell-1,1,45.0,17.0,4500.0,1750.0
SYNTH-45-17-1-Topic-8-Cell-2,1,45.0,17.0,4517.924904260718,1730.4330770454126
SYNTH-45-17-1-Topic-8-Cell-3,1,45.0,17.0,4462.615924790855,1753.2808922704633
SYNTH-45-17-1-Topic-8-Cell-4,1,45.0,17.0,4536.475430731552,1777.9650308948123
SYNTH-45-17-1-Topic-8-Cell-5,1,45.0,17.0,4490.755767148638,1697.7390123930243
SYNTH-45-17-1-Topic-8-Cell-6,1,45.0,17.0,4468.152376652497,1800.065579198177
SYNTH-45-18-1-Topic-7-Cell-1,1,45.0,18.0,4500.0,1850.0
SYNTH-45-18-1-Topic-7-Cell-2,1,45.0,18.0,4525.349642709746,1822.3281921837129
SYNTH-45-18-1-Topic-7-Cell-3,1,45.0,18.0,4447.130933822453,1854.6398823455743
SYNTH-45-19-1-Topic-0-Cell-1,1,45.0,19.0,4500.0,1950.0
SYNTH-45-19-1-Topic-7-Cell-2,1,45.0,19.0,4521.953434563499,1926.0355114624547
SYNTH-45-19-1-Topic-7-Cell-3,1,45.0,19.0,4454.214045615883,1954.0182559818381
SYNTH-45-19-1-Topic-7-Cell-4,1,45.0,19.0,4544.673096720267,1984.2500281667287
SYNTH-45-20-1-Topic-8-Cell-1,1,45.0,20.0,4500.0,2050.0
SYNTH-45-20-1-Topic-8-Cell-2,1,45.0,20.0,4525.349642709746,2022.3281921837129
SYNTH-45-20-1-Topic-8-Cell-3,1,45.0,20.0,4447.130933822453,2054.6398823455743
SYNTH-45-21-1-Topic-0-Cell-1,1,45.0,21.0,4500.0,2150.0
SYNTH-45-21-1-Topic-0-Cell-2,1,45.0,21.0,4519.635748809432,2128.5655098336138
SYNTH-45-21-1-Topic-0-Cell-3,1,45.0,21.0,4459.047797432964,2153.594037410554
SYNTH-45-21-1-Topic-8-Cell-4,1,45.0,21.0,4539.956832412776,2180.634156484835
SYNTH-45-21-1-Topic-8-Cell-5,1,45.0,21.0,4489.8734502809575,2092.750956420323
SYNTH-45-22-1-Topic-10-Cell-1,1,45.0,22.0,4500.0,2250.0
SYNTH-45-22-1-Topic-10-Cell-2,1,45.0,22.0,4517.924904260718,2230.4330770454126
SYNTH-45-22-1-Topic-10-Cell-3,1,45.0,22.0,4462.615924790855,2253.2808922704635
SYNTH-45-22-1-Topic-10-Cell-4,1,45.0,22.0,4536.475430731552,2277.965030894812
SYNTH-45-22-1-Topic-10-Cell-5,1,45.0,22.0,4490.755767148638,2197.7390123930245
SYNTH-45-22-1-Topic-10-Cell-6,1,45.0,22.0,4468.152376652497,2300.065579198177
SYNTH-45-23-1-Topic-4-Cell-1,1,45.0,23.0,4500.0,2350.0
SYNTH-45-23-1-Topic-7-Cell-2,1,45.0,23.0,4521.953434563499,2326.0355114624545
SYNTH-45-23-1-Topic-7-Cell-3,1,45.0,23.0,4454.214045615883,2354.018255981838
SYNTH-45-23-1-Topic-8-Cell-4,1,45.0,23.0,4544.673096720267,2384.2500281667285
SYNTH-45-24-1-Topic-7-Cell-1,1,45.0,24.0,4500.0,2450.0
SYNTH-45-24-1-Topic-8-Cell-2,1,45.0,24.0,4521.953434563499,2426.0355114624545
SYNTH-45-24-1-Topic-8-Cell-3,1,45.0,24.0,4454.214045615883,2454.018255981838
SYNTH-45-24-1-Topic-8-Cell-4,1,45.0,24.0,4544.673096720267,2484.2500281667285
SYNTH-45-25-1-Topic-0-Cell-1,1,45.0,25.0,4500.0,2550.0
SYNTH-45-25-1-Topic-8-Cell-2,1,45.0,25.0,4519.635748809432,2528.5655098336138
SYNTH-45-25-1-Topic-8-Cell-3,1,45.0,25.0,4459.047797432964,2553.594037410554
SYNTH-45-25-1-Topic-8-Cell-4,1,45.0,25.0,4539.956832412776,2580.634156484835
SYNTH-45-25-1-Topic-8-Cell-5,1,45.0,25.0,4489.8734502809575,2492.750956420323
SYNTH-45-26-1-Topic-2-Cell-1,1,45.0,26.0,4500.0,2650.0
SYNTH-45-26-1-Topic-8-Cell-2,1,45.0,26.0,4519.635748809432,2628.5655098336138
SYNTH-45-26-1-Topic-8-Cell-3,1,45.0,26.0,4459.047797432964,2653.594037410554
SYNTH-45-26-1-Topic-9-Cell-4,1,45.0,26.0,4539.956832412776,2680.634156484835
SYNTH-45-26-1-Topic-9-Cell-5,1,45.0,26.0,4489.8734502809575,2592.750956420323
SYNTH-45-27-1-Topic-4-Cell-1,1,45.0,27.0,4500.0,2750.0
SYNTH-45-27-1-Topic-4-Cell-2,1,45.0,27.0,4531.046844900371,2716.109095294869
SYNTH-45-28-1-Topic-0-Cell-1,1,45.0,28.0,4500.0,2850.0
SYNTH-45-28-1-Topic-0-Cell-2,1,45.0,28.0,4517.924904260718,2830.4330770454126
SYNTH-45-28-1-Topic-0-Cell-3,1,45.0,28.0,4462.615924790855,2853.2808922704635
SYNTH-45-28-1-Topic-7-Cell-4,1,45.0,28.0,4536.475430731552,2877.965030894812
SYNTH-45-28-1-Topic-10-Cell-5,1,45.0,28.0,4490.755767148638,2797.7390123930245
SYNTH-45-28-1-Topic-10-Cell-6,1,45.0,28.0,4468.152376652497,2900.065579198177
SYNTH-45-29-1-Topic-0-Cell-1,1,45.0,29.0,4500.0,2950.0
SYNTH-45-29-1-Topic-7-Cell-2,1,45.0,29.0,4517.924904260718,2930.4330770454126
SYNTH-45-29-1-Topic-8-Cell-3,1,45.0,29.0,4462.615924790855,2953.2808922704635
SYNTH-45-29-1-Topic-8-Cell-4,1,45.0,29.0,4536.475430731552,2977.965030894812
SYNTH-45-29-1-Topic-8-Cell-5,1,45.0,29.0,4490.755767148638,2897.7390123930245
SYNTH-45-29-1-Topic-8-Cell-6,1,45.0,29.0,4468.152376652497,3000.065579198177
SYNTH-45-30-1-Topic-0-Cell-1,1,45.0,30.0,4500.0,3050.0
SYNTH-45-30-1-Topic-0-Cell-2,1,45.0,30.0,4519.635748809432,3028.5655098336138
SYNTH-45-30-1-Topic-7-Cell-3,1,45.0,30.0,4459.047797432964,3053.594037410554
SYNTH-45-30-1-Topic-7-Cell-4,1,45.0,30.0,4539.956832412776,3080.634156484835
SYNTH-45-30-1-Topic-7-Cell-5,1,45.0,30.0,4489.8734502809575,2992.750956420323
SYNTH-45-31-1-Topic-4-Cell-1,1,45.0,31.0,4500.0,3150.0
SYNTH-45-31-1-Topic-8-Cell-2,1,45.0,31.0,4519.635748809432,3128.5655098336138
SYNTH-45-31-1-Topic-8-Cell-3,1,45.0,31.0,4459.047797432964,3153.594037410554
SYNTH-45-31-1-Topic-8-Cell-4,1,45.0,31.0,4539.956832412776,3180.634156484835
SYNTH-45-31-1-Topic-10-Cell-5,1,45.0,31.0,4489.8734502809575,3092.750956420323
SYNTH-45-32-1-Topic-8-Cell-1,1,45.0,32.0,4500.0,3250.0
SYNTH-45-32-1-Topic-8-Cell-2,1,45.0,32.0,4519.635748809432,3228.5655098336138
SYNTH-45-32-1-Topic-8-Cell-3,1,45.0,32.0,4459.047797432964,3253.594037410554
SYNTH-45-32-1-Topic-8-Cell-4,1,45.0,32.0,4539.956832412776,3280.634156484835
SYNTH-45-32-1-Topic-8-Cell-5,1,45.0,32.0,4489.8734502809575,3192.750956420323
SYNTH-45-33-1-Topic-0-Cell-1,1,45.0,33.0,4500.0,3350.0
SYNTH-45-33-1-Topic-8-Cell-2,1,45.0,33.0,4519.635748809432,3328.5655098336138
SYNTH-45-33-1-Topic-8-Cell-3,1,45.0,33.0,4459.047797432964,3353.594037410554
SYNTH-45-33-1-Topic-8-Cell-4,1,45.0,33.0,4539.956832412776,3380.634156484835
SYNTH-45-33-1-Topic-8-Cell-5,1,45.0,33.0,4489.8734502809575,3292.750956420323
SYNTH-45-34-1-Topic-0-Cell-1,1,45.0,34.0,4500.0,3450.0
SYNTH-45-34-1-Topic-0-Cell-2,1,45.0,34.0,4519.635748809432,3428.5655098336138
SYNTH-45-34-1-Topic-0-Cell-3,1,45.0,34.0,4459.047797432964,3453.594037410554
SYNTH-45-34-1-Topic-8-Cell-4,1,45.0,34.0,4539.956832412776,3480.634156484835
SYNTH-45-34-1-Topic-9-Cell-5,1,45.0,34.0,4489.8734502809575,3392.750956420323
SYNTH-45-35-1-Topic-8-Cell-1,1,45.0,35.0,4500.0,3550.0
SYNTH-45-35-1-Topic-8-Cell-2,1,45.0,35.0,4519.635748809432,3528.5655098336138
SYNTH-45-35-1-Topic-8-Cell-3,1,45.0,35.0,4459.047797432964,3553.594037410554
SYNTH-45-35-1-Topic-8-Cell-4,1,45.0,35.0,4539.956832412776,3580.634156484835
SYNTH-45-35-1-Topic-9-Cell-5,1,45.0,35.0,4489.8734502809575,3492.750956420323
SYNTH-45-36-1-Topic-8-Cell-1,1,45.0,36.0,4500.0,3650.0
SYNTH-45-36-1-Topic-8-Cell-2,1,45.0,36.0,4519.635748809432,3628.5655098336138
SYNTH-45-36-1-Topic-8-Cell-3,1,45.0,36.0,4459.047797432964,3653.594037410554
SYNTH-45-36-1-Topic-8-Cell-4,1,45.0,36.0,4539.956832412776,3680.634156484835
SYNTH-45-36-1-Topic-9-Cell-5,1,45.0,36.0,4489.8734502809575,3592.750956420323
SYNTH-45-37-1-Topic-4-Cell-1,1,45.0,37.0,4500.0,3750.0
SYNTH-45-37-1-Topic-4-Cell-2,1,45.0,37.0,4519.635748809432,3728.5655098336138
SYNTH-45-37-1-Topic-8-Cell-3,1,45.0,37.0,4459.047797432964,3753.594037410554
SYNTH-45-37-1-Topic-8-Cell-4,1,45.0,37.0,4539.956832412776,3780.634156484835
SYNTH-45-37-1-Topic-8-Cell-5,1,45.0,37.0,4489.8734502809575,3692.750956420323
SYNTH-45-38-1-Topic-0-Cell-1,1,45.0,38.0,4500.0,3850.0
SYNTH-45-38-1-Topic-4-Cell-2,1,45.0,38.0,4519.635748809432,3828.5655098336138
SYNTH-45-38-1-Topic-4-Cell-3,1,45.0,38.0,4459.047797432964,3853.594037410554
SYNTH-45-38-1-Topic-8-Cell-4,1,45.0,38.0,4539.956832412776,3880.634156484835
SYNTH-45-38-1-Topic-8-Cell-5,1,45.0,38.0,4489.8734502809575,3792.750956420323
SYNTH-45-39-1-Topic-0-Cell-1,1,45.0,39.0,4500.0,3950.0
SYNTH-45-39-1-Topic-0-Cell-2,1,45.0,39.0,4516.595236651071,3931.884549437942
SYNTH-45-39-1-Topic-0-Cell-3,1,45.0,39.0,4465.389071759965,3953.0375160091835
SYNTH-45-39-1-Topic-0-Cell-4,1,45.0,39.0,4533.769686919131,3975.8905876931776
SYNTH-45-39-1-Topic-0-Cell-5,1,45.0,39.0,4491.441503419232,3901.6157272394976
SYNTH-45-39-1-Topic-0-Cell-6,1,45.0,39.0,4470.514830174896,3996.3517195284267
SYNTH-45-39-1-Topic-4-Cell-7,1,45.0,39.0,4558.115097723178,3934.3774525747567
SYNTH-45-40-1-Topic-7-Cell-1,1,45.0,40.0,4500.0,4050.0
SYNTH-45-40-1-Topic-7-Cell-2,1,45.0,40.0,4517.924904260718,4030.4330770454126
SYNTH-45-40-1-Topic-7-Cell-3,1,45.0,40.0,4462.615924790855,4053.2808922704635
SYNTH-45-40-1-Topic-7-Cell-4,1,45.0,40.0,4536.475430731552,4077.965030894812
SYNTH-45-40-1-Topic-8-Cell-5,1,45.0,40.0,4490.755767148638,3997.7390123930245
SYNTH-45-40-1-Topic-8-Cell-6,1,45.0,40.0,4468.152376652497,4100.065579198177
SYNTH-45-41-1-Topic-4-Cell-1,1,45.0,41.0,4500.0,4150.0
SYNTH-45-41-1-Topic-8-Cell-2,1,45.0,41.0,4519.635748809432,4128.565509833614
SYNTH-45-41-1-Topic-8-Cell-3,1,45.0,41.0,4459.047797432964,4153.594037410554
SYNTH-45-41-1-Topic-8-Cell-4,1,45.0,41.0,4539.956832412776,4180.634156484835
SYNTH-45-41-1-Topic-8-Cell-5,1,45.0,41.0,4489.8734502809575,4092.750956420323
SYNTH-45-42-1-Topic-0-Cell-1,1,45.0,42.0,4500.0,4250.0
SYNTH-45-42-1-Topic-0-Cell-2,1,45.0,42.0,4519.635748809432,4228.565509833614
SYNTH-45-42-1-Topic-8-Cell-3,1,45.0,42.0,4459.047797432964,4253.594037410554
SYNTH-45-42-1-Topic-8-Cell-4,1,45.0,42.0,4539.956832412776,4280.634156484835
SYNTH-45-42-1-Topic-8-Cell-5,1,45.0,42.0,4489.8734502809575,4192.750956420323
SYNTH-45-43-1-Topic-0-Cell-1,1,45.0,43.0,4500.0,4350.0
SYNTH-45-43-1-Topic-0-Cell-2,1,45.0,43.0,4519.635748809432,4328.565509833614
SYNTH-45-43-1-Topic-7-Cell-3,1,45.0,43.0,4459.047797432964,4353.594037410554
SYNTH-45-43-1-Topic-8-Cell-4,1,45.0,43.0,4539.956832412776,4380.634156484835
SYNTH-45-43-1-Topic-8-Cell-5,1,45.0,43.0,4489.8734502809575,4292.750956420323
SYNTH-45-44-1-Topic-0-Cell-1,1,45.0,44.0,4500.0,4450.0
SYNTH-45-44-1-Topic-8-Cell-2,1,45.0,44.0,4519.635748809432,4428.565509833614
SYNTH-45-44-1-Topic-8-Cell-3,1,45.0,44.0,4459.047797432964,4453.594037410554
SYNTH-45-44-1-Topic-8-Cell-4,1,45.0,44.0,4539.956832412776,4480.634156484835
SYNTH-45-44-1-Topic-8-Cell-5,1,45.0,44.0,4489.8734502809575,4392.750956420323
SYNTH-45-45-1-Topic-8-Cell-1,1,45.0,45.0,4500.0,4550.0
SYNTH-45-45-1-Topic-8-Cell-2,1,45.0,45.0,4519.635748809432,4528.565509833614
SYNTH-45-45-1-Topic-9-Cell-3,1,45.0,45.0,4459.047797432964,4553.594037410554
SYNTH-45-45-1-Topic-10-Cell-4,1,45.0,45.0,4539.956832412776,4580.634156484835
SYNTH-45-45-1-Topic-10-Cell-5,1,45.0,45.0,4489.8734502809575,4492.750956420323
SYNTH-45-46-1-Topic-4-Cell-1,1,45.0,46.0,4500.0,4650.0
SYNTH-45-46-1-Topic-7-Cell-2,1,45.0,46.0,4519.635748809432,4628.565509833614
SYNTH-45-46-1-Topic-7-Cell-3,1,45.0,46.0,4459.047797432964,4653.594037410554
SYNTH-45-46-1-Topic-8-Cell-4,1,45.0,46.0,4539.956832412776,4680.634156484835
SYNTH-45-46-1-Topic-8-Cell-5,1,45.0,46.0,4489.8734502809575,4592.750956420323
SYNTH-45-47-1-Topic-0-Cell-1,1,45.0,47.0,4500.0,4750.0
SYNTH-45-47-1-Topic-8-Cell-2,1,45.0,47.0,4519.635748809432,4728.565509833614
SYNTH-45-47-1-Topic-9-Cell-3,1,45.0,47.0,4459.047797432964,4753.594037410554
SYNTH-45-47-1-Topic-9-Cell-4,1,45.0,47.0,4539.956832412776,4780.634156484835
SYNTH-45-47-1-Topic-9-Cell-5,1,45.0,47.0,4489.8734502809575,4692.750956420323
SYNTH-45-48-1-Topic-0-Cell-1,1,45.0,48.0,4500.0,4850.0
SYNTH-45-48-1-Topic-0-Cell-2,1,45.0,48.0,4519.635748809432,4828.565509833614
SYNTH-45-48-1-Topic-0-Cell-3,1,45.0,48.0,4459.047797432964,4853.594037410554
SYNTH-45-48-1-Topic-0-Cell-4,1,45.0,48.0,4539.956832412776,4880.634156484835
SYNTH-45-48-1-Topic-8-Cell-5,1,45.0,48.0,4489.8734502809575,4792.750956420323
SYNTH-45-49-1-Topic-0-Cell-1,1,45.0,49.0,4500.0,4950.0
SYNTH-45-49-1-Topic-0-Cell-2,1,45.0,49.0,4517.924904260718,4930.433077045413
SYNTH-45-49-1-Topic-0-Cell-3,1,45.0,49.0,4462.615924790855,4953.2808922704635
SYNTH-45-49-1-Topic-0-Cell-4,1,45.0,49.0,4536.475430731552,4977.965030894812
SYNTH-45-49-1-Topic-7-Cell-5,1,45.0,49.0,4490.755767148638,4897.7390123930245
SYNTH-45-49-1-Topic-10-Cell-6,1,45.0,49.0,4468.152376652497,5000.065579198177
SYNTH-45-50-1-Topic-8-Cell-1,1,45.0,50.0,4500.0,5050.0
SYNTH-45-50-1-Topic-8-Cell-2,1,45.0,50.0,4521.953434563499,5026.035511462454
SYNTH-45-50-1-Topic-8-Cell-3,1,45.0,50.0,4454.214045615883,5054.018255981839
SYNTH-45-50-1-Topic-8-Cell-4,1,45.0,50.0,4544.673096720267,5084.250028166729
SYNTH-46-1-1-Topic-7-Cell-1,1,46.0,1.0,4600.0,100.0
SYNTH-46-1-1-Topic-9-Cell-2,1,46.0,1.0,4619.635748809432,78.56550983361359
SYNTH-46-1-1-Topic-9-Cell-3,1,46.0,1.0,4559.047797432964,103.59403741055415
SYNTH-46-1-1-Topic-9-Cell-4,1,46.0,1.0,4639.956832412776,130.63415648483507
SYNTH-46-1-1-Topic-9-Cell-5,1,46.0,1.0,4589.8734502809575,42.75095642032298
SYNTH-46-2-1-Topic-0-Cell-1,1,46.0,2.0,4600.0,200.0
SYNTH-46-2-1-Topic-0-Cell-2,1,46.0,2.0,4619.635748809432,178.5655098336136
SYNTH-46-2-1-Topic-0-Cell-3,1,46.0,2.0,4559.047797432964,203.59403741055414
SYNTH-46-2-1-Topic-0-Cell-4,1,46.0,2.0,4639.956832412776,230.63415648483507
SYNTH-46-2-1-Topic-0-Cell-5,1,46.0,2.0,4589.8734502809575,142.75095642032298
SYNTH-46-3-1-Topic-0-Cell-1,1,46.0,3.0,4600.0,300.0
SYNTH-46-3-1-Topic-0-Cell-2,1,46.0,3.0,4619.635748809432,278.5655098336136
SYNTH-46-3-1-Topic-8-Cell-3,1,46.0,3.0,4559.047797432964,303.59403741055417
SYNTH-46-3-1-Topic-8-Cell-4,1,46.0,3.0,4639.956832412776,330.6341564848351
SYNTH-46-3-1-Topic-8-Cell-5,1,46.0,3.0,4589.8734502809575,242.75095642032298
SYNTH-46-4-1-Topic-2-Cell-1,1,46.0,4.0,4600.0,400.0
SYNTH-46-4-1-Topic-8-Cell-2,1,46.0,4.0,4619.635748809432,378.5655098336136
SYNTH-46-4-1-Topic-8-Cell-3,1,46.0,4.0,4559.047797432964,403.59403741055417
SYNTH-46-4-1-Topic-8-Cell-4,1,46.0,4.0,4639.956832412776,430.6341564848351
SYNTH-46-4-1-Topic-8-Cell-5,1,46.0,4.0,4589.8734502809575,342.75095642032295
SYNTH-46-5-1-Topic-7-Cell-1,1,46.0,5.0,4600.0,500.0
SYNTH-46-5-1-Topic-7-Cell-2,1,46.0,5.0,4621.953434563499,476.0355114624546
SYNTH-46-5-1-Topic-8-Cell-3,1,46.0,5.0,4554.214045615883,504.0182559818382
SYNTH-46-5-1-Topic-8-Cell-4,1,46.0,5.0,4644.673096720267,534.2500281667286
SYNTH-46-6-1-Topic-0-Cell-1,1,46.0,6.0,4600.0,600.0
SYNTH-46-6-1-Topic-7-Cell-2,1,46.0,6.0,4617.924904260718,580.4330770454125
SYNTH-46-6-1-Topic-7-Cell-3,1,46.0,6.0,4562.615924790855,603.2808922704633
SYNTH-46-6-1-Topic-8-Cell-4,1,46.0,6.0,4636.475430731552,627.9650308948122
SYNTH-46-6-1-Topic-8-Cell-5,1,46.0,6.0,4590.755767148638,547.7390123930243
SYNTH-46-6-1-Topic-8-Cell-6,1,46.0,6.0,4568.152376652497,650.0655791981769
SYNTH-46-7-1-Topic-0-Cell-1,1,46.0,7.0,4600.0,700.0
SYNTH-46-7-1-Topic-7-Cell-2,1,46.0,7.0,4617.924904260718,680.4330770454125
SYNTH-46-7-1-Topic-8-Cell-3,1,46.0,7.0,4562.615924790855,703.2808922704633
SYNTH-46-7-1-Topic-8-Cell-4,1,46.0,7.0,4636.475430731552,727.9650308948122
SYNTH-46-7-1-Topic-8-Cell-5,1,46.0,7.0,4590.755767148638,647.7390123930243
SYNTH-46-7-1-Topic-8-Cell-6,1,46.0,7.0,4568.152376652497,750.0655791981769
SYNTH-46-8-1-Topic-7-Cell-1,1,46.0,8.0,4600.0,800.0
SYNTH-46-8-1-Topic-8-Cell-2,1,46.0,8.0,4621.953434563499,776.0355114624546
SYNTH-46-8-1-Topic-8-Cell-3,1,46.0,8.0,4554.214045615883,804.0182559818381
SYNTH-46-8-1-Topic-8-Cell-4,1,46.0,8.0,4644.673096720267,834.2500281667286
SYNTH-46-9-1-Topic-5-Cell-1,1,46.0,9.0,4600.0,900.0
SYNTH-46-9-1-Topic-5-Cell-2,1,46.0,9.0,4621.953434563499,876.0355114624546
SYNTH-46-9-1-Topic-5-Cell-3,1,46.0,9.0,4554.214045615883,904.0182559818381
SYNTH-46-9-1-Topic-7-Cell-4,1,46.0,9.0,4644.673096720267,934.2500281667286
SYNTH-46-10-1-Topic-7-Cell-1,1,46.0,10.0,4600.0,1000.0
SYNTH-46-10-1-Topic-7-Cell-2,1,46.0,10.0,4621.953434563499,976.0355114624546
SYNTH-46-10-1-Topic-7-Cell-3,1,46.0,10.0,4554.214045615883,1004.0182559818381
SYNTH-46-10-1-Topic-8-Cell-4,1,46.0,10.0,4644.673096720267,1034.2500281667287
SYNTH-46-11-1-Topic-7-Cell-1,1,46.0,11.0,4600.0,1100.0
SYNTH-46-11-1-Topic-7-Cell-2,1,46.0,11.0,4619.635748809432,1078.5655098336135
SYNTH-46-11-1-Topic-7-Cell-3,1,46.0,11.0,4559.047797432964,1103.5940374105542
SYNTH-46-11-1-Topic-8-Cell-4,1,46.0,11.0,4639.956832412776,1130.634156484835
SYNTH-46-11-1-Topic-8-Cell-5,1,46.0,11.0,4589.8734502809575,1042.750956420323
SYNTH-46-12-1-Topic-0-Cell-1,1,46.0,12.0,4600.0,1200.0
SYNTH-46-12-1-Topic-8-Cell-2,1,46.0,12.0,4619.635748809432,1178.5655098336135
SYNTH-46-12-1-Topic-8-Cell-3,1,46.0,12.0,4559.047797432964,1203.5940374105542
SYNTH-46-12-1-Topic-8-Cell-4,1,46.0,12.0,4639.956832412776,1230.634156484835
SYNTH-46-12-1-Topic-8-Cell-5,1,46.0,12.0,4589.8734502809575,1142.750956420323
SYNTH-46-13-1-Topic-7-Cell-1,1,46.0,13.0,4600.0,1300.0
SYNTH-46-13-1-Topic-7-Cell-2,1,46.0,13.0,4621.953434563499,1276.0355114624547
SYNTH-46-13-1-Topic-8-Cell-3,1,46.0,13.0,4554.214045615883,1304.0182559818381
SYNTH-46-13-1-Topic-8-Cell-4,1,46.0,13.0,4644.673096720267,1334.2500281667287
SYNTH-46-14-1-Topic-2-Cell-1,1,46.0,14.0,4600.0,1400.0
SYNTH-46-14-1-Topic-9-Cell-2,1,46.0,14.0,4619.635748809432,1378.5655098336135
SYNTH-46-14-1-Topic-9-Cell-3,1,46.0,14.0,4559.047797432964,1403.5940374105542
SYNTH-46-14-1-Topic-9-Cell-4,1,46.0,14.0,4639.956832412776,1430.634156484835
SYNTH-46-14-1-Topic-9-Cell-5,1,46.0,14.0,4589.8734502809575,1342.750956420323
SYNTH-46-15-1-Topic-0-Cell-1,1,46.0,15.0,4600.0,1500.0
SYNTH-46-15-1-Topic-0-Cell-2,1,46.0,15.0,4617.924904260718,1480.4330770454126
SYNTH-46-15-1-Topic-8-Cell-3,1,46.0,15.0,4562.615924790855,1503.2808922704633
SYNTH-46-15-1-Topic-8-Cell-4,1,46.0,15.0,4636.475430731552,1527.9650308948123
SYNTH-46-15-1-Topic-9-Cell-5,1,46.0,15.0,4590.755767148638,1447.7390123930243
SYNTH-46-15-1-Topic-9-Cell-6,1,46.0,15.0,4568.152376652497,1550.065579198177
SYNTH-46-16-1-Topic-0-Cell-1,1,46.0,16.0,4600.0,1600.0
SYNTH-46-16-1-Topic-7-Cell-2,1,46.0,16.0,4619.635748809432,1578.5655098336135
SYNTH-46-16-1-Topic-8-Cell-3,1,46.0,16.0,4559.047797432964,1603.5940374105542
SYNTH-46-16-1-Topic-8-Cell-4,1,46.0,16.0,4639.956832412776,1630.634156484835
SYNTH-46-16-1-Topic-8-Cell-5,1,46.0,16.0,4589.8734502809575,1542.750956420323
SYNTH-46-17-1-Topic-0-Cell-1,1,46.0,17.0,4600.0,1700.0
SYNTH-46-17-1-Topic-0-Cell-2,1,46.0,17.0,4619.635748809432,1678.5655098336135
SYNTH-46-17-1-Topic-0-Cell-3,1,46.0,17.0,4559.047797432964,1703.5940374105542
SYNTH-46-17-1-Topic-8-Cell-4,1,46.0,17.0,4639.956832412776,1730.634156484835
SYNTH-46-17-1-Topic-8-Cell-5,1,46.0,17.0,4589.8734502809575,1642.750956420323
SYNTH-46-18-1-Topic-0-Cell-1,1,46.0,18.0,4600.0,1800.0
SYNTH-46-18-1-Topic-8-Cell-2,1,46.0,18.0,4621.953434563499,1776.0355114624547
SYNTH-46-18-1-Topic-8-Cell-3,1,46.0,18.0,4554.214045615883,1804.0182559818381
SYNTH-46-18-1-Topic-8-Cell-4,1,46.0,18.0,4644.673096720267,1834.2500281667287
SYNTH-46-19-1-Topic-0-Cell-1,1,46.0,19.0,4600.0,1900.0
SYNTH-46-19-1-Topic-0-Cell-2,1,46.0,19.0,4617.924904260718,1880.4330770454126
SYNTH-46-19-1-Topic-0-Cell-3,1,46.0,19.0,4562.615924790855,1903.2808922704633
SYNTH-46-19-1-Topic-0-Cell-4,1,46.0,19.0,4636.475430731552,1927.9650308948123
SYNTH-46-19-1-Topic-0-Cell-5,1,46.0,19.0,4590.755767148638,1847.7390123930243
SYNTH-46-19-1-Topic-8-Cell-6,1,46.0,19.0,4568.152376652497,1950.065579198177
SYNTH-46-20-1-Topic-4-Cell-1,1,46.0,20.0,4600.0,2000.0
SYNTH-46-20-1-Topic-7-Cell-2,1,46.0,20.0,4619.635748809432,1978.5655098336135
SYNTH-46-20-1-Topic-8-Cell-3,1,46.0,20.0,4559.047797432964,2003.5940374105542
SYNTH-46-20-1-Topic-8-Cell-4,1,46.0,20.0,4639.956832412776,2030.634156484835
SYNTH-46-20-1-Topic-8-Cell-5,1,46.0,20.0,4589.8734502809575,1942.750956420323
SYNTH-46-21-1-Topic-8-Cell-1,1,46.0,21.0,4600.0,2100.0
SYNTH-46-21-1-Topic-8-Cell-2,1,46.0,21.0,4617.924904260718,2080.4330770454126
SYNTH-46-21-1-Topic-8-Cell-3,1,46.0,21.0,4562.615924790855,2103.2808922704635
SYNTH-46-21-1-Topic-8-Cell-4,1,46.0,21.0,4636.475430731552,2127.965030894812
SYNTH-46-21-1-Topic-8-Cell-5,1,46.0,21.0,4590.755767148638,2047.7390123930243
SYNTH-46-21-1-Topic-9-Cell-6,1,46.0,21.0,4568.152376652497,2150.065579198177
SYNTH-46-22-1-Topic-8-Cell-1,1,46.0,22.0,4600.0,2200.0
SYNTH-46-22-1-Topic-8-Cell-2,1,46.0,22.0,4617.924904260718,2180.4330770454126
SYNTH-46-22-1-Topic-8-Cell-3,1,46.0,22.0,4562.615924790855,2203.2808922704635
SYNTH-46-22-1-Topic-8-Cell-4,1,46.0,22.0,4636.475430731552,2227.965030894812
SYNTH-46-22-1-Topic-8-Cell-5,1,46.0,22.0,4590.755767148638,2147.7390123930245
SYNTH-46-22-1-Topic-8-Cell-6,1,46.0,22.0,4568.152376652497,2250.065579198177
SYNTH-46-23-1-Topic-7-Cell-1,1,46.0,23.0,4600.0,2300.0
SYNTH-46-24-1-Topic-7-Cell-1,1,46.0,24.0,4600.0,2400.0
SYNTH-46-24-1-Topic-8-Cell-2,1,46.0,24.0,4621.953434563499,2376.0355114624545
SYNTH-46-24-1-Topic-8-Cell-3,1,46.0,24.0,4554.214045615883,2404.018255981838
SYNTH-46-24-1-Topic-8-Cell-4,1,46.0,24.0,4644.673096720267,2434.2500281667285
SYNTH-46-25-1-Topic-0-Cell-1,1,46.0,25.0,4600.0,2500.0
SYNTH-46-25-1-Topic-0-Cell-2,1,46.0,25.0,4616.595236651071,2481.884549437942
SYNTH-46-25-1-Topic-7-Cell-3,1,46.0,25.0,4565.389071759965,2503.0375160091835
SYNTH-46-25-1-Topic-7-Cell-4,1,46.0,25.0,4633.769686919131,2525.8905876931776
SYNTH-46-25-1-Topic-7-Cell-5,1,46.0,25.0,4591.441503419232,2451.6157272394976
SYNTH-46-25-1-Topic-10-Cell-6,1,46.0,25.0,4570.514830174896,2546.3517195284267
SYNTH-46-25-1-Topic-10-Cell-7,1,46.0,25.0,4658.115097723178,2484.3774525747567
SYNTH-46-26-1-Topic-0-Cell-1,1,46.0,26.0,4600.0,2600.0
SYNTH-46-26-1-Topic-8-Cell-2,1,46.0,26.0,4617.924904260718,2580.4330770454126
SYNTH-46-26-1-Topic-8-Cell-3,1,46.0,26.0,4562.615924790855,2603.2808922704635
SYNTH-46-26-1-Topic-8-Cell-4,1,46.0,26.0,4636.475430731552,2627.965030894812
SYNTH-46-26-1-Topic-8-Cell-5,1,46.0,26.0,4590.755767148638,2547.7390123930245
SYNTH-46-26-1-Topic-8-Cell-6,1,46.0,26.0,4568.152376652497,2650.065579198177
SYNTH-46-27-1-Topic-0-Cell-1,1,46.0,27.0,4600.0,2700.0
SYNTH-46-27-1-Topic-8-Cell-2,1,46.0,27.0,4619.635748809432,2678.5655098336138
SYNTH-46-27-1-Topic-8-Cell-3,1,46.0,27.0,4559.047797432964,2703.594037410554
SYNTH-46-27-1-Topic-8-Cell-4,1,46.0,27.0,4639.956832412776,2730.634156484835
SYNTH-46-27-1-Topic-8-Cell-5,1,46.0,27.0,4589.8734502809575,2642.750956420323
SYNTH-46-28-1-Topic-10-Cell-1,1,46.0,28.0,4600.0,2800.0
SYNTH-46-28-1-Topic-10-Cell-2,1,46.0,28.0,4619.635748809432,2778.5655098336138
SYNTH-46-28-1-Topic-10-Cell-3,1,46.0,28.0,4559.047797432964,2803.594037410554
SYNTH-46-28-1-Topic-10-Cell-4,1,46.0,28.0,4639.956832412776,2830.634156484835
SYNTH-46-28-1-Topic-10-Cell-5,1,46.0,28.0,4589.8734502809575,2742.750956420323
SYNTH-46-29-1-Topic-0-Cell-1,1,46.0,29.0,4600.0,2900.0
SYNTH-46-29-1-Topic-0-Cell-2,1,46.0,29.0,4619.635748809432,2878.5655098336138
SYNTH-46-29-1-Topic-8-Cell-3,1,46.0,29.0,4559.047797432964,2903.594037410554
SYNTH-46-29-1-Topic-9-Cell-4,1,46.0,29.0,4639.956832412776,2930.634156484835
SYNTH-46-29-1-Topic-9-Cell-5,1,46.0,29.0,4589.8734502809575,2842.750956420323
SYNTH-46-30-1-Topic-7-Cell-1,1,46.0,30.0,4600.0,3000.0
SYNTH-46-30-1-Topic-7-Cell-2,1,46.0,30.0,4619.635748809432,2978.5655098336138
SYNTH-46-30-1-Topic-8-Cell-3,1,46.0,30.0,4559.047797432964,3003.594037410554
SYNTH-46-30-1-Topic-8-Cell-4,1,46.0,30.0,4639.956832412776,3030.634156484835
SYNTH-46-30-1-Topic-9-Cell-5,1,46.0,30.0,4589.8734502809575,2942.750956420323
SYNTH-46-31-1-Topic-0-Cell-1,1,46.0,31.0,4600.0,3100.0
SYNTH-46-31-1-Topic-7-Cell-2,1,46.0,31.0,4619.635748809432,3078.5655098336138
SYNTH-46-31-1-Topic-7-Cell-3,1,46.0,31.0,4559.047797432964,3103.594037410554
SYNTH-46-31-1-Topic-8-Cell-4,1,46.0,31.0,4639.956832412776,3130.634156484835
SYNTH-46-31-1-Topic-8-Cell-5,1,46.0,31.0,4589.8734502809575,3042.750956420323
SYNTH-46-32-1-Topic-8-Cell-1,1,46.0,32.0,4600.0,3200.0
SYNTH-46-32-1-Topic-8-Cell-2,1,46.0,32.0,4621.953434563499,3176.0355114624545
SYNTH-46-32-1-Topic-8-Cell-3,1,46.0,32.0,4554.214045615883,3204.018255981838
SYNTH-46-32-1-Topic-8-Cell-4,1,46.0,32.0,4644.673096720267,3234.2500281667285
SYNTH-46-33-1-Topic-0-Cell-1,1,46.0,33.0,4600.0,3300.0
SYNTH-46-33-1-Topic-0-Cell-2,1,46.0,33.0,4617.924904260718,3280.4330770454126
SYNTH-46-33-1-Topic-0-Cell-3,1,46.0,33.0,4562.615924790855,3303.2808922704635
SYNTH-46-33-1-Topic-0-Cell-4,1,46.0,33.0,4636.475430731552,3327.965030894812
SYNTH-46-33-1-Topic-8-Cell-5,1,46.0,33.0,4590.755767148638,3247.7390123930245
SYNTH-46-33-1-Topic-9-Cell-6,1,46.0,33.0,4568.152376652497,3350.065579198177
SYNTH-46-34-1-Topic-0-Cell-1,1,46.0,34.0,4600.0,3400.0
SYNTH-46-34-1-Topic-7-Cell-2,1,46.0,34.0,4617.924904260718,3380.4330770454126
SYNTH-46-34-1-Topic-8-Cell-3,1,46.0,34.0,4562.615924790855,3403.2808922704635
SYNTH-46-34-1-Topic-8-Cell-4,1,46.0,34.0,4636.475430731552,3427.965030894812
SYNTH-46-34-1-Topic-9-Cell-5,1,46.0,34.0,4590.755767148638,3347.7390123930245
SYNTH-46-34-1-Topic-9-Cell-6,1,46.0,34.0,4568.152376652497,3450.065579198177
SYNTH-46-35-1-Topic-4-Cell-1,1,46.0,35.0,4600.0,3500.0
SYNTH-46-35-1-Topic-8-Cell-2,1,46.0,35.0,4621.953434563499,3476.0355114624545
SYNTH-46-35-1-Topic-8-Cell-3,1,46.0,35.0,4554.214045615883,3504.018255981838
SYNTH-46-35-1-Topic-8-Cell-4,1,46.0,35.0,4644.673096720267,3534.2500281667285
SYNTH-46-36-1-Topic-0-Cell-1,1,46.0,36.0,4600.0,3600.0
SYNTH-46-36-1-Topic-0-Cell-2,1,46.0,36.0,4619.635748809432,3578.5655098336138
SYNTH-46-36-1-Topic-0-Cell-3,1,46.0,36.0,4559.047797432964,3603.594037410554
SYNTH-46-36-1-Topic-8-Cell-4,1,46.0,36.0,4639.956832412776,3630.634156484835
SYNTH-46-36-1-Topic-8-Cell-5,1,46.0,36.0,4589.8734502809575,3542.750956420323
SYNTH-46-37-1-Topic-0-Cell-1,1,46.0,37.0,4600.0,3700.0
SYNTH-46-37-1-Topic-0-Cell-2,1,46.0,37.0,4617.924904260718,3680.4330770454126
SYNTH-46-37-1-Topic-0-Cell-3,1,46.0,37.0,4562.615924790855,3703.2808922704635
SYNTH-46-37-1-Topic-0-Cell-4,1,46.0,37.0,4636.475430731552,3727.965030894812
SYNTH-46-37-1-Topic-8-Cell-5,1,46.0,37.0,4590.755767148638,3647.7390123930245
SYNTH-46-37-1-Topic-9-Cell-6,1,46.0,37.0,4568.152376652497,3750.065579198177
SYNTH-46-38-1-Topic-0-Cell-1,1,46.0,38.0,4600.0,3800.0
SYNTH-46-38-1-Topic-0-Cell-2,1,46.0,38.0,4619.635748809432,3778.5655098336138
SYNTH-46-38-1-Topic-0-Cell-3,1,46.0,38.0,4559.047797432964,3803.594037410554
SYNTH-46-38-1-Topic-8-Cell-4,1,46.0,38.0,4639.956832412776,3830.634156484835
SYNTH-46-38-1-Topic-8-Cell-5,1,46.0,38.0,4589.8734502809575,3742.750956420323
SYNTH-46-39-1-Topic-0-Cell-1,1,46.0,39.0,4600.0,3900.0
SYNTH-46-39-1-Topic-0-Cell-2,1,46.0,39.0,4617.924904260718,3880.4330770454126
SYNTH-46-39-1-Topic-0-Cell-3,1,46.0,39.0,4562.615924790855,3903.2808922704635
SYNTH-46-39-1-Topic-8-Cell-4,1,46.0,39.0,4636.475430731552,3927.965030894812
SYNTH-46-39-1-Topic-8-Cell-5,1,46.0,39.0,4590.755767148638,3847.7390123930245
SYNTH-46-39-1-Topic-8-Cell-6,1,46.0,39.0,4568.152376652497,3950.065579198177
SYNTH-46-40-1-Topic-8-Cell-1,1,46.0,40.0,4600.0,4000.0
SYNTH-46-40-1-Topic-8-Cell-2,1,46.0,40.0,4621.953434563499,3976.0355114624545
SYNTH-46-40-1-Topic-8-Cell-3,1,46.0,40.0,4554.214045615883,4004.018255981838
SYNTH-46-40-1-Topic-8-Cell-4,1,46.0,40.0,4644.673096720267,4034.2500281667285
SYNTH-46-41-1-Topic-8-Cell-1,1,46.0,41.0,4600.0,4100.0
SYNTH-46-41-1-Topic-8-Cell-2,1,46.0,41.0,4619.635748809432,4078.5655098336138
SYNTH-46-41-1-Topic-8-Cell-3,1,46.0,41.0,4559.047797432964,4103.594037410554
SYNTH-46-41-1-Topic-8-Cell-4,1,46.0,41.0,4639.956832412776,4130.634156484835
SYNTH-46-41-1-Topic-8-Cell-5,1,46.0,41.0,4589.8734502809575,4042.750956420323
SYNTH-46-42-1-Topic-8-Cell-1,1,46.0,42.0,4600.0,4200.0
SYNTH-46-42-1-Topic-8-Cell-2,1,46.0,42.0,4619.635748809432,4178.565509833614
SYNTH-46-42-1-Topic-8-Cell-3,1,46.0,42.0,4559.047797432964,4203.594037410554
SYNTH-46-42-1-Topic-8-Cell-4,1,46.0,42.0,4639.956832412776,4230.634156484835
SYNTH-46-42-1-Topic-8-Cell-5,1,46.0,42.0,4589.8734502809575,4142.750956420323
SYNTH-46-43-1-Topic-8-Cell-1,1,46.0,43.0,4600.0,4300.0
SYNTH-46-43-1-Topic-8-Cell-2,1,46.0,43.0,4619.635748809432,4278.565509833614
SYNTH-46-43-1-Topic-8-Cell-3,1,46.0,43.0,4559.047797432964,4303.594037410554
SYNTH-46-43-1-Topic-8-Cell-4,1,46.0,43.0,4639.956832412776,4330.634156484835
SYNTH-46-43-1-Topic-8-Cell-5,1,46.0,43.0,4589.8734502809575,4242.750956420323
SYNTH-46-44-1-Topic-7-Cell-1,1,46.0,44.0,4600.0,4400.0
SYNTH-46-44-1-Topic-7-Cell-2,1,46.0,44.0,4617.924904260718,4380.433077045413
SYNTH-46-44-1-Topic-8-Cell-3,1,46.0,44.0,4562.615924790855,4403.2808922704635
SYNTH-46-44-1-Topic-8-Cell-4,1,46.0,44.0,4636.475430731552,4427.965030894812
SYNTH-46-44-1-Topic-9-Cell-5,1,46.0,44.0,4590.755767148638,4347.7390123930245
SYNTH-46-44-1-Topic-9-Cell-6,1,46.0,44.0,4568.152376652497,4450.065579198177
SYNTH-46-45-1-Topic-0-Cell-1,1,46.0,45.0,4600.0,4500.0
SYNTH-46-45-1-Topic-0-Cell-2,1,46.0,45.0,4619.635748809432,4478.565509833614
SYNTH-46-45-1-Topic-8-Cell-3,1,46.0,45.0,4559.047797432964,4503.594037410554
SYNTH-46-45-1-Topic-8-Cell-4,1,46.0,45.0,4639.956832412776,4530.634156484835
SYNTH-46-45-1-Topic-8-Cell-5,1,46.0,45.0,4589.8734502809575,4442.750956420323
SYNTH-46-46-1-Topic-0-Cell-1,1,46.0,46.0,4600.0,4600.0
SYNTH-46-46-1-Topic-0-Cell-2,1,46.0,46.0,4617.924904260718,4580.433077045413
SYNTH-46-46-1-Topic-0-Cell-3,1,46.0,46.0,4562.615924790855,4603.2808922704635
SYNTH-46-46-1-Topic-0-Cell-4,1,46.0,46.0,4636.475430731552,4627.965030894812
SYNTH-46-46-1-Topic-8-Cell-5,1,46.0,46.0,4590.755767148638,4547.7390123930245
SYNTH-46-46-1-Topic-8-Cell-6,1,46.0,46.0,4568.152376652497,4650.065579198177
SYNTH-46-47-1-Topic-0-Cell-1,1,46.0,47.0,4600.0,4700.0
SYNTH-46-47-1-Topic-0-Cell-2,1,46.0,47.0,4619.635748809432,4678.565509833614
SYNTH-46-47-1-Topic-0-Cell-3,1,46.0,47.0,4559.047797432964,4703.594037410554
SYNTH-46-47-1-Topic-0-Cell-4,1,46.0,47.0,4639.956832412776,4730.634156484835
SYNTH-46-47-1-Topic-8-Cell-5,1,46.0,47.0,4589.8734502809575,4642.750956420323
SYNTH-46-48-1-Topic-8-Cell-1,1,46.0,48.0,4600.0,4800.0
SYNTH-46-48-1-Topic-8-Cell-2,1,46.0,48.0,4619.635748809432,4778.565509833614
SYNTH-46-48-1-Topic-8-Cell-3,1,46.0,48.0,4559.047797432964,4803.594037410554
SYNTH-46-48-1-Topic-8-Cell-4,1,46.0,48.0,4639.956832412776,4830.634156484835
SYNTH-46-48-1-Topic-8-Cell-5,1,46.0,48.0,4589.8734502809575,4742.750956420323
SYNTH-46-49-1-Topic-8-Cell-1,1,46.0,49.0,4600.0,4900.0
SYNTH-46-49-1-Topic-8-Cell-2,1,46.0,49.0,4621.953434563499,4876.035511462454
SYNTH-46-49-1-Topic-8-Cell-3,1,46.0,49.0,4554.214045615883,4904.018255981839
SYNTH-46-49-1-Topic-8-Cell-4,1,46.0,49.0,4644.673096720267,4934.250028166729
SYNTH-46-50-1-Topic-8-Cell-1,1,46.0,50.0,4600.0,5000.0
SYNTH-46-50-1-Topic-8-Cell-2,1,46.0,50.0,4625.349642709746,4972.328192183713
SYNTH-46-50-1-Topic-8-Cell-3,1,46.0,50.0,4547.130933822453,5004.639882345574
SYNTH-47-1-1-Topic-8-Cell-1,1,47.0,1.0,4700.0,150.0
SYNTH-47-1-1-Topic-8-Cell-2,1,47.0,1.0,4719.635748809432,128.5655098336136
SYNTH-47-1-1-Topic-8-Cell-3,1,47.0,1.0,4659.047797432964,153.59403741055414
SYNTH-47-1-1-Topic-9-Cell-4,1,47.0,1.0,4739.956832412776,180.63415648483507
SYNTH-47-1-1-Topic-9-Cell-5,1,47.0,1.0,4689.8734502809575,92.75095642032298
SYNTH-47-2-1-Topic-0-Cell-1,1,47.0,2.0,4700.0,250.0
SYNTH-47-2-1-Topic-8-Cell-2,1,47.0,2.0,4719.635748809432,228.5655098336136
SYNTH-47-2-1-Topic-8-Cell-3,1,47.0,2.0,4659.047797432964,253.59403741055414
SYNTH-47-2-1-Topic-8-Cell-4,1,47.0,2.0,4739.956832412776,280.6341564848351
SYNTH-47-2-1-Topic-10-Cell-5,1,47.0,2.0,4689.8734502809575,192.75095642032298
SYNTH-47-3-1-Topic-0-Cell-1,1,47.0,3.0,4700.0,350.0
SYNTH-47-3-1-Topic-0-Cell-2,1,47.0,3.0,4719.635748809432,328.5655098336136
SYNTH-47-3-1-Topic-8-Cell-3,1,47.0,3.0,4659.047797432964,353.59403741055417
SYNTH-47-3-1-Topic-9-Cell-4,1,47.0,3.0,4739.956832412776,380.6341564848351
SYNTH-47-3-1-Topic-9-Cell-5,1,47.0,3.0,4689.8734502809575,292.75095642032295
SYNTH-47-4-1-Topic-0-Cell-1,1,47.0,4.0,4700.0,450.0
SYNTH-47-4-1-Topic-0-Cell-2,1,47.0,4.0,4719.635748809432,428.5655098336136
SYNTH-47-4-1-Topic-8-Cell-3,1,47.0,4.0,4659.047797432964,453.59403741055417
SYNTH-47-4-1-Topic-8-Cell-4,1,47.0,4.0,4739.956832412776,480.6341564848351
SYNTH-47-4-1-Topic-8-Cell-5,1,47.0,4.0,4689.8734502809575,392.75095642032295
SYNTH-47-5-1-Topic-7-Cell-1,1,47.0,5.0,4700.0,550.0
SYNTH-47-5-1-Topic-7-Cell-2,1,47.0,5.0,4719.635748809432,528.5655098336136
SYNTH-47-5-1-Topic-8-Cell-3,1,47.0,5.0,4659.047797432964,553.5940374105542
SYNTH-47-5-1-Topic-8-Cell-4,1,47.0,5.0,4739.956832412776,580.6341564848351
SYNTH-47-5-1-Topic-8-Cell-5,1,47.0,5.0,4689.8734502809575,492.75095642032295
SYNTH-47-6-1-Topic-4-Cell-1,1,47.0,6.0,4700.0,650.0
SYNTH-47-6-1-Topic-7-Cell-2,1,47.0,6.0,4719.635748809432,628.5655098336136
SYNTH-47-6-1-Topic-7-Cell-3,1,47.0,6.0,4659.047797432964,653.5940374105542
SYNTH-47-6-1-Topic-7-Cell-4,1,47.0,6.0,4739.956832412776,680.6341564848351
SYNTH-47-6-1-Topic-7-Cell-5,1,47.0,6.0,4689.8734502809575,592.750956420323
SYNTH-47-7-1-Topic-8-Cell-1,1,47.0,7.0,4700.0,750.0
SYNTH-47-7-1-Topic-8-Cell-2,1,47.0,7.0,4719.635748809432,728.5655098336136
SYNTH-47-7-1-Topic-8-Cell-3,1,47.0,7.0,4659.047797432964,753.5940374105542
SYNTH-47-7-1-Topic-8-Cell-4,1,47.0,7.0,4739.956832412776,780.6341564848351
SYNTH-47-7-1-Topic-8-Cell-5,1,47.0,7.0,4689.8734502809575,692.750956420323
SYNTH-47-8-1-Topic-8-Cell-1,1,47.0,8.0,4700.0,850.0
SYNTH-47-8-1-Topic-8-Cell-2,1,47.0,8.0,4719.635748809432,828.5655098336136
SYNTH-47-8-1-Topic-8-Cell-3,1,47.0,8.0,4659.047797432964,853.5940374105542
SYNTH-47-8-1-Topic-8-Cell-4,1,47.0,8.0,4739.956832412776,880.6341564848351
SYNTH-47-8-1-Topic-8-Cell-5,1,47.0,8.0,4689.8734502809575,792.750956420323
SYNTH-47-9-1-Topic-0-Cell-1,1,47.0,9.0,4700.0,950.0
SYNTH-47-9-1-Topic-0-Cell-2,1,47.0,9.0,4719.635748809432,928.5655098336136
SYNTH-47-9-1-Topic-8-Cell-3,1,47.0,9.0,4659.047797432964,953.5940374105542
SYNTH-47-9-1-Topic-8-Cell-4,1,47.0,9.0,4739.956832412776,980.6341564848351
SYNTH-47-9-1-Topic-9-Cell-5,1,47.0,9.0,4689.8734502809575,892.750956420323
SYNTH-47-10-1-Topic-7-Cell-1,1,47.0,10.0,4700.0,1050.0
SYNTH-47-10-1-Topic-7-Cell-2,1,47.0,10.0,4717.924904260718,1030.4330770454126
SYNTH-47-10-1-Topic-7-Cell-3,1,47.0,10.0,4662.615924790855,1053.2808922704633
SYNTH-47-10-1-Topic-8-Cell-4,1,47.0,10.0,4736.475430731552,1077.9650308948123
SYNTH-47-10-1-Topic-10-Cell-5,1,47.0,10.0,4690.755767148638,997.7390123930243
SYNTH-47-10-1-Topic-10-Cell-6,1,47.0,10.0,4668.152376652497,1100.065579198177
SYNTH-47-11-1-Topic-8-Cell-1,1,47.0,11.0,4700.0,1150.0
SYNTH-47-11-1-Topic-8-Cell-2,1,47.0,11.0,4719.635748809432,1128.5655098336135
SYNTH-47-11-1-Topic-8-Cell-3,1,47.0,11.0,4659.047797432964,1153.5940374105542
SYNTH-47-11-1-Topic-9-Cell-4,1,47.0,11.0,4739.956832412776,1180.634156484835
SYNTH-47-11-1-Topic-10-Cell-5,1,47.0,11.0,4689.8734502809575,1092.750956420323
SYNTH-47-12-1-Topic-8-Cell-1,1,47.0,12.0,4700.0,1250.0
SYNTH-47-12-1-Topic-8-Cell-2,1,47.0,12.0,4719.635748809432,1228.5655098336135
SYNTH-47-12-1-Topic-8-Cell-3,1,47.0,12.0,4659.047797432964,1253.5940374105542
SYNTH-47-12-1-Topic-8-Cell-4,1,47.0,12.0,4739.956832412776,1280.634156484835
SYNTH-47-12-1-Topic-8-Cell-5,1,47.0,12.0,4689.8734502809575,1192.750956420323
SYNTH-47-13-1-Topic-0-Cell-1,1,47.0,13.0,4700.0,1350.0
SYNTH-47-13-1-Topic-0-Cell-2,1,47.0,13.0,4717.924904260718,1330.4330770454126
SYNTH-47-13-1-Topic-8-Cell-3,1,47.0,13.0,4662.615924790855,1353.2808922704633
SYNTH-47-13-1-Topic-8-Cell-4,1,47.0,13.0,4736.475430731552,1377.9650308948123
SYNTH-47-13-1-Topic-8-Cell-5,1,47.0,13.0,4690.755767148638,1297.7390123930243
SYNTH-47-13-1-Topic-8-Cell-6,1,47.0,13.0,4668.152376652497,1400.065579198177
SYNTH-47-14-1-Topic-0-Cell-1,1,47.0,14.0,4700.0,1450.0
SYNTH-47-14-1-Topic-8-Cell-2,1,47.0,14.0,4719.635748809432,1428.5655098336135
SYNTH-47-14-1-Topic-8-Cell-3,1,47.0,14.0,4659.047797432964,1453.5940374105542
SYNTH-47-14-1-Topic-8-Cell-4,1,47.0,14.0,4739.956832412776,1480.634156484835
SYNTH-47-14-1-Topic-8-Cell-5,1,47.0,14.0,4689.8734502809575,1392.750956420323
SYNTH-47-15-1-Topic-0-Cell-1,1,47.0,15.0,4700.0,1550.0
SYNTH-47-15-1-Topic-7-Cell-2,1,47.0,15.0,4719.635748809432,1528.5655098336135
SYNTH-47-15-1-Topic-8-Cell-3,1,47.0,15.0,4659.047797432964,1553.5940374105542
SYNTH-47-15-1-Topic-8-Cell-4,1,47.0,15.0,4739.956832412776,1580.634156484835
SYNTH-47-15-1-Topic-8-Cell-5,1,47.0,15.0,4689.8734502809575,1492.750956420323
SYNTH-47-16-1-Topic-8-Cell-1,1,47.0,16.0,4700.0,1650.0
SYNTH-47-16-1-Topic-8-Cell-2,1,47.0,16.0,4719.635748809432,1628.5655098336135
SYNTH-47-16-1-Topic-8-Cell-3,1,47.0,16.0,4659.047797432964,1653.5940374105542
SYNTH-47-16-1-Topic-8-Cell-4,1,47.0,16.0,4739.956832412776,1680.634156484835
SYNTH-47-16-1-Topic-8-Cell-5,1,47.0,16.0,4689.8734502809575,1592.750956420323
SYNTH-47-17-1-Topic-7-Cell-1,1,47.0,17.0,4700.0,1750.0
SYNTH-47-17-1-Topic-7-Cell-2,1,47.0,17.0,4719.635748809432,1728.5655098336135
SYNTH-47-17-1-Topic-8-Cell-3,1,47.0,17.0,4659.047797432964,1753.5940374105542
SYNTH-47-17-1-Topic-8-Cell-4,1,47.0,17.0,4739.956832412776,1780.634156484835
SYNTH-47-17-1-Topic-8-Cell-5,1,47.0,17.0,4689.8734502809575,1692.750956420323
SYNTH-47-18-1-Topic-0-Cell-1,1,47.0,18.0,4700.0,1850.0
SYNTH-47-18-1-Topic-0-Cell-2,1,47.0,18.0,4717.924904260718,1830.4330770454126
SYNTH-47-18-1-Topic-0-Cell-3,1,47.0,18.0,4662.615924790855,1853.2808922704633
SYNTH-47-18-1-Topic-8-Cell-4,1,47.0,18.0,4736.475430731552,1877.9650308948123
SYNTH-47-18-1-Topic-8-Cell-5,1,47.0,18.0,4690.755767148638,1797.7390123930243
SYNTH-47-18-1-Topic-8-Cell-6,1,47.0,18.0,4668.152376652497,1900.065579198177
SYNTH-47-19-1-Topic-7-Cell-1,1,47.0,19.0,4700.0,1950.0
SYNTH-47-19-1-Topic-7-Cell-2,1,47.0,19.0,4719.635748809432,1928.5655098336135
SYNTH-47-19-1-Topic-8-Cell-3,1,47.0,19.0,4659.047797432964,1953.5940374105542
SYNTH-47-19-1-Topic-8-Cell-4,1,47.0,19.0,4739.956832412776,1980.634156484835
SYNTH-47-19-1-Topic-10-Cell-5,1,47.0,19.0,4689.8734502809575,1892.750956420323
SYNTH-47-20-1-Topic-0-Cell-1,1,47.0,20.0,4700.0,2050.0
SYNTH-47-20-1-Topic-8-Cell-2,1,47.0,20.0,4719.635748809432,2028.5655098336135
SYNTH-47-20-1-Topic-8-Cell-3,1,47.0,20.0,4659.047797432964,2053.594037410554
SYNTH-47-20-1-Topic-8-Cell-4,1,47.0,20.0,4739.956832412776,2080.634156484835
SYNTH-47-20-1-Topic-8-Cell-5,1,47.0,20.0,4689.8734502809575,1992.750956420323
SYNTH-47-21-1-Topic-0-Cell-1,1,47.0,21.0,4700.0,2150.0
SYNTH-47-21-1-Topic-0-Cell-2,1,47.0,21.0,4717.924904260718,2130.4330770454126
SYNTH-47-21-1-Topic-0-Cell-3,1,47.0,21.0,4662.615924790855,2153.2808922704635
SYNTH-47-21-1-Topic-0-Cell-4,1,47.0,21.0,4736.475430731552,2177.965030894812
SYNTH-47-21-1-Topic-0-Cell-5,1,47.0,21.0,4690.755767148638,2097.7390123930245
SYNTH-47-21-1-Topic-8-Cell-6,1,47.0,21.0,4668.152376652497,2200.065579198177
SYNTH-47-22-1-Topic-0-Cell-1,1,47.0,22.0,4700.0,2250.0
SYNTH-47-22-1-Topic-0-Cell-2,1,47.0,22.0,4719.635748809432,2228.5655098336138
SYNTH-47-22-1-Topic-7-Cell-3,1,47.0,22.0,4659.047797432964,2253.594037410554
SYNTH-47-22-1-Topic-7-Cell-4,1,47.0,22.0,4739.956832412776,2280.634156484835
SYNTH-47-22-1-Topic-8-Cell-5,1,47.0,22.0,4689.8734502809575,2192.750956420323
SYNTH-47-23-1-Topic-8-Cell-1,1,47.0,23.0,4700.0,2350.0
SYNTH-47-23-1-Topic-8-Cell-2,1,47.0,23.0,4719.635748809432,2328.5655098336138
SYNTH-47-23-1-Topic-8-Cell-3,1,47.0,23.0,4659.047797432964,2353.594037410554
SYNTH-47-23-1-Topic-8-Cell-4,1,47.0,23.0,4739.956832412776,2380.634156484835
SYNTH-47-23-1-Topic-8-Cell-5,1,47.0,23.0,4689.8734502809575,2292.750956420323
SYNTH-47-24-1-Topic-0-Cell-1,1,47.0,24.0,4700.0,2450.0
SYNTH-47-24-1-Topic-0-Cell-2,1,47.0,24.0,4719.635748809432,2428.5655098336138
SYNTH-47-24-1-Topic-0-Cell-3,1,47.0,24.0,4659.047797432964,2453.594037410554
SYNTH-47-24-1-Topic-8-Cell-4,1,47.0,24.0,4739.956832412776,2480.634156484835
SYNTH-47-24-1-Topic-8-Cell-5,1,47.0,24.0,4689.8734502809575,2392.750956420323
SYNTH-47-25-1-Topic-0-Cell-1,1,47.0,25.0,4700.0,2550.0
SYNTH-47-25-1-Topic-0-Cell-2,1,47.0,25.0,4719.635748809432,2528.5655098336138
SYNTH-47-25-1-Topic-0-Cell-3,1,47.0,25.0,4659.047797432964,2553.594037410554
SYNTH-47-25-1-Topic-8-Cell-4,1,47.0,25.0,4739.956832412776,2580.634156484835
SYNTH-47-25-1-Topic-8-Cell-5,1,47.0,25.0,4689.8734502809575,2492.750956420323
SYNTH-47-26-1-Topic-7-Cell-1,1,47.0,26.0,4700.0,2650.0
SYNTH-47-26-1-Topic-7-Cell-2,1,47.0,26.0,4731.046844900371,2616.109095294869
SYNTH-47-27-1-Topic-0-Cell-1,1,47.0,27.0,4700.0,2750.0
SYNTH-47-27-1-Topic-0-Cell-2,1,47.0,27.0,4719.635748809432,2728.5655098336138
SYNTH-47-27-1-Topic-8-Cell-3,1,47.0,27.0,4659.047797432964,2753.594037410554
SYNTH-47-27-1-Topic-8-Cell-4,1,47.0,27.0,4739.956832412776,2780.634156484835
SYNTH-47-27-1-Topic-8-Cell-5,1,47.0,27.0,4689.8734502809575,2692.750956420323
SYNTH-47-28-1-Topic-0-Cell-1,1,47.0,28.0,4700.0,2850.0
SYNTH-47-28-1-Topic-8-Cell-2,1,47.0,28.0,4717.924904260718,2830.4330770454126
SYNTH-47-28-1-Topic-8-Cell-3,1,47.0,28.0,4662.615924790855,2853.2808922704635
SYNTH-47-28-1-Topic-8-Cell-4,1,47.0,28.0,4736.475430731552,2877.965030894812
SYNTH-47-28-1-Topic-8-Cell-5,1,47.0,28.0,4690.755767148638,2797.7390123930245
SYNTH-47-28-1-Topic-8-Cell-6,1,47.0,28.0,4668.152376652497,2900.065579198177
SYNTH-47-29-1-Topic-0-Cell-1,1,47.0,29.0,4700.0,2950.0
SYNTH-47-29-1-Topic-4-Cell-2,1,47.0,29.0,4721.953434563499,2926.0355114624545
SYNTH-47-29-1-Topic-7-Cell-3,1,47.0,29.0,4654.214045615883,2954.018255981838
SYNTH-47-29-1-Topic-7-Cell-4,1,47.0,29.0,4744.673096720267,2984.2500281667285
SYNTH-47-30-1-Topic-7-Cell-1,1,47.0,30.0,4700.0,3050.0
SYNTH-47-30-1-Topic-7-Cell-2,1,47.0,30.0,4719.635748809432,3028.5655098336138
SYNTH-47-30-1-Topic-8-Cell-3,1,47.0,30.0,4659.047797432964,3053.594037410554
SYNTH-47-30-1-Topic-8-Cell-4,1,47.0,30.0,4739.956832412776,3080.634156484835
SYNTH-47-30-1-Topic-8-Cell-5,1,47.0,30.0,4689.8734502809575,2992.750956420323
SYNTH-47-31-1-Topic-8-Cell-1,1,47.0,31.0,4700.0,3150.0
SYNTH-47-31-1-Topic-8-Cell-2,1,47.0,31.0,4731.046844900371,3116.109095294869
SYNTH-47-32-1-Topic-8-Cell-1,1,47.0,32.0,4700.0,3250.0
SYNTH-47-32-1-Topic-8-Cell-2,1,47.0,32.0,4725.349642709746,3222.328192183713
SYNTH-47-32-1-Topic-8-Cell-3,1,47.0,32.0,4647.130933822453,3254.6398823455743
SYNTH-47-33-1-Topic-7-Cell-1,1,47.0,33.0,4700.0,3350.0
SYNTH-47-33-1-Topic-8-Cell-2,1,47.0,33.0,4717.924904260718,3330.4330770454126
SYNTH-47-33-1-Topic-8-Cell-3,1,47.0,33.0,4662.615924790855,3353.2808922704635
SYNTH-47-33-1-Topic-8-Cell-4,1,47.0,33.0,4736.475430731552,3377.965030894812
SYNTH-47-33-1-Topic-8-Cell-5,1,47.0,33.0,4690.755767148638,3297.7390123930245
SYNTH-47-33-1-Topic-8-Cell-6,1,47.0,33.0,4668.152376652497,3400.065579198177
SYNTH-47-34-1-Topic-0-Cell-1,1,47.0,34.0,4700.0,3450.0
SYNTH-47-34-1-Topic-8-Cell-2,1,47.0,34.0,4719.635748809432,3428.5655098336138
SYNTH-47-34-1-Topic-8-Cell-3,1,47.0,34.0,4659.047797432964,3453.594037410554
SYNTH-47-34-1-Topic-8-Cell-4,1,47.0,34.0,4739.956832412776,3480.634156484835
SYNTH-47-34-1-Topic-8-Cell-5,1,47.0,34.0,4689.8734502809575,3392.750956420323
SYNTH-47-35-1-Topic-0-Cell-1,1,47.0,35.0,4700.0,3550.0
SYNTH-47-35-1-Topic-8-Cell-2,1,47.0,35.0,4719.635748809432,3528.5655098336138
SYNTH-47-35-1-Topic-8-Cell-3,1,47.0,35.0,4659.047797432964,3553.594037410554
SYNTH-47-35-1-Topic-8-Cell-4,1,47.0,35.0,4739.956832412776,3580.634156484835
SYNTH-47-35-1-Topic-8-Cell-5,1,47.0,35.0,4689.8734502809575,3492.750956420323
SYNTH-47-36-1-Topic-8-Cell-1,1,47.0,36.0,4700.0,3650.0
SYNTH-47-36-1-Topic-8-Cell-2,1,47.0,36.0,4721.953434563499,3626.0355114624545
SYNTH-47-36-1-Topic-9-Cell-3,1,47.0,36.0,4654.214045615883,3654.018255981838
SYNTH-47-36-1-Topic-9-Cell-4,1,47.0,36.0,4744.673096720267,3684.2500281667285
SYNTH-47-37-1-Topic-4-Cell-1,1,47.0,37.0,4700.0,3750.0
SYNTH-47-37-1-Topic-4-Cell-2,1,47.0,37.0,4721.953434563499,3726.0355114624545
SYNTH-47-37-1-Topic-8-Cell-3,1,47.0,37.0,4654.214045615883,3754.018255981838
SYNTH-47-37-1-Topic-8-Cell-4,1,47.0,37.0,4744.673096720267,3784.2500281667285
SYNTH-47-38-1-Topic-7-Cell-1,1,47.0,38.0,4700.0,3850.0
SYNTH-47-38-1-Topic-7-Cell-2,1,47.0,38.0,4719.635748809432,3828.5655098336138
SYNTH-47-38-1-Topic-8-Cell-3,1,47.0,38.0,4659.047797432964,3853.594037410554
SYNTH-47-38-1-Topic-8-Cell-4,1,47.0,38.0,4739.956832412776,3880.634156484835
SYNTH-47-38-1-Topic-10-Cell-5,1,47.0,38.0,4689.8734502809575,3792.750956420323
SYNTH-47-39-1-Topic-7-Cell-1,1,47.0,39.0,4700.0,3950.0
SYNTH-47-39-1-Topic-7-Cell-2,1,47.0,39.0,4725.349642709746,3922.328192183713
SYNTH-47-39-1-Topic-10-Cell-3,1,47.0,39.0,4647.130933822453,3954.6398823455743
SYNTH-47-40-1-Topic-7-Cell-1,1,47.0,40.0,4700.0,4050.0
SYNTH-47-40-1-Topic-7-Cell-2,1,47.0,40.0,4725.349642709746,4022.328192183713
SYNTH-47-40-1-Topic-7-Cell-3,1,47.0,40.0,4647.130933822453,4054.6398823455743
SYNTH-47-41-1-Topic-8-Cell-1,1,47.0,41.0,4700.0,4150.0
SYNTH-47-41-1-Topic-8-Cell-2,1,47.0,41.0,4721.953434563499,4126.035511462454
SYNTH-47-41-1-Topic-8-Cell-3,1,47.0,41.0,4654.214045615883,4154.018255981839
SYNTH-47-41-1-Topic-8-Cell-4,1,47.0,41.0,4744.673096720267,4184.250028166729
SYNTH-47-42-1-Topic-0-Cell-1,1,47.0,42.0,4700.0,4250.0
SYNTH-47-42-1-Topic-0-Cell-2,1,47.0,42.0,4717.924904260718,4230.433077045413
SYNTH-47-42-1-Topic-0-Cell-3,1,47.0,42.0,4662.615924790855,4253.2808922704635
SYNTH-47-42-1-Topic-0-Cell-4,1,47.0,42.0,4736.475430731552,4277.965030894812
SYNTH-47-42-1-Topic-0-Cell-5,1,47.0,42.0,4690.755767148638,4197.7390123930245
SYNTH-47-42-1-Topic-0-Cell-6,1,47.0,42.0,4668.152376652497,4300.065579198177
SYNTH-47-43-1-Topic-4-Cell-1,1,47.0,43.0,4700.0,4350.0
SYNTH-47-43-1-Topic-4-Cell-2,1,47.0,43.0,4725.349642709746,4322.328192183713
SYNTH-47-43-1-Topic-8-Cell-3,1,47.0,43.0,4647.130933822453,4354.639882345574
SYNTH-47-44-1-Topic-4-Cell-1,1,47.0,44.0,4700.0,4450.0
SYNTH-47-44-1-Topic-8-Cell-2,1,47.0,44.0,4719.635748809432,4428.565509833614
SYNTH-47-44-1-Topic-8-Cell-3,1,47.0,44.0,4659.047797432964,4453.594037410554
SYNTH-47-44-1-Topic-8-Cell-4,1,47.0,44.0,4739.956832412776,4480.634156484835
SYNTH-47-44-1-Topic-9-Cell-5,1,47.0,44.0,4689.8734502809575,4392.750956420323
SYNTH-47-45-1-Topic-8-Cell-1,1,47.0,45.0,4700.0,4550.0
SYNTH-47-45-1-Topic-8-Cell-2,1,47.0,45.0,4719.635748809432,4528.565509833614
SYNTH-47-45-1-Topic-8-Cell-3,1,47.0,45.0,4659.047797432964,4553.594037410554
SYNTH-47-45-1-Topic-8-Cell-4,1,47.0,45.0,4739.956832412776,4580.634156484835
SYNTH-47-45-1-Topic-8-Cell-5,1,47.0,45.0,4689.8734502809575,4492.750956420323
SYNTH-47-46-1-Topic-0-Cell-1,1,47.0,46.0,4700.0,4650.0
SYNTH-47-46-1-Topic-8-Cell-2,1,47.0,46.0,4719.635748809432,4628.565509833614
SYNTH-47-46-1-Topic-8-Cell-3,1,47.0,46.0,4659.047797432964,4653.594037410554
SYNTH-47-46-1-Topic-8-Cell-4,1,47.0,46.0,4739.956832412776,4680.634156484835
SYNTH-47-46-1-Topic-8-Cell-5,1,47.0,46.0,4689.8734502809575,4592.750956420323
SYNTH-47-47-1-Topic-0-Cell-1,1,47.0,47.0,4700.0,4750.0
SYNTH-47-47-1-Topic-8-Cell-2,1,47.0,47.0,4717.924904260718,4730.433077045413
SYNTH-47-47-1-Topic-8-Cell-3,1,47.0,47.0,4662.615924790855,4753.2808922704635
SYNTH-47-47-1-Topic-8-Cell-4,1,47.0,47.0,4736.475430731552,4777.965030894812
SYNTH-47-47-1-Topic-8-Cell-5,1,47.0,47.0,4690.755767148638,4697.7390123930245
SYNTH-47-47-1-Topic-8-Cell-6,1,47.0,47.0,4668.152376652497,4800.065579198177
SYNTH-47-48-1-Topic-0-Cell-1,1,47.0,48.0,4700.0,4850.0
SYNTH-47-48-1-Topic-0-Cell-2,1,47.0,48.0,4717.924904260718,4830.433077045413
SYNTH-47-48-1-Topic-0-Cell-3,1,47.0,48.0,4662.615924790855,4853.2808922704635
SYNTH-47-48-1-Topic-0-Cell-4,1,47.0,48.0,4736.475430731552,4877.965030894812
SYNTH-47-48-1-Topic-8-Cell-5,1,47.0,48.0,4690.755767148638,4797.7390123930245
SYNTH-47-48-1-Topic-8-Cell-6,1,47.0,48.0,4668.152376652497,4900.065579198177
SYNTH-47-49-1-Topic-0-Cell-1,1,47.0,49.0,4700.0,4950.0
SYNTH-47-49-1-Topic-0-Cell-2,1,47.0,49.0,4719.635748809432,4928.565509833614
SYNTH-47-49-1-Topic-0-Cell-3,1,47.0,49.0,4659.047797432964,4953.594037410554
SYNTH-47-49-1-Topic-0-Cell-4,1,47.0,49.0,4739.956832412776,4980.634156484835
SYNTH-47-49-1-Topic-7-Cell-5,1,47.0,49.0,4689.8734502809575,4892.750956420323
SYNTH-47-50-1-Topic-0-Cell-1,1,47.0,50.0,4700.0,5050.0
SYNTH-47-50-1-Topic-0-Cell-2,1,47.0,50.0,4717.924904260718,5030.433077045413
SYNTH-47-50-1-Topic-0-Cell-3,1,47.0,50.0,4662.615924790855,5053.2808922704635
SYNTH-47-50-1-Topic-7-Cell-4,1,47.0,50.0,4736.475430731552,5077.965030894812
SYNTH-47-50-1-Topic-7-Cell-5,1,47.0,50.0,4690.755767148638,4997.7390123930245
SYNTH-47-50-1-Topic-8-Cell-6,1,47.0,50.0,4668.152376652497,5100.065579198177
SYNTH-48-1-1-Topic-4-Cell-1,1,48.0,1.0,4800.0,100.0
SYNTH-48-1-1-Topic-4-Cell-2,1,48.0,1.0,4819.635748809432,78.56550983361359
SYNTH-48-1-1-Topic-8-Cell-3,1,48.0,1.0,4759.047797432964,103.59403741055415
SYNTH-48-1-1-Topic-8-Cell-4,1,48.0,1.0,4839.956832412776,130.63415648483507
SYNTH-48-1-1-Topic-8-Cell-5,1,48.0,1.0,4789.8734502809575,42.75095642032298
SYNTH-48-2-1-Topic-0-Cell-1,1,48.0,2.0,4800.0,200.0
SYNTH-48-2-1-Topic-0-Cell-2,1,48.0,2.0,4819.635748809432,178.5655098336136
SYNTH-48-2-1-Topic-4-Cell-3,1,48.0,2.0,4759.047797432964,203.59403741055414
SYNTH-48-2-1-Topic-4-Cell-4,1,48.0,2.0,4839.956832412776,230.63415648483507
SYNTH-48-2-1-Topic-7-Cell-5,1,48.0,2.0,4789.8734502809575,142.75095642032298
SYNTH-48-3-1-Topic-7-Cell-1,1,48.0,3.0,4800.0,300.0
SYNTH-48-3-1-Topic-7-Cell-2,1,48.0,3.0,4819.635748809432,278.5655098336136
SYNTH-48-3-1-Topic-8-Cell-3,1,48.0,3.0,4759.047797432964,303.59403741055417
SYNTH-48-3-1-Topic-8-Cell-4,1,48.0,3.0,4839.956832412776,330.6341564848351
SYNTH-48-3-1-Topic-8-Cell-5,1,48.0,3.0,4789.8734502809575,242.75095642032298
SYNTH-48-4-1-Topic-0-Cell-1,1,48.0,4.0,4800.0,400.0
SYNTH-48-4-1-Topic-0-Cell-2,1,48.0,4.0,4817.924904260718,380.4330770454125
SYNTH-48-4-1-Topic-7-Cell-3,1,48.0,4.0,4762.615924790855,403.28089227046326
SYNTH-48-4-1-Topic-8-Cell-4,1,48.0,4.0,4836.475430731552,427.96503089481223
SYNTH-48-4-1-Topic-8-Cell-5,1,48.0,4.0,4790.755767148638,347.7390123930243
SYNTH-48-4-1-Topic-8-Cell-6,1,48.0,4.0,4768.152376652497,450.0655791981769
SYNTH-48-5-1-Topic-0-Cell-1,1,48.0,5.0,4800.0,500.0
SYNTH-48-5-1-Topic-7-Cell-2,1,48.0,5.0,4821.953434563499,476.0355114624546
SYNTH-48-5-1-Topic-7-Cell-3,1,48.0,5.0,4754.214045615883,504.0182559818382
SYNTH-48-5-1-Topic-7-Cell-4,1,48.0,5.0,4844.673096720267,534.2500281667286
SYNTH-48-6-1-Topic-7-Cell-1,1,48.0,6.0,4800.0,600.0
SYNTH-48-6-1-Topic-7-Cell-2,1,48.0,6.0,4821.953434563499,576.0355114624546
SYNTH-48-6-1-Topic-10-Cell-3,1,48.0,6.0,4754.214045615883,604.0182559818381
SYNTH-48-6-1-Topic-10-Cell-4,1,48.0,6.0,4844.673096720267,634.2500281667286
SYNTH-48-7-1-Topic-0-Cell-1,1,48.0,7.0,4800.0,700.0
SYNTH-48-7-1-Topic-0-Cell-2,1,48.0,7.0,4817.924904260718,680.4330770454125
SYNTH-48-7-1-Topic-0-Cell-3,1,48.0,7.0,4762.615924790855,703.2808922704633
SYNTH-48-7-1-Topic-8-Cell-4,1,48.0,7.0,4836.475430731552,727.9650308948122
SYNTH-48-7-1-Topic-8-Cell-5,1,48.0,7.0,4790.755767148638,647.7390123930243
SYNTH-48-7-1-Topic-8-Cell-6,1,48.0,7.0,4768.152376652497,750.0655791981769
SYNTH-48-8-1-Topic-0-Cell-1,1,48.0,8.0,4800.0,800.0
SYNTH-48-8-1-Topic-0-Cell-2,1,48.0,8.0,4819.635748809432,778.5655098336136
SYNTH-48-8-1-Topic-8-Cell-3,1,48.0,8.0,4759.047797432964,803.5940374105542
SYNTH-48-8-1-Topic-8-Cell-4,1,48.0,8.0,4839.956832412776,830.6341564848351
SYNTH-48-8-1-Topic-8-Cell-5,1,48.0,8.0,4789.8734502809575,742.750956420323
SYNTH-48-9-1-Topic-7-Cell-1,1,48.0,9.0,4800.0,900.0
SYNTH-48-9-1-Topic-7-Cell-2,1,48.0,9.0,4821.953434563499,876.0355114624546
SYNTH-48-9-1-Topic-7-Cell-3,1,48.0,9.0,4754.214045615883,904.0182559818381
SYNTH-48-9-1-Topic-7-Cell-4,1,48.0,9.0,4844.673096720267,934.2500281667286
SYNTH-48-10-1-Topic-8-Cell-1,1,48.0,10.0,4800.0,1000.0
SYNTH-48-10-1-Topic-8-Cell-2,1,48.0,10.0,4821.953434563499,976.0355114624546
SYNTH-48-10-1-Topic-8-Cell-3,1,48.0,10.0,4754.214045615883,1004.0182559818381
SYNTH-48-10-1-Topic-8-Cell-4,1,48.0,10.0,4844.673096720267,1034.2500281667287
SYNTH-48-11-1-Topic-8-Cell-1,1,48.0,11.0,4800.0,1100.0
SYNTH-48-11-1-Topic-8-Cell-2,1,48.0,11.0,4821.953434563499,1076.0355114624547
SYNTH-48-11-1-Topic-8-Cell-3,1,48.0,11.0,4754.214045615883,1104.0182559818381
SYNTH-48-11-1-Topic-8-Cell-4,1,48.0,11.0,4844.673096720267,1134.2500281667287
SYNTH-48-12-1-Topic-1-Cell-1,1,48.0,12.0,4800.0,1200.0
SYNTH-48-12-1-Topic-1-Cell-2,1,48.0,12.0,4821.953434563499,1176.0355114624547
SYNTH-48-12-1-Topic-1-Cell-3,1,48.0,12.0,4754.214045615883,1204.0182559818381
SYNTH-48-12-1-Topic-5-Cell-4,1,48.0,12.0,4844.673096720267,1234.2500281667287
SYNTH-48-13-1-Topic-0-Cell-1,1,48.0,13.0,4800.0,1300.0
SYNTH-48-13-1-Topic-0-Cell-2,1,48.0,13.0,4819.635748809432,1278.5655098336135
SYNTH-48-13-1-Topic-7-Cell-3,1,48.0,13.0,4759.047797432964,1303.5940374105542
SYNTH-48-13-1-Topic-8-Cell-4,1,48.0,13.0,4839.956832412776,1330.634156484835
SYNTH-48-13-1-Topic-8-Cell-5,1,48.0,13.0,4789.8734502809575,1242.750956420323
SYNTH-48-14-1-Topic-7-Cell-1,1,48.0,14.0,4800.0,1400.0
SYNTH-48-14-1-Topic-8-Cell-2,1,48.0,14.0,4819.635748809432,1378.5655098336135
SYNTH-48-14-1-Topic-9-Cell-3,1,48.0,14.0,4759.047797432964,1403.5940374105542
SYNTH-48-14-1-Topic-9-Cell-4,1,48.0,14.0,4839.956832412776,1430.634156484835
SYNTH-48-14-1-Topic-9-Cell-5,1,48.0,14.0,4789.8734502809575,1342.750956420323
SYNTH-48-15-1-Topic-0-Cell-1,1,48.0,15.0,4800.0,1500.0
SYNTH-48-15-1-Topic-0-Cell-2,1,48.0,15.0,4819.635748809432,1478.5655098336135
SYNTH-48-15-1-Topic-8-Cell-3,1,48.0,15.0,4759.047797432964,1503.5940374105542
SYNTH-48-15-1-Topic-8-Cell-4,1,48.0,15.0,4839.956832412776,1530.634156484835
SYNTH-48-15-1-Topic-8-Cell-5,1,48.0,15.0,4789.8734502809575,1442.750956420323
SYNTH-48-16-1-Topic-0-Cell-1,1,48.0,16.0,4800.0,1600.0
SYNTH-48-16-1-Topic-7-Cell-2,1,48.0,16.0,4819.635748809432,1578.5655098336135
SYNTH-48-16-1-Topic-8-Cell-3,1,48.0,16.0,4759.047797432964,1603.5940374105542
SYNTH-48-16-1-Topic-8-Cell-4,1,48.0,16.0,4839.956832412776,1630.634156484835
SYNTH-48-16-1-Topic-8-Cell-5,1,48.0,16.0,4789.8734502809575,1542.750956420323
SYNTH-48-17-1-Topic-4-Cell-1,1,48.0,17.0,4800.0,1700.0
SYNTH-48-17-1-Topic-4-Cell-2,1,48.0,17.0,4821.953434563499,1676.0355114624547
SYNTH-48-17-1-Topic-4-Cell-3,1,48.0,17.0,4754.214045615883,1704.0182559818381
SYNTH-48-17-1-Topic-10-Cell-4,1,48.0,17.0,4844.673096720267,1734.2500281667287
SYNTH-48-18-1-Topic-7-Cell-1,1,48.0,18.0,4800.0,1800.0
SYNTH-48-18-1-Topic-8-Cell-2,1,48.0,18.0,4819.635748809432,1778.5655098336135
SYNTH-48-18-1-Topic-8-Cell-3,1,48.0,18.0,4759.047797432964,1803.5940374105542
SYNTH-48-18-1-Topic-8-Cell-4,1,48.0,18.0,4839.956832412776,1830.634156484835
SYNTH-48-18-1-Topic-8-Cell-5,1,48.0,18.0,4789.8734502809575,1742.750956420323
SYNTH-48-19-1-Topic-9-Cell-1,1,48.0,19.0,4800.0,1900.0
SYNTH-48-19-1-Topic-9-Cell-2,1,48.0,19.0,4819.635748809432,1878.5655098336135
SYNTH-48-19-1-Topic-9-Cell-3,1,48.0,19.0,4759.047797432964,1903.5940374105542
SYNTH-48-19-1-Topic-9-Cell-4,1,48.0,19.0,4839.956832412776,1930.634156484835
SYNTH-48-19-1-Topic-9-Cell-5,1,48.0,19.0,4789.8734502809575,1842.750956420323
SYNTH-48-20-1-Topic-7-Cell-1,1,48.0,20.0,4800.0,2000.0
SYNTH-48-20-1-Topic-7-Cell-2,1,48.0,20.0,4819.635748809432,1978.5655098336135
SYNTH-48-20-1-Topic-8-Cell-3,1,48.0,20.0,4759.047797432964,2003.5940374105542
SYNTH-48-20-1-Topic-8-Cell-4,1,48.0,20.0,4839.956832412776,2030.634156484835
SYNTH-48-20-1-Topic-8-Cell-5,1,48.0,20.0,4789.8734502809575,1942.750956420323
SYNTH-48-21-1-Topic-0-Cell-1,1,48.0,21.0,4800.0,2100.0
SYNTH-48-21-1-Topic-7-Cell-2,1,48.0,21.0,4819.635748809432,2078.5655098336138
SYNTH-48-21-1-Topic-7-Cell-3,1,48.0,21.0,4759.047797432964,2103.594037410554
SYNTH-48-21-1-Topic-7-Cell-4,1,48.0,21.0,4839.956832412776,2130.634156484835
SYNTH-48-21-1-Topic-8-Cell-5,1,48.0,21.0,4789.8734502809575,2042.750956420323
SYNTH-48-22-1-Topic-0-Cell-1,1,48.0,22.0,4800.0,2200.0
SYNTH-48-22-1-Topic-0-Cell-2,1,48.0,22.0,4817.924904260718,2180.4330770454126
SYNTH-48-22-1-Topic-0-Cell-3,1,48.0,22.0,4762.615924790855,2203.2808922704635
SYNTH-48-22-1-Topic-0-Cell-4,1,48.0,22.0,4836.475430731552,2227.965030894812
SYNTH-48-22-1-Topic-8-Cell-5,1,48.0,22.0,4790.755767148638,2147.7390123930245
SYNTH-48-22-1-Topic-8-Cell-6,1,48.0,22.0,4768.152376652497,2250.065579198177
SYNTH-48-23-1-Topic-0-Cell-1,1,48.0,23.0,4800.0,2300.0
SYNTH-48-23-1-Topic-0-Cell-2,1,48.0,23.0,4819.635748809432,2278.5655098336138
SYNTH-48-23-1-Topic-8-Cell-3,1,48.0,23.0,4759.047797432964,2303.594037410554
SYNTH-48-23-1-Topic-8-Cell-4,1,48.0,23.0,4839.956832412776,2330.634156484835
SYNTH-48-23-1-Topic-8-Cell-5,1,48.0,23.0,4789.8734502809575,2242.750956420323
SYNTH-48-24-1-Topic-0-Cell-1,1,48.0,24.0,4800.0,2400.0
SYNTH-48-24-1-Topic-0-Cell-2,1,48.0,24.0,4817.924904260718,2380.4330770454126
SYNTH-48-24-1-Topic-0-Cell-3,1,48.0,24.0,4762.615924790855,2403.2808922704635
SYNTH-48-24-1-Topic-0-Cell-4,1,48.0,24.0,4836.475430731552,2427.965030894812
SYNTH-48-24-1-Topic-0-Cell-5,1,48.0,24.0,4790.755767148638,2347.7390123930245
SYNTH-48-24-1-Topic-0-Cell-6,1,48.0,24.0,4768.152376652497,2450.065579198177
SYNTH-48-25-1-Topic-8-Cell-1,1,48.0,25.0,4800.0,2500.0
SYNTH-48-25-1-Topic-8-Cell-2,1,48.0,25.0,4821.953434563499,2476.0355114624545
SYNTH-48-25-1-Topic-8-Cell-3,1,48.0,25.0,4754.214045615883,2504.018255981838
SYNTH-48-25-1-Topic-8-Cell-4,1,48.0,25.0,4844.673096720267,2534.2500281667285
SYNTH-48-26-1-Topic-0-Cell-1,1,48.0,26.0,4800.0,2600.0
SYNTH-48-26-1-Topic-0-Cell-2,1,48.0,26.0,4819.635748809432,2578.5655098336138
SYNTH-48-26-1-Topic-0-Cell-3,1,48.0,26.0,4759.047797432964,2603.594037410554
SYNTH-48-26-1-Topic-0-Cell-4,1,48.0,26.0,4839.956832412776,2630.634156484835
SYNTH-48-26-1-Topic-0-Cell-5,1,48.0,26.0,4789.8734502809575,2542.750956420323
SYNTH-48-27-1-Topic-0-Cell-1,1,48.0,27.0,4800.0,2700.0
SYNTH-48-27-1-Topic-0-Cell-2,1,48.0,27.0,4817.924904260718,2680.4330770454126
SYNTH-48-27-1-Topic-0-Cell-3,1,48.0,27.0,4762.615924790855,2703.2808922704635
SYNTH-48-27-1-Topic-0-Cell-4,1,48.0,27.0,4836.475430731552,2727.965030894812
SYNTH-48-27-1-Topic-0-Cell-5,1,48.0,27.0,4790.755767148638,2647.7390123930245
SYNTH-48-27-1-Topic-0-Cell-6,1,48.0,27.0,4768.152376652497,2750.065579198177
SYNTH-48-28-1-Topic-7-Cell-1,1,48.0,28.0,4800.0,2800.0
SYNTH-48-28-1-Topic-8-Cell-2,1,48.0,28.0,4821.953434563499,2776.0355114624545
SYNTH-48-28-1-Topic-8-Cell-3,1,48.0,28.0,4754.214045615883,2804.018255981838
SYNTH-48-28-1-Topic-8-Cell-4,1,48.0,28.0,4844.673096720267,2834.2500281667285
SYNTH-48-29-1-Topic-0-Cell-1,1,48.0,29.0,4800.0,2900.0
SYNTH-48-29-1-Topic-0-Cell-2,1,48.0,29.0,4819.635748809432,2878.5655098336138
SYNTH-48-29-1-Topic-8-Cell-3,1,48.0,29.0,4759.047797432964,2903.594037410554
SYNTH-48-29-1-Topic-8-Cell-4,1,48.0,29.0,4839.956832412776,2930.634156484835
SYNTH-48-29-1-Topic-9-Cell-5,1,48.0,29.0,4789.8734502809575,2842.750956420323
SYNTH-48-30-1-Topic-0-Cell-1,1,48.0,30.0,4800.0,3000.0
SYNTH-48-30-1-Topic-1-Cell-2,1,48.0,30.0,4819.635748809432,2978.5655098336138
SYNTH-48-30-1-Topic-3-Cell-3,1,48.0,30.0,4759.047797432964,3003.594037410554
SYNTH-48-30-1-Topic-3-Cell-4,1,48.0,30.0,4839.956832412776,3030.634156484835
SYNTH-48-30-1-Topic-3-Cell-5,1,48.0,30.0,4789.8734502809575,2942.750956420323
SYNTH-48-31-1-Topic-0-Cell-1,1,48.0,31.0,4800.0,3100.0
SYNTH-48-31-1-Topic-0-Cell-2,1,48.0,31.0,4817.924904260718,3080.4330770454126
SYNTH-48-31-1-Topic-7-Cell-3,1,48.0,31.0,4762.615924790855,3103.2808922704635
SYNTH-48-31-1-Topic-8-Cell-4,1,48.0,31.0,4836.475430731552,3127.965030894812
SYNTH-48-31-1-Topic-8-Cell-5,1,48.0,31.0,4790.755767148638,3047.7390123930245
SYNTH-48-31-1-Topic-8-Cell-6,1,48.0,31.0,4768.152376652497,3150.065579198177
SYNTH-48-32-1-Topic-7-Cell-1,1,48.0,32.0,4800.0,3200.0
SYNTH-48-32-1-Topic-8-Cell-2,1,48.0,32.0,4825.349642709746,3172.328192183713
SYNTH-48-32-1-Topic-8-Cell-3,1,48.0,32.0,4747.130933822453,3204.6398823455743
SYNTH-48-33-1-Topic-0-Cell-1,1,48.0,33.0,4800.0,3300.0
SYNTH-48-33-1-Topic-0-Cell-2,1,48.0,33.0,4819.635748809432,3278.5655098336138
SYNTH-48-33-1-Topic-8-Cell-3,1,48.0,33.0,4759.047797432964,3303.594037410554
SYNTH-48-33-1-Topic-8-Cell-4,1,48.0,33.0,4839.956832412776,3330.634156484835
SYNTH-48-33-1-Topic-8-Cell-5,1,48.0,33.0,4789.8734502809575,3242.750956420323
SYNTH-48-34-1-Topic-0-Cell-1,1,48.0,34.0,4800.0,3400.0
SYNTH-48-34-1-Topic-0-Cell-2,1,48.0,34.0,4819.635748809432,3378.5655098336138
SYNTH-48-34-1-Topic-8-Cell-3,1,48.0,34.0,4759.047797432964,3403.594037410554
SYNTH-48-34-1-Topic-8-Cell-4,1,48.0,34.0,4839.956832412776,3430.634156484835
SYNTH-48-34-1-Topic-8-Cell-5,1,48.0,34.0,4789.8734502809575,3342.750956420323
SYNTH-48-35-1-Topic-0-Cell-1,1,48.0,35.0,4800.0,3500.0
SYNTH-48-35-1-Topic-0-Cell-2,1,48.0,35.0,4819.635748809432,3478.5655098336138
SYNTH-48-35-1-Topic-8-Cell-3,1,48.0,35.0,4759.047797432964,3503.594037410554
SYNTH-48-35-1-Topic-8-Cell-4,1,48.0,35.0,4839.956832412776,3530.634156484835
SYNTH-48-35-1-Topic-8-Cell-5,1,48.0,35.0,4789.8734502809575,3442.750956420323
SYNTH-48-36-1-Topic-8-Cell-1,1,48.0,36.0,4800.0,3600.0
SYNTH-48-36-1-Topic-8-Cell-2,1,48.0,36.0,4821.953434563499,3576.0355114624545
SYNTH-48-36-1-Topic-8-Cell-3,1,48.0,36.0,4754.214045615883,3604.018255981838
SYNTH-48-36-1-Topic-8-Cell-4,1,48.0,36.0,4844.673096720267,3634.2500281667285
SYNTH-48-37-1-Topic-0-Cell-1,1,48.0,37.0,4800.0,3700.0
SYNTH-48-37-1-Topic-0-Cell-2,1,48.0,37.0,4819.635748809432,3678.5655098336138
SYNTH-48-37-1-Topic-0-Cell-3,1,48.0,37.0,4759.047797432964,3703.594037410554
SYNTH-48-37-1-Topic-7-Cell-4,1,48.0,37.0,4839.956832412776,3730.634156484835
SYNTH-48-37-1-Topic-7-Cell-5,1,48.0,37.0,4789.8734502809575,3642.750956420323
SYNTH-48-38-1-Topic-7-Cell-1,1,48.0,38.0,4800.0,3800.0
SYNTH-48-38-1-Topic-8-Cell-2,1,48.0,38.0,4819.635748809432,3778.5655098336138
SYNTH-48-38-1-Topic-8-Cell-3,1,48.0,38.0,4759.047797432964,3803.594037410554
SYNTH-48-38-1-Topic-8-Cell-4,1,48.0,38.0,4839.956832412776,3830.634156484835
SYNTH-48-38-1-Topic-8-Cell-5,1,48.0,38.0,4789.8734502809575,3742.750956420323
SYNTH-48-39-1-Topic-0-Cell-1,1,48.0,39.0,4800.0,3900.0
SYNTH-48-39-1-Topic-7-Cell-2,1,48.0,39.0,4819.635748809432,3878.5655098336138
SYNTH-48-39-1-Topic-8-Cell-3,1,48.0,39.0,4759.047797432964,3903.594037410554
SYNTH-48-39-1-Topic-8-Cell-4,1,48.0,39.0,4839.956832412776,3930.634156484835
SYNTH-48-39-1-Topic-8-Cell-5,1,48.0,39.0,4789.8734502809575,3842.750956420323
SYNTH-48-40-1-Topic-4-Cell-1,1,48.0,40.0,4800.0,4000.0
SYNTH-48-40-1-Topic-8-Cell-2,1,48.0,40.0,4819.635748809432,3978.5655098336138
SYNTH-48-40-1-Topic-8-Cell-3,1,48.0,40.0,4759.047797432964,4003.594037410554
SYNTH-48-40-1-Topic-8-Cell-4,1,48.0,40.0,4839.956832412776,4030.634156484835
SYNTH-48-40-1-Topic-8-Cell-5,1,48.0,40.0,4789.8734502809575,3942.750956420323
SYNTH-48-41-1-Topic-0-Cell-1,1,48.0,41.0,4800.0,4100.0
SYNTH-48-41-1-Topic-7-Cell-2,1,48.0,41.0,4819.635748809432,4078.5655098336138
SYNTH-48-41-1-Topic-8-Cell-3,1,48.0,41.0,4759.047797432964,4103.594037410554
SYNTH-48-41-1-Topic-8-Cell-4,1,48.0,41.0,4839.956832412776,4130.634156484835
SYNTH-48-41-1-Topic-8-Cell-5,1,48.0,41.0,4789.8734502809575,4042.750956420323
SYNTH-48-42-1-Topic-0-Cell-1,1,48.0,42.0,4800.0,4200.0
SYNTH-48-42-1-Topic-0-Cell-2,1,48.0,42.0,4821.953434563499,4176.035511462454
SYNTH-48-42-1-Topic-8-Cell-3,1,48.0,42.0,4754.214045615883,4204.018255981839
SYNTH-48-42-1-Topic-8-Cell-4,1,48.0,42.0,4844.673096720267,4234.250028166729
SYNTH-48-43-1-Topic-0-Cell-1,1,48.0,43.0,4800.0,4300.0
SYNTH-48-43-1-Topic-0-Cell-2,1,48.0,43.0,4817.924904260718,4280.433077045413
SYNTH-48-43-1-Topic-4-Cell-3,1,48.0,43.0,4762.615924790855,4303.2808922704635
SYNTH-48-43-1-Topic-4-Cell-4,1,48.0,43.0,4836.475430731552,4327.965030894812
SYNTH-48-43-1-Topic-7-Cell-5,1,48.0,43.0,4790.755767148638,4247.7390123930245
SYNTH-48-43-1-Topic-9-Cell-6,1,48.0,43.0,4768.152376652497,4350.065579198177
SYNTH-48-44-1-Topic-8-Cell-1,1,48.0,44.0,4800.0,4400.0
SYNTH-48-44-1-Topic-8-Cell-2,1,48.0,44.0,4819.635748809432,4378.565509833614
SYNTH-48-44-1-Topic-8-Cell-3,1,48.0,44.0,4759.047797432964,4403.594037410554
SYNTH-48-44-1-Topic-8-Cell-4,1,48.0,44.0,4839.956832412776,4430.634156484835
SYNTH-48-44-1-Topic-8-Cell-5,1,48.0,44.0,4789.8734502809575,4342.750956420323
SYNTH-48-45-1-Topic-0-Cell-1,1,48.0,45.0,4800.0,4500.0
SYNTH-48-45-1-Topic-0-Cell-2,1,48.0,45.0,4821.953434563499,4476.035511462454
SYNTH-48-45-1-Topic-4-Cell-3,1,48.0,45.0,4754.214045615883,4504.018255981839
SYNTH-48-45-1-Topic-7-Cell-4,1,48.0,45.0,4844.673096720267,4534.250028166729
SYNTH-48-46-1-Topic-7-Cell-1,1,48.0,46.0,4800.0,4600.0
SYNTH-48-46-1-Topic-8-Cell-2,1,48.0,46.0,4821.953434563499,4576.035511462454
SYNTH-48-46-1-Topic-8-Cell-3,1,48.0,46.0,4754.214045615883,4604.018255981839
SYNTH-48-46-1-Topic-8-Cell-4,1,48.0,46.0,4844.673096720267,4634.250028166729
SYNTH-48-47-1-Topic-8-Cell-1,1,48.0,47.0,4800.0,4700.0
SYNTH-48-47-1-Topic-8-Cell-2,1,48.0,47.0,4819.635748809432,4678.565509833614
SYNTH-48-47-1-Topic-8-Cell-3,1,48.0,47.0,4759.047797432964,4703.594037410554
SYNTH-48-47-1-Topic-9-Cell-4,1,48.0,47.0,4839.956832412776,4730.634156484835
SYNTH-48-47-1-Topic-9-Cell-5,1,48.0,47.0,4789.8734502809575,4642.750956420323
SYNTH-48-48-1-Topic-0-Cell-1,1,48.0,48.0,4800.0,4800.0
SYNTH-48-48-1-Topic-0-Cell-2,1,48.0,48.0,4817.924904260718,4780.433077045413
SYNTH-48-48-1-Topic-0-Cell-3,1,48.0,48.0,4762.615924790855,4803.2808922704635
SYNTH-48-48-1-Topic-0-Cell-4,1,48.0,48.0,4836.475430731552,4827.965030894812
SYNTH-48-48-1-Topic-8-Cell-5,1,48.0,48.0,4790.755767148638,4747.7390123930245
SYNTH-48-48-1-Topic-8-Cell-6,1,48.0,48.0,4768.152376652497,4850.065579198177
SYNTH-48-49-1-Topic-0-Cell-1,1,48.0,49.0,4800.0,4900.0
SYNTH-48-49-1-Topic-0-Cell-2,1,48.0,49.0,4819.635748809432,4878.565509833614
SYNTH-48-49-1-Topic-0-Cell-3,1,48.0,49.0,4759.047797432964,4903.594037410554
SYNTH-48-49-1-Topic-8-Cell-4,1,48.0,49.0,4839.956832412776,4930.634156484835
SYNTH-48-49-1-Topic-9-Cell-5,1,48.0,49.0,4789.8734502809575,4842.750956420323
SYNTH-48-50-1-Topic-0-Cell-1,1,48.0,50.0,4800.0,5000.0
SYNTH-48-50-1-Topic-8-Cell-2,1,48.0,50.0,4819.635748809432,4978.565509833614
SYNTH-48-50-1-Topic-8-Cell-3,1,48.0,50.0,4759.047797432964,5003.594037410554
SYNTH-48-50-1-Topic-8-Cell-4,1,48.0,50.0,4839.956832412776,5030.634156484835
SYNTH-48-50-1-Topic-8-Cell-5,1,48.0,50.0,4789.8734502809575,4942.750956420323
SYNTH-49-1-1-Topic-7-Cell-1,1,49.0,1.0,4900.0,150.0
SYNTH-49-1-1-Topic-8-Cell-2,1,49.0,1.0,4919.635748809432,128.5655098336136
SYNTH-49-1-1-Topic-8-Cell-3,1,49.0,1.0,4859.047797432964,153.59403741055414
SYNTH-49-1-1-Topic-8-Cell-4,1,49.0,1.0,4939.956832412776,180.63415648483507
SYNTH-49-1-1-Topic-8-Cell-5,1,49.0,1.0,4889.8734502809575,92.75095642032298
SYNTH-49-2-1-Topic-8-Cell-1,1,49.0,2.0,4900.0,250.0
SYNTH-49-2-1-Topic-8-Cell-2,1,49.0,2.0,4921.953434563499,226.03551146245462
SYNTH-49-2-1-Topic-8-Cell-3,1,49.0,2.0,4854.214045615883,254.0182559818382
SYNTH-49-2-1-Topic-8-Cell-4,1,49.0,2.0,4944.673096720267,284.2500281667286
SYNTH-49-3-1-Topic-0-Cell-1,1,49.0,3.0,4900.0,350.0
SYNTH-49-3-1-Topic-0-Cell-2,1,49.0,3.0,4919.635748809432,328.5655098336136
SYNTH-49-3-1-Topic-9-Cell-3,1,49.0,3.0,4859.047797432964,353.59403741055417
SYNTH-49-3-1-Topic-9-Cell-4,1,49.0,3.0,4939.956832412776,380.6341564848351
SYNTH-49-3-1-Topic-9-Cell-5,1,49.0,3.0,4889.8734502809575,292.75095642032295
SYNTH-49-4-1-Topic-8-Cell-1,1,49.0,4.0,4900.0,450.0
SYNTH-49-4-1-Topic-8-Cell-2,1,49.0,4.0,4919.635748809432,428.5655098336136
SYNTH-49-4-1-Topic-8-Cell-3,1,49.0,4.0,4859.047797432964,453.59403741055417
SYNTH-49-4-1-Topic-8-Cell-4,1,49.0,4.0,4939.956832412776,480.6341564848351
SYNTH-49-4-1-Topic-8-Cell-5,1,49.0,4.0,4889.8734502809575,392.75095642032295
SYNTH-49-5-1-Topic-4-Cell-1,1,49.0,5.0,4900.0,550.0
SYNTH-49-5-1-Topic-8-Cell-2,1,49.0,5.0,4919.635748809432,528.5655098336136
SYNTH-49-5-1-Topic-8-Cell-3,1,49.0,5.0,4859.047797432964,553.5940374105542
SYNTH-49-5-1-Topic-8-Cell-4,1,49.0,5.0,4939.956832412776,580.6341564848351
SYNTH-49-5-1-Topic-8-Cell-5,1,49.0,5.0,4889.8734502809575,492.75095642032295
SYNTH-49-6-1-Topic-7-Cell-1,1,49.0,6.0,4900.0,650.0
SYNTH-49-6-1-Topic-8-Cell-2,1,49.0,6.0,4919.635748809432,628.5655098336136
SYNTH-49-6-1-Topic-8-Cell-3,1,49.0,6.0,4859.047797432964,653.5940374105542
SYNTH-49-6-1-Topic-8-Cell-4,1,49.0,6.0,4939.956832412776,680.6341564848351
SYNTH-49-6-1-Topic-8-Cell-5,1,49.0,6.0,4889.8734502809575,592.750956420323
SYNTH-49-7-1-Topic-0-Cell-1,1,49.0,7.0,4900.0,750.0
SYNTH-49-7-1-Topic-7-Cell-2,1,49.0,7.0,4919.635748809432,728.5655098336136
SYNTH-49-7-1-Topic-7-Cell-3,1,49.0,7.0,4859.047797432964,753.5940374105542
SYNTH-49-7-1-Topic-8-Cell-4,1,49.0,7.0,4939.956832412776,780.6341564848351
SYNTH-49-7-1-Topic-8-Cell-5,1,49.0,7.0,4889.8734502809575,692.750956420323
SYNTH-49-8-1-Topic-0-Cell-1,1,49.0,8.0,4900.0,850.0
SYNTH-49-8-1-Topic-0-Cell-2,1,49.0,8.0,4916.595236651071,831.8845494379419
SYNTH-49-8-1-Topic-0-Cell-3,1,49.0,8.0,4865.389071759965,853.0375160091833
SYNTH-49-8-1-Topic-0-Cell-4,1,49.0,8.0,4933.769686919131,875.8905876931775
SYNTH-49-8-1-Topic-0-Cell-5,1,49.0,8.0,4891.441503419232,801.6157272394977
SYNTH-49-8-1-Topic-7-Cell-6,1,49.0,8.0,4870.514830174896,896.3517195284268
SYNTH-49-8-1-Topic-7-Cell-7,1,49.0,8.0,4958.115097723178,834.3774525747568
SYNTH-49-9-1-Topic-0-Cell-1,1,49.0,9.0,4900.0,950.0
SYNTH-49-9-1-Topic-8-Cell-2,1,49.0,9.0,4919.635748809432,928.5655098336136
SYNTH-49-9-1-Topic-8-Cell-3,1,49.0,9.0,4859.047797432964,953.5940374105542
SYNTH-49-9-1-Topic-8-Cell-4,1,49.0,9.0,4939.956832412776,980.6341564848351
SYNTH-49-9-1-Topic-8-Cell-5,1,49.0,9.0,4889.8734502809575,892.750956420323
SYNTH-49-10-1-Topic-0-Cell-1,1,49.0,10.0,4900.0,1050.0
SYNTH-49-10-1-Topic-8-Cell-2,1,49.0,10.0,4919.635748809432,1028.5655098336135
SYNTH-49-10-1-Topic-8-Cell-3,1,49.0,10.0,4859.047797432964,1053.5940374105542
SYNTH-49-10-1-Topic-8-Cell-4,1,49.0,10.0,4939.956832412776,1080.634156484835
SYNTH-49-10-1-Topic-8-Cell-5,1,49.0,10.0,4889.8734502809575,992.750956420323
SYNTH-49-11-1-Topic-8-Cell-1,1,49.0,11.0,4900.0,1150.0
SYNTH-49-11-1-Topic-8-Cell-2,1,49.0,11.0,4917.924904260718,1130.4330770454126
SYNTH-49-11-1-Topic-8-Cell-3,1,49.0,11.0,4862.615924790855,1153.2808922704633
SYNTH-49-11-1-Topic-8-Cell-4,1,49.0,11.0,4936.475430731552,1177.9650308948123
SYNTH-49-11-1-Topic-8-Cell-5,1,49.0,11.0,4890.755767148638,1097.7390123930243
SYNTH-49-11-1-Topic-8-Cell-6,1,49.0,11.0,4868.152376652497,1200.065579198177
SYNTH-49-12-1-Topic-0-Cell-1,1,49.0,12.0,4900.0,1250.0
SYNTH-49-12-1-Topic-7-Cell-2,1,49.0,12.0,4919.635748809432,1228.5655098336135
SYNTH-49-12-1-Topic-10-Cell-3,1,49.0,12.0,4859.047797432964,1253.5940374105542
SYNTH-49-12-1-Topic-10-Cell-4,1,49.0,12.0,4939.956832412776,1280.634156484835
SYNTH-49-12-1-Topic-10-Cell-5,1,49.0,12.0,4889.8734502809575,1192.750956420323
SYNTH-49-13-1-Topic-8-Cell-1,1,49.0,13.0,4900.0,1350.0
SYNTH-49-13-1-Topic-8-Cell-2,1,49.0,13.0,4919.635748809432,1328.5655098336135
SYNTH-49-13-1-Topic-8-Cell-3,1,49.0,13.0,4859.047797432964,1353.5940374105542
SYNTH-49-13-1-Topic-8-Cell-4,1,49.0,13.0,4939.956832412776,1380.634156484835
SYNTH-49-13-1-Topic-9-Cell-5,1,49.0,13.0,4889.8734502809575,1292.750956420323
SYNTH-49-14-1-Topic-7-Cell-1,1,49.0,14.0,4900.0,1450.0
SYNTH-49-14-1-Topic-8-Cell-2,1,49.0,14.0,4921.953434563499,1426.0355114624547
SYNTH-49-14-1-Topic-8-Cell-3,1,49.0,14.0,4854.214045615883,1454.0182559818381
SYNTH-49-14-1-Topic-8-Cell-4,1,49.0,14.0,4944.673096720267,1484.2500281667287
SYNTH-49-15-1-Topic-8-Cell-1,1,49.0,15.0,4900.0,1550.0
SYNTH-49-15-1-Topic-8-Cell-2,1,49.0,15.0,4921.953434563499,1526.0355114624547
SYNTH-49-15-1-Topic-8-Cell-3,1,49.0,15.0,4854.214045615883,1554.0182559818381
SYNTH-49-15-1-Topic-8-Cell-4,1,49.0,15.0,4944.673096720267,1584.2500281667287
SYNTH-49-16-1-Topic-8-Cell-1,1,49.0,16.0,4900.0,1650.0
SYNTH-49-16-1-Topic-8-Cell-2,1,49.0,16.0,4921.953434563499,1626.0355114624547
SYNTH-49-16-1-Topic-8-Cell-3,1,49.0,16.0,4854.214045615883,1654.0182559818381
SYNTH-49-16-1-Topic-8-Cell-4,1,49.0,16.0,4944.673096720267,1684.2500281667287
SYNTH-49-17-1-Topic-0-Cell-1,1,49.0,17.0,4900.0,1750.0
SYNTH-49-17-1-Topic-7-Cell-2,1,49.0,17.0,4919.635748809432,1728.5655098336135
SYNTH-49-17-1-Topic-8-Cell-3,1,49.0,17.0,4859.047797432964,1753.5940374105542
SYNTH-49-17-1-Topic-8-Cell-4,1,49.0,17.0,4939.956832412776,1780.634156484835
SYNTH-49-17-1-Topic-8-Cell-5,1,49.0,17.0,4889.8734502809575,1692.750956420323
SYNTH-49-18-1-Topic-0-Cell-1,1,49.0,18.0,4900.0,1850.0
SYNTH-49-18-1-Topic-0-Cell-2,1,49.0,18.0,4917.924904260718,1830.4330770454126
SYNTH-49-18-1-Topic-0-Cell-3,1,49.0,18.0,4862.615924790855,1853.2808922704633
SYNTH-49-18-1-Topic-0-Cell-4,1,49.0,18.0,4936.475430731552,1877.9650308948123
SYNTH-49-18-1-Topic-8-Cell-5,1,49.0,18.0,4890.755767148638,1797.7390123930243
SYNTH-49-18-1-Topic-9-Cell-6,1,49.0,18.0,4868.152376652497,1900.065579198177
SYNTH-49-19-1-Topic-0-Cell-1,1,49.0,19.0,4900.0,1950.0
SYNTH-49-19-1-Topic-8-Cell-2,1,49.0,19.0,4919.635748809432,1928.5655098336135
SYNTH-49-19-1-Topic-8-Cell-3,1,49.0,19.0,4859.047797432964,1953.5940374105542
SYNTH-49-19-1-Topic-10-Cell-4,1,49.0,19.0,4939.956832412776,1980.634156484835
SYNTH-49-19-1-Topic-10-Cell-5,1,49.0,19.0,4889.8734502809575,1892.750956420323
SYNTH-49-20-1-Topic-0-Cell-1,1,49.0,20.0,4900.0,2050.0
SYNTH-49-20-1-Topic-8-Cell-2,1,49.0,20.0,4921.953434563499,2026.0355114624547
SYNTH-49-20-1-Topic-8-Cell-3,1,49.0,20.0,4854.214045615883,2054.018255981838
SYNTH-49-20-1-Topic-8-Cell-4,1,49.0,20.0,4944.673096720267,2084.2500281667285
SYNTH-49-21-1-Topic-0-Cell-1,1,49.0,21.0,4900.0,2150.0
SYNTH-49-21-1-Topic-8-Cell-2,1,49.0,21.0,4925.349642709746,2122.328192183713
SYNTH-49-21-1-Topic-8-Cell-3,1,49.0,21.0,4847.130933822453,2154.6398823455743
SYNTH-49-22-1-Topic-0-Cell-1,1,49.0,22.0,4900.0,2250.0
SYNTH-49-22-1-Topic-8-Cell-2,1,49.0,22.0,4917.924904260718,2230.4330770454126
SYNTH-49-22-1-Topic-8-Cell-3,1,49.0,22.0,4862.615924790855,2253.2808922704635
SYNTH-49-22-1-Topic-8-Cell-4,1,49.0,22.0,4936.475430731552,2277.965030894812
SYNTH-49-22-1-Topic-8-Cell-5,1,49.0,22.0,4890.755767148638,2197.7390123930245
SYNTH-49-22-1-Topic-8-Cell-6,1,49.0,22.0,4868.152376652497,2300.065579198177
SYNTH-49-23-1-Topic-0-Cell-1,1,49.0,23.0,4900.0,2350.0
SYNTH-49-23-1-Topic-0-Cell-2,1,49.0,23.0,4917.924904260718,2330.4330770454126
SYNTH-49-23-1-Topic-0-Cell-3,1,49.0,23.0,4862.615924790855,2353.2808922704635
SYNTH-49-23-1-Topic-0-Cell-4,1,49.0,23.0,4936.475430731552,2377.965030894812
SYNTH-49-23-1-Topic-0-Cell-5,1,49.0,23.0,4890.755767148638,2297.7390123930245
SYNTH-49-23-1-Topic-0-Cell-6,1,49.0,23.0,4868.152376652497,2400.065579198177
SYNTH-49-24-1-Topic-0-Cell-1,1,49.0,24.0,4900.0,2450.0
SYNTH-49-24-1-Topic-0-Cell-2,1,49.0,24.0,4919.635748809432,2428.5655098336138
SYNTH-49-24-1-Topic-8-Cell-3,1,49.0,24.0,4859.047797432964,2453.594037410554
SYNTH-49-24-1-Topic-8-Cell-4,1,49.0,24.0,4939.956832412776,2480.634156484835
SYNTH-49-24-1-Topic-8-Cell-5,1,49.0,24.0,4889.8734502809575,2392.750956420323
SYNTH-49-25-1-Topic-0-Cell-1,1,49.0,25.0,4900.0,2550.0
SYNTH-49-25-1-Topic-2-Cell-2,1,49.0,25.0,4917.924904260718,2530.4330770454126
SYNTH-49-25-1-Topic-8-Cell-3,1,49.0,25.0,4862.615924790855,2553.2808922704635
SYNTH-49-25-1-Topic-9-Cell-4,1,49.0,25.0,4936.475430731552,2577.965030894812
SYNTH-49-25-1-Topic-9-Cell-5,1,49.0,25.0,4890.755767148638,2497.7390123930245
SYNTH-49-25-1-Topic-9-Cell-6,1,49.0,25.0,4868.152376652497,2600.065579198177
SYNTH-49-26-1-Topic-7-Cell-1,1,49.0,26.0,4900.0,2650.0
SYNTH-49-26-1-Topic-8-Cell-2,1,49.0,26.0,4919.635748809432,2628.5655098336138
SYNTH-49-26-1-Topic-8-Cell-3,1,49.0,26.0,4859.047797432964,2653.594037410554
SYNTH-49-26-1-Topic-8-Cell-4,1,49.0,26.0,4939.956832412776,2680.634156484835
SYNTH-49-26-1-Topic-9-Cell-5,1,49.0,26.0,4889.8734502809575,2592.750956420323
SYNTH-49-27-1-Topic-0-Cell-1,1,49.0,27.0,4900.0,2750.0
SYNTH-49-27-1-Topic-0-Cell-2,1,49.0,27.0,4919.635748809432,2728.5655098336138
SYNTH-49-27-1-Topic-0-Cell-3,1,49.0,27.0,4859.047797432964,2753.594037410554
SYNTH-49-27-1-Topic-7-Cell-4,1,49.0,27.0,4939.956832412776,2780.634156484835
SYNTH-49-27-1-Topic-7-Cell-5,1,49.0,27.0,4889.8734502809575,2692.750956420323
SYNTH-49-28-1-Topic-0-Cell-1,1,49.0,28.0,4900.0,2850.0
SYNTH-49-28-1-Topic-0-Cell-2,1,49.0,28.0,4921.953434563499,2826.0355114624545
SYNTH-49-28-1-Topic-8-Cell-3,1,49.0,28.0,4854.214045615883,2854.018255981838
SYNTH-49-28-1-Topic-8-Cell-4,1,49.0,28.0,4944.673096720267,2884.2500281667285
SYNTH-49-29-1-Topic-0-Cell-1,1,49.0,29.0,4900.0,2950.0
SYNTH-49-29-1-Topic-8-Cell-2,1,49.0,29.0,4919.635748809432,2928.5655098336138
SYNTH-49-29-1-Topic-8-Cell-3,1,49.0,29.0,4859.047797432964,2953.594037410554
SYNTH-49-29-1-Topic-8-Cell-4,1,49.0,29.0,4939.956832412776,2980.634156484835
SYNTH-49-29-1-Topic-8-Cell-5,1,49.0,29.0,4889.8734502809575,2892.750956420323
SYNTH-49-30-1-Topic-0-Cell-1,1,49.0,30.0,4900.0,3050.0
SYNTH-49-30-1-Topic-0-Cell-2,1,49.0,30.0,4917.924904260718,3030.4330770454126
SYNTH-49-30-1-Topic-7-Cell-3,1,49.0,30.0,4862.615924790855,3053.2808922704635
SYNTH-49-30-1-Topic-7-Cell-4,1,49.0,30.0,4936.475430731552,3077.965030894812
SYNTH-49-30-1-Topic-8-Cell-5,1,49.0,30.0,4890.755767148638,2997.7390123930245
SYNTH-49-30-1-Topic-8-Cell-6,1,49.0,30.0,4868.152376652497,3100.065579198177
SYNTH-49-31-1-Topic-8-Cell-1,1,49.0,31.0,4900.0,3150.0
SYNTH-49-31-1-Topic-8-Cell-2,1,49.0,31.0,4921.953434563499,3126.0355114624545
SYNTH-49-31-1-Topic-8-Cell-3,1,49.0,31.0,4854.214045615883,3154.018255981838
SYNTH-49-31-1-Topic-9-Cell-4,1,49.0,31.0,4944.673096720267,3184.2500281667285
SYNTH-49-32-1-Topic-4-Cell-1,1,49.0,32.0,4900.0,3250.0
SYNTH-49-32-1-Topic-4-Cell-2,1,49.0,32.0,4925.349642709746,3222.328192183713
SYNTH-49-32-1-Topic-4-Cell-3,1,49.0,32.0,4847.130933822453,3254.6398823455743
SYNTH-49-33-1-Topic-0-Cell-1,1,49.0,33.0,4900.0,3350.0
SYNTH-49-33-1-Topic-4-Cell-2,1,49.0,33.0,4919.635748809432,3328.5655098336138
SYNTH-49-33-1-Topic-8-Cell-3,1,49.0,33.0,4859.047797432964,3353.594037410554
SYNTH-49-33-1-Topic-8-Cell-4,1,49.0,33.0,4939.956832412776,3380.634156484835
SYNTH-49-33-1-Topic-8-Cell-5,1,49.0,33.0,4889.8734502809575,3292.750956420323
SYNTH-49-34-1-Topic-8-Cell-1,1,49.0,34.0,4900.0,3450.0
SYNTH-49-34-1-Topic-8-Cell-2,1,49.0,34.0,4919.635748809432,3428.5655098336138
SYNTH-49-34-1-Topic-10-Cell-3,1,49.0,34.0,4859.047797432964,3453.594037410554
SYNTH-49-34-1-Topic-10-Cell-4,1,49.0,34.0,4939.956832412776,3480.634156484835
SYNTH-49-34-1-Topic-10-Cell-5,1,49.0,34.0,4889.8734502809575,3392.750956420323
SYNTH-49-35-1-Topic-0-Cell-1,1,49.0,35.0,4900.0,3550.0
SYNTH-49-35-1-Topic-0-Cell-2,1,49.0,35.0,4917.924904260718,3530.4330770454126
SYNTH-49-35-1-Topic-0-Cell-3,1,49.0,35.0,4862.615924790855,3553.2808922704635
SYNTH-49-35-1-Topic-0-Cell-4,1,49.0,35.0,4936.475430731552,3577.965030894812
SYNTH-49-35-1-Topic-7-Cell-5,1,49.0,35.0,4890.755767148638,3497.7390123930245
SYNTH-49-35-1-Topic-8-Cell-6,1,49.0,35.0,4868.152376652497,3600.065579198177
SYNTH-49-36-1-Topic-8-Cell-1,1,49.0,36.0,4900.0,3650.0
SYNTH-49-36-1-Topic-8-Cell-2,1,49.0,36.0,4919.635748809432,3628.5655098336138
SYNTH-49-36-1-Topic-9-Cell-3,1,49.0,36.0,4859.047797432964,3653.594037410554
SYNTH-49-36-1-Topic-9-Cell-4,1,49.0,36.0,4939.956832412776,3680.634156484835
SYNTH-49-36-1-Topic-9-Cell-5,1,49.0,36.0,4889.8734502809575,3592.750956420323
SYNTH-49-37-1-Topic-2-Cell-1,1,49.0,37.0,4900.0,3750.0
SYNTH-49-37-1-Topic-8-Cell-2,1,49.0,37.0,4919.635748809432,3728.5655098336138
SYNTH-49-37-1-Topic-9-Cell-3,1,49.0,37.0,4859.047797432964,3753.594037410554
SYNTH-49-37-1-Topic-9-Cell-4,1,49.0,37.0,4939.956832412776,3780.634156484835
SYNTH-49-37-1-Topic-9-Cell-5,1,49.0,37.0,4889.8734502809575,3692.750956420323
SYNTH-49-38-1-Topic-0-Cell-1,1,49.0,38.0,4900.0,3850.0
SYNTH-49-38-1-Topic-8-Cell-2,1,49.0,38.0,4919.635748809432,3828.5655098336138
SYNTH-49-38-1-Topic-8-Cell-3,1,49.0,38.0,4859.047797432964,3853.594037410554
SYNTH-49-38-1-Topic-8-Cell-4,1,49.0,38.0,4939.956832412776,3880.634156484835
SYNTH-49-38-1-Topic-8-Cell-5,1,49.0,38.0,4889.8734502809575,3792.750956420323
SYNTH-49-39-1-Topic-4-Cell-1,1,49.0,39.0,4900.0,3950.0
SYNTH-49-39-1-Topic-4-Cell-2,1,49.0,39.0,4921.953434563499,3926.0355114624545
SYNTH-49-39-1-Topic-4-Cell-3,1,49.0,39.0,4854.214045615883,3954.018255981838
SYNTH-49-39-1-Topic-8-Cell-4,1,49.0,39.0,4944.673096720267,3984.2500281667285
SYNTH-49-40-1-Topic-0-Cell-1,1,49.0,40.0,4900.0,4050.0
SYNTH-49-40-1-Topic-4-Cell-2,1,49.0,40.0,4917.924904260718,4030.4330770454126
SYNTH-49-40-1-Topic-8-Cell-3,1,49.0,40.0,4862.615924790855,4053.2808922704635
SYNTH-49-40-1-Topic-9-Cell-4,1,49.0,40.0,4936.475430731552,4077.965030894812
SYNTH-49-40-1-Topic-9-Cell-5,1,49.0,40.0,4890.755767148638,3997.7390123930245
SYNTH-49-40-1-Topic-9-Cell-6,1,49.0,40.0,4868.152376652497,4100.065579198177
SYNTH-49-41-1-Topic-0-Cell-1,1,49.0,41.0,4900.0,4150.0
SYNTH-49-41-1-Topic-8-Cell-2,1,49.0,41.0,4919.635748809432,4128.565509833614
SYNTH-49-41-1-Topic-8-Cell-3,1,49.0,41.0,4859.047797432964,4153.594037410554
SYNTH-49-41-1-Topic-8-Cell-4,1,49.0,41.0,4939.956832412776,4180.634156484835
SYNTH-49-41-1-Topic-9-Cell-5,1,49.0,41.0,4889.8734502809575,4092.750956420323
SYNTH-49-42-1-Topic-7-Cell-1,1,49.0,42.0,4900.0,4250.0
SYNTH-49-42-1-Topic-7-Cell-2,1,49.0,42.0,4921.953434563499,4226.035511462454
SYNTH-49-42-1-Topic-8-Cell-3,1,49.0,42.0,4854.214045615883,4254.018255981839
SYNTH-49-42-1-Topic-8-Cell-4,1,49.0,42.0,4944.673096720267,4284.250028166729
SYNTH-49-43-1-Topic-8-Cell-1,1,49.0,43.0,4900.0,4350.0
SYNTH-49-43-1-Topic-8-Cell-2,1,49.0,43.0,4919.635748809432,4328.565509833614
SYNTH-49-43-1-Topic-8-Cell-3,1,49.0,43.0,4859.047797432964,4353.594037410554
SYNTH-49-43-1-Topic-8-Cell-4,1,49.0,43.0,4939.956832412776,4380.634156484835
SYNTH-49-43-1-Topic-8-Cell-5,1,49.0,43.0,4889.8734502809575,4292.750956420323
SYNTH-49-44-1-Topic-8-Cell-1,1,49.0,44.0,4900.0,4450.0
SYNTH-49-44-1-Topic-8-Cell-2,1,49.0,44.0,4925.349642709746,4422.328192183713
SYNTH-49-44-1-Topic-8-Cell-3,1,49.0,44.0,4847.130933822453,4454.639882345574
SYNTH-49-45-1-Topic-0-Cell-1,1,49.0,45.0,4900.0,4550.0
SYNTH-49-45-1-Topic-4-Cell-2,1,49.0,45.0,4919.635748809432,4528.565509833614
SYNTH-49-45-1-Topic-4-Cell-3,1,49.0,45.0,4859.047797432964,4553.594037410554
SYNTH-49-45-1-Topic-8-Cell-4,1,49.0,45.0,4939.956832412776,4580.634156484835
SYNTH-49-45-1-Topic-8-Cell-5,1,49.0,45.0,4889.8734502809575,4492.750956420323
SYNTH-49-46-1-Topic-0-Cell-1,1,49.0,46.0,4900.0,4650.0
SYNTH-49-46-1-Topic-8-Cell-2,1,49.0,46.0,4917.924904260718,4630.433077045413
SYNTH-49-46-1-Topic-8-Cell-3,1,49.0,46.0,4862.615924790855,4653.2808922704635
SYNTH-49-46-1-Topic-8-Cell-4,1,49.0,46.0,4936.475430731552,4677.965030894812
SYNTH-49-46-1-Topic-9-Cell-5,1,49.0,46.0,4890.755767148638,4597.7390123930245
SYNTH-49-46-1-Topic-9-Cell-6,1,49.0,46.0,4868.152376652497,4700.065579198177
SYNTH-49-47-1-Topic-8-Cell-1,1,49.0,47.0,4900.0,4750.0
SYNTH-49-47-1-Topic-8-Cell-2,1,49.0,47.0,4921.953434563499,4726.035511462454
SYNTH-49-47-1-Topic-8-Cell-3,1,49.0,47.0,4854.214045615883,4754.018255981839
SYNTH-49-47-1-Topic-8-Cell-4,1,49.0,47.0,4944.673096720267,4784.250028166729
SYNTH-49-48-1-Topic-0-Cell-1,1,49.0,48.0,4900.0,4850.0
SYNTH-49-48-1-Topic-7-Cell-2,1,49.0,48.0,4919.635748809432,4828.565509833614
SYNTH-49-48-1-Topic-7-Cell-3,1,49.0,48.0,4859.047797432964,4853.594037410554
SYNTH-49-48-1-Topic-7-Cell-4,1,49.0,48.0,4939.956832412776,4880.634156484835
SYNTH-49-48-1-Topic-8-Cell-5,1,49.0,48.0,4889.8734502809575,4792.750956420323
SYNTH-49-49-1-Topic-8-Cell-1,1,49.0,49.0,4900.0,4950.0
SYNTH-49-49-1-Topic-8-Cell-2,1,49.0,49.0,4921.953434563499,4926.035511462454
SYNTH-49-49-1-Topic-8-Cell-3,1,49.0,49.0,4854.214045615883,4954.018255981839
SYNTH-49-49-1-Topic-8-Cell-4,1,49.0,49.0,4944.673096720267,4984.250028166729
SYNTH-49-50-1-Topic-8-Cell-1,1,49.0,50.0,4900.0,5050.0
SYNTH-49-50-1-Topic-8-Cell-2,1,49.0,50.0,4919.635748809432,5028.565509833614
SYNTH-49-50-1-Topic-8-Cell-3,1,49.0,50.0,4859.047797432964,5053.594037410554
SYNTH-49-50-1-Topic-8-Cell-4,1,49.0,50.0,4939.956832412776,5080.634156484835
SYNTH-49-50-1-Topic-8-Cell-5,1,49.0,50.0,4889.8734502809575,4992.750956420323
SYNTH-50-1-1-Topic-0-Cell-1,1,50.0,1.0,5000.0,100.0
SYNTH-50-1-1-Topic-8-Cell-2,1,50.0,1.0,5019.635748809432,78.56550983361359
SYNTH-50-1-1-Topic-8-Cell-3,1,50.0,1.0,4959.047797432964,103.59403741055415
SYNTH-50-1-1-Topic-8-Cell-4,1,50.0,1.0,5039.956832412776,130.63415648483507
SYNTH-50-1-1-Topic-8-Cell-5,1,50.0,1.0,4989.8734502809575,42.75095642032298
SYNTH-50-2-1-Topic-8-Cell-1,1,50.0,2.0,5000.0,200.0
SYNTH-50-2-1-Topic-8-Cell-2,1,50.0,2.0,5019.635748809432,178.5655098336136
SYNTH-50-2-1-Topic-8-Cell-3,1,50.0,2.0,4959.047797432964,203.59403741055414
SYNTH-50-2-1-Topic-8-Cell-4,1,50.0,2.0,5039.956832412776,230.63415648483507
SYNTH-50-2-1-Topic-8-Cell-5,1,50.0,2.0,4989.8734502809575,142.75095642032298
SYNTH-50-3-1-Topic-0-Cell-1,1,50.0,3.0,5000.0,300.0
SYNTH-50-3-1-Topic-0-Cell-2,1,50.0,3.0,5019.635748809432,278.5655098336136
SYNTH-50-3-1-Topic-0-Cell-3,1,50.0,3.0,4959.047797432964,303.59403741055417
SYNTH-50-3-1-Topic-4-Cell-4,1,50.0,3.0,5039.956832412776,330.6341564848351
SYNTH-50-3-1-Topic-4-Cell-5,1,50.0,3.0,4989.8734502809575,242.75095642032298
SYNTH-50-4-1-Topic-0-Cell-1,1,50.0,4.0,5000.0,400.0
SYNTH-50-4-1-Topic-8-Cell-2,1,50.0,4.0,5019.635748809432,378.5655098336136
SYNTH-50-4-1-Topic-8-Cell-3,1,50.0,4.0,4959.047797432964,403.59403741055417
SYNTH-50-4-1-Topic-8-Cell-4,1,50.0,4.0,5039.956832412776,430.6341564848351
SYNTH-50-4-1-Topic-8-Cell-5,1,50.0,4.0,4989.8734502809575,342.75095642032295
SYNTH-50-5-1-Topic-7-Cell-1,1,50.0,5.0,5000.0,500.0
SYNTH-50-5-1-Topic-7-Cell-2,1,50.0,5.0,5025.349642709746,472.32819218371293
SYNTH-50-5-1-Topic-7-Cell-3,1,50.0,5.0,4947.130933822453,504.6398823455742
SYNTH-50-6-1-Topic-0-Cell-1,1,50.0,6.0,5000.0,600.0
SYNTH-50-6-1-Topic-8-Cell-2,1,50.0,6.0,5017.924904260718,580.4330770454125
SYNTH-50-6-1-Topic-8-Cell-3,1,50.0,6.0,4962.615924790855,603.2808922704633
SYNTH-50-6-1-Topic-8-Cell-4,1,50.0,6.0,5036.475430731552,627.9650308948122
SYNTH-50-6-1-Topic-8-Cell-5,1,50.0,6.0,4990.755767148638,547.7390123930243
SYNTH-50-6-1-Topic-8-Cell-6,1,50.0,6.0,4968.152376652497,650.0655791981769
SYNTH-50-7-1-Topic-7-Cell-1,1,50.0,7.0,5000.0,700.0
SYNTH-50-7-1-Topic-8-Cell-2,1,50.0,7.0,5021.953434563499,676.0355114624546
SYNTH-50-7-1-Topic-8-Cell-3,1,50.0,7.0,4954.214045615883,704.0182559818381
SYNTH-50-7-1-Topic-8-Cell-4,1,50.0,7.0,5044.673096720267,734.2500281667286
SYNTH-50-8-1-Topic-0-Cell-1,1,50.0,8.0,5000.0,800.0
SYNTH-50-8-1-Topic-2-Cell-2,1,50.0,8.0,5019.635748809432,778.5655098336136
SYNTH-50-8-1-Topic-8-Cell-3,1,50.0,8.0,4959.047797432964,803.5940374105542
SYNTH-50-8-1-Topic-8-Cell-4,1,50.0,8.0,5039.956832412776,830.6341564848351
SYNTH-50-8-1-Topic-9-Cell-5,1,50.0,8.0,4989.8734502809575,742.750956420323
SYNTH-50-9-1-Topic-8-Cell-1,1,50.0,9.0,5000.0,900.0
SYNTH-50-9-1-Topic-8-Cell-2,1,50.0,9.0,5021.953434563499,876.0355114624546
SYNTH-50-9-1-Topic-8-Cell-3,1,50.0,9.0,4954.214045615883,904.0182559818381
SYNTH-50-9-1-Topic-8-Cell-4,1,50.0,9.0,5044.673096720267,934.2500281667286
SYNTH-50-10-1-Topic-0-Cell-1,1,50.0,10.0,5000.0,1000.0
SYNTH-50-10-1-Topic-0-Cell-2,1,50.0,10.0,5017.924904260718,980.4330770454125
SYNTH-50-10-1-Topic-0-Cell-3,1,50.0,10.0,4962.615924790855,1003.2808922704633
SYNTH-50-10-1-Topic-8-Cell-4,1,50.0,10.0,5036.475430731552,1027.9650308948123
SYNTH-50-10-1-Topic-8-Cell-5,1,50.0,10.0,4990.755767148638,947.7390123930243
SYNTH-50-10-1-Topic-8-Cell-6,1,50.0,10.0,4968.152376652497,1050.065579198177
SYNTH-50-11-1-Topic-0-Cell-1,1,50.0,11.0,5000.0,1100.0
SYNTH-50-11-1-Topic-0-Cell-2,1,50.0,11.0,5021.953434563499,1076.0355114624547
SYNTH-50-11-1-Topic-7-Cell-3,1,50.0,11.0,4954.214045615883,1104.0182559818381
SYNTH-50-11-1-Topic-8-Cell-4,1,50.0,11.0,5044.673096720267,1134.2500281667287
SYNTH-50-12-1-Topic-7-Cell-1,1,50.0,12.0,5000.0,1200.0
SYNTH-50-12-1-Topic-7-Cell-2,1,50.0,12.0,5025.349642709746,1172.3281921837129
SYNTH-50-12-1-Topic-7-Cell-3,1,50.0,12.0,4947.130933822453,1204.6398823455743
SYNTH-50-13-1-Topic-7-Cell-1,1,50.0,13.0,5000.0,1300.0
SYNTH-50-13-1-Topic-7-Cell-2,1,50.0,13.0,5019.635748809432,1278.5655098336135
SYNTH-50-13-1-Topic-7-Cell-3,1,50.0,13.0,4959.047797432964,1303.5940374105542
SYNTH-50-13-1-Topic-8-Cell-4,1,50.0,13.0,5039.956832412776,1330.634156484835
SYNTH-50-13-1-Topic-8-Cell-5,1,50.0,13.0,4989.8734502809575,1242.750956420323
SYNTH-50-14-1-Topic-1-Cell-1,1,50.0,14.0,5000.0,1400.0
SYNTH-50-14-1-Topic-1-Cell-2,1,50.0,14.0,5021.953434563499,1376.0355114624547
SYNTH-50-14-1-Topic-1-Cell-3,1,50.0,14.0,4954.214045615883,1404.0182559818381
SYNTH-50-14-1-Topic-8-Cell-4,1,50.0,14.0,5044.673096720267,1434.2500281667287
SYNTH-50-15-1-Topic-0-Cell-1,1,50.0,15.0,5000.0,1500.0
SYNTH-50-15-1-Topic-8-Cell-2,1,50.0,15.0,5019.635748809432,1478.5655098336135
SYNTH-50-15-1-Topic-8-Cell-3,1,50.0,15.0,4959.047797432964,1503.5940374105542
SYNTH-50-15-1-Topic-8-Cell-4,1,50.0,15.0,5039.956832412776,1530.634156484835
SYNTH-50-15-1-Topic-8-Cell-5,1,50.0,15.0,4989.8734502809575,1442.750956420323
SYNTH-50-16-1-Topic-0-Cell-1,1,50.0,16.0,5000.0,1600.0
SYNTH-50-16-1-Topic-8-Cell-2,1,50.0,16.0,5017.924904260718,1580.4330770454126
SYNTH-50-16-1-Topic-8-Cell-3,1,50.0,16.0,4962.615924790855,1603.2808922704633
SYNTH-50-16-1-Topic-8-Cell-4,1,50.0,16.0,5036.475430731552,1627.9650308948123
SYNTH-50-16-1-Topic-8-Cell-5,1,50.0,16.0,4990.755767148638,1547.7390123930243
SYNTH-50-16-1-Topic-8-Cell-6,1,50.0,16.0,4968.152376652497,1650.065579198177
SYNTH-50-17-1-Topic-0-Cell-1,1,50.0,17.0,5000.0,1700.0
SYNTH-50-17-1-Topic-7-Cell-2,1,50.0,17.0,5019.635748809432,1678.5655098336135
SYNTH-50-17-1-Topic-8-Cell-3,1,50.0,17.0,4959.047797432964,1703.5940374105542
SYNTH-50-17-1-Topic-8-Cell-4,1,50.0,17.0,5039.956832412776,1730.634156484835
SYNTH-50-17-1-Topic-8-Cell-5,1,50.0,17.0,4989.8734502809575,1642.750956420323
SYNTH-50-18-1-Topic-7-Cell-1,1,50.0,18.0,5000.0,1800.0
SYNTH-50-18-1-Topic-7-Cell-2,1,50.0,18.0,5019.635748809432,1778.5655098336135
SYNTH-50-18-1-Topic-7-Cell-3,1,50.0,18.0,4959.047797432964,1803.5940374105542
SYNTH-50-18-1-Topic-8-Cell-4,1,50.0,18.0,5039.956832412776,1830.634156484835
SYNTH-50-18-1-Topic-10-Cell-5,1,50.0,18.0,4989.8734502809575,1742.750956420323
SYNTH-50-19-1-Topic-4-Cell-1,1,50.0,19.0,5000.0,1900.0
SYNTH-50-19-1-Topic-4-Cell-2,1,50.0,19.0,5019.635748809432,1878.5655098336135
SYNTH-50-19-1-Topic-8-Cell-3,1,50.0,19.0,4959.047797432964,1903.5940374105542
SYNTH-50-19-1-Topic-8-Cell-4,1,50.0,19.0,5039.956832412776,1930.634156484835
SYNTH-50-19-1-Topic-8-Cell-5,1,50.0,19.0,4989.8734502809575,1842.750956420323
SYNTH-50-20-1-Topic-8-Cell-1,1,50.0,20.0,5000.0,2000.0
SYNTH-50-20-1-Topic-8-Cell-2,1,50.0,20.0,5019.635748809432,1978.5655098336135
SYNTH-50-20-1-Topic-8-Cell-3,1,50.0,20.0,4959.047797432964,2003.5940374105542
SYNTH-50-20-1-Topic-8-Cell-4,1,50.0,20.0,5039.956832412776,2030.634156484835
SYNTH-50-20-1-Topic-8-Cell-5,1,50.0,20.0,4989.8734502809575,1942.750956420323
SYNTH-50-21-1-Topic-10-Cell-1,1,50.0,21.0,5000.0,2100.0
SYNTH-50-21-1-Topic-10-Cell-2,1,50.0,21.0,5025.349642709746,2072.328192183713
SYNTH-50-21-1-Topic-10-Cell-3,1,50.0,21.0,4947.130933822453,2104.6398823455743
SYNTH-50-22-1-Topic-8-Cell-1,1,50.0,22.0,5000.0,2200.0
SYNTH-50-22-1-Topic-8-Cell-2,1,50.0,22.0,5019.635748809432,2178.5655098336138
SYNTH-50-22-1-Topic-8-Cell-3,1,50.0,22.0,4959.047797432964,2203.594037410554
SYNTH-50-22-1-Topic-8-Cell-4,1,50.0,22.0,5039.956832412776,2230.634156484835
SYNTH-50-22-1-Topic-8-Cell-5,1,50.0,22.0,4989.8734502809575,2142.750956420323
SYNTH-50-23-1-Topic-0-Cell-1,1,50.0,23.0,5000.0,2300.0
SYNTH-50-23-1-Topic-0-Cell-2,1,50.0,23.0,5019.635748809432,2278.5655098336138
SYNTH-50-23-1-Topic-0-Cell-3,1,50.0,23.0,4959.047797432964,2303.594037410554
SYNTH-50-23-1-Topic-0-Cell-4,1,50.0,23.0,5039.956832412776,2330.634156484835
SYNTH-50-23-1-Topic-8-Cell-5,1,50.0,23.0,4989.8734502809575,2242.750956420323
SYNTH-50-24-1-Topic-0-Cell-1,1,50.0,24.0,5000.0,2400.0
SYNTH-50-24-1-Topic-0-Cell-2,1,50.0,24.0,5017.924904260718,2380.4330770454126
SYNTH-50-24-1-Topic-0-Cell-3,1,50.0,24.0,4962.615924790855,2403.2808922704635
SYNTH-50-24-1-Topic-7-Cell-4,1,50.0,24.0,5036.475430731552,2427.965030894812
SYNTH-50-24-1-Topic-7-Cell-5,1,50.0,24.0,4990.755767148638,2347.7390123930245
SYNTH-50-24-1-Topic-8-Cell-6,1,50.0,24.0,4968.152376652497,2450.065579198177
SYNTH-50-25-1-Topic-7-Cell-1,1,50.0,25.0,5000.0,2500.0
SYNTH-50-25-1-Topic-10-Cell-2,1,50.0,25.0,5025.349642709746,2472.328192183713
SYNTH-50-25-1-Topic-10-Cell-3,1,50.0,25.0,4947.130933822453,2504.6398823455743
SYNTH-50-26-1-Topic-4-Cell-1,1,50.0,26.0,5000.0,2600.0
SYNTH-50-26-1-Topic-4-Cell-2,1,50.0,26.0,5021.953434563499,2576.0355114624545
SYNTH-50-26-1-Topic-4-Cell-3,1,50.0,26.0,4954.214045615883,2604.018255981838
SYNTH-50-26-1-Topic-10-Cell-4,1,50.0,26.0,5044.673096720267,2634.2500281667285
SYNTH-50-27-1-Topic-0-Cell-1,1,50.0,27.0,5000.0,2700.0
SYNTH-50-27-1-Topic-0-Cell-2,1,50.0,27.0,5017.924904260718,2680.4330770454126
SYNTH-50-27-1-Topic-7-Cell-3,1,50.0,27.0,4962.615924790855,2703.2808922704635
SYNTH-50-27-1-Topic-7-Cell-4,1,50.0,27.0,5036.475430731552,2727.965030894812
SYNTH-50-27-1-Topic-7-Cell-5,1,50.0,27.0,4990.755767148638,2647.7390123930245
SYNTH-50-27-1-Topic-10-Cell-6,1,50.0,27.0,4968.152376652497,2750.065579198177
SYNTH-50-28-1-Topic-0-Cell-1,1,50.0,28.0,5000.0,2800.0
SYNTH-50-28-1-Topic-0-Cell-2,1,50.0,28.0,5017.924904260718,2780.4330770454126
SYNTH-50-28-1-Topic-0-Cell-3,1,50.0,28.0,4962.615924790855,2803.2808922704635
SYNTH-50-28-1-Topic-8-Cell-4,1,50.0,28.0,5036.475430731552,2827.965030894812
SYNTH-50-28-1-Topic-8-Cell-5,1,50.0,28.0,4990.755767148638,2747.7390123930245
SYNTH-50-28-1-Topic-8-Cell-6,1,50.0,28.0,4968.152376652497,2850.065579198177
SYNTH-50-29-1-Topic-0-Cell-1,1,50.0,29.0,5000.0,2900.0
SYNTH-50-29-1-Topic-0-Cell-2,1,50.0,29.0,5019.635748809432,2878.5655098336138
SYNTH-50-29-1-Topic-0-Cell-3,1,50.0,29.0,4959.047797432964,2903.594037410554
SYNTH-50-29-1-Topic-0-Cell-4,1,50.0,29.0,5039.956832412776,2930.634156484835
SYNTH-50-29-1-Topic-0-Cell-5,1,50.0,29.0,4989.8734502809575,2842.750956420323
SYNTH-50-30-1-Topic-0-Cell-1,1,50.0,30.0,5000.0,3000.0
SYNTH-50-30-1-Topic-8-Cell-2,1,50.0,30.0,5021.953434563499,2976.0355114624545
SYNTH-50-30-1-Topic-8-Cell-3,1,50.0,30.0,4954.214045615883,3004.018255981838
SYNTH-50-30-1-Topic-8-Cell-4,1,50.0,30.0,5044.673096720267,3034.2500281667285
SYNTH-50-31-1-Topic-0-Cell-1,1,50.0,31.0,5000.0,3100.0
SYNTH-50-31-1-Topic-8-Cell-2,1,50.0,31.0,5019.635748809432,3078.5655098336138
SYNTH-50-31-1-Topic-8-Cell-3,1,50.0,31.0,4959.047797432964,3103.594037410554
SYNTH-50-31-1-Topic-8-Cell-4,1,50.0,31.0,5039.956832412776,3130.634156484835
SYNTH-50-31-1-Topic-8-Cell-5,1,50.0,31.0,4989.8734502809575,3042.750956420323
SYNTH-50-32-1-Topic-0-Cell-1,1,50.0,32.0,5000.0,3200.0
SYNTH-50-32-1-Topic-0-Cell-2,1,50.0,32.0,5019.635748809432,3178.5655098336138
SYNTH-50-32-1-Topic-7-Cell-3,1,50.0,32.0,4959.047797432964,3203.594037410554
SYNTH-50-32-1-Topic-8-Cell-4,1,50.0,32.0,5039.956832412776,3230.634156484835
SYNTH-50-32-1-Topic-8-Cell-5,1,50.0,32.0,4989.8734502809575,3142.750956420323
SYNTH-50-33-1-Topic-0-Cell-1,1,50.0,33.0,5000.0,3300.0
SYNTH-50-33-1-Topic-0-Cell-2,1,50.0,33.0,5019.635748809432,3278.5655098336138
SYNTH-50-33-1-Topic-0-Cell-3,1,50.0,33.0,4959.047797432964,3303.594037410554
SYNTH-50-33-1-Topic-7-Cell-4,1,50.0,33.0,5039.956832412776,3330.634156484835
SYNTH-50-33-1-Topic-7-Cell-5,1,50.0,33.0,4989.8734502809575,3242.750956420323
SYNTH-50-34-1-Topic-0-Cell-1,1,50.0,34.0,5000.0,3400.0
SYNTH-50-34-1-Topic-0-Cell-2,1,50.0,34.0,5019.635748809432,3378.5655098336138
SYNTH-50-34-1-Topic-7-Cell-3,1,50.0,34.0,4959.047797432964,3403.594037410554
SYNTH-50-34-1-Topic-7-Cell-4,1,50.0,34.0,5039.956832412776,3430.634156484835
SYNTH-50-34-1-Topic-8-Cell-5,1,50.0,34.0,4989.8734502809575,3342.750956420323
SYNTH-50-35-1-Topic-7-Cell-1,1,50.0,35.0,5000.0,3500.0
SYNTH-50-35-1-Topic-7-Cell-2,1,50.0,35.0,5019.635748809432,3478.5655098336138
SYNTH-50-35-1-Topic-9-Cell-3,1,50.0,35.0,4959.047797432964,3503.594037410554
SYNTH-50-35-1-Topic-9-Cell-4,1,50.0,35.0,5039.956832412776,3530.634156484835
SYNTH-50-35-1-Topic-9-Cell-5,1,50.0,35.0,4989.8734502809575,3442.750956420323
SYNTH-50-36-1-Topic-0-Cell-1,1,50.0,36.0,5000.0,3600.0
SYNTH-50-36-1-Topic-0-Cell-2,1,50.0,36.0,5019.635748809432,3578.5655098336138
SYNTH-50-36-1-Topic-0-Cell-3,1,50.0,36.0,4959.047797432964,3603.594037410554
SYNTH-50-36-1-Topic-0-Cell-4,1,50.0,36.0,5039.956832412776,3630.634156484835
SYNTH-50-36-1-Topic-0-Cell-5,1,50.0,36.0,4989.8734502809575,3542.750956420323
SYNTH-50-37-1-Topic-0-Cell-1,1,50.0,37.0,5000.0,3700.0
SYNTH-50-37-1-Topic-0-Cell-2,1,50.0,37.0,5019.635748809432,3678.5655098336138
SYNTH-50-37-1-Topic-7-Cell-3,1,50.0,37.0,4959.047797432964,3703.594037410554
SYNTH-50-37-1-Topic-8-Cell-4,1,50.0,37.0,5039.956832412776,3730.634156484835
SYNTH-50-37-1-Topic-8-Cell-5,1,50.0,37.0,4989.8734502809575,3642.750956420323
SYNTH-50-38-1-Topic-0-Cell-1,1,50.0,38.0,5000.0,3800.0
SYNTH-50-38-1-Topic-0-Cell-2,1,50.0,38.0,5019.635748809432,3778.5655098336138
SYNTH-50-38-1-Topic-0-Cell-3,1,50.0,38.0,4959.047797432964,3803.594037410554
SYNTH-50-38-1-Topic-7-Cell-4,1,50.0,38.0,5039.956832412776,3830.634156484835
SYNTH-50-38-1-Topic-8-Cell-5,1,50.0,38.0,4989.8734502809575,3742.750956420323
SYNTH-50-39-1-Topic-0-Cell-1,1,50.0,39.0,5000.0,3900.0
SYNTH-50-39-1-Topic-0-Cell-2,1,50.0,39.0,5019.635748809432,3878.5655098336138
SYNTH-50-39-1-Topic-7-Cell-3,1,50.0,39.0,4959.047797432964,3903.594037410554
SYNTH-50-39-1-Topic-7-Cell-4,1,50.0,39.0,5039.956832412776,3930.634156484835
SYNTH-50-39-1-Topic-8-Cell-5,1,50.0,39.0,4989.8734502809575,3842.750956420323
SYNTH-50-40-1-Topic-0-Cell-1,1,50.0,40.0,5000.0,4000.0
SYNTH-50-40-1-Topic-0-Cell-2,1,50.0,40.0,5017.924904260718,3980.4330770454126
SYNTH-50-40-1-Topic-0-Cell-3,1,50.0,40.0,4962.615924790855,4003.2808922704635
SYNTH-50-40-1-Topic-0-Cell-4,1,50.0,40.0,5036.475430731552,4027.965030894812
SYNTH-50-40-1-Topic-8-Cell-5,1,50.0,40.0,4990.755767148638,3947.7390123930245
SYNTH-50-40-1-Topic-8-Cell-6,1,50.0,40.0,4968.152376652497,4050.065579198177
SYNTH-50-41-1-Topic-0-Cell-1,1,50.0,41.0,5000.0,4100.0
SYNTH-50-41-1-Topic-0-Cell-2,1,50.0,41.0,5019.635748809432,4078.5655098336138
SYNTH-50-41-1-Topic-8-Cell-3,1,50.0,41.0,4959.047797432964,4103.594037410554
SYNTH-50-41-1-Topic-8-Cell-4,1,50.0,41.0,5039.956832412776,4130.634156484835
SYNTH-50-41-1-Topic-8-Cell-5,1,50.0,41.0,4989.8734502809575,4042.750956420323
SYNTH-50-42-1-Topic-0-Cell-1,1,50.0,42.0,5000.0,4200.0
SYNTH-50-42-1-Topic-0-Cell-2,1,50.0,42.0,5019.635748809432,4178.565509833614
SYNTH-50-42-1-Topic-0-Cell-3,1,50.0,42.0,4959.047797432964,4203.594037410554
SYNTH-50-42-1-Topic-4-Cell-4,1,50.0,42.0,5039.956832412776,4230.634156484835
SYNTH-50-42-1-Topic-9-Cell-5,1,50.0,42.0,4989.8734502809575,4142.750956420323
SYNTH-50-43-1-Topic-9-Cell-1,1,50.0,43.0,5000.0,4300.0
SYNTH-50-43-1-Topic-9-Cell-2,1,50.0,43.0,5021.953434563499,4276.035511462454
SYNTH-50-43-1-Topic-9-Cell-3,1,50.0,43.0,4954.214045615883,4304.018255981839
SYNTH-50-43-1-Topic-9-Cell-4,1,50.0,43.0,5044.673096720267,4334.250028166729
SYNTH-50-44-1-Topic-0-Cell-1,1,50.0,44.0,5000.0,4400.0
SYNTH-50-44-1-Topic-4-Cell-2,1,50.0,44.0,5019.635748809432,4378.565509833614
SYNTH-50-44-1-Topic-4-Cell-3,1,50.0,44.0,4959.047797432964,4403.594037410554
SYNTH-50-44-1-Topic-8-Cell-4,1,50.0,44.0,5039.956832412776,4430.634156484835
SYNTH-50-44-1-Topic-8-Cell-5,1,50.0,44.0,4989.8734502809575,4342.750956420323
SYNTH-50-45-1-Topic-7-Cell-1,1,50.0,45.0,5000.0,4500.0
SYNTH-50-45-1-Topic-7-Cell-2,1,50.0,45.0,5019.635748809432,4478.565509833614
SYNTH-50-45-1-Topic-7-Cell-3,1,50.0,45.0,4959.047797432964,4503.594037410554
SYNTH-50-45-1-Topic-8-Cell-4,1,50.0,45.0,5039.956832412776,4530.634156484835
SYNTH-50-45-1-Topic-8-Cell-5,1,50.0,45.0,4989.8734502809575,4442.750956420323
SYNTH-50-46-1-Topic-0-Cell-1,1,50.0,46.0,5000.0,4600.0
SYNTH-50-46-1-Topic-8-Cell-2,1,50.0,46.0,5019.635748809432,4578.565509833614
SYNTH-50-46-1-Topic-8-Cell-3,1,50.0,46.0,4959.047797432964,4603.594037410554
SYNTH-50-46-1-Topic-8-Cell-4,1,50.0,46.0,5039.956832412776,4630.634156484835
SYNTH-50-46-1-Topic-8-Cell-5,1,50.0,46.0,4989.8734502809575,4542.750956420323
SYNTH-50-47-1-Topic-0-Cell-1,1,50.0,47.0,5000.0,4700.0
SYNTH-50-47-1-Topic-4-Cell-2,1,50.0,47.0,5017.924904260718,4680.433077045413
SYNTH-50-47-1-Topic-4-Cell-3,1,50.0,47.0,4962.615924790855,4703.2808922704635
SYNTH-50-47-1-Topic-7-Cell-4,1,50.0,47.0,5036.475430731552,4727.965030894812
SYNTH-50-47-1-Topic-7-Cell-5,1,50.0,47.0,4990.755767148638,4647.7390123930245
SYNTH-50-47-1-Topic-8-Cell-6,1,50.0,47.0,4968.152376652497,4750.065579198177
SYNTH-50-48-1-Topic-0-Cell-1,1,50.0,48.0,5000.0,4800.0
SYNTH-50-48-1-Topic-0-Cell-2,1,50.0,48.0,5016.595236651071,4781.884549437942
SYNTH-50-48-1-Topic-0-Cell-3,1,50.0,48.0,4965.389071759965,4803.0375160091835
SYNTH-50-48-1-Topic-0-Cell-4,1,50.0,48.0,5033.769686919131,4825.890587693178
SYNTH-50-48-1-Topic-0-Cell-5,1,50.0,48.0,4991.441503419232,4751.615727239498
SYNTH-50-48-1-Topic-8-Cell-6,1,50.0,48.0,4970.514830174896,4846.351719528427
SYNTH-50-48-1-Topic-8-Cell-7,1,50.0,48.0,5058.115097723178,4784.377452574757
SYNTH-50-49-1-Topic-0-Cell-1,1,50.0,49.0,5000.0,4900.0
SYNTH-50-49-1-Topic-0-Cell-2,1,50.0,49.0,5017.924904260718,4880.433077045413
SYNTH-50-49-1-Topic-0-Cell-3,1,50.0,49.0,4962.615924790855,4903.2808922704635
SYNTH-50-49-1-Topic-0-Cell-4,1,50.0,49.0,5036.475430731552,4927.965030894812
SYNTH-50-49-1-Topic-0-Cell-5,1,50.0,49.0,4990.755767148638,4847.7390123930245
SYNTH-50-49-1-Topic-8-Cell-6,1,50.0,49.0,4968.152376652497,4950.065579198177
SYNTH-50-50-1-Topic-8-Cell-1,1,50.0,50.0,5000.0,5000.0
SYNTH-50-50-1-Topic-8-Cell-2,1,50.0,50.0,5021.953434563499,4976.035511462454
SYNTH-50-50-1-Topic-8-Cell-3,1,50.0,50.0,4954.214045615883,5004.018255981839
SYNTH-50-50-1-Topic-8-Cell-4,1,50.0,50.0,5044.673096720267,5034.250028166729
