p_val,avg_log2FC,pct.1,pct.2,p_val_adj,cluster,gene
4.5257356429629e-08,1.79371643788272,0.488,0.597,0.000816035393782641,Tumor Edge ,LY6E
4.82629029551336e-58,1.78147348274381,0.646,0.433,8.70228403184014e-54,Tumor Edge ,NRAS
3.1892371589923e-70,1.69560071396949,0.674,0.378,5.75051352137901e-66,Tumor Edge ,HMGCS2
8.7690339160365e-07,1.66784218883968,0.472,0.577,0.0158114450540054,Tumor Edge ,MT2A
1.69404166259594e-13,1.64640297419509,0.532,0.621,3.05452652182674e-09,Tumor Edge ,TOMM7
6.8330310171011e-11,1.63744096313859,0.466,0.505,1.2320638226935e-06,Tumor Edge ,NUCKS1
6.35782783164341e-09,1.63103988302056,0.456,0.517,0.000114637993632362,Tumor Edge ,BSG
1.05072689801476e-93,1.62148023843187,0.834,0.605,1.89456566981041e-89,Tumor Edge ,HSP90AA1
2.20457053045251e-46,1.59787745858499,0.688,0.638,3.97506112345891e-42,Tumor Edge ,SELENOW
0.00252676343377773,1.59524883778887,0.404,0.512,1,Tumor Edge ,UBL5
8.50989060224574e-67,1.59014401792064,0.676,0.375,1.53441837449093e-62,Tumor Edge ,CDH2
7.94227197159622e-11,1.58514396722704,0.494,0.559,1.43207105919851e-06,Tumor Edge ,S100A13
8.19280255749556e-130,1.58119253956675,0.94,0.608,1.47724422914202e-125,Tumor Edge ,DCAF7
0.000481935789211889,1.55613806386948,0.408,0.501,1,Tumor Edge ,COX7A2L
0.0023401748178213,1.5541527861403,0.42,0.535,1,Tumor Edge ,PRDX2
1.88381073584813e-63,1.55372840738908,0.748,0.693,3.39669913780777e-59,Tumor Edge ,SERF2
3.25085676790141e-35,1.55016618273461,0.526,0.331,5.86161983820304e-31,Tumor Edge ,TAT
1.02788106325354e-108,1.54637202114937,0.876,0.591,1.85337234515246e-104,Tumor Edge ,FASN
7.00356084157939e-21,1.53406687575001,0.568,0.6,1.26281205534518e-16,Tumor Edge ,CTTN
1.41638887230786e-90,1.52731833951862,0.82,0.555,2.5538907756583e-86,Tumor Edge ,CYB561
9.43430154226878e-44,1.50661494429391,0.642,0.457,1.70109891108648e-39,Tumor Edge ,TACO1
3.52606509618297e-34,1.50254362070022,0.646,0.605,6.35784797492752e-30,Tumor Edge ,PPDPF
2.02389636300454e-79,1.49766064288941,0.794,0.54,3.64928753213348e-75,Tumor Edge ,PGAP3
1.16637084663225e-17,1.48525868538197,0.554,0.592,2.1030832735626e-13,Tumor Edge ,AKT1
0.00579448571548681,1.48247151785439,0.4,0.508,1,Tumor Edge ,PPP1CA
6.36423045864166e-15,1.47277940734901,0.524,0.573,1.14753439399768e-10,Tumor Edge ,COPG1
2.90061470551586e-55,1.47258609729232,0.7,0.49,5.23009837551565e-51,Tumor Edge ,ECM1
0.000321964561276994,1.4648962623526,0.418,0.512,1,Tumor Edge ,APRT
0.000485847493351967,1.45787434873527,0.42,0.519,1,Tumor Edge ,NCL
9.5502621017196e-65,1.45419645102768,0.744,0.507,1.72200775956106e-60,Tumor Edge ,MUC1
4.17202801228922e-65,1.44170808475293,0.782,0.722,7.5225837089587e-61,Tumor Edge ,HSPB1
9.84636721266959e-113,1.44162757504094,0.922,0.69,1.77539847211645e-108,Tumor Edge ,VMP1
1.08611848816496e-45,1.43922516045585,0.718,0.612,1.95838024601023e-41,Tumor Edge ,CSDE1
2.20377749132521e-38,1.43565924086717,0.616,0.465,3.97363119460849e-34,Tumor Edge ,FOXA1
1.85774554589926e-07,1.43385430397985,0.46,0.524,0.00334970099381095,Tumor Edge ,PBX1
9.04565547073659e-05,1.4311181901202,0.44,0.541,1,Tumor Edge ,CHCHD2
4.95523027713546e-110,1.41967970251051,0.9,0.605,8.93477571270294e-106,Tumor Edge ,MIEN1
3.36845569357418e-42,1.4102590567806,0.64,0.472,6.07366246108361e-38,Tumor Edge ,PPM1D
7.94471873842826e-16,1.4060867208266,0.574,0.674,1.432512235726e-11,Tumor Edge ,ANXA5
2.33284382141302e-37,1.40507498777906,0.656,0.616,4.20635069438982e-33,Tumor Edge ,HSP90AB1
0.000951973333799039,1.40411305296943,0.42,0.504,1,Tumor Edge ,POLR1D
6.63097138504003e-09,1.39750371449339,0.512,0.585,0.000119563045043657,Tumor Edge ,IGFBP5
2.98059115656493e-16,1.38833118293365,0.544,0.558,5.37430391440223e-12,Tumor Edge ,KIF5B
0.0025051170446841,1.38723120383743,0.41,0.515,1,Tumor Edge ,CD151
0.000361412763178508,1.38012884641366,0.478,0.646,1,Tumor Edge ,CD63
1.54818767334745e-13,1.37765449900482,0.512,0.533,2.79153719381279e-09,Tumor Edge ,SLC25A39
4.61463411975349e-38,1.3712293156888,0.648,0.494,8.32064678132752e-34,Tumor Edge ,KRT7
7.45303087752896e-05,1.36764299712382,0.474,0.62,1,Tumor Edge ,ITGB1
0.00415198894104398,1.36533465363005,0.42,0.546,1,Tumor Edge ,COPA
5.00923298528874e-53,1.3628187134328,0.732,0.578,9.03214799577412e-49,Tumor Edge ,STARD3
1.42013644624501e-27,1.35123381016153,0.628,0.643,2.56064802622437e-23,Tumor Edge ,H3F3A
6.79463377594972e-113,1.3427597626291,0.954,0.69,1.22514041614149e-108,Tumor Edge ,ERBB2
0.00015506634694065,1.3241455000276,0.428,0.514,1,Tumor Edge ,ATP5F1B
1.45142280143577e-05,1.31250771531585,0.446,0.531,0.261706045326883,Tumor Edge ,SET
1.19998081399092e-14,1.31126666638108,0.55,0.602,2.16368540570703e-10,Tumor Edge ,HNRNPF
1.21135326267237e-23,1.31109697325132,0.61,0.571,2.18419106792454e-19,Tumor Edge ,PSMC5
1.11205896646655e-22,1.31035479273224,0.606,0.597,2.00515352243583e-18,Tumor Edge ,BST2
1.24703352303709e-07,1.30478035811599,0.466,0.534,0.00224852614538817,Tumor Edge ,ECH1
2.42792822770094e-39,1.30107250752751,0.682,0.565,4.37779738736756e-35,Tumor Edge ,CCDC47
3.96922990069298e-05,1.29878553720945,0.464,0.572,0.715691843393951,Tumor Edge ,YWHAE
2.38718798591727e-32,1.29058624122606,0.646,0.518,4.30433865740743e-28,Tumor Edge ,CD9
5.5741449350339e-05,1.28892839208522,0.458,0.574,1,Tumor Edge ,ATP5F1E
1.172984758175e-85,1.28745366576916,0.884,0.625,2.11500881746534e-81,Tumor Edge ,CRIP1
2.12991443966135e-14,1.28061201783227,0.556,0.622,3.84044872615337e-10,Tumor Edge ,EVL
2.79015355496495e-14,1.27907704027446,0.512,0.494,5.0309258749573e-10,Tumor Edge ,SPINT2
3.65867232673618e-23,1.27482791634147,0.57,0.462,6.59695207233801e-19,Tumor Edge ,EPCAM
1.25073872102744e-20,1.2687462343828,0.59,0.574,2.25520698788457e-16,Tumor Edge ,S100A16
0.00332517968494729,1.26747723485488,0.414,0.508,1,Tumor Edge ,ADI1
3.79147671339841e-11,1.24830501662791,0.554,0.655,6.83641166192868e-07,Tumor Edge ,HNRNPA2B1
0.00038056532978259,1.2471168425688,0.432,0.518,1,Tumor Edge ,ZNF217
4.72468162092028e-10,1.22566008053691,0.518,0.585,8.51907343068136e-06,Tumor Edge ,NDUFA4
2.36864401075926e-06,1.20462508624847,0.502,0.637,0.0427090201580002,Tumor Edge ,GRN
3.19313073721843e-26,1.20228039919298,0.67,0.745,5.75753403227856e-22,Tumor Edge ,PFN1
4.2851049494546e-12,1.19853551550291,0.51,0.513,7.72647273436159e-08,Tumor Edge ,SMARCD2
1.06518120701462e-07,1.16334820305946,0.518,0.637,0.00192062823436806,Tumor Edge ,ADAR
3.66503240891304e-22,1.1611254669645,0.566,0.45,6.6084199365111e-18,Tumor Edge ,MLPH
4.14494909889351e-14,1.1544959247535,0.574,0.612,7.47375772021489e-10,Tumor Edge ,HIST1H1C
1.92706364275705e-08,1.14875938617494,0.496,0.554,0.000347468845425523,Tumor Edge ,CCND1
4.2114048840414e-13,1.14284875081576,0.52,0.479,7.59358414641504e-09,Tumor Edge ,STARD10
6.38839992106075e-06,1.1375557772092,0.496,0.613,0.115189238976646,Tumor Edge ,PSME1
1.5740890709099e-06,1.12454536504197,0.47,0.5,0.0283824000375765,Tumor Edge ,UGDH
3.29663580693265e-31,1.11317998697426,0.642,0.497,5.94416402348027e-27,Tumor Edge ,FXYD3
7.51144773099839e-16,1.11263302813163,0.52,0.449,1.35438914037632e-11,Tumor Edge ,AZGP1
0.000505171851127461,1.08795916426915,0.29,0.509,1,Tumor Edge ,ANXA4
6.04831490029822e-08,1.0851281991951,0.546,0.691,0.00109057165967277,Tumor Edge ,CCNI
0.000236915698507519,1.03950734152718,0.498,0.641,1,Tumor Edge ,H1FX
8.21232479132255e-05,1.03062312280891,0.496,0.628,1,Tumor Edge ,TM9SF3
3.55290363729287e-06,1.00536036577669,0.274,0.512,0.0640624054840278,Tumor Edge ,TAPBP
2.21370286821478e-256,1.95451678004258,0.965,0.361,3.99152764167807e-252,Tumor Front,HMGCS2
3.75424430345879e-245,1.93119708948647,0.956,0.358,6.76927790356654e-241,Tumor Front,CDH2
8.85568052640113e-224,1.88912773973765,0.874,0.28,1.59676775571539e-219,Tumor Front,PVALB
6.50053444149402e-100,1.8232069905854,0.577,0.234,1.17211136514579e-95,Tumor Front,PSCA
8.605337610383e-229,1.80363874546586,0.968,0.415,1.55162842452816e-224,Tumor Front,NRAS
1.99353566015593e-221,1.76020636717022,1,0.602,3.59454414882716e-217,Tumor Front,DCAF7
1.90355107647434e-225,1.743384636587,0.985,0.437,3.43229294599088e-221,Tumor Front,TACO1
6.56030458831051e-206,1.73598184715315,0.913,0.339,1.18288852031827e-201,Tumor Front,PIP
3.31940241862951e-105,1.71528220598751,0.611,0.272,5.98521450103088e-101,Tumor Front,LRRC26
8.12446006847337e-227,1.71222302229458,0.987,0.453,1.46492139494643e-222,Tumor Front,PPM1D
2.45977121122417e-143,1.70287848727469,0.745,0.311,4.43521347095831e-139,Tumor Front,IKZF2
8.29405204266388e-224,1.67391436477606,1,0.582,1.49550052381272e-219,Tumor Front,FASN
6.71828131240617e-110,1.66855765517237,0.633,0.255,1.21137330343996e-105,Tumor Front,FIBCD1
5.42863297956911e-234,1.6573716861053,1,0.597,9.78836812546105e-230,Tumor Front,MIEN1
9.14872603600156e-217,1.63728407764083,0.992,0.493,1.64960679155144e-212,Tumor Front,MUC1
2.09814980427802e-218,1.63025823414573,0.997,0.544,3.7831739120937e-214,Tumor Front,CYB561
3.29414941143188e-78,1.580663132648,0.577,0.292,5.93968080375282e-74,Tumor Front,CREB3L4
3.29470297606906e-80,1.57438802226824,0.597,0.304,5.94067893615012e-76,Tumor Front,ESRP1
4.99433812952239e-155,1.56984620721552,0.842,0.368,9.00529108134183e-151,Tumor Front,PSMG1
2.41429994121506e-141,1.56255559232163,0.814,0.351,4.35322422400487e-137,Tumor Front,CSTA
3.76944789394745e-112,1.55097147923129,0.703,0.322,6.79669149757665e-108,Tumor Front,TFAP2C
9.40622287114303e-59,1.55087093270053,0.532,0.287,1.6960360458958e-54,Tumor Front,CDK1
4.67850080977738e-104,1.54937592032775,0.691,0.337,8.4358048101096e-100,Tumor Front,CRACR2B
2.18339553967721e-69,1.54712123832846,0.567,0.297,3.93688049759197e-65,Tumor Front,MIPEP
6.91680910052234e-121,1.54461694439672,0.737,0.358,1.24716984891518e-116,Tumor Front,HES1
7.53735955733454e-183,1.54401450737256,0.971,0.475,1.35906130178299e-178,Tumor Front,ECM1
7.04029627473652e-209,1.53155738222167,1,0.686,1.26943582129774e-204,Tumor Front,ERBB2
3.14151038555528e-70,1.52913524652469,0.559,0.287,5.66445737619472e-66,Tumor Front,MPHOSPH6
1.07288961329698e-71,1.523364579012,0.569,0.293,1.93452726173579e-67,Tumor Front,SDR16C5
2.88408933847241e-132,1.51965711286326,0.784,0.341,5.20030148619959e-128,Tumor Front,BAMBI
1.43704318130315e-106,1.51598358098677,0.688,0.331,2.59113256020771e-102,Tumor Front,CRAT
1.14830181695265e-194,1.51433841856094,0.997,0.597,2.07050300614732e-190,Tumor Front,CSDE1
5.42571493093966e-194,1.51246041065968,0.982,0.44,9.7831065919773e-190,Tumor Front,EPCAM
2.50020027286347e-152,1.51121734410437,0.888,0.444,4.50811111200013e-148,Tumor Front,SLC9A3R1
2.029278432106e-120,1.51050477050797,0.757,0.344,3.65899194093033e-116,Tumor Front,RRM2
5.47116380497098e-194,1.51027294424706,0.977,0.476,9.86505545674317e-190,Tumor Front,KRT7
1.26746290800349e-173,1.50267450624855,0.943,0.438,2.2853623694211e-169,Tumor Front,SREBF1
2.6851507565701e-197,1.49975719643872,0.995,0.528,4.84159532917155e-193,Tumor Front,PGAP3
1.24899575161402e-202,1.49663273910044,1,0.594,2.25206423973525e-198,Tumor Front,HSP90AA1
2.87594407913507e-83,1.49143611426774,0.612,0.291,5.18561476908845e-79,Tumor Front,ABCA12
5.8560911800175e-188,1.48216983777016,0.975,0.445,1.05591180066895e-183,Tumor Front,FOXA1
5.28935882028241e-201,1.47764790627227,1,0.684,9.53724288885121e-197,Tumor Front,VMP1
1.94763528523361e-56,1.47686738547068,0.523,0.291,3.51178118280473e-52,Tumor Front,AR
5.71684109523929e-88,1.47685352101009,0.646,0.313,1.0308036178826e-83,Tumor Front,PHGDH
2.03818253063451e-114,1.47400466899575,0.727,0.322,3.67504692098708e-110,Tumor Front,ACE
1.2394972329139e-98,1.47382857123964,0.698,0.349,2.23493746066706e-94,Tumor Front,RAE1
1.27262369510518e-125,1.46941143785643,0.725,0.298,2.29466778464415e-121,Tumor Front,VANGL1
1.21065755427297e-193,1.45660848796154,0.896,0.311,2.18293663610959e-189,Tumor Front,TAT
4.85628353940133e-95,1.44405279320031,0.639,0.3,8.75636484989453e-91,Tumor Front,WDR3
1.84466223326337e-96,1.4407185493042,0.676,0.322,3.32611047279719e-92,Tumor Front,SLC7A1
4.90934130915068e-54,1.42984070749398,0.513,0.284,8.85203331452959e-50,Tumor Front,NUSAP1
4.51662338627862e-125,1.42709254729754,0.809,0.409,8.14392362779899e-121,Tumor Front,METRN
1.77701895199038e-52,1.42612760226011,0.523,0.296,3.20414287233385e-48,Tumor Front,PADI2
3.20405753854452e-131,1.42507404082409,0.782,0.348,5.77723614774963e-127,Tumor Front,SELENBP1
1.37522696500338e-98,1.42322153655365,0.7,0.343,2.4796717405976e-94,Tumor Front,QSER1
1.60867945877346e-140,1.41696480221594,0.883,0.455,2.90060993211442e-136,Tumor Front,HIST1H1D
7.47595576731738e-107,1.41659294752536,0.727,0.353,1.347989584405e-102,Tumor Front,SIKE1
3.47754501623923e-164,1.41641821491987,0.913,0.431,6.27036141878095e-160,Tumor Front,PSMD12
5.56185614773992e-172,1.41230813818373,0.978,0.549,1.00285828199898e-167,Tumor Front,CCDC47
9.76660796894366e-193,1.411722477735,1,0.617,1.76101708288023e-188,Tumor Front,CRIP1
4.16335432468448e-65,1.40821923508969,0.567,0.32,7.50694418283858e-61,Tumor Front,TRAP1
3.05111436207476e-74,1.40398586149926,0.612,0.338,5.501464306257e-70,Tumor Front,PAK4
1.03904498703334e-118,1.39926691323197,0.795,0.391,1.87350201611982e-114,Tumor Front,INTS2
7.97806776302266e-112,1.39159866002213,0.773,0.379,1.43852539835062e-107,Tumor Front,FBP1
6.79501848542014e-52,1.3889121246042,0.53,0.306,1.22520978310611e-47,Tumor Front,HIST1H2BH
7.88335544183844e-157,1.38165691166666,0.977,0.5,1.42144781971789e-152,Tumor Front,CD9
3.54226669870134e-51,1.37808427826634,0.53,0.313,6.3870610844284e-47,Tumor Front,DALRD3
4.54888032440128e-70,1.37398653602471,0.636,0.362,8.20208611292795e-66,Tumor Front,HMGB2
2.21924333761074e-72,1.37128682367794,0.631,0.359,4.00151766204593e-68,Tumor Front,ECI1
5.13844210950184e-176,1.37032185242442,0.997,0.563,9.26512496764276e-172,Tumor Front,STARD3
1.58541417004309e-97,1.36779722594759,0.745,0.4,2.8586602900047e-93,Tumor Front,HSPD1
6.66582752347735e-89,1.36470270565189,0.674,0.33,1.2019153607582e-84,Tumor Front,ERBB3
1.11159133849274e-172,1.36093125732567,0.973,0.552,2.00431034243625e-168,Tumor Front,PSMC5
3.93662659018755e-107,1.36084283287475,0.789,0.421,7.09813140476716e-103,Tumor Front,DNAJA4
5.29265057336787e-62,1.35944543891575,0.549,0.292,9.54317824883961e-58,Tumor Front,NOL11
2.92559981614523e-115,1.35865811409913,0.77,0.385,5.27514902849146e-111,Tumor Front,GGCT
1.508904567968e-57,1.35501174693279,0.54,0.3,2.7207058265031e-53,Tumor Front,ESRP2
1.60681465847049e-103,1.35236248583904,0.723,0.348,2.89724751068815e-99,Tumor Front,SPDEF
2.21933479175514e-110,1.35161966061738,0.775,0.39,4.00168256301369e-106,Tumor Front,JPT2
3.5534530799328e-108,1.34497209861791,0.81,0.436,6.40723124842684e-104,Tumor Front,HIST1H1B
6.67127301330505e-114,1.34306474375864,0.802,0.402,1.20289723702903e-109,Tumor Front,DUSP4
1.08430176056044e-100,1.34168345734693,0.75,0.392,1.95510450446653e-96,Tumor Front,TSTD1
1.89276246607386e-127,1.34095551413209,0.847,0.398,3.41284000257778e-123,Tumor Front,TUBD1
8.91757543785524e-78,1.33300264587474,0.658,0.372,1.60792802719968e-73,Tumor Front,SMC4
2.25296302383552e-95,1.32860938600868,0.73,0.409,4.06231762827782e-91,Tumor Front,GTF3A
5.78219001677722e-106,1.3279196291782,0.777,0.418,1.0425866819251e-101,Tumor Front,IARS2
8.83218181004867e-56,1.32743074885167,0.559,0.324,1.59253070216988e-51,Tumor Front,ZNF512B
1.13182519248423e-116,1.3265514566296,0.827,0.437,2.04079400456831e-112,Tumor Front,MAP3K3
5.6420561790361e-81,1.32537684512928,0.648,0.348,1.017319149642e-76,Tumor Front,LMNB1
2.86655104430234e-102,1.32520141097009,0.773,0.419,5.16867818798155e-98,Tumor Front,POMP
3.5876018262592e-70,1.32440949436016,0.602,0.325,6.46880485292797e-66,Tumor Front,RNF6
2.15896526770159e-146,1.32115482976968,0.946,0.402,3.89283027419273e-142,Tumor Front,ANKRD30A
1.40386198047103e-84,1.3197288579382,0.706,0.388,2.53130353698732e-80,Tumor Front,CCT4
2.06281460459873e-119,1.31881553495259,0.832,0.421,3.71946101355196e-115,Tumor Front,MED13
8.2033504020576e-129,1.31849521230862,0.888,0.464,1.479146110995e-124,Tumor Front,TOB1
2.37033781310925e-172,1.31810710666262,0.975,0.479,4.27395611081729e-168,Tumor Front,FXYD3
9.42983348139738e-64,1.31501124645836,0.572,0.309,1.70029327503076e-59,Tumor Front,GALNT6
1.74875838744606e-144,1.30698982571796,0.938,0.492,3.153186248404e-140,Tumor Front,SMARCD2
2.49284933081994e-136,1.30623660989298,0.898,0.435,4.49485662840143e-132,Tumor Front,PERP
3.0046640511477e-84,1.30545201630643,0.668,0.344,5.41770975062442e-80,Tumor Front,CAPN13
4.42580710382662e-115,1.30484031138981,0.797,0.406,7.98017278890977e-111,Tumor Front,ISYNA1
7.35163750370792e-122,1.30389377937468,0.839,0.424,1.32557375829357e-117,Tumor Front,GSR
1.22015702550114e-119,1.3021022964466,0.846,0.422,2.20006513268111e-115,Tumor Front,SPAG16
9.94979739990363e-121,1.29885217015725,0.864,0.462,1.79404796917662e-116,Tumor Front,HMG20B
1.29202099837709e-69,1.29882939254947,0.591,0.321,2.32964306217372e-65,Tumor Front,TRIM33
1.2134631662266e-133,1.29859159654604,0.867,0.392,2.18799543502317e-129,Tumor Front,ITPRID2
4.0279681202215e-115,1.29820412439981,0.824,0.416,7.26282931757138e-111,Tumor Front,MTHFD2
3.50717555335713e-82,1.29743204614536,0.683,0.383,6.32378824025825e-78,Tumor Front,HADHB
2.10257550690097e-75,1.29159262297314,0.654,0.355,3.79115389649313e-71,Tumor Front,MTA3
2.11413228247269e-154,1.29033701960876,0.963,0.579,3.8119919185265e-150,Tumor Front,BST2
7.66119930065934e-106,1.28911811484968,0.815,0.438,1.38139084590189e-101,Tumor Front,TC2N
1.59816929953069e-151,1.28834195998338,0.96,0.589,2.88165906398379e-147,Tumor Front,PPDPF
1.73964889929304e-70,1.28052759704862,0.663,0.377,3.13676093031528e-66,Tumor Front,SLC1A4
1.52415658642498e-60,1.27308020865294,0.599,0.348,2.74820674098288e-56,Tumor Front,FDFT1
5.48958838787728e-74,1.27261315988986,0.661,0.352,9.89827682218152e-70,Tumor Front,GALNT3
1.43847361415688e-52,1.2710505454699,0.539,0.315,2.59371177368626e-48,Tumor Front,HELLS
4.87133639914683e-120,1.2688432711476,0.861,0.473,8.78350666130166e-116,Tumor Front,CLTC
3.03855709595523e-120,1.25948642966532,0.804,0.4,5.47882229971687e-116,Tumor Front,PITPNC1
1.07449876576675e-137,1.25879474468922,0.913,0.478,1.93742872455404e-133,Tumor Front,UGDH
5.59461009131037e-117,1.25410865956687,0.857,0.483,1.00876414556417e-112,Tumor Front,POLR1D
3.30485074378496e-58,1.25206066211902,0.564,0.315,5.95897637611865e-54,Tumor Front,MYO5B
5.01761566791061e-93,1.25117572987132,0.753,0.422,9.04726281080962e-89,Tumor Front,SEC22B
5.76118135891931e-69,1.25000129797385,0.658,0.389,1.03879861082674e-64,Tumor Front,NAPRT
1.72446345496664e-71,1.2485018801649,0.629,0.337,3.10938005565036e-67,Tumor Front,ATP8B1
5.79662278483337e-48,1.247822287702,0.535,0.317,1.04518905433331e-43,Tumor Front,GSDMB
9.465294069321e-121,1.24460151048177,0.844,0.39,1.70668717363927e-116,Tumor Front,ELF3
3.38866046833815e-153,1.24271593502428,0.943,0.427,6.11009369046052e-149,Tumor Front,AZGP1
8.48375804795845e-100,1.23947736065319,0.772,0.432,1.52970641362739e-95,Tumor Front,PAN3
2.28316569898578e-60,1.23927145933092,0.634,0.381,4.11677607184126e-56,Tumor Front,MTIF3
1.27445378888907e-105,1.23897150124726,0.832,0.45,2.29796762674588e-101,Tumor Front,CRIP2
2.08052279004898e-42,1.23837652528864,0.545,0.352,3.75139064273732e-38,Tumor Front,CRYBG1
3.08432965816193e-76,1.23647767484534,0.666,0.344,5.56135480663177e-72,Tumor Front,EHF
3.76123041658866e-79,1.23294295843071,0.705,0.397,6.78187456415101e-75,Tumor Front,RAB3D
1.10852695636203e-93,1.23227369880635,0.76,0.398,1.99878495501638e-89,Tumor Front,PIK3R3
1.16642205121924e-45,1.23222764950091,0.545,0.335,2.10317560055342e-41,Tumor Front,GPR160
8.48822947535866e-72,1.23071609565449,0.696,0.399,1.53051265670192e-67,Tumor Front,FADS2
3.88699519607518e-72,1.22885235174232,0.638,0.348,7.00864103804316e-68,Tumor Front,MAN1A2
2.78316741810332e-61,1.22884973055806,0.609,0.358,5.01832917158209e-57,Tumor Front,ATP1B1
4.35257740728975e-93,1.22719406986206,0.748,0.39,7.84813232308415e-89,Tumor Front,HACD3
1.66551874391853e-96,1.22704867318249,0.795,0.423,3.00309684715951e-92,Tumor Front,ETFA
2.54244835642064e-86,1.22425727335681,0.733,0.405,4.58428863146205e-82,Tumor Front,TRAF4
1.0743057953227e-116,1.22356030552561,0.869,0.492,1.93708077954637e-112,Tumor Front,ATP5F1B
2.31044888581243e-67,1.22248636122515,0.651,0.374,4.16597038600838e-63,Tumor Front,H2AFZ
1.80837699665027e-125,1.22199470214492,0.883,0.46,3.26068456266011e-121,Tumor Front,CREB3L1
6.66400923727276e-113,1.2212302700438,0.862,0.486,1.20158750557265e-108,Tumor Front,ADI1
1.80496678560483e-86,1.22025457203181,0.74,0.414,3.25453561112407e-82,Tumor Front,COX16
1.05077645244164e-105,1.215773776978,0.815,0.447,1.89465502139751e-101,Tumor Front,MGAT4A
1.93986796420349e-41,1.21373961663051,0.515,0.326,3.49777592625531e-37,Tumor Front,NME1
1.2205119699897e-82,1.21002925915734,0.715,0.39,2.20070513308844e-78,Tumor Front,MCCC2
3.50513882055883e-58,1.20392679145453,0.599,0.369,6.32011580734963e-54,Tumor Front,CCNC
3.18826838178089e-49,1.20115561343597,0.534,0.313,5.74876671918913e-45,Tumor Front,NEDD4L
1.23341554121014e-53,1.19902000978428,0.572,0.345,2.223971562356e-49,Tumor Front,TUBB4B
5.27970722233439e-104,1.19573417061579,0.79,0.441,9.51984009259114e-100,Tumor Front,NME4
6.53091453590777e-124,1.19381717152002,0.888,0.496,1.17758919996953e-119,Tumor Front,ZNF217
7.82675184526741e-87,1.19275120943416,0.745,0.432,1.41124162522017e-82,Tumor Front,HSPE1
6.82416725983547e-43,1.1919246166079,0.523,0.319,1.23046559862093e-38,Tumor Front,MCM4
9.00014020845986e-154,1.19021635932384,0.956,0.462,1.6228152809874e-149,Tumor Front,SCD
2.5417518923631e-127,1.18969167052698,0.909,0.513,4.58303283711991e-123,Tumor Front,SLC25A39
2.53661284631644e-76,1.18851749269269,0.695,0.378,4.57376662319317e-72,Tumor Front,PAFAH1B3
4.50026054350348e-77,1.18780492919699,0.681,0.362,8.11441978599113e-73,Tumor Front,KIAA1324
2.82778615660721e-77,1.18601709098879,0.723,0.4,5.09878121897845e-73,Tumor Front,ALCAM
5.84256231010188e-38,1.18539246662462,0.507,0.329,1.05347241013447e-33,Tumor Front,PIAS3
1.09865048633013e-41,1.18001788267269,0.522,0.331,1.98097669190186e-37,Tumor Front,DNAJA3
3.90518881367498e-55,1.17821075118338,0.599,0.353,7.04144594993736e-51,Tumor Front,WDR34
8.20913127259171e-65,1.1759415754013,0.673,0.426,1.48018845976101e-60,Tumor Front,CAPRIN1
1.5159746444479e-108,1.17506740490826,0.837,0.487,2.73345388140401e-104,Tumor Front,NUCKS1
8.07767479678526e-103,1.17447550197563,0.836,0.467,1.45648554260835e-98,Tumor Front,DDX42
9.88221779085327e-38,1.17290374220859,0.512,0.328,1.78186268986875e-33,Tumor Front,SUCO
1.1597111504495e-62,1.17129565721311,0.648,0.373,2.09107517537549e-58,Tumor Front,EFNA1
1.98928804600199e-95,1.16939977520617,0.795,0.381,3.58688527574618e-91,Tumor Front,MAL2
8.48312220115244e-85,1.16832453854658,0.713,0.383,1.5295917640898e-80,Tumor Front,STRADA
1.02650313240342e-136,1.16755612669988,0.96,0.429,1.85088779803661e-132,Tumor Front,MLPH
8.94784254213386e-69,1.1635001950228,0.673,0.391,1.61338548877216e-64,Tumor Front,DPY30
1.05174720287644e-70,1.16244811734669,0.683,0.414,1.8964053815065e-66,Tumor Front,SF3B3
2.04523041784248e-125,1.16111968502426,0.924,0.538,3.68775496641177e-121,Tumor Front,KIF5B
1.37585629368297e-90,1.16058443734643,0.753,0.385,2.48080648313976e-86,Tumor Front,TMEM106C
8.8475708089937e-127,1.15773405879235,0.928,0.573,1.59530549256965e-122,Tumor Front,AKT1
2.64813136654571e-103,1.15629504292211,0.832,0.476,4.77484566701858e-99,Tumor Front,ECHS1
7.54534871770797e-45,1.15457966677286,0.552,0.35,1.36050182728992e-40,Tumor Front,MBOAT7
1.94386925812554e-42,1.154433013348,0.515,0.304,3.50499065932617e-38,Tumor Front,HID1
1.36913037244255e-123,1.15324087706946,0.943,0.556,2.46867897455117e-119,Tumor Front,S100A16
2.34449854739035e-66,1.15109072731721,0.666,0.375,4.22736533079954e-62,Tumor Front,GALNT7
8.25456340956917e-74,1.14887889946793,0.693,0.407,1.48838032837942e-69,Tumor Front,TMEM183A
3.17672128651648e-68,1.14832999005838,0.631,0.354,5.72794615171787e-64,Tumor Front,TSTA3
1.80140354831835e-80,1.1480933097463,0.747,0.45,3.24811073797281e-76,Tumor Front,CCT6A
1.32674769272448e-104,1.14482629360774,0.857,0.515,2.3922587647515e-100,Tumor Front,ECH1
1.34546538299485e-75,1.1432374060627,0.705,0.394,2.42600863207802e-71,Tumor Front,DCXR
3.4375557631027e-63,1.1414468655134,0.661,0.4,6.19825679645048e-59,Tumor Front,ATP5F1A
5.60540545502656e-88,1.14137148584745,0.772,0.459,1.01071065759584e-83,Tumor Front,NRBP1
5.45549471182379e-83,1.13844912320908,0.743,0.412,9.83680251488947e-79,Tumor Front,NR2F6
6.38299145867893e-137,1.13788342096461,0.968,0.6,1.1509171899144e-132,Tumor Front,HSP90AB1
3.80349443600155e-72,1.13722234024659,0.668,0.348,6.85808081755439e-68,Tumor Front,CXCL17
1.00764281657483e-117,1.13706788136177,0.908,0.473,1.81688076256607e-113,Tumor Front,SPINT2
9.82520641081476e-45,1.13697558129832,0.557,0.342,1.77158296793401e-40,Tumor Front,MAP7
1.66325982672583e-136,1.13668963057849,0.965,0.623,2.99902379356935e-132,Tumor Front,SELENOW
1.79711120783882e-86,1.13543519508885,0.773,0.454,3.24037121885417e-82,Tumor Front,CD46
5.39179513873117e-60,1.13460932706386,0.626,0.369,9.72194581464617e-56,Tumor Front,CSTF1
3.34535711268203e-53,1.13263760391408,0.609,0.378,6.03201340987696e-49,Tumor Front,VAPB
3.18555949562917e-81,1.13176503576053,0.748,0.459,5.74388232656895e-77,Tumor Front,AHSA1
2.03666413955564e-39,1.12630713609396,0.517,0.33,3.67230911003278e-35,Tumor Front,ATXN7L3
5.76894485905801e-41,1.12564483162588,0.555,0.359,1.04019844753675e-36,Tumor Front,CLUH
2.26680545314914e-65,1.12354376086689,0.705,0.431,4.08727691257321e-61,Tumor Front,EIF3M
3.84486682982291e-62,1.12328350190192,0.651,0.382,6.9326793808537e-58,Tumor Front,DBI
5.35971599187201e-52,1.12017503339472,0.626,0.388,9.66410390494442e-48,Tumor Front,TLK2
3.79527464464492e-34,1.11609218078114,0.525,0.359,6.84325971175925e-30,Tumor Front,HSPA1A
4.04732089508975e-68,1.11465795371035,0.668,0.373,7.29772430593632e-64,Tumor Front,HSPA1B
8.63174320629664e-72,1.11459476430259,0.696,0.419,1.55638961752735e-67,Tumor Front,ENSA
5.44166070024205e-71,1.11134675958618,0.716,0.418,9.81185840860645e-67,Tumor Front,RTF2
7.9815490078008e-86,1.11066784277915,0.784,0.482,1.43915310159656e-81,Tumor Front,COX7A2L
1.10569839224782e-36,1.1106035130933,0.518,0.353,1.99368477106205e-32,Tumor Front,COPS9
1.52948872752896e-99,1.10807182575753,0.839,0.488,2.75782112460748e-95,Tumor Front,NDUFB11
4.72324088711499e-68,1.10794286043067,0.69,0.41,8.51647564355704e-64,Tumor Front,DHX40
5.16263134679104e-44,1.10620237103645,0.539,0.329,9.30874058139893e-40,Tumor Front,MAPK13
2.21977538447749e-94,1.10579241857662,0.812,0.493,4.00247699575136e-90,Tumor Front,ANAPC11
7.92664575464697e-62,1.10504803701143,0.649,0.379,1.4292534960204e-57,Tumor Front,ACSL3
5.85804723759457e-65,1.10359206086723,0.691,0.422,1.05626449741068e-60,Tumor Front,UAP1
1.48718482567842e-86,1.09901825608352,0.787,0.472,2.68154295918075e-82,Tumor Front,ABRACL
2.07159876803714e-101,1.09880815347071,0.78,0.37,3.73529973864776e-97,Tumor Front,ALDH3B2
2.69023339417555e-107,1.09773485589202,0.878,0.552,4.85075983303793e-103,Tumor Front,YWHAE
1.00880640466174e-83,1.09226875746545,0.767,0.456,1.81897882824558e-79,Tumor Front,API5
3.63876980610204e-99,1.09099038697851,0.822,0.474,6.5610658373826e-95,Tumor Front,UQCRC1
2.5103318122066e-98,1.08987242697002,0.852,0.518,4.52637929058971e-94,Tumor Front,GNB2
1.15453524999073e-39,1.08910621576159,0.539,0.36,2.08174250925829e-35,Tumor Front,NDUFS6
4.40279444563097e-65,1.08857237421863,0.683,0.416,7.9386786649172e-61,Tumor Front,COX6A1
6.25303428126861e-63,1.0876983912353,0.659,0.36,1.12748461125554e-58,Tumor Front,PROM2
1.29527638208247e-71,1.0850674715793,0.695,0.419,2.3355128445329e-67,Tumor Front,NDUFS2
3.85725261267522e-59,1.08474777515523,0.629,0.359,6.95501218591469e-55,Tumor Front,ARRDC1
6.72110990611457e-64,1.08452910639547,0.683,0.416,1.21188332717152e-59,Tumor Front,ATP5ME
3.40392488604128e-37,1.08288531486533,0.51,0.322,6.13761696202103e-33,Tumor Front,MIOS
2.32911317047303e-56,1.07966838487054,0.631,0.378,4.19962395767991e-52,Tumor Front,TSPAN13
5.49309703411556e-34,1.07757560656909,0.503,0.339,9.90460326221376e-30,Tumor Front,VDAC2
4.34303745649988e-111,1.07709990543694,0.904,0.534,7.83093083781493e-107,Tumor Front,CCND1
2.11025488967706e-47,1.07612898634999,0.559,0.347,3.80500059157671e-43,Tumor Front,ECI2
2.99187371137832e-44,1.07489778269881,0.522,0.314,5.39464748898624e-40,Tumor Front,POLD2
2.05714461533892e-40,1.07443745983463,0.572,0.375,3.7092374559176e-36,Tumor Front,SLC50A1
1.65710608549922e-49,1.07315408467574,0.584,0.361,2.98792798276364e-45,Tumor Front,MDH2
4.95712966046557e-52,1.07167680817715,0.624,0.402,8.93820049078548e-48,Tumor Front,HSPH1
5.5453203801843e-48,1.06781703374399,0.592,0.373,9.99876717751032e-44,Tumor Front,TCIM
3.21185004565038e-77,1.06780903431501,0.772,0.472,5.7912868173122e-73,Tumor Front,NDUFV2
2.64063789792125e-49,1.06734918784284,0.596,0.38,4.7613341937418e-45,Tumor Front,GLUD1
2.79843605309234e-91,1.06600106336482,0.773,0.447,5.0458600473308e-87,Tumor Front,IDH2
2.52962676387278e-66,1.0656799944907,0.71,0.443,4.56117001793901e-62,Tumor Front,CBX3
7.91110322282592e-46,1.06500910072335,0.602,0.4,1.42645102210774e-41,Tumor Front,DEK
7.6408778133106e-69,1.06444734148111,0.732,0.463,1.37772667851803e-64,Tumor Front,CORO1B
5.85525659319568e-79,1.06327627397271,0.758,0.464,1.05576131631911e-74,Tumor Front,PUM2
3.49155949686472e-56,1.06124723912609,0.674,0.417,6.29563092879678e-52,Tumor Front,FAR1
1.16050051670539e-93,1.06107811044031,0.814,0.476,2.09249848167148e-89,Tumor Front,SNRPB
2.70899956481028e-58,1.0597904388974,0.634,0.401,4.88459711530941e-54,Tumor Front,GHITM
6.03276601354934e-84,1.05873382547862,0.8,0.482,1.08776803990308e-79,Tumor Front,HBS1L
5.76905146094826e-51,1.05865130604925,0.602,0.371,1.04021766892358e-46,Tumor Front,SEC16A
3.14598985361477e-47,1.0570092034859,0.619,0.393,5.67253430505279e-43,Tumor Front,C1QBP
5.45215961702921e-72,1.05410009119632,0.73,0.403,9.83078900546536e-68,Tumor Front,ERGIC1
2.5268186113881e-57,1.05352351986185,0.622,0.383,4.55610663819388e-53,Tumor Front,POLR2I
1.269564551174e-49,1.0530012316797,0.601,0.389,2.28915184222185e-45,Tumor Front,SMIM15
6.80739716624162e-108,1.05128047504376,0.933,0.603,1.22744178304503e-103,Tumor Front,EVL
3.90877446685972e-105,1.04939815621868,0.872,0.504,7.04791124119475e-101,Tumor Front,PBX1
1.90171712496793e-34,1.04891989364664,0.51,0.342,3.42898614802968e-30,Tumor Front,LAMTOR2
3.03437425442961e-40,1.04634241334285,0.574,0.387,5.47128021816203e-36,Tumor Front,PCBD1
7.92229025074535e-44,1.04598185429432,0.599,0.386,1.42846815511189e-39,Tumor Front,FTSJ3
6.95994092055495e-87,1.04534821102725,0.794,0.42,1.25494694738526e-82,Tumor Front,GATA3
5.6080508327404e-31,1.04291507665097,0.5,0.334,1.01118764565142e-26,Tumor Front,MBOAT2
2.38806439064713e-50,1.042815181693,0.628,0.394,4.30591890277584e-46,Tumor Front,LRIG1
4.34477067643828e-107,1.04265828625834,0.893,0.443,7.83405600668587e-103,Tumor Front,PHB
5.91133323043691e-72,1.04137926193415,0.733,0.452,1.06587249478008e-67,Tumor Front,CYC1
1.40162920024458e-70,1.04042220332728,0.727,0.43,2.527277610961e-66,Tumor Front,UHMK1
3.13305583940745e-54,1.03963408090301,0.592,0.352,5.64921298403557e-50,Tumor Front,MT1E
1.23233902939028e-36,1.03933205595664,0.522,0.34,2.22203050389361e-32,Tumor Front,LIMCH1
1.39616359076811e-52,1.03924943375791,0.597,0.368,2.51742257051399e-48,Tumor Front,DNAJC5
1.21760372484236e-77,1.03797945767326,0.79,0.486,2.19546127626326e-73,Tumor Front,YWHAQ
9.01601946000627e-78,1.03769232172649,0.777,0.452,1.62567846883373e-73,Tumor Front,LRPPRC
7.69918220633705e-66,1.03750947341798,0.68,0.418,1.38823954362463e-61,Tumor Front,TGIF1
8.54692276875797e-48,1.03703435374865,0.617,0.398,1.54109564443475e-43,Tumor Front,PTPRK
5.71083457678392e-45,1.03695303003998,0.592,0.383,1.02972058253991e-40,Tumor Front,CKAP5
3.8453707672854e-41,1.03647327132675,0.572,0.349,6.9335880304923e-37,Tumor Front,ARFGEF3
1.88641587379095e-79,1.03157542168004,0.79,0.456,3.40139646203246e-75,Tumor Front,H1F0
1.23886604698146e-62,1.03141687756751,0.661,0.386,2.23379936931228e-58,Tumor Front,GSE1
8.53162872206927e-61,1.02797044057372,0.711,0.47,1.53833797487631e-56,Tumor Front,C1orf21
1.65529457288125e-132,1.02657869826234,0.97,0.681,2.98466164436219e-128,Tumor Front,SERF2
1.20005299678954e-40,1.02583954661419,0.552,0.364,2.16381555851121e-36,Tumor Front,FAM162A
5.29301044802386e-56,1.02473019268123,0.616,0.375,9.54382713883183e-52,Tumor Front,SSRP1
1.40100557892116e-58,1.02407888188829,0.686,0.437,2.52615315935274e-54,Tumor Front,POLR2H
5.63389949628062e-131,1.02125146061889,0.978,0.711,1.01584841817436e-126,Tumor Front,HSPB1
7.4949948439331e-40,1.02088688697296,0.591,0.41,1.35142252030958e-35,Tumor Front,ADSS
7.52211485544762e-62,1.02083432169776,0.691,0.427,1.35631252958576e-57,Tumor Front,ATP6V1G1
2.51628397087429e-71,1.02078210519213,0.732,0.46,4.53711162788344e-67,Tumor Front,NOTCH2
1.80082642532133e-37,1.02051818570868,0.537,0.359,3.24707012749689e-33,Tumor Front,CLPP
5.92943421181917e-37,1.02022442389185,0.554,0.367,1.06913628273312e-32,Tumor Front,PEX13
7.59995041471751e-71,1.01972663530173,0.732,0.438,1.37034705927771e-66,Tumor Front,EIF2AK1
2.91060522744178e-60,1.01969036701613,0.663,0.424,5.24811228560027e-56,Tumor Front,SF3B5
3.1827037345212e-61,1.01913058104977,0.649,0.383,5.73873310371517e-57,Tumor Front,ASAP2
8.33928880837741e-107,1.01674156747425,0.933,0.594,1.50365716503853e-102,Tumor Front,HIST1H1C
1.50534691594069e-53,1.0163368555986,0.628,0.401,2.71429102413266e-49,Tumor Front,ADIPOR1
3.86282583542326e-119,1.01014015751451,0.943,0.627,6.96506126385168e-115,Tumor Front,H3F3A
8.67801849452309e-51,1.00971081742358,0.622,0.397,1.56473351474746e-46,Tumor Front,MCM7
1.57329668439568e-37,1.00936091903408,0.562,0.373,2.83681125163385e-33,Tumor Front,TRIM37
4.20437645398114e-72,1.00788915266248,0.738,0.482,7.5809111841734e-68,Tumor Front,PEBP1
5.61905712534248e-110,1.00774102516665,0.921,0.458,1.0131721902705e-105,Tumor Front,STARD10
2.62154165924531e-97,1.00559980408064,0.881,0.555,4.72690176578523e-93,Tumor Front,COPG1
1.60565308874266e-72,1.00530198260677,0.715,0.433,2.89515308431189e-68,Tumor Front,UQCR11
5.98866436625843e-62,1.0035609854008,0.686,0.385,1.07981607188006e-57,Tumor Front,CDH1
2.00273102509743e-111,1.00268558759157,0.936,0.619,3.61112431135317e-107,Tumor Front,H1FX
5.77630021058835e-61,1.00137436459849,0.678,0.419,1.04152469097119e-56,Tumor Front,RAB1B
8.63053597495337e-60,1.0011119716294,0.674,0.422,1.55617194164384e-55,Tumor Front,SLC2A4RG
1.4682049543955e-46,1.00068299093326,0.609,0.396,2.64732035327053e-42,Tumor Front,GFPT1
3.4061954857029e-54,1.00031722001271,0.639,0.419,6.1417110802709e-50,Tumor Front,ARPC3
1.76764423029188e-76,1.00004694625925,0.772,0.467,3.18723931163929e-72,Tumor Front,DHX15
0,2.91961759153487,1,0.268,0,Tumor Core,CDH2
0,2.79935199935966,1,0.272,0,Tumor Core,HMGCS2
0,2.7951763674534,0.928,0.12,0,Tumor Core,PSCA
0,2.72027861288281,0.995,0.175,0,Tumor Core,PVALB
0,2.60962132016456,0.862,0.085,0,Tumor Core,CYP24A1
0,2.52180815771793,0.776,0.07,0,Tumor Core,CPNE7
0,2.49894268798032,0.998,0.245,0,Tumor Core,PIP
0,2.49126520284787,1,0.548,0,Tumor Core,DCAF7
0,2.47159151311983,1,0.36,0,Tumor Core,TACO1
0,2.44087682367782,1,0.334,0,Tumor Core,NRAS
0,2.38802997336712,0.569,0.044,0,Tumor Core,MTUS2
0,2.36745887706527,0.539,0.038,0,Tumor Core,CLGN
0,2.35401425801926,0.772,0.087,0,Tumor Core,SYCP2
0,2.33535993619797,0.887,0.094,0,Tumor Core,FNDC11
0,2.32829085505613,0.627,0.067,0,Tumor Core,MB
0,2.32134597602398,1,0.402,0,Tumor Core,ECM1
0,2.30044732130107,0.796,0.108,0,Tumor Core,MT1G
0,2.29110605847324,0.958,0.141,0,Tumor Core,FIBCD1
0,2.28956549706833,0.704,0.065,0,Tumor Core,PNCK
0,2.2816077667823,0.508,0.043,0,Tumor Core,CEACAM7
0,2.24666678850786,0.993,0.253,0,Tumor Core,CSTA
0,2.22914695992551,0.961,0.179,0,Tumor Core,ABCA12
0,2.20635467363204,0.725,0.084,0,Tumor Core,SOX2
0,2.20076589146395,0.982,0.243,0,Tumor Core,RRM2
0,2.18362463864474,0.973,0.207,0,Tumor Core,IKZF2
0,2.18343945428709,0.814,0.115,0,Tumor Core,CNIH2
0,2.16341368585478,1,0.525,0,Tumor Core,FASN
0,2.13766417221256,0.513,0.047,0,Tumor Core,AKAP5
0,2.13594658122215,0.904,0.153,0,Tumor Core,ABCC11
0,2.13443770578821,0.703,0.092,0,Tumor Core,EXO1
0,2.13437333184138,0.929,0.19,0,Tumor Core,MIPEP
0,2.10828816662201,1,0.423,0,Tumor Core,MUC1
0,2.09558803093753,1,0.542,0,Tumor Core,MIEN1
0,2.0951016671084,0.993,0.275,0,Tumor Core,PSMG1
0,2.09078757286882,0.813,0.106,0,Tumor Core,TMEM97
0,2.08877785746407,0.979,0.218,0,Tumor Core,ACE
0,2.08773416352411,0.579,0.057,0,Tumor Core,PPP2R2C
0,2.07192864729989,1,0.378,0,Tumor Core,PPM1D
0,2.04610612133872,0.924,0.18,0,Tumor Core,MPHOSPH6
0,2.04232750583995,0.749,0.105,0,Tumor Core,UBE2T
0,2.03305262348008,0.882,0.173,0,Tumor Core,DENND1B
0,2.01617104325556,0.967,0.219,0,Tumor Core,TFAP2C
0,2.01472813374703,0.96,0.207,0,Tumor Core,PHGDH
0,2.01295447169918,0.81,0.135,0,Tumor Core,ANLN
0,2.00101556433704,0.551,0.063,0,Tumor Core,NEK2
0,1.99781827857908,0.997,0.359,0,Tumor Core,SREBF1
0,1.99676318140478,0.583,0.058,0,Tumor Core,HSPA4L
0,1.99540776091873,0.631,0.053,0,Tumor Core,FMO5
0,1.98853998714056,1,0.539,0,Tumor Core,HSP90AA1
0,1.98273035569848,0.978,0.19,0,Tumor Core,VANGL1
0,1.97990439809313,0.988,0.241,0,Tumor Core,BAMBI
0,1.97209015561755,0.86,0.128,0,Tumor Core,TESMIN
0,1.96941064891975,0.875,0.153,0,Tumor Core,ALDH4A1
0,1.96499999916764,0.998,0.302,0,Tumor Core,ITPRID2
0,1.96372593915242,0.907,0.181,0,Tumor Core,CDK1
0,1.94439196395487,1,0.363,0,Tumor Core,EPCAM
0,1.94034851080598,1,0.542,0,Tumor Core,CSDE1
0,1.93919383957571,0.526,0.065,0,Tumor Core,KIAA1257
0,1.93476746797942,0.963,0.218,0,Tumor Core,SLC7A1
0,1.93293990922702,0.995,0.298,0,Tumor Core,INTS2
0,1.92419591753089,0.999,0.318,0,Tumor Core,ANKRD30A
0,1.91953861543377,0.606,0.079,0,Tumor Core,PBK
0,1.90400407199426,0.709,0.099,0,Tumor Core,ATRNL1
0,1.90356953917485,0.778,0.128,0,Tumor Core,PRR11
0,1.89950162914468,0.787,0.124,0,Tumor Core,MLF1
0,1.89823042414167,0.764,0.124,0,Tumor Core,BRIP1
0,1.89060368338525,0.995,0.337,0,Tumor Core,GSR
0,1.88804336354521,0.909,0.168,0,Tumor Core,LRRC26
0,1.87963072991969,0.803,0.138,0,Tumor Core,TRIM36
0,1.8789788451373,0.74,0.101,0,Tumor Core,CCDC170
0,1.87697475242355,0.531,0.067,0,Tumor Core,CDCA2
0,1.87083470082734,0.703,0.1,0,Tumor Core,SPAG5
0,1.86902356838397,1,0.641,0,Tumor Core,VMP1
0,1.86660046412814,0.801,0.142,0,Tumor Core,FOXM1
0,1.86040767334229,0.618,0.089,0,Tumor Core,BIK
0,1.86015587817822,0.995,0.212,0,Tumor Core,TAT
0,1.85908916104704,0.826,0.13,0,Tumor Core,MPV17L
0,1.85705062630724,0.608,0.084,0,Tumor Core,NUF2
0,1.85647261328318,0.98,0.251,0,Tumor Core,SELENBP1
0,1.85564997832709,0.735,0.118,0,Tumor Core,DTL
0,1.84889506000339,0.912,0.186,0,Tumor Core,ZWINT
0,1.84779259537523,0.813,0.148,0,Tumor Core,CKS2
0,1.84753187254222,0.968,0.251,0,Tumor Core,GALNT3
0,1.82786803757861,0.751,0.121,0,Tumor Core,CENPF
0,1.82610203388665,0.923,0.186,0,Tumor Core,CREB3L4
0,1.82418769984619,0.578,0.068,0,Tumor Core,FAM222A
0,1.82190807419421,0.99,0.328,0,Tumor Core,MTHFD2
0,1.82023702436502,0.905,0.175,0,Tumor Core,BCAS2
0,1.8190354168998,1,0.463,0,Tumor Core,PGAP3
0,1.81806696519616,0.973,0.254,0,Tumor Core,SIKE1
0,1.81632896284806,0.986,0.284,0,Tumor Core,FBP1
0,1.80227485747043,0.994,0.335,0,Tumor Core,SPAG16
0,1.80186443818235,0.864,0.172,0,Tumor Core,CCNB1
0,1.79728141857652,0.739,0.108,0,Tumor Core,RASSF6
0,1.79723779901736,0.546,0.074,0,Tumor Core,ZNF860
0,1.79632748753704,0.729,0.124,0,Tumor Core,PCLAF
0,1.79473493593697,0.628,0.086,0,Tumor Core,PAQR6
0,1.79398091933919,1,0.565,0,Tumor Core,CRIP1
0,1.78944482700718,0.925,0.207,0,Tumor Core,DALRD3
0,1.78717921626251,0.963,0.254,0,Tumor Core,MTA3
0,1.781049931028,0.965,0.25,0,Tumor Core,RAE1
0,1.78054138484209,0.882,0.193,0,Tumor Core,BDH1
0,1.77801946139141,0.585,0.085,0,Tumor Core,CENPA
0,1.77486930693452,0.684,0.109,0,Tumor Core,EFCC1
0,1.7693534426053,0.895,0.179,0,Tumor Core,LNX2
0,1.76275409136963,0.96,0.23,0,Tumor Core,CRAT
0,1.76013757630965,0.639,0.089,0,Tumor Core,SERHL2
0,1.75712122041942,1,0.643,0,Tumor Core,ERBB2
0,1.75256618691299,0.999,0.368,0,Tumor Core,FOXA1
0,1.74836116812687,0.996,0.308,0,Tumor Core,TUBD1
0,1.74680426706326,0.583,0.068,0,Tumor Core,FAM234B
0,1.74640278217375,0.687,0.115,0,Tumor Core,CCNB2
0,1.7439926352268,0.571,0.085,0,Tumor Core,DLGAP5
0,1.74328939097497,0.968,0.243,0,Tumor Core,QSER1
0,1.74317446257195,1,0.482,0,Tumor Core,CYB561
0,1.74014997250506,0.556,0.073,0,Tumor Core,PANK1
0,1.74011813454834,0.716,0.118,0,Tumor Core,LNX1
0,1.7361708091692,0.567,0.09,0,Tumor Core,ASPM
0,1.73427324908047,0.853,0.167,0,Tumor Core,TK1
0,1.72716198445324,0.921,0.185,0,Tumor Core,NOL11
0,1.72689918975355,0.513,0.071,0,Tumor Core,TICRR
0,1.72460377129586,0.999,0.386,0,Tumor Core,SCD
0,1.72352461316173,0.648,0.103,0,Tumor Core,IL20RA
0,1.72340170189965,0.66,0.105,0,Tumor Core,KIF23
0,1.71921057190666,0.998,0.349,0,Tumor Core,PSMD12
0,1.71920527362128,0.778,0.138,0,Tumor Core,PRC1
0,1.71894293827557,0.979,0.323,0,Tumor Core,FAR1
0,1.71466938064486,0.999,0.403,0,Tumor Core,KRT7
0,1.71329416659925,0.594,0.083,0,Tumor Core,AURKB
0,1.71117518155144,0.828,0.172,0,Tumor Core,MROH6
0,1.7100070536588,0.759,0.13,0,Tumor Core,RET
0,1.70773889566738,0.788,0.142,0,Tumor Core,MYCN
0,1.70568726653559,0.99,0.331,0,Tumor Core,DNAJA4
0,1.70416633446128,0.659,0.099,0,Tumor Core,PPP1R3C
0,1.70197984881898,0.709,0.119,0,Tumor Core,KIF11
0,1.69993787652953,0.955,0.244,0,Tumor Core,CAPN13
0,1.69976561846876,0.984,0.306,0,Tumor Core,HSPD1
0,1.69674782801659,0.992,0.349,0,Tumor Core,HIST1H1B
0,1.69651885654217,0.57,0.084,0,Tumor Core,HJURP
0,1.69631945503553,0.939,0.196,0,Tumor Core,WDR3
0,1.69575302756779,0.883,0.181,0,Tumor Core,NUSAP1
0,1.69509756581796,0.594,0.096,0,Tumor Core,BUB1
0,1.69333958408963,0.971,0.279,0,Tumor Core,SLC1A4
0,1.69311748783202,0.924,0.201,0,Tumor Core,ESRP1
0,1.69279484976656,0.701,0.099,0,Tumor Core,NETO2
0,1.69223829670881,1,0.504,0,Tumor Core,STARD3
0,1.69052623370937,0.83,0.171,0,Tumor Core,HSD17B12
0,1.68988353444311,0.774,0.14,0,Tumor Core,FANCI
0,1.68920648842381,0.799,0.145,0,Tumor Core,C9orf152
0,1.68566031275298,0.746,0.132,0,Tumor Core,TMEM62
0,1.67926046583867,0.982,0.239,0,Tumor Core,EHF
0,1.67341491603822,0.604,0.096,0,Tumor Core,SH2D4A
0,1.67200110549281,0.873,0.197,0,Tumor Core,LCLAT1
0,1.67130059329311,0.95,0.245,0,Tumor Core,ARFGEF3
0,1.6708913306188,0.697,0.117,0,Tumor Core,TUFT1
0,1.66917066593743,0.98,0.292,0,Tumor Core,GGCT
0,1.66780567901392,0.605,0.099,0,Tumor Core,RNF43
0,1.664662514993,0.901,0.191,0,Tumor Core,SDR16C5
0,1.66394691926528,0.994,0.352,0,Tumor Core,MAP3K3
0,1.65911572431747,0.998,0.402,0,Tumor Core,UGDH
0,1.65902242893561,0.884,0.188,0,Tumor Core,UHRF1
0,1.65434337434108,0.968,0.294,0,Tumor Core,CCT4
0,1.65394333494925,0.86,0.193,0,Tumor Core,TCEA3
0,1.65211904783312,0.661,0.111,0,Tumor Core,KIFC1
0,1.65202685634295,0.913,0.207,0,Tumor Core,GALNT6
0,1.65114920475487,0.959,0.228,0,Tumor Core,ERBB3
0,1.64983872897608,0.519,0.079,0,Tumor Core,CLSPN
0,1.64839733835695,0.989,0.289,0,Tumor Core,TMEM106C
0,1.64733418130269,0.965,0.235,0,Tumor Core,CRACR2B
0,1.64702088041723,0.749,0.13,0,Tumor Core,SYNE4
0,1.64671989618116,0.932,0.231,0,Tumor Core,GPR160
0,1.64606775527105,0.894,0.204,0,Tumor Core,INPP4B
0,1.64361195649557,0.558,0.068,0,Tumor Core,C3orf70
0,1.64239641734861,0.963,0.283,0,Tumor Core,MTIF3
0,1.63994491007076,0.561,0.088,0,Tumor Core,AP1M2
0,1.63604920445501,0.986,0.336,0,Tumor Core,ETFA
0,1.63235092071502,0.987,0.335,0,Tumor Core,MED13
0,1.63026665951146,0.956,0.246,0,Tumor Core,MAN1A2
0,1.62633737597812,0.68,0.118,0,Tumor Core,ACP6
0,1.62333768558981,0.767,0.142,0,Tumor Core,TPX2
0,1.62059243211187,0.99,0.319,0,Tumor Core,METRN
0,1.61982761600994,0.93,0.21,0,Tumor Core,MYO5B
0,1.6196793192662,0.955,0.308,0,Tumor Core,FADS2
0,1.61845982004504,0.984,0.312,0,Tumor Core,DUSP4
0,1.61839122212657,0.625,0.095,0,Tumor Core,MND1
0,1.61714641310672,0.987,0.33,0,Tumor Core,POMP
0,1.61606425946476,0.996,0.385,0,Tumor Core,TOB1
0,1.61451309502726,0.61,0.099,0,Tumor Core,TBC1D30
0,1.61418139836551,0.97,0.261,0,Tumor Core,HES1
0,1.61334249944244,0.842,0.174,0,Tumor Core,SELENOI
0,1.61078892556464,0.985,0.34,0,Tumor Core,EIF3M
0,1.60176600818261,0.736,0.131,0,Tumor Core,GRHL1
0,1.60147588345274,0.831,0.16,0,Tumor Core,MKI67
0,1.60059079747305,0.719,0.132,0,Tumor Core,FGFR3
0,1.60023193593538,0.897,0.198,0,Tumor Core,ESRP2
0,1.5996443336502,0.987,0.305,0,Tumor Core,PIK3R3
0,1.59773728983661,0.999,0.419,0,Tumor Core,SMARCD2
0,1.59625690608069,0.978,0.297,0,Tumor Core,HACD3
0,1.59429285661519,0.964,0.25,0,Tumor Core,SPDEF
0,1.59335161674253,0.695,0.125,0,Tumor Core,KRTCAP3
0,1.59314022485124,0.992,0.327,0,Tumor Core,IARS2
0,1.59225700933151,0.903,0.217,0,Tumor Core,MCM4
0,1.58984141738379,0.978,0.299,0,Tumor Core,TSTD1
0,1.58838945590142,0.625,0.093,0,Tumor Core,GSTZ1
0,1.5879976090232,0.966,0.275,0,Tumor Core,H2AFZ
0,1.58718283655086,0.502,0.073,0,Tumor Core,CNTD2
0,1.58593053509613,0.554,0.094,0,Tumor Core,IQANK1
0,1.58572096258048,1,0.349,0,Tumor Core,MLPH
0,1.58426386317968,0.754,0.121,0,Tumor Core,ODC1
0,1.58349293438167,0.624,0.099,0,Tumor Core,CCNA2
0,1.58341032326864,0.917,0.217,0,Tumor Core,MIOS
0,1.58155092128244,0.538,0.077,0,Tumor Core,COX20
0,1.57794098122711,0.754,0.13,0,Tumor Core,LY6K
0,1.57630052573359,0.55,0.065,0,Tumor Core,PIWIL2
0,1.57497624627843,0.999,0.352,0,Tumor Core,PERP
0,1.56998676044727,0.662,0.111,0,Tumor Core,LRATD1
0,1.56753708555561,0.998,0.346,0,Tumor Core,AZGP1
0,1.56727769562544,0.856,0.18,0,Tumor Core,CENPU
0,1.56635626973242,0.632,0.111,0,Tumor Core,SPC25
0,1.56530104371672,0.839,0.177,0,Tumor Core,TYMS
0,1.56477137090863,1,0.489,0,Tumor Core,PSMC5
0,1.56451678847755,0.91,0.216,0,Tumor Core,SPR
0,1.56401430263823,0.986,0.297,0,Tumor Core,JPT2
0,1.56236556718417,0.836,0.179,0,Tumor Core,AMH
0,1.5583898415977,0.605,0.096,0,Tumor Core,MAD2L1
0,1.55805468110583,0.956,0.275,0,Tumor Core,SMC4
0,1.55731586358695,0.963,0.269,0,Tumor Core,CSTF1
0,1.55627211067437,0.971,0.275,0,Tumor Core,HSPA1B
0,1.5523451180882,0.536,0.082,0,Tumor Core,TONSL
0,1.55152220413382,0.915,0.198,0,Tumor Core,HID1
0,1.54875727108807,0.891,0.205,0,Tumor Core,HIST1H2BH
0,1.54874854486826,0.724,0.132,0,Tumor Core,E2F1
0,1.548395741955,0.621,0.113,0,Tumor Core,PRR15
0,1.54759509088741,0.983,0.322,0,Tumor Core,COX16
0,1.54665914162976,0.843,0.172,0,Tumor Core,CDK8
0,1.54392350453417,1,0.486,0,Tumor Core,CCDC47
0,1.5433508572584,0.991,0.352,0,Tumor Core,TC2N
0,1.54134342540867,0.904,0.223,0,Tumor Core,SHPRH
0,1.54043536400829,0.807,0.163,0,Tumor Core,POF1B
0,1.53863975467598,0.676,0.116,0,Tumor Core,CENPN
0,1.53812134884441,0.994,0.405,0,Tumor Core,POLR1D
0,1.5371010393392,0.743,0.144,0,Tumor Core,IRF6
0,1.5370389112505,0.665,0.112,0,Tumor Core,PKIB
0,1.53647739187407,0.873,0.192,0,Tumor Core,AR
0,1.53499657136431,0.944,0.264,0,Tumor Core,HMGB2
0,1.53061038954008,0.842,0.196,0,Tumor Core,ECT2
0,1.52994150891062,0.639,0.113,0,Tumor Core,FANCA
0,1.52969523547294,0.53,0.084,0,Tumor Core,KIF2C
0,1.52535788962055,0.58,0.096,0,Tumor Core,KNL1
0,1.52504867575107,0.917,0.254,0,Tumor Core,CRYBG1
0,1.52310516981387,0.649,0.109,0,Tumor Core,RECQL4
0,1.52191075063673,0.913,0.243,0,Tumor Core,PRDX3
0,1.51647401848349,0.545,0.091,0,Tumor Core,CEP85
0,1.51527178308409,0.534,0.072,0,Tumor Core,GATA2
0,1.51363720789512,0.91,0.219,0,Tumor Core,ALDH6A1
0,1.51305446728616,0.963,0.274,0,Tumor Core,EFNA1
0,1.51281213886652,0.813,0.178,0,Tumor Core,CACNA1H
0,1.50949523052165,0.766,0.165,0,Tumor Core,HIST2H2BE
0,1.50837414993057,0.983,0.298,0,Tumor Core,DCXR
0,1.50634131879479,0.971,0.282,0,Tumor Core,PAFAH1B3
0,1.50572574869213,0.945,0.258,0,Tumor Core,ATP1B1
0,1.5038601123666,0.994,0.409,0,Tumor Core,ADI1
0,1.50241330372489,0.974,0.313,0,Tumor Core,TRAF4
0,1.50235189792772,0.55,0.079,0,Tumor Core,SIX1
0,1.50085634304869,0.988,0.288,0,Tumor Core,MAL2
0,1.49962580050859,0.957,0.297,0,Tumor Core,DPY30
0,1.49785242884621,0.98,0.333,0,Tumor Core,SEC22B
0,1.49440521428397,0.647,0.114,0,Tumor Core,CENPM
0,1.49198464020958,0.926,0.268,0,Tumor Core,BMI1
0,1.49196106198853,0.996,0.382,0,Tumor Core,HMG20B
0,1.49110317969839,0.672,0.124,0,Tumor Core,CHMP4C
0,1.49095339169548,0.55,0.08,0,Tumor Core,L2HGDH
0,1.48811618554278,0.89,0.193,0,Tumor Core,PADI2
0,1.48662040006084,0.869,0.209,0,Tumor Core,CENPX
0,1.48573593273084,0.992,0.366,0,Tumor Core,LRPPRC
0,1.48347596988897,0.502,0.081,0,Tumor Core,CENPH
0,1.48341202645915,0.79,0.159,0,Tumor Core,WDR76
0,1.48280378821337,0.993,0.3,0,Tumor Core,ELF3
0,1.48274344601742,0.848,0.196,0,Tumor Core,GNPNAT1
0,1.48129776391709,0.988,0.404,0,Tumor Core,CSTF3
0,1.47864525240866,0.811,0.188,0,Tumor Core,SORD
0,1.47666606784857,0.925,0.225,0,Tumor Core,RNF6
0,1.47608145120519,0.77,0.141,0,Tumor Core,OAT
0,1.47588046947482,0.503,0.086,0,Tumor Core,DNAJC22
0,1.47340380199275,0.802,0.185,0,Tumor Core,SYNJ2
0,1.47256776561987,0.864,0.201,0,Tumor Core,HAGHL
0,1.47235926400384,0.781,0.164,0,Tumor Core,SYCE1
0,1.47182624295007,0.519,0.081,0,Tumor Core,CENPE
0,1.47152829500682,0.574,0.103,0,Tumor Core,DTWD2
0,1.470677795372,0.99,0.309,0,Tumor Core,PITPNC1
0,1.47066452767197,0.633,0.109,0,Tumor Core,TRIP13
0,1.4702471298728,0.542,0.079,0,Tumor Core,SAMD10
0,1.46790513635827,0.95,0.249,0,Tumor Core,LMNB1
0,1.46766288801253,0.824,0.18,0,Tumor Core,BRI3BP
0,1.46744169350292,0.503,0.083,0,Tumor Core,AHCTF1
0,1.46560879213284,0.644,0.104,0,Tumor Core,BIRC5
0,1.46485455447804,0.857,0.227,0,Tumor Core,FAM136A
0,1.4642377332503,0.973,0.296,0,Tumor Core,MCCC2
0,1.46360379124139,0.507,0.081,0,Tumor Core,CIT
0,1.46308545233873,0.945,0.299,0,Tumor Core,C1QBP
0,1.45924380250658,0.991,0.315,0,Tumor Core,ISYNA1
0,1.45792397601149,0.933,0.249,0,Tumor Core,FDFT1
0,1.45706514688083,0.923,0.272,0,Tumor Core,HSPA9
0,1.45652569119225,0.54,0.095,0,Tumor Core,IGSF9
0,1.45641948098076,0.86,0.209,0,Tumor Core,C3orf14
0,1.45484203688397,0.593,0.107,0,Tumor Core,DBF4
0,1.45408780953854,0.927,0.241,0,Tumor Core,MAP7
0,1.4540230530106,0.989,0.364,0,Tumor Core,MGAT4A
0,1.45288289601247,0.558,0.095,0,Tumor Core,PAICS
0,1.45286030037363,0.906,0.248,0,Tumor Core,MEGF9
0,1.45235489092562,0.603,0.098,0,Tumor Core,ARHGAP11A
0,1.45140889040884,0.977,0.327,0,Tumor Core,RTF2
0,1.45112038156409,0.57,0.089,0,Tumor Core,GINS1
0,1.45069945501482,0.863,0.216,0,Tumor Core,SNRPE
0,1.44846809861175,0.998,0.471,0,Tumor Core,KIF5B
0,1.44607671522645,0.511,0.072,0,Tumor Core,SLC15A2
0,1.44416453004637,0.823,0.18,0,Tumor Core,CORO2A
0,1.44351439602413,0.997,0.375,0,Tumor Core,HIST1H1D
0,1.44070157155276,0.571,0.085,0,Tumor Core,SLC16A14
0,1.43970481028699,0.619,0.1,0,Tumor Core,TCTEX1D2
0,1.43962487756515,0.993,0.416,0,Tumor Core,ATP5F1B
0,1.43841206296484,0.994,0.363,0,Tumor Core,SLC9A3R1
0,1.43832477658712,0.897,0.217,0,Tumor Core,GSDMB
0,1.43785615116388,0.908,0.246,0,Tumor Core,RHPN1
0,1.4360540511307,0.776,0.15,0,Tumor Core,PTTG1
0,1.43595817858388,0.722,0.138,0,Tumor Core,FAM83B
0,1.43526272137701,0.525,0.088,0,Tumor Core,OVOL2
0,1.43194327280653,0.713,0.143,0,Tumor Core,KNSTRN
0,1.43117514135365,0.783,0.162,0,Tumor Core,EPB41L5
0,1.42962334931179,0.841,0.192,0,Tumor Core,TCAP
0,1.42845667631907,0.556,0.094,0,Tumor Core,PLK1
0,1.42788156153159,0.615,0.11,0,Tumor Core,DNA2
0,1.42716766761639,0.715,0.14,0,Tumor Core,SMIM22
0,1.42714239671457,0.935,0.238,0,Tumor Core,ATP8B1
0,1.42673301008002,0.708,0.139,0,Tumor Core,MCU
0,1.42636060848559,0.531,0.085,0,Tumor Core,CENPL
0,1.42583269188138,0.812,0.186,0,Tumor Core,GCHFR
0,1.42581335444728,0.819,0.167,0,Tumor Core,RRP1
0,1.42507331597317,0.972,0.318,0,Tumor Core,GTF3A
0,1.42073089667584,0.871,0.188,0,Tumor Core,TBX3
0,1.41957954967211,0.567,0.101,0,Tumor Core,CEP55
0,1.41932337964746,0.679,0.141,0,Tumor Core,PODXL2
0,1.41914725259354,1,0.406,0,Tumor Core,FXYD3
0,1.41875044784804,0.881,0.193,0,Tumor Core,ARHGAP8
0,1.41870717632761,0.806,0.176,0,Tumor Core,KIF22
0,1.41815328791804,0.837,0.169,0,Tumor Core,TJP3
0,1.4173134301932,0.834,0.185,0,Tumor Core,VTA1
0,1.41434555499796,0.961,0.281,0,Tumor Core,ACSL3
0,1.41365295483314,0.667,0.112,0,Tumor Core,LRRC45
0,1.41347076235741,0.945,0.29,0,Tumor Core,FTSJ3
0,1.41227734471032,0.62,0.115,0,Tumor Core,PLCB4
0,1.41048504088374,0.659,0.123,0,Tumor Core,CCNE2
0,1.41027866914339,0.955,0.29,0,Tumor Core,HADHB
0,1.40978263718285,0.987,0.34,0,Tumor Core,SRP9
0,1.40831454779548,0.898,0.226,0,Tumor Core,ZNF512B
0,1.40778496756664,0.959,0.298,0,Tumor Core,LRIG1
0,1.4076471398683,0.904,0.253,0,Tumor Core,SNRNP25
0,1.40736696028747,0.612,0.108,0,Tumor Core,SLC25A10
0,1.40715512733497,0.672,0.113,0,Tumor Core,MORN2
0,1.40663383592507,0.664,0.109,0,Tumor Core,PRRG4
0,1.40626905675216,0.989,0.387,0,Tumor Core,DDX42
0,1.40376728829369,0.842,0.198,0,Tumor Core,DHTKD1
0,1.40346062172346,0.995,0.38,0,Tumor Core,CREB3L1
0,1.40345734828882,0.741,0.159,0,Tumor Core,GPRC5C
0,1.40306333740471,0.932,0.259,0,Tumor Core,CLUH
0,1.40300360061383,0.999,0.493,0,Tumor Core,S100A16
0,1.40202964043018,0.692,0.143,0,Tumor Core,RGL3
0,1.40133552068566,0.615,0.106,0,Tumor Core,CROT
0,1.40071194634843,0.506,0.081,0,Tumor Core,WDHD1
0,1.3982765804756,0.51,0.076,0,Tumor Core,C3orf67
0,1.39805190587013,0.728,0.144,0,Tumor Core,CNKSR1
0,1.39733386513581,0.751,0.143,0,Tumor Core,ATAD2
0,1.39721951311287,0.936,0.238,0,Tumor Core,PAK4
0,1.39662722492701,0.758,0.157,0,Tumor Core,ELMO3
0,1.39626697900845,0.908,0.238,0,Tumor Core,GDAP2
0,1.39321531864511,0.564,0.091,0,Tumor Core,CYCS
0,1.3929200176034,0.98,0.31,0,Tumor Core,ERGIC1
0,1.39004306316288,0.59,0.097,0,Tumor Core,KIF20A
0,1.38920943131196,0.744,0.151,0,Tumor Core,PTPN3
0,1.38892914521381,0.98,0.306,0,Tumor Core,ALCAM
0,1.38798041141431,0.884,0.238,0,Tumor Core,MSH6
0,1.38725266259365,0.934,0.254,0,Tumor Core,WDR34
0,1.38580856999476,0.831,0.188,0,Tumor Core,TOP2A
0,1.38345592672288,0.787,0.166,0,Tumor Core,MTFR1
0,1.38159442776359,0.848,0.187,0,Tumor Core,GRHL2
0,1.38022790525787,0.955,0.262,0,Tumor Core,PROM2
0,1.37965643848316,0.576,0.105,0,Tumor Core,TMEM116
0,1.37930905610865,0.524,0.079,0,Tumor Core,CKAP2L
0,1.37924192236347,0.665,0.131,0,Tumor Core,TMEM184A
0,1.37860050177726,0.965,0.289,0,Tumor Core,STRADA
0,1.37796054856526,0.86,0.197,0,Tumor Core,ACADSB
0,1.37620616849667,0.89,0.234,0,Tumor Core,AIFM1
0,1.37596022128985,0.667,0.126,0,Tumor Core,EVPL
0,1.37546208225362,0.822,0.184,0,Tumor Core,LAD1
0,1.37543301885391,0.625,0.112,0,Tumor Core,MYBL2
0,1.37506281213641,0.972,0.314,0,Tumor Core,TMEM183A
0,1.3749377119213,0.994,0.394,0,Tumor Core,CLTC
0,1.37280000407844,0.577,0.095,0,Tumor Core,SLC4A8
0,1.37198035137532,0.73,0.143,0,Tumor Core,WNK2
0,1.37176225962471,0.965,0.278,0,Tumor Core,GALNT7
0,1.37075035598781,0.947,0.301,0,Tumor Core,FH
0,1.37042351296643,0.787,0.193,0,Tumor Core,PDIK1L
0,1.37041727040216,0.904,0.23,0,Tumor Core,RAB25
0,1.37020390447106,0.801,0.167,0,Tumor Core,EZH2
0,1.37012332237002,0.573,0.102,0,Tumor Core,EDARADD
0,1.369956324301,0.997,0.441,0,Tumor Core,SLC25A39
0,1.36965441914247,0.898,0.214,0,Tumor Core,HELLS
0,1.36872394075473,0.879,0.241,0,Tumor Core,RUSC1
0,1.36848392585713,0.731,0.155,0,Tumor Core,LMX1B
0,1.36759919438404,0.558,0.104,0,Tumor Core,CCNF
0,1.36661906564419,0.53,0.096,0,Tumor Core,RFC5
0,1.3622838874792,0.861,0.239,0,Tumor Core,GGPS1
0,1.3600715648728,0.897,0.243,0,Tumor Core,ABHD11
0,1.35948836191286,1,0.431,0,Tumor Core,CD9
0,1.35908424013129,0.934,0.275,0,Tumor Core,TRIM37
0,1.35815545055051,0.545,0.088,0,Tumor Core,NCAPG
0,1.35713463451128,0.886,0.215,0,Tumor Core,NEDD4L
0,1.3555854222,0.889,0.228,0,Tumor Core,PYCR1
0,1.35119513466821,0.941,0.282,0,Tumor Core,VAPB
0,1.35007452360811,0.957,0.265,0,Tumor Core,KIAA1324
0,1.3479509420805,0.815,0.194,0,Tumor Core,MCM6
0,1.34761130259109,0.52,0.072,0,Tumor Core,ABCB9
0,1.34582036347457,0.982,0.345,0,Tumor Core,PAN3
0,1.34570252245542,0.603,0.113,0,Tumor Core,KIAA1958
0,1.34505746978928,0.994,0.408,0,Tumor Core,NUCKS1
0,1.34500026257029,0.589,0.114,0,Tumor Core,TMC4
0,1.34351317110161,0.723,0.16,0,Tumor Core,TACC3
0,1.34275180615075,0.979,0.344,0,Tumor Core,HSPE1
0,1.34262487802603,0.789,0.187,0,Tumor Core,SYNJ2BP
0,1.34150422786328,0.573,0.091,0,Tumor Core,GREB1L
0,1.34125643279345,0.603,0.115,0,Tumor Core,TIMELESS
0,1.33876667330357,0.881,0.219,0,Tumor Core,ICA1
0,1.33550908665807,0.611,0.109,0,Tumor Core,LRRC37A3
0,1.33522710031674,0.541,0.095,0,Tumor Core,SRSF10
0,1.33516033458882,0.678,0.136,0,Tumor Core,FBXL16
0,1.33391699933415,0.638,0.118,0,Tumor Core,RMI1
0,1.33344596652289,0.958,0.286,0,Tumor Core,DBI
0,1.33192950629227,0.995,0.421,0,Tumor Core,ZNF217
0,1.32984874295297,0.634,0.109,0,Tumor Core,PPM1H
0,1.32947430843721,0.905,0.232,0,Tumor Core,MBOAT2
0,1.32816438687688,0.943,0.261,0,Tumor Core,ECI1
0,1.32756827163041,0.924,0.275,0,Tumor Core,CCNC
0,1.32691114830918,0.666,0.136,0,Tumor Core,MCM8
0,1.32467564114468,0.821,0.207,0,Tumor Core,GFM2
0,1.32445111690153,0.815,0.165,0,Tumor Core,PDHX
0,1.32429868746547,0.922,0.22,0,Tumor Core,TRIM33
0,1.32009899655702,0.849,0.209,0,Tumor Core,MSH2
0,1.31792379378067,0.913,0.272,0,Tumor Core,PEX13
0,1.31742647894832,0.843,0.177,0,Tumor Core,IRX5
0,1.31625944374627,0.852,0.215,0,Tumor Core,TFDP2
0,1.31596086689589,0.952,0.292,0,Tumor Core,PPM1G
0,1.31434685348533,0.661,0.132,0,Tumor Core,FAM110C
0,1.31214168535967,0.935,0.304,0,Tumor Core,GOT2
0,1.31170428092518,0.948,0.296,0,Tumor Core,NAPRT
0,1.3112404687237,0.785,0.181,0,Tumor Core,SLC25A40
0,1.31115190744679,0.527,0.093,0,Tumor Core,BARD1
0,1.31100403241478,0.755,0.139,0,Tumor Core,AURKA
0,1.31044899732113,0.635,0.123,0,Tumor Core,CDT1
0,1.31012402946314,0.833,0.208,0,Tumor Core,CKS1B
0,1.30784538396764,0.966,0.325,0,Tumor Core,ATP5ME
0,1.30609527206527,0.906,0.24,0,Tumor Core,LIMCH1
0,1.30524825850297,0.966,0.246,0,Tumor Core,CXCL17
0,1.30517431514998,0.929,0.279,0,Tumor Core,SLC50A1
0,1.30511247094131,0.508,0.094,0,Tumor Core,ANKRD18A
0,1.30511134213564,0.882,0.212,0,Tumor Core,PHF8
0,1.30331542528442,0.784,0.195,0,Tumor Core,SNRPG
0,1.29914794884256,0.992,0.367,0,Tumor Core,CRIP2
0,1.29909515797226,0.788,0.174,0,Tumor Core,GPATCH4
0,1.29555958044531,0.967,0.304,0,Tumor Core,RAB3D
0,1.29512669228757,0.752,0.173,0,Tumor Core,ACP1
0,1.28988278644014,0.641,0.134,0,Tumor Core,TRIAP1
0,1.28963425411044,0.946,0.294,0,Tumor Core,TLK2
0,1.28801325178298,0.905,0.259,0,Tumor Core,NDUFA7
0,1.28703519219016,0.969,0.332,0,Tumor Core,UAP1
0,1.28460343347637,0.971,0.342,0,Tumor Core,UHMK1
0,1.28448527082621,0.772,0.158,0,Tumor Core,SSH3
0,1.28400954407112,0.83,0.209,0,Tumor Core,LAGE3
0,1.28359561591483,1,0.544,0,Tumor Core,HSP90AB1
0,1.28340759995359,0.83,0.212,0,Tumor Core,MYEF2
0,1.28155715574262,0.898,0.222,0,Tumor Core,TRAP1
0,1.28148569904856,0.804,0.174,0,Tumor Core,NECAB3
0,1.28115092954485,0.578,0.102,0,Tumor Core,ARHGAP39
0,1.28100161916633,0.674,0.135,0,Tumor Core,KCNK1
0,1.27985417521157,0.973,0.335,0,Tumor Core,APPBP2
0,1.2793941576848,0.703,0.121,0,Tumor Core,CGREF1
0,1.27909397393744,0.728,0.138,0,Tumor Core,NHSL1
0,1.27904794699936,0.76,0.153,0,Tumor Core,SLC25A4
0,1.27804788109021,0.598,0.121,0,Tumor Core,ZNF480
0,1.27799007692267,0.625,0.121,0,Tumor Core,C1orf112
0,1.27767984778356,0.988,0.401,0,Tumor Core,TNFSF10
0,1.2765263920409,0.865,0.202,0,Tumor Core,ATL2
0,1.27616956130459,0.612,0.111,0,Tumor Core,TSPAN12
0,1.27460422331884,0.51,0.098,0,Tumor Core,CHAF1B
0,1.27393229303237,0.813,0.209,0,Tumor Core,EIPR1
0,1.27183311133785,0.966,0.289,0,Tumor Core,GSE1
0,1.27137983459479,0.987,0.334,0,Tumor Core,MGST1
0,1.27105087583529,0.829,0.201,0,Tumor Core,FAH
0,1.27094535049944,0.647,0.12,0,Tumor Core,FLVCR1
0,1.26791911626887,0.854,0.242,0,Tumor Core,HLTF
0,1.26665281681947,0.849,0.238,0,Tumor Core,UCK2
0,1.26599419666292,0.757,0.183,0,Tumor Core,RAB3IP
0,1.26574904118627,0.88,0.247,0,Tumor Core,SF3B6
0,1.26567528385905,0.899,0.232,0,Tumor Core,LLGL2
0,1.26562213908664,0.978,0.35,0,Tumor Core,EIF2AK1
0,1.26537901014044,0.547,0.096,0,Tumor Core,C1orf131
0,1.26449296544346,0.593,0.108,0,Tumor Core,MMP15
0,1.26447383277179,0.883,0.231,0,Tumor Core,PIAS3
0,1.26347452265459,0.704,0.152,0,Tumor Core,BOLA3
0,1.25961199096235,0.624,0.126,0,Tumor Core,AGBL5
0,1.25919397932941,0.889,0.237,0,Tumor Core,FAM210B
0,1.25756230348262,0.98,0.37,0,Tumor Core,CD46
0,1.25578767719504,0.965,0.318,0,Tumor Core,DHX40
0,1.25522006366836,0.937,0.274,0,Tumor Core,SEC16A
0,1.25465400825471,0.505,0.096,0,Tumor Core,FANCC
0,1.25284081602256,0.668,0.142,0,Tumor Core,FANCL
0,1.25265241981939,0.502,0.091,0,Tumor Core,KIF21A
0,1.25198318572869,0.568,0.088,0,Tumor Core,TMEM121
0,1.25127757522999,0.934,0.292,0,Tumor Core,PCBD1
0,1.2511340384298,0.906,0.225,0,Tumor Core,HADH
0,1.25045805621283,0.854,0.223,0,Tumor Core,MTIF2
0,1.25033328067415,0.967,0.329,0,Tumor Core,ENSA
0,1.24989402914514,0.877,0.224,0,Tumor Core,IMMP2L
0,1.24948738174433,0.768,0.176,0,Tumor Core,OSBPL10
0,1.24780606978708,0.594,0.12,0,Tumor Core,CRB3
0,1.24772745524708,0.592,0.12,0,Tumor Core,CHDH
0,1.24729869326911,0.57,0.098,0,Tumor Core,TEDC1
0,1.24647453527335,0.557,0.104,0,Tumor Core,COQ6
0,1.24611726003383,0.766,0.195,0,Tumor Core,CEBPZOS
0,1.24562357086043,0.686,0.155,0,Tumor Core,GEN1
0,1.24491216153455,0.735,0.177,0,Tumor Core,INTS7
0,1.24260901751135,0.842,0.218,0,Tumor Core,DLG3
0,1.24230101697851,0.774,0.181,0,Tumor Core,ATP6V0E2
0,1.24153471469728,0.842,0.226,0,Tumor Core,GPATCH2
0,1.24139218215831,0.834,0.219,0,Tumor Core,TMA7
0,1.24133912799174,0.98,0.365,0,Tumor Core,CYC1
0,1.24121970724966,0.614,0.111,0,Tumor Core,MTX1
0,1.24104493703006,0.942,0.255,0,Tumor Core,TSTA3
0,1.24041529988117,0.979,0.372,0,Tumor Core,API5
0,1.23827125189191,0.915,0.286,0,Tumor Core,RNF144B
0,1.23646378170384,0.992,0.442,0,Tumor Core,ECH1
0,1.23636057074991,0.802,0.199,0,Tumor Core,PPP1R3B
0,1.23553847081947,0.856,0.2,0,Tumor Core,DHFR
0,1.23433174937303,0.697,0.148,0,Tumor Core,RAC3
0,1.23330533870462,0.968,0.377,0,Tumor Core,SLC38A1
0,1.23231686783951,0.989,0.397,0,Tumor Core,ECHS1
0,1.23225049289929,0.8,0.203,0,Tumor Core,TSFM
0,1.2310233605258,0.639,0.125,0,Tumor Core,ATP7B
0,1.23093805607821,0.924,0.247,0,Tumor Core,ECI2
0,1.22936060305217,0.687,0.151,0,Tumor Core,LSM12
0,1.22928960292104,0.555,0.097,0,Tumor Core,MCRIP2
0,1.22913129373448,0.882,0.235,0,Tumor Core,DNAJA3
0,1.22785460710919,0.816,0.199,0,Tumor Core,GPN1
0,1.22708720794343,0.718,0.153,0,Tumor Core,SPTBN2
0,1.22686357967371,0.717,0.159,0,Tumor Core,NDUFA12
0,1.22651671914384,0.514,0.099,0,Tumor Core,FAAH2
0,1.2255079979493,0.656,0.134,0,Tumor Core,GMCL1
0,1.22534671270818,0.817,0.205,0,Tumor Core,UBR7
0,1.22335891958847,0.558,0.09,0,Tumor Core,EPHX2
0,1.22270610564061,0.945,0.339,0,Tumor Core,FUCA2
0,1.2224116875127,0.593,0.12,0,Tumor Core,DEGS2
0,1.22164498294962,0.778,0.176,0,Tumor Core,MMAB
0,1.22108274423449,0.581,0.115,0,Tumor Core,SBK1
0,1.21955563946026,0.731,0.172,0,Tumor Core,SHLD2
0,1.21818311369945,0.95,0.308,0,Tumor Core,ATP5F1A
0,1.21748794952462,0.959,0.323,0,Tumor Core,SF3B3
0,1.21624171385291,0.839,0.196,0,Tumor Core,AIG1
0,1.21538752747292,0.644,0.135,0,Tumor Core,NEIL1
0,1.2124789360739,0.859,0.233,0,Tumor Core,CCDC125
0,1.21066741817267,0.999,0.52,0,Tumor Core,BST2
0,1.21009054524378,0.557,0.101,0,Tumor Core,TIMM8A
0,1.20999029007326,0.734,0.16,0,Tumor Core,MARVELD2
0,1.20872938423421,0.525,0.091,0,Tumor Core,TARS2
0,1.20869045869133,0.721,0.157,0,Tumor Core,SQLE
0,1.20729266912548,0.554,0.11,0,Tumor Core,CDCA4
0,1.20677649920701,0.867,0.24,0,Tumor Core,GFM1
0,1.2066938651759,0.886,0.247,0,Tumor Core,PRELID3B
0,1.20483806673477,0.975,0.358,0,Tumor Core,NME4
0,1.2046592506332,0.832,0.206,0,Tumor Core,MVK
0,1.20390144657226,0.985,0.402,0,Tumor Core,COX7A2L
0,1.20265969428971,0.603,0.118,0,Tumor Core,KIF9
0,1.2025500997151,0.649,0.129,0,Tumor Core,PCYT2
0,1.20236563286506,0.669,0.14,0,Tumor Core,SAMD11
0,1.20133341884638,0.85,0.222,0,Tumor Core,ANO8
0,1.2003577090406,0.965,0.289,0,Tumor Core,CDH1
0,1.2002387870216,0.665,0.126,0,Tumor Core,PLA2G6
0,1.19965316302524,0.74,0.168,0,Tumor Core,GALE
0,1.19941926975351,0.707,0.143,0,Tumor Core,HPRT1
0,1.1993392825517,0.669,0.14,0,Tumor Core,WEE1
0,1.19763568434858,0.596,0.12,0,Tumor Core,CHAF1A
0,1.1971301011198,0.726,0.17,0,Tumor Core,TOM1L1
0,1.19606922170922,0.839,0.211,0,Tumor Core,ADCY6
0,1.19581871456705,0.885,0.191,0,Tumor Core,MCM2
0,1.19534949242051,0.807,0.201,0,Tumor Core,PPA2
0,1.19534640504582,0.947,0.309,0,Tumor Core,ILF2
0,1.19459690537725,0.591,0.112,0,Tumor Core,SFXN2
0,1.1928020769735,0.865,0.232,0,Tumor Core,MPC2
0,1.19123551885648,0.917,0.268,0,Tumor Core,FAM174B
0,1.19122409860692,0.997,0.38,0,Tumor Core,STARD10
0,1.19068770614786,0.892,0.214,0,Tumor Core,POLD2
0,1.19005468554892,0.692,0.145,0,Tumor Core,PCK2
0,1.188741384667,0.598,0.128,0,Tumor Core,SAMD12
0,1.18736197435405,0.962,0.332,0,Tumor Core,NDUFAB1
0,1.187333737347,0.546,0.105,0,Tumor Core,LRTOMT
0,1.18697713338688,0.908,0.265,0,Tumor Core,CBX5
0,1.18504212468474,0.71,0.157,0,Tumor Core,ZNF626
0,1.18424909354826,0.853,0.222,0,Tumor Core,NAT10
0,1.18356384791763,0.779,0.192,0,Tumor Core,ANTKMT
0,1.18266516538412,0.838,0.22,0,Tumor Core,BCAT2
0,1.18078748871479,0.99,0.391,0,Tumor Core,COMT
0,1.18036904430925,0.561,0.109,0,Tumor Core,PRIM2
0,1.17915059647999,0.949,0.303,0,Tumor Core,PTPRK
0,1.17850336112822,0.516,0.098,0,Tumor Core,FAM111B
0,1.17838212195389,0.959,0.326,0,Tumor Core,COX6A1
0,1.17655697831227,1,0.534,0,Tumor Core,HIST1H1C
0,1.17458116815134,0.937,0.255,0,Tumor Core,DHCR24
0,1.17427716823278,0.995,0.43,0,Tumor Core,PBX1
0,1.17409605588171,0.806,0.219,0,Tumor Core,SPOPL
0,1.17028027566385,0.766,0.189,0,Tumor Core,HIST3H2A
0,1.17021422004908,0.902,0.23,0,Tumor Core,MAPK13
0,1.16933516009503,0.57,0.122,0,Tumor Core,PAXIP1
0,1.16916081171394,0.98,0.321,0,Tumor Core,NR2F6
0,1.16830322482477,0.567,0.117,0,Tumor Core,HMGA1
0,1.16742615340466,0.617,0.129,0,Tumor Core,ZWILCH
0,1.16730632718042,0.625,0.114,0,Tumor Core,OXCT1
0,1.16682418850036,0.555,0.107,0,Tumor Core,ALDH5A1
0,1.16597046719558,0.859,0.259,0,Tumor Core,USP12
0,1.16560960842884,0.525,0.101,0,Tumor Core,FBXO41
0,1.165571057102,0.568,0.121,0,Tumor Core,CCSER1
0,1.16538919471695,0.641,0.124,0,Tumor Core,ZBTB42
0,1.16515807543314,0.996,0.485,0,Tumor Core,YWHAE
0,1.16489839000269,0.759,0.188,0,Tumor Core,PIGF
0,1.16484029068453,0.681,0.139,0,Tumor Core,POLR3K
0,1.16395029458132,0.977,0.375,0,Tumor Core,AHSA1
0,1.16381945010559,0.928,0.285,0,Tumor Core,F11R
0,1.16345474193768,0.872,0.236,0,Tumor Core,HIST1H4C
0,1.16344669959763,1,0.402,0,Tumor Core,SLC12A2
0,1.16307750418411,0.645,0.139,0,Tumor Core,MARVELD3
0,1.16182914770239,0.997,0.512,0,Tumor Core,AKT1
0,1.16168459310644,0.571,0.121,0,Tumor Core,GPC4
0,1.1609260634427,0.96,0.337,0,Tumor Core,CAPRIN1
0,1.15974946875536,0.655,0.144,0,Tumor Core,NCAPG2
0,1.15970869985306,0.732,0.164,0,Tumor Core,WDR90
0,1.15955065178531,0.814,0.21,0,Tumor Core,GATM
0,1.15954627753024,0.568,0.119,0,Tumor Core,INIP
0,1.15923528108701,0.828,0.211,0,Tumor Core,CLMN
0,1.15863552914369,0.693,0.157,0,Tumor Core,LRRC1
0,1.15844668631582,0.861,0.206,0,Tumor Core,LRATD2
0,1.15809829817432,0.515,0.094,0,Tumor Core,PRLR
0,1.15803387704173,0.972,0.312,0,Tumor Core,PLEKHF2
0,1.15785734016867,0.982,0.373,0,Tumor Core,H1F0
0,1.15784244842286,0.999,0.57,0,Tumor Core,SELENOW
0,1.15712677871756,0.874,0.257,0,Tumor Core,HSPA4
0,1.15683309140848,0.913,0.248,0,Tumor Core,TUBB4B
0,1.15622840915828,0.946,0.309,0,Tumor Core,HSPH1
0,1.15598479646984,0.588,0.118,0,Tumor Core,ASF1B
0,1.15583760400616,0.551,0.096,0,Tumor Core,WARS2
0,1.15554165287934,0.809,0.213,0,Tumor Core,GRPEL1
0,1.15501632449192,0.987,0.39,0,Tumor Core,NDUFV2
0,1.15478634800885,0.714,0.172,0,Tumor Core,H2AFY2
0,1.15439470860205,0.929,0.26,0,Tumor Core,EPPK1
0,1.1537430833281,0.958,0.37,0,Tumor Core,ZNF664
0,1.15208002386144,0.931,0.286,0,Tumor Core,GLUD1
0,1.15064617064822,0.627,0.137,0,Tumor Core,ZG16B
0,1.14982421617571,0.672,0.144,0,Tumor Core,STMN1
0,1.14975957648916,0.567,0.089,0,Tumor Core,LINGO1
0,1.14933023715702,0.961,0.33,0,Tumor Core,NDUFS2
0,1.14931440937985,0.82,0.21,0,Tumor Core,HILPDA
0,1.14885975271469,0.754,0.186,0,Tumor Core,PCCB
0,1.14876364572995,0.657,0.155,0,Tumor Core,CCP110
0,1.14844086131088,0.982,0.274,0,Tumor Core,ALDH3B2
0,1.14824453144771,0.986,0.416,0,Tumor Core,ANAPC11
0,1.14796897818542,0.901,0.263,0,Tumor Core,HSPA1A
0,1.1459698545263,0.858,0.213,0,Tumor Core,LMNB2
0,1.14591882768868,0.565,0.117,0,Tumor Core,DNAH14
0,1.14585939516064,0.93,0.288,0,Tumor Core,CKAP5
0,1.14396703154709,0.597,0.126,0,Tumor Core,RFC4
0,1.14362042912693,0.974,0.365,0,Tumor Core,CCT6A
0,1.1435935839045,0.646,0.149,0,Tumor Core,MAIP1
0,1.14228716946072,0.91,0.227,0,Tumor Core,TFAP2A
0,1.14171867585168,0.872,0.267,0,Tumor Core,PLA2G12A
0,1.1409318781492,0.695,0.152,0,Tumor Core,PXMP4
0,1.14042271788376,0.829,0.144,0,Tumor Core,GAMT
0,1.13753696568142,0.585,0.12,0,Tumor Core,MYB
0,1.13715520445711,0.772,0.188,0,Tumor Core,SNRPD1
0,1.13581412774491,0.963,0.328,0,Tumor Core,RAB1B
0,1.13540344104771,0.746,0.181,0,Tumor Core,PNP
0,1.13529936231159,0.52,0.086,0,Tumor Core,SHCBP1
0,1.1347987772168,0.682,0.154,0,Tumor Core,C17orf58
0,1.13332072347174,0.881,0.234,0,Tumor Core,ATXN7L3
0,1.13326060264989,0.883,0.27,0,Tumor Core,RPRD1A
0,1.13267481139683,0.56,0.097,0,Tumor Core,EYA2
0,1.13163124663543,0.972,0.378,0,Tumor Core,NRBP1
0,1.13070855366773,0.981,0.396,0,Tumor Core,UQCRC1
0,1.13035836437453,0.913,0.29,0,Tumor Core,POLDIP2
0,1.12907404557358,0.791,0.185,0,Tumor Core,HEATR6
0,1.12834108121816,0.998,0.465,0,Tumor Core,CCND1
0,1.12769221657215,0.63,0.127,0,Tumor Core,FGF13
0,1.12669092654263,0.669,0.14,0,Tumor Core,KNTC1
0,1.12562781894873,0.913,0.277,0,Tumor Core,BCCIP
0,1.12548480633113,0.679,0.145,0,Tumor Core,POLE
0,1.12477769352165,0.664,0.126,0,Tumor Core,NUDT8
0,1.12450933913188,0.927,0.33,0,Tumor Core,PSME4
0,1.12369671279524,0.738,0.176,0,Tumor Core,GGH
0,1.12324881490368,0.907,0.268,0,Tumor Core,MDH2
0,1.12307970692917,0.91,0.3,0,Tumor Core,WDR43
0,1.12173956372112,0.547,0.102,0,Tumor Core,HIST1H2BB
0,1.12143105002324,0.943,0.302,0,Tumor Core,CCT3
0,1.12118089862033,0.92,0.293,0,Tumor Core,IDH3B
0,1.11949253303942,0.527,0.095,0,Tumor Core,ATP23
0,1.11781547570384,0.67,0.157,0,Tumor Core,BRIX1
0,1.11778634498696,0.97,0.356,0,Tumor Core,CBX3
0,1.11770759568514,0.801,0.196,0,Tumor Core,C3orf52
0,1.11714261276199,0.858,0.243,0,Tumor Core,JPT1
0,1.11520472989493,0.661,0.156,0,Tumor Core,TXNRD2
0,1.11508410607077,0.742,0.19,0,Tumor Core,ZNF692
0,1.11484031617397,0.995,0.362,0,Tumor Core,PHB
0,1.1141413588302,0.98,0.381,0,Tumor Core,LONP2
0,1.11264375301778,0.976,0.398,0,Tumor Core,PPP6R3
0,1.11260856067736,0.825,0.199,0,Tumor Core,PLPP2
0,1.11230157338877,0.986,0.436,0,Tumor Core,HNRNPA3
0,1.11228899989337,1,0.512,0,Tumor Core,HMGN1
0,1.1113022802663,0.606,0.13,0,Tumor Core,NAA50
0,1.11107915757179,0.943,0.303,0,Tumor Core,GFPT1
0,1.11010675796532,0.89,0.273,0,Tumor Core,C1orf43
0,1.1097194353029,0.859,0.215,0,Tumor Core,PACSIN3
0,1.1092885947723,0.814,0.19,0,Tumor Core,PLXNB1
0,1.10871225312952,0.989,0.406,0,Tumor Core,YWHAQ
0,1.10867108559766,0.996,0.366,0,Tumor Core,ZNF652
0,1.10831550333473,0.745,0.161,0,Tumor Core,MDH1
0,1.10814587287534,0.965,0.375,0,Tumor Core,KMT5B
0,1.10790926036914,0.857,0.208,0,Tumor Core,PFKP
0,1.10779420634033,0.986,0.403,0,Tumor Core,HBS1L
0,1.10762345748704,0.788,0.199,0,Tumor Core,IVD
0,1.10656619381957,0.548,0.111,0,Tumor Core,TMEM63C
0,1.10636051514962,0.618,0.133,0,Tumor Core,POLD1
0,1.1056855190067,0.943,0.274,0,Tumor Core,KPNA2
0,1.1056834295179,0.921,0.302,0,Tumor Core,DNMT3A
0,1.10514047658783,0.717,0.164,0,Tumor Core,POP7
0,1.1051308860081,0.668,0.145,0,Tumor Core,CBLC
0,1.10509738931268,0.887,0.257,0,Tumor Core,VDAC1
0,1.10463412768098,0.959,0.339,0,Tumor Core,ATP6V1G1
0,1.10459376260478,0.928,0.322,0,Tumor Core,LGALS8
0,1.10377394521093,0.709,0.166,0,Tumor Core,DGKD
0,1.10354286727217,0.753,0.18,0,Tumor Core,LIG1
0,1.10353909505176,0.818,0.221,0,Tumor Core,CCDC149
0,1.10296503202619,0.576,0.124,0,Tumor Core,TFAM
0,1.10254176309256,0.952,0.334,0,Tumor Core,PFDN2
0,1.10117898497785,0.538,0.102,0,Tumor Core,RTL8B
0,1.10098794592743,0.764,0.185,0,Tumor Core,DPCD
0,1.09932734093103,0.908,0.267,0,Tumor Core,AP1S1
0,1.09899622308093,0.876,0.271,0,Tumor Core,REPS1
0,1.09896632859417,0.998,0.397,0,Tumor Core,SPINT2
0,1.09886030111375,0.5,0.104,0,Tumor Core,RPGRIP1L
0,1.09878825103435,0.769,0.2,0,Tumor Core,ARV1
0,1.0978271965394,0.999,0.564,0,Tumor Core,H1FX
0,1.0976196790011,0.919,0.256,0,Tumor Core,MT1E
0,1.09656894255723,0.766,0.171,0,Tumor Core,CXorf40A
0,1.0965666765957,0.979,0.357,0,Tumor Core,CCNG2
0,1.09655294479409,0.623,0.134,0,Tumor Core,NDUFA5
0,1.0962993967691,0.888,0.224,0,Tumor Core,TMEM141
0,1.09558509721409,0.826,0.215,0,Tumor Core,RUVBL2
0,1.09519156368783,0.849,0.213,0,Tumor Core,SERINC2
0,1.09475216735177,0.717,0.176,0,Tumor Core,PTPN18
0,1.09387448807135,0.899,0.208,0,Tumor Core,CLDN3
0,1.09372755926839,0.605,0.116,0,Tumor Core,PRR15L
0,1.09342342210091,0.933,0.318,0,Tumor Core,DNAJA1
0,1.09081586823193,0.515,0.104,0,Tumor Core,PGBD2
0,1.09069049885695,0.634,0.131,0,Tumor Core,RITA1
0,1.09047747240002,0.838,0.234,0,Tumor Core,AFG3L2
0,1.09047078477448,0.676,0.159,0,Tumor Core,ROGDI
0,1.0904053735492,0.945,0.261,0,Tumor Core,ARRDC1
0,1.08997956038253,0.823,0.212,0,Tumor Core,CTXN1
0,1.08904145117712,0.895,0.255,0,Tumor Core,TKT
0,1.08885430549957,0.599,0.133,0,Tumor Core,EMC9
0,1.08797623884295,0.877,0.27,0,Tumor Core,TXNDC17
0,1.08749412771527,0.662,0.132,0,Tumor Core,EFHD1
0,1.08714094173684,0.63,0.14,0,Tumor Core,FRK
0,1.08712062775719,0.909,0.253,0,Tumor Core,MBOAT7
0,1.08669438245856,0.953,0.323,0,Tumor Core,NELFCD
0,1.08543840386034,0.633,0.137,0,Tumor Core,NFS1
0,1.08489019345729,0.793,0.203,0,Tumor Core,POLE4
0,1.08468427359652,0.576,0.12,0,Tumor Core,CKAP2
0,1.08351241270691,0.961,0.332,0,Tumor Core,SLC2A4RG
0,1.08350870491255,0.768,0.179,0,Tumor Core,C19orf48
0,1.08172393909081,0.887,0.281,0,Tumor Core,SUCLG2
0,1.08157484149223,0.66,0.14,0,Tumor Core,SHPK
0,1.08105060853878,0.574,0.114,0,Tumor Core,CSTF2
0,1.08040018394254,0.732,0.162,0,Tumor Core,FBXO30
0,1.07989692866386,0.643,0.15,0,Tumor Core,KIAA1841
0,1.07965343576814,0.83,0.23,0,Tumor Core,NOL10
0,1.07948522872849,0.876,0.244,0,Tumor Core,PSMD10
0,1.07940434013643,0.876,0.223,0,Tumor Core,RBBP7
0,1.07902960232009,0.856,0.261,0,Tumor Core,CBX4
0,1.07877981163454,0.825,0.201,0,Tumor Core,LTV1
0,1.07873399303318,0.954,0.288,0,Tumor Core,ASAP2
0,1.07770202844489,0.747,0.168,0,Tumor Core,OTUD7B
0,1.0770128797248,0.52,0.114,0,Tumor Core,DCAF13
0,1.07691020193893,0.983,0.413,0,Tumor Core,NDUFB11
0,1.07668706564747,0.615,0.136,0,Tumor Core,RGS11
0,1.07600755899456,0.997,0.502,0,Tumor Core,NDUFA4
0,1.07577713828635,0.636,0.146,0,Tumor Core,RAB11FIP4
0,1.07522854762036,0.826,0.245,0,Tumor Core,CPSF3
0,1.07507506714929,0.761,0.191,0,Tumor Core,EAF2
0,1.07392692847061,0.931,0.311,0,Tumor Core,ADIPOR1
0,1.07357660411938,0.875,0.274,0,Tumor Core,COMMD3
0,1.07322162662618,0.98,0.4,0,Tumor Core,PEBP1
0,1.07298773458038,0.763,0.2,0,Tumor Core,PIGX
0,1.07269180389596,0.527,0.105,0,Tumor Core,KIF20B
0,1.07263096679567,0.786,0.202,0,Tumor Core,MCM3
0,1.0716184004124,0.823,0.228,0,Tumor Core,GOLPH3L
0,1.0712975038901,0.898,0.262,0,Tumor Core,TIMM23
0,1.07020132755283,0.754,0.199,0,Tumor Core,PTRH2
0,1.06968857267151,0.976,0.381,0,Tumor Core,PUM2
0,1.06942276456611,0.92,0.282,0,Tumor Core,SMG5
0,1.06939900852348,0.903,0.281,0,Tumor Core,DCTPP1
0,1.06715160179833,0.562,0.116,0,Tumor Core,FN3K
0,1.06635666915644,0.839,0.25,0,Tumor Core,RBM47
0,1.06635054558975,0.683,0.164,0,Tumor Core,FLAD1
0,1.06631678322678,0.851,0.243,0,Tumor Core,GLO1
0,1.06605360598629,0.997,0.546,0,Tumor Core,EVL
0,1.06585501592383,0.914,0.297,0,Tumor Core,YIPF4
0,1.06450218412031,0.636,0.139,0,Tumor Core,HMGCS1
0,1.06416110094663,0.552,0.119,0,Tumor Core,G2E3
0,1.06365136958261,0.691,0.161,0,Tumor Core,ISG20L2
0,1.06288762945164,0.709,0.175,0,Tumor Core,GINS2
0,1.06276919185358,0.977,0.379,0,Tumor Core,CORO1B
0,1.06269418115054,0.95,0.332,0,Tumor Core,CCNG1
0,1.06268845469974,0.945,0.298,0,Tumor Core,CERS6
0,1.0625600689528,0.555,0.127,0,Tumor Core,UTP15
0,1.06193817768875,0.667,0.148,0,Tumor Core,PYGO2
0,1.06187264799471,0.726,0.175,0,Tumor Core,SHMT2
0,1.06172066218359,0.75,0.189,0,Tumor Core,QTRT1
0,1.06083588537956,0.981,0.392,0,Tumor Core,ABRACL
0,1.06064480240583,0.972,0.332,0,Tumor Core,LFNG
0,1.05881011522844,0.677,0.156,0,Tumor Core,TRUB1
0,1.0588095958965,0.715,0.175,0,Tumor Core,SLC25A38
0,1.05836900478898,0.98,0.385,0,Tumor Core,DHX15
0,1.05587569906366,0.934,0.308,0,Tumor Core,DEK
0,1.0543766079714,0.606,0.128,0,Tumor Core,MASTL
0,1.05393869046766,0.939,0.305,0,Tumor Core,MCM7
0,1.05358760970114,0.944,0.322,0,Tumor Core,NAA38
0,1.05323989792914,0.822,0.204,0,Tumor Core,KIF13B
0,1.05171595531861,0.608,0.131,0,Tumor Core,ELL3
0,1.05160785484845,0.859,0.269,0,Tumor Core,IER3IP1
0,1.05106649468967,0.552,0.12,0,Tumor Core,FBXO45
0,1.05070781192183,0.958,0.334,0,Tumor Core,SF3B5
0,1.05069743087407,0.705,0.166,0,Tumor Core,SLC30A6
0,1.05050691131202,0.744,0.182,0,Tumor Core,MPHOSPH9
0,1.0498594512567,0.682,0.149,0,Tumor Core,TMC5
0,1.04940064064731,0.956,0.348,0,Tumor Core,ATP5PD
0,1.04901880877992,0.785,0.191,0,Tumor Core,NCAPD2
0,1.04877414894053,0.567,0.116,0,Tumor Core,PXMP2
0,1.0485096647355,0.918,0.293,0,Tumor Core,AAGAB
0,1.04777455340404,0.619,0.139,0,Tumor Core,DCUN1D5
0,1.04707265772042,0.919,0.303,0,Tumor Core,RAB4A
0,1.04591582716222,0.981,0.417,0,Tumor Core,APRT
0,1.0454522520313,0.912,0.283,0,Tumor Core,DDX1
0,1.04471341019943,0.918,0.301,0,Tumor Core,CNOT6
0,1.04369683433496,0.612,0.125,0,Tumor Core,DMKN
0,1.04159883544212,0.592,0.126,0,Tumor Core,PNPLA4
0,1.04082435410513,0.833,0.243,0,Tumor Core,LEO1
0,1.04025096391397,0.697,0.167,0,Tumor Core,PCNA
0,1.03959701023186,0.834,0.236,0,Tumor Core,TWF1
0,1.0394798032162,0.544,0.124,0,Tumor Core,STK26
0,1.03931342320724,0.892,0.269,0,Tumor Core,CMTM4
0,1.03916297207271,0.867,0.256,0,Tumor Core,PPIF
0,1.03849332650277,0.705,0.178,0,Tumor Core,MTX2
0,1.03833890144007,0.635,0.149,0,Tumor Core,AACS
0,1.03696015055234,0.81,0.214,0,Tumor Core,IGSF8
0,1.03668635747225,0.695,0.18,0,Tumor Core,GEMIN6
0,1.03658065275327,0.58,0.125,0,Tumor Core,ERI2
0,1.03629498187431,0.71,0.152,0,Tumor Core,TTC9
0,1.03627606439954,0.539,0.11,0,Tumor Core,CIP2A
0,1.0350206397508,0.568,0.126,0,Tumor Core,ABCA3
0,1.03433480439075,0.807,0.231,0,Tumor Core,COA6
0,1.03421164190149,0.519,0.109,0,Tumor Core,KMT5C
0,1.03345827545486,0.956,0.317,0,Tumor Core,SLC1A5
0,1.03310562110302,0.931,0.322,0,Tumor Core,TOMM5
0,1.03239272119919,0.992,0.547,0,Tumor Core,MDK
0,1.03174504305599,0.739,0.189,0,Tumor Core,SH3YL1
0,1.03133850152527,0.587,0.139,0,Tumor Core,ZNF467
0,1.03057502709872,0.655,0.149,0,Tumor Core,PTER
0,1.03032797235962,0.623,0.146,0,Tumor Core,CDYL2
0,1.02969451145751,0.805,0.231,0,Tumor Core,MTMR4
0,1.02822340230302,0.61,0.141,0,Tumor Core,PPP1R16A
0,1.02768359550611,0.626,0.144,0,Tumor Core,PEX3
0,1.02644803462381,0.915,0.304,0,Tumor Core,UQCRH
0,1.02611856713154,0.506,0.107,0,Tumor Core,KAZALD1
0,1.02562408535459,0.597,0.128,0,Tumor Core,H2AFX
0,1.02537602388229,0.506,0.109,0,Tumor Core,HSBP1L1
0,1.02471478062582,0.62,0.133,0,Tumor Core,SAPCD2
0,1.02318780438549,0.98,0.347,0,Tumor Core,PLK2
0,1.02232152827575,0.771,0.171,0,Tumor Core,HIST1H2AE
0,1.02196399641383,0.985,0.423,0,Tumor Core,NCL
0,1.02140399502302,0.969,0.358,0,Tumor Core,LAPTM4B
0,1.02017076322422,0.835,0.242,0,Tumor Core,ZBTB7B
0,1.01977036485977,0.995,0.472,0,Tumor Core,S100A13
0,1.01974802534294,0.816,0.229,0,Tumor Core,RAB22A
0,1.01899269845392,0.889,0.252,0,Tumor Core,ERH
0,1.01877820166814,0.53,0.119,0,Tumor Core,CGN
0,1.0185723333006,0.619,0.144,0,Tumor Core,GLRX2
0,1.01833305893325,0.54,0.101,0,Tumor Core,SIX4
0,1.01810910203708,0.902,0.27,0,Tumor Core,FAM162A
0,1.01798806693469,0.987,0.48,0,Tumor Core,RAB10
0,1.01787966681551,0.863,0.268,0,Tumor Core,IPO9
0,1.01771593552567,0.814,0.231,0,Tumor Core,KDM6B
0,1.0175557095897,0.821,0.195,0,Tumor Core,SHROOM3
0,1.01690229572947,0.833,0.236,0,Tumor Core,ADK
0,1.01658530264483,0.764,0.2,0,Tumor Core,TIMM17A
0,1.01647057622143,0.715,0.169,0,Tumor Core,DUSP12
0,1.01621354676445,0.951,0.36,0,Tumor Core,KIAA0100
0,1.01535703888041,0.76,0.19,0,Tumor Core,INSIG1
0,1.01530439326035,0.948,0.282,0,Tumor Core,TSPAN13
0,1.01490351690642,0.861,0.265,0,Tumor Core,NAXE
0,1.01437871596327,0.659,0.154,0,Tumor Core,NOL3
0,1.01377913354256,0.99,0.438,0,Tumor Core,SET
0,1.01279821164994,0.851,0.254,0,Tumor Core,ZNF121
0,1.01218423856395,0.833,0.243,0,Tumor Core,TOM1L2
0,1.01182769894311,0.934,0.319,0,Tumor Core,ADSS
0,1.01099459386558,0.647,0.145,0,Tumor Core,DARS2
0,1.01083006573549,0.871,0.249,0,Tumor Core,LAMTOR2
0,1.01066507756053,0.882,0.283,0,Tumor Core,SSBP1
0,1.01035418221428,0.955,0.344,0,Tumor Core,MYO6
0,1.00990312255296,0.811,0.223,0,Tumor Core,GTF3C2
0,1.00955707041264,0.924,0.327,0,Tumor Core,P4HTM
0,1.00917166908382,0.876,0.269,0,Tumor Core,RNPEP
0,1.00851532297472,0.945,0.3,0,Tumor Core,TOMM20
0,1.00844420268543,0.834,0.235,0,Tumor Core,YES1
0,1.00818170452528,0.663,0.158,0,Tumor Core,GK5
0,1.00737389823265,0.951,0.33,0,Tumor Core,TGIF1
0,1.00713409436793,0.727,0.193,0,Tumor Core,ICE2
0,1.00696430061033,0.707,0.181,0,Tumor Core,PGAM5
0,1.00654576318968,0.954,0.289,0,Tumor Core,DDR1
0,1.00651165104592,0.949,0.362,0,Tumor Core,PPP3R1
0,1.00553345101202,0.95,0.35,0,Tumor Core,SRSF3
0,1.0050972998574,0.984,0.433,0,Tumor Core,PPP1CB
0,1.0047031583535,0.912,0.323,0,Tumor Core,LRBA
0,1.00312086050605,0.981,0.349,0,Tumor Core,USP32
0,1.00246406053607,0.68,0.159,0,Tumor Core,RABEP2
0,1.00241525076553,0.969,0.377,0,Tumor Core,G3BP2
0,1.0009693504274,0.756,0.205,0,Tumor Core,ISOC1
0,1.00083080980415,0.765,0.208,0,Tumor Core,ODF2
0,4.93117771492202,0.594,0.023,0,Desmoplastic Tumor,CLEC4D
5.08876273205484e-159,3.76042171437521,0.664,0.074,9.17554808216809e-155,Desmoplastic Tumor,MALRD1
2.57050898551616e-89,3.05907838143119,0.993,0.577,4.6348847517842e-85,Desmoplastic Tumor,IGFBP5
1.27608356289294e-194,2.90985057315273,0.685,0.061,2.30090627225227e-190,Desmoplastic Tumor,CLSTN2
4.43337445108463e-161,2.85118676566556,0.636,0.064,7.9938174727507e-157,Desmoplastic Tumor,VSTM2A
5.93430203155772e-115,2.78647625169924,1,0.331,1.07001399931017e-110,Desmoplastic Tumor,TAT
5.06187399032389e-79,2.77602170306002,0.636,0.129,9.127064991953e-75,Desmoplastic Tumor,KMO
7.6903303046872e-86,2.4958319589842,0.734,0.163,1.38664345723815e-81,Desmoplastic Tumor,DZIP3
2.30767548083355e-96,2.36247407800537,0.944,0.266,4.16096965949098e-92,Desmoplastic Tumor,FIBCD1
5.34420597038097e-93,2.35420090543434,0.993,0.459,9.63613778519393e-89,Desmoplastic Tumor,MGAT4A
3.85272917129196e-105,2.34460712609846,0.671,0.101,6.94685596875654e-101,Desmoplastic Tumor,NXPH1
2.76444256525665e-71,2.33474609431833,0.79,0.225,4.98456638941426e-67,Desmoplastic Tumor,MLF1
1.80565709753758e-66,2.29345544236614,0.706,0.186,3.25578031257002e-62,Desmoplastic Tumor,TSPAN12
1.8232161520755e-66,2.15346555449617,0.783,0.226,3.28744104380733e-62,Desmoplastic Tumor,RET
3.61971628724109e-75,2.1393537238186,0.832,0.236,6.52671043752441e-71,Desmoplastic Tumor,MPV17L
7.90130220588861e-88,2.11421918472915,1,0.493,1.42468380074377e-83,Desmoplastic Tumor,UGDH
3.20705644955822e-62,2.06200259435725,0.804,0.256,5.78264348419842e-58,Desmoplastic Tumor,HIST2H2BE
2.07587285455611e-52,2.05345404280738,0.566,0.138,3.74300634405012e-48,Desmoplastic Tumor,CNTD2
3.05403126742053e-72,2.05102774817529,0.818,0.24,5.50672377828596e-68,Desmoplastic Tumor,QDPR
3.98597202147074e-86,2.04987030999074,0.986,0.301,7.18710615191389e-82,Desmoplastic Tumor,PVALB
2.83865644256459e-55,2.04818864811531,0.671,0.185,5.11838143158821e-51,Desmoplastic Tumor,PPP1R3C
1.75557459001036e-67,2.03638463413924,0.874,0.317,3.16547654324767e-63,Desmoplastic Tumor,NEDD4L
2.93992677325272e-54,2.01018877773032,0.58,0.141,5.30098196485199e-50,Desmoplastic Tumor,C3orf67
1.50118824581467e-76,1.96779927640181,0.965,0.324,2.70679252602843e-72,Desmoplastic Tumor,IKZF2
1.13672310397195e-81,1.96583510950562,1,0.612,2.04962542877183e-77,Desmoplastic Tumor,CSDE1
4.68131349410379e-73,1.94573587680282,0.944,0.385,8.44087636121855e-69,Desmoplastic Tumor,SLC1A4
1.1514715547461e-47,1.9112471648321,0.678,0.205,2.07621836036268e-43,Desmoplastic Tumor,RASSF6
3.8655842925694e-56,1.90597384206845,0.713,0.199,6.97003503793189e-52,Desmoplastic Tumor,CCDC170
3.3663178081104e-72,1.86902198725969,0.965,0.364,6.06980763980386e-68,Desmoplastic Tumor,SIKE1
1.07136306122836e-30,1.834029163406,0.524,0.178,1.93177473570086e-26,Desmoplastic Tumor,RNF43
3.8698668607592e-72,1.82573854401034,1,0.36,6.97775693663491e-68,Desmoplastic Tumor,PIP
9.32072369697483e-41,1.81569065255046,0.531,0.146,1.68061968980153e-36,Desmoplastic Tumor,FAM222A
9.16759505815814e-57,1.81154004479383,0.783,0.241,1.65300906493649e-52,Desmoplastic Tumor,TESMIN
1.66206389885743e-50,1.81043264855385,0.748,0.262,2.99686741602983e-46,Desmoplastic Tumor,CXorf40A
1.4148771377498e-74,1.80918307791666,0.958,0.334,2.55116496707667e-70,Desmoplastic Tumor,ITGB6
3.63385566350179e-72,1.80553102168797,1,0.422,6.55220514686008e-68,Desmoplastic Tumor,ANKRD30A
2.97316714083814e-66,1.7892585520027,0.993,0.435,5.36091767164525e-62,Desmoplastic Tumor,NRAS
5.81695205200172e-65,1.78722729816354,0.944,0.356,1.04885462449643e-60,Desmoplastic Tumor,BAMBI
4.42282834561538e-50,1.749227149567,0.797,0.288,7.97480178997909e-46,Desmoplastic Tumor,BCAS2
2.30792125944985e-35,1.7295361365814,0.517,0.152,4.16141282291402e-31,Desmoplastic Tumor,SIX1
7.91818345651939e-63,1.72385425652066,0.937,0.334,1.42772765904501e-58,Desmoplastic Tumor,TFAP2C
5.32897881211036e-66,1.71502701926334,0.972,0.408,9.60868169611619e-62,Desmoplastic Tumor,ITPRID2
1.37048893231113e-31,1.70417483679193,0.503,0.154,2.47112859385021e-27,Desmoplastic Tumor,MB
9.41633982314832e-45,1.69868602026717,0.65,0.196,1.69786023351187e-40,Desmoplastic Tumor,HIST1H2AC
1.12477540077062e-43,1.67904927999699,0.713,0.236,2.0280825251295e-39,Desmoplastic Tumor,IRF6
9.2437538409837e-40,1.67170295097923,0.517,0.139,1.66674125506777e-35,Desmoplastic Tumor,PIWIL2
3.73158488928856e-32,1.66994427119959,0.531,0.171,6.7284207138762e-28,Desmoplastic Tumor,BIK
8.8097457083788e-40,1.65297800517256,0.615,0.191,1.58848524867778e-35,Desmoplastic Tumor,MYB
5.4300931264651e-39,1.65042068276248,0.657,0.215,9.79100091632923e-35,Desmoplastic Tumor,MT1G
4.61929965556732e-42,1.64717256509903,0.685,0.223,8.32905920895343e-38,Desmoplastic Tumor,CNIH2
7.5765138572672e-36,1.64428251915604,0.559,0.174,1.36612121360385e-31,Desmoplastic Tumor,EDARADD
1.72034703866984e-36,1.63339551009817,0.559,0.175,3.10195774542559e-32,Desmoplastic Tumor,CIP2A
6.89386135391505e-53,1.63314201363778,0.909,0.448,1.24303214072442e-48,Desmoplastic Tumor,PPP3CA
2.82032063129046e-59,1.62966425681003,0.93,0.34,5.08532013027983e-55,Desmoplastic Tumor,ERBB3
3.98666622806312e-35,1.62183021826191,0.594,0.195,7.18835787582061e-31,Desmoplastic Tumor,PRRG4
5.71373155102238e-35,1.62165668092791,0.643,0.235,1.03024293596485e-30,Desmoplastic Tumor,C17orf58
4.36003782041299e-59,1.60927276358129,1,0.493,7.86158419398667e-55,Desmoplastic Tumor,ECM1
2.4415381763133e-44,1.60791600540047,0.804,0.311,4.4023374857105e-40,Desmoplastic Tumor,INPP4B
2.00324295983738e-54,1.59610144975762,0.923,0.371,3.61204738088277e-50,Desmoplastic Tumor,KIAA1324
3.5098819710623e-56,1.59010879217246,0.909,0.334,6.32866818202244e-52,Desmoplastic Tumor,GPRC5A
3.97072740295672e-50,1.58742262574829,0.867,0.337,7.15961858027126e-46,Desmoplastic Tumor,FAM210B
1.55775793226652e-35,1.57999299763697,0.601,0.2,2.80879332766976e-31,Desmoplastic Tumor,DMKN
5.92026487160464e-63,1.57811428392294,1,0.464,1.06748295899903e-58,Desmoplastic Tumor,FOXA1
1.17223921170143e-60,1.57579508601842,0.951,0.397,2.11366452261884e-56,Desmoplastic Tumor,TMEM106C
2.57571080411997e-55,1.56482681052654,0.909,0.322,4.64426415090872e-51,Desmoplastic Tumor,PHGDH
1.73225751450914e-48,1.56189532436707,0.86,0.339,3.12343352441144e-44,Desmoplastic Tumor,ARMT1
3.44343500052763e-50,1.55949270462175,0.839,0.295,6.20885764945137e-46,Desmoplastic Tumor,UHRF1
1.82655487736424e-61,1.55068496651891,0.993,0.587,3.29346109937546e-57,Desmoplastic Tumor,HMGN1
1.4470272651605e-55,1.54861830184219,0.958,0.44,2.6091348618109e-51,Desmoplastic Tumor,NFKBIZ
2.96935318724659e-44,1.54241571079485,0.699,0.215,5.35404073192433e-40,Desmoplastic Tumor,TMEM97
4.15534550509099e-58,1.5406556398358,0.986,0.431,7.49250348022957e-54,Desmoplastic Tumor,GATA3
5.68663496566934e-30,1.53859618883589,0.608,0.227,1.02535715065984e-25,Desmoplastic Tumor,MCU
1.21187303023503e-48,1.53808575310778,0.881,0.354,2.18512826081677e-44,Desmoplastic Tumor,ARFGEF3
5.12085986731242e-31,1.53112007217129,0.566,0.194,9.23342242675102e-27,Desmoplastic Tumor,ATRNL1
4.33894498800716e-38,1.53027918975095,0.685,0.249,7.82355170787572e-34,Desmoplastic Tumor,GPRC5C
8.9301043794663e-48,1.52621263043149,0.846,0.3,1.61018712066157e-43,Desmoplastic Tumor,SDR16C5
1.09955133663782e-38,1.51397175194054,0.797,0.329,1.98260101509166e-34,Desmoplastic Tumor,CCDC125
1.3500833077693e-62,1.51340189235624,1,0.567,2.43433521223883e-58,Desmoplastic Tumor,PSMC5
2.7374871947097e-40,1.51310123230774,0.755,0.277,4.93596316078106e-36,Desmoplastic Tumor,HIST3H2A
1.6608049007419e-40,1.51211032518856,0.755,0.28,2.99459731652771e-36,Desmoplastic Tumor,AMH
1.14008435925947e-30,1.5086829607575,0.615,0.223,2.05568610818075e-26,Desmoplastic Tumor,FGFR3
1.43389824042921e-27,1.50485115940583,0.552,0.198,2.58546191731791e-23,Desmoplastic Tumor,EFCC1
3.7890891050504e-34,1.50460012098996,0.58,0.187,6.83210656531638e-30,Desmoplastic Tumor,SBK1
2.59778095999566e-42,1.49473586402533,1,0.617,4.68405884896817e-38,Desmoplastic Tumor,DCAF7
1.6412555639704e-53,1.49365177981133,0.881,0.321,2.95934790739502e-49,Desmoplastic Tumor,GSDMB
3.0885915184315e-48,1.4918099049313,0.888,0.376,5.56903936688383e-44,Desmoplastic Tumor,SEC16A
5.47458820338429e-54,1.4842372594071,0.965,0.423,9.87122998952221e-50,Desmoplastic Tumor,COX16
9.18780517138696e-35,1.48235703868507,0.622,0.219,1.65665315045278e-30,Desmoplastic Tumor,BCL7A
4.45583536444595e-46,1.47283009145389,0.811,0.293,8.03431674563249e-42,Desmoplastic Tumor,TBX3
1.79840654233452e-49,1.46749425384913,0.895,0.342,3.24270683648338e-45,Desmoplastic Tumor,CRAT
3.24227404351431e-50,1.463088962185,0.916,0.386,5.84614432786065e-46,Desmoplastic Tumor,ACSL3
3.08022242040353e-51,1.45893270945905,0.937,0.359,5.5539490462296e-47,Desmoplastic Tumor,RAE1
5.36632713856107e-56,1.45865415529833,0.972,0.476,9.67602446353947e-52,Desmoplastic Tumor,HMG20B
1.96848160007151e-24,1.45865342686217,0.545,0.209,3.54936917308895e-20,Desmoplastic Tumor,CHMP4C
1.04692870119688e-58,1.45758236073767,0.979,0.516,1.88771714112809e-54,Desmoplastic Tumor,PBX1
1.18634672245539e-41,1.45185012253848,0.804,0.337,2.13910177525931e-37,Desmoplastic Tumor,GFM1
3.66466713532374e-31,1.44695006257723,0.531,0.165,6.60776131170224e-27,Desmoplastic Tumor,PNCK
9.4088555711223e-54,1.4434002039832,0.979,0.436,1.69651074802906e-49,Desmoplastic Tumor,SPAG16
1.29850506000054e-54,1.44334813037483,1,0.696,2.34133447368697e-50,Desmoplastic Tumor,VMP1
1.44693176619272e-36,1.4356333081374,0.685,0.251,2.60896266762209e-32,Desmoplastic Tumor,FSIP1
1.97038627795727e-47,1.4339673829068,0.853,0.317,3.55280349778475e-43,Desmoplastic Tumor,DALRD3
4.11232831021684e-30,1.42999523292745,0.601,0.219,7.41493917615198e-26,Desmoplastic Tumor,CDYL2
4.8322903697534e-54,1.42870644680612,1,0.461,8.71310276570236e-50,Desmoplastic Tumor,EPCAM
1.3130593885148e-55,1.42676638211595,0.804,0.249,2.36757738343103e-51,Desmoplastic Tumor,GAMT
1.13841331432521e-40,1.42643538850289,0.853,0.379,2.05267304705978e-36,Desmoplastic Tumor,DCAF10
8.03348669235404e-57,1.42554665262478,1,0.593,1.44851798549836e-52,Desmoplastic Tumor,BST2
1.74822059357737e-42,1.42424360001771,0.776,0.272,3.15221655227936e-38,Desmoplastic Tumor,TJP3
1.79624213229778e-30,1.42284069057101,0.678,0.276,3.23880418874613e-26,Desmoplastic Tumor,CACNA1H
1.07801407589191e-40,1.42205458145149,0.685,0.206,1.94376718024071e-36,Desmoplastic Tumor,CYP24A1
3.31608711802604e-46,1.41708161070029,0.832,0.298,5.97923668251276e-42,Desmoplastic Tumor,NOL11
2.05223886098712e-39,1.41315105480578,0.734,0.268,3.70039189024587e-35,Desmoplastic Tumor,RRP1
2.19082998087494e-43,1.41193606323768,0.853,0.312,3.9502855385156e-39,Desmoplastic Tumor,ESRP1
8.52131476843894e-31,1.41003692821974,0.552,0.183,1.53647826589723e-26,Desmoplastic Tumor,MMP15
5.8747168531005e-38,1.41001763532728,0.811,0.366,1.05927019578255e-33,Desmoplastic Tumor,RABEP1
3.41568175245435e-52,1.40394113105161,0.965,0.422,6.15881576785045e-48,Desmoplastic Tumor,METRN
2.03637898986737e-33,1.39916675625641,0.608,0.217,3.67179495662986e-29,Desmoplastic Tumor,GTF3C4
3.89463911242964e-52,1.39653059726812,0.979,0.491,7.02242378362188e-48,Desmoplastic Tumor,TNFSF10
1.10026428521327e-53,1.39613587700928,1,0.508,1.98388653266806e-49,Desmoplastic Tumor,SMARCD2
1.15371115447401e-30,1.39572002525418,0.643,0.241,2.08025658263208e-26,Desmoplastic Tumor,TRIM36
5.29746328514596e-36,1.39369936878522,0.727,0.292,9.55185604944668e-32,Desmoplastic Tumor,PPP1R3B
1.89117016718331e-26,1.39343057528881,0.552,0.194,3.40996892844823e-22,Desmoplastic Tumor,SYCP2
3.54460383294443e-40,1.39186572602741,0.776,0.285,6.3912751711821e-36,Desmoplastic Tumor,PLXNB1
1.54025160353135e-39,1.38697001689435,0.79,0.305,2.77722766632737e-35,Desmoplastic Tumor,IGSF8
3.87148093583034e-41,1.38680493746149,0.79,0.297,6.98066727539568e-37,Desmoplastic Tumor,AR
6.31409538277825e-45,1.38622098491831,0.93,0.431,1.13849453846875e-40,Desmoplastic Tumor,POMP
9.57815165982393e-44,1.38511581368647,0.916,0.404,1.72703652578285e-39,Desmoplastic Tumor,PRKCD
1.57218843254713e-47,1.38437963466864,0.874,0.329,2.83481296272573e-43,Desmoplastic Tumor,ZNF512B
1.60215168381469e-28,1.38420367739386,0.601,0.218,2.88883970108628e-24,Desmoplastic Tumor,PCLAF
8.15620223450028e-44,1.37059361838883,0.881,0.348,1.47064482490274e-39,Desmoplastic Tumor,CRACR2B
1.05704521371137e-50,1.36870625575442,0.958,0.401,1.90595822484298e-46,Desmoplastic Tumor,HACD3
7.62483653368299e-45,1.36283226596194,0.888,0.4,1.37483427538838e-40,Desmoplastic Tumor,MCCC2
3.07041472088187e-44,1.36160561984191,0.902,0.393,5.5362647832221e-40,Desmoplastic Tumor,STRADA
3.6397202035038e-44,1.36033033678672,0.881,0.354,6.56277949893771e-40,Desmoplastic Tumor,CAPN13
2.87713832512881e-49,1.35987273212554,0.958,0.405,5.18776811403975e-45,Desmoplastic Tumor,INTS2
1.28711137985387e-47,1.35976804404524,1,0.473,2.32079052901451e-43,Desmoplastic Tumor,PPM1D
1.63570218702763e-36,1.35823015462325,0.734,0.277,2.94933461342952e-32,Desmoplastic Tumor,SELENOI
1.66189130761998e-45,1.35668613996708,0.881,0.333,2.99655621676959e-41,Desmoplastic Tumor,SLC7A1
2.51462223695046e-45,1.3563305104655,0.853,0.308,4.53411535544537e-41,Desmoplastic Tumor,HID1
5.80471285200446e-47,1.34526356929541,0.916,0.384,1.04664777434492e-42,Desmoplastic Tumor,TSPAN13
1.48344419267224e-45,1.34484152775489,0.825,0.282,2.67479822380731e-41,Desmoplastic Tumor,LRRC26
4.9366603932844e-44,1.34459185191241,0.825,0.3,8.9012923551311e-40,Desmoplastic Tumor,CREB3L4
7.224936726008e-46,1.34378646441085,0.937,0.476,1.3027283410665e-41,Desmoplastic Tumor,C1orf21
1.2284887585808e-38,1.33385401101636,0.783,0.289,2.21508808059705e-34,Desmoplastic Tumor,GRHL2
2.18059037245914e-45,1.33301295670944,0.923,0.382,3.93182250058107e-41,Desmoplastic Tumor,HSPA1B
5.45596520550179e-31,1.33200066190684,0.657,0.26,9.83765086204029e-27,Desmoplastic Tumor,LDLRAD4
3.05220410922266e-48,1.32887380464361,1,0.697,5.50342922933939e-44,Desmoplastic Tumor,ERBB2
7.49666423415105e-23,1.32565782815346,0.503,0.187,1.35172352805978e-18,Desmoplastic Tumor,LRRC37A3
3.4946882149396e-40,1.32420187649497,0.839,0.326,6.30127232035759e-36,Desmoplastic Tumor,TMEM141
2.14387918617587e-44,1.32391443761864,0.951,0.409,3.86562856059371e-40,Desmoplastic Tumor,ALCAM
7.2323209326128e-47,1.32255686307471,0.965,0.435,1.30405978735941e-42,Desmoplastic Tumor,ETFA
2.49804815579196e-38,1.32207250898676,0.79,0.306,4.50423062970849e-34,Desmoplastic Tumor,ESRP2
3.05024807221316e-35,1.32190482294872,0.769,0.336,5.49990229900756e-31,Desmoplastic Tumor,AIFM1
3.77985794741695e-47,1.3211374367602,0.944,0.432,6.81546186498751e-43,Desmoplastic Tumor,CAPRIN1
1.73756463867825e-32,1.31859306501806,0.664,0.25,3.13300280000076e-28,Desmoplastic Tumor,DGKD
1.05294636859885e-48,1.31846749046209,0.51,0.109,1.89856759722058e-44,Desmoplastic Tumor,FAM3B
2.44476344179859e-48,1.31737256517283,0.972,0.459,4.40815296190704e-44,Desmoplastic Tumor,GET1
6.52662445807474e-26,1.31220537579249,0.559,0.206,1.17681565603546e-21,Desmoplastic Tumor,CCNE2
9.64039954676226e-41,1.30987359213214,0.937,0.494,1.7382604422767e-36,Desmoplastic Tumor,CSTF3
1.25219938895262e-48,1.30860723326593,0.986,0.46,2.25784071822047e-44,Desmoplastic Tumor,SLC9A3R1
5.37162023941308e-27,1.30831110795089,0.622,0.241,9.68556845368572e-23,Desmoplastic Tumor,ANLN
4.88641395793677e-28,1.30828314431181,0.671,0.29,8.8106930075558e-24,Desmoplastic Tumor,ISOC1
1.30919956544278e-35,1.30779861143949,0.713,0.265,2.36061773644987e-31,Desmoplastic Tumor,PDHX
1.26291339178544e-26,1.30567618049604,0.58,0.213,2.27715913672833e-22,Desmoplastic Tumor,DONSON
1.89370024343689e-50,1.30482796446408,0.979,0.523,3.41453090894106e-46,Desmoplastic Tumor,SET
1.63076831658653e-29,1.30399777802043,0.615,0.229,2.94043835163718e-25,Desmoplastic Tumor,PCK2
4.05158355485287e-33,1.30398857110847,0.79,0.353,7.30541030775521e-29,Desmoplastic Tumor,CBX4
8.40241441537658e-43,1.30322111145818,0.818,0.294,1.51503934323655e-38,Desmoplastic Tumor,MPHOSPH6
1.4136875106926e-48,1.30130145740475,0.993,0.565,2.54901995052984e-44,Desmoplastic Tumor,CCDC47
6.22242071421717e-43,1.30020253434375,0.846,0.331,1.1219646789805e-38,Desmoplastic Tumor,SUCO
4.69377087945014e-43,1.29982661529957,0.916,0.403,8.46333827273654e-39,Desmoplastic Tumor,TSTD1
9.68765243341806e-38,1.2988207841861,0.874,0.376,1.74678061026961e-33,Desmoplastic Tumor,CSTF1
5.36227170739267e-43,1.29598812345532,0.937,0.387,9.66871211559972e-39,Desmoplastic Tumor,PAFAH1B3
2.09652763124503e-21,1.29460989317926,0.503,0.192,3.78024897189792e-17,Desmoplastic Tumor,SPC25
1.03566779250733e-41,1.29408835802729,0.993,0.458,1.86741259666997e-37,Desmoplastic Tumor,TACO1
3.31893632110358e-47,1.29209870984527,0.916,0.36,5.98437408058187e-43,Desmoplastic Tumor,DHCR24
6.77813432207731e-47,1.29114906357287,0.902,0.366,1.22216539961376e-42,Desmoplastic Tumor,ARRDC1
5.09896635626014e-36,1.29029897590594,0.734,0.265,9.19394623697265e-32,Desmoplastic Tumor,ALDH4A1
1.99889697019306e-42,1.28712822623301,0.944,0.49,3.60421112695511e-38,Desmoplastic Tumor,SMIM14
2.46758955415311e-26,1.28600335342334,0.573,0.22,4.44931072509347e-22,Desmoplastic Tumor,FBXO25
2.17170705645323e-47,1.28550048086422,0.93,0.363,3.91580499349083e-43,Desmoplastic Tumor,SELENBP1
1.66699207927562e-37,1.28342048349583,0.825,0.358,3.00575341814188e-33,Desmoplastic Tumor,NDUFA7
1.12938056019255e-34,1.28022907188841,0.818,0.347,2.03638608808318e-30,Desmoplastic Tumor,PRDX3
1.97966376902345e-29,1.27812312382878,0.706,0.312,3.56953174192619e-25,Desmoplastic Tumor,CBR4
1.4063659923662e-25,1.27658417221099,0.573,0.22,2.53581852083549e-21,Desmoplastic Tumor,SHPK
2.52710669635726e-21,1.27628304342909,0.503,0.195,4.55662608420178e-17,Desmoplastic Tumor,SLF1
2.3615092695254e-31,1.27603114434026,0.552,0.173,4.25803736388125e-27,Desmoplastic Tumor,DNAJC12
4.09620837659036e-31,1.27475779633204,0.706,0.274,7.38587332383009e-27,Desmoplastic Tumor,TK1
1.2959719275794e-41,1.2735341397018,0.909,0.392,2.33676698261841e-37,Desmoplastic Tumor,FBP1
2.47487872717066e-26,1.27259734740408,0.517,0.178,4.46245383296141e-22,Desmoplastic Tumor,TMEM63C
7.32605195613944e-42,1.2722612225526,0.944,0.395,1.3209604282115e-37,Desmoplastic Tumor,MAL2
7.1966630517015e-41,1.27080140639307,0.888,0.354,1.2976303148523e-36,Desmoplastic Tumor,QSER1
8.34166502370987e-29,1.26966219379653,0.699,0.29,1.50408562042513e-24,Desmoplastic Tumor,MCM6
1.00982181755655e-26,1.26961421618336,0.643,0.268,1.82080971923621e-22,Desmoplastic Tumor,TRIM24
6.34632163328562e-39,1.26907115799059,0.79,0.316,1.14430525369773e-34,Desmoplastic Tumor,PHF8
4.97279022586791e-45,1.26822035398044,1,0.579,8.96643805626242e-41,Desmoplastic Tumor,STARD3
1.18044190794679e-39,1.2675900321691,0.797,0.307,2.12845480421886e-35,Desmoplastic Tumor,LRATD2
4.42960511864848e-33,1.26755838826523,0.818,0.366,7.98702098943508e-29,Desmoplastic Tumor,AP1S1
3.27444635927405e-33,1.26611973369039,0.783,0.328,5.90415423040704e-29,Desmoplastic Tumor,SHPRH
3.75067800368787e-23,1.26569041300333,0.573,0.228,6.7628475084496e-19,Desmoplastic Tumor,RGL3
4.03045299904604e-42,1.26554713691348,0.944,0.439,7.26730980257992e-38,Desmoplastic Tumor,EIF3M
2.57250478133699e-37,1.26357897053827,0.783,0.289,4.63848337122873e-33,Desmoplastic Tumor,LNX2
1.17152771780996e-42,1.26243095015965,0.951,0.43,2.11238162798313e-38,Desmoplastic Tumor,MTHFD2
7.8994684342849e-37,1.2609036066448,0.825,0.348,1.42435315338591e-32,Desmoplastic Tumor,RHPN1
3.78457307507227e-31,1.26041613732063,0.643,0.235,6.8239637116628e-27,Desmoplastic Tumor,PXMP4
1.11112991835842e-42,1.25981001191071,0.902,0.36,2.00347835579207e-38,Desmoplastic Tumor,SPDEF
5.63953239991434e-37,1.2593087175931,0.846,0.372,1.01686408702855e-32,Desmoplastic Tumor,GPD2
2.29828320852311e-23,1.25768666668629,0.552,0.214,4.14403445328802e-19,Desmoplastic Tumor,TMEM184A
2.7312902018938e-26,1.25698922117977,0.573,0.215,4.92478936303471e-22,Desmoplastic Tumor,RAD9A
2.07304194345095e-32,1.25531144828555,0.573,0.185,3.73790192823641e-28,Desmoplastic Tumor,ATP13A4
1.3225332445495e-32,1.25508519970883,0.734,0.3,2.3846596932472e-28,Desmoplastic Tumor,ACADSB
5.6967395022655e-41,1.2519638655558,0.909,0.425,1.02717909965349e-36,Desmoplastic Tumor,USP53
2.61190404842898e-33,1.25086675485177,0.713,0.272,4.70952418972229e-29,Desmoplastic Tumor,NECAB3
1.66608368858335e-20,1.24806971875026,0.531,0.211,3.00411549888464e-16,Desmoplastic Tumor,LNX1
1.07588168925906e-24,1.24256879392705,0.573,0.22,1.93992227390301e-20,Desmoplastic Tumor,CENPF
1.6230627086817e-40,1.24123499689879,0.93,0.424,2.92654437002397e-36,Desmoplastic Tumor,FAR1
1.64423148709065e-40,1.23980234906995,0.916,0.398,2.96471379437314e-36,Desmoplastic Tumor,CCT4
1.16121281321453e-29,1.23957605855205,0.664,0.26,2.09378282350712e-25,Desmoplastic Tumor,SYCE1
6.96222569877259e-45,1.23771127482013,0.874,0.333,1.25535891574569e-40,Desmoplastic Tumor,MAPK13
1.42328560117024e-49,1.23598149851409,0.993,0.614,2.56632626747006e-45,Desmoplastic Tumor,HSP90AB1
1.07673237802203e-21,1.23467900249236,0.566,0.238,1.94145615081153e-17,Desmoplastic Tumor,ATAD2
1.10783404206714e-53,1.2326193004579,1,0.602,1.99753556125126e-49,Desmoplastic Tumor,PPDPF
2.02612089063951e-35,1.23113989863371,0.825,0.332,3.6532985779121e-31,Desmoplastic Tumor,TFAP2A
2.96750324924614e-28,1.23095308949995,0.629,0.24,5.35070510871571e-24,Desmoplastic Tumor,LRRC1
6.50936117945139e-32,1.23089551683578,0.811,0.372,1.17370291426688e-27,Desmoplastic Tumor,HSPA9
7.28663915422205e-30,1.22940400503424,0.727,0.3,1.31385390589778e-25,Desmoplastic Tumor,BDH1
5.36365808988594e-44,1.22935888949734,0.986,0.479,9.67121190187334e-40,Desmoplastic Tumor,DDX42
1.91734522270051e-35,1.22831475947696,0.839,0.384,3.45716517105129e-31,Desmoplastic Tumor,VAPB
2.40198163882138e-25,1.22719771142897,0.559,0.21,4.33101309295883e-21,Desmoplastic Tumor,RGS11
2.1133818831387e-32,1.22633991356946,0.629,0.229,3.81063887348738e-28,Desmoplastic Tumor,CISH
3.3350919616772e-20,1.21467859047345,0.545,0.225,6.01350431610016e-16,Desmoplastic Tumor,E2F1
1.0285973999244e-35,1.21384826464255,0.895,0.45,1.85466397180368e-31,Desmoplastic Tumor,ATXN7L3B
3.11233174657274e-28,1.21300225682781,0.699,0.306,5.61184537224531e-24,Desmoplastic Tumor,BCKDHA
3.07168880615098e-34,1.21205612190256,0.734,0.295,5.53856208637083e-30,Desmoplastic Tumor,FADD
1.02566928810037e-35,1.20834345302922,0.832,0.359,1.84938429337378e-31,Desmoplastic Tumor,WDR34
1.50893121273688e-29,1.20509224814964,0.699,0.28,2.72075386968587e-25,Desmoplastic Tumor,BRI3BP
3.19663045354216e-42,1.20418600731492,0.951,0.44,5.76384437078187e-38,Desmoplastic Tumor,SRP9
4.73073947363077e-24,1.20294488854602,0.566,0.224,8.52999634490365e-20,Desmoplastic Tumor,C11orf49
7.90312487679915e-39,1.20282399735811,0.916,0.419,1.42501244653566e-34,Desmoplastic Tumor,ISYNA1
6.41525024283575e-21,1.20164956450496,0.503,0.193,1.15673377128571e-16,Desmoplastic Tumor,RECQL4
1.18104329401613e-21,1.19975823228294,0.51,0.193,2.12953916344049e-17,Desmoplastic Tumor,CHAF1A
5.27147634712034e-30,1.19847437042431,0.636,0.239,9.50499900149269e-26,Desmoplastic Tumor,C20orf96
2.833126380082e-22,1.19783866852994,0.552,0.222,5.10841017592585e-18,Desmoplastic Tumor,WEE1
7.86932081469107e-41,1.19652557930161,0.895,0.366,1.41891723609695e-36,Desmoplastic Tumor,ECI1
5.86173541025899e-39,1.19561217418884,0.916,0.385,1.0569295118238e-34,Desmoplastic Tumor,PSMG1
2.31744608060592e-35,1.19503955904439,0.811,0.346,4.17858702794053e-31,Desmoplastic Tumor,ZNF121
5.35511584321865e-43,1.1909308534623,0.951,0.489,9.65580937690755e-39,Desmoplastic Tumor,PEBP1
4.13413591525314e-46,1.18884006758849,0.993,0.546,7.45426046879293e-42,Desmoplastic Tumor,CCND1
3.72923526326278e-33,1.18846403947868,0.853,0.388,6.72418410318913e-29,Desmoplastic Tumor,MTIF3
7.32577738740264e-45,1.18562848053918,0.993,0.504,1.32091092072257e-40,Desmoplastic Tumor,ATP5F1B
6.05109551026902e-25,1.18558845433425,0.552,0.209,1.09107303145661e-20,Desmoplastic Tumor,TRUB2
3.90739109864706e-29,1.1852041461399,0.671,0.265,7.04541688997051e-25,Desmoplastic Tumor,UBE2G1
1.0812793039019e-38,1.18260847156616,0.979,0.558,1.94965471286551e-34,Desmoplastic Tumor,SH3BGRL
7.98138958268151e-33,1.18221284620011,0.776,0.318,1.4391243556533e-28,Desmoplastic Tumor,LPIN2
4.48199775675116e-40,1.18054894951203,0.937,0.433,8.08149015519801e-36,Desmoplastic Tumor,DNAJA4
2.39670538838452e-22,1.17886017894715,0.587,0.238,4.32149948579613e-18,Desmoplastic Tumor,PRC1
6.62602368229701e-30,1.17852243712649,0.713,0.289,1.19473833015497e-25,Desmoplastic Tumor,C3orf52
2.27384317495668e-33,1.17839933724458,1,0.612,4.09996662876438e-29,Desmoplastic Tumor,MIEN1
1.2909878816055e-23,1.17718765858018,0.58,0.231,2.32778024932288e-19,Desmoplastic Tumor,MAPRE3
6.30460369623787e-25,1.1718709570283,0.566,0.211,1.13678309246865e-20,Desmoplastic Tumor,HIST1H2BG
1.46838462569943e-29,1.16871611461868,0.72,0.29,2.64764431859864e-25,Desmoplastic Tumor,NUSAP1
3.53602093060141e-31,1.1670979501789,0.776,0.338,6.3757993399674e-27,Desmoplastic Tumor,KEAP1
4.28460457012249e-41,1.16663924548826,0.972,0.448,7.72557050038787e-37,Desmoplastic Tumor,PSMD12
4.52824967985982e-23,1.16657003965553,0.517,0.194,8.16488699775524e-19,Desmoplastic Tumor,PPP1R26
1.99120350405527e-23,1.16279606599182,0.608,0.25,3.59033903816206e-19,Desmoplastic Tumor,ELMO3
1.0727901953552e-41,1.16275641115313,0.944,0.403,1.93434800124495e-37,Desmoplastic Tumor,JPT2
2.80550483122302e-38,1.16245417732316,1,0.545,5.05860576117822e-34,Desmoplastic Tumor,PGAP3
1.2352437370678e-34,1.16212024684623,0.811,0.325,2.22726798230695e-30,Desmoplastic Tumor,MIOS
2.06050244266138e-22,1.16209568886234,0.538,0.212,3.71529195436274e-18,Desmoplastic Tumor,SLC49A4
1.31258981198014e-25,1.1619336849171,0.685,0.313,2.3667306899814e-21,Desmoplastic Tumor,ADIPOR2
6.90196292942074e-39,1.1612216342685,0.958,0.465,1.24449293580385e-34,Desmoplastic Tumor,API5
3.34969664721956e-29,1.1586498717948,0.685,0.28,6.03983802460158e-25,Desmoplastic Tumor,SYNJ2BP
1.68046022550721e-23,1.15859246544485,0.566,0.223,3.03003783261205e-19,Desmoplastic Tumor,POLR3K
1.85659272694737e-29,1.15814669367425,0.664,0.246,3.3476223459588e-25,Desmoplastic Tumor,C9orf152
9.62051144265407e-44,1.15690915940356,0.972,0.482,1.73467441822496e-39,Desmoplastic Tumor,ABRACL
2.52498293073189e-23,1.15650335202879,0.601,0.252,4.55279672240266e-19,Desmoplastic Tumor,NDUFB4
3.02571472961019e-38,1.15625867578281,0.993,0.495,5.45566622896013e-34,Desmoplastic Tumor,KRT7
2.13455452166115e-26,1.15614372849758,0.559,0.205,3.84881525800721e-22,Desmoplastic Tumor,SLC30A8
7.60870452964823e-22,1.15557764700924,0.531,0.206,1.37192551374087e-17,Desmoplastic Tumor,UBE2T
3.32528169650576e-34,1.15317077284754,0.783,0.293,5.99581542696953e-30,Desmoplastic Tumor,CDK1
2.00816966749853e-40,1.15068392310029,0.923,0.414,3.62093072746661e-36,Desmoplastic Tumor,PLEKHF2
2.99178142244113e-41,1.15004539213605,0.937,0.434,5.3944810828036e-37,Desmoplastic Tumor,ATP6V1G1
1.9847138777531e-32,1.14986354000495,0.636,0.218,3.57863759297662e-28,Desmoplastic Tumor,PRAG1
4.94497688719645e-36,1.14870013260291,0.902,0.413,8.91628782530392e-32,Desmoplastic Tumor,ERGIC1
1.47502698580401e-30,1.1484324514042,0.755,0.327,2.6596211581032e-26,Desmoplastic Tumor,SEMA4C
1.25705178248773e-36,1.14806504864233,0.832,0.333,2.26659006900363e-32,Desmoplastic Tumor,RNF6
6.64577723355802e-32,1.1478040945247,0.769,0.326,1.19830009298285e-27,Desmoplastic Tumor,TTC19
1.75130377173314e-34,1.14706608423851,0.755,0.299,3.15777583081202e-30,Desmoplastic Tumor,KIF13B
4.1893864865857e-38,1.14600607677953,0.888,0.37,7.55388277396268e-34,Desmoplastic Tumor,HES1
3.04032009775938e-39,1.14553404128638,0.937,0.467,5.48200116826994e-35,Desmoplastic Tumor,H1F0
3.404534645234e-31,1.1446852949412,0.699,0.269,6.13871641882142e-27,Desmoplastic Tumor,MPHOSPH9
1.57501376488234e-37,1.14456910542456,0.888,0.392,2.83990731945935e-33,Desmoplastic Tumor,HADHB
1.93355513100245e-36,1.14381330642943,0.825,0.328,3.48639325671052e-32,Desmoplastic Tumor,PRSS8
1.56242280957508e-30,1.1437917241058,0.769,0.32,2.81720456794482e-26,Desmoplastic Tumor,HELLS
9.95606130119127e-27,1.14322887872102,0.72,0.308,1.7951774132178e-22,Desmoplastic Tumor,MYEF2
2.01652853337816e-28,1.14319017101785,0.713,0.304,3.63600259853417e-24,Desmoplastic Tumor,YPEL2
2.59267715539362e-26,1.14106760551964,0.636,0.262,4.67485617889025e-22,Desmoplastic Tumor,ZNF281
3.97508769113293e-41,1.14014861797771,0.958,0.498,7.16748061588178e-37,Desmoplastic Tumor,DYNLL2
9.25975535610161e-35,1.14002925793248,0.867,0.369,1.66962648825868e-30,Desmoplastic Tumor,HMGB2
3.0878962317191e-21,1.13981943058445,0.503,0.191,5.56778569541272e-17,Desmoplastic Tumor,ZNF587
9.43543383003643e-39,1.1392823089283,0.923,0.397,1.70130307389387e-34,Desmoplastic Tumor,CERS6
1.8984822578886e-39,1.13904768903322,0.937,0.439,3.42315335919893e-35,Desmoplastic Tumor,TIMM13
4.30242599489221e-35,1.13819362496576,0.902,0.438,7.75770431139014e-31,Desmoplastic Tumor,GSR
3.18078399366698e-26,1.13711704513253,0.65,0.262,5.73527161898093e-22,Desmoplastic Tumor,MTFR1
4.54568814790306e-36,1.13646840384485,0.839,0.345,8.19633029948401e-32,Desmoplastic Tumor,SF3B6
5.38110387422378e-26,1.1360639227708,0.685,0.296,9.70266839561289e-22,Desmoplastic Tumor,PET100
6.87512064139186e-28,1.13386387392593,0.573,0.205,1.23965300284937e-23,Desmoplastic Tumor,SLC1A1
1.50286012918953e-29,1.13351645260987,0.755,0.324,2.70980709894164e-25,Desmoplastic Tumor,SPR
4.12337477176816e-24,1.13194951721013,0.699,0.316,7.43485705097518e-20,Desmoplastic Tumor,BCAT2
1.70185615618451e-23,1.13119031024536,0.503,0.183,3.06861683521628e-19,Desmoplastic Tumor,RWDD4
1.60749734686245e-19,1.13115273450015,0.552,0.243,2.89847846612768e-15,Desmoplastic Tumor,ZNF626
2.44534014229588e-28,1.13090078632873,0.748,0.333,4.4091928105737e-24,Desmoplastic Tumor,NSMF
1.04449808362507e-28,1.13020859743697,0.727,0.305,1.88333449458437e-24,Desmoplastic Tumor,ATL2
4.22309941731684e-32,1.12957426735777,0.832,0.39,7.61467055936399e-28,Desmoplastic Tumor,AAGAB
3.76119666312465e-29,1.12860419940838,0.72,0.318,6.78181370328007e-25,Desmoplastic Tumor,SLC25A16
3.60729157204507e-18,1.12771368968494,0.51,0.215,6.50430743355447e-14,Desmoplastic Tumor,DTL
8.1926279336254e-32,1.1271687673013,0.86,0.391,1.477212742712e-27,Desmoplastic Tumor,FTSJ3
4.25717934003323e-37,1.12616782015522,0.944,0.438,7.67612006801392e-33,Desmoplastic Tumor,MYO6
1.78278883712755e-30,1.12574778249651,0.755,0.301,3.21454655222469e-26,Desmoplastic Tumor,PADI2
3.55617066850937e-33,1.12238916791348,0.832,0.378,6.41213133238925e-29,Desmoplastic Tumor,TCIM
5.82800197256889e-40,1.12177534186112,0.937,0.493,1.0508470356739e-35,Desmoplastic Tumor,HBS1L
2.03650813537629e-29,1.12155489116292,0.769,0.322,3.67202781889698e-25,Desmoplastic Tumor,ICA1
4.6248434893971e-28,1.12054733465928,0.734,0.325,8.33905529573191e-24,Desmoplastic Tumor,TLE3
6.28988262037701e-35,1.12007640824436,0.895,0.418,1.13412873528018e-30,Desmoplastic Tumor,DHX40
8.24422036144133e-32,1.11917718622327,0.853,0.382,1.48651537337149e-27,Desmoplastic Tumor,H2AFZ
1.5905508868951e-29,1.11825338158797,0.755,0.313,2.86792230416056e-25,Desmoplastic Tumor,TFDP2
2.99773936894123e-18,1.11739676695752,0.517,0.221,5.40522385613794e-14,Desmoplastic Tumor,FBXL16
1.82032120609898e-36,1.11683435118943,0.909,0.393,3.28222116671708e-32,Desmoplastic Tumor,CDH1
6.13353541904252e-36,1.11662093819558,0.937,0.41,1.10593777140756e-31,Desmoplastic Tumor,HSPD1
1.0628468160089e-19,1.11615028133936,0.538,0.224,1.91641909394564e-15,Desmoplastic Tumor,FANCL
3.67181638855428e-25,1.11497796394186,0.615,0.243,6.62065213020222e-21,Desmoplastic Tumor,PTPN3
3.21125486195394e-27,1.11485473814855,0.762,0.338,5.79021364158915e-23,Desmoplastic Tumor,JPT1
2.91020726985156e-36,1.11382470659419,0.909,0.391,5.24739472826934e-32,Desmoplastic Tumor,DDR1
1.33795272990257e-33,1.11350689335565,0.867,0.369,2.41246256728732e-29,Desmoplastic Tumor,PROM2
5.05545904321492e-30,1.11346739513956,0.622,0.22,9.11549820082082e-26,Desmoplastic Tumor,ODC1
2.23672546976901e-30,1.11310517013514,0.657,0.251,4.0330396945405e-26,Desmoplastic Tumor,IFT22
2.34205649892247e-20,1.11246848112817,0.503,0.195,4.22296207320711e-16,Desmoplastic Tumor,FANCA
6.2952977214053e-19,1.1116440243234,0.503,0.201,1.13510513214659e-14,Desmoplastic Tumor,PKP3
2.53046370890443e-27,1.1106143083963,0.671,0.271,4.56267911352558e-23,Desmoplastic Tumor,C19orf48
2.65917822374706e-30,1.11013126074144,0.664,0.25,4.79476425523832e-26,Desmoplastic Tumor,FBXO30
9.25784770637306e-36,1.10977582117579,0.958,0.532,1.66928251993613e-31,Desmoplastic Tumor,PTPA
1.95613581224275e-34,1.10950057896319,1,0.609,3.52710848305489e-30,Desmoplastic Tumor,HSP90AA1
1.58773024223142e-24,1.10834057862997,0.671,0.3,2.86283639976747e-20,Desmoplastic Tumor,UBR7
2.94793779405403e-23,1.10645040941872,0.538,0.206,5.31542663645883e-19,Desmoplastic Tumor,GAREM1
7.41695398101008e-31,1.10600862324914,0.797,0.316,1.33735097231593e-26,Desmoplastic Tumor,GALNT6
2.70176222198788e-36,1.10191889004956,0.958,0.47,4.87154746246634e-32,Desmoplastic Tumor,HIST1H1D
2.40730878829115e-37,1.10185417916058,0.993,0.518,4.34061847616777e-33,Desmoplastic Tumor,CD9
3.12892285574871e-35,1.10096543210599,0.93,0.415,5.64176080120051e-31,Desmoplastic Tumor,TRAF4
4.42488050708565e-38,1.10055821519358,0.958,0.486,7.97850204232613e-34,Desmoplastic Tumor,CLTC
2.95361475057345e-36,1.10036612930612,0.902,0.415,5.32566275675899e-32,Desmoplastic Tumor,SLC1A5
1.04345532783662e-26,1.10004290181411,0.769,0.342,1.88145430162221e-22,Desmoplastic Tumor,GDAP2
2.78727286209573e-31,1.09929304981187,0.748,0.309,5.02573169764482e-27,Desmoplastic Tumor,RUVBL2
7.08947494993585e-33,1.09797459865862,0.867,0.401,1.27830322822293e-28,Desmoplastic Tumor,GOT2
3.25201456991939e-40,1.09782288117949,0.965,0.434,5.86370747102166e-36,Desmoplastic Tumor,MGST1
2.72348810195533e-25,1.09728594053732,0.671,0.288,4.91072139663565e-21,Desmoplastic Tumor,ATG16L1
7.71483673727725e-26,1.09690705566286,0.741,0.331,1.39106221209846e-21,Desmoplastic Tumor,PYCR1
5.16731810176854e-36,1.09644517693855,0.937,0.484,9.31719126929886e-32,Desmoplastic Tumor,RABL6
2.84747628313505e-23,1.09640912989813,0.678,0.297,5.1342844861208e-19,Desmoplastic Tumor,GNPNAT1
5.39636045647137e-28,1.09535107155503,0.79,0.356,9.73017753906352e-24,Desmoplastic Tumor,CRYBG1
2.0955436787308e-34,1.09513422003016,0.944,0.414,3.7784748071195e-30,Desmoplastic Tumor,TUBD1
1.74853908422769e-33,1.09480004441347,0.811,0.351,3.15279082277094e-29,Desmoplastic Tumor,TUBB4B
3.39805113699061e-39,1.09473432096809,0.965,0.444,6.12702600510777e-35,Desmoplastic Tumor,PLK2
6.4105960800737e-25,1.09244554529881,0.671,0.283,1.15589457919809e-20,Desmoplastic Tumor,GCHFR
2.25224195300331e-33,1.09224634347443,0.832,0.369,4.06101746546028e-29,Desmoplastic Tumor,PPP2R2A
2.05167383187636e-25,1.09153822625182,0.664,0.288,3.69937308625627e-21,Desmoplastic Tumor,RALGDS
1.7352401744847e-36,1.09031383469218,0.86,0.351,3.12881155861337e-32,Desmoplastic Tumor,ECI2
1.19775406727283e-23,1.09014608679473,0.685,0.3,2.15967035869964e-19,Desmoplastic Tumor,ARHGAP8
1.77643829740687e-25,1.08993029455844,0.727,0.331,3.20309589405432e-21,Desmoplastic Tumor,MPHOSPH10
4.75562787508911e-36,1.08734181694292,0.916,0.443,8.57487262157317e-32,Desmoplastic Tumor,PAN3
1.27762024123595e-20,1.08703938367125,0.643,0.286,2.30367705697254e-16,Desmoplastic Tumor,PDIK1L
6.48916451087357e-45,1.08634904833927,0.965,0.383,1.17006125295561e-40,Desmoplastic Tumor,ALDH3B2
8.64396428753744e-40,1.08633264090767,0.972,0.446,1.55859320068588e-35,Desmoplastic Tumor,AZGP1
5.84111987055481e-26,1.08469071391604,0.734,0.33,1.05321232385974e-21,Desmoplastic Tumor,MPC2
6.65281552883957e-31,1.08441411924683,0.769,0.337,1.19956916800506e-26,Desmoplastic Tumor,GLO1
3.18226117807431e-31,1.08302577643214,0.853,0.415,5.73793513018578e-27,Desmoplastic Tumor,LGALS8
3.14329023235198e-30,1.08297387465302,0.804,0.38,5.66766661795386e-26,Desmoplastic Tumor,USP14
3.1413111035566e-28,1.08242193584688,0.741,0.319,5.6640980508229e-24,Desmoplastic Tumor,ANO8
1.88478697080632e-36,1.08180700441218,0.944,0.441,3.39845938706088e-32,Desmoplastic Tumor,HSPE1
9.89839320319998e-22,1.08019154796745,0.566,0.231,1.78477927846899e-17,Desmoplastic Tumor,TBC1D7
4.11600507828579e-29,1.0796879886376,0.727,0.298,7.42156875665711e-25,Desmoplastic Tumor,FAH
1.14339798043789e-30,1.07889043210987,0.804,0.352,2.06166089852756e-26,Desmoplastic Tumor,GART
8.69693721557749e-40,1.07821239780844,0.993,0.606,1.56814474934078e-35,Desmoplastic Tumor,HIST1H1C
2.5078668219468e-32,1.07802563464169,0.783,0.344,4.52193466665228e-28,Desmoplastic Tumor,UBAC1
6.44195434837621e-35,1.07775499795276,0.979,0.449,1.16154878855571e-30,Desmoplastic Tumor,MLPH
2.49465194369075e-27,1.07758123681825,0.664,0.27,4.49810691966879e-23,Desmoplastic Tumor,GPATCH4
9.97156317974098e-23,1.07738618632273,0.615,0.268,1.7979725569391e-18,Desmoplastic Tumor,OSBPL10
9.48292329848598e-35,1.07652681799404,0.93,0.435,1.70986589995001e-30,Desmoplastic Tumor,MED13
2.79084919136287e-22,1.07552007642016,0.545,0.21,5.0321801769464e-18,Desmoplastic Tumor,PCYT2
2.31486053117131e-42,1.07375484882959,0.993,0.625,4.17392502375499e-38,Desmoplastic Tumor,LASP1
7.39221542540588e-20,1.07277329905199,0.552,0.23,1.33289036335493e-15,Desmoplastic Tumor,SMIM22
3.25286586712934e-23,1.07208057339911,0.706,0.325,5.8652424450209e-19,Desmoplastic Tumor,NUP205
5.1131000883911e-41,1.07195485456088,0.951,0.461,9.219430769378e-37,Desmoplastic Tumor,CDK4
1.35574052989537e-22,1.07037794477145,0.573,0.23,2.44453574945434e-18,Desmoplastic Tumor,E2F3
2.48730733039183e-31,1.07003023365467,0.881,0.394,4.4848638474295e-27,Desmoplastic Tumor,TLK2
3.13223186242069e-21,1.06921956557024,0.503,0.19,5.64772727113074e-17,Desmoplastic Tumor,TTC21B
6.80830526067007e-24,1.06774664767205,0.671,0.286,1.22760552155142e-19,Desmoplastic Tumor,SNRPG
1.14554509952511e-28,1.0668293475763,0.811,0.377,2.06553236895373e-24,Desmoplastic Tumor,TRIM37
4.53709562285859e-33,1.06627360657394,0.846,0.364,8.18083711757633e-29,Desmoplastic Tumor,MTA3
1.88640003499892e-22,1.06618478106713,0.636,0.275,3.40136790310654e-18,Desmoplastic Tumor,DPCD
1.11633220831445e-24,1.06611257388384,0.594,0.234,2.01285860481178e-20,Desmoplastic Tumor,NADK2
2.10157660392519e-35,1.06593982160931,0.902,0.394,3.7893527745375e-31,Desmoplastic Tumor,GSE1
5.38989361174033e-34,1.06446659899607,0.867,0.371,9.71851717132898e-30,Desmoplastic Tumor,PEX13
2.45184157396134e-33,1.06356519242311,0.881,0.361,4.42091554200969e-29,Desmoplastic Tumor,GALNT3
4.28617117459781e-22,1.06320273875833,0.664,0.314,7.72839524491732e-18,Desmoplastic Tumor,CCDC149
1.18165589253663e-29,1.06170536470022,0.804,0.382,2.13064373983279e-25,Desmoplastic Tumor,TPGS2
3.02464346623963e-21,1.06070091603734,0.629,0.264,5.45373463397668e-17,Desmoplastic Tumor,POF1B
1.34563542638462e-31,1.05925270414557,0.825,0.406,2.4263152373141e-27,Desmoplastic Tumor,SEC24D
2.80919745791447e-27,1.05861692610739,0.748,0.328,5.06526393636558e-23,Desmoplastic Tumor,SLC29A1
1.54986597861216e-34,1.05632295023606,0.916,0.427,2.79456334603558e-30,Desmoplastic Tumor,RTF2
2.00765717790125e-32,1.05433905497782,0.839,0.397,3.62000665747375e-28,Desmoplastic Tumor,KHSRP
4.62074335418752e-31,1.05378130173262,0.867,0.444,8.33166234193551e-27,Desmoplastic Tumor,POLR2H
3.88022428504305e-25,1.05201291672272,0.755,0.35,6.99643240836113e-21,Desmoplastic Tumor,MEGF9
3.65469006590323e-36,1.05057469116769,0.986,0.475,6.58977165783012e-32,Desmoplastic Tumor,STARD10
3.8052519583618e-25,1.04906658846898,0.643,0.253,6.86124980612216e-21,Desmoplastic Tumor,SSH3
7.941995778932e-35,1.04898565828723,0.881,0.357,1.43202125889923e-30,Desmoplastic Tumor,CXCL17
1.02280267235841e-23,1.04888010358579,0.706,0.312,1.84421549852946e-19,Desmoplastic Tumor,CENPX
2.55971226679851e-29,1.04879663625064,0.853,0.421,4.61541718826439e-25,Desmoplastic Tumor,SH3GLB2
2.17834019426545e-33,1.04853880845051,0.867,0.375,3.92776520428003e-29,Desmoplastic Tumor,CCNC
1.85346359229652e-31,1.04751683510351,0.818,0.354,3.34198020326985e-27,Desmoplastic Tumor,MBOAT7
2.50105531637181e-38,1.04503371450665,0.916,0.418,4.50965284095002e-34,Desmoplastic Tumor,NHP2
3.12031305161897e-24,1.04428532023064,0.65,0.276,5.62623646337417e-20,Desmoplastic Tumor,QTRT1
1.21599451692685e-19,1.04249534886106,0.524,0.207,2.1925597134708e-15,Desmoplastic Tumor,TUFT1
2.89532991346762e-28,1.0422525690721,0.797,0.378,5.22056936697346e-24,Desmoplastic Tumor,MDM2
8.3191780813237e-24,1.04125738359236,0.692,0.316,1.50003099984348e-19,Desmoplastic Tumor,USP5
2.870342612698e-29,1.04098532080186,0.853,0.417,5.17551476495576e-25,Desmoplastic Tumor,CFAP298
3.59498038878006e-30,1.04034061548807,0.769,0.325,6.48210913900932e-26,Desmoplastic Tumor,FOXP4
3.06746189387307e-26,1.03849673976872,0.643,0.253,5.53094054084253e-22,Desmoplastic Tumor,VAV2
1.22268592871115e-23,1.03806045769532,0.629,0.27,2.20462499805907e-19,Desmoplastic Tumor,PAPOLA
1.28063789101842e-32,1.03793279625986,0.937,0.481,2.30911818129532e-28,Desmoplastic Tumor,NDUFV2
1.35151332750299e-35,1.03766749776164,0.93,0.45,2.43691368082064e-31,Desmoplastic Tumor,CBX3
5.8887811866407e-35,1.03654615899969,0.923,0.428,1.06180613576318e-30,Desmoplastic Tumor,SLC2A4RG
1.04433883436719e-21,1.03593777430499,0.706,0.317,1.88304735224748e-17,Desmoplastic Tumor,SNRPE
7.36660992505861e-25,1.03573334754272,0.713,0.325,1.32827343558732e-20,Desmoplastic Tumor,FAM136A
1.38185087669802e-16,1.0354611681906,0.503,0.219,2.4916153157742e-12,Desmoplastic Tumor,MCM8
3.89348039378809e-26,1.03503355448899,0.629,0.24,7.02033449803931e-22,Desmoplastic Tumor,SPTBN2
3.42411948256229e-25,1.03443080402006,0.65,0.266,6.17402983900806e-21,Desmoplastic Tumor,ALMS1
2.0586775029019e-25,1.03432128729961,0.685,0.296,3.71200140548242e-21,Desmoplastic Tumor,SNRPF
3.68159480595111e-41,1.03423610731382,1,0.636,6.63828359461045e-37,Desmoplastic Tumor,SELENOW
9.73366688436589e-31,1.03330011820239,0.902,0.406,1.75507747592001e-26,Desmoplastic Tumor,RAB3D
6.57442252594499e-23,1.03273092181703,0.587,0.233,1.18543412565314e-18,Desmoplastic Tumor,RAC3
1.26129148303512e-16,1.03231486364688,0.517,0.231,2.27423467306063e-12,Desmoplastic Tumor,NEMP1
5.8540573878045e-25,1.03141200280946,0.636,0.257,1.05554508759503e-20,Desmoplastic Tumor,WDR76
8.44889759634448e-26,1.03121501524621,0.671,0.286,1.52342072559687e-21,Desmoplastic Tumor,ZMYND19
9.55592059687686e-22,1.03099542680405,0.538,0.214,1.72302804282287e-17,Desmoplastic Tumor,EFHD1
8.65746759491663e-19,1.03085875246646,0.503,0.205,1.56102798203942e-14,Desmoplastic Tumor,ELL3
3.28628522362838e-31,1.03075154742383,0.888,0.421,5.92550088672434e-27,Desmoplastic Tumor,SF3B3
4.48220954480275e-28,1.0304125746764,0.769,0.332,8.08187203023383e-24,Desmoplastic Tumor,CHCHD1
2.85943299322172e-33,1.02957054348434,0.937,0.496,5.15584363007809e-29,Desmoplastic Tumor,POLR1D
7.33147927433083e-32,1.02953559591422,0.853,0.394,1.32193902795459e-27,Desmoplastic Tumor,SMIM15
1.24123201864554e-23,1.02876779893152,0.72,0.335,2.23806545281977e-19,Desmoplastic Tumor,TOM1L2
3.36098918959691e-30,1.02799600922445,0.818,0.354,6.06019960776219e-26,Desmoplastic Tumor,VDAC1
3.36157958653393e-41,1.02775233974913,0.993,0.494,6.06126415247934e-37,Desmoplastic Tumor,SLC12A2
4.21413486513457e-27,1.02566798050016,0.741,0.32,7.59850657532414e-23,Desmoplastic Tumor,NAT10
2.86461732523432e-26,1.02397265130299,0.776,0.354,5.16519149913e-22,Desmoplastic Tumor,SNRNP25
1.01101664340223e-15,1.02348609922343,0.503,0.225,1.82296410971856e-11,Desmoplastic Tumor,RAP1GAP2
8.03782581813442e-32,1.02334844366455,0.888,0.439,1.44930037326782e-27,Desmoplastic Tumor,UHMK1
2.86979797005022e-38,1.02279088405441,0.951,0.472,5.17453271979754e-34,Desmoplastic Tumor,TAGLN2
7.17820917149773e-32,1.0222446144143,0.874,0.358,1.29430289571276e-27,Desmoplastic Tumor,RRM2
1.37266749273567e-28,1.02207109161479,0.769,0.344,2.47505675615168e-24,Desmoplastic Tumor,COPZ1
1.34678064072126e-26,1.02144971808217,0.706,0.295,2.4283801732845e-22,Desmoplastic Tumor,AIG1
1.35863512065298e-30,1.02074122746992,0.888,0.469,2.44975498604939e-26,Desmoplastic Tumor,G3BP2
4.0479087650618e-23,1.01971238524725,0.538,0.202,7.29878429428293e-19,Desmoplastic Tumor,SLC20A2
8.88776294718941e-24,1.01951664481524,0.622,0.259,1.60255253700772e-19,Desmoplastic Tumor,FIG4
1.44468253539342e-18,1.01891267509121,0.517,0.214,2.60490707956788e-14,Desmoplastic Tumor,KRTCAP3
3.44547130034612e-19,1.01833705773652,0.601,0.269,6.21252930165409e-15,Desmoplastic Tumor,AP1AR
2.40840135130636e-23,1.01691993472979,0.531,0.201,4.3425884765405e-19,Desmoplastic Tumor,EXOSC3
1.6160004984826e-19,1.01648431944216,0.503,0.203,2.91381049881397e-15,Desmoplastic Tumor,ZBTB10
2.06598238692007e-30,1.0157201266684,0.881,0.419,3.72517284185558e-26,Desmoplastic Tumor,P4HTM
2.7546275019919e-24,1.01513007718771,0.608,0.251,4.96686884884159e-20,Desmoplastic Tumor,CLN3
1.08345853170808e-30,1.01478646124637,0.818,0.363,1.95358407852284e-26,Desmoplastic Tumor,CLUH
2.98188919588812e-22,1.01451551078918,0.678,0.309,5.37664440910588e-18,Desmoplastic Tumor,MSH2
1.09294834511929e-23,1.01442543483851,0.615,0.251,1.97069516108459e-19,Desmoplastic Tumor,MDH1
2.86010308264133e-32,1.01440167647617,0.839,0.357,5.15705186831057e-28,Desmoplastic Tumor,LMNB1
5.69692804474979e-27,1.01300147970859,0.748,0.311,1.02721309574883e-22,Desmoplastic Tumor,HIST1H2BH
4.16444682617614e-22,1.01292964650088,0.573,0.234,7.5089140722782e-18,Desmoplastic Tumor,TXNRD2
2.69789009071404e-31,1.01239283118782,0.895,0.464,4.86456562256648e-27,Desmoplastic Tumor,CD46
1.4564459537014e-21,1.01188457283187,0.601,0.246,2.62611769911899e-17,Desmoplastic Tumor,NDUFA12
4.4784198646811e-33,1.01147354650813,0.993,0.456,8.07503885800649e-29,Desmoplastic Tumor,SREBF1
8.90100786098076e-32,1.01122333046173,0.853,0.361,1.60494072741344e-27,Desmoplastic Tumor,TSTA3
5.13372838616216e-23,1.00973628307593,0.741,0.34,9.256625653089e-19,Desmoplastic Tumor,RUSC1
7.65648837435351e-30,1.00950053261708,0.727,0.301,1.38054141877968e-25,Desmoplastic Tumor,DHFR
1.68639390193193e-20,1.00914754817445,0.58,0.253,3.04073684457347e-16,Desmoplastic Tumor,ATMIN
9.49036722809059e-33,1.00904327616036,0.881,0.393,1.71120811489701e-28,Desmoplastic Tumor,PPM1G
1.11755394525709e-19,1.00886775058108,0.566,0.239,2.01506151869306e-15,Desmoplastic Tumor,FANCI
7.98452049440404e-36,1.00825733184656,0.937,0.422,1.43968889034599e-31,Desmoplastic Tumor,NR2F6
3.96697426594268e-19,1.0082279772021,0.545,0.234,7.15285129892125e-15,Desmoplastic Tumor,LSM12
7.07379653748585e-30,1.0081465109795,0.846,0.396,1.27547625367407e-25,Desmoplastic Tumor,ANKRD50
1.50038224018506e-30,1.00805063917929,0.825,0.347,2.70533921727767e-26,Desmoplastic Tumor,MAP7
3.1443792629426e-36,1.00771144138829,0.881,0.381,5.6696302490118e-32,Desmoplastic Tumor,SSRP1
1.17404588154394e-27,1.00739933214346,0.804,0.377,2.11692212901189e-23,Desmoplastic Tumor,CFDP1
4.79056347607225e-34,1.00720505830844,0.93,0.451,8.63786500370588e-30,Desmoplastic Tumor,MAP3K3
1.25791420352153e-24,1.00671673678447,0.65,0.266,2.26814510036968e-20,Desmoplastic Tumor,EZH2
2.44808623618374e-34,1.00657611621242,0.853,0.362,4.4141442924629e-30,Desmoplastic Tumor,CLPP
5.77055467837398e-36,1.00535573698186,0.853,0.358,1.04048871405761e-31,Desmoplastic Tumor,MT1E
6.33456000091418e-32,1.00396607999234,0.86,0.399,1.14218451376484e-27,Desmoplastic Tumor,TOMM20
7.35968285398506e-21,1.00386931744481,0.692,0.332,1.32702441540205e-16,Desmoplastic Tumor,DMPK
2.47869023385879e-25,1.00241764147847,0.601,0.229,4.46932636067078e-21,Desmoplastic Tumor,ZNF704
2.75223890552876e-32,1.00220813996298,0.881,0.402,4.96256197055891e-28,Desmoplastic Tumor,MCM7
4.13517646414147e-38,1.00188494831475,0.965,0.509,7.45613668249348e-34,Desmoplastic Tumor,BSG
4.62385625920058e-32,1.00156927099079,0.916,0.447,8.33727522096456e-28,Desmoplastic Tumor,USP32
3.61384981673523e-30,1.00134429520436,0.853,0.402,6.51613260455529e-26,Desmoplastic Tumor,GFPT1
4.42501719881249e-23,1.00112822828746,0.552,0.209,7.9787485111788e-19,Desmoplastic Tumor,PHYHD1
2.40602824513192e-32,1.00071840593131,0.888,0.398,4.33830952879737e-28,Desmoplastic Tumor,C1QBP
1.8426602260477e-33,1.00038428585477,0.937,0.487,3.3225006535866e-29,Desmoplastic Tumor,PPP6R3
2.94487919113022e-19,1.00016629559574,0.587,0.258,5.3099116695269e-15,Desmoplastic Tumor,GINS2
1.27945324018132e-32,1.00014153800211,0.965,0.479,2.30698213737093e-28,Desmoplastic Tumor,TOB1
0,7.35027639736252,0.832,0.034,0,Luminal B,SCGB2A2
0,6.41711006248603,0.727,0.016,0,Luminal B,MUC16
0,6.11564584695773,0.736,0.028,0,Luminal B,UGT2B4
0,5.43879080138564,0.625,0.025,0,Luminal B,LRRC31
0,5.08462377663029,0.568,0.014,0,Luminal B,PCDH10
0,5.07195153622547,0.638,0.05,0,Luminal B,MUC5B
0,4.87660015106257,0.6,0.03,0,Luminal B,IQCJ
0,4.84846734462882,0.651,0.043,0,Luminal B,TMPRSS4
0,4.77639055982341,0.709,0.06,0,Luminal B,NXPH1
0,4.55144567075297,0.606,0.039,0,Luminal B,CAPN9
0,4.21333523568222,0.921,0.298,0,Luminal B,IKZF3
0,4.0045941768933,0.82,0.118,0,Luminal B,PIGP
0,3.96924409507865,0.582,0.057,0,Luminal B,C19orf33
0,3.84163349968103,0.607,0.047,0,Luminal B,NXPH3
0,3.7985541352514,0.585,0.059,0,Luminal B,PITX1
0,3.78378366167214,0.904,0.321,0,Luminal B,SPOP
0,3.68854211196739,0.722,0.104,0,Luminal B,PTPRN2
0,3.6158395721165,0.909,0.296,0,Luminal B,ITGB6
0,3.59587946910663,0.794,0.167,0,Luminal B,PCNT
0,3.54506674043583,0.648,0.098,0,Luminal B,HLCS
0,3.48541975563412,0.931,0.225,0,Luminal B,CEACAM6
0,3.41691641996549,0.772,0.146,0,Luminal B,CUEDC1
0,3.40847359303577,0.855,0.246,0,Luminal B,PNMT
0,3.34545981036117,0.626,0.087,0,Luminal B,ADGRV1
0,3.28092562867975,0.625,0.102,0,Luminal B,CHAD
0,3.26174354917932,0.75,0.133,0,Luminal B,PDK2
0,3.23879499842796,0.674,0.107,0,Luminal B,VSIG2
0,3.1771862752974,0.583,0.092,0,Luminal B,DLGAP1
0,3.07334883782682,0.583,0.092,0,Luminal B,CA12
0,3.06369732471659,0.584,0.097,0,Luminal B,CYP21A2
0,3.05727918299068,0.759,0.16,0,Luminal B,SLC16A1
0,3.03877485185914,0.575,0.052,0,Luminal B,KRT23
0,3.02680142462394,0.715,0.163,0,Luminal B,NDUFAF6
0,3.02542661502581,0.501,0.076,0,Luminal B,TMEM45B
0,2.96081542797579,0.541,0.082,0,Luminal B,C21orf58
9.88131291682493e-324,2.94914560280642,0.511,0.089,1.7816995320327e-319,Luminal B,RAP1GAP
0,2.93760936583978,0.864,0.241,0,Luminal B,CEACAM5
0,2.91312281840435,0.581,0.082,0,Luminal B,ZSCAN31
0,2.8890362708583,0.622,0.101,0,Luminal B,RASSF10
0,2.86244717690168,0.654,0.095,0,Luminal B,MYH14
0,2.85629093055911,0.912,0.329,0,Luminal B,AGR2
0,2.84307764204422,0.516,0.086,0,Luminal B,ARHGEF38
0,2.81799217480931,0.752,0.143,0,Luminal B,ITGA3
0,2.81088085487403,0.722,0.15,0,Luminal B,MACC1
0,2.75476513854517,0.609,0.082,0,Luminal B,SCNN1A
0,2.73224217661602,0.689,0.163,0,Luminal B,HIST1H2AC
0,2.72943540154755,0.951,0.464,0,Luminal B,SLC12A2
0,2.72776545336847,0.626,0.134,0,Luminal B,NECTIN1
0,2.72351720916242,0.819,0.303,0,Luminal B,MCM3AP
0,2.69686672926411,0.541,0.094,0,Luminal B,MANSC1
0,2.66774755690946,0.692,0.158,0,Luminal B,MTRR
0,2.5840944167331,0.841,0.301,0,Luminal B,GPRC5A
0,2.56774066881276,0.898,0.578,0,Luminal B,TTC3
0,2.56260481900127,0.928,0.432,0,Luminal B,ZNF652
0,2.55075442713681,0.656,0.137,0,Luminal B,LURAP1L
1.44871370341949e-304,2.55071866034957,0.664,0.176,2.61217567863567e-300,Luminal B,HOOK2
7.18808348581427e-281,2.53779361748212,0.552,0.119,1.29608333332717e-276,Luminal B,PRXL2B
1.25620929100795e-284,2.53007092583736,0.531,0.11,2.26507097261643e-280,Luminal B,SLC16A6
0,2.51690343461729,0.763,0.213,0,Luminal B,SOX9
0,2.50789356363772,0.799,0.171,0,Luminal B,TSPAN1
3.13377787896898e-256,2.49594616274091,0.535,0.121,5.65051489356897e-252,Luminal B,DNALI1
1.02268804427163e-289,2.46571716500628,0.707,0.225,1.84400881262617e-285,Luminal B,ARHGAP32
5.99702676064914e-195,2.44927021955963,0.573,0.172,1.08132389521265e-190,Luminal B,CAPS
0,2.43454169209569,0.907,0.382,0,Luminal B,GRB7
0,2.40819961293399,0.898,0.428,0,Luminal B,EZR
0,2.38907132401049,0.532,0.081,0,Luminal B,YBEY
0,2.37378164028436,0.769,0.203,0,Luminal B,CFB
0,2.35802240280331,0.853,0.275,0,Luminal B,NR2F1
2.2664469305491e-291,2.35629695909523,0.654,0.175,4.08663046047307e-287,Luminal B,REEP6
1.44127066533472e-303,2.3506806220077,0.651,0.174,2.59875513666504e-299,Luminal B,SLC30A8
0,2.34735797777568,0.583,0.109,0,Luminal B,ME1
0,2.34675678711288,0.543,0.085,0,Luminal B,PDLIM3
5.06083032826833e-250,2.34190393322665,0.608,0.169,9.12518316490062e-246,Luminal B,COBL
0,2.32942558734641,0.885,0.398,0,Luminal B,NQO1
3.49824395642944e-314,2.3262162701191,0.593,0.124,6.30768367783792e-310,Luminal B,SIAE
0,2.31574368010009,0.838,0.365,0,Luminal B,CAMK2N1
0,2.30693505013165,0.799,0.289,0,Luminal B,ST14
5.16145404961899e-203,2.30234419044545,0.546,0.152,9.30661779686801e-199,Luminal B,YIPF1
2.77618673219224e-247,2.29841468509399,0.612,0.171,5.00574229681582e-243,Luminal B,RASSF7
1.30056680769025e-277,2.28707481641888,0.6,0.147,2.34505201094628e-273,Luminal B,GPT2
2.56021984108385e-270,2.26644522200516,0.658,0.188,4.61633239545829e-266,Luminal B,SHB
4.53233537122208e-287,2.26254804491256,0.631,0.164,8.17225390785053e-283,Luminal B,BCAS4
9.39982421426717e-248,2.26065649592696,0.53,0.118,1.69488230407451e-243,Luminal B,FCGBP
3.72648371975355e-287,2.2576491946119,0.556,0.115,6.71922279508762e-283,Luminal B,XYLT2
6.3061594229703e-221,2.25155028540385,0.615,0.181,1.13706360555577e-216,Luminal B,POFUT2
0,2.24386448388691,0.807,0.301,0,Luminal B,TFAP2A
0,2.24298058831823,0.882,0.337,0,Luminal B,TACSTD2
0,2.24140148463095,0.792,0.286,0,Luminal B,EPS8L2
2.55279716353614e-258,2.2386676904414,0.641,0.179,4.60294856557201e-254,Luminal B,PLCB3
9.16887025552185e-320,2.2379441776695,0.806,0.315,1.65323899577315e-315,Luminal B,MCF2L
3.01428531551873e-209,2.23217134166731,0.543,0.147,5.43505785241183e-205,Luminal B,NDFIP2
1.72922976044436e-321,2.21727665262112,0.836,0.332,3.11797418105723e-317,Luminal B,CLDN4
2.41074389615864e-250,2.21277952675774,0.585,0.153,4.34681231916365e-246,Luminal B,TRIM3
8.1192295939806e-253,2.21173547647482,0.639,0.186,1.46397828809064e-248,Luminal B,CDS1
3.35507112335787e-165,2.19283475564857,0.503,0.15,6.04952874252658e-161,Luminal B,FAM110A
9.12666716681329e-275,2.18292342578539,0.766,0.306,1.6456293568481e-270,Luminal B,KAT7
2.39302878455135e-229,2.1642299638576,0.609,0.173,4.31487020142454e-225,Luminal B,DEPTOR
1.78410753664718e-193,2.16199762177114,0.513,0.134,3.21692429932853e-189,Luminal B,TEAD3
1.2342600519863e-258,2.16007372496082,0.647,0.192,2.22549429973649e-254,Luminal B,CASZ1
2.60490587348381e-292,2.15227756019864,0.788,0.327,4.69690578047866e-288,Luminal B,AMZ2
3.85152660620621e-288,2.14625583908879,0.739,0.251,6.94468762365042e-284,Luminal B,ATP2C2
9.21265001220027e-250,2.13986758708096,0.574,0.147,1.66113292369983e-245,Luminal B,CACNA1D
1.08435786698287e-267,2.12547628303773,0.74,0.253,1.95520566995681e-263,Luminal B,FNBP1L
2.16248066873585e-235,2.11705810966716,0.58,0.154,3.89916889379761e-231,Luminal B,EPS8L1
0,2.1160045990615,0.913,0.43,0,Luminal B,PHB
1.08433769753914e-279,2.11029552585204,0.732,0.245,1.95516930243282e-275,Luminal B,ST3GAL4
2.12287844343899e-248,2.10297227669626,0.692,0.236,3.82776212136485e-244,Luminal B,PCSK6
2.39940837703903e-267,2.09619180752353,0.689,0.203,4.32637324463907e-263,Luminal B,LYPD3
7.84940299988038e-268,2.09479772277313,0.687,0.206,1.41532585490843e-263,Luminal B,SRC
4.51027461649935e-242,2.09263644438705,0.699,0.237,8.13247616100997e-238,Luminal B,FZD6
5.75947464590869e-220,2.09102813751207,0.627,0.198,1.0384908734038e-215,Luminal B,CBLC
3.09620524061967e-271,2.08882124651928,0.74,0.261,5.58276766936133e-267,Luminal B,NTN4
2.14393862776329e-264,2.08242259874601,0.634,0.169,3.86573573971999e-260,Luminal B,VAV3
1.72856644120824e-229,2.07708616916666,0.732,0.271,3.11677815014257e-225,Luminal B,ARHGAP8
5.15043219037762e-199,2.07592259875559,0.507,0.132,9.28674428246989e-195,Luminal B,RAB17
2.05405978287366e-273,2.07433221050448,0.691,0.209,3.7036751944995e-269,Luminal B,C20orf96
6.16367506929706e-283,2.06829584574211,0.832,0.386,1.11137225174495e-278,Luminal B,TMCO3
5.43906567596046e-265,2.06713432287482,0.594,0.145,9.8071793203243e-261,Luminal B,DNAJC12
3.83380940284447e-228,2.05445996722961,0.563,0.148,6.91274173426887e-224,Luminal B,SLC9A8
1.24975648626113e-220,2.05204789449255,0.612,0.184,2.25343592037744e-216,Luminal B,HIST1H2BG
4.12775145883134e-213,2.04660340981877,0.68,0.245,7.44274865541879e-209,Luminal B,SEPHS2
2.29592641158559e-271,2.03686703892749,0.667,0.182,4.13978491272998e-267,Luminal B,ARSG
0,2.02946971756719,0.884,0.403,0,Luminal B,GATA3
2.68141983124464e-302,2.0286638398051,0.812,0.319,4.83486809771721e-298,Luminal B,SLC44A4
1.73896420971289e-255,2.02600005002916,0.772,0.32,3.13552636653332e-251,Luminal B,GIPC1
4.80571005741187e-217,2.01330666646488,0.566,0.157,8.66517580451934e-213,Luminal B,GNA14
1.09546117133744e-233,2.00371107954104,0.602,0.17,1.97522603803855e-229,Luminal B,BICDL2
3.33224570248097e-185,2.00240409742392,0.53,0.156,6.00837222614343e-181,Luminal B,PLCB1
3.86037201284745e-205,2.00102831116637,0.523,0.136,6.96063677636525e-201,Luminal B,SORBS2
1.09498238248806e-211,2.000372251956,0.564,0.161,1.97436273386422e-207,Luminal B,SPATA2
5.61760301456743e-285,1.98521338688433,0.822,0.326,1.01290999955665e-280,Luminal B,LSR
1.47551238026072e-237,1.98031609703798,0.718,0.253,2.66049637284811e-233,Luminal B,FAM83H
5.88037738503269e-299,1.97842659092813,0.872,0.417,1.06029084629524e-294,Luminal B,PLK2
3.16167662363938e-207,1.97323541782971,0.639,0.209,5.70081912008417e-203,Luminal B,KCTD15
7.19407120001024e-263,1.96985107932443,0.741,0.256,1.29716297807385e-258,Luminal B,PLXNB1
8.37705740916072e-207,1.94979030781006,0.562,0.161,1.51046722144577e-202,Luminal B,SLC27A4
3.23143592073887e-202,1.94972286208108,0.626,0.204,5.82660210868425e-198,Luminal B,SS18L1
7.34722044266028e-208,1.94493806164674,0.565,0.16,1.32477731801608e-203,Luminal B,LDLRAD3
2.24373046578391e-217,1.94465105828305,0.678,0.239,4.04567040285496e-213,Luminal B,KLF5
4.36301198186332e-261,1.94240718811459,0.777,0.296,7.86694690449775e-257,Luminal B,GPC1
5.72250359400549e-196,1.94181075881113,0.549,0.16,1.03182462303513e-191,Luminal B,FAAH
1.2545870453176e-203,1.93203607609235,0.602,0.182,2.26214590141217e-199,Luminal B,TOLLIP
2.04419542930684e-282,1.9237967112918,0.82,0.365,3.68588877858316e-278,Luminal B,G6PD
8.4700764179443e-222,1.92243586539978,0.706,0.261,1.52723947891954e-217,Luminal B,C3orf52
4.20453169580613e-175,1.9049272137841,0.541,0.166,7.58119110070804e-171,Luminal B,RASEF
1.74502653646954e-200,1.90433168163561,0.58,0.175,3.14645734790823e-196,Luminal B,PKP3
8.0314732417302e-187,1.89960853692444,0.558,0.168,1.44815494021637e-182,Luminal B,ARHGEF16
6.8277383128023e-230,1.89816680739096,0.714,0.264,1.23110949518138e-225,Luminal B,RNFT1
2.24766258822187e-291,1.88791489142462,0.844,0.349,4.05276041282285e-287,Luminal B,KRT19
1.38440607448401e-235,1.88644573445824,0.76,0.282,2.49622259290213e-231,Luminal B,SERINC2
5.14025995570052e-193,1.88386879962946,0.585,0.183,9.26840272612361e-189,Luminal B,SAPCD2
1.08371622789394e-132,1.88284605115667,0.651,0.274,1.95404873051556e-128,Luminal B,KCTD3
4.81608407802369e-276,1.87903382674534,0.859,0.403,8.68388120108452e-272,Luminal B,LFNG
1.37691871803081e-258,1.87890604322484,0.809,0.349,2.48272214048136e-254,Luminal B,KPNA2
4.16682207561059e-243,1.87205649425498,0.772,0.308,7.51319688453345e-239,Luminal B,KIAA1522
2.92711847840622e-192,1.86451397024774,0.638,0.219,5.27788732841425e-188,Luminal B,BAIAP2
1.65564048590501e-254,1.86336590305884,0.785,0.298,2.98528536013532e-250,Luminal B,PRSS8
1.02145980650155e-175,1.85886473642709,0.507,0.143,1.84179417710295e-171,Luminal B,AK4
7.66867642310333e-233,1.85538207021151,0.609,0.175,1.38273904584976e-228,Luminal B,BAIAP2L1
6.24438350163932e-271,1.84697263700645,0.851,0.385,1.12592478918059e-266,Luminal B,PLEKHF2
2.16954121373295e-211,1.83969068878653,0.73,0.275,3.91189976248187e-207,Luminal B,OCLN
1.25680592171827e-177,1.83880190200735,0.53,0.157,2.26614675745022e-173,Luminal B,C6orf132
1.05960040673792e-227,1.8385145072312,0.523,0.123,1.91056549338914e-223,Luminal B,AREG
1.58312151877446e-264,1.83486778397084,0.836,0.392,2.85452641050223e-260,Luminal B,TANC2
7.39799083134427e-204,1.82906096947241,0.685,0.247,1.33393172679969e-199,Luminal B,TMEM205
7.6475890292029e-175,1.82900635177079,0.598,0.207,1.37893677785557e-170,Luminal B,TMC5
1.3327330171093e-219,1.828487077166,0.668,0.226,2.40305090314978e-215,Luminal B,BCAS3
7.60586159287721e-211,1.82837560873324,0.657,0.224,1.37141290381169e-206,Luminal B,DBNDD1
7.45475294509366e-62,1.81439449486266,0.54,0.27,1.34416650352984e-57,Luminal B,NDRG2
4.8302645648687e-166,1.80186934886935,0.544,0.177,8.70945003691475e-162,Luminal B,SAMD12
1.56191387632672e-244,1.79240239472355,0.81,0.368,2.81628691040471e-240,Luminal B,TBC1D9
2.10952103126762e-207,1.78639528669458,0.705,0.279,3.80367737147865e-203,Luminal B,EPB41L4A
1.03078936981493e-212,1.78363042945925,0.712,0.269,1.85861631271331e-208,Luminal B,PLPP2
4.4844319016325e-202,1.7813142548482,0.699,0.27,8.08587916183357e-198,Luminal B,TMEM132A
7.91879302021308e-211,1.77361218183014,0.702,0.262,1.42783756947462e-206,Luminal B,GRHL2
3.01383838980382e-188,1.77187425055722,0.582,0.187,5.43425200065527e-184,Luminal B,CAMSAP3
2.12769198250845e-173,1.77150460738563,0.507,0.144,3.83644141366099e-169,Luminal B,ZDHHC21
7.9772765260744e-148,1.77110636443004,0.517,0.171,1.43838273041648e-143,Luminal B,PRR15L
1.87729327065627e-198,1.76339270063343,0.735,0.288,3.38494749632033e-194,Luminal B,CLDN3
1.69086697870832e-199,1.76130834250808,0.733,0.295,3.04880224930897e-195,Luminal B,ICA1
5.03416822655773e-169,1.75269013548466,0.559,0.181,9.07710872930624e-165,Luminal B,ATP7B
3.9548923142852e-227,1.75145854526831,0.781,0.36,7.13106633188765e-223,Luminal B,UBE2G2
1.70864776434869e-210,1.74941265404415,0.632,0.208,3.08086278389712e-206,Luminal B,CRACR2A
5.06488292364223e-265,1.74273192015055,0.877,0.376,9.13249039961931e-261,Luminal B,ELF3
2.98053337552773e-181,1.74188297053273,0.726,0.295,5.37419972941404e-177,Luminal B,ITGB4
6.11909363239127e-184,1.73789415908041,0.689,0.254,1.10333377285647e-179,Luminal B,IRX5
6.01279283929063e-200,1.73365528008666,0.742,0.298,1.08416667685249e-195,Luminal B,FOXP4
7.02767929959145e-201,1.72651839207146,0.654,0.224,1.26716085450933e-196,Luminal B,ERMP1
9.45266414018298e-221,1.71771984898753,0.784,0.336,1.70440987111639e-216,Luminal B,KIF16B
1.11204119036937e-150,1.71441119321441,0.502,0.156,2.005121470355e-146,Luminal B,HDHD3
6.31840558306797e-134,1.70901592031585,0.579,0.218,1.13927171068299e-129,Luminal B,MTSS2
4.25988571954881e-141,1.70265692087289,0.522,0.173,7.68099994091845e-137,Luminal B,MYO5C
1.04159146691105e-210,1.70057298510936,0.782,0.366,1.87809357398732e-206,Luminal B,PPP1R9B
1.77720223750873e-172,1.70031898733405,0.598,0.203,3.20447335445198e-168,Luminal B,ETHE1
1.76724529541702e-248,1.69881310930552,0.815,0.338,3.18651999216643e-244,Luminal B,SCCPDH
4.74609079698583e-164,1.69772669146307,0.636,0.227,8.55767631604516e-160,Luminal B,NEBL
8.45044768463997e-186,1.69379360119401,0.506,0.135,1.52370022201743e-181,Luminal B,KLHL7
9.22240388041467e-210,1.69362522838724,0.673,0.232,1.66289164367757e-205,Luminal B,SCAF4
3.05286690129723e-234,1.68968808801826,0.815,0.353,5.50462430972904e-230,Luminal B,SPINT1
6.10282040427534e-189,1.68881127702326,0.688,0.277,1.10039954709489e-184,Luminal B,PCDH1
1.19656534502401e-234,1.68289637762409,0.813,0.371,2.15752697361279e-230,Luminal B,CERS6
1.64457726984613e-147,1.67297827773028,0.628,0.242,2.96533727525956e-143,Luminal B,ZNRF1
0,1.66829504664563,0.961,0.807,0,Luminal B,S100A6
9.86639005715054e-187,1.66546973125914,0.657,0.239,1.77900879120481e-182,Luminal B,SOCS6
1.20116603492603e-168,1.65781647656755,0.704,0.283,2.16582247757513e-164,Luminal B,TSPAN15
9.34238775614175e-193,1.65300936157343,0.801,0.437,1.68452593630992e-188,Luminal B,B4GALT5
9.46411289948132e-152,1.65245121730883,0.523,0.171,1.70647419690548e-147,Luminal B,FHDC1
1.64939271433855e-169,1.65207793661195,0.533,0.16,2.97402000322384e-165,Luminal B,USP54
9.75664877491825e-178,1.6351022145972,0.682,0.258,1.75922134060551e-173,Luminal B,GMDS
2.8410322367895e-206,1.63417883682591,0.794,0.359,5.12266522615515e-202,Luminal B,TSPAN13
0,1.6336112530458,0.905,0.35,0,Luminal B,TFF3
4.64188236183889e-191,1.63344459722653,0.698,0.265,8.3697780866317e-187,Luminal B,SHROOM3
9.54575737472637e-125,1.63319074700924,0.527,0.19,1.72119551223691e-120,Luminal B,HIP1R
1.16220407801715e-156,1.62921232537266,0.672,0.27,2.09557017307273e-152,Luminal B,GLCE
5.28249064093984e-207,1.62320752665609,0.797,0.329,9.52485887467863e-203,Luminal B,CXCL17
2.03174825779788e-258,1.61755885123444,0.831,0.354,3.66344528363536e-254,Luminal B,S100A14
1.21057035161332e-144,1.61135928693696,0.575,0.21,2.18277940099398e-140,Luminal B,PWWP2B
7.16394360639867e-153,1.61012777573678,0.564,0.196,1.29173067166974e-148,Luminal B,CACFD1
3.57186610370206e-149,1.60795818776295,0.533,0.178,6.44043177158518e-145,Luminal B,GTF2IRD1
2.12259452984108e-250,1.6079168634751,0.866,0.365,3.82725019675644e-246,Luminal B,MAL2
1.1531535844851e-173,1.60690896670629,0.713,0.304,2.07925122818508e-169,Luminal B,DBN1
6.87805087100564e-183,1.60465507700709,0.73,0.339,1.24018135255103e-178,Luminal B,ZMYND8
2.43936083058382e-177,1.6033075867851,0.749,0.305,4.39841151362568e-173,Luminal B,CHMP1A
1.34565793244804e-185,1.59558648466298,0.723,0.315,2.42635581799705e-181,Luminal B,ACSS1
1.11819044571991e-212,1.59343889924967,0.82,0.421,2.01620919267756e-208,Luminal B,GPCPD1
1.03631533413252e-131,1.58445307968715,0.628,0.256,1.86858017897435e-127,Luminal B,HEATR6
1.27025821814465e-209,1.58248183728594,0.793,0.342,2.29040259313662e-205,Luminal B,PROM2
6.89460015852804e-138,1.58115707531904,0.564,0.202,1.24316535458419e-133,Luminal B,SOX12
3.72450686008588e-295,1.58029911017569,0.918,0.492,6.71565831942085e-291,Luminal B,CD9
1.04958853584983e-189,1.5801591020219,0.801,0.375,1.89251308899083e-185,Luminal B,ORMDL3
2.81191214683665e-159,1.57945905368309,0.56,0.186,5.07015879196116e-155,Luminal B,RDH13
1.20924593428445e-198,1.57801637254189,0.816,0.369,2.18039134410829e-194,Luminal B,ANKRD50
9.27136021616729e-138,1.57673433760835,0.539,0.188,1.67171896057712e-133,Luminal B,EVPL
1.05796960748091e-195,1.57535703618942,0.747,0.315,1.90762499924883e-191,Luminal B,EI24
4.90862334474117e-188,1.57415271667203,0.717,0.274,8.8507387529028e-184,Luminal B,PADI2
1.84282071758806e-198,1.57243958140589,0.692,0.245,3.32279003588304e-194,Luminal B,TJP3
1.16909416013815e-157,1.57130587234192,0.565,0.191,2.1079936801451e-153,Luminal B,TMEM184A
5.68647608800683e-210,1.56587532808456,0.651,0.206,1.02532850342851e-205,Luminal B,CARD19
1.82682486856624e-142,1.56440917964092,0.549,0.19,3.29394792051179e-138,Luminal B,CYP51A1
4.07850429736605e-165,1.5582904336365,0.694,0.278,7.35395109858072e-161,Luminal B,RAB27B
5.17074027870635e-159,1.55614845902739,0.635,0.246,9.32336179653541e-155,Luminal B,TMEM238
4.95095083554227e-153,1.55387767711016,0.561,0.192,8.92705945156626e-149,Luminal B,PPP1R13L
2.03346972305436e-189,1.55155035151455,0.683,0.256,3.66654925763932e-185,Luminal B,RNF19A
1.88737775051182e-209,1.54894172922229,0.807,0.338,3.40313082194786e-205,Luminal B,ARRDC1
7.07531448626024e-197,1.54494517056387,0.766,0.335,1.27574995501758e-192,Luminal B,DHCR24
1.019896876017e-146,1.54393761607297,0.656,0.283,1.83897605714625e-142,Luminal B,TNIK
1.35057403147576e-214,1.54083176899345,0.83,0.436,2.43522003615394e-210,Luminal B,GET1
3.89485876874527e-200,1.53921740262658,0.816,0.414,7.0228198459246e-196,Luminal B,MYO6
8.66918258536474e-160,1.53579457321582,0.58,0.203,1.56314031196712e-155,Luminal B,IQCE
7.47135351353969e-188,1.53200554601298,0.741,0.309,1.34715975202634e-183,Luminal B,LLGL2
4.33478529587126e-309,1.53043609035083,0.88,0.386,7.81605136698547e-305,Luminal B,S100P
3.06626883531867e-180,1.52988292569892,0.701,0.298,5.52878933696309e-176,Luminal B,DIP2A
1.10966097864929e-264,1.523744258898,0.889,0.463,2.00082971060254e-260,Luminal B,SPINT2
6.78680113682674e-183,1.51473020139494,0.724,0.286,1.22372811298123e-178,Luminal B,ESRP1
1.71547173091923e-191,1.50330162337748,0.525,0.141,3.09316707802046e-187,Luminal B,ASB13
4.39515059428519e-178,1.49967051781933,0.768,0.391,7.92489603655563e-174,Luminal B,GID8
5.77315897384781e-173,1.49892493481214,0.636,0.224,1.0409582945745e-168,Luminal B,PLXNA3
3.26559079144921e-149,1.49775746471304,0.608,0.225,5.88818675606207e-145,Luminal B,MARVELD2
4.70757345967309e-151,1.4975999965982,0.651,0.274,8.48822570513655e-147,Luminal B,RMND1
2.18001388198513e-139,1.49661023146721,0.616,0.249,3.93078303060738e-135,Luminal B,TMEM8A
2.40937981624671e-186,1.49062085854924,0.625,0.213,4.34435274667444e-182,Luminal B,WFDC2
1.8286732990492e-134,1.49003007979416,0.554,0.203,3.29728082551562e-130,Luminal B,CDR2L
1.26622790854791e-148,1.48985339087741,0.636,0.244,2.28313554190274e-144,Luminal B,CRNKL1
2.89404581356902e-190,1.48579732869761,0.58,0.175,5.2182540064463e-186,Luminal B,TTC39A
3.86599436816209e-137,1.48366387220849,0.569,0.21,6.97077444523306e-133,Luminal B,TMEM63B
1.30417166083707e-192,1.48324115427987,0.785,0.36,2.35155192165532e-188,Luminal B,ADGRG1
1.98222686472764e-130,1.47964500639775,0.589,0.233,3.57415325979041e-126,Luminal B,CSE1L
1.45288652072609e-138,1.4787200754614,0.596,0.234,2.61969968552121e-134,Luminal B,TOM1L1
1.47504856152225e-127,1.47836608560173,0.522,0.185,2.65966006128078e-123,Luminal B,CLDN12
2.29400753594344e-116,1.46313503208578,0.657,0.295,4.13632498805962e-112,Luminal B,ATP1A1
4.09837696332324e-140,1.46246618178302,0.645,0.274,7.38978350256813e-136,Luminal B,IQGAP2
1.24032644056232e-161,1.45616720554513,0.696,0.282,2.23643260497793e-157,Luminal B,LRATD2
1.77306188427344e-121,1.45466306466438,0.527,0.193,3.19700788353344e-117,Luminal B,FAM110C
2.91480712992189e-153,1.45419794343242,0.634,0.25,5.25568873596215e-149,Luminal B,TRPM4
1.16535729669558e-196,1.45204054461306,0.853,0.386,2.1012557416718e-192,Luminal B,TUBD1
5.71485771176466e-155,1.44493835499594,0.524,0.164,1.03044599400829e-150,Luminal B,RHOV
5.57635924204601e-163,1.44128579245876,0.744,0.368,1.00547333493332e-158,Luminal B,TPD52
1.06339360360361e-215,1.43978128539656,0.85,0.505,1.91740500665766e-211,Luminal B,PRDX2
5.78076830443442e-188,1.43845692018169,0.812,0.384,1.04233033297257e-183,Luminal B,ALCAM
2.42344004407413e-121,1.43801301455169,0.596,0.24,4.36970474347007e-117,Luminal B,CRAMP1
3.45589001955352e-257,1.43174892795435,0.925,0.565,6.23131529425694e-253,Luminal B,HMGN1
2.54744783384623e-178,1.43040313190948,0.797,0.366,4.59330318920813e-174,Luminal B,DDR1
5.69455819829851e-126,1.42856239593674,0.591,0.234,1.0267857887352e-121,Luminal B,KIAA0232
2.65058231391448e-148,1.424264483885,0.63,0.238,4.77926497021919e-144,Luminal B,DSG2
5.47540648596212e-189,1.42034856687061,0.818,0.5,9.87270543483831e-185,Luminal B,SUMO3
1.21990164000115e-145,1.41991195812112,0.634,0.248,2.19960464708608e-141,Luminal B,BSDC1
2.97428465849092e-129,1.41621625006629,0.668,0.32,5.36293266772498e-125,Luminal B,ARMT1
5.26914751332249e-177,1.4135053712358,0.731,0.281,9.50079988127178e-173,Luminal B,HID1
6.35481822715409e-178,1.40880652533961,0.813,0.388,1.14583727453815e-173,Luminal B,ERGIC1
3.76024756534278e-132,1.40740801029286,0.589,0.232,6.78010238506957e-128,Luminal B,SH3RF1
0,1.40700375527009,0.542,0.08,0,Luminal B,KRT15
1.22560770389751e-149,1.40641810140872,0.601,0.228,2.20989325089759e-145,Luminal B,PCBP4
2.4528486909305e-182,1.40057374147686,0.856,0.42,4.42273147461679e-178,Luminal B,USP32
3.47111332004234e-198,1.39895007164284,0.505,0.119,6.25876442736834e-194,Luminal B,PTGR1
2.8589284461543e-143,1.39726572841589,0.603,0.237,5.15493388126083e-139,Luminal B,LDLR
3.50851267782173e-169,1.3971275994557,0.76,0.363,6.32619920938036e-165,Luminal B,BRWD1
2.85027448208789e-116,1.39384696957919,0.552,0.219,5.13932991865267e-112,Luminal B,ROGDI
5.63740602355905e-171,1.39224666685756,0.768,0.378,1.01648068010793e-166,Luminal B,NANS
1.21349206840522e-144,1.38984543175531,0.688,0.317,2.18804754854146e-140,Luminal B,OSBPL2
1.74885731419287e-154,1.38951983189148,0.604,0.219,3.15336462322116e-150,Luminal B,SLC2A10
1.91211605246986e-103,1.3883927461415,0.513,0.199,3.4477364542084e-99,Luminal B,KIFC2
4.00008131817166e-158,1.38827581229011,0.732,0.358,7.21254662479533e-154,Luminal B,ARFGEF2
1.30336750017536e-112,1.38794580582807,0.637,0.288,2.35010193956619e-108,Luminal B,INTS8
1.35903187963947e-180,1.38731093162629,0.821,0.366,2.45047038217793e-176,Luminal B,CDH1
1.73399499697444e-128,1.38357628160406,0.736,0.33,3.12656637904462e-124,Luminal B,MBOAT7
8.17687321209674e-151,1.38276032484917,0.737,0.342,1.47437200887316e-146,Luminal B,CMTM4
5.15713411101474e-158,1.38069533621119,0.718,0.322,9.29882851557067e-154,Luminal B,TP53INP1
3.76742842616753e-227,1.37903434319042,0.883,0.604,6.79305019522268e-223,Luminal B,ASPH
3.72049608055904e-158,1.37735421568585,0.58,0.192,6.708426482856e-154,Luminal B,MAST4
1.02846678708387e-153,1.37620445664103,0.733,0.367,1.85442846379092e-149,Luminal B,SMARCA4
2.19900626853659e-153,1.37584944687668,0.718,0.322,3.96502820279832e-149,Luminal B,PRELID3B
1.15781443402566e-152,1.375440637825,0.764,0.408,2.08765520599167e-148,Luminal B,MANF
1.70921517436312e-149,1.3700240510304,0.763,0.399,3.08188588089414e-145,Luminal B,SH3GLB2
1.83276589579704e-124,1.36223810568053,0.636,0.271,3.30466018671164e-120,Luminal B,SLC35B2
1.29433019256179e-156,1.36207562468244,0.741,0.347,2.33380677020817e-152,Luminal B,ENY2
1.12522738629773e-126,1.36035434792598,0.552,0.21,2.02889750023343e-122,Luminal B,GNE
1.22693445802484e-167,1.35818336684976,0.765,0.322,2.21228552126458e-163,Luminal B,CRACR2B
2.29222216105372e-161,1.35705057146252,0.706,0.31,4.13310577859595e-157,Luminal B,BEX4
1.37996854971355e-106,1.35525405431575,0.583,0.242,2.4882212919885e-102,Luminal B,PLEKHA6
6.56602871550241e-133,1.35456639287834,0.63,0.266,1.18392063769224e-128,Luminal B,HOXC10
8.52484754071061e-142,1.35391047308732,0.582,0.218,1.53711526006553e-137,Luminal B,PPFIBP2
7.27781080303523e-139,1.349705235393,0.735,0.337,1.31226206589528e-134,Luminal B,SYTL2
2.1896676228119e-142,1.34685766811418,0.63,0.261,3.94818969069213e-138,Luminal B,HK2
6.90718096607046e-123,1.34401522617678,0.553,0.214,1.24543379999217e-118,Luminal B,UCHL3
1.44765978853899e-131,1.34330606111173,0.696,0.331,2.61027536471465e-127,Luminal B,PLEKHJ1
3.17921770801949e-134,1.33819225457568,0.627,0.254,5.73244744932994e-130,Luminal B,KLHDC10
2.09596753767464e-155,1.33506278029155,0.65,0.255,3.77923906718113e-151,Luminal B,GATD1
2.27216599427203e-111,1.33387069023076,0.558,0.22,4.09694250427189e-107,Luminal B,SPTBN2
2.05833766236068e-136,1.33238427697398,0.602,0.228,3.71138863900254e-132,Luminal B,SEMA4B
9.10124423442547e-192,1.33196678598125,0.858,0.506,1.64104534790926e-187,Luminal B,ERGIC3
1.12715039356227e-163,1.33157789933978,0.686,0.27,2.03236487463214e-159,Luminal B,LIMD2
5.43837441991725e-133,1.32466002464303,0.653,0.279,9.80593291655279e-129,Luminal B,TRIQK
4.39212920493045e-170,1.31827749589924,0.801,0.381,7.9194481694101e-166,Luminal B,RAB3D
2.6983945082227e-204,1.31795188431144,0.895,0.448,4.86547513777635e-200,Luminal B,STARD10
7.43664012827846e-154,1.31656061731451,0.779,0.456,1.34090058152989e-149,Luminal B,STT3A
1.10082060349156e-118,1.31635788978069,0.639,0.276,1.98488963015563e-114,Luminal B,AGAP1
9.26342686795626e-152,1.31556573653459,0.775,0.359,1.67028849856119e-147,Luminal B,GALNT7
4.82385353724692e-147,1.31443182788712,0.713,0.316,8.69789031300992e-143,Luminal B,ITPR3
1.00162699520294e-136,1.31380205869876,0.708,0.339,1.80603363505043e-132,Luminal B,SH3BP4
1.59759613183867e-126,1.31093747445786,0.718,0.378,2.88062558531831e-122,Luminal B,ITPR2
5.37543611899477e-150,1.31081666327565,0.649,0.258,9.69244886615948e-146,Luminal B,SRD5A3
3.23714903708845e-119,1.31064403367691,0.628,0.271,5.83690342877418e-115,Luminal B,MEX3D
6.31158334588232e-114,1.30884776393562,0.628,0.284,1.13804159309604e-109,Luminal B,YPEL2
5.66856678467443e-111,1.30475825063597,0.518,0.198,1.02209927694465e-106,Luminal B,MARVELD3
1.18786625270101e-144,1.30398618878846,0.761,0.355,2.14184164024519e-140,Luminal B,AHCY
6.5533469676262e-120,1.29936707337335,0.542,0.209,1.18163399173268e-115,Luminal B,CISH
1.39660996827467e-222,1.2987371660902,0.892,0.466,2.51822743379606e-218,Luminal B,KRT8
2.50381180574041e-128,1.29755886436279,0.702,0.33,4.51462306693054e-124,Luminal B,GART
4.86579823002717e-105,1.29532858418559,0.524,0.207,8.773520788562e-101,Luminal B,ARVCF
5.38741990618126e-103,1.29132884093552,0.603,0.259,9.71405683283543e-99,Luminal B,PNKD
2.83376714877211e-96,1.2907284308175,0.617,0.28,5.10956554595098e-92,Luminal B,YIPF6
7.57918674576094e-141,1.27977740929657,0.678,0.302,1.36660316212815e-136,Luminal B,TECR
1.22402014012474e-114,1.27649404531649,0.536,0.203,2.20703071465892e-110,Luminal B,CEP170B
1.09481192385863e-138,1.26985682638562,0.698,0.322,1.9740553799095e-134,Luminal B,CXXC5
2.2190142391128e-121,1.26835427001229,0.542,0.206,4.00110457454429e-117,Luminal B,DHPS
1.93671762279175e-152,1.26822269367504,0.829,0.434,3.4920955456558e-148,Luminal B,MIDN
1.55641568741355e-139,1.26810373082092,0.628,0.252,2.80637312597538e-135,Luminal B,ABCA2
2.25761837322033e-131,1.26654416174188,0.638,0.28,4.07071168875357e-127,Luminal B,BZW2
9.20799785562649e-142,1.26641908520478,0.778,0.465,1.66029409334801e-137,Luminal B,BHLHE40
5.85143728607795e-128,1.26608945413132,0.664,0.284,1.05507265705272e-123,Luminal B,CTXN1
3.71429672665507e-137,1.26517207211348,0.666,0.296,6.69724842783176e-133,Luminal B,DDX27
2.28355545866593e-141,1.26157098420348,0.598,0.225,4.11747884752054e-137,Luminal B,DENND2D
1.37633530204205e-186,1.2579845890383,0.724,0.284,2.48167018311202e-182,Luminal B,NECTIN2
3.37673337459998e-193,1.25583579772066,0.607,0.177,6.08858794774122e-189,Luminal B,DTNA
4.25801821693323e-146,1.25572208789288,0.779,0.334,7.6776326469523e-142,Luminal B,SPDEF
1.22082206147712e-182,1.25329599829179,0.898,0.42,2.20126425904939e-178,Luminal B,MLPH
4.98936833433723e-92,1.25033715212791,0.536,0.224,8.99633004364345e-88,Luminal B,TMEM268
7.47140264800013e-143,1.2486352034915,0.696,0.282,1.3471686114609e-138,Luminal B,ESRP2
3.79289000996251e-133,1.24374631631298,0.772,0.42,6.8389599769634e-129,Luminal B,NFKBIZ
2.18180426426962e-107,1.2423731769018,0.64,0.285,3.93401126890456e-103,Luminal B,CLMN
4.02356440632937e-121,1.242354793293,0.572,0.22,7.2548889810525e-117,Luminal B,LRP11
1.51701710525765e-132,1.24020331721029,0.777,0.435,2.73533354249007e-128,Luminal B,STK24
5.85407222221918e-97,1.2393443998925,0.627,0.284,1.05554776238834e-92,Luminal B,ETF1
3.02481233382191e-125,1.23627365566212,0.762,0.413,5.45403911911428e-121,Luminal B,YIPF3
1.25350530315914e-111,1.23520546299266,0.559,0.224,2.26019541212625e-107,Luminal B,LMX1B
3.93401214359949e-193,1.2312928947225,0.869,0.447,7.09341729612423e-189,Luminal B,SDC1
9.12771466104328e-163,1.22898763463313,0.792,0.42,1.64581823053271e-158,Luminal B,TXNL4A
5.48778969355669e-136,1.2278836590703,0.55,0.193,9.89503359645206e-132,Luminal B,BLCAP
1.97122165797082e-125,1.22492322147802,0.618,0.256,3.55430977148719e-121,Luminal B,TMEM54
4.41316799777237e-104,1.22268730909374,0.575,0.238,7.95738321678336e-100,Luminal B,HIGD1A
2.80698617579928e-120,1.21678189737139,0.585,0.236,5.06127677358368e-116,Luminal B,TRAF7
2.55293041364945e-112,1.21641339876833,0.537,0.209,4.60318882885133e-108,Luminal B,TMEM150A
3.80874798614662e-123,1.21549043690042,0.608,0.25,6.86755349382098e-119,Luminal B,MAPKAPK3
3.32436475076006e-153,1.21476601430205,0.86,0.435,5.99416208209546e-149,Luminal B,SLC9A3R1
7.77137663077868e-124,1.21175366365568,0.695,0.303,1.4012569202957e-119,Luminal B,TMEM141
1.49720360260703e-146,1.2108180820486,0.545,0.174,2.69960781586074e-142,Luminal B,CTIF
2.21220842676862e-151,1.21027451003393,0.819,0.459,3.9888330143065e-147,Luminal B,CAPNS1
3.0211444829877e-73,1.2038782373961,0.578,0.278,5.44742561727512e-69,Luminal B,FAM111A
1.19229722893124e-92,1.20300338967393,0.535,0.229,2.14983113348591e-88,Luminal B,STK35
1.52285238358741e-129,1.20128096135471,0.797,0.432,2.74585513284645e-125,Luminal B,CCNG2
2.2177363233128e-130,1.2001711249262,0.682,0.291,3.9988003645653e-126,Luminal B,PACSIN3
4.95205690546401e-144,1.199757612529,0.78,0.398,8.92905380624215e-140,Luminal B,NELFCD
4.28083232392661e-124,1.19662816829426,0.693,0.314,7.71876876327208e-120,Luminal B,MBOAT2
1.03047955696366e-150,1.19639750564136,0.825,0.392,1.85805768916117e-146,Luminal B,NHP2
2.54112558538404e-127,1.19422159525309,0.724,0.322,4.58190354300597e-123,Luminal B,ATP8B1
4.83789929897844e-110,1.19358197135336,0.679,0.299,8.72321622598803e-106,Luminal B,MYO5B
7.88152089880707e-135,1.19169804804391,0.728,0.322,1.4211170332639e-130,Luminal B,PAK4
1.5037607979862e-170,1.19023761611894,0.834,0.485,2.71143109484892e-166,Luminal B,CD151
5.19929606113138e-88,1.18840808978626,0.53,0.219,9.37485072782599e-84,Luminal B,ATAD2
1.41845491598536e-193,1.1823283991565,0.891,0.609,2.5576160590132e-189,Luminal B,LASP1
7.53514029503735e-127,1.18215520940385,0.768,0.427,1.35866114659818e-122,Luminal B,DNAJC1
2.34577527724176e-119,1.18200826068205,0.73,0.335,4.22966740239462e-115,Luminal B,MT1E
3.55965497225421e-100,1.17854342430762,0.606,0.276,6.41841388047156e-96,Luminal B,HRAS
2.98236122508869e-92,1.17768314147786,0.649,0.309,5.37749552495743e-88,Luminal B,DLG5
1.90560240079517e-135,1.17612474926785,0.758,0.347,3.43599168887377e-131,Luminal B,KIAA1324
4.89637043460534e-118,1.17516035373726,0.677,0.33,8.82864553063689e-114,Luminal B,ARFIP2
1.35337460524846e-130,1.17408646773829,0.734,0.355,2.4402697507235e-126,Luminal B,PPP1R37
8.86687734397899e-118,1.16552464441257,0.684,0.332,1.59878665389285e-113,Luminal B,ELOVL1
1.43056937149209e-81,1.16471521010344,0.568,0.26,2.57945963373738e-77,Luminal B,HIST3H2A
6.64091974241572e-107,1.16319267471951,0.619,0.26,1.19742423875498e-102,Luminal B,AMH
1.88203391730458e-130,1.16059828553126,0.816,0.384,3.39349535629189e-126,Luminal B,PIK3R3
1.96606563131558e-116,1.15736147663187,0.503,0.18,3.54501293982512e-112,Luminal B,NCAPD3
2.12622859284569e-150,1.15578756732753,0.841,0.541,3.83380277576007e-146,Luminal B,SH3BGRL
7.30892557151803e-130,1.1508518455521,0.704,0.306,1.31787236980042e-125,Luminal B,SERPINB1
7.27559458088262e-82,1.14955377037115,0.526,0.235,1.31186245887894e-77,Luminal B,PLP2
3.14281721478828e-103,1.14849832309533,0.535,0.219,5.66681371998474e-99,Luminal B,MACROD1
4.00099330138313e-179,1.1399388356583,0.886,0.625,7.21419102172392e-175,Luminal B,RHOA
4.44205775624347e-80,1.13529854826869,0.618,0.3,8.0094743402826e-76,Luminal B,LSM14B
1.20427523197776e-119,1.13488546184592,0.801,0.429,2.1714286707791e-115,Luminal B,TC2N
2.40568810683298e-95,1.13296182701534,0.641,0.313,4.33769622543055e-91,Luminal B,ST3GAL1
3.33235911694663e-125,1.13104925688758,0.791,0.424,6.00857672376646e-121,Luminal B,ENO1
5.51805967323423e-106,1.12940415491583,0.724,0.353,9.94961339680863e-102,Luminal B,UQCRQ
3.89811518907354e-91,1.12896321793637,0.517,0.214,7.02869149741849e-87,Luminal B,NOL3
1.96557030241522e-121,1.12790134122189,0.678,0.322,3.54411981228489e-117,Luminal B,EIF3H
1.02699770069722e-101,1.12786518945074,0.523,0.204,1.85177955412715e-97,Luminal B,SFN
9.46604497686688e-136,1.12560045039537,0.796,0.449,1.70682256977887e-131,Luminal B,TRIR
5.20255322736523e-93,1.12465839366517,0.559,0.239,9.38072372426225e-89,Luminal B,HIST2H2BE
4.79125751086613e-75,1.1242513635431,0.503,0.223,8.63911641784271e-71,Luminal B,SLC9A1
1.48201749177664e-115,1.1204839583857,0.768,0.413,2.67222573942246e-111,Luminal B,PDIA6
4.52547952823425e-102,1.12021284375552,0.543,0.219,8.15989213735918e-98,Luminal B,SLC5A6
6.53554040571969e-104,1.11828119473943,0.679,0.315,1.17842329055532e-99,Luminal B,BUD23
1.18891028251872e-126,1.11786842937839,0.77,0.366,2.1437241304095e-122,Luminal B,ASAP2
4.94897223894948e-130,1.11756493740624,0.768,0.364,8.92349184404982e-126,Luminal B,PAFAH1B3
1.50498663802818e-135,1.11746996738071,0.739,0.375,2.71364140702862e-131,Luminal B,TRPS1
3.4914388237307e-100,1.1139116547669,0.585,0.252,6.29541334306883e-96,Luminal B,NECAB3
6.72509391067836e-106,1.11354314781988,0.545,0.216,1.21260168303441e-101,Luminal B,PXMP4
2.70599972591132e-125,1.1126724034316,0.667,0.283,4.87918810579071e-121,Luminal B,SLC35E1
4.38760923093839e-84,1.11181984702897,0.553,0.244,7.91129820430501e-80,Luminal B,FBXL8
2.88871974204456e-107,1.10912456060012,0.627,0.29,5.20865056688056e-103,Luminal B,DDRGK1
5.02992608218432e-96,1.10711341873947,0.505,0.199,9.06945971878655e-92,Luminal B,SRXN1
1.40306597196291e-91,1.10673316021053,0.653,0.308,2.52986825404632e-87,Luminal B,SLC29A1
8.9165139879969e-89,1.10525026236468,0.524,0.217,1.60773663717572e-84,Luminal B,C17orf58
8.58311699917494e-91,1.10472520952653,0.506,0.206,1.54762182612123e-86,Luminal B,SMURF1
2.85846420176296e-102,1.10468133214859,0.642,0.3,5.1540968021988e-98,Luminal B,SIPA1L3
2.88703094829496e-98,1.10083066669334,0.641,0.308,5.20560550287065e-94,Luminal B,RARA
2.04906482210388e-111,1.09824521507124,0.724,0.358,3.69466878073551e-107,Luminal B,DDX1
9.97631656928451e-97,1.09397483239239,0.545,0.229,1.79882964060769e-92,Luminal B,PNPLA7
1.19390030728857e-123,1.08940542565176,0.731,0.385,2.15272164407202e-119,Luminal B,CLCN7
5.0377137883813e-102,1.08933914074158,0.737,0.37,9.08350173183033e-98,Luminal B,SRRT
1.97991881831382e-115,1.08859071033443,0.725,0.336,3.56999162130166e-111,Luminal B,WDR34
3.44511992740271e-96,1.08812796528866,0.528,0.219,6.21189574109983e-92,Luminal B,DNAJB2
7.08132971544291e-87,1.08552217617086,0.531,0.227,1.27683456099151e-82,Luminal B,SMAP1
1.03776377230761e-84,1.08339988600214,0.59,0.272,1.87119185784786e-80,Luminal B,METTL2A
2.2837522977647e-149,1.08329906239677,0.84,0.44,4.11783376809953e-145,Luminal B,CRIP2
1.61384936308335e-156,1.08232234381059,0.865,0.546,2.90993178657559e-152,Luminal B,ATP5F1E
3.26633818834261e-99,1.08119187757327,0.734,0.378,5.88953438740055e-95,Luminal B,CTBP2
5.608547429363e-86,1.07939193131059,0.667,0.34,1.01127718698844e-81,Luminal B,ATIC
7.7037327961412e-134,1.07875727393067,0.855,0.545,1.38906006047222e-129,Luminal B,PKM
3.30648140664099e-111,1.07312144224556,0.723,0.341,5.96191662431436e-107,Luminal B,EPPK1
3.10531401255337e-88,1.07289421562596,0.63,0.315,5.59919169603498e-84,Luminal B,RAP2C
1.44156476914596e-83,1.0714509358421,0.552,0.254,2.59928543524708e-79,Luminal B,GAS8
3.05316064920482e-114,1.06837442655924,0.74,0.404,5.50515396658121e-110,Luminal B,SLC12A7
6.28811058765308e-82,1.06631325357232,0.534,0.238,1.13380922005973e-77,Luminal B,STX10
4.08972791144323e-117,1.06613554355413,0.742,0.363,7.37418839712328e-113,Luminal B,ARPC5L
7.22999192380094e-87,1.06567932674459,0.593,0.272,1.30363984378055e-82,Luminal B,SNX19
2.32379169707634e-108,1.06530056569158,0.728,0.369,4.19002880899835e-104,Luminal B,AAGAB
2.37461153000074e-128,1.06353145823793,0.973,0.68,4.28166204974434e-124,Luminal B,ERBB2
8.23708085881415e-71,1.06081124867461,0.504,0.222,1.48522804965278e-66,Luminal B,TTC9
4.50212751789017e-81,1.06044122193574,0.517,0.223,8.11778612750777e-77,Luminal B,LRRC1
6.44072326667685e-94,1.06020514139519,0.518,0.201,1.1613268122145e-89,Luminal B,CHPT1
4.03900918281154e-104,1.0592842537807,0.637,0.287,7.2827374575275e-100,Luminal B,MYEF2
9.85116997120327e-97,1.05850854439449,0.528,0.209,1.77626445750766e-92,Luminal B,RGL3
8.43380120678392e-91,1.05570873304588,0.578,0.261,1.52069869559521e-86,Luminal B,FEM1C
3.09631580841852e-129,1.0501770264678,0.836,0.592,5.58296703415943e-125,Luminal B,SYNGR2
1.42117235161338e-88,1.04924243727085,0.703,0.369,2.56251586719409e-84,Luminal B,TMEM33
3.74349982254846e-137,1.04760596588284,0.867,0.394,6.74990453003712e-133,Luminal B,ANKRD30A
4.39151933261704e-75,1.04633119823328,0.523,0.233,7.91834850864178e-71,Luminal B,ELMO3
1.29463302457845e-82,1.0450015769036,0.528,0.225,2.33435280661741e-78,Luminal B,PTPN3
1.06567304793008e-97,1.04490462256798,0.558,0.236,1.92151507272274e-93,Luminal B,NUDT22
9.54285498235417e-96,1.04227367965861,0.722,0.422,1.72067218186828e-91,Luminal B,TMEM50B
1.56059336343791e-124,1.0413794400841,0.849,0.511,2.8139058936149e-120,Luminal B,VAMP8
1.40031321915316e-102,1.03910473119604,0.692,0.362,2.52490476545506e-98,Luminal B,TMEM165
1.04815252606578e-65,1.03720275535831,0.534,0.251,1.88992381974921e-61,Luminal B,DNAAF5
1.14747998594395e-92,1.03353589098273,0.6,0.279,2.06902116265553e-88,Luminal B,TMEM41B
2.52568757828372e-100,1.03307897088976,0.645,0.291,4.55406727240338e-96,Luminal B,HIST1H2BH
2.10265989530761e-110,1.03071680719352,0.663,0.308,3.79130605722916e-106,Luminal B,SAMD1
2.5246275384156e-72,1.03050935029034,0.507,0.224,4.55215591451717e-68,Luminal B,ELOC
2.8349042302423e-110,1.03005000078932,0.771,0.432,5.11161581754988e-106,Luminal B,P4HB
2.93416278465808e-98,1.03001659275425,0.572,0.248,5.29058891701698e-94,Luminal B,LARP1
2.89626710837672e-83,1.02990995440548,0.52,0.22,5.22225922311406e-79,Luminal B,CCDC85C
1.31345275220891e-90,1.0291076089363,0.75,0.414,2.36828665750789e-86,Luminal B,MAP2K2
1.66449981526713e-73,1.02710897635279,0.602,0.288,3.00125961690816e-69,Luminal B,MED23
9.30570402846732e-129,1.0268612263297,0.583,0.213,1.67791149337294e-124,Luminal B,TNFRSF12A
2.85467116233946e-140,1.02659271773896,0.872,0.56,5.14725757281428e-136,Luminal B,NDUFA4
1.09858718094885e-113,1.02526316430299,0.72,0.362,1.98086254596888e-109,Luminal B,CENPB
4.1225920741271e-75,1.0237722400012,0.597,0.29,7.43344576885858e-71,Luminal B,TRMT112
3.26884621545071e-75,1.02368936235324,0.672,0.345,5.89405661107917e-71,Luminal B,VPS26A
9.888430185125e-135,1.02293388664824,0.836,0.492,1.78298284667989e-130,Luminal B,LITAF
1.69546950468386e-96,1.02266107696911,0.76,0.407,3.05710106389547e-92,Luminal B,CCNG1
2.41924631130482e-98,1.02254282043456,0.631,0.302,4.36214302391371e-94,Luminal B,PPP1R14B
4.52206722881555e-106,1.01849091718814,0.56,0.23,8.15373942027732e-102,Luminal B,CRELD1
1.39125011918382e-111,1.01810900568393,0.788,0.436,2.50856308990034e-107,Luminal B,EIF3B
2.65099874704461e-108,1.01566042746126,0.606,0.266,4.78001584079614e-104,Luminal B,ZMYND19
2.04518181849429e-106,1.01407895076213,0.565,0.234,3.68766733692705e-102,Luminal B,ABCD3
2.28172574697788e-90,1.01373946376187,0.73,0.391,4.11417969437581e-86,Luminal B,TMEM87B
7.23848592304383e-69,1.01223844115526,0.555,0.263,1.30517139678403e-64,Luminal B,UNC45A
4.85614271401853e-102,1.01210204855266,0.637,0.285,8.75611092764681e-98,Luminal B,BCKDHA
1.06979413162689e-93,1.01200732958967,0.758,0.43,1.92894579873644e-89,Luminal B,ATP5F1D
5.53568807977795e-71,1.01141313210048,0.646,0.334,9.98139917664762e-67,Luminal B,PRPF31
6.43880221987281e-124,1.01126017890135,0.829,0.448,1.16098042826527e-119,Luminal B,HIST1H1D
8.10310333981319e-111,1.01120107438443,0.65,0.304,1.46107056320172e-106,Luminal B,STK39
3.18621815526928e-96,1.01068595502689,0.717,0.399,5.74506995576604e-92,Luminal B,CFAP298
9.20026950685434e-91,1.01061355089329,0.714,0.4,1.65890059478091e-86,Luminal B,PLIN3
6.92189858899795e-91,1.01047116612485,0.659,0.327,1.24808753458222e-86,Luminal B,SRPK1
1.73986530144581e-120,1.01022530731571,0.807,0.41,3.13715112503694e-116,Luminal B,APPBP2
3.27614316559505e-99,1.0091303341607,0.645,0.314,5.90721374188443e-95,Luminal B,NSMF
1.32814774077056e-71,1.00800861423742,0.578,0.289,2.3947831913834e-67,Luminal B,HARS
4.93864951176527e-86,1.00750775866906,0.668,0.324,8.90487893466395e-82,Luminal B,ABHD11
5.32123694885668e-61,1.00394606324822,0.513,0.249,9.59472234248349e-57,Luminal B,ELL2
1.28605891694452e-136,1.00235220320354,0.883,0.589,2.31889283314266e-132,Luminal B,HIST1H1C
0,7.82619406515604,0.678,0.064,0,Luminal A,MUCL1
0,6.9551542834074,0.721,0.211,0,Luminal A,CPB1
0,6.40015168954681,0.916,0.317,0,Luminal A,TFF1
0,4.62340570456036,0.56,0.071,0,Luminal A,AGR3
0,4.58468807308032,0.904,0.352,0,Luminal A,TFF3
0,4.43005225772742,0.506,0.083,0,Luminal A,CALML5
3.55225584990558e-226,4.42929510580164,0.533,0.147,6.40507252296476e-222,Luminal A,SUSD3
0,4.42068256416084,0.721,0.181,0,Luminal A,PLAT
2.2231722590012e-241,4.28535089846164,0.509,0.125,4.00860190020506e-237,Luminal A,TPD52L1
0,4.17160518950005,0.529,0.083,0,Luminal A,FAM3B
3.02616676926844e-255,4.08108355074086,0.528,0.126,5.45648130166792e-251,Luminal A,GREB1
9.95456988706136e-180,3.7069485523933,0.515,0.168,1.79490849633603e-175,Luminal A,GDF15
4.36188664062455e-205,3.67384413445966,0.632,0.235,7.86491780171013e-201,Luminal A,EMP2
5.54110366912991e-174,3.65999853198732,0.577,0.216,9.99116402580814e-170,Luminal A,FAM241A
0,3.48628372226183,0.783,0.281,0,Luminal A,NECTIN2
2.55676251710723e-278,3.45090307460931,0.828,0.459,4.61009849459604e-274,Luminal A,SLC39A6
0,3.37370395653924,0.879,0.388,0,Luminal A,S100P
1.60300704240069e-187,3.36371402893656,0.596,0.212,2.89038199815268e-183,Luminal A,CARD19
1.44981159855096e-170,3.28837790999822,0.648,0.336,2.61415529334724e-166,Luminal A,CD24
1.34625833667909e-198,3.22851109445789,0.557,0.178,2.42743840686607e-194,Luminal A,TTC39A
2.00884925663511e-296,3.21252262740538,0.651,0.184,3.62215609463876e-292,Luminal A,TSPAN1
4.58375100338359e-146,3.18148869226994,0.642,0.354,8.26496143420095e-142,Luminal A,CRABP2
1.56687978922093e-319,3.03216672487156,0.658,0.174,2.82524094794426e-315,Luminal A,DTNA
5.09863918267328e-280,2.97906596400435,0.507,0.104,9.19335631027818e-276,Luminal A,THSD4
7.538143246164e-207,2.94672621216253,0.5,0.126,1.35920260871583e-202,Luminal A,AREG
1.48266712384628e-139,2.92422222002972,0.526,0.197,2.67339709100723e-135,Luminal A,MAST4
0,2.9108457867637,0.813,0.237,0,Luminal A,CEACAM6
1.981806856357e-184,2.79163890246444,0.628,0.261,3.57339594269731e-180,Luminal A,CEACAM5
4.59566747277616e-143,2.7588202814158,0.536,0.204,8.28644802016269e-139,Luminal A,SFN
3.96124219189541e-185,2.72031234496178,0.529,0.166,7.14251579620661e-181,Luminal A,MACC1
7.29883213125517e-152,2.71203184565342,0.692,0.364,1.31605242158662e-147,Luminal A,ELP2
4.23599185366656e-150,2.605707200184,0.58,0.234,7.63791691134617e-146,Luminal A,IER5
6.35383746370658e-249,2.57476821220227,0.789,0.341,1.14566043308093e-244,Luminal A,AGR2
4.53468016631244e-148,2.51863702451477,0.568,0.24,8.17648180787797e-144,Luminal A,CAPN8
1.42799351382061e-295,2.50011343483888,0.809,0.358,2.57481510476995e-291,Luminal A,ALDH3B2
2.37992268832208e-173,2.48000637522882,0.704,0.365,4.29123859931354e-169,Luminal A,S100A14
8.75920551351001e-237,2.46260945925556,0.768,0.356,1.57937234614099e-232,Luminal A,KRT19
1.30299629301528e-106,2.4429184576644,0.509,0.241,2.34943261593585e-102,Luminal A,SPTSSB
3.17280836883202e-236,2.42092652997178,0.761,0.339,5.72089076984101e-232,Luminal A,CLDN4
3.94800334142e-83,2.35569438561819,0.549,0.356,7.11864482491441e-79,Luminal A,ISG15
1.37993749429083e-163,2.34561301678587,0.639,0.283,2.48816529595579e-159,Luminal A,OCLN
1.24493205579005e-237,2.30504787175953,0.758,0.358,2.24473698979504e-233,Luminal A,CLDN7
9.80983243266266e-187,2.24844083782748,0.732,0.346,1.7688108859334e-182,Luminal A,SCCPDH
4.45707178131237e-147,2.24210769074085,0.652,0.296,8.03654612888434e-143,Luminal A,CLDN3
2.21009020645288e-145,2.2337932964438,0.662,0.311,3.98501365125519e-141,Luminal A,SERPINB1
9.9788474819878e-169,2.1919387752527,0.719,0.336,1.79928598947722e-164,Luminal A,LSR
1.58859203742658e-81,2.17261253359953,0.569,0.313,2.86439030268386e-77,Luminal A,MED13L
2.98456316986552e-110,2.16901811905586,0.541,0.247,5.38146585158451e-106,Luminal A,PLEKHA6
2.78729031529675e-103,2.15337904731164,0.514,0.238,5.02576316751157e-99,Luminal A,CD82
1.93790565950281e-166,2.10194954481659,0.717,0.351,3.49423769464952e-162,Luminal A,TACSTD2
5.99333298274279e-128,2.02724725646853,0.842,0.459,1.08065787011835e-123,Luminal A,SCD
8.17318564785283e-45,1.98403711090045,0.525,0.365,1.47370710416434e-40,Luminal A,IFI27
5.08435026924824e-276,1.96676005148766,0.859,0.452,9.16759197048151e-272,Luminal A,STARD10
4.30971087262549e-107,1.92565502771193,0.534,0.236,7.77083967443101e-103,Luminal A,NEBL
8.50310864804982e-97,1.88779565045158,0.612,0.316,1.53319552032986e-92,Luminal A,AUTS2
7.87578490490912e-111,1.8861042049427,0.567,0.271,1.42008277620416e-106,Luminal A,PPP1R1B
1.56150779357794e-195,1.8827425319176,0.817,0.425,2.81555470260039e-191,Luminal A,AZGP1
3.52838985300507e-88,1.87374078025666,0.539,0.267,6.36203974395345e-84,Luminal A,DDA1
9.07818004711439e-134,1.85533544753727,0.644,0.318,1.6368866442952e-129,Luminal A,RAB11FIP1
1.3804520434014e-215,1.85341833325766,0.793,0.402,2.48909307945707e-211,Luminal A,DSP
3.19672321728097e-99,1.84913952668389,0.526,0.223,5.76401163307932e-95,Luminal A,CFB
3.69435797912031e-243,1.84853601545915,0.871,0.475,6.66129687215183e-239,Luminal A,FXYD3
1.98605104463222e-204,1.82754575382364,0.83,0.472,3.58104863857636e-200,Luminal A,KRT8
1.13264741280065e-100,1.81519278349815,0.571,0.29,2.04227655002085e-96,Luminal A,TUBB2A
1.49136088239454e-54,1.79841416106899,0.518,0.349,2.68907280704559e-50,Luminal A,IFI6
3.29416808090384e-133,1.78769938539154,0.715,0.407,5.93971446667771e-129,Luminal A,H2AFJ
5.61777273617258e-108,1.77337378625303,0.659,0.347,1.01294060205928e-103,Luminal A,EPPK1
2.24350391451089e-79,1.71700758170505,0.526,0.27,4.04526190825459e-75,Luminal A,LAD1
1.65482388130658e-65,1.68446139919415,0.589,0.393,2.98381294038389e-61,Luminal A,ORMDL3
1.46299779949122e-122,1.67988422234616,0.696,0.377,2.63793133226262e-118,Luminal A,STRADA
4.77727695208285e-151,1.66598647678004,0.727,0.375,8.6139080723006e-147,Luminal A,CDH1
2.0265035549946e-202,1.66351139269307,0.864,0.424,3.65398856001077e-198,Luminal A,MLPH
9.1704110189223e-140,1.66066963195006,0.765,0.456,1.65351681082188e-135,Luminal A,SDC1
5.55303785394224e-80,1.62902268494263,0.543,0.282,1.00126825544432e-75,Luminal A,FADD
9.27720778017214e-74,1.62740674841999,0.772,0.595,1.67277333484284e-69,Luminal A,PPDPF
1.11259409023818e-92,1.61834798921988,0.6,0.32,2.00611840410846e-88,Luminal A,RAB25
1.74367103824622e-84,1.61311585617201,0.575,0.284,3.14401324906176e-80,Luminal A,NOL11
8.99751968072821e-79,1.6110949574448,0.529,0.266,1.6223427736321e-74,Luminal A,PNKD
1.02745527943039e-105,1.56634626540264,0.655,0.342,1.85260461434094e-101,Luminal A,CXCL17
8.68349881369078e-79,1.55356348041686,0.58,0.309,1.56572167109659e-74,Luminal A,GSDMB
1.6016555075856e-96,1.55083150738256,0.66,0.366,2.8879450457276e-92,Luminal A,SPINT1
8.73490377793967e-99,1.53728176251509,0.649,0.359,1.5749905002003e-94,Luminal A,DNAJC5
5.20290337785449e-88,1.53628865689009,0.597,0.314,9.38135508060943e-84,Luminal A,PRSS8
8.59835325552304e-68,1.53546416336621,0.557,0.307,1.55036907550336e-63,Luminal A,NAT10
9.74712902333781e-73,1.53389631276203,0.625,0.348,1.75750483419804e-68,Luminal A,TSTA3
9.79916611539065e-108,1.53275662277373,0.674,0.337,1.76688764226609e-103,Luminal A,EHF
2.87648059926018e-80,1.52460221951825,0.557,0.296,5.18658216852603e-76,Luminal A,TSPAN15
2.32960135271406e-193,1.51796286172242,0.879,0.57,4.20050419907872e-189,Luminal A,HMGN1
9.00275135614784e-98,1.51725240233034,0.66,0.381,1.62328609702702e-93,Luminal A,TBC1D9
1.45076516017793e-80,1.51482978921863,0.557,0.293,2.61587466031682e-76,Luminal A,SLC35E1
3.58859305009819e-88,1.50425979524819,0.649,0.346,6.47059212863205e-84,Luminal A,GALNT3
1.09805902255765e-90,1.50002843827818,0.584,0.302,1.9799102235737e-86,Luminal A,GALNT6
3.86919697314628e-85,1.49498437444234,0.692,0.444,6.97654906228005e-81,Luminal A,BAG1
1.07737286871325e-74,1.49246257835515,0.536,0.277,1.94261101957687e-70,Luminal A,LNX2
3.40042119953907e-165,1.49159141747575,0.813,0.532,6.13129946488889e-161,Luminal A,CCND1
1.39372092781211e-93,1.48633186001237,0.663,0.402,2.51301820493801e-89,Luminal A,IER5L
8.22633873149202e-99,1.48320119485639,0.778,0.618,1.48329113667533e-94,Luminal A,LASP1
1.10038735624816e-196,1.48193109147184,0.888,0.542,1.98410844205105e-192,Luminal A,CYB561
8.92082294225979e-109,1.46681339320524,0.715,0.406,1.60851358471886e-104,Luminal A,NR2F6
3.34988038345009e-112,1.45367793959453,0.749,0.441,6.04016931939886e-108,Luminal A,EZR
6.68317103001694e-69,1.44656922956665,0.532,0.288,1.20504256842235e-64,Luminal A,ACADSB
2.04372497638361e-63,1.43291359804697,0.511,0.27,3.68504050491728e-59,Luminal A,ATP2C2
2.83726924091549e-61,1.41373094145711,0.521,0.282,5.11588016829471e-57,Luminal A,TBX3
7.62929937678784e-85,1.4078691546214,0.601,0.316,1.37563897062862e-80,Luminal A,ZNF512B
1.18042772509534e-30,1.40748366199728,0.555,0.366,2.1284292311194e-26,Luminal A,ATP5MF
7.29159146414944e-54,1.40684473522267,0.568,0.351,1.31474685690079e-49,Luminal A,SYTL2
1.95021531873457e-37,1.40450171124324,0.525,0.326,3.51643324121031e-33,Luminal A,MAPK13
2.90497625354998e-80,1.38062347197787,0.69,0.473,5.23796268277596e-76,Luminal A,ABRACL
3.73988780360429e-64,1.37974822479888,0.535,0.293,6.7433916986789e-60,Luminal A,ZGPAT
1.03887358048328e-53,1.37087327962097,0.568,0.356,1.8731929529694e-49,Luminal A,RABEP1
1.08298086692382e-119,1.36894703070383,0.737,0.397,1.95272280115034e-115,Luminal A,GRB7
2.01693192656355e-61,1.3620163911794,0.605,0.355,3.63672995678674e-57,Luminal A,ARRDC1
7.56178776817181e-82,1.36015691671542,0.751,0.497,1.36346595247906e-77,Luminal A,ZNF217
1.84872227249732e-48,1.35977093960952,0.576,0.371,3.33343112953991e-44,Luminal A,DCAF10
3.91062903570504e-61,1.35477163232143,0.519,0.28,7.05125521427977e-57,Luminal A,SHROOM3
4.54020515754324e-85,1.34507373826339,0.618,0.335,8.18644391956621e-81,Luminal A,SLC44A4
1.47127777893927e-76,1.3381808726803,0.674,0.406,2.65286096320539e-72,Luminal A,ISYNA1
3.73124530883801e-66,1.33766894357282,0.772,0.585,6.72780841636581e-62,Luminal A,BST2
1.15373119031937e-53,1.33609291107796,0.527,0.308,2.08029270926486e-49,Luminal A,SLC25A16
1.12127152458366e-66,1.33226666147887,0.676,0.405,2.0217646859768e-62,Luminal A,NHP2
2.80733524479785e-63,1.31952239884373,0.594,0.381,5.061906179895e-59,Luminal A,QSOX1
4.08762909520769e-93,1.31852319713177,0.704,0.379,7.37040402156898e-89,Luminal A,MAL2
2.75443832597242e-37,1.31757845694786,0.514,0.326,4.96652774556086e-33,Luminal A,SLC7A1
1.61846606407142e-111,1.31464803627341,0.776,0.43,2.91825616012717e-107,Luminal A,PSMD12
2.14913831244819e-51,1.31346616503967,0.512,0.293,3.87511129117533e-47,Luminal A,RAB27B
1.26405251940064e-56,1.31028144382674,0.553,0.337,2.27921309773129e-52,Luminal A,MAP7
1.29539970397091e-46,1.30628566838719,0.598,0.384,2.33573520622995e-42,Luminal A,PPM1G
5.64212495701793e-59,1.29529760294391,0.504,0.272,1.0173315509999e-54,Luminal A,FDPS
7.26340853639222e-34,1.28876339233199,0.504,0.319,1.30966519319688e-29,Luminal A,TMEM141
8.87256068756645e-61,1.28065801642245,0.547,0.307,1.59981141757511e-56,Luminal A,NEDD4L
2.21742592792333e-59,1.27829155647221,0.58,0.33,3.99824069063856e-55,Luminal A,ERBB3
5.37456700986906e-55,1.27366646995756,0.618,0.398,9.6908817754949e-51,Luminal A,SPTSSA
2.66074560122574e-85,1.26518840136959,0.731,0.462,4.79759039357013e-81,Luminal A,CREB3L1
1.14450285786745e-80,1.2645679639462,0.704,0.48,2.06365310302081e-76,Luminal A,SMIM14
1.40838654907321e-81,1.26407447447134,0.658,0.356,2.5394617866339e-77,Luminal A,KIAA1324
1.36012755814061e-58,1.2635618173965,0.584,0.354,2.45244600008334e-54,Luminal A,ATP1B1
2.51476053545611e-54,1.25899071708491,0.659,0.448,4.53436472148091e-50,Luminal A,MIDN
5.21694912279045e-87,1.25027097024179,0.721,0.432,9.40668096330346e-83,Luminal A,USP32
7.67475331604474e-132,1.23366040373989,0.834,0.55,1.38383477041603e-127,Luminal A,CCDC47
1.64145105542601e-127,1.22993785927133,0.855,0.492,2.95970039803863e-123,Luminal A,MUC1
1.20615598755909e-78,1.22903923405745,0.656,0.378,2.1748198611678e-74,Luminal A,DDR1
3.39436636999928e-49,1.22885361141159,0.542,0.324,6.1203820017457e-45,Luminal A,ATXN7L3
1.06204159061825e-65,1.22703551129762,0.615,0.341,1.91496719204377e-61,Luminal A,CAPN13
3.96080060239951e-107,1.22493656832656,0.794,0.492,7.14171956618656e-103,Luminal A,SMARCD2
2.93002496038273e-39,1.22448547812895,0.506,0.31,5.2831280060661e-35,Luminal A,GPD1L
4.25882620976461e-56,1.22021094754769,0.595,0.374,7.67908953882658e-52,Luminal A,F11R
1.97447593213642e-47,1.21626525433992,0.638,0.392,3.56017755323518e-43,Luminal A,JPT2
5.83008115449699e-107,1.21600486825161,0.735,0.411,1.05122193296735e-102,Luminal A,NQO1
3.97816293408664e-48,1.20974153482631,0.537,0.322,7.17302558645161e-44,Luminal A,SUCO
8.94321278909571e-118,1.20896102717649,0.79,0.402,1.61255069800185e-113,Luminal A,ANKRD30A
1.55743945346738e-55,1.20789623520458,0.559,0.31,2.80821907854703e-51,Luminal A,MYO5B
4.91506899828944e-100,1.19980188448167,0.758,0.435,8.8623609108157e-96,Luminal A,PERP
4.96191786233611e-89,1.19425362344836,0.536,0.235,8.94683409757823e-85,Luminal A,STEAP4
6.81085101323576e-64,1.19411605016389,0.61,0.374,1.22806454619654e-59,Luminal A,CMIP
1.4419437775636e-71,1.18609418040349,0.706,0.426,2.59996882532492e-67,Luminal A,SRP9
2.68208463588552e-58,1.18005103108343,0.602,0.369,4.83606680696518e-54,Luminal A,SLC50A1
1.58585321114147e-57,1.17923341406292,0.562,0.329,2.85945192500919e-53,Luminal A,ITPR3
1.62189085369882e-118,1.17653551808459,0.834,0.553,2.92443139830434e-114,Luminal A,PSMC5
5.25780504845284e-44,1.17519948870092,0.519,0.297,9.48034828286531e-40,Luminal A,ESRP2
2.71585624811867e-45,1.17461961383733,0.521,0.319,4.89696040098277e-41,Luminal A,RARA
4.0131663112236e-69,1.17380497001556,0.653,0.391,7.23614017576728e-65,Luminal A,TSTD1
1.74619996366575e-58,1.17369130781509,0.602,0.377,3.14857315448571e-54,Luminal A,BRWD1
2.93144035201538e-56,1.16358096998743,0.631,0.397,5.28568009871893e-52,Luminal A,CANT1
4.17188321228422e-87,1.16161959892116,0.725,0.467,7.52232262006967e-83,Luminal A,DDX42
3.10079599992056e-44,1.15654234018975,0.602,0.397,5.59104526745677e-40,Luminal A,PSMB5
1.01825006792026e-31,1.15473490096482,0.542,0.372,1.83600669746702e-27,Luminal A,TCIM
1.41456368235696e-88,1.15448630095303,0.796,0.558,2.55059977565783e-84,Luminal A,S100A16
5.60094757162782e-45,1.15341634320885,0.598,0.392,1.00990685664021e-40,Luminal A,NANS
1.72582811216387e-64,1.15289680801857,0.644,0.396,3.11184066904268e-60,Luminal A,FADS2
2.19900287519947e-51,1.15124225245632,0.556,0.351,3.96502208427216e-47,Luminal A,AGPS
3.53784260114477e-68,1.15085732241292,0.679,0.467,6.37908399412414e-64,Luminal A,C1orf21
5.9006697687438e-24,1.14941434060064,0.527,0.376,1.0639497660022e-19,Luminal A,SSRP1
7.36272100970317e-31,1.14466691623895,0.562,0.372,1.32757222525958e-26,Luminal A,NARS
1.1539897562481e-32,1.1440939637693,0.54,0.412,2.08075892949096e-28,Luminal A,EIF2AK2
1.36744102365921e-45,1.13909045586194,0.523,0.301,2.46563290975993e-41,Luminal A,INPP4B
3.2046382327944e-105,1.13684080341153,0.77,0.442,5.77828319755157e-101,Luminal A,PHB
1.06720137662734e-96,1.13283259481367,0.785,0.473,1.92427080219675e-92,Luminal A,SPINT2
6.03884194662132e-59,1.13279727597844,0.628,0.373,1.08886359139529e-54,Luminal A,ADGRG1
4.91439593528255e-22,1.1282230678228,0.522,0.388,8.86114731090797e-18,Luminal A,NUCB2
1.26820311795873e-32,1.12515147924959,0.519,0.338,2.28669704199139e-28,Luminal A,LAMTOR2
5.8901776274544e-55,1.1205765702446,0.698,0.476,1.0620579280063e-50,Luminal A,CLTC
9.51602850980349e-50,1.11841737487046,0.66,0.428,1.71583510060267e-45,Luminal A,UHMK1
2.66242985430755e-37,1.11745521676412,0.526,0.338,4.80062727030195e-33,Luminal A,TUBA1C
2.99286841881203e-60,1.11646567670596,0.582,0.323,5.39644104595997e-56,Luminal A,TFAP2C
2.51557815734297e-46,1.11522191408853,0.645,0.418,4.5358389755051e-42,Luminal A,SLC2A4RG
1.17484060404354e-42,1.11290315453402,0.587,0.381,2.11835509315091e-38,Luminal A,DBI
8.58287444358149e-44,1.10714991714157,0.506,0.306,1.54757809092218e-39,Luminal A,DLG3
4.85920117726285e-37,1.10622361523373,0.513,0.322,8.76162564272264e-33,Luminal A,PYCR1
1.22713228416708e-38,1.10453639980196,0.554,0.351,2.21264222158166e-34,Luminal A,TIMM23
6.62690621166692e-47,1.09773578405595,0.59,0.39,1.19489745902566e-42,Luminal A,CTBP2
2.7012570529922e-32,1.09613154751688,0.546,0.363,4.87063659225023e-28,Luminal A,PPP1R7
1.78771480826633e-61,1.09361987071236,0.687,0.449,3.22342857078502e-57,Luminal A,GET1
1.17835184257967e-36,1.09147795139608,0.537,0.34,2.1246862073554e-32,Luminal A,GIPC1
3.35832522169166e-52,1.08740739404524,0.636,0.386,6.05539620723224e-48,Luminal A,CERS6
8.25820979657375e-43,1.07581762792714,0.667,0.488,1.48903780842021e-38,Luminal A,ANXA4
4.17058484431921e-41,1.06801379962535,0.543,0.327,7.51998153279197e-37,Luminal A,ACE
1.58196576266523e-45,1.06510526053417,0.532,0.311,2.85244246666168e-41,Luminal A,ST14
8.52664016923652e-38,1.06367134148828,0.562,0.369,1.53743848891504e-33,Luminal A,SORBS3
1.53006433190821e-26,1.06122989747127,0.547,0.373,2.7588589968637e-22,Luminal A,USP14
1.44773961966983e-51,1.05998741219138,0.598,0.377,2.61041930822666e-47,Luminal A,CKAP5
1.20149241632026e-42,1.05942788439928,0.643,0.424,2.16641097586706e-38,Luminal A,STXBP2
1.21560078546345e-54,1.05629409280486,0.666,0.422,2.19184977626915e-50,Luminal A,APPBP2
7.9320014203246e-30,1.05624234668891,0.527,0.347,1.43021917609873e-25,Luminal A,VDAC1
2.81430129154705e-60,1.05601227977988,0.594,0.319,5.07446665878849e-56,Luminal A,TFAP2A
1.52402547741474e-50,1.05550358876851,0.655,0.424,2.74797033832652e-46,Luminal A,ATP6V1G1
7.25040743643697e-44,1.05529612522186,0.581,0.367,1.30732096486395e-39,Luminal A,SEC16A
3.60104314958962e-40,1.05310508434048,0.53,0.313,6.49304090302505e-36,Luminal A,SPR
4.31355162969607e-54,1.05062895435879,0.604,0.358,7.77776494350499e-50,Luminal A,PROM2
1.63395426388375e-46,1.04683775064093,0.588,0.371,2.94618293320879e-42,Luminal A,EFNA1
1.61941879056919e-44,1.04493301960341,0.633,0.418,2.9199740212753e-40,Luminal A,RTF2
1.75439375143122e-48,1.04401987044568,0.621,0.418,3.16334737320563e-44,Luminal A,PLEKHB2
1.82688956898241e-69,1.04101223983811,0.692,0.418,3.29406458183219e-65,Luminal A,POMP
1.36209337445885e-48,1.03223774230573,0.623,0.385,2.45599056348675e-44,Luminal A,NAPRT
1.05998141794921e-88,1.03209389123805,0.844,0.715,1.91125249470422e-84,Luminal A,HSPB1
9.2979896429182e-50,1.0319438818396,0.578,0.343,1.67652051251458e-45,Luminal A,ARFGEF3
7.19571920579131e-68,1.02882404613069,0.738,0.505,1.29746012999623e-63,Luminal A,PBX1
4.89859752730936e-65,1.02810610635689,0.72,0.417,8.83266120149151e-61,Luminal A,GATA3
4.49231978109519e-42,1.02459628533151,0.636,0.459,8.10010179729273e-38,Luminal A,KMT5B
2.59991245960447e-46,1.02391376007297,0.639,0.416,4.68790215591282e-42,Luminal A,RAB1B
6.61835412224665e-49,1.02388735549665,0.583,0.355,1.19335543178229e-44,Luminal A,AP1S1
6.18160707208983e-30,1.02129936944215,0.506,0.329,1.11460557116852e-25,Luminal A,BUD23
1.81808069438224e-39,1.02113753808607,0.607,0.381,3.27818130004062e-35,Luminal A,SRRT
1.01128967627739e-42,1.01936735593071,0.576,0.368,1.82345641529576e-38,Luminal A,DCTPP1
1.6586720997215e-29,1.01792813437702,0.514,0.332,2.99075166300784e-25,Luminal A,RHBDD2
1.33460299413575e-32,1.01756567308162,0.5,0.316,2.40642265872617e-28,Luminal A,MCM4
5.2422025391643e-28,1.01710312949967,0.516,0.344,9.45221539836715e-24,Luminal A,ERH
1.88898155511652e-41,1.01692118647166,0.56,0.357,3.4060226420306e-37,Luminal A,PAWR
1.44849118635261e-89,1.01534220501656,0.803,0.446,2.61177445811238e-85,Luminal A,FOXA1
6.98472233652308e-50,1.01427689264828,0.63,0.402,1.25941528449848e-45,Luminal A,LSM4
4.88674199450323e-52,1.01167171340227,0.676,0.423,8.81128449028878e-48,Luminal A,MED13
1.33727228156591e-39,1.01143759562367,0.596,0.404,2.4112356508915e-35,Luminal A,DNAJA1
3.61927323849786e-32,1.01115718770521,0.54,0.361,6.52591157633549e-28,Luminal A,BABAM1
2.28111431090194e-36,1.01009817552266,0.504,0.318,4.11307721398729e-32,Luminal A,PSMG3
2.31820049468454e-38,1.00553898457525,0.596,0.369,4.1799473119657e-34,Luminal A,AHCY
1.08923792221895e-35,1.00399865849248,0.594,0.381,1.96400489755299e-31,Luminal A,ASAP2
4.48076123250323e-21,1.00375085445972,0.513,0.364,8.07926057832657e-17,Luminal A,CKLF
1.17574217215275e-40,1.00057946912824,0.629,0.418,2.11998071060863e-36,Luminal A,ENSA
5.32784692721333e-57,1.00017550007429,0.596,0.349,9.60664079445836e-53,Luminal A,DHCR24
0,5.31175182988426,0.694,0.082,0,CD4 T-cells,IGHG3
0,5.27051885870019,0.702,0.067,0,CD4 T-cells,CCL19
0,4.94508996337975,0.804,0.114,0,CD4 T-cells,IL7R
0,4.83291613636642,0.637,0.057,0,CD4 T-cells,SELL
0,4.76405136617879,0.534,0.041,0,CD4 T-cells,RIPOR2
0,4.72816643237362,0.543,0.039,0,CD4 T-cells,TBC1D10C
0,4.70443340891018,0.705,0.073,0,CD4 T-cells,LTB
0,4.63112238785192,0.501,0.043,0,CD4 T-cells,PTPRC
0,4.51465780687116,0.798,0.163,0,CD4 T-cells,TRAC
0,4.48737096270803,0.773,0.136,0,CD4 T-cells,TRBC2
0,4.45080601158422,0.661,0.086,0,CD4 T-cells,TRBC1
0,4.42363887355657,0.683,0.083,0,CD4 T-cells,TMC8
0,4.39071192179966,0.507,0.05,0,CD4 T-cells,ZAP70
0,4.36625351680385,0.556,0.052,0,CD4 T-cells,ACAP1
0,4.29200946696679,0.662,0.084,0,CD4 T-cells,ARHGAP15
0,4.19550482314999,0.659,0.093,0,CD4 T-cells,IL2RG
0,4.17167335533901,0.536,0.049,0,CD4 T-cells,JAK3
0,4.14413445584464,0.669,0.112,0,CD4 T-cells,CD2
0,4.0910453517285,0.772,0.16,0,CD4 T-cells,CD52
0,4.04344349560895,0.509,0.064,0,CD4 T-cells,BIRC3
0,4.03843996687988,0.668,0.103,0,CD4 T-cells,CYTIP
0,4.03385972110362,0.582,0.076,0,CD4 T-cells,SPOCK2
0,3.96148601875693,0.513,0.055,0,CD4 T-cells,GBP5
0,3.91562438215001,0.545,0.077,0,CD4 T-cells,CD3E
0,3.91068423532721,0.521,0.056,0,CD4 T-cells,CD69
0,3.90945358295546,0.557,0.079,0,CD4 T-cells,TRAF3IP3
0,3.90877222087253,0.63,0.121,0,CD4 T-cells,PTK2B
0,3.87417030973958,0.593,0.078,0,CD4 T-cells,ARHGAP9
0,3.87414843405783,0.533,0.07,0,CD4 T-cells,CD3D
0,3.85225879812033,0.744,0.153,0,CD4 T-cells,IKZF1
0,3.84179201119263,0.503,0.068,0,CD4 T-cells,CD96
0,3.78462083559688,0.676,0.135,0,CD4 T-cells,CCL5
0,3.7332167766836,0.536,0.069,0,CD4 T-cells,SEPTIN1
0,3.72942140028007,0.753,0.198,0,CD4 T-cells,RESF1
0,3.71108034403161,0.911,0.366,0,CD4 T-cells,BTG1
0,3.70389434472302,0.513,0.098,0,CD4 T-cells,CYFIP2
0,3.65532659312697,0.509,0.104,0,CD4 T-cells,RASSF5
0,3.63317055511265,0.607,0.137,0,CD4 T-cells,FCHSD2
0,3.5897302447279,0.815,0.277,0,CD4 T-cells,ARHGEF1
0,3.58469381613798,0.705,0.171,0,CD4 T-cells,TNFAIP3
0,3.58131684480799,0.807,0.281,0,CD4 T-cells,STK17B
0,3.56445020918966,0.789,0.235,0,CD4 T-cells,STK4
0,3.51638827273495,0.553,0.085,0,CD4 T-cells,PIK3CD
0,3.47486644964844,0.541,0.089,0,CD4 T-cells,ARHGAP25
0,3.43567255387782,0.907,0.42,0,CD4 T-cells,LYZ
0,3.40909271682808,0.714,0.18,0,CD4 T-cells,CIITA
0,3.39132290080936,0.533,0.107,0,CD4 T-cells,SEMA4D
0,3.38666669577697,0.525,0.102,0,CD4 T-cells,PAG1
0,3.37672131696639,0.521,0.079,0,CD4 T-cells,CD48
0,3.33892615602982,0.526,0.087,0,CD4 T-cells,LPXN
0,3.33242194195996,0.755,0.212,0,CD4 T-cells,CORO1A
0,3.32679583152631,0.672,0.159,0,CD4 T-cells,ARHGAP45
0,3.30265085912152,0.509,0.079,0,CD4 T-cells,JAML
0,3.28002764848131,0.536,0.085,0,CD4 T-cells,IL16
0,3.24958847991647,0.524,0.089,0,CD4 T-cells,GPR183
0,3.22228966925236,0.664,0.111,0,CD4 T-cells,PRDM1
0,3.21136417576896,0.773,0.265,0,CD4 T-cells,AKNA
0,3.19682121160249,0.575,0.134,0,CD4 T-cells,CYLD
0,3.17395272218637,0.613,0.168,0,CD4 T-cells,STAT5B
0,3.15847306191448,0.696,0.191,0,CD4 T-cells,CD53
0,3.14889790515221,0.556,0.103,0,CD4 T-cells,ANKRD44
0,3.14295271670217,0.833,0.371,0,CD4 T-cells,CXCR4
2.38545652054481e-281,3.13873720799199,0.503,0.126,4.30121665219435e-277,CD4 T-cells,INPP4A
0,3.112685704236,0.633,0.184,0,CD4 T-cells,DEF6
0,3.10476928270763,0.868,0.391,0,CD4 T-cells,LCP1
0,3.10264536234422,0.64,0.161,0,CD4 T-cells,FYB1
0,3.0977334253555,0.515,0.094,0,CD4 T-cells,SASH3
0,3.07096446631116,0.61,0.154,0,CD4 T-cells,IRF8
0,3.06491135098369,0.515,0.113,0,CD4 T-cells,GPSM3
0,3.04896615430164,0.5,0.08,0,CD4 T-cells,RASGRP2
0,3.04124519224991,0.624,0.131,0,CD4 T-cells,GIMAP7
0,3.03003139803262,0.781,0.258,0,CD4 T-cells,IL32
0,3.00815562503709,0.595,0.123,0,CD4 T-cells,DOCK2
1.14009437656624e-314,2.98478679568347,0.533,0.131,2.05570417038658e-310,CD4 T-cells,CSF2RA
0,2.9631561266841,0.608,0.136,0,CD4 T-cells,RAC2
0,2.95516261148745,0.696,0.183,0,CD4 T-cells,HCLS1
0,2.95263707431434,0.628,0.169,0,CD4 T-cells,CD37
8.79436849597419e-322,2.94102049979526,0.664,0.235,1.58571258350911e-317,CD4 T-cells,CNTRL
6.69612910188807e-303,2.93550913928113,0.513,0.123,1.20737903836144e-298,CD4 T-cells,TNFAIP8
7.04150125787814e-302,2.93522598979457,0.599,0.189,1.26965309180801e-297,CD4 T-cells,SEPTIN6
0,2.89639251265459,0.767,0.287,0,CD4 T-cells,ETS1
0,2.86062628199142,0.654,0.192,0,CD4 T-cells,GIMAP4
7.26277327313439e-302,2.79572665773451,0.562,0.158,1.30955064887886e-297,CD4 T-cells,STK17A
1.3042570131825e-313,2.78873302696576,0.581,0.158,2.35170582046936e-309,CD4 T-cells,KCNAB2
0,2.77733012676324,0.562,0.14,0,CD4 T-cells,BTN3A2
0,2.77512096391858,0.522,0.116,0,CD4 T-cells,EVI2B
2.66159994366299e-315,2.77356695367338,0.678,0.246,4.79913085841874e-311,CD4 T-cells,CTSH
1.45089818732052e-278,2.75625664618855,0.57,0.174,2.61611452155763e-274,CD4 T-cells,STK10
0,2.74007845960249,0.527,0.106,0,CD4 T-cells,CLEC10A
1.13065593579404e-313,2.7312653865235,0.563,0.147,2.03868571783024e-309,CD4 T-cells,PIK3IP1
4.91775556226231e-307,2.729518221976,0.512,0.116,8.86720505431517e-303,CD4 T-cells,ITGA4
2.62722430475176e-305,2.71370986866186,0.513,0.117,4.7371481438979e-301,CD4 T-cells,SLA
6.66435564443072e-243,2.70042111928321,0.503,0.142,1.2016499662473e-238,CD4 T-cells,ST8SIA4
1.70023975176209e-297,2.69687873781158,0.601,0.178,3.06570229640223e-293,CD4 T-cells,CHST11
2.43080297753893e-321,2.69143802686489,0.534,0.12,4.38298084880045e-317,CD4 T-cells,CYTH4
8.69508338804231e-232,2.68709303391865,0.503,0.151,1.56781048569791e-227,CD4 T-cells,NLRC5
1.00462469795501e-228,2.68209682908589,0.573,0.213,1.81143879288268e-224,CD4 T-cells,PTPN6
1.19954848223347e-258,2.67078747940358,0.605,0.225,2.16290586831516e-254,CD4 T-cells,CLEC2D
0,2.66312223483417,0.643,0.19,0,CD4 T-cells,ADA2
7.48792214760323e-301,2.6213562613881,0.525,0.126,1.35014724243434e-296,CD4 T-cells,DOCK10
3.37253162376402e-318,2.5719809021822,0.632,0.189,6.0810117708089e-314,CD4 T-cells,ARHGAP4
0,2.56994077220034,0.706,0.25,0,CD4 T-cells,DPYD
1.31105149486496e-248,2.56788746215455,0.567,0.188,2.36395695039101e-244,CD4 T-cells,SERPINB9
7.4231239316258e-302,2.56121902854629,0.538,0.132,1.33846347611145e-297,CD4 T-cells,PLEK
1.99471682987156e-283,2.51431796799412,0.611,0.196,3.59667391594142e-279,CD4 T-cells,SMAP2
0,2.49396190785933,0.973,0.841,0,CD4 T-cells,CD74
0,2.4924164829701,0.841,0.469,0,CD4 T-cells,ARHGDIB
1.09703919840429e-287,2.48221686264848,0.598,0.181,1.97807137864278e-283,CD4 T-cells,APBB1IP
9.67416543989786e-297,2.44300244102172,0.592,0.172,1.74434877046798e-292,CD4 T-cells,FMNL1
1.93550917321561e-275,2.41751311453986,0.508,0.123,3.48991659022506e-271,CD4 T-cells,ADGRE5
2.8692449163922e-204,2.37784877879214,0.521,0.174,5.17353550874677e-200,CD4 T-cells,RAB8B
7.91923447172031e-250,2.36680238551081,0.525,0.147,1.42791716759589e-245,CD4 T-cells,LCP2
7.24820688511254e-287,2.35298871935065,0.701,0.28,1.30692418345464e-282,CD4 T-cells,PLEKHO1
2.68278408791954e-270,2.34607688635646,0.654,0.244,4.83732798892772e-266,CD4 T-cells,ITGB2
2.19450804422455e-253,2.34315641636242,0.644,0.245,3.95691745454129e-249,CD4 T-cells,PLAAT4
9.33323531748484e-279,2.3320472130295,0.566,0.154,1.68287566009569e-274,CD4 T-cells,TNFRSF1B
8.25900124215517e-271,2.28742962141565,0.635,0.217,1.489180513973e-266,CD4 T-cells,PPP1R18
1.2554920359601e-298,2.27889711285826,0.711,0.264,2.26377769003965e-294,CD4 T-cells,FGL2
1.1837904238792e-211,2.18040780110983,0.566,0.205,2.13449251329659e-207,CD4 T-cells,GBP2
6.65750745296661e-236,2.17476894693569,0.575,0.186,1.20041516884441e-231,CD4 T-cells,APOL1
9.59389951524732e-186,2.17279132488821,0.598,0.269,1.72987602159425e-181,CD4 T-cells,LIMD2
5.53715964848989e-206,2.14810717010919,0.581,0.227,9.98405256219213e-202,CD4 T-cells,PSMB9
1.28840141907334e-209,2.13930032378161,0.563,0.203,2.32311659873114e-205,CD4 T-cells,FYN
2.49567784975968e-239,2.13688359144579,0.65,0.263,4.49995673090168e-235,CD4 T-cells,TRIM22
1.733531993241e-198,2.13620718228246,0.558,0.204,3.12573153701284e-194,CD4 T-cells,PARP4
2.35697681655665e-175,2.12841380575777,0.601,0.284,4.24986489793329e-171,CD4 T-cells,CYTH1
1.70200037758661e-256,2.11739376651352,0.62,0.199,3.06887688082642e-252,CD4 T-cells,MPEG1
1.25231491100152e-177,2.11380314258856,0.538,0.209,2.25804901602684e-173,CD4 T-cells,TMEM173
3.08196323214139e-243,2.09505433937304,0.602,0.202,5.55708790387413e-239,CD4 T-cells,CELF2
7.9060801129669e-204,2.08555764409134,0.539,0.177,1.42554530516906e-199,CD4 T-cells,CLEC2B
6.6521561458041e-165,2.06679814869325,0.551,0.246,1.19945027464994e-160,CD4 T-cells,ATM
1.97910983490996e-254,2.05949841151865,0.68,0.278,3.56853294332615e-250,CD4 T-cells,CD4
6.468734861347e-205,2.0428210508412,0.625,0.279,1.16637758284948e-200,CD4 T-cells,SLFN5
5.06746734432062e-201,2.03284937561614,0.522,0.169,9.13715036854451e-197,CD4 T-cells,ST6GAL1
1.60649103797881e-193,2.02068801359989,0.638,0.286,2.89666399057959e-189,CD4 T-cells,MAN2B1
2.57778732611601e-161,2.02052537231169,0.596,0.29,4.64800832771979e-157,CD4 T-cells,RAPGEF1
1.26019988153726e-280,2.01192088668832,0.763,0.361,2.27226640639983e-276,CD4 T-cells,WIPF1
9.49828105114082e-218,2.00399716694357,0.662,0.301,1.7126350563312e-213,CD4 T-cells,NFKBIA
2.4026053709264e-136,1.99949880505851,0.545,0.264,4.33213774431739e-132,CD4 T-cells,TRABD
4.3691363292856e-176,1.99483927011995,0.533,0.207,7.87798971533486e-172,CD4 T-cells,ISG20
6.5206785598041e-227,1.98100262251302,0.682,0.3,1.17574355111828e-222,CD4 T-cells,SPI1
3.47619444763758e-151,1.97215919317472,0.527,0.23,6.26792620853532e-147,CD4 T-cells,SYNRG
1.26954149382685e-111,1.95738616382218,0.511,0.262,2.28911026751919e-107,CD4 T-cells,GMIP
7.40859119064373e-189,1.92317796407672,0.513,0.171,1.33584307758497e-184,CD4 T-cells,RASSF2
0,1.91086993388025,0.581,0.123,0,CD4 T-cells,IGHM
8.12864967494832e-170,1.90854246166104,0.661,0.355,1.46567682288993e-165,CD4 T-cells,ARRB2
7.37037749344468e-167,1.90442500808476,0.623,0.308,1.32895276584301e-162,CD4 T-cells,TYMP
2.80601190284037e-134,1.9003251900951,0.605,0.334,5.05952006201146e-130,CD4 T-cells,CNPY3
1.33989175239773e-270,1.89292816909934,0.73,0.269,2.41595881874836e-266,CD4 T-cells,PTGDS
2.93372366341971e-202,1.88740216580067,0.648,0.282,5.28979713751208e-198,CD4 T-cells,AIF1
6.3831716063598e-126,1.86183174841668,0.527,0.262,1.15094967234274e-121,CD4 T-cells,FAM107B
1.7148081237233e-143,1.85826183673502,0.587,0.316,3.09197052788549e-139,CD4 T-cells,CDC42SE2
7.33010124039335e-139,1.85770178952193,0.591,0.32,1.32169055465532e-134,CD4 T-cells,LEPROTL1
2.10679774494149e-131,1.85001654122243,0.653,0.395,3.798767013904e-127,CD4 T-cells,RGS10
2.17051737414361e-148,1.83472679804189,0.637,0.368,3.91365987731835e-144,CD4 T-cells,RGS1
3.78385910683878e-155,1.83026065509996,0.512,0.202,6.82267635554101e-151,CD4 T-cells,TAP2
4.32923027263462e-261,1.82516520656457,0.816,0.53,7.80603510458748e-257,CD4 T-cells,LAPTM5
2.74312804097688e-182,1.79742917181859,0.543,0.193,4.9461341706854e-178,CD4 T-cells,CPVL
9.83489810399464e-108,1.77382002473525,0.539,0.3,1.77333047713127e-103,CD4 T-cells,TMC6
1.03672304996444e-97,1.75210977278573,0.522,0.289,1.86931533139089e-93,CD4 T-cells,IRF7
1.11117586785753e-114,1.74724481251333,0.554,0.292,2.00356120733391e-110,CD4 T-cells,CASP4
2.73862224691066e-206,1.74450423034213,0.764,0.484,4.93800977340462e-202,CD4 T-cells,SAMHD1
5.25983656126814e-213,1.74324552061526,0.738,0.376,9.48401130362258e-209,CD4 T-cells,MS4A6A
5.71691721402795e-127,1.7202600739635,0.515,0.23,1.03081734286138e-122,CD4 T-cells,LDHB
2.16085914406458e-93,1.71455434058503,0.52,0.292,3.89624512266285e-89,CD4 T-cells,NUB1
4.21543899664349e-179,1.67539231920904,0.594,0.236,7.60085805484788e-175,CD4 T-cells,CYBB
2.63583330762686e-136,1.67313005392129,0.62,0.342,4.75267103698199e-132,CD4 T-cells,PSMB10
1.848785339262e-141,1.67079738144548,0.68,0.458,3.33354484522332e-137,CD4 T-cells,FNBP1
5.48979530788399e-155,1.66400682140372,0.663,0.366,9.89864991964563e-151,CD4 T-cells,MSN
6.90606254471817e-94,1.66325736958117,0.532,0.307,1.24523213743813e-89,CD4 T-cells,NFKB2
4.2210488685489e-161,1.66280098839273,0.533,0.202,7.61097321488053e-157,CD4 T-cells,LIX1L
1.13283194444431e-127,1.65622628305053,0.614,0.344,2.04260927902754e-123,CD4 T-cells,PSMB8
1.16727000164423e-108,1.64408356714925,0.532,0.272,2.10470453996471e-104,CD4 T-cells,TAP1
4.36213413498464e-84,1.63476221237833,0.5,0.285,7.8653640587908e-80,CD4 T-cells,TNK2
6.94903256470333e-145,1.63473154307639,0.69,0.445,1.25298006174166e-140,CD4 T-cells,KLF2
6.4381872188161e-91,1.61394542686352,0.544,0.329,1.16086953742473e-86,CD4 T-cells,USP15
1.89162557222056e-171,1.6069202514539,0.715,0.432,3.41079006927088e-167,CD4 T-cells,FXYD5
1.37172486161423e-128,1.60129837068933,0.63,0.385,2.47335709797662e-124,CD4 T-cells,CSK
1.23295720049064e-106,1.55157791005744,0.568,0.334,2.22314512820468e-102,CD4 T-cells,SUN2
6.72223466564881e-125,1.52987296271185,0.687,0.484,1.21208613256314e-120,CD4 T-cells,PDCD4
1.12182423998636e-85,1.52353203836221,0.508,0.292,2.0227612871194e-81,CD4 T-cells,PTPN1
1.56290361435682e-93,1.52168305807826,0.553,0.341,2.81807150704678e-89,CD4 T-cells,SMCHD1
1.35627643659379e-97,1.52051633492924,0.503,0.248,2.44550204282226e-93,CD4 T-cells,PLXNC1
6.00228183525458e-196,1.51071162653699,0.82,0.641,1.08227143771475e-191,CD4 T-cells,ZFP36L2
9.83733763103851e-89,1.50953189089655,0.524,0.283,1.77377034825255e-84,CD4 T-cells,TNFSF13
5.52977526828287e-139,1.50352760885023,0.711,0.512,9.97073778624084e-135,CD4 T-cells,MBNL1
3.26538653351251e-104,1.4972456739532,0.59,0.358,5.88781845857641e-100,CD4 T-cells,EFHD2
8.47623331803547e-134,1.49400328977806,0.619,0.327,1.52834962957498e-129,CD4 T-cells,CTSS
4.2376031539e-97,1.48680592805433,0.527,0.292,7.6408222467971e-93,CD4 T-cells,NECAP2
4.40059832428558e-91,1.48419814230412,0.607,0.407,7.93471883851933e-87,CD4 T-cells,RBL2
9.8748046486811e-125,1.46595310284439,0.684,0.451,1.78052602620369e-120,CD4 T-cells,CD47
1.25056085749705e-69,1.45965073409996,0.503,0.315,2.25488628215292e-65,CD4 T-cells,CNOT6L
4.15330851955782e-120,1.44761152335614,0.668,0.422,7.4888305916147e-116,CD4 T-cells,UCP2
5.06019255701139e-85,1.44760289997245,0.553,0.324,9.12403319954723e-81,CD4 T-cells,MGAT1
2.105726400436e-129,1.42628988124848,0.7,0.502,3.79683527262615e-125,CD4 T-cells,CFLAR
5.63637432467426e-107,1.42191368689422,0.555,0.287,1.01629465448202e-102,CD4 T-cells,AKR1B1
2.46482304411691e-98,1.41812902420306,0.599,0.373,4.44432243084721e-94,CD4 T-cells,ARHGEF2
3.50771077922629e-88,1.41788206473498,0.576,0.367,6.32475330602292e-84,CD4 T-cells,MAT2B
1.05196284407177e-87,1.40979802919467,0.636,0.433,1.89679420414582e-83,CD4 T-cells,IFI30
3.12726586029146e-90,1.39138544790541,0.596,0.391,5.63877307269154e-86,CD4 T-cells,LAP3
3.50098271369967e-83,1.37874058340136,0.591,0.406,6.31262193107188e-79,CD4 T-cells,RABGAP1L
1.69768693150273e-110,1.37872070547347,0.69,0.494,3.06109930619257e-106,CD4 T-cells,STAT1
1.85495104295574e-71,1.37636223374131,0.562,0.383,3.34466222555349e-67,CD4 T-cells,DIAPH1
2.99720437442368e-92,1.36636582377903,0.652,0.469,5.40425920752334e-88,CD4 T-cells,VPS13C
1.97318926228006e-65,1.36555194373391,0.5,0.309,3.55785755881717e-61,CD4 T-cells,PLCG1
8.37771007393721e-67,1.35438041881682,0.509,0.317,1.51058490343162e-62,CD4 T-cells,XRN1
2.76826155519046e-145,1.34813788513781,0.533,0.204,4.99145241016393e-141,CD4 T-cells,VCAM1
9.24885379514854e-72,1.3410791051421,0.523,0.313,1.66766082780323e-67,CD4 T-cells,MDFIC
6.82880596110849e-88,1.340397488673,0.573,0.358,1.23130200284747e-83,CD4 T-cells,PARP14
1.19657674000899e-104,1.33723736443381,0.538,0.265,2.15754751991021e-100,CD4 T-cells,CTSC
3.81928798117239e-77,1.32897838968439,0.553,0.347,6.88655815885194e-73,CD4 T-cells,CREBL2
5.75428526811799e-95,1.29502296343427,0.517,0.259,1.03755517669435e-90,CD4 T-cells,OPTN
3.35297328949906e-71,1.28763286867996,0.582,0.409,6.04574613829575e-67,CD4 T-cells,ZC3HAV1
1.48875666730038e-66,1.27923408329838,0.576,0.404,2.68437714680931e-62,CD4 T-cells,CCDC50
6.79690268387721e-61,1.27230998288276,0.548,0.378,1.2255495229299e-56,CD4 T-cells,ZMIZ2
5.741487557817e-69,1.26010301700018,0.582,0.406,1.03524762154998e-64,CD4 T-cells,EHBP1L1
1.71561526110347e-77,1.25693083457884,0.523,0.297,3.09342587729567e-73,CD4 T-cells,APOL6
5.3304588693281e-140,1.25493690382438,0.775,0.605,9.6113503872855e-136,CD4 T-cells,OGT
4.33763125612088e-79,1.25077241843117,0.568,0.346,7.82118291791156e-75,CD4 T-cells,NCOA4
9.91341580092078e-127,1.2478269162993,0.66,0.351,1.78748800306403e-122,CD4 T-cells,CSF1R
6.31136575643003e-117,1.24059978491888,0.729,0.558,1.1380023595419e-112,CD4 T-cells,TSC22D3
1.83868464040097e-66,1.23895559339306,0.625,0.462,3.31533227510699e-62,CD4 T-cells,STAT6
5.88961572531644e-59,1.20957452875333,0.583,0.424,1.06195661143181e-54,CD4 T-cells,SETX
9.04679898917538e-72,1.18874391003394,0.571,0.369,1.63122832573821e-67,CD4 T-cells,FAM118A
1.93514281950365e-124,1.18230236522126,0.787,0.626,3.48925601784703e-120,CD4 T-cells,CCNL2
1.51713491430891e-90,1.18022728941645,0.53,0.266,2.7355459639904e-86,CD4 T-cells,ANTXR2
6.09915831287639e-50,1.17838852231984,0.522,0.368,1.09973923539474e-45,CD4 T-cells,STK38
1.81651759780182e-44,1.17563574423551,0.535,0.396,3.27536288059647e-40,CD4 T-cells,WASHC4
1.86021736018479e-98,1.16755801400849,0.702,0.522,3.35415792214919e-94,CD4 T-cells,DDX17
2.1806562920267e-103,1.15989987180176,0.664,0.437,3.93194136015335e-99,CD4 T-cells,SRGN
9.8867209922778e-104,1.15160149158864,0.608,0.317,1.78267466211761e-99,CD4 T-cells,ZEB2
6.58487055163436e-53,1.13236406875373,0.579,0.435,1.18731800916519e-48,CD4 T-cells,M6PR
7.27404136874971e-57,1.12570568008071,0.583,0.43,1.31158239919926e-52,CD4 T-cells,GGA2
3.99551019191623e-51,1.10842124732189,0.533,0.377,7.20430442704416e-47,CD4 T-cells,PRPF38B
1.64808997876434e-179,1.10055814492851,0.883,0.792,2.97167104070997e-175,CD4 T-cells,TXNIP
3.77238071144443e-74,1.09590478856562,0.698,0.544,6.80197966080544e-70,CD4 T-cells,LUC7L3
3.75073936640325e-45,1.09378307616889,0.543,0.402,6.7629581515617e-41,CD4 T-cells,ZBTB1
4.19069253063376e-115,1.07781425314104,0.793,0.65,7.55623770198573e-111,CD4 T-cells,LENG8
8.70779604208699e-59,1.07531550751599,0.628,0.479,1.5701027043487e-54,CD4 T-cells,PNISR
6.69947484358416e-57,1.06568684973011,0.636,0.493,1.20798230904666e-52,CD4 T-cells,SRSF5
3.58418262741087e-58,1.06262790872975,0.522,0.332,6.46263969548453e-54,CD4 T-cells,NR3C1
4.2041067548523e-46,1.06254720323025,0.533,0.386,7.58042488967418e-42,CD4 T-cells,AKAP13
1.83026424590531e-118,1.06118398386082,0.777,0.658,3.30014946179186e-114,CD4 T-cells,PNRC1
1.90758707581052e-101,1.0542994193188,0.736,0.585,3.43957025639395e-97,CD4 T-cells,ANXA6
1.47124600257151e-34,1.03878753011049,0.508,0.372,2.65280366723668e-30,CD4 T-cells,SIN3B
2.50114371433535e-234,1.03120601319451,0.936,0.85,4.50981223131807e-230,CD4 T-cells,B2M
2.12554992356571e-60,1.03095706154163,0.608,0.398,3.83257906718133e-56,CD4 T-cells,MRC2
1.01571045244467e-77,1.01853658508278,0.651,0.44,1.83142751680299e-73,CD4 T-cells,S100A10
1.08632384126046e-62,1.01712085862486,0.655,0.512,1.95875051817673e-58,CD4 T-cells,ARGLU1
3.95605880693117e-42,1.00738950526977,0.585,0.459,7.13316963477759e-38,CD4 T-cells,MLLT6
2.88072297330529e-36,1.00650697686239,0.587,0.462,5.19423159316677e-32,CD4 T-cells,RBM25
0,7.13049464805735,0.997,0.503,0,Plasma Cells,IGHA1
0,6.79985988358565,0.75,0.068,0,Plasma Cells,IGLC1
0,5.99122099133012,0.986,0.341,0,Plasma Cells,JCHAIN
0,5.55847946160106,1,0.836,0,Plasma Cells,IGKC
0,5.42649741815849,0.612,0.026,0,Plasma Cells,DERL3
0,4.95893189316783,0.851,0.151,0,Plasma Cells,PIM2
0,4.63363406037022,0.861,0.184,0,Plasma Cells,MZB1
0,4.62223892763363,0.989,0.628,0,Plasma Cells,IGHG1
0,4.50020649314863,0.952,0.364,0,Plasma Cells,TXNDC5
0,4.45841809394367,0.911,0.219,0,Plasma Cells,ITM2C
0,4.44096764157866,0.738,0.145,0,Plasma Cells,SEL1L3
0,4.33314588562247,0.872,0.249,0,Plasma Cells,HERPUD1
0,4.30235420130291,0.747,0.134,0,Plasma Cells,FKBP11
0,4.26915343028397,0.51,0.045,0,Plasma Cells,CD79A
0,4.26124516179309,0.719,0.148,0,Plasma Cells,TXNDC11
0,4.23547685630018,0.696,0.122,0,Plasma Cells,IGHM
0,4.2074794797295,0.844,0.237,0,Plasma Cells,UBE2J1
0,4.14541229487226,0.676,0.13,0,Plasma Cells,PDK1
0,4.04323132435249,0.743,0.204,0,Plasma Cells,SEC11C
0,3.97575583528025,0.776,0.216,0,Plasma Cells,FBXW7
0,3.94489493145511,0.734,0.221,0,Plasma Cells,SPCS3
0,3.92928293100413,0.81,0.247,0,Plasma Cells,SEL1L
0,3.92761571756317,0.827,0.239,0,Plasma Cells,BTG2
0,3.86460262810754,0.694,0.168,0,Plasma Cells,TENT5C
0,3.8634585490111,0.827,0.242,0,Plasma Cells,FNDC3B
0,3.8258677656678,0.794,0.275,0,Plasma Cells,EDEM1
0,3.80856845287471,0.692,0.179,0,Plasma Cells,SYVN1
0,3.76853145631939,0.662,0.129,0,Plasma Cells,DNAJB9
0,3.62332768067331,0.69,0.183,0,Plasma Cells,CCPG1
1.42198839171598e-224,3.57484900390966,0.537,0.163,2.56398726910309e-220,Plasma Cells,TOR3A
0,3.56105999835069,0.977,0.529,0,Plasma Cells,XBP1
7.97568502084869e-299,3.52908958755783,0.607,0.17,1.43809576610923e-294,Plasma Cells,CPEB4
0,3.43125369759989,0.694,0.173,0,Plasma Cells,SEC14L1
9.06190882287873e-305,3.31535800835298,0.731,0.27,1.63395277985326e-300,Plasma Cells,ERLEC1
1.64982657264499e-238,3.31209054976114,0.58,0.187,2.97480229313619e-234,Plasma Cells,SEC24A
1.20003280907756e-314,3.30353573368301,0.536,0.114,2.16377915804775e-310,Plasma Cells,GLCCI1
4.01877763220852e-305,3.26551395381604,0.75,0.297,7.24625794863517e-301,Plasma Cells,CLPTM1L
0,2.55104015702637,0.608,0.126,0,Plasma Cells,PRDM1
2.5867920782662e-207,2.1524993380883,0.56,0.173,4.66424479632178e-203,Plasma Cells,ST6GAL1
7.78421768274234e-195,2.08269376663677,0.736,0.427,1.40357229037527e-190,Plasma Cells,SSR4
4.88198501653205e-105,1.79231830972619,0.511,0.244,8.80270718330894e-101,Plasma Cells,CRELD2
1.59612189127745e-90,1.7160468332867,0.592,0.35,2.87796738216237e-86,Plasma Cells,PRDX4
0,1.70230037344703,0.959,0.85,0,Plasma Cells,B2M
2.26186060914961e-90,1.61926954616349,0.578,0.335,4.07836086435766e-86,Plasma Cells,TXNDC15
2.64289565181623e-87,1.59886249434506,0.571,0.333,4.76540514978985e-83,Plasma Cells,TP53INP1
8.00332482386295e-103,1.58416778307414,0.699,0.47,1.44307949899073e-98,Plasma Cells,CXCL14
8.60430906030123e-153,1.58008714786124,0.773,0.513,1.55144296666291e-148,Plasma Cells,TRAM1
1.59578316486539e-300,1.51186126252049,0.986,0.915,2.87735662456878e-296,Plasma Cells,VIM
4.66073312143133e-151,1.44867438668714,0.677,0.282,8.40376789125282e-147,Plasma Cells,PTGDS
7.215636756822e-236,1.43879601557183,0.937,0.776,1.30105146362258e-231,Plasma Cells,CST3
3.37742707436064e-88,1.40390023124797,0.642,0.417,6.08983875777967e-84,Plasma Cells,MANF
4.16412792548455e-209,1.39270039652179,0.947,0.807,7.50833906244118e-205,Plasma Cells,S100A6
3.55723784524669e-52,1.37826039757167,0.566,0.381,6.4140555587643e-48,Plasma Cells,TPD52
0,1.35944311913803,0.99,0.936,0,Plasma Cells,TMSB4X
5.43819325840679e-69,1.35733651732393,0.523,0.314,9.80560626423328e-65,Plasma Cells,DNAJC3
1.7504054815312e-249,1.3248598835839,0.961,0.863,3.15615612374891e-245,Plasma Cells,FTH1
8.49600367367884e-78,1.31695981015534,0.664,0.465,1.53191442240103e-73,Plasma Cells,MYDGF
2.15706983731062e-168,1.29998353811681,0.922,0.737,3.88941262365478e-164,Plasma Cells,GSN
1.75547879388203e-151,1.29458853979619,0.919,0.782,3.16530381324869e-147,Plasma Cells,LGALS1
2.5460574219499e-82,1.2891046998389,0.712,0.514,4.59079613751787e-78,Plasma Cells,SPCS1
1.87650878173469e-229,1.27430227593154,0.959,0.851,3.38353298434582e-225,Plasma Cells,TMSB10
1.91219999746089e-86,1.21499728147884,0.51,0.221,3.44788781542173e-82,Plasma Cells,ELN
5.76365164764617e-244,1.21278159420808,0.97,0.896,1.03924402858708e-239,Plasma Cells,ACTB
2.78227900888752e-170,1.20065894248765,0.927,0.767,5.0167272809251e-166,Plasma Cells,UBA52
1.40242816426976e-129,1.1460646291342,0.887,0.743,2.5287182229948e-125,Plasma Cells,APP
5.00482849510014e-138,1.1436726971175,0.926,0.782,9.02420625951506e-134,Plasma Cells,ANXA2
6.40875772347516e-96,1.05930513204511,0.556,0.241,1.15556310511981e-91,Plasma Cells,SERPINE2
5.23936189474018e-140,1.04913115592338,0.951,0.832,9.44709343240602e-136,Plasma Cells,OAZ1
1.40192378253361e-252,1.01918170912534,0.509,0.11,2.52780877228635e-248,Plasma Cells,IGHG3
4.40776726565002e-92,1.00523219107759,0.603,0.28,7.94764515669355e-88,Plasma Cells,PODN
7.17634010169984e-105,1.00178543330466,0.537,0.218,1.2939658837375e-100,Plasma Cells,COMP
2.43775422799981e-277,8.12854744803266,0.628,0.037,4.39551464850645e-273,TAMs,FDCSP
4.38509918143301e-257,8.01436619268916,0.745,0.061,7.90677233404185e-253,TAMs,LTF
7.94929668119649e-190,7.80184971415814,0.938,0.159,1.43333768458654e-185,TAMs,SPP1
1.98831653405854e-262,5.63201663154932,0.579,0.033,3.58513354256095e-258,TAMs,C15orf48
1.68032855733214e-181,5.43428184327042,0.559,0.046,3.02980042172559e-177,TAMs,SLPI
2.9947901877606e-160,5.25564548636594,0.51,0.043,5.39990618755114e-156,TAMs,BCL2A1
1.74010752470233e-148,5.21557132621421,0.614,0.07,3.13758787779077e-144,TAMs,GABRP
4.81713058673975e-141,5.19059932482873,0.524,0.052,8.68576816095044e-137,TAMs,PROM1
2.09667870475277e-161,5.18380233835313,0.759,0.106,3.78052137253973e-157,TAMs,KRT15
6.14222979919164e-134,4.98388722956748,0.538,0.058,1.10750545509224e-129,TAMs,APOC2
1.92947342896609e-94,4.9494182672262,0.759,0.196,3.47903353976875e-90,TAMs,APOC1
9.6392035375715e-137,4.82453225242589,0.51,0.05,1.73804478985952e-132,TAMs,IL4I1
9.2543820224519e-112,4.72526303245805,0.703,0.127,1.6686576224683e-107,TAMs,S100A9
5.13512463189818e-86,4.72277162390052,0.607,0.119,9.25914322377561e-82,TAMs,CCL28
2.42097744493591e-78,4.66739528738046,0.752,0.237,4.36526443096394e-74,TAMs,WFDC2
4.30153104826607e-57,4.53909505402298,0.531,0.128,7.75609063312854e-53,TAMs,MMP9
2.17119360406122e-101,4.48800764437531,0.917,0.298,3.91487918748278e-97,TAMs,CTSL
8.20018010785747e-113,4.29745507406423,0.6,0.084,1.47857447524778e-108,TAMs,KRT23
7.93051686884407e-77,4.27335068722058,0.559,0.107,1.42995149662128e-72,TAMs,RGS2
1.74604364805182e-84,4.24277762638794,0.545,0.094,3.14829130180223e-80,TAMs,SDS
2.40497821096782e-83,4.07579468829396,0.648,0.137,4.33641621219608e-79,TAMs,NR1H3
2.04922094064723e-185,4.07269842088075,0.634,0.056,3.69495027808103e-181,TAMs,MMP7
2.57859898490704e-82,4.00677516213096,0.545,0.093,4.64947182968588e-78,TAMs,RASGEF1B
2.09190601361402e-59,3.99511497858702,0.648,0.201,3.77191573314744e-55,TAMs,SYNM
5.41937101861984e-94,3.98167631677206,0.559,0.088,9.77166788367344e-90,TAMs,ITGB8
6.42013250601175e-51,3.9340705759077,0.538,0.143,1.15761409215898e-46,TAMs,FCGBP
2.15251726084429e-75,3.9298668347084,0.814,0.301,3.88120387302834e-71,TAMs,CSTB
5.26906144110361e-72,3.81967887214409,0.883,0.463,9.50064468445391e-68,TAMs,CTSD
1.88040864388453e-67,3.71147273540356,0.621,0.151,3.39056482578819e-63,TAMs,FNIP2
2.14831502989346e-82,3.6585214714295,0.807,0.249,3.87362683040091e-78,TAMs,CHI3L1
8.57393843770061e-49,3.62269065774624,0.552,0.159,1.5459668397018e-44,TAMs,PTN
4.32598435335711e-76,3.59323753719782,0.828,0.318,7.80018238753821e-72,TAMs,SGK1
2.79467630850893e-53,3.56241313528337,0.772,0.382,5.03908085187245e-49,TAMs,CAPG
2.53771021400966e-78,3.55620148051592,0.628,0.131,4.57574528688082e-74,TAMs,CLIP4
1.22702461920753e-53,3.53240825837839,0.662,0.213,2.2124480908931e-49,TAMs,CYB5R4
1.49701845942072e-47,3.40558574337596,0.614,0.207,2.69927398418151e-43,TAMs,IRX3
2.61298025164858e-49,3.34970627798976,0.566,0.164,4.71146469174755e-45,TAMs,RAB20
3.41970974519733e-56,3.33045608727219,0.71,0.24,6.16607864156531e-52,TAMs,SDCBP
1.91885241779564e-43,3.3167239324339,0.662,0.262,3.45988279452732e-39,TAMs,DSG2
1.64917018719873e-48,3.28481839086427,0.572,0.17,2.97361876453803e-44,TAMs,SLC25A37
2.00949727487175e-51,3.26232793758968,0.593,0.168,3.62332453632126e-47,TAMs,RARRES1
1.1435391672849e-57,3.25632454928853,0.621,0.171,2.06191547253139e-53,TAMs,DSC2
4.48369382864516e-54,3.25426703414897,0.579,0.155,8.0845483424301e-50,TAMs,ITGA2
4.0900027229581e-82,3.25417219380581,0.986,0.875,7.37468390976576e-78,TAMs,FTL
1.05057715823007e-48,3.23554978202023,0.759,0.355,1.89429567400463e-44,TAMs,SDC4
2.23660390615414e-60,3.22618210205575,0.793,0.336,4.03282050318653e-56,TAMs,LIPA
2.12134413158721e-49,3.13402385357718,0.566,0.158,3.8249956036649e-45,TAMs,PLAUR
3.16248047216854e-83,3.12890089661958,0.545,0.09,5.7022685393671e-79,TAMs,KRT6B
5.47358630734316e-47,3.11958314936152,0.772,0.355,9.86942347077045e-43,TAMs,HEXA
2.00564543413004e-72,3.11280876520971,0.945,0.724,3.61637928227988e-68,TAMs,CTSB
2.70686017302014e-57,3.07701793497859,0.683,0.207,4.88073957797261e-53,TAMs,FMNL2
9.17222637749379e-63,3.07066406980737,0.745,0.263,1.65384413812591e-58,TAMs,CXCL16
8.61218772744639e-40,3.05157057497457,0.51,0.145,1.55286356913586e-35,TAMs,CMTM7
1.32240990488997e-49,2.99251559641352,0.641,0.213,2.3844372995071e-45,TAMs,ERRFI1
4.37200223598803e-40,2.97086450702475,0.538,0.172,7.88315723171001e-36,TAMs,ITGAX
1.0075041447377e-64,2.92839920130971,0.945,0.765,1.81663072337654e-60,TAMs,APOE
1.11088531942722e-38,2.92394442204927,0.648,0.274,2.00303731945922e-34,TAMs,GM2A
7.41566882602195e-41,2.91409893860367,0.759,0.405,1.33711924602002e-36,TAMs,CD68
2.75887109528301e-38,2.88818057979715,0.745,0.449,4.97452047190479e-34,TAMs,IFI30
4.53238958346419e-45,2.82421893046849,0.614,0.193,8.17235165794428e-41,TAMs,HMOX1
1.44298693283365e-40,2.81762940830996,0.614,0.218,2.60184973859236e-36,TAMs,SFRP1
1.64549883043349e-43,2.79275295199602,0.634,0.219,2.96699894115463e-39,TAMs,CHPT1
1.39645266862527e-47,2.74338692470923,0.752,0.341,2.51794380679823e-43,TAMs,ABCA1
9.96240664174089e-39,2.70388844375297,0.614,0.215,1.7963215415723e-34,TAMs,ANPEP
8.43832588991578e-75,2.69618668296751,0.676,0.153,1.52151454121071e-70,TAMs,KRT14
1.26243627976229e-29,2.66197913885849,0.669,0.399,2.27629885603938e-25,TAMs,TRPS1
1.14515204696158e-29,2.58308121136004,0.517,0.187,2.06482365587642e-25,TAMs,EPG5
5.49943704045849e-62,2.57526202103435,0.607,0.143,9.91603492765071e-58,TAMs,KRT5
2.39265744764464e-36,2.57445306713221,0.621,0.255,4.31420064384805e-32,TAMs,RNF13
3.62454887382645e-34,2.56121070359946,0.683,0.346,6.53542407439648e-30,TAMs,ZNF385A
1.07099101805308e-32,2.548115523202,0.731,0.44,1.9311039046515e-28,TAMs,ATP6AP2
5.10883597032534e-85,2.53608022920082,0.697,0.142,9.21174213809361e-81,TAMs,KRT17
1.4871309306979e-25,2.48470215990125,0.579,0.271,2.68144578114139e-21,TAMs,TNFAIP2
6.9915443488899e-27,2.4557587629004,0.531,0.225,1.26064536154834e-22,TAMs,ABCG1
3.80273871039824e-30,2.41905015676963,0.69,0.357,6.85671816871907e-26,TAMs,IFI6
3.06124430725692e-28,2.41818530506108,0.648,0.341,5.51972961041495e-24,TAMs,NUPR1
1.54507163529723e-31,2.35493829284218,0.676,0.341,2.78591866560444e-27,TAMs,FCER1G
7.92880148137692e-28,2.34022181157502,0.772,0.594,1.42964219510707e-23,TAMs,GPNMB
2.28070335684547e-39,2.33917164675989,0.524,0.149,4.11233622272808e-35,TAMs,ALOX5AP
6.01607982288194e-34,2.32821106977324,0.655,0.279,1.08475935286384e-29,TAMs,ITGB2
9.65606712986664e-34,2.30678533800039,0.683,0.338,1.74108546418625e-29,TAMs,SQOR
1.25783162331477e-37,2.29870559925056,0.793,0.589,2.26799619999886e-33,TAMs,CTSZ
7.34140252614781e-23,2.27126132074266,0.614,0.323,1.32372828948971e-18,TAMs,ITGB4
5.01244829308637e-42,2.26465470114276,0.752,0.372,9.03794551726403e-38,TAMs,TACSTD2
3.28456495764831e-52,2.25355333335694,0.593,0.155,5.92239907513566e-48,TAMs,SERPINA3
3.27477745556853e-40,2.24804892552152,0.731,0.353,5.90475123013561e-36,TAMs,CD24
5.12872441469199e-23,2.23186837905612,0.641,0.352,9.24760299213112e-19,TAMs,CTSS
1.56785956854928e-29,2.2302531621577,0.621,0.292,2.8270075880512e-25,TAMs,NTN4
1.19334589618531e-26,2.21102544841829,0.731,0.564,2.15172198541173e-22,TAMs,LGALS3
5.81089542489462e-33,2.20767681744207,0.71,0.39,1.04776255406275e-28,TAMs,RGS1
4.77947465976198e-16,2.1946265368258,0.517,0.286,8.61787075901682e-12,TAMs,HK2
8.26405077427366e-24,2.18153551858582,0.503,0.203,1.49009099510928e-19,TAMs,MSR1
8.63465918671569e-36,2.17957460883505,0.614,0.224,1.55691539795671e-31,TAMs,CRYAB
4.72379860916943e-28,2.17365483364995,0.731,0.452,8.5174812721934e-24,TAMs,RNF130
1.31628024075851e-39,2.146730556172,0.538,0.157,2.37338490211166e-35,TAMs,SERPINA1
1.4508628052846e-26,2.10953476828915,0.676,0.363,2.61605072420865e-22,TAMs,NCOA4
2.36691101510574e-37,2.10767209831173,0.772,0.455,4.26777725133717e-33,TAMs,SRGN
9.65457884354563e-32,2.10584884144939,0.703,0.332,1.74081711127971e-27,TAMs,SPI1
1.16274188302472e-28,2.09867336209826,0.607,0.277,2.09653988928186e-24,TAMs,TYROBP
6.36456103887693e-20,2.08892732410837,0.724,0.52,1.1475940009199e-15,TAMs,DST
1.9683730359956e-16,2.08558167960317,0.545,0.319,3.54917342120366e-12,TAMs,ATP1A1
2.60374816611042e-21,2.07969664614435,0.634,0.362,4.69481831831369e-17,TAMs,CORO1C
2.97017448824556e-26,2.04290650897572,0.655,0.363,5.35552161975557e-22,TAMs,ASAH1
8.93132978444086e-31,2.02860124907211,0.572,0.214,1.61040807343253e-26,TAMs,CD52
1.47019176638577e-23,2.01670616791205,0.552,0.218,2.65090277397018e-19,TAMs,TNFAIP3
3.08973372507705e-24,2.01478387605119,0.641,0.31,5.57109887968642e-20,TAMs,FAM20C
3.56977184202548e-18,2.01329150935718,0.593,0.365,6.43665560835615e-14,TAMs,ATP6V1F
1.19112439390889e-24,2.00921258634949,0.607,0.284,2.14771639465713e-20,TAMs,CTSH
5.03354028721279e-27,2.00521786371375,0.517,0.184,9.07597649187338e-23,TAMs,ITGA3
1.16251665695404e-25,1.98281693925705,0.566,0.235,2.09613378415383e-21,TAMs,GBP2
1.51447687423981e-39,1.97870494457494,0.662,0.239,2.7307532519418e-35,TAMs,CFB
9.47950658335668e-27,1.94060150104422,0.731,0.505,1.70924983204504e-22,TAMs,PLD3
2.05517318730439e-34,1.9403635611277,0.821,0.635,3.70568277402854e-30,TAMs,BRI3
5.4007243056457e-29,1.920500882859,0.69,0.359,9.73804599550977e-25,TAMs,CEBPB
7.09124724805042e-20,1.91824228837364,0.559,0.267,1.27862279129597e-15,TAMs,CYBB
8.2275271387386e-24,1.91771441075308,0.703,0.412,1.48350541838596e-19,TAMs,AHR
1.70246694849008e-44,1.91675665145701,0.862,0.461,3.06971815482246e-40,TAMs,LYZ
3.37040979165024e-38,1.91630926986347,0.834,0.618,6.07718589532455e-34,TAMs,NPC2
3.37260425280527e-16,1.89724098643746,0.51,0.244,6.08114272823319e-12,TAMs,NDRG1
8.11480104186866e-23,1.8855265379664,0.738,0.555,1.46317977585934e-18,TAMs,LAPTM5
2.28998853731072e-28,1.88182177241583,0.759,0.547,4.12907833162495e-24,TAMs,CREG1
1.09033475758475e-21,1.88022351701257,0.545,0.242,1.96598260140106e-17,TAMs,PARP9
3.84730536411076e-19,1.87520999447498,0.614,0.361,6.93707630202812e-15,TAMs,ATP6V0C
2.00735524896691e-20,1.84932327729251,0.503,0.222,3.61946224941223e-16,TAMs,PHLDA1
2.59594671907031e-17,1.83778525138587,0.586,0.34,4.68075152915567e-13,TAMs,PYGB
1.65574625792563e-22,1.82766200975071,0.69,0.457,2.9854760776657e-18,TAMs,PTPRF
7.7117672478293e-19,1.82044706419979,0.593,0.354,1.3905087524561e-14,TAMs,NFIB
1.18916638131186e-17,1.8059530732674,0.683,0.498,2.14418590214341e-13,TAMs,IER2
6.6656690332372e-30,1.8021138422202,0.752,0.433,1.201886783383e-25,TAMs,LCP1
9.07795831995673e-23,1.78681706002087,0.586,0.274,1.6368466646714e-18,TAMs,RAP2B
1.03640189526257e-15,1.7688337087729,0.538,0.294,1.86873625734794e-11,TAMs,NCOA7
6.23776395250554e-18,1.73780998819081,0.662,0.405,1.12473121827627e-13,TAMs,SNX2
1.11854455762213e-15,1.71370156910705,0.579,0.323,2.01684769184847e-11,TAMs,ST14
3.20322681807558e-09,1.71250705435367,0.559,0.411,5.77573827567208e-05,TAMs,LAMA5
3.12139139304409e-14,1.71077764564971,0.572,0.358,5.62818082079781e-10,TAMs,TSPAN14
2.6467593386755e-16,1.708503716034,0.6,0.376,4.77237176356579e-12,TAMs,ATP6V1B2
3.2197770078915e-17,1.64563343416715,0.628,0.362,5.80557992292916e-13,TAMs,NINJ1
1.28455831787152e-14,1.63634396174672,0.531,0.294,2.31618710295414e-10,TAMs,WARS
9.90937885305214e-17,1.63396850792931,0.614,0.363,1.78676010099383e-12,TAMs,JUP
3.52212779459343e-22,1.61933042079606,0.648,0.313,6.35074862643142e-18,TAMs,CD4
1.04784171681722e-12,1.61572929471018,0.641,0.433,1.88936339959312e-08,TAMs,PXN
2.14152602781749e-15,1.6095184751689,0.545,0.303,3.86138558075772e-11,TAMs,TNFSF13
1.03567395535003e-19,1.60355907321382,0.71,0.511,1.86742370889165e-15,TAMs,KLF6
1.52970379380301e-06,1.57779735283722,0.545,0.442,0.027582089106062,TAMs,GSTP1
3.65907344773876e-10,1.56585820420615,0.531,0.37,6.59767533361776e-06,TAMs,DNAJB1
1.60845296983725e-11,1.55182155798245,0.51,0.304,2.90020154991355e-07,TAMs,PADI2
3.57434918330808e-10,1.53972332970963,0.51,0.316,6.4449090124228e-06,TAMs,PATJ
3.54795286478219e-21,1.53873056129429,0.745,0.587,6.39731381048877e-17,TAMs,ANXA1
2.30638310737557e-14,1.5271964236979,0.614,0.388,4.1586393809089e-10,TAMs,CASK
5.98194626449047e-64,1.50691771326241,0.503,0.088,1.07860473095028e-59,TAMs,SCGB2A2
5.97368648276725e-13,1.49881706972407,0.552,0.353,1.07711540970776e-08,TAMs,PGD
1.0315547069275e-18,1.48472470876368,0.593,0.316,1.85999629206098e-14,TAMs,MAN2B1
3.14211173105113e-11,1.46466886503242,0.766,0.63,5.6655416622583e-07,TAMs,GRN
1.14681738011078e-09,1.45819213797139,0.559,0.367,2.06782641807774e-05,TAMs,ISG15
1.28118975277414e-12,1.4565626421243,0.6,0.402,2.31011324322704e-08,TAMs,TTYH3
2.55575409438223e-14,1.44977470660289,0.566,0.333,4.6082802075806e-10,TAMs,KIAA0930
2.73069794540566e-17,1.44699435965594,0.641,0.398,4.92372146536095e-13,TAMs,MFSD1
5.550170789005e-14,1.43447603311415,0.531,0.305,1.00075129496549e-09,TAMs,GPR137B
6.73423811141052e-07,1.4179120383119,0.538,0.378,0.0121425047386843,TAMs,EFHD2
2.04252487832788e-16,1.41693426783555,0.71,0.554,3.682876608113e-12,TAMs,JUNB
1.96245654863288e-13,1.41167342682272,0.579,0.376,3.53850540283995e-09,TAMs,HEXB
1.6880293694737e-14,1.40450534226677,0.759,0.689,3.04368575609803e-10,TAMs,JUND
4.72753991200985e-15,1.38206274731408,0.621,0.382,8.52422721534497e-11,TAMs,ARRB2
7.1762918264057e-07,1.36825694590675,0.531,0.391,0.0129395717921921,TAMs,CYB5A
1.05324591559993e-06,1.3625927895289,0.503,0.385,0.0189910771041824,TAMs,TSPO
3.11883361800407e-09,1.35123248340174,0.607,0.449,5.62356889662313e-05,TAMs,ENO1
2.59189012980121e-07,1.32539456419324,0.579,0.444,0.00467343709304457,TAMs,UCP2
3.88831786130248e-13,1.32276724626291,0.669,0.469,7.0110259357145e-09,TAMs,MYADM
8.43218198371973e-13,1.31102634350365,0.648,0.48,1.5204067334845e-08,TAMs,SOD2
1.81185617562818e-12,1.30113909131477,0.566,0.314,3.26695787027516e-08,TAMs,AIF1
3.22224204420602e-15,1.29868607667046,0.662,0.458,5.81002462990788e-11,TAMs,S100A10
9.98371627275755e-05,1.2923093488966,0.51,0.401,1,TAMs,ENTPD6
1.12590803251411e-10,1.26972579518127,0.51,0.31,2.03012477342618e-06,TAMs,AKR1B1
2.62925150869365e-12,1.26296113658107,0.524,0.273,4.74080339532551e-08,TAMs,CRIM1
3.7655569368425e-22,1.2583473923216,0.807,0.732,6.78967571282071e-18,TAMs,SAT1
1.20727544519943e-05,1.24341987468142,0.538,0.443,0.21768383552391,TAMs,ATOX1
3.95580103015412e-13,1.23131195369049,0.593,0.352,7.1327048374709e-09,TAMs,SPATS2L
2.5793518759657e-16,1.22981416329746,0.766,0.566,4.65082936755376e-12,TAMs,PKM
9.40506794308996e-05,1.22906602022479,0.524,0.405,1,TAMs,RBM39
1.60661521535482e-07,1.21952407727232,0.552,0.409,0.00289688789480628,TAMs,NFE2L2
1.87300757409041e-06,1.21690887330741,0.538,0.393,0.0337721995684242,TAMs,MSN
1.12011882763072e-09,1.21091243102868,0.51,0.287,2.01968625810094e-05,TAMs,OSMR
1.2361380790882e-07,1.21025013056025,0.524,0.373,0.00222888057040393,TAMs,FLNB
5.68620147090607e-12,1.20598682755754,0.559,0.336,1.02527898721907e-07,TAMs,TYMP
8.93815162942512e-13,1.19433421859963,0.634,0.419,1.61163812030164e-08,TAMs,LSP1
8.72443048573535e-34,1.19119727518409,0.924,0.853,1.57310206088294e-29,TAMs,CD74
1.00585207136292e-08,1.17688875834035,0.538,0.387,0.000181365186987449,TAMs,ATP6V1A
4.40128627149072e-07,1.17374384635856,0.552,0.421,0.00793595927612493,TAMs,DLGAP4
5.32134139012568e-05,1.16485983556863,0.559,0.47,0.959491066053561,TAMs,TMEM59
1.00898287784021e-10,1.16018059380886,0.614,0.419,1.81929702703369e-06,TAMs,EIF2AK2
7.77337847087584e-11,1.15571636439284,0.572,0.368,1.40161787208362e-06,TAMs,SP100
2.03568558552097e-07,1.15148954695064,0.662,0.592,0.00367054467925287,TAMs,LY6E
4.51526968863543e-14,1.14163530792799,0.731,0.565,8.14148277557854e-10,TAMs,ZYX
1.01910454888482e-08,1.13194471756091,0.669,0.543,0.000183754741209422,TAMs,USF2
4.46723535855956e-13,1.12527285910902,0.779,0.766,8.05487207501874e-09,TAMs,PSAP
3.99167837999393e-13,1.12317880601265,0.738,0.678,7.19739528696705e-09,TAMs,GPX4
1.88882348480436e-15,1.11439499124874,0.71,0.476,3.40573762545074e-11,TAMs,LGMN
1.45397540167075e-13,1.1043205230288,0.628,0.384,2.62166304675254e-09,TAMs,SPINT1
4.19385776457762e-07,1.09428338219867,0.51,0.385,0.0075619449353099,TAMs,CTSA
2.62689312700154e-10,1.0913039099853,0.641,0.516,4.73655099729647e-06,TAMs,LITAF
8.16698308529177e-06,1.0906393703126,0.538,0.42,0.147258872010896,TAMs,CLIC1
1.99379551599634e-14,1.08656892944823,0.752,0.704,3.595012694893e-10,TAMs,SQSTM1
1.62739393580986e-12,1.08563010678018,0.641,0.457,2.93435400565876e-08,TAMs,FXYD5
1.36482823563816e-11,1.08483080123812,0.662,0.506,2.46092179167916e-07,TAMs,JUN
1.11473560662681e-08,1.06692882243287,0.538,0.333,0.00020099797723088,TAMs,NFKBIA
1.18897640031172e-08,1.05295192616937,0.566,0.401,0.000214384334740206,TAMs,AP1B1
8.47265448246883e-07,1.04669625121601,0.634,0.516,0.0152770432973395,TAMs,ATP6V0D1
8.26100562269585e-08,1.04473205834164,0.703,0.559,0.00148954192382829,TAMs,GRINA
1.20475115042136e-12,1.04334410408715,0.766,0.638,2.17228679932475e-08,TAMs,LAMP1
2.9084146817467e-12,1.03204580792765,0.731,0.68,5.24416251265748e-08,TAMs,APLP2
2.61613331899198e-07,1.02763003171559,0.545,0.378,0.00471714998747444,TAMs,MYOF
6.69484176863112e-06,1.01965170605387,0.6,0.505,0.120714691930188,TAMs,ATP6AP1
5.80013332719816e-09,1.01206759282831,0.683,0.558,0.00010458220402271,TAMs,STAU1
0.000176194970807939,1.01149067159979,0.559,0.439,1,TAMs,NIBAN2
0.000230728861781962,1.00593756999431,0.572,0.491,1,TAMs,GNS
5.2376655986964e-06,1.00495994938163,0.51,0.368,0.0944403484100948,TAMs,PSMB8
0,3.78973612996967,0.702,0.132,0,myCAFs,SFRP4
0,2.67558226330287,0.616,0.114,0,myCAFs,ADAM33
0,2.6735542288559,0.726,0.179,0,myCAFs,CPXM1
0,2.65757520031332,0.59,0.121,0,myCAFs,PTGIS
0,2.63003999552554,0.912,0.291,0,myCAFs,FBLN1
0,2.58591109433236,0.767,0.144,0,myCAFs,OGN
0,2.57755174476073,0.989,0.398,0,myCAFs,COL14A1
0,2.52371401279454,0.997,0.568,0,myCAFs,MGP
0,2.45525409566082,0.719,0.187,0,myCAFs,PDGFRL
0,2.44903592767191,0.535,0.128,0,myCAFs,BICC1
0,2.380880555241,0.882,0.373,0,myCAFs,SERPINF1
0,2.35377019783142,0.631,0.144,0,myCAFs,COLEC12
0,2.32731590579534,0.96,0.448,0,myCAFs,C1S
0,2.31687742257848,0.971,0.537,0,myCAFs,C3
0,2.30294111715542,0.978,0.531,0,myCAFs,MMP2
0,2.28484788356335,0.681,0.217,0,myCAFs,PDGFRA
0,2.28123418928797,0.998,0.747,0,myCAFs,COL6A2
0,2.27275078036528,0.715,0.185,0,myCAFs,IGF1
0,2.27066662111013,0.866,0.403,0,myCAFs,EMILIN1
0,2.26851393771397,0.768,0.19,0,myCAFs,SRPX
0,2.26364133805627,0.999,0.519,0,myCAFs,DCN
0,2.26115556177246,0.625,0.174,0,myCAFs,BOC
0,2.25167001947907,0.988,0.468,0,myCAFs,C1R
0,2.23124343650958,0.576,0.148,0,myCAFs,GAS1
0,2.22057069819614,0.848,0.451,0,myCAFs,CLU
0,2.20176051163542,0.903,0.297,0,myCAFs,PLTP
0,2.20175706006518,0.729,0.239,0,myCAFs,MFAP4
0,2.16805467827381,0.881,0.329,0,myCAFs,FCGRT
0,2.15082082380153,0.958,0.594,0,myCAFs,HTRA1
0,2.14856124254297,0.898,0.357,0,myCAFs,SERPING1
0,2.13915923710932,0.993,0.588,0,myCAFs,IGFBP4
2.24345427276722e-317,2.12446532329715,0.598,0.201,4.04517239922658e-313,myCAFs,ITM2A
0,2.12363425303972,0.65,0.179,0,myCAFs,FOLR2
9.78874529048119e-250,2.11166822941268,0.523,0.189,1.76500866332666e-245,myCAFs,TPST1
1.47677430875005e-302,2.10666508526119,0.555,0.18,2.66277175610721e-298,myCAFs,PLXDC1
0,2.10210291943169,0.804,0.302,0,myCAFs,STAB1
0,2.09877935288224,0.634,0.212,0,myCAFs,ADGRA2
0,2.09861101911162,0.976,0.461,0,myCAFs,RNASE1
8.74249767528469e-238,2.09742533837348,0.548,0.221,1.57635975583058e-233,myCAFs,TCF4
0,2.09617255667083,0.937,0.44,0,myCAFs,LRP1
0,2.0960145836909,0.861,0.369,0,myCAFs,CDH11
0,2.0915244641609,0.861,0.275,0,myCAFs,TNXB
0,2.09132071439647,0.96,0.439,0,myCAFs,CXCL12
6.45523315381892e-294,2.07881080218274,0.531,0.163,1.16394308996509e-289,myCAFs,HMCN1
0,2.0716484255955,0.714,0.247,0,myCAFs,SPON2
0,2.07152557973473,0.579,0.16,0,myCAFs,FGF7
0,2.06268180586168,0.974,0.578,0,myCAFs,SELENOP
0,2.05516069213781,0.786,0.29,0,myCAFs,CD14
0,2.04894165979527,0.738,0.31,0,myCAFs,S100A4
0,2.04325744255105,0.78,0.347,0,myCAFs,PLPP3
0,2.04196860057898,0.711,0.254,0,myCAFs,COL16A1
0,2.03635551666835,0.693,0.242,0,myCAFs,CRISPLD2
0,2.02665156167536,0.925,0.505,0,myCAFs,CCN2
0,2.02074306879956,0.874,0.511,0,myCAFs,CCN1
0,2.01161770189698,1,0.918,0,myCAFs,COL1A1
1.73959873078368e-184,2.00625344815188,0.507,0.217,3.13667047147605e-180,myCAFs,CHI3L1
0,2.00273880400992,0.965,0.506,0,myCAFs,CCDC80
0,1.996084081982,0.917,0.434,0,myCAFs,MAF
0,1.99587459766568,0.859,0.333,0,myCAFs,EFEMP1
0,1.98774819270589,0.949,0.52,0,myCAFs,CTSK
1.57730529726503e-313,1.98770924284282,0.644,0.25,2.84403918149858e-309,myCAFs,IL1R1
0,1.98552417471901,0.63,0.21,0,myCAFs,SERPINE2
0,1.98215529054663,0.976,0.466,0,myCAFs,FSTL1
0,1.9812753008855,0.817,0.347,0,myCAFs,PCOLCE
0,1.97738007842639,0.779,0.28,0,myCAFs,OAF
0,1.97349703019447,0.854,0.417,0,myCAFs,NBL1
0,1.97262017356056,0.865,0.28,0,myCAFs,F13A1
0,1.9531766738842,0.847,0.426,0,myCAFs,SOD2
0,1.94707167617035,0.703,0.244,0,myCAFs,PODN
0,1.93853236772124,0.826,0.368,0,myCAFs,DAB2
0,1.9383818058583,0.564,0.111,0,myCAFs,LYVE1
0,1.93819289869723,0.538,0.115,0,myCAFs,HSPB6
0,1.91791308121213,0.991,0.613,0,myCAFs,SFRP2
6.65949869845317e-276,1.91365694191373,0.536,0.173,1.20077421031809e-271,myCAFs,PCDH18
0,1.91291961310805,0.68,0.27,0,myCAFs,OLFML3
2.31260679207981e-209,1.91205738976607,0.572,0.274,4.1698613067991e-205,myCAFs,FAM20C
2.22888964068685e-262,1.90704397021953,0.509,0.158,4.01891091112247e-258,myCAFs,DPT
0,1.90014855902335,0.854,0.362,0,myCAFs,TMEM176B
0,1.89519068151701,0.987,0.694,0,myCAFs,TIMP1
0,1.89120581588098,0.704,0.28,0,myCAFs,GEM
0,1.8888301284132,0.79,0.378,0,myCAFs,MXRA5
3.81390460144479e-300,1.88798096608106,0.686,0.32,6.87685138686509e-296,myCAFs,SDC3
0,1.87671548958342,0.796,0.403,0,myCAFs,NNMT
0,1.86493318433909,0.991,0.65,0,myCAFs,LUM
7.77571418413235e-208,1.86085471887213,0.516,0.213,1.4020390245409e-203,myCAFs,FKBP9
7.18851829051696e-284,1.85516196782688,0.575,0.193,1.29616173296311e-279,myCAFs,ELN
1.48935415956765e-246,1.85308756005342,0.512,0.174,2.68545448511643e-242,myCAFs,EFEMP2
0,1.85192893440789,0.91,0.473,0,myCAFs,THBS2
0,1.84908990273309,0.807,0.335,0,myCAFs,NID1
0,1.83868354337172,0.928,0.524,0,myCAFs,C1QA
0,1.83676078090473,0.831,0.443,0,myCAFs,CPE
3.732041009249e-293,1.83620218773325,0.577,0.195,6.72924314377686e-289,myCAFs,GLT8D2
0,1.81915934065884,0.788,0.366,0,myCAFs,LSP1
0,1.81821845267847,0.937,0.46,0,myCAFs,VCAN
0,1.81214679344633,0.65,0.23,0,myCAFs,ANGPTL2
7.45662937464624e-304,1.805064358278,0.72,0.324,1.34450484254246e-299,myCAFs,MS4A7
0,1.80309416060913,0.848,0.499,0,myCAFs,THBS1
5.53185849044147e-220,1.80127046427125,0.528,0.206,9.97449404411502e-216,myCAFs,FAM20A
3.57067636113404e-260,1.79522529147931,0.562,0.204,6.43828654676078e-256,myCAFs,PDZRN3
0,1.79148357094131,0.83,0.426,0,myCAFs,LGMN
6.40122817016587e-221,1.77403559834627,0.586,0.267,1.15420545136261e-216,myCAFs,EPB41L2
0,1.77247793064943,0.783,0.394,0,myCAFs,PDGFRB
3.50111373901675e-256,1.76668601848622,0.575,0.219,6.3128581828211e-252,myCAFs,FMOD
3.76799076274815e-208,1.74851821613014,0.511,0.198,6.79406414431119e-204,myCAFs,TSHZ2
1.1292660930116e-244,1.74195605212042,0.536,0.185,2.03617969230922e-240,myCAFs,ADAMTS2
3.78454284714395e-321,1.73680394189115,0.679,0.255,6.82390920768525e-317,myCAFs,ISLR
6.65399146912166e-207,1.73303352735939,0.558,0.243,1.19978120179733e-202,myCAFs,CLEC11A
1.20508752377031e-295,1.72320439454621,0.666,0.266,2.17289331411024e-291,myCAFs,CD248
8.3404885009592e-268,1.69832626009622,0.659,0.278,1.50387348160795e-263,myCAFs,ADAM12
5.51303583076483e-237,1.69076119991869,0.517,0.178,9.94055490645206e-233,myCAFs,SFRP1
0,1.68343833680183,0.975,0.761,0,myCAFs,POSTN
0,1.67625359378245,0.892,0.57,0,myCAFs,FOS
7.36530843708212e-247,1.67431985816663,0.708,0.401,1.32803876429028e-242,myCAFs,MAFB
1.58262339485394e-263,1.67360939881236,0.677,0.3,2.85362824326115e-259,myCAFs,CD163
5.06506668318912e-148,1.67233177190757,0.505,0.257,9.1328217364583e-144,myCAFs,TRIOBP
0,1.65092501601784,0.825,0.4,0,myCAFs,C1QB
3.32349084717327e-175,1.64797017743672,0.601,0.339,5.99258634653811e-171,myCAFs,LHFPL2
0,1.64771535650253,0.999,0.773,0,myCAFs,COL1A2
0,1.64167219294695,0.986,0.836,0,myCAFs,SPARC
0,1.63340630887345,0.837,0.455,0,myCAFs,THY1
0,1.63124869652659,0.87,0.553,0,myCAFs,DUSP1
3.12592726478935e-163,1.63107534779119,0.563,0.311,5.63635945114168e-159,myCAFs,CLSTN3
9.09090265320089e-195,1.62637360227195,0.546,0.239,1.63918065739865e-190,myCAFs,FRMD6
6.39734024308818e-300,1.6202015388637,0.675,0.261,1.15350441923123e-295,myCAFs,FBLN5
3.01459295212506e-237,1.61678294411073,0.633,0.292,5.4356125519767e-233,myCAFs,PRNP
0,1.61654406392811,0.822,0.482,0,myCAFs,CEBPD
0,1.60394075897427,1,0.798,0,myCAFs,COL3A1
0,1.5967975779695,0.91,0.484,0,myCAFs,C1QC
1.79023082684727e-174,1.59142255549045,0.564,0.276,3.22796520388832e-170,myCAFs,ST5
4.92642282964811e-220,1.58983434148287,0.567,0.228,8.8828330041385e-216,myCAFs,SH3PXD2B
5.32239634056181e-201,1.5888104944444,0.599,0.289,9.59681284166699e-197,myCAFs,TGFBI
1.92762836129007e-194,1.58370331283093,0.509,0.194,3.47570669824212e-190,myCAFs,VCAM1
3.35948852014804e-249,1.5834632326548,0.648,0.28,6.05749375067894e-245,myCAFs,DPYSL3
1.45019963148721e-115,1.5645564777192,0.518,0.309,2.61485495553458e-111,myCAFs,NR4A1
0,1.56160902724925,0.998,0.703,0,myCAFs,COL6A3
1.91399048052682e-217,1.55848638121193,0.537,0.203,3.45111623543792e-213,myCAFs,TMEM176A
1.68759614513338e-220,1.55209702609676,0.526,0.192,3.04290460929e-216,myCAFs,AKAP12
4.70859278541836e-209,1.54708017945213,0.533,0.204,8.49006365138784e-205,myCAFs,LOX
0,1.54623707169168,0.992,0.639,0,myCAFs,COL6A1
7.63851053446257e-234,1.53729035704565,0.583,0.235,1.37729983446895e-229,myCAFs,RCN3
5.74397202212755e-299,1.52126560025693,0.967,0.779,1.03569559530982e-294,myCAFs,APOD
5.55502796470254e-208,1.51285696418,0.628,0.306,1.00162709231552e-203,myCAFs,QKI
6.81477773384731e-122,1.5125179377988,0.525,0.307,1.22877257319001e-117,myCAFs,KIAA0930
2.01598130936157e-150,1.50986582487015,0.514,0.255,3.63501589890986e-146,myCAFs,OSMR
4.34826879459847e-223,1.50745373330639,0.61,0.268,7.8403634635405e-219,myCAFs,ZCCHC24
0,1.50537486534533,0.915,0.671,0,myCAFs,EGR1
2.51488083938677e-177,1.4942084836535,0.633,0.346,4.53458164149829e-173,myCAFs,TNC
3.55058973253142e-237,1.49399816060587,0.796,0.5,6.4020683467274e-233,myCAFs,CTHRC1
0,1.49383195784737,0.884,0.479,0,myCAFs,COL5A2
5.13773151359223e-127,1.49098569706082,0.527,0.298,9.26384369215814e-123,myCAFs,AP2A2
4.31996820535376e-131,1.48694557558021,0.507,0.261,7.78933467107336e-127,myCAFs,SERPINE1
3.10492414660713e-262,1.4833814182977,0.759,0.453,5.59848872874732e-258,myCAFs,DPYSL2
3.45824168984592e-235,1.47562356512294,0.68,0.34,6.23555559096118e-231,myCAFs,PRRX1
0,1.47208644793654,0.962,0.666,0,myCAFs,TIMP2
4.68474075435707e-142,1.46370990369277,0.505,0.241,8.44705605418122e-138,myCAFs,WWTR1
8.9925670096252e-139,1.46290012550305,0.512,0.266,1.62144975750552e-134,myCAFs,KLF9
1.3832361177106e-215,1.45262617720869,0.697,0.37,2.49411304384398e-211,myCAFs,CMTM3
3.86829339022175e-296,1.45050224846465,0.863,0.568,6.97491981190884e-292,myCAFs,MMP14
6.6858331569661e-230,1.44974276780169,0.699,0.376,1.20552257653256e-225,myCAFs,MRC2
1.0541062002249e-157,1.44865833911349,0.55,0.278,1.90065888962553e-153,myCAFs,CYP1B1
0,1.43343331406193,0.942,0.643,0,myCAFs,AEBP1
8.47537760554097e-108,1.41928797514641,0.56,0.389,1.52819533605509e-103,myCAFs,BASP1
2.48119767341474e-320,1.4186185378722,0.877,0.597,4.47384752493412e-316,myCAFs,CNN3
4.83754152460947e-222,1.41544520840594,0.754,0.526,8.72257112302334e-218,myCAFs,JUNB
2.09659753489684e-139,1.41057407429929,0.616,0.409,3.78037501517249e-135,myCAFs,GLI3
0,1.40640503978513,0.835,0.383,0,myCAFs,FBN1
3.85509615877623e-246,1.40522056380973,0.74,0.391,6.95112388388942e-242,myCAFs,MXRA8
5.32206811378659e-161,1.40493475673451,0.596,0.327,9.59622101596859e-157,myCAFs,CEBPB
6.44973104493632e-209,1.40288375344183,0.727,0.473,1.16295100471247e-204,myCAFs,ZFP36
2.21228515011163e-129,1.40109648755331,0.56,0.336,3.98897135416628e-125,myCAFs,BLVRB
0,1.37560671235857,0.861,0.449,0,myCAFs,PDK4
1.23409228454241e-285,1.36592152760809,0.828,0.493,2.22519179825842e-281,myCAFs,IFITM3
5.99012565715461e-145,1.35963634870746,0.597,0.351,1.08007955724155e-140,myCAFs,SH3PXD2A
1.63566837817125e-162,1.34951538733461,0.588,0.31,2.94927365268058e-158,myCAFs,FGFR1
4.10841043902919e-248,1.34765305226336,0.782,0.5,7.40787486261353e-244,myCAFs,TNFRSF1A
1.06732827442509e-96,1.3440558083078,0.502,0.31,1.92449961161587e-92,myCAFs,ARL4C
1.5662428641585e-131,1.33473465125424,0.606,0.406,2.82409250836418e-127,myCAFs,ABL1
6.73781581403165e-143,1.33147156309502,0.611,0.383,1.21489556942805e-138,myCAFs,SKI
3.44049410426501e-189,1.32766591481641,0.608,0.273,6.20355491940024e-185,myCAFs,NR2F1
9.62188266691481e-152,1.32307120144212,0.597,0.332,1.73492166367141e-147,myCAFs,IFITM2
7.41186615539811e-133,1.31216579521554,0.583,0.349,1.33643358647983e-128,myCAFs,MYOF
3.6132899826496e-162,1.30908547907921,0.636,0.392,6.5151231677155e-158,myCAFs,FKBP10
1.30643203544354e-117,1.3071731134525,0.553,0.323,2.35562760310825e-113,myCAFs,PLXDC2
6.48924806497238e-215,1.2874525677053,0.687,0.329,1.17007631859517e-210,myCAFs,FBLN2
3.88330759195902e-122,1.27467882273734,0.559,0.34,7.00199191906131e-118,myCAFs,TBC1D2B
3.00573901083941e-300,1.26253010629979,0.959,0.724,5.41964801044454e-296,myCAFs,FN1
7.47235207412054e-161,1.2383462550218,0.661,0.401,1.34733980248468e-156,myCAFs,TPP1
3.47454730522658e-83,1.22316213399164,0.512,0.342,6.26495624605405e-79,myCAFs,NINJ1
7.46571548733774e-186,1.21766874526478,0.755,0.529,1.34614315952187e-181,myCAFs,SERPINH1
2.60769913936972e-119,1.21388577727638,0.59,0.372,4.70194231819754e-115,myCAFs,SPRY1
4.67129130618418e-251,1.20900201321854,0.837,0.504,8.42280535418069e-247,myCAFs,COL5A1
2.4724752438274e-79,1.20590080836519,0.501,0.338,4.45812011214518e-75,myCAFs,PDLIM7
5.39124746989614e-171,1.20297851065016,0.709,0.478,9.72095831296973e-167,myCAFs,JUN
2.07854816847802e-164,1.1954395303824,0.61,0.314,3.74783020258272e-160,myCAFs,PARVA
2.33049477795738e-117,1.18147171036103,0.573,0.348,4.20211513413495e-113,myCAFs,B4GALT1
8.02549833921574e-140,1.18038804612342,0.595,0.33,1.44707760554399e-135,myCAFs,LOXL1
5.61479062466351e-149,1.17542934962117,0.675,0.453,1.01240289753308e-144,myCAFs,PTPRS
1.43635267747687e-149,1.16930753240726,0.593,0.307,2.58988751275855e-145,myCAFs,ZEB2
1.32878674590093e-158,1.16442411991153,0.624,0.343,2.39593538153396e-154,myCAFs,CSF1R
4.78607668743678e-134,1.16329015432301,0.626,0.391,8.62977487511725e-130,myCAFs,IFI16
2.75598514980753e-189,1.16289795393155,0.846,0.609,4.96931682361795e-185,myCAFs,CSRP1
9.79871656225291e-176,1.16273845683909,0.623,0.293,1.76680658333982e-171,myCAFs,IGFBP3
6.28999815250605e-174,1.15659410479453,0.667,0.358,1.13414956687837e-169,myCAFs,ANTXR1
3.36692828017098e-95,1.15400892400219,0.553,0.376,6.07090838197629e-91,myCAFs,SELENOM
5.82066030243003e-114,1.15387067811993,0.652,0.495,1.04952325913116e-109,myCAFs,CD276
1.12153979383374e-103,1.14691796454966,0.559,0.368,2.02224840226161e-99,myCAFs,TSPAN4
2.55871115795222e-220,1.14225990278437,0.815,0.562,4.61361208890364e-216,myCAFs,GPNMB
4.05835895640811e-123,1.12140707292825,0.612,0.38,7.31762703429946e-119,myCAFs,MXRA7
4.90335011040913e-101,1.11820405014077,0.602,0.415,8.84123058407871e-97,myCAFs,ARRDC3
1.39754574353268e-125,1.11663128116583,0.662,0.488,2.51991473016377e-121,myCAFs,VAT1
2.1884668483187e-243,1.11388576410746,0.861,0.66,3.94602457420345e-239,myCAFs,LMNA
1.86429014774602e-124,1.10281474395877,0.615,0.38,3.36150156540085e-120,myCAFs,SLC40A1
1.38609028233028e-86,1.08650674608078,0.592,0.453,2.49925938806972e-82,myCAFs,MYADM
3.14391555155425e-266,1.08412516066197,0.931,0.674,5.66879413100746e-262,myCAFs,CALD1
9.75022220168993e-114,1.0803633333403,0.507,0.271,1.75806256518671e-109,myCAFs,CCND2
9.45265317621868e-176,1.07874501807455,0.74,0.477,1.70440789420399e-171,myCAFs,PMP22
1.30773072969943e-96,1.07861905602584,0.616,0.431,2.35796927872104e-92,myCAFs,PRSS23
2.70168701623346e-119,1.07420889165564,0.509,0.262,4.87141185897055e-115,myCAFs,DEPP1
1.63428130806018e-108,1.05645698927491,0.54,0.315,2.94677262656331e-104,myCAFs,NUPR1
2.51170435799274e-225,1.05641640562611,0.885,0.663,4.52885412789671e-221,myCAFs,BGN
9.34584868089918e-120,1.05577535333455,0.669,0.49,1.68514997565293e-115,myCAFs,KLF6
5.3840365288365e-106,1.05465035999827,0.625,0.442,9.7079562651451e-102,myCAFs,CAPN2
6.89966743237683e-145,1.04742727897314,0.659,0.373,1.24407903473187e-140,myCAFs,MS4A6A
3.57701986396456e-157,1.04138268931792,0.708,0.457,6.4497245167145e-153,myCAFs,LAMB1
2.02834721352391e-65,1.04119756858005,0.522,0.386,3.65731286070496e-61,myCAFs,TTYH3
1.2487858913674e-114,1.03706410508652,0.577,0.343,2.25168584072456e-110,myCAFs,ITGB5
4.44206725866664e-124,1.02527447037023,0.556,0.297,8.00949147410182e-120,myCAFs,COL12A1
5.67127128603993e-71,1.02323824717751,0.514,0.36,1.02258692558586e-66,myCAFs,PGRMC1
2.77089765275435e-80,1.01326774189753,0.55,0.399,4.99620555768137e-76,myCAFs,MAP4K4
8.45476444698611e-197,1.00979964427772,0.648,0.262,1.52447857743607e-192,myCAFs,PTGDS
6.42855600585384e-133,1.00908131141787,0.659,0.422,1.15913293341551e-128,myCAFs,EMP1
3.59477052064486e-63,1.00892633186644,0.543,0.434,6.48173072577475e-59,myCAFs,FOSL2
9.76622080267738e-153,1.00762506632495,0.69,0.433,1.76094727293076e-148,myCAFs,CAVIN1
9.73603886030577e-83,1.00277273295014,0.507,0.318,1.75550516690173e-78,myCAFs,TGFB3
7.89116838427069e-138,1.00070161586517,0.735,0.541,1.42285657136785e-133,myCAFs,ZYX
4.7437808290704e-22,1.64505853255418,0.544,0.473,8.55351121289684e-18,iCAFs,COL14A1
2.96596096095721e-42,1.62742934175004,0.68,0.578,5.34792420870195e-38,iCAFs,DCN
7.37482519415269e-14,1.56835158402812,0.63,0.811,1.32975473075767e-09,iCAFs,APOD
2.46020827385074e-56,1.5390192431852,0.101,0.554,4.43600153858028e-52,iCAFs,PTMS
1.22740041198727e-24,1.40813191571394,0.676,0.784,2.21312568285425e-20,iCAFs,COL6A2
2.21313716352426e-06,1.32186927632877,0.552,0.701,0.0399050761955059,iCAFs,LUM
1.98366832691567e-16,1.31876959894924,0.214,0.521,3.57675236026164e-12,iCAFs,JUN
2.35598812875529e-06,1.31848636374702,0.478,0.509,0.0424808219495866,iCAFs,CXCL12
5.32378363037483e-09,1.29204746542796,0.513,0.53,9.59931426392886e-05,iCAFs,RNASE1
4.20571930020996e-08,1.28941001233728,0.497,0.534,0.000758333247020857,iCAFs,FSTL1
4.8324958461359e-07,1.28053528753966,0.532,0.646,0.00871347326016765,iCAFs,IGFBP4
0.000752432260118498,1.27322408928178,0.542,0.74,1,iCAFs,TIMP1
4.69739391598166e-07,1.27285711520775,0.499,0.538,0.00846987096990654,iCAFs,C1R
1.3198546257749e-16,1.24935137786845,0.205,0.505,2.37982987573472e-12,iCAFs,DPYSL2
3.61226888567952e-05,1.21523702118069,0.292,0.512,0.651328202776874,iCAFs,PDK4
1.94671602631065e-06,1.18704822778266,0.522,0.593,0.0351012366704073,iCAFs,MMP2
1.15267533148581e-06,1.1782033086486,0.267,0.504,0.0207838889020206,iCAFs,CPE
4.29996746584836e-07,1.14276196559837,0.271,0.513,0.00775327133767118,iCAFs,CLU
2.30931171555876e-11,1.13859821776164,0.253,0.539,4.16391995432401e-07,iCAFs,CEBPD
0.00512436277152761,1.13787106896924,0.335,0.539,1,iCAFs,THBS2
1.25529398231126e-15,1.13274585579762,0.606,0.626,2.26342057950543e-11,iCAFs,MGP
3.29705454386125e-05,1.12814714261972,0.546,0.668,0.594491904803622,iCAFs,SFRP2
1.07457510286267e-14,1.08070291126854,0.236,0.55,1.93756636797169e-10,iCAFs,TNFRSF1A
1.13225368232812e-12,1.07007085409152,0.236,0.517,2.04156661460583e-08,iCAFs,THY1
2.20924471035483e-08,1.05100492647864,0.329,0.654,0.00039834891372408,iCAFs,CSRP1
3.82306691724254e-30,1.01818419163329,0.797,0.934,6.89337195848003e-26,iCAFs,COL1A1
2.38602614885293e-05,1.00819686330474,0.31,0.541,0.430224374899672,iCAFs,COL5A2
0,6.17741209045938,0.712,0.035,0,Adipocytes,PLIN4
0,5.99254986323457,0.69,0.029,0,Adipocytes,ADIPOQ
0,5.78001753997542,0.728,0.075,0,Adipocytes,PLIN1
0,5.18352090472023,0.76,0.068,0,Adipocytes,ADH1B
0,5.13957079004022,0.938,0.183,0,Adipocytes,FABP4
0,5.06644509682465,0.673,0.067,0,Adipocytes,G0S2
0,4.97611563860114,0.903,0.155,0,Adipocytes,GPX3
0,4.62584375827661,0.638,0.074,0,Adipocytes,LPL
0,4.5551202151326,0.799,0.166,0,Adipocytes,CFD
0,3.36770045799753,0.653,0.2,0,Adipocytes,CD36
1.38967931623853e-255,3.17820168154439,0.529,0.176,2.5057307751097e-251,Adipocytes,GPC3
0,2.9276366259833,0.571,0.125,0,Adipocytes,LYVE1
3.68446245578044e-211,2.879056725314,0.522,0.195,6.64345425401772e-207,Adipocytes,CRYAB
0,2.76810616663439,0.808,0.301,0,Adipocytes,TNXB
1.40001395149148e-218,2.60436115601257,0.59,0.26,2.52436515593428e-214,Adipocytes,DEPP1
3.73482331853483e-138,2.45677565613014,0.589,0.397,6.73425992565015e-134,Adipocytes,ALDH2
2.71525107243908e-272,2.45170417876432,0.623,0.225,4.8958692087149e-268,Adipocytes,SRPX
0,2.34448360406316,0.787,0.309,0,Adipocytes,F13A1
0,2.25754318282498,0.776,0.36,0,Adipocytes,EFEMP1
0,2.23836876824034,0.794,0.329,0,Adipocytes,PLTP
0,2.22391281393057,0.947,0.481,0,Adipocytes,RNASE1
9.93860785605946e-155,2.16500492270479,0.659,0.47,1.79203038252608e-150,Adipocytes,PNPLA2
2.04912862538868e-274,2.06255158786136,0.792,0.47,3.69478382443832e-270,Adipocytes,PDK4
0,2.05987754161094,0.897,0.491,0,Adipocytes,FSTL1
6.56580128376735e-230,2.05602990992308,0.558,0.188,1.18387962947609e-225,Adipocytes,OGN
0,2.04129860650211,0.889,0.464,0,Adipocytes,CXCL12
3.79091762459832e-161,1.97420043262939,0.61,0.327,6.83540356891323e-157,Adipocytes,CD14
7.67223001525564e-140,1.96230609054809,0.507,0.227,1.38337979405074e-135,Adipocytes,IGF1
3.12429659788597e-179,1.92821608848012,0.7,0.454,5.63341919564819e-175,Adipocytes,LGMN
7.1070606250274e-169,1.91599609071504,0.641,0.37,1.28147410129869e-164,Adipocytes,NID1
1.21193115498015e-133,1.91317585216501,0.55,0.291,2.18523306554471e-129,Adipocytes,CAV1
2.0683304861136e-203,1.90391718089159,0.703,0.396,3.72940669951142e-199,Adipocytes,TMEM176B
5.72495524004602e-243,1.89418667636319,0.743,0.393,1.0322666793327e-238,Adipocytes,SERPING1
3.23667616394092e-184,1.87683939775799,0.707,0.47,5.83605079120187e-180,Adipocytes,CPE
1.00329434637082e-137,1.85328072111387,0.556,0.288,1.80904003594122e-133,Adipocytes,FBLN5
0,1.84555090966059,0.968,0.538,0,Adipocytes,DCN
5.95337202681927e-148,1.83600829049369,0.66,0.432,1.07345251015578e-143,Adipocytes,NNMT
2.32246785909912e-111,1.79726502883269,0.621,0.449,4.18764179674163e-107,Adipocytes,CAVIN1
1.38290307730028e-176,1.78480645352028,0.672,0.371,2.49351253868013e-172,Adipocytes,FCGRT
1.22893417703761e-141,1.7385822722341,0.646,0.404,2.21589121461652e-137,Adipocytes,DAB2
1.26116681519614e-120,1.7187954064212,0.601,0.382,2.27400988448015e-116,Adipocytes,PLPP3
1.31032648742465e-119,1.69196428361084,0.563,0.321,2.36264968947538e-115,Adipocytes,OAF
0,1.68547575108605,0.957,0.786,0,Adipocytes,APOD
1.60994413751843e-153,1.68297549763031,0.727,0.58,2.90289027435949e-149,Adipocytes,DUSP1
1.86226790752254e-80,1.66704572853206,0.609,0.519,3.3578552640539e-76,Adipocytes,ADIRF
6.27216236001469e-144,1.62633372717244,0.678,0.431,1.13093359513425e-139,Adipocytes,C1QB
2.28944628521432e-256,1.61575177149017,0.876,0.737,4.12810059686995e-252,Adipocytes,GSN
1.91191695838393e-163,1.60286325484369,0.693,0.414,3.44737746766206e-159,Adipocytes,FBN1
2.54269111211089e-285,1.60080381161733,0.9,0.612,4.58472634424714e-281,Adipocytes,IGFBP4
9.78858070740135e-175,1.59240030350725,0.732,0.471,1.76497898735154e-170,Adipocytes,MAF
1.60075610956964e-167,1.59073739953755,0.773,0.594,2.88632334116502e-163,Adipocytes,FOS
9.26024331457187e-276,1.58356058731485,0.873,0.602,1.66971447205045e-271,Adipocytes,SELENOP
1.20599211152338e-224,1.56934221731722,0.823,0.549,2.17452437628781e-220,Adipocytes,C1QA
2.76843085411274e-74,1.56922983599622,0.56,0.415,4.99175767305068e-70,Adipocytes,EPAS1
4.11567755276433e-76,1.56706182922573,0.575,0.44,7.42097819538935e-72,Adipocytes,EMP1
1.70507618039608e-77,1.56124937046281,0.501,0.325,3.07442286087218e-73,Adipocytes,GAS7
1.4968846445045e-63,1.54892329020542,0.56,0.474,2.69903270250607e-59,Adipocytes,PTPRS
1.30462892866262e-194,1.54116111823471,0.764,0.476,2.35237642127157e-190,Adipocytes,LRP1
1.34748606217499e-67,1.51994951420423,0.548,0.415,2.42965211870772e-63,Adipocytes,LAMC1
2.6536533914429e-106,1.51488831376683,0.576,0.344,4.78480243011069e-102,Adipocytes,STAB1
3.14887074684076e-140,1.50677306646026,0.757,0.656,5.67772884362857e-136,Adipocytes,GLUL
2.79461165288411e-248,1.50470410055253,0.855,0.5,5.03896427131535e-244,Adipocytes,C1R
7.14776197327629e-131,1.47208631843853,0.657,0.416,1.28881296140145e-126,Adipocytes,SERPINF1
1.48830675793658e-230,1.46054309129544,0.856,0.533,2.68356591523545e-226,Adipocytes,CCDC80
1.6759206654367e-165,1.45988027804658,0.756,0.515,3.02185255184892e-161,Adipocytes,C1QC
3.71348663191314e-57,1.45536165899732,0.568,0.499,6.69578774600259e-53,Adipocytes,ZFP36
7.85586974624578e-236,1.4539624406912,0.822,0.436,1.41649187394558e-231,Adipocytes,COL14A1
3.7986211314119e-95,1.45087309645459,0.632,0.465,6.8492937620488e-91,Adipocytes,SOD2
2.89346613214737e-194,1.4443737849395,0.782,0.486,5.21720878287493e-190,Adipocytes,C1S
3.77331761078925e-85,1.43683049015393,0.575,0.404,6.8036689840141e-81,Adipocytes,LSP1
1.575259700026e-58,1.43526408688994,0.511,0.36,2.84035076511689e-54,Adipocytes,AQP1
3.59064825976101e-111,1.41831527493536,0.682,0.521,6.47429787717507e-107,Adipocytes,IFITM3
7.65332400318051e-59,1.39777233236215,0.564,0.485,1.37997085101348e-54,Adipocytes,DPYSL2
1.10199993986674e-88,1.38811937967373,0.636,0.515,1.98701609157372e-84,Adipocytes,CEBPD
5.4967157551336e-110,1.37899886829034,0.681,0.53,9.91112817808139e-106,Adipocytes,THBS1
1.25172661795472e-78,1.34335612537802,0.61,0.457,2.25698826483416e-74,Adipocytes,TGFBR2
1.04741064152864e-104,1.32341049823204,0.707,0.575,1.8885861277403e-100,Adipocytes,ANXA1
2.36615553077337e-59,1.31227262477948,0.589,0.503,4.26641503753746e-55,Adipocytes,PMP22
9.56147700824303e-60,1.22677025535804,0.542,0.394,1.7240299193563e-55,Adipocytes,PCOLCE
1.36665172432558e-80,1.21924795165368,0.667,0.547,2.46420972413146e-76,Adipocytes,CCN1
1.22683663195374e-46,1.21296749355682,0.561,0.482,2.2121091310758e-42,Adipocytes,LAMB1
1.38042426419272e-82,1.20093736579038,0.631,0.473,2.4890429907659e-78,Adipocytes,COL4A2
2.71580329503955e-58,1.19120153498127,0.523,0.359,4.89686492128581e-54,Adipocytes,FBLN2
1.47875919790315e-199,1.18395929069933,0.886,0.673,2.66635070973917e-195,Adipocytes,LUM
5.87707960582817e-182,1.16151244778197,0.847,0.565,1.05969622372688e-177,Adipocytes,C3
3.07900332643302e-65,1.15625967937502,0.585,0.45,5.55175089789137e-61,Adipocytes,EMILIN1
1.60609328546575e-25,1.14864563596841,0.502,0.481,2.89594680302329e-21,Adipocytes,VEGFB
2.07288089233802e-72,1.13101785760577,0.512,0.29,3.73761153697468e-68,Adipocytes,PTGDS
1.59263838047208e-34,1.12453637305271,0.532,0.506,2.8716862638292e-30,Adipocytes,JUN
1.57911104309292e-37,1.07632401607178,0.565,0.534,2.84729512180084e-33,Adipocytes,TNFRSF1A
3.5677078124878e-91,1.06297611470022,0.74,0.699,6.43293395669675e-87,Adipocytes,EGR1
5.96792707507853e-51,1.05427295029194,0.575,0.459,1.07607693090741e-46,Adipocytes,KCTD12
2.02860026956446e-86,1.03830865648105,0.7,0.545,3.65776914605167e-82,Adipocytes,CCN2
4.14230822851006e-17,1.0380874417375,0.494,0.519,7.46899596682649e-13,Adipocytes,EHD2
0,3.4181420593914,0.684,0.253,0,Endothelial Cells,RGS5
0,3.3323944019206,0.6,0.143,0,Endothelial Cells,CDH5
1.05996202853021e-309,3.25275181702281,0.66,0.239,1.91121753364282e-305,Endothelial Cells,PLVAP
9.12998594486939e-295,3.01509379283185,0.66,0.224,1.6462277657194e-290,Endothelial Cells,THBS4
0,2.89287646681359,0.691,0.199,0,Endothelial Cells,COMP
1.95395409562494e-281,2.80604770137182,0.56,0.157,3.52317462982133e-277,Endothelial Cells,GNG11
4.26013777769552e-201,2.74767003560751,0.662,0.358,7.68145442696279e-197,Endothelial Cells,ADAM15
4.42161307749735e-254,2.62780822943182,0.6,0.207,7.97261054003547e-250,Endothelial Cells,MCAM
0,2.62193567399286,0.799,0.377,0,Endothelial Cells,ENG
1.66360732023441e-225,2.45523757137015,0.618,0.242,2.99965035911467e-221,Endothelial Cells,EGFL7
3.22075465736159e-318,2.40010066979861,0.83,0.456,5.80734272268867e-314,Endothelial Cells,COL4A2
0,2.3778432327039,0.894,0.457,0,Endothelial Cells,SPARCL1
3.20276081794859e-172,2.31488069424438,0.501,0.181,5.7748980308431e-168,Endothelial Cells,ITGA5
3.49831539604273e-215,2.31242654566179,0.561,0.187,6.30781249060465e-211,Endothelial Cells,F2RL2
4.96045282947529e-251,2.29885024431056,0.79,0.525,8.9441924968269e-247,Endothelial Cells,COL4A1
4.56601594580072e-149,2.25185730564181,0.542,0.251,8.23298335187328e-145,Endothelial Cells,EHD4
1.83505548908175e-212,2.24132674243787,0.581,0.208,3.3087885523633e-208,Endothelial Cells,GOLIM4
9.03303961704295e-168,2.22155185081283,0.512,0.191,1.62874737334901e-163,Endothelial Cells,OSBPL9
4.58685717019607e-221,2.20097784320015,0.612,0.218,8.27056216358054e-217,Endothelial Cells,VWF
0,2.19985585790717,0.942,0.726,0,Endothelial Cells,IGFBP7
5.95468534315377e-310,2.19630808886582,0.842,0.436,1.07368931422406e-305,Endothelial Cells,TGFBR2
6.70681162297275e-166,2.19276636477889,0.502,0.184,1.20930520373822e-161,Endothelial Cells,PRCP
9.08812472984955e-218,2.17763212093082,0.731,0.385,1.63867977003917e-213,Endothelial Cells,AHR
1.97640826467729e-219,2.17308581401875,0.716,0.354,3.56366174203963e-215,Endothelial Cells,PECAM1
7.77097688291952e-118,2.17047715023665,0.519,0.267,1.40118484175922e-113,Endothelial Cells,PIM3
3.65803575850927e-126,2.16197387767663,0.52,0.255,6.59580427616807e-122,Endothelial Cells,VWA1
2.51399033102885e-131,2.13429442487247,0.526,0.25,4.53297596587811e-127,Endothelial Cells,YWHAH
6.83221250564601e-193,2.12404965994343,0.681,0.345,1.23191623689303e-188,Endothelial Cells,COL15A1
7.67271628776066e-204,2.12023705307877,0.542,0.181,1.38346747384613e-199,Endothelial Cells,SULF1
0,2.10656995379591,0.914,0.674,0,Endothelial Cells,A2M
6.15946534088914e-256,2.10444209327645,0.694,0.247,1.11061319561572e-251,Endothelial Cells,GAS6
4.59731837235063e-211,2.08054489744313,0.747,0.417,8.28942475718542e-207,Endothelial Cells,ACTA2
2.37328124776381e-130,2.01994741015149,0.549,0.27,4.27926341784293e-126,Endothelial Cells,PTPRG
7.26013983808554e-167,2.01643995114792,0.627,0.313,1.3090758142052e-162,Endothelial Cells,SEPTIN11
5.89210365756253e-145,2.01154467666073,0.549,0.248,1.0624052104951e-140,Endothelial Cells,VASH1
2.91142248277239e-189,1.98488366421833,0.699,0.373,5.24958587868689e-185,Endothelial Cells,NRP1
8.81980188281702e-120,1.98207447824604,0.538,0.28,1.59029847749074e-115,Endothelial Cells,SNRK
6.77469393890358e-157,1.93966506657547,0.634,0.337,1.2215450641237e-152,Endothelial Cells,HSPG2
9.31210370595814e-138,1.93906237581025,0.545,0.256,1.67906541922131e-133,Endothelial Cells,UACA
7.30782020252683e-119,1.91725246517048,0.545,0.289,1.31767306071761e-114,Endothelial Cells,ENC1
2.29925069021254e-116,1.90733664009016,0.535,0.277,4.14577891952223e-112,Endothelial Cells,SKIL
1.06028708534027e-112,1.90156436747821,0.504,0.244,1.91180364357704e-108,Endothelial Cells,NAV1
1.31144686868253e-138,1.90062846398162,0.577,0.291,2.36466984892146e-134,Endothelial Cells,NES
1.50555552710987e-157,1.89910555812834,0.539,0.217,2.7146671709318e-153,Endothelial Cells,PXDN
2.54248824416337e-147,1.89797401964783,0.641,0.381,4.58436055305096e-143,Endothelial Cells,NOTCH3
3.04232382690542e-93,1.88577333466969,0.517,0.303,5.48561409229316e-89,Endothelial Cells,ARHGAP29
1.09606088112308e-119,1.85713728412295,0.548,0.284,1.97630737475303e-115,Endothelial Cells,BMPR2
1.43254601418137e-122,1.84459479416168,0.612,0.375,2.58302371817042e-118,Endothelial Cells,ECE1
6.27003931287801e-141,1.83453379584476,0.548,0.258,1.13055078850503e-136,Endothelial Cells,ITGA1
4.29194275215782e-103,1.78241152890064,0.534,0.293,7.73880197641577e-99,Endothelial Cells,SPTBN1
1.13601082696756e-99,1.73052295889895,0.544,0.313,2.04834112210521e-95,Endothelial Cells,PLPP1
3.49189806130599e-131,1.72911737389951,0.584,0.28,6.29624139434084e-127,Endothelial Cells,ID3
8.35915180425393e-166,1.72872258905791,0.702,0.413,1.50723866182503e-161,Endothelial Cells,PLXND1
6.15017128627713e-194,1.71712139995876,0.78,0.493,1.10893738462863e-189,Endothelial Cells,COL18A1
5.66694932245208e-184,1.71604939598805,0.719,0.364,1.02180763233134e-179,Endothelial Cells,LTBP2
3.33584168277922e-157,1.71136627426112,0.634,0.301,6.01485613821921e-153,Endothelial Cells,COL12A1
5.49499488470815e-142,1.70590819974945,0.561,0.236,9.90802527661726e-138,Endothelial Cells,FAP
3.2021078986183e-167,1.70397603670447,0.728,0.493,5.77372075199866e-163,Endothelial Cells,CLIC4
2.63062946979585e-182,1.67955049361737,0.652,0.285,4.7432879969889e-178,Endothelial Cells,CAV1
8.02815910223005e-171,1.65198822350957,0.774,0.441,1.4475573677231e-166,Endothelial Cells,KCTD12
1.02196177986884e-134,1.64705207031792,0.565,0.248,1.8426992852815e-130,Endothelial Cells,LAMA4
6.38750618245439e-118,1.62794097260578,0.558,0.276,1.15173123975835e-113,Endothelial Cells,PALM2-AKAP2
2.36763125854764e-159,1.60318758721361,0.752,0.542,4.26907592228726e-155,Endothelial Cells,STOM
1.06176138843519e-217,1.59767247867675,0.872,0.712,1.9144619594875e-213,Endothelial Cells,RHOB
6.91007932785245e-129,1.59765131548657,0.64,0.348,1.24595640360508e-124,Endothelial Cells,ITGB5
6.48509168392879e-86,1.55838735139417,0.528,0.305,1.1693268815292e-81,Endothelial Cells,NR2F2
8.01098494890442e-104,1.53693705523963,0.629,0.431,1.44446069613696e-99,Endothelial Cells,NCKAP1
2.24073179375927e-156,1.52549614027845,0.701,0.402,4.04026349732735e-152,Endothelial Cells,LAMC1
4.14502391369504e-140,1.52515376675859,0.727,0.467,7.47389261878353e-136,Endothelial Cells,LAMB1
2.85583135782139e-193,1.50326296855791,0.799,0.552,5.14934952128775e-189,Endothelial Cells,TPM1
3.90815147507773e-168,1.45887818345252,0.81,0.578,7.04678792471265e-164,Endothelial Cells,TAGLN
2.59082893954937e-71,1.45101423063812,0.645,0.521,4.67152366090146e-67,Endothelial Cells,BCAM
2.27620931725746e-104,1.43574238626287,0.672,0.468,4.10423301994692e-100,Endothelial Cells,CYB5R3
4.03353948536069e-91,1.42847423394665,0.583,0.344,7.27287504605386e-87,Endothelial Cells,LOXL1
1.39344305032029e-66,1.4070052957483,0.586,0.448,2.51251716403251e-62,Endothelial Cells,AGRN
3.15432582926724e-177,1.40500427918215,0.814,0.512,5.68756490275177e-173,Endothelial Cells,CTHRC1
1.15946422539991e-132,1.39262549333721,0.703,0.429,2.09062994481858e-128,Endothelial Cells,EMP1
2.96353066669722e-58,1.36230220248364,0.518,0.326,5.34354214512175e-54,Endothelial Cells,TGFB3
6.61864100456144e-96,1.34203814776059,0.618,0.352,1.19340715953247e-91,Endothelial Cells,AQP1
3.32262397937297e-172,1.33812389170448,0.548,0.208,5.99102329720741e-168,Endothelial Cells,MMP11
6.92519252317539e-54,1.31990774222328,0.54,0.412,1.24868146385375e-49,Endothelial Cells,SLC9A3R2
3.70933573831099e-263,1.3181231740011,0.979,0.719,6.68830326974854e-259,Endothelial Cells,COL6A3
6.06282352482442e-93,1.29855020369742,0.644,0.437,1.09318770976109e-88,Endothelial Cells,PRSS23
6.96115337187022e-244,1.28637742359746,0.991,0.785,1.25516556448192e-239,Endothelial Cells,COL1A2
7.64152567997097e-67,1.27532506341792,0.635,0.473,1.37784349535557e-62,Endothelial Cells,CXCL14
4.90383345599036e-201,1.25994905170398,0.915,0.739,8.84210210449622e-197,Endothelial Cells,FN1
5.26979583212374e-55,1.25957433480529,0.543,0.404,9.50196886490232e-51,Endothelial Cells,ARHGEF12
6.47174826016174e-223,1.25084597745344,0.951,0.66,1.16692092878976e-218,Endothelial Cells,COL6A1
3.38569072830049e-60,1.21984759443108,0.576,0.432,6.10473895219862e-56,Endothelial Cells,ITGAV
3.83812864823531e-87,1.19735400187759,0.583,0.31,6.92052976563309e-83,Endothelial Cells,MFGE8
2.3437248637567e-181,1.19603739763136,0.879,0.674,4.2259703018397e-177,Endothelial Cells,BGN
8.07320788486524e-213,1.16616065046283,0.995,0.808,1.45568011372005e-208,Endothelial Cells,COL3A1
5.68369891579998e-79,1.15784101153481,0.608,0.384,1.02482775150789e-74,Endothelial Cells,PALLD
2.80668917144493e-130,1.15316472684489,0.782,0.525,5.06074124503236e-126,Endothelial Cells,COL5A1
4.23843292192264e-41,1.11900425642277,0.515,0.386,7.64231840151871e-37,Endothelial Cells,SHC1
2.44553175190347e-64,1.09559642501507,0.598,0.413,4.40953830185715e-60,Endothelial Cells,EPAS1
6.91913011913531e-182,1.07267681029337,0.94,0.775,1.24758835178129e-177,Endothelial Cells,POSTN
5.78842553827496e-45,1.06530530531417,0.52,0.37,1.04371100880636e-40,Endothelial Cells,SH3PXD2A
1.25306099726699e-107,1.04883973836802,0.802,0.625,2.25939428417212e-103,Endothelial Cells,MYL9
1.1209613923843e-128,1.04493971148422,0.863,0.665,2.02120548660812e-124,Endothelial Cells,AEBP1
2.22525071064642e-55,1.02304749240003,0.615,0.443,4.01234955636656e-51,Endothelial Cells,SRGN
4.74765465632634e-51,1.01273831007789,0.636,0.541,8.56049611082202e-47,Endothelial Cells,CREG1
2.47558714276445e-37,1.00921884186246,0.52,0.412,4.46373117711859e-33,Endothelial Cells,OAZ2
1.88673666057326e-35,1.00727628790838,0.532,0.445,3.40197487267965e-31,Endothelial Cells,IFI30
0,5.69516027489185,0.687,0.033,0,Myoepithelial Cells,MMP7
0,5.54590296998594,0.574,0.031,0,Myoepithelial Cells,S100A2
0,5.31600450238222,0.871,0.114,0,Myoepithelial Cells,KRT17
0,5.0858557060086,0.763,0.071,0,Myoepithelial Cells,COL17A1
0,5.06360874979176,0.696,0.067,0,Myoepithelial Cells,KRT6B
0,4.95133886634707,0.878,0.125,0,Myoepithelial Cells,KRT14
0,4.9210284542752,0.879,0.207,0,Myoepithelial Cells,MMP11
0,4.89122667876144,0.565,0.038,0,Myoepithelial Cells,CALML3
0,4.86603986468713,0.52,0.03,0,Myoepithelial Cells,DSC3
0,4.77509192988054,0.818,0.116,0,Myoepithelial Cells,KRT5
0,4.74915173617916,0.556,0.04,0,Myoepithelial Cells,TNS4
0,4.68347855046048,0.622,0.048,0,Myoepithelial Cells,SBSPON
0,4.65031238371052,0.656,0.05,0,Myoepithelial Cells,TNN
0,4.57517775668297,0.516,0.035,0,Myoepithelial Cells,TP63
0,4.52729675608774,0.576,0.052,0,Myoepithelial Cells,LAMB3
0,4.37490087568011,0.737,0.095,0,Myoepithelial Cells,COL10A1
0,4.27973408660165,0.619,0.077,0,Myoepithelial Cells,LAMC2
0,4.23408551268317,0.516,0.041,0,Myoepithelial Cells,MIA
0,4.14545968223427,0.674,0.098,0,Myoepithelial Cells,CDH3
0,4.00382403273414,0.638,0.082,0,Myoepithelial Cells,TRIM29
0,3.94509623235155,0.549,0.06,0,Myoepithelial Cells,MATN3
0,3.8941148965832,0.585,0.069,0,Myoepithelial Cells,LAMP5
0,3.79620706893109,0.57,0.08,0,Myoepithelial Cells,ACTG2
0,3.73857984629606,0.54,0.067,0,Myoepithelial Cells,COL8A2
1.33773807146751e-317,3.70120538393803,0.676,0.135,2.41207551666307e-313,Myoepithelial Cells,ITGA2
0,3.63825693345395,0.705,0.128,0,Myoepithelial Cells,INHBA
0,3.56902187096294,0.669,0.087,0,Myoepithelial Cells,KRT15
0,3.46583776612194,0.815,0.185,0,Myoepithelial Cells,SULF1
0,3.42065677480068,0.847,0.228,0,Myoepithelial Cells,MYLK
2.92116002170398e-260,3.32667778850934,0.743,0.212,5.26714363513444e-256,Myoepithelial Cells,BHLHE41
0,3.32530678945165,0.734,0.146,0,Myoepithelial Cells,HTRA3
6.69319863055918e-291,3.28322256532227,0.608,0.109,1.20685064507613e-286,Myoepithelial Cells,COL7A1
1.22977368741172e-300,3.25015708189628,0.685,0.137,2.21740493577207e-296,Myoepithelial Cells,SERPINA1
0,3.20753605257055,0.554,0.069,0,Myoepithelial Cells,ITGA11
8.11628397898714e-144,3.16103392764555,0.572,0.184,1.46344716425117e-139,Myoepithelial Cells,GMNN
1.34406154940806e-236,3.15846362542023,0.55,0.104,2.42347737973768e-232,Myoepithelial Cells,SEC14L2
1.92209584702691e-232,3.12476354764363,0.633,0.155,3.46573102177422e-228,Myoepithelial Cells,DSC2
3.43955375206362e-273,3.11095493269867,0.667,0.14,6.20185937034591e-269,Myoepithelial Cells,PTN
0,3.09304779021569,0.732,0.133,0,Myoepithelial Cells,SERPINA3
4.51602791984893e-300,3.06933464707185,0.685,0.137,8.14284994227961e-296,Myoepithelial Cells,DKK3
1.68902226116807e-210,3.04896305410094,0.664,0.183,3.04547603911214e-206,Myoepithelial Cells,GCLM
3.90980729921198e-225,3.02499336739017,0.554,0.111,7.04977354120913e-221,Myoepithelial Cells,IFFO2
6.67150967994271e-290,3.02001108232111,0.617,0.105,1.20293991039047e-285,Myoepithelial Cells,EDNRA
1.01057424258705e-209,2.99897768032966,0.809,0.321,1.82216641680871e-205,Myoepithelial Cells,PYGB
2.27840797928312e-193,2.9857682471041,0.683,0.202,4.1081974274454e-189,Myoepithelial Cells,CHPT1
1.53577886407839e-250,2.90849258613595,0.601,0.115,2.76916286981974e-246,Myoepithelial Cells,PDGFC
2.95029341877002e-229,2.85958595238292,0.727,0.211,5.31967406338423e-225,Myoepithelial Cells,FBXO32
2.4683605298144e-196,2.84050063850926,0.664,0.197,4.45070087130834e-192,Myoepithelial Cells,ERRFI1
1.62465703598583e-304,2.839286743119,0.836,0.215,2.92941910158606e-300,Myoepithelial Cells,COMP
8.4430134598433e-267,2.79366814462907,0.504,0.071,1.52235975694435e-262,Myoepithelial Cells,KRT23
2.17908578261536e-241,2.78963699067094,0.531,0.09,3.92910957463376e-237,Myoepithelial Cells,CDKN2B
1.84349398022419e-235,2.77390559665849,0.505,0.083,3.32400399574224e-231,Myoepithelial Cells,MAOB
1.74830958561214e-168,2.73092652106038,0.615,0.188,3.15237701381725e-164,Myoepithelial Cells,LIMK2
5.31076554931106e-188,2.7156338955234,0.698,0.236,9.57584136196277e-184,Myoepithelial Cells,PMEPA1
2.07337325916365e-133,2.71356156191059,0.525,0.158,3.73849932359797e-129,Myoepithelial Cells,SLC25A37
1.74458812641966e-194,2.60525821150745,0.775,0.29,3.1456668507473e-190,Myoepithelial Cells,ENC1
1.9094237278683e-232,2.60350582934813,0.91,0.558,3.44288192371933e-228,Myoepithelial Cells,TPM1
8.22793074074622e-209,2.60251402388963,0.637,0.152,1.48357819186395e-204,Myoepithelial Cells,PRICKLE1
1.85286086100714e-244,2.6024027929446,0.642,0.138,3.34089341848198e-240,Myoepithelial Cells,JAG1
2.0308333745993e-233,2.57508737397579,0.871,0.373,3.66179565774e-229,Myoepithelial Cells,LTBP2
1.88857381283107e-229,2.56410450044132,0.504,0.083,3.40528744191569e-225,Myoepithelial Cells,TNFAIP6
3.88931122769857e-186,2.50594656071209,0.567,0.137,7.0128170746633e-182,Myoepithelial Cells,PDLIM4
3.47074863350687e-177,2.50093879768692,0.66,0.202,6.25810686107623e-173,Myoepithelial Cells,PTK7
9.36880969413923e-195,2.49417547765314,0.676,0.196,1.68929007595024e-190,Myoepithelial Cells,ANKH
8.0864186198915e-174,2.48778996759583,0.791,0.371,1.45806214135264e-169,Myoepithelial Cells,CASK
4.81941037817136e-196,2.44038757827195,0.701,0.215,8.68987885288079e-192,Myoepithelial Cells,NREP
5.28763353562725e-205,2.4309275654693,0.712,0.202,9.53413202808949e-201,Myoepithelial Cells,MFAP2
1.51900670567841e-179,2.392953431283,0.574,0.134,2.73892099100874e-175,Myoepithelial Cells,ASPN
3.52475177033482e-193,2.38968495453041,0.606,0.146,6.35547991709072e-189,Myoepithelial Cells,PRKG1
1.84642101991716e-163,2.33046409538841,0.511,0.114,3.32928174101262e-159,Myoepithelial Cells,PCDH7
1.90017490495252e-194,2.32973959767626,0.826,0.384,3.42620537111989e-190,Myoepithelial Cells,PALLD
3.77446855916535e-105,2.30586497399504,0.518,0.169,6.80574425903104e-101,Myoepithelial Cells,SMAD7
4.06929542558933e-115,2.30207637923213,0.534,0.178,7.33734658188012e-111,Myoepithelial Cells,EPHB3
2.74511916348573e-155,2.2993403599319,0.5,0.113,4.94972436368112e-151,Myoepithelial Cells,ISM1
5.35880042188253e-200,2.2893596099512,0.838,0.378,9.66245304069639e-196,Myoepithelial Cells,ANTXR1
7.13193451393495e-115,2.28441819063665,0.615,0.25,1.28595911220761e-110,Myoepithelial Cells,DSG2
3.57694846096712e-216,2.24541861371984,0.926,0.583,6.44959576996981e-212,Myoepithelial Cells,TAGLN
3.88746595703545e-143,2.22749678459743,0.556,0.155,7.00948986713062e-139,Myoepithelial Cells,EOGT
1.53556947449586e-143,2.21454431915326,0.525,0.139,2.76878531946348e-139,Myoepithelial Cells,UNC5B
1.08852548841559e-138,2.20623105574819,0.696,0.281,1.96272030816215e-134,Myoepithelial Cells,SKIL
5.7442034052514e-142,2.19930494737297,0.629,0.214,1.03573731600088e-137,Myoepithelial Cells,LOXL2
7.87650871015626e-206,2.17605569988772,0.921,0.53,1.42021328552828e-201,Myoepithelial Cells,COL5A1
2.11896799368097e-117,2.16227019139372,0.509,0.152,3.82071118940616e-113,Myoepithelial Cells,VDR
1.639422067117e-119,2.15707170532554,0.757,0.385,2.95604192921866e-115,Myoepithelial Cells,TRPS1
3.6207282444081e-160,2.13098038031983,0.581,0.153,6.52853509749225e-156,Myoepithelial Cells,RAB31
2.74376221038431e-218,2.12025666485574,0.951,0.68,4.94727764154394e-214,Myoepithelial Cells,BGN
2.20764997649771e-104,2.10704648801079,0.588,0.226,3.98061367262302e-100,Myoepithelial Cells,CILP
1.83394111024578e-139,2.10029193486356,0.511,0.128,3.30677921588416e-135,Myoepithelial Cells,CCDC8
3.94816859890829e-215,2.08419683451188,0.951,0.746,7.11894280069154e-211,Myoepithelial Cells,FN1
1.04890447600646e-99,2.08036817511368,0.701,0.398,1.89127966068725e-95,Myoepithelial Cells,TM4SF1
2.55430083563132e-157,2.07516697683829,0.808,0.427,4.60565983672683e-153,Myoepithelial Cells,RUNX1
2.74977536378131e-167,2.05539668041211,0.795,0.357,4.95811995843408e-163,Myoepithelial Cells,IFI27
2.03776139927952e-137,2.05091446020749,0.504,0.124,3.6742875790409e-133,Myoepithelial Cells,LRRC15
1.83583456119951e-114,2.04095144334393,0.592,0.226,3.31019329729884e-110,Myoepithelial Cells,WFDC2
3.74467962698762e-136,2.03720940751419,0.637,0.217,6.75203183542137e-132,Myoepithelial Cells,SCPEP1
9.12879636703417e-123,2.02163013356432,0.604,0.226,1.64601327293993e-118,Myoepithelial Cells,FAT1
5.18678523165163e-163,2.01686483889919,0.836,0.428,9.35229245119105e-159,Myoepithelial Cells,ACTA2
8.00068690679026e-169,2.00074236261923,0.822,0.411,1.44260385616335e-164,Myoepithelial Cells,DSP
7.6922488851842e-84,1.9760286954811,0.52,0.203,1.38698939648756e-79,Myoepithelial Cells,SORT1
2.3300535358379e-138,1.95335927344873,0.624,0.21,4.20131953046932e-134,Myoepithelial Cells,TINAGL1
1.41114123169464e-184,1.94017565314263,0.905,0.514,2.54442875486861e-180,Myoepithelial Cells,COL5A2
2.15498578158203e-119,1.93896263587257,0.559,0.178,3.88565486277056e-115,Myoepithelial Cells,MX1
3.21892835385791e-184,1.93023088397803,0.799,0.263,5.8040497148412e-180,Myoepithelial Cells,GAS6
4.66758609818072e-125,1.92591357665937,0.712,0.326,8.41612449362965e-121,Myoepithelial Cells,MICAL2
2.09953879862723e-150,1.92057719498756,0.559,0.146,3.78567840780475e-146,Myoepithelial Cells,MSRB3
2.64402471413963e-137,1.91375540370359,0.64,0.212,4.76744096206516e-133,Myoepithelial Cells,ADAMTS12
5.13575923084627e-139,1.91180305615782,0.777,0.345,9.26028746913892e-135,Myoepithelial Cells,LOXL1
6.51908327092833e-121,1.89311497611548,0.736,0.374,1.17545590458109e-116,Myoepithelial Cells,KIAA1217
1.81058231879508e-121,1.89259293561514,0.824,0.471,3.2646609790194e-117,Myoepithelial Cells,CXCL14
4.54263217803639e-135,1.8924941319032,0.782,0.416,8.19082008021742e-131,Myoepithelial Cells,ANO1
2.97751623157242e-157,1.88969096154995,0.862,0.502,5.36875951714823e-153,Myoepithelial Cells,COL18A1
3.36135770664858e-116,1.88020375465988,0.709,0.313,6.06086408085806e-112,Myoepithelial Cells,COL12A1
5.37125287686331e-110,1.84592359712584,0.594,0.216,9.68490606227224e-106,Myoepithelial Cells,ARHGAP21
7.23880375437774e-122,1.82645342234689,0.736,0.322,1.30522870495185e-117,Myoepithelial Cells,SEPTIN11
4.74370413149566e-104,1.82173966639851,0.635,0.263,8.55337291949982e-100,Myoepithelial Cells,MAP4K5
2.49055753067085e-143,1.82138746475594,0.788,0.357,4.49072428355262e-139,Myoepithelial Cells,TACSTD2
1.5882136007969e-129,1.81988410376159,0.775,0.355,2.86370794359689e-125,Myoepithelial Cells,ITGB5
2.52997932366709e-116,1.81417712638234,0.505,0.144,4.56180571850414e-112,Myoepithelial Cells,GBP1
9.29078569538306e-114,1.81218392888956,0.66,0.26,1.67522156873452e-109,Myoepithelial Cells,PKD2
5.90022483525239e-150,1.80782723595233,0.763,0.314,1.06386954004436e-145,Myoepithelial Cells,MFGE8
1.5480096762703e-143,1.78995710899332,0.822,0.461,2.79121624728297e-139,Myoepithelial Cells,SDC1
4.64336621098481e-183,1.78785353975257,0.707,0.206,8.3724536150267e-179,Myoepithelial Cells,CRYAB
4.01550518416268e-83,1.77876012311976,0.579,0.236,7.24035739756372e-79,Myoepithelial Cells,MYO1E
6.53817748216548e-126,1.76766361717585,0.862,0.595,1.17889878180926e-121,Myoepithelial Cells,MMP14
5.45671330155283e-152,1.76369593601589,0.915,0.718,9.83899975402991e-148,Myoepithelial Cells,TIMP3
3.91959474591868e-131,1.7615640728967,0.77,0.315,7.06742128636596e-127,Myoepithelial Cells,IGFBP3
1.9468830960229e-123,1.75062345455252,0.538,0.15,3.51042491043888e-119,Myoepithelial Cells,SPOCK1
3.42278606660928e-120,1.74899331865047,0.64,0.212,6.17162555670319e-116,Myoepithelial Cells,ADAMTS2
2.27072272464582e-97,1.74802417266705,0.595,0.221,4.09434014480888e-93,Myoepithelial Cells,LIMK1
1.61049368475547e-107,1.7395535108625,0.692,0.32,2.90388116298259e-103,Myoepithelial Cells,ZNF532
8.28242537479482e-121,1.72510363041879,0.673,0.246,1.49340411932925e-116,Myoepithelial Cells,FAP
9.01138473513549e-92,1.71974047228785,0.601,0.233,1.62484278159228e-87,Myoepithelial Cells,ZEB1
2.95707702607014e-102,1.71744659681366,0.667,0.291,5.33190558570706e-98,Myoepithelial Cells,BMPR2
1.15953755188943e-121,1.71666631538288,0.741,0.335,2.09076215981183e-117,Myoepithelial Cells,PLXDC2
1.44982992069551e-128,1.70792136668835,0.748,0.308,2.61418833000607e-124,Myoepithelial Cells,ADAM12
5.07046884115354e-109,1.69158518172703,0.782,0.501,9.14256236748395e-105,Myoepithelial Cells,CLIC4
5.70419064362837e-112,1.69036486000088,0.662,0.266,1.02852261495263e-107,Myoepithelial Cells,ITGA1
4.35559099596066e-133,1.68976314521767,0.755,0.29,7.85356612481666e-129,Myoepithelial Cells,ISLR
6.69738765246735e-40,1.68106506967211,0.523,0.294,1.20760596761639e-35,Myoepithelial Cells,CADPS2
7.52235412227743e-99,1.67773232228738,0.624,0.258,1.35635567178784e-94,Myoepithelial Cells,VASH1
2.65921990372482e-93,1.67437283107374,0.622,0.27,4.79483940840623e-89,Myoepithelial Cells,GOLM1
1.41669186785986e-100,1.66444732233081,0.689,0.322,2.55443710693811e-96,Myoepithelial Cells,TYMP
2.72558344357185e-88,1.66096625783858,0.511,0.17,4.9144995071044e-84,Myoepithelial Cells,SCARF2
1.07418666344199e-92,1.65777110307834,0.752,0.447,1.93686597285226e-88,Myoepithelial Cells,AGRN
2.05901664353239e-105,1.65240286611193,0.64,0.248,3.71261290995325e-101,Myoepithelial Cells,WLS
2.36928357497987e-112,1.6497794039606,0.577,0.188,4.2720552140462e-108,Myoepithelial Cells,DIO2
3.39878035898706e-88,1.62973325232411,0.619,0.266,6.12834086528956e-84,Myoepithelial Cells,UACA
3.09057914883e-81,1.62385194759091,0.597,0.26,5.57262326325537e-77,Myoepithelial Cells,YWHAH
1.47665566017962e-84,1.62340246009281,0.671,0.352,2.66255782086986e-80,Myoepithelial Cells,JUP
1.96264627683043e-81,1.61997240154553,0.588,0.237,3.53884750175296e-77,Myoepithelial Cells,UBE2E3
1.37452777598186e-131,1.60871585512886,0.867,0.523,2.47841103287288e-127,Myoepithelial Cells,CTHRC1
5.39048681583603e-135,1.6056199597657,0.75,0.339,9.71958677763395e-131,Myoepithelial Cells,CD24
1.52584293216058e-88,1.59829311411931,0.676,0.339,2.75124739097875e-84,Myoepithelial Cells,SPATS2L
4.69447923136038e-141,1.59229061394466,0.897,0.505,8.4646155020659e-137,Myoepithelial Cells,VCAN
1.42348707387256e-63,1.59228376004287,0.599,0.308,2.56668954289961e-59,Myoepithelial Cells,UBE2L6
1.24343862067813e-78,1.58637349459269,0.523,0.21,2.24204417694475e-74,Myoepithelial Cells,EFNB2
2.47482244239589e-87,1.58207080811911,0.586,0.231,4.46235234588403e-83,Myoepithelial Cells,GXYLT2
1.05583742887107e-72,1.58000376995673,0.513,0.203,1.90378046799743e-68,Myoepithelial Cells,ARMC9
2.60141662222613e-59,1.57372078614301,0.568,0.283,4.69061431153593e-55,Myoepithelial Cells,NTN4
2.63455548186073e-83,1.57185680398704,0.667,0.345,4.75036698934307e-79,Myoepithelial Cells,PDLIM7
1.14568259321563e-98,1.566156558376,0.525,0.165,2.06578028382709e-94,Myoepithelial Cells,EVC
4.92968587078992e-96,1.56193695130786,0.698,0.365,8.88871659362131e-92,Myoepithelial Cells,SULF2
1.39921782563036e-72,1.55902866875608,0.529,0.226,2.5229296613941e-68,Myoepithelial Cells,TNFRSF12A
1.42068177238387e-139,1.5530402704101,0.874,0.629,2.56163130378536e-135,Myoepithelial Cells,MYL9
1.55966893574576e-87,1.54874397405933,0.565,0.223,2.81223905804318e-83,Myoepithelial Cells,GBP2
1.92607037758909e-103,1.5425929648364,0.628,0.234,3.47289749783089e-99,Myoepithelial Cells,SNAI2
1.66123291877726e-49,1.53342754106369,0.543,0.297,2.99536907584728e-45,Myoepithelial Cells,RAB27B
6.40922972997021e-114,1.52952071670856,0.827,0.415,1.15564821261093e-109,Myoepithelial Cells,CDH11
9.71875296073596e-113,1.52383111021202,0.728,0.295,1.7523883463503e-108,Myoepithelial Cells,COL16A1
1.68022405853083e-52,1.51376052304647,0.531,0.274,3.02961199993694e-48,Myoepithelial Cells,FARP1
6.34825168670569e-163,1.49685288260622,0.646,0.198,1.1446532616299e-158,Myoepithelial Cells,PLAT
3.69889122057474e-91,1.49308724465907,0.766,0.511,6.66947075981832e-87,Myoepithelial Cells,DST
4.70662811908391e-82,1.49231882857855,0.59,0.252,8.4865211615202e-78,Myoepithelial Cells,NAV1
1.01457156429565e-73,1.48611591183999,0.655,0.36,1.82937398758149e-69,Myoepithelial Cells,STK38L
3.35034461233249e-102,1.48283714591958,0.77,0.357,6.04100637049672e-98,Myoepithelial Cells,FBLN2
4.93399800326013e-63,1.48124493084201,0.603,0.314,8.89649179967834e-59,Myoepithelial Cells,ITGB4
1.5354385656227e-84,1.46673393960375,0.683,0.295,2.76854927767429e-80,Myoepithelial Cells,ZCCHC24
1.24213984960619e-101,1.46330998287019,0.804,0.538,2.23970236282492e-97,Myoepithelial Cells,FLNA
3.04251113805291e-73,1.46076581964874,0.52,0.215,5.48595183302321e-69,Myoepithelial Cells,TMEM64
1.43091895759761e-93,1.45577702367129,0.57,0.2,2.58008997244424e-89,Myoepithelial Cells,F2R
2.13683621651663e-120,1.45447452959402,0.743,0.309,3.85292938200113e-116,Myoepithelial Cells,DPYSL3
2.29349925210045e-62,1.45303403738108,0.567,0.286,4.13540850146232e-58,Myoepithelial Cells,LRRC8A
1.72095149996162e-68,1.44453232953045,0.552,0.26,3.1030476495808e-64,Myoepithelial Cells,TUBA1A
4.69590726225547e-56,1.44372224074623,0.549,0.272,8.46719038457284e-52,Myoepithelial Cells,KCTD10
4.17238732584228e-105,1.43635886216077,0.619,0.22,7.52323158722621e-101,Myoepithelial Cells,ZBTB20
4.85181122560358e-80,1.43505451587105,0.588,0.241,8.74830082088581e-76,Myoepithelial Cells,AKT3
2.90061578831501e-61,1.43223408160964,0.547,0.247,5.2301003279108e-57,Myoepithelial Cells,PSMB9
5.69408883383026e-57,1.42901248401103,0.577,0.308,1.02670115762793e-52,Myoepithelial Cells,SPHK1
4.76988020511584e-93,1.42331034334263,0.66,0.298,8.60057099784438e-89,Myoepithelial Cells,ST5
1.44517915160241e-76,1.42297303065431,0.764,0.504,2.6058025282543e-72,Myoepithelial Cells,CD276
4.61191928295186e-113,1.42102932607235,0.899,0.672,8.3157516590905e-109,Myoepithelial Cells,AEBP1
1.54548211907421e-76,1.40507388736101,0.68,0.391,2.78665880890271e-72,Myoepithelial Cells,NOTCH3
1.62836333727839e-81,1.40277131758919,0.561,0.215,2.93610193344667e-77,Myoepithelial Cells,ENTPD1
1.68879834731515e-43,1.39571604553623,0.549,0.311,3.04507230004395e-39,Myoepithelial Cells,ATP1A1
4.80766741661199e-71,1.39406653583227,0.691,0.376,8.66870511889308e-67,Myoepithelial Cells,ADGRG1
4.38949558228517e-72,1.37541216883567,0.647,0.318,7.91469948441839e-68,Myoepithelial Cells,PLPP1
3.51874666337927e-56,1.37292257696748,0.621,0.347,6.34465210873917e-52,Myoepithelial Cells,SDC4
8.99555467606273e-70,1.37251930539016,0.558,0.251,1.62198846364087e-65,Myoepithelial Cells,MAP1B
3.73799166595228e-65,1.3702452352382,0.505,0.212,6.73997277287855e-61,Myoepithelial Cells,PHLDA1
6.61555631705524e-73,1.36402108484816,0.692,0.363,1.19285095952823e-68,Myoepithelial Cells,B4GALT1
3.4064085466551e-103,1.34832789098093,0.694,0.29,6.14209525047381e-99,Myoepithelial Cells,IL32
6.55230130142546e-89,1.34824337490902,0.608,0.234,1.18144544766003e-84,Myoepithelial Cells,PDZRN3
6.47002307597426e-100,1.3453726939061,0.797,0.42,1.16660986082892e-95,Myoepithelial Cells,MXRA8
5.59634839918898e-58,1.34457068485117,0.502,0.219,1.00907757985776e-53,Myoepithelial Cells,TAP2
8.26081105400652e-148,1.33642910232583,0.991,0.794,1.48950684114791e-143,Myoepithelial Cells,COL1A2
1.67136801961955e-56,1.32893822828714,0.665,0.387,3.013643676176e-52,Myoepithelial Cells,TBC1D9
6.00687462379403e-74,1.32833218741435,0.754,0.553,1.0830995634163e-69,Myoepithelial Cells,ACTN1
4.87365273472861e-94,1.32437868846667,0.82,0.632,8.78768324598915e-90,Myoepithelial Cells,CSRP1
3.8746955227825e-83,1.31586568101605,0.631,0.268,6.98646349712912e-79,Myoepithelial Cells,GJA1
1.05065304866681e-55,1.31480337729325,0.601,0.346,1.89443251205113e-51,Myoepithelial Cells,SVIL
4.71163219188901e-64,1.3110197066734,0.705,0.437,8.49554400519507e-60,Myoepithelial Cells,NCKAP1
5.83492499838498e-36,1.29454565189587,0.523,0.3,1.0520953264588e-31,Myoepithelial Cells,NT5DC2
1.71050295886387e-45,1.28126739487824,0.633,0.4,3.08420788512744e-41,Myoepithelial Cells,CAPN1
2.07046964257681e-83,1.2806169675863,0.696,0.345,3.73326381253024e-79,Myoepithelial Cells,IFI6
2.69097255224526e-51,1.27400743957015,0.624,0.358,4.85209260895343e-47,Myoepithelial Cells,PSMB8
4.84149708149794e-69,1.27149268587199,0.656,0.362,8.72970338764893e-65,Myoepithelial Cells,RIN2
4.47936770131862e-71,1.27078165258447,0.567,0.246,8.0767479022476e-67,Myoepithelial Cells,SDC2
1.0273688818658e-135,1.26923047946269,0.995,0.816,1.85244883089222e-131,Myoepithelial Cells,COL3A1
6.81987731055009e-64,1.26589324478471,0.673,0.369,1.22969207786529e-59,Myoepithelial Cells,SH3PXD2A
1.2252347453279e-81,1.26582806287533,0.671,0.284,2.20922076930073e-77,Myoepithelial Cells,CRISPLD2
4.40754982025003e-89,1.26218455634089,0.615,0.23,7.94725308089283e-85,Myoepithelial Cells,LAMA2
3.65546166436659e-142,1.26165277584308,0.955,0.851,6.59116292701939e-138,Myoepithelial Cells,SPARC
3.58294543791601e-54,1.24958548805737,0.536,0.25,6.46040891910636e-50,Myoepithelial Cells,PLOD1
4.18394692228708e-77,1.24614422444588,0.64,0.301,7.54407469557584e-73,Myoepithelial Cells,NES
2.09705067256119e-47,1.24100492882804,0.534,0.278,3.78119206769507e-43,Myoepithelial Cells,MYO1B
1.17866898248887e-57,1.22661743085129,0.626,0.355,2.12525804232568e-53,Myoepithelial Cells,VCL
1.76466510101897e-59,1.22542053513631,0.577,0.271,3.1818676436473e-55,Myoepithelial Cells,CLEC11A
4.07710010415474e-56,1.21959315321283,0.635,0.356,7.35141919780141e-52,Myoepithelial Cells,ISG15
3.90231583859028e-63,1.21888186037864,0.581,0.292,7.03626568856213e-59,Myoepithelial Cells,PTGFRN
8.69391055129449e-51,1.21877957358484,0.54,0.265,1.56759901150391e-46,Myoepithelial Cells,LBH
1.71184194126381e-97,1.21869837556719,0.867,0.7,3.08662220429278e-93,Myoepithelial Cells,CALD1
5.5621313419593e-47,1.20726691033838,0.761,0.521,1.00290790226868e-42,Myoepithelial Cells,BCAM
2.10797321780833e-51,1.20530597222523,0.579,0.266,3.8008865090302e-47,Myoepithelial Cells,RCN3
2.24392329807906e-123,1.20382742000163,0.969,0.732,4.04601809876635e-119,Myoepithelial Cells,COL6A3
5.22941269237438e-59,1.2017074442482,0.505,0.215,9.42915402562024e-55,Myoepithelial Cells,MEGF6
7.85925063302446e-47,1.19627497843501,0.579,0.321,1.41710148164064e-42,Myoepithelial Cells,CHPF
8.64942275591224e-78,1.1946704382547,0.694,0.326,1.55957741711854e-73,Myoepithelial Cells,GAS7
1.22796600679755e-115,1.19383054936242,0.951,0.673,2.21414550685667e-111,Myoepithelial Cells,COL6A1
4.29362307405993e-81,1.19005217724528,0.709,0.318,7.74183176483747e-77,Myoepithelial Cells,GEM
2.66947550274639e-58,1.1859296443146,0.532,0.238,4.81333127900202e-54,Myoepithelial Cells,AXL
1.92998985809036e-41,1.18272668543524,0.624,0.384,3.47996471312274e-37,Myoepithelial Cells,SLC20A1
4.78872636340414e-87,1.17931471943482,0.683,0.325,8.634552505854e-83,Myoepithelial Cells,ITGB6
6.07918810311759e-60,1.17829424004243,0.701,0.449,1.09613840687313e-55,Myoepithelial Cells,S100A10
3.96792482528992e-52,1.17810912935661,0.719,0.429,7.15456525248025e-48,Myoepithelial Cells,MAFB
4.00846037523124e-111,1.17414232101524,0.746,0.357,7.22765490257945e-107,Myoepithelial Cells,CRABP2
3.340541114091e-57,1.17273695130233,0.534,0.248,6.02332968281749e-53,Myoepithelial Cells,IRF9
2.23607807020732e-38,1.1701179116867,0.628,0.429,4.03187236839082e-34,Myoepithelial Cells,GUCY1A1
2.87301614863521e-115,1.16506947314338,0.948,0.782,5.18033541760416e-111,Myoepithelial Cells,POSTN
1.09745601071337e-78,1.16162102609761,0.736,0.398,1.97882293291728e-74,Myoepithelial Cells,CMTM3
4.5966771765004e-54,1.15330108323498,0.628,0.321,8.28826861694787e-50,Myoepithelial Cells,NFKBIA
3.69019748078006e-58,1.13400180053213,0.599,0.313,6.65379507759452e-54,Myoepithelial Cells,ST14
1.51116739081227e-56,1.11782222596769,0.671,0.373,2.7247859223736e-52,Myoepithelial Cells,SPINT1
2.63958955912196e-70,1.11118157414238,0.601,0.26,4.75944393405281e-66,Myoepithelial Cells,WWTR1
5.60916344915795e-67,1.10820557837735,0.597,0.265,1.01138826151767e-62,Myoepithelial Cells,FRMD6
1.18992992701154e-72,1.10262104404034,0.567,0.224,2.1455626513945e-68,Myoepithelial Cells,TSHZ2
7.40316946832976e-55,1.09921206037895,0.559,0.271,1.33486548683454e-50,Myoepithelial Cells,OPTN
1.3926060790336e-71,1.0972702626079,0.73,0.418,2.51100802110548e-67,Myoepithelial Cells,MXRA5
3.61902696066703e-59,1.09572583403204,0.707,0.443,6.52546751277872e-55,Myoepithelial Cells,PRSS23
2.0899785218126e-55,1.08596694258729,0.5,0.217,3.7684402726803e-51,Myoepithelial Cells,ZNF362
1.06499558823002e-69,1.08560473885717,0.532,0.205,1.92029354513756e-65,Myoepithelial Cells,F2RL2
1.98229827910253e-43,1.08536854230163,0.608,0.368,3.57428202704977e-39,Myoepithelial Cells,PARP14
1.66600152809874e-72,1.0842040611379,0.567,0.23,3.00396735531484e-68,Myoepithelial Cells,PXDN
5.83713111405117e-61,1.08292360284467,0.759,0.526,1.05249311117457e-56,Myoepithelial Cells,TPM2
6.27098066715457e-176,1.08128903545026,0.797,0.252,1.13072052409464e-171,Myoepithelial Cells,CEACAM6
1.67346060345814e-31,1.07471166053263,0.579,0.381,3.01741681409536e-27,Myoepithelial Cells,MYO1D
1.714000282615e-80,1.07339016259005,0.597,0.229,3.0905139095831e-76,Myoepithelial Cells,GLT8D2
1.45800664795173e-60,1.07131500557112,0.763,0.55,2.62893178692176e-56,Myoepithelial Cells,SERPINH1
8.91983074918241e-49,1.0626826108831,0.638,0.358,1.60833468238508e-44,Myoepithelial Cells,SP100
8.52139036503924e-50,1.06015289475134,0.545,0.277,1.53649189672022e-45,Myoepithelial Cells,AMOTL1
2.5352320147924e-48,1.05686836275948,0.595,0.327,4.57127684587217e-44,Myoepithelial Cells,RBFOX2
1.63496392135554e-44,1.05665527152487,0.577,0.324,2.94800344659617e-40,Myoepithelial Cells,SERPINB1
1.88298953086905e-75,1.03824440951814,0.703,0.336,3.39521842310998e-71,Myoepithelial Cells,PARVA
1.75821780938834e-82,1.00890844004569,0.89,0.697,3.17024253210811e-78,Myoepithelial Cells,TIMP2
4.2758159106285e-28,1.00573479337609,0.538,0.351,7.70972366845425e-24,Myoepithelial Cells,CAP1
4.58987290324104e-46,1.00063842406005,0.721,0.471,8.27599983183391e-42,Myoepithelial Cells,VEGFB
