{"regist_target_img_scalef": 1.0, "tissue_hires_scalef": 0.6666667, "tissue_lowres_scalef": 0.2, "fiducial_diameter_fullres": 22.447317950810124, "spot_diameter_fullres": 14.964878633873417}