"Spot","CellID","CellType"
"SYNTH-1-1-1","Capture_5'_ACACCCTAGTGCGATG-2","Tumor"
"SYNTH-1-1-1","Capture_3'_CGAGAAGGTGTCCGTG-2","Plasma Cells"
"SYNTH-1-1-1","Capture_5'_ACTTACTTCCAGTATG-4","Tumor"
"SYNTH-1-1-1","Capture_5'_GGGAGATCACTCGACG-3","Tumor"
"SYNTH-1-1-1","Capture_5'_GGGATGAGTAAGCACG-3","Tumor"
"SYNTH-1-1-1","Capture_5'_GTAACTGGTTCGGGCT-4","Tumor"
"SYNTH-1-1-1","Capture_3'_CTGTGAAGTGGAAATT-4","Tumor"
"SYNTH-1-2-1","Capture_3'_TACTTCACATCTGTTT-3","Dividing Tumor"
"SYNTH-1-2-1","Capture_5'_CCCTCCTCAGACGCCT-3","Tumor"
"SYNTH-1-2-1","Capture_5'_CTCTGGTAGCGTGAGT-3","Dividing Tumor"
"SYNTH-1-2-1","Capture_3'_AACCATGTCTGGGCAC-2","T-cells"
"SYNTH-1-2-1","Capture_3'_TTTACTGAGCTGTACT-3","Dividing Tumor"
"SYNTH-1-2-1","Capture_3'_TCTGCCAAGGTCACAG-3","Luminal B"
"SYNTH-1-3-1","Capture_5'_TCAGCAACACCCATTC-1","Tumor"
"SYNTH-1-3-1","Capture_5'_GGGCACTTCAGCTCGG-3","Dividing Tumor"
"SYNTH-1-3-1","Capture_5'_AGGGAGTCATTCCTCG-4","Dividing Tumor"
"SYNTH-1-3-1","Capture_5'_TGGTTAGGTTGGACCC-1","Tumor"
"SYNTH-1-3-1","Capture_5'_CGATCGGGTCCGAAGA-4","T-cells"
"SYNTH-1-3-1","Capture_5'_GGTGTTACAACAACCT-2","Tumor"
"SYNTH-1-3-1","Capture_5'_AAACGGGCAATACGCT-1","Tumor"
"SYNTH-1-3-1","Capture_5'_ATGAGGGTCTATCCCG-4","Fibroblasts"
"SYNTH-1-4-1","Capture_3'_GGGCGTTTCGGACAAG-2","T-cells"
"SYNTH-1-4-1","Capture_5'_CTGCGGAGTCAAAGCG-4","Dividing Tumor"
"SYNTH-1-4-1","Capture_5'_CATCCACGTACAGTGG-4","T-cells"
"SYNTH-1-4-1","Capture_5'_TCAATCTTCATGTGGT-2","Luminal A"
"SYNTH-1-4-1","Capture_5'_TTTGCGCCACACCGAC-1","Tumor"
"SYNTH-1-4-1","Capture_5'_CAGCGACTCTGCTTGC-2","Tumor"
"SYNTH-1-5-1","Capture_3'_TAGGGTTGTTCGTAAC-1","T-cells"
"SYNTH-1-5-1","Capture_3'_CTTTCAAAGCGACAGT-2","Plasma Cells"
"SYNTH-1-5-1","Capture_5'_TACTTACGTGTTCTTT-2","Tumor"
"SYNTH-1-5-1","Capture_3'_GCTTTCGCAAAGACTA-4","Tumor"
"SYNTH-1-5-1","Capture_5'_CGACCTTAGCTGAAAT-4","Myoepithelial Cells"
"SYNTH-1-6-1","Capture_5'_CAACTAGCACCAACCG-4","Endothelial Cells"
"SYNTH-1-6-1","Capture_5'_CAGCGACAGTGAAGTT-1","Tumor"
"SYNTH-1-6-1","Capture_5'_AGTGTCATCTCCTATA-1","Plasma Cells"
"SYNTH-1-6-1","Capture_3'_TTCTGTACACGGCTAC-2","Tumor"
"SYNTH-1-6-1","Capture_5'_GTAGTCATCTAACTTC-4","T-cells"
"SYNTH-1-7-1","Capture_5'_CTTACCGTCATCATTC-1","Tumor"
"SYNTH-1-7-1","Capture_5'_CTCTAATCACAGTCGC-2","T-cells"
"SYNTH-1-7-1","Capture_3'_AAGCGAGTCAGCCTTC-3","Tumor"
"SYNTH-1-7-1","Capture_3'_CATTCCGAGACTGTTC-1","Dividing Tumor"
"SYNTH-1-7-1","Capture_3'_TGTAGACGTCATATGC-4","Tumor"
"SYNTH-1-8-1","Capture_3'_GTGGTTATCTCACCCA-4","T-cells"
"SYNTH-1-8-1","Capture_5'_CGACTTCGTCTCAACA-3","T-cells"
"SYNTH-1-8-1","Capture_5'_CGATCGGGTACATGTC-4","T-cells"
"SYNTH-1-9-1","Capture_5'_GTGTTAGTCAACTCTT-4","Tumor"
"SYNTH-1-9-1","Capture_5'_AAATGCCGTACCGGCT-3","Tumor"
"SYNTH-1-9-1","Capture_5'_ATTATCCTCGTTGCCT-4","Tumor"
"SYNTH-1-9-1","Capture_3'_GTTGCGGTCTCGGTCT-2","Tumor"
"SYNTH-1-9-1","Capture_3'_TGTGATGAGAAATCCA-4","Tumor"
"SYNTH-1-9-1","Capture_3'_TCCACGTGTCCTGGTG-4","T-cells"
"SYNTH-1-9-1","Capture_3'_TCAGTCCAGCACTAAA-2","Tumor"
"SYNTH-1-10-1","Capture_5'_TTTATGCCAACGCACC-1","Tumor"
"SYNTH-1-10-1","Capture_3'_CTCACTGAGCCTGTCG-2","Dividing Tumor"
"SYNTH-1-10-1","Capture_5'_ACCTTTACATCATCCC-4","Tumor"
"SYNTH-1-11-1","Capture_3'_CTAGACAGTCCCTGAG-4","Tumor"
"SYNTH-1-11-1","Capture_5'_AGCGTATCATCTGGTA-4","Dividing Tumor"
"SYNTH-1-11-1","Capture_5'_GACGTGCAGAACTGTA-2","Tumor"
"SYNTH-1-11-1","Capture_5'_GGGAGATTCAACACTG-3","T-cells"
"SYNTH-1-11-1","Capture_5'_CCATTCGGTGTCCTCT-2","Dividing Tumor"
"SYNTH-1-11-1","Capture_5'_ATTCTACGTTACGACT-4","Tumor"
"SYNTH-1-11-1","Capture_5'_CTAGTGAAGTCGCCGT-4","TAMs"
"SYNTH-1-11-1","Capture_5'_GCCAAATTCAGGTTCA-3","T-cells"
"SYNTH-1-11-1","Capture_5'_ATCTGCCTCTCCAGGG-4","Dividing Tumor"
"SYNTH-1-12-1","Capture_3'_AGTCTCCAGCTCCCTT-3","Dividing Tumor"
"SYNTH-1-12-1","Capture_5'_GTTCATTCACCGGAAA-2","T-cells"
"SYNTH-1-12-1","Capture_5'_TACAGTGTCACGACTA-1","Tumor"
"SYNTH-1-12-1","Capture_3'_ATTGTTCCACCGTACG-4","Luminal B"
"SYNTH-1-12-1","Capture_5'_CGCTTCACATCGATGT-2","Tumor"
"SYNTH-1-12-1","Capture_3'_ATGAGTCTCAGATTGC-4","T-cells"
"SYNTH-1-12-1","Capture_5'_CGATGGCAGAGGACGG-2","T-cells"
"SYNTH-1-12-1","Capture_5'_TTCTCCTAGCGTGAAC-1","Dividing Tumor"
"SYNTH-1-13-1","Capture_3'_CACTGAATCCCATACC-2","Tumor"
"SYNTH-1-13-1","Capture_5'_TTTCCTCCAGTCCTTC-4","Tumor"
"SYNTH-1-13-1","Capture_5'_AAAGATGTCCAAAGTC-4","Tumor"
"SYNTH-1-13-1","Capture_5'_CGTAGGCAGGTTACCT-3","Dividing Tumor"
"SYNTH-1-13-1","Capture_5'_CACACAACATAGTAAG-1","TAMs"
"SYNTH-1-13-1","Capture_5'_CGAGCACGTGTGAATA-3","Tumor"
"SYNTH-1-14-1","Capture_3'_TCTTGCGAGGTTGGTG-3","T-cells"
"SYNTH-1-14-1","Capture_5'_CCTTCCCTCTTCTGGC-1","Tumor"
"SYNTH-1-14-1","Capture_5'_CTCGGGACACAGTCGC-3","Dividing Tumor"
"SYNTH-1-14-1","Capture_5'_TGCGCAGTCAGCTCGG-4","Dividing Tumor"
"SYNTH-1-14-1","Capture_5'_TTCTTAGCATAGTAAG-3","Luminal B"
"SYNTH-1-15-1","Capture_5'_CGTGTAATCGGCATCG-3","Tumor"
"SYNTH-1-15-1","Capture_5'_TTATGCTAGCGATTCT-1","Tumor"
"SYNTH-1-15-1","Capture_3'_TATGTTCGTGTTCCAA-1","Luminal A"
"SYNTH-1-15-1","Capture_3'_CCCTGATGTGGCAGAT-2","Dividing Tumor"
"SYNTH-1-15-1","Capture_5'_CTGTGCTCATAGAAAC-3","Dividing Tumor"
"SYNTH-1-16-1","Capture_5'_CGTAGCGCACCACGTG-3","Dividing Tumor"
"SYNTH-1-16-1","Capture_5'_ACGAGGAGTAAGTGGC-3","Dividing Tumor"
"SYNTH-1-16-1","Capture_5'_TAAGTGCGTCAGATAA-4","Dividing Tumor"
"SYNTH-1-17-1","Capture_5'_GATCGTATCCTAAGTG-2","Dividing Tumor"
"SYNTH-1-17-1","Capture_5'_GTAGGCCCAAGGCTCC-3","T-cells"
"SYNTH-1-17-1","Capture_5'_GTTCTCGCATATGAGA-1","T-cells"
"SYNTH-1-18-1","Capture_3'_TGGTACACACCGGTCA-2","Dividing Tumor"
"SYNTH-1-18-1","Capture_3'_ACGTTCCGTACTGAGG-1","Tumor"
"SYNTH-1-18-1","Capture_3'_ACTATCTTCCGTAGGC-2","Tumor"
"SYNTH-1-18-1","Capture_3'_GTGTGATCAAGCCCAC-2","Tumor"
"SYNTH-1-18-1","Capture_5'_TTCTTAGGTACACCGC-3","Dividing Tumor"
"SYNTH-1-18-1","Capture_3'_CTTCTAATCTTAGCTT-3","Tumor"
"SYNTH-1-18-1","Capture_5'_CATCGAAGTCCCTACT-4","Tumor"
"SYNTH-1-18-1","Capture_5'_GGCGACTGTGTGACCC-2","Tumor"
"SYNTH-1-18-1","Capture_5'_CCAATCCTCATTGCCC-3","Dividing Tumor"
"SYNTH-1-18-1","Capture_5'_TACTTGTAGTGCGTGA-2","Dividing Tumor"
"SYNTH-1-19-1","Capture_5'_TTCGAAGTCACGGTTA-3","T-cells"
"SYNTH-1-19-1","Capture_5'_CTCGTACTCAACGGCC-3","Dividing Tumor"
"SYNTH-1-19-1","Capture_3'_GCAGTTATCGTGCACG-2","Fibroblasts"
"SYNTH-1-19-1","Capture_5'_TACTCATTCAACACCA-4","Tumor"
"SYNTH-1-19-1","Capture_3'_TCGGGACCATGGCCCA-1","Dividing Tumor"
"SYNTH-1-19-1","Capture_5'_AACCGCGCATAACCTG-2","Tumor"
"SYNTH-1-20-1","Capture_5'_ACACCGGAGGGATGGG-4","Tumor"
"SYNTH-1-20-1","Capture_3'_CTTCAATCAAACTGCT-3","Tumor"
"SYNTH-1-20-1","Capture_3'_GGTTCTCAGGATCATA-2","Tumor"
"SYNTH-1-20-1","Capture_3'_CACGTGGCAAGCCCAC-1","Tumor"
"SYNTH-1-20-1","Capture_3'_AACGAAAAGCGATGGT-2","Tumor"
"SYNTH-1-20-1","Capture_3'_TGAGGAGCATCCAATG-1","Tumor"
"SYNTH-1-20-1","Capture_5'_TTTGGTTAGTGCAAGC-2","T-cells"
"SYNTH-1-20-1","Capture_5'_TGTGGTATCCGTAGGC-2","Tumor"
"SYNTH-1-21-1","Capture_3'_CTCGAGGTCCGAGGCT-2","Luminal A"
"SYNTH-1-21-1","Capture_3'_CGATGGCGTGACGTCC-2","Fibroblasts"
"SYNTH-1-21-1","Capture_5'_GTTAAGCGTAGAAAGG-2","Luminal A"
"SYNTH-1-21-1","Capture_5'_CATATGGTCTTGAGAC-2","Dividing Tumor"
"SYNTH-1-22-1","Capture_5'_ACGGGCTCACGGCTAC-3","Dividing Tumor"
"SYNTH-1-22-1","Capture_5'_ACGGGCTGTGATGTCT-2","Tumor"
"SYNTH-1-22-1","Capture_5'_TAGTGGTGTGAAATCA-3","Tumor"
"SYNTH-1-22-1","Capture_5'_AGAGCGATCAGAGACG-2","Dividing Tumor"
"SYNTH-1-22-1","Capture_5'_CAGAATCGTTACGCGC-4","Dividing Tumor"
"SYNTH-1-22-1","Capture_5'_CTCGTACCAGCTCGCA-3","Dividing Tumor"
"SYNTH-1-22-1","Capture_3'_CTCAGGGCATTGCTTT-3","Dividing Tumor"
"SYNTH-1-22-1","Capture_3'_CGGCAGTAGCCAGTAG-4","T-cells"
"SYNTH-1-23-1","Capture_5'_TATGCCCGTCGCTTTC-4","Tumor"
"SYNTH-1-23-1","Capture_5'_GATGAAATCACGACTA-3","Dividing Tumor"
"SYNTH-1-23-1","Capture_3'_GATGCTAGTATGCAAA-3","T-cells"
"SYNTH-1-23-1","Capture_5'_TGTCCCACAAGTCTAC-4","Tumor"
"SYNTH-1-23-1","Capture_5'_AGATTGCAGGGTCGAT-3","Dividing Tumor"
"SYNTH-1-23-1","Capture_5'_GTTCTCGCAAGCTGAG-1","Tumor"
"SYNTH-1-24-1","Capture_3'_CTCTCAGTCTTTGGAG-1","Dividing Tumor"
"SYNTH-1-24-1","Capture_5'_CTTACCGTCTTCGGTC-4","Dividing Tumor"
"SYNTH-1-24-1","Capture_5'_GGACGTCAGGAATCGC-3","Tumor"
"SYNTH-1-24-1","Capture_5'_CATATTCCACTCAGGC-2","T-cells"
"SYNTH-1-24-1","Capture_5'_GGATGTTAGAGGTTGC-2","T-cells"
"SYNTH-1-24-1","Capture_3'_CATGCTCAGATTGTGA-4","Tumor"
"SYNTH-1-24-1","Capture_5'_CATATTCTCTGGTTCC-4","T-cells"
"SYNTH-1-24-1","Capture_3'_ATCGTCCGTCTGTGTA-2","T-cells"
"SYNTH-1-24-1","Capture_5'_TCAGCAAGTGCAGTAG-1","T-cells"
"SYNTH-1-25-1","Capture_5'_GGTGAAGTCGCAAGCC-4","Tumor"
"SYNTH-1-25-1","Capture_5'_ACTATCTCACTTACGA-2","Tumor"
"SYNTH-1-25-1","Capture_5'_TTATGCTCAGACGCCT-2","Dividing Tumor"
"SYNTH-1-25-1","Capture_5'_GCAATCAGTGCCTGGT-3","Luminal B"
"SYNTH-1-25-1","Capture_3'_CACGTGGTCGTAGCCG-4","Dividing Tumor"
"SYNTH-1-25-1","Capture_3'_TTCTTCCAGACTTCCA-1","Tumor"
"SYNTH-1-26-1","Capture_5'_CACAGTACATAGTAAG-4","Tumor"
"SYNTH-1-26-1","Capture_5'_TAAGCGTCACAGGCCT-2","T-cells"
"SYNTH-1-26-1","Capture_3'_AGTCACATCGACGAGA-2","T-cells"
"SYNTH-1-26-1","Capture_3'_GAACACTGTCATCCCT-4","Tumor"
"SYNTH-1-26-1","Capture_5'_GACCAATCACGCCAGT-4","Tumor"
"SYNTH-1-26-1","Capture_5'_GCAGCCACATAGAAAC-3","Plasma Cells"
"SYNTH-1-27-1","Capture_3'_CTCCGATGTTGCATGT-4","Tumor"
"SYNTH-1-27-1","Capture_5'_CGTTCTGTCTGCTGTC-1","Endothelial Cells"
"SYNTH-1-27-1","Capture_3'_CTTGAGAAGCCTGGAA-4","Endothelial Cells"
"SYNTH-1-27-1","Capture_3'_GCAACCGAGGACTATA-4","Tumor"
"SYNTH-1-27-1","Capture_5'_CGAACATAGGTACTCT-4","Fibroblasts"
"SYNTH-1-27-1","Capture_5'_CATGACAGTGACGGTA-4","Tumor"
"SYNTH-1-28-1","Capture_5'_TATCTCAGTATCGCAT-3","Tumor"
"SYNTH-1-28-1","Capture_3'_CTAACTTCATGCCGCA-4","T-cells"
"SYNTH-1-28-1","Capture_3'_AGCGCCAGTCTTTATC-4","T-cells"
"SYNTH-1-28-1","Capture_3'_GGTGATTCAATTAGGA-4","Dividing Tumor"
"SYNTH-1-28-1","Capture_3'_TTCCTTCGTGCCTAAT-4","Plasma Cells"
"SYNTH-1-28-1","Capture_3'_GTCTAGACACGACGAA-3","Tumor"
"SYNTH-1-28-1","Capture_3'_GGTGATTCAATTAGGA-4","Dividing Tumor"
"SYNTH-1-29-1","Capture_3'_AGACCCGCAGCACCCA-1","T-cells"
"SYNTH-1-29-1","Capture_3'_GCAACCGTCCTCCACA-1","TAMs"
"SYNTH-1-29-1","Capture_3'_GGATCTAAGATACATG-1","Luminal A"
"SYNTH-1-29-1","Capture_5'_TAAGAGACATTAACCG-1","Dividing Tumor"
"SYNTH-1-30-1","Capture_3'_AACCTTTCAACCACAT-1","Tumor"
"SYNTH-1-30-1","Capture_3'_GTAGGAGAGGCAGGTT-2","T-cells"
"SYNTH-1-30-1","Capture_5'_TGACGGCAGCCATCGC-2","Dividing Tumor"
"SYNTH-1-30-1","Capture_5'_GACCTGGCACGTAAGG-3","Dividing Tumor"
"SYNTH-1-30-1","Capture_3'_CTTTCAAAGGATACCG-1","Tumor"
"SYNTH-1-31-1","Capture_5'_TCTGAGACACCGAATT-3","Tumor"
"SYNTH-1-32-1","Capture_5'_CTACACCCACATCTTT-2","Tumor"
"SYNTH-1-32-1","Capture_3'_ACCGTTCAGGTCGCCT-1","Tumor"
"SYNTH-1-32-1","Capture_5'_TGGCTGGGTAGGCATG-4","Dividing Tumor"
"SYNTH-1-32-1","Capture_5'_TAGGCATGTCTCGTTC-1","Tumor"
"SYNTH-1-32-1","Capture_5'_CCACGGAGTCGCGAAA-4","T-cells"
"SYNTH-1-32-1","Capture_3'_GCATCTCGTATCTCGA-2","Dividing Tumor"
"SYNTH-1-32-1","Capture_5'_TTTCCTCAGCTTATCG-2","Tumor"
"SYNTH-1-32-1","Capture_5'_CGTCCATGTAAGAGAG-4","Tumor"
"SYNTH-1-32-1","Capture_3'_AATCGTGGTCGCAGTC-1","Tumor"
"SYNTH-1-32-1","Capture_5'_CACTCCAAGCTTCGCG-1","T-cells"
"SYNTH-1-33-1","Capture_5'_ATCATGGCAAAGCAAT-1","Dividing Tumor"
"SYNTH-1-33-1","Capture_5'_GATCTAGTCGGATGTT-3","Luminal A"
"SYNTH-1-33-1","Capture_5'_GATCAGTAGATCCTGT-3","Dividing Tumor"
"SYNTH-1-33-1","Capture_5'_ACGCCGAAGGGATGGG-2","Dividing Tumor"
"SYNTH-1-33-1","Capture_5'_CGCTATCAGGAGCGAG-1","TAMs"
"SYNTH-1-34-1","Capture_5'_CGCTTCAGTCGCATCG-2","Dividing Tumor"
"SYNTH-1-35-1","Capture_3'_GGCACGTAGAGTACCG-4","Endothelial Cells"
"SYNTH-1-35-1","Capture_5'_AGAGCTTTCGCCGTGA-2","Dividing Tumor"
"SYNTH-1-36-1","Capture_3'_AAGTACCCATGACTCA-1","T-cells"
"SYNTH-1-36-1","Capture_5'_CCGGGATTCCGATATG-2","Dividing Tumor"
"SYNTH-1-36-1","Capture_5'_TGACTTTCACCTGGTG-3","TAMs"
"SYNTH-1-36-1","Capture_3'_GTAGGTTGTAGTTACC-2","TAMs"
"SYNTH-1-36-1","Capture_5'_AAGGCAGGTAGTAGTA-3","Tumor"
"SYNTH-1-36-1","Capture_5'_CGTAGGCAGATATGCA-3","Tumor"
"SYNTH-1-37-1","Capture_5'_TCGGGACAGTTAGCGG-3","Tumor"
"SYNTH-1-37-1","Capture_5'_TGACTTTAGATGCCTT-3","T-cells"
"SYNTH-1-37-1","Capture_3'_GACTCAATCGCTCCTA-1","Dividing Tumor"
"SYNTH-1-37-1","Capture_5'_CCTACACAGTGTACGG-2","Dividing Tumor"
"SYNTH-1-37-1","Capture_3'_TCCGAAAAGTTGCGCC-2","Tumor"
"SYNTH-1-37-1","Capture_5'_GCACTCTCACCCATTC-3","Dividing Tumor"
"SYNTH-1-38-1","Capture_5'_AACCATGTCCGCAGTG-4","Tumor"
"SYNTH-1-38-1","Capture_5'_GGACGTCTCCTGCTTG-2","Tumor"
"SYNTH-1-38-1","Capture_5'_ACTGTCCAGTCTTGCA-4","T-cells"
"SYNTH-1-38-1","Capture_3'_CTTAGGACAGAGAAAG-2","Tumor"
"SYNTH-1-38-1","Capture_3'_GACTATGGTGGACTAG-4","Fibroblasts"
"SYNTH-1-38-1","Capture_5'_GCAAACTCATGGTCTA-4","Tumor"
"SYNTH-1-38-1","Capture_5'_GCTGCTTCACCAGGTC-4","Dividing Tumor"
"SYNTH-1-38-1","Capture_5'_TGGACGCTCAGCATGT-2","Dividing Tumor"
"SYNTH-1-39-1","Capture_5'_AACTCCCCACGCCAGT-4","T-cells"
"SYNTH-1-40-1","Capture_5'_ACTGTCCTCCGGCACA-3","Dividing Tumor"
"SYNTH-1-40-1","Capture_3'_TTCTTGAGTGAGAGGG-3","Dividing Tumor"
"SYNTH-1-40-1","Capture_5'_TGCCCTAGTTGTACAC-4","Tumor"
"SYNTH-1-40-1","Capture_5'_AAGCCGCGTCCAGTGC-2","T-cells"
"SYNTH-1-40-1","Capture_5'_CTACGTCTCGAACGGA-4","T-cells"
"SYNTH-1-40-1","Capture_3'_GACAGCCCAACGACAG-2","T-cells"
"SYNTH-1-40-1","Capture_5'_TGCGCAGCAAGGTTTC-3","Dividing Tumor"
"SYNTH-1-40-1","Capture_3'_CGAGGAAAGCTAGAAT-2","Dividing Tumor"
"SYNTH-1-40-1","Capture_5'_GTGAAGGAGCGACGTA-4","Tumor"
"SYNTH-1-40-1","Capture_3'_TACCTGCGTGTTTCTT-1","T-cells"
"SYNTH-1-41-1","Capture_3'_GTAATGCCAAGGCGTA-1","Tumor"
"SYNTH-1-41-1","Capture_3'_CCCGGAACAGCACACC-1","Tumor"
"SYNTH-1-41-1","Capture_5'_GGATTACAGATCTGCT-1","T-cells"
"SYNTH-1-41-1","Capture_5'_GTCGTAAAGTCAAGGC-1","Tumor"
"SYNTH-1-42-1","Capture_5'_CGGACTGAGTAGATGT-4","Tumor"
"SYNTH-1-43-1","Capture_5'_TAGGCATCAGCATACT-2","Tumor"
"SYNTH-1-43-1","Capture_3'_AACCCAATCCGGCAGT-2","Dividing Tumor"
"SYNTH-1-43-1","Capture_5'_TACACGAGTGACTCAT-3","B-cells"
"SYNTH-1-44-1","Capture_5'_TATTACCGTCGGCACT-3","Tumor"
"SYNTH-1-44-1","Capture_5'_GCCAAATTCTCACATT-1","Tumor"
"SYNTH-1-45-1","Capture_5'_TACCTATTCCGCGTTT-1","Tumor"
"SYNTH-1-46-1","Capture_5'_GTGCATAAGTAAGTAC-3","Dividing Tumor"
"SYNTH-1-46-1","Capture_3'_GTGAGCCCACCACATA-2","Tumor"
"SYNTH-1-46-1","Capture_3'_TATTTCGCATGCAGCC-4","Dividing Tumor"
"SYNTH-1-46-1","Capture_5'_CTGTGCTAGGAATCGC-4","Tumor"
"SYNTH-1-46-1","Capture_5'_CTTCTCTTCCGCTGTT-2","Tumor"
"SYNTH-1-46-1","Capture_3'_GGGTAGAGTCCATACA-3","Tumor"
"SYNTH-1-46-1","Capture_5'_GTATTCTGTAAGTGTA-2","T-cells"
"SYNTH-1-47-1","Capture_3'_TCATTCAAGTCTGCAT-3","B-cells"
"SYNTH-1-47-1","Capture_5'_CACACTCAGAATGTTG-4","Tumor"
"SYNTH-1-47-1","Capture_5'_GTCACAAGTTGTGGCC-1","Tumor"
"SYNTH-1-48-1","Capture_5'_GACTACAAGCTCCCAG-4","Dividing Tumor"
"SYNTH-1-48-1","Capture_3'_CACAGGCGTTTACCAG-2","Tumor"
"SYNTH-1-48-1","Capture_5'_AGTCTTTGTCAAACTC-4","T-cells"
"SYNTH-1-48-1","Capture_5'_ACTTGTTTCCGTCATC-4","Dividing Tumor"
"SYNTH-1-49-1","Capture_5'_TTAGTTCGTGAGCGAT-4","Dividing Tumor"
"SYNTH-1-49-1","Capture_5'_TACGGGCAGCTAGTCT-4","Dividing Tumor"
"SYNTH-1-49-1","Capture_5'_AACTTTCAGTGTTTGC-2","T-cells"
"SYNTH-1-49-1","Capture_3'_GTGAGGATCGCAGTTA-4","Luminal A"
"SYNTH-1-49-1","Capture_5'_TTTGCGCCATCTACGA-3","T-cells"
"SYNTH-1-49-1","Capture_3'_TCACGCTTCGTCTCAC-4","Tumor"
"SYNTH-1-49-1","Capture_5'_CAGCCGACACGAAATA-4","Dividing Tumor"
"SYNTH-1-49-1","Capture_5'_GATGAGGGTTCATGGT-3","Dividing Tumor"
"SYNTH-1-50-1","Capture_5'_TGGTTCCGTAGGGTAC-3","Tumor"
"SYNTH-1-50-1","Capture_5'_TGGTTAGCAAAGAATC-2","Tumor"
"SYNTH-1-50-1","Capture_5'_GCTGCAGAGTACTTGC-2","Fibroblasts"
"SYNTH-1-50-1","Capture_3'_TCTAACTAGCCTTTCC-2","Dividing Tumor"
"SYNTH-1-50-1","Capture_5'_GATCTAGAGACTTTCG-4","Dividing Tumor"
"SYNTH-1-50-1","Capture_3'_TCTACCGTCCGACATA-2","Tumor"
"SYNTH-1-50-1","Capture_5'_CGTCCATGTAGTACCT-4","T-cells"
"SYNTH-1-50-1","Capture_5'_GCGAGAAGTGATGTCT-4","Tumor"
"SYNTH-2-1-1","Capture_3'_GTAGCTATCTGTGCGG-1","Tumor"
"SYNTH-2-1-1","Capture_3'_TGCAGTATCTCGCGTT-4","Tumor"
"SYNTH-2-1-1","Capture_5'_CCTCAGTTCCAAGTAC-2","T-cells"
"SYNTH-2-1-1","Capture_5'_CTTAACTTCTTAGCCC-2","B-cells"
"SYNTH-2-2-1","Capture_3'_TTGCGTCAGTATTCCG-1","Tumor"
"SYNTH-2-2-1","Capture_5'_TACTCGCAGTTCGATC-4","Tumor"
"SYNTH-2-3-1","Capture_5'_GTTCGGGTCACAACGT-3","Tumor"
"SYNTH-2-3-1","Capture_5'_TCAGCAACAAGCTGGA-4","Tumor"
"SYNTH-2-3-1","Capture_3'_CGTGATAGTGCCTACG-3","Endothelial Cells"
"SYNTH-2-3-1","Capture_5'_ATAGACCAGTCCATAC-4","Dividing Tumor"
"SYNTH-2-3-1","Capture_3'_TCGAACATCGCAGTTA-1","T-cells"
"SYNTH-2-3-1","Capture_5'_CGCTTCAGTCCATGAT-1","Tumor"
"SYNTH-2-3-1","Capture_3'_AAATGGAAGGGCTAAC-4","T-cells"
"SYNTH-2-4-1","Capture_5'_ACTGAGTCATTCCTCG-3","Dividing Tumor"
"SYNTH-2-4-1","Capture_5'_ACACTGACAAATTGCC-3","Tumor"
"SYNTH-2-4-1","Capture_5'_CGGCTAGAGCGTGTCC-2","Tumor"
"SYNTH-2-4-1","Capture_5'_TTAGGCATCACAGGCC-3","Tumor"
"SYNTH-2-4-1","Capture_5'_ACACTGAGTCATCGGC-2","Dividing Tumor"
"SYNTH-2-4-1","Capture_5'_GCGGGTTAGCGTTTAC-1","Dividing Tumor"
"SYNTH-2-4-1","Capture_5'_ACTGCTCAGGCGCTCT-3","Endothelial Cells"
"SYNTH-2-4-1","Capture_5'_GGATTACGTAACGACG-3","Tumor"
"SYNTH-2-4-1","Capture_5'_CGAACATAGGCTACGA-4","Dividing Tumor"
"SYNTH-2-4-1","Capture_3'_GGTAATCGTCCGAAAG-4","Tumor"
"SYNTH-2-5-1","Capture_5'_GCTCTGTTCATCTGTT-2","T-cells"
"SYNTH-2-5-1","Capture_5'_TGGGAAGCAATAGAGT-3","Tumor"
"SYNTH-2-5-1","Capture_5'_TTCGGTCAGCTTCGCG-2","Tumor"
"SYNTH-2-5-1","Capture_5'_GGGAGATAGAGTCTGG-1","Luminal A"
"SYNTH-2-6-1","Capture_5'_TTAACTCAGACTAGAT-2","Tumor"
"SYNTH-2-6-1","Capture_3'_CGAAGGATCCCAGGCA-4","Tumor"
"SYNTH-2-6-1","Capture_5'_GGTGCGTTCGCGTAGC-4","Tumor"
"SYNTH-2-6-1","Capture_5'_CTCAGAAAGAGTCGGT-1","Dividing Tumor"
"SYNTH-2-6-1","Capture_5'_TTAGTTCCAAGCTGTT-3","Dividing Tumor"
"SYNTH-2-6-1","Capture_3'_AGAACCTCAGGCTACC-4","Tumor"
"SYNTH-2-7-1","Capture_3'_GTCGTAACAGTTCTAG-3","Dividing Tumor"
"SYNTH-2-7-1","Capture_5'_TGATTTCAGAACTCGG-4","Dividing Tumor"
"SYNTH-2-7-1","Capture_5'_GCAGCCATCCGCATAA-2","Dividing Tumor"
"SYNTH-2-7-1","Capture_5'_ATTGGACCATGCCCGA-2","Dividing Tumor"
"SYNTH-2-7-1","Capture_3'_TCGGGTGTCGCCGAAC-3","Dividing Tumor"
"SYNTH-2-8-1","Capture_3'_ACGTAGTTCAGACAAA-4","T-cells"
"SYNTH-2-9-1","Capture_5'_CTAGAGTAGTCGTACT-3","B-cells"
"SYNTH-2-9-1","Capture_5'_TCACAAGAGCACCGCT-3","Dividing Tumor"
"SYNTH-2-9-1","Capture_5'_TTGGCAACATGAAGTA-4","Luminal A"
"SYNTH-2-9-1","Capture_5'_TTCTCAAGTTGGACCC-3","Dividing Tumor"
"SYNTH-2-10-1","Capture_5'_CACACTCTCAGGTTCA-4","Dividing Tumor"
"SYNTH-2-10-1","Capture_3'_TTAGGCAAGAGGTCAC-3","Tumor"
"SYNTH-2-10-1","Capture_5'_CACAGTAGTCTCAACA-3","Dividing Tumor"
"SYNTH-2-10-1","Capture_5'_AATCCAGAGGTAAACT-4","Tumor"
"SYNTH-2-10-1","Capture_3'_TCCACGTCAGCTGAAG-4","T-cells"
"SYNTH-2-10-1","Capture_3'_GATTTCTTCTTCCAGC-4","Tumor"
"SYNTH-2-10-1","Capture_3'_CTACGGGGTGACTGAG-4","Dividing Tumor"
"SYNTH-2-10-1","Capture_5'_TCTGGAACACGTGAGA-2","TAMs"
"SYNTH-2-11-1","Capture_5'_CAGTCCTAGCCCGAAA-3","Tumor"
"SYNTH-2-11-1","Capture_3'_ATCGATGGTCCACATA-2","Tumor"
"SYNTH-2-11-1","Capture_5'_GTACTCCAGAAGGCCT-1","T-cells"
"SYNTH-2-11-1","Capture_3'_CCGGGTAAGTGTTGTC-3","Tumor"
"SYNTH-2-11-1","Capture_5'_TGCGGGTGTGCGATAG-3","Tumor"
"SYNTH-2-11-1","Capture_5'_ATCCACCCAGGAACGT-1","T-cells"
"SYNTH-2-11-1","Capture_5'_GAATGAAGTACTCAAC-4","Dividing Tumor"
"SYNTH-2-12-1","Capture_3'_TGAGCATGTTTCCCAC-4","Tumor"
"SYNTH-2-12-1","Capture_5'_ACACTGAGTGAGCGAT-3","Tumor"
"SYNTH-2-12-1","Capture_5'_CGCTTCACAGGGTACA-4","Dividing Tumor"
"SYNTH-2-12-1","Capture_5'_CATTATCCATGCCACG-4","Tumor"
"SYNTH-2-12-1","Capture_3'_AGCCAGCCATCGTCCT-4","T-cells"
"SYNTH-2-12-1","Capture_5'_CACAGGCGTTAAGACA-3","T-cells"
"SYNTH-2-12-1","Capture_5'_AACACGTAGTCATCCA-4","Dividing Tumor"
"SYNTH-2-13-1","Capture_5'_GACGCGTGTGCCTTGG-1","Tumor"
"SYNTH-2-13-1","Capture_3'_GTTGCTCTCATACAGC-1","Tumor"
"SYNTH-2-13-1","Capture_5'_CTCGTACGTCTCCACT-2","Tumor"
"SYNTH-2-13-1","Capture_5'_AGAGCGAAGTCATGCT-4","Tumor"
"SYNTH-2-13-1","Capture_5'_GCCAAATAGTGGAGTC-3","Dividing Tumor"
"SYNTH-2-13-1","Capture_5'_CGCCAAGAGTATGACA-2","Dividing Tumor"
"SYNTH-2-13-1","Capture_5'_CAGAGAGGTGGTGTAG-3","Dividing Tumor"
"SYNTH-2-13-1","Capture_5'_TCAGATGTCAACGAAA-4","Dividing Tumor"
"SYNTH-2-14-1","Capture_3'_TTCAGGATCCTGGGAC-4","Tumor"
"SYNTH-2-14-1","Capture_3'_GTACAACGTGGTCTCG-1","Tumor"
"SYNTH-2-14-1","Capture_5'_CAGAGAGCACAGGTTT-4","Dividing Tumor"
"SYNTH-2-14-1","Capture_5'_CCATTCGAGACAGGCT-2","Endothelial Cells"
"SYNTH-2-14-1","Capture_5'_CTGGTCTGTCTTCTCG-4","T-cells"
"SYNTH-2-14-1","Capture_3'_CACTAAGTCCTAACAG-1","Tumor"
"SYNTH-2-14-1","Capture_5'_CATTATCCAATGGATA-3","Tumor"
"SYNTH-2-14-1","Capture_5'_TGCTGCTTCGGGAGTA-1","Dividing Tumor"
"SYNTH-2-14-1","Capture_5'_CGGAGCTGTCACTTCC-4","T-cells"
"SYNTH-2-14-1","Capture_5'_CCCAGTTTCACTTATC-3","Tumor"
"SYNTH-2-15-1","Capture_5'_GTTTCTAGTTTGGCGC-1","Tumor"
"SYNTH-2-15-1","Capture_5'_TCGTACCCAGCTGTAT-2","Tumor"
"SYNTH-2-15-1","Capture_5'_GGGACCTTCTCAACTT-3","Dividing Tumor"
"SYNTH-2-15-1","Capture_5'_ATTTCTGGTGCGGTAA-1","Dividing Tumor"
"SYNTH-2-15-1","Capture_3'_TGACAGTCAAGTACCT-3","Endothelial Cells"
"SYNTH-2-15-1","Capture_5'_GACACGCAGCTCCCAG-3","Dividing Tumor"
"SYNTH-2-15-1","Capture_3'_GCCAACGCAAACCATC-4","Tumor"
"SYNTH-2-16-1","Capture_5'_CACATTTTCAGGCCCA-1","Dividing Tumor"
"SYNTH-2-16-1","Capture_5'_ATGCGATGTCGCATCG-3","Dividing Tumor"
"SYNTH-2-16-1","Capture_5'_CGTAGCGAGTGCTGCC-3","Dividing Tumor"
"SYNTH-2-17-1","Capture_5'_AGCGTATCATTAGGCT-4","Tumor"
"SYNTH-2-17-1","Capture_5'_AACCATGTCAGTGTTG-2","Dividing Tumor"
"SYNTH-2-17-1","Capture_5'_TGTTCCGAGCGTGTCC-2","T-cells"
"SYNTH-2-17-1","Capture_5'_CTCTAATTCTATGTGG-4","Dividing Tumor"
"SYNTH-2-17-1","Capture_5'_CGTTCTGAGGAGCGTT-4","Dividing Tumor"
"SYNTH-2-17-1","Capture_5'_AGGGAGTAGGCTACGA-3","Dividing Tumor"
"SYNTH-2-17-1","Capture_3'_AGAAGTATCGTGGAAG-4","Tumor"
"SYNTH-2-17-1","Capture_5'_CACATTTAGTGATCGG-4","Dividing Tumor"
"SYNTH-2-18-1","Capture_5'_TCTCTAAAGCGTAGTG-3","Tumor"
"SYNTH-2-18-1","Capture_5'_TGGTTCCCACATCTTT-3","TAMs"
"SYNTH-2-18-1","Capture_3'_TGACTCCGTGTACATC-2","Dividing Tumor"
"SYNTH-2-19-1","Capture_3'_TTACAGGCAAGCAGGT-1","Tumor"
"SYNTH-2-19-1","Capture_3'_GGAGAACGTCAAGGCA-2","Tumor"
"SYNTH-2-19-1","Capture_3'_GCGTTTCCAGTGTACT-3","Dividing Tumor"
"SYNTH-2-19-1","Capture_3'_ATTCTTGCAAGCCATT-1","T-cells"
"SYNTH-2-19-1","Capture_5'_GTCCTCAAGATTACCC-1","Tumor"
"SYNTH-2-20-1","Capture_5'_CTCGAGGGTCCGAATT-4","Dividing Tumor"
"SYNTH-2-20-1","Capture_3'_ACCTACCTCATTCGGA-3","Fibroblasts"
"SYNTH-2-20-1","Capture_5'_CAGTCCTCAAACCTAC-3","T-cells"
"SYNTH-2-20-1","Capture_5'_CCATGTCGTTGAACTC-2","Luminal A"
"SYNTH-2-20-1","Capture_5'_GAAGCAGAGGAATCGC-2","TAMs"
"SYNTH-2-20-1","Capture_5'_ACTGTCCAGAGATGAG-1","T-cells"
"SYNTH-2-21-1","Capture_5'_CATGACATCTGTTGAG-2","T-cells"
"SYNTH-2-21-1","Capture_5'_ACTTACTGTCTCTTTA-2","Luminal A"
"SYNTH-2-21-1","Capture_5'_GTGGGTCGTAAAGTCA-1","Plasma Cells"
"SYNTH-2-21-1","Capture_3'_TGCATGAGTCTAGGCC-2","Luminal A"
"SYNTH-2-21-1","Capture_5'_CGCCAAGCATCCGGGT-2","T-cells"
"SYNTH-2-22-1","Capture_5'_AGCGGTCTCTACTTAC-3","Tumor"
"SYNTH-2-22-1","Capture_5'_TGCGTGGGTGCACTTA-4","T-cells"
"SYNTH-2-22-1","Capture_5'_GGATTACAGTCTTGCA-3","Fibroblasts"
"SYNTH-2-22-1","Capture_5'_CTGAAGTTCCCTCTTT-3","Dividing Tumor"
"SYNTH-2-22-1","Capture_3'_CTGTCGTAGAATAACC-3","TAMs"
"SYNTH-2-22-1","Capture_5'_CTAGCCTAGATATGGT-4","Dividing Tumor"
"SYNTH-2-22-1","Capture_5'_CGAGAAGCACGAAACG-4","Luminal A"
"SYNTH-2-23-1","Capture_5'_TGCGTGGTCCTAAGTG-3","T-cells"
"SYNTH-2-24-1","Capture_5'_CGCGGTAGTTGAGTTC-1","Tumor"
"SYNTH-2-24-1","Capture_5'_GCTGCGAGTCGCGTGT-2","Tumor"
"SYNTH-2-25-1","Capture_5'_GTCATTTCAGCTCCGA-1","Luminal A"
"SYNTH-2-25-1","Capture_5'_TTTGCGCGTGAAATCA-4","Dividing Tumor"
"SYNTH-2-25-1","Capture_5'_ATTGGTGTCGAGAGCA-1","Tumor"
"SYNTH-2-26-1","Capture_5'_GGTGTTATCAGAGGTG-2","Tumor"
"SYNTH-2-26-1","Capture_3'_CCTCTCCTCACCTGTC-2","Dividing Tumor"
"SYNTH-2-26-1","Capture_3'_AGACTCAGTTGTAGCT-1","Tumor"
"SYNTH-2-26-1","Capture_3'_TGTGGCGCATAGCACT-2","B-cells"
"SYNTH-2-26-1","Capture_5'_CCCATACGTCTCCATC-1","Myoepithelial Cells"
"SYNTH-2-26-1","Capture_3'_CTACCTGAGATAGTCA-3","Endothelial Cells"
"SYNTH-2-26-1","Capture_3'_AGGTCATAGTGAGCCA-4","Dividing Tumor"
"SYNTH-2-26-1","Capture_5'_AACTCTTAGAGAGCTC-1","Dividing Tumor"
"SYNTH-2-26-1","Capture_5'_AGTGTCAGTCACCTAA-4","Tumor"
"SYNTH-2-26-1","Capture_5'_GACCAATCATTCCTGC-2","Luminal A"
"SYNTH-2-27-1","Capture_5'_CATCAAGAGCCCAACC-1","Fibroblasts"
"SYNTH-2-27-1","Capture_5'_CTAACTTTCTGGAGCC-1","Dividing Tumor"
"SYNTH-2-27-1","Capture_5'_ATCATGGCATGACATC-2","Dividing Tumor"
"SYNTH-2-27-1","Capture_3'_ACAGGGAAGCATCCTA-1","Dividing Tumor"
"SYNTH-2-27-1","Capture_5'_GGGCACTAGGCACATG-1","Tumor"
"SYNTH-2-28-1","Capture_5'_AAGGTTCCAGGACGTA-1","T-cells"
"SYNTH-2-28-1","Capture_5'_GGAGCAAGTCTGCCAG-1","Dividing Tumor"
"SYNTH-2-29-1","Capture_5'_CTGAAACGTCATGCAT-3","Tumor"
"SYNTH-2-29-1","Capture_5'_CGTTGGGCATATACCG-4","Dividing Tumor"
"SYNTH-2-29-1","Capture_5'_CTACGTCGTTACGCGC-4","Tumor"
"SYNTH-2-29-1","Capture_5'_ATGAGGGTCCTCATTA-2","Tumor"
"SYNTH-2-29-1","Capture_5'_GTAGTCACACTAGTAC-4","Tumor"
"SYNTH-2-30-1","Capture_5'_TGCCAAAAGACTCGGA-2","Tumor"
"SYNTH-2-31-1","Capture_3'_TGCTTCGGTATCGAGG-3","T-cells"
"SYNTH-2-31-1","Capture_3'_TTCAGGAAGCTCCACG-3","T-cells"
"SYNTH-2-32-1","Capture_3'_TGTAGACAGTCGCGAA-1","Tumor"
"SYNTH-2-33-1","Capture_5'_CTTTGCGAGATCGATA-4","Luminal A"
"SYNTH-2-33-1","Capture_5'_GGCGACTGTTAGATGA-1","Endothelial Cells"
"SYNTH-2-33-1","Capture_5'_GCGCAGTAGTTTCCTT-2","Dividing Tumor"
"SYNTH-2-33-1","Capture_5'_TGCCCATTCTCTTGAT-2","Tumor"
"SYNTH-2-33-1","Capture_5'_CACAAACCAAACAACA-1","Dividing Tumor"
"SYNTH-2-33-1","Capture_3'_GCAGCCAGTTAGAAGT-1","Tumor"
"SYNTH-2-33-1","Capture_5'_TCAGGTATCGCATGAT-3","T-cells"
"SYNTH-2-33-1","Capture_5'_AACACGTAGGACAGCT-3","Tumor"
"SYNTH-2-33-1","Capture_5'_TACTTGTGTATCTGCA-3","Dividing Tumor"
"SYNTH-2-34-1","Capture_5'_GTGAAGGGTCAGAGGT-2","T-cells"
"SYNTH-2-34-1","Capture_5'_GTACGTACATGCAATC-3","T-cells"
"SYNTH-2-34-1","Capture_3'_TGCTGAAAGGAGACCT-4","Tumor"
"SYNTH-2-34-1","Capture_3'_TATTGGGTCTGCTCTG-1","TAMs"
"SYNTH-2-34-1","Capture_3'_GTCACGGTCATAGGCT-1","Tumor"
"SYNTH-2-34-1","Capture_5'_CTGCTGTAGTGCTGCC-1","T-cells"
"SYNTH-2-34-1","Capture_5'_CTGTGCTCATAGAAAC-3","Dividing Tumor"
"SYNTH-2-34-1","Capture_5'_CTTAACTGTTGGTAAA-2","Tumor"
"SYNTH-2-34-1","Capture_5'_ATTCTACGTGTGCGTC-1","Tumor"
"SYNTH-2-34-1","Capture_5'_CTAGTGACACCATCCT-1","Dividing Tumor"
"SYNTH-2-35-1","Capture_5'_AAACGGGCAGTGGAGT-3","Plasma Cells"
"SYNTH-2-35-1","Capture_5'_TCAGATGAGCGCCTTG-4","Fibroblasts"
"SYNTH-2-36-1","Capture_3'_TCATACTGTCATAAAG-1","Tumor"
"SYNTH-2-36-1","Capture_5'_TATCAGGTCAACGCTA-3","Fibroblasts"
"SYNTH-2-36-1","Capture_3'_CGGGACTAGCGTCGAA-3","T-cells"
"SYNTH-2-36-1","Capture_3'_GATAGAACAGGTTACT-1","T-cells"
"SYNTH-2-36-1","Capture_5'_CTACATTGTCAAAGCG-2","Dividing Tumor"
"SYNTH-2-36-1","Capture_5'_ACTGATGTCTGTACGA-4","Dividing Tumor"
"SYNTH-2-37-1","Capture_5'_TTTATGCCACGCCAGT-1","Tumor"
"SYNTH-2-37-1","Capture_5'_GCGAGAAAGGAATTAC-2","Dividing Tumor"
"SYNTH-2-37-1","Capture_5'_CAGCAGCGTGACAAAT-2","Tumor"
"SYNTH-2-38-1","Capture_5'_CCGTACTAGCGATGAC-1","T-cells"
"SYNTH-2-39-1","Capture_5'_TCTATTGAGGGAAACA-4","Tumor"
"SYNTH-2-39-1","Capture_5'_GCCTCTAAGCTAGTGG-4","TAMs"
"SYNTH-2-39-1","Capture_5'_TGTGGTAGTTGGTAAA-2","Dividing Tumor"
"SYNTH-2-39-1","Capture_5'_ACCTTTACAAGCTGTT-3","Tumor"
"SYNTH-2-39-1","Capture_5'_CTGAAGTGTTGAGGTG-2","Tumor"
"SYNTH-2-39-1","Capture_5'_CTGTTTATCATTGCCC-1","T-cells"
"SYNTH-2-39-1","Capture_5'_TAGACCAGTAGGAGTC-3","Tumor"
"SYNTH-2-40-1","Capture_5'_CTCCTAGAGAGACGAA-4","Tumor"
"SYNTH-2-40-1","Capture_5'_CGTGTAAAGGTGATTA-4","Tumor"
"SYNTH-2-40-1","Capture_3'_CAACCAATCCAGGACC-1","Dividing Tumor"
"SYNTH-2-40-1","Capture_5'_GAACGGAGTGACCAAG-2","Tumor"
"SYNTH-2-40-1","Capture_5'_GGCAATTCAGCGATCC-1","T-cells"
"SYNTH-2-40-1","Capture_5'_AGTTGGTGTCTCCCTA-1","T-cells"
"SYNTH-2-40-1","Capture_3'_CTAACTTGTAATGTGA-1","T-cells"
"SYNTH-2-41-1","Capture_5'_CATCGAAAGATATACG-4","Dividing Tumor"
"SYNTH-2-41-1","Capture_3'_TCCCAGTCAGCGACAA-4","Dividing Tumor"
"SYNTH-2-41-1","Capture_5'_TTCGAAGGTTTAGGAA-1","Dividing Tumor"
"SYNTH-2-41-1","Capture_5'_AGAGTGGTCTAACGGT-1","Dividing Tumor"
"SYNTH-2-41-1","Capture_5'_GTACGTACATGCATGT-4","T-cells"
"SYNTH-2-41-1","Capture_5'_GCGACCATCTTGACGA-2","Myoepithelial Cells"
"SYNTH-2-41-1","Capture_5'_CACCACTCAGCTGTTA-1","Tumor"
"SYNTH-2-42-1","Capture_5'_CAGAGAGTCAGCACAT-4","T-cells"
"SYNTH-2-42-1","Capture_5'_AACTCCCCACTTGGAT-4","T-cells"
"SYNTH-2-42-1","Capture_5'_GCCTCTAGTTATTCTC-2","Dividing Tumor"
"SYNTH-2-42-1","Capture_5'_TACTCATAGCTCCTTC-1","Luminal B"
"SYNTH-2-42-1","Capture_5'_AGACGTTCACCACCAG-2","Dividing Tumor"
"SYNTH-2-43-1","Capture_5'_GGCTGGTAGAAACCAT-3","Endothelial Cells"
"SYNTH-2-43-1","Capture_5'_CTAACTTTCGAATGGG-3","Tumor"
"SYNTH-2-43-1","Capture_5'_GTTCATTCACTTGGAT-1","Dividing Tumor"
"SYNTH-2-43-1","Capture_5'_GGAAAGCAGCCACGCT-1","Luminal B"
"SYNTH-2-43-1","Capture_3'_AGAAGTAGTTGGATCT-3","Tumor"
"SYNTH-2-43-1","Capture_5'_ACATACGCATGGGACA-2","Tumor"
"SYNTH-2-43-1","Capture_3'_CTAGACATCTGTCTCG-4","Tumor"
"SYNTH-2-44-1","Capture_5'_TTATGCTCAACTGCTA-2","Dividing Tumor"
"SYNTH-2-44-1","Capture_5'_CGAGAAGCAACGATGG-4","Fibroblasts"
"SYNTH-2-44-1","Capture_5'_CTAACTTGTACTTAGC-1","Luminal A"
"SYNTH-2-45-1","Capture_5'_CATGCCTGTAAGTAGT-1","Tumor"
"SYNTH-2-45-1","Capture_3'_GATTGGTAGCTTAAGA-3","Dividing Tumor"
"SYNTH-2-45-1","Capture_5'_CGGCTAGAGGATGGTC-4","Tumor"
"SYNTH-2-45-1","Capture_3'_AACCACAGTGACAGGT-2","B-cells"
"SYNTH-2-45-1","Capture_3'_CATCGGGAGGTGGGTT-4","Fibroblasts"
"SYNTH-2-45-1","Capture_3'_GATGATCAGGCGAACT-1","Dividing Tumor"
"SYNTH-2-45-1","Capture_3'_TCATTACCAGAATGTA-3","Tumor"
"SYNTH-2-45-1","Capture_5'_CGTCAGGTCGCTTGTC-4","T-cells"
"SYNTH-2-46-1","Capture_5'_CGGACGTCATGGTCTA-4","Tumor"
"SYNTH-2-46-1","Capture_5'_TCAGCAAGTAGGCTGA-1","Dividing Tumor"
"SYNTH-2-46-1","Capture_3'_GACCGTGGTTGCTCAA-4","Dividing Tumor"
"SYNTH-2-46-1","Capture_5'_CTCTAATTCTTTAGGG-2","Tumor"
"SYNTH-2-46-1","Capture_5'_TATTACCTCCGCAAGC-2","Dividing Tumor"
"SYNTH-2-46-1","Capture_3'_TCTGGCTTCCTACCGT-4","Dividing Tumor"
"SYNTH-2-47-1","Capture_5'_TGATTTCAGTGTACGG-3","Tumor"
"SYNTH-2-47-1","Capture_5'_GTGGGTCAGAAAGTGG-3","Dividing Tumor"
"SYNTH-2-47-1","Capture_5'_GTACTCCCAGGTCTCG-4","Dividing Tumor"
"SYNTH-2-47-1","Capture_5'_GTACGTAGTCCGTCAG-4","Dividing Tumor"
"SYNTH-2-47-1","Capture_5'_TTCTCAATCGTCGTTC-4","Tumor"
"SYNTH-2-47-1","Capture_5'_GCTTCCACATCGGAAG-4","Luminal A"
"SYNTH-2-47-1","Capture_5'_TGTCCCAAGATACACA-2","Tumor"
"SYNTH-2-48-1","Capture_5'_TCTCTAAGTGGCAAAC-4","Dividing Tumor"
"SYNTH-2-49-1","Capture_5'_GTCAAGTTCTGATTCT-1","T-cells"
"SYNTH-2-49-1","Capture_3'_TCTTTGATCTGCGATA-4","Dividing Tumor"
"SYNTH-2-49-1","Capture_5'_TTCCCAGGTCAAAGCG-2","Tumor"
"SYNTH-2-50-1","Capture_5'_CCTACCAAGCTAACAA-2","Tumor"
"SYNTH-3-1-1","Capture_5'_TTGACTTTCATGCTCC-4","T-cells"
"SYNTH-3-1-1","Capture_5'_TGCCCTATCAGCCTAA-4","Tumor"
"SYNTH-3-1-1","Capture_5'_GTCTTCGAGACTGTAA-4","Tumor"
"SYNTH-3-1-1","Capture_5'_GTAACGTAGCTGAACG-2","Tumor"
"SYNTH-3-2-1","Capture_3'_TCTCACGTCTATCACT-4","Dividing Tumor"
"SYNTH-3-2-1","Capture_5'_AGCTTGATCAGGATCT-1","Tumor"
"SYNTH-3-2-1","Capture_5'_ATCCACCAGGCAGGTT-1","Tumor"
"SYNTH-3-2-1","Capture_5'_TTCCCAGTCCTACAGA-2","Tumor"
"SYNTH-3-3-1","Capture_3'_TAACTTCGTAACATGA-3","T-cells"
"SYNTH-3-4-1","Capture_5'_TTGCGTCGTAGCTCCG-4","Tumor"
"SYNTH-3-4-1","Capture_3'_AGATCCAAGTCAATCC-3","Tumor"
"SYNTH-3-4-1","Capture_5'_ATTGGTGGTGTGCGTC-4","Tumor"
"SYNTH-3-4-1","Capture_5'_AACCATGTCCCTCAGT-4","Luminal A"
"SYNTH-3-4-1","Capture_5'_GCACTCTGTTCTGAAC-3","Dividing Tumor"
"SYNTH-3-5-1","Capture_3'_TAAGTCGCACTGGATT-1","T-cells"
"SYNTH-3-5-1","Capture_5'_CGACTTCGTCTCAACA-3","T-cells"
"SYNTH-3-5-1","Capture_5'_TACGGATCAATGGAAT-4","Dividing Tumor"
"SYNTH-3-5-1","Capture_5'_TTCTACATCCCGGATG-4","Tumor"
"SYNTH-3-5-1","Capture_5'_CTGATCCGTCCGAAGA-3","Dividing Tumor"
"SYNTH-3-6-1","Capture_5'_AGAGCGACAGTCGTGC-2","T-cells"
"SYNTH-3-6-1","Capture_5'_GCTTCCACACATGTGT-3","Dividing Tumor"
"SYNTH-3-6-1","Capture_5'_CTCATTAGTTCGAATC-4","B-cells"
"SYNTH-3-6-1","Capture_5'_GTAGGCCTCAACTCTT-2","Tumor"
"SYNTH-3-6-1","Capture_5'_TCGGTAAAGACTAGAT-4","Dividing Tumor"
"SYNTH-3-6-1","Capture_5'_ACACTGACAAATTGCC-3","Tumor"
"SYNTH-3-6-1","Capture_5'_ACTGAACGTTACGGAG-4","TAMs"
"SYNTH-3-7-1","Capture_3'_ATCGCCTTCCTGTACC-4","Tumor"
"SYNTH-3-7-1","Capture_5'_CCAGCGAGTGTTGAGG-3","T-cells"
"SYNTH-3-7-1","Capture_5'_TTTCCTCGTACCCAAT-2","Luminal A"
"SYNTH-3-7-1","Capture_5'_AAGACCTGTCTTCAAG-1","Tumor"
"SYNTH-3-7-1","Capture_5'_GTGCTTCCAGACGCCT-4","Tumor"
"SYNTH-3-7-1","Capture_5'_ATAGACCGTTTGGCGC-1","Tumor"
"SYNTH-3-8-1","Capture_5'_ATCATGGCAAAGCGGT-3","Tumor"
"SYNTH-3-8-1","Capture_5'_CTAAGACGTCCGTTAA-1","Tumor"
"SYNTH-3-9-1","Capture_5'_TACAGTGTCTCCAGGG-3","Dividing Tumor"
"SYNTH-3-9-1","Capture_5'_ACCTTTACAGACTCGC-3","Dividing Tumor"
"SYNTH-3-9-1","Capture_5'_CTCGTCACACCCATGG-3","Dividing Tumor"
"SYNTH-3-9-1","Capture_5'_TCATTTGCACAGCCCA-1","Dividing Tumor"
"SYNTH-3-9-1","Capture_3'_TCGGGTGTCTTACGGA-3","Tumor"
"SYNTH-3-9-1","Capture_3'_TGACGCGAGCGACATG-2","T-cells"
"SYNTH-3-9-1","Capture_3'_TGGTTAGAGGATTCAA-4","Fibroblasts"
"SYNTH-3-9-1","Capture_5'_TTCTCCTTCTACTCAT-3","T-cells"
"SYNTH-3-9-1","Capture_5'_TGAGCCGAGACTTGAA-1","Luminal B"
"SYNTH-3-9-1","Capture_3'_GAGTCTAGTTTCCAAG-1","Tumor"
"SYNTH-3-10-1","Capture_5'_CAGCGACAGCACAGGT-3","Tumor"
"SYNTH-3-10-1","Capture_3'_CCTCCTCAGTGGGAAA-2","Myoepithelial Cells"
"SYNTH-3-10-1","Capture_3'_GACGTTACAGAATTCC-1","Dividing Tumor"
"SYNTH-3-10-1","Capture_5'_CTTTGCGCACACAGAG-4","Tumor"
"SYNTH-3-10-1","Capture_5'_AATCGGTAGATAGCAT-3","Tumor"
"SYNTH-3-11-1","Capture_5'_TCGCGAGCAAATCCGT-1","Tumor"
"SYNTH-3-11-1","Capture_3'_TTCAGGAAGCTCCACG-3","T-cells"
"SYNTH-3-11-1","Capture_5'_CGTTCTGAGGAGCGTT-4","Dividing Tumor"
"SYNTH-3-11-1","Capture_5'_CACCAGGCATGTTCCC-3","Tumor"
"SYNTH-3-11-1","Capture_5'_ACACTGACATTGTGCA-4","Dividing Tumor"
"SYNTH-3-11-1","Capture_5'_TAGCCGGCAGGATTGG-2","T-cells"
"SYNTH-3-11-1","Capture_3'_AGTGATCGTTTGCCGG-3","T-cells"
"SYNTH-3-11-1","Capture_5'_GGACATTCAGTAGAGC-4","Tumor"
"SYNTH-3-11-1","Capture_3'_CATTGTTAGCATGATA-1","Tumor"
"SYNTH-3-12-1","Capture_5'_CCCTCCTCAAACTGCT-4","Tumor"
"SYNTH-3-12-1","Capture_5'_ACCTTTAAGCGTCTAT-3","Dividing Tumor"
"SYNTH-3-12-1","Capture_5'_GCCAAATTCCGCGGTA-3","Tumor"
"SYNTH-3-12-1","Capture_5'_CGACTTCGTAGCACGA-3","T-cells"
"SYNTH-3-13-1","Capture_5'_CTCGTCATCAGTTGAC-2","T-cells"
"SYNTH-3-13-1","Capture_5'_ATTATCCCAAGACGTG-4","Tumor"
"SYNTH-3-13-1","Capture_3'_TGACCCTGTGCCCAGT-1","Dividing Tumor"
"SYNTH-3-13-1","Capture_5'_TGCGCAGTCTCAAGTG-2","Tumor"
"SYNTH-3-13-1","Capture_3'_GTGTGGCAGAGGCCAT-4","Dividing Tumor"
"SYNTH-3-13-1","Capture_5'_ATTCTACGTTAGTGGG-2","Tumor"
"SYNTH-3-14-1","Capture_5'_CGTAGCGAGGAGTTTA-4","Dividing Tumor"
"SYNTH-3-14-1","Capture_3'_CTTTCGGTCCCTCAAC-3","Tumor"
"SYNTH-3-14-1","Capture_5'_CTTAGGAAGAGCTGGT-3","Dividing Tumor"
"SYNTH-3-14-1","Capture_5'_ACGAGGAGTAAGTGGC-3","Dividing Tumor"
"SYNTH-3-14-1","Capture_3'_GAGACCCGTCTAATCG-3","Luminal A"
"SYNTH-3-14-1","Capture_5'_AAGGTTCGTGAACCTT-2","Dividing Tumor"
"SYNTH-3-15-1","Capture_5'_TGTGGTACATCCCATC-4","Tumor"
"SYNTH-3-15-1","Capture_3'_AGCTTCCAGCAGGTCA-4","Tumor"
"SYNTH-3-15-1","Capture_3'_GTAGGAGTCTCCCATG-4","Tumor"
"SYNTH-3-15-1","Capture_5'_GAATGAAGTCGTGGCT-4","Dividing Tumor"
"SYNTH-3-15-1","Capture_5'_GACACGCTCGAACGGA-1","T-cells"
"SYNTH-3-15-1","Capture_5'_GCTCTGTAGACAGAGA-1","T-cells"
"SYNTH-3-15-1","Capture_5'_CATCAAGCAATAAGCA-3","Dividing Tumor"
"SYNTH-3-15-1","Capture_3'_TGTCCACAGCTCTATG-3","Luminal B"
"SYNTH-3-15-1","Capture_5'_AATCCAGTCACAATGC-3","Luminal A"
"SYNTH-3-16-1","Capture_5'_GGAATAAGTTGAGTTC-4","Tumor"
"SYNTH-3-16-1","Capture_5'_AGCCTAAAGCCCAATT-3","Dividing Tumor"
"SYNTH-3-16-1","Capture_3'_TATTTCGGTTGGTACT-1","Tumor"
"SYNTH-3-17-1","Capture_5'_GCGCAACCAGTGGAGT-4","Tumor"
"SYNTH-3-17-1","Capture_5'_AAGACCTCACTTGGAT-2","Endothelial Cells"
"SYNTH-3-17-1","Capture_5'_AATCGGTTCTGTCTCG-3","Dividing Tumor"
"SYNTH-3-17-1","Capture_5'_CCATTCGCATTAACCG-2","Tumor"
"SYNTH-3-17-1","Capture_5'_CTCGTACAGCTCCCAG-3","Tumor"
"SYNTH-3-17-1","Capture_3'_TTTCGATAGGGTAGCT-4","Tumor"
"SYNTH-3-18-1","Capture_5'_AACTCTTTCGCCTGAG-2","Tumor"
"SYNTH-3-18-1","Capture_3'_GGGATGAAGGAACTAT-4","Dividing Tumor"
"SYNTH-3-18-1","Capture_5'_GGGAATGGTATATCCG-3","T-cells"
"SYNTH-3-18-1","Capture_5'_CGTAGCGAGTGATCGG-2","TAMs"
"SYNTH-3-18-1","Capture_5'_ATTTCTGCAGAGTGTG-4","T-cells"
"SYNTH-3-19-1","Capture_5'_CTAGTGACATATGAGA-4","Tumor"
"SYNTH-3-19-1","Capture_5'_TGCGGGTAGCCCTAAT-3","Endothelial Cells"
"SYNTH-3-19-1","Capture_5'_TACGGATAGATATGGT-1","Dividing Tumor"
"SYNTH-3-19-1","Capture_5'_GAGGTGATCCGATATG-2","Dividing Tumor"
"SYNTH-3-19-1","Capture_3'_GTAGCTAGTCGCACGT-1","Fibroblasts"
"SYNTH-3-20-1","Capture_5'_ATTGGTGGTGATGTGG-2","Luminal A"
"SYNTH-3-20-1","Capture_5'_ATCATCTGTGTGCGTC-1","T-cells"
"SYNTH-3-20-1","Capture_5'_CGACCTTAGCTGAAAT-4","Myoepithelial Cells"
"SYNTH-3-20-1","Capture_5'_GGCGACTTCGGAATCT-1","Tumor"
"SYNTH-3-20-1","Capture_5'_ATTTCTGGTCACCCAG-4","Dividing Tumor"
"SYNTH-3-20-1","Capture_5'_ATCATCTGTCTAGCGC-2","Tumor"
"SYNTH-3-20-1","Capture_5'_AGTGGGAAGTCAAGGC-4","Dividing Tumor"
"SYNTH-3-20-1","Capture_5'_AGGTCCGAGATCACGG-2","T-cells"
"SYNTH-3-20-1","Capture_3'_AAACGCTCATATAGCC-1","Tumor"
"SYNTH-3-20-1","Capture_5'_GCAGTTACACAGACAG-3","B-cells"
"SYNTH-3-21-1","Capture_3'_TGGTACATCAAACCCA-4","Fibroblasts"
"SYNTH-3-22-1","Capture_3'_AGTCTCCGTTCTTGTT-3","Tumor"
"SYNTH-3-22-1","Capture_5'_GCATGTAAGCTAGCCC-4","TAMs"
"SYNTH-3-22-1","Capture_5'_TTCTTAGTCTCTTATG-3","Dividing Tumor"
"SYNTH-3-23-1","Capture_3'_TCGCTTGAGACTGGGT-4","Tumor"
"SYNTH-3-23-1","Capture_5'_TGAGCCGTCATTATCC-3","Dividing Tumor"
"SYNTH-3-23-1","Capture_5'_GCAATCACACCTATCC-2","Tumor"
"SYNTH-3-23-1","Capture_3'_CCTCAGTGTACAGTAA-4","Dividing Tumor"
"SYNTH-3-23-1","Capture_5'_GATGCTATCTGCTTGC-2","Dividing Tumor"
"SYNTH-3-23-1","Capture_5'_TCGGGACAGAAACCAT-3","Tumor"
"SYNTH-3-23-1","Capture_3'_GGGTAGAGTCCATACA-3","Tumor"
"SYNTH-3-24-1","Capture_5'_TTTGTCAGTCAAAGCG-4","Tumor"
"SYNTH-3-24-1","Capture_3'_GCACTAATCGCCGAGT-2","T-cells"
"SYNTH-3-24-1","Capture_5'_CACCACTTCAAACCAC-3","T-cells"
"SYNTH-3-24-1","Capture_5'_GCGCCAAAGGGTCTCC-4","Endothelial Cells"
"SYNTH-3-24-1","Capture_5'_CAGCCGATCAGAGACG-2","Tumor"
"SYNTH-3-24-1","Capture_5'_TAGAGCTTCCGCGCAA-4","Tumor"
"SYNTH-3-24-1","Capture_5'_CGAATGTTCAGTTAGC-4","Tumor"
"SYNTH-3-24-1","Capture_5'_ATTGGTGCACAAGACG-2","T-cells"
"SYNTH-3-24-1","Capture_5'_TACTCGCCATGACATC-1","TAMs"
"SYNTH-3-24-1","Capture_3'_CGTCAAATCCATATGG-3","Tumor"
"SYNTH-3-25-1","Capture_5'_TGGGCGTCAGATCGGA-3","Tumor"
"SYNTH-3-25-1","Capture_5'_AGTGAGGAGTAATCCC-2","Tumor"
"SYNTH-3-25-1","Capture_5'_CGAGCCAAGGGCTTGA-2","T-cells"
"SYNTH-3-25-1","Capture_3'_TCAGTGATCAAGAGTA-4","Tumor"
"SYNTH-3-25-1","Capture_5'_CGATTGAAGAGGGCTT-2","T-cells"
"SYNTH-3-25-1","Capture_5'_GTCTCGTCAATCAGAA-3","Tumor"
"SYNTH-3-26-1","Capture_5'_GGTATTGGTAGCGCTC-4","Tumor"
"SYNTH-3-26-1","Capture_5'_CTACATTTCATTCACT-3","T-cells"
"SYNTH-3-26-1","Capture_5'_CTCTAATGTGGTACAG-4","Dividing Tumor"
"SYNTH-3-27-1","Capture_5'_GCGCCAAGTCAAAGAT-2","Tumor"
"SYNTH-3-27-1","Capture_3'_TTGTGGAGTCGTCTCT-1","Tumor"
"SYNTH-3-27-1","Capture_5'_GCAGCCAGTGAAATCA-3","Tumor"
"SYNTH-3-28-1","Capture_3'_GGAAGTGAGCCTGAAG-3","Dividing Tumor"
"SYNTH-3-29-1","Capture_3'_GTGGGAAAGATTGATG-2","T-cells"
"SYNTH-3-29-1","Capture_5'_TTAGGACCACTTGGAT-2","Dividing Tumor"
"SYNTH-3-30-1","Capture_5'_AAGCCGCTCCCTCTTT-4","Dividing Tumor"
"SYNTH-3-30-1","Capture_3'_CAGGCCATCTCGGGAC-3","Dividing Tumor"
"SYNTH-3-31-1","Capture_5'_GGGCACTCAGCTATTG-3","Tumor"
"SYNTH-3-31-1","Capture_5'_GGGATGAAGTCTCCTC-2","Endothelial Cells"
"SYNTH-3-31-1","Capture_5'_CATGGCGTCGGTGTCG-2","Dividing Tumor"
"SYNTH-3-31-1","Capture_3'_GTTAGACAGATTAGTG-3","Endothelial Cells"
"SYNTH-3-31-1","Capture_5'_AGGGTGAGTTGAGTTC-2","Tumor"
"SYNTH-3-31-1","Capture_5'_TACCTATAGTCGTTTG-4","Dividing Tumor"
"SYNTH-3-31-1","Capture_5'_CGTCAGGAGTTGAGTA-4","Tumor"
"SYNTH-3-32-1","Capture_5'_AGGCCGTTCAACACCA-3","Tumor"
"SYNTH-3-32-1","Capture_5'_CGTAGCGGTCTTCAAG-1","Tumor"
"SYNTH-3-32-1","Capture_5'_TTTCCTCAGATGGCGT-4","T-cells"
"SYNTH-3-33-1","Capture_5'_GTCACGGGTACAGCAG-1","Dividing Tumor"
"SYNTH-3-33-1","Capture_5'_GTGTTAGTCTGGCGTG-4","Endothelial Cells"
"SYNTH-3-33-1","Capture_3'_AGAAGTACAGACGATG-1","Dividing Tumor"
"SYNTH-3-33-1","Capture_5'_CGTTCTGAGGAGCGTT-4","Dividing Tumor"
"SYNTH-3-34-1","Capture_3'_CACTAAGTCCCAGGAC-2","Dividing Tumor"
"SYNTH-3-34-1","Capture_3'_CTCGAGGCACGTCATA-4","Dividing Tumor"
"SYNTH-3-34-1","Capture_5'_CCTTACGCACGCCAGT-2","T-cells"
"SYNTH-3-34-1","Capture_5'_ATCATCTTCACCGTAA-2","T-cells"
"SYNTH-3-34-1","Capture_3'_CATGCAAAGCCACAAG-4","Dividing Tumor"
"SYNTH-3-34-1","Capture_3'_TAGGGTTTCGGTCTGG-2","Tumor"
"SYNTH-3-34-1","Capture_5'_CGGCTAGGTCTAGCCG-2","Tumor"
"SYNTH-3-35-1","Capture_5'_TGTCCCAAGGGCTTCC-4","Tumor"
"SYNTH-3-36-1","Capture_3'_GATGGAGAGATGCCGA-4","Tumor"
"SYNTH-3-36-1","Capture_3'_TGTGATGTCAGAGCGA-4","Luminal B"
"SYNTH-3-36-1","Capture_5'_TGAGCATAGACTGTAA-2","T-cells"
"SYNTH-3-36-1","Capture_5'_TAAGAGAGTCCAGTTA-2","Tumor"
"SYNTH-3-36-1","Capture_3'_GAGTCATAGATACGAT-2","T-cells"
"SYNTH-3-36-1","Capture_3'_AGACCCGCATTCGGGC-2","T-cells"
"SYNTH-3-37-1","Capture_3'_TCTAACTTCTGATGGT-3","Endothelial Cells"
"SYNTH-3-38-1","Capture_3'_TGAATGCTCGTTGCCT-1","Tumor"
"SYNTH-3-38-1","Capture_5'_CTAGCCTAGCCATCGC-1","Tumor"
"SYNTH-3-38-1","Capture_5'_CGTAGGCCAGATCTGT-4","B-cells"
"SYNTH-3-38-1","Capture_5'_CAGCATAGTGACGCCT-1","Luminal A"
"SYNTH-3-38-1","Capture_5'_TGGACGCAGTGACATA-2","Luminal A"
"SYNTH-3-38-1","Capture_5'_GAACCTAGTACTTCTT-3","Tumor"
"SYNTH-3-38-1","Capture_5'_ACTTACTTCAGGATCT-2","T-cells"
"SYNTH-3-38-1","Capture_5'_GACTACATCGCGATCG-3","Tumor"
"SYNTH-3-38-1","Capture_5'_GTGTGCGTCGAATGGG-1","Tumor"
"SYNTH-3-38-1","Capture_5'_GTCTTCGGTCCAGTTA-3","Tumor"
"SYNTH-3-39-1","Capture_3'_CGAGAAGTCATTGCGA-4","Luminal A"
"SYNTH-3-39-1","Capture_3'_CACTGTCTCGCCGAAC-3","Tumor"
"SYNTH-3-39-1","Capture_3'_CATTCCGTCCCTGTTG-4","Dividing Tumor"
"SYNTH-3-39-1","Capture_5'_TGCTGCTCAGGGTTAG-4","Endothelial Cells"
"SYNTH-3-39-1","Capture_5'_TTGTAGGTCCAGAAGG-3","Luminal A"
"SYNTH-3-39-1","Capture_5'_GTTCTCGTCTCTGCTG-2","Tumor"
"SYNTH-3-39-1","Capture_3'_GAAGTAAAGTCGAATA-4","T-cells"
"SYNTH-3-39-1","Capture_5'_TACGGATTCCCAAGTA-4","Dividing Tumor"
"SYNTH-3-39-1","Capture_5'_CCTACCATCCTTTCTC-2","T-cells"
"SYNTH-3-40-1","Capture_3'_ACTATGGGTACTAAGA-4","Tumor"
"SYNTH-3-40-1","Capture_3'_TGCAGATCAATTTCGG-2","Tumor"
"SYNTH-3-40-1","Capture_3'_GATTTCTTCGGTGCAC-4","Endothelial Cells"
"SYNTH-3-40-1","Capture_5'_ACCGTAAGTTCCGTCT-4","Dividing Tumor"
"SYNTH-3-40-1","Capture_5'_TTATGCTAGCTTTGGT-3","Luminal A"
"SYNTH-3-40-1","Capture_5'_CGTTCTGTCACATGCA-3","Tumor"
"SYNTH-3-40-1","Capture_5'_CGCTATCAGATCACGG-2","Tumor"
"SYNTH-3-40-1","Capture_5'_AGCGTATCACGAAAGC-4","Dividing Tumor"
"SYNTH-3-40-1","Capture_5'_TGAGCATAGATTACCC-2","Tumor"
"SYNTH-3-40-1","Capture_5'_AGAATAGAGGCCATAG-3","Tumor"
"SYNTH-3-41-1","Capture_5'_AGCGGTCGTGGTCTCG-1","T-cells"
"SYNTH-3-41-1","Capture_3'_CAAGACTTCCAAGCTA-3","TAMs"
"SYNTH-3-41-1","Capture_5'_CTCCTAGCACATCCAA-2","B-cells"
"SYNTH-3-41-1","Capture_5'_CAGCTAAGTAAGTGGC-4","Tumor"
"SYNTH-3-41-1","Capture_5'_GGCTGGTAGAAACCAT-3","Endothelial Cells"
"SYNTH-3-41-1","Capture_3'_CACAGGCCAGAAGCGT-4","T-cells"
"SYNTH-3-41-1","Capture_5'_TACGGTACAGACACTT-1","Tumor"
"SYNTH-3-41-1","Capture_5'_ATCCACCCAACAACCT-1","Dividing Tumor"
"SYNTH-3-41-1","Capture_3'_AGGTGTTAGTAGATCA-2","T-cells"
"SYNTH-3-42-1","Capture_5'_AGCTCCTTCTCCGGTT-1","Tumor"
"SYNTH-3-42-1","Capture_5'_TCGAGGCAGGCCGAAT-4","T-cells"
"SYNTH-3-43-1","Capture_5'_AAGGAGCGTACAAGTA-2","Dividing Tumor"
"SYNTH-3-44-1","Capture_5'_TTGGAACGTGAGGGAG-1","Tumor"
"SYNTH-3-44-1","Capture_5'_CGCCAAGGTCCTCCAT-4","Luminal A"
"SYNTH-3-44-1","Capture_5'_CAACCAACAACTGCTA-3","Tumor"
"SYNTH-3-44-1","Capture_3'_TCGGTCTGTCTCCCTA-1","T-cells"
"SYNTH-3-44-1","Capture_3'_GTGTCCTCACATTCTT-4","Tumor"
"SYNTH-3-44-1","Capture_5'_TTGAACGGTGCTTCTC-2","Dividing Tumor"
"SYNTH-3-44-1","Capture_5'_CATATTCGTGGCCCTA-3","Dividing Tumor"
"SYNTH-3-44-1","Capture_5'_CTCTAATCATTGGGCC-2","T-cells"
"SYNTH-3-45-1","Capture_5'_ACATCAGAGCTAGCCC-4","Dividing Tumor"
"SYNTH-3-45-1","Capture_5'_CGCCAAGCAATGGATA-3","Dividing Tumor"
"SYNTH-3-45-1","Capture_5'_CTCGTCACACCCATGG-3","Dividing Tumor"
"SYNTH-3-45-1","Capture_5'_CAAGTTGGTTTGGCGC-3","Tumor"
"SYNTH-3-45-1","Capture_3'_GAGGCCTCATTCCTAT-3","Dividing Tumor"
"SYNTH-3-45-1","Capture_5'_TCAGCAATCTACGAGT-4","Dividing Tumor"
"SYNTH-3-45-1","Capture_3'_ACGTAACGTACGTTCA-3","Tumor"
"SYNTH-3-46-1","Capture_5'_TGAAAGAAGTGCCATT-2","T-cells"
"SYNTH-3-46-1","Capture_5'_TAGTGGTAGCGATGAC-4","Tumor"
"SYNTH-3-46-1","Capture_5'_TTGGAACAGGGATGGG-4","T-cells"
"SYNTH-3-46-1","Capture_5'_TCACAAGCATCGGAAG-3","Dividing Tumor"
"SYNTH-3-46-1","Capture_3'_CTCCATGGTAGCTTGT-4","T-cells"
"SYNTH-3-46-1","Capture_5'_CTCATTATCTCTGTCG-1","Plasma Cells"
"SYNTH-3-47-1","Capture_5'_TGCCCATAGTGGAGTC-3","Dividing Tumor"
"SYNTH-3-47-1","Capture_5'_CATGACATCACTCTTA-1","Dividing Tumor"
"SYNTH-3-47-1","Capture_5'_GACTAACAGTGTGGCA-2","Luminal A"
"SYNTH-3-48-1","Capture_5'_CGGGTCATCGCCAGCA-4","T-cells"
"SYNTH-3-48-1","Capture_5'_AGTAGTCCAGGGTATG-2","Luminal A"
"SYNTH-3-48-1","Capture_5'_TTAGGCAAGTCGTTTG-3","Tumor"
"SYNTH-3-48-1","Capture_5'_GAAACTCAGGAGTTGC-4","T-cells"
"SYNTH-3-49-1","Capture_5'_CTCGGAGAGTGTCTCA-3","Tumor"
"SYNTH-3-49-1","Capture_5'_TACTTACCAAGTCATC-4","Dividing Tumor"
"SYNTH-3-49-1","Capture_5'_AAGGCAGAGAGACTAT-3","Dividing Tumor"
"SYNTH-3-49-1","Capture_5'_GACCAATAGTGAACGC-4","Tumor"
"SYNTH-3-49-1","Capture_5'_TCAGCAATCCTCTAGC-2","Tumor"
"SYNTH-3-49-1","Capture_5'_TGACTAGAGGTGTTAA-3","Tumor"
"SYNTH-3-49-1","Capture_3'_GTGGAAGAGACTCAAA-3","Tumor"
"SYNTH-3-49-1","Capture_5'_CCGGTAGCAGACACTT-1","Tumor"
"SYNTH-3-49-1","Capture_5'_TACTTACTCCTCGCAT-4","Tumor"
"SYNTH-3-49-1","Capture_5'_GAATAAGGTTTGACTG-1","Tumor"
"SYNTH-3-50-1","Capture_5'_AGTGTCAAGCGAAGGG-2","Luminal B"
"SYNTH-4-1-1","Capture_5'_TGGGAAGAGGGTGTGT-2","B-cells"
"SYNTH-4-1-1","Capture_3'_AACAAAGAGGACTGGT-3","T-cells"
"SYNTH-4-1-1","Capture_5'_TGTGGTATCCGATATG-4","Tumor"
"SYNTH-4-1-1","Capture_3'_GTACAGTCAGTTCCAA-1","T-cells"
"SYNTH-4-1-1","Capture_5'_ACTGCTCTCGCGATCG-2","Tumor"
"SYNTH-4-1-1","Capture_3'_CACCGTTGTTAGAGTA-1","Tumor"
"SYNTH-4-2-1","Capture_5'_ACGAGCCGTATAAACG-4","Tumor"
"SYNTH-4-2-1","Capture_3'_TGTGGCGAGCCTAACT-3","T-cells"
"SYNTH-4-2-1","Capture_3'_CTAGACAAGCTGGTGA-2","Dividing Tumor"
"SYNTH-4-2-1","Capture_5'_GTTCATTCAAGCGCTC-2","Tumor"
"SYNTH-4-2-1","Capture_5'_CAGAATCCAGGATTGG-4","Tumor"
"SYNTH-4-2-1","Capture_3'_GCTGGGTTCCTCTCGA-4","Tumor"
"SYNTH-4-2-1","Capture_3'_TCTTAGTCAGTCAGTT-2","Dividing Tumor"
"SYNTH-4-2-1","Capture_5'_TCTTCGGGTTCGTCTC-1","T-cells"
"SYNTH-4-2-1","Capture_3'_TCCTCTTTCCACGAAT-1","T-cells"
"SYNTH-4-2-1","Capture_5'_TACGGGCTCATGCAAC-3","T-cells"
"SYNTH-4-3-1","Capture_5'_GCATGTAAGGTAGCTG-3","Dividing Tumor"
"SYNTH-4-4-1","Capture_3'_AGCATCACAGCAGTAG-2","T-cells"
"SYNTH-4-4-1","Capture_3'_AGATGCTAGAGTGTTA-4","Tumor"
"SYNTH-4-4-1","Capture_5'_TAAGCGTGTAGGCTGA-4","Dividing Tumor"
"SYNTH-4-4-1","Capture_5'_AGACGTTGTTCAGGCC-2","Tumor"
"SYNTH-4-5-1","Capture_5'_CTCGAGGCAACTGCTA-1","Luminal A"
"SYNTH-4-6-1","Capture_5'_CTAGTGAAGTAGGTGC-2","T-cells"
"SYNTH-4-6-1","Capture_3'_ACACGCGGTATGGTAA-1","Tumor"
"SYNTH-4-6-1","Capture_5'_TGCTACCTCCTCTAGC-2","Tumor"
"SYNTH-4-6-1","Capture_5'_ACGGGCTTCTTCGAGA-3","Dividing Tumor"
"SYNTH-4-6-1","Capture_3'_CCTCTCCTCAAAGACA-3","T-cells"
"SYNTH-4-6-1","Capture_3'_TCACACCTCACCATAG-1","Tumor"
"SYNTH-4-6-1","Capture_5'_CACCACTTCTTGAGAC-2","Luminal A"
"SYNTH-4-6-1","Capture_5'_TACTTGTTCAAACCGT-2","Luminal A"
"SYNTH-4-7-1","Capture_3'_AGGAGGTCACGCGTCA-4","T-cells"
"SYNTH-4-7-1","Capture_3'_GTGAGTTCACTGAGGA-2","Tumor"
"SYNTH-4-7-1","Capture_5'_AGGTCATCAATGAATG-2","Dividing Tumor"
"SYNTH-4-7-1","Capture_5'_AGAGCGAGTTTGTTGG-3","Tumor"
"SYNTH-4-7-1","Capture_5'_CCTTCCCTCGCCCTTA-4","T-cells"
"SYNTH-4-7-1","Capture_5'_TGCACCTGTCACCTAA-3","T-cells"
"SYNTH-4-7-1","Capture_3'_CTGCTCAGTCGCATTA-4","Tumor"
"SYNTH-4-8-1","Capture_5'_CGATGTAGTCGGCACT-3","Tumor"
"SYNTH-4-8-1","Capture_3'_CCTCATGGTAACCAGG-3","Tumor"
"SYNTH-4-8-1","Capture_5'_TGTGTTTAGGTGCTTT-3","Dividing Tumor"
"SYNTH-4-8-1","Capture_5'_GTATCTTGTGAAAGAG-4","Endothelial Cells"
"SYNTH-4-8-1","Capture_5'_GACTACAAGCTCCCAG-3","Tumor"
"SYNTH-4-8-1","Capture_5'_GCGCAACCAGGTTTCA-2","Tumor"
"SYNTH-4-8-1","Capture_3'_AGGGTTTCAAGATGTA-3","T-cells"
"SYNTH-4-8-1","Capture_5'_AAAGTAGTCTGTCCGT-4","T-cells"
"SYNTH-4-8-1","Capture_3'_TCGTGCTGTCAGGAGT-3","Tumor"
"SYNTH-4-9-1","Capture_5'_AACACGTCAGCGAACA-1","Dividing Tumor"
"SYNTH-4-9-1","Capture_5'_ATCATGGAGTCGAGTG-4","Dividing Tumor"
"SYNTH-4-9-1","Capture_3'_CTCTCAGAGAAGTATC-1","Dividing Tumor"
"SYNTH-4-9-1","Capture_5'_CTAGAGTCAGCTTAAC-3","Dividing Tumor"
"SYNTH-4-9-1","Capture_5'_ACATCAGGTCGAGTTT-4","T-cells"
"SYNTH-4-10-1","Capture_5'_CTACATTGTCGCATAT-4","B-cells"
"SYNTH-4-10-1","Capture_5'_GATCAGTGTACTTCTT-3","Tumor"
"SYNTH-4-10-1","Capture_3'_GAAGAATAGTTGCGCC-1","Dividing Tumor"
"SYNTH-4-10-1","Capture_3'_ACTTTCAGTTCTCGTC-3","T-cells"
"SYNTH-4-10-1","Capture_5'_GACCTGGTCGACCAGC-2","Tumor"
"SYNTH-4-11-1","Capture_3'_GACGCTGCAGTTGTTG-2","Dividing Tumor"
"SYNTH-4-11-1","Capture_5'_CAGTCCTGTACATGTC-4","Tumor"
"SYNTH-4-11-1","Capture_3'_TCATTGTAGCAACCAG-4","Endothelial Cells"
"SYNTH-4-11-1","Capture_3'_CAGGTATGTAGTGTGG-1","TAMs"
"SYNTH-4-11-1","Capture_3'_GGAATCTTCTCCGAAA-1","Fibroblasts"
"SYNTH-4-11-1","Capture_3'_CTCCTTTCACACCGCA-2","Luminal A"
"SYNTH-4-12-1","Capture_5'_AAAGATGAGCGTGTCC-4","Tumor"
"SYNTH-4-12-1","Capture_5'_ACTGAACGTAAGGGCT-3","T-cells"
"SYNTH-4-12-1","Capture_3'_ATACTTCAGAGTCGAC-2","Tumor"
"SYNTH-4-13-1","Capture_3'_GAGAAATCAGATTCGT-4","Dividing Tumor"
"SYNTH-4-13-1","Capture_5'_GGATTACAGAGAGCTC-2","Endothelial Cells"
"SYNTH-4-13-1","Capture_5'_TGGTTCCTCTTCAACT-3","Luminal A"
"SYNTH-4-14-1","Capture_3'_TCTCACGTCAGGAAAT-3","T-cells"
"SYNTH-4-14-1","Capture_3'_TGCAGTACATCTGGGC-4","Endothelial Cells"
"SYNTH-4-14-1","Capture_5'_AAGGTTCCAGCTGGCT-4","Tumor"
"SYNTH-4-15-1","Capture_5'_TTTATGCTCTCACATT-4","Luminal A"
"SYNTH-4-16-1","Capture_3'_AAATGGAGTACTAACC-3","T-cells"
"SYNTH-4-16-1","Capture_5'_GACGGCTTCAAACAAG-4","Tumor"
"SYNTH-4-17-1","Capture_5'_TGGGCGTAGGACAGCT-2","Tumor"
"SYNTH-4-17-1","Capture_5'_GGAATAATCCTGCTTG-2","Tumor"
"SYNTH-4-17-1","Capture_5'_CTACACCTCGGCGCAT-3","Luminal A"
"SYNTH-4-17-1","Capture_3'_TTCTTGAGTCACCCTT-3","Tumor"
"SYNTH-4-17-1","Capture_5'_GCGCGATGTGAGTATA-2","Dividing Tumor"
"SYNTH-4-17-1","Capture_5'_GGAAAGCAGGCATGGT-2","Dividing Tumor"
"SYNTH-4-17-1","Capture_3'_CTGTATTGTTGGTGTT-4","Dividing Tumor"
"SYNTH-4-17-1","Capture_5'_GTTCATTCACCGGAAA-2","T-cells"
"SYNTH-4-17-1","Capture_5'_TCAGGATGTCTTGTCC-3","Dividing Tumor"
"SYNTH-4-18-1","Capture_3'_TCGGGACAGACGCCAA-2","T-cells"
"SYNTH-4-18-1","Capture_3'_CTCGAGGCAGCAGAAC-4","Dividing Tumor"
"SYNTH-4-18-1","Capture_5'_AGTAGTCGTTCGCGAC-3","Endothelial Cells"
"SYNTH-4-18-1","Capture_5'_TGAGAGGCAAACGCGA-3","Tumor"
"SYNTH-4-18-1","Capture_5'_GTCCTCACACCACGTG-1","Tumor"
"SYNTH-4-18-1","Capture_5'_GGCCGATCATGGGACA-4","B-cells"
"SYNTH-4-18-1","Capture_3'_CTTTCAAGTGCACGCT-3","T-cells"
"SYNTH-4-19-1","Capture_5'_TGAGCCGGTCCAGTAT-1","Dividing Tumor"
"SYNTH-4-19-1","Capture_5'_GACACGCAGGCTACGA-4","Dividing Tumor"
"SYNTH-4-19-1","Capture_5'_CACACAAAGGTCGGAT-4","T-cells"
"SYNTH-4-19-1","Capture_3'_CAAGAGGAGAATCTAG-3","Tumor"
"SYNTH-4-19-1","Capture_3'_AATCGACCATGTAACC-4","T-cells"
"SYNTH-4-19-1","Capture_3'_CCACACTCAGAACTAA-3","Dividing Tumor"
"SYNTH-4-20-1","Capture_3'_AATCGTGGTCGCAGTC-1","Tumor"
"SYNTH-4-20-1","Capture_3'_GTTGCTCAGAGATTCA-2","Tumor"
"SYNTH-4-20-1","Capture_3'_AGACACTGTGTTCCTC-1","Tumor"
"SYNTH-4-21-1","Capture_3'_GACGCTGCAACCAACT-2","Dividing Tumor"
"SYNTH-4-21-1","Capture_3'_TGTAACGCACGACTAT-1","Fibroblasts"
"SYNTH-4-21-1","Capture_5'_AACTCAGGTACCGTAT-3","Tumor"
"SYNTH-4-21-1","Capture_3'_TACTTACAGAAACACT-1","Tumor"
"SYNTH-4-21-1","Capture_5'_TGTGTTTAGAACTGTA-4","Tumor"
"SYNTH-4-21-1","Capture_5'_TCGTAGACATCCTTGC-1","Dividing Tumor"
"SYNTH-4-22-1","Capture_5'_TAGTTGGCAGCCTGTG-1","Tumor"
"SYNTH-4-23-1","Capture_5'_CTACATTCATGCCTAA-2","Tumor"
"SYNTH-4-24-1","Capture_5'_GCTTGAAGTGCCTTGG-2","Tumor"
"SYNTH-4-24-1","Capture_5'_CAAGTTGGTTTGGCGC-3","Tumor"
"SYNTH-4-24-1","Capture_3'_TCATGCCAGCACCTGC-1","Tumor"
"SYNTH-4-24-1","Capture_5'_TGCGCAGTCAGTTTGG-3","Dividing Tumor"
"SYNTH-4-25-1","Capture_3'_GGGACTCCAATGAAAC-3","Dividing Tumor"
"SYNTH-4-26-1","Capture_5'_TGATTTCGTAGAGGAA-3","Tumor"
"SYNTH-4-27-1","Capture_3'_CATTCCGCATGACTGT-1","T-cells"
"SYNTH-4-27-1","Capture_5'_AAAGATGCAAGCGATG-1","Tumor"
"SYNTH-4-27-1","Capture_3'_CAGTTAGAGTTTGAGA-4","Dividing Tumor"
"SYNTH-4-27-1","Capture_5'_TCACAAGGTAAGTTCC-3","Tumor"
"SYNTH-4-27-1","Capture_5'_GCGCCAACATTGTGCA-1","Dividing Tumor"
"SYNTH-4-28-1","Capture_3'_CCACCATTCAGCACCG-2","Tumor"
"SYNTH-4-28-1","Capture_5'_CGCGGTAAGAGCTGGT-3","Tumor"
"SYNTH-4-28-1","Capture_5'_GATCGTACATAGACTC-2","Dividing Tumor"
"SYNTH-4-29-1","Capture_5'_CAGCATAGTCGGCATC-4","Tumor"
"SYNTH-4-29-1","Capture_5'_TCAGGTAAGAGAACAG-4","Tumor"
"SYNTH-4-29-1","Capture_5'_TACCTATTCTTGTTTG-4","Myoepithelial Cells"
"SYNTH-4-30-1","Capture_5'_TGTATTCTCGAATCCA-4","Dividing Tumor"
"SYNTH-4-31-1","Capture_5'_CCTCAGTGTGTCGCTG-2","Tumor"
"SYNTH-4-31-1","Capture_3'_GAGGCCTTCGACATTG-3","Dividing Tumor"
"SYNTH-4-31-1","Capture_5'_CTGATCCCAGTTTACG-3","Tumor"
"SYNTH-4-32-1","Capture_5'_AACGTTGTCCTTGGTC-4","Luminal A"
"SYNTH-4-32-1","Capture_5'_CTCCTAGAGCAATATG-2","Dividing Tumor"
"SYNTH-4-32-1","Capture_5'_AACTGGTCATCGACGC-4","B-cells"
"SYNTH-4-32-1","Capture_3'_TGTCCACCAGAAGCGT-3","T-cells"
"SYNTH-4-32-1","Capture_3'_GTGCAGCCATTCACAG-2","Tumor"
"SYNTH-4-32-1","Capture_5'_AGTGGGACATCTCGCT-4","Tumor"
"SYNTH-4-32-1","Capture_5'_ATGCGATTCGTACGGC-1","T-cells"
"SYNTH-4-33-1","Capture_5'_GGTATTGTCGGCCGAT-1","Tumor"
"SYNTH-4-33-1","Capture_5'_TGTTCCGGTGCAACTT-3","Dividing Tumor"
"SYNTH-4-33-1","Capture_5'_CACACCTTCATAGCAC-4","T-cells"
"SYNTH-4-33-1","Capture_5'_TCTGGAATCGACCAGC-2","Luminal A"
"SYNTH-4-33-1","Capture_5'_TTGCGTCTCTCGATGA-4","Endothelial Cells"
"SYNTH-4-34-1","Capture_5'_ATCACGAAGTGTTTGC-4","Tumor"
"SYNTH-4-34-1","Capture_5'_CTACCCAAGTGATCGG-1","T-cells"
"SYNTH-4-34-1","Capture_3'_CCTTCAGAGGAACGTC-4","Tumor"
"SYNTH-4-34-1","Capture_3'_CCTCCTCGTCACGACC-4","Tumor"
"SYNTH-4-34-1","Capture_5'_CCTAGCTGTCGCCATG-4","Tumor"
"SYNTH-4-34-1","Capture_5'_CGAGCCATCTCTTATG-4","Luminal A"
"SYNTH-4-34-1","Capture_5'_GTTCATTTCATCGCTC-3","Tumor"
"SYNTH-4-35-1","Capture_5'_TGTGGTACATACCATG-4","Dividing Tumor"
"SYNTH-4-35-1","Capture_3'_CTTCTAATCCTCACGT-4","Dividing Tumor"
"SYNTH-4-35-1","Capture_3'_CACAACATCAGCACCG-2","Tumor"
"SYNTH-4-35-1","Capture_5'_TGTCCCATCTTTACAC-4","Dividing Tumor"
"SYNTH-4-35-1","Capture_5'_AACTTTCCAATGTAAG-4","Dividing Tumor"
"SYNTH-4-35-1","Capture_5'_AGATCTGTCGAGAGCA-3","Tumor"
"SYNTH-4-36-1","Capture_5'_GTGCAGCTCACAAACC-1","Tumor"
"SYNTH-4-36-1","Capture_3'_AAACGCTAGTCAGAGC-3","Dividing Tumor"
"SYNTH-4-36-1","Capture_5'_GACAGAGGTCTTCGTC-2","T-cells"
"SYNTH-4-36-1","Capture_3'_CAAGAGGAGCCTCGTG-3","Endothelial Cells"
"SYNTH-4-36-1","Capture_5'_GACCTGGTCGCAGGCT-3","Endothelial Cells"
"SYNTH-4-37-1","Capture_5'_CTAGTGATCAACGCTA-4","TAMs"
"SYNTH-4-37-1","Capture_5'_GACAGAGGTCTTCGTC-2","T-cells"
"SYNTH-4-37-1","Capture_5'_GGTGCGTTCTAGCACA-4","Luminal A"
"SYNTH-4-37-1","Capture_5'_AACTCAGCAATGGAAT-2","T-cells"
"SYNTH-4-37-1","Capture_5'_GGGAATGGTGGTAACG-3","Tumor"
"SYNTH-4-37-1","Capture_5'_GGACAAGTCTGGAGCC-3","T-cells"
"SYNTH-4-37-1","Capture_5'_CCATGTCCAGTTTACG-4","Dividing Tumor"
"SYNTH-4-37-1","Capture_5'_TGCTACCCAACTGCTA-3","Tumor"
"SYNTH-4-37-1","Capture_3'_TCACTATCATTGCCGG-3","Tumor"
"SYNTH-4-37-1","Capture_5'_CAGCATATCGCATGGC-1","Plasma Cells"
"SYNTH-4-38-1","Capture_3'_CCTCCTCAGTGGGAAA-2","Myoepithelial Cells"
"SYNTH-4-38-1","Capture_5'_TACTTGTCACCAGGCT-3","Tumor"
"SYNTH-4-38-1","Capture_5'_GGCTGGTAGCAGCGTA-4","Fibroblasts"
"SYNTH-4-39-1","Capture_5'_CTGATAGTCCAGGGCT-1","Tumor"
"SYNTH-4-39-1","Capture_3'_GCAGTTATCGTGCACG-2","Fibroblasts"
"SYNTH-4-39-1","Capture_3'_TGCTCCAGTGACACAG-1","Tumor"
"SYNTH-4-39-1","Capture_3'_TCGGGACCAGGACTAG-4","T-cells"
"SYNTH-4-39-1","Capture_5'_CCTCTGACAGGTCCAC-4","Tumor"
"SYNTH-4-39-1","Capture_5'_TTAGGACCACAGATTC-2","Tumor"
"SYNTH-4-40-1","Capture_5'_GAGGTGATCCGATATG-2","Dividing Tumor"
"SYNTH-4-41-1","Capture_5'_GCTCTGTCATCGATTG-1","Tumor"
"SYNTH-4-42-1","Capture_5'_GATCAGTAGAATCTCC-4","Tumor"
"SYNTH-4-42-1","Capture_5'_TGGCTGGCAGACGCTC-2","Dividing Tumor"
"SYNTH-4-43-1","Capture_3'_GCCAGGTGTTCCATTT-1","Dividing Tumor"
"SYNTH-4-43-1","Capture_5'_GAGTCCGCACCCATTC-1","Tumor"
"SYNTH-4-43-1","Capture_5'_ACGGAGAAGGTACTCT-3","Tumor"
"SYNTH-4-43-1","Capture_5'_CCATTCGAGAATGTGT-2","Tumor"
"SYNTH-4-43-1","Capture_3'_AGGCTGCGTTGGGACA-2","Tumor"
"SYNTH-4-43-1","Capture_5'_CGGTTAACATGAAGTA-3","Endothelial Cells"
"SYNTH-4-43-1","Capture_5'_TTCGAAGAGAGGTTAT-2","Dividing Tumor"
"SYNTH-4-43-1","Capture_5'_GCTGGGTTCGCAAGCC-4","Tumor"
"SYNTH-4-44-1","Capture_3'_CGGGTCAAGCCAAGTG-2","Tumor"
"SYNTH-4-44-1","Capture_5'_ACGATGTCAGGCGATA-4","Tumor"
"SYNTH-4-44-1","Capture_5'_ATCTGCCAGGTCGGAT-3","T-cells"
"SYNTH-4-44-1","Capture_3'_GTGAGGACACGCGTCA-4","Tumor"
"SYNTH-4-45-1","Capture_5'_CTAATGGCACTAGTAC-1","Dividing Tumor"
"SYNTH-4-45-1","Capture_5'_TACCTATAGAAACCAT-4","T-cells"
"SYNTH-4-45-1","Capture_5'_CTAAGACGTATAGGTA-2","Luminal A"
"SYNTH-4-45-1","Capture_3'_TACCCACCATCTTTCA-2","Tumor"
"SYNTH-4-45-1","Capture_5'_CTGTTTATCCTAGTGA-4","Dividing Tumor"
"SYNTH-4-46-1","Capture_5'_TGTATTCTCGTCACGG-4","Dividing Tumor"
"SYNTH-4-46-1","Capture_3'_TCCTCCCGTGCATGAG-3","T-cells"
"SYNTH-4-46-1","Capture_3'_CTTCTAAAGTTGCGCC-3","Tumor"
"SYNTH-4-46-1","Capture_5'_ACTGAGTTCAACTCTT-3","Luminal A"
"SYNTH-4-47-1","Capture_5'_GATGAGGGTCCTAGCG-3","Dividing Tumor"
"SYNTH-4-48-1","Capture_5'_CAAGGCCAGCAGGTCA-4","Fibroblasts"
"SYNTH-4-48-1","Capture_5'_ACTGATGTCACATACG-3","Tumor"
"SYNTH-4-48-1","Capture_5'_GCGAGAACAAGGACTG-3","Dividing Tumor"
"SYNTH-4-48-1","Capture_5'_ATCCACCAGCATCATC-1","Tumor"
"SYNTH-4-48-1","Capture_5'_AGAGCTTAGTGTTTGC-2","T-cells"
"SYNTH-4-48-1","Capture_3'_ATCCTATAGTGCACCC-4","Tumor"
"SYNTH-4-49-1","Capture_5'_GAGCAGACATGCAACT-2","T-cells"
"SYNTH-4-49-1","Capture_5'_CTACCCAGTAGGGTAC-4","Dividing Tumor"
"SYNTH-4-49-1","Capture_3'_GTCTAGAGTGAGACGT-2","Tumor"
"SYNTH-4-49-1","Capture_5'_CGGCTAGTCCTTTCGG-3","T-cells"
"SYNTH-4-49-1","Capture_5'_GACGCGTCACTGCCAG-3","T-cells"
"SYNTH-4-50-1","Capture_3'_CCACGAGAGAATCGCG-3","Tumor"
"SYNTH-5-1-1","Capture_3'_GTAACCACACTTCAAG-1","T-cells"
"SYNTH-5-1-1","Capture_5'_GAACATCAGAACAACT-2","Dividing Tumor"
"SYNTH-5-2-1","Capture_5'_ACCGTAAGTGCTTCTC-3","Dividing Tumor"
"SYNTH-5-2-1","Capture_5'_TGGCTGGTCCAGGGCT-4","Dividing Tumor"
"SYNTH-5-3-1","Capture_5'_CATCAAGTCCCTAACC-2","Tumor"
"SYNTH-5-3-1","Capture_5'_AACACGTCAAATCCGT-2","Dividing Tumor"
"SYNTH-5-3-1","Capture_5'_CAAGAAACAAGCCGCT-4","Tumor"
"SYNTH-5-3-1","Capture_5'_GATCTAGGTCTGATTG-3","Tumor"
"SYNTH-5-3-1","Capture_3'_AAACGAACAACACGTT-2","Tumor"
"SYNTH-5-3-1","Capture_5'_ACTGATGGTCTCTCTG-3","Dividing Tumor"
"SYNTH-5-4-1","Capture_5'_CGAGCACGTGTCAATC-1","Dividing Tumor"
"SYNTH-5-4-1","Capture_5'_TACCTTAGTCAAACTC-3","Tumor"
"SYNTH-5-4-1","Capture_5'_CCTACCAAGACGACGT-3","Dividing Tumor"
"SYNTH-5-4-1","Capture_5'_ACCGTAAGTGGGTATG-2","T-cells"
"SYNTH-5-4-1","Capture_5'_TATCTCAGTATCGCAT-3","Tumor"
"SYNTH-5-4-1","Capture_3'_GCTTCACTCAGCCCAG-3","Dividing Tumor"
"SYNTH-5-4-1","Capture_5'_CACACCTCAGGGTTAG-2","Dividing Tumor"
"SYNTH-5-4-1","Capture_3'_TTTGATCCATGACGTT-3","Dividing Tumor"
"SYNTH-5-4-1","Capture_3'_TCTCCGAAGGTTGACG-1","Tumor"
"SYNTH-5-5-1","Capture_5'_ATTGGTGTCTCGGACG-2","Tumor"
"SYNTH-5-6-1","Capture_5'_CTCTGGTTCCGCTGTT-1","T-cells"
"SYNTH-5-6-1","Capture_5'_TTCGAAGAGAGGTTAT-2","Dividing Tumor"
"SYNTH-5-6-1","Capture_5'_AGGCCACCATTTCAGG-3","Tumor"
"SYNTH-5-6-1","Capture_5'_GGAACTTCATGACATC-1","Tumor"
"SYNTH-5-6-1","Capture_5'_CCTAGCTTCGCAGGCT-3","Tumor"
"SYNTH-5-6-1","Capture_3'_CGGGTGTCACGTACTA-3","Dividing Tumor"
"SYNTH-5-6-1","Capture_3'_TCACTATTCGACCAAT-2","T-cells"
"SYNTH-5-6-1","Capture_3'_TGTTCCGTCACCGGGT-1","Tumor"
"SYNTH-5-6-1","Capture_5'_GGCGTGTGTGTTTGGT-2","Tumor"
"SYNTH-5-7-1","Capture_3'_TACACCCTCAGTCAGT-4","T-cells"
"SYNTH-5-7-1","Capture_3'_AGCATCATCTCTCGAC-3","Dividing Tumor"
"SYNTH-5-7-1","Capture_5'_ATTATCCTCTGTCCGT-3","Tumor"
"SYNTH-5-8-1","Capture_5'_CCCAGTTGTAATCGTC-1","T-cells"
"SYNTH-5-9-1","Capture_5'_ACGAGCCGTCAGAGGT-3","Tumor"
"SYNTH-5-9-1","Capture_5'_CGCTGGAAGGACATTA-3","Tumor"
"SYNTH-5-9-1","Capture_5'_GGGTTGCGTGGCCCTA-4","Dividing Tumor"
"SYNTH-5-9-1","Capture_5'_AACGTTGGTTAGAACA-4","Tumor"
"SYNTH-5-9-1","Capture_5'_TAGACCACACCTATCC-2","T-cells"
"SYNTH-5-9-1","Capture_5'_AAGCCGCCAAATTGCC-4","Tumor"
"SYNTH-5-10-1","Capture_5'_AGAATAGGTCCATGAT-4","Dividing Tumor"
"SYNTH-5-10-1","Capture_3'_GATCGTAGTGACTGAG-4","Tumor"
"SYNTH-5-10-1","Capture_5'_TACGGGCTCAACTCTT-4","Tumor"
"SYNTH-5-10-1","Capture_3'_GGCACGTAGGCACTCC-1","TAMs"
"SYNTH-5-10-1","Capture_5'_CGGACGTTCCAGTAGT-4","Dividing Tumor"
"SYNTH-5-11-1","Capture_5'_GAGCAGAGTCAGCTAT-4","T-cells"
"SYNTH-5-11-1","Capture_5'_TCAGCTCAGCCACGCT-1","T-cells"
"SYNTH-5-11-1","Capture_5'_CGTGAGCCACAGGCCT-3","Dividing Tumor"
"SYNTH-5-12-1","Capture_5'_CCTTCCCAGTGGACGT-4","Dividing Tumor"
"SYNTH-5-13-1","Capture_5'_CATCAAGTCTAACGGT-4","Fibroblasts"
"SYNTH-5-13-1","Capture_3'_TAATTCCTCCACTTCG-1","Plasma Cells"
"SYNTH-5-13-1","Capture_5'_GGAATAAAGCCATCGC-4","Endothelial Cells"
"SYNTH-5-13-1","Capture_3'_CCTAACCTCATGCCGG-3","Tumor"
"SYNTH-5-13-1","Capture_3'_GTTAGTGTCTGATTCT-3","Fibroblasts"
"SYNTH-5-13-1","Capture_3'_TGGTACAGTTACCCTC-3","Tumor"
"SYNTH-5-13-1","Capture_3'_TGGAACTCAGAGTCAG-3","Tumor"
"SYNTH-5-13-1","Capture_3'_GTCATGATCTGCGATA-3","Dividing Tumor"
"SYNTH-5-13-1","Capture_5'_GCTGCGAGTGAGGGTT-4","Dividing Tumor"
"SYNTH-5-13-1","Capture_5'_TTGACTTAGTCGATAA-4","Tumor"
"SYNTH-5-14-1","Capture_5'_GCTGGGTAGCACCGTC-1","Dividing Tumor"
"SYNTH-5-14-1","Capture_3'_GTTGCGGGTCTACAGT-4","Tumor"
"SYNTH-5-14-1","Capture_3'_CATCGGGAGATTCGAA-1","Tumor"
"SYNTH-5-14-1","Capture_5'_GTGCAGCGTAAGAGAG-1","TAMs"
"SYNTH-5-14-1","Capture_5'_TTAGGCAGTAAGGATT-3","T-cells"
"SYNTH-5-14-1","Capture_3'_TTCAGGACACGGTGAA-4","T-cells"
"SYNTH-5-15-1","Capture_3'_CGTTCTGGTATGGGAC-2","Dividing Tumor"
"SYNTH-5-15-1","Capture_3'_CCGTGAGTCCCGGTAG-4","Tumor"
"SYNTH-5-15-1","Capture_5'_AGTCTTTGTTCAGCGC-4","Dividing Tumor"
"SYNTH-5-15-1","Capture_5'_TCAGATGTCAACGAAA-4","Dividing Tumor"
"SYNTH-5-15-1","Capture_3'_TTGTTGTCAAGACCTT-4","T-cells"
"SYNTH-5-16-1","Capture_3'_GCATCGGCAACGCCCA-4","Tumor"
"SYNTH-5-16-1","Capture_5'_TCAATCTAGCGGATCA-4","Tumor"
"SYNTH-5-16-1","Capture_3'_ACCAAACAGAGTCAAT-3","Tumor"
"SYNTH-5-16-1","Capture_3'_GCACATAAGGTCGTGA-4","TAMs"
"SYNTH-5-17-1","Capture_3'_TGCCGAGAGTAACCGG-2","Tumor"
"SYNTH-5-17-1","Capture_5'_TTAGGACAGATACACA-2","Dividing Tumor"
"SYNTH-5-17-1","Capture_5'_AAGCCGCGTACCGCTG-4","T-cells"
"SYNTH-5-17-1","Capture_3'_CATGAGTCAATCCAGT-3","Luminal A"
"SYNTH-5-18-1","Capture_5'_AAACGGGAGGTTACCT-3","Dividing Tumor"
"SYNTH-5-18-1","Capture_5'_TCAATCTGTAGGGACT-3","Fibroblasts"
"SYNTH-5-18-1","Capture_3'_AGTGCCGCATAGTCGT-1","Endothelial Cells"
"SYNTH-5-18-1","Capture_5'_CACAGTAGTCAAAGAT-3","Fibroblasts"
"SYNTH-5-18-1","Capture_3'_AGGTCATTCTGTGCAA-4","Tumor"
"SYNTH-5-18-1","Capture_5'_CGGTTAAGTTACGACT-2","Dividing Tumor"
"SYNTH-5-18-1","Capture_5'_AGTTGGTAGCCGGTAA-3","Luminal A"
"SYNTH-5-18-1","Capture_3'_CATTGAGGTCAAGGCA-1","T-cells"
"SYNTH-5-18-1","Capture_3'_TCGAACAAGATAGCTA-4","Tumor"
"SYNTH-5-19-1","Capture_5'_AACTCTTTCGAGAACG-1","Tumor"
"SYNTH-5-19-1","Capture_5'_AAAGTAGTCTGTCCGT-4","T-cells"
"SYNTH-5-19-1","Capture_5'_TCCACACTCATGCTCC-4","Endothelial Cells"
"SYNTH-5-19-1","Capture_5'_TGTGTTTGTTGTCGCG-1","Dividing Tumor"
"SYNTH-5-19-1","Capture_5'_GAGTCCGCAATGGAGC-4","Dividing Tumor"
"SYNTH-5-19-1","Capture_5'_GGACATTTCGGCGCAT-2","Endothelial Cells"
"SYNTH-5-19-1","Capture_5'_GCGCCAAAGTTGAGTA-2","Tumor"
"SYNTH-5-20-1","Capture_5'_CTCACACGTGTCAATC-3","TAMs"
"SYNTH-5-20-1","Capture_5'_CCTTCCCTCGTGGGAA-1","T-cells"
"SYNTH-5-20-1","Capture_5'_GGGCATCAGCAATCTC-3","Luminal A"
"SYNTH-5-20-1","Capture_3'_ATGGAGGTCGAGAACG-4","Dividing Tumor"
"SYNTH-5-20-1","Capture_3'_TCATCATAGCACACAG-3","Tumor"
"SYNTH-5-20-1","Capture_3'_AGATGCTAGAGCTTTC-4","Tumor"
"SYNTH-5-20-1","Capture_3'_ATCTTCACAACTCCCT-3","T-cells"
"SYNTH-5-21-1","Capture_5'_AACACGTTCGTCTGCT-2","T-cells"
"SYNTH-5-21-1","Capture_3'_ATCAGGTTCGTGCACG-2","Dividing Tumor"
"SYNTH-5-21-1","Capture_5'_AAACGGGCAATGACCT-1","Tumor"
"SYNTH-5-21-1","Capture_3'_GTTGAACTCACGGTCG-2","Tumor"
"SYNTH-5-21-1","Capture_3'_GTGCTTCGTTGTTGTG-2","TAMs"
"SYNTH-5-21-1","Capture_5'_AGGTCCGAGATGAGAG-1","Tumor"
"SYNTH-5-22-1","Capture_3'_GACCCAGCAGTATACC-3","Tumor"
"SYNTH-5-22-1","Capture_3'_AACACACTCCAACCGG-4","Tumor"
"SYNTH-5-22-1","Capture_5'_AATCGGTGTTCGGCAC-3","Tumor"
"SYNTH-5-23-1","Capture_5'_CTGCGGAAGTGCAAGC-2","T-cells"
"SYNTH-5-23-1","Capture_5'_TCTATTGTCATAACCG-1","Dividing Tumor"
"SYNTH-5-23-1","Capture_5'_AGACGTTCACGAGGTA-2","T-cells"
"SYNTH-5-24-1","Capture_3'_TACAACGAGGCAGGGA-3","Dividing Tumor"
"SYNTH-5-24-1","Capture_5'_GGAACTTAGACTTGAA-4","Tumor"
"SYNTH-5-24-1","Capture_5'_CAGTCCTGTGTCGCTG-2","Tumor"
"SYNTH-5-24-1","Capture_5'_TATCTCATCTCTGTCG-4","Tumor"
"SYNTH-5-25-1","Capture_5'_GGGAATGGTTTGGCGC-4","Tumor"
"SYNTH-5-25-1","Capture_5'_CTTAGGAGTTCAGTAC-4","Dividing Tumor"
"SYNTH-5-25-1","Capture_3'_CTACCCATCACTACGA-4","Dividing Tumor"
"SYNTH-5-25-1","Capture_5'_ATTGGACCACAGACTT-3","Tumor"
"SYNTH-5-26-1","Capture_3'_GCCATGGAGGAGTACC-2","T-cells"
"SYNTH-5-26-1","Capture_3'_GGGATCCGTTACCCTC-3","Tumor"
"SYNTH-5-27-1","Capture_5'_GATGAGGGTATCAGTC-3","Luminal A"
"SYNTH-5-27-1","Capture_5'_TGTCCCAGTCTTGTCC-3","Tumor"
"SYNTH-5-27-1","Capture_3'_TGTGTGAAGCGGGTTA-4","Dividing Tumor"
"SYNTH-5-27-1","Capture_5'_TACCTATGTAAATGTG-4","Luminal A"
"SYNTH-5-27-1","Capture_3'_TCTGCCATCGGTTGTA-2","T-cells"
"SYNTH-5-27-1","Capture_5'_TAAGCGTCACAAGTAA-3","Dividing Tumor"
"SYNTH-5-27-1","Capture_5'_GACCTGGAGACACTAA-2","Tumor"
"SYNTH-5-27-1","Capture_5'_TAGACCAGTTCAGACT-2","Dividing Tumor"
"SYNTH-5-28-1","Capture_5'_CCACCTATCACGAAGG-2","Dividing Tumor"
"SYNTH-5-28-1","Capture_5'_ACGGGCTAGATGGGTC-1","Tumor"
"SYNTH-5-28-1","Capture_5'_GCCAAATTCGGAATCT-4","T-cells"
"SYNTH-5-28-1","Capture_5'_GTACTTTGTGACCAAG-2","Tumor"
"SYNTH-5-29-1","Capture_5'_TCTTTCCTCCAAATGC-3","Tumor"
"SYNTH-5-29-1","Capture_5'_CATGACAAGTGTTTGC-3","Dividing Tumor"
"SYNTH-5-29-1","Capture_5'_AGACGTTCACCACCAG-2","Dividing Tumor"
"SYNTH-5-29-1","Capture_3'_GCCAACGCATAATGCC-2","T-cells"
"SYNTH-5-29-1","Capture_3'_TGTTCCGTCTCACTCG-2","Dividing Tumor"
"SYNTH-5-30-1","Capture_5'_CCTAGCTCAACCGCCA-3","Tumor"
"SYNTH-5-31-1","Capture_5'_GGTGTTAGTCTTGATG-2","Endothelial Cells"
"SYNTH-5-31-1","Capture_5'_AAGCCGCCATCGATTG-2","Tumor"
"SYNTH-5-31-1","Capture_3'_ACACGCGAGTTCCTGA-3","Tumor"
"SYNTH-5-31-1","Capture_5'_CCTTCGATCCATGAAC-2","Dividing Tumor"
"SYNTH-5-31-1","Capture_5'_TGTTCCGGTGTAACGG-2","Tumor"
"SYNTH-5-31-1","Capture_5'_AGCAGCCAGAGTAAGG-1","Tumor"
"SYNTH-5-31-1","Capture_3'_GCGAGAAAGTGCTAGG-4","Tumor"
"SYNTH-5-31-1","Capture_5'_CGACTTCCAGGTCGTC-1","Tumor"
"SYNTH-5-31-1","Capture_3'_ACCTACCCAGAGTGTG-3","Tumor"
"SYNTH-5-32-1","Capture_3'_TGTGATGAGAAATCCA-4","Tumor"
"SYNTH-5-32-1","Capture_5'_GATCGCGCACAAGCCC-3","Luminal A"
"SYNTH-5-32-1","Capture_5'_GCCTCTAGTTCCAACA-3","T-cells"
"SYNTH-5-32-1","Capture_3'_GCTGCAGAGAATAGTC-3","Tumor"
"SYNTH-5-32-1","Capture_5'_TTTGCGCTCAAAGTAG-2","Tumor"
"SYNTH-5-33-1","Capture_5'_CTACACCTCGGCGCAT-3","Luminal A"
"SYNTH-5-33-1","Capture_5'_CCTAGCTGTTATTCTC-3","Tumor"
"SYNTH-5-33-1","Capture_3'_GACGTTAGTCTGCCTT-2","Dividing Tumor"
"SYNTH-5-33-1","Capture_5'_TTCTCAACAGTCTTCC-1","Tumor"
"SYNTH-5-33-1","Capture_3'_GTCCTCATCCCTGTTG-2","T-cells"
"SYNTH-5-34-1","Capture_5'_AGCGGTCGTCTCTTAT-4","T-cells"
"SYNTH-5-34-1","Capture_5'_GGCGACTAGTACTTGC-4","Tumor"
"SYNTH-5-34-1","Capture_3'_GTCGCGAGTAGATTAG-2","Tumor"
"SYNTH-5-34-1","Capture_3'_GGTAATCTCCCTCTAG-2","T-cells"
"SYNTH-5-35-1","Capture_5'_TGACTTTGTAGCTAAA-3","Tumor"
"SYNTH-5-35-1","Capture_5'_TTAGGACCAGTATGCT-3","Tumor"
"SYNTH-5-35-1","Capture_5'_TCTCATAGTGTCAATC-4","Dividing Tumor"
"SYNTH-5-35-1","Capture_5'_TTCCCAGCAGGGATTG-2","Luminal A"
"SYNTH-5-35-1","Capture_5'_TGGTTAGCAGCGAACA-2","Dividing Tumor"
"SYNTH-5-35-1","Capture_5'_GTTCTCGAGTAGCCGA-1","Tumor"
"SYNTH-5-36-1","Capture_5'_CGGAGCTGTCTCTCTG-3","T-cells"
"SYNTH-5-36-1","Capture_3'_AACCTGAGTGATTCTG-4","Dividing Tumor"
"SYNTH-5-36-1","Capture_5'_TGTCCCACATGGTAGG-2","Tumor"
"SYNTH-5-37-1","Capture_5'_GCATGATTCTCGCTTG-3","Dividing Tumor"
"SYNTH-5-37-1","Capture_5'_GGGTCTGAGCAACGGT-2","Dividing Tumor"
"SYNTH-5-37-1","Capture_3'_GGGTCACCATGTGCCG-3","Dividing Tumor"
"SYNTH-5-37-1","Capture_5'_TTGACTTGTTCCCGAG-4","Tumor"
"SYNTH-5-37-1","Capture_3'_GACTATGGTAATGCGG-2","Dividing Tumor"
"SYNTH-5-37-1","Capture_5'_CTCGGGATCCCAAGTA-2","Tumor"
"SYNTH-5-37-1","Capture_5'_GCAATCAAGCTCCCAG-4","T-cells"
"SYNTH-5-37-1","Capture_3'_AAATGGATCCCAGTGG-3","T-cells"
"SYNTH-5-37-1","Capture_3'_GGTAGAGGTAGATTAG-2","Fibroblasts"
"SYNTH-5-38-1","Capture_3'_CAGATACGTAGGAGGG-4","Tumor"
"SYNTH-5-38-1","Capture_5'_CCTTCCCGTCGCGTGT-4","Tumor"
"SYNTH-5-38-1","Capture_3'_AGCGATTCATATGAAG-4","Dividing Tumor"
"SYNTH-5-38-1","Capture_3'_CGGGCATGTCCAGCGT-4","T-cells"
"SYNTH-5-38-1","Capture_3'_AGATCCAAGTCAATCC-3","Tumor"
"SYNTH-5-38-1","Capture_3'_GAACACTGTCTGATCA-3","Tumor"
"SYNTH-5-39-1","Capture_5'_GTGGGTCTCGATGAGG-4","TAMs"
"SYNTH-5-39-1","Capture_3'_TACCTGCAGACAGTCG-2","T-cells"
"SYNTH-5-39-1","Capture_3'_GGCGTCACAACTGCCG-3","Luminal B"
"SYNTH-5-39-1","Capture_5'_GGCTGGTAGCTGTCTA-3","Dividing Tumor"
"SYNTH-5-39-1","Capture_5'_ATTACTCGTTTGACTG-2","Dividing Tumor"
"SYNTH-5-40-1","Capture_5'_CGGAGTCCATAAGACA-2","Tumor"
"SYNTH-5-40-1","Capture_3'_AGAGCAGAGTGCAACG-1","B-cells"
"SYNTH-5-40-1","Capture_3'_AGCCAATTCTAACGGT-4","Tumor"
"SYNTH-5-41-1","Capture_5'_CATCGAAAGTTGTAGA-3","Luminal A"
"SYNTH-5-41-1","Capture_5'_CGCTTCAGTTCAGGCC-2","Tumor"
"SYNTH-5-41-1","Capture_3'_GAAGGACCAGGCTCTG-4","Dividing Tumor"
"SYNTH-5-42-1","Capture_5'_AAGACCTTCAACTCTT-4","Dividing Tumor"
"SYNTH-5-42-1","Capture_5'_GTGGGTCTCCACTCCA-2","Dividing Tumor"
"SYNTH-5-43-1","Capture_5'_CATATTCGTACTTGAC-4","Dividing Tumor"
"SYNTH-5-43-1","Capture_5'_ATTTCTGGTCGGCATC-1","Dividing Tumor"
"SYNTH-5-43-1","Capture_3'_AAACGAAGTCCACTCT-4","Dividing Tumor"
"SYNTH-5-43-1","Capture_5'_GGATGTTGTCATATGC-1","Luminal A"
"SYNTH-5-43-1","Capture_5'_GAGTCCGGTCAGATAA-3","Dividing Tumor"
"SYNTH-5-43-1","Capture_5'_GTGCTTCAGAAGGACA-4","Dividing Tumor"
"SYNTH-5-43-1","Capture_3'_TGATCAGGTCTTGAGT-4","Fibroblasts"
"SYNTH-5-43-1","Capture_5'_TTTATGCAGTCATGCT-4","Tumor"
"SYNTH-5-44-1","Capture_5'_AAAGATGAGTGCTGCC-3","Tumor"
"SYNTH-5-44-1","Capture_5'_GGCTCGACACCTCGGA-1","Endothelial Cells"
"SYNTH-5-44-1","Capture_5'_CTACACCGTACGCTGC-2","Dividing Tumor"
"SYNTH-5-44-1","Capture_5'_CTCGGGACATATACCG-3","Tumor"
"SYNTH-5-44-1","Capture_5'_ATGAGGGTCTAGCACA-1","T-cells"
"SYNTH-5-44-1","Capture_5'_TCTATTGCACCGCTAG-1","Tumor"
"SYNTH-5-44-1","Capture_3'_AACGGGACACTAGGTT-4","TAMs"
"SYNTH-5-45-1","Capture_5'_AACCATGTCAGAGACG-2","Dividing Tumor"
"SYNTH-5-46-1","Capture_5'_CTGCTGTTCACAGTAC-2","Dividing Tumor"
"SYNTH-5-46-1","Capture_3'_CACAGATCATGCGGTC-4","B-cells"
"SYNTH-5-46-1","Capture_5'_AGATTGCAGTGTTTGC-2","Plasma Cells"
"SYNTH-5-46-1","Capture_5'_GTAGGCCAGAAGAAGC-3","TAMs"
"SYNTH-5-46-1","Capture_5'_ACTGATGCAGCCTTGG-4","Tumor"
"SYNTH-5-46-1","Capture_3'_ACCCTTGTCGTGGGTC-2","Luminal A"
"SYNTH-5-46-1","Capture_5'_TGAGAGGCAGGGCATA-2","Tumor"
"SYNTH-5-47-1","Capture_5'_GCCTCTAAGTTGAGTA-3","T-cells"
"SYNTH-5-47-1","Capture_5'_TTGACTTCAGATGGCA-3","Tumor"
"SYNTH-5-47-1","Capture_5'_GGATGTTCACGGCCAT-2","Tumor"
"SYNTH-5-47-1","Capture_5'_GCATGCGCAAGTTCTG-4","Tumor"
"SYNTH-5-47-1","Capture_3'_ATCCACCAGCCGGATA-1","Dividing Tumor"
"SYNTH-5-48-1","Capture_3'_CTGCCATCACAAATGA-2","T-cells"
"SYNTH-5-49-1","Capture_5'_ACGATACCACCTGGTG-3","Tumor"
"SYNTH-5-49-1","Capture_3'_TCACACCCAGTCAGTT-4","T-cells"
"SYNTH-5-49-1","Capture_5'_GAACCTAAGCACAGGT-4","Tumor"
"SYNTH-5-50-1","Capture_3'_TCGGGACCATGGCCCA-1","Dividing Tumor"
"SYNTH-5-50-1","Capture_3'_TACAACGAGGCAGGGA-3","Dividing Tumor"
"SYNTH-5-50-1","Capture_3'_TTTACGTCACCTATCC-4","Luminal A"
"SYNTH-6-1-1","Capture_5'_TCAGCAAGTAGGCTGA-1","Dividing Tumor"
"SYNTH-6-2-1","Capture_5'_TCGCGTTTCGTGGACC-3","Tumor"
"SYNTH-6-2-1","Capture_5'_CGTGTAATCTGTCCGT-3","Dividing Tumor"
"SYNTH-6-2-1","Capture_5'_GACCAATGTAGCTGCC-2","Tumor"
"SYNTH-6-2-1","Capture_3'_CCGGGTAGTGCAAGAC-2","T-cells"
"SYNTH-6-2-1","Capture_5'_GGGACCTTCGCAAGCC-1","TAMs"
"SYNTH-6-2-1","Capture_5'_AGCGGTCGTCTCTTAT-4","T-cells"
"SYNTH-6-2-1","Capture_5'_GGTGTTACATTGCGGC-2","Luminal A"
"SYNTH-6-2-1","Capture_5'_CCACGGACACAGCCCA-4","Tumor"
"SYNTH-6-2-1","Capture_5'_TCCACACCAAACAACA-2","Tumor"
"SYNTH-6-3-1","Capture_5'_AACTGGTTCTAACTTC-3","Tumor"
"SYNTH-6-3-1","Capture_5'_CTCTGGTAGCTACCGC-4","T-cells"
"SYNTH-6-4-1","Capture_5'_GGATTACCAAGGACAC-2","Tumor"
"SYNTH-6-4-1","Capture_5'_GTTTCTACATGGTTGT-1","Tumor"
"SYNTH-6-4-1","Capture_5'_GTTACAGCATGTTCCC-4","Luminal A"
"SYNTH-6-4-1","Capture_5'_CTAGTGAAGATGGCGT-2","Endothelial Cells"
"SYNTH-6-4-1","Capture_5'_CTCTACGGTGACGCCT-2","Dividing Tumor"
"SYNTH-6-4-1","Capture_5'_GAAATGAGTGTAACGG-1","Tumor"
"SYNTH-6-4-1","Capture_5'_CGCTGGATCGTGACAT-2","Dividing Tumor"
"SYNTH-6-4-1","Capture_3'_CCAATTTTCCAACTAG-3","T-cells"
"SYNTH-6-5-1","Capture_3'_ATTACCTTCAGAGTGG-4","Dividing Tumor"
"SYNTH-6-5-1","Capture_3'_CGGACACGTTCTCGTC-2","B-cells"
"SYNTH-6-5-1","Capture_3'_TGGAACTCAAGTAGTA-4","Tumor"
"SYNTH-6-5-1","Capture_5'_ACACTGACAAGACACG-4","Tumor"
"SYNTH-6-5-1","Capture_3'_ACAGCCGAGCAATAGT-1","Fibroblasts"
"SYNTH-6-5-1","Capture_5'_CTCATTATCAGCTTAG-3","Fibroblasts"
"SYNTH-6-5-1","Capture_3'_ATAGAGACATCTTCGC-3","Luminal A"
"SYNTH-6-5-1","Capture_3'_TCTAACTCATGAAGCG-1","Tumor"
"SYNTH-6-6-1","Capture_3'_GCTCAAACAACCACGC-1","T-cells"
"SYNTH-6-6-1","Capture_5'_GTTCATTCATCTATGG-1","Luminal A"
"SYNTH-6-6-1","Capture_5'_TAAGCGTGTATCTGCA-2","Tumor"
"SYNTH-6-6-1","Capture_5'_ACTTTCAAGTCTCCTC-4","Dividing Tumor"
"SYNTH-6-6-1","Capture_5'_CTACCCATCAACGCTA-2","Tumor"
"SYNTH-6-6-1","Capture_5'_GAGCAGATCGTTGCCT-3","Dividing Tumor"
"SYNTH-6-6-1","Capture_5'_TTTATGCCATAAAGGT-1","T-cells"
"SYNTH-6-6-1","Capture_3'_GGGACTCCAGCGCGTT-4","Dividing Tumor"
"SYNTH-6-6-1","Capture_5'_CAGCATATCCGGCACA-4","Tumor"
"SYNTH-6-7-1","Capture_5'_GCACATATCCCAAGAT-4","Tumor"
"SYNTH-6-7-1","Capture_3'_TCAATTCAGATCCCAT-4","TAMs"
"SYNTH-6-7-1","Capture_3'_TCAGTGAGTAGAATAC-2","T-cells"
"SYNTH-6-7-1","Capture_3'_TCTCTGGCATTCTTCA-3","Tumor"
"SYNTH-6-7-1","Capture_3'_TTGTTGTTCAATGTCG-3","Tumor"
"SYNTH-6-7-1","Capture_5'_ACGAGCCAGCACGCCT-2","Tumor"
"SYNTH-6-7-1","Capture_5'_TCTTTCCGTGTGCGTC-4","Dividing Tumor"
"SYNTH-6-7-1","Capture_5'_CCTCAGTTCAGCGACC-3","Dividing Tumor"
"SYNTH-6-7-1","Capture_5'_TGGTTCCCAAACAACA-3","Tumor"
"SYNTH-6-8-1","Capture_5'_CAGCCGAGTGGACGAT-1","Tumor"
"SYNTH-6-8-1","Capture_3'_GAAATGATCCATAAGC-1","T-cells"
"SYNTH-6-8-1","Capture_5'_GCTCTGTTCAGCCTAA-2","Tumor"
"SYNTH-6-8-1","Capture_5'_AGAGTGGGTTCAGCGC-4","Tumor"
"SYNTH-6-9-1","Capture_5'_CGAGCCAGTGCCTGGT-2","Tumor"
"SYNTH-6-9-1","Capture_5'_CAGCCGATCAGCTTAG-3","TAMs"
"SYNTH-6-9-1","Capture_3'_ATCGCCTCATCGAACT-3","Tumor"
"SYNTH-6-9-1","Capture_3'_AGACAAAAGCTAAACA-3","Tumor"
"SYNTH-6-9-1","Capture_5'_CTCGAAATCGTATCAG-2","Tumor"
"SYNTH-6-10-1","Capture_5'_GTTACAGCATGTTCCC-4","Luminal A"
"SYNTH-6-10-1","Capture_5'_TACACGAGTGCACGAA-1","Tumor"
"SYNTH-6-10-1","Capture_5'_CACAGTAGTCCTCCAT-2","TAMs"
"SYNTH-6-10-1","Capture_5'_GAATGAAAGTTAAGTG-1","Dividing Tumor"
"SYNTH-6-10-1","Capture_5'_CGTCTACTCCTGTAGA-2","Tumor"
"SYNTH-6-10-1","Capture_3'_AGTTCCCTCACTCGAA-3","Dividing Tumor"
"SYNTH-6-11-1","Capture_3'_CAGATCACAGGCTATT-3","Dividing Tumor"
"SYNTH-6-11-1","Capture_5'_CCGTTCATCACAGGCC-2","Dividing Tumor"
"SYNTH-6-11-1","Capture_5'_TTGTAGGTCATGTCTT-4","Luminal A"
"SYNTH-6-11-1","Capture_5'_GCTCCTAAGCTTCGCG-2","T-cells"
"SYNTH-6-11-1","Capture_5'_CTCACACGTAGAGTGC-4","T-cells"
"SYNTH-6-11-1","Capture_5'_GCTGCTTTCATGTAGC-4","Tumor"
"SYNTH-6-12-1","Capture_5'_TAGTTGGAGTGTTTGC-1","Dividing Tumor"
"SYNTH-6-12-1","Capture_5'_TCACAAGGTGTTGAGG-3","Tumor"
"SYNTH-6-12-1","Capture_5'_AACTCCCAGACCTTTG-2","Fibroblasts"
"SYNTH-6-12-1","Capture_3'_GATGATCAGCAGCAGT-1","Tumor"
"SYNTH-6-12-1","Capture_5'_AACTCAGGTACCGTAT-3","Tumor"
"SYNTH-6-13-1","Capture_5'_GATGCTACAATAACGA-2","Tumor"
"SYNTH-6-13-1","Capture_5'_CACAGTAGTTAGTGGG-3","T-cells"
"SYNTH-6-13-1","Capture_3'_CAACAGTGTCTTCATT-4","Dividing Tumor"
"SYNTH-6-13-1","Capture_5'_GCGCGATCACCGCTAG-2","Tumor"
"SYNTH-6-13-1","Capture_5'_CCCAGTTTCATCTGCC-4","Tumor"
"SYNTH-6-13-1","Capture_5'_AAAGCAACATAGAAAC-3","Dividing Tumor"
"SYNTH-6-13-1","Capture_3'_GACCCAGAGTCTAGCT-2","T-cells"
"SYNTH-6-14-1","Capture_3'_GTTCTATGTTGGTGTT-2","Luminal A"
"SYNTH-6-14-1","Capture_5'_ACACTGAGTCGATTGT-4","Dividing Tumor"
"SYNTH-6-14-1","Capture_5'_TGAGCCGGTACAAGTA-4","Dividing Tumor"
"SYNTH-6-14-1","Capture_5'_CATGACAAGGCCGAAT-1","B-cells"
"SYNTH-6-14-1","Capture_3'_GGGATGAAGGAACTAT-4","Dividing Tumor"
"SYNTH-6-14-1","Capture_5'_AGTAGTCGTTCCGTCT-2","Tumor"
"SYNTH-6-15-1","Capture_5'_GATTCAGGTTGTGGCC-2","Tumor"
"SYNTH-6-15-1","Capture_5'_TGAGCATAGTTAAGTG-1","Tumor"
"SYNTH-6-15-1","Capture_5'_GTTAAGCTCTGTCAAG-4","T-cells"
"SYNTH-6-15-1","Capture_5'_AATCCAGCACATAACC-2","Dividing Tumor"
"SYNTH-6-15-1","Capture_5'_AAAGATGTCTTCCTTC-2","Tumor"
"SYNTH-6-15-1","Capture_3'_GTCTTTAGTGGAGAAA-4","Dividing Tumor"
"SYNTH-6-15-1","Capture_3'_GAAGGGTCATTCGATG-3","Endothelial Cells"
"SYNTH-6-15-1","Capture_3'_TCCTAATTCTGTTCAT-4","Tumor"
"SYNTH-6-16-1","Capture_5'_AGCAGCCGTGGTCTCG-4","Endothelial Cells"
"SYNTH-6-16-1","Capture_5'_TTAACTCCATGTCGAT-4","Dividing Tumor"
"SYNTH-6-17-1","Capture_5'_ATCGAGTAGACTAAGT-3","T-cells"
"SYNTH-6-17-1","Capture_5'_ACTGCTCCAGTACACT-3","T-cells"
"SYNTH-6-17-1","Capture_5'_CTGCGGACACTAAGTC-3","Tumor"
"SYNTH-6-18-1","Capture_3'_CACTGAAAGCAGCAGT-3","Tumor"
"SYNTH-6-18-1","Capture_5'_CGAACATGTCGAATCT-3","Dividing Tumor"
"SYNTH-6-18-1","Capture_5'_AACTCTTAGATGTTAG-4","Dividing Tumor"
"SYNTH-6-19-1","Capture_5'_CGTAGGCCAGACAAGC-2","Tumor"
"SYNTH-6-19-1","Capture_3'_CATGCGGCAGCGTTGC-1","T-cells"
"SYNTH-6-19-1","Capture_5'_CGTTAGAAGCCACTAT-2","Tumor"
"SYNTH-6-19-1","Capture_3'_GAAATGAAGGGTGGGA-3","Tumor"
"SYNTH-6-19-1","Capture_5'_AGGGATGCATCCCACT-2","T-cells"
"SYNTH-6-19-1","Capture_5'_ACCCACTAGTCAATAG-1","Tumor"
"SYNTH-6-19-1","Capture_5'_ACAGCCGGTTCGAATC-2","T-cells"
"SYNTH-6-20-1","Capture_3'_TTGAACGTCTAAACGC-3","T-cells"
"SYNTH-6-21-1","Capture_5'_ATTACTCAGCTAACAA-3","Dividing Tumor"
"SYNTH-6-21-1","Capture_5'_AACCGCGTCTAACTTC-3","Tumor"
"SYNTH-6-21-1","Capture_5'_GTGCAGCTCGACGGAA-3","Tumor"
"SYNTH-6-21-1","Capture_3'_TTGTGGAAGACTCCGC-1","Tumor"
"SYNTH-6-21-1","Capture_5'_CAGAGAGCACTAGTAC-3","Tumor"
"SYNTH-6-22-1","Capture_5'_CTCACACTCAACCAAC-4","Dividing Tumor"
"SYNTH-6-22-1","Capture_3'_ATTCGTTGTCTTCAAG-3","Tumor"
"SYNTH-6-22-1","Capture_5'_ACGAGCCAGGACATTA-4","B-cells"
"SYNTH-6-22-1","Capture_3'_TACTTACAGACTCGAG-3","Dividing Tumor"
"SYNTH-6-22-1","Capture_3'_CGAAGTTTCATCGGGC-1","TAMs"
"SYNTH-6-22-1","Capture_3'_ATCATTCGTCACCACG-1","Dividing Tumor"
"SYNTH-6-22-1","Capture_5'_AGTGAGGCATGAGCGA-2","Tumor"
"SYNTH-6-22-1","Capture_5'_ACGGAGATCGCTTGTC-2","Tumor"
"SYNTH-6-22-1","Capture_5'_CGACCTTGTTAAGACA-1","Tumor"
"SYNTH-6-23-1","Capture_5'_TTAGGACTCCTCGCAT-1","Dividing Tumor"
"SYNTH-6-23-1","Capture_5'_TTCTTAGTCTGTCTCG-2","Dividing Tumor"
"SYNTH-6-23-1","Capture_5'_GTTACAGAGCTGAAAT-2","Dividing Tumor"
"SYNTH-6-24-1","Capture_5'_CTACCCACATCTACGA-3","Fibroblasts"
"SYNTH-6-24-1","Capture_5'_CTCATTAAGACTACAA-3","Dividing Tumor"
"SYNTH-6-24-1","Capture_5'_GCTTCCAGTCATCCCT-2","Tumor"
"SYNTH-6-25-1","Capture_5'_GCATACATCATACGGT-3","Luminal A"
"SYNTH-6-25-1","Capture_5'_CATGCCTCATTACCTT-1","T-cells"
"SYNTH-6-25-1","Capture_5'_CATATGGAGTACATGA-3","Dividing Tumor"
"SYNTH-6-26-1","Capture_5'_TTTACTGGTCGATTGT-2","Tumor"
"SYNTH-6-26-1","Capture_5'_TATGCCCAGTGGAGAA-3","Tumor"
"SYNTH-6-26-1","Capture_3'_AAAGAACCACATAACC-2","TAMs"
"SYNTH-6-26-1","Capture_5'_CTAATGGAGGCGCTCT-4","Luminal A"
"SYNTH-6-27-1","Capture_5'_TGTGTTTAGCACAGGT-3","Plasma Cells"
"SYNTH-6-27-1","Capture_5'_ACAGCTACACCGAATT-1","Luminal A"
"SYNTH-6-27-1","Capture_3'_GTACAGTAGAGGTTTA-2","Tumor"
"SYNTH-6-28-1","Capture_5'_CTGTTTAAGGCAGGTT-2","Tumor"
"SYNTH-6-28-1","Capture_5'_GACTAACTCCGCGTTT-2","T-cells"
"SYNTH-6-28-1","Capture_5'_TACCTTACATGCGCAC-3","Dividing Tumor"
"SYNTH-6-28-1","Capture_3'_ACGTAACTCAGAGCGA-3","Tumor"
"SYNTH-6-29-1","Capture_5'_AGGCCACAGCGATGAC-3","T-cells"
"SYNTH-6-29-1","Capture_5'_CTCTGGTGTCTTGTCC-4","Tumor"
"SYNTH-6-30-1","Capture_5'_GACCAATTCATCGCTC-2","Dividing Tumor"
"SYNTH-6-30-1","Capture_5'_TTTCCTCAGTAGGCCA-2","Endothelial Cells"
"SYNTH-6-30-1","Capture_3'_ACTTAGGAGAAACTGT-1","Dividing Tumor"
"SYNTH-6-30-1","Capture_5'_TGACAACCAGCGTCCA-2","Fibroblasts"
"SYNTH-6-31-1","Capture_5'_ACACTGATCGGAAACG-3","TAMs"
"SYNTH-6-31-1","Capture_5'_TCAGCTCGTAGCCTCG-1","Tumor"
"SYNTH-6-31-1","Capture_5'_GAGCAGATCGGCTTGG-4","Dividing Tumor"
"SYNTH-6-31-1","Capture_3'_GTGTGATAGTAAACAC-3","Tumor"
"SYNTH-6-31-1","Capture_5'_GCAGCCAGTTTGTGTG-2","T-cells"
"SYNTH-6-31-1","Capture_3'_TCAAGACGTACCAATC-3","Tumor"
"SYNTH-6-31-1","Capture_3'_GTAATGCTCCCTCTTT-3","Dividing Tumor"
"SYNTH-6-32-1","Capture_5'_TCATTTGTCATCACCC-3","Tumor"
"SYNTH-6-32-1","Capture_5'_TCAGGTACAGTATGCT-3","Dividing Tumor"
"SYNTH-6-32-1","Capture_3'_ATCGGATCACTTCCTG-3","Tumor"
"SYNTH-6-32-1","Capture_3'_AACCTTTCAAACGAGC-1","Tumor"
"SYNTH-6-32-1","Capture_3'_GTATTTCCAATCCTTT-3","Tumor"
"SYNTH-6-33-1","Capture_5'_TTAGGACCATGACGGA-2","T-cells"
"SYNTH-6-34-1","Capture_5'_CTAACTTAGTTACGGG-4","T-cells"
"SYNTH-6-34-1","Capture_3'_ACATCGAAGTAAGAGG-4","Tumor"
"SYNTH-6-34-1","Capture_5'_AGAATAGGTCCATGAT-4","Dividing Tumor"
"SYNTH-6-34-1","Capture_5'_GGGTTGCAGCGCTTAT-2","Tumor"
"SYNTH-6-34-1","Capture_5'_ACATCAGGTATTCGTG-1","Tumor"
"SYNTH-6-35-1","Capture_5'_AGAGCTTCATTGGCGC-4","Fibroblasts"
"SYNTH-6-35-1","Capture_5'_GTCCTCATCCTTAATC-3","Dividing Tumor"
"SYNTH-6-35-1","Capture_5'_AAGACCTTCTACGAGT-1","T-cells"
"SYNTH-6-35-1","Capture_3'_CTCCTTTAGACTTCCA-3","Tumor"
"SYNTH-6-36-1","Capture_3'_GAAATGATCGGCATTA-1","T-cells"
"SYNTH-6-36-1","Capture_5'_TCCACACCACGAGGTA-2","Tumor"
"SYNTH-6-36-1","Capture_5'_TACAGTGGTAAATACG-1","Dividing Tumor"
"SYNTH-6-36-1","Capture_3'_CAGTTAGTCTCTTAAC-2","Tumor"
"SYNTH-6-36-1","Capture_5'_GATCAGTCATGAACCT-2","Tumor"
"SYNTH-6-37-1","Capture_5'_AGTGGGACAAGCCGTC-2","Tumor"
"SYNTH-6-37-1","Capture_3'_TGCTTGCAGTTACGGG-2","Tumor"
"SYNTH-6-38-1","Capture_5'_CCGGTAGTCTACTCAT-4","Tumor"
"SYNTH-6-38-1","Capture_3'_AGATCGTCAGAGAATT-1","Dividing Tumor"
"SYNTH-6-38-1","Capture_3'_AGTTAGCTCCGGCTTT-2","Endothelial Cells"
"SYNTH-6-38-1","Capture_3'_CTGTAGAAGAAGATCT-1","Tumor"
"SYNTH-6-38-1","Capture_3'_ACTGATGTCATCTACT-4","T-cells"
"SYNTH-6-39-1","Capture_3'_CAGCACGCACGAGGTA-2","T-cells"
"SYNTH-6-39-1","Capture_5'_CGTAGGCGTCCTCTTG-3","Tumor"
"SYNTH-6-39-1","Capture_5'_CGGCTAGAGAGGTAGA-3","Dividing Tumor"
"SYNTH-6-39-1","Capture_3'_TTTCGATGTCGATTAC-4","Dividing Tumor"
"SYNTH-6-39-1","Capture_5'_TGTGTTTGTTGTCGCG-1","Dividing Tumor"
"SYNTH-6-39-1","Capture_5'_GATCGCGCAGCTGGCT-4","Tumor"
"SYNTH-6-40-1","Capture_3'_GTTCTATGTGGAAATT-1","Tumor"
"SYNTH-6-40-1","Capture_5'_ATTGGACCAGTACACT-4","Luminal B"
"SYNTH-6-40-1","Capture_5'_TGCTGCTAGTTGTCGT-4","Tumor"
"SYNTH-6-40-1","Capture_5'_GTCCTCAGTTTGTTGG-1","Dividing Tumor"
"SYNTH-6-40-1","Capture_5'_TTGTAGGCACGGCCAT-1","Tumor"
"SYNTH-6-41-1","Capture_5'_GTGGGTCGTACTTCTT-4","Tumor"
"SYNTH-6-41-1","Capture_5'_TCAGGATTCCACGACG-2","Fibroblasts"
"SYNTH-6-41-1","Capture_5'_AGCGGTCGTTGTCGCG-3","Dividing Tumor"
"SYNTH-6-41-1","Capture_3'_CAACGATGTACAGTTC-4","Tumor"
"SYNTH-6-41-1","Capture_5'_GCTGGGTGTAACGCGA-3","Tumor"
"SYNTH-6-41-1","Capture_3'_TTATTGCAGGCTCTAT-3","Tumor"
"SYNTH-6-41-1","Capture_5'_CACCACTTCAAACCAC-3","T-cells"
"SYNTH-6-41-1","Capture_5'_AGGGAGTGTCCAAGTT-1","T-cells"
"SYNTH-6-42-1","Capture_5'_TTCTTAGTCTTATCTG-4","Tumor"
"SYNTH-6-42-1","Capture_5'_CATTATCCATGCCACG-4","Tumor"
"SYNTH-6-42-1","Capture_5'_TAAACCGTCAGCACAT-3","Dividing Tumor"
"SYNTH-6-42-1","Capture_5'_CTCACACCATGTTGAC-4","T-cells"
"SYNTH-6-42-1","Capture_5'_CACAGGCAGGCAAAGA-3","Luminal A"
"SYNTH-6-42-1","Capture_5'_CGTTCTGGTTCCGGCA-1","Dividing Tumor"
"SYNTH-6-42-1","Capture_3'_TAACTTCGTATGTCAC-4","T-cells"
"SYNTH-6-42-1","Capture_5'_TGGGCGTGTTTGGCGC-1","B-cells"
"SYNTH-6-43-1","Capture_5'_CGAGCACGTGCAGACA-4","Dividing Tumor"
"SYNTH-6-44-1","Capture_3'_AAGCATCGTCACTCAA-1","Tumor"
"SYNTH-6-44-1","Capture_5'_TCACGAATCACCCGAG-2","Fibroblasts"
"SYNTH-6-44-1","Capture_3'_GTCAGCGGTAACATCC-2","Dividing Tumor"
"SYNTH-6-44-1","Capture_3'_TCAATCTTCGTAACAC-4","Dividing Tumor"
"SYNTH-6-44-1","Capture_5'_GGCTCGATCTAACTCT-4","T-cells"
"SYNTH-6-44-1","Capture_5'_AAGGTTCAGCCTTGAT-3","Dividing Tumor"
"SYNTH-6-44-1","Capture_5'_GGCAATTAGGGTGTTG-4","Dividing Tumor"
"SYNTH-6-45-1","Capture_5'_GGTGTTAGTCAGTGGA-4","T-cells"
"SYNTH-6-45-1","Capture_3'_AGATGAATCTAGAGCT-1","T-cells"
"SYNTH-6-45-1","Capture_5'_CAAGATCGTATAGTAG-1","Luminal A"
"SYNTH-6-45-1","Capture_5'_CCCAGTTAGACGCACA-1","T-cells"
"SYNTH-6-45-1","Capture_3'_TGAGACTGTACAGAAT-1","Tumor"
"SYNTH-6-45-1","Capture_3'_GGGAAGTGTCTGCCTT-1","Tumor"
"SYNTH-6-46-1","Capture_5'_TGCGCAGCACGGCCAT-4","TAMs"
"SYNTH-6-47-1","Capture_5'_GCTGGGTCAAGCCTAT-3","Tumor"
"SYNTH-6-48-1","Capture_3'_GATCCCTAGAGTACCG-2","Tumor"
"SYNTH-6-48-1","Capture_5'_ACCAGTAGTTACAGAA-1","Tumor"
"SYNTH-6-48-1","Capture_5'_TGCCCTAAGAGACTAT-2","Dividing Tumor"
"SYNTH-6-48-1","Capture_3'_CTTCTCTGTGACTCGC-1","Dividing Tumor"
"SYNTH-6-48-1","Capture_5'_CAGTCCTCACGTCAGC-3","Plasma Cells"
"SYNTH-6-48-1","Capture_5'_TTCGGTCTCTAACTCT-3","Dividing Tumor"
"SYNTH-6-48-1","Capture_5'_AACCGCGGTTCAGGCC-4","Tumor"
"SYNTH-6-48-1","Capture_3'_CGACAGCTCAAACCCA-4","Tumor"
"SYNTH-6-48-1","Capture_3'_TGTGCGGTCCCGTTCA-2","Dividing Tumor"
"SYNTH-6-48-1","Capture_3'_TTTCGATAGGGATGTC-4","Fibroblasts"
"SYNTH-6-49-1","Capture_5'_ATCACGAAGATAGTCA-4","T-cells"
"SYNTH-6-49-1","Capture_5'_CCATTCGAGGACAGAA-1","T-cells"
"SYNTH-6-49-1","Capture_3'_GGGACAACATGACACT-1","T-cells"
"SYNTH-6-49-1","Capture_5'_CACCAGGCAGCGAACA-4","Tumor"
"SYNTH-6-50-1","Capture_5'_CCGGGATCAAGACACG-2","Tumor"
"SYNTH-6-50-1","Capture_5'_TCAGATGGTGTGACCC-4","Tumor"
"SYNTH-7-1-1","Capture_3'_GGCTTGGGTTCCGGTG-4","Dividing Tumor"
"SYNTH-7-1-1","Capture_3'_GGTAACTGTAACCCGC-1","T-cells"
"SYNTH-7-1-1","Capture_3'_AAACCCAAGTTGAAAC-4","Tumor"
"SYNTH-7-2-1","Capture_5'_CAGTAACTCTATCCTA-4","Tumor"
"SYNTH-7-2-1","Capture_5'_CAGCGACAGCACAGGT-3","Tumor"
"SYNTH-7-2-1","Capture_5'_TGCGTGGAGGTGATAT-2","T-cells"
"SYNTH-7-2-1","Capture_5'_TTATGCTAGCGATTCT-1","Tumor"
"SYNTH-7-2-1","Capture_5'_TTTGCGCGTACCGAGA-4","Tumor"
"SYNTH-7-2-1","Capture_5'_ATCCACCAGGCTAGGT-1","Dividing Tumor"
"SYNTH-7-3-1","Capture_3'_TCAGTGACACAATGAA-1","T-cells"
"SYNTH-7-3-1","Capture_5'_TGGCCAGCACGGACAA-3","Tumor"
"SYNTH-7-3-1","Capture_5'_GCATGATCACCAACCG-3","Tumor"
"SYNTH-7-3-1","Capture_3'_TAAGCACGTGCCTACG-2","B-cells"
"SYNTH-7-3-1","Capture_3'_TGGTGATTCCGAAATC-4","Endothelial Cells"
"SYNTH-7-4-1","Capture_5'_ACGCAGCTCACAGTAC-3","Dividing Tumor"
"SYNTH-7-4-1","Capture_3'_CAGCAATAGCCTCAAT-4","Tumor"
"SYNTH-7-5-1","Capture_3'_GGCAGTCCATCATTGG-4","Dividing Tumor"
"SYNTH-7-5-1","Capture_5'_GAACGGATCACAACGT-1","Dividing Tumor"
"SYNTH-7-5-1","Capture_5'_CAGAGAGCAGGATTGG-4","Endothelial Cells"
"SYNTH-7-5-1","Capture_5'_AGGGTGAAGTCCTCCT-3","T-cells"
"SYNTH-7-5-1","Capture_5'_CTCGGAGAGGCATGGT-2","Tumor"
"SYNTH-7-5-1","Capture_5'_TCACAAGGTAGGCATG-3","Tumor"
"SYNTH-7-5-1","Capture_3'_GATCGTAGTCAACCTA-1","Dividing Tumor"
"SYNTH-7-6-1","Capture_5'_GTAACGTTCTTCCTTC-4","Tumor"
"SYNTH-7-6-1","Capture_5'_TGTGGTACAAAGTCAA-4","Dividing Tumor"
"SYNTH-7-6-1","Capture_5'_CACATTTGTAGTGAAT-4","Dividing Tumor"
"SYNTH-7-6-1","Capture_3'_GCGTGCAGTTCTCAGA-2","T-cells"
"SYNTH-7-6-1","Capture_3'_AGTCAACAGCAGTAAT-2","Tumor"
"SYNTH-7-6-1","Capture_5'_TCTTTCCTCTCCAGGG-4","Tumor"
"SYNTH-7-7-1","Capture_3'_GTCTACCAGGACAACC-4","Dividing Tumor"
"SYNTH-7-7-1","Capture_5'_GTATCTTCAGGTCGTC-2","Tumor"
"SYNTH-7-7-1","Capture_3'_GTCATCCTCAGGTAAA-1","Tumor"
"SYNTH-7-7-1","Capture_3'_GCGAGAAAGAGGGTCT-2","Dividing Tumor"
"SYNTH-7-7-1","Capture_3'_TGCTGAAGTACGGATG-2","Tumor"
"SYNTH-7-7-1","Capture_5'_CTACGTCTCGTGTAGT-2","Endothelial Cells"
"SYNTH-7-7-1","Capture_5'_TCTTCGGTCTAAGCCA-3","Dividing Tumor"
"SYNTH-7-8-1","Capture_5'_CACTCCAGTCAGTGGA-4","Tumor"
"SYNTH-7-8-1","Capture_3'_CAACAGTAGCGTCAGA-4","Tumor"
"SYNTH-7-8-1","Capture_5'_CACCACTAGGATGTAT-4","Dividing Tumor"
"SYNTH-7-8-1","Capture_5'_CTTCTCTAGTGAATTG-1","Tumor"
"SYNTH-7-8-1","Capture_5'_AGTTGGTGTAAGTTCC-2","Tumor"
"SYNTH-7-8-1","Capture_5'_TCTCTAACAGGAATGC-2","Tumor"
"SYNTH-7-8-1","Capture_5'_GGCTGGTCATGCGCAC-1","Dividing Tumor"
"SYNTH-7-8-1","Capture_5'_TCGGTAAAGCAGATCG-2","T-cells"
"SYNTH-7-8-1","Capture_5'_ACGGGCTGTAAACCTC-1","Tumor"
"SYNTH-7-8-1","Capture_5'_AAGACCTCACAGGCCT-2","Tumor"
"SYNTH-7-9-1","Capture_5'_CCGGGATCAATGTTGC-1","Dividing Tumor"
"SYNTH-7-10-1","Capture_3'_GTGCTGGCATGCGGTC-4","T-cells"
"SYNTH-7-10-1","Capture_5'_AGCGTATGTGACTACT-3","Luminal A"
"SYNTH-7-11-1","Capture_5'_AGACGTTCACGAAGCA-1","Tumor"
"SYNTH-7-11-1","Capture_5'_ACGGGCTTCGGGAGTA-3","Tumor"
"SYNTH-7-11-1","Capture_5'_GGCTGGTGTCATCGGC-2","Tumor"
"SYNTH-7-11-1","Capture_5'_CTGCGGAGTCCGTGAC-4","T-cells"
"SYNTH-7-12-1","Capture_5'_TAAGCGTAGTGCAAGC-3","TAMs"
"SYNTH-7-12-1","Capture_3'_AATGCCAGTCGCTGCA-3","Endothelial Cells"
"SYNTH-7-12-1","Capture_5'_GATGAGGGTTCCGTCT-3","Dividing Tumor"
"SYNTH-7-12-1","Capture_3'_ATTCGTTGTTATTCTC-1","Dividing Tumor"
"SYNTH-7-13-1","Capture_5'_GCATGCGGTCCTCTTG-2","Tumor"
"SYNTH-7-13-1","Capture_5'_ACGGAGAGTCTCTCGT-4","Dividing Tumor"
"SYNTH-7-13-1","Capture_3'_GGGACAACATGACACT-1","T-cells"
"SYNTH-7-13-1","Capture_5'_TACACGAGTCTACCTC-1","Dividing Tumor"
"SYNTH-7-13-1","Capture_5'_CCCAATCGTTACGCGC-3","Tumor"
"SYNTH-7-13-1","Capture_3'_CTCCTCCGTCGGTGAA-2","T-cells"
"SYNTH-7-13-1","Capture_3'_AGGTGTTAGTAGATCA-2","T-cells"
"SYNTH-7-13-1","Capture_3'_CACCGTTGTATCGCGC-3","Dividing Tumor"
"SYNTH-7-14-1","Capture_5'_GCATGATTCGACAGCC-2","Dividing Tumor"
"SYNTH-7-14-1","Capture_5'_CATCGAATCATGTCCC-3","Dividing Tumor"
"SYNTH-7-14-1","Capture_5'_GTACTCCTCCTGTACC-4","TAMs"
"SYNTH-7-14-1","Capture_5'_TCGTAGAGTAGTACCT-4","T-cells"
"SYNTH-7-14-1","Capture_5'_AACCATGGTGGCTCCA-4","Tumor"
"SYNTH-7-14-1","Capture_5'_GTTCATTTCGCCTGAG-2","Tumor"
"SYNTH-7-14-1","Capture_5'_GGCGACTTCCTAGGGC-1","Tumor"
"SYNTH-7-14-1","Capture_5'_CCGGTAGCAAACCCAT-4","Tumor"
"SYNTH-7-14-1","Capture_5'_TGCACCTGTAGCGCAA-4","Dividing Tumor"
"SYNTH-7-15-1","Capture_5'_GGCGTGTTCTTGCATT-3","Tumor"
"SYNTH-7-15-1","Capture_5'_GCAAACTAGATTACCC-4","T-cells"
"SYNTH-7-15-1","Capture_5'_CCTTTCTCAAGACGTG-4","Tumor"
"SYNTH-7-15-1","Capture_5'_GGAATAATCTTGCCGT-4","Dividing Tumor"
"SYNTH-7-15-1","Capture_5'_TTTGGTTGTCGAACAG-3","Fibroblasts"
"SYNTH-7-15-1","Capture_5'_ACAGCCGAGACACTAA-3","Dividing Tumor"
"SYNTH-7-15-1","Capture_3'_GCCAGGTGTCACAGTT-4","Dividing Tumor"
"SYNTH-7-15-1","Capture_5'_TGAAAGATCGTCGTTC-4","Luminal A"
"SYNTH-7-15-1","Capture_5'_CTCTACGTCTTGCATT-4","Tumor"
"SYNTH-7-15-1","Capture_5'_CGCTTCAGTCAAAGCG-4","Dividing Tumor"
"SYNTH-7-16-1","Capture_5'_GTAGGCCCATGCCCGA-1","T-cells"
"SYNTH-7-17-1","Capture_5'_TAGCCGGGTAATCACC-3","Tumor"
"SYNTH-7-18-1","Capture_5'_GTATTCTCAGCGTAAG-2","Dividing Tumor"
"SYNTH-7-18-1","Capture_3'_TCGGTCTAGTTGGCGA-2","Dividing Tumor"
"SYNTH-7-18-1","Capture_3'_GTAGCTAGTATGAAAC-1","Dividing Tumor"
"SYNTH-7-18-1","Capture_5'_GGGATGATCATCTGCC-4","T-cells"
"SYNTH-7-18-1","Capture_5'_CCCAATCCACGTCTCT-2","Luminal A"
"SYNTH-7-18-1","Capture_5'_GACACGCTCAAACAAG-4","Dividing Tumor"
"SYNTH-7-19-1","Capture_3'_AAGCATCAGAAGGTAG-3","Tumor"
"SYNTH-7-19-1","Capture_5'_TCCCGATAGACCACGA-2","Tumor"
"SYNTH-7-19-1","Capture_5'_GGGATGATCTTCCTTC-3","Fibroblasts"
"SYNTH-7-19-1","Capture_5'_CGTGAGCCACCACCAG-1","TAMs"
"SYNTH-7-20-1","Capture_5'_GTACGTAAGTGTTGAA-4","Dividing Tumor"
"SYNTH-7-20-1","Capture_5'_CGGAGCTGTGGGTCAA-4","Dividing Tumor"
"SYNTH-7-20-1","Capture_5'_CTAAGACGTCATATGC-2","Tumor"
"SYNTH-7-20-1","Capture_5'_ACCAGTACAATCCAAC-4","Dividing Tumor"
"SYNTH-7-21-1","Capture_5'_CAAGATCGTCGTCTTC-3","T-cells"
"SYNTH-7-21-1","Capture_5'_TGCACCTTCCATTCTA-1","Tumor"
"SYNTH-7-21-1","Capture_3'_CAGATACAGCGATGAC-3","T-cells"
"SYNTH-7-21-1","Capture_5'_GTGCAGCCATTGCGGC-3","B-cells"
"SYNTH-7-21-1","Capture_5'_TGACGGCGTTCAGGCC-4","T-cells"
"SYNTH-7-22-1","Capture_5'_GAGGTGACATTCCTGC-4","Tumor"
"SYNTH-7-22-1","Capture_3'_GGTAATCAGCTACGTT-3","Tumor"
"SYNTH-7-22-1","Capture_3'_ATTCTACTCGCGGACT-3","T-cells"
"SYNTH-7-22-1","Capture_3'_GCCAACGCATAATGCC-2","T-cells"
"SYNTH-7-22-1","Capture_5'_CACAAACTCTTCGGTC-3","Tumor"
"SYNTH-7-22-1","Capture_3'_GAGAGGTAGACTAGAT-3","Dividing Tumor"
"SYNTH-7-23-1","Capture_5'_CTAACTTCAGGTCCAC-2","TAMs"
"SYNTH-7-23-1","Capture_5'_TCAGCAAGTACCGAGA-3","Dividing Tumor"
"SYNTH-7-23-1","Capture_3'_TTCGATTAGCTTTCTT-1","Dividing Tumor"
"SYNTH-7-24-1","Capture_5'_ACACCGGTCCTCGCAT-1","Luminal A"
"SYNTH-7-24-1","Capture_3'_CACTGAATCCGCCTAT-2","TAMs"
"SYNTH-7-24-1","Capture_3'_ATCCATTAGATCGCTT-3","Dividing Tumor"
"SYNTH-7-24-1","Capture_3'_CAACAACGTCAATCTG-4","T-cells"
"SYNTH-7-24-1","Capture_5'_ATTATCCAGCTGCAAG-2","Tumor"
"SYNTH-7-24-1","Capture_5'_GTCGTAATCAGCATGT-1","Dividing Tumor"
"SYNTH-7-25-1","Capture_5'_ACGATGTAGGGAAACA-2","Dividing Tumor"
"SYNTH-7-25-1","Capture_5'_CAGGTGCGTATTAGCC-1","T-cells"
"SYNTH-7-25-1","Capture_5'_AACACGTAGGGCATGT-4","TAMs"
"SYNTH-7-25-1","Capture_3'_CATCGGGGTCCTATAG-4","Tumor"
"SYNTH-7-25-1","Capture_5'_CGAGAAGAGAAACCAT-2","Dividing Tumor"
"SYNTH-7-25-1","Capture_5'_TCAGCTCAGGATTCGG-4","T-cells"
"SYNTH-7-25-1","Capture_5'_CGTTAGATCTCGATGA-1","Luminal B"
"SYNTH-7-25-1","Capture_5'_TCAATCTAGTTATCGC-1","Dividing Tumor"
"SYNTH-7-26-1","Capture_5'_AGTGAGGGTACGAAAT-3","Dividing Tumor"
"SYNTH-7-26-1","Capture_3'_GTCGCGACAGCAATTC-4","Luminal A"
"SYNTH-7-26-1","Capture_3'_GCACGTGGTCGGTGAA-3","Tumor"
"SYNTH-7-26-1","Capture_5'_TTGGAACCAGCTGTAT-2","T-cells"
"SYNTH-7-26-1","Capture_3'_GTGGAAGAGACTCAAA-3","Tumor"
"SYNTH-7-27-1","Capture_5'_CAAGTTGGTGACGGTA-3","TAMs"
"SYNTH-7-27-1","Capture_5'_TTGAACGCAAACCTAC-3","Tumor"
"SYNTH-7-27-1","Capture_5'_GGTGTTAGTCGGGTCT-3","T-cells"
"SYNTH-7-27-1","Capture_3'_GTCGCGACACACAGCC-3","Tumor"
"SYNTH-7-27-1","Capture_5'_GCGGGTTGTCAGAATA-3","Tumor"
"SYNTH-7-27-1","Capture_5'_CGAGCACAGTCGCCGT-3","Tumor"
"SYNTH-7-27-1","Capture_5'_TCATTTGTCTGGCGTG-4","T-cells"
"SYNTH-7-28-1","Capture_5'_GTGGGTCCAGCTGTAT-2","Luminal A"
"SYNTH-7-28-1","Capture_3'_ATCGTGAAGTTCCGTA-2","TAMs"
"SYNTH-7-29-1","Capture_3'_GCAGCCATCTTGATTC-3","T-cells"
"SYNTH-7-29-1","Capture_5'_TAAGCGTAGCCACTAT-2","Tumor"
"SYNTH-7-29-1","Capture_5'_TACACGAGTTTACTCT-2","T-cells"
"SYNTH-7-29-1","Capture_3'_ATACCGAAGGGTTTCT-3","Tumor"
"SYNTH-7-29-1","Capture_3'_TGCACGGAGCGTCAGA-3","Endothelial Cells"
"SYNTH-7-29-1","Capture_3'_ACAAAGATCGGACAAG-1","Fibroblasts"
"SYNTH-7-29-1","Capture_3'_GTATTGGAGAGTCTGG-3","T-cells"
"SYNTH-7-29-1","Capture_5'_TGGTTAGTCGAACGGA-2","Myoepithelial Cells"
"SYNTH-7-29-1","Capture_5'_GATTCAGAGCCCAATT-3","Dividing Tumor"
"SYNTH-7-29-1","Capture_5'_CTCTAATTCTGGCGAC-3","Luminal A"
"SYNTH-7-30-1","Capture_5'_TTTATGCAGCCGTCGT-2","Plasma Cells"
"SYNTH-7-30-1","Capture_3'_AAATGGAAGCTGAGCA-1","T-cells"
"SYNTH-7-30-1","Capture_3'_GAACACTCAATCTGCA-3","T-cells"
"SYNTH-7-30-1","Capture_5'_CGAATGTTCTTTCCTC-2","Tumor"
"SYNTH-7-31-1","Capture_5'_TTGGAACAGAGGGCTT-3","B-cells"
"SYNTH-7-31-1","Capture_3'_TCATGGACATGTTCGA-3","Dividing Tumor"
"SYNTH-7-31-1","Capture_3'_CTACATTGTAAGAACT-3","Dividing Tumor"
"SYNTH-7-31-1","Capture_3'_GAAATGAGTCCATCTC-3","Dividing Tumor"
"SYNTH-7-32-1","Capture_3'_ACACTGAAGAGGTTTA-3","Fibroblasts"
"SYNTH-7-32-1","Capture_3'_ACTCCCAGTAGCACAG-4","Luminal A"
"SYNTH-7-32-1","Capture_5'_CTAGAGTGTTGCCTCT-4","Tumor"
"SYNTH-7-32-1","Capture_3'_AACTTCTGTCCTACAA-4","Tumor"
"SYNTH-7-33-1","Capture_5'_GTATCTTGTCCGAAGA-1","Luminal A"
"SYNTH-7-33-1","Capture_3'_ATGCGATTCGATTTCT-3","Dividing Tumor"
"SYNTH-7-33-1","Capture_3'_TGACTCCAGTAGGTTA-3","T-cells"
"SYNTH-7-33-1","Capture_5'_CTGAAGTTCTCATTCA-1","Luminal A"
"SYNTH-7-33-1","Capture_3'_GGGATCCGTTACCCTC-3","Tumor"
"SYNTH-7-33-1","Capture_3'_AATCGACCATGACTAC-3","Luminal A"
"SYNTH-7-34-1","Capture_5'_TTTGGTTTCTACCAGA-1","Dividing Tumor"
"SYNTH-7-34-1","Capture_5'_AAACCTGCAGTAGAGC-4","Luminal A"
"SYNTH-7-34-1","Capture_5'_GGGAATGAGTCACGCC-4","T-cells"
"SYNTH-7-34-1","Capture_3'_CCCGAAGCAGCTGAAG-2","T-cells"
"SYNTH-7-34-1","Capture_5'_CGAGCCAGTCATTAGC-4","Myoepithelial Cells"
"SYNTH-7-34-1","Capture_5'_CCATGTCCACAGCCCA-1","T-cells"
"SYNTH-7-35-1","Capture_5'_GTTAAGCTCTGTCAAG-4","T-cells"
"SYNTH-7-36-1","Capture_3'_GCAGCCAAGATGAACT-3","Tumor"
"SYNTH-7-36-1","Capture_5'_AGCAGCCGTACAGTTC-4","Dividing Tumor"
"SYNTH-7-36-1","Capture_5'_CGTAGGCCACACAGAG-4","Tumor"
"SYNTH-7-36-1","Capture_3'_AACAAAGTCTCTGCTG-1","Tumor"
"SYNTH-7-37-1","Capture_3'_GAAATGAGTGCTCCGA-3","Tumor"
"SYNTH-7-37-1","Capture_3'_ATAGACCAGGCGATAC-1","Dividing Tumor"
"SYNTH-7-37-1","Capture_3'_TCGGGCACATGTCAGT-3","T-cells"
"SYNTH-7-37-1","Capture_5'_GTCTCGTCACATTCGA-2","Tumor"
"SYNTH-7-37-1","Capture_3'_GAAGAATCACCTGATA-4","Dividing Tumor"
"SYNTH-7-37-1","Capture_3'_CGACAGCTCATTATCC-4","Tumor"
"SYNTH-7-38-1","Capture_3'_TCACAAGAGTCCTGCG-3","Endothelial Cells"
"SYNTH-7-38-1","Capture_3'_CAACAACGTTGCAACT-1","Tumor"
"SYNTH-7-38-1","Capture_5'_CACAGGCCACAGACTT-3","Tumor"
"SYNTH-7-38-1","Capture_5'_AGTAGTCCACACAGAG-2","Dividing Tumor"
"SYNTH-7-38-1","Capture_3'_GTAGGAGTCCCTTTGG-1","Dividing Tumor"
"SYNTH-7-38-1","Capture_5'_CTCTACGGTCTCATCC-3","T-cells"
"SYNTH-7-39-1","Capture_5'_TCATTTGCATCGATGT-4","Myoepithelial Cells"
"SYNTH-7-39-1","Capture_3'_CTCCACAGTGGTCTTA-4","Dividing Tumor"
"SYNTH-7-39-1","Capture_5'_ACGGGTCAGCTATGCT-3","Dividing Tumor"
"SYNTH-7-39-1","Capture_5'_CTGTGCTAGTGTACCT-1","Tumor"
"SYNTH-7-39-1","Capture_3'_CGATGCGCATCCGTTC-2","Tumor"
"SYNTH-7-39-1","Capture_5'_CCTCAGTAGATTACCC-4","Tumor"
"SYNTH-7-39-1","Capture_5'_GGGTTGCCAAGCTGAG-2","Tumor"
"SYNTH-7-39-1","Capture_3'_CTGCTCACATCTCAAG-3","Dividing Tumor"
"SYNTH-7-39-1","Capture_5'_GATCGATCAACACCTA-4","Tumor"
"SYNTH-7-39-1","Capture_5'_ACTTTCATCCACGACG-4","Dividing Tumor"
"SYNTH-7-40-1","Capture_3'_TGTGCGGGTTGTAGCT-3","Tumor"
"SYNTH-7-40-1","Capture_5'_GAGCAGACACAAGTAA-1","Luminal A"
"SYNTH-7-40-1","Capture_5'_TTTGCGCGTCTGATCA-4","Dividing Tumor"
"SYNTH-7-40-1","Capture_3'_TCACGGGCACAGCGCT-1","T-cells"
"SYNTH-7-40-1","Capture_5'_GGCAATTCACGAAGCA-4","Tumor"
"SYNTH-7-40-1","Capture_3'_AGAAGTATCGCTTGAA-3","Tumor"
"SYNTH-7-40-1","Capture_5'_GCGCGATGTGTTCGAT-3","Tumor"
"SYNTH-7-40-1","Capture_3'_AGATGAAAGATAGGGA-3","Dividing Tumor"
"SYNTH-7-41-1","Capture_3'_TCCACCAAGTCATACC-1","T-cells"
"SYNTH-7-41-1","Capture_5'_AAAGCAACATCACGTA-2","Dividing Tumor"
"SYNTH-7-41-1","Capture_5'_GACTAACTCTTTCCTC-3","Tumor"
"SYNTH-7-41-1","Capture_5'_TCTTCGGTCATCGCTC-2","T-cells"
"SYNTH-7-42-1","Capture_3'_CCTATCGCAGGGTCTC-4","Dividing Tumor"
"SYNTH-7-42-1","Capture_5'_TGAGAGGAGCTGCCCA-1","Luminal A"
"SYNTH-7-42-1","Capture_5'_GAGCAGACACCGATAT-2","Tumor"
"SYNTH-7-42-1","Capture_5'_ACGATACTCGTCCGTT-2","Tumor"
"SYNTH-7-42-1","Capture_5'_AAGACCTGTACAGTTC-1","Dividing Tumor"
"SYNTH-7-42-1","Capture_5'_CTGGTCTCATCCCATC-3","T-cells"
"SYNTH-7-42-1","Capture_5'_CTAGTGAGTGCCTGTG-4","TAMs"
"SYNTH-7-42-1","Capture_5'_GGGAATGAGATATACG-2","T-cells"
"SYNTH-7-43-1","Capture_3'_CTTCCTTGTCACTACA-3","Dividing Tumor"
"SYNTH-7-44-1","Capture_5'_ACACCCTAGTGAAGAG-4","Luminal B"
"SYNTH-7-44-1","Capture_3'_CATACAGGTGCCGAAA-1","T-cells"
"SYNTH-7-44-1","Capture_5'_CTGTGCTTCTTGCATT-4","B-cells"
"SYNTH-7-44-1","Capture_3'_TCTTTGATCGACACTA-4","Tumor"
"SYNTH-7-44-1","Capture_3'_TGGGAAGCATACTTTC-2","B-cells"
"SYNTH-7-44-1","Capture_5'_AAGGTTCAGCTGAACG-4","Endothelial Cells"
"SYNTH-7-44-1","Capture_5'_TCTGAGAAGAAACGCC-3","Tumor"
"SYNTH-7-45-1","Capture_5'_CTAGCCTGTAGCTGCC-2","Dividing Tumor"
"SYNTH-7-45-1","Capture_3'_GTCTGTCTCCGCCTAT-1","Tumor"
"SYNTH-7-45-1","Capture_5'_TAGAGCTCATTACCTT-4","Tumor"
"SYNTH-7-46-1","Capture_3'_TGAGACTAGAAGCTGC-1","Tumor"
"SYNTH-7-46-1","Capture_3'_ACATCGAAGGTAAGGA-3","Tumor"
"SYNTH-7-46-1","Capture_3'_GGTAATCAGAGTCAAT-2","Tumor"
"SYNTH-7-46-1","Capture_3'_GTACAGTCAGGCGTTC-2","T-cells"
"SYNTH-7-46-1","Capture_5'_TAGCCGGTCTTTACGT-4","T-cells"
"SYNTH-7-46-1","Capture_5'_CGCTATCGTCAGTGGA-1","T-cells"
"SYNTH-7-46-1","Capture_3'_GTATTTCCACTAAACC-2","T-cells"
"SYNTH-7-47-1","Capture_5'_TGCCCTAGTGCTGTAT-3","Tumor"
"SYNTH-7-47-1","Capture_3'_AATCACGAGCTGCGAA-1","Tumor"
"SYNTH-7-47-1","Capture_5'_GGAACTTCACCAGTTA-4","Dividing Tumor"
"SYNTH-7-47-1","Capture_5'_CCTTTCTGTTAAGATG-3","Tumor"
"SYNTH-7-47-1","Capture_5'_AGAGCTTAGTTGTAGA-3","Dividing Tumor"
"SYNTH-7-47-1","Capture_5'_ACAGCTATCATGCTCC-4","Tumor"
"SYNTH-7-47-1","Capture_5'_TACCTTAAGACTGTAA-3","T-cells"
"SYNTH-7-47-1","Capture_5'_TAAGAGACACCACGTG-4","Tumor"
"SYNTH-7-48-1","Capture_3'_TCAAGACTCTTACACT-2","Dividing Tumor"
"SYNTH-7-48-1","Capture_5'_CCTTTCTGTACACCGC-3","Luminal A"
"SYNTH-7-48-1","Capture_5'_TTCTTAGGTGGTCTCG-2","Tumor"
"SYNTH-7-48-1","Capture_3'_AGGTTACTCGCAACAT-2","Luminal B"
"SYNTH-7-49-1","Capture_5'_AATCGGTAGAGCTGCA-3","Tumor"
"SYNTH-7-49-1","Capture_5'_CACACTCCAGACGCTC-1","Dividing Tumor"
"SYNTH-7-49-1","Capture_5'_CACCACTGTGTGACCC-2","Endothelial Cells"
"SYNTH-7-49-1","Capture_5'_TGCGCAGTCGAACTGT-1","Dividing Tumor"
"SYNTH-7-49-1","Capture_3'_TCTATCAGTAGGTGCA-4","T-cells"
"SYNTH-7-50-1","Capture_5'_CCATGTCTCGGAGCAA-4","Tumor"
"SYNTH-7-50-1","Capture_3'_CCTTCAGGTACTTCCC-1","Luminal A"
"SYNTH-8-1-1","Capture_3'_AAGTACCAGGTAATCA-4","Dividing Tumor"
"SYNTH-8-1-1","Capture_5'_TCAGCAACAAGCTGGA-4","Tumor"
"SYNTH-8-1-1","Capture_5'_TCAGGTAGTAGTAGTA-4","B-cells"
"SYNTH-8-1-1","Capture_5'_TCAGCAATCAACCATG-1","T-cells"
"SYNTH-8-1-1","Capture_5'_GTAGTCACACTGTTAG-3","Tumor"
"SYNTH-8-2-1","Capture_5'_GCTTGAAGTCCTCCAT-4","Dividing Tumor"
"SYNTH-8-2-1","Capture_5'_GACAGAGAGCTAACTC-1","Tumor"
"SYNTH-8-2-1","Capture_3'_CATTCTAAGAGTGTTA-1","Dividing Tumor"
"SYNTH-8-3-1","Capture_3'_CATTCATCACGAGGTA-4","Ciliated Cells"
"SYNTH-8-3-1","Capture_5'_AAAGTAGTCCTTTCGG-3","Tumor"
"SYNTH-8-4-1","Capture_3'_TGAGTCAGTGACACAG-4","Tumor"
"SYNTH-8-4-1","Capture_3'_ACTATCTTCGCATTAG-2","Dividing Tumor"
"SYNTH-8-4-1","Capture_5'_AAGGTTCTCGTGGTCG-2","T-cells"
"SYNTH-8-4-1","Capture_5'_AGGCCACGTTACGGAG-3","T-cells"
"SYNTH-8-5-1","Capture_5'_GGAATAAAGACTACAA-3","Tumor"
"SYNTH-8-5-1","Capture_3'_CAAGCTATCTGGCTGG-2","Tumor"
"SYNTH-8-5-1","Capture_5'_AGGGATGTCAGTGTTG-1","Dividing Tumor"
"SYNTH-8-5-1","Capture_3'_CTAACCCTCTTTCAGT-2","Dividing Tumor"
"SYNTH-8-5-1","Capture_5'_TGCTACCTCCAGAAGG-3","T-cells"
"SYNTH-8-5-1","Capture_3'_AACAACCAGCCGTAAG-4","Tumor"
"SYNTH-8-5-1","Capture_5'_CGCTGGAAGCTAGCCC-1","Tumor"
"SYNTH-8-5-1","Capture_5'_CGCTGGAGTCATGCCG-4","T-cells"
"SYNTH-8-6-1","Capture_5'_AGGGAGTCAAGCCGCT-1","Luminal B"
"SYNTH-8-7-1","Capture_5'_CTGATCCGTCATGCCG-2","T-cells"
"SYNTH-8-7-1","Capture_5'_AGTTGGTGTCAGAATA-4","T-cells"
"SYNTH-8-7-1","Capture_5'_GAAGCAGGTATAGGGC-3","Luminal A"
"SYNTH-8-7-1","Capture_5'_TAGGCATGTACTTAGC-3","T-cells"
"SYNTH-8-8-1","Capture_3'_CGAAGTTTCATCGGGC-1","TAMs"
"SYNTH-8-8-1","Capture_5'_CCTACCAGTTCCGTCT-2","T-cells"
"SYNTH-8-8-1","Capture_5'_CTGCGGAGTCGCGAAA-3","Dividing Tumor"
"SYNTH-8-8-1","Capture_5'_ACTGCTCGTTAAGATG-2","Tumor"
"SYNTH-8-8-1","Capture_5'_GTCATTTTCGTGGACC-3","Tumor"
"SYNTH-8-8-1","Capture_5'_GACCTGGCACGTAAGG-3","Dividing Tumor"
"SYNTH-8-9-1","Capture_5'_CCACGGACACAGCCCA-2","T-cells"
"SYNTH-8-9-1","Capture_3'_CGTGAATAGATAGCTA-2","Dividing Tumor"
"SYNTH-8-9-1","Capture_5'_ACAGCCGGTCAAAGAT-3","T-cells"
"SYNTH-8-9-1","Capture_5'_TCTATTGCACCGCTAG-1","Tumor"
"SYNTH-8-9-1","Capture_3'_GTCAAACAGCGTCGAA-2","Dividing Tumor"
"SYNTH-8-9-1","Capture_3'_TGATCAGCAGGCTCTG-2","Dividing Tumor"
"SYNTH-8-9-1","Capture_3'_TTGGTTTAGAATTTGG-4","Dividing Tumor"
"SYNTH-8-10-1","Capture_5'_GTTACAGCACACCGCA-2","Tumor"
"SYNTH-8-10-1","Capture_3'_GGGAGTAAGGACGGAG-4","Tumor"
"SYNTH-8-10-1","Capture_5'_CGAGCACCATCCTTGC-4","Dividing Tumor"
"SYNTH-8-10-1","Capture_5'_CAGTCCTCATGGTCAT-2","Dividing Tumor"
"SYNTH-8-10-1","Capture_3'_AGTCAACGTATCTCTT-1","Tumor"
"SYNTH-8-10-1","Capture_3'_GAACACTGTCGCGTTG-4","Tumor"
"SYNTH-8-11-1","Capture_3'_GTAGTACGTGAGGATC-3","T-cells"
"SYNTH-8-11-1","Capture_3'_TTGGATGTCACACCGG-4","T-cells"
"SYNTH-8-11-1","Capture_5'_TGTTCCGTCTAACTTC-4","Tumor"
"SYNTH-8-11-1","Capture_5'_GGTGTTACAAGCCATT-3","Tumor"
"SYNTH-8-11-1","Capture_5'_CATCAGACACATTTCT-2","T-cells"
"SYNTH-8-11-1","Capture_5'_TGCGGGTCATTAGCCA-4","Luminal B"
"SYNTH-8-12-1","Capture_5'_GTACTCCCACGAGGTA-3","Tumor"
"SYNTH-8-12-1","Capture_5'_GCACATATCTCCGGTT-2","B-cells"
"SYNTH-8-13-1","Capture_5'_AAGGCAGCAGACGCTC-3","Tumor"
"SYNTH-8-13-1","Capture_5'_AACACGTCATAAAGGT-2","Tumor"
"SYNTH-8-13-1","Capture_5'_TAAACCGTCAGCACAT-3","Dividing Tumor"
"SYNTH-8-13-1","Capture_5'_ACATGGTGTGAACCTT-2","Dividing Tumor"
"SYNTH-8-13-1","Capture_3'_AACCAACCAAATGGTA-4","Dividing Tumor"
"SYNTH-8-13-1","Capture_5'_CAAGAAATCAAGGTAA-3","Dividing Tumor"
"SYNTH-8-14-1","Capture_5'_TCAGCTCCATCAGTAC-4","Tumor"
"SYNTH-8-14-1","Capture_5'_GGTATTGCAGGGATTG-4","B-cells"
"SYNTH-8-14-1","Capture_5'_CTGCCTAGTAGCGATG-4","T-cells"
"SYNTH-8-14-1","Capture_5'_GACCTGGTCCACGTGG-4","Tumor"
"SYNTH-8-14-1","Capture_3'_GAGAGGTGTTCTCTAT-1","Luminal A"
"SYNTH-8-14-1","Capture_5'_ACGGCCAGTAGGCTGA-3","Tumor"
"SYNTH-8-14-1","Capture_5'_TGCGGGTTCAACCATG-2","Luminal A"
"SYNTH-8-15-1","Capture_5'_GGACAGATCGTAGGTT-4","T-cells"
"SYNTH-8-15-1","Capture_3'_CAAGCTAAGGAAGAAC-3","Dividing Tumor"
"SYNTH-8-15-1","Capture_3'_CTAAGTGAGTAAATGC-2","Tumor"
"SYNTH-8-15-1","Capture_5'_TAGCCGGCATTAACCG-3","Dividing Tumor"
"SYNTH-8-15-1","Capture_5'_AGACGTTGTCTTGATG-3","Myoepithelial Cells"
"SYNTH-8-15-1","Capture_3'_CATCGGGTCATCTATC-4","Tumor"
"SYNTH-8-15-1","Capture_3'_TTTCGATAGGGTAGCT-4","Tumor"
"SYNTH-8-15-1","Capture_3'_ACTATCTTCAATCCAG-4","Dividing Tumor"
"SYNTH-8-15-1","Capture_5'_TCGTAGACAACCGCCA-2","T-cells"
"SYNTH-8-15-1","Capture_5'_TGACAACAGAGCTTCT-3","Tumor"
"SYNTH-8-16-1","Capture_5'_TCAACGATCCATGCTC-2","Dividing Tumor"
"SYNTH-8-16-1","Capture_5'_GCATGTACATCACAAC-4","Dividing Tumor"
"SYNTH-8-17-1","Capture_5'_GACTACATCTTACCGC-1","Tumor"
"SYNTH-8-17-1","Capture_5'_TATCAGGAGCTAACAA-4","T-cells"
"SYNTH-8-17-1","Capture_3'_TAGACTGGTCAGGTGA-2","Tumor"
"SYNTH-8-17-1","Capture_3'_ACGGTTATCAGGAGAC-2","Tumor"
"SYNTH-8-17-1","Capture_5'_TCGTAGATCACGGTTA-2","Dividing Tumor"
"SYNTH-8-18-1","Capture_5'_CGTCCATAGACACTAA-3","Tumor"
"SYNTH-8-18-1","Capture_3'_GGAGGATTCGACACCG-1","T-cells"
"SYNTH-8-18-1","Capture_5'_GATGAGGAGAAACGAG-3","Tumor"
"SYNTH-8-18-1","Capture_3'_GACCTTCCACCCAACG-2","T-cells"
"SYNTH-8-18-1","Capture_3'_CTATAGGTCCTCATAT-4","T-cells"
"SYNTH-8-18-1","Capture_5'_GACCTGGTCGAACGGA-1","Dividing Tumor"
"SYNTH-8-18-1","Capture_5'_CGATGGCAGTAACCCT-4","Tumor"
"SYNTH-8-18-1","Capture_5'_CGGAGCTTCCAAACAC-4","Dividing Tumor"
"SYNTH-8-19-1","Capture_5'_CTTAGGAGTCTCGTTC-2","Tumor"
"SYNTH-8-19-1","Capture_3'_ATCGCCTCAAGACCTT-2","Tumor"
"SYNTH-8-19-1","Capture_3'_GCCGATGTCCAGCCTT-1","Dividing Tumor"
"SYNTH-8-20-1","Capture_3'_TCATGCCAGCTTCTAG-3","Tumor"
"SYNTH-8-20-1","Capture_5'_CAGCTGGTCTTGTATC-3","Dividing Tumor"
"SYNTH-8-20-1","Capture_3'_GTTAGACAGAGACAAG-2","Dividing Tumor"
"SYNTH-8-20-1","Capture_5'_CTCCTAGTCAATCACG-2","T-cells"
"SYNTH-8-20-1","Capture_5'_CACACTCTCTATCGCC-4","Tumor"
"SYNTH-8-21-1","Capture_3'_TAGGAGGTCAAGTAAG-2","B-cells"
"SYNTH-8-21-1","Capture_5'_TCGTAGATCCATGAGT-3","Dividing Tumor"
"SYNTH-8-21-1","Capture_3'_TTCTAACGTAAGATAC-4","Dividing Tumor"
"SYNTH-8-21-1","Capture_5'_GAATAAGGTCGAATCT-3","Tumor"
"SYNTH-8-22-1","Capture_5'_CACTCCAGTAGCTCCG-1","Tumor"
"SYNTH-8-22-1","Capture_5'_AACACGTGTATGGTTC-4","Tumor"
"SYNTH-8-22-1","Capture_5'_AAGACCTCAGCGTAAG-3","Luminal A"
"SYNTH-8-22-1","Capture_3'_TTGTGGACAGAGAATT-3","Tumor"
"SYNTH-8-22-1","Capture_5'_CTTAGGACAAGTCTAC-2","Tumor"
"SYNTH-8-22-1","Capture_3'_TTGCCTGAGCCTGAGA-2","T-cells"
"SYNTH-8-22-1","Capture_5'_CGGACTGCACTTGGAT-1","T-cells"
"SYNTH-8-23-1","Capture_5'_GTGTTAGAGTGGAGAA-2","Tumor"
"SYNTH-8-23-1","Capture_5'_GATCAGTGTTGCCTCT-1","Dividing Tumor"
"SYNTH-8-23-1","Capture_5'_GGCGACTTCACAGGCC-4","Tumor"
"SYNTH-8-23-1","Capture_3'_CTCATCGGTCTTGTCC-2","T-cells"
"SYNTH-8-23-1","Capture_3'_GAATAGAAGTCGGCAA-3","Tumor"
"SYNTH-8-23-1","Capture_5'_ACGGGCTGTAAACCTC-1","Tumor"
"SYNTH-8-23-1","Capture_3'_GTCCTCATCTCCTGAC-4","Luminal A"
"SYNTH-8-24-1","Capture_3'_AGCCAATGTCTCAGGC-4","Endothelial Cells"
"SYNTH-8-24-1","Capture_3'_CTTTCAATCTTACGGA-3","T-cells"
"SYNTH-8-24-1","Capture_5'_TACAGTGAGTTGCAGG-4","Dividing Tumor"
"SYNTH-8-25-1","Capture_5'_AGTAGTCGTGACTACT-2","Dividing Tumor"
"SYNTH-8-25-1","Capture_5'_AGAGCGACATGGTCTA-2","Tumor"
"SYNTH-8-25-1","Capture_3'_CAGTTAGTCTCTTAAC-2","Tumor"
"SYNTH-8-25-1","Capture_3'_CTCATTACAAAGGGTC-3","Tumor"
"SYNTH-8-26-1","Capture_3'_ATAGAGAAGTGTAGTA-4","Dividing Tumor"
"SYNTH-8-26-1","Capture_3'_TTGAACGTCCGTGGCA-1","Tumor"
"SYNTH-8-26-1","Capture_5'_AACTGGTGTCACCCAG-3","Tumor"
"SYNTH-8-26-1","Capture_5'_CTGCGGACAGTCAGAG-3","Tumor"
"SYNTH-8-27-1","Capture_5'_GAACCTATCACCCTCA-4","T-cells"
"SYNTH-8-28-1","Capture_3'_AAGTTCGCAGTCGGAA-1","Tumor"
"SYNTH-8-29-1","Capture_5'_CCTTTCTTCCATGAAC-2","Tumor"
"SYNTH-8-29-1","Capture_3'_TTTGTTGAGCTGAAGC-3","Dividing Tumor"
"SYNTH-8-29-1","Capture_5'_GGAATAATCATGTGGT-3","Dividing Tumor"
"SYNTH-8-30-1","Capture_5'_TGGCTGGCACAGACTT-3","Tumor"
"SYNTH-8-30-1","Capture_5'_CTCGTCACAAACGCGA-4","Tumor"
"SYNTH-8-30-1","Capture_5'_GATCGCGAGGGATCTG-2","Tumor"
"SYNTH-8-30-1","Capture_3'_TATGTTCAGATGCTGG-2","Luminal A"
"SYNTH-8-30-1","Capture_5'_GTCACGGCATAGTAAG-4","Tumor"
"SYNTH-8-30-1","Capture_5'_ACTATCTAGTTCCACA-4","Tumor"
"SYNTH-8-30-1","Capture_3'_TCACTCGTCCAACACA-1","T-cells"
"SYNTH-8-30-1","Capture_5'_TAAGAGAAGTCACGCC-2","Tumor"
"SYNTH-8-31-1","Capture_5'_AATCGGTAGAGCTGCA-3","Tumor"
"SYNTH-8-31-1","Capture_5'_CATCGAAAGCAGATCG-4","T-cells"
"SYNTH-8-31-1","Capture_5'_ACCAGTAGTGCATCTA-1","Tumor"
"SYNTH-8-32-1","Capture_5'_CGATGTAAGTCGTACT-4","Tumor"
"SYNTH-8-33-1","Capture_5'_CGTCTACTCGCTGATA-3","Dividing Tumor"
"SYNTH-8-33-1","Capture_5'_GATGAGGCACAGTCGC-4","Tumor"
"SYNTH-8-33-1","Capture_5'_GCTTCCAAGTTGAGAT-4","Tumor"
"SYNTH-8-33-1","Capture_5'_CCTAGCTTCTCTAAGG-2","Tumor"
"SYNTH-8-33-1","Capture_5'_ACATACGAGCAGCCTC-2","Tumor"
"SYNTH-8-33-1","Capture_3'_TTGCCTGAGCCTGAGA-2","T-cells"
"SYNTH-8-34-1","Capture_5'_ATCATCTTCCACGAAT-3","Fibroblasts"
"SYNTH-8-34-1","Capture_5'_GTTCATTCAGCCAGAA-3","T-cells"
"SYNTH-8-34-1","Capture_5'_TCGGGACTCAACCATG-1","Plasma Cells"
"SYNTH-8-34-1","Capture_5'_TTGTAGGAGTGATCGG-2","Tumor"
"SYNTH-8-34-1","Capture_3'_AATCGACGTGATGGCA-2","Dividing Tumor"
"SYNTH-8-34-1","Capture_5'_ACGATGTAGCAGGTCA-2","T-cells"
"SYNTH-8-34-1","Capture_5'_TTCGAAGTCTTCCTTC-1","B-cells"
"SYNTH-8-35-1","Capture_5'_CTAGCCTTCGTAGGTT-2","Tumor"
"SYNTH-8-35-1","Capture_3'_ATCCGTCGTGCAACAG-4","Luminal A"
"SYNTH-8-35-1","Capture_5'_ATGTGTGAGCCTCGTG-3","Dividing Tumor"
"SYNTH-8-35-1","Capture_5'_TTCTTAGTCAACTCTT-1","Luminal A"
"SYNTH-8-35-1","Capture_3'_AAGCGTTTCACTCCGT-1","Dividing Tumor"
"SYNTH-8-35-1","Capture_3'_CATCGCTGTGGGATTG-1","Dividing Tumor"
"SYNTH-8-36-1","Capture_5'_ACATGGTTCTGAAAGA-3","Tumor"
"SYNTH-8-36-1","Capture_3'_TAACCAGAGAATCCCT-1","Dividing Tumor"
"SYNTH-8-36-1","Capture_3'_ACATGCAGTTCCTAAG-3","Tumor"
"SYNTH-8-37-1","Capture_5'_AGTGGGACACGAAGCA-4","Myoepithelial Cells"
"SYNTH-8-37-1","Capture_3'_ATCCACCAGCCGATCC-4","Dividing Tumor"
"SYNTH-8-37-1","Capture_3'_CTCGAGGTCGATGCTA-2","Dividing Tumor"
"SYNTH-8-37-1","Capture_5'_CTAGTGATCTCTGCTG-3","Dividing Tumor"
"SYNTH-8-38-1","Capture_5'_ACGGCCACAATGGTCT-2","Luminal A"
"SYNTH-8-38-1","Capture_5'_GGAAAGCCACCTCGTT-1","Dividing Tumor"
"SYNTH-8-38-1","Capture_3'_GTGGAAGTCTAGGAAA-4","T-cells"
"SYNTH-8-38-1","Capture_3'_GACTCTCGTGATGGCA-3","Dividing Tumor"
"SYNTH-8-39-1","Capture_5'_GTTCGGGGTACAGTGG-1","T-cells"
"SYNTH-8-39-1","Capture_5'_CAGCATAGTTACGTCA-3","Tumor"
"SYNTH-8-40-1","Capture_5'_ACTTGTTCACTTAAGC-1","Myoepithelial Cells"
"SYNTH-8-40-1","Capture_5'_GTCATTTCAGCTCCGA-1","Luminal A"
"SYNTH-8-40-1","Capture_3'_GGTGATTTCGAGATAA-1","Tumor"
"SYNTH-8-40-1","Capture_5'_TGAGCATTCTGTCCGT-2","Tumor"
"SYNTH-8-40-1","Capture_5'_CATGGCGCACGTAAGG-4","Dividing Tumor"
"SYNTH-8-40-1","Capture_5'_TCCACACAGAGGACGG-4","Dividing Tumor"
"SYNTH-8-40-1","Capture_5'_CATGCCTAGGGTGTGT-4","Dividing Tumor"
"SYNTH-8-40-1","Capture_5'_ATCACGAAGGCTAGAC-4","TAMs"
"SYNTH-8-41-1","Capture_3'_CACTTCGGTAAGTCAA-3","T-cells"
"SYNTH-8-41-1","Capture_5'_GCGCCAATCGGCGCAT-3","Luminal A"
"SYNTH-8-41-1","Capture_3'_ACAGGGAGTAAGGCCA-2","Dividing Tumor"
"SYNTH-8-41-1","Capture_5'_CTCAGAACATTGGCGC-3","Tumor"
"SYNTH-8-41-1","Capture_5'_CAACTAGGTCGAAAGC-4","Tumor"
"SYNTH-8-42-1","Capture_5'_CGTCCATGTTAGTGGG-4","T-cells"
"SYNTH-8-42-1","Capture_5'_ACTATCTTCCTGTACC-3","T-cells"
"SYNTH-8-42-1","Capture_5'_TTGTAGGGTTGTCGCG-2","Tumor"
"SYNTH-8-43-1","Capture_3'_CTGGACGCAATTTCCT-3","Tumor"
"SYNTH-8-43-1","Capture_5'_AACTCTTGTGTGACGA-3","Tumor"
"SYNTH-8-43-1","Capture_3'_TAGATCGTCTTCTGTA-3","Tumor"
"SYNTH-8-44-1","Capture_5'_TACACGAAGTTACCCA-3","Dividing Tumor"
"SYNTH-8-44-1","Capture_5'_TGGGAAGTCGGCTACG-2","T-cells"
"SYNTH-8-44-1","Capture_5'_TTGGAACAGAAGGCCT-2","Tumor"
"SYNTH-8-44-1","Capture_5'_TGGTTAGTCACGAAGG-2","Tumor"
"SYNTH-8-44-1","Capture_5'_CGAATGTAGAGCTATA-2","Dividing Tumor"
"SYNTH-8-45-1","Capture_3'_GAGTCTAGTTTCCAAG-1","Tumor"
"SYNTH-8-45-1","Capture_3'_GAGTTTGCATTGACTG-2","Dividing Tumor"
"SYNTH-8-45-1","Capture_3'_GTAGATCAGCCGATTT-4","T-cells"
"SYNTH-8-45-1","Capture_5'_TACTTGTCATGTAGTC-2","Tumor"
"SYNTH-8-46-1","Capture_5'_GCTCTGTAGTTGTCGT-4","Dividing Tumor"
"SYNTH-8-46-1","Capture_3'_CGGGTCAAGCCAAGTG-2","Tumor"
"SYNTH-8-46-1","Capture_5'_CTACATTGTCTCACCT-3","Tumor"
"SYNTH-8-46-1","Capture_5'_CACATAGAGAGTACAT-4","Luminal A"
"SYNTH-8-46-1","Capture_3'_TAACGACAGGCATGCA-3","T-cells"
"SYNTH-8-46-1","Capture_5'_GATGAGGTCTGTACGA-4","T-cells"
"SYNTH-8-46-1","Capture_5'_CGGCTAGGTAGCTGCC-1","Tumor"
"SYNTH-8-47-1","Capture_5'_CCTATTAAGAGATGAG-3","Tumor"
"SYNTH-8-47-1","Capture_5'_TACCTATAGGTTACCT-2","T-cells"
"SYNTH-8-47-1","Capture_5'_CTCAGAAAGCGCTTAT-4","Dividing Tumor"
"SYNTH-8-47-1","Capture_3'_ATGAGTCAGAGTACCG-1","Dividing Tumor"
"SYNTH-8-48-1","Capture_3'_CTGTGGGGTACAAAGT-3","Dividing Tumor"
"SYNTH-8-48-1","Capture_5'_CAGGTGCTCTTACCGC-3","Dividing Tumor"
"SYNTH-8-48-1","Capture_3'_CCTATCGTCGTGGAAG-2","Tumor"
"SYNTH-8-48-1","Capture_5'_CGAACATTCATCGGAT-1","Dividing Tumor"
"SYNTH-8-48-1","Capture_5'_GTTCATTTCATCGCTC-3","Tumor"
"SYNTH-8-48-1","Capture_5'_ACGCCAGGTCGTCTTC-1","Tumor"
"SYNTH-8-48-1","Capture_5'_AATCCAGAGCGTAGTG-2","Tumor"
"SYNTH-8-49-1","Capture_3'_AGGGTCCCACCATATG-2","Tumor"
"SYNTH-8-49-1","Capture_3'_GTCATTTAGTTTAGGA-4","Tumor"
"SYNTH-8-49-1","Capture_5'_GATGCTATCCGTCAAA-4","Dividing Tumor"
"SYNTH-8-49-1","Capture_3'_CAACGGCAGGCATCAG-4","Dividing Tumor"
"SYNTH-8-49-1","Capture_3'_GGTGTCGGTAATGCTC-2","T-cells"
"SYNTH-8-49-1","Capture_5'_TGAGAGGCACAGACTT-1","T-cells"
"SYNTH-8-49-1","Capture_5'_GAATAAGAGAAAGTGG-2","Dividing Tumor"
"SYNTH-8-49-1","Capture_3'_CACGTGGAGTCCTGCG-3","Dividing Tumor"
"SYNTH-8-49-1","Capture_5'_TGGTTCCGTCGACTAT-3","Tumor"
"SYNTH-8-50-1","Capture_3'_TTGATGGCACGTAGAG-4","Endothelial Cells"
"SYNTH-8-50-1","Capture_3'_GACGTTATCTCAACGA-3","T-cells"
"SYNTH-8-50-1","Capture_5'_AGTTGGTAGTACGTTC-4","Dividing Tumor"
"SYNTH-8-50-1","Capture_3'_GTCCACTCAGGCATGA-3","Tumor"
"SYNTH-8-50-1","Capture_5'_CACACAACATGGGACA-4","T-cells"
"SYNTH-8-50-1","Capture_5'_GTGTTAGAGCTAGGCA-1","Dividing Tumor"
"SYNTH-9-1-1","Capture_3'_TCATTCAAGAACTCCT-1","Fibroblasts"
"SYNTH-9-1-1","Capture_3'_TCGATTTGTTGTGGCC-3","Tumor"
"SYNTH-9-2-1","Capture_5'_CGGGTCATCGTTTGCC-3","B-cells"
"SYNTH-9-2-1","Capture_5'_CTAGAGTCATCCCATC-4","Luminal A"
"SYNTH-9-2-1","Capture_5'_GAATGAAAGTAACCCT-3","T-cells"
"SYNTH-9-2-1","Capture_5'_CGGAGTCCACATAACC-3","Dividing Tumor"
"SYNTH-9-3-1","Capture_3'_TCTAACTCATGAAGCG-1","Tumor"
"SYNTH-9-3-1","Capture_5'_TGCGGGTCATACTACG-2","Luminal A"
"SYNTH-9-3-1","Capture_5'_CCTACCAGTCGGCATC-2","T-cells"
"SYNTH-9-3-1","Capture_3'_TGTGGCGCAAATCGTC-1","T-cells"
"SYNTH-9-3-1","Capture_3'_TTTACCACAACTCGTA-1","T-cells"
"SYNTH-9-3-1","Capture_5'_CCACCTATCTTGCAAG-4","Dividing Tumor"
"SYNTH-9-3-1","Capture_5'_CGACCTTTCCAAACTG-2","T-cells"
"SYNTH-9-3-1","Capture_5'_ATCACGAAGGCTAGAC-4","TAMs"
"SYNTH-9-4-1","Capture_5'_ATCCACCGTGGCGAAT-2","Dividing Tumor"
"SYNTH-9-4-1","Capture_3'_TGACAGTCACGATTCA-4","Tumor"
"SYNTH-9-4-1","Capture_5'_GCGAGAAAGCTCTCGG-1","T-cells"
"SYNTH-9-4-1","Capture_5'_GACGCGTCAGTAAGAT-3","Dividing Tumor"
"SYNTH-9-5-1","Capture_5'_TCGCGAGCATCGGACC-3","Plasma Cells"
"SYNTH-9-5-1","Capture_3'_GTTATGGCAGGATCTT-2","T-cells"
"SYNTH-9-6-1","Capture_5'_TTCTACATCTGCTTGC-3","Dividing Tumor"
"SYNTH-9-6-1","Capture_3'_GGCAGTCTCATTTGGG-1","Tumor"
"SYNTH-9-6-1","Capture_5'_GGCCGATGTACTTAGC-2","Dividing Tumor"
"SYNTH-9-6-1","Capture_5'_ATCCACCCAGGAACGT-1","T-cells"
"SYNTH-9-6-1","Capture_5'_CGCTTCAGTACCAGTT-4","T-cells"
"SYNTH-9-6-1","Capture_5'_TGTTCCGGTGTAACGG-2","Tumor"
"SYNTH-9-6-1","Capture_3'_GTAGGTTGTACGATTC-2","Tumor"
"SYNTH-9-6-1","Capture_3'_CACAACAAGCTAGATA-2","TAMs"
"SYNTH-9-7-1","Capture_5'_AGAGCTTTCATGTAGC-3","T-cells"
"SYNTH-9-7-1","Capture_5'_AGTTGGTAGCCGGTAA-3","Luminal A"
"SYNTH-9-7-1","Capture_5'_ATTTCTGAGAGTGACC-2","Endothelial Cells"
"SYNTH-9-7-1","Capture_5'_CGGACACGTGGCAAAC-3","Tumor"
"SYNTH-9-7-1","Capture_5'_TCTTCGGTCGTACCGG-4","Dividing Tumor"
"SYNTH-9-8-1","Capture_5'_CTCGAGGGTTATCGGT-1","Dividing Tumor"
"SYNTH-9-9-1","Capture_5'_CAAGAAACAGTACACT-1","Tumor"
"SYNTH-9-9-1","Capture_5'_ATGAGGGGTTCATGGT-4","T-cells"
"SYNTH-9-9-1","Capture_3'_GCCAGCACAATACAGA-1","Dividing Tumor"
"SYNTH-9-9-1","Capture_5'_GTACTCCCAGGGATTG-4","Tumor"
"SYNTH-9-9-1","Capture_3'_CCTACGTGTCAGGTGA-4","Tumor"
"SYNTH-9-9-1","Capture_3'_GATGAGGAGTAGATCA-2","Tumor"
"SYNTH-9-9-1","Capture_5'_GGGAATGCATGCAACT-4","Tumor"
"SYNTH-9-10-1","Capture_3'_TTACAGGGTTGGCCGT-3","Dividing Tumor"
"SYNTH-9-10-1","Capture_3'_GATCCCTGTCGGTGAA-1","T-cells"
"SYNTH-9-10-1","Capture_5'_CTAGCCTGTGTTAAGA-2","Dividing Tumor"
"SYNTH-9-10-1","Capture_3'_ATACCGATCTCGTGAA-1","T-cells"
"SYNTH-9-11-1","Capture_3'_GGGAGTATCGCAAGAG-1","Tumor"
"SYNTH-9-12-1","Capture_5'_TGCCAAAGTTCTGTTT-4","Dividing Tumor"
"SYNTH-9-12-1","Capture_3'_AGTAACCAGGCACCAA-3","Tumor"
"SYNTH-9-12-1","Capture_5'_TGGACGCTCGGACAAG-4","Dividing Tumor"
"SYNTH-9-13-1","Capture_5'_TCGGTAAAGTGTGAAT-1","TAMs"
"SYNTH-9-13-1","Capture_3'_GTGAGGACACCCTTAC-2","Dividing Tumor"
"SYNTH-9-13-1","Capture_3'_GGAGATGAGTCAGCCC-4","Tumor"
"SYNTH-9-13-1","Capture_5'_GTGAAGGGTACCTACA-2","TAMs"
"SYNTH-9-13-1","Capture_3'_AGGGTCCTCGGCGATC-3","Dividing Tumor"
"SYNTH-9-13-1","Capture_5'_CGGCTAGTCTTGTCAT-4","Tumor"
"SYNTH-9-13-1","Capture_3'_ATCGTAGGTAGAGTTA-3","Tumor"
"SYNTH-9-14-1","Capture_3'_CACCGTTAGCACCGAA-3","T-cells"
"SYNTH-9-15-1","Capture_5'_CAACTAGGTCGAAAGC-4","Tumor"
"SYNTH-9-15-1","Capture_5'_TGCGCAGGTGCAACGA-3","Dividing Tumor"
"SYNTH-9-15-1","Capture_3'_TTGACCCAGAGTTGAT-2","Tumor"
"SYNTH-9-15-1","Capture_5'_ATCTGCCCAAGACGTG-3","Endothelial Cells"
"SYNTH-9-15-1","Capture_5'_AGCCTAAGTTATGCGT-4","Dividing Tumor"
"SYNTH-9-15-1","Capture_3'_ACTTATCGTCACTCGG-2","Dividing Tumor"
"SYNTH-9-15-1","Capture_3'_CCTCACACATACTGTG-1","T-cells"
"SYNTH-9-16-1","Capture_3'_AAACCCAAGTTGAAAC-4","Tumor"
"SYNTH-9-17-1","Capture_5'_CCTCTGATCACTTATC-3","Tumor"
"SYNTH-9-17-1","Capture_3'_TTCCTCTTCGGTTAGT-4","T-cells"
"SYNTH-9-17-1","Capture_5'_CTGCCTACACTGTTAG-4","Tumor"
"SYNTH-9-17-1","Capture_5'_TCGGTAAAGAAGGTGA-4","Tumor"
"SYNTH-9-17-1","Capture_5'_CATCGGGGTTGGGACA-2","Tumor"
"SYNTH-9-17-1","Capture_5'_GGGAGATAGTGTCTCA-4","Luminal A"
"SYNTH-9-17-1","Capture_5'_CGTCCATAGTACACCT-1","T-cells"
"SYNTH-9-17-1","Capture_5'_GACGTGCCACCTCGGA-4","Dividing Tumor"
"SYNTH-9-18-1","Capture_5'_GCTGCAGGTAAGAGAG-1","Tumor"
"SYNTH-9-18-1","Capture_5'_TAAACCGCACTCTGTC-2","Dividing Tumor"
"SYNTH-9-18-1","Capture_5'_CGAACATAGACTTGAA-3","Tumor"
"SYNTH-9-18-1","Capture_5'_CCTAAAGAGTCAAGCG-2","Luminal A"
"SYNTH-9-18-1","Capture_3'_ATGGAGGTCGTGAGAG-4","TAMs"
"SYNTH-9-18-1","Capture_3'_TGAATGCAGTATGACA-3","T-cells"
"SYNTH-9-19-1","Capture_5'_GACGTGCGTTCCCGAG-3","Fibroblasts"
"SYNTH-9-19-1","Capture_5'_AAGACCTTCCCTCAGT-4","Endothelial Cells"
"SYNTH-9-19-1","Capture_5'_ACACCAATCACCCGAG-4","Fibroblasts"
"SYNTH-9-19-1","Capture_5'_CAACTAGAGCCACTAT-3","Endothelial Cells"
"SYNTH-9-19-1","Capture_5'_CTCGTCAGTTCGAATC-4","T-cells"
"SYNTH-9-19-1","Capture_5'_TCTATTGTCCTAGGGC-2","Luminal A"
"SYNTH-9-19-1","Capture_5'_TCTCTAAAGCTCCCAG-1","Dividing Tumor"
"SYNTH-9-20-1","Capture_5'_CAAGAAAAGTCGTTTG-2","Tumor"
"SYNTH-9-20-1","Capture_3'_TGACCCTGTGCCCAGT-1","Dividing Tumor"
"SYNTH-9-20-1","Capture_5'_CAGCATATCCCAGGTG-4","Dividing Tumor"
"SYNTH-9-20-1","Capture_3'_GTGATGTCAGATAAAC-4","T-cells"
"SYNTH-9-20-1","Capture_5'_CAGCCGAAGCTACCGC-1","Tumor"
"SYNTH-9-21-1","Capture_5'_ATGAGGGTCCTCATTA-2","Tumor"
"SYNTH-9-22-1","Capture_5'_GGGAGATAGTTAAGTG-3","Dividing Tumor"
"SYNTH-9-22-1","Capture_5'_TTCCCAGCAGGGTACA-3","Myoepithelial Cells"
"SYNTH-9-22-1","Capture_5'_AGAGTGGTCCAGATCA-4","Tumor"
"SYNTH-9-22-1","Capture_3'_CCTCATGTCATTGGTG-4","Tumor"
"SYNTH-9-22-1","Capture_3'_GTGGGAAGTAGTGCGA-3","Luminal A"
"SYNTH-9-22-1","Capture_5'_GACGTGCGTTCAACCA-3","Dividing Tumor"
"SYNTH-9-23-1","Capture_5'_GTTCTCGGTTGATTCG-2","Tumor"
"SYNTH-9-23-1","Capture_5'_CACCTTGCAGACGCCT-1","B-cells"
"SYNTH-9-23-1","Capture_5'_TTAACTCCAACGATGG-4","Tumor"
"SYNTH-9-24-1","Capture_5'_CTCGAGGAGATCACGG-2","Dividing Tumor"
"SYNTH-9-24-1","Capture_5'_ATAAGAGTCGTGGGAA-2","Dividing Tumor"
"SYNTH-9-24-1","Capture_5'_TAGCCGGGTCCTAGCG-3","T-cells"
"SYNTH-9-24-1","Capture_3'_CTAACTTGTTGGCCGT-1","Tumor"
"SYNTH-9-24-1","Capture_5'_GTCGGGTGTTGGACCC-2","Tumor"
"SYNTH-9-24-1","Capture_5'_CTTAACTAGTGTGAAT-3","Tumor"
"SYNTH-9-24-1","Capture_3'_TTCCTCTAGTCACGAG-2","Tumor"
"SYNTH-9-25-1","Capture_5'_GTAACTGGTCTCCCTA-3","Tumor"
"SYNTH-9-25-1","Capture_5'_GGGAATGGTATATCCG-3","T-cells"
"SYNTH-9-25-1","Capture_5'_TGTGTTTGTAGCACGA-3","Dividing Tumor"
"SYNTH-9-25-1","Capture_5'_CCCTCCTCATTGCGGC-1","Tumor"
"SYNTH-9-25-1","Capture_5'_ACCCACTTCATCGCTC-2","Tumor"
"SYNTH-9-25-1","Capture_3'_TTTCGATCACAGACGA-4","T-cells"
"SYNTH-9-25-1","Capture_5'_AACTGGTGTATAGGGC-3","Tumor"
"SYNTH-9-25-1","Capture_5'_ACATGGTGTTGGACCC-2","T-cells"
"SYNTH-9-25-1","Capture_5'_GACGTTATCTCGATGA-4","Endothelial Cells"
"SYNTH-9-25-1","Capture_3'_AGGTCTACACTACCCT-3","Tumor"
"SYNTH-9-26-1","Capture_5'_TGGCTGGTCATGTAGC-4","Tumor"
"SYNTH-9-26-1","Capture_3'_GTGCTTCTCCTAAGTG-2","Tumor"
"SYNTH-9-26-1","Capture_3'_TCCTCTTTCTGGTGCG-1","T-cells"
"SYNTH-9-26-1","Capture_5'_ACGGCCAAGCTAGGCA-2","Tumor"
"SYNTH-9-26-1","Capture_5'_AGTCTTTTCTTCGAGA-4","Luminal A"
"SYNTH-9-26-1","Capture_5'_GGCGACTTCAACACCA-1","Dividing Tumor"
"SYNTH-9-26-1","Capture_5'_TTCTCCTGTCGTGGCT-2","Dividing Tumor"
"SYNTH-9-27-1","Capture_5'_ATTTCTGCAGTCAGAG-2","Tumor"
"SYNTH-9-27-1","Capture_5'_TGGCGCAGTGACGCCT-4","B-cells"
"SYNTH-9-27-1","Capture_3'_AGACACTAGTTGCGAG-3","Dividing Tumor"
"SYNTH-9-27-1","Capture_3'_CCCTCAAAGCCAAGCA-1","Dividing Tumor"
"SYNTH-9-27-1","Capture_3'_CATTCTACAATGAAAC-4","Dividing Tumor"
"SYNTH-9-27-1","Capture_5'_GACAGAGAGCGCCTCA-4","Luminal B"
"SYNTH-9-27-1","Capture_3'_GGTGTTATCCGAGAAG-4","Tumor"
"SYNTH-9-28-1","Capture_3'_GCATCGGCATAAGCAA-4","T-cells"
"SYNTH-9-28-1","Capture_5'_TAGGCATGTCGTCTTC-3","Dividing Tumor"
"SYNTH-9-28-1","Capture_5'_GCGCAGTGTTAAAGTG-4","T-cells"
"SYNTH-9-28-1","Capture_5'_TCATTTGTCTTTACGT-2","Tumor"
"SYNTH-9-29-1","Capture_3'_TCAAGACTCTTACACT-2","Dividing Tumor"
"SYNTH-9-29-1","Capture_3'_TACAGGTTCCATAGAC-2","Tumor"
"SYNTH-9-29-1","Capture_5'_CAAGAAATCAGGTTCA-2","Dividing Tumor"
"SYNTH-9-29-1","Capture_5'_GAGGTGACAGGGTACA-2","Dividing Tumor"
"SYNTH-9-29-1","Capture_5'_TTTACTGCAGTATGCT-1","T-cells"
"SYNTH-9-29-1","Capture_5'_CGATTGACAGCCAATT-4","Tumor"
"SYNTH-9-29-1","Capture_5'_TATGCCCTCCAAAGTC-3","Tumor"
"SYNTH-9-30-1","Capture_5'_GTAGGCCCAAACGCGA-3","Tumor"
"SYNTH-9-30-1","Capture_5'_GTTCATTAGTGTGGCA-1","Tumor"
"SYNTH-9-30-1","Capture_3'_GGGTAGAGTATCAAGA-2","Dividing Tumor"
"SYNTH-9-30-1","Capture_5'_CATCAAGTCCCTAACC-2","Tumor"
"SYNTH-9-30-1","Capture_5'_TAAGCGTTCTTGCAAG-3","T-cells"
"SYNTH-9-31-1","Capture_3'_GTGCTTCTCAAACGAA-3","Dividing Tumor"
"SYNTH-9-32-1","Capture_5'_CGAGCACTCCAGAAGG-1","Dividing Tumor"
"SYNTH-9-32-1","Capture_5'_TGTTCCGCACCGGAAA-4","Tumor"
"SYNTH-9-32-1","Capture_5'_CGGTTAAAGTCTCGGC-4","T-cells"
"SYNTH-9-32-1","Capture_3'_TAAGCGTAGCATAGGC-4","Tumor"
"SYNTH-9-32-1","Capture_5'_TACTCGCAGCAGATCG-4","Tumor"
"SYNTH-9-32-1","Capture_3'_AGACTCAAGATCGGTG-3","Dividing Tumor"
"SYNTH-9-32-1","Capture_3'_ACTGTGAAGGAAAGGT-4","Tumor"
"SYNTH-9-32-1","Capture_5'_CCTAGCTTCTTGTCAT-3","Dividing Tumor"
"SYNTH-9-32-1","Capture_5'_CCTCTGATCTGGTTCC-4","Tumor"
"SYNTH-9-33-1","Capture_5'_TTTGCGCCACACCGAC-1","Tumor"
"SYNTH-9-33-1","Capture_5'_GCTTGAAAGGGTTTCT-4","Luminal A"
"SYNTH-9-33-1","Capture_5'_TGTGTTTGTAGCTAAA-1","Tumor"
"SYNTH-9-33-1","Capture_5'_TCAGGATGTGTCGCTG-2","Dividing Tumor"
"SYNTH-9-34-1","Capture_5'_GATCAGTTCGAACTGT-2","Dividing Tumor"
"SYNTH-9-34-1","Capture_5'_TTTGCGCAGCCACTAT-4","Endothelial Cells"
"SYNTH-9-34-1","Capture_5'_TTTACTGAGCACGCCT-4","Tumor"
"SYNTH-9-35-1","Capture_3'_TGCGATAGTTCGGTCG-4","Dividing Tumor"
"SYNTH-9-35-1","Capture_5'_CGTCTACTCGCTGATA-3","Dividing Tumor"
"SYNTH-9-35-1","Capture_5'_CTGATCCCACCATGTA-1","Dividing Tumor"
"SYNTH-9-35-1","Capture_5'_GATGAAAAGGTCATCT-4","Tumor"
"SYNTH-9-36-1","Capture_5'_TCACGAACATCATCCC-3","Dividing Tumor"
"SYNTH-9-36-1","Capture_5'_GTAACTGTCCAGAGGA-3","Dividing Tumor"
"SYNTH-9-36-1","Capture_3'_CCAATTTTCCAACTAG-3","T-cells"
"SYNTH-9-36-1","Capture_3'_ATAGACCAGGTCCAGA-3","Tumor"
"SYNTH-9-36-1","Capture_5'_GATGAGGGTCCTAGCG-3","Dividing Tumor"
"SYNTH-9-37-1","Capture_5'_GAGTCCGAGAAGGTGA-1","Dividing Tumor"
"SYNTH-9-37-1","Capture_5'_CGAATGTAGAGCTATA-2","Dividing Tumor"
"SYNTH-9-37-1","Capture_5'_GAGGTGAAGGGCTTCC-4","Dividing Tumor"
"SYNTH-9-37-1","Capture_5'_ATAAGAGAGATCTGAA-2","Tumor"
"SYNTH-9-38-1","Capture_5'_GTGAAGGGTTAGGGTG-3","Dividing Tumor"
"SYNTH-9-38-1","Capture_3'_TGCACGGCATCTCAAG-4","Tumor"
"SYNTH-9-38-1","Capture_5'_TAGGCATCAGAAGCAC-3","T-cells"
"SYNTH-9-38-1","Capture_5'_GCCAAATTCTGAGGGA-4","Dividing Tumor"
"SYNTH-9-38-1","Capture_5'_TTCTTAGAGATAGGAG-1","Plasma Cells"
"SYNTH-9-38-1","Capture_5'_GACTAACAGTGGTAGC-3","Dividing Tumor"
"SYNTH-9-39-1","Capture_5'_GCTGCAGGTGTGAAAT-4","Tumor"
"SYNTH-9-40-1","Capture_5'_CGGAGCTGTTGGAGGT-2","T-cells"
"SYNTH-9-40-1","Capture_5'_TCTCTAAAGCGTGAGT-2","Luminal A"
"SYNTH-9-40-1","Capture_5'_TGTATTCTCGTCACGG-4","Dividing Tumor"
"SYNTH-9-40-1","Capture_5'_AGCATACAGATCCTGT-4","T-cells"
"SYNTH-9-40-1","Capture_5'_TTCGAAGGTCTAAACC-3","Dividing Tumor"
"SYNTH-9-40-1","Capture_3'_AGCATCACAGCAGTAG-2","T-cells"
"SYNTH-9-40-1","Capture_5'_TAAACCGAGCAATCTC-4","Tumor"
"SYNTH-9-41-1","Capture_3'_CGCCAGATCTCTAGGA-2","TAMs"
"SYNTH-9-41-1","Capture_3'_TTCCTCTTCGGTTAGT-4","T-cells"
"SYNTH-9-41-1","Capture_5'_CCTTTCTAGCGTCTAT-4","Tumor"
"SYNTH-9-41-1","Capture_3'_TGATTTCGTGTAAACA-4","T-cells"
"SYNTH-9-41-1","Capture_3'_GTTGTGACATGACTTG-2","Tumor"
"SYNTH-9-41-1","Capture_5'_GTATTCTCAGCCAATT-4","Dividing Tumor"
"SYNTH-9-41-1","Capture_5'_GGGAATGTCTACTCAT-3","T-cells"
"SYNTH-9-41-1","Capture_5'_CAAGAAAGTATCAGTC-1","Dividing Tumor"
"SYNTH-9-42-1","Capture_3'_CATTTCACACGCCACA-2","T-cells"
"SYNTH-9-42-1","Capture_5'_GACGTGCCATGTAAGA-2","Endothelial Cells"
"SYNTH-9-42-1","Capture_3'_TGAGGTTAGCAGGGAG-1","T-cells"
"SYNTH-9-42-1","Capture_5'_CAAGTTGCACATCCGG-1","Dividing Tumor"
"SYNTH-9-42-1","Capture_5'_CGGTTAAGTCGACTAT-4","Dividing Tumor"
"SYNTH-9-43-1","Capture_5'_ACATCAGAGACTACAA-1","Luminal A"
"SYNTH-9-43-1","Capture_5'_TCACAAGGTTCACGGC-2","T-cells"
"SYNTH-9-43-1","Capture_5'_CCTACACTCCGGCACA-4","TAMs"
"SYNTH-9-44-1","Capture_3'_ATGGATCGTAGGAGTC-2","Dividing Tumor"
"SYNTH-9-44-1","Capture_3'_AGGAAATGTGTTACAC-4","T-cells"
"SYNTH-9-44-1","Capture_3'_TTCACGCGTACAAGCG-1","T-cells"
"SYNTH-9-44-1","Capture_3'_ATACTTCCAAGGGTCA-4","Tumor"
"SYNTH-9-44-1","Capture_5'_CGCTGGAGTGTTCTTT-2","Dividing Tumor"
"SYNTH-9-44-1","Capture_3'_TTACAGGGTTGATCGT-1","Dividing Tumor"
"SYNTH-9-44-1","Capture_5'_CATATGGCAGGATTGG-4","T-cells"
"SYNTH-9-45-1","Capture_5'_CTTCTCTAGGCACATG-4","Tumor"
"SYNTH-9-45-1","Capture_5'_CCTTCGACACCAGATT-3","Tumor"
"SYNTH-9-45-1","Capture_5'_TTTGGTTAGCTACCGC-2","Luminal A"
"SYNTH-9-45-1","Capture_5'_CACACTCAGGATGCGT-2","Endothelial Cells"
"SYNTH-9-45-1","Capture_3'_ATTCCCGAGGCCTAGA-2","Tumor"
"SYNTH-9-46-1","Capture_5'_TCAGGATTCTCAAACG-3","Dividing Tumor"
"SYNTH-9-46-1","Capture_3'_GTTGCGGGTCTACAGT-4","Tumor"
"SYNTH-9-46-1","Capture_3'_TTGTTTGTCACGTCCT-4","Dividing Tumor"
"SYNTH-9-47-1","Capture_5'_CTACGTCAGCCCAACC-3","Dividing Tumor"
"SYNTH-9-48-1","Capture_5'_CATCGGGTCCAAATGC-2","Luminal A"
"SYNTH-9-48-1","Capture_3'_TCCGAAAGTGATTAGA-1","T-cells"
"SYNTH-9-48-1","Capture_3'_GGCTTGGCAAGCGATG-1","Tumor"
"SYNTH-9-48-1","Capture_5'_TTCTTAGGTGTAAGTA-2","Tumor"
"SYNTH-9-48-1","Capture_3'_TCCCATGTCCATAAGC-4","Dividing Tumor"
"SYNTH-9-48-1","Capture_5'_CGAATGTAGGGCACTA-4","Tumor"
"SYNTH-9-49-1","Capture_5'_CGACTTCAGGTGATTA-2","Tumor"
"SYNTH-9-49-1","Capture_3'_AGCCAGCGTCTGTAGT-4","Dividing Tumor"
"SYNTH-9-49-1","Capture_3'_CTCCCAACATACAGGG-2","Endothelial Cells"
"SYNTH-9-49-1","Capture_5'_AGCTCTCGTATCGCAT-3","Tumor"
"SYNTH-9-49-1","Capture_5'_TGCGCAGCAGGAACGT-3","Tumor"
"SYNTH-9-49-1","Capture_5'_CCTACACGTATGGTTC-2","Tumor"
"SYNTH-9-49-1","Capture_3'_TCGTAGACAAGGAGTC-2","Tumor"
"SYNTH-9-50-1","Capture_5'_GGCGACTCAACTTGAC-3","Tumor"
"SYNTH-9-50-1","Capture_3'_CTCCGATAGCTATCTG-4","Tumor"
"SYNTH-9-50-1","Capture_3'_ACCAACAGTAGCTGCC-3","Tumor"
"SYNTH-9-50-1","Capture_3'_ATCGCCTTCATGAGTC-2","Tumor"
"SYNTH-10-1-1","Capture_5'_GGCGTGTCACAGGTTT-4","Dividing Tumor"
"SYNTH-10-1-1","Capture_5'_TAGTTGGAGCACAGGT-1","Tumor"
"SYNTH-10-1-1","Capture_5'_GCGACCATCGAGCCCA-4","Tumor"
"SYNTH-10-1-1","Capture_5'_ACGCCAGCATCTGGTA-2","Dividing Tumor"
"SYNTH-10-2-1","Capture_5'_TTCTCAATCTGTCAAG-3","Tumor"
"SYNTH-10-2-1","Capture_3'_CCCAACTAGTCTTCGA-4","Dividing Tumor"
"SYNTH-10-2-1","Capture_5'_CTACCCATCTGGGCCA-3","Tumor"
"SYNTH-10-2-1","Capture_5'_GCAAACTTCCTAGGGC-4","Tumor"
"SYNTH-10-2-1","Capture_5'_GCAAACTCACATTTCT-4","Endothelial Cells"
"SYNTH-10-2-1","Capture_5'_AACTGGTGTCCAACTA-4","Tumor"
"SYNTH-10-2-1","Capture_3'_GCAGCCACAAGTGGGT-1","T-cells"
"SYNTH-10-2-1","Capture_5'_TATCAGGTCGCGCCAA-3","Dividing Tumor"
"SYNTH-10-3-1","Capture_5'_GATCGCGGTCGAGTTT-4","Tumor"
"SYNTH-10-3-1","Capture_5'_TTCTTAGGTCGGATCC-3","Tumor"
"SYNTH-10-3-1","Capture_3'_CGGTCAGAGGGACTGT-1","Tumor"
"SYNTH-10-3-1","Capture_5'_GGGAGATCACGGACAA-4","TAMs"
"SYNTH-10-3-1","Capture_3'_GTTGTAGGTTTCACTT-3","Tumor"
"SYNTH-10-3-1","Capture_5'_CGTTAGAAGACTAGAT-4","Tumor"
"SYNTH-10-3-1","Capture_5'_CTCCTAGCATGACATC-2","Dividing Tumor"
"SYNTH-10-3-1","Capture_5'_CCAATCCCAATAACGA-4","T-cells"
"SYNTH-10-4-1","Capture_3'_ACCTGTCAGGGTTAAT-3","Tumor"
"SYNTH-10-4-1","Capture_5'_TGAGAGGTCCCACTTG-3","Luminal A"
"SYNTH-10-4-1","Capture_5'_CCGGTAGCAAGGGTCA-2","Tumor"
"SYNTH-10-4-1","Capture_5'_GACGTTACATCACCCT-4","Fibroblasts"
"SYNTH-10-4-1","Capture_5'_GTATTCTTCTGATACG-3","Dividing Tumor"
"SYNTH-10-4-1","Capture_5'_GTTTCTACACGAAAGC-2","Tumor"
"SYNTH-10-4-1","Capture_5'_ACACTGAGTTGTCGCG-4","Tumor"
"SYNTH-10-4-1","Capture_5'_TGCCCATCACAACTGT-1","Dividing Tumor"
"SYNTH-10-4-1","Capture_5'_AAGGCAGGTGACAAAT-3","T-cells"
"SYNTH-10-4-1","Capture_3'_GATGGAGCATCCGCGA-3","Tumor"
"SYNTH-10-5-1","Capture_5'_TCTCATATCCTATGTT-4","Dividing Tumor"
"SYNTH-10-5-1","Capture_3'_ACCAAACAGAGTCAAT-3","Tumor"
"SYNTH-10-5-1","Capture_3'_AAGCATCCACTTCAGA-4","Tumor"
"SYNTH-10-5-1","Capture_3'_CTGATCCGTGCAACGA-1","Dividing Tumor"
"SYNTH-10-6-1","Capture_5'_CAGTAACAGGATGCGT-3","Tumor"
"SYNTH-10-6-1","Capture_3'_CTTCTAAGTTGTATGC-3","T-cells"
"SYNTH-10-6-1","Capture_5'_CAGCTGGTCACAATGC-2","Dividing Tumor"
"SYNTH-10-6-1","Capture_5'_ACCTTTATCCTAAGTG-4","Luminal A"
"SYNTH-10-6-1","Capture_5'_GGGCACTTCTAACTGG-1","Plasma Cells"
"SYNTH-10-6-1","Capture_5'_TTCTTAGGTGTAAGTA-2","Tumor"
"SYNTH-10-7-1","Capture_3'_AAGGTAACAAGTAGTA-3","T-cells"
"SYNTH-10-7-1","Capture_3'_TGCATCCAGACGACGT-2","Tumor"
"SYNTH-10-7-1","Capture_5'_AGGTCATAGACTTGAA-2","Tumor"
"SYNTH-10-7-1","Capture_3'_CGTAGTACAAGTCATC-3","Tumor"
"SYNTH-10-7-1","Capture_5'_CAGTAACGTTATCGGT-4","Dividing Tumor"
"SYNTH-10-7-1","Capture_5'_CACACTCCACCAACCG-3","T-cells"
"SYNTH-10-7-1","Capture_5'_GATGAAATCCGGCACA-4","Dividing Tumor"
"SYNTH-10-8-1","Capture_5'_AGCGGTCAGGCGTACA-2","T-cells"
"SYNTH-10-9-1","Capture_5'_GGACATTTCTGACCTC-2","Tumor"
"SYNTH-10-9-1","Capture_5'_CTCTACGCAAGCGAGT-1","Tumor"
"SYNTH-10-9-1","Capture_5'_GTGAAGGGTCATGCCG-3","T-cells"
"SYNTH-10-9-1","Capture_5'_TTAGGCAAGTCGTTTG-3","Tumor"
"SYNTH-10-9-1","Capture_5'_GAAATGATCCACGTGG-4","Tumor"
"SYNTH-10-9-1","Capture_5'_CCAATCCTCCGAAGAG-1","Tumor"
"SYNTH-10-9-1","Capture_3'_ACCTGAACAGAAACCG-1","Dividing Tumor"
"SYNTH-10-10-1","Capture_5'_TCAGCAACACGGTAGA-2","Endothelial Cells"
"SYNTH-10-10-1","Capture_5'_TCACGAATCTACGAGT-4","T-cells"
"SYNTH-10-10-1","Capture_5'_CTACATTAGACTTGAA-1","Tumor"
"SYNTH-10-10-1","Capture_3'_GCCAGGTGTTTCTATC-1","Tumor"
"SYNTH-10-10-1","Capture_5'_GTAGTCAGTGTAATGA-1","Tumor"
"SYNTH-10-10-1","Capture_3'_ATGAAAGTCTCGTCAC-1","Dividing Tumor"
"SYNTH-10-10-1","Capture_5'_GGGTTGCGTAGCAAAT-1","Dividing Tumor"
"SYNTH-10-10-1","Capture_5'_ATAGACCTCCATGAGT-3","Tumor"
"SYNTH-10-10-1","Capture_5'_ATGTGTGGTTAGTGGG-4","Dividing Tumor"
"SYNTH-10-11-1","Capture_3'_CTGTAGAGTGACCGTC-1","Endothelial Cells"
"SYNTH-10-11-1","Capture_5'_CGTAGGCCAATGTAAG-3","T-cells"
"SYNTH-10-11-1","Capture_5'_CGTGTAAAGCAAATCA-1","Tumor"
"SYNTH-10-11-1","Capture_5'_ATAGACCGTAAGTGTA-3","Dividing Tumor"
"SYNTH-10-12-1","Capture_5'_CTCGAGGAGCCACGTC-1","Tumor"
"SYNTH-10-13-1","Capture_5'_GCTCTGTCATGGATGG-3","Dividing Tumor"
"SYNTH-10-13-1","Capture_5'_TACCTTAGTAGAAAGG-4","Dividing Tumor"
"SYNTH-10-13-1","Capture_5'_TGTGGTAGTAAGGATT-2","Tumor"
"SYNTH-10-13-1","Capture_5'_GGGATGACATTCTCAT-4","Dividing Tumor"
"SYNTH-10-13-1","Capture_5'_GTATCTTCACTGTCGG-1","Dividing Tumor"
"SYNTH-10-13-1","Capture_5'_TCCCGATTCTCTGAGA-4","Tumor"
"SYNTH-10-13-1","Capture_3'_GTACAACGTTAAGTCC-2","Tumor"
"SYNTH-10-13-1","Capture_3'_TGGTTAGAGTGTACCT-4","T-cells"
"SYNTH-10-13-1","Capture_5'_CGTCTACAGCGTCAAG-1","T-cells"
"SYNTH-10-13-1","Capture_5'_AGCGTATAGTTTGCGT-1","Tumor"
"SYNTH-10-14-1","Capture_3'_GTCGCGAGTAGATTAG-2","Tumor"
"SYNTH-10-14-1","Capture_5'_TGTTCCGTCTAACGGT-4","Dividing Tumor"
"SYNTH-10-14-1","Capture_5'_AGCGTATAGCTAGGCA-2","Dividing Tumor"
"SYNTH-10-14-1","Capture_5'_ATCCACCAGCTCCTCT-3","Dividing Tumor"
"SYNTH-10-14-1","Capture_3'_CGTTGGGGTTTGGAAA-4","Dividing Tumor"
"SYNTH-10-14-1","Capture_3'_CATCGCTGTGGGATTG-1","Dividing Tumor"
"SYNTH-10-14-1","Capture_5'_CAGCTGGTCATGTAGC-1","Tumor"
"SYNTH-10-14-1","Capture_5'_TCACGAATCGTCTGAA-2","Dividing Tumor"
"SYNTH-10-14-1","Capture_5'_GCGCAGTCAAACAACA-4","Dividing Tumor"
"SYNTH-10-15-1","Capture_5'_CATGACACACCCATGG-2","Tumor"
"SYNTH-10-15-1","Capture_5'_TTTGGTTAGTACATGA-3","Fibroblasts"
"SYNTH-10-15-1","Capture_3'_TACGTCCAGAGCCGTA-2","Tumor"
"SYNTH-10-16-1","Capture_3'_ATTCTACAGGCTCTCG-3","Luminal A"
"SYNTH-10-16-1","Capture_5'_CGATTGACACCAACCG-2","Tumor"
"SYNTH-10-16-1","Capture_5'_TGGCGCAGTGACGCCT-4","B-cells"
"SYNTH-10-17-1","Capture_3'_TGGTTAGAGGATTCAA-4","Fibroblasts"
"SYNTH-10-18-1","Capture_5'_CTGCTGTGTCCGCTGA-4","Tumor"
"SYNTH-10-18-1","Capture_5'_AGTTGGTGTAAGTTCC-2","Tumor"
"SYNTH-10-18-1","Capture_5'_CTGAAACGTACTTAGC-2","T-cells"
"SYNTH-10-19-1","Capture_5'_TACTCATAGGAGTAGA-1","Tumor"
"SYNTH-10-19-1","Capture_5'_CCTACACGTTAAAGTG-1","Dividing Tumor"
"SYNTH-10-19-1","Capture_5'_AAACGGGAGGCTCTTA-1","Tumor"
"SYNTH-10-19-1","Capture_5'_CTAGAGTCACGTCAGC-4","Tumor"
"SYNTH-10-19-1","Capture_5'_CAGAATCCAATCGGTT-3","Tumor"
"SYNTH-10-20-1","Capture_3'_TACGGGCGTTGAGGAC-3","Myoepithelial Cells"
"SYNTH-10-20-1","Capture_3'_AACACACTCCGGCAAC-4","T-cells"
"SYNTH-10-20-1","Capture_5'_CGGCTAGAGCTAGTGG-1","Luminal A"
"SYNTH-10-21-1","Capture_5'_GACTAACGTCCGTCAG-2","T-cells"
"SYNTH-10-21-1","Capture_3'_ATTACTCCAGATCACT-4","Tumor"
"SYNTH-10-21-1","Capture_5'_AGTAGTCAGTGAACAT-4","Dividing Tumor"
"SYNTH-10-21-1","Capture_3'_CGGGACTGTTAGGCCC-4","Tumor"
"SYNTH-10-21-1","Capture_5'_GTGCAGCAGTTGCAGG-3","Tumor"
"SYNTH-10-21-1","Capture_5'_CGTAGGCCAGATCTGT-4","B-cells"
"SYNTH-10-22-1","Capture_5'_GCAGCCATCAGGCAAG-3","Luminal A"
"SYNTH-10-22-1","Capture_3'_TATCTTGTCGGAGATG-2","Endothelial Cells"
"SYNTH-10-22-1","Capture_5'_TTCTCCTGTACTCTCC-4","Tumor"
"SYNTH-10-22-1","Capture_5'_AACGTTGTCGGTGTTA-1","Luminal B"
"SYNTH-10-22-1","Capture_3'_GGTAACTGTGATACTC-2","Dividing Tumor"
"SYNTH-10-22-1","Capture_5'_GCGCAGTTCTACTATC-3","Dividing Tumor"
"SYNTH-10-22-1","Capture_3'_TATTGGGAGGGCCCTT-4","Tumor"
"SYNTH-10-22-1","Capture_5'_CGAGCACCATTCCTCG-3","Dividing Tumor"
"SYNTH-10-22-1","Capture_5'_CACATAGGTTTGTTGG-1","Endothelial Cells"
"SYNTH-10-23-1","Capture_5'_CTGCTGTAGCGAGAAA-4","Dividing Tumor"
"SYNTH-10-23-1","Capture_3'_CGACAGCTCATTATCC-4","Tumor"
"SYNTH-10-23-1","Capture_3'_TCAAGCAAGGGTAATT-3","Dividing Tumor"
"SYNTH-10-23-1","Capture_3'_CAGCAGCCACCCTTAC-1","T-cells"
"SYNTH-10-23-1","Capture_5'_TCACAAGCATCATCCC-1","Dividing Tumor"
"SYNTH-10-23-1","Capture_5'_CAAGTTGTCTGATACG-4","Fibroblasts"
"SYNTH-10-23-1","Capture_5'_TAGAGCTTCGGCATCG-3","T-cells"
"SYNTH-10-23-1","Capture_5'_AGGTCATAGGTAAACT-2","Dividing Tumor"
"SYNTH-10-23-1","Capture_5'_CTCGAGGGTTATCGGT-1","Dividing Tumor"
"SYNTH-10-23-1","Capture_5'_GGAAAGCGTATTCTCT-1","Tumor"
"SYNTH-10-24-1","Capture_5'_AACGTTGCAAACGCGA-4","Luminal A"
"SYNTH-10-24-1","Capture_5'_ATCATCTTCCTCATTA-2","Luminal B"
"SYNTH-10-25-1","Capture_5'_CACCTTGAGCCAACAG-4","Tumor"
"SYNTH-10-25-1","Capture_5'_GGACATTGTGAGGCTA-1","Tumor"
"SYNTH-10-25-1","Capture_5'_ATTCTACAGTTGTCGT-3","Dividing Tumor"
"SYNTH-10-25-1","Capture_5'_AGGTCATTCTGGTGTA-4","T-cells"
"SYNTH-10-26-1","Capture_5'_ACCAGTACATCGACGC-4","T-cells"
"SYNTH-10-27-1","Capture_5'_AGTGAGGCACGCTTTC-4","Tumor"
"SYNTH-10-27-1","Capture_5'_GGGAATGCAGTATAAG-3","Tumor"
"SYNTH-10-27-1","Capture_5'_CCCTCCTCACAAGACG-3","Tumor"
"SYNTH-10-27-1","Capture_3'_GACTATGCACAATCTG-4","Dividing Tumor"
"SYNTH-10-27-1","Capture_5'_GATGAGGAGCTGAACG-4","Tumor"
"SYNTH-10-27-1","Capture_5'_CGCTTCAAGTCGTTTG-3","Tumor"
"SYNTH-10-27-1","Capture_5'_TTTGGTTAGGCTCAGA-1","Tumor"
"SYNTH-10-27-1","Capture_5'_TACACGAGTCTACCTC-1","Dividing Tumor"
"SYNTH-10-27-1","Capture_3'_ACATCGATCCGATAAC-3","Tumor"
"SYNTH-10-27-1","Capture_3'_CAGTGCGCACCTCTGT-2","T-cells"
"SYNTH-10-28-1","Capture_3'_AGATGAAGTGGAACAC-3","Dividing Tumor"
"SYNTH-10-28-1","Capture_5'_GTGAAGGAGATAGGAG-3","Endothelial Cells"
"SYNTH-10-28-1","Capture_3'_GACTGATAGGTGGCTA-1","Tumor"
"SYNTH-10-28-1","Capture_5'_CAGCGACCAGGATCGA-3","Tumor"
"SYNTH-10-29-1","Capture_3'_CCGTGAGAGTCAGAGC-4","Tumor"
"SYNTH-10-29-1","Capture_3'_TATCGCCCACACCGCA-3","Tumor"
"SYNTH-10-29-1","Capture_3'_CGGAATTTCCATTGCC-4","Dividing Tumor"
"SYNTH-10-29-1","Capture_5'_ACGGGCTGTCTTCAAG-4","T-cells"
"SYNTH-10-30-1","Capture_5'_GACTACAAGCTCCCAG-4","Dividing Tumor"
"SYNTH-10-30-1","Capture_5'_CCTCTGATCTGGTTCC-4","Tumor"
"SYNTH-10-30-1","Capture_5'_CCTCTGACAGGTCCAC-4","Tumor"
"SYNTH-10-30-1","Capture_5'_AACGTTGTCGGTGTTA-1","Luminal B"
"SYNTH-10-30-1","Capture_5'_GGCAATTGTAAGTGGC-4","Dividing Tumor"
"SYNTH-10-30-1","Capture_5'_ATTCTACGTGTTAAGA-4","TAMs"
"SYNTH-10-31-1","Capture_5'_GTGAAGGGTCGAGTTT-4","T-cells"
"SYNTH-10-31-1","Capture_5'_TTGACTTAGCAGACTG-1","Dividing Tumor"
"SYNTH-10-31-1","Capture_3'_GTTCTATAGTTGTAGA-3","Dividing Tumor"
"SYNTH-10-31-1","Capture_5'_AATCCAGTCTCGTTTA-2","Tumor"
"SYNTH-10-31-1","Capture_5'_TTCTTAGAGATCCCGC-2","T-cells"
"SYNTH-10-31-1","Capture_3'_ACGTAGTCAAGCGGAT-1","Luminal A"
"SYNTH-10-31-1","Capture_5'_CTTAGGAGTATTAGCC-3","Dividing Tumor"
"SYNTH-10-32-1","Capture_5'_TGTTCCGGTCGATTGT-1","B-cells"
"SYNTH-10-32-1","Capture_3'_CAATTTCGTGGCTTGC-1","Tumor"
"SYNTH-10-32-1","Capture_5'_AGTAGTCCAGCTCCGA-3","Dividing Tumor"
"SYNTH-10-33-1","Capture_5'_AACGTTGGTCTGCCAG-2","Luminal A"
"SYNTH-10-33-1","Capture_3'_ACCCTTGCATATTCGG-4","T-cells"
"SYNTH-10-33-1","Capture_5'_CGCGTTTGTCCAGTTA-4","Dividing Tumor"
"SYNTH-10-33-1","Capture_5'_CTGATAGGTGATGTCT-2","Tumor"
"SYNTH-10-33-1","Capture_5'_AGACGTTAGTGGGCTA-3","T-cells"
"SYNTH-10-33-1","Capture_5'_AAAGTAGGTCATGCAT-4","Dividing Tumor"
"SYNTH-10-34-1","Capture_3'_ATGAGTCGTATAGGGC-1","Dividing Tumor"
"SYNTH-10-34-1","Capture_3'_GTGGGAAAGCTGTCCG-2","Dividing Tumor"
"SYNTH-10-34-1","Capture_5'_CATCAAGTCCCTAACC-2","Tumor"
"SYNTH-10-34-1","Capture_3'_TGAATGCCAGAAGCTG-2","Tumor"
"SYNTH-10-34-1","Capture_3'_AGCTCAAAGTCTAACC-2","Endothelial Cells"
"SYNTH-10-35-1","Capture_5'_TCACGAAGTCCGAATT-3","Tumor"
"SYNTH-10-35-1","Capture_5'_CACTCCAGTACCGTTA-2","T-cells"
"SYNTH-10-35-1","Capture_5'_CGGTTAACATGAAGTA-3","Endothelial Cells"
"SYNTH-10-35-1","Capture_5'_CATTCGCAGCGAAGGG-3","Tumor"
"SYNTH-10-35-1","Capture_5'_CGGACGTTCCAGTAGT-4","Dividing Tumor"
"SYNTH-10-35-1","Capture_3'_CCTCTCCTCATATGGC-4","Tumor"
"SYNTH-10-36-1","Capture_5'_TGTTCCGAGATCGGGT-1","Dividing Tumor"
"SYNTH-10-36-1","Capture_5'_TCAGCAAGTACCGAGA-3","Dividing Tumor"
"SYNTH-10-36-1","Capture_5'_CGAGCACTCGTACGGC-2","Tumor"
"SYNTH-10-36-1","Capture_3'_GGACGTCGTTTACGAC-1","T-cells"
"SYNTH-10-37-1","Capture_5'_ACGAGCCCAAACTGCT-2","Dividing Tumor"
"SYNTH-10-37-1","Capture_5'_GCTTGAAGTGCACGAA-1","Tumor"
"SYNTH-10-37-1","Capture_5'_GGGTTGCGTCCGAACC-4","Tumor"
"SYNTH-10-37-1","Capture_5'_TGGACGCAGCCTTGAT-4","Tumor"
"SYNTH-10-38-1","Capture_3'_TATTTCGCATGCAGCC-4","Dividing Tumor"
"SYNTH-10-38-1","Capture_5'_TGCCAAACATACTCTT-1","Tumor"
"SYNTH-10-38-1","Capture_5'_CTCCTAGCATGACATC-2","Dividing Tumor"
"SYNTH-10-38-1","Capture_5'_CGTGTCTTCTCCTATA-4","Dividing Tumor"
"SYNTH-10-38-1","Capture_3'_ATTCACTCACGCGCAT-3","Dividing Tumor"
"SYNTH-10-38-1","Capture_5'_CACACCTGTTCACGGC-2","T-cells"
"SYNTH-10-38-1","Capture_5'_AGCATACAGCGTCAAG-2","Tumor"
"SYNTH-10-38-1","Capture_3'_GTGTTCCTCCTGGGTG-3","Plasma Cells"
"SYNTH-10-39-1","Capture_5'_GAAGCAGAGAGTGACC-4","Dividing Tumor"
"SYNTH-10-39-1","Capture_3'_CGATGCGGTGGCTGCT-3","T-cells"
"SYNTH-10-39-1","Capture_5'_GTAACTGAGCGATATA-3","Luminal A"
"SYNTH-10-39-1","Capture_5'_TGAGGGAGTGCACCAC-1","Tumor"
"SYNTH-10-40-1","Capture_5'_ACGGAGAAGATAGGAG-4","Dividing Tumor"
"SYNTH-10-40-1","Capture_3'_GAGTGTTAGTTGTACC-1","Tumor"
"SYNTH-10-40-1","Capture_3'_CTCCACAGTGGTCTTA-4","Dividing Tumor"
"SYNTH-10-40-1","Capture_5'_CGGCTAGTCGCTAGCG-4","Dividing Tumor"
"SYNTH-10-40-1","Capture_3'_TGGTAGTGTGATCATC-3","Tumor"
"SYNTH-10-40-1","Capture_5'_AGATTGCAGGGTCGAT-3","Dividing Tumor"
"SYNTH-10-40-1","Capture_5'_CGTCAGGCACACCGCA-3","Dividing Tumor"
"SYNTH-10-40-1","Capture_3'_CTGTGAAAGCCAGACA-4","Tumor"
"SYNTH-10-41-1","Capture_5'_TATCAGGTCACCACCT-1","Tumor"
"SYNTH-10-41-1","Capture_5'_GTGCGGTCAGACTCGC-4","Tumor"
"SYNTH-10-41-1","Capture_5'_ACGCCGACACGAAACG-3","Dividing Tumor"
"SYNTH-10-41-1","Capture_5'_AACTGGTCAAGCCGTC-1","Tumor"
"SYNTH-10-41-1","Capture_3'_TCCCAGTGTTTCGTTT-3","Dividing Tumor"
"SYNTH-10-41-1","Capture_3'_GCATTAGAGCTAGCCC-4","Tumor"
"SYNTH-10-42-1","Capture_5'_GTCGTAATCTAACCGA-3","Dividing Tumor"
"SYNTH-10-42-1","Capture_3'_GGGTGAACACTTCAAG-3","Tumor"
"SYNTH-10-42-1","Capture_5'_TGACGGCAGTACGTAA-3","T-cells"
"SYNTH-10-42-1","Capture_5'_ATCCACCTCAATACCG-1","B-cells"
"SYNTH-10-42-1","Capture_3'_AAAGAACCACATAACC-2","TAMs"
"SYNTH-10-42-1","Capture_5'_CTACGTCCAGTCAGAG-2","T-cells"
"SYNTH-10-42-1","Capture_5'_TGTGGTACACAGATTC-4","Dividing Tumor"
"SYNTH-10-43-1","Capture_3'_TCGGGTGCACGGGCTT-4","Tumor"
"SYNTH-10-43-1","Capture_5'_TCTTTCCTCTAGCACA-4","Tumor"
"SYNTH-10-43-1","Capture_3'_GTAGCTACATCGAACT-1","Luminal A"
"SYNTH-10-43-1","Capture_5'_CGAGAAGAGCCAGAAC-4","Tumor"
"SYNTH-10-43-1","Capture_3'_ACCTGAAGTTACACAC-3","T-cells"
"SYNTH-10-43-1","Capture_3'_ATGGTTGAGTTTCAGC-3","TAMs"
"SYNTH-10-43-1","Capture_3'_AGGGTTTCAAGATGTA-3","T-cells"
"SYNTH-10-43-1","Capture_5'_TCCCGATTCCGAAGAG-2","Tumor"
"SYNTH-10-43-1","Capture_5'_GCAAACTAGCGTAATA-2","Tumor"
"SYNTH-10-43-1","Capture_5'_GGAACTTCACCAGTTA-4","Dividing Tumor"
"SYNTH-10-44-1","Capture_5'_ATCTGCCGTAAGGATT-4","Dividing Tumor"
"SYNTH-10-45-1","Capture_5'_GTCACGGCATAGTAAG-4","Tumor"
"SYNTH-10-45-1","Capture_3'_ACTATCTTCCGTAGGC-2","Tumor"
"SYNTH-10-45-1","Capture_3'_TAACTTCAGAGTCACG-3","Tumor"
"SYNTH-10-45-1","Capture_5'_TGGGAAGGTAGCGCAA-1","Tumor"
"SYNTH-10-45-1","Capture_5'_CCGTTCAAGACAGAGA-2","Tumor"
"SYNTH-10-45-1","Capture_3'_TACTTACCATCGAACT-1","Dividing Tumor"
"SYNTH-10-45-1","Capture_3'_TTCTAACTCGAAACAA-3","T-cells"
"SYNTH-10-45-1","Capture_3'_AAGACAAAGGTTATAG-4","Dividing Tumor"
"SYNTH-10-46-1","Capture_5'_AGCGTATTCCACGCAG-3","Tumor"
"SYNTH-10-46-1","Capture_3'_CTCAATTTCGCTCTCA-3","Tumor"
"SYNTH-10-46-1","Capture_3'_CACATGAGTCCTGAAT-3","T-cells"
"SYNTH-10-46-1","Capture_3'_CATCCGTTCACCTTAT-4","TAMs"
"SYNTH-10-46-1","Capture_5'_ATTCTACGTCCAGTAT-3","Tumor"
"SYNTH-10-46-1","Capture_3'_ATTCTTGCAGGGAATC-1","Tumor"
"SYNTH-10-47-1","Capture_3'_CCATCACTCCACACCT-4","Tumor"
"SYNTH-10-48-1","Capture_3'_TGGTTAGGTCTGTCCT-4","Tumor"
"SYNTH-10-48-1","Capture_3'_CGGGTCACAAACTCGT-4","T-cells"
"SYNTH-10-48-1","Capture_5'_CGGGTCAAGAAGGCCT-2","Dividing Tumor"
"SYNTH-10-48-1","Capture_3'_AGGGTTTCAAGATGTA-3","T-cells"
"SYNTH-10-48-1","Capture_5'_CCTACACAGCTGATAA-4","B-cells"
"SYNTH-10-48-1","Capture_5'_CGCTGGACACATCTTT-2","Tumor"
"SYNTH-10-48-1","Capture_3'_GTCAAACCACTTGTGA-4","Dividing Tumor"
"SYNTH-10-49-1","Capture_5'_ATCACGATCGCCATAA-4","Tumor"
"SYNTH-10-49-1","Capture_3'_AACACACTCCAACCGG-4","Tumor"
"SYNTH-10-49-1","Capture_5'_TACTTACAGACGCAAC-4","Tumor"
"SYNTH-10-50-1","Capture_5'_TAAACCGCATATACCG-1","Tumor"
"SYNTH-10-50-1","Capture_5'_ACGCAGCAGATGTAAC-3","Dividing Tumor"
"SYNTH-10-50-1","Capture_5'_ATCACGAAGGTGCTAG-3","Fibroblasts"
"SYNTH-10-50-1","Capture_5'_TGAGAGGTCAGCACAT-4","T-cells"
"SYNTH-11-1-1","Capture_5'_CTCTGGTAGAGGTACC-4","Dividing Tumor"
"SYNTH-11-1-1","Capture_3'_ACCTGTCTCGTCCTCA-1","Dividing Tumor"
"SYNTH-11-1-1","Capture_5'_CTACGTCTCTGGCGAC-4","Endothelial Cells"
"SYNTH-11-1-1","Capture_5'_CTCTGGTAGTGTGAAT-2","Dividing Tumor"
"SYNTH-11-1-1","Capture_5'_TGAGCCGGTAAATACG-4","Ciliated Cells"
"SYNTH-11-1-1","Capture_5'_AACCATGTCTGACCTC-1","Tumor"
"SYNTH-11-2-1","Capture_3'_CCCTGATCAATCAAGA-4","Tumor"
"SYNTH-11-2-1","Capture_5'_AAATGCCCATCGGACC-3","T-cells"
"SYNTH-11-2-1","Capture_3'_AGGCATTTCTACGGTA-2","Tumor"
"SYNTH-11-3-1","Capture_5'_GTTTCTAGTTTGGCGC-1","Tumor"
"SYNTH-11-3-1","Capture_3'_TATCCTAAGTCAAGCG-2","Tumor"
"SYNTH-11-3-1","Capture_5'_ATTACTCGTCGGGTCT-3","T-cells"
"SYNTH-11-3-1","Capture_5'_CTGAAACCATACTACG-1","Dividing Tumor"
"SYNTH-11-3-1","Capture_5'_GTGCTTCGTCTTGTCC-4","Tumor"
"SYNTH-11-4-1","Capture_5'_CGGACTGGTTCAGGCC-1","Luminal A"
"SYNTH-11-4-1","Capture_3'_ATCGCCTTCATGAGTC-2","Tumor"
"SYNTH-11-4-1","Capture_5'_CAGCTGGAGGCCGAAT-3","Luminal A"
"SYNTH-11-5-1","Capture_3'_AATGGAACACAGACGA-3","Tumor"
"SYNTH-11-5-1","Capture_3'_TTGGATGGTACGTGTT-3","Dividing Tumor"
"SYNTH-11-5-1","Capture_3'_GAGTGAGAGCTAGAGC-3","Dividing Tumor"
"SYNTH-11-5-1","Capture_3'_TCCTGCATCTGCACCT-2","Tumor"
"SYNTH-11-5-1","Capture_5'_CAGGTGCCATATGGTC-3","T-cells"
"SYNTH-11-6-1","Capture_5'_CGCTTCAGTCGCATCG-2","Dividing Tumor"
"SYNTH-11-6-1","Capture_5'_CGAGCACCACCATCCT-4","Dividing Tumor"
"SYNTH-11-6-1","Capture_3'_GCCGATGTCCAGCCTT-1","Dividing Tumor"
"SYNTH-11-6-1","Capture_3'_TGAGGGATCCATTCGC-4","TAMs"
"SYNTH-11-7-1","Capture_3'_ACTTCCGGTCTACGTA-3","B-cells"
"SYNTH-11-7-1","Capture_5'_AGCCTAAGTTGGAGGT-3","Dividing Tumor"
"SYNTH-11-8-1","Capture_3'_TGTAGACGTAGATGTA-2","Tumor"
"SYNTH-11-8-1","Capture_3'_GTAGAAATCTATACTC-4","TAMs"
"SYNTH-11-8-1","Capture_5'_GTAGTCAAGGAGCGTT-3","Luminal A"
"SYNTH-11-8-1","Capture_3'_CTATCTAGTAAGGCTG-1","Dividing Tumor"
"SYNTH-11-8-1","Capture_5'_TCGTACCCATCTACGA-1","Dividing Tumor"
"SYNTH-11-8-1","Capture_5'_TTCTCAACAAGCTGAG-1","Tumor"
"SYNTH-11-9-1","Capture_5'_GTCCTCAGTTACCAGT-2","Tumor"
"SYNTH-11-10-1","Capture_5'_TTCCCAGAGTGAAGAG-4","T-cells"
"SYNTH-11-10-1","Capture_5'_AAACCTGAGGATGCGT-1","Tumor"
"SYNTH-11-10-1","Capture_5'_GGCGACTTCGGAATCT-1","Tumor"
"SYNTH-11-10-1","Capture_5'_GCGGGTTAGATGTCGG-4","Dividing Tumor"
"SYNTH-11-10-1","Capture_3'_TGAGGTTCAGTAACAA-4","Tumor"
"SYNTH-11-11-1","Capture_5'_ATGAGGGTCCAAACTG-3","Luminal A"
"SYNTH-11-11-1","Capture_3'_AGGTTGTTCTTCGTGC-1","Dividing Tumor"
"SYNTH-11-11-1","Capture_5'_CGTCAGGAGGCCATAG-2","Tumor"
"SYNTH-11-11-1","Capture_3'_CAGGCCATCTGACCCT-4","Tumor"
"SYNTH-11-11-1","Capture_5'_GGAATAACATCCCATC-1","Tumor"
"SYNTH-11-12-1","Capture_5'_CTCGAGGTCGTGACAT-4","Luminal A"
"SYNTH-11-12-1","Capture_3'_CGCATGGAGCCTGACC-4","T-cells"
"SYNTH-11-12-1","Capture_5'_GGCTGGTCATGGTTGT-3","T-cells"
"SYNTH-11-12-1","Capture_5'_GGCCGATGTACAGTTC-4","Dividing Tumor"
"SYNTH-11-12-1","Capture_5'_TAGACCATCCAAGTAC-3","T-cells"
"SYNTH-11-13-1","Capture_3'_TGGATGTCAAATCCCA-4","Tumor"
"SYNTH-11-13-1","Capture_5'_CGCGGTACAGTATCTG-1","Tumor"
"SYNTH-11-13-1","Capture_5'_CTCATTATCTACTCAT-4","Dividing Tumor"
"SYNTH-11-13-1","Capture_5'_TGGGAAGGTTCCAACA-2","Tumor"
"SYNTH-11-13-1","Capture_5'_CGCTGGAAGTGCCAGA-3","T-cells"
"SYNTH-11-13-1","Capture_3'_ATCCGTCGTGCAACAG-4","Luminal A"
"SYNTH-11-13-1","Capture_5'_GGAACTTGTCATATGC-4","Tumor"
"SYNTH-11-13-1","Capture_5'_CTTAACTGTTCACGGC-1","Tumor"
"SYNTH-11-14-1","Capture_3'_TCGGGCACAGTCACGC-3","Dividing Tumor"
"SYNTH-11-15-1","Capture_5'_TGCGCAGTCTGTGCAA-1","Tumor"
"SYNTH-11-15-1","Capture_5'_TAGACCAGTACCGTAT-3","Dividing Tumor"
"SYNTH-11-15-1","Capture_5'_CAGCTGGCAGGGTTAG-3","Dividing Tumor"
"SYNTH-11-15-1","Capture_3'_CGGAGAATCAGAGCGA-3","Tumor"
"SYNTH-11-15-1","Capture_5'_AGGTCCGCATGGATGG-4","Tumor"
"SYNTH-11-16-1","Capture_5'_GTTACAGTCACGATGT-1","Dividing Tumor"
"SYNTH-11-16-1","Capture_5'_CTCATTATCCGCTGTT-2","Dividing Tumor"
"SYNTH-11-16-1","Capture_5'_AAAGCAATCAGCAACT-2","Dividing Tumor"
"SYNTH-11-17-1","Capture_3'_GAGGCCTTCCCATAAG-4","Tumor"
"SYNTH-11-17-1","Capture_5'_CATCCACTCAACTCTT-3","Tumor"
"SYNTH-11-17-1","Capture_5'_AATCGGTTCTAAGCCA-3","Dividing Tumor"
"SYNTH-11-17-1","Capture_5'_GTTACAGCAGTAGAGC-1","Tumor"
"SYNTH-11-17-1","Capture_5'_GAAATGATCAATCACG-4","Dividing Tumor"
"SYNTH-11-18-1","Capture_5'_GGGATGATCGCCAGCA-4","Tumor"
"SYNTH-11-18-1","Capture_5'_TCGCGTTGTACAGACG-3","Myoepithelial Cells"
"SYNTH-11-18-1","Capture_3'_CCGTTCATCTGAGAGG-2","Endothelial Cells"
"SYNTH-11-18-1","Capture_5'_GCGGGTTGTCACTTCC-2","T-cells"
"SYNTH-11-18-1","Capture_5'_CTCTAATTCGGACAAG-3","T-cells"
"SYNTH-11-18-1","Capture_3'_CTGCGAGAGGATCATA-3","Tumor"
"SYNTH-11-18-1","Capture_5'_CATATGGTCTTGAGAC-2","Dividing Tumor"
"SYNTH-11-18-1","Capture_3'_GATGAGGTCATCTCTA-4","Dividing Tumor"
"SYNTH-11-18-1","Capture_5'_CCTCTGAAGCTCCTTC-3","Dividing Tumor"
"SYNTH-11-18-1","Capture_5'_GCTCTGTTCTTTACGT-2","Fibroblasts"
"SYNTH-11-19-1","Capture_5'_CGTTAGAGTAATTGGA-2","T-cells"
"SYNTH-11-19-1","Capture_5'_GCTTGAAGTGCACGAA-1","Tumor"
"SYNTH-11-19-1","Capture_3'_GTACAACTCCTCATAT-2","Tumor"
"SYNTH-11-19-1","Capture_3'_GCAACATGTCAATGGG-3","Tumor"
"SYNTH-11-20-1","Capture_3'_CTACTATTCGCTAAAC-4","Dividing Tumor"
"SYNTH-11-20-1","Capture_5'_CTTTGCGGTTTAGGAA-4","Tumor"
"SYNTH-11-20-1","Capture_5'_GATCGCGTCGCCATAA-1","Luminal A"
"SYNTH-11-20-1","Capture_5'_AGGCCGTGTCTAACGT-2","Dividing Tumor"
"SYNTH-11-20-1","Capture_3'_ATGAAAGAGGGTAATT-1","Luminal A"
"SYNTH-11-20-1","Capture_5'_GGGACCTCAGCGTTCG-1","Tumor"
"SYNTH-11-21-1","Capture_5'_GCTGGGTCAAACAACA-2","Tumor"
"SYNTH-11-21-1","Capture_5'_GAATAAGAGGCTCATT-1","Dividing Tumor"
"SYNTH-11-21-1","Capture_3'_AGCTACACAATGAAAC-3","T-cells"
"SYNTH-11-22-1","Capture_3'_CTACATTCAATTTCCT-4","Dividing Tumor"
"SYNTH-11-22-1","Capture_5'_TAAGTGCCAAACCTAC-4","Tumor"
"SYNTH-11-22-1","Capture_5'_TGCCAAAAGAGACGAA-2","Dividing Tumor"
"SYNTH-11-22-1","Capture_3'_GACAGCCGTATGAAGT-3","T-cells"
"SYNTH-11-22-1","Capture_5'_ATAGACCCACCAGCAC-1","Tumor"
"SYNTH-11-22-1","Capture_5'_GACTACAGTCGTGGCT-4","T-cells"
"SYNTH-11-22-1","Capture_3'_AAAGTCCCAAGCGAGT-2","TAMs"
"SYNTH-11-22-1","Capture_5'_GACGTGCAGTTACGGG-2","Tumor"
"SYNTH-11-23-1","Capture_5'_AGAGTGGAGACAGGCT-2","Tumor"
"SYNTH-11-24-1","Capture_3'_GGCTTTCCAAGTCATC-1","T-cells"
"SYNTH-11-24-1","Capture_3'_GGTTGTAGTAACATCC-2","Tumor"
"SYNTH-11-24-1","Capture_5'_TACTCGCAGCTAACAA-4","Tumor"
"SYNTH-11-24-1","Capture_5'_CTTCTCTCAGTTCATG-1","Tumor"
"SYNTH-11-24-1","Capture_3'_AACTTCTGTCCTACAA-4","Tumor"
"SYNTH-11-24-1","Capture_5'_TGAGCCGGTAGATTAG-4","Tumor"
"SYNTH-11-24-1","Capture_5'_TGCTACCTCAAACCAC-3","Dividing Tumor"
"SYNTH-11-25-1","Capture_5'_TTAGTTCCAGCTGTTA-2","Tumor"
"SYNTH-11-25-1","Capture_5'_GTATCTTAGTGTTGAA-3","Tumor"
"SYNTH-11-25-1","Capture_5'_CTCGAGGGTTAGATGA-4","T-cells"
"SYNTH-11-25-1","Capture_3'_GTAATCGAGATGTAGT-1","Tumor"
"SYNTH-11-25-1","Capture_5'_AACCATGCAATAGCGG-1","Endothelial Cells"
"SYNTH-11-26-1","Capture_5'_CCAATCCCAGTCACTA-1","Luminal A"
"SYNTH-11-27-1","Capture_5'_AAAGATGAGGAATGGA-3","Tumor"
"SYNTH-11-27-1","Capture_3'_CAGCGTGCAGCGATTT-2","Tumor"
"SYNTH-11-27-1","Capture_3'_GTGACGCAGTTGTCAC-2","Tumor"
"SYNTH-11-27-1","Capture_5'_CCTTTCTTCTTCGGTC-1","Tumor"
"SYNTH-11-27-1","Capture_3'_GTCGTAATCACCGGTG-1","Dividing Tumor"
"SYNTH-11-28-1","Capture_5'_TGGTTCCGTTCGTGAT-2","T-cells"
"SYNTH-11-28-1","Capture_5'_GGACAGACACACCGAC-4","Tumor"
"SYNTH-11-28-1","Capture_5'_TCAGCAACATTCCTGC-4","Dividing Tumor"
"SYNTH-11-28-1","Capture_5'_GTGAAGGTCACAAACC-4","Dividing Tumor"
"SYNTH-11-28-1","Capture_3'_CAATTTCGTATCGGTT-4","Dividing Tumor"
"SYNTH-11-28-1","Capture_5'_GTGGGTCAGTGTCCCG-3","Tumor"
"SYNTH-11-28-1","Capture_3'_GATTGGTTCGACCACG-4","Tumor"
"SYNTH-11-29-1","Capture_5'_CGACTTCGTACCATCA-3","T-cells"
"SYNTH-11-29-1","Capture_5'_CCAGCGAGTGAAGGCT-2","Ciliated Cells"
"SYNTH-11-29-1","Capture_3'_CCACGTTTCTACACTT-3","Tumor"
"SYNTH-11-29-1","Capture_5'_AAACCTGCAGTAGAGC-4","Luminal A"
"SYNTH-11-29-1","Capture_5'_CCTTCGAGTGCTGTAT-3","Dividing Tumor"
"SYNTH-11-29-1","Capture_5'_CAAGGCCTCTGTTTGT-2","Dividing Tumor"
"SYNTH-11-29-1","Capture_3'_CTGTAGAAGATGTTGA-1","Tumor"
"SYNTH-11-29-1","Capture_3'_CTTCTCTCAACCGGAA-2","Myoepithelial Cells"
"SYNTH-11-29-1","Capture_5'_CGCTTCAAGTTGTCGT-4","Dividing Tumor"
"SYNTH-11-30-1","Capture_5'_GCAATCATCCCTCAGT-3","Dividing Tumor"
"SYNTH-11-30-1","Capture_3'_TGCGGGTTCGATAACC-4","T-cells"
"SYNTH-11-30-1","Capture_3'_CGTCCATGTTAGCGGA-1","Dividing Tumor"
"SYNTH-11-31-1","Capture_5'_CGCCAAGCATGCCTTC-3","T-cells"
"SYNTH-11-31-1","Capture_5'_GAAATGATCCCTCAGT-4","Tumor"
"SYNTH-11-31-1","Capture_3'_TCACGCTTCATCTATC-1","T-cells"
"SYNTH-11-31-1","Capture_5'_CGATTGAGTCTCATCC-3","Tumor"
"SYNTH-11-31-1","Capture_5'_TGCCAAACACCTATCC-4","Tumor"
"SYNTH-11-31-1","Capture_5'_CCAATCCGTACCGCTG-2","Tumor"
"SYNTH-11-31-1","Capture_5'_TAAGTGCCAAGGGTCA-4","T-cells"
"SYNTH-11-31-1","Capture_5'_GATGAGGTCCTTCAAT-2","Tumor"
"SYNTH-11-31-1","Capture_5'_AATCCAGCACATAACC-2","Dividing Tumor"
"SYNTH-11-32-1","Capture_3'_GTTCCGTGTCGTTTCC-3","Tumor"
"SYNTH-11-32-1","Capture_3'_GTAGAGGAGTCATTGC-3","Luminal A"
"SYNTH-11-32-1","Capture_3'_CTGCTCAGTCGCATTA-4","Tumor"
"SYNTH-11-32-1","Capture_3'_TTGCATTTCGATTTCT-3","Tumor"
"SYNTH-11-32-1","Capture_3'_TCATACTTCGGTAGGA-3","Tumor"
"SYNTH-11-33-1","Capture_5'_GCGCAGTGTAGCGTAG-1","T-cells"
"SYNTH-11-34-1","Capture_5'_AAAGCAATCGCAAGCC-4","Tumor"
"SYNTH-11-34-1","Capture_3'_TCGCAGGCACACGGTC-1","T-cells"
"SYNTH-11-34-1","Capture_5'_AGATCTGTCGAGGTAG-2","TAMs"
"SYNTH-11-34-1","Capture_5'_ATGAGGGCAGGGTATG-2","Dividing Tumor"
"SYNTH-11-34-1","Capture_5'_GCGCAACCATTAGCCA-2","Tumor"
"SYNTH-11-35-1","Capture_5'_TAGAGCTTCTCAAACG-2","Dividing Tumor"
"SYNTH-11-35-1","Capture_5'_GACACGCAGAGCAATT-3","Luminal A"
"SYNTH-11-35-1","Capture_5'_CATTCGCTCATCATTC-4","B-cells"
"SYNTH-11-36-1","Capture_3'_CTGTACCCATAAGCGG-2","Dividing Tumor"
"SYNTH-11-36-1","Capture_5'_GTGCGGTGTTCTGTTT-2","Tumor"
"SYNTH-11-36-1","Capture_5'_TTCTCAAGTATCTGCA-3","Tumor"
"SYNTH-11-36-1","Capture_5'_CAAGTTGTCCTCTAGC-4","Tumor"
"SYNTH-11-36-1","Capture_3'_GAGGGTACACTCGATA-3","Dividing Tumor"
"SYNTH-11-37-1","Capture_5'_ATTACTCTCCGTCAAA-3","Tumor"
"SYNTH-11-37-1","Capture_5'_GTGTGCGTCCTCGCAT-2","Fibroblasts"
"SYNTH-11-37-1","Capture_3'_GGGCTACAGACCATAA-4","Dividing Tumor"
"SYNTH-11-37-1","Capture_5'_TAAGTGCCATTCCTCG-4","Dividing Tumor"
"SYNTH-11-37-1","Capture_3'_ACTCCCATCTCGAACA-3","Tumor"
"SYNTH-11-37-1","Capture_5'_GTGTTAGGTGCTTCTC-1","T-cells"
"SYNTH-11-38-1","Capture_5'_CGCTGGAGTCAGAAGC-3","Tumor"
"SYNTH-11-38-1","Capture_5'_GAAGCAGAGGGAACGG-3","Tumor"
"SYNTH-11-38-1","Capture_3'_CGAATTGTCAAGTAAG-2","Tumor"
"SYNTH-11-38-1","Capture_5'_GTTCTCGAGACACGAC-3","Tumor"
"SYNTH-11-38-1","Capture_5'_TCAACGACACATGACT-3","Dividing Tumor"
"SYNTH-11-38-1","Capture_5'_TTCTCCTCACGACGAA-4","Tumor"
"SYNTH-11-38-1","Capture_5'_GTCAAGTTCAATAAGG-3","Dividing Tumor"
"SYNTH-11-38-1","Capture_5'_GGACAAGTCTGTCCGT-3","Dividing Tumor"
"SYNTH-11-38-1","Capture_3'_CTCCCTCAGCATCTTG-4","Tumor"
"SYNTH-11-38-1","Capture_5'_ACGGAGAGTTTGCATG-4","Luminal A"
"SYNTH-11-39-1","Capture_5'_CGTAGCGGTCTTCAAG-1","Tumor"
"SYNTH-11-39-1","Capture_5'_ATCTGCCCAGCCAATT-2","Dividing Tumor"
"SYNTH-11-39-1","Capture_3'_GTTCCGTCAAGATTGA-1","T-cells"
"SYNTH-11-39-1","Capture_5'_TGTGTTTCAGCTGTGC-3","Tumor"
"SYNTH-11-39-1","Capture_5'_CAGGTGCGTCAGGACA-3","Tumor"
"SYNTH-11-39-1","Capture_3'_CTGTCGTTCTGTCAGA-2","Tumor"
"SYNTH-11-39-1","Capture_5'_AGGCCGTAGCCTTGAT-2","Tumor"
"SYNTH-11-39-1","Capture_5'_ATCCGAATCTAAGCCA-2","Tumor"
"SYNTH-11-39-1","Capture_5'_ACGCCGAAGCCCGAAA-4","Dividing Tumor"
"SYNTH-11-39-1","Capture_3'_CATGCAAAGTTAACAG-4","Tumor"
"SYNTH-11-40-1","Capture_3'_TACCTCGTCTCGCGTT-4","Tumor"
"SYNTH-11-40-1","Capture_3'_ATTCACTGTTGACTAC-2","T-cells"
"SYNTH-11-40-1","Capture_3'_TTCTCTCTCTCGACGG-1","Tumor"
"SYNTH-11-40-1","Capture_5'_CAAGGCCGTATGCTTG-1","Dividing Tumor"
"SYNTH-11-40-1","Capture_5'_CTTCTCTCAGGCTCAC-1","Tumor"
"SYNTH-11-41-1","Capture_5'_CAGATCACAGCTTAAC-4","T-cells"
"SYNTH-11-41-1","Capture_5'_CATCGGGAGGATATAC-3","Tumor"
"SYNTH-11-41-1","Capture_5'_GATGAGGGTTCATGGT-3","Dividing Tumor"
"SYNTH-11-41-1","Capture_5'_TAGTTGGAGCTTTGGT-4","Fibroblasts"
"SYNTH-11-41-1","Capture_5'_AGTGAGGTCTCCTATA-2","TAMs"
"SYNTH-11-42-1","Capture_5'_AACACGTCAAACCCAT-2","Tumor"
"SYNTH-11-42-1","Capture_5'_CCGGTAGGTACTTGAC-3","Dividing Tumor"
"SYNTH-11-42-1","Capture_5'_CTAGCCTAGGCTCTTA-2","Luminal A"
"SYNTH-11-42-1","Capture_5'_GGAACTTGTCGAAAGC-2","T-cells"
"SYNTH-11-42-1","Capture_5'_GGATTACGTAACGACG-3","Tumor"
"SYNTH-11-43-1","Capture_3'_GTCGCGACACACAGCC-3","Tumor"
"SYNTH-11-43-1","Capture_3'_GTTGTAGAGAGGTCAC-2","Tumor"
"SYNTH-11-43-1","Capture_3'_CAGAGCCTCCTATTGT-3","Luminal A"
"SYNTH-11-43-1","Capture_3'_CGGCAGTCAGTGAGCA-3","Tumor"
"SYNTH-11-43-1","Capture_3'_CTGTCGTCATCATGAC-1","Tumor"
"SYNTH-11-43-1","Capture_5'_CCTTCCCGTTCGTCTC-1","T-cells"
"SYNTH-11-43-1","Capture_3'_TAGCACACAGACCAGA-4","Fibroblasts"
"SYNTH-11-44-1","Capture_3'_TGTTCATGTTCTCTCG-2","T-cells"
"SYNTH-11-44-1","Capture_5'_CGTCAGGCAGGTGGAT-4","Tumor"
"SYNTH-11-44-1","Capture_5'_CTCGTCAGTCTCCATC-4","Dividing Tumor"
"SYNTH-11-44-1","Capture_3'_CGGAACCCAAGGTTGG-4","T-cells"
"SYNTH-11-44-1","Capture_3'_TATACCTGTAGCTGCC-4","B-cells"
"SYNTH-11-44-1","Capture_3'_TTCACCGTCCGATAAC-2","Tumor"
"SYNTH-11-44-1","Capture_3'_AGTTCCCCACCTGAAT-2","Dividing Tumor"
"SYNTH-11-44-1","Capture_5'_ACGTCAATCCGAATGT-2","Dividing Tumor"
"SYNTH-11-44-1","Capture_3'_AGCATCAAGAGCCGAT-1","Dividing Tumor"
"SYNTH-11-44-1","Capture_3'_CCGCAAGGTACCAATC-2","Dividing Tumor"
"SYNTH-11-45-1","Capture_5'_CCTACCATCCTTTCTC-2","T-cells"
"SYNTH-11-45-1","Capture_5'_CTGCCTAGTCGAATCT-2","Dividing Tumor"
"SYNTH-11-45-1","Capture_3'_CAATTTCAGTGAGGCT-4","B-cells"
"SYNTH-11-45-1","Capture_5'_TCGGTAACATTCTCAT-4","Tumor"
"SYNTH-11-46-1","Capture_3'_GTAAGTCGTAGACAGC-2","Luminal A"
"SYNTH-11-46-1","Capture_5'_GATCTAGCAGACAAGC-1","Tumor"
"SYNTH-11-46-1","Capture_3'_TCATGGACACCCTATC-2","Tumor"
"SYNTH-11-46-1","Capture_5'_GGAATAATCGGATGGA-4","Dividing Tumor"
"SYNTH-11-46-1","Capture_5'_GTGCTTCTCGGAAACG-4","Tumor"
"SYNTH-11-47-1","Capture_3'_CAGGCCACAGGTGAGT-3","T-cells"
"SYNTH-11-47-1","Capture_5'_CGGACACAGTGTACGG-4","Tumor"
"SYNTH-11-47-1","Capture_3'_TACGCTCTCGCCTTGT-3","Tumor"
"SYNTH-11-47-1","Capture_3'_ATCCGTCCATAGCACT-2","Endothelial Cells"
"SYNTH-11-47-1","Capture_3'_ACGGTCGCATTAGGCT-3","Tumor"
"SYNTH-11-47-1","Capture_5'_GTTTCTACATGGTCTA-2","Tumor"
"SYNTH-11-47-1","Capture_3'_GTCCTCATCTCGTGGG-3","Tumor"
"SYNTH-11-47-1","Capture_5'_TAGTGGTCACCTTGTC-2","Dividing Tumor"
"SYNTH-11-47-1","Capture_5'_AGAGCTTCATTTGCTT-4","T-cells"
"SYNTH-11-48-1","Capture_5'_CAACCTCCAGGGATTG-3","Luminal B"
"SYNTH-11-48-1","Capture_5'_TGATTTCCACAGCCCA-1","T-cells"
"SYNTH-11-48-1","Capture_3'_AGAAGTAGTCTTGCGG-4","Dividing Tumor"
"SYNTH-11-48-1","Capture_3'_TGTTGAGCAAACTCTG-1","Dividing Tumor"
"SYNTH-11-48-1","Capture_5'_CATTCGCTCCGCATCT-2","Tumor"
"SYNTH-11-48-1","Capture_3'_ACTTAGGAGAATTGCA-4","Tumor"
"SYNTH-11-49-1","Capture_5'_GCGCCAAGTCAAAGAT-2","Tumor"
"SYNTH-11-50-1","Capture_3'_CAACCTCCAAGTGGGT-1","Dividing Tumor"
"SYNTH-11-50-1","Capture_5'_CTGATAGGTTATCACG-4","T-cells"
"SYNTH-11-50-1","Capture_5'_ATGAGGGTCAAGGCTT-4","T-cells"
"SYNTH-11-50-1","Capture_5'_TGTATTCGTCATATGC-4","Tumor"
"SYNTH-11-50-1","Capture_5'_AAGGTTCAGAGACTAT-3","Tumor"
"SYNTH-12-1-1","Capture_5'_GTGCTTCAGAAGGACA-4","Dividing Tumor"
"SYNTH-12-2-1","Capture_5'_GGTATTGGTCGATTGT-3","Dividing Tumor"
"SYNTH-12-3-1","Capture_5'_ACGGCCAAGGTCATCT-2","Tumor"
"SYNTH-12-3-1","Capture_3'_AAAGGATAGTATTCCG-3","T-cells"
"SYNTH-12-3-1","Capture_5'_CATTATCTCAGTCAGT-4","Tumor"
"SYNTH-12-3-1","Capture_3'_AACAACCAGGAGCAAA-2","Dividing Tumor"
"SYNTH-12-3-1","Capture_5'_CCACGGACACTGTGTA-3","T-cells"
"SYNTH-12-3-1","Capture_5'_ATTCTACTCGAGAGCA-1","Dividing Tumor"
"SYNTH-12-4-1","Capture_5'_TGAGCATAGCTTATCG-2","Tumor"
"SYNTH-12-4-1","Capture_3'_CAATACGTCGGAAACG-1","Tumor"
"SYNTH-12-4-1","Capture_3'_TGATCAGTCTGTGTGA-2","T-cells"
"SYNTH-12-5-1","Capture_5'_TTGCCGTGTTACCGAT-3","Tumor"
"SYNTH-12-5-1","Capture_5'_AGTGGGAGTTCCACTC-4","Luminal B"
"SYNTH-12-5-1","Capture_5'_TGAGGGAAGGGAGTAA-3","T-cells"
"SYNTH-12-5-1","Capture_3'_CCACCATCATGAAGGC-1","Tumor"
"SYNTH-12-5-1","Capture_5'_TCTCTAAAGGTAAACT-4","Dividing Tumor"
"SYNTH-12-5-1","Capture_5'_GGCAATTAGGGATACC-1","Tumor"
"SYNTH-12-5-1","Capture_3'_TGACAGTAGTGCCAGA-3","Dividing Tumor"
"SYNTH-12-5-1","Capture_5'_ACACCAAGTCAACATC-4","Dividing Tumor"
"SYNTH-12-5-1","Capture_5'_CGCGTTTGTCCAGTTA-4","Dividing Tumor"
"SYNTH-12-5-1","Capture_5'_CATATGGTCATACGGT-2","Tumor"
"SYNTH-12-6-1","Capture_3'_TCTGGCTAGAAATTGC-1","T-cells"
"SYNTH-12-6-1","Capture_3'_CATACAGTCGCTATTT-4","Fibroblasts"
"SYNTH-12-6-1","Capture_5'_ATGCGATTCACAACGT-4","Tumor"
"SYNTH-12-6-1","Capture_5'_GTAGGCCAGCTAGTGG-4","Dividing Tumor"
"SYNTH-12-6-1","Capture_5'_TCAGCTCAGCCACGCT-1","T-cells"
"SYNTH-12-6-1","Capture_5'_TTGAACGAGTTAAGTG-2","Tumor"
"SYNTH-12-6-1","Capture_3'_CCACACTTCGTGGAAG-4","Tumor"
"SYNTH-12-7-1","Capture_5'_TTCGGTCAGTGCCATT-2","T-cells"
"SYNTH-12-7-1","Capture_3'_TACATTCTCCCTATTA-3","T-cells"
"SYNTH-12-7-1","Capture_3'_TTAGGCAAGTAAGACT-1","Tumor"
"SYNTH-12-7-1","Capture_5'_GCGCCAACATATACGC-2","Tumor"
"SYNTH-12-7-1","Capture_5'_TCTCATAAGTTGTCGT-2","Tumor"
"SYNTH-12-8-1","Capture_5'_TCAGCTCAGTGACATA-2","Dividing Tumor"
"SYNTH-12-8-1","Capture_3'_TTACGTTAGGCCCACT-4","T-cells"
"SYNTH-12-8-1","Capture_5'_GCCAAATCATTATCTC-2","T-cells"
"SYNTH-12-8-1","Capture_3'_TGCTCGTGTTAGTCGT-4","T-cells"
"SYNTH-12-8-1","Capture_5'_CCTAGCTAGATGCCAG-2","Dividing Tumor"
"SYNTH-12-8-1","Capture_5'_CTACCCATCGCCATAA-2","Tumor"
"SYNTH-12-8-1","Capture_3'_AGGCTGCTCGATCCCT-4","Tumor"
"SYNTH-12-9-1","Capture_5'_GGGAATGCACGCTTTC-2","Tumor"
"SYNTH-12-9-1","Capture_3'_GTTAGACCAAGAAATC-3","Tumor"
"SYNTH-12-9-1","Capture_5'_AGCATACGTGGCAAAC-1","Dividing Tumor"
"SYNTH-12-9-1","Capture_5'_CACAAACTCTTCGGTC-3","Tumor"
"SYNTH-12-9-1","Capture_5'_AGGTCATTCATATCGG-3","Luminal A"
"SYNTH-12-9-1","Capture_3'_CTTGATTCATGTGACT-1","Fibroblasts"
"SYNTH-12-9-1","Capture_5'_TGACGGCAGTGTCTCA-4","Dividing Tumor"
"SYNTH-12-9-1","Capture_5'_TCTGAGAGTGTGAATA-2","Tumor"
"SYNTH-12-10-1","Capture_5'_ACGCCGATCGTAGATC-3","T-cells"
"SYNTH-12-10-1","Capture_5'_TGCACCTCAACGATGG-2","Tumor"
"SYNTH-12-10-1","Capture_5'_CTAGAGTTCACTCCTG-4","Tumor"
"SYNTH-12-10-1","Capture_3'_CAGAGCCTCACAATGC-4","Dividing Tumor"
"SYNTH-12-10-1","Capture_3'_TGTGTGATCGGTGTTA-2","Tumor"
"SYNTH-12-10-1","Capture_5'_CATTCGCTCACCCGAG-3","Tumor"
"SYNTH-12-11-1","Capture_5'_CTTCTCTAGTCTTGCA-4","Dividing Tumor"
"SYNTH-12-11-1","Capture_3'_GATCATGTCACTACTT-2","Myoepithelial Cells"
"SYNTH-12-11-1","Capture_5'_ATTGGTGTCGACGGAA-4","Dividing Tumor"
"SYNTH-12-11-1","Capture_3'_TTCAATCAGGCTGGAT-3","T-cells"
"SYNTH-12-11-1","Capture_5'_GAATAAGCAGCGTCCA-2","TAMs"
"SYNTH-12-11-1","Capture_5'_GTCTTCGGTCAGAAGC-4","Plasma Cells"
"SYNTH-12-11-1","Capture_5'_TTCGGTCGTTCGTTGA-3","Dividing Tumor"
"SYNTH-12-11-1","Capture_5'_TCAGGTAGTTACGGAG-2","Tumor"
"SYNTH-12-12-1","Capture_3'_TCACGCTTCGTCTCAC-4","Tumor"
"SYNTH-12-12-1","Capture_3'_GGACGTCGTTTACGAC-1","T-cells"
"SYNTH-12-12-1","Capture_5'_CACACTCTCATGGTCA-3","Tumor"
"SYNTH-12-12-1","Capture_5'_TTCGGTCTCGCATGGC-2","Dividing Tumor"
"SYNTH-12-12-1","Capture_3'_GTTCATTTCGGAGATG-4","Tumor"
"SYNTH-12-12-1","Capture_5'_CTAAGACGTTACGCGC-2","B-cells"
"SYNTH-12-12-1","Capture_5'_CGTCAGGTCTCTGAGA-4","Tumor"
"SYNTH-12-12-1","Capture_5'_CATATTCAGCTAGTTC-1","Tumor"
"SYNTH-12-12-1","Capture_3'_GTCGTTCCACGGTAGA-1","Tumor"
"SYNTH-12-13-1","Capture_5'_CTCCTAGGTCAAAGCG-3","Dividing Tumor"
"SYNTH-12-13-1","Capture_5'_CATGGCGGTCACAAGG-1","Tumor"
"SYNTH-12-13-1","Capture_3'_CCTGTTGTCCACTAGA-4","Tumor"
"SYNTH-12-13-1","Capture_5'_AGTGTCACACACGCTG-4","Tumor"
"SYNTH-12-13-1","Capture_5'_GATGCTACAATAACGA-2","Tumor"
"SYNTH-12-13-1","Capture_5'_AGTTGGTTCTTCAACT-3","T-cells"
"SYNTH-12-13-1","Capture_3'_CCGATCTCACAACCGC-1","TAMs"
"SYNTH-12-13-1","Capture_3'_GCGTTTCTCCGTCAAA-4","T-cells"
"SYNTH-12-13-1","Capture_5'_GACCAATTCACTTCAT-1","Tumor"
"SYNTH-12-13-1","Capture_5'_ATCTACTCAGTCTTCC-2","T-cells"
"SYNTH-12-14-1","Capture_5'_ACTGAGTCAAGTACCT-3","T-cells"
"SYNTH-12-14-1","Capture_5'_TGGTTAGTCCCATTTA-4","Dividing Tumor"
"SYNTH-12-14-1","Capture_5'_GTCTCGTCAATCAGAA-3","Tumor"
"SYNTH-12-14-1","Capture_5'_TACGGATAGGAGTCTG-1","Tumor"
"SYNTH-12-14-1","Capture_5'_GCATGCGTCTGCCAGG-4","Tumor"
"SYNTH-12-14-1","Capture_5'_GCCAAATTCACCAGGC-4","Tumor"
"SYNTH-12-14-1","Capture_3'_GGGTCACTCGCGTTTC-3","Tumor"
"SYNTH-12-14-1","Capture_5'_GTCACAAGTAATCGTC-1","Tumor"
"SYNTH-12-14-1","Capture_5'_CATCAGACAGCGTAAG-3","Luminal A"
"SYNTH-12-14-1","Capture_5'_TTCGAAGTCTAACTGG-1","T-cells"
"SYNTH-12-15-1","Capture_5'_CAGCGACTCCTAAGTG-2","T-cells"
"SYNTH-12-15-1","Capture_5'_ACGGAGACAATACGCT-3","Tumor"
"SYNTH-12-15-1","Capture_5'_CTGCCTAAGTAGTGCG-4","Dividing Tumor"
"SYNTH-12-15-1","Capture_5'_AGGTCCGTCATAGCAC-3","Dividing Tumor"
"SYNTH-12-15-1","Capture_3'_CCGAACGTCGGAGATG-4","T-cells"
"SYNTH-12-15-1","Capture_3'_CAATGACTCGAGTGAG-4","Dividing Tumor"
"SYNTH-12-15-1","Capture_3'_CTGCTCAGTCGCATTA-4","Tumor"
"SYNTH-12-16-1","Capture_5'_TCAGGATTCGAACTGT-1","Tumor"
"SYNTH-12-16-1","Capture_3'_CCTCCTCAGTTCTACG-4","Tumor"
"SYNTH-12-17-1","Capture_3'_GGTTAACGTTCGGACC-1","T-cells"
"SYNTH-12-17-1","Capture_5'_TGAGGGAGTAGCGATG-2","Tumor"
"SYNTH-12-17-1","Capture_5'_GTGGGTCTCGCCAGCA-2","Dividing Tumor"
"SYNTH-12-17-1","Capture_3'_CATGCGGTCTGCCTCA-4","Luminal A"
"SYNTH-12-17-1","Capture_5'_TATCTCAGTCGCATCG-1","B-cells"
"SYNTH-12-18-1","Capture_5'_GGTGTTAGTAGAAAGG-3","Tumor"
"SYNTH-12-18-1","Capture_5'_TCTCTAAAGCGTAGTG-3","Tumor"
"SYNTH-12-19-1","Capture_3'_ATTACCTAGGGAGGTG-3","Tumor"
"SYNTH-12-19-1","Capture_5'_CCTTTCTTCTATCCTA-1","Tumor"
"SYNTH-12-19-1","Capture_5'_TAAGCGTCACAAGTAA-3","Dividing Tumor"
"SYNTH-12-19-1","Capture_3'_TTCTAACTCGAAACAA-3","T-cells"
"SYNTH-12-19-1","Capture_3'_ATTGGGTTCTTTGATC-4","Dividing Tumor"
"SYNTH-12-20-1","Capture_5'_GGTATTGTCCACGAAT-2","Dividing Tumor"
"SYNTH-12-20-1","Capture_5'_GGCGTGTGTCGAGTTT-4","Dividing Tumor"
"SYNTH-12-20-1","Capture_3'_TACGGGCAGGACACTG-4","Dividing Tumor"
"SYNTH-12-20-1","Capture_5'_GCTGCTTAGCAATATG-2","Luminal A"
"SYNTH-12-20-1","Capture_5'_TCAATCTCAGGTGCCT-2","Dividing Tumor"
"SYNTH-12-20-1","Capture_5'_TTCCCAGAGCTCCTTC-3","Tumor"
"SYNTH-12-20-1","Capture_5'_GAGTCCGAGGCGACAT-4","Dividing Tumor"
"SYNTH-12-21-1","Capture_5'_TACTCGCAGCTTCGCG-1","Dividing Tumor"
"SYNTH-12-21-1","Capture_3'_ATAGACCAGGTCCAGA-3","Tumor"
"SYNTH-12-21-1","Capture_5'_GCTGCTTTCTCTAGGA-2","Tumor"
"SYNTH-12-21-1","Capture_3'_CATGCGGAGGTAGCAC-1","Tumor"
"SYNTH-12-21-1","Capture_3'_CCCTGATTCATTTGGG-4","T-cells"
"SYNTH-12-21-1","Capture_5'_CTAATGGAGAAGAAGC-4","Dividing Tumor"
"SYNTH-12-22-1","Capture_5'_GTCTTCGTCTGGCGTG-1","T-cells"
"SYNTH-12-22-1","Capture_5'_CGAGCCAAGCGGCTTC-1","T-cells"
"SYNTH-12-22-1","Capture_5'_TTAGGCATCACAGGCC-3","Tumor"
"SYNTH-12-22-1","Capture_5'_ATCACGAAGTGTTTGC-4","Tumor"
"SYNTH-12-22-1","Capture_3'_TCCTCCCTCGCTCTCA-4","Tumor"
"SYNTH-12-22-1","Capture_3'_GGTTGTATCGAACCTA-4","Dividing Tumor"
"SYNTH-12-22-1","Capture_5'_TGCACCTAGTTGAGTA-1","Dividing Tumor"
"SYNTH-12-22-1","Capture_3'_GTTAGTGGTCGACTTA-1","Fibroblasts"
"SYNTH-12-22-1","Capture_3'_ACTTTCACATCAGTGT-3","Luminal A"
"SYNTH-12-22-1","Capture_5'_CAACCTCCAACGATCT-1","Tumor"
"SYNTH-12-23-1","Capture_3'_TGACAGTCAAGTACCT-3","Endothelial Cells"
"SYNTH-12-23-1","Capture_5'_TGTCCCATCAAAGACA-3","Tumor"
"SYNTH-12-23-1","Capture_3'_GTCGCGAGTTCATCTT-4","Fibroblasts"
"SYNTH-12-24-1","Capture_3'_GGGCTACCAGCACCCA-1","Tumor"
"SYNTH-12-24-1","Capture_3'_AGGTAGGCACTGCTTC-3","Tumor"
"SYNTH-12-25-1","Capture_5'_GAGGTGACACAGGTTT-4","Dividing Tumor"
"SYNTH-12-25-1","Capture_3'_ACATGCAGTTCCTAAG-3","Tumor"
"SYNTH-12-25-1","Capture_5'_TTGGCAACACCGGAAA-1","Tumor"
"SYNTH-12-25-1","Capture_5'_ACTGCTCCATCGGGTC-3","Luminal A"
"SYNTH-12-25-1","Capture_5'_CCTACCACACCTGGTG-2","Tumor"
"SYNTH-12-25-1","Capture_5'_ACGAGGATCTTTAGGG-4","Tumor"
"SYNTH-12-25-1","Capture_5'_TATTACCGTCTCATCC-4","Tumor"
"SYNTH-12-25-1","Capture_3'_ATGTCCCGTAGATCCT-3","T-cells"
"SYNTH-12-26-1","Capture_5'_CAGCCGACAAATCCGT-3","T-cells"
"SYNTH-12-26-1","Capture_5'_CAGCATAAGTTGTCGT-1","Luminal A"
"SYNTH-12-26-1","Capture_5'_TTTGGTTTCCCACTTG-1","T-cells"
"SYNTH-12-27-1","Capture_5'_GCAAACTTCTCCAACC-2","Luminal A"
"SYNTH-12-27-1","Capture_5'_ACATGGTCATTCCTCG-3","Tumor"
"SYNTH-12-27-1","Capture_5'_CATCGGGTCGATCCCT-2","T-cells"
"SYNTH-12-27-1","Capture_5'_GGAACTTTCCAAACAC-4","T-cells"
"SYNTH-12-27-1","Capture_5'_CATGACATCTGTTGAG-2","T-cells"
"SYNTH-12-28-1","Capture_5'_TGACTTTAGTCGCCGT-2","Dividing Tumor"
"SYNTH-12-28-1","Capture_5'_TGCTGCTTCGTTACAG-3","Tumor"
"SYNTH-12-28-1","Capture_3'_CGCATAACAGAATTCC-4","T-cells"
"SYNTH-12-28-1","Capture_5'_GTAGGCCCAAGGCTCC-3","T-cells"
"SYNTH-12-28-1","Capture_5'_CGGACTGGTTAAGTAG-2","Tumor"
"SYNTH-12-29-1","Capture_3'_TCACGGGAGGCAATGC-4","Tumor"
"SYNTH-12-29-1","Capture_3'_ATGCGATTCCGGTAAT-2","Tumor"
"SYNTH-12-29-1","Capture_3'_ATAGGCTAGTGAGTGC-3","Tumor"
"SYNTH-12-30-1","Capture_5'_CATCCACGTTATGTGC-3","Tumor"
"SYNTH-12-30-1","Capture_5'_GTCTCGTCACTTACGA-4","Dividing Tumor"
"SYNTH-12-31-1","Capture_5'_TGACTAGGTATCAGTC-1","Dividing Tumor"
"SYNTH-12-31-1","Capture_5'_CCCAATCGTTTGCATG-4","Fibroblasts"
"SYNTH-12-31-1","Capture_5'_TATCTCACAGGCAGTA-4","Dividing Tumor"
"SYNTH-12-31-1","Capture_5'_ACTTTCAGTGCACCAC-1","Tumor"
"SYNTH-12-32-1","Capture_5'_TGAGAGGCATTGGGCC-3","Dividing Tumor"
"SYNTH-12-32-1","Capture_5'_GCCAAATAGGATGTAT-4","Luminal A"
"SYNTH-12-32-1","Capture_5'_TGAGCCGTCGTTTATC-4","Dividing Tumor"
"SYNTH-12-32-1","Capture_5'_TATGCCCTCTCTTGAT-1","Tumor"
"SYNTH-12-32-1","Capture_3'_GATCCCTGTAGATTGA-1","Tumor"
"SYNTH-12-32-1","Capture_5'_CACCTTGTCCTTGACC-4","Dividing Tumor"
"SYNTH-12-33-1","Capture_5'_GGGAGATGTATGAATG-4","Tumor"
"SYNTH-12-33-1","Capture_3'_ACAGAAATCGCTCATC-3","Tumor"
"SYNTH-12-33-1","Capture_5'_CACCACTTCAAACCAC-3","T-cells"
"SYNTH-12-33-1","Capture_5'_TGACGGCTCCACTGGG-4","T-cells"
"SYNTH-12-33-1","Capture_3'_ATTATCCGTCTCAAGT-4","Tumor"
"SYNTH-12-33-1","Capture_3'_TAATCTCAGTCGTCTA-3","Tumor"
"SYNTH-12-34-1","Capture_5'_CTTAGGAAGAGTAAGG-2","Tumor"
"SYNTH-12-35-1","Capture_3'_GGTCACGTCCTCTGCA-4","Tumor"
"SYNTH-12-35-1","Capture_5'_TTGCCGTAGGACAGCT-3","Plasma Cells"
"SYNTH-12-35-1","Capture_5'_AATCCAGTCCGTTGCT-4","Dividing Tumor"
"SYNTH-12-35-1","Capture_5'_TTGTAGGCAGACGTAG-2","Luminal B"
"SYNTH-12-35-1","Capture_3'_AAGCCATTCGCCAGTG-2","Tumor"
"SYNTH-12-36-1","Capture_5'_GCTTCCAGTGCGGTAA-3","Dividing Tumor"
"SYNTH-12-36-1","Capture_3'_AACCTTTAGGTGAGCT-4","Tumor"
"SYNTH-12-36-1","Capture_3'_GCTACCTAGGCTTCCG-3","Tumor"
"SYNTH-12-36-1","Capture_5'_TGCCCTAGTGTAAGTA-4","Tumor"
"SYNTH-12-36-1","Capture_3'_TAGAGTCAGGAGACCT-3","Tumor"
"SYNTH-12-36-1","Capture_3'_GATTCGAAGGACAGCT-3","Tumor"
"SYNTH-12-36-1","Capture_5'_TGCCCATTCTCTTGAT-2","Tumor"
"SYNTH-12-36-1","Capture_5'_AAGACCTGTAGCGTAG-2","Dividing Tumor"
"SYNTH-12-36-1","Capture_3'_GCGAGAAAGAAGATCT-2","T-cells"
"SYNTH-12-37-1","Capture_3'_CCGAACGGTATGCAAA-2","T-cells"
"SYNTH-12-37-1","Capture_5'_CTTTGCGAGACTAGGC-4","Tumor"
"SYNTH-12-37-1","Capture_5'_CTGAAACGTACTTAGC-2","T-cells"
"SYNTH-12-37-1","Capture_5'_TGCGGGTAGCCCAGCT-2","Plasma Cells"
"SYNTH-12-37-1","Capture_5'_CTCGTACTCGCTTGTC-2","Tumor"
"SYNTH-12-38-1","Capture_5'_TGACGGCAGCCAACAG-4","T-cells"
"SYNTH-12-38-1","Capture_5'_CTGCTGTAGACTAGGC-2","Tumor"
"SYNTH-12-38-1","Capture_5'_AAAGATGCAGGATTGG-3","T-cells"
"SYNTH-12-38-1","Capture_3'_CGCCAGATCTCTAGGA-2","TAMs"
"SYNTH-12-38-1","Capture_5'_CAGGTGCGTAGCTAAA-4","Tumor"
"SYNTH-12-38-1","Capture_5'_CCTAGCTAGATGTTAG-4","Tumor"
"SYNTH-12-38-1","Capture_5'_CCAGCGAGTGGAAAGA-2","Luminal A"
"SYNTH-12-38-1","Capture_5'_TGCTACCCAATCAGAA-3","TAMs"
"SYNTH-12-39-1","Capture_3'_TAACACGTCGGAGCAA-1","Tumor"
"SYNTH-12-39-1","Capture_3'_TGGGTTACAAGTGACG-4","Tumor"
"SYNTH-12-39-1","Capture_3'_GTCATGAGTAAGTAGT-2","Tumor"
"SYNTH-12-39-1","Capture_5'_CACCTTGTCGTAGGAG-1","Tumor"
"SYNTH-12-39-1","Capture_5'_GTCATTTTCACCTCGT-4","Tumor"
"SYNTH-12-39-1","Capture_3'_ACCGTTCAGTGAGTTA-3","Tumor"
"SYNTH-12-40-1","Capture_3'_GGTGTTATCCGAGAAG-4","Tumor"
"SYNTH-12-40-1","Capture_3'_TATTGCTGTTGAGTCT-1","Tumor"
"SYNTH-12-40-1","Capture_5'_GAAATGACAGCGTCCA-4","Tumor"
"SYNTH-12-41-1","Capture_3'_TGCATGAGTCAGGAGT-4","Fibroblasts"
"SYNTH-12-41-1","Capture_5'_GGAGCAAGTGACTACT-3","Tumor"
"SYNTH-12-41-1","Capture_3'_GTAGTACAGACCAAAT-1","Tumor"
"SYNTH-12-41-1","Capture_5'_GATGAAATCCACGTTC-1","Tumor"
"SYNTH-12-42-1","Capture_5'_GTCTTCGAGGGTTCCC-4","Tumor"
"SYNTH-12-42-1","Capture_3'_AACTTCTGTTCTTGTT-4","Tumor"
"SYNTH-12-42-1","Capture_5'_CCAATCCCAATCACAC-4","Tumor"
"SYNTH-12-42-1","Capture_3'_GGCGTCACAACTGCCG-3","Luminal B"
"SYNTH-12-42-1","Capture_3'_AGCCACGCAAAGGGCT-3","T-cells"
"SYNTH-12-43-1","Capture_3'_TCTGGCTTCCTACCGT-4","Dividing Tumor"
"SYNTH-12-43-1","Capture_5'_GTACTCCAGTGGTCCC-4","Dividing Tumor"
"SYNTH-12-43-1","Capture_5'_TGGCTGGTCCAGTAGT-3","Tumor"
"SYNTH-12-43-1","Capture_5'_CTCCTAGGTACAGACG-3","Endothelial Cells"
"SYNTH-12-43-1","Capture_5'_ATCTACTAGCGACGTA-2","Myoepithelial Cells"
"SYNTH-12-43-1","Capture_3'_CAGATCAGTACAGTCT-1","T-cells"
"SYNTH-12-44-1","Capture_5'_AACCATGAGCCACTAT-3","TAMs"
"SYNTH-12-44-1","Capture_5'_TAGGCATGTTCGGCAC-2","Dividing Tumor"
"SYNTH-12-44-1","Capture_3'_GTTACAGCAGCGTGAA-2","T-cells"
"SYNTH-12-44-1","Capture_3'_AGGACGAGTAGTCCTA-3","TAMs"
"SYNTH-12-44-1","Capture_5'_CGTCCATAGCGAGAAA-2","Dividing Tumor"
"SYNTH-12-45-1","Capture_3'_CAGCGTGTCAAAGAAC-1","Dividing Tumor"
"SYNTH-12-45-1","Capture_3'_TGCATGAAGGTACTGG-4","T-cells"
"SYNTH-12-45-1","Capture_5'_CGGGTCATCGTTTGCC-3","B-cells"
"SYNTH-12-45-1","Capture_3'_AAAGAACTCAGGGATG-1","TAMs"
"SYNTH-12-46-1","Capture_5'_CTCGTACGTACGCACC-1","Tumor"
"SYNTH-12-46-1","Capture_3'_TGCACGGAGAGAGTTT-3","T-cells"
"SYNTH-12-46-1","Capture_5'_ATCGAGTGTTGAGTTC-4","Dividing Tumor"
"SYNTH-12-46-1","Capture_3'_TACCCGTAGATGACCG-4","Dividing Tumor"
"SYNTH-12-46-1","Capture_3'_TCCTCTTCATACCACA-4","Tumor"
"SYNTH-12-46-1","Capture_3'_TATTCCAGTCCAGTTA-2","Tumor"
"SYNTH-12-46-1","Capture_5'_TAGCCGGGTCATACTG-2","T-cells"
"SYNTH-12-47-1","Capture_5'_GGGAATGTCTACCTGC-2","Endothelial Cells"
"SYNTH-12-48-1","Capture_3'_TCCTCGATCCGGTTCT-2","Tumor"
"SYNTH-12-49-1","Capture_3'_CTTTCAAAGTACAGAT-3","Endothelial Cells"
"SYNTH-12-49-1","Capture_5'_GACGGCTGTATGGTTC-4","Tumor"
"SYNTH-12-49-1","Capture_5'_CATCCACAGTGTACTC-3","T-cells"
"SYNTH-12-50-1","Capture_5'_TCATTACTCTCTTGAT-3","Tumor"
"SYNTH-12-50-1","Capture_5'_ATGCGATTCGTACGGC-1","T-cells"
"SYNTH-12-50-1","Capture_5'_ACACCCTGTCGCGGTT-4","Tumor"
"SYNTH-12-50-1","Capture_5'_GTTCATTTCATCGCTC-3","Tumor"
"SYNTH-12-50-1","Capture_5'_CTGATCCAGTGTGGCA-3","Tumor"
"SYNTH-12-50-1","Capture_5'_GTGGGTCTCTGTCAAG-1","Tumor"
"SYNTH-12-50-1","Capture_3'_TCACGGGCAGCGGATA-4","Dividing Tumor"
"SYNTH-13-1-1","Capture_3'_TGTAAGCGTATGAAAC-3","Endothelial Cells"
"SYNTH-13-1-1","Capture_5'_ACTTACTGTGAACCTT-3","Tumor"
"SYNTH-13-1-1","Capture_5'_CCGTGGATCACATAGC-4","Tumor"
"SYNTH-13-2-1","Capture_3'_GTTGTCCTCTCCGCAT-1","Tumor"
"SYNTH-13-2-1","Capture_5'_CTACACCGTCGAATCT-2","Dividing Tumor"
"SYNTH-13-2-1","Capture_5'_CTCATTAAGGCATGTG-1","Dividing Tumor"
"SYNTH-13-2-1","Capture_3'_TGTCCACTCACCATCC-3","Tumor"
"SYNTH-13-2-1","Capture_5'_GTCCTCAGTGTGAATA-1","Plasma Cells"
"SYNTH-13-2-1","Capture_5'_ACGGCCATCTAACCGA-1","Tumor"
"SYNTH-13-2-1","Capture_3'_GTGAGCCCAGGTTCAT-3","Myoepithelial Cells"
"SYNTH-13-3-1","Capture_5'_AATCGGTTCCCGGATG-2","Tumor"
"SYNTH-13-3-1","Capture_5'_CTACATTTCATGGTCA-1","Dividing Tumor"
"SYNTH-13-3-1","Capture_5'_AACTCTTGTTTGCATG-1","Tumor"
"SYNTH-13-3-1","Capture_3'_GTAGAAATCTATACTC-4","TAMs"
"SYNTH-13-3-1","Capture_3'_CTATAGGTCCTCATAT-4","T-cells"
"SYNTH-13-3-1","Capture_5'_GGGTCTGAGATCTGAA-3","Luminal A"
"SYNTH-13-3-1","Capture_3'_TTGCCTGAGCCTGAGA-2","T-cells"
"SYNTH-13-4-1","Capture_5'_GCAGCCAGTTGGAGGT-4","T-cells"
"SYNTH-13-4-1","Capture_3'_CAATACGGTCACAATC-2","Luminal B"
"SYNTH-13-4-1","Capture_5'_TTGAACGCATTCACTT-4","Fibroblasts"
"SYNTH-13-4-1","Capture_5'_GCTCCTATCTCCTATA-4","Dividing Tumor"
"SYNTH-13-4-1","Capture_3'_CACACAAGTGTTCAGT-2","Dividing Tumor"
"SYNTH-13-5-1","Capture_3'_CTACATTCAGACCCGT-4","Endothelial Cells"
"SYNTH-13-5-1","Capture_3'_GCTTTCGTCATGCCGG-3","Tumor"
"SYNTH-13-5-1","Capture_5'_CTCGGAGTCATGTCCC-3","Tumor"
"SYNTH-13-5-1","Capture_5'_ACCCACTTCAGTTGAC-3","Tumor"
"SYNTH-13-5-1","Capture_5'_GCAAACTAGCGTAATA-2","Tumor"
"SYNTH-13-5-1","Capture_3'_ACGTTCCGTACTGAGG-1","Tumor"
"SYNTH-13-5-1","Capture_3'_ATCCACCAGTATGAAC-4","Luminal A"
"SYNTH-13-6-1","Capture_5'_GCTGCTTAGTCCCACG-3","Luminal B"
"SYNTH-13-6-1","Capture_5'_GTGTTAGAGGCACATG-4","Endothelial Cells"
"SYNTH-13-6-1","Capture_5'_GAGGTGACACAGGTTT-4","Dividing Tumor"
"SYNTH-13-6-1","Capture_5'_GGTGCGTTCATTCACT-2","Tumor"
"SYNTH-13-6-1","Capture_5'_GAAGCAGCACTGCCAG-3","Tumor"
"SYNTH-13-6-1","Capture_3'_AGGCTGCAGGATAATC-3","Dividing Tumor"
"SYNTH-13-6-1","Capture_5'_CCTACACAGTCCCACG-4","Tumor"
"SYNTH-13-6-1","Capture_5'_GAGTCCGAGGTACTCT-1","Tumor"
"SYNTH-13-6-1","Capture_3'_CACCGTTTCTATCGGA-1","Tumor"
"SYNTH-13-7-1","Capture_5'_GTGTGCGTCCTCGCAT-2","Fibroblasts"
"SYNTH-13-7-1","Capture_5'_AGAGCTTGTTATCGGT-3","Dividing Tumor"
"SYNTH-13-7-1","Capture_5'_CTGAAGTAGATGTGGC-4","Tumor"
"SYNTH-13-7-1","Capture_3'_CTACTATGTCCGAAAG-3","Dividing Tumor"
"SYNTH-13-8-1","Capture_5'_CGATGGCCAGCTTCGG-4","Tumor"
"SYNTH-13-8-1","Capture_5'_GAACCTAAGAAGGACA-4","Tumor"
"SYNTH-13-9-1","Capture_3'_TCATATCTCTATCGTT-4","Tumor"
"SYNTH-13-9-1","Capture_3'_ACCTGTCCAGTCGCAC-1","Tumor"
"SYNTH-13-9-1","Capture_5'_GGTATTGTCCAAGCCG-4","B-cells"
"SYNTH-13-9-1","Capture_5'_CCCATACCATCCGTGG-4","Tumor"
"SYNTH-13-9-1","Capture_3'_GTTGCGGTCTCGGTCT-2","Tumor"
"SYNTH-13-9-1","Capture_5'_GTTCTCGTCTTGACGA-1","Tumor"
"SYNTH-13-9-1","Capture_5'_GGACATTAGCGCTCCA-4","Dividing Tumor"
"SYNTH-13-10-1","Capture_5'_GCAAACTAGCTGCCCA-2","Tumor"
"SYNTH-13-10-1","Capture_5'_CAGGTGCAGCAGATCG-4","Dividing Tumor"
"SYNTH-13-10-1","Capture_5'_CACAAACGTCCGCTGA-4","T-cells"
"SYNTH-13-10-1","Capture_5'_TGTGTTTGTATAATGG-1","Dividing Tumor"
"SYNTH-13-11-1","Capture_3'_CAGCACGTCTCATGGA-2","T-cells"
"SYNTH-13-11-1","Capture_5'_TGACTTTGTTAGTGGG-1","Tumor"
"SYNTH-13-11-1","Capture_5'_GACGTTAAGCTAACAA-3","Dividing Tumor"
"SYNTH-13-11-1","Capture_3'_GAAGTAACAGCCCACA-4","T-cells"
"SYNTH-13-11-1","Capture_5'_GTTCGGGTCATCACCC-3","Tumor"
"SYNTH-13-12-1","Capture_5'_GGTGTTACAAGCCATT-3","Tumor"
"SYNTH-13-13-1","Capture_3'_GGTTGTACAGCTACTA-3","T-cells"
"SYNTH-13-14-1","Capture_5'_GCATACACATGACATC-1","Tumor"
"SYNTH-13-14-1","Capture_3'_TGTTCATGTTCTCTCG-2","T-cells"
"SYNTH-13-14-1","Capture_5'_GGATTACAGAGTAAGG-3","Dividing Tumor"
"SYNTH-13-14-1","Capture_5'_CCCTCCTCAAACTGCT-4","Tumor"
"SYNTH-13-14-1","Capture_5'_GGGTTGCTCAGTTAGC-3","T-cells"
"SYNTH-13-15-1","Capture_3'_CAAAGAACATCAGCGC-3","Dividing Tumor"
"SYNTH-13-15-1","Capture_5'_TCGGGACGTGCAGTAG-2","TAMs"
"SYNTH-13-15-1","Capture_5'_GCGACCAGTCATCCCT-3","Dividing Tumor"
"SYNTH-13-15-1","Capture_5'_ACGGGCTTCTACCAGA-1","Luminal A"
"SYNTH-13-15-1","Capture_5'_GTACTCCAGGTGGGTT-4","T-cells"
"SYNTH-13-15-1","Capture_5'_GTCGTAAAGCTGATAA-4","Luminal A"
"SYNTH-13-15-1","Capture_5'_CGTAGGCGTCTAGCGC-4","Dividing Tumor"
"SYNTH-13-15-1","Capture_3'_TGCGATAGTGAGAACC-2","T-cells"
"SYNTH-13-15-1","Capture_3'_ACCTACCGTGTGTCCG-1","T-cells"
"SYNTH-13-15-1","Capture_5'_TGAGCATCAGCTGTAT-4","Dividing Tumor"
"SYNTH-13-16-1","Capture_5'_TACTTGTCAGTTAACC-2","Dividing Tumor"
"SYNTH-13-16-1","Capture_3'_ATCACAGGTCATGGCC-1","Tumor"
"SYNTH-13-16-1","Capture_5'_CTAATGGGTCCATCCT-2","T-cells"
"SYNTH-13-16-1","Capture_5'_GTGAAGGAGGTCGGAT-1","TAMs"
"SYNTH-13-17-1","Capture_3'_TCACTATTCGTTGTAG-3","Tumor"
"SYNTH-13-17-1","Capture_5'_ACTATCTTCGAATCCA-3","Tumor"
"SYNTH-13-18-1","Capture_5'_ACGAGGAAGGAGTTGC-4","Tumor"
"SYNTH-13-18-1","Capture_3'_TGCTGAATCCCAGCGA-2","Dividing Tumor"
"SYNTH-13-18-1","Capture_3'_TACGTCCAGTTGCCTA-1","T-cells"
"SYNTH-13-18-1","Capture_3'_ACACGCGGTATGGTAA-1","Tumor"
"SYNTH-13-18-1","Capture_3'_CAGGCCACAACGACAG-1","T-cells"
"SYNTH-13-19-1","Capture_5'_CACCACTCACCAACCG-4","Tumor"
"SYNTH-13-19-1","Capture_3'_GGCACGTAGCGTCTGC-1","Tumor"
"SYNTH-13-19-1","Capture_5'_CAAGAAAGTTCACCTC-1","Tumor"
"SYNTH-13-19-1","Capture_5'_AAAGATGTCCAAAGTC-4","Tumor"
"SYNTH-13-19-1","Capture_3'_CAGTTCCTCAACACGT-1","Luminal A"
"SYNTH-13-19-1","Capture_5'_CCCAGTTGTCACACGC-3","Dividing Tumor"
"SYNTH-13-19-1","Capture_3'_ACGGTTAGTCGTGGAA-3","T-cells"
"SYNTH-13-19-1","Capture_3'_GTGCAGCTCAAGCGTT-3","Dividing Tumor"
"SYNTH-13-19-1","Capture_5'_CAGCCGACAAGCTGTT-1","Luminal A"
"SYNTH-13-20-1","Capture_5'_CGTCACTCAGGGTACA-3","Tumor"
"SYNTH-13-20-1","Capture_5'_AGGGTGAAGAATTGTG-2","Luminal B"
"SYNTH-13-21-1","Capture_5'_ACATGGTAGGTCGGAT-1","Dividing Tumor"
"SYNTH-13-21-1","Capture_3'_GAGGGTATCTAAACGC-3","T-cells"
"SYNTH-13-21-1","Capture_5'_TGACTAGCATTTGCTT-1","TAMs"
"SYNTH-13-21-1","Capture_5'_GATCGTATCCGTAGGC-4","TAMs"
"SYNTH-13-21-1","Capture_5'_TGCCCTAAGGTGATTA-4","Dividing Tumor"
"SYNTH-13-21-1","Capture_5'_TGCCCATAGAGTTGGC-1","T-cells"
"SYNTH-13-21-1","Capture_3'_TCCTCGAAGAGAATCT-3","Dividing Tumor"
"SYNTH-13-21-1","Capture_5'_GTCATTTTCAAGGTAA-4","Dividing Tumor"
"SYNTH-13-21-1","Capture_3'_CAGATTGGTGTCCACG-3","Dividing Tumor"
"SYNTH-13-22-1","Capture_5'_TAAACCGGTCTGGTCG-2","Tumor"
"SYNTH-13-22-1","Capture_5'_CGACCTTAGCTGAAAT-4","Myoepithelial Cells"
"SYNTH-13-22-1","Capture_5'_GCTCTGTGTCCAGTAT-2","T-cells"
"SYNTH-13-22-1","Capture_5'_CCTTTCTGTTTCGCTC-3","Tumor"
"SYNTH-13-22-1","Capture_3'_AAGCGAGTCGAGGCAA-1","Tumor"
"SYNTH-13-22-1","Capture_5'_GTACGTATCAGCGACC-1","Tumor"
"SYNTH-13-22-1","Capture_3'_CACCGTTGTTAGAGTA-1","Tumor"
"SYNTH-13-22-1","Capture_5'_ACTATCTGTAAGGGCT-4","Dividing Tumor"
"SYNTH-13-23-1","Capture_5'_GTGCTTCCACGGCTAC-3","Tumor"
"SYNTH-13-23-1","Capture_3'_TGTGCGGCAGGCCTGT-1","T-cells"
"SYNTH-13-23-1","Capture_3'_GTACAACTCCAATGCA-3","Tumor"
"SYNTH-13-23-1","Capture_3'_TTGGATGAGCATGATA-4","Luminal A"
"SYNTH-13-23-1","Capture_5'_CTGCCTATCTGTTGAG-4","Tumor"
"SYNTH-13-23-1","Capture_5'_GACGTGCAGAGGGCTT-4","T-cells"
"SYNTH-13-24-1","Capture_5'_ATCTGCCGTGAGGGAG-3","Tumor"
"SYNTH-13-24-1","Capture_5'_AACTCTTTCGCCATAA-3","T-cells"
"SYNTH-13-24-1","Capture_3'_TCCTTCTTCTTACCAT-1","Tumor"
"SYNTH-13-24-1","Capture_5'_CGCTGGATCGTCTGAA-2","Tumor"
"SYNTH-13-24-1","Capture_5'_GTCTCGTAGTGACTCT-4","Tumor"
"SYNTH-13-25-1","Capture_3'_TGGGCTGTCGATGGAG-3","Tumor"
"SYNTH-13-25-1","Capture_5'_ACTTACTCAGGCTGAA-4","Tumor"
"SYNTH-13-25-1","Capture_5'_GTCTCGTGTATGAAAC-1","T-cells"
"SYNTH-13-25-1","Capture_3'_CTGTAGATCGGTTAGT-4","Tumor"
"SYNTH-13-25-1","Capture_5'_ACGCCGATCGAGCCCA-3","Endothelial Cells"
"SYNTH-13-25-1","Capture_5'_CCTCAGTTCAGCGACC-4","Tumor"
"SYNTH-13-25-1","Capture_5'_CAGAGAGGTAGCACGA-2","T-cells"
"SYNTH-13-25-1","Capture_5'_GGCCGATCATCTACGA-3","Dividing Tumor"
"SYNTH-13-25-1","Capture_5'_AGCGTATTCGTTTATC-1","Tumor"
"SYNTH-13-26-1","Capture_5'_TGACAACTCGGAAATA-4","Dividing Tumor"
"SYNTH-13-26-1","Capture_5'_TACCTTACAAGGCTCC-1","Luminal A"
"SYNTH-13-26-1","Capture_5'_GATCGTATCTGAAAGA-4","Tumor"
"SYNTH-13-26-1","Capture_3'_GAGACCCGTCCTGGGT-4","Tumor"
"SYNTH-13-26-1","Capture_5'_GTATTCTCATGTCGAT-1","Tumor"
"SYNTH-13-27-1","Capture_3'_AGCCAATGTCCCACGA-1","Luminal A"
"SYNTH-13-27-1","Capture_5'_GTGCTTCTCGGAAACG-4","Tumor"
"SYNTH-13-28-1","Capture_5'_CACATAGGTCAGTGGA-3","Dividing Tumor"
"SYNTH-13-28-1","Capture_5'_TGCGCAGGTATGAATG-3","Tumor"
"SYNTH-13-29-1","Capture_3'_CAACGGCAGTCCCAGC-3","Dividing Tumor"
"SYNTH-13-30-1","Capture_5'_GGCTGGTAGGCGACAT-3","Tumor"
"SYNTH-13-30-1","Capture_3'_CATCAAGTCCCGTGAG-2","T-cells"
"SYNTH-13-30-1","Capture_5'_AGGTCCGTCACTCTTA-2","Tumor"
"SYNTH-13-30-1","Capture_5'_CGATCGGCATCACAAC-2","Tumor"
"SYNTH-13-30-1","Capture_5'_CTGTGCTAGTGTACCT-1","Tumor"
"SYNTH-13-30-1","Capture_3'_TGTTCTAGTGAGATCG-3","Tumor"
"SYNTH-13-31-1","Capture_5'_GTCAAGTAGCTACCGC-1","Tumor"
"SYNTH-13-31-1","Capture_5'_GATGAAATCCGGCACA-4","Dividing Tumor"
"SYNTH-13-31-1","Capture_3'_AGAAGCGAGGTTGACG-1","Luminal A"
"SYNTH-13-31-1","Capture_3'_GATGTTGCACCTGTCT-1","Tumor"
"SYNTH-13-31-1","Capture_3'_ATGCCTCAGAAGTCTA-4","Tumor"
"SYNTH-13-31-1","Capture_5'_TACGGGCAGGATGGAA-1","Luminal A"
"SYNTH-13-32-1","Capture_3'_CAACGGCAGCGTTACT-4","Luminal A"
"SYNTH-13-32-1","Capture_3'_GCCAGCATCAGAGTGG-3","Tumor"
"SYNTH-13-32-1","Capture_3'_TAGGTTGGTACGACAG-3","Tumor"
"SYNTH-13-32-1","Capture_5'_AGGCCGTAGCGTTCCG-3","Dividing Tumor"
"SYNTH-13-33-1","Capture_5'_GACTGCGCACCAGGTC-1","Tumor"
"SYNTH-13-34-1","Capture_5'_ATCTACTGTACACCGC-4","Dividing Tumor"
"SYNTH-13-34-1","Capture_5'_CTACATTTCATTCACT-3","T-cells"
"SYNTH-13-35-1","Capture_3'_CCCTCAAAGCGAGTAC-2","Tumor"
"SYNTH-13-35-1","Capture_5'_CTCTACGTCTCATTCA-3","Tumor"
"SYNTH-13-35-1","Capture_5'_TATGCCCGTCGGCTCA-2","Tumor"
"SYNTH-13-35-1","Capture_5'_ACGGGCTCATGCTAGT-1","Plasma Cells"
"SYNTH-13-35-1","Capture_5'_CCTCAGTGTCGACTAT-4","Fibroblasts"
"SYNTH-13-35-1","Capture_5'_TGACGGCAGTACGTAA-3","T-cells"
"SYNTH-13-35-1","Capture_5'_ACCGTAAGTTCCGTCT-4","Dividing Tumor"
"SYNTH-13-35-1","Capture_5'_TCATTACCAACACCCG-2","Tumor"
"SYNTH-13-36-1","Capture_3'_AGAGCCCAGTAAGACT-4","Tumor"
"SYNTH-13-36-1","Capture_5'_TGTATTCTCTTTCCTC-3","T-cells"
"SYNTH-13-36-1","Capture_5'_TCATTACTCAGATAAG-1","Tumor"
"SYNTH-13-36-1","Capture_5'_CACACAATCAGTACGT-4","Dividing Tumor"
"SYNTH-13-36-1","Capture_5'_GTTAAGCTCCGCGGTA-2","Dividing Tumor"
"SYNTH-13-36-1","Capture_5'_GCGCCAATCGTTACGA-4","Dividing Tumor"
"SYNTH-13-36-1","Capture_3'_CCTAACCTCATGCCGG-3","Tumor"
"SYNTH-13-36-1","Capture_5'_GTGCTTCAGAACAATC-4","Dividing Tumor"
"SYNTH-13-37-1","Capture_5'_CACCACTTCTTGAGAC-2","Luminal A"
"SYNTH-13-38-1","Capture_5'_GTGTTAGAGCTAGGCA-1","Dividing Tumor"
"SYNTH-13-38-1","Capture_3'_AAGGTAACAACACGAG-2","T-cells"
"SYNTH-13-38-1","Capture_5'_ACAGCTAGTACTTCTT-2","Luminal A"
"SYNTH-13-38-1","Capture_5'_CTCGGAGAGGGTTTCT-2","Tumor"
"SYNTH-13-39-1","Capture_5'_GGACGTCAGCAGGTCA-2","Dividing Tumor"
"SYNTH-13-39-1","Capture_5'_AAGTCTGTCTGCGACG-4","Dividing Tumor"
"SYNTH-13-39-1","Capture_5'_TGACTTTGTCTTTCAT-3","Dividing Tumor"
"SYNTH-13-39-1","Capture_3'_CTGAATGGTACGAGTG-4","Tumor"
"SYNTH-13-39-1","Capture_5'_GTCACGGAGGGATACC-4","T-cells"
"SYNTH-13-40-1","Capture_3'_CTGCAGGTCTCCTGCA-4","Tumor"
"SYNTH-13-40-1","Capture_5'_GAATAAGAGGAGTTGC-3","Endothelial Cells"
"SYNTH-13-40-1","Capture_5'_TTGAACGAGTACGTTC-3","Dividing Tumor"
"SYNTH-13-40-1","Capture_5'_CACCAGGTCGGTTCGG-4","Dividing Tumor"
"SYNTH-13-40-1","Capture_3'_CCTCACACATACTGTG-1","T-cells"
"SYNTH-13-40-1","Capture_3'_TACCTGCCAATAAGGT-1","Tumor"
"SYNTH-13-40-1","Capture_5'_AGATTGCCACGGACAA-2","Dividing Tumor"
"SYNTH-13-40-1","Capture_3'_CATTTCACAACTCATG-2","Tumor"
"SYNTH-13-41-1","Capture_5'_TGGGCGTAGACCTTTG-2","Tumor"
"SYNTH-13-42-1","Capture_5'_TGGGCGTCAGATCGGA-3","Tumor"
"SYNTH-13-42-1","Capture_5'_CTGTGCTGTAGCAAAT-4","T-cells"
"SYNTH-13-43-1","Capture_5'_GTGCTTCTCTTTACAC-2","Dividing Tumor"
"SYNTH-13-43-1","Capture_3'_TATCTTGTCGGAGCAA-1","Dividing Tumor"
"SYNTH-13-43-1","Capture_5'_CATTATCCAATGGATA-3","Tumor"
"SYNTH-13-43-1","Capture_3'_CACTGAACATTCTTCA-4","Dividing Tumor"
"SYNTH-13-43-1","Capture_5'_CTCCTAGAGATTACCC-2","Tumor"
"SYNTH-13-43-1","Capture_3'_CCTGCATAGGAGAATG-3","Dividing Tumor"
"SYNTH-13-43-1","Capture_5'_AAAGCAATCGCAAGCC-4","Tumor"
"SYNTH-13-43-1","Capture_5'_CAGGTGCCAAACCTAC-1","Tumor"
"SYNTH-13-43-1","Capture_5'_CGAGAAGCACGTGAGA-3","T-cells"
"SYNTH-13-43-1","Capture_3'_TTTATGCCACGGATCC-4","Tumor"
"SYNTH-13-44-1","Capture_5'_GATGCTAGTATGAATG-4","Tumor"
"SYNTH-13-44-1","Capture_3'_TCGCAGGAGATTGAGT-1","TAMs"
"SYNTH-13-44-1","Capture_5'_ACGGCCACAGTTAACC-3","T-cells"
"SYNTH-13-44-1","Capture_5'_ACGCAGCCAGATGAGC-2","Dividing Tumor"
"SYNTH-13-44-1","Capture_5'_CGCGGTAAGATGCGAC-4","Tumor"
"SYNTH-13-44-1","Capture_5'_TGGACGCAGTTTAGGA-2","Tumor"
"SYNTH-13-44-1","Capture_5'_GGTGAAGTCATTTGGG-3","Tumor"
"SYNTH-13-44-1","Capture_5'_GTCCTCACATACCATG-3","Tumor"
"SYNTH-13-44-1","Capture_5'_AGGCCGTAGATCACGG-2","Tumor"
"SYNTH-13-45-1","Capture_5'_CCTAGCTCACAAGTAA-4","Tumor"
"SYNTH-13-45-1","Capture_3'_TATCAGGAGGAAGTGA-4","Dividing Tumor"
"SYNTH-13-45-1","Capture_3'_GTTCATTGTGTAGTGG-3","Tumor"
"SYNTH-13-45-1","Capture_5'_TACTCATAGCTGGAAC-2","T-cells"
"SYNTH-13-46-1","Capture_5'_TCTATTGTCTTATCTG-2","Tumor"
"SYNTH-13-46-1","Capture_5'_GACGGCTGTATGGTTC-4","Tumor"
"SYNTH-13-46-1","Capture_3'_CTACCTGCACAAATAG-4","Dividing Tumor"
"SYNTH-13-46-1","Capture_5'_TGACAACGTATAAACG-3","B-cells"
"SYNTH-13-47-1","Capture_5'_TACAGTGTCTCGCTTG-2","Tumor"
"SYNTH-13-47-1","Capture_5'_CATATTCCATGCAATC-3","Dividing Tumor"
"SYNTH-13-47-1","Capture_5'_CGCTGGACAGTGAGTG-4","Dividing Tumor"
"SYNTH-13-47-1","Capture_5'_CAAGTTGGTATGAAAC-3","Tumor"
"SYNTH-13-47-1","Capture_5'_AGGCCACGTTACGGAG-3","T-cells"
"SYNTH-13-47-1","Capture_5'_CCTCAGTAGAAACCAT-3","Dividing Tumor"
"SYNTH-13-47-1","Capture_3'_GTTCATTAGAGCATAT-2","Luminal A"
"SYNTH-13-48-1","Capture_5'_ACACCGGCATTGGTAC-3","Dividing Tumor"
"SYNTH-13-48-1","Capture_3'_GGGTAGAAGCAGCGAT-1","Dividing Tumor"
"SYNTH-13-48-1","Capture_5'_CTTTGCGTCTGCGACG-3","T-cells"
"SYNTH-13-48-1","Capture_5'_CACACAACATGGGACA-4","T-cells"
"SYNTH-13-48-1","Capture_5'_CAAGGCCGTATGCTTG-1","Dividing Tumor"
"SYNTH-13-48-1","Capture_5'_GTGCTTCTCATGCAAC-4","Tumor"
"SYNTH-13-48-1","Capture_5'_ACTTTCAAGTAGGTGC-2","T-cells"
"SYNTH-13-49-1","Capture_5'_TTCCCAGGTAAACCTC-3","Dividing Tumor"
"SYNTH-13-49-1","Capture_5'_TTCCCAGAGGCAAAGA-4","Tumor"
"SYNTH-13-49-1","Capture_5'_CTCGGGAGTCACCCAG-2","T-cells"
"SYNTH-13-49-1","Capture_5'_CGGAGTCAGAACAATC-1","Dividing Tumor"
"SYNTH-13-49-1","Capture_5'_CTAAGACGTCGCGAAA-2","Tumor"
"SYNTH-13-49-1","Capture_5'_AAGGCAGTCCCATTAT-1","Tumor"
"SYNTH-13-49-1","Capture_3'_AGGGTCCTCCAAGCTA-4","Tumor"
"SYNTH-13-49-1","Capture_3'_AGTCTCCGTCCTCATC-2","Tumor"
"SYNTH-13-49-1","Capture_5'_CGCCAAGTCACGACTA-4","B-cells"
"SYNTH-13-50-1","Capture_5'_TGTCCCAAGTCTCAAC-2","Tumor"
"SYNTH-13-50-1","Capture_3'_GTGCACGCAAATGCGG-3","T-cells"
"SYNTH-13-50-1","Capture_5'_GACGGCTTCGCCAGCA-2","Tumor"
"SYNTH-13-50-1","Capture_5'_CTAGCCTAGGCTCTTA-2","Luminal A"
"SYNTH-13-50-1","Capture_5'_TGCTACCTCGAACGGA-4","Tumor"
"SYNTH-13-50-1","Capture_5'_CCCTCCTAGAACAACT-4","Endothelial Cells"
"SYNTH-13-50-1","Capture_5'_CATGGCGGTCACAAGG-1","Tumor"
"SYNTH-14-1-1","Capture_5'_GGAATAATCCCTCAGT-2","Tumor"
"SYNTH-14-1-1","Capture_5'_AAGACCTGTCTTCGTC-1","TAMs"
"SYNTH-14-1-1","Capture_5'_GTTCTCGAGGGCTTGA-4","Tumor"
"SYNTH-14-1-1","Capture_5'_AGCCTAAGTTATGCGT-4","Dividing Tumor"
"SYNTH-14-1-1","Capture_5'_ATCACGATCTTGGGTA-2","Tumor"
"SYNTH-14-1-1","Capture_3'_ACTGTGAAGGAAAGGT-4","Tumor"
"SYNTH-14-1-1","Capture_3'_GTAGCTAAGGAAGTGA-1","Tumor"
"SYNTH-14-2-1","Capture_5'_CAGCAGCCAAACGCGA-3","Dividing Tumor"
"SYNTH-14-2-1","Capture_5'_GGCGACTGTTGTACAC-3","Tumor"
"SYNTH-14-2-1","Capture_3'_TGATCTTAGTACCCTA-2","Tumor"
"SYNTH-14-2-1","Capture_3'_TTGGGCGCAGCTGTGC-4","Tumor"
"SYNTH-14-3-1","Capture_5'_AACTCAGCAAGTCATC-3","Tumor"
"SYNTH-14-3-1","Capture_5'_ATGAGGGGTCATATGC-2","Dividing Tumor"
"SYNTH-14-3-1","Capture_3'_GCTACCTAGTCACAGG-4","Luminal A"
"SYNTH-14-3-1","Capture_5'_GATGAGGTCCGTTGTC-4","Dividing Tumor"
"SYNTH-14-3-1","Capture_5'_GTAGTCAAGAAAGTGG-2","T-cells"
"SYNTH-14-3-1","Capture_5'_CCTACACTCTGTTGAG-4","Tumor"
"SYNTH-14-3-1","Capture_3'_TTCTTGACAAGTTCGT-1","Tumor"
"SYNTH-14-4-1","Capture_5'_AACCGCGTCAAGCCTA-2","Tumor"
"SYNTH-14-4-1","Capture_3'_TGTTCCGGTCACGACC-2","Tumor"
"SYNTH-14-4-1","Capture_3'_GTTTGGATCGATACGT-2","Tumor"
"SYNTH-14-4-1","Capture_3'_GTGAGTTAGCCGTAAG-2","Tumor"
"SYNTH-14-4-1","Capture_5'_TTCTCAACACAGGAGT-3","Tumor"
"SYNTH-14-4-1","Capture_3'_TCATCATGTAGCGTAG-2","Tumor"
"SYNTH-14-5-1","Capture_5'_CGATTGAGTGAAAGAG-4","Tumor"
"SYNTH-14-5-1","Capture_3'_TCGAAGTAGCTTCGTA-3","Luminal A"
"SYNTH-14-5-1","Capture_3'_ACCACAAAGGCGCTCT-3","Dividing Tumor"
"SYNTH-14-5-1","Capture_5'_CCGTTCACACATAACC-3","Dividing Tumor"
"SYNTH-14-5-1","Capture_5'_TATCAGGTCGCGCCAA-3","Dividing Tumor"
"SYNTH-14-6-1","Capture_5'_CCTTTCTGTAGTAGTA-3","TAMs"
"SYNTH-14-6-1","Capture_5'_ACGTCAACAAGACACG-3","Dividing Tumor"
"SYNTH-14-6-1","Capture_5'_ACGGAGAGTCGAATCT-4","T-cells"
"SYNTH-14-6-1","Capture_3'_GAGACTTGTTCAGCGC-2","Tumor"
"SYNTH-14-6-1","Capture_5'_GCTGCTTGTCGGCACT-1","Luminal B"
"SYNTH-14-6-1","Capture_3'_TCGAAGTAGACCGTTT-2","T-cells"
"SYNTH-14-7-1","Capture_5'_ACACCCTTCTAGCACA-3","T-cells"
"SYNTH-14-7-1","Capture_5'_CGTCTACAGTACGATA-1","Dividing Tumor"
"SYNTH-14-7-1","Capture_5'_AACACGTGTTGATTCG-3","TAMs"
"SYNTH-14-7-1","Capture_3'_CACGTGGCAGGCACTC-3","Tumor"
"SYNTH-14-8-1","Capture_3'_AGTGCCGAGACTACCT-3","Endothelial Cells"
"SYNTH-14-8-1","Capture_5'_TACTCATGTCAAGCGA-1","TAMs"
"SYNTH-14-8-1","Capture_5'_CATCAAGCATCTCCCA-1","Tumor"
"SYNTH-14-8-1","Capture_5'_TAGTTGGCATCCGTGG-3","T-cells"
"SYNTH-14-9-1","Capture_3'_TCGACCTTCATAGGCT-3","Tumor"
"SYNTH-14-9-1","Capture_5'_CAGCCGAAGTGCCATT-3","Tumor"
"SYNTH-14-9-1","Capture_3'_TGCGGGTGTCGTGGAA-2","Tumor"
"SYNTH-14-9-1","Capture_5'_GGAAAGCTCGCGGATC-4","Endothelial Cells"
"SYNTH-14-9-1","Capture_5'_CCAGCGATCAACACGT-2","Dividing Tumor"
"SYNTH-14-10-1","Capture_5'_CAGCAGCCAAGTACCT-4","T-cells"
"SYNTH-14-10-1","Capture_5'_CAACCTCAGTGCGTGA-2","Tumor"
"SYNTH-14-10-1","Capture_3'_CCTCAGTAGTGCCTCG-4","Tumor"
"SYNTH-14-11-1","Capture_3'_TTTGGAGGTAGACACG-2","Luminal B"
"SYNTH-14-11-1","Capture_5'_CGTAGGCAGTTCGCAT-4","Tumor"
"SYNTH-14-11-1","Capture_3'_CCCTGATAGTGCCGAA-1","T-cells"
"SYNTH-14-11-1","Capture_5'_GATCAGTCAGTCGATT-4","Tumor"
"SYNTH-14-11-1","Capture_5'_GATCGCGAGGTGCTAG-1","T-cells"
"SYNTH-14-12-1","Capture_5'_TACCTATGTTCAACCA-4","TAMs"
"SYNTH-14-12-1","Capture_3'_CATCCGTCAGAGTCTT-3","Tumor"
"SYNTH-14-12-1","Capture_3'_CTACGGGCACTCTGCT-2","Luminal A"
"SYNTH-14-12-1","Capture_3'_ACGGTTAAGGTCGAGT-4","Plasma Cells"
"SYNTH-14-12-1","Capture_5'_CCAATCCTCACCAGGC-2","Dividing Tumor"
"SYNTH-14-12-1","Capture_5'_GGATTACTCAAACGGG-4","Tumor"
"SYNTH-14-12-1","Capture_5'_CTGTTTAAGTGCTGCC-2","Tumor"
"SYNTH-14-12-1","Capture_3'_GTAACACTCTCATGCC-2","Dividing Tumor"
"SYNTH-14-12-1","Capture_3'_TCATGCCTCGAGGCAA-2","Fibroblasts"
"SYNTH-14-13-1","Capture_5'_GCTTGAACAGTGAGTG-3","Dividing Tumor"
"SYNTH-14-13-1","Capture_5'_TTGACTTGTCTGCGGT-3","Tumor"
"SYNTH-14-13-1","Capture_3'_TTACCGCTCCCTAGGG-3","Dividing Tumor"
"SYNTH-14-13-1","Capture_5'_TGATTTCGTTAGAACA-2","T-cells"
"SYNTH-14-13-1","Capture_3'_CGGGTCAAGCCAAGTG-2","Tumor"
"SYNTH-14-13-1","Capture_5'_TACCTATTCAACACTG-1","T-cells"
"SYNTH-14-14-1","Capture_5'_ACGAGGAAGGATGGAA-1","Luminal A"
"SYNTH-14-14-1","Capture_5'_TTCTCAAAGGAGTCTG-4","Tumor"
"SYNTH-14-14-1","Capture_3'_AGGAAATGTGTTACAC-4","T-cells"
"SYNTH-14-14-1","Capture_3'_CTTTCGGTCGGACGTC-2","Luminal A"
"SYNTH-14-14-1","Capture_3'_GAACGTTCATGTTCGA-4","Tumor"
"SYNTH-14-15-1","Capture_5'_TTATGCTGTTCAGTAC-2","T-cells"
"SYNTH-14-15-1","Capture_3'_CATCCCAAGTGAGGCT-4","Dividing Tumor"
"SYNTH-14-15-1","Capture_5'_TGACTTTAGATGCCTT-3","T-cells"
"SYNTH-14-15-1","Capture_5'_GACGCGTCAGACGCAA-2","Tumor"
"SYNTH-14-16-1","Capture_3'_TGCTTGCAGTTACGGG-2","Tumor"
"SYNTH-14-16-1","Capture_5'_AAAGATGCAATAGCAA-2","T-cells"
"SYNTH-14-16-1","Capture_5'_AATCCAGAGACTAGAT-1","Tumor"
"SYNTH-14-16-1","Capture_3'_TGCGACGAGAACGTGC-1","Tumor"
"SYNTH-14-16-1","Capture_5'_GAGTCCGTCAGCGACC-4","T-cells"
"SYNTH-14-16-1","Capture_5'_ATCTACTAGGATGTAT-2","Dividing Tumor"
"SYNTH-14-16-1","Capture_5'_CATATTCAGGTGATAT-3","Tumor"
"SYNTH-14-17-1","Capture_3'_TGTGTGATCGGTGTTA-2","Tumor"
"SYNTH-14-17-1","Capture_5'_ACACCCTCAGCCTTTC-4","Dividing Tumor"
"SYNTH-14-17-1","Capture_5'_GCAATCAGTGGCAAAC-4","T-cells"
"SYNTH-14-17-1","Capture_5'_CCTATTACATTATCTC-2","T-cells"
"SYNTH-14-17-1","Capture_5'_GTCATTTCAAATTGCC-3","Tumor"
"SYNTH-14-18-1","Capture_5'_ATGCGATTCGTACGGC-1","T-cells"
"SYNTH-14-18-1","Capture_5'_AGTGAGGGTATATCCG-2","Dividing Tumor"
"SYNTH-14-18-1","Capture_3'_TTACCATAGGTTACAA-1","Dividing Tumor"
"SYNTH-14-18-1","Capture_3'_GGTCTGGCAGGTCAAG-3","Endothelial Cells"
"SYNTH-14-18-1","Capture_5'_ACACCCTAGGCTCTTA-2","Tumor"
"SYNTH-14-19-1","Capture_5'_GCGAGAAAGAGTACCG-2","Tumor"
"SYNTH-14-19-1","Capture_5'_GGCGTGTCACCCAGTG-4","T-cells"
"SYNTH-14-19-1","Capture_3'_TATATCCTCATCACTT-3","Tumor"
"SYNTH-14-19-1","Capture_3'_AGAGCCCTCAACTTTC-4","Dividing Tumor"
"SYNTH-14-19-1","Capture_5'_CAGTAACAGGTAGCCA-1","Tumor"
"SYNTH-14-19-1","Capture_5'_CTCGTCACAAGGTGTG-1","Tumor"
"SYNTH-14-20-1","Capture_5'_AAGGAGCAGCTCTCGG-2","T-cells"
"SYNTH-14-20-1","Capture_5'_GCCAAATTCTCCAGGG-3","Tumor"
"SYNTH-14-20-1","Capture_3'_TTGAACGTCAGTGTGT-3","Tumor"
"SYNTH-14-20-1","Capture_3'_TCTATCATCTATACGG-1","Dividing Tumor"
"SYNTH-14-20-1","Capture_5'_CATTATCCACGGCTAC-4","Dividing Tumor"
"SYNTH-14-20-1","Capture_3'_TACTTACAGTAGAGTT-1","Tumor"
"SYNTH-14-20-1","Capture_5'_TTCTCCTCACGTGAGA-1","T-cells"
"SYNTH-14-21-1","Capture_5'_CATGACACACCAGATT-2","Luminal A"
"SYNTH-14-21-1","Capture_5'_TGCCCATTCTCTTGAT-2","Tumor"
"SYNTH-14-22-1","Capture_5'_AAGGCAGTCCGCAAGC-3","Endothelial Cells"
"SYNTH-14-22-1","Capture_5'_TGCTGCTCACATTTCT-2","Tumor"
"SYNTH-14-22-1","Capture_5'_TCTTTCCAGGACATTA-4","Dividing Tumor"
"SYNTH-14-22-1","Capture_5'_ACTTTCATCACGCATA-3","Plasma Cells"
"SYNTH-14-22-1","Capture_5'_GGCCGATGTACCGAGA-3","Dividing Tumor"
"SYNTH-14-22-1","Capture_5'_GAGGTGACATTCTTAC-3","Dividing Tumor"
"SYNTH-14-22-1","Capture_5'_AACACGTCAACACCCG-1","Dividing Tumor"
"SYNTH-14-22-1","Capture_5'_GGCGACTGTGTGACCC-2","Tumor"
"SYNTH-14-23-1","Capture_3'_CAGATCATCGAGCCAC-2","Tumor"
"SYNTH-14-23-1","Capture_3'_CCCATTGTCGCATGAT-3","Dividing Tumor"
"SYNTH-14-23-1","Capture_5'_GGAATAAAGCGATATA-2","Endothelial Cells"
"SYNTH-14-23-1","Capture_5'_CACAGTACAGATGAGC-3","Tumor"
"SYNTH-14-24-1","Capture_5'_CGGTTAACAAACCTAC-3","Tumor"
"SYNTH-14-24-1","Capture_5'_ACTGAACGTTACGGAG-4","TAMs"
"SYNTH-14-24-1","Capture_3'_GCAACCGAGATCGACG-2","Tumor"
"SYNTH-14-24-1","Capture_5'_AAAGCAAGTAAGTGTA-3","Dividing Tumor"
"SYNTH-14-24-1","Capture_5'_TCGGTAAAGCGTTTAC-4","T-cells"
"SYNTH-14-24-1","Capture_5'_GAATAAGCATTGGTAC-3","T-cells"
"SYNTH-14-24-1","Capture_3'_ATCCACCAGCCGATCC-4","Dividing Tumor"
"SYNTH-14-24-1","Capture_5'_GTATTCTGTCATCGGC-3","Dividing Tumor"
"SYNTH-14-24-1","Capture_3'_CTAAGTGCACGCTGTG-4","Dividing Tumor"
"SYNTH-14-24-1","Capture_5'_CGGACACGTTGTGGAG-4","Tumor"
"SYNTH-14-25-1","Capture_5'_GAACGGATCTTGGGTA-4","Dividing Tumor"
"SYNTH-14-26-1","Capture_5'_TGCCCTACAGCTCCGA-3","Tumor"
"SYNTH-14-26-1","Capture_5'_GTTCATTGTAGCGTCC-4","Dividing Tumor"
"SYNTH-14-26-1","Capture_5'_TACTTACGTATATGGA-3","Dividing Tumor"
"SYNTH-14-26-1","Capture_5'_GGGTTGCCATGCTGGC-4","Tumor"
"SYNTH-14-26-1","Capture_3'_GAAACCTGTGATGGCA-1","Endothelial Cells"
"SYNTH-14-27-1","Capture_5'_TCGCGAGGTCCGAATT-2","Tumor"
"SYNTH-14-27-1","Capture_3'_TACCTCGTCTTCTTCC-3","Tumor"
"SYNTH-14-28-1","Capture_5'_TTTACTGCACGTTGGC-4","T-cells"
"SYNTH-14-28-1","Capture_3'_TCAGTCCAGCAACCAG-3","TAMs"
"SYNTH-14-28-1","Capture_5'_GTATTCTCAGGACCCT-1","Luminal A"
"SYNTH-14-29-1","Capture_5'_TATCAGGGTCTCACCT-4","Tumor"
"SYNTH-14-29-1","Capture_5'_GCACATACAAGACGTG-2","Tumor"
"SYNTH-14-29-1","Capture_3'_TTCTAGTGTCTTAGTG-2","Dividing Tumor"
"SYNTH-14-29-1","Capture_3'_CCTATCGTCCAGCTCT-1","Tumor"
"SYNTH-14-29-1","Capture_3'_TCGATTTCACATACTG-1","T-cells"
"SYNTH-14-30-1","Capture_3'_CATACAGTCGCTATTT-4","Fibroblasts"
"SYNTH-14-30-1","Capture_3'_AATGGCTCAGGTAGTG-3","T-cells"
"SYNTH-14-30-1","Capture_5'_CTTCTCTAGATGCCAG-3","Dividing Tumor"
"SYNTH-14-31-1","Capture_3'_AGCCAGCAGGTGGCTA-1","Tumor"
"SYNTH-14-31-1","Capture_5'_ACTGATGTCGTAGATC-2","TAMs"
"SYNTH-14-31-1","Capture_5'_CAGCTGGTCGGTTCGG-3","Tumor"
"SYNTH-14-31-1","Capture_3'_TGAGGGATCTAGACCA-4","Tumor"
"SYNTH-14-31-1","Capture_5'_ATTGGTGCAATCACAC-2","Tumor"
"SYNTH-14-31-1","Capture_5'_TGCTGCTTCACATACG-1","Luminal A"
"SYNTH-14-31-1","Capture_5'_TTAGGCATCAATCTCT-4","Dividing Tumor"
"SYNTH-14-32-1","Capture_5'_CGGACACTCCGAATGT-3","Tumor"
"SYNTH-14-32-1","Capture_3'_GATGAGGAGCTTGTGT-4","Dividing Tumor"
"SYNTH-14-32-1","Capture_3'_GACTTCCTCCAAGAGG-3","Tumor"
"SYNTH-14-32-1","Capture_3'_TGATTTCCACCCTGTT-4","Tumor"
"SYNTH-14-32-1","Capture_3'_TTGCCTGTCTCTCCGA-3","Tumor"
"SYNTH-14-32-1","Capture_5'_TACGGTACATCCGGGT-3","T-cells"
"SYNTH-14-32-1","Capture_3'_AACTTCTCAGCCGTTG-4","TAMs"
"SYNTH-14-32-1","Capture_5'_CACTCCAGTATAGGTA-4","Tumor"
"SYNTH-14-33-1","Capture_5'_CGACTTCAGAGATGAG-3","Luminal A"
"SYNTH-14-33-1","Capture_5'_ACTTGTTGTAAGCACG-4","Dividing Tumor"
"SYNTH-14-33-1","Capture_5'_GTTCGGGCAACGATGG-1","Dividing Tumor"
"SYNTH-14-33-1","Capture_5'_CAGCGACCATACCATG-2","Tumor"
"SYNTH-14-33-1","Capture_5'_GATCGCGAGCACCGCT-2","Dividing Tumor"
"SYNTH-14-33-1","Capture_5'_GTACTCCTCGATGAGG-1","Dividing Tumor"
"SYNTH-14-34-1","Capture_5'_ATTTCTGCACCATGTA-3","Tumor"
"SYNTH-14-35-1","Capture_5'_TTGCGTCGTGATGATA-4","TAMs"
"SYNTH-14-36-1","Capture_3'_TTAGTCTCAGCCGTCA-2","Tumor"
"SYNTH-14-36-1","Capture_5'_GAAGCAGAGTTGTCGT-2","Tumor"
"SYNTH-14-36-1","Capture_5'_CGTGTCTTCAACACTG-2","Endothelial Cells"
"SYNTH-14-36-1","Capture_5'_GTCTTCGAGCAATCTC-2","Tumor"
"SYNTH-14-36-1","Capture_5'_AAGTCTGTCGTAGGAG-3","T-cells"
"SYNTH-14-37-1","Capture_5'_TATCAGGTCAACGCTA-3","Fibroblasts"
"SYNTH-14-37-1","Capture_5'_AGCTTGAGTTACCGAT-3","T-cells"
"SYNTH-14-37-1","Capture_3'_TTCTCTCAGCGCCTTG-4","T-cells"
"SYNTH-14-37-1","Capture_5'_TTGCGTCAGTATGACA-1","Dividing Tumor"
"SYNTH-14-37-1","Capture_3'_GCAACATAGCGTACAG-3","Tumor"
"SYNTH-14-37-1","Capture_3'_CCGATGGTCTCTAGGA-3","Dividing Tumor"
"SYNTH-14-38-1","Capture_5'_CATATTCCATTGTGCA-3","Tumor"
"SYNTH-14-39-1","Capture_5'_CGGCTAGAGCACACAG-4","Tumor"
"SYNTH-14-39-1","Capture_5'_TACGGATGTGCAGACA-4","Tumor"
"SYNTH-14-39-1","Capture_5'_CAGCCGAGTTGGTTTG-2","Tumor"
"SYNTH-14-40-1","Capture_3'_CTTACCGTCCGTCAAA-3","Luminal A"
"SYNTH-14-40-1","Capture_5'_AACTCAGAGGAACTGC-4","Tumor"
"SYNTH-14-40-1","Capture_3'_GGTGTTATCTCATTAC-4","Dividing Tumor"
"SYNTH-14-40-1","Capture_3'_CTGTCGTCAATACCCA-3","Dividing Tumor"
"SYNTH-14-41-1","Capture_5'_TAGCCGGGTCGTCTTC-1","Endothelial Cells"
"SYNTH-14-41-1","Capture_3'_CACAACATCGTAACTG-1","Tumor"
"SYNTH-14-41-1","Capture_5'_CTGTTTAAGATAGTCA-3","Dividing Tumor"
"SYNTH-14-41-1","Capture_3'_GACAGCCCAGGTTCAT-1","Tumor"
"SYNTH-14-41-1","Capture_3'_GGTCTGGAGGGCCAAT-3","Dividing Tumor"
"SYNTH-14-41-1","Capture_5'_ACAGCTAAGGCCCTCA-4","T-cells"
"SYNTH-14-41-1","Capture_5'_GCAATCATCCAGAGGA-1","T-cells"
"SYNTH-14-41-1","Capture_5'_GGTATTGCATTGGTAC-3","Tumor"
"SYNTH-14-41-1","Capture_5'_ATAACGCTCATTATCC-2","Tumor"
"SYNTH-14-42-1","Capture_3'_GGGATGAAGGAACTAT-4","Dividing Tumor"
"SYNTH-14-42-1","Capture_3'_CTTTCAAAGCGCCTCA-1","TAMs"
"SYNTH-14-42-1","Capture_3'_GTTACCCAGTGGAAGA-2","T-cells"
"SYNTH-14-42-1","Capture_5'_GACTAACCAAGCGCTC-1","Dividing Tumor"
"SYNTH-14-42-1","Capture_5'_ACACCGGAGACGCACA-3","Tumor"
"SYNTH-14-43-1","Capture_5'_GCATGATTCGCCAAAT-2","Dividing Tumor"
"SYNTH-14-44-1","Capture_5'_GTACTCCGTGATGATA-4","T-cells"
"SYNTH-14-44-1","Capture_3'_TCCATCGGTGGTACAG-4","Dividing Tumor"
"SYNTH-14-44-1","Capture_5'_AACACGTGTCTAACGT-4","Dividing Tumor"
"SYNTH-14-44-1","Capture_5'_GTCAAGTAGCTTATCG-1","Tumor"
"SYNTH-14-44-1","Capture_5'_CAAGAAAAGTCTCCTC-3","Luminal B"
"SYNTH-14-44-1","Capture_5'_GCGAGAAAGGTGATAT-4","Tumor"
"SYNTH-14-44-1","Capture_3'_TGTAGACTCACCGGTG-3","Tumor"
"SYNTH-14-44-1","Capture_5'_GAATAAGAGACTAGAT-3","Tumor"
"SYNTH-14-45-1","Capture_3'_GATTCGATCATGCCAA-1","Tumor"
"SYNTH-14-45-1","Capture_5'_GCACTCTGTCAATGTC-4","Tumor"
"SYNTH-14-45-1","Capture_3'_TCCGAAATCCCGAGTG-3","Luminal A"
"SYNTH-14-45-1","Capture_3'_TGGATGTCAAATCCCA-4","Tumor"
"SYNTH-14-45-1","Capture_5'_TTGAACGTCTTCGAGA-1","Tumor"
"SYNTH-14-45-1","Capture_5'_TAGCCGGTCAGCCTAA-3","Dividing Tumor"
"SYNTH-14-45-1","Capture_5'_ATTATCCAGCAACGGT-2","Dividing Tumor"
"SYNTH-14-45-1","Capture_3'_CTATAGGGTCCGGTCA-4","Dividing Tumor"
"SYNTH-14-45-1","Capture_5'_TCGGTAACATTCTCAT-4","Tumor"
"SYNTH-14-45-1","Capture_3'_GGAGGATAGCCTCTTC-1","TAMs"
"SYNTH-14-46-1","Capture_5'_GTGCTTCTCAGTTCGA-4","Tumor"
"SYNTH-14-46-1","Capture_3'_CTAACTTCAGTTACCA-1","Dividing Tumor"
"SYNTH-14-46-1","Capture_5'_CATCCACCAACTTGAC-4","Tumor"
"SYNTH-14-46-1","Capture_5'_ATCATGGTCCCATTTA-2","Tumor"
"SYNTH-14-47-1","Capture_5'_GTCTTCGCATGGTCTA-3","Tumor"
"SYNTH-14-48-1","Capture_5'_CACACAACAAACAACA-1","Dividing Tumor"
"SYNTH-14-48-1","Capture_5'_CTAAGACGTGTTTGGT-4","Luminal A"
"SYNTH-14-48-1","Capture_5'_TCTTTCCAGGACATTA-4","Dividing Tumor"
"SYNTH-14-48-1","Capture_5'_CAAGTTGGTGACGGTA-3","TAMs"
"SYNTH-14-48-1","Capture_3'_AGGTAGGTCTCTATGT-2","Tumor"
"SYNTH-14-48-1","Capture_3'_AGCGATTCATGACTGT-4","Dividing Tumor"
"SYNTH-14-48-1","Capture_5'_GACACGCAGGCTACGA-4","Dividing Tumor"
"SYNTH-14-48-1","Capture_5'_AACTGGTTCTAACTTC-3","Tumor"
"SYNTH-14-48-1","Capture_3'_CAGCACGCACGTAGAG-4","T-cells"
"SYNTH-14-49-1","Capture_3'_CACTAAGTCCCAGGAC-2","Dividing Tumor"
"SYNTH-14-49-1","Capture_5'_AGCCTAAGTAACGACG-2","Tumor"
"SYNTH-14-50-1","Capture_5'_GTCATTTTCCCAAGTA-3","Luminal A"
"SYNTH-14-50-1","Capture_3'_AACGGGAGTCAGGCAA-1","Tumor"
"SYNTH-14-50-1","Capture_5'_GTAGTCATCTTCAACT-4","Tumor"
"SYNTH-14-50-1","Capture_3'_CTGTATTGTTGGTGTT-4","Dividing Tumor"
"SYNTH-14-50-1","Capture_3'_CAGGCCATCTGACCCT-4","Tumor"
"SYNTH-15-1-1","Capture_3'_CTCAAGATCATGCATG-1","T-cells"
"SYNTH-15-1-1","Capture_3'_CAATGACCAGCAGTAG-3","Tumor"
"SYNTH-15-1-1","Capture_5'_CATCAAGCATGGTCAT-3","Tumor"
"SYNTH-15-1-1","Capture_5'_TCTCTAAGTCTAGCCG-2","Dividing Tumor"
"SYNTH-15-2-1","Capture_5'_TGGACGCGTTCGTGAT-3","Dividing Tumor"
"SYNTH-15-2-1","Capture_5'_CTGAAACCATGGTCAT-1","Tumor"
"SYNTH-15-2-1","Capture_5'_CGACCTTTCCGCATAA-1","T-cells"
"SYNTH-15-3-1","Capture_5'_CCCAATCGTGGACGAT-3","T-cells"
"SYNTH-15-3-1","Capture_5'_CGAGCACCACCATCCT-4","Dividing Tumor"
"SYNTH-15-3-1","Capture_5'_CATGACAGTAATCGTC-3","Dividing Tumor"
"SYNTH-15-3-1","Capture_3'_TAAGCCATCCAGTTCC-3","Dividing Tumor"
"SYNTH-15-3-1","Capture_5'_CCTACCAGTGAAAGAG-3","Fibroblasts"
"SYNTH-15-4-1","Capture_3'_TCTCCGATCAGTGTGT-3","T-cells"
"SYNTH-15-4-1","Capture_5'_CTACACCGTCTGATTG-4","Fibroblasts"
"SYNTH-15-4-1","Capture_5'_CCTCAGTAGTTGTAGA-3","Dividing Tumor"
"SYNTH-15-4-1","Capture_5'_GAGGTGAGTTTGGGCC-2","Luminal A"
"SYNTH-15-5-1","Capture_5'_ACTGAGTCATGAAGTA-4","Dividing Tumor"
"SYNTH-15-5-1","Capture_3'_CAGCCAGTCCGCGATG-4","Tumor"
"SYNTH-15-5-1","Capture_5'_GGGAGATTCAACACTG-3","T-cells"
"SYNTH-15-5-1","Capture_5'_ACGAGCCAGGACATTA-4","B-cells"
"SYNTH-15-5-1","Capture_3'_TTTCCTCTCCACATAG-1","Fibroblasts"
"SYNTH-15-5-1","Capture_5'_GAACCTATCCGCGCAA-1","T-cells"
"SYNTH-15-5-1","Capture_3'_CACTAAGTCTTTACAC-3","Tumor"
"SYNTH-15-6-1","Capture_3'_AGGACGAAGGCTGAAC-1","T-cells"
"SYNTH-15-7-1","Capture_5'_CACACCTAGTCATCCA-3","Tumor"
"SYNTH-15-7-1","Capture_3'_GGTAATCCACCCTGTT-1","Tumor"
"SYNTH-15-7-1","Capture_5'_ACACTGATCGGGAGTA-2","Luminal A"
"SYNTH-15-7-1","Capture_5'_GTAACTGAGTGTCCAT-1","Plasma Cells"
"SYNTH-15-7-1","Capture_5'_CAGCAGCCACGAAATA-3","Tumor"
"SYNTH-15-7-1","Capture_5'_AACCGCGCATAACCTG-3","Tumor"
"SYNTH-15-7-1","Capture_5'_CACACAACATGGGACA-4","T-cells"
"SYNTH-15-8-1","Capture_3'_CCCTCTCGTTGAGAGC-3","Tumor"
"SYNTH-15-8-1","Capture_3'_AATGGAAAGAAGCGGG-3","T-cells"
"SYNTH-15-8-1","Capture_5'_ATTCTACGTCGGCATC-2","Dividing Tumor"
"SYNTH-15-8-1","Capture_5'_CATTCGCAGGCATGGT-3","Tumor"
"SYNTH-15-8-1","Capture_5'_CAGATCACATTACGAC-3","Fibroblasts"
"SYNTH-15-8-1","Capture_3'_GCTTTCGCATAATCCG-2","T-cells"
"SYNTH-15-8-1","Capture_5'_CACACTCAGGATGCGT-2","Endothelial Cells"
"SYNTH-15-8-1","Capture_5'_TTGCGTCAGCATCATC-3","Tumor"
"SYNTH-15-9-1","Capture_3'_GATCAGTGTAGAGATT-1","Tumor"
"SYNTH-15-9-1","Capture_3'_AGTCATGGTTGAGGAC-2","T-cells"
"SYNTH-15-9-1","Capture_3'_CCTCACATCAGCGCAC-3","Luminal A"
"SYNTH-15-9-1","Capture_5'_CAGCATAGTCGAATCT-2","Tumor"
"SYNTH-15-9-1","Capture_5'_AGCCTAACATTCTTAC-4","Dividing Tumor"
"SYNTH-15-9-1","Capture_3'_TGCTCGTGTTAGTCGT-4","T-cells"
"SYNTH-15-10-1","Capture_5'_GGGAATGGTTATCACG-3","Tumor"
"SYNTH-15-10-1","Capture_3'_AGAGCCCTCCGAGGCT-3","Dividing Tumor"
"SYNTH-15-10-1","Capture_3'_AATGACCCAGACATCT-3","T-cells"
"SYNTH-15-10-1","Capture_3'_GGGAAGTAGCCACTCG-1","Tumor"
"SYNTH-15-10-1","Capture_5'_GCATGCGAGGGATCTG-3","Tumor"
"SYNTH-15-10-1","Capture_5'_GCCAAATCACCATCCT-3","Luminal A"
"SYNTH-15-10-1","Capture_5'_ACCCACTTCCCTTGTG-1","Luminal A"
"SYNTH-15-10-1","Capture_3'_CTTACCGTCGACGCGT-2","Endothelial Cells"
"SYNTH-15-11-1","Capture_3'_TACATTCAGGCGAACT-4","TAMs"
"SYNTH-15-11-1","Capture_5'_CTGAAACAGCGATGAC-4","T-cells"
"SYNTH-15-11-1","Capture_5'_TAGTGGTTCAGCTCGG-3","Dividing Tumor"
"SYNTH-15-12-1","Capture_5'_GACTACATCACTCCTG-2","Tumor"
"SYNTH-15-12-1","Capture_3'_GTAATGCGTATCGATC-4","T-cells"
"SYNTH-15-12-1","Capture_5'_ACGGAGAAGGGCTCTC-3","Tumor"
"SYNTH-15-12-1","Capture_5'_TTTACTGCATCACAAC-2","Dividing Tumor"
"SYNTH-15-13-1","Capture_3'_GCGATCGCACAGTATC-4","T-cells"
"SYNTH-15-14-1","Capture_3'_GCCAGGTAGCATAGGC-4","Tumor"
"SYNTH-15-14-1","Capture_3'_GGTAACTGTAACCCGC-1","T-cells"
"SYNTH-15-14-1","Capture_5'_TGCGTGGCAACTGGCC-4","Dividing Tumor"
"SYNTH-15-14-1","Capture_3'_CAATCGAGTCTGTGTA-4","Tumor"
"SYNTH-15-14-1","Capture_5'_TTCCCAGAGTCCAGGA-1","Endothelial Cells"
"SYNTH-15-14-1","Capture_3'_TGGTGATCAGTGCGCT-3","Tumor"
"SYNTH-15-15-1","Capture_5'_TTGAACGTCTTCGAGA-1","Tumor"
"SYNTH-15-16-1","Capture_3'_GAGAAATGTAAGAACT-4","Dividing Tumor"
"SYNTH-15-16-1","Capture_5'_GTAGTCAAGTGACTCT-2","Tumor"
"SYNTH-15-16-1","Capture_5'_CCTTCGATCATTCACT-4","Dividing Tumor"
"SYNTH-15-16-1","Capture_3'_ATGGGTTAGCACCGTC-3","Luminal A"
"SYNTH-15-16-1","Capture_3'_TATCTGTGTCATCCGG-3","Tumor"
"SYNTH-15-17-1","Capture_5'_AAGCCGCAGTGAATTG-2","Dividing Tumor"
"SYNTH-15-17-1","Capture_5'_TCTCATAAGACAAGCC-4","Endothelial Cells"
"SYNTH-15-17-1","Capture_5'_AGTCTTTAGACGCAAC-4","Tumor"
"SYNTH-15-17-1","Capture_5'_GATCGTAAGATCCCAT-4","T-cells"
"SYNTH-15-18-1","Capture_3'_ATACCGATCAAGTGGG-1","Dividing Tumor"
"SYNTH-15-18-1","Capture_5'_CTAAGACGTAAATGAC-3","T-cells"
"SYNTH-15-18-1","Capture_3'_TGTGAGTCAAATTAGG-3","Dividing Tumor"
"SYNTH-15-18-1","Capture_5'_CAACTAGGTTAAGACA-2","Tumor"
"SYNTH-15-18-1","Capture_5'_TAGACCAGTACTTGAC-3","Tumor"
"SYNTH-15-18-1","Capture_5'_CCGGGATAGTACGTAA-2","Endothelial Cells"
"SYNTH-15-18-1","Capture_5'_ACGAGGAAGGAGTTGC-4","Tumor"
"SYNTH-15-18-1","Capture_3'_CGTTCTGAGAAAGTCT-4","TAMs"
"SYNTH-15-19-1","Capture_3'_CCTCCAAGTCACCTTC-4","Dividing Tumor"
"SYNTH-15-19-1","Capture_5'_TGCTGCTTCGTTTGCC-4","Tumor"
"SYNTH-15-19-1","Capture_5'_AGATTGCAGGCAGTCA-3","Tumor"
"SYNTH-15-19-1","Capture_5'_GCTGCAGTCCCAGGTG-4","Dividing Tumor"
"SYNTH-15-19-1","Capture_5'_CTACATTCATGCCTAA-2","Tumor"
"SYNTH-15-19-1","Capture_5'_CGGACTGTCGATAGAA-4","Tumor"
"SYNTH-15-19-1","Capture_3'_CCGGGTAGTTAGAGTA-2","Tumor"
"SYNTH-15-19-1","Capture_5'_AAAGTAGCATGCAACT-2","Tumor"
"SYNTH-15-20-1","Capture_3'_AGTCATGAGTCACTGT-3","Tumor"
"SYNTH-15-21-1","Capture_5'_CCACGGAAGCAGGCTA-3","Tumor"
"SYNTH-15-21-1","Capture_5'_TTCTACATCCGATATG-1","Tumor"
"SYNTH-15-21-1","Capture_5'_ATGGGAGTCAGCTCGG-1","Tumor"
"SYNTH-15-21-1","Capture_3'_GTGTGATAGTCGAGGT-2","Tumor"
"SYNTH-15-21-1","Capture_5'_ACATACGAGCAGCCTC-2","Tumor"
"SYNTH-15-21-1","Capture_5'_CATGCCTAGGGTGTGT-4","Dividing Tumor"
"SYNTH-15-21-1","Capture_5'_TTGCGTCCAGCTGTAT-1","T-cells"
"SYNTH-15-22-1","Capture_3'_GAGCTGCAGTGTTCCA-4","Tumor"
"SYNTH-15-22-1","Capture_5'_AACTCAGTCCATTCTA-4","Tumor"
"SYNTH-15-22-1","Capture_5'_GTCATTTCACGGTAAG-2","Tumor"
"SYNTH-15-22-1","Capture_3'_GATTCGACATGGGCAA-3","Luminal A"
"SYNTH-15-22-1","Capture_5'_TTGCCGTTCAGGCAAG-3","Tumor"
"SYNTH-15-23-1","Capture_3'_CACTGTCTCATTGTTC-3","Endothelial Cells"
"SYNTH-15-23-1","Capture_5'_TTGAACGGTTAGATGA-3","Tumor"
"SYNTH-15-23-1","Capture_5'_ACTGAGTAGAGGTAGA-3","Tumor"
"SYNTH-15-23-1","Capture_5'_CGAGCACAGTGATCGG-3","Dividing Tumor"
"SYNTH-15-23-1","Capture_3'_ATTTCACAGTTGTACC-2","T-cells"
"SYNTH-15-23-1","Capture_5'_GCTGCTTTCCGTCATC-4","T-cells"
"SYNTH-15-24-1","Capture_5'_GGACAGAGTCCGAGTC-3","Tumor"
"SYNTH-15-25-1","Capture_5'_GACAGAGGTCAATGTC-4","Tumor"
"SYNTH-15-25-1","Capture_5'_TCGCGTTGTCGACTGC-1","Tumor"
"SYNTH-15-25-1","Capture_5'_TACTCATAGCAGGTCA-4","T-cells"
"SYNTH-15-25-1","Capture_5'_ACATACGTCTCAAGTG-3","Tumor"
"SYNTH-15-25-1","Capture_5'_GGCGACTCATCCTTGC-1","Plasma Cells"
"SYNTH-15-25-1","Capture_3'_GGTCTGGCAGGTCAAG-3","Endothelial Cells"
"SYNTH-15-25-1","Capture_3'_AATCACGTCTTCCGTG-2","TAMs"
"SYNTH-15-25-1","Capture_3'_CTACCCATCACTACGA-4","Dividing Tumor"
"SYNTH-15-26-1","Capture_5'_TCTGAGATCTCTAGGA-2","T-cells"
"SYNTH-15-26-1","Capture_5'_CCTATTACACCAGGCT-3","Tumor"
"SYNTH-15-26-1","Capture_3'_CTGTGGGGTTTAGAGA-4","Luminal B"
"SYNTH-15-26-1","Capture_5'_TGCTACCTCTCGGACG-3","Tumor"
"SYNTH-15-27-1","Capture_3'_AGATCGTGTGGTCTGC-2","Tumor"
"SYNTH-15-27-1","Capture_5'_CTCGTCAAGTCGATAA-2","Tumor"
"SYNTH-15-28-1","Capture_5'_GTACTTTTCCTAGTGA-4","Myoepithelial Cells"
"SYNTH-15-28-1","Capture_3'_TCTAACTAGGTTCATC-3","Luminal A"
"SYNTH-15-28-1","Capture_5'_GACTACATCGCGATCG-3","Tumor"
"SYNTH-15-28-1","Capture_3'_TCAGTTTCAGAAACCG-3","Dividing Tumor"
"SYNTH-15-28-1","Capture_3'_GATTTCTAGTTCAACC-1","T-cells"
"SYNTH-15-28-1","Capture_3'_CTGGTCTCAGGTCCCA-3","Endothelial Cells"
"SYNTH-15-29-1","Capture_5'_CGACCTTGTTACCAGT-4","Tumor"
"SYNTH-15-29-1","Capture_5'_TAGGCATGTACTTAGC-3","T-cells"
"SYNTH-15-29-1","Capture_3'_CTTTCAACACGTTCGG-4","Dividing Tumor"
"SYNTH-15-29-1","Capture_5'_ATCGAGTTCCTTTACA-4","Dividing Tumor"
"SYNTH-15-29-1","Capture_3'_TCGGGCATCTAGTGTG-3","Tumor"
"SYNTH-15-30-1","Capture_5'_GAACGGATCCGCGTTT-4","B-cells"
"SYNTH-15-31-1","Capture_5'_CCCTCCTAGTACTTGC-1","Dividing Tumor"
"SYNTH-15-31-1","Capture_5'_TCTTTCCAGTGTACCT-2","T-cells"
"SYNTH-15-31-1","Capture_3'_TGGATCATCCGTTGAA-1","Tumor"
"SYNTH-15-31-1","Capture_5'_ATTTCTGCACCCATTC-1","T-cells"
"SYNTH-15-31-1","Capture_5'_GGCGACTGTTGTACAC-3","Tumor"
"SYNTH-15-31-1","Capture_5'_CATCAGATCTGCCAGG-4","Dividing Tumor"
"SYNTH-15-31-1","Capture_5'_CCATTCGCAGACTCGC-1","Dividing Tumor"
"SYNTH-15-31-1","Capture_3'_TCTCCGATCACACCGG-1","Tumor"
"SYNTH-15-31-1","Capture_3'_CGAGGAATCTACAGGT-3","T-cells"
"SYNTH-15-31-1","Capture_5'_TGTGTTTCAATGCCAT-3","Dividing Tumor"
"SYNTH-15-32-1","Capture_3'_GACCGTGGTTGCTCAA-4","Dividing Tumor"
"SYNTH-15-33-1","Capture_3'_CATTCCGAGGGCTGAT-3","T-cells"
"SYNTH-15-33-1","Capture_5'_ACTGATGAGTTCGCGC-1","Tumor"
"SYNTH-15-33-1","Capture_5'_GGCGTGTGTCCTGCTT-1","Dividing Tumor"
"SYNTH-15-34-1","Capture_3'_GTTGCGGCAAAGTATG-3","Dividing Tumor"
"SYNTH-15-34-1","Capture_3'_TGAATGCAGCAAGCCA-3","Dividing Tumor"
"SYNTH-15-34-1","Capture_3'_TTCGATTGTATATGGA-4","T-cells"
"SYNTH-15-34-1","Capture_3'_ACGTACACACTGTGTA-1","Endothelial Cells"
"SYNTH-15-34-1","Capture_5'_CCTCAGTAGTTGTAGA-3","Dividing Tumor"
"SYNTH-15-34-1","Capture_5'_TCGAGGCGTCCAGTGC-1","Dividing Tumor"
"SYNTH-15-34-1","Capture_3'_GGGTGAACAGCATTGT-4","Tumor"
"SYNTH-15-34-1","Capture_5'_ATAAGAGCATAGGATA-2","Tumor"
"SYNTH-15-34-1","Capture_3'_ATGTCCCCACGTAGAG-2","TAMs"
"SYNTH-15-35-1","Capture_5'_ACGGAGAGTCAGAATA-4","Dividing Tumor"
"SYNTH-15-35-1","Capture_5'_GTTCATTAGTTAACGA-3","Endothelial Cells"
"SYNTH-15-35-1","Capture_5'_CCTAGCTTCCATTCTA-4","Dividing Tumor"
"SYNTH-15-35-1","Capture_5'_ATTTCTGTCCCATTAT-3","Dividing Tumor"
"SYNTH-15-35-1","Capture_5'_GCCAAATTCACCAGGC-4","Tumor"
"SYNTH-15-35-1","Capture_5'_CTCTGGTAGTGAACGC-3","Tumor"
"SYNTH-15-35-1","Capture_5'_ATTTCTGGTCACCCAG-4","Dividing Tumor"
"SYNTH-15-35-1","Capture_5'_TAGTGGTGTTATCCGA-3","Dividing Tumor"
"SYNTH-15-36-1","Capture_5'_GACCTGGAGCAGCCTC-3","Dividing Tumor"
"SYNTH-15-36-1","Capture_5'_TACTCGCGTCACTGGC-4","Tumor"
"SYNTH-15-36-1","Capture_3'_GGGATCCTCTTCGTGC-1","TAMs"
"SYNTH-15-36-1","Capture_5'_TCAGCAAAGGAATTAC-3","Dividing Tumor"
"SYNTH-15-36-1","Capture_5'_GGACAGAAGTGGGCTA-1","Tumor"
"SYNTH-15-36-1","Capture_5'_CAAGGCCAGGCTAGGT-4","T-cells"
"SYNTH-15-36-1","Capture_3'_GACTATGAGAGTGTTA-3","Dividing Tumor"
"SYNTH-15-37-1","Capture_5'_ACTGAACGTTCACGGC-4","Tumor"
"SYNTH-15-37-1","Capture_3'_TCTCTGGCATTGTACG-1","Tumor"
"SYNTH-15-37-1","Capture_5'_GCTTGAACAGTGACAG-1","T-cells"
"SYNTH-15-38-1","Capture_5'_TGCCCTAGTAGCGCAA-1","Dividing Tumor"
"SYNTH-15-38-1","Capture_5'_CAAGTTGTCCAAAGTC-3","Tumor"
"SYNTH-15-38-1","Capture_3'_GTCAAGTTCACAGTGT-3","T-cells"
"SYNTH-15-38-1","Capture_5'_CAGCATATCAGCTGGC-2","T-cells"
"SYNTH-15-38-1","Capture_3'_AATCGTGAGAAGCGGG-2","T-cells"
"SYNTH-15-38-1","Capture_5'_CAGCAGCAGTGAACGC-3","Dividing Tumor"
"SYNTH-15-39-1","Capture_3'_GAGTGAGCACGTTCGG-4","Dividing Tumor"
"SYNTH-15-39-1","Capture_3'_GGGTTATCAGATTCGT-1","Tumor"
"SYNTH-15-39-1","Capture_5'_CACACTCCAGCTCGCA-1","TAMs"
"SYNTH-15-39-1","Capture_5'_ACCTTTACACCCTATC-3","T-cells"
"SYNTH-15-40-1","Capture_5'_CACAAACAGGAATCGC-4","Tumor"
"SYNTH-15-40-1","Capture_5'_TCTGGAAGTCTCCATC-1","Tumor"
"SYNTH-15-41-1","Capture_3'_CTACAGAAGGAAGAAC-3","T-cells"
"SYNTH-15-41-1","Capture_3'_CACGTGGAGTCCTGCG-3","Dividing Tumor"
"SYNTH-15-41-1","Capture_5'_GACCAATGTTAGATGA-3","Dividing Tumor"
"SYNTH-15-41-1","Capture_5'_CGCTGGATCGACAGCC-1","T-cells"
"SYNTH-15-41-1","Capture_5'_CGTCTACTCCTTTCGG-4","Endothelial Cells"
"SYNTH-15-41-1","Capture_5'_CAACCTCGTTAAAGAC-3","Tumor"
"SYNTH-15-41-1","Capture_3'_GTCATTTAGATGGGCT-1","Tumor"
"SYNTH-15-41-1","Capture_5'_CGTAGCGTCCCGGATG-1","T-cells"
"SYNTH-15-41-1","Capture_5'_AGGTCCGGTTTAGGAA-1","T-cells"
"SYNTH-15-42-1","Capture_5'_ATCCGAAAGAACAATC-2","T-cells"
"SYNTH-15-42-1","Capture_3'_GGGCGTTTCGGACAAG-2","T-cells"
"SYNTH-15-42-1","Capture_5'_ACGGAGAAGGTACTCT-3","Tumor"
"SYNTH-15-42-1","Capture_5'_GGAAAGCGTGTCTGAT-4","Dividing Tumor"
"SYNTH-15-42-1","Capture_5'_CATGGCGTCACTTCAT-2","Dividing Tumor"
"SYNTH-15-42-1","Capture_5'_CTTTGCGCACACAGAG-4","Tumor"
"SYNTH-15-43-1","Capture_5'_TGCCCATCATCCCATC-3","TAMs"
"SYNTH-15-43-1","Capture_5'_GACACGCCATCGGACC-1","T-cells"
"SYNTH-15-44-1","Capture_5'_CGCTATCAGCACGCCT-2","Tumor"
"SYNTH-15-44-1","Capture_3'_GTTATGGAGGTGAGCT-2","Tumor"
"SYNTH-15-44-1","Capture_5'_GGTGCGTGTCTAGTGT-1","Tumor"
"SYNTH-15-44-1","Capture_3'_GGAACCCAGATAGTCA-4","Dividing Tumor"
"SYNTH-15-44-1","Capture_5'_AGAGTGGAGAAGGGTA-2","Tumor"
"SYNTH-15-45-1","Capture_5'_TTGACTTGTAAACACA-2","T-cells"
"SYNTH-15-45-1","Capture_3'_CACCGTTGTGGTAACG-3","Tumor"
"SYNTH-15-45-1","Capture_5'_GAATAAGGTCTCATCC-1","Tumor"
"SYNTH-15-45-1","Capture_5'_GATCGATGTTCAGGCC-3","Dividing Tumor"
"SYNTH-15-45-1","Capture_5'_CTTAGGAGTCTCGTTC-2","Tumor"
"SYNTH-15-45-1","Capture_5'_TGAGGGAGTAGCGATG-2","Tumor"
"SYNTH-15-45-1","Capture_3'_TGAGGGATCCATTCGC-4","TAMs"
"SYNTH-15-45-1","Capture_5'_TGCCAAAGTATTAGCC-3","Ciliated Cells"
"SYNTH-15-46-1","Capture_5'_CTGTTTACATCACAAC-2","Tumor"
"SYNTH-15-46-1","Capture_3'_AAGACTCCATGTACGT-3","Tumor"
"SYNTH-15-46-1","Capture_5'_TCAGGATGTGTAACGG-1","Dividing Tumor"
"SYNTH-15-47-1","Capture_5'_TGGCTGGGTATCACCA-2","Tumor"
"SYNTH-15-47-1","Capture_3'_ATTTACCTCGTCTCAC-1","T-cells"
"SYNTH-15-47-1","Capture_3'_ATTTACCTCTGTCTCG-2","Dividing Tumor"
"SYNTH-15-47-1","Capture_5'_TTGCCGTCAACCGCCA-1","Luminal A"
"SYNTH-15-47-1","Capture_5'_ACTTGTTTCACGCGGT-4","Tumor"
"SYNTH-15-47-1","Capture_5'_TCAGCAAGTACCGAGA-3","Dividing Tumor"
"SYNTH-15-48-1","Capture_5'_ATCGAGTCAGTTCCCT-4","T-cells"
"SYNTH-15-48-1","Capture_5'_TTTGGTTAGTACATGA-3","Fibroblasts"
"SYNTH-15-49-1","Capture_5'_GAGGTGATCAGTGTTG-2","Luminal B"
"SYNTH-15-49-1","Capture_3'_TGAGGTTAGAGTTGCG-4","Dividing Tumor"
"SYNTH-15-49-1","Capture_3'_CAGGTATTCCGTCACT-4","Tumor"
"SYNTH-15-49-1","Capture_5'_AGCTCCTTCGGTTAAC-1","Luminal A"
"SYNTH-15-49-1","Capture_3'_TATTGGGGTAGGCAAC-4","Dividing Tumor"
"SYNTH-15-49-1","Capture_5'_CCTCTGATCGTCCGTT-1","T-cells"
"SYNTH-15-49-1","Capture_5'_ATTGGACAGTTGTCGT-4","Tumor"
"SYNTH-15-49-1","Capture_5'_GGGATGATCCTCGCAT-4","Dividing Tumor"
"SYNTH-15-50-1","Capture_5'_CGAACATCATAACCTG-4","Tumor"
"SYNTH-15-50-1","Capture_5'_CTGTTTAGTGCGGTAA-2","Tumor"
"SYNTH-15-50-1","Capture_5'_GCTCTGTCACGTCTCT-3","Luminal A"
"SYNTH-15-50-1","Capture_5'_CTGATAGGTACCGGCT-3","T-cells"
"SYNTH-15-50-1","Capture_5'_CTCTGGTGTCTTGTCC-4","Tumor"
"SYNTH-16-1-1","Capture_3'_TGCTGAAGTACCCGAC-3","Tumor"
"SYNTH-16-1-1","Capture_5'_TCTTCGGAGGATCGCA-1","Tumor"
"SYNTH-16-1-1","Capture_5'_AAACGGGAGCCAGGAT-3","T-cells"
"SYNTH-16-2-1","Capture_5'_AGGCCACTCTCCAGGG-4","Myoepithelial Cells"
"SYNTH-16-2-1","Capture_3'_TCTATACCAGATCCTA-2","Dividing Tumor"
"SYNTH-16-2-1","Capture_5'_AGCGGTCAGTTCCACA-2","Tumor"
"SYNTH-16-2-1","Capture_5'_CACCACTGTGTGACCC-2","Endothelial Cells"
"SYNTH-16-2-1","Capture_3'_AGTGCCGAGAATCCCT-2","TAMs"
"SYNTH-16-2-1","Capture_3'_CCCTGATCAATCAAGA-4","Tumor"
"SYNTH-16-2-1","Capture_5'_TAGACCATCCAGTATG-1","T-cells"
"SYNTH-16-2-1","Capture_5'_GGCCGATTCAACCAAC-3","Fibroblasts"
"SYNTH-16-3-1","Capture_5'_CGCGTTTCAGCTCGAC-4","Luminal B"
"SYNTH-16-3-1","Capture_5'_GTGAAGGTCCACGAAT-4","Dividing Tumor"
"SYNTH-16-4-1","Capture_5'_CTACGTCTCCGTCATC-1","Tumor"
"SYNTH-16-4-1","Capture_5'_CGTCACTGTATAGGTA-3","T-cells"
"SYNTH-16-4-1","Capture_3'_GGAGATGAGCTGGCTC-3","Tumor"
"SYNTH-16-4-1","Capture_5'_GCATGATAGACTGGGT-1","Tumor"
"SYNTH-16-4-1","Capture_5'_ATCTGCCAGGTCGGAT-3","T-cells"
"SYNTH-16-4-1","Capture_5'_CGACCTTTCTTGCAAG-3","T-cells"
"SYNTH-16-5-1","Capture_3'_CTGCGAGAGGATCATA-3","Tumor"
"SYNTH-16-5-1","Capture_5'_AATCCAGCATCCCATC-4","Dividing Tumor"
"SYNTH-16-5-1","Capture_5'_CTACATTTCGCGTTTC-4","Tumor"
"SYNTH-16-5-1","Capture_3'_CGTAATGTCCGAAATC-4","Tumor"
"SYNTH-16-6-1","Capture_3'_GGGACAATCGCCCAGA-1","TAMs"
"SYNTH-16-6-1","Capture_3'_CGGAGAATCAGTGATC-2","Dividing Tumor"
"SYNTH-16-6-1","Capture_5'_CTGTGCTGTAATCACC-3","Luminal B"
"SYNTH-16-6-1","Capture_5'_CACATTTCAGACTCGC-4","Tumor"
"SYNTH-16-6-1","Capture_5'_CATTATCTCGCATGAT-4","Dividing Tumor"
"SYNTH-16-7-1","Capture_3'_GTGCACGCAGAACTTC-2","Tumor"
"SYNTH-16-7-1","Capture_5'_CGATCGGTCCTACAGA-4","Tumor"
"SYNTH-16-7-1","Capture_3'_GCGTGCAGTTCTCAGA-2","T-cells"
"SYNTH-16-7-1","Capture_3'_AGCATCACATTCTTCA-3","Tumor"
"SYNTH-16-8-1","Capture_5'_CGTAGGCCATGGTCTA-3","Plasma Cells"
"SYNTH-16-8-1","Capture_3'_AGCTCAATCTCTGGTC-3","Tumor"
"SYNTH-16-8-1","Capture_5'_GTGAAGGTCTATCCCG-1","Tumor"
"SYNTH-16-8-1","Capture_5'_TGGCGCATCGACAGCC-4","Dividing Tumor"
"SYNTH-16-8-1","Capture_5'_CTCGGGATCGAATGGG-1","Tumor"
"SYNTH-16-8-1","Capture_3'_TGGGCTGTCGATGGAG-3","Tumor"
"SYNTH-16-8-1","Capture_3'_AACTTCTAGAGTAACT-3","Tumor"
"SYNTH-16-8-1","Capture_5'_TCGGTAACAGGTTTCA-2","Tumor"
"SYNTH-16-8-1","Capture_5'_GATTCAGGTTCTGAAC-4","Tumor"
"SYNTH-16-8-1","Capture_5'_GATGCTATCTTGCCGT-4","T-cells"
"SYNTH-16-9-1","Capture_5'_AGTTGGTGTCGGATCC-3","Tumor"
"SYNTH-16-9-1","Capture_5'_CGCTATCAGGCCCGTT-2","Dividing Tumor"
"SYNTH-16-9-1","Capture_3'_CCCTTAGAGTTCCAGT-4","Dividing Tumor"
"SYNTH-16-9-1","Capture_5'_CTGATAGAGCTGCGAA-1","Tumor"
"SYNTH-16-10-1","Capture_3'_TCCTGCACACAGCTGC-4","T-cells"
"SYNTH-16-10-1","Capture_5'_GGATGTTCAAAGCGGT-4","B-cells"
"SYNTH-16-10-1","Capture_5'_ATCATGGAGCTGCAAG-4","T-cells"
"SYNTH-16-10-1","Capture_5'_CATATTCTCGCCGTGA-1","Dividing Tumor"
"SYNTH-16-10-1","Capture_5'_ACCAGTAAGTAGATGT-2","T-cells"
"SYNTH-16-10-1","Capture_3'_AAACCCATCAGGAACG-3","Dividing Tumor"
"SYNTH-16-10-1","Capture_3'_AGGGTCCGTAAGAACT-1","T-cells"
"SYNTH-16-11-1","Capture_3'_ATAGGCTTCCTAGCCT-2","Dividing Tumor"
"SYNTH-16-12-1","Capture_5'_AACGTTGAGATGTAAC-3","Tumor"
"SYNTH-16-12-1","Capture_5'_GCATGTATCCCTGACT-3","Tumor"
"SYNTH-16-12-1","Capture_5'_CATATGGAGTACATGA-3","Dividing Tumor"
"SYNTH-16-12-1","Capture_5'_CGCTATCCACCAACCG-3","Dividing Tumor"
"SYNTH-16-13-1","Capture_3'_TCCTAATTCTGTTCAT-4","Tumor"
"SYNTH-16-13-1","Capture_3'_CAAGCTAAGACATGCG-3","Dividing Tumor"
"SYNTH-16-13-1","Capture_5'_GACTACATCACTCCTG-2","Tumor"
"SYNTH-16-13-1","Capture_3'_ATCGTCCAGCCTAACT-2","T-cells"
"SYNTH-16-13-1","Capture_5'_GCAAACTCAGTAAGAT-4","Luminal A"
"SYNTH-16-14-1","Capture_3'_TCATGTTGTGTCCATA-1","Tumor"
"SYNTH-16-14-1","Capture_5'_ATTACTCTCGTTTATC-3","Dividing Tumor"
"SYNTH-16-14-1","Capture_3'_CCGGGTATCTCGAACA-4","Dividing Tumor"
"SYNTH-16-14-1","Capture_3'_GTCCTCACACTTCTCG-2","Tumor"
"SYNTH-16-15-1","Capture_5'_CGTCTACGTTACCAGT-4","Dividing Tumor"
"SYNTH-16-15-1","Capture_5'_GCTGCTTAGGCTCTTA-4","Tumor"
"SYNTH-16-15-1","Capture_3'_AGCATCATCTTGGCTC-4","Luminal A"
"SYNTH-16-15-1","Capture_5'_TAGCCGGCAGGATTGG-2","T-cells"
"SYNTH-16-15-1","Capture_5'_ATTATCCAGTTTCCTT-4","Dividing Tumor"
"SYNTH-16-15-1","Capture_5'_TAGCCGGAGCTCCTCT-3","Tumor"
"SYNTH-16-15-1","Capture_3'_CGATGGCCAACCTATG-2","Luminal B"
"SYNTH-16-15-1","Capture_3'_TCATTGTGTCTAATCG-1","Dividing Tumor"
"SYNTH-16-16-1","Capture_5'_CCTTTCTGTTGTCTTT-3","Tumor"
"SYNTH-16-16-1","Capture_5'_GCAATCATCCGTTGTC-3","TAMs"
"SYNTH-16-17-1","Capture_3'_ATAGAGAAGCGATGCA-2","T-cells"
"SYNTH-16-17-1","Capture_5'_CTGGTCTCAGGTCGTC-2","T-cells"
"SYNTH-16-17-1","Capture_5'_CAGCATAGTCATGCCG-2","Tumor"
"SYNTH-16-17-1","Capture_5'_CGGTTAACAAACCTAC-3","Tumor"
"SYNTH-16-17-1","Capture_5'_AAGGCAGTCTGCCAGG-3","Tumor"
"SYNTH-16-17-1","Capture_3'_CAGAGCCAGTGCTACT-1","Dividing Tumor"
"SYNTH-16-17-1","Capture_5'_GGTATTGCAACTGCTA-1","Tumor"
"SYNTH-16-18-1","Capture_3'_CGCATGGTCGAGATAA-4","T-cells"
"SYNTH-16-18-1","Capture_3'_CTGATCCAGTGGTGAC-2","Endothelial Cells"
"SYNTH-16-18-1","Capture_3'_TGCGACGCAAGCGAGT-3","TAMs"
"SYNTH-16-18-1","Capture_5'_TATCTCACACGGACAA-2","Dividing Tumor"
"SYNTH-16-18-1","Capture_5'_CTCGTACTCGTTTATC-3","Dividing Tumor"
"SYNTH-16-18-1","Capture_3'_ACGTCCTAGTCACGAG-3","Dividing Tumor"
"SYNTH-16-19-1","Capture_5'_TGACAACGTTCAGCGC-3","Tumor"
"SYNTH-16-19-1","Capture_3'_CGCGTGATCTACTTCA-3","Tumor"
"SYNTH-16-19-1","Capture_3'_CCCTTAGAGCCTGCCA-3","Dividing Tumor"
"SYNTH-16-19-1","Capture_3'_TTGTTGTTCGCCAGAC-3","TAMs"
"SYNTH-16-19-1","Capture_3'_AGACAAAGTCTGTCCT-3","Dividing Tumor"
"SYNTH-16-19-1","Capture_5'_CGTCCATGTAAGTAGT-1","Dividing Tumor"
"SYNTH-16-19-1","Capture_3'_AGGATAATCGCCTAGG-1","Tumor"
"SYNTH-16-20-1","Capture_5'_TAGGCATTCAACCAAC-1","T-cells"
"SYNTH-16-20-1","Capture_5'_TCTATTGAGTGGGATC-2","Tumor"
"SYNTH-16-21-1","Capture_5'_CGTAGGCCACTGCCAG-4","Tumor"
"SYNTH-16-21-1","Capture_3'_GGGCGTTTCCGTTGGG-3","Luminal A"
"SYNTH-16-21-1","Capture_5'_CTCACACAGAATCTCC-3","Luminal B"
"SYNTH-16-21-1","Capture_5'_GAGCAGAGTCAGCTAT-4","T-cells"
"SYNTH-16-21-1","Capture_3'_GCCAACGCAAACCATC-4","Tumor"
"SYNTH-16-21-1","Capture_3'_AACCTTTCAAAGGCTG-2","Tumor"
"SYNTH-16-22-1","Capture_5'_TACGGGCTCAACTCTT-4","Tumor"
"SYNTH-16-22-1","Capture_3'_TAAGTCGCACTGGATT-1","T-cells"
"SYNTH-16-22-1","Capture_5'_ACATCAGCAACTGCGC-4","T-cells"
"SYNTH-16-22-1","Capture_5'_ACGCAGCGTAAGGGCT-2","TAMs"
"SYNTH-16-22-1","Capture_5'_TCCCGATAGTGCAAGC-3","Tumor"
"SYNTH-16-22-1","Capture_5'_CGACCTTAGCTGCCCA-2","Tumor"
"SYNTH-16-23-1","Capture_5'_ACACCCTAGTATCGAA-2","Dividing Tumor"
"SYNTH-16-23-1","Capture_3'_AGGAATACAGACACCC-4","Tumor"
"SYNTH-16-23-1","Capture_5'_GGACAAGTCTTCGAGA-4","T-cells"
"SYNTH-16-23-1","Capture_5'_TACTTACGTCATTAGC-4","Fibroblasts"
"SYNTH-16-23-1","Capture_5'_ATCCGAATCTAAGCCA-2","Tumor"
"SYNTH-16-23-1","Capture_5'_GATCGTACATTAACCG-3","Dividing Tumor"
"SYNTH-16-23-1","Capture_3'_GATCGTATCATTTCCA-3","Tumor"
"SYNTH-16-24-1","Capture_5'_CATCCACGTAAGGATT-3","Tumor"
"SYNTH-16-24-1","Capture_5'_CCACGGACATTCACTT-4","T-cells"
"SYNTH-16-24-1","Capture_3'_TGGGCTGAGCTCCCTT-2","Dividing Tumor"
"SYNTH-16-25-1","Capture_5'_GGTGAAGCAAGTAATG-4","TAMs"
"SYNTH-16-25-1","Capture_5'_TCATTTGCAAGCGCTC-4","Dividing Tumor"
"SYNTH-16-25-1","Capture_5'_CAGTAACTCGTACCGG-4","Dividing Tumor"
"SYNTH-16-25-1","Capture_5'_CTGATCCGTAAGTAGT-1","T-cells"
"SYNTH-16-25-1","Capture_3'_CATCGTCTCCCAACTC-3","Tumor"
"SYNTH-16-26-1","Capture_5'_TCAGATGGTGTGACCC-4","Tumor"
"SYNTH-16-26-1","Capture_5'_TGCGGGTAGCCCTAAT-3","Endothelial Cells"
"SYNTH-16-26-1","Capture_5'_GATGCTATCTGCTTGC-2","Dividing Tumor"
"SYNTH-16-27-1","Capture_5'_AGTGTCATCGGATGGA-1","T-cells"
"SYNTH-16-27-1","Capture_3'_AACCACACAGTCAGAG-4","TAMs"
"SYNTH-16-27-1","Capture_5'_CAGCATAGTACGAAAT-4","T-cells"
"SYNTH-16-28-1","Capture_5'_AAACGGGGTCTCTCGT-2","Tumor"
"SYNTH-16-28-1","Capture_5'_GGCAATTCACGGATAG-3","Tumor"
"SYNTH-16-28-1","Capture_3'_TTCAGGACATCGCTCT-2","Tumor"
"SYNTH-16-29-1","Capture_5'_ATCATGGTCAGTTAGC-2","Dividing Tumor"
"SYNTH-16-29-1","Capture_3'_AGAGCAGTCAAGTCGT-2","Luminal B"
"SYNTH-16-30-1","Capture_5'_TCTTCGGGTCTTTCAT-1","Endothelial Cells"
"SYNTH-16-30-1","Capture_5'_ACCGTAATCCGAACGC-4","T-cells"
"SYNTH-16-30-1","Capture_3'_GTCATGAAGGGTACGT-2","Tumor"
"SYNTH-16-30-1","Capture_5'_GGAACTTAGCGAGAAA-4","Plasma Cells"
"SYNTH-16-31-1","Capture_5'_GTGAAGGTCATAAAGG-2","Tumor"
"SYNTH-16-31-1","Capture_5'_CTGATAGGTACGAAAT-1","Dividing Tumor"
"SYNTH-16-31-1","Capture_3'_TCCCACAGTACGATTC-1","Tumor"
"SYNTH-16-31-1","Capture_5'_TCAGCTCAGCTACCGC-4","Luminal A"
"SYNTH-16-31-1","Capture_3'_GAGATGGAGGAGGTTC-2","Tumor"
"SYNTH-16-31-1","Capture_5'_GATGAAATCCACGTTC-1","Tumor"
"SYNTH-16-31-1","Capture_5'_GTGCTTCGTACCGTTA-2","Tumor"
"SYNTH-16-31-1","Capture_3'_CCTCATGCAGAGTTGG-3","Fibroblasts"
"SYNTH-16-31-1","Capture_3'_TGCACGGGTGGTACAG-3","T-cells"
"SYNTH-16-32-1","Capture_5'_GCATGTAGTAGCGCTC-3","Tumor"
"SYNTH-16-32-1","Capture_5'_GGGAATGTCCATGCTC-3","Endothelial Cells"
"SYNTH-16-32-1","Capture_3'_TCCCACAGTTTGATCG-3","Tumor"
"SYNTH-16-32-1","Capture_5'_TTGCGTCTCTTCCTTC-2","Dividing Tumor"
"SYNTH-16-32-1","Capture_3'_ATGCGATCACTGTTCC-4","Dividing Tumor"
"SYNTH-16-32-1","Capture_5'_TGTATTCTCGGTGTTA-4","Dividing Tumor"
"SYNTH-16-33-1","Capture_5'_AGAATAGTCGTTGACA-3","Tumor"
"SYNTH-16-33-1","Capture_5'_CGCCAAGTCAATCACG-2","Tumor"
"SYNTH-16-33-1","Capture_5'_ATCTACTAGTACACCT-3","Dividing Tumor"
"SYNTH-16-33-1","Capture_3'_ACCCAAACACCAATTG-3","T-cells"
"SYNTH-16-33-1","Capture_5'_GGACATTTCGTGTAGT-3","Tumor"
"SYNTH-16-33-1","Capture_5'_AGATCTGAGACTTGAA-3","Dividing Tumor"
"SYNTH-16-34-1","Capture_3'_TGTCCACCACACCGCA-3","Tumor"
"SYNTH-16-34-1","Capture_5'_ATCGAGTTCCACTGGG-4","Dividing Tumor"
"SYNTH-16-34-1","Capture_5'_GACGCGTAGCCACCTG-4","Tumor"
"SYNTH-16-35-1","Capture_3'_TACCTCGAGGATTTAG-3","Dividing Tumor"
"SYNTH-16-35-1","Capture_5'_AGGCCGTAGGATCGCA-4","Dividing Tumor"
"SYNTH-16-35-1","Capture_5'_GGAACTTCAGTGAGTG-3","Tumor"
"SYNTH-16-35-1","Capture_5'_AGTAGTCAGGCCCGTT-2","Dividing Tumor"
"SYNTH-16-35-1","Capture_5'_CGATCGGTCAGCGATT-2","Dividing Tumor"
"SYNTH-16-35-1","Capture_5'_AGGGTGACACACCGAC-2","Dividing Tumor"
"SYNTH-16-35-1","Capture_5'_CTCGGGAGTTATGTGC-2","Dividing Tumor"
"SYNTH-16-36-1","Capture_5'_GGCGTGTTCATGTCCC-1","Luminal A"
"SYNTH-16-36-1","Capture_5'_ACACCAAGTTTGGCGC-2","Tumor"
"SYNTH-16-36-1","Capture_3'_CATCCGTTCAACGAGG-4","Tumor"
"SYNTH-16-36-1","Capture_5'_AACGTTGCATCCCATC-2","Tumor"
"SYNTH-16-36-1","Capture_5'_AAGGCAGTCCGTCAAA-2","Tumor"
"SYNTH-16-36-1","Capture_5'_GTCACGGCATGCGCAC-1","Tumor"
"SYNTH-16-36-1","Capture_5'_ACTTGTTGTACACCGC-3","T-cells"
"SYNTH-16-37-1","Capture_5'_TTCGAAGTCACCTTAT-2","Tumor"
"SYNTH-16-37-1","Capture_3'_GTTCCGTCAAGATTGA-1","T-cells"
"SYNTH-16-37-1","Capture_3'_GTAGGTTCACCGAATT-1","T-cells"
"SYNTH-16-38-1","Capture_5'_AAGGAGCTCGATAGAA-2","T-cells"
"SYNTH-16-38-1","Capture_5'_AGTCTTTTCTGAAAGA-3","Dividing Tumor"
"SYNTH-16-38-1","Capture_5'_GTAACGTTCGTTACGA-2","T-cells"
"SYNTH-16-38-1","Capture_5'_TACGGATTCATGTCTT-3","Luminal A"
"SYNTH-16-38-1","Capture_3'_TGGCGTGTCATAGACC-4","Tumor"
"SYNTH-16-38-1","Capture_3'_CCCAACTGTGGACTGA-1","Tumor"
"SYNTH-16-39-1","Capture_5'_CTCTGGTTCACTGGGC-2","Tumor"
"SYNTH-16-40-1","Capture_3'_AGCGTCGCAATCGTCA-3","Dividing Tumor"
"SYNTH-16-40-1","Capture_5'_CTGCTGTAGTGCTGCC-1","T-cells"
"SYNTH-16-40-1","Capture_5'_GCGGGTTCACGGCTAC-1","Tumor"
"SYNTH-16-41-1","Capture_3'_CTGAGGCCACGTACTA-2","Tumor"
"SYNTH-16-41-1","Capture_5'_TGACGGCGTTCCCTTG-3","Tumor"
"SYNTH-16-41-1","Capture_5'_GGAACTTAGACTTGAA-4","Tumor"
"SYNTH-16-41-1","Capture_3'_AGGGTTTAGTATGAAC-3","Tumor"
"SYNTH-16-41-1","Capture_3'_CCTAAGATCTAGCCTC-2","Tumor"
"SYNTH-16-41-1","Capture_5'_GAAACTCGTGCGCTTG-3","Fibroblasts"
"SYNTH-16-41-1","Capture_5'_GATGAAATCCACGTTC-1","Tumor"
"SYNTH-16-41-1","Capture_5'_TAGACCATCAGAAATG-4","Dividing Tumor"
"SYNTH-16-42-1","Capture_5'_ATGAGGGGTGAGCGAT-4","Dividing Tumor"
"SYNTH-16-42-1","Capture_3'_GCGGATCCACCATATG-3","T-cells"
"SYNTH-16-42-1","Capture_5'_GATCAGTGTTCATGGT-3","Tumor"
"SYNTH-16-42-1","Capture_5'_ACAGCCGTCGGAAACG-2","Tumor"
"SYNTH-16-43-1","Capture_5'_GTATTCTGTAAGTGTA-2","T-cells"
"SYNTH-16-43-1","Capture_5'_TATCAGGTCGTTTATC-4","T-cells"
"SYNTH-16-43-1","Capture_5'_ACGCAGCAGGGTATCG-4","Luminal A"
"SYNTH-16-43-1","Capture_5'_ATGGGAGTCGTTACGA-3","Dividing Tumor"
"SYNTH-16-43-1","Capture_5'_ATCATGGTCCCATTTA-2","Tumor"
"SYNTH-16-43-1","Capture_3'_CTCTCAGTCGTGGGAA-3","T-cells"
"SYNTH-16-43-1","Capture_3'_ATGACCAGTTGCTGAT-4","Tumor"
"SYNTH-16-43-1","Capture_5'_CTACCCACAGTATCTG-2","Tumor"
"SYNTH-16-44-1","Capture_5'_ACTGCTCAGTTCGATC-4","T-cells"
"SYNTH-16-44-1","Capture_5'_GTTCATTTCACCATAG-2","T-cells"
"SYNTH-16-44-1","Capture_5'_GGAGCAAGTGACTACT-3","Tumor"
"SYNTH-16-44-1","Capture_5'_CGTCTACAGTACGATA-1","Dividing Tumor"
"SYNTH-16-44-1","Capture_5'_CTAACTTTCTGGAGCC-1","Dividing Tumor"
"SYNTH-16-44-1","Capture_5'_CCCTCCTTCCATGCTC-1","Tumor"
"SYNTH-16-44-1","Capture_5'_GAATGAAGTCGTGGCT-4","Dividing Tumor"
"SYNTH-16-45-1","Capture_5'_CACACCTCACAGCCCA-3","Tumor"
"SYNTH-16-46-1","Capture_5'_GTTCTCGCACTGAAGG-3","Tumor"
"SYNTH-16-46-1","Capture_5'_GATCGTAGTCTCGTTC-4","Tumor"
"SYNTH-16-46-1","Capture_5'_CTTAGGAAGAGCTGGT-3","Dividing Tumor"
"SYNTH-16-46-1","Capture_5'_CACAGGCCATGAAGTA-4","Endothelial Cells"
"SYNTH-16-47-1","Capture_3'_CGTTCTGCACCACTGG-3","T-cells"
"SYNTH-16-47-1","Capture_5'_ACAGCCGTCGGAAACG-1","Tumor"
"SYNTH-16-47-1","Capture_5'_GAAGCAGGTCTAGCGC-3","Dividing Tumor"
"SYNTH-16-47-1","Capture_3'_AGAGAGCTCATCACAG-2","Luminal A"
"SYNTH-16-48-1","Capture_5'_GCTGCTTTCTCTAGGA-2","Tumor"
"SYNTH-16-48-1","Capture_5'_CCTTCCCGTTCGTCTC-1","T-cells"
"SYNTH-16-48-1","Capture_3'_GCCATTCCAAGGGCAT-4","Dividing Tumor"
"SYNTH-16-48-1","Capture_5'_TAGGCATCAGCCACCA-2","Tumor"
"SYNTH-16-49-1","Capture_5'_CAAGTTGGTATGAAAC-3","Tumor"
"SYNTH-16-49-1","Capture_5'_AAATGCCTCCAAAGTC-3","Tumor"
"SYNTH-16-49-1","Capture_3'_CTACGGGGTGACTGAG-4","Dividing Tumor"
"SYNTH-16-49-1","Capture_5'_CCTAAAGGTCAGCTAT-1","Dividing Tumor"
"SYNTH-16-50-1","Capture_5'_TTAGGCAGTAAGGATT-3","T-cells"
"SYNTH-17-1-1","Capture_3'_ATTTACCTCGTCTCAC-1","T-cells"
"SYNTH-17-1-1","Capture_5'_TACGGGCTCGCATGAT-3","Tumor"
"SYNTH-17-1-1","Capture_5'_CCATTCGCACAACTGT-1","Tumor"
"SYNTH-17-1-1","Capture_3'_AACCACACAGTCAGAG-4","TAMs"
"SYNTH-17-1-1","Capture_3'_GTGGTTAAGAACTCCT-4","Tumor"
"SYNTH-17-1-1","Capture_5'_GCTGGGTCAAAGGTGC-3","Dividing Tumor"
"SYNTH-17-1-1","Capture_5'_CAGCTGGTCCCTCTTT-1","Tumor"
"SYNTH-17-1-1","Capture_5'_TACCTTAAGCCCTAAT-1","Dividing Tumor"
"SYNTH-17-2-1","Capture_3'_TGCATGAGTCAGGAGT-4","Fibroblasts"
"SYNTH-17-2-1","Capture_5'_GGACAGAAGTGTTTGC-2","Dividing Tumor"
"SYNTH-17-2-1","Capture_3'_CTACTATCATCAGCAT-1","Tumor"
"SYNTH-17-3-1","Capture_5'_TACTTACTCCTCGCAT-4","Tumor"
"SYNTH-17-4-1","Capture_5'_AGCTCCTAGACCTAGG-2","Dividing Tumor"
"SYNTH-17-4-1","Capture_5'_CCCATACGTTTGTTGG-3","T-cells"
"SYNTH-17-4-1","Capture_5'_GCACTCTAGGTCATCT-4","Luminal A"
"SYNTH-17-4-1","Capture_3'_CAGATTGCATCCGATA-3","Dividing Tumor"
"SYNTH-17-4-1","Capture_5'_AGCGGTCGTACAGCAG-3","Luminal A"
"SYNTH-17-5-1","Capture_5'_GTTAAGCGTGAAAGAG-4","T-cells"
"SYNTH-17-5-1","Capture_3'_AGGGTTTAGAGTCACG-2","Dividing Tumor"
"SYNTH-17-5-1","Capture_5'_TACGGTAAGACATAAC-2","Tumor"
"SYNTH-17-5-1","Capture_5'_CTGATAGCAAGTAGTA-3","Dividing Tumor"
"SYNTH-17-5-1","Capture_5'_ACGCCGAGTCCATGAT-4","T-cells"
"SYNTH-17-5-1","Capture_5'_GGCAATTAGTATGACA-2","T-cells"
"SYNTH-17-5-1","Capture_5'_CAGAGAGAGGATGGTC-1","Tumor"
"SYNTH-17-5-1","Capture_5'_GCATGATCACAACTGT-1","Dividing Tumor"
"SYNTH-17-6-1","Capture_5'_GATCGCGGTTAAGAAC-4","Luminal A"
"SYNTH-17-6-1","Capture_5'_AGCAGCCAGCCCAACC-4","Tumor"
"SYNTH-17-6-1","Capture_3'_GGGCGTTTCGGCTTCT-1","Tumor"
"SYNTH-17-6-1","Capture_5'_GATCAGTGTTCATGGT-3","Tumor"
"SYNTH-17-6-1","Capture_5'_GCCTCTAAGTTGAGTA-3","T-cells"
"SYNTH-17-6-1","Capture_5'_TAGACCACACCTATCC-2","T-cells"
"SYNTH-17-6-1","Capture_3'_GTCGTAAAGTGCCCGT-1","Plasma Cells"
"SYNTH-17-6-1","Capture_5'_CTCCTAGTCATATCGG-2","Tumor"
"SYNTH-17-6-1","Capture_5'_ACCGTAAGTTCCGTCT-4","Dividing Tumor"
"SYNTH-17-6-1","Capture_5'_CAACTAGTCCTCATTA-1","Dividing Tumor"
"SYNTH-17-7-1","Capture_5'_GACTACATCTTACCGC-1","Tumor"
"SYNTH-17-7-1","Capture_5'_GATCGCGTCTTCCTTC-4","Tumor"
"SYNTH-17-7-1","Capture_5'_CTTGGCTTCTGTGCAA-4","Dividing Tumor"
"SYNTH-17-7-1","Capture_3'_GTTGCGGGTAGTATAG-3","Tumor"
"SYNTH-17-7-1","Capture_5'_CCCAATCTCAGTTCGA-1","Plasma Cells"
"SYNTH-17-7-1","Capture_5'_CACACTCAGAATGTTG-4","Tumor"
"SYNTH-17-7-1","Capture_5'_GATGAGGTCACGCATA-2","Dividing Tumor"
"SYNTH-17-7-1","Capture_5'_CGGCTAGGTATGAATG-3","Tumor"
"SYNTH-17-8-1","Capture_3'_CTACGGGCACTGTCGG-3","Dividing Tumor"
"SYNTH-17-8-1","Capture_5'_ACTTTCACAGCTTAAC-3","Tumor"
"SYNTH-17-8-1","Capture_3'_TGTGCGGTCATTCATC-2","Luminal A"
"SYNTH-17-8-1","Capture_3'_ATCGGATCAAGATGGC-2","T-cells"
"SYNTH-17-8-1","Capture_5'_AGCTTGACAGCTTCGG-3","Luminal A"
"SYNTH-17-8-1","Capture_3'_CATTCATCATTGAAGA-1","T-cells"
"SYNTH-17-8-1","Capture_5'_CAAGGCCAGCTATGCT-3","T-cells"
"SYNTH-17-8-1","Capture_5'_AGAGCTTAGATGCCTT-3","Tumor"
"SYNTH-17-9-1","Capture_5'_TCAGCAATCTGGTATG-4","Myoepithelial Cells"
"SYNTH-17-9-1","Capture_5'_TGAGAGGGTTCATGGT-4","Tumor"
"SYNTH-17-9-1","Capture_3'_AGAGAATGTGGTCTAT-2","Tumor"
"SYNTH-17-10-1","Capture_5'_GTCACAATCGCAGGCT-2","Dividing Tumor"
"SYNTH-17-10-1","Capture_5'_AGGGTGACAAGCCGTC-1","Tumor"
"SYNTH-17-10-1","Capture_5'_GTCTTCGAGCTCCCAG-3","Dividing Tumor"
"SYNTH-17-10-1","Capture_3'_AGGCTGCTCTCAATCT-4","T-cells"
"SYNTH-17-11-1","Capture_3'_GAGGCCTAGACGATAT-1","Fibroblasts"
"SYNTH-17-11-1","Capture_5'_GTACTCCCAAGCCGCT-2","Luminal B"
"SYNTH-17-11-1","Capture_5'_CCGGTAGCAGACAGGT-1","Tumor"
"SYNTH-17-11-1","Capture_5'_CTCGAGGAGATATGGT-1","Tumor"
"SYNTH-17-11-1","Capture_5'_GTATTCTGTCTAGAGG-2","Dividing Tumor"
"SYNTH-17-11-1","Capture_3'_TGTAGACTCATTACGG-1","Tumor"
"SYNTH-17-11-1","Capture_3'_ACAGAAATCCGGGACT-1","Tumor"
"SYNTH-17-12-1","Capture_5'_ATTGGTGGTAAGGGAA-2","TAMs"
"SYNTH-17-13-1","Capture_3'_CGTAAGTGTCCGATCG-1","Tumor"
"SYNTH-17-13-1","Capture_3'_TGAACGTGTGAGATAT-4","Tumor"
"SYNTH-17-13-1","Capture_3'_TCTTCCTGTCGCTTAA-2","T-cells"
"SYNTH-17-13-1","Capture_3'_TTAGGCAAGTAAGACT-1","Tumor"
"SYNTH-17-13-1","Capture_5'_GGCTGGTAGCGCCTTG-2","Tumor"
"SYNTH-17-13-1","Capture_3'_CAGCCAGAGCAGATAT-1","T-cells"
"SYNTH-17-14-1","Capture_5'_GCATGTATCACCTCGT-2","Tumor"
"SYNTH-17-14-1","Capture_5'_CGTCCATTCACTATTC-4","Tumor"
"SYNTH-17-14-1","Capture_3'_CGAAGGACACATGAAA-2","T-cells"
"SYNTH-17-14-1","Capture_3'_AGGGTGAGTTAAAGTG-4","Tumor"
"SYNTH-17-14-1","Capture_5'_CATCGGGTCCATGAGT-2","Dividing Tumor"
"SYNTH-17-14-1","Capture_5'_CTCGTCAGTAAGGGAA-1","Tumor"
"SYNTH-17-15-1","Capture_5'_GGCTCGATCGGTTAAC-4","Tumor"
"SYNTH-17-16-1","Capture_3'_TCTGCCACAAGAGCTG-3","Dividing Tumor"
"SYNTH-17-16-1","Capture_5'_GTGTGCGTCAACGAAA-4","Luminal A"
"SYNTH-17-16-1","Capture_3'_TTTACTGCACAACGCC-4","Tumor"
"SYNTH-17-16-1","Capture_5'_CGATTGAGTATATCCG-4","Dividing Tumor"
"SYNTH-17-16-1","Capture_5'_CTAGTGATCCCTTGTG-4","Tumor"
"SYNTH-17-17-1","Capture_5'_TGACTAGCATCGGAAG-4","Luminal A"
"SYNTH-17-17-1","Capture_5'_CAAGGCCCAGTCGATT-4","Tumor"
"SYNTH-17-17-1","Capture_3'_TATTCCAGTTATGGTC-1","Tumor"
"SYNTH-17-17-1","Capture_3'_TTGTTTGCACGACGTC-2","Dividing Tumor"
"SYNTH-17-18-1","Capture_5'_CTGTGCTCAAGTAGTA-2","Tumor"
"SYNTH-17-18-1","Capture_5'_CGACCTTGTTGAGGTG-1","B-cells"
"SYNTH-17-18-1","Capture_5'_CCCATACTCAGCTGGC-4","Dividing Tumor"
"SYNTH-17-18-1","Capture_5'_ACACCCTGTGTTCTTT-3","T-cells"
"SYNTH-17-19-1","Capture_3'_GTATTGGAGAGTCTGG-3","T-cells"
"SYNTH-17-19-1","Capture_5'_TCGGGACGTGTTGAGG-3","Dividing Tumor"
"SYNTH-17-19-1","Capture_5'_CATGACAGTCACCTAA-3","T-cells"
"SYNTH-17-20-1","Capture_5'_CTAGTGATCCCTTGTG-4","Tumor"
"SYNTH-17-20-1","Capture_5'_AGGTCCGCAGATCGGA-3","Dividing Tumor"
"SYNTH-17-20-1","Capture_5'_TACTCATTCAACACCA-4","Tumor"
"SYNTH-17-20-1","Capture_5'_CGTCTACCATGTCTCC-3","Tumor"
"SYNTH-17-20-1","Capture_3'_ATTCCCGGTCCAGCCA-2","T-cells"
"SYNTH-17-20-1","Capture_5'_CGTCAGGGTAGGAGTC-4","T-cells"
"SYNTH-17-21-1","Capture_3'_GATCCCTGTCGGTGAA-1","T-cells"
"SYNTH-17-21-1","Capture_5'_GACAGAGAGGTACTCT-4","Dividing Tumor"
"SYNTH-17-21-1","Capture_5'_ACTTGTTCATGCAACT-1","T-cells"
"SYNTH-17-21-1","Capture_3'_GAAGAATAGCCTCTGG-2","T-cells"
"SYNTH-17-22-1","Capture_5'_TTCTACACAGACGCAA-2","Luminal B"
"SYNTH-17-22-1","Capture_5'_AGGTCATAGGTAAACT-2","Dividing Tumor"
"SYNTH-17-22-1","Capture_3'_CTAGACAGTGGGTTGA-3","T-cells"
"SYNTH-17-22-1","Capture_5'_CCTCTGATCGTACCGG-1","T-cells"
"SYNTH-17-22-1","Capture_5'_TGTTCCGCAGGTGGAT-3","Tumor"
"SYNTH-17-22-1","Capture_5'_GGGAGATTCCTCATTA-3","Dividing Tumor"
"SYNTH-17-22-1","Capture_5'_TTGCCGTTCTAACTTC-2","Luminal A"
"SYNTH-17-22-1","Capture_3'_TGGATCAAGTGTTCAC-4","T-cells"
"SYNTH-17-23-1","Capture_3'_CACCAAACAAGTCATC-1","T-cells"
"SYNTH-17-23-1","Capture_3'_AGGGTTTAGGAATCGC-1","Tumor"
"SYNTH-17-23-1","Capture_5'_AGTGGGACAGTCAGAG-4","Tumor"
"SYNTH-17-23-1","Capture_5'_GACGTGCGTTAAGGGC-4","Tumor"
"SYNTH-17-23-1","Capture_3'_ATGCGATCACTGTTCC-4","Dividing Tumor"
"SYNTH-17-23-1","Capture_5'_ATGTGTGAGGGCTTCC-3","Tumor"
"SYNTH-17-23-1","Capture_3'_GCACTAATCGCCGAGT-2","T-cells"
"SYNTH-17-23-1","Capture_5'_CCATGTCCAGACAGGT-3","Dividing Tumor"
"SYNTH-17-23-1","Capture_3'_TTAGGGTGTATTAAGG-4","Tumor"
"SYNTH-17-23-1","Capture_3'_CGATGGCGTGACGTCC-2","Fibroblasts"
"SYNTH-17-24-1","Capture_3'_TACGGGCGTTGAGGAC-3","Myoepithelial Cells"
"SYNTH-17-24-1","Capture_3'_GTGGGAAGTACGGTTT-4","T-cells"
"SYNTH-17-24-1","Capture_3'_CCAATTTCATGCTGCG-3","Myoepithelial Cells"
"SYNTH-17-24-1","Capture_5'_GTCATTTCATATGCTG-3","Dividing Tumor"
"SYNTH-17-24-1","Capture_5'_GGATTACTCTCGTTTA-4","Dividing Tumor"
"SYNTH-17-24-1","Capture_5'_GATGCTATCTATCGCC-1","Tumor"
"SYNTH-17-24-1","Capture_3'_GGCTTGGAGATCCGAG-4","T-cells"
"SYNTH-17-25-1","Capture_5'_CAAGAAATCGCCTGAG-2","Luminal B"
"SYNTH-17-26-1","Capture_5'_CGTCACTAGCACCGTC-4","Tumor"
"SYNTH-17-26-1","Capture_3'_TGCAGGCGTATCAAGA-1","Tumor"
"SYNTH-17-26-1","Capture_5'_ACACCCTGTGTTCTTT-3","T-cells"
"SYNTH-17-26-1","Capture_3'_GAGACCCAGCTATCTG-4","Tumor"
"SYNTH-17-26-1","Capture_5'_TTGGAACCACATCTTT-2","T-cells"
"SYNTH-17-27-1","Capture_5'_CCAGCGAAGTCATGCT-4","Luminal A"
"SYNTH-17-27-1","Capture_5'_CGAGCACTCGTACGGC-2","Tumor"
"SYNTH-17-27-1","Capture_5'_CAACTAGAGGGTTCCC-1","T-cells"
"SYNTH-17-27-1","Capture_5'_TTCGAAGTCCACTCCA-2","Tumor"
"SYNTH-17-27-1","Capture_5'_GATCAGTAGACAAGCC-4","Dividing Tumor"
"SYNTH-17-28-1","Capture_5'_TACCTATTCGATAGAA-4","T-cells"
"SYNTH-17-28-1","Capture_5'_CTTACCGTCGCGATCG-4","Tumor"
"SYNTH-17-28-1","Capture_3'_ATTCCTACAAAGACGC-1","B-cells"
"SYNTH-17-28-1","Capture_3'_AGGTGTTGTTGCTGAT-4","Dividing Tumor"
"SYNTH-17-28-1","Capture_5'_TGAGGGAAGTCGATAA-2","T-cells"
"SYNTH-17-28-1","Capture_5'_TCAACGAGTCATCGGC-4","Dividing Tumor"
"SYNTH-17-28-1","Capture_5'_AAGCCGCGTCTCTCGT-2","TAMs"
"SYNTH-17-28-1","Capture_5'_AAGCCGCCACGGCGTT-3","Dividing Tumor"
"SYNTH-17-29-1","Capture_3'_ATGTCTTGTGACACAG-3","T-cells"
"SYNTH-17-29-1","Capture_3'_CTGCAGGAGATACGAT-4","Dividing Tumor"
"SYNTH-17-29-1","Capture_3'_CAACCAACAAACGTGG-3","Tumor"
"SYNTH-17-29-1","Capture_3'_TCGCAGGAGTAAGCAT-1","Dividing Tumor"
"SYNTH-17-29-1","Capture_3'_ATCCACCTCGGCATAT-4","Dividing Tumor"
"SYNTH-17-30-1","Capture_5'_AACGTTGAGCCATCGC-3","T-cells"
"SYNTH-17-30-1","Capture_5'_CTAGCCTTCAAACAAG-4","Dividing Tumor"
"SYNTH-17-30-1","Capture_5'_CATCGAATCGCGTTTC-3","Dividing Tumor"
"SYNTH-17-30-1","Capture_5'_TACAGTGCATAGAAAC-2","Plasma Cells"
"SYNTH-17-30-1","Capture_5'_GACTACATCAGCAACT-1","Dividing Tumor"
"SYNTH-17-30-1","Capture_5'_GCGACCAAGGGATCTG-3","Dividing Tumor"
"SYNTH-17-31-1","Capture_3'_GCAACCGGTAACAAGT-1","Tumor"
"SYNTH-17-31-1","Capture_5'_ATCCGAAGTCCGTCAG-2","T-cells"
"SYNTH-17-31-1","Capture_3'_AATGGAAAGGTAATCA-3","Dividing Tumor"
"SYNTH-17-32-1","Capture_5'_AATCCAGTCACGGTTA-3","T-cells"
"SYNTH-17-32-1","Capture_3'_ATTCTTGGTGGTCTGC-3","Tumor"
"SYNTH-17-32-1","Capture_3'_TGCAGGCGTCGGCTAC-4","T-cells"
"SYNTH-17-32-1","Capture_5'_CCAATCCCAAGACGTG-2","Tumor"
"SYNTH-17-32-1","Capture_5'_CATCAAGCATAGACTC-4","Luminal A"
"SYNTH-17-32-1","Capture_5'_AACCGCGTCAACACCA-2","Dividing Tumor"
"SYNTH-17-32-1","Capture_3'_GACCCTTGTCTTTCAT-2","Luminal A"
"SYNTH-17-32-1","Capture_5'_CGGGTCAAGAAGGCCT-2","Dividing Tumor"
"SYNTH-17-33-1","Capture_5'_CGACCTTCATGTCGAT-3","Tumor"
"SYNTH-17-33-1","Capture_5'_ATAGACCTCCGTTGCT-4","Tumor"
"SYNTH-17-33-1","Capture_3'_TCACGCTTCGTCTCAC-4","Tumor"
"SYNTH-17-33-1","Capture_3'_TTACGTTAGATGGTCG-3","Tumor"
"SYNTH-17-34-1","Capture_5'_CGCTGGACAGTCGTGC-2","Dividing Tumor"
"SYNTH-17-34-1","Capture_3'_GGTTGTAGTAGGAAAG-2","Tumor"
"SYNTH-17-34-1","Capture_3'_GTTACCCAGGAAGAAC-1","Dividing Tumor"
"SYNTH-17-34-1","Capture_5'_TGACGGCAGCCATCGC-2","Dividing Tumor"
"SYNTH-17-35-1","Capture_5'_GACCAATTCACTTCAT-1","Tumor"
"SYNTH-17-35-1","Capture_5'_CAGCTAAGTTGCCTCT-3","Luminal A"
"SYNTH-17-35-1","Capture_5'_GACCTGGGTTCGTTGA-2","Tumor"
"SYNTH-17-35-1","Capture_5'_CACATTTAGATCACGG-2","Dividing Tumor"
"SYNTH-17-35-1","Capture_5'_GCGCAACGTCGACTGC-2","Dividing Tumor"
"SYNTH-17-35-1","Capture_3'_AAACGAACACGCGTGT-3","Tumor"
"SYNTH-17-36-1","Capture_5'_ATTCTACGTAGATTAG-2","Endothelial Cells"
"SYNTH-17-37-1","Capture_3'_ACATGCATCTAGATCG-4","Dividing Tumor"
"SYNTH-17-37-1","Capture_3'_CTGTATTGTTGGTGTT-4","Dividing Tumor"
"SYNTH-17-37-1","Capture_5'_GCCTCTAGTCCGCTGA-1","Dividing Tumor"
"SYNTH-17-37-1","Capture_5'_CGTAGGCCAGACGCCT-2","Dividing Tumor"
"SYNTH-17-37-1","Capture_5'_ACACCGGTCAGAGGTG-3","Dividing Tumor"
"SYNTH-17-37-1","Capture_3'_GGTAATCTCGCACTCT-2","Tumor"
"SYNTH-17-37-1","Capture_5'_TCGTACCTCCGAATGT-3","T-cells"
"SYNTH-17-37-1","Capture_5'_TGAGCATTCTGTCCGT-2","Tumor"
"SYNTH-17-37-1","Capture_3'_CTGCCTAGTCATCCGG-3","Dividing Tumor"
"SYNTH-17-38-1","Capture_5'_GTGCTTCTCATGCAAC-2","Tumor"
"SYNTH-17-38-1","Capture_3'_TCCTCGACATATGAAG-1","Tumor"
"SYNTH-17-38-1","Capture_5'_GAGCAGAAGAAGGTTT-1","Dividing Tumor"
"SYNTH-17-38-1","Capture_3'_ATTCAGGTCAGCGCAC-1","Tumor"
"SYNTH-17-38-1","Capture_5'_ACGAGCCAGGACATTA-4","B-cells"
"SYNTH-17-38-1","Capture_3'_GTATTGGAGGGCTTCC-2","T-cells"
"SYNTH-17-38-1","Capture_3'_CTTCGGTTCGAACGCC-4","T-cells"
"SYNTH-17-39-1","Capture_5'_TGTGGTACACCAGCAC-1","Dividing Tumor"
"SYNTH-17-39-1","Capture_5'_CCTAAAGGTCATGCCG-1","Tumor"
"SYNTH-17-39-1","Capture_5'_ATCCACCCAGCCTGTG-4","Tumor"
"SYNTH-17-40-1","Capture_3'_AAGTGAATCGTGACTA-4","Dividing Tumor"
"SYNTH-17-41-1","Capture_5'_GGACATTAGGCTAGCA-2","T-cells"
"SYNTH-17-41-1","Capture_3'_GTGAGCCTCACTTGTT-3","Dividing Tumor"
"SYNTH-17-41-1","Capture_3'_TGTCCTGAGTAATACG-2","T-cells"
"SYNTH-17-41-1","Capture_3'_GCACATATCGAAACAA-2","Endothelial Cells"
"SYNTH-17-41-1","Capture_5'_CGCTGGATCGTGACAT-2","Dividing Tumor"
"SYNTH-17-41-1","Capture_5'_CATGGCGGTGATGTCT-1","Tumor"
"SYNTH-17-41-1","Capture_5'_TGCCCTAGTATCACCA-4","T-cells"
"SYNTH-17-42-1","Capture_3'_CGAGGAAAGATAGCAT-1","Luminal A"
"SYNTH-17-42-1","Capture_5'_TACACGACAGCCTTGG-4","Luminal A"
"SYNTH-17-42-1","Capture_5'_CTGTGCTAGTGTACCT-1","Tumor"
"SYNTH-17-42-1","Capture_5'_AACACGTGTCACAAGG-4","Tumor"
"SYNTH-17-42-1","Capture_5'_TCCCGATTCATGCATG-4","Tumor"
"SYNTH-17-42-1","Capture_5'_TCCACACAGACAGAGA-2","T-cells"
"SYNTH-17-43-1","Capture_5'_TGTGTTTTCGCGGATC-2","Tumor"
"SYNTH-17-43-1","Capture_5'_CGGACGTAGAGCTGCA-3","TAMs"
"SYNTH-17-43-1","Capture_5'_GCTGCAGGTTCCGTCT-2","Luminal B"
"SYNTH-17-43-1","Capture_5'_CATATGGTCATACGGT-2","Tumor"
"SYNTH-17-43-1","Capture_3'_GTGCACGTCACAAGAA-3","Tumor"
"SYNTH-17-43-1","Capture_5'_CTCAGAACAGCTGTTA-4","Luminal B"
"SYNTH-17-44-1","Capture_5'_CTTACCGTCTACCAGA-1","Tumor"
"SYNTH-17-44-1","Capture_5'_AATCCAGCAGACGCAA-3","Tumor"
"SYNTH-17-44-1","Capture_5'_CACATAGCAGCCTTTC-2","Tumor"
"SYNTH-17-44-1","Capture_3'_GCATTAGAGCTAGCCC-4","Tumor"
"SYNTH-17-45-1","Capture_5'_TTAACTCAGGCATTGG-2","T-cells"
"SYNTH-17-46-1","Capture_5'_ACCTTTAAGTTACCCA-3","Luminal A"
"SYNTH-17-46-1","Capture_5'_CGGTTAATCTGCGTAA-1","Tumor"
"SYNTH-17-46-1","Capture_5'_TGGGAAGGTAGCGCAA-1","Tumor"
"SYNTH-17-46-1","Capture_5'_TTAGTTCAGACACTAA-3","Dividing Tumor"
"SYNTH-17-46-1","Capture_5'_AGCGTATGTTCCACAA-4","Tumor"
"SYNTH-17-46-1","Capture_5'_GGCTGGTAGTGTCCAT-4","Luminal B"
"SYNTH-17-47-1","Capture_3'_AGGTTACTCGCAACAT-2","Luminal B"
"SYNTH-17-47-1","Capture_5'_TTCTCCTTCCGCGTTT-4","T-cells"
"SYNTH-17-47-1","Capture_5'_TTCGAAGGTCTAAACC-3","Dividing Tumor"
"SYNTH-17-47-1","Capture_5'_TGCCAAAGTTTCGCTC-4","Tumor"
"SYNTH-17-47-1","Capture_5'_GTATTCTAGGATGCGT-2","Tumor"
"SYNTH-17-47-1","Capture_3'_GCCTGTTAGACATATG-2","Plasma Cells"
"SYNTH-17-48-1","Capture_5'_GGACAGACAAAGGCGT-3","Dividing Tumor"
"SYNTH-17-48-1","Capture_5'_CGCCAAGGTCTCCCTA-2","Tumor"
"SYNTH-17-48-1","Capture_3'_AGTTAGCTCGCCTATC-1","Luminal A"
"SYNTH-17-48-1","Capture_5'_TACAGTGCATATGAGA-3","Tumor"
"SYNTH-17-48-1","Capture_5'_TTGGAACTCAAACGGG-1","Tumor"
"SYNTH-17-48-1","Capture_5'_TTTGTCACATCGATGT-4","Tumor"
"SYNTH-17-48-1","Capture_5'_GTGGGTCCACACATGT-3","Fibroblasts"
"SYNTH-17-49-1","Capture_5'_GAGTCCGGTGCTAGCC-1","Tumor"
"SYNTH-17-49-1","Capture_3'_TGTGAGTCAAGGATGC-2","Tumor"
"SYNTH-17-49-1","Capture_3'_TCGCTTGCACAGCTGC-3","T-cells"
"SYNTH-17-49-1","Capture_5'_CATCCACCAACCGCCA-3","Tumor"
"SYNTH-17-49-1","Capture_3'_CCCGGAAAGATCACCT-3","T-cells"
"SYNTH-17-50-1","Capture_5'_ATTGGACCACTAAGTC-3","B-cells"
"SYNTH-17-50-1","Capture_5'_AACTCTTGTCCAGTAT-2","T-cells"
"SYNTH-17-50-1","Capture_5'_CGGACTGGTATGGTTC-4","B-cells"
"SYNTH-17-50-1","Capture_5'_TTCGGTCTCCGTAGGC-3","Tumor"
"SYNTH-17-50-1","Capture_3'_ATCGTCCCAGAAATCA-4","Dividing Tumor"
"SYNTH-17-50-1","Capture_5'_TACGGGCGTCACCCAG-4","Dividing Tumor"
"SYNTH-17-50-1","Capture_5'_AGGGTGAAGCCAGTTT-1","Endothelial Cells"
"SYNTH-17-50-1","Capture_3'_TTCTGTAAGAGGGTGG-3","Dividing Tumor"
"SYNTH-18-1-1","Capture_3'_TGGAACTAGTCTGCAT-4","Dividing Tumor"
"SYNTH-18-1-1","Capture_3'_GGGATCCGTTCGGCGT-1","Tumor"
"SYNTH-18-1-1","Capture_3'_CTCCGATGTGGTCTCG-2","Tumor"
"SYNTH-18-1-1","Capture_5'_GCATGTACATCACAAC-4","Dividing Tumor"
"SYNTH-18-1-1","Capture_3'_GGTTAACTCGCTTGAA-4","T-cells"
"SYNTH-18-1-1","Capture_5'_CGGTTAAAGGTAGCTG-3","Tumor"
"SYNTH-18-1-1","Capture_5'_TACTCGCCACCTATCC-4","Luminal A"
"SYNTH-18-2-1","Capture_5'_GCTGCTTTCATGTAGC-2","Dividing Tumor"
"SYNTH-18-3-1","Capture_3'_CATGGTACAACTCGTA-4","Dividing Tumor"
"SYNTH-18-3-1","Capture_3'_TCCGTGTTCCTCTAAT-2","Tumor"
"SYNTH-18-3-1","Capture_5'_CTTAGGACAAAGTGCG-4","Tumor"
"SYNTH-18-4-1","Capture_3'_GGTGAAGAGGTACATA-3","Tumor"
"SYNTH-18-4-1","Capture_5'_AGACGTTGTTCACCTC-3","Dividing Tumor"
"SYNTH-18-4-1","Capture_3'_AGCCAATGTCTCAGGC-4","Endothelial Cells"
"SYNTH-18-4-1","Capture_3'_AGGGCTCGTCCTATAG-2","T-cells"
"SYNTH-18-4-1","Capture_3'_GCATCTCCACACAGCC-2","Luminal A"
"SYNTH-18-4-1","Capture_5'_CCATTCGAGCTCAACT-4","Dividing Tumor"
"SYNTH-18-4-1","Capture_5'_GGTGCGTAGAAGAAGC-2","Endothelial Cells"
"SYNTH-18-4-1","Capture_5'_GTTCTCGGTCGTGGCT-4","Tumor"
"SYNTH-18-4-1","Capture_5'_CTCTAATTCTTTAGGG-2","Tumor"
"SYNTH-18-4-1","Capture_5'_GCAGCCATCGGCATCG-2","Endothelial Cells"
"SYNTH-18-5-1","Capture_5'_GTACGTAGTTGTGGAG-4","Dividing Tumor"
"SYNTH-18-5-1","Capture_3'_GTAGTACAGCAAATGT-1","Dividing Tumor"
"SYNTH-18-5-1","Capture_5'_ATCACGAGTACCGCTG-4","Dividing Tumor"
"SYNTH-18-5-1","Capture_5'_TGTGTTTGTCCGTGAC-1","Dividing Tumor"
"SYNTH-18-5-1","Capture_5'_GGTGTTAGTCCGTTAA-3","Dividing Tumor"
"SYNTH-18-5-1","Capture_5'_CTTTGCGCACTTGGAT-2","Endothelial Cells"
"SYNTH-18-5-1","Capture_5'_CATTCGCAGCATCATC-3","Dividing Tumor"
"SYNTH-18-6-1","Capture_5'_CTAGCCTGTAAACCTC-3","Dividing Tumor"
"SYNTH-18-6-1","Capture_5'_GACTGCGGTGTTTGGT-3","TAMs"
"SYNTH-18-6-1","Capture_5'_GCAGTTATCGAGGTAG-3","Tumor"
"SYNTH-18-6-1","Capture_5'_TAGTTGGCAGGAATCG-3","Dividing Tumor"
"SYNTH-18-6-1","Capture_3'_GTACAGTAGAGGTTTA-2","Tumor"
"SYNTH-18-6-1","Capture_3'_AGATCCAAGTGGTCAG-1","Tumor"
"SYNTH-18-6-1","Capture_3'_ATAGGCTGTGATAGAT-4","Tumor"
"SYNTH-18-6-1","Capture_3'_AGGGCCTTCCGCATAA-3","Dividing Tumor"
"SYNTH-18-6-1","Capture_3'_AAGTTCGCACGTAGTT-3","Plasma Cells"
"SYNTH-18-7-1","Capture_3'_ATCGTCCGTCTGTGTA-2","T-cells"
"SYNTH-18-7-1","Capture_5'_CTGCGGATCGTAGATC-4","Dividing Tumor"
"SYNTH-18-7-1","Capture_3'_CTGCCTACAAGTGCTT-2","Tumor"
"SYNTH-18-7-1","Capture_3'_AAAGGATGTCAGTCTA-3","Dividing Tumor"
"SYNTH-18-7-1","Capture_3'_CTCAACCAGTCCCTAA-2","Tumor"
"SYNTH-18-7-1","Capture_5'_GCACTCTTCTGATACG-2","Dividing Tumor"
"SYNTH-18-7-1","Capture_3'_CTTACCGGTGATAGAT-2","Tumor"
"SYNTH-18-7-1","Capture_5'_ATTGGTGCAATCACAC-2","Tumor"
"SYNTH-18-7-1","Capture_3'_TTCTAACAGTTCATGC-4","Fibroblasts"
"SYNTH-18-7-1","Capture_3'_GTGGTTACAGCGTGAA-1","Dividing Tumor"
"SYNTH-18-8-1","Capture_5'_GCGCAACAGTGTCCAT-4","Tumor"
"SYNTH-18-8-1","Capture_5'_TTGTAGGCACGCATCG-3","Dividing Tumor"
"SYNTH-18-8-1","Capture_5'_GACTGCGAGTGCCATT-1","Luminal A"
"SYNTH-18-8-1","Capture_5'_TGGACGCGTATGAATG-4","T-cells"
"SYNTH-18-8-1","Capture_5'_ATCATCTGTAGATTAG-1","Tumor"
"SYNTH-18-8-1","Capture_5'_TCAACGAGTCATACTG-4","Tumor"
"SYNTH-18-8-1","Capture_3'_TAGGTACAGACGTCGA-2","Tumor"
"SYNTH-18-9-1","Capture_5'_ATCCACCCAAAGTCAA-1","Tumor"
"SYNTH-18-9-1","Capture_3'_GTAGGTTAGGCTCTCG-2","TAMs"
"SYNTH-18-9-1","Capture_3'_CGAAGGATCCCAGGCA-4","Tumor"
"SYNTH-18-9-1","Capture_5'_TGAGGGATCTCCCTGA-2","Dividing Tumor"
"SYNTH-18-9-1","Capture_5'_AAATGCCCACGCCAGT-2","T-cells"
"SYNTH-18-9-1","Capture_5'_AGGGAGTAGAGTAAGG-3","Dividing Tumor"
"SYNTH-18-10-1","Capture_5'_GTGTTAGCAGGGATTG-3","T-cells"
"SYNTH-18-11-1","Capture_5'_GGACATTGTGACTACT-3","Tumor"
"SYNTH-18-11-1","Capture_5'_AGTAGTCTCACGACTA-3","Tumor"
"SYNTH-18-11-1","Capture_5'_CCACCTACACACCGAC-2","Endothelial Cells"
"SYNTH-18-11-1","Capture_3'_CATAGACCATACTTTC-4","Tumor"
"SYNTH-18-11-1","Capture_3'_GAACGTTCATGTTCGA-4","Tumor"
"SYNTH-18-11-1","Capture_3'_GGGTCTGTCTTACACT-1","Endothelial Cells"
"SYNTH-18-12-1","Capture_5'_CTCAGAAAGCCACTAT-4","Tumor"
"SYNTH-18-12-1","Capture_5'_GTAACGTCACATTAGC-2","Tumor"
"SYNTH-18-12-1","Capture_3'_CAACGATGTTAACCTG-1","T-cells"
"SYNTH-18-12-1","Capture_5'_CTTACCGTCGCGATCG-4","Tumor"
"SYNTH-18-12-1","Capture_3'_CATGCGGAGGTAGCAC-1","Tumor"
"SYNTH-18-12-1","Capture_3'_TCTGTCGTCTCTGACC-3","T-cells"
"SYNTH-18-12-1","Capture_3'_AACAACCAGCAATAAC-2","Tumor"
"SYNTH-18-13-1","Capture_5'_TGAGGGAGTAGCGCAA-4","Dividing Tumor"
"SYNTH-18-13-1","Capture_3'_TTCCACGGTAGACAGC-2","Luminal A"
"SYNTH-18-13-1","Capture_5'_TGACAACGTGCCTGCA-3","Myoepithelial Cells"
"SYNTH-18-13-1","Capture_3'_AATCGACCATGACTAC-3","Luminal A"
"SYNTH-18-13-1","Capture_5'_GCCAAATCATTATCTC-2","T-cells"
"SYNTH-18-14-1","Capture_3'_GTCTCACTCATTTGTC-4","T-cells"
"SYNTH-18-14-1","Capture_3'_ATCATTCCAATCGAAA-3","Tumor"
"SYNTH-18-14-1","Capture_5'_TTTACTGAGCGTGAGT-3","T-cells"
"SYNTH-18-14-1","Capture_5'_CATTCGCTCCTCGCAT-4","Tumor"
"SYNTH-18-15-1","Capture_5'_AGGGAGTAGTGTTGAA-2","Dividing Tumor"
"SYNTH-18-15-1","Capture_5'_CTGATCCCAAGCGATG-3","Dividing Tumor"
"SYNTH-18-15-1","Capture_3'_CTCATCGGTTCGGTTA-2","TAMs"
"SYNTH-18-15-1","Capture_5'_CATCAGAAGCTGCCCA-2","Tumor"
"SYNTH-18-15-1","Capture_5'_TGCTACCTCGGTGTTA-4","T-cells"
"SYNTH-18-16-1","Capture_5'_GTCTTCGAGTGGTCCC-1","T-cells"
"SYNTH-18-16-1","Capture_5'_TACTCATAGAGCCTAG-2","Luminal A"
"SYNTH-18-16-1","Capture_5'_CGCGGTACAGTATCTG-1","Tumor"
"SYNTH-18-17-1","Capture_3'_TCAAGCAGTACACTCA-4","Tumor"
"SYNTH-18-17-1","Capture_5'_AGAGCGACAGTATAAG-2","B-cells"
"SYNTH-18-17-1","Capture_3'_TCTAACTAGATGAATC-3","Dividing Tumor"
"SYNTH-18-18-1","Capture_5'_TCAGATGGTTAGTGGG-4","Dividing Tumor"
"SYNTH-18-18-1","Capture_3'_TTGGGCGGTTGAAGTA-1","Dividing Tumor"
"SYNTH-18-18-1","Capture_5'_CCTATTATCAGCCTAA-4","Dividing Tumor"
"SYNTH-18-18-1","Capture_5'_GACTACAAGCTCCCAG-4","Dividing Tumor"
"SYNTH-18-18-1","Capture_5'_CTAGAGTTCCTATTCA-4","Dividing Tumor"
"SYNTH-18-18-1","Capture_5'_AGTGTCAAGTTCGCAT-4","T-cells"
"SYNTH-18-18-1","Capture_5'_GCAGTTATCCGCGTTT-3","Dividing Tumor"
"SYNTH-18-19-1","Capture_5'_TCGTAGATCATAACCG-3","Tumor"
"SYNTH-18-20-1","Capture_5'_GAATGAACACTGAAGG-3","Tumor"
"SYNTH-18-20-1","Capture_5'_CTGCCTACAGCTGCAC-3","Dividing Tumor"
"SYNTH-18-20-1","Capture_5'_TCATTACCAACACCCG-2","Tumor"
"SYNTH-18-20-1","Capture_5'_CTGCTGTTCACGCGGT-3","Dividing Tumor"
"SYNTH-18-20-1","Capture_5'_AGGTCATTCATATCGG-3","Luminal A"
"SYNTH-18-20-1","Capture_3'_ATACCGACAGTGGCTC-4","Dividing Tumor"
"SYNTH-18-21-1","Capture_3'_GTTGTCCGTGGTGATG-2","T-cells"
"SYNTH-18-21-1","Capture_5'_GCAATCACACCTATCC-2","Tumor"
"SYNTH-18-21-1","Capture_5'_ATTCTACTCGTGGTCG-4","Dividing Tumor"
"SYNTH-18-21-1","Capture_5'_ATGAGGGTCCAAACTG-3","Luminal A"
"SYNTH-18-21-1","Capture_3'_CATGCAACAACACAAA-4","Fibroblasts"
"SYNTH-18-21-1","Capture_5'_CAGCGACCAGGATCGA-3","Tumor"
"SYNTH-18-21-1","Capture_5'_TCTATTGAGGCATGTG-2","Tumor"
"SYNTH-18-21-1","Capture_5'_CTTCTCTGTAGCTGCC-2","Dividing Tumor"
"SYNTH-18-21-1","Capture_5'_CCTCTGAGTATTCGTG-4","T-cells"
"SYNTH-18-21-1","Capture_5'_TGGACGCTCCGAACGC-1","Dividing Tumor"
"SYNTH-18-22-1","Capture_5'_CATCAAGGTATTACCG-2","Luminal A"
"SYNTH-18-22-1","Capture_3'_GTGATGTTCCTTGACC-4","Dividing Tumor"
"SYNTH-18-22-1","Capture_5'_GCACATACAAGACGTG-2","Tumor"
"SYNTH-18-22-1","Capture_5'_GTAGTCAAGGCCATAG-1","T-cells"
"SYNTH-18-23-1","Capture_3'_CTGCCTACAATCCTTT-2","Plasma Cells"
"SYNTH-18-24-1","Capture_3'_ATCGTCCTCGAGAATA-3","Endothelial Cells"
"SYNTH-18-24-1","Capture_3'_TCCGTGTTCACGGACC-3","T-cells"
"SYNTH-18-24-1","Capture_3'_TTCCGGTCATGTAACC-1","T-cells"
"SYNTH-18-24-1","Capture_5'_CCAGCGATCCTAGGGC-3","T-cells"
"SYNTH-18-24-1","Capture_5'_CCTCTGATCATGCAAC-2","Dividing Tumor"
"SYNTH-18-24-1","Capture_5'_GTGTTAGTCACGAAGG-4","Tumor"
"SYNTH-18-24-1","Capture_3'_CTCAATTAGGAGCTGT-1","Dividing Tumor"
"SYNTH-18-24-1","Capture_5'_GACAGAGGTTGATTCG-4","Tumor"
"SYNTH-18-24-1","Capture_3'_GTTACCCAGAATTGTG-3","Dividing Tumor"
"SYNTH-18-24-1","Capture_5'_GATCAGTAGATCGATA-2","TAMs"
"SYNTH-18-25-1","Capture_3'_TCGGGTGTCCGTATAG-4","Tumor"
"SYNTH-18-25-1","Capture_5'_TCTATTGCACCGCTAG-1","Tumor"
"SYNTH-18-26-1","Capture_5'_GTCACAATCAGCGATT-1","Dividing Tumor"
"SYNTH-18-26-1","Capture_5'_TATCAGGTCTCGCTTG-4","Luminal A"
"SYNTH-18-26-1","Capture_5'_CGCCAAGCATACCATG-2","Tumor"
"SYNTH-18-26-1","Capture_5'_TTAACTCGTACGACCC-3","Tumor"
"SYNTH-18-26-1","Capture_5'_GCAATCAGTCGGCACT-4","Tumor"
"SYNTH-18-27-1","Capture_3'_TCAATCTCATAGCACT-2","Tumor"
"SYNTH-18-28-1","Capture_3'_GATGTTGGTGAGGATC-4","Endothelial Cells"
"SYNTH-18-28-1","Capture_3'_CTACCTGCACAAATAG-4","Dividing Tumor"
"SYNTH-18-28-1","Capture_3'_TATTGCTCAGATACTC-3","Tumor"
"SYNTH-18-28-1","Capture_3'_TGTGAGTGTGAATTAG-2","Tumor"
"SYNTH-18-28-1","Capture_5'_AGTCTTTGTCGGCTCA-1","Tumor"
"SYNTH-18-29-1","Capture_5'_TTTGGTTGTTGCGTTA-3","Luminal A"
"SYNTH-18-29-1","Capture_5'_AGTGGGACACGGCCAT-4","Luminal A"
"SYNTH-18-30-1","Capture_5'_CACCAGGGTACCCAAT-2","Tumor"
"SYNTH-18-30-1","Capture_3'_CTTCTCTCAAGTCCAT-2","T-cells"
"SYNTH-18-30-1","Capture_3'_AGATCGTGTCTACGTA-1","Tumor"
"SYNTH-18-30-1","Capture_5'_GGCGTGTTCAACACCA-3","Luminal A"
"SYNTH-18-30-1","Capture_5'_CTCCTAGAGAGCCTAG-2","T-cells"
"SYNTH-18-30-1","Capture_5'_GTCTCGTGTCTAGTGT-2","T-cells"
"SYNTH-18-30-1","Capture_5'_CAAGATCGTCTCATCC-4","T-cells"
"SYNTH-18-30-1","Capture_5'_GTCGGGTCATACAGCT-3","Dividing Tumor"
"SYNTH-18-30-1","Capture_5'_ACTGTCCAGGAGTTTA-4","Dividing Tumor"
"SYNTH-18-30-1","Capture_3'_CTTAGGACACCCTGAG-4","Tumor"
"SYNTH-18-31-1","Capture_5'_GCGCAACAGGTAAACT-3","Dividing Tumor"
"SYNTH-18-32-1","Capture_5'_ACGGGCTCATGATCCA-4","T-cells"
"SYNTH-18-32-1","Capture_5'_TCGCGAGCATCAGTAC-3","Tumor"
"SYNTH-18-32-1","Capture_5'_ACATGGTAGAGCTGCA-4","Dividing Tumor"
"SYNTH-18-33-1","Capture_5'_ATAAGAGGTCGTCTTC-1","Tumor"
"SYNTH-18-33-1","Capture_3'_TTTGACTCACTCTCGT-4","T-cells"
"SYNTH-18-33-1","Capture_5'_ACGTCAATCTTGCCGT-4","Dividing Tumor"
"SYNTH-18-33-1","Capture_5'_TCAGGATCAAACCTAC-4","Dividing Tumor"
"SYNTH-18-33-1","Capture_5'_CGTTCTGAGGTAGCTG-4","Tumor"
"SYNTH-18-33-1","Capture_5'_AGGGTGATCACGCATA-1","Tumor"
"SYNTH-18-34-1","Capture_3'_CATCCCAGTAGAGCTG-4","Tumor"
"SYNTH-18-35-1","Capture_5'_CATGGCGGTTAAGAAC-3","Tumor"
"SYNTH-18-35-1","Capture_5'_TCAGATGGTTCTGAAC-2","Dividing Tumor"
"SYNTH-18-35-1","Capture_5'_ATTTCTGGTGCAGGTA-2","T-cells"
"SYNTH-18-35-1","Capture_5'_GTCTTCGAGTCATGCT-3","Dividing Tumor"
"SYNTH-18-35-1","Capture_5'_CTAACTTAGAGTCGGT-3","Dividing Tumor"
"SYNTH-18-35-1","Capture_3'_CTGAGGCGTACTAAGA-2","TAMs"
"SYNTH-18-35-1","Capture_5'_CGGAGTCGTAGCTTGT-4","T-cells"
"SYNTH-18-36-1","Capture_5'_TAGCCGGGTGTGGCTC-1","Dividing Tumor"
"SYNTH-18-36-1","Capture_5'_TAAGCGTCAAGTTCTG-1","Tumor"
"SYNTH-18-36-1","Capture_5'_CCACCTACATAGTAAG-3","Dividing Tumor"
"SYNTH-18-36-1","Capture_3'_GGGACTCCAAGTGGAC-3","T-cells"
"SYNTH-18-36-1","Capture_3'_AATCGACCATGTAACC-4","T-cells"
"SYNTH-18-37-1","Capture_5'_ATCCACCAGTGTACTC-1","Tumor"
"SYNTH-18-38-1","Capture_5'_GAAGCAGGTATAGGGC-3","Luminal A"
"SYNTH-18-38-1","Capture_3'_AGCGATTCATATGAAG-4","Dividing Tumor"
"SYNTH-18-38-1","Capture_5'_GGTGTTAGTCCGTTAA-3","Dividing Tumor"
"SYNTH-18-38-1","Capture_5'_TTGGAACGTGAGGGAG-1","Tumor"
"SYNTH-18-38-1","Capture_3'_AGCTTCCGTATGAGCG-4","Dividing Tumor"
"SYNTH-18-38-1","Capture_3'_CATAAGCTCCTACAAG-3","Tumor"
"SYNTH-18-39-1","Capture_3'_TTCCAATCATTGTCGA-3","T-cells"
"SYNTH-18-40-1","Capture_5'_CAGCAGCCACCAGCAC-3","Tumor"
"SYNTH-18-40-1","Capture_5'_ACACCCTTCATTCACT-4","T-cells"
"SYNTH-18-40-1","Capture_5'_AAACCTGAGCTGCGAA-2","Tumor"
"SYNTH-18-40-1","Capture_5'_ATCACGACATCAGTCA-4","Tumor"
"SYNTH-18-40-1","Capture_3'_ATAGGCTGTGAACCGA-3","Tumor"
"SYNTH-18-40-1","Capture_5'_TTTCCTCGTCTCTTTA-4","T-cells"
"SYNTH-18-40-1","Capture_5'_CAGTAACTCTGCCAGG-1","Tumor"
"SYNTH-18-40-1","Capture_5'_TGATTTCGTCACTTCC-2","T-cells"
"SYNTH-18-40-1","Capture_5'_CGTCCATAGTACACCT-1","T-cells"
"SYNTH-18-41-1","Capture_5'_GATGCTAGTACATGTC-4","Tumor"
"SYNTH-18-41-1","Capture_5'_GGGTCTGTCCCTTGTG-2","Tumor"
"SYNTH-18-41-1","Capture_5'_TGCGTGGTCACTTCAT-3","Tumor"
"SYNTH-18-42-1","Capture_3'_AGCCAGCGTCTACAGT-4","Myoepithelial Cells"
"SYNTH-18-42-1","Capture_5'_ACATGGTTCTTCCTTC-4","Tumor"
"SYNTH-18-43-1","Capture_5'_TGTGGTACAAGGACTG-1","Endothelial Cells"
"SYNTH-18-43-1","Capture_5'_GAAGCAGAGGATGCGT-3","Tumor"
"SYNTH-18-43-1","Capture_5'_ACGCCGAAGTGTACTC-3","Dividing Tumor"
"SYNTH-18-43-1","Capture_5'_GGGAGATAGCCTCGTG-1","Tumor"
"SYNTH-18-43-1","Capture_3'_CAGTGCGGTGTCCAAT-3","T-cells"
"SYNTH-18-44-1","Capture_5'_GCAATCAGTCAACATC-4","Dividing Tumor"
"SYNTH-18-44-1","Capture_3'_TCAAGTGTCTATCGTT-3","T-cells"
"SYNTH-18-44-1","Capture_3'_AGGTAGGCAGGCTTGC-2","Tumor"
"SYNTH-18-44-1","Capture_5'_TACACGAGTGTTTGGT-2","Myoepithelial Cells"
"SYNTH-18-44-1","Capture_3'_CTGCAGGGTCATCTAG-3","B-cells"
"SYNTH-18-44-1","Capture_5'_CAGCAGCAGCCGCCTA-3","T-cells"
"SYNTH-18-44-1","Capture_5'_CGAGCACTCAAACGGG-3","Dividing Tumor"
"SYNTH-18-44-1","Capture_3'_ACTTAGGGTAGGCTCC-4","Tumor"
"SYNTH-18-44-1","Capture_5'_TGACTTTTCGATGAGG-4","Dividing Tumor"
"SYNTH-18-44-1","Capture_3'_TTACGTTAGAGGTTTA-1","T-cells"
"SYNTH-18-45-1","Capture_3'_GCTTCACGTGTTCATG-1","Tumor"
"SYNTH-18-45-1","Capture_5'_TGGCCAGCACTTAACG-4","Tumor"
"SYNTH-18-45-1","Capture_5'_TGGCGCATCAGAGACG-2","Tumor"
"SYNTH-18-45-1","Capture_3'_GTGAGTTCACTGAGGA-2","Tumor"
"SYNTH-18-46-1","Capture_5'_CGTGTAAAGGCATTGG-3","Luminal B"
"SYNTH-18-47-1","Capture_3'_CCGGTGAAGGCCGCTT-4","Tumor"
"SYNTH-18-47-1","Capture_5'_CCTAAAGAGGGCTTGA-2","Tumor"
"SYNTH-18-47-1","Capture_5'_GCATGTAAGTCACGCC-4","T-cells"
"SYNTH-18-47-1","Capture_5'_CCTTCCCAGGTACTCT-2","Dividing Tumor"
"SYNTH-18-47-1","Capture_5'_TAGAGCTGTTCCACGG-3","Dividing Tumor"
"SYNTH-18-47-1","Capture_3'_CAAAGAAGTATTTCCT-3","Tumor"
"SYNTH-18-48-1","Capture_5'_TGGTTCCAGTACGTAA-1","T-cells"
"SYNTH-18-48-1","Capture_3'_AGGCTGCGTTGGGACA-2","Tumor"
"SYNTH-18-48-1","Capture_3'_TGACCCTAGATCGGTG-1","Dividing Tumor"
"SYNTH-18-48-1","Capture_3'_AGGATAAGTGCTTCAA-1","Tumor"
"SYNTH-18-49-1","Capture_5'_GCTTGAACAGTATAAG-4","Tumor"
"SYNTH-18-49-1","Capture_3'_TGCGGGTTCCGACAGC-3","Tumor"
"SYNTH-18-49-1","Capture_5'_CAGAGAGGTCGAACAG-2","Dividing Tumor"
"SYNTH-18-49-1","Capture_3'_TCCACGTAGTCGAGGT-4","Endothelial Cells"
"SYNTH-18-49-1","Capture_3'_CTCATCGTCTACGCAA-1","Tumor"
"SYNTH-18-49-1","Capture_5'_CTGATCCCATGGATGG-3","Dividing Tumor"
"SYNTH-18-49-1","Capture_5'_TCGTACCGTCGTCTTC-4","Luminal A"
"SYNTH-18-49-1","Capture_5'_GCTTGAAAGAAGGGTA-2","Tumor"
"SYNTH-18-50-1","Capture_5'_TGCGTGGAGGTGATAT-2","T-cells"
"SYNTH-19-1-1","Capture_3'_ACGCACGCAGGTCCGT-2","T-cells"
"SYNTH-19-1-1","Capture_5'_GTCTCGTAGTCGCCGT-4","Tumor"
"SYNTH-19-1-1","Capture_3'_TCTCCGAGTTATGGTC-4","Tumor"
"SYNTH-19-1-1","Capture_5'_CTGAAACCAGGTCCAC-4","T-cells"
"SYNTH-19-1-1","Capture_5'_CGTCTACAGACATAAC-4","T-cells"
"SYNTH-19-1-1","Capture_5'_CGGCTAGTCTCAACTT-4","Endothelial Cells"
"SYNTH-19-2-1","Capture_5'_CTCGTCATCTTCATGT-4","B-cells"
"SYNTH-19-2-1","Capture_5'_TTTGGTTAGTGCAAGC-2","T-cells"
"SYNTH-19-2-1","Capture_5'_CATTCGCAGACCACGA-3","Tumor"
"SYNTH-19-2-1","Capture_5'_TTTACTGAGATAGTCA-3","Tumor"
"SYNTH-19-2-1","Capture_3'_TCAGCCTCATTGGCAT-3","T-cells"
"SYNTH-19-3-1","Capture_3'_CGGGCATCACAAGTGG-1","Endothelial Cells"
"SYNTH-19-3-1","Capture_5'_AGGCCACAGGAGCGAG-2","Tumor"
"SYNTH-19-3-1","Capture_3'_AAGTACCTCAGGAACG-3","Endothelial Cells"
"SYNTH-19-3-1","Capture_5'_CACACTCAGTCATCCA-4","Dividing Tumor"
"SYNTH-19-4-1","Capture_5'_CCACCTACAGCTCGAC-1","Dividing Tumor"
"SYNTH-19-4-1","Capture_3'_CACGTGGCAGCAGATG-2","Dividing Tumor"
"SYNTH-19-4-1","Capture_5'_ACTTACTGTGGTCTCG-4","Tumor"
"SYNTH-19-4-1","Capture_5'_GACTACAGTAGAGGAA-2","Dividing Tumor"
"SYNTH-19-4-1","Capture_5'_CCGTTCAAGACAGAGA-2","Tumor"
"SYNTH-19-4-1","Capture_3'_TTCCGGTAGGGCTTCC-1","T-cells"
"SYNTH-19-4-1","Capture_5'_AGGTCATGTGCCTTGG-2","Tumor"
"SYNTH-19-5-1","Capture_5'_CGTCAGGTCCTTTCGG-2","Dividing Tumor"
"SYNTH-19-5-1","Capture_3'_GGAGCAAGTTGGAGAC-4","Tumor"
"SYNTH-19-5-1","Capture_3'_GTAGGAGGTGCAACGA-1","Tumor"
"SYNTH-19-5-1","Capture_5'_ACACTGAAGAGACTTA-1","Dividing Tumor"
"SYNTH-19-5-1","Capture_5'_CAACTAGGTCGAAAGC-4","Tumor"
"SYNTH-19-5-1","Capture_3'_TCCTGCATCTGCACCT-2","Tumor"
"SYNTH-19-6-1","Capture_5'_ACCAGTAAGTGGTAGC-4","Tumor"
"SYNTH-19-6-1","Capture_5'_GCGAGAAGTCGCGTGT-2","T-cells"
"SYNTH-19-6-1","Capture_5'_GTAACGTAGGACTGGT-3","Tumor"
"SYNTH-19-6-1","Capture_5'_TCTCATAAGTTGTCGT-2","Tumor"
"SYNTH-19-6-1","Capture_5'_GAATAAGGTTTACTCT-4","T-cells"
"SYNTH-19-6-1","Capture_3'_GATGATCTCACGTCCT-2","B-cells"
"SYNTH-19-6-1","Capture_3'_CTGTAGATCGGTTAGT-4","Tumor"
"SYNTH-19-7-1","Capture_5'_ACGCCGAAGATGTGTA-1","Tumor"
"SYNTH-19-7-1","Capture_5'_CGGACACCATTAGGCT-1","T-cells"
"SYNTH-19-7-1","Capture_5'_TCGGTAAAGTTGCAGG-3","T-cells"
"SYNTH-19-7-1","Capture_3'_ATCCCTGCAAGGTTGG-3","Dividing Tumor"
"SYNTH-19-7-1","Capture_5'_CAGGTGCTCCCTCTTT-4","T-cells"
"SYNTH-19-8-1","Capture_5'_AGTTGGTCAGTCCTTC-4","Tumor"
"SYNTH-19-8-1","Capture_3'_GTCATGATCACCGACG-4","Dividing Tumor"
"SYNTH-19-8-1","Capture_3'_AGATGAAAGATAGGGA-3","Dividing Tumor"
"SYNTH-19-8-1","Capture_3'_ATGGTTGCATTCTGTT-4","Tumor"
"SYNTH-19-8-1","Capture_3'_GTTAGACCAGATGCGA-1","Tumor"
"SYNTH-19-8-1","Capture_5'_TCTATTGTCTACTATC-1","Luminal A"
"SYNTH-19-9-1","Capture_5'_GACGTTATCCTGTAGA-1","Tumor"
"SYNTH-19-9-1","Capture_5'_CTCGAGGAGAGTTGGC-1","Luminal A"
"SYNTH-19-9-1","Capture_5'_CTACATTAGACTTGAA-1","Tumor"
"SYNTH-19-9-1","Capture_3'_GAGTTGTTCCAATCCC-2","Dividing Tumor"
"SYNTH-19-9-1","Capture_5'_CATTATCGTTCCAACA-4","Tumor"
"SYNTH-19-9-1","Capture_5'_GTCACAATCTGAGGGA-4","Tumor"
"SYNTH-19-9-1","Capture_5'_TGGTTAGTCACGAAGG-2","Tumor"
"SYNTH-19-10-1","Capture_3'_TATTTCGCATGCAGCC-4","Dividing Tumor"
"SYNTH-19-10-1","Capture_5'_CAGGTGCCAAACCTAC-1","Tumor"
"SYNTH-19-10-1","Capture_5'_GGACAAGAGTGTACGG-4","Tumor"
"SYNTH-19-10-1","Capture_5'_ATCCGAAAGGTGTTAA-4","Tumor"
"SYNTH-19-10-1","Capture_5'_ATCTGCCCACTTCTGC-2","Tumor"
"SYNTH-19-10-1","Capture_5'_CAGCGACCAGCCTTTC-1","Dividing Tumor"
"SYNTH-19-10-1","Capture_5'_AAGGTTCTCTTCATGT-2","Tumor"
"SYNTH-19-11-1","Capture_5'_AGTCTTTGTTCGTTGA-4","Dividing Tumor"
"SYNTH-19-11-1","Capture_3'_GAGTTACAGGAACTAT-1","Dividing Tumor"
"SYNTH-19-11-1","Capture_5'_GAGCAGAAGCTGTCTA-4","Tumor"
"SYNTH-19-11-1","Capture_3'_CCCGGAAGTACGATCT-4","T-cells"
"SYNTH-19-12-1","Capture_5'_TTAGGACTCTGCTGTC-3","Tumor"
"SYNTH-19-12-1","Capture_5'_GGGCATCTCAAACCGT-4","Tumor"
"SYNTH-19-12-1","Capture_3'_AAACCCACAGGTTACT-4","Endothelial Cells"
"SYNTH-19-13-1","Capture_3'_TCGGTCTAGTCACACT-3","Luminal B"
"SYNTH-19-13-1","Capture_5'_ACATACGCAGGAACGT-2","Tumor"
"SYNTH-19-13-1","Capture_5'_TGTGGTATCTTCCTTC-4","Luminal A"
"SYNTH-19-13-1","Capture_5'_TCACAAGAGTCATGCT-1","T-cells"
"SYNTH-19-14-1","Capture_5'_TAAGTGCGTTTGTGTG-4","Tumor"
"SYNTH-19-14-1","Capture_5'_CATGCCTCAAAGGCGT-4","Tumor"
"SYNTH-19-14-1","Capture_5'_CCTATTACACCGAAAG-4","Tumor"
"SYNTH-19-14-1","Capture_5'_GGATGTTGTGAGCGAT-3","Tumor"
"SYNTH-19-14-1","Capture_3'_GCTACAATCTTGATTC-2","Tumor"
"SYNTH-19-14-1","Capture_5'_CCTTCGATCTTCCTTC-2","T-cells"
"SYNTH-19-15-1","Capture_5'_GCACATAGTATCACCA-2","Tumor"
"SYNTH-19-15-1","Capture_3'_ATGAAAGGTTGTGGCC-1","Tumor"
"SYNTH-19-15-1","Capture_5'_TGGACGCTCCGGGTGT-2","Luminal A"
"SYNTH-19-15-1","Capture_3'_TTTGTTGAGACCACGA-4","Tumor"
"SYNTH-19-15-1","Capture_5'_CCTAGCTCAGCCTTTC-1","Luminal A"
"SYNTH-19-16-1","Capture_5'_TTGGCAAAGTGGAGAA-3","Tumor"
"SYNTH-19-16-1","Capture_5'_TGTTCCGTCCTGCCAT-2","Luminal A"
"SYNTH-19-16-1","Capture_5'_TACTCGCGTAAGTGTA-4","Tumor"
"SYNTH-19-16-1","Capture_3'_TCGGATATCATTGGTG-3","Dividing Tumor"
"SYNTH-19-16-1","Capture_5'_GACAGAGGTGGTCCGT-2","Tumor"
"SYNTH-19-16-1","Capture_5'_AAAGTAGGTGGTGTAG-3","Tumor"
"SYNTH-19-16-1","Capture_5'_TTTGTCAGTGAAGGCT-3","T-cells"
"SYNTH-19-17-1","Capture_5'_TGGTTAGAGTTCGCGC-4","Tumor"
"SYNTH-19-17-1","Capture_5'_AGATCTGTCGAGGTAG-2","TAMs"
"SYNTH-19-17-1","Capture_5'_GGTGAAGCAAGTAATG-4","TAMs"
"SYNTH-19-18-1","Capture_3'_CTAACTTAGTTCGGTT-2","Tumor"
"SYNTH-19-18-1","Capture_5'_TCACAAGAGAAACGCC-4","Dividing Tumor"
"SYNTH-19-18-1","Capture_5'_GGAACTTTCTGGCGAC-4","T-cells"
"SYNTH-19-18-1","Capture_3'_GCTACCTAGGCTTCCG-3","Tumor"
"SYNTH-19-18-1","Capture_5'_GAAGCAGCAGATGAGC-1","Dividing Tumor"
"SYNTH-19-18-1","Capture_5'_TTGCGTCCAACACGCC-4","T-cells"
"SYNTH-19-18-1","Capture_5'_CGATGTACAGGACGTA-1","Tumor"
"SYNTH-19-18-1","Capture_5'_ACATACGAGCGACGTA-3","Endothelial Cells"
"SYNTH-19-18-1","Capture_5'_CGTTAGAGTCGAACAG-3","Dividing Tumor"
"SYNTH-19-18-1","Capture_5'_ACTGCTCAGCCACGCT-3","T-cells"
"SYNTH-19-19-1","Capture_5'_CACAGGCGTTAAGACA-3","T-cells"
"SYNTH-19-19-1","Capture_3'_AACAACCAGGAGCAAA-2","Dividing Tumor"
"SYNTH-19-20-1","Capture_5'_CGTTGGGGTCCCGACA-4","Dividing Tumor"
"SYNTH-19-20-1","Capture_5'_CACACTCGTGTAATGA-3","Tumor"
"SYNTH-19-20-1","Capture_5'_AACTTTCAGTAGCCGA-4","Tumor"
"SYNTH-19-20-1","Capture_3'_CCATAAGTCGCGGACT-4","T-cells"
"SYNTH-19-20-1","Capture_5'_AGACGTTAGTGCCAGA-2","Dividing Tumor"
"SYNTH-19-20-1","Capture_3'_CGAGGAAGTGACCGAA-1","T-cells"
"SYNTH-19-20-1","Capture_5'_AGAATAGGTTTGTTTC-3","Luminal A"
"SYNTH-19-20-1","Capture_3'_CATGAGTTCACAGTGT-4","Tumor"
"SYNTH-19-21-1","Capture_3'_TACAGGTTCTCATTGT-4","T-cells"
"SYNTH-19-21-1","Capture_5'_GTGTGCGAGGATGTAT-3","Dividing Tumor"
"SYNTH-19-21-1","Capture_3'_CATGCAACAACAAGAT-2","T-cells"
"SYNTH-19-21-1","Capture_5'_GGTATTGTCTTCAACT-4","Tumor"
"SYNTH-19-21-1","Capture_5'_GCGAGAAAGCTGCGAA-2","T-cells"
"SYNTH-19-21-1","Capture_5'_CGACTTCGTTACCGAT-4","Tumor"
"SYNTH-19-21-1","Capture_5'_TCAGCTCAGTTTAGGA-3","Ciliated Cells"
"SYNTH-19-21-1","Capture_3'_AACCTGACACTCACTC-3","T-cells"
"SYNTH-19-22-1","Capture_5'_TAAGTGCGTCAGATAA-4","Dividing Tumor"
"SYNTH-19-22-1","Capture_3'_AAAGAACGTCGAATGG-2","Tumor"
"SYNTH-19-22-1","Capture_5'_ACTGAGTAGGCGTACA-4","T-cells"
"SYNTH-19-22-1","Capture_5'_CACACCTCACAGCCCA-3","Tumor"
"SYNTH-19-23-1","Capture_5'_CGCTATCGTTCGCGAC-2","T-cells"
"SYNTH-19-23-1","Capture_5'_GATCTAGGTGTCGCTG-4","Dividing Tumor"
"SYNTH-19-23-1","Capture_5'_CGCTATCGTTGCCTCT-1","Dividing Tumor"
"SYNTH-19-23-1","Capture_5'_ACTGAGTTCGGATGTT-4","TAMs"
"SYNTH-19-23-1","Capture_3'_ATCCGTCGTCCCGCAA-1","Tumor"
"SYNTH-19-24-1","Capture_3'_TTCATGTGTGGACTGA-4","Dividing Tumor"
"SYNTH-19-24-1","Capture_5'_AGATCTGAGTCTCAAC-3","Tumor"
"SYNTH-19-24-1","Capture_3'_CCGGTGACATATGCGT-2","Tumor"
"SYNTH-19-24-1","Capture_3'_AGGGCTCTCCGTGGGT-1","T-cells"
"SYNTH-19-24-1","Capture_5'_CAGCTAATCATTGCCC-2","Luminal A"
"SYNTH-19-25-1","Capture_5'_TGTGTTTGTAGAGGAA-4","Dividing Tumor"
"SYNTH-19-25-1","Capture_5'_AAGGTTCAGTTAGCGG-3","Dividing Tumor"
"SYNTH-19-25-1","Capture_3'_CATCCGTCAATCCTAG-1","Dividing Tumor"
"SYNTH-19-25-1","Capture_3'_TGCTTGCCAATGTCTG-4","Tumor"
"SYNTH-19-25-1","Capture_5'_ATCCACCCATCCGTGG-4","T-cells"
"SYNTH-19-26-1","Capture_5'_CTCGAAAAGCCGTCGT-2","Tumor"
"SYNTH-19-26-1","Capture_3'_ACTTATCGTCCCTAAA-2","Luminal A"
"SYNTH-19-26-1","Capture_5'_CATCGAACAAACCCAT-1","Tumor"
"SYNTH-19-26-1","Capture_3'_GGCAGTCTCCGCACGA-1","T-cells"
"SYNTH-19-26-1","Capture_3'_AGAGAGCCACTTCAGA-3","Luminal A"
"SYNTH-19-26-1","Capture_5'_CGTCTACCATCGGTTA-1","Tumor"
"SYNTH-19-26-1","Capture_5'_CAGCGACCATACCATG-2","Tumor"
"SYNTH-19-26-1","Capture_3'_ATGTCCCAGGACAGTC-2","Dividing Tumor"
"SYNTH-19-26-1","Capture_3'_TGTTACTGTCTAGGCC-4","Tumor"
"SYNTH-19-27-1","Capture_5'_GCATACAGTGTTCGAT-1","Tumor"
"SYNTH-19-27-1","Capture_5'_GGTGTTAAGTTACCCA-4","Dividing Tumor"
"SYNTH-19-27-1","Capture_3'_CAACGATAGATTGACA-2","Dividing Tumor"
"SYNTH-19-27-1","Capture_3'_CTCACTGTCTGGGCGT-1","Dividing Tumor"
"SYNTH-19-27-1","Capture_3'_GTTCATTAGAGCATAT-2","Luminal A"
"SYNTH-19-27-1","Capture_3'_GTGTGATTCCATAGGT-4","Dividing Tumor"
"SYNTH-19-27-1","Capture_3'_TGAGTCAGTGACACAG-4","Tumor"
"SYNTH-19-27-1","Capture_5'_GAACCTAAGAAGGACA-4","Tumor"
"SYNTH-19-27-1","Capture_5'_CTCGTCATCCTGCCAT-4","T-cells"
"SYNTH-19-28-1","Capture_5'_CCATTCGTCGGAAACG-3","Dividing Tumor"
"SYNTH-19-29-1","Capture_5'_GACGTGCGTGTTGAGG-4","Tumor"
"SYNTH-19-29-1","Capture_3'_TGTTACTGTACCTATG-1","Dividing Tumor"
"SYNTH-19-29-1","Capture_5'_TAGTTGGGTCAGCTAT-3","Tumor"
"SYNTH-19-30-1","Capture_3'_AGCTACAGTAACTGCT-2","Luminal A"
"SYNTH-19-30-1","Capture_5'_CCCAATCTCGAATGGG-4","Tumor"
"SYNTH-19-30-1","Capture_5'_GACTAACAGTGTGGCA-2","Luminal A"
"SYNTH-19-30-1","Capture_5'_CGAGCACCATCCTTGC-4","Dividing Tumor"
"SYNTH-19-30-1","Capture_3'_CTTCGGTTCGAACGCC-4","T-cells"
"SYNTH-19-31-1","Capture_5'_GCGGGTTGTTGGACCC-2","Dividing Tumor"
"SYNTH-19-31-1","Capture_5'_GAATAAGGTTCGAATC-4","T-cells"
"SYNTH-19-31-1","Capture_3'_CAACCTCTCTAGTACG-1","Tumor"
"SYNTH-19-31-1","Capture_5'_ATAAGAGGTAGCTTGT-4","Dividing Tumor"
"SYNTH-19-32-1","Capture_5'_GTCCTCACAAGGTGTG-4","Luminal A"
"SYNTH-19-33-1","Capture_3'_GGTTGTAGTAGGAAAG-2","Tumor"
"SYNTH-19-33-1","Capture_3'_ACCGTTCAGCCAAGGT-3","Tumor"
"SYNTH-19-33-1","Capture_3'_ACCCAAACAAACTGCT-1","Tumor"
"SYNTH-19-33-1","Capture_5'_GCGCAGTTCCAATGGT-1","Dividing Tumor"
"SYNTH-19-33-1","Capture_3'_GCCAGTGTCGAGAGCA-2","Tumor"
"SYNTH-19-33-1","Capture_3'_TATGTTCCATGAATCC-3","Dividing Tumor"
"SYNTH-19-34-1","Capture_5'_CGGACGTCAGGTCCAC-3","Tumor"
"SYNTH-19-34-1","Capture_3'_GGGTATTGTGCACGCT-4","Plasma Cells"
"SYNTH-19-34-1","Capture_5'_CGACCTTGTCTCCATC-4","Dividing Tumor"
"SYNTH-19-34-1","Capture_5'_AACACGTAGAAGGGTA-3","Tumor"
"SYNTH-19-35-1","Capture_5'_TGTGGTATCTGGAGCC-4","Tumor"
"SYNTH-19-35-1","Capture_5'_GCTGCTTAGTGTCTCA-2","T-cells"
"SYNTH-19-35-1","Capture_5'_ACGAGCCTCTGCGTAA-4","Dividing Tumor"
"SYNTH-19-36-1","Capture_5'_CATTCGCAGTTAACGA-3","Tumor"
"SYNTH-19-36-1","Capture_5'_AAGACCTTCGCACTCT-1","Tumor"
"SYNTH-19-36-1","Capture_5'_AAAGATGTCGCCATAA-4","Tumor"
"SYNTH-19-36-1","Capture_3'_GTAATCGGTTCCTAGA-2","Tumor"
"SYNTH-19-36-1","Capture_5'_TGGACGCCACCAGCAC-4","Tumor"
"SYNTH-19-36-1","Capture_5'_ATTGGTGCATCAGTAC-3","T-cells"
"SYNTH-19-36-1","Capture_5'_ATGAGGGGTGAGCGAT-4","Dividing Tumor"
"SYNTH-19-37-1","Capture_5'_GCAGTTAGTATATGGA-4","Dividing Tumor"
"SYNTH-19-37-1","Capture_5'_TGCCCTACATACAGCT-2","T-cells"
"SYNTH-19-37-1","Capture_5'_CACACCTTCATAGCAC-4","T-cells"
"SYNTH-19-37-1","Capture_3'_TCAGTGAGTAGTGTGG-1","Plasma Cells"
"SYNTH-19-37-1","Capture_5'_TTGCGTCAGCATCATC-3","Tumor"
"SYNTH-19-37-1","Capture_5'_AGGGATGAGCTCCTTC-1","Tumor"
"SYNTH-19-38-1","Capture_3'_CCTACGTGTCAGGTGA-4","Tumor"
"SYNTH-19-38-1","Capture_3'_CATTTCATCCGTTGGG-3","Dividing Tumor"
"SYNTH-19-38-1","Capture_3'_ACAACCACACTAGTAC-2","Dividing Tumor"
"SYNTH-19-38-1","Capture_5'_ATTGGACCATGAGCGA-4","Tumor"
"SYNTH-19-38-1","Capture_5'_TGTGTTTCATTAACCG-4","T-cells"
"SYNTH-19-39-1","Capture_3'_TTGTTTGTCGAGCCTG-4","T-cells"
"SYNTH-19-40-1","Capture_3'_CTGCAGGAGTTAACGA-1","Tumor"
"SYNTH-19-40-1","Capture_5'_CACAGTATCCGTAGTA-1","T-cells"
"SYNTH-19-40-1","Capture_5'_TGTCCCACACCAGGTC-1","Tumor"
"SYNTH-19-40-1","Capture_5'_GGAACTTGTATGCTTG-3","T-cells"
"SYNTH-19-40-1","Capture_5'_CTGAAACGTCGCGGTT-1","Dividing Tumor"
"SYNTH-19-40-1","Capture_3'_CAGCACGGTTCCAAAC-4","Dividing Tumor"
"SYNTH-19-40-1","Capture_5'_GGAACTTTCCAAACAC-4","T-cells"
"SYNTH-19-41-1","Capture_3'_AGACACTGTGTCTAAC-2","Tumor"
"SYNTH-19-41-1","Capture_5'_CTGTTTACAGTAACGG-4","Dividing Tumor"
"SYNTH-19-42-1","Capture_3'_GAGGCAATCCTTGAAG-1","T-cells"
"SYNTH-19-42-1","Capture_5'_CTCAGAACAAGCCCAC-1","Fibroblasts"
"SYNTH-19-42-1","Capture_5'_TGCTGCTCAGGCTGAA-2","Tumor"
"SYNTH-19-42-1","Capture_5'_ATCCGAAAGCCAGTTT-1","Dividing Tumor"
"SYNTH-19-42-1","Capture_3'_ACGGTTATCTCTAAGG-4","Tumor"
"SYNTH-19-42-1","Capture_5'_GATCGATAGCTACCTA-2","Tumor"
"SYNTH-19-42-1","Capture_5'_CAGCTGGGTCGCCATG-1","Dividing Tumor"
"SYNTH-19-43-1","Capture_5'_CTCAGAATCTATCCTA-1","T-cells"
"SYNTH-19-43-1","Capture_3'_AGCGATTTCACTGATG-1","Fibroblasts"
"SYNTH-19-43-1","Capture_3'_TCCTAATTCTGTTCAT-4","Tumor"
"SYNTH-19-43-1","Capture_5'_CTAGCCTAGCGTTTAC-2","Dividing Tumor"
"SYNTH-19-43-1","Capture_3'_ACACTGACAGAGCGTA-2","T-cells"
"SYNTH-19-43-1","Capture_3'_CACCGTTAGGCATCGA-2","T-cells"
"SYNTH-19-43-1","Capture_5'_TAGAGCTAGCCCAGCT-1","Tumor"
"SYNTH-19-43-1","Capture_5'_CCCAGTTGTCCTCCAT-3","Dividing Tumor"
"SYNTH-19-44-1","Capture_5'_ACGGGTCAGAGCTTCT-4","Tumor"
"SYNTH-19-44-1","Capture_5'_AGCGTATTCTCGCATC-2","Luminal B"
"SYNTH-19-44-1","Capture_3'_AGACTCAAGAGCCGAT-4","T-cells"
"SYNTH-19-44-1","Capture_5'_CGGTTAACATGAAGTA-3","Endothelial Cells"
"SYNTH-19-45-1","Capture_5'_GACTACAGTAGAGGAA-2","Dividing Tumor"
"SYNTH-19-45-1","Capture_5'_CTGTTTATCTGCTGTC-1","Dividing Tumor"
"SYNTH-19-45-1","Capture_5'_CCTCAGTTCAGCGACC-4","Tumor"
"SYNTH-19-46-1","Capture_3'_TAAGCACTCGAGGCAA-4","Dividing Tumor"
"SYNTH-19-46-1","Capture_3'_CCCTCTCAGCACCCAC-3","Tumor"
"SYNTH-19-46-1","Capture_5'_AGCGGTCAGGAGTTGC-2","Dividing Tumor"
"SYNTH-19-46-1","Capture_3'_CCTCACACATACTGTG-1","T-cells"
"SYNTH-19-47-1","Capture_3'_TACGGGCGTGGCTAGA-1","T-cells"
"SYNTH-19-47-1","Capture_5'_CTCTACGTCTATCGCC-4","Dividing Tumor"
"SYNTH-19-47-1","Capture_3'_TCACGGGCACAGCGCT-1","T-cells"
"SYNTH-19-47-1","Capture_5'_GCCAAATAGTGGTAAT-2","Tumor"
"SYNTH-19-48-1","Capture_3'_ATCACAGAGTACAGCG-2","Fibroblasts"
"SYNTH-19-48-1","Capture_5'_TGATTTCTCCCGACTT-4","Tumor"
"SYNTH-19-49-1","Capture_3'_CATCGTCGTACCTATG-2","Tumor"
"SYNTH-19-49-1","Capture_3'_AACCTGACATGCTGCG-3","Tumor"
"SYNTH-19-50-1","Capture_3'_GCTTTCGAGGACAAGA-2","Tumor"
"SYNTH-19-50-1","Capture_5'_ACTGATGTCAAACGGG-3","Tumor"
"SYNTH-19-50-1","Capture_5'_GGCTCGACACTACAGT-2","Dividing Tumor"
"SYNTH-19-50-1","Capture_5'_CTTAACTAGTATGACA-2","Dividing Tumor"
"SYNTH-19-50-1","Capture_5'_GTCACAATCCAGGGCT-4","Tumor"
"SYNTH-19-50-1","Capture_5'_CTCAGAACATTGGCGC-3","Tumor"
"SYNTH-19-50-1","Capture_3'_TCGCACTAGAGTCTTC-1","Tumor"
"SYNTH-20-1-1","Capture_5'_CGGCTAGTCGCTAGCG-4","Dividing Tumor"
"SYNTH-20-2-1","Capture_3'_GTGATGTTCCTTGACC-4","Dividing Tumor"
"SYNTH-20-2-1","Capture_5'_TTTCCTCGTCTCTTTA-4","T-cells"
"SYNTH-20-2-1","Capture_5'_CATTCGCTCGTAGATC-3","TAMs"
"SYNTH-20-2-1","Capture_3'_GTCTAGAAGATCCCGC-3","T-cells"
"SYNTH-20-2-1","Capture_5'_TGACTTTAGTTGAGTA-1","Luminal A"
"SYNTH-20-2-1","Capture_5'_AGTGAGGGTACGCACC-2","Dividing Tumor"
"SYNTH-20-2-1","Capture_5'_TCAATCTAGCGGATCA-4","Tumor"
"SYNTH-20-3-1","Capture_3'_CCCTCTCAGAGGACTC-1","Dividing Tumor"
"SYNTH-20-3-1","Capture_5'_GGGTTGCTCTGGTATG-3","Tumor"
"SYNTH-20-3-1","Capture_5'_TCAGGTACATGGATGG-2","Tumor"
"SYNTH-20-3-1","Capture_5'_TGCCCTAAGGTGATTA-4","Dividing Tumor"
"SYNTH-20-3-1","Capture_5'_CACAAACTCCCACTTG-2","Myoepithelial Cells"
"SYNTH-20-3-1","Capture_5'_CATGGCGTCGGTGTCG-2","Dividing Tumor"
"SYNTH-20-3-1","Capture_5'_ATTGGTGTCATCTGCC-1","Tumor"
"SYNTH-20-3-1","Capture_5'_TAGGCATCAGTTTACG-3","Dividing Tumor"
"SYNTH-20-4-1","Capture_5'_ATGGGAGAGACAGACC-4","Tumor"
"SYNTH-20-5-1","Capture_3'_TTCCTAAAGGCATCGA-1","Tumor"
"SYNTH-20-5-1","Capture_5'_GCTGGGTTCACAAACC-4","Dividing Tumor"
"SYNTH-20-5-1","Capture_5'_CAAGGCCGTGTTAAGA-1","Luminal A"
"SYNTH-20-5-1","Capture_5'_CGAGCACTCCAGAAGG-1","Dividing Tumor"
"SYNTH-20-5-1","Capture_5'_GATCAGTGTAGGACAC-4","Dividing Tumor"
"SYNTH-20-5-1","Capture_5'_AGGGTGATCACCCTCA-3","TAMs"
"SYNTH-20-6-1","Capture_5'_ACTGCTCAGCAGATCG-2","Tumor"
"SYNTH-20-6-1","Capture_3'_CTAGGTAAGGATCACG-1","T-cells"
"SYNTH-20-6-1","Capture_3'_CTGATCCCAGGGTCTC-3","Tumor"
"SYNTH-20-6-1","Capture_5'_GTATCTTCATCGTCGG-3","Tumor"
"SYNTH-20-7-1","Capture_3'_TGGATCACACGAGAAC-3","Dividing Tumor"
"SYNTH-20-7-1","Capture_5'_CTTCTCTCAGGGCATA-2","Tumor"
"SYNTH-20-7-1","Capture_5'_CGTCCATGTAAAGTCA-3","Tumor"
"SYNTH-20-7-1","Capture_5'_TGCTACCTCAGCTTAG-1","T-cells"
"SYNTH-20-7-1","Capture_5'_CTGAAACCATAGAAAC-4","TAMs"
"SYNTH-20-8-1","Capture_5'_CACATTTCAGTCACTA-4","Tumor"
"SYNTH-20-8-1","Capture_3'_TACGCTCTCAGTCTTT-3","Tumor"
"SYNTH-20-8-1","Capture_3'_AGGTAGGCAGCCGTCA-4","Dividing Tumor"
"SYNTH-20-8-1","Capture_5'_TTGGCAACAGCGTCCA-3","TAMs"
"SYNTH-20-8-1","Capture_5'_CCTTCGACAGCTCGCA-1","Tumor"
"SYNTH-20-8-1","Capture_3'_ATCAGGTTCTCTGCTG-3","Tumor"
"SYNTH-20-8-1","Capture_5'_AATCCAGTCGCGATCG-4","Tumor"
"SYNTH-20-9-1","Capture_5'_CTGTGCTAGCTAAACA-1","Dividing Tumor"
"SYNTH-20-9-1","Capture_5'_AGTCTTTAGGACATTA-4","Tumor"
"SYNTH-20-9-1","Capture_3'_TCTTAGTTCTGGAAGG-4","Tumor"
"SYNTH-20-10-1","Capture_3'_GATTCTTTCTGTCAGA-4","Tumor"
"SYNTH-20-10-1","Capture_3'_ACGATGTGTCTGCCTT-4","Tumor"
"SYNTH-20-11-1","Capture_3'_TGAGGAGAGTGATGGC-4","Tumor"
"SYNTH-20-11-1","Capture_5'_TTTGTCATCCGCGGTA-1","T-cells"
"SYNTH-20-11-1","Capture_3'_TCAATCTAGATTAGAC-1","Luminal A"
"SYNTH-20-12-1","Capture_3'_TTCCACGGTCTACACA-4","Tumor"
"SYNTH-20-12-1","Capture_5'_CGCTTCATCCCATTAT-4","Dividing Tumor"
"SYNTH-20-12-1","Capture_5'_GTGTGCGTCACTATTC-1","Tumor"
"SYNTH-20-12-1","Capture_3'_CCCTGATCAATCAAGA-4","Tumor"
"SYNTH-20-12-1","Capture_3'_GAGTGTTGTTAGAAAC-2","Tumor"
"SYNTH-20-12-1","Capture_3'_CATTGTTTCGCCTTGT-1","T-cells"
"SYNTH-20-13-1","Capture_3'_GCACATATCGAAACAA-2","Endothelial Cells"
"SYNTH-20-13-1","Capture_3'_CCTCATGCATCTAACG-4","Dividing Tumor"
"SYNTH-20-13-1","Capture_3'_CAGGGCTAGTTCTACG-1","Luminal A"
"SYNTH-20-13-1","Capture_3'_GCACTAAGTTTACACG-1","Tumor"
"SYNTH-20-13-1","Capture_5'_GCATGATCACAACTGT-1","Dividing Tumor"
"SYNTH-20-13-1","Capture_3'_TAGGGTTTCGGTCTGG-2","Tumor"
"SYNTH-20-14-1","Capture_5'_TGAAAGATCACTATTC-4","T-cells"
"SYNTH-20-14-1","Capture_5'_CGTGAGCTCAAAGACA-4","Dividing Tumor"
"SYNTH-20-14-1","Capture_5'_GCCTCTAGTCCGCTGA-1","Dividing Tumor"
"SYNTH-20-14-1","Capture_3'_CGAAGGATCATCGACA-2","Tumor"
"SYNTH-20-14-1","Capture_3'_CCTGTTGTCATGAAAG-4","Luminal A"
"SYNTH-20-14-1","Capture_3'_GTCCACTTCGTACACA-4","T-cells"
"SYNTH-20-14-1","Capture_5'_CGACTTCTCGGCATCG-1","Tumor"
"SYNTH-20-15-1","Capture_3'_AGCGTATCATGTAACC-2","Tumor"
"SYNTH-20-15-1","Capture_5'_CACAGGCGTCTGATCA-2","Dividing Tumor"
"SYNTH-20-15-1","Capture_5'_CCTTCCCTCCTATGTT-4","Tumor"
"SYNTH-20-15-1","Capture_3'_AGACACTCATTCTTCA-2","Luminal A"
"SYNTH-20-15-1","Capture_5'_TTGCGTCCACCATGTA-3","Luminal A"
"SYNTH-20-16-1","Capture_5'_CGGTTAACATACCATG-1","Tumor"
"SYNTH-20-16-1","Capture_3'_TTACCGCAGCGATCGA-2","Tumor"
"SYNTH-20-16-1","Capture_5'_AGAGCGACACCGAATT-2","T-cells"
"SYNTH-20-16-1","Capture_5'_CGTCTACAGCGTCAAG-1","T-cells"
"SYNTH-20-17-1","Capture_3'_GCTGGGTGTCACTTCC-4","T-cells"
"SYNTH-20-17-1","Capture_3'_TCATTACGTTAAGTCC-1","Luminal A"
"SYNTH-20-18-1","Capture_3'_TTTCGATGTCACAGTT-1","Tumor"
"SYNTH-20-19-1","Capture_3'_GCCAACGGTCAAAGCG-2","Tumor"
"SYNTH-20-19-1","Capture_5'_GGAATAATCGCCAAAT-3","Dividing Tumor"
"SYNTH-20-19-1","Capture_5'_TACTCATCAAACTGCT-3","Luminal B"
"SYNTH-20-19-1","Capture_3'_GATCCCTAGGGTTAAT-3","Tumor"
"SYNTH-20-19-1","Capture_5'_GGATTACAGAGAGCTC-2","Endothelial Cells"
"SYNTH-20-19-1","Capture_5'_CATCAAGGTATTACCG-2","Luminal A"
"SYNTH-20-19-1","Capture_5'_GGAATAAAGTATCTCG-4","Dividing Tumor"
"SYNTH-20-19-1","Capture_5'_TGAGAGGCAACGCACC-1","Tumor"
"SYNTH-20-19-1","Capture_3'_GGAGGTAGTAAGTTGA-2","T-cells"
"SYNTH-20-20-1","Capture_3'_TACTTCACAGAGAATT-3","Tumor"
"SYNTH-20-20-1","Capture_3'_GGAATGGGTGGAAGTC-4","Tumor"
"SYNTH-20-20-1","Capture_3'_CTGATCCTCGACGCGT-4","Tumor"
"SYNTH-20-20-1","Capture_5'_AGGTCATTCTGCCAGG-4","Tumor"
"SYNTH-20-21-1","Capture_5'_AGTAGTCTCGGTGTTA-3","Luminal B"
"SYNTH-20-22-1","Capture_5'_GTATTCTGTAAGGATT-3","Tumor"
"SYNTH-20-22-1","Capture_3'_CCCGGAAGTACGATCT-4","T-cells"
"SYNTH-20-23-1","Capture_5'_GCCAAATCAGGCTGAA-4","Tumor"
"SYNTH-20-23-1","Capture_3'_TGAGGAGTCTCCGAAA-3","Tumor"
"SYNTH-20-23-1","Capture_5'_TACCTATGTGACGCCT-1","Tumor"
"SYNTH-20-23-1","Capture_5'_CTCGAAACAGCTTAAC-3","Tumor"
"SYNTH-20-23-1","Capture_5'_GGGAATGCAGCCTGTG-4","Fibroblasts"
"SYNTH-20-23-1","Capture_3'_ATCCACCAGCCGATCC-4","Dividing Tumor"
"SYNTH-20-23-1","Capture_5'_GACTACACACCGCTAG-3","Tumor"
"SYNTH-20-23-1","Capture_5'_CACCTTGAGATAGGAG-4","Tumor"
"SYNTH-20-23-1","Capture_3'_TGCATCCGTCATTGCA-4","Tumor"
"SYNTH-20-23-1","Capture_3'_CACAACATCAATGTCG-4","Dividing Tumor"
"SYNTH-20-24-1","Capture_5'_CAACCAAGTAGGGTAC-2","Dividing Tumor"
"SYNTH-20-24-1","Capture_5'_CATCCACGTATCGCAT-3","T-cells"
"SYNTH-20-25-1","Capture_5'_TTCTCCTGTCTCAACA-2","T-cells"
"SYNTH-20-25-1","Capture_5'_CGTCAGGCAATTGCTG-2","Dividing Tumor"
"SYNTH-20-25-1","Capture_5'_GAGCAGATCGCATGAT-4","Tumor"
"SYNTH-20-26-1","Capture_3'_ATGGGTTCAGACCAGA-4","Tumor"
"SYNTH-20-26-1","Capture_5'_ATTGGTGGTTACGACT-1","Tumor"
"SYNTH-20-26-1","Capture_3'_TCCTTCTTCTTACCAT-1","Tumor"
"SYNTH-20-26-1","Capture_5'_CTGGTCTCAACACCCG-1","T-cells"
"SYNTH-20-26-1","Capture_3'_GTCGCGAAGTCCCGAC-3","T-cells"
"SYNTH-20-26-1","Capture_5'_GATCGATTCCAGGGCT-1","T-cells"
"SYNTH-20-26-1","Capture_5'_CTGATAGGTCATGCAT-3","Dividing Tumor"
"SYNTH-20-27-1","Capture_5'_TCGGGACAGACACGAC-4","Tumor"
"SYNTH-20-27-1","Capture_5'_CCTATTATCCGCAGTG-3","Tumor"
"SYNTH-20-27-1","Capture_5'_GATGCTAAGGGCACTA-3","Dividing Tumor"
"SYNTH-20-27-1","Capture_3'_ACAGAAATCCGGGACT-1","Tumor"
"SYNTH-20-27-1","Capture_3'_TCAGTTTAGGCGCTTC-4","Plasma Cells"
"SYNTH-20-27-1","Capture_5'_CGCTATCGTTCGCGAC-2","T-cells"
"SYNTH-20-27-1","Capture_5'_CGCGTTTTCCTATTCA-4","Tumor"
"SYNTH-20-27-1","Capture_5'_CAACTAGAGGGTTCCC-1","T-cells"
"SYNTH-20-27-1","Capture_5'_TCGGTAAAGTTGCAGG-3","T-cells"
"SYNTH-20-27-1","Capture_3'_GGCTGTGCAAGACAAT-1","Dividing Tumor"
"SYNTH-20-28-1","Capture_5'_AGGGATGAGGCCGAAT-4","Tumor"
"SYNTH-20-28-1","Capture_5'_CTCGAGGTCATGTCCC-2","T-cells"
"SYNTH-20-28-1","Capture_5'_CTCTACGTCTTGCATT-4","Tumor"
"SYNTH-20-29-1","Capture_5'_TGTATTCGTGGTACAG-3","Tumor"
"SYNTH-20-29-1","Capture_5'_GCAGCCACATGCCTTC-1","Plasma Cells"
"SYNTH-20-29-1","Capture_5'_CTGATCCTCTACTTAC-2","Tumor"
"SYNTH-20-29-1","Capture_5'_ATTTCTGTCCCATTAT-3","Dividing Tumor"
"SYNTH-20-29-1","Capture_5'_GGATGTTGTGCGAAAC-4","Dividing Tumor"
"SYNTH-20-30-1","Capture_5'_CTCACACAGAATCTCC-4","Tumor"
"SYNTH-20-30-1","Capture_3'_ACCTGAATCCGAGGCT-3","Dividing Tumor"
"SYNTH-20-30-1","Capture_5'_TACTCGCCACAGGAGT-3","Tumor"
"SYNTH-20-30-1","Capture_3'_GAGGCCTGTTCCTACC-4","Dividing Tumor"
"SYNTH-20-30-1","Capture_5'_ACTGAGTTCCAACCAA-4","Tumor"
"SYNTH-20-31-1","Capture_5'_AGTTGGTGTCGGATCC-3","Tumor"
"SYNTH-20-32-1","Capture_5'_CCTTCGATCTACCAGA-2","Dividing Tumor"
"SYNTH-20-32-1","Capture_3'_AGTCAACAGACATCAA-3","Dividing Tumor"
"SYNTH-20-32-1","Capture_3'_GGCACGTAGAGTACCG-4","Endothelial Cells"
"SYNTH-20-33-1","Capture_3'_CTATCTAGTAAGGCTG-1","Dividing Tumor"
"SYNTH-20-33-1","Capture_5'_TTCTACATCGTAGATC-2","Dividing Tumor"
"SYNTH-20-33-1","Capture_3'_GGGACAACAAGACCTT-2","T-cells"
"SYNTH-20-33-1","Capture_5'_TCATTACGTCTCCCTA-2","Tumor"
"SYNTH-20-33-1","Capture_3'_ATCCTATAGTGGATAT-4","Dividing Tumor"
"SYNTH-20-33-1","Capture_3'_TCTGCCATCCGTCCTA-3","Tumor"
"SYNTH-20-33-1","Capture_5'_GGCAATTGTGGAAAGA-3","Tumor"
"SYNTH-20-33-1","Capture_5'_ATTTCTGTCTCGGACG-1","Plasma Cells"
"SYNTH-20-33-1","Capture_5'_CTAGAGTAGACTACAA-1","T-cells"
"SYNTH-20-33-1","Capture_5'_GGTGTTACATTGCGGC-2","Luminal A"
"SYNTH-20-34-1","Capture_5'_CAAGATCTCCATGAAC-3","Tumor"
"SYNTH-20-34-1","Capture_5'_AGAATAGGTTATCCGA-4","T-cells"
"SYNTH-20-34-1","Capture_5'_GAACGGAAGGGATACC-4","Tumor"
"SYNTH-20-34-1","Capture_3'_AGCGTATAGTTCATCG-3","Tumor"
"SYNTH-20-34-1","Capture_3'_GGTAGAGCACACCGCA-4","Dividing Tumor"
"SYNTH-20-34-1","Capture_5'_TCGCGAGGTCCGAATT-2","Tumor"
"SYNTH-20-34-1","Capture_5'_ATGTGTGAGACTGTAA-4","Dividing Tumor"
"SYNTH-20-35-1","Capture_5'_CGGTTAATCGGTCTAA-2","Luminal A"
"SYNTH-20-35-1","Capture_5'_TCGGGACTCCGAGCCA-1","Luminal A"
"SYNTH-20-35-1","Capture_3'_CGCGTGAGTAGCTTAC-3","Endothelial Cells"
"SYNTH-20-35-1","Capture_3'_TACCTCGCAGGATGAC-2","Dividing Tumor"
"SYNTH-20-35-1","Capture_5'_ACCTTTAAGAGACTAT-3","T-cells"
"SYNTH-20-35-1","Capture_3'_AGATGAAAGGAACGAA-3","Tumor"
"SYNTH-20-35-1","Capture_5'_TTGACTTAGCTGCCCA-4","Tumor"
"SYNTH-20-35-1","Capture_5'_CAGCTGGGTACTCGCG-2","Tumor"
"SYNTH-20-35-1","Capture_5'_CACCTTGCAGGTCGTC-4","Tumor"
"SYNTH-20-35-1","Capture_5'_TTCTTAGCAGGACGTA-3","Tumor"
"SYNTH-20-36-1","Capture_3'_TTTAGTCCAGCTCGGT-4","Dividing Tumor"
"SYNTH-20-37-1","Capture_5'_CGCGTTTTCCGAGCCA-4","Dividing Tumor"
"SYNTH-20-37-1","Capture_5'_TGTGTTTAGCACAGGT-3","Plasma Cells"
"SYNTH-20-37-1","Capture_3'_GTCATTTGTTCGGTCG-1","Dividing Tumor"
"SYNTH-20-37-1","Capture_5'_ACTTTCAGTTACAGAA-3","Tumor"
"SYNTH-20-37-1","Capture_5'_CGATGTAGTTCTGAAC-1","Tumor"
"SYNTH-20-37-1","Capture_3'_GCATCGGGTAGACAGC-3","TAMs"
"SYNTH-20-38-1","Capture_5'_AACTCCCAGCCGCCTA-3","Tumor"
"SYNTH-20-38-1","Capture_5'_CGACTTCAGAGATGAG-3","Luminal A"
"SYNTH-20-38-1","Capture_5'_GAGCAGATCTCGGACG-2","B-cells"
"SYNTH-20-38-1","Capture_3'_CAGGGCTGTCTCCTGT-2","Dividing Tumor"
"SYNTH-20-38-1","Capture_3'_TTGAACGCAAGTAGTA-4","T-cells"
"SYNTH-20-38-1","Capture_5'_ACGAGGAGTTCTGTTT-3","Dividing Tumor"
"SYNTH-20-38-1","Capture_5'_ACGGGTCGTTCAACCA-3","Luminal A"
"SYNTH-20-38-1","Capture_3'_TACGTCCGTAGCTTGT-2","Fibroblasts"
"SYNTH-20-38-1","Capture_5'_GACTAACAGTTCCACA-2","Tumor"
"SYNTH-20-38-1","Capture_5'_CGCTATCAGATCACGG-2","Tumor"
"SYNTH-20-39-1","Capture_5'_CTGTGCTGTATGAATG-2","Tumor"
"SYNTH-20-39-1","Capture_5'_TGGTTCCGTAGGGTAC-3","Tumor"
"SYNTH-20-39-1","Capture_3'_GCGTTTCTCCCTTGTG-1","Dividing Tumor"
"SYNTH-20-39-1","Capture_3'_TTTAGTCGTATGAGGC-4","Dividing Tumor"
"SYNTH-20-39-1","Capture_5'_CACCTTGAGCTGCAAG-4","Dividing Tumor"
"SYNTH-20-39-1","Capture_5'_CACACTCCAGCTCGCA-1","TAMs"
"SYNTH-20-39-1","Capture_5'_GTGTGCGCAGACGTAG-3","Tumor"
"SYNTH-20-39-1","Capture_5'_GTGTTAGAGTGGAGAA-2","Tumor"
"SYNTH-20-39-1","Capture_5'_TAAACCGTCAACCAAC-4","Tumor"
"SYNTH-20-40-1","Capture_5'_CACACCTCACAGCCCA-3","Tumor"
"SYNTH-20-40-1","Capture_5'_GCGACCATCGGGAGTA-3","Dividing Tumor"
"SYNTH-20-41-1","Capture_5'_CTAGCCTAGATACACA-2","Dividing Tumor"
"SYNTH-20-41-1","Capture_5'_CATCGAACAATGTTGC-3","Tumor"
"SYNTH-20-41-1","Capture_3'_ACCCTTGAGGTTAAAC-3","T-cells"
"SYNTH-20-41-1","Capture_5'_TACTCATAGCCAGGAT-4","Endothelial Cells"
"SYNTH-20-41-1","Capture_5'_TACTTGTCAGCGTCCA-3","Dividing Tumor"
"SYNTH-20-41-1","Capture_3'_TCGGGCATCTAGTGTG-3","Tumor"
"SYNTH-20-42-1","Capture_5'_GGGAATGAGTATTGGA-4","T-cells"
"SYNTH-20-42-1","Capture_5'_GGAACTTAGGCGACAT-4","Fibroblasts"
"SYNTH-20-42-1","Capture_5'_CAAGGCCAGGCTAGGT-4","T-cells"
"SYNTH-20-42-1","Capture_3'_GTAATCGGTACCGGAA-4","T-cells"
"SYNTH-20-42-1","Capture_3'_AGTAGTCTCTGTGCTC-4","T-cells"
"SYNTH-20-43-1","Capture_3'_CTTCCTTTCGCCAGTG-3","Dividing Tumor"
"SYNTH-20-43-1","Capture_5'_GGACGTCAGTTGTAGA-4","Tumor"
"SYNTH-20-44-1","Capture_3'_GAATCGTGTGTGCTTA-2","Dividing Tumor"
"SYNTH-20-45-1","Capture_5'_AGAGCGACATATGCTG-4","Tumor"
"SYNTH-20-45-1","Capture_5'_GGGAGATTCATATCGG-2","Dividing Tumor"
"SYNTH-20-45-1","Capture_3'_CGGACACAGCAAACAT-3","T-cells"
"SYNTH-20-45-1","Capture_3'_CGGAACCTCACTCCGT-3","Dividing Tumor"
"SYNTH-20-45-1","Capture_5'_GCCTCTAAGTACGCCC-4","T-cells"
"SYNTH-20-45-1","Capture_3'_GGGATCCTCTTCGTGC-1","TAMs"
"SYNTH-20-45-1","Capture_3'_CGGAATTGTCATGGCC-2","Dividing Tumor"
"SYNTH-20-46-1","Capture_5'_ACAGCCGTCTCGTATT-4","Tumor"
"SYNTH-20-46-1","Capture_5'_CGAACATAGGTACTCT-4","Fibroblasts"
"SYNTH-20-46-1","Capture_5'_ACCGTAACATTAGGCT-3","T-cells"
"SYNTH-20-46-1","Capture_5'_TGTTCCGGTGTTCGAT-4","Tumor"
"SYNTH-20-46-1","Capture_5'_TTGGAACGTGAGGGAG-1","Tumor"
"SYNTH-20-46-1","Capture_5'_TGGGCGTCATTACCTT-3","Tumor"
"SYNTH-20-47-1","Capture_3'_CATGGTAGTGGACTGA-1","Myoepithelial Cells"
"SYNTH-20-47-1","Capture_5'_CGGGTCATCGCCATAA-3","Tumor"
"SYNTH-20-47-1","Capture_5'_ACTTGTTTCTGCGACG-4","T-cells"
"SYNTH-20-47-1","Capture_3'_TGACGCGTCACCTCGT-1","Tumor"
"SYNTH-20-47-1","Capture_5'_ACTGTCCAGGAGTTTA-4","Dividing Tumor"
"SYNTH-20-47-1","Capture_5'_TTTCCTCCATATGCTG-3","Ciliated Cells"
"SYNTH-20-47-1","Capture_5'_ATAGACCTCTTGTACT-4","Dividing Tumor"
"SYNTH-20-47-1","Capture_3'_GAGTCATTCAGCGGAA-1","Tumor"
"SYNTH-20-48-1","Capture_3'_GTTAGACCAAGAAATC-3","Tumor"
"SYNTH-20-48-1","Capture_5'_GCAATCATCCGTTGTC-3","TAMs"
"SYNTH-20-48-1","Capture_3'_AAGTCGTTCTCTCTAA-4","Tumor"
"SYNTH-20-48-1","Capture_3'_GGTTCTCGTCTTGCTC-2","T-cells"
"SYNTH-20-48-1","Capture_3'_GCTGCAGTCGGAGTGA-4","Tumor"
"SYNTH-20-49-1","Capture_3'_CTGTAGAAGATGTTGA-1","Tumor"
"SYNTH-20-49-1","Capture_5'_AGCTCCTTCGGTTAAC-1","Luminal A"
"SYNTH-20-49-1","Capture_3'_TTTCATGGTGTATTCG-4","Tumor"
"SYNTH-20-49-1","Capture_5'_CAGTAACTCGTACCGG-4","Dividing Tumor"
"SYNTH-20-49-1","Capture_5'_AACCATGTCATCACCC-4","Tumor"
"SYNTH-20-49-1","Capture_3'_AGGCATTCAGAATGTA-2","Tumor"
"SYNTH-20-49-1","Capture_3'_GTGCGTGCAATAAGGT-1","T-cells"
"SYNTH-20-49-1","Capture_3'_TGACAGTTCAATGCAC-1","Tumor"
"SYNTH-20-49-1","Capture_5'_GATGAGGAGCGCCTCA-3","Tumor"
"SYNTH-20-50-1","Capture_3'_AACCTGACATGCTGCG-3","Tumor"
"SYNTH-20-50-1","Capture_5'_CGTCTACGTATGGTTC-3","T-cells"
"SYNTH-20-50-1","Capture_5'_GGACATTTCTGACCTC-2","Tumor"
"SYNTH-20-50-1","Capture_3'_CATGAGTCAATCCAGT-3","Luminal A"
"SYNTH-21-1-1","Capture_5'_GTTAAGCAGGAGTTGC-4","Dividing Tumor"
"SYNTH-21-1-1","Capture_5'_TAAGCGTAGAGACTTA-3","Endothelial Cells"
"SYNTH-21-1-1","Capture_5'_AGATTGCCATTTGCCC-3","Tumor"
"SYNTH-21-2-1","Capture_3'_CTGAGGCGTAGCTAAA-2","Dividing Tumor"
"SYNTH-21-2-1","Capture_3'_GTGATGTCAACGTTAC-2","T-cells"
"SYNTH-21-2-1","Capture_5'_GATCGATAGGTGGGTT-2","Luminal A"
"SYNTH-21-2-1","Capture_5'_AAGTCTGGTCACACGC-4","Tumor"
"SYNTH-21-3-1","Capture_3'_CGATGCGGTGGCTGCT-3","T-cells"
"SYNTH-21-3-1","Capture_5'_GTACTCCTCGCCAGCA-4","Tumor"
"SYNTH-21-3-1","Capture_3'_CCTAAGACATGACGGA-4","Dividing Tumor"
"SYNTH-21-3-1","Capture_5'_TGCCCTATCGCATGGC-3","Tumor"
"SYNTH-21-3-1","Capture_5'_ATCGAGTTCAGAGCTT-4","Tumor"
"SYNTH-21-4-1","Capture_5'_GCGCCAACATGGTTGT-2","Tumor"
"SYNTH-21-4-1","Capture_5'_CCTATTACATTAACCG-3","T-cells"
"SYNTH-21-4-1","Capture_5'_AGAATAGCAGGAACGT-2","TAMs"
"SYNTH-21-4-1","Capture_3'_TGCGGGTTCCTTCACG-2","T-cells"
"SYNTH-21-5-1","Capture_5'_TCAGGTAAGACAGACC-2","Tumor"
"SYNTH-21-5-1","Capture_5'_AGCCTAAGTAACGACG-2","Tumor"
"SYNTH-21-5-1","Capture_3'_GGGATGATCTGCGGGT-4","Tumor"
"SYNTH-21-5-1","Capture_5'_GTCATTTCACTATCTT-3","Dividing Tumor"
"SYNTH-21-5-1","Capture_5'_GAATAAGCAGTTTACG-1","Tumor"
"SYNTH-21-5-1","Capture_5'_TATCAGGTCAACGCTA-3","Fibroblasts"
"SYNTH-21-6-1","Capture_5'_TGTCCCACACCAGGTC-1","Tumor"
"SYNTH-21-6-1","Capture_5'_GCCAAATCAAGGACTG-4","Endothelial Cells"
"SYNTH-21-6-1","Capture_5'_ACCCACTTCCTAGGGC-1","T-cells"
"SYNTH-21-6-1","Capture_5'_TCAGATGTCTACTCAT-4","T-cells"
"SYNTH-21-6-1","Capture_5'_AACACGTAGTTCGCGC-1","Tumor"
"SYNTH-21-6-1","Capture_5'_TACCTTATCCAAACAC-1","Tumor"
"SYNTH-21-6-1","Capture_5'_CTTTGCGGTTTAGGAA-4","Tumor"
"SYNTH-21-7-1","Capture_3'_TCGTAGATCTATTGTC-1","Luminal B"
"SYNTH-21-7-1","Capture_5'_TTTCCTCGTCGCCATG-3","Tumor"
"SYNTH-21-7-1","Capture_5'_CAGAATCTCGTTGCCT-1","Dividing Tumor"
"SYNTH-21-7-1","Capture_3'_ACGGAAGCAAAGGGCT-2","Dividing Tumor"
"SYNTH-21-7-1","Capture_5'_TATCAGGCAGGGAGAG-2","Tumor"
"SYNTH-21-7-1","Capture_5'_CACATTTGTAGTGAAT-4","Dividing Tumor"
"SYNTH-21-7-1","Capture_5'_CAAGTTGGTAAATACG-1","Tumor"
"SYNTH-21-7-1","Capture_5'_CCTAGCTGTGGTGTAG-4","Tumor"
"SYNTH-21-7-1","Capture_5'_GATCGATAGATCCCGC-1","T-cells"
"SYNTH-21-7-1","Capture_5'_TGCGCAGTCTTTCCTC-1","Dividing Tumor"
"SYNTH-21-8-1","Capture_5'_GAACCTAAGGTGACCA-3","Tumor"
"SYNTH-21-8-1","Capture_5'_CATCAAGTCCCTAACC-2","Tumor"
"SYNTH-21-8-1","Capture_5'_CAGCTGGTCGGGAGTA-3","Dividing Tumor"
"SYNTH-21-8-1","Capture_5'_AAAGATGAGCTAGCCC-4","Dividing Tumor"
"SYNTH-21-8-1","Capture_5'_AGCGTATCATTGAGCT-3","Luminal A"
"SYNTH-21-9-1","Capture_5'_TAGGCATTCAACCAAC-2","Tumor"
"SYNTH-21-9-1","Capture_5'_ACCGTAAGTGCTTCTC-3","Dividing Tumor"
"SYNTH-21-9-1","Capture_5'_CAAGGCCGTCTTGTCC-1","TAMs"
"SYNTH-21-10-1","Capture_5'_CTTACCGAGCACCGTC-3","Ciliated Cells"
"SYNTH-21-10-1","Capture_5'_CAGGTGCCATGATCCA-2","Dividing Tumor"
"SYNTH-21-10-1","Capture_3'_CTCACTGAGCCTGTCG-2","Dividing Tumor"
"SYNTH-21-11-1","Capture_3'_AGGGCTCAGAGCATCG-4","Dividing Tumor"
"SYNTH-21-11-1","Capture_5'_GAATGAAGTAGCGTCC-1","Dividing Tumor"
"SYNTH-21-11-1","Capture_5'_CGCTTCACAGTCACTA-2","Tumor"
"SYNTH-21-11-1","Capture_5'_CGTCAGGTCCTTTCGG-2","Dividing Tumor"
"SYNTH-21-11-1","Capture_5'_TGAGAGGAGGGTCGAT-2","Tumor"
"SYNTH-21-11-1","Capture_5'_TGCACCTAGAAACGAG-3","Tumor"
"SYNTH-21-11-1","Capture_5'_AATCCAGCAGTTCATG-3","Dividing Tumor"
"SYNTH-21-11-1","Capture_5'_CTCACACTCAACCAAC-4","Dividing Tumor"
"SYNTH-21-11-1","Capture_5'_ACTGCTCAGCCACCTG-4","Dividing Tumor"
"SYNTH-21-11-1","Capture_5'_CCAGCGATCCGTACAA-4","Dividing Tumor"
"SYNTH-21-12-1","Capture_3'_TACAGGTCAGAGAATT-4","Tumor"
"SYNTH-21-12-1","Capture_5'_GCCAAATCAAGACGTG-2","TAMs"
"SYNTH-21-12-1","Capture_5'_GCTCTGTGTTCGCTAA-1","Dividing Tumor"
"SYNTH-21-13-1","Capture_5'_ACTTTCATCATTGCCC-1","T-cells"
"SYNTH-21-13-1","Capture_5'_CAGCATAGTATGAATG-4","Plasma Cells"
"SYNTH-21-13-1","Capture_5'_ATTGGTGGTAAGGGAA-2","TAMs"
"SYNTH-21-13-1","Capture_5'_CAACTAGAGGCTCAGA-4","Tumor"
"SYNTH-21-13-1","Capture_5'_ATGTGTGAGACTGTAA-4","Dividing Tumor"
"SYNTH-21-13-1","Capture_3'_ACTATGGCATGGGTTT-3","Dividing Tumor"
"SYNTH-21-13-1","Capture_5'_TGCCAAAAGCGTAATA-4","Luminal A"
"SYNTH-21-13-1","Capture_5'_AGTAGTCAGGCCCGTT-2","Dividing Tumor"
"SYNTH-21-14-1","Capture_3'_TGTGAGTGTGAATTAG-2","Tumor"
"SYNTH-21-14-1","Capture_5'_ACATGGTCAGGCTGAA-2","Tumor"
"SYNTH-21-14-1","Capture_5'_CGATTGACACCAACCG-2","Tumor"
"SYNTH-21-14-1","Capture_5'_TGAGGGACATGCAATC-1","Tumor"
"SYNTH-21-14-1","Capture_5'_AGAATAGGTTTGTTTC-3","Luminal A"
"SYNTH-21-15-1","Capture_3'_TCCAGAACAACACAAA-2","Dividing Tumor"
"SYNTH-21-15-1","Capture_5'_TGCCCTATCCCAACGG-1","Dividing Tumor"
"SYNTH-21-15-1","Capture_3'_TTTCAGTTCCGAACGC-1","Tumor"
"SYNTH-21-16-1","Capture_3'_AGGCATTCATCTGGGC-3","Fibroblasts"
"SYNTH-21-16-1","Capture_5'_ACTGAGTCATGAAGTA-4","Dividing Tumor"
"SYNTH-21-16-1","Capture_5'_TGTCCCAGTGTTAAGA-2","Tumor"
"SYNTH-21-16-1","Capture_5'_CAAGTTGTCCTCTAGC-4","Tumor"
"SYNTH-21-16-1","Capture_5'_CGGACACCACACTGCG-3","Tumor"
"SYNTH-21-16-1","Capture_5'_TCTCATAAGCGTCAAG-3","Dividing Tumor"
"SYNTH-21-16-1","Capture_5'_CGAGCCAAGTAAGTAC-1","Plasma Cells"
"SYNTH-21-16-1","Capture_5'_CTGCCTAGTTACAGAA-3","Dividing Tumor"
"SYNTH-21-16-1","Capture_3'_TTATTGCCACCAACAT-3","Tumor"
"SYNTH-21-17-1","Capture_5'_CTTCTCTGTAATCGTC-3","Fibroblasts"
"SYNTH-21-17-1","Capture_5'_CGCTATCTCCAGATCA-4","Tumor"
"SYNTH-21-17-1","Capture_5'_TGTGTTTTCTTGAGGT-4","Tumor"
"SYNTH-21-17-1","Capture_5'_TACGGTATCATACGGT-2","Myoepithelial Cells"
"SYNTH-21-18-1","Capture_5'_GGATGTTGTGAGCGAT-3","Tumor"
"SYNTH-21-18-1","Capture_3'_CCTAACCCATAGAAAC-2","Tumor"
"SYNTH-21-18-1","Capture_5'_GGCAATTGTTTGTTTC-1","Luminal A"
"SYNTH-21-18-1","Capture_5'_CGAGCCAAGTTCCACA-4","Dividing Tumor"
"SYNTH-21-18-1","Capture_3'_CTATCCGAGCATCGAG-3","Tumor"
"SYNTH-21-18-1","Capture_3'_CTGAGGCAGCCATATC-4","Luminal A"
"SYNTH-21-18-1","Capture_5'_ACGGCCATCTAACGGT-2","Tumor"
"SYNTH-21-18-1","Capture_5'_TCAACGAAGTAATCCC-4","Dividing Tumor"
"SYNTH-21-19-1","Capture_3'_TCGTGCTGTCAAGGCA-4","Dividing Tumor"
"SYNTH-21-19-1","Capture_5'_TCTGGAACATCCGCGA-2","Dividing Tumor"
"SYNTH-21-19-1","Capture_3'_CTCAATTAGGATGGCT-2","Tumor"
"SYNTH-21-19-1","Capture_5'_GAGGTGATCCCAAGAT-2","T-cells"
"SYNTH-21-19-1","Capture_5'_CGAACATAGGAATTAC-2","Tumor"
"SYNTH-21-19-1","Capture_3'_ATTACCTGTTCGTTCC-1","Endothelial Cells"
"SYNTH-21-20-1","Capture_5'_TGAGCATCAAGCGCTC-2","Tumor"
"SYNTH-21-20-1","Capture_5'_TCCACACGTAAATGAC-4","Luminal A"
"SYNTH-21-21-1","Capture_3'_GCGGATCCACCATATG-3","T-cells"
"SYNTH-21-21-1","Capture_5'_CCATTCGTCTGAGTGT-1","Luminal B"
"SYNTH-21-22-1","Capture_5'_ACGATACAGATAGTCA-4","T-cells"
"SYNTH-21-22-1","Capture_5'_CGTCACTTCAGAAATG-4","Tumor"
"SYNTH-21-23-1","Capture_5'_TCATTACTCAGGTTCA-4","Dividing Tumor"
"SYNTH-21-23-1","Capture_5'_CTAAGACCAGCTGTAT-3","Tumor"
"SYNTH-21-23-1","Capture_5'_TTGCCGTGTCCCTACT-3","Tumor"
"SYNTH-21-23-1","Capture_5'_TAGTGGTCATAGGATA-4","T-cells"
"SYNTH-21-23-1","Capture_5'_AGTGGGACAGCCAGAA-2","Luminal B"
"SYNTH-21-24-1","Capture_3'_AGCGTCGAGGGACACT-4","Luminal A"
"SYNTH-21-24-1","Capture_3'_GAAACCTCAGTTTCGA-4","Dividing Tumor"
"SYNTH-21-24-1","Capture_5'_TAAGTGCCAGGGTATG-4","Luminal A"
"SYNTH-21-24-1","Capture_3'_TTGTTGTTCTCTCGCA-4","Tumor"
"SYNTH-21-24-1","Capture_3'_ACTGTGAGTCAAATCC-4","Dividing Tumor"
"SYNTH-21-24-1","Capture_3'_GTGGGAAAGATTGATG-2","T-cells"
"SYNTH-21-24-1","Capture_5'_AACACGTGTTGATTCG-3","TAMs"
"SYNTH-21-25-1","Capture_3'_AGGGCCTCATTGTAGC-2","Tumor"
"SYNTH-21-26-1","Capture_5'_TCATTTGCAGGATTGG-1","Dividing Tumor"
"SYNTH-21-26-1","Capture_5'_CAAGAAAGTCAAAGAT-3","T-cells"
"SYNTH-21-26-1","Capture_5'_GACCTGGAGCGCTCCA-1","Luminal A"
"SYNTH-21-26-1","Capture_5'_TCATTACTCAGGTTCA-4","Dividing Tumor"
"SYNTH-21-26-1","Capture_5'_GCTTGAAAGATACACA-2","Dividing Tumor"
"SYNTH-21-27-1","Capture_5'_CTAACTTCAGACGCTC-2","Tumor"
"SYNTH-21-27-1","Capture_5'_CAGGTGCCATCCAACA-3","T-cells"
"SYNTH-21-27-1","Capture_5'_CACATTTCAGACTCGC-4","Tumor"
"SYNTH-21-28-1","Capture_5'_GGGTCTGAGCCCAATT-4","T-cells"
"SYNTH-21-29-1","Capture_5'_CTCTACGAGCTGGAAC-1","Endothelial Cells"
"SYNTH-21-29-1","Capture_5'_GGAACTTGTTGGTTTG-3","Tumor"
"SYNTH-21-29-1","Capture_5'_CCAGCGAGTCTCCATC-2","Tumor"
"SYNTH-21-29-1","Capture_5'_GTAGTCAAGCGCTTAT-3","Dividing Tumor"
"SYNTH-21-29-1","Capture_5'_CACCACTTCACCACCT-3","Tumor"
"SYNTH-21-29-1","Capture_5'_CAACCTCCAGGGATTG-3","Luminal B"
"SYNTH-21-29-1","Capture_3'_GTTCCGTAGATGTTCC-3","Tumor"
"SYNTH-21-29-1","Capture_5'_AACGTTGGTTGTACAC-2","Tumor"
"SYNTH-21-30-1","Capture_5'_CGAGCCAAGACCTTTG-2","Tumor"
"SYNTH-21-30-1","Capture_5'_CACATTTTCAGCGACC-4","Dividing Tumor"
"SYNTH-21-30-1","Capture_3'_CATAAGCAGTATGACA-3","T-cells"
"SYNTH-21-30-1","Capture_5'_CTACCCATCTGGGCCA-4","Luminal B"
"SYNTH-21-30-1","Capture_5'_ACTTACTTCGTTGACA-3","Tumor"
"SYNTH-21-30-1","Capture_5'_GACGGCTAGGGCTCTC-2","Dividing Tumor"
"SYNTH-21-30-1","Capture_5'_GGCTGGTTCGTAGGAG-3","Tumor"
"SYNTH-21-30-1","Capture_5'_CGTCTACTCCATGAAC-3","T-cells"
"SYNTH-21-31-1","Capture_5'_TTTGGTTCACTAAGTC-3","Tumor"
"SYNTH-21-31-1","Capture_5'_CGTGAGCAGGCATTGG-4","Tumor"
"SYNTH-21-31-1","Capture_5'_CATCAAGCATGGTCAT-3","Tumor"
"SYNTH-21-31-1","Capture_5'_CCTACACAGATCTGAA-3","Dividing Tumor"
"SYNTH-21-32-1","Capture_5'_CTCTACGTCTTGTCAT-3","Tumor"
"SYNTH-21-32-1","Capture_3'_CATACAGTCGCTATTT-4","Fibroblasts"
"SYNTH-21-32-1","Capture_5'_GTACTTTCATAAGACA-4","Dividing Tumor"
"SYNTH-21-32-1","Capture_5'_GCTGCGAGTTCTGTTT-3","T-cells"
"SYNTH-21-32-1","Capture_5'_CATATTCAGCCCAGCT-2","Dividing Tumor"
"SYNTH-21-33-1","Capture_3'_GAACACTGTCTGATCA-3","Tumor"
"SYNTH-21-33-1","Capture_3'_AGGTGTTAGTAGATCA-2","T-cells"
"SYNTH-21-34-1","Capture_5'_TCGTAGAAGCAGCGTA-1","Dividing Tumor"
"SYNTH-21-34-1","Capture_3'_TCATCCGAGACAGCTG-2","Tumor"
"SYNTH-21-34-1","Capture_5'_CATTATCAGATCACGG-2","T-cells"
"SYNTH-21-34-1","Capture_5'_CATTCGCTCGTTTGCC-1","Tumor"
"SYNTH-21-35-1","Capture_5'_ATGAGGGAGAGTGACC-3","Luminal A"
"SYNTH-21-35-1","Capture_5'_CATCCACGTAAGGATT-3","Tumor"
"SYNTH-21-36-1","Capture_5'_CGTGTAACAGGCAGTA-4","Tumor"
"SYNTH-21-36-1","Capture_5'_CGTCCATGTAGTACCT-4","T-cells"
"SYNTH-21-36-1","Capture_3'_AAGCGTTTCACTCCGT-1","Dividing Tumor"
"SYNTH-21-36-1","Capture_5'_AACTGGTCATCGACGC-4","B-cells"
"SYNTH-21-36-1","Capture_5'_TGGGAAGCATCGGACC-2","Tumor"
"SYNTH-21-36-1","Capture_5'_CGGTTAACACATGACT-2","Tumor"
"SYNTH-21-36-1","Capture_3'_CCTCCAAGTGGAAATT-2","T-cells"
"SYNTH-21-36-1","Capture_5'_TTATGCTGTGTGAAAT-1","T-cells"
"SYNTH-21-37-1","Capture_5'_CATCGAATCATCGCTC-4","Tumor"
"SYNTH-21-37-1","Capture_5'_AACTTTCAGTCAATAG-3","T-cells"
"SYNTH-21-37-1","Capture_3'_ATCAGGTAGTCCCTAA-4","T-cells"
"SYNTH-21-37-1","Capture_5'_GGTGCGTAGGCATGTG-2","Luminal A"
"SYNTH-21-37-1","Capture_5'_TCTATTGAGTGGGATC-2","Tumor"
"SYNTH-21-37-1","Capture_5'_GGGATGATCTGCTGTC-3","Dividing Tumor"
"SYNTH-21-38-1","Capture_3'_GATGCTAGTGAGATAT-1","Tumor"
"SYNTH-21-38-1","Capture_5'_GATCTAGTCGACGGAA-3","Dividing Tumor"
"SYNTH-21-38-1","Capture_3'_GTCAAGTAGAGAGTTT-2","Tumor"
"SYNTH-21-39-1","Capture_5'_TGGGAAGTCTGTTTGT-4","Dividing Tumor"
"SYNTH-21-39-1","Capture_3'_CAGGCCATCCAAGCTA-1","T-cells"
"SYNTH-21-39-1","Capture_5'_TACACGACAATTGCTG-2","Tumor"
"SYNTH-21-39-1","Capture_5'_AAGGCAGTCCGTCAAA-2","Tumor"
"SYNTH-21-40-1","Capture_3'_CGAGAAGAGTGCACAG-1","Tumor"
"SYNTH-21-40-1","Capture_5'_CAGCAGCCAAGTACCT-4","T-cells"
"SYNTH-21-40-1","Capture_5'_TACACGAGTGTTTGGT-2","Myoepithelial Cells"
"SYNTH-21-40-1","Capture_5'_TCATTTGTCTGGCGTG-4","T-cells"
"SYNTH-21-40-1","Capture_5'_ACGATACAGGTGGGTT-3","Tumor"
"SYNTH-21-40-1","Capture_5'_TCGCGAGAGTCAAGCG-1","T-cells"
"SYNTH-21-41-1","Capture_5'_TTAGGCAAGCGTTCCG-2","Endothelial Cells"
"SYNTH-21-41-1","Capture_3'_AAACCCAAGCAAACAT-4","Tumor"
"SYNTH-21-41-1","Capture_3'_TCTTTGATCTCCATAT-4","T-cells"
"SYNTH-21-41-1","Capture_5'_TACGGTAGTGTTCGAT-2","Tumor"
"SYNTH-21-42-1","Capture_5'_ATTATCCAGTCACGCC-2","Dividing Tumor"
"SYNTH-21-43-1","Capture_5'_GCGCCAAGTACCTACA-2","Tumor"
"SYNTH-21-43-1","Capture_5'_CAACTAGCATACTACG-2","Tumor"
"SYNTH-21-44-1","Capture_5'_TCCCGATAGTCGTACT-4","Tumor"
"SYNTH-21-44-1","Capture_5'_ATCCACCAGCATCATC-1","Tumor"
"SYNTH-21-44-1","Capture_3'_CGTGATATCTCACCCA-2","Tumor"
"SYNTH-21-44-1","Capture_3'_ACTGTGAAGCACGGAT-3","Tumor"
"SYNTH-21-45-1","Capture_3'_GAGAGGTCAGGAGGTT-3","Tumor"
"SYNTH-21-45-1","Capture_3'_ACTGTGAGTCAAATCC-4","Dividing Tumor"
"SYNTH-21-45-1","Capture_5'_CGAACATGTGTCCTCT-2","Tumor"
"SYNTH-21-46-1","Capture_5'_TACGGGCTCATGCAAC-3","T-cells"
"SYNTH-21-46-1","Capture_3'_CTTACCGCATCTCATT-3","Tumor"
"SYNTH-21-46-1","Capture_5'_CATGCCTGTCAGAGGT-4","Dividing Tumor"
"SYNTH-21-47-1","Capture_5'_CGGTTAAAGAGTCGGT-2","Tumor"
"SYNTH-21-47-1","Capture_3'_CACTGTCTCCGCGAGT-3","Luminal A"
"SYNTH-21-47-1","Capture_5'_GTTCATTTCGCAAGCC-2","Tumor"
"SYNTH-21-47-1","Capture_5'_TCTATTGAGTGGGATC-2","Tumor"
"SYNTH-21-47-1","Capture_5'_CCGTTCATCCATGAAC-3","Dividing Tumor"
"SYNTH-21-47-1","Capture_3'_AACCCAATCCGGCAGT-2","Dividing Tumor"
"SYNTH-21-48-1","Capture_3'_GCGAGAAAGGCGTCCT-3","Tumor"
"SYNTH-21-48-1","Capture_3'_CTACGGGCACTCTGCT-2","Luminal A"
"SYNTH-21-48-1","Capture_5'_TCTGGAACAAGTCATC-4","Tumor"
"SYNTH-21-48-1","Capture_5'_AGGTCCGAGTGATCGG-4","Dividing Tumor"
"SYNTH-21-48-1","Capture_5'_CAAGAAACAGACGCCT-4","B-cells"
"SYNTH-21-48-1","Capture_5'_TGGTTAGAGAACTGTA-2","TAMs"
"SYNTH-21-48-1","Capture_5'_CGAGCCAAGCGGCTTC-1","T-cells"
"SYNTH-21-48-1","Capture_3'_TGATGCAGTCCAGCGT-3","Tumor"
"SYNTH-21-48-1","Capture_3'_TCTTTGATCTGATTCT-3","Dividing Tumor"
"SYNTH-21-48-1","Capture_5'_TCGTACCTCCTTAATC-3","T-cells"
"SYNTH-21-49-1","Capture_5'_AACTCAGGTATTAGCC-3","Dividing Tumor"
"SYNTH-21-49-1","Capture_5'_TCATTACTCTCTGCTG-3","Tumor"
"SYNTH-21-49-1","Capture_5'_GACCAATGTAAACGCG-3","Tumor"
"SYNTH-21-50-1","Capture_5'_GCAGTTAAGCGTGTCC-2","Tumor"
"SYNTH-21-50-1","Capture_5'_TCTTTCCCACTGTTAG-4","Dividing Tumor"
"SYNTH-21-50-1","Capture_3'_GCAGCCATCTGTGTGA-1","T-cells"
"SYNTH-22-1-1","Capture_5'_ATGTGTGAGGCAGGTT-2","Dividing Tumor"
"SYNTH-22-1-1","Capture_5'_CACCACTAGGATGTAT-4","Dividing Tumor"
"SYNTH-22-1-1","Capture_5'_CTAATGGGTGCTTCTC-2","Tumor"
"SYNTH-22-2-1","Capture_3'_GTGAGCCGTCTGTGAT-1","Dividing Tumor"
"SYNTH-22-2-1","Capture_5'_CTGTGCTGTCCGTGAC-1","Endothelial Cells"
"SYNTH-22-2-1","Capture_3'_GAAGGGTTCCACAGGC-3","Dividing Tumor"
"SYNTH-22-2-1","Capture_3'_GCTTCACTCAGCCCAG-3","Dividing Tumor"
"SYNTH-22-2-1","Capture_5'_TAGACCATCCGTTGCT-2","Endothelial Cells"
"SYNTH-22-3-1","Capture_5'_TCTTCGGGTTAGTGGG-2","Tumor"
"SYNTH-22-3-1","Capture_3'_GTCATTTCAAAGGGTC-3","Dividing Tumor"
"SYNTH-22-3-1","Capture_5'_GACGTGCCAGCTGTTA-4","T-cells"
"SYNTH-22-3-1","Capture_3'_GAATCACAGGTTGCCC-2","Tumor"
"SYNTH-22-3-1","Capture_5'_CAGTCCTGTACATGTC-4","Tumor"
"SYNTH-22-4-1","Capture_5'_TCATTTGCAGGGTTAG-1","Dividing Tumor"
"SYNTH-22-4-1","Capture_5'_CGTTGGGTCCCTTGCA-4","TAMs"
"SYNTH-22-4-1","Capture_3'_GGCACGTAGTAAACGT-3","Tumor"
"SYNTH-22-4-1","Capture_5'_GATCAGTAGTAATCCC-4","Plasma Cells"
"SYNTH-22-4-1","Capture_5'_GTTACAGCACACCGCA-2","Tumor"
"SYNTH-22-4-1","Capture_5'_AGCGTCGCAAGAAGAG-3","Tumor"
"SYNTH-22-4-1","Capture_5'_TCGTAGAAGCAGCGTA-1","Dividing Tumor"
"SYNTH-22-4-1","Capture_5'_TAAGAGAGTTTACTCT-4","Dividing Tumor"
"SYNTH-22-5-1","Capture_3'_AGCCAATCAAGCAGGT-3","Tumor"
"SYNTH-22-5-1","Capture_5'_CGGAGTCGTTGGTAAA-1","Endothelial Cells"
"SYNTH-22-5-1","Capture_5'_GTATTCTAGTGTGGCA-2","T-cells"
"SYNTH-22-5-1","Capture_5'_CATCAGAGTAGCGCAA-4","T-cells"
"SYNTH-22-5-1","Capture_5'_CGAATGTCAAAGTCAA-4","Dividing Tumor"
"SYNTH-22-6-1","Capture_5'_CAGAGAGCACGGTGTC-4","Tumor"
"SYNTH-22-6-1","Capture_3'_TAACACGTCGGAGCAA-1","Tumor"
"SYNTH-22-7-1","Capture_3'_CATCAAGTCCGTATAG-1","T-cells"
"SYNTH-22-8-1","Capture_5'_AATCCAGCAAGAGTCG-3","Dividing Tumor"
"SYNTH-22-8-1","Capture_3'_TCCACGTAGCTTCTAG-4","Tumor"
"SYNTH-22-8-1","Capture_5'_GGGAGATCACATAACC-4","Tumor"
"SYNTH-22-8-1","Capture_3'_TTTCGATCACCAGTTA-3","Tumor"
"SYNTH-22-8-1","Capture_3'_CTAGGTAGTCTGTGGC-3","Tumor"
"SYNTH-22-8-1","Capture_5'_TCAGATGGTCAGAGGT-3","Luminal A"
"SYNTH-22-9-1","Capture_3'_AGGCTGCAGATCGCTT-2","Tumor"
"SYNTH-22-9-1","Capture_5'_GTTCATTGTTTGTTGG-2","TAMs"
"SYNTH-22-9-1","Capture_3'_AGGGTGATCGCCCAGA-3","T-cells"
"SYNTH-22-9-1","Capture_5'_ACGGGCTGTAGCGTGA-3","Tumor"
"SYNTH-22-10-1","Capture_5'_CAGAATCAGACAGGCT-2","Tumor"
"SYNTH-22-10-1","Capture_5'_CTGATCCGTAAGTAGT-1","T-cells"
"SYNTH-22-10-1","Capture_5'_CCTAGCTTCTCTAAGG-2","Tumor"
"SYNTH-22-10-1","Capture_5'_CACTCCAAGGCTCTTA-1","Luminal A"
"SYNTH-22-10-1","Capture_3'_AAGCATCAGTACGTCT-4","Dividing Tumor"
"SYNTH-22-10-1","Capture_5'_GTACTTTAGGTGTTAA-1","Tumor"
"SYNTH-22-10-1","Capture_5'_AACCATGCATGTTCCC-2","Tumor"
"SYNTH-22-11-1","Capture_5'_CTAGTGACACCATCCT-1","Dividing Tumor"
"SYNTH-22-11-1","Capture_5'_AACTCAGCATCTATGG-1","Tumor"
"SYNTH-22-12-1","Capture_5'_AGTAGTCTCGGTGTTA-3","Luminal B"
"SYNTH-22-12-1","Capture_5'_TTTGGTTCAAGTTCTG-3","Tumor"
"SYNTH-22-12-1","Capture_5'_AGTGGGACATTCACTT-2","Dividing Tumor"
"SYNTH-22-12-1","Capture_5'_ACGGAGATCTCGCTTG-1","Tumor"
"SYNTH-22-12-1","Capture_5'_TGCCCTAGTAGCGCAA-1","Dividing Tumor"
"SYNTH-22-12-1","Capture_5'_TAAGCGTTCGGACAAG-1","Luminal B"
"SYNTH-22-13-1","Capture_5'_CAAGGCCTCTGTTTGT-2","Dividing Tumor"
"SYNTH-22-13-1","Capture_3'_AACAAGAAGCGACCCT-4","Luminal A"
"SYNTH-22-13-1","Capture_3'_CGTCCATGTCACTTAG-3","Tumor"
"SYNTH-22-13-1","Capture_5'_GGACAAGGTATCACCA-3","T-cells"
"SYNTH-22-13-1","Capture_5'_ATAACGCTCTACCAGA-4","Dividing Tumor"
"SYNTH-22-13-1","Capture_5'_TCTGAGATCTCTAGGA-2","T-cells"
"SYNTH-22-13-1","Capture_3'_TAGACTGGTCTGATAC-4","Dividing Tumor"
"SYNTH-22-14-1","Capture_3'_TACCCACGTTGCGAAG-4","T-cells"
"SYNTH-22-14-1","Capture_5'_GCATGCGTCTTAGCCC-2","Tumor"
"SYNTH-22-14-1","Capture_5'_ACTTACTGTCTCCCTA-4","Tumor"
"SYNTH-22-14-1","Capture_5'_ACTTGTTCACATCCAA-3","Tumor"
"SYNTH-22-14-1","Capture_5'_GCATGCGCATGACATC-2","Dividing Tumor"
"SYNTH-22-14-1","Capture_5'_TTTGGTTAGTGGGCTA-1","T-cells"
"SYNTH-22-14-1","Capture_5'_TCTCATACAGTTTACG-3","Luminal A"
"SYNTH-22-14-1","Capture_5'_GGCTCGAAGTTTCCTT-1","T-cells"
"SYNTH-22-15-1","Capture_3'_TGAGCATCAGGCACTC-2","T-cells"
"SYNTH-22-15-1","Capture_5'_CGTGAGCTCAACGCTA-3","Dividing Tumor"
"SYNTH-22-16-1","Capture_5'_AAACGGGGTTGGTGGA-2","Dividing Tumor"
"SYNTH-22-16-1","Capture_5'_TCAGGATGTTTGACAC-4","Tumor"
"SYNTH-22-16-1","Capture_3'_TTTACCACAACGGCTC-3","Tumor"
"SYNTH-22-16-1","Capture_5'_CCTATTAGTTGGTGGA-1","Tumor"
"SYNTH-22-16-1","Capture_5'_CTCACACTCAACTCTT-3","Tumor"
"SYNTH-22-16-1","Capture_3'_TGAACGTCACTAACGT-2","Tumor"
"SYNTH-22-16-1","Capture_5'_ACATGGTTCGCCTGTT-3","T-cells"
"SYNTH-22-16-1","Capture_3'_GAATCACTCGTTTACT-3","Dividing Tumor"
"SYNTH-22-17-1","Capture_3'_CGTAATGGTCGAGATG-3","Dividing Tumor"
"SYNTH-22-17-1","Capture_5'_CAGCTGGCAACTGCTA-4","B-cells"
"SYNTH-22-17-1","Capture_3'_CAAAGAAGTCATGGCC-3","Tumor"
"SYNTH-22-17-1","Capture_5'_CCTTCGAGTAGCGTAG-3","Tumor"
"SYNTH-22-17-1","Capture_5'_TGAGCCGGTTCGGCAC-3","Tumor"
"SYNTH-22-18-1","Capture_5'_CTAGCCTTCAAACAAG-4","Dividing Tumor"
"SYNTH-22-18-1","Capture_5'_TTCGGTCAGGTGCTAG-1","Dividing Tumor"
"SYNTH-22-18-1","Capture_3'_CTCTCAGTCGTGGGAA-3","T-cells"
"SYNTH-22-18-1","Capture_5'_TTCTACAGTGAGTATA-1","Luminal A"
"SYNTH-22-18-1","Capture_5'_CTCCTAGAGAGTCTGG-3","Endothelial Cells"
"SYNTH-22-18-1","Capture_5'_GATCGTACATGGAATA-4","Tumor"
"SYNTH-22-18-1","Capture_5'_TCGGGACAGTCTCAAC-3","Dividing Tumor"
"SYNTH-22-19-1","Capture_3'_GGTCACGGTGGACCAA-1","Tumor"
"SYNTH-22-19-1","Capture_5'_TCTCTAACAAGTACCT-1","T-cells"
"SYNTH-22-19-1","Capture_5'_TGACGGCAGTAAGTAC-1","TAMs"
"SYNTH-22-19-1","Capture_3'_ATCACAGAGGTCGTGA-4","Tumor"
"SYNTH-22-19-1","Capture_5'_TGGGAAGAGTATTGGA-2","Tumor"
"SYNTH-22-19-1","Capture_5'_AGGGAGTGTGTTGGGA-3","Dividing Tumor"
"SYNTH-22-19-1","Capture_3'_CTACCTGGTGGCCACT-4","TAMs"
"SYNTH-22-19-1","Capture_3'_CTACGGGGTCGCATCG-2","B-cells"
"SYNTH-22-20-1","Capture_5'_GGCAATTAGGGATACC-1","Tumor"
"SYNTH-22-20-1","Capture_3'_GTAACCAAGCGGACAT-3","Dividing Tumor"
"SYNTH-22-20-1","Capture_3'_TCGACGGTCGCTAATG-4","Dividing Tumor"
"SYNTH-22-20-1","Capture_5'_CGATGGCGTCCAAGTT-3","Tumor"
"SYNTH-22-20-1","Capture_5'_AGTGAGGGTATATCCG-2","Dividing Tumor"
"SYNTH-22-20-1","Capture_5'_CGAGCCACAAGTTGTC-4","Dividing Tumor"
"SYNTH-22-20-1","Capture_5'_CATCGGGGTATTAGCC-1","Luminal A"
"SYNTH-22-20-1","Capture_5'_TTGTAGGCACGCATCG-3","Dividing Tumor"
"SYNTH-22-20-1","Capture_5'_CAGGTGCTCCCTCTTT-4","T-cells"
"SYNTH-22-20-1","Capture_5'_TGAAAGAAGGCCCGTT-2","Tumor"
"SYNTH-22-21-1","Capture_5'_TTGGAACCAACTTGAC-2","T-cells"
"SYNTH-22-22-1","Capture_5'_TATCAGGTCGTCACGG-3","Luminal A"
"SYNTH-22-22-1","Capture_5'_GTTCATTGTCTCTTAT-3","Dividing Tumor"
"SYNTH-22-23-1","Capture_5'_CAACCAAAGGTGATAT-4","Tumor"
"SYNTH-22-24-1","Capture_5'_CATCGGGTCGTGACAT-4","Tumor"
"SYNTH-22-24-1","Capture_5'_TATGCCCAGCTTATCG-4","Dividing Tumor"
"SYNTH-22-24-1","Capture_3'_GGGTGTCCAAGCTACT-3","T-cells"
"SYNTH-22-24-1","Capture_5'_CATGGCGGTTAAGAAC-3","Tumor"
"SYNTH-22-24-1","Capture_5'_CTGTGCTGTAGCAAAT-4","T-cells"
"SYNTH-22-24-1","Capture_5'_GCGCAGTCACCAGGCT-3","Tumor"
"SYNTH-22-25-1","Capture_5'_ACCAGTAAGTAGATGT-2","T-cells"
"SYNTH-22-25-1","Capture_3'_GTGTGATCAAGCCCAC-2","Tumor"
"SYNTH-22-25-1","Capture_3'_CCTCAACTCGGATACT-3","T-cells"
"SYNTH-22-25-1","Capture_3'_GCGGATCCAAGTATCC-4","T-cells"
"SYNTH-22-25-1","Capture_5'_AACTCCCGTGGTCCGT-2","Tumor"
"SYNTH-22-25-1","Capture_3'_GGTTAACAGGCGTTGA-2","Dividing Tumor"
"SYNTH-22-25-1","Capture_5'_AGGTCATCATATACGC-2","Tumor"
"SYNTH-22-25-1","Capture_5'_GCTTGAATCTGAGGGA-4","Dividing Tumor"
"SYNTH-22-25-1","Capture_5'_ACTATCTCACGACGAA-2","T-cells"
"SYNTH-22-26-1","Capture_5'_TTCTTAGCAGGACGTA-3","Tumor"
"SYNTH-22-27-1","Capture_5'_ACGTCAATCCATGCTC-4","Tumor"
"SYNTH-22-27-1","Capture_5'_TCGTAGATCTCCGGTT-3","Dividing Tumor"
"SYNTH-22-27-1","Capture_3'_ATTGGGTCATAGGTTC-2","Tumor"
"SYNTH-22-27-1","Capture_3'_TCAGCCTTCATTCCTA-2","Dividing Tumor"
"SYNTH-22-28-1","Capture_5'_GAACATCAGCTGAACG-4","Endothelial Cells"
"SYNTH-22-28-1","Capture_5'_CAGTCCTTCATCACCC-2","Luminal A"
"SYNTH-22-28-1","Capture_3'_CCTCCAACACAAGCCC-2","TAMs"
"SYNTH-22-28-1","Capture_3'_GTAGGAGAGTTGGGAC-1","T-cells"
"SYNTH-22-28-1","Capture_5'_GTCGGGTCAATCGGTT-4","Tumor"
"SYNTH-22-28-1","Capture_5'_CCATGTCCACAGCCCA-1","T-cells"
"SYNTH-22-29-1","Capture_5'_ACGAGCCTCTCCAACC-1","Tumor"
"SYNTH-22-29-1","Capture_5'_ATTTCTGGTTAAGTAG-4","Dividing Tumor"
"SYNTH-22-29-1","Capture_5'_CGTGTAAGTCTCTTAT-4","Dividing Tumor"
"SYNTH-22-29-1","Capture_5'_GGATTACAGTCGATAA-1","Luminal A"
"SYNTH-22-29-1","Capture_3'_CGGTCAGGTTACAGCT-2","Dividing Tumor"
"SYNTH-22-29-1","Capture_3'_GATCCCTTCAGCAATC-4","Dividing Tumor"
"SYNTH-22-29-1","Capture_5'_GCACATAAGTCGTTTG-2","Dividing Tumor"
"SYNTH-22-29-1","Capture_5'_CTCTAATTCTGGCGAC-3","Luminal A"
"SYNTH-22-30-1","Capture_3'_GGGATCCTCCCTATTA-2","Endothelial Cells"
"SYNTH-22-31-1","Capture_5'_TGGCGCAAGATGAGAG-3","Tumor"
"SYNTH-22-31-1","Capture_3'_CAGTGCGGTATCCCTC-4","Tumor"
"SYNTH-22-31-1","Capture_5'_ATCTGCCCAGGACGTA-2","Dividing Tumor"
"SYNTH-22-31-1","Capture_3'_CTGAGGCGTACTAAGA-2","TAMs"
"SYNTH-22-31-1","Capture_5'_GACGGCTCAAGAAGAG-4","Tumor"
"SYNTH-22-31-1","Capture_5'_GTAGTCATCACAGGCC-4","T-cells"
"SYNTH-22-31-1","Capture_5'_ACACCAAGTTGGACCC-4","Endothelial Cells"
"SYNTH-22-31-1","Capture_5'_ATGCGATCACGAGGTA-3","Tumor"
"SYNTH-22-31-1","Capture_5'_CTTCTCTCAGGCTGAA-2","Dividing Tumor"
"SYNTH-22-31-1","Capture_5'_CGCGTTTAGTCGCCGT-3","Tumor"
"SYNTH-22-32-1","Capture_5'_TGGCGCACACTTAAGC-2","Dividing Tumor"
"SYNTH-22-32-1","Capture_5'_GTCCTCAAGAAGGGTA-4","Tumor"
"SYNTH-22-32-1","Capture_5'_CAGTAACGTCCGCTGA-3","Dividing Tumor"
"SYNTH-22-32-1","Capture_3'_AGGTCTACACTACCCT-3","Tumor"
"SYNTH-22-32-1","Capture_5'_GGGATGATCTTCCTTC-3","Fibroblasts"
"SYNTH-22-32-1","Capture_5'_GCTTGAATCTTGAGGT-2","Tumor"
"SYNTH-22-32-1","Capture_3'_CGATGGCCAACCTATG-2","Luminal B"
"SYNTH-22-33-1","Capture_5'_TACGGGCAGAAACGAG-2","Tumor"
"SYNTH-22-33-1","Capture_3'_GTGGAAGTCTAGGAAA-4","T-cells"
"SYNTH-22-34-1","Capture_3'_AATGAAGCAGAGCGTA-4","Dividing Tumor"
"SYNTH-22-34-1","Capture_5'_CATTCGCTCATCATTC-4","B-cells"
"SYNTH-22-34-1","Capture_5'_AACCATGTCAGTGTTG-2","Dividing Tumor"
"SYNTH-22-35-1","Capture_3'_TGCGGGTTCACTCCGT-1","Tumor"
"SYNTH-22-36-1","Capture_5'_GATCGCGTCTTCCTTC-4","Tumor"
"SYNTH-22-36-1","Capture_5'_GCAATCATCCAGAGGA-1","T-cells"
"SYNTH-22-36-1","Capture_5'_TACGGATGTGTTCTTT-2","Dividing Tumor"
"SYNTH-22-36-1","Capture_5'_GTCGTAATCGGCTACG-2","Dividing Tumor"
"SYNTH-22-37-1","Capture_5'_TGGCTGGGTAGGCATG-4","Dividing Tumor"
"SYNTH-22-37-1","Capture_3'_CTCCGATCACTATCCC-3","Dividing Tumor"
"SYNTH-22-37-1","Capture_5'_TCTGAGATCATCACCC-3","Tumor"
"SYNTH-22-37-1","Capture_5'_GCGAGAAGTGATGTCT-1","Dividing Tumor"
"SYNTH-22-37-1","Capture_5'_ATGGGAGAGTGGTAAT-3","Dividing Tumor"
"SYNTH-22-37-1","Capture_5'_TGCGGGTGTCTCTTTA-4","Dividing Tumor"
"SYNTH-22-37-1","Capture_5'_CGGACGTAGAGCTGCA-3","TAMs"
"SYNTH-22-37-1","Capture_5'_TTCTTAGCAGGACGTA-3","Tumor"
"SYNTH-22-37-1","Capture_5'_TCAACGAAGTCGCCGT-1","Dividing Tumor"
"SYNTH-22-37-1","Capture_5'_AGCTCTCCATGGATGG-3","Dividing Tumor"
"SYNTH-22-38-1","Capture_3'_GAAGTAAAGTCGAATA-4","T-cells"
"SYNTH-22-38-1","Capture_3'_GCAGTTATCGGAGCAA-1","Tumor"
"SYNTH-22-38-1","Capture_5'_CGACTTCAGGTGATTA-2","Tumor"
"SYNTH-22-38-1","Capture_5'_CGAGCCAAGGGCTTGA-2","T-cells"
"SYNTH-22-38-1","Capture_5'_TTAGGCATCGACGGAA-1","Tumor"
"SYNTH-22-39-1","Capture_5'_AACCATGCAAGGTTCT-4","Dividing Tumor"
"SYNTH-22-40-1","Capture_5'_GGACATTTCAGCATGT-3","T-cells"
"SYNTH-22-40-1","Capture_5'_CGATTGATCCTCTAGC-3","Dividing Tumor"
"SYNTH-22-40-1","Capture_3'_CCCAACTAGTCTTCGA-4","Dividing Tumor"
"SYNTH-22-40-1","Capture_5'_AGTGAGGGTATATGAG-4","Dividing Tumor"
"SYNTH-22-40-1","Capture_5'_CTACCCAAGAAGGGTA-2","Dividing Tumor"
"SYNTH-22-41-1","Capture_3'_TTAGGGTGTATTGACC-2","T-cells"
"SYNTH-22-41-1","Capture_3'_CGTCCATGTCACTTAG-3","Tumor"
"SYNTH-22-41-1","Capture_5'_GCTCCTAGTTACCAGT-1","Dividing Tumor"
"SYNTH-22-41-1","Capture_5'_AAACCTGAGGTAAACT-4","Tumor"
"SYNTH-22-41-1","Capture_3'_TTCTTGAGTCCTTTGC-4","TAMs"
"SYNTH-22-41-1","Capture_3'_TCTTAGTAGACGTCCC-1","TAMs"
"SYNTH-22-41-1","Capture_5'_TGGCGCACATCCTTGC-3","Tumor"
"SYNTH-22-41-1","Capture_3'_CGTGCTTTCGAAGGAC-1","Tumor"
"SYNTH-22-42-1","Capture_3'_TGATGGTGTAGCTTAC-1","B-cells"
"SYNTH-22-42-1","Capture_5'_AAAGATGTCGCCATAA-4","Tumor"
"SYNTH-22-42-1","Capture_5'_TGGCTGGAGGTGCACA-2","Luminal A"
"SYNTH-22-43-1","Capture_5'_TCAGATGGTTAGTGGG-4","Dividing Tumor"
"SYNTH-22-43-1","Capture_5'_CTAGCCTAGAAGGTGA-3","T-cells"
"SYNTH-22-43-1","Capture_5'_TACTCATGTAGCTTGT-3","Tumor"
"SYNTH-22-43-1","Capture_5'_TAGTGGTTCTCCCTGA-2","Tumor"
"SYNTH-22-43-1","Capture_5'_AGGTCATTCCTGTACC-4","Dividing Tumor"
"SYNTH-22-43-1","Capture_5'_AGTGTCAGTGCAGACA-2","Tumor"
"SYNTH-22-44-1","Capture_3'_ACATCGAGTTCCCACT-4","Dividing Tumor"
"SYNTH-22-44-1","Capture_5'_TCGCGAGGTTCCTCCA-3","TAMs"
"SYNTH-22-44-1","Capture_5'_CCATGTCAGCGATTCT-4","Dividing Tumor"
"SYNTH-22-44-1","Capture_3'_ATCATTCAGGCTGGAT-4","Tumor"
"SYNTH-22-44-1","Capture_5'_ACGAGCCGTATAAACG-4","Tumor"
"SYNTH-22-44-1","Capture_5'_TTGCGTCCAATCGAAA-4","B-cells"
"SYNTH-22-44-1","Capture_3'_TCTATCAGTAGGTGCA-4","T-cells"
"SYNTH-22-44-1","Capture_5'_GAGTCCGGTCACCCAG-2","Tumor"
"SYNTH-22-44-1","Capture_5'_CTCGGAGCAGACAGGT-3","Luminal A"
"SYNTH-22-45-1","Capture_5'_CGCTATCCATCGATGT-4","Dividing Tumor"
"SYNTH-22-46-1","Capture_5'_TCCACACGTAGCGATG-2","T-cells"
"SYNTH-22-46-1","Capture_5'_ACTGCTCAGCCACCTG-4","Dividing Tumor"
"SYNTH-22-46-1","Capture_5'_CACCAGGAGACAAGCC-3","Endothelial Cells"
"SYNTH-22-46-1","Capture_5'_AGTCTTTTCACTTCAT-4","Dividing Tumor"
"SYNTH-22-46-1","Capture_3'_AACAAGACAAAGGATT-2","Tumor"
"SYNTH-22-46-1","Capture_3'_AGAGCAGTCAAGTCGT-2","Luminal B"
"SYNTH-22-46-1","Capture_5'_CGCGGTAAGTGGAGTC-3","Tumor"
"SYNTH-22-46-1","Capture_5'_AACACGTGTCAGATAA-2","Myoepithelial Cells"
"SYNTH-22-46-1","Capture_5'_GCTTCCACACGAAGCA-3","Dividing Tumor"
"SYNTH-22-47-1","Capture_5'_GGATGTTAGAGGTTGC-2","T-cells"
"SYNTH-22-47-1","Capture_3'_TGTGATGCAATCACGT-2","T-cells"
"SYNTH-22-47-1","Capture_5'_CACAGTATCGGTTAAC-4","Dividing Tumor"
"SYNTH-22-47-1","Capture_5'_TACTCGCTCAGAGACG-4","Tumor"
"SYNTH-22-47-1","Capture_5'_TCAGATGGTTCACCTC-3","Dividing Tumor"
"SYNTH-22-47-1","Capture_5'_GATCAGTGTGTAAGTA-4","Luminal A"
"SYNTH-22-48-1","Capture_5'_CAGAGAGAGTCAAGGC-2","T-cells"
"SYNTH-22-48-1","Capture_5'_CTGTTTATCCACGTGG-3","Tumor"
"SYNTH-22-48-1","Capture_5'_CTGCGGAAGGGAAACA-2","Dividing Tumor"
"SYNTH-22-48-1","Capture_5'_ACCCACTCAGGGAGAG-3","Dividing Tumor"
"SYNTH-22-48-1","Capture_3'_GTGGGAAAGATTGATG-2","T-cells"
"SYNTH-22-48-1","Capture_5'_CCACTACCATCTCGCT-4","Plasma Cells"
"SYNTH-22-48-1","Capture_5'_AAGGCAGAGCACACAG-3","T-cells"
"SYNTH-22-48-1","Capture_5'_GTATCTTAGCAGCCTC-2","Tumor"
"SYNTH-22-48-1","Capture_5'_GGGCACTGTCCTCCAT-4","Tumor"
"SYNTH-22-49-1","Capture_5'_TGGACGCCACCTGGTG-2","Tumor"
"SYNTH-22-49-1","Capture_5'_GACCTGGGTGTGGTTT-2","T-cells"
"SYNTH-22-49-1","Capture_3'_TGTCCCACAAGGATGC-2","B-cells"
"SYNTH-22-50-1","Capture_3'_CAGTGCGGTCGCTTAA-3","Tumor"
"SYNTH-22-50-1","Capture_5'_GCATGTAGTATGAAAC-2","Dividing Tumor"
"SYNTH-22-50-1","Capture_5'_TCCACACCAGACAAGC-3","Dividing Tumor"
"SYNTH-22-50-1","Capture_5'_TACACGAAGAGCTGGT-2","T-cells"
"SYNTH-22-50-1","Capture_5'_GATCGTATCCAGAAGG-2","Tumor"
"SYNTH-22-50-1","Capture_5'_CTCAGAAAGAGTCGGT-1","Dividing Tumor"
"SYNTH-22-50-1","Capture_3'_ATACCTTCAATGTGGG-4","Tumor"
"SYNTH-22-50-1","Capture_5'_CTCGTCACAAACGCGA-4","Tumor"
"SYNTH-23-1-1","Capture_3'_TTCACGCCAATGAGCG-3","Tumor"
"SYNTH-23-2-1","Capture_5'_TTCTCAAGTCGAGATG-1","T-cells"
"SYNTH-23-2-1","Capture_3'_GTACAACTCCAATGCA-3","Tumor"
"SYNTH-23-2-1","Capture_3'_ACAGGGATCATGCTAG-4","T-cells"
"SYNTH-23-2-1","Capture_5'_TCGGTAATCTTCATGT-4","Tumor"
"SYNTH-23-2-1","Capture_3'_AACCAACCAGGTCTCG-4","T-cells"
"SYNTH-23-3-1","Capture_3'_GTAAGTCGTAGACAGC-2","Luminal A"
"SYNTH-23-3-1","Capture_5'_GACTAACGTACAGCAG-4","Tumor"
"SYNTH-23-3-1","Capture_5'_TGCCAAAGTTCCATGA-3","Dividing Tumor"
"SYNTH-23-3-1","Capture_3'_ACCACAACACGTACTA-4","Dividing Tumor"
"SYNTH-23-3-1","Capture_5'_TACGGTAGTATTCTCT-1","Plasma Cells"
"SYNTH-23-4-1","Capture_5'_CCTAGCTAGTGGGCTA-2","Dividing Tumor"
"SYNTH-23-4-1","Capture_5'_TCCACACTCCGTACAA-3","T-cells"
"SYNTH-23-4-1","Capture_3'_GAAGAATAGTTGCGCC-1","Dividing Tumor"
"SYNTH-23-4-1","Capture_5'_AGCTCCTTCTATCGCC-4","Tumor"
"SYNTH-23-4-1","Capture_5'_GATCGATTCGGTGTCG-3","T-cells"
"SYNTH-23-4-1","Capture_5'_TGTATTCCATGGTCTA-4","Tumor"
"SYNTH-23-4-1","Capture_5'_CATCAGATCTGCCAGG-4","Dividing Tumor"
"SYNTH-23-4-1","Capture_5'_CGATCGGTCGGAAACG-4","Dividing Tumor"
"SYNTH-23-5-1","Capture_5'_TTAACTCTCTCCAGGG-4","Endothelial Cells"
"SYNTH-23-5-1","Capture_3'_GGGAAGTAGCCACTCG-1","Tumor"
"SYNTH-23-5-1","Capture_3'_TCCTGCATCCACACCT-3","T-cells"
"SYNTH-23-6-1","Capture_5'_CAGGTGCAGCAGATCG-4","Dividing Tumor"
"SYNTH-23-6-1","Capture_5'_AAGACCTAGCGATCCC-3","T-cells"
"SYNTH-23-6-1","Capture_5'_TTCTCCTAGTGTTTGC-1","Plasma Cells"
"SYNTH-23-6-1","Capture_5'_GGAATAACATGACGGA-1","Tumor"
"SYNTH-23-7-1","Capture_5'_CGATCGGTCGGAAACG-4","Dividing Tumor"
"SYNTH-23-7-1","Capture_3'_TTGAACGGTGTCGATT-2","Dividing Tumor"
"SYNTH-23-7-1","Capture_5'_CCTACCATCCTTTCTC-2","T-cells"
"SYNTH-23-7-1","Capture_3'_TGAGCATTCGGCATAT-1","Tumor"
"SYNTH-23-7-1","Capture_5'_CGTCTACGTAGCACGA-3","Dividing Tumor"
"SYNTH-23-7-1","Capture_3'_ATCAGGTTCAGCGGAA-3","Tumor"
"SYNTH-23-8-1","Capture_3'_ACAACCACAGGATTCT-3","Tumor"
"SYNTH-23-8-1","Capture_3'_GCCAGCAGTCAGGAGT-4","Tumor"
"SYNTH-23-8-1","Capture_5'_CAGCTAACACGGCGTT-2","Luminal A"
"SYNTH-23-9-1","Capture_3'_GGCACGTAGCGTCTGC-1","Tumor"
"SYNTH-23-9-1","Capture_5'_GACTGCGGTCGAAAGC-4","Dividing Tumor"
"SYNTH-23-9-1","Capture_3'_CTCAGAAAGTTACGTC-1","Luminal A"
"SYNTH-23-9-1","Capture_5'_GGACGTCAGCGATGAC-1","Endothelial Cells"
"SYNTH-23-9-1","Capture_5'_CTCGTCACACTTCTGC-2","T-cells"
"SYNTH-23-9-1","Capture_3'_ACAGGGATCCGTCCTA-3","T-cells"
"SYNTH-23-9-1","Capture_5'_TTGGCAACAGCTCGAC-3","Dividing Tumor"
"SYNTH-23-9-1","Capture_5'_GCGACCATCACTTCAT-2","Tumor"
"SYNTH-23-10-1","Capture_5'_CGACTTCTCGGCGGTT-2","Tumor"
"SYNTH-23-10-1","Capture_5'_CCTTACGTCCCAAGTA-4","Dividing Tumor"
"SYNTH-23-10-1","Capture_3'_ACCAACAAGTGGCGAT-4","Dividing Tumor"
"SYNTH-23-10-1","Capture_3'_CCTCCAAGTACACGTT-3","Tumor"
"SYNTH-23-10-1","Capture_5'_AAACGGGGTCTCTCGT-2","Tumor"
"SYNTH-23-10-1","Capture_5'_AGCGTATGTACCGGCT-4","Tumor"
"SYNTH-23-10-1","Capture_3'_CAGTGCGAGTCATACC-4","Tumor"
"SYNTH-23-10-1","Capture_5'_GATTCAGAGCGAGAAA-2","Tumor"
"SYNTH-23-11-1","Capture_5'_TGAAAGAAGTGCCATT-2","T-cells"
"SYNTH-23-11-1","Capture_5'_AGATCTGAGACCTTTG-2","Tumor"
"SYNTH-23-11-1","Capture_5'_TCTTCGGTCGTACCGG-4","Dividing Tumor"
"SYNTH-23-11-1","Capture_5'_CTGTGCTGTCTGCGGT-4","Dividing Tumor"
"SYNTH-23-11-1","Capture_5'_TCAGGTACATGGATGG-2","Tumor"
"SYNTH-23-11-1","Capture_5'_CTCGTACCAAGCCTAT-3","T-cells"
"SYNTH-23-12-1","Capture_5'_GTCATTTTCATTCACT-3","Tumor"
"SYNTH-23-13-1","Capture_5'_GATCTAGGTTGCGCAC-4","Dividing Tumor"
"SYNTH-23-13-1","Capture_5'_GTAACGTCAAGGACTG-1","Dividing Tumor"
"SYNTH-23-13-1","Capture_5'_TGACAACAGATGCGAC-2","Tumor"
"SYNTH-23-13-1","Capture_5'_CATTATCCAATTCCTT-3","Dividing Tumor"
"SYNTH-23-13-1","Capture_5'_CACACTCGTGCACTTA-1","Luminal A"
"SYNTH-23-13-1","Capture_3'_GCTGGGTGTCACTTCC-4","T-cells"
"SYNTH-23-14-1","Capture_3'_GTCTCACTCATTTGTC-4","T-cells"
"SYNTH-23-14-1","Capture_5'_CCAATCCGTTGGTAAA-4","Tumor"
"SYNTH-23-14-1","Capture_5'_TAGGCATCAGTTTACG-3","Dividing Tumor"
"SYNTH-23-14-1","Capture_5'_AACTTTCAGTTTAGGA-2","Dividing Tumor"
"SYNTH-23-15-1","Capture_5'_CCTTTCTAGAGCTATA-1","Tumor"
"SYNTH-23-16-1","Capture_5'_CTTACCGCATCCTTGC-2","Tumor"
"SYNTH-23-16-1","Capture_5'_ATGAGGGTCACAAACC-1","Tumor"
"SYNTH-23-16-1","Capture_5'_GTCCTCACACCAGGTC-1","T-cells"
"SYNTH-23-16-1","Capture_3'_CTACGGGTCGGAGTGA-2","Tumor"
"SYNTH-23-16-1","Capture_3'_TTAGGCAGTGTATTCG-4","Luminal B"
"SYNTH-23-16-1","Capture_3'_GCATCGGAGGTTATAG-3","Tumor"
"SYNTH-23-16-1","Capture_5'_TTCTCAATCACAGGCC-1","Tumor"
"SYNTH-23-16-1","Capture_5'_TTCTCAACAATAAGCA-4","Dividing Tumor"
"SYNTH-23-17-1","Capture_5'_CTGAAGTCACAGAGGT-2","Tumor"
"SYNTH-23-17-1","Capture_3'_CGAGGAAGTGACCGAA-1","T-cells"
"SYNTH-23-17-1","Capture_5'_CAGCTGGCACTCGACG-4","Dividing Tumor"
"SYNTH-23-17-1","Capture_5'_TACAGTGTCCAGGGCT-4","B-cells"
"SYNTH-23-17-1","Capture_5'_ACACTGAAGTGTACGG-3","Dividing Tumor"
"SYNTH-23-17-1","Capture_5'_GACGGCTAGTTGCAGG-2","T-cells"
"SYNTH-23-17-1","Capture_5'_GTATTCTGTCTAGAGG-2","Dividing Tumor"
"SYNTH-23-18-1","Capture_5'_CTCCTAGTCACATGCA-4","Dividing Tumor"
"SYNTH-23-18-1","Capture_5'_TAGCCGGCACCAGGCT-2","Tumor"
"SYNTH-23-19-1","Capture_5'_GATGAGGGTGACCAAG-2","Luminal A"
"SYNTH-23-19-1","Capture_3'_AGTGTTGTCGCTCTCA-2","Dividing Tumor"
"SYNTH-23-19-1","Capture_5'_CATGCCTTCTAAGCCA-4","Tumor"
"SYNTH-23-20-1","Capture_3'_TCACATTCAGAACTTC-3","T-cells"
"SYNTH-23-20-1","Capture_5'_CCACTACCAGGTCGTC-4","Tumor"
"SYNTH-23-20-1","Capture_5'_ACGAGGAAGCCATCGC-1","T-cells"
"SYNTH-23-20-1","Capture_5'_CGATGTAGTAGCGTCC-4","Dividing Tumor"
"SYNTH-23-21-1","Capture_5'_CACACAAAGAGGTTAT-1","Tumor"
"SYNTH-23-21-1","Capture_5'_AGCTTGAGTTATCACG-1","T-cells"
"SYNTH-23-21-1","Capture_5'_TTTGTCACATGGTCAT-3","Dividing Tumor"
"SYNTH-23-21-1","Capture_5'_TCAGCTCGTGACGGTA-3","T-cells"
"SYNTH-23-21-1","Capture_3'_CTCTCGAGTCGTGGAA-3","Dividing Tumor"
"SYNTH-23-22-1","Capture_3'_AGCGCCATCTCCACTG-1","Dividing Tumor"
"SYNTH-23-22-1","Capture_5'_CTCCTAGTCTAAGCCA-2","Dividing Tumor"
"SYNTH-23-22-1","Capture_5'_CATCAAGAGGGCTTGA-1","T-cells"
"SYNTH-23-22-1","Capture_5'_TATCAGGCACTGTTAG-4","Tumor"
"SYNTH-23-22-1","Capture_3'_ATCACAGAGGTTATAG-4","Tumor"
"SYNTH-23-23-1","Capture_3'_GAAGGGTCATTCGATG-3","Endothelial Cells"
"SYNTH-23-23-1","Capture_5'_CGGCTAGGTCTAGCCG-2","Tumor"
"SYNTH-23-23-1","Capture_5'_GTAGTCAAGCTGCAAG-1","Tumor"
"SYNTH-23-23-1","Capture_5'_GACGCGTGTCGACTGC-3","Dividing Tumor"
"SYNTH-23-23-1","Capture_3'_CCGTAGGCACTGGACC-1","Dividing Tumor"
"SYNTH-23-23-1","Capture_3'_TATTGGGTCTGCTCTG-1","TAMs"
"SYNTH-23-23-1","Capture_5'_GTATTCTGTCTAGAGG-2","Dividing Tumor"
"SYNTH-23-23-1","Capture_5'_TGCCCATGTCTGCCAG-3","T-cells"
"SYNTH-23-24-1","Capture_5'_TCACAAGAGTCATGCT-1","T-cells"
"SYNTH-23-24-1","Capture_3'_GTATTGGAGAACGTGC-4","Luminal A"
"SYNTH-23-24-1","Capture_3'_ACCTGTCAGGGTTAAT-3","Tumor"
"SYNTH-23-24-1","Capture_5'_ATTACTCAGAAACGCC-4","Tumor"
"SYNTH-23-24-1","Capture_5'_CCAGCGAGTGGAAAGA-2","Luminal A"
"SYNTH-23-24-1","Capture_3'_CAAGGGATCGAACGCC-2","Tumor"
"SYNTH-23-25-1","Capture_3'_GATAGAACACAACATC-4","Tumor"
"SYNTH-23-25-1","Capture_5'_CACACCTGTCAATACC-1","Dividing Tumor"
"SYNTH-23-25-1","Capture_5'_GCTGCTTTCCGTCATC-4","T-cells"
"SYNTH-23-26-1","Capture_5'_CATATTCCAAAGCGGT-3","Tumor"
"SYNTH-23-27-1","Capture_5'_TGCACCTCACACGCTG-3","Tumor"
"SYNTH-23-27-1","Capture_5'_AGCTCCTTCAGTGTTG-1","Luminal B"
"SYNTH-23-27-1","Capture_5'_GACCAATCATGGGAAC-1","T-cells"
"SYNTH-23-27-1","Capture_5'_TCATTACGTCACCCAG-1","T-cells"
"SYNTH-23-27-1","Capture_5'_GTTACAGCATGTTCCC-4","Luminal A"
"SYNTH-23-27-1","Capture_3'_TGCTGAAGTACCCGAC-3","Tumor"
"SYNTH-23-28-1","Capture_3'_CGTAAGTCACATTCTT-4","T-cells"
"SYNTH-23-28-1","Capture_5'_CTTTGCGCAATGACCT-2","Plasma Cells"
"SYNTH-23-28-1","Capture_3'_CGAGGCTCACGTCATA-1","Dividing Tumor"
"SYNTH-23-28-1","Capture_5'_GACGGCTAGGGAGTAA-2","T-cells"
"SYNTH-23-28-1","Capture_3'_AAAGGGCCAATATCCG-2","T-cells"
"SYNTH-23-29-1","Capture_5'_GATTCAGTCAGCGATT-4","Dividing Tumor"
"SYNTH-23-29-1","Capture_5'_TTCTACACATACTACG-2","TAMs"
"SYNTH-23-29-1","Capture_5'_ACGGGTCCAGGCGATA-2","Dividing Tumor"
"SYNTH-23-29-1","Capture_5'_GTATTCTAGTGTACTC-4","T-cells"
"SYNTH-23-29-1","Capture_5'_GTACGTATCCCAACGG-1","Tumor"
"SYNTH-23-30-1","Capture_5'_ATGCGATTCTTTAGTC-4","T-cells"
"SYNTH-23-30-1","Capture_3'_TCTGCCAAGCACCAGA-2","Luminal A"
"SYNTH-23-31-1","Capture_5'_CAAGTTGGTATTACCG-4","Dividing Tumor"
"SYNTH-23-31-1","Capture_5'_TACCTATTCAACACTG-1","T-cells"
"SYNTH-23-31-1","Capture_5'_TCTCTAAGTACTTAGC-4","TAMs"
"SYNTH-23-32-1","Capture_3'_TGCGACGGTGACCGAA-2","Tumor"
"SYNTH-23-32-1","Capture_5'_ATAACGCAGGCGTACA-4","Tumor"
"SYNTH-23-32-1","Capture_3'_GCTGCAGGTCATGCAT-4","Dividing Tumor"
"SYNTH-23-33-1","Capture_3'_TAACGACGTGTCCCTT-2","Tumor"
"SYNTH-23-33-1","Capture_3'_ATGAGGGCACCGTGCA-1","Dividing Tumor"
"SYNTH-23-33-1","Capture_3'_GTAATGCCAAGGCGTA-1","Tumor"
"SYNTH-23-33-1","Capture_5'_TTGTAGGCATCTGGTA-2","Tumor"
"SYNTH-23-34-1","Capture_3'_TATTGGGTCTACTTCA-4","Dividing Tumor"
"SYNTH-23-34-1","Capture_5'_CCATGTCAGAGTACCG-3","Tumor"
"SYNTH-23-34-1","Capture_3'_TGAGGGATCCATTCGC-4","TAMs"
"SYNTH-23-34-1","Capture_3'_GAGTTTGTCTGAGAAA-4","T-cells"
"SYNTH-23-34-1","Capture_3'_CATGCGGCAGCTTTGA-4","Tumor"
"SYNTH-23-34-1","Capture_3'_CTGTAGACATTGTACG-1","Tumor"
"SYNTH-23-35-1","Capture_5'_TGACTTTGTCTTTCAT-3","Dividing Tumor"
"SYNTH-23-35-1","Capture_3'_CTGTGGGGTTTAGAGA-4","Luminal B"
"SYNTH-23-35-1","Capture_5'_CACAGGCCATTTCACT-4","Dividing Tumor"
"SYNTH-23-35-1","Capture_3'_CTAAGTGAGGGTCACA-2","Dividing Tumor"
"SYNTH-23-35-1","Capture_5'_GATCGTACACCAGGCT-1","Tumor"
"SYNTH-23-35-1","Capture_3'_GGGTATTCAGGGATAC-1","Dividing Tumor"
"SYNTH-23-35-1","Capture_5'_TACTCATCACCCATTC-2","Dividing Tumor"
"SYNTH-23-35-1","Capture_3'_GTGCAGCTCAAGCGTT-3","Dividing Tumor"
"SYNTH-23-36-1","Capture_3'_AAATGGAGTTATAGAG-1","Dividing Tumor"
"SYNTH-23-36-1","Capture_3'_AGGAATACAGACACCC-4","Tumor"
"SYNTH-23-36-1","Capture_3'_CAGTTAGTCTCTTAAC-2","Tumor"
"SYNTH-23-36-1","Capture_5'_ATTATCCTCAAACGGG-4","Dividing Tumor"
"SYNTH-23-36-1","Capture_3'_GCGAGAAAGAAGATCT-2","T-cells"
"SYNTH-23-37-1","Capture_5'_GAACGGATCTTGGGTA-4","Dividing Tumor"
"SYNTH-23-37-1","Capture_3'_GAAATGACACCGTGCA-2","Endothelial Cells"
"SYNTH-23-38-1","Capture_5'_AGAGTGGGTTCAGCGC-4","Tumor"
"SYNTH-23-38-1","Capture_5'_TGCCCATGTTAAAGAC-2","Tumor"
"SYNTH-23-38-1","Capture_3'_CTTCGGTCACATGACT-4","Dividing Tumor"
"SYNTH-23-38-1","Capture_3'_ACTTCGCTCCCTTGTG-1","T-cells"
"SYNTH-23-38-1","Capture_5'_CTCCTAGTCAGAAATG-4","Tumor"
"SYNTH-23-38-1","Capture_3'_ATCGGCGAGACATATG-4","Dividing Tumor"
"SYNTH-23-38-1","Capture_5'_GGACATTCAGACTCGC-2","T-cells"
"SYNTH-23-39-1","Capture_3'_AACGAAAGTCTTCTAT-4","Dividing Tumor"
"SYNTH-23-39-1","Capture_5'_TGACGGCAGGACAGAA-4","Tumor"
"SYNTH-23-39-1","Capture_5'_CGTTAGAGTCGAACAG-3","Dividing Tumor"
"SYNTH-23-39-1","Capture_3'_GTGGTTATCGATCCCT-1","Tumor"
"SYNTH-23-40-1","Capture_5'_ATTATCCAGCAACGGT-2","Dividing Tumor"
"SYNTH-23-40-1","Capture_5'_AACTCTTAGATGTTAG-4","Dividing Tumor"
"SYNTH-23-40-1","Capture_3'_TAACCAGTCACGAGGA-3","Tumor"
"SYNTH-23-40-1","Capture_3'_CAGTTAGTCACCGACG-4","Tumor"
"SYNTH-23-40-1","Capture_5'_AAACGGGTCACATGCA-3","Dividing Tumor"
"SYNTH-23-40-1","Capture_5'_CAGGTGCCATCCAACA-3","T-cells"
"SYNTH-23-40-1","Capture_5'_GAAACTCAGATGTGGC-2","Dividing Tumor"
"SYNTH-23-40-1","Capture_5'_AACCATGTCGCAGGCT-3","Endothelial Cells"
"SYNTH-23-41-1","Capture_3'_CATGGATTCGCCATAA-3","Tumor"
"SYNTH-23-41-1","Capture_5'_GGGAGATAGCAGGTCA-3","Tumor"
"SYNTH-23-41-1","Capture_5'_TACTCGCCAATGCCAT-2","Tumor"
"SYNTH-23-41-1","Capture_5'_GTTTCTAGTGCACTTA-1","Tumor"
"SYNTH-23-41-1","Capture_5'_GCACTCTTCAACCAAC-2","Dividing Tumor"
"SYNTH-23-41-1","Capture_5'_CGGTTAATCTGCGTAA-1","Tumor"
"SYNTH-23-42-1","Capture_3'_ACCATTTGTAAGTTAG-3","Tumor"
"SYNTH-23-42-1","Capture_5'_GGACAGAAGCAATATG-1","T-cells"
"SYNTH-23-42-1","Capture_5'_CGAACATAGACTTGAA-3","Tumor"
"SYNTH-23-42-1","Capture_5'_GCATGTACATCACAAC-4","Dividing Tumor"
"SYNTH-23-42-1","Capture_5'_CCAATCCTCACCAGGC-2","Dividing Tumor"
"SYNTH-23-42-1","Capture_5'_GTCACAATCAAACGGG-4","Dividing Tumor"
"SYNTH-23-42-1","Capture_3'_AGTCATGGTTAGGGAC-4","Tumor"
"SYNTH-23-42-1","Capture_3'_TATTGGGTCTGACCCT-1","T-cells"
"SYNTH-23-42-1","Capture_5'_AGAATAGGTACATGTC-1","B-cells"
"SYNTH-23-43-1","Capture_5'_CAAGGCCCACCGATAT-3","Luminal A"
"SYNTH-23-43-1","Capture_5'_CGCTGGATCGTGGTCG-4","Dividing Tumor"
"SYNTH-23-44-1","Capture_3'_TCCTTTCAGGATCACG-3","T-cells"
"SYNTH-23-44-1","Capture_5'_CGTGTCTTCAGTTGAC-2","Tumor"
"SYNTH-23-44-1","Capture_5'_GCTGCTTAGTGTCTCA-2","T-cells"
"SYNTH-23-44-1","Capture_5'_ACGCAGCGTGTAACGG-1","T-cells"
"SYNTH-23-44-1","Capture_5'_TGCTACCAGTATCGAA-3","TAMs"
"SYNTH-23-45-1","Capture_5'_CGTCTACCATCGGTTA-1","Tumor"
"SYNTH-23-45-1","Capture_5'_CATCCACGTCTCTTAT-4","Tumor"
"SYNTH-23-46-1","Capture_5'_AAATGCCTCGGAATCT-4","Dividing Tumor"
"SYNTH-23-46-1","Capture_3'_ACGTTCCGTACTGAGG-1","Tumor"
"SYNTH-23-47-1","Capture_3'_TTTCCTCCACGTAGAG-4","T-cells"
"SYNTH-23-47-1","Capture_3'_CACAGGCGTTTACCAG-2","Tumor"
"SYNTH-23-47-1","Capture_3'_ATCCGTCTCACAGAGG-2","Dividing Tumor"
"SYNTH-23-48-1","Capture_5'_GTCTCGTCATTAGCCA-4","Tumor"
"SYNTH-23-48-1","Capture_5'_CGGACTGCACTTGGAT-3","T-cells"
"SYNTH-23-48-1","Capture_5'_AGTGAGGTCGTTTAGG-4","Tumor"
"SYNTH-23-48-1","Capture_5'_CCAATCCTCTGCCAGG-3","Dividing Tumor"
"SYNTH-23-48-1","Capture_5'_TCGAGGCGTTCTCATT-3","Tumor"
"SYNTH-23-48-1","Capture_5'_GGCTGGTTCAACCATG-1","Tumor"
"SYNTH-23-48-1","Capture_5'_TTCTACAAGCCAGGAT-1","Dividing Tumor"
"SYNTH-23-48-1","Capture_3'_AATTCCTGTTCCGGTG-1","Endothelial Cells"
"SYNTH-23-48-1","Capture_5'_CGGCTAGTCAGTGCAT-1","T-cells"
"SYNTH-23-49-1","Capture_5'_GACGCGTGTCCCTACT-3","Tumor"
"SYNTH-23-49-1","Capture_3'_GGTGTCGTCTAGGCAT-1","Dividing Tumor"
"SYNTH-23-49-1","Capture_5'_TGCTACCCAAGCGTAG-4","Dividing Tumor"
"SYNTH-23-50-1","Capture_5'_GTAGGCCAGGGCATGT-4","Tumor"
"SYNTH-24-1-1","Capture_3'_CACAACACAGCCTATA-4","Dividing Tumor"
"SYNTH-24-1-1","Capture_5'_CTTAACTTCAGCGACC-4","Dividing Tumor"
"SYNTH-24-1-1","Capture_3'_TTGCATTTCTGGGTCG-2","T-cells"
"SYNTH-24-1-1","Capture_5'_CCTACACGTATGGTTC-2","Tumor"
"SYNTH-24-2-1","Capture_5'_ACGATGTCAATAGCGG-2","B-cells"
"SYNTH-24-2-1","Capture_5'_TAAGTGCAGCCACCTG-3","Tumor"
"SYNTH-24-2-1","Capture_5'_ACATCAGGTGCACTTA-3","T-cells"
"SYNTH-24-2-1","Capture_5'_ATCACGAGTTCAGGCC-2","T-cells"
"SYNTH-24-2-1","Capture_5'_AGAGCGAAGGCTCAGA-2","TAMs"
"SYNTH-24-2-1","Capture_5'_CGGACGTCATGGTCTA-4","Tumor"
"SYNTH-24-2-1","Capture_5'_ATAACGCAGGCGTACA-4","Tumor"
"SYNTH-24-2-1","Capture_5'_GCTGCGAAGAAACCTA-3","Tumor"
"SYNTH-24-2-1","Capture_5'_TAGCCGGAGTCGTACT-4","Tumor"
"SYNTH-24-2-1","Capture_5'_CCCAATCAGACCCACC-2","Dividing Tumor"
"SYNTH-24-3-1","Capture_3'_CTAACCCAGTAGTGCG-1","T-cells"
"SYNTH-24-3-1","Capture_5'_GTGAAGGGTACCTACA-2","TAMs"
"SYNTH-24-3-1","Capture_5'_CAGAGAGCAGGATTGG-4","Endothelial Cells"
"SYNTH-24-3-1","Capture_5'_CACCACTTCACCACCT-3","Tumor"
"SYNTH-24-3-1","Capture_5'_TCACAAGCAAGCGAGT-1","Luminal A"
"SYNTH-24-4-1","Capture_3'_GTGCTGGCACTAACCA-4","Tumor"
"SYNTH-24-4-1","Capture_5'_TTGTAGGCATCTGGTA-2","Tumor"
"SYNTH-24-4-1","Capture_5'_CCGTGGAAGTTGCAGG-4","T-cells"
"SYNTH-24-4-1","Capture_3'_ATGGTTGCATGGATCT-2","Tumor"
"SYNTH-24-4-1","Capture_5'_TCGAGGCTCGGATGGA-2","Dividing Tumor"
"SYNTH-24-4-1","Capture_5'_CATATTCTCGATAGAA-3","Tumor"
"SYNTH-24-4-1","Capture_5'_ACTTACTTCCACGAAT-2","Tumor"
"SYNTH-24-4-1","Capture_5'_AGTTGGTGTCAATGTC-1","Tumor"
"SYNTH-24-4-1","Capture_3'_CATACTTAGAATCGCG-3","Tumor"
"SYNTH-24-4-1","Capture_3'_GTCATCCTCTGCGGAC-1","Dividing Tumor"
"SYNTH-24-5-1","Capture_5'_TAAGCGTGTTAGTGGG-1","Dividing Tumor"
"SYNTH-24-5-1","Capture_5'_CTGATAGGTACCGGCT-3","T-cells"
"SYNTH-24-5-1","Capture_3'_CGAGTTAGTCTGCGCA-1","Tumor"
"SYNTH-24-5-1","Capture_5'_GATGAGGAGTACATGA-3","Tumor"
"SYNTH-24-6-1","Capture_5'_AAGACCTCAGGATTGG-4","Dividing Tumor"
"SYNTH-24-6-1","Capture_3'_TAGACTGAGTCCTACA-2","Tumor"
"SYNTH-24-6-1","Capture_5'_TCGCGAGAGAGGGCTT-2","Tumor"
"SYNTH-24-6-1","Capture_5'_GGAATAACAGTCTTCC-4","Fibroblasts"
"SYNTH-24-6-1","Capture_3'_AGGCTGCCAGCGTAGA-4","Tumor"
"SYNTH-24-6-1","Capture_5'_GACGGCTTCTCCAGGG-1","Tumor"
"SYNTH-24-6-1","Capture_3'_GAGTTACTCTTGGTGA-1","T-cells"
"SYNTH-24-6-1","Capture_3'_TCTATACGTACGCGTC-3","Luminal A"
"SYNTH-24-6-1","Capture_5'_ACGCCAGAGAGCTTCT-1","Dividing Tumor"
"SYNTH-24-7-1","Capture_3'_GCGTGCATCTGTCGCT-4","Tumor"
"SYNTH-24-7-1","Capture_5'_GCGAGAAGTTAAAGAC-2","T-cells"
"SYNTH-24-7-1","Capture_5'_GTCTTCGGTTCGGGCT-4","Tumor"
"SYNTH-24-7-1","Capture_3'_AGGATAAGTAGCGATG-1","Tumor"
"SYNTH-24-8-1","Capture_3'_CAGTTCCAGAGAGCAA-1","Dividing Tumor"
"SYNTH-24-8-1","Capture_5'_GGAGCAACAGGGAGAG-4","T-cells"
"SYNTH-24-8-1","Capture_3'_TGCACGGAGTAGAGTT-4","Tumor"
"SYNTH-24-8-1","Capture_5'_TATCAGGGTCTGCAAT-4","Tumor"
"SYNTH-24-8-1","Capture_5'_GCAGTTACATCGACGC-4","Tumor"
"SYNTH-24-8-1","Capture_5'_TTGACTTGTCATTAGC-2","Tumor"
"SYNTH-24-8-1","Capture_3'_CACGTTCGTTTCGGCG-3","Tumor"
"SYNTH-24-8-1","Capture_5'_CTTTGCGAGAGTTGGC-3","TAMs"
"SYNTH-24-9-1","Capture_3'_GACACGCGTCACAGTT-2","Endothelial Cells"
"SYNTH-24-9-1","Capture_5'_AACTTTCAGCGTTGCC-2","Tumor"
"SYNTH-24-9-1","Capture_5'_TGACTTTTCGTTTAGG-1","Dividing Tumor"
"SYNTH-24-9-1","Capture_3'_TACCGGGAGTAGACCG-3","Dividing Tumor"
"SYNTH-24-9-1","Capture_3'_TGAGCATCACTGTGAT-1","TAMs"
"SYNTH-24-9-1","Capture_5'_GGAACTTGTCATATGC-4","Tumor"
"SYNTH-24-9-1","Capture_5'_GACCTGGAGACACTAA-2","Tumor"
"SYNTH-24-9-1","Capture_5'_CGCTGGACACCACGTG-2","Dividing Tumor"
"SYNTH-24-9-1","Capture_3'_TCATATCTCCGATAAC-4","T-cells"
"SYNTH-24-10-1","Capture_5'_CACAGGCAGCCCAATT-4","Tumor"
"SYNTH-24-10-1","Capture_5'_TCGTACCGTCGTCTTC-4","Luminal A"
"SYNTH-24-10-1","Capture_3'_TCACGCTAGAAAGTCT-3","B-cells"
"SYNTH-24-10-1","Capture_3'_TACCGGGTCACATTGG-3","Luminal A"
"SYNTH-24-10-1","Capture_5'_TGTTCCGTCTAACTTC-4","Tumor"
"SYNTH-24-10-1","Capture_5'_TGATTTCGTAGTAGTA-2","Tumor"
"SYNTH-24-11-1","Capture_5'_GGGTCTGGTCTAGTGT-4","Tumor"
"SYNTH-24-11-1","Capture_5'_AAAGATGAGCTAAGAT-2","TAMs"
"SYNTH-24-11-1","Capture_5'_GTCAAGTTCACTGGGC-4","T-cells"
"SYNTH-24-11-1","Capture_5'_ACACCCTCACCCTATC-2","Endothelial Cells"
"SYNTH-24-11-1","Capture_5'_ACGGGCTTCGAATGGG-2","Tumor"
"SYNTH-24-11-1","Capture_5'_AAGGCAGCAGACGCTC-3","Tumor"
"SYNTH-24-11-1","Capture_5'_TTGCCGTGTCCGAATT-4","Tumor"
"SYNTH-24-11-1","Capture_5'_TCCACACAGGCGTACA-2","Dividing Tumor"
"SYNTH-24-12-1","Capture_3'_GGGAAGTCACCCTGAG-2","Tumor"
"SYNTH-24-12-1","Capture_3'_CTCATTACAGGCGAAT-3","T-cells"
"SYNTH-24-12-1","Capture_5'_AAACCTGAGTACGTAA-4","Dividing Tumor"
"SYNTH-24-13-1","Capture_5'_CAGGTGCAGTATTGGA-4","Tumor"
"SYNTH-24-13-1","Capture_5'_AGTGTCAAGCGAAGGG-2","Luminal B"
"SYNTH-24-13-1","Capture_3'_GTTCATTAGAGCATAT-2","Luminal A"
"SYNTH-24-13-1","Capture_5'_CGTTAGATCTCGATGA-1","Luminal B"
"SYNTH-24-13-1","Capture_3'_ATGGATCGTAGGAGTC-2","Dividing Tumor"
"SYNTH-24-14-1","Capture_3'_GTAGTACAGCAAATGT-1","Dividing Tumor"
"SYNTH-24-14-1","Capture_3'_TTGCGTCAGCCATGCC-2","Tumor"
"SYNTH-24-14-1","Capture_5'_TAAGAGAGTTTACTCT-4","Dividing Tumor"
"SYNTH-24-14-1","Capture_5'_AATCCAGCACTTGGAT-4","Tumor"
"SYNTH-24-15-1","Capture_3'_TGTGCGGAGATGACCG-1","Dividing Tumor"
"SYNTH-24-15-1","Capture_3'_CTGTAGATCGGTTAGT-4","Tumor"
"SYNTH-24-15-1","Capture_5'_ATAAGAGTCATGTCCC-1","T-cells"
"SYNTH-24-15-1","Capture_3'_AGAGCCCGTGCCGGTT-3","TAMs"
"SYNTH-24-16-1","Capture_3'_CAGTGCGCATTACGGT-3","Tumor"
"SYNTH-24-16-1","Capture_5'_CGCCAAGCAGCCTTTC-4","Tumor"
"SYNTH-24-16-1","Capture_5'_GCATGCGAGTGTGGCA-1","Dividing Tumor"
"SYNTH-24-16-1","Capture_3'_TCGGGACAGACGCCAA-2","T-cells"
"SYNTH-24-17-1","Capture_5'_CAGAATCCACTAAGTC-1","Tumor"
"SYNTH-24-17-1","Capture_3'_TCAGTGATCTACTGCC-2","Dividing Tumor"
"SYNTH-24-17-1","Capture_5'_CTAACTTAGAGGACGG-4","Dividing Tumor"
"SYNTH-24-17-1","Capture_3'_CCATCACTCCACACCT-4","Tumor"
"SYNTH-24-17-1","Capture_5'_TGTCCCAAGGGCTTCC-4","Tumor"
"SYNTH-24-17-1","Capture_5'_AAACGGGTCTGATTCT-4","Tumor"
"SYNTH-24-17-1","Capture_5'_GATGCTAGTGCACTTA-4","Tumor"
"SYNTH-24-17-1","Capture_3'_CGTGCTTCACGTACAT-4","Tumor"
"SYNTH-24-18-1","Capture_5'_CTCGTACGTACGCACC-2","Endothelial Cells"
"SYNTH-24-18-1","Capture_5'_AGTAGTCAGTGTTTGC-2","T-cells"
"SYNTH-24-18-1","Capture_5'_CCTCAGTGTCATACTG-4","Tumor"
"SYNTH-24-18-1","Capture_5'_CTTGGCTAGCAACGGT-1","T-cells"
"SYNTH-24-18-1","Capture_5'_ACGGGCTGTCAGCTAT-2","Luminal A"
"SYNTH-24-18-1","Capture_5'_TTAGGACAGAGCTGGT-2","T-cells"
"SYNTH-24-19-1","Capture_3'_TGTAAGCTCATGAGTC-4","Tumor"
"SYNTH-24-19-1","Capture_3'_TGTCAGATCTAACGCA-2","B-cells"
"SYNTH-24-19-1","Capture_3'_AGGTTACAGCCTAGGA-2","Tumor"
"SYNTH-24-19-1","Capture_5'_AGGGTGAGTAAGGGCT-1","Tumor"
"SYNTH-24-19-1","Capture_5'_CACAGTATCTTAACCT-4","Tumor"
"SYNTH-24-19-1","Capture_5'_GTGCATATCCTTTACA-4","Dividing Tumor"
"SYNTH-24-19-1","Capture_5'_CAAGGCCGTTCCACTC-3","Dividing Tumor"
"SYNTH-24-20-1","Capture_5'_TTTATGCGTAAACACA-3","Tumor"
"SYNTH-24-20-1","Capture_3'_CTAACTTCAAGGCTTT-4","Dividing Tumor"
"SYNTH-24-20-1","Capture_5'_TCAGGTATCTCTAAGG-4","Dividing Tumor"
"SYNTH-24-20-1","Capture_5'_ACCGTAAAGTGCAAGC-3","Tumor"
"SYNTH-24-21-1","Capture_3'_GGAACCCAGAGTCGAC-3","Dividing Tumor"
"SYNTH-24-21-1","Capture_5'_GTGTGCGGTGTTCTTT-3","Tumor"
"SYNTH-24-21-1","Capture_5'_CCCAATCCAAGTACCT-1","Tumor"
"SYNTH-24-21-1","Capture_5'_CACAGGCAGGCAAAGA-3","Luminal A"
"SYNTH-24-21-1","Capture_5'_CTTAGGAGTGAGGGTT-4","Tumor"
"SYNTH-24-21-1","Capture_5'_CATATGGGTTACAGAA-2","Dividing Tumor"
"SYNTH-24-21-1","Capture_3'_GGTAACTGTAACCCGC-1","T-cells"
"SYNTH-24-21-1","Capture_5'_TGACTTTCATTCCTCG-3","Dividing Tumor"
"SYNTH-24-22-1","Capture_3'_ATTTACCTCGTCTCAC-1","T-cells"
"SYNTH-24-23-1","Capture_3'_CTTGAGAAGCAGAAAG-3","B-cells"
"SYNTH-24-23-1","Capture_5'_GGCGACTTCGCATGGC-2","Tumor"
"SYNTH-24-23-1","Capture_3'_ACAACCACACTAGTAC-2","Dividing Tumor"
"SYNTH-24-23-1","Capture_5'_ACACTGATCAGCTTAG-4","Tumor"
"SYNTH-24-23-1","Capture_5'_GGGTCTGGTATAAACG-1","Tumor"
"SYNTH-24-23-1","Capture_5'_ACGATACTCTAACTGG-4","Tumor"
"SYNTH-24-23-1","Capture_5'_GCAATCAAGCTGAAAT-4","Tumor"
"SYNTH-24-23-1","Capture_3'_TCATTCAGTGGCCACT-3","Tumor"
"SYNTH-24-23-1","Capture_5'_CAGCTGGGTTAAGAAC-4","Tumor"
"SYNTH-24-24-1","Capture_3'_GACAGCCGTGGCCTCA-1","Tumor"
"SYNTH-24-24-1","Capture_5'_TCTCATAGTCCGAAGA-3","T-cells"
"SYNTH-24-24-1","Capture_5'_TGAGCATTCGTTTATC-2","Tumor"
"SYNTH-24-25-1","Capture_5'_GCTGGGTAGGGCTTGA-4","Dividing Tumor"
"SYNTH-24-25-1","Capture_5'_ACTTACTTCAGGATCT-2","T-cells"
"SYNTH-24-25-1","Capture_5'_GTGCATATCCTTTACA-4","Dividing Tumor"
"SYNTH-24-25-1","Capture_5'_ACGCCGAAGCGCTCCA-4","Tumor"
"SYNTH-24-25-1","Capture_3'_CAGCGTGCATCGTTCC-1","Tumor"
"SYNTH-24-25-1","Capture_5'_TTTGGTTCACATCTTT-4","Tumor"
"SYNTH-24-25-1","Capture_5'_TTTGGTTGTCGAACAG-3","Fibroblasts"
"SYNTH-24-25-1","Capture_3'_TGTTCATGTTCTCTCG-2","T-cells"
"SYNTH-24-25-1","Capture_5'_TAGTTGGAGTGTGAAT-3","Dividing Tumor"
"SYNTH-24-25-1","Capture_3'_TCACTATGTTGGTAGG-1","Tumor"
"SYNTH-24-26-1","Capture_3'_GAAGGGTTCGTAACCA-4","Tumor"
"SYNTH-24-26-1","Capture_5'_GCACATAAGCGTCTAT-4","Dividing Tumor"
"SYNTH-24-26-1","Capture_3'_TGATTCTGTAAGCAAT-1","Endothelial Cells"
"SYNTH-24-26-1","Capture_5'_CTGATCCGTTCACCTC-2","Dividing Tumor"
"SYNTH-24-26-1","Capture_5'_CTTAGGACAAACCTAC-4","Dividing Tumor"
"SYNTH-24-26-1","Capture_5'_GTAACGTTCCTTTCGG-1","Tumor"
"SYNTH-24-27-1","Capture_5'_CTGAAACGTGGTAACG-1","Tumor"
"SYNTH-24-27-1","Capture_5'_GCTCCTATCCGGGTGT-4","T-cells"
"SYNTH-24-27-1","Capture_3'_TACAGGTTCTCATTGT-4","T-cells"
"SYNTH-24-27-1","Capture_5'_TATGCCCAGTTGTAGA-2","Tumor"
"SYNTH-24-27-1","Capture_3'_CCTCTCCTCACCTGTC-2","Dividing Tumor"
"SYNTH-24-28-1","Capture_3'_TTGCGTCCAGCGGTTC-2","Endothelial Cells"
"SYNTH-24-28-1","Capture_5'_TTTGTCACACGAGAGT-2","Tumor"
"SYNTH-24-28-1","Capture_5'_ACGATGTAGACTTTCG-1","Tumor"
"SYNTH-24-28-1","Capture_3'_GTAGTACCATGGACAG-2","Tumor"
"SYNTH-24-28-1","Capture_3'_CAACGGCAGTCCCAGC-3","Dividing Tumor"
"SYNTH-24-28-1","Capture_5'_CAGCAGCAGAGTAAGG-2","Tumor"
"SYNTH-24-29-1","Capture_5'_TGTTCCGGTCTTTCAT-4","Tumor"
"SYNTH-24-29-1","Capture_5'_CCAATCCTCGCCAGCA-4","Dividing Tumor"
"SYNTH-24-29-1","Capture_5'_CGGCTAGTCACCTCGT-3","Tumor"
"SYNTH-24-29-1","Capture_5'_TAGAGCTCATTACCTT-4","Tumor"
"SYNTH-24-29-1","Capture_5'_TGGCTGGTCCAGTAGT-3","Tumor"
"SYNTH-24-29-1","Capture_3'_TGAGCATCAGGCACTC-2","T-cells"
"SYNTH-24-29-1","Capture_3'_GCTGAATTCCGGTTCT-4","T-cells"
"SYNTH-24-30-1","Capture_3'_AATAGAGCAGCTATAC-1","Endothelial Cells"
"SYNTH-24-30-1","Capture_5'_GGGAATGAGCGCTCCA-4","Dividing Tumor"
"SYNTH-24-31-1","Capture_5'_GTTCTCGGTTGATTCG-2","Tumor"
"SYNTH-24-31-1","Capture_3'_AACGGGAGTACGGCAA-4","Tumor"
"SYNTH-24-31-1","Capture_5'_CGTCCATGTAAGGGCT-4","Tumor"
"SYNTH-24-31-1","Capture_3'_TCGCTTGGTGCCCTTT-2","Tumor"
"SYNTH-24-32-1","Capture_5'_AACTTTCAGGACACCA-3","Dividing Tumor"
"SYNTH-24-32-1","Capture_5'_GATCGATTCGGCGGTT-3","Luminal A"
"SYNTH-24-32-1","Capture_5'_CGCGGTAAGAAGGTTT-4","Tumor"
"SYNTH-24-32-1","Capture_3'_CTGGTCTGTTAAAGTG-3","Tumor"
"SYNTH-24-32-1","Capture_3'_CAGATTGGTTCCTACC-3","Tumor"
"SYNTH-24-32-1","Capture_5'_TTCGAAGTCCACTCCA-2","Tumor"
"SYNTH-24-32-1","Capture_3'_GTGCACGAGGCTAAAT-1","Tumor"
"SYNTH-24-33-1","Capture_5'_ACTGAGTAGAAGGTGA-3","TAMs"
"SYNTH-24-33-1","Capture_5'_TGTTCCGAGACCTTTG-4","T-cells"
"SYNTH-24-33-1","Capture_5'_ATTACTCAGACAGAGA-3","Tumor"
"SYNTH-24-33-1","Capture_3'_ACTATCTAGATCGCCC-4","Tumor"
"SYNTH-24-33-1","Capture_5'_GAGCAGAGTAAGGATT-1","Plasma Cells"
"SYNTH-24-33-1","Capture_3'_GTGCTTCCAGAAGCTG-4","Dividing Tumor"
"SYNTH-24-33-1","Capture_5'_GGCCGATCAAGTACCT-4","T-cells"
"SYNTH-24-33-1","Capture_3'_AGCATCACACAGTCGC-2","T-cells"
"SYNTH-24-33-1","Capture_5'_CTGAAACTCTGGTTCC-3","Dividing Tumor"
"SYNTH-24-33-1","Capture_5'_CTACATTAGACTTGAA-1","Tumor"
"SYNTH-24-34-1","Capture_5'_CGTAGGCAGCTGCGAA-4","T-cells"
"SYNTH-24-35-1","Capture_5'_GCTTGAACACTGCCAG-4","Dividing Tumor"
"SYNTH-24-35-1","Capture_5'_CACAGGCAGAGGTTGC-3","Dividing Tumor"
"SYNTH-24-35-1","Capture_5'_CTCTAATGTCGGATCC-4","Tumor"
"SYNTH-24-35-1","Capture_3'_TGAACGTGTGAGATAT-4","Tumor"
"SYNTH-24-35-1","Capture_5'_AGAGCGAAGCATCATC-3","Tumor"
"SYNTH-24-35-1","Capture_5'_GTGCTTCTCTACTCAT-3","Luminal A"
"SYNTH-24-35-1","Capture_3'_CCGGGTAAGTGCGTCC-3","Dividing Tumor"
"SYNTH-24-36-1","Capture_5'_GAGGTGACATTTGCTT-1","Dividing Tumor"
"SYNTH-24-36-1","Capture_5'_TCATTTGCAGCCTATA-4","Dividing Tumor"
"SYNTH-24-36-1","Capture_3'_AAAGAACGTGACCGTC-3","Dividing Tumor"
"SYNTH-24-36-1","Capture_5'_CACAGTACATAGGATA-2","Tumor"
"SYNTH-24-36-1","Capture_3'_CTTGAGATCGTCTAAG-1","Tumor"
"SYNTH-24-36-1","Capture_5'_GTGCTTCAGAAGGACA-4","Dividing Tumor"
"SYNTH-24-36-1","Capture_5'_ACACCGGGTAGAAGGA-2","Tumor"
"SYNTH-24-37-1","Capture_5'_TGTATTCAGGTAGCTG-4","Tumor"
"SYNTH-24-37-1","Capture_5'_CAACCTCGTTAAAGAC-3","Tumor"
"SYNTH-24-37-1","Capture_5'_GCCTCTAAGTGTTTGC-2","T-cells"
"SYNTH-24-37-1","Capture_3'_ATACTTCTCTATCGTT-3","Tumor"
"SYNTH-24-37-1","Capture_5'_ACAGCTAAGTAGTGCG-2","Luminal A"
"SYNTH-24-38-1","Capture_5'_AAAGTAGGTCCCGACA-4","Dividing Tumor"
"SYNTH-24-38-1","Capture_3'_CTATAGGTCCTCATAT-4","T-cells"
"SYNTH-24-38-1","Capture_3'_TCATCATTCGGCACTG-3","Tumor"
"SYNTH-24-38-1","Capture_5'_AGAGCGAAGATGCGAC-4","T-cells"
"SYNTH-24-39-1","Capture_3'_TCCAGAACAACACAAA-2","Dividing Tumor"
"SYNTH-24-39-1","Capture_3'_TGGTAGTAGACTCATC-1","Tumor"
"SYNTH-24-39-1","Capture_5'_GCAGCCAGTATCAGTC-1","T-cells"
"SYNTH-24-39-1","Capture_3'_CGTCAAATCCATATGG-3","Tumor"
"SYNTH-24-39-1","Capture_5'_GCGGGTTAGTACGCGA-2","T-cells"
"SYNTH-24-39-1","Capture_5'_TGCACCTCACCAGGCT-3","Tumor"
"SYNTH-24-39-1","Capture_3'_AAGTCGTCATGCCGAC-2","Dividing Tumor"
"SYNTH-24-39-1","Capture_3'_TTGCGTCCAGCGGTTC-2","Endothelial Cells"
"SYNTH-24-39-1","Capture_3'_GCCATTCCACCATTCC-3","Tumor"
"SYNTH-24-39-1","Capture_3'_ACTTATCCATGCGGTC-3","Tumor"
"SYNTH-24-40-1","Capture_3'_GGAGGTAGTTGAGAGC-2","Tumor"
"SYNTH-24-40-1","Capture_5'_AGGGAGTTCCACTGGG-4","T-cells"
"SYNTH-24-41-1","Capture_5'_TACCTATTCCGCGTTT-1","Tumor"
"SYNTH-24-41-1","Capture_5'_CACATAGGTCCTCCAT-1","Tumor"
"SYNTH-24-42-1","Capture_5'_TGTGTTTAGTGAAGAG-1","B-cells"
"SYNTH-24-42-1","Capture_5'_ACGATGTGTAACGACG-2","Tumor"
"SYNTH-24-42-1","Capture_5'_CTCCTAGAGAGTCTGG-3","Endothelial Cells"
"SYNTH-24-42-1","Capture_5'_TACTTGTCACACTGCG-3","Dividing Tumor"
"SYNTH-24-43-1","Capture_5'_CCTTACGAGTGAATTG-1","Tumor"
"SYNTH-24-44-1","Capture_5'_TCAGCTCAGTTTAGGA-3","Ciliated Cells"
"SYNTH-24-45-1","Capture_5'_CATATGGAGCAATCTC-1","Tumor"
"SYNTH-24-45-1","Capture_5'_GTTAAGCTCTTTAGGG-1","T-cells"
"SYNTH-24-45-1","Capture_3'_TTCCGGTAGGCACGAT-1","Dividing Tumor"
"SYNTH-24-45-1","Capture_5'_TGGGAAGAGAACAATC-4","Endothelial Cells"
"SYNTH-24-46-1","Capture_3'_CGAAGTTCACAGAGAC-2","Tumor"
"SYNTH-24-46-1","Capture_5'_AGTGGGACAGTTCCCT-3","Tumor"
"SYNTH-24-46-1","Capture_5'_CACACCTTCGAGGTAG-2","Tumor"
"SYNTH-24-46-1","Capture_5'_GATCAGTCAGTCGATT-4","Tumor"
"SYNTH-24-47-1","Capture_5'_TTTGTCACATACGCTA-1","Tumor"
"SYNTH-24-47-1","Capture_5'_GTGTTAGGTGCTTCTC-1","T-cells"
"SYNTH-24-47-1","Capture_5'_GATCGCGGTCTCTTAT-3","T-cells"
"SYNTH-24-47-1","Capture_5'_AGAGCTTTCAGCGATT-1","Tumor"
"SYNTH-24-47-1","Capture_3'_TGTTCTACATCAGCGC-1","Dividing Tumor"
"SYNTH-24-48-1","Capture_5'_CGGAGCTAGCGATGAC-4","Tumor"
"SYNTH-24-48-1","Capture_5'_TGACAACAGCCACGTC-1","Tumor"
"SYNTH-24-48-1","Capture_3'_GGGTATTGTACAGAAT-4","Dividing Tumor"
"SYNTH-24-48-1","Capture_3'_CACAGGCGTTTACCAG-2","Tumor"
"SYNTH-24-48-1","Capture_5'_TTTCCTCGTTTGCATG-3","Dividing Tumor"
"SYNTH-24-48-1","Capture_5'_GGAATAAAGTTGTAGA-4","Dividing Tumor"
"SYNTH-24-48-1","Capture_3'_AACAACCAGCAATAAC-2","Tumor"
"SYNTH-24-49-1","Capture_5'_ACATGGTAGCGTTCCG-2","Tumor"
"SYNTH-24-49-1","Capture_3'_CGGAGAATCAAGCTGT-3","Endothelial Cells"
"SYNTH-24-50-1","Capture_5'_TCCACACTCCATTCTA-4","T-cells"
"SYNTH-24-50-1","Capture_3'_GGGAGTAAGGACGGAG-4","Tumor"
"SYNTH-24-50-1","Capture_3'_TTCCTAAAGGCATCGA-1","Tumor"
"SYNTH-25-1-1","Capture_5'_CGAATGTCATAGAAAC-3","Tumor"
"SYNTH-25-1-1","Capture_3'_GTGGGAAAGATTGATG-2","T-cells"
"SYNTH-25-1-1","Capture_3'_AGCGATTCATGACTGT-4","Dividing Tumor"
"SYNTH-25-1-1","Capture_5'_TCTGAGATCAGTTGAC-4","Tumor"
"SYNTH-25-1-1","Capture_3'_TCGGGACGTCGTGCCA-2","Dividing Tumor"
"SYNTH-25-1-1","Capture_5'_CGACCTTGTTACCAGT-4","Tumor"
"SYNTH-25-1-1","Capture_3'_CAATACGGTCACAATC-2","Luminal B"
"SYNTH-25-1-1","Capture_5'_GATGAGGTCACGCATA-2","Dividing Tumor"
"SYNTH-25-1-1","Capture_3'_GCCAGGTAGCATAGGC-4","Tumor"
"SYNTH-25-1-1","Capture_5'_ATCATGGCATAAGACA-1","Tumor"
"SYNTH-25-2-1","Capture_5'_ACGCAGCGTAGTAGTA-2","Tumor"
"SYNTH-25-2-1","Capture_5'_CAACCAATCCGTTGCT-2","Tumor"
"SYNTH-25-3-1","Capture_5'_GACGTTACATGCCCGA-4","TAMs"
"SYNTH-25-3-1","Capture_5'_ATCATGGTCTTTCCTC-4","Dividing Tumor"
"SYNTH-25-4-1","Capture_5'_TGACTTTTCTGTTGAG-2","Dividing Tumor"
"SYNTH-25-4-1","Capture_5'_TCTCATACATCCGGGT-3","T-cells"
"SYNTH-25-4-1","Capture_5'_CTCAGAAAGTCGATAA-4","Dividing Tumor"
"SYNTH-25-5-1","Capture_5'_ACTATCTTCTTGAGAC-2","T-cells"
"SYNTH-25-5-1","Capture_3'_GTAGGTTGTAGTTACC-2","TAMs"
"SYNTH-25-5-1","Capture_5'_ATCGAGTAGCTATGCT-1","Dividing Tumor"
"SYNTH-25-5-1","Capture_5'_AGGTCCGCAGATCGGA-3","Dividing Tumor"
"SYNTH-25-6-1","Capture_5'_CATATGGAGCCCAACC-4","Dividing Tumor"
"SYNTH-25-6-1","Capture_5'_CAGAGAGGTCGAACAG-2","Dividing Tumor"
"SYNTH-25-6-1","Capture_5'_CTGAAACAGCGATGAC-4","T-cells"
"SYNTH-25-6-1","Capture_3'_CTTCCGAAGTAAAGCT-2","Tumor"
"SYNTH-25-6-1","Capture_5'_TTCGAAGAGTAGGCCA-4","Tumor"
"SYNTH-25-6-1","Capture_3'_GTCGAATTCGCTTGAA-3","Dividing Tumor"
"SYNTH-25-6-1","Capture_5'_GACACGCCATCGGACC-1","T-cells"
"SYNTH-25-6-1","Capture_5'_ACATACGAGAGTGACC-1","Tumor"
"SYNTH-25-6-1","Capture_3'_GCCGTGAAGAAAGCGA-3","Dividing Tumor"
"SYNTH-25-7-1","Capture_5'_CTGATCCCACCATGTA-1","Dividing Tumor"
"SYNTH-25-7-1","Capture_3'_TACCGGGGTCCTGTTC-3","T-cells"
"SYNTH-25-7-1","Capture_3'_CTTACCGGTTATGTCG-3","Tumor"
"SYNTH-25-7-1","Capture_5'_CTTCTCTAGTCTTGCA-4","Dividing Tumor"
"SYNTH-25-8-1","Capture_3'_AGACCATCACCCTCTA-3","Myoepithelial Cells"
"SYNTH-25-8-1","Capture_5'_GAGTCCGGTCAGATAA-3","Dividing Tumor"
"SYNTH-25-8-1","Capture_5'_TAAGTGCCAAGGGTCA-4","T-cells"
"SYNTH-25-8-1","Capture_3'_TATCCTAAGTCAAGCG-2","Tumor"
"SYNTH-25-8-1","Capture_5'_CATCAGAAGGTAGCCA-4","TAMs"
"SYNTH-25-8-1","Capture_5'_AGCATACTCTACCAGA-4","Dividing Tumor"
"SYNTH-25-8-1","Capture_5'_CATCAGATCCTGCAGG-3","T-cells"
"SYNTH-25-8-1","Capture_3'_GTTGTAGCAATAACCC-3","Tumor"
"SYNTH-25-8-1","Capture_3'_TTCCGGTTCACCATGA-2","T-cells"
"SYNTH-25-8-1","Capture_5'_ACGGAGAGTCGCGGTT-1","Tumor"
"SYNTH-25-9-1","Capture_5'_AGCTCTCGTAGTACCT-3","Tumor"
"SYNTH-25-9-1","Capture_5'_GGCGACTTCCTAGGGC-1","Tumor"
"SYNTH-25-9-1","Capture_5'_CCTCTGACAGGGCATA-3","T-cells"
"SYNTH-25-9-1","Capture_5'_AAACGGGCACATAACC-4","T-cells"
"SYNTH-25-9-1","Capture_5'_TACTCGCGTTACGACT-2","Luminal A"
"SYNTH-25-9-1","Capture_5'_CCTCTGATCGTCCGTT-1","T-cells"
"SYNTH-25-9-1","Capture_3'_ACTCTCGGTAATGCTC-3","Tumor"
"SYNTH-25-10-1","Capture_3'_TTTGACTAGCAGGGAG-4","Dividing Tumor"
"SYNTH-25-10-1","Capture_5'_ATAGACCAGCTGATAA-3","Endothelial Cells"
"SYNTH-25-10-1","Capture_3'_CTGCGAGTCCACGTAA-3","Endothelial Cells"
"SYNTH-25-10-1","Capture_3'_ACCTGAAGTGTGAATA-3","Tumor"
"SYNTH-25-10-1","Capture_3'_ACCAAACAGTGCAAAT-1","T-cells"
"SYNTH-25-10-1","Capture_5'_CGTTAGACAAACAACA-2","Dividing Tumor"
"SYNTH-25-10-1","Capture_5'_TCACGAAGTCCCTACT-2","Tumor"
"SYNTH-25-10-1","Capture_5'_CATCCACTCCAGAGGA-3","Dividing Tumor"
"SYNTH-25-10-1","Capture_5'_TAAGAGATCCTTGCCA-1","Dividing Tumor"
"SYNTH-25-10-1","Capture_5'_CACCAGGTCTACGAGT-1","T-cells"
"SYNTH-25-11-1","Capture_5'_CACCTTGAGACCGGAT-1","Tumor"
"SYNTH-25-11-1","Capture_3'_GGAGGATGTATAGCTC-2","Dividing Tumor"
"SYNTH-25-12-1","Capture_5'_GTGAAGGTCTTGAGGT-4","Tumor"
"SYNTH-25-13-1","Capture_3'_TGATTCTAGTAATTGG-1","T-cells"
"SYNTH-25-14-1","Capture_5'_AACTCTTAGAAGGCCT-2","Tumor"
"SYNTH-25-14-1","Capture_5'_GTGCTTCAGCTAGTCT-1","Dividing Tumor"
"SYNTH-25-14-1","Capture_3'_AGTCTCCCAGCGATTT-4","B-cells"
"SYNTH-25-14-1","Capture_3'_TCGATTTCAACCGTGC-2","T-cells"
"SYNTH-25-14-1","Capture_5'_CTCCTAGTCTGTCAAG-3","T-cells"
"SYNTH-25-14-1","Capture_5'_CCTTCGATCAGGATCT-3","Tumor"
"SYNTH-25-14-1","Capture_5'_AGCGGTCAGTTCCACA-2","Tumor"
"SYNTH-25-14-1","Capture_3'_ATTCATCAGACGAGCT-1","Luminal A"
"SYNTH-25-15-1","Capture_5'_CGATGGCCACCTCGTT-4","Tumor"
"SYNTH-25-15-1","Capture_5'_GCTTGAATCCGAATGT-1","Luminal A"
"SYNTH-25-15-1","Capture_5'_AGTTGGTTCTTCAACT-3","T-cells"
"SYNTH-25-16-1","Capture_5'_CCATTCGAGAGGGATA-4","Dividing Tumor"
"SYNTH-25-16-1","Capture_5'_CGTAGCGGTCTAGTGT-1","Tumor"
"SYNTH-25-16-1","Capture_5'_TTATGCTTCCCTCTTT-1","Tumor"
"SYNTH-25-16-1","Capture_5'_CGCTGGAAGAAACCGC-4","Endothelial Cells"
"SYNTH-25-16-1","Capture_5'_TCGGGACAGGTACTCT-3","Dividing Tumor"
"SYNTH-25-16-1","Capture_5'_TCGTAGACAACCGCCA-2","T-cells"
"SYNTH-25-16-1","Capture_5'_CATTATCCAATTCCTT-3","Dividing Tumor"
"SYNTH-25-16-1","Capture_5'_ACTTACTAGCCATCGC-3","Dividing Tumor"
"SYNTH-25-16-1","Capture_3'_AGACCCGCAATTGTGC-4","Myoepithelial Cells"
"SYNTH-25-16-1","Capture_5'_CTCACACTCCAGAAGG-4","Tumor"
"SYNTH-25-17-1","Capture_5'_TGCACCTGTCTCTTTA-4","Tumor"
"SYNTH-25-17-1","Capture_5'_CGATGTAGTCTCTTAT-4","Tumor"
"SYNTH-25-18-1","Capture_3'_ATGCCTCGTCCTCCTA-3","Tumor"
"SYNTH-25-18-1","Capture_5'_CAGCAGCGTTGGTAAA-4","Tumor"
"SYNTH-25-18-1","Capture_5'_CGGGTCATCTATCCTA-1","Tumor"
"SYNTH-25-18-1","Capture_5'_AGCTCCTTCTTCGGTC-2","Dividing Tumor"
"SYNTH-25-19-1","Capture_5'_GGATTACTCTATCCTA-4","Dividing Tumor"
"SYNTH-25-20-1","Capture_3'_ACGGTTACAGAGGTAC-2","Tumor"
"SYNTH-25-20-1","Capture_5'_AAGCCGCTCAGCGACC-3","T-cells"
"SYNTH-25-20-1","Capture_5'_CAGCATAGTATGAATG-4","Plasma Cells"
"SYNTH-25-20-1","Capture_3'_CGTAAGTCAAACGAGC-1","Tumor"
"SYNTH-25-20-1","Capture_3'_ATCCGTCGTGCAACAG-4","Luminal A"
"SYNTH-25-20-1","Capture_3'_TGAGGTTAGAGAGTGA-3","Tumor"
"SYNTH-25-21-1","Capture_5'_CGTCTACGTATGGTTC-3","T-cells"
"SYNTH-25-21-1","Capture_5'_CATCGAAAGCAGATCG-4","T-cells"
"SYNTH-25-21-1","Capture_5'_CTGAAACCAGGCAGTA-4","Tumor"
"SYNTH-25-21-1","Capture_5'_AGAGCGATCGCCATAA-4","Dividing Tumor"
"SYNTH-25-22-1","Capture_3'_TCAGGGCAGACCATAA-1","Tumor"
"SYNTH-25-22-1","Capture_5'_ACAGCCGTCGGAAACG-1","Tumor"
"SYNTH-25-22-1","Capture_5'_TACCTATGTAAATGTG-4","Luminal A"
"SYNTH-25-22-1","Capture_5'_GTATTCTGTGATAAAC-4","Dividing Tumor"
"SYNTH-25-23-1","Capture_5'_GACGCGTCACTGCCAG-3","T-cells"
"SYNTH-25-23-1","Capture_3'_CTGCCTACAAGTGCTT-2","Tumor"
"SYNTH-25-23-1","Capture_5'_CAGAATCCAGCTCCGA-1","Tumor"
"SYNTH-25-23-1","Capture_5'_TTCGAAGTCCTGCAGG-3","T-cells"
"SYNTH-25-23-1","Capture_5'_AAGGCAGGTCTCACCT-2","Tumor"
"SYNTH-25-23-1","Capture_3'_CTGAGGCTCAAGCCCG-4","Luminal A"
"SYNTH-25-23-1","Capture_5'_GGGAATGGTGCAACTT-3","Tumor"
"SYNTH-25-23-1","Capture_5'_GAACGGATCATGGTCA-4","Tumor"
"SYNTH-25-24-1","Capture_5'_GACGTGCAGACTAAGT-1","Tumor"
"SYNTH-25-24-1","Capture_3'_GGTGATTAGCTCACTA-3","T-cells"
"SYNTH-25-24-1","Capture_5'_GATGCTAAGGATATAC-2","Tumor"
"SYNTH-25-24-1","Capture_5'_TGCGGGTTCCTGCCAT-4","Luminal B"
"SYNTH-25-24-1","Capture_5'_GAAGCAGAGGTGATTA-1","T-cells"
"SYNTH-25-24-1","Capture_3'_CTTCAATTCTCGACCT-4","T-cells"
"SYNTH-25-24-1","Capture_3'_TGGATCATCCGTTGAA-1","Tumor"
"SYNTH-25-25-1","Capture_5'_AGCTCTCTCGCATGGC-1","Dividing Tumor"
"SYNTH-25-25-1","Capture_5'_CAAGTTGGTCTCTCTG-3","Tumor"
"SYNTH-25-25-1","Capture_3'_AGCCAATGTCTCAGGC-4","Endothelial Cells"
"SYNTH-25-26-1","Capture_5'_AAGACCTGTACTTAGC-4","Dividing Tumor"
"SYNTH-25-26-1","Capture_5'_ATTTCTGCACTTGGAT-1","Luminal A"
"SYNTH-25-26-1","Capture_5'_GCTGCGAAGGACATTA-3","Tumor"
"SYNTH-25-26-1","Capture_5'_CGTGTCTAGGGAAACA-4","Dividing Tumor"
"SYNTH-25-26-1","Capture_5'_CGGTTAAGTCGCGTGT-2","Tumor"
"SYNTH-25-26-1","Capture_5'_TGCGTGGTCACCAGGC-1","Luminal A"
"SYNTH-25-27-1","Capture_5'_CTCTAATAGGCCCTCA-4","Dividing Tumor"
"SYNTH-25-27-1","Capture_5'_GAGTCCGGTCAGATAA-3","Dividing Tumor"
"SYNTH-25-27-1","Capture_5'_ATCCGAACATATGAGA-2","Tumor"
"SYNTH-25-27-1","Capture_5'_ACAGCTATCGCGCCAA-1","T-cells"
"SYNTH-25-27-1","Capture_5'_AGTCTTTCAAAGGCGT-3","Tumor"
"SYNTH-25-27-1","Capture_5'_CAGCAGCCAAGTACCT-4","T-cells"
"SYNTH-25-27-1","Capture_5'_TGCGCAGAGCCGCCTA-3","Tumor"
"SYNTH-25-27-1","Capture_5'_TCACGAATCGTCCGTT-3","Dividing Tumor"
"SYNTH-25-27-1","Capture_3'_TCGGGACCAGCTGTGC-2","Tumor"
"SYNTH-25-28-1","Capture_3'_ATCACAGTCAATCAGC-4","Dividing Tumor"
"SYNTH-25-28-1","Capture_3'_GCATCGGCACACAGCC-1","Tumor"
"SYNTH-25-28-1","Capture_5'_CTAGAGTAGACTACAA-1","T-cells"
"SYNTH-25-28-1","Capture_5'_GATTCAGTCTAACCGA-3","T-cells"
"SYNTH-25-28-1","Capture_3'_GCAGTTATCGTGCACG-2","Fibroblasts"
"SYNTH-25-28-1","Capture_3'_AACGTCAAGGGTAGCT-3","T-cells"
"SYNTH-25-28-1","Capture_3'_GTGCTTCTCTACGCAA-4","Tumor"
"SYNTH-25-28-1","Capture_3'_ACGGTCGCATTAGGCT-3","Tumor"
"SYNTH-25-29-1","Capture_5'_GATCGATTCAGCCTAA-2","Dividing Tumor"
"SYNTH-25-30-1","Capture_5'_GGTATTGTCCTTGCCA-4","Dividing Tumor"
"SYNTH-25-30-1","Capture_3'_CAAAGAACAGATTAAG-2","Dividing Tumor"
"SYNTH-25-30-1","Capture_5'_ACGCCAGAGAGAGCTC-3","Dividing Tumor"
"SYNTH-25-30-1","Capture_5'_GGGTTGCGTAGCCTAT-4","Tumor"
"SYNTH-25-30-1","Capture_5'_TACGGATTCTCAACTT-4","Dividing Tumor"
"SYNTH-25-30-1","Capture_5'_GCATGTAAGCATGGCA-4","Tumor"
"SYNTH-25-31-1","Capture_3'_AACTTCTGTCCTACAA-4","Tumor"
"SYNTH-25-32-1","Capture_5'_GCTTCCAGTGCGGTAA-3","Dividing Tumor"
"SYNTH-25-32-1","Capture_5'_ACACTGATCCTCAACC-1","Dividing Tumor"
"SYNTH-25-32-1","Capture_5'_GCTGCGAGTGAGGGTT-4","Dividing Tumor"
"SYNTH-25-32-1","Capture_5'_TTGTAGGAGGTGGGTT-4","Tumor"
"SYNTH-25-32-1","Capture_5'_TGTGTTTGTGCTTCTC-4","Dividing Tumor"
"SYNTH-25-32-1","Capture_3'_ATCGGCGTCAAACTGC-2","Dividing Tumor"
"SYNTH-25-32-1","Capture_5'_CGTGTCTGTATCGCAT-2","Tumor"
"SYNTH-25-33-1","Capture_3'_GCGGATCGTGACCGAA-4","Tumor"
"SYNTH-25-33-1","Capture_3'_TTGTTGTTCACGGGCT-1","Tumor"
"SYNTH-25-33-1","Capture_5'_GAACGGAGTCTAGGTT-2","Tumor"
"SYNTH-25-33-1","Capture_5'_CACTCCAAGGCTCTTA-1","Luminal A"
"SYNTH-25-34-1","Capture_5'_CTTCTCTTCGAACGGA-3","Tumor"
"SYNTH-25-34-1","Capture_5'_TTGCCGTAGTGGGATC-2","Dividing Tumor"
"SYNTH-25-34-1","Capture_5'_GCTTGAAAGGGTTTCT-4","Luminal A"
"SYNTH-25-34-1","Capture_3'_AGCGTCGCACCATAAC-1","Tumor"
"SYNTH-25-34-1","Capture_5'_GGACAGATCCTGCCAT-1","Dividing Tumor"
"SYNTH-25-34-1","Capture_5'_ATAACGCTCTAACCGA-4","Tumor"
"SYNTH-25-35-1","Capture_3'_CAAAGAAGTTCAGTAC-3","Tumor"
"SYNTH-25-35-1","Capture_5'_CTCGAAACAGCTTAAC-3","Tumor"
"SYNTH-25-35-1","Capture_5'_TTTGGTTGTTGCGTTA-3","Luminal A"
"SYNTH-25-35-1","Capture_3'_TAATCTCAGCCATTGT-3","Endothelial Cells"
"SYNTH-25-35-1","Capture_5'_AAAGATGGTGAGCGAT-2","Tumor"
"SYNTH-25-35-1","Capture_5'_AAAGCAATCATAAAGG-4","Tumor"
"SYNTH-25-35-1","Capture_3'_GCGGAAAGTTTCGGCG-2","T-cells"
"SYNTH-25-35-1","Capture_5'_GATCGCGCACAAGCCC-3","Luminal A"
"SYNTH-25-35-1","Capture_5'_AGCTTGAGTCTTCTCG-2","T-cells"
"SYNTH-25-35-1","Capture_5'_CTTAACTAGGGATGGG-3","Dividing Tumor"
"SYNTH-25-36-1","Capture_5'_CCGTTCAGTAGTAGTA-4","T-cells"
"SYNTH-25-36-1","Capture_5'_GGCAATTGTTTGTTTC-1","Luminal A"
"SYNTH-25-36-1","Capture_5'_CACCTTGAGGCACATG-1","Dividing Tumor"
"SYNTH-25-37-1","Capture_5'_GGACATTAGAGGTTGC-1","Dividing Tumor"
"SYNTH-25-37-1","Capture_5'_CTTGGCTAGAGATGAG-3","B-cells"
"SYNTH-25-37-1","Capture_5'_TTTCCTCGTCCTGCTT-4","Tumor"
"SYNTH-25-37-1","Capture_5'_TGAAAGACACTGCCAG-2","T-cells"
"SYNTH-25-38-1","Capture_5'_CACACTCCATCGGAAG-1","Tumor"
"SYNTH-25-38-1","Capture_5'_GTATCTTGTCAATACC-4","Tumor"
"SYNTH-25-38-1","Capture_3'_TAGTGCAGTGTCTTGA-1","T-cells"
"SYNTH-25-38-1","Capture_5'_TCTTCGGGTCTTTCAT-1","Endothelial Cells"
"SYNTH-25-39-1","Capture_5'_GATCGATGTTCAGGCC-3","Dividing Tumor"
"SYNTH-25-39-1","Capture_5'_ATTGGTGGTCGGCACT-2","Dividing Tumor"
"SYNTH-25-39-1","Capture_5'_TGAGGGACAGGGATTG-4","Tumor"
"SYNTH-25-39-1","Capture_3'_TGACGCGAGTTAACAG-4","Tumor"
"SYNTH-25-39-1","Capture_5'_ACGAGCCAGTGCCAGA-4","Luminal A"
"SYNTH-25-40-1","Capture_3'_CGTAGTAGTACGTACT-3","Dividing Tumor"
"SYNTH-25-40-1","Capture_3'_GATAGCTCATGACAGG-3","T-cells"
"SYNTH-25-40-1","Capture_5'_CCACTACCAAGACGTG-1","Fibroblasts"
"SYNTH-25-40-1","Capture_5'_CGTGTAAAGATGCGAC-4","Luminal B"
"SYNTH-25-40-1","Capture_5'_CGGGTCAGTTTCCACC-4","Tumor"
"SYNTH-25-40-1","Capture_5'_CAACCTCCAAGCCATT-3","T-cells"
"SYNTH-25-40-1","Capture_5'_TGAAAGACAGCGATCC-4","Luminal A"
"SYNTH-25-41-1","Capture_5'_ATGAGGGGTATAGTAG-3","Dividing Tumor"
"SYNTH-25-41-1","Capture_5'_CTTGGCTGTAGCGATG-4","Dividing Tumor"
"SYNTH-25-41-1","Capture_5'_ACGGCCAGTTGGACCC-2","Tumor"
"SYNTH-25-41-1","Capture_3'_TCATGGACATGTTCGA-3","Dividing Tumor"
"SYNTH-25-41-1","Capture_5'_GTATCTTCAGCTCCGA-2","Dividing Tumor"
"SYNTH-25-42-1","Capture_3'_TGAGGTTAGGAAGTCC-3","Luminal A"
"SYNTH-25-42-1","Capture_5'_CGACCTTAGAGGTAGA-4","Dividing Tumor"
"SYNTH-25-42-1","Capture_5'_CACATAGAGGATTCGG-4","T-cells"
"SYNTH-25-42-1","Capture_5'_ACTGAGTAGCAGATCG-2","Tumor"
"SYNTH-25-42-1","Capture_5'_CGCTTCAAGTTGTCGT-4","Dividing Tumor"
"SYNTH-25-42-1","Capture_5'_CATGACAGTGTATGGG-4","Tumor"
"SYNTH-25-42-1","Capture_5'_CATTATCTCTTAACCT-3","Dividing Tumor"
"SYNTH-25-43-1","Capture_5'_AGGTCCGTCCGTACAA-4","Dividing Tumor"
"SYNTH-25-44-1","Capture_5'_ACGATACAGGGTGTGT-2","Dividing Tumor"
"SYNTH-25-44-1","Capture_5'_GGACAAGGTACAGCAG-1","Dividing Tumor"
"SYNTH-25-44-1","Capture_5'_TCAGCAAGTGCAGTAG-1","T-cells"
"SYNTH-25-44-1","Capture_5'_CTAGTGAAGTAGGTGC-2","T-cells"
"SYNTH-25-44-1","Capture_5'_CGACCTTTCGAGGTAG-4","Tumor"
"SYNTH-25-44-1","Capture_3'_TGAGCGCAGGACGCTA-1","Tumor"
"SYNTH-25-45-1","Capture_3'_TTTACCATCTAGACCA-1","Dividing Tumor"
"SYNTH-25-45-1","Capture_5'_CCAATCCGTCAACATC-1","Tumor"
"SYNTH-25-45-1","Capture_5'_TGCGGGTAGGGATGGG-1","T-cells"
"SYNTH-25-46-1","Capture_3'_GGAGGTACAGCTTCCT-4","B-cells"
"SYNTH-25-46-1","Capture_5'_ACGGCCACACGACTCG-4","T-cells"
"SYNTH-25-46-1","Capture_5'_TGTTCCGAGATCGGGT-1","Dividing Tumor"
"SYNTH-25-46-1","Capture_5'_TGTGTTTTCCTAGAAC-4","Myoepithelial Cells"
"SYNTH-25-46-1","Capture_5'_GATGAAACACGGTTTA-3","TAMs"
"SYNTH-25-47-1","Capture_5'_TGCGGGTAGCTCAACT-3","Luminal A"
"SYNTH-25-47-1","Capture_5'_GTGCTTCAGAGACGAA-4","Tumor"
"SYNTH-25-47-1","Capture_5'_CTAAGACGTCGCGAAA-2","Tumor"
"SYNTH-25-47-1","Capture_5'_GAAGCAGTCACTCCTG-1","Tumor"
"SYNTH-25-47-1","Capture_3'_AACTTCTCAGCCGTTG-4","TAMs"
"SYNTH-25-47-1","Capture_5'_CTAAGACCAGCTGTAT-3","Tumor"
"SYNTH-25-47-1","Capture_3'_TAATCTCAGCAGCACA-4","TAMs"
"SYNTH-25-48-1","Capture_3'_ATCACAGGTAGGGTAC-4","T-cells"
"SYNTH-25-48-1","Capture_3'_GTTCTATTCGATACGT-3","Tumor"
"SYNTH-25-48-1","Capture_5'_AAGCCGCCACACCGAC-3","Tumor"
"SYNTH-25-48-1","Capture_5'_AAAGCAAGTGTCTGAT-1","Tumor"
"SYNTH-25-49-1","Capture_3'_TACGCTCTCGCCTTGT-3","Tumor"
"SYNTH-25-49-1","Capture_5'_TGAGCATTCAACGGCC-4","Tumor"
"SYNTH-25-49-1","Capture_3'_CGTGATAGTGGTCTCG-4","Luminal B"
"SYNTH-25-49-1","Capture_3'_ATTCAGGAGACTTCGT-4","Dividing Tumor"
"SYNTH-25-50-1","Capture_5'_CGTGTCTGTATAGGGC-3","Dividing Tumor"
"SYNTH-25-50-1","Capture_5'_CGAACATGTGCTCTTC-4","Luminal A"
"SYNTH-25-50-1","Capture_5'_GCGACCATCCACGCAG-4","Tumor"
"SYNTH-25-50-1","Capture_3'_CGGTCAGAGGGACTGT-1","Tumor"
"SYNTH-25-50-1","Capture_5'_AGCGGTCTCTGGCGTG-2","Tumor"
"SYNTH-25-50-1","Capture_3'_TCGAAGTCAATGCTCA-4","TAMs"
"SYNTH-26-1-1","Capture_5'_GGTGAAGGTCGACTGC-4","Dividing Tumor"
"SYNTH-26-1-1","Capture_5'_TACACGAAGGTGCTAG-4","Tumor"
"SYNTH-26-1-1","Capture_3'_CATCGGGTCTGCGATA-4","Dividing Tumor"
"SYNTH-26-1-1","Capture_5'_CACAGTAGTGAGGCTA-4","Plasma Cells"
"SYNTH-26-1-1","Capture_3'_GAACGTTCACATTCTT-4","Dividing Tumor"
"SYNTH-26-1-1","Capture_5'_CAAGAAATCAGGTTCA-2","Dividing Tumor"
"SYNTH-26-1-1","Capture_3'_GGTGTCGCACTAGAGG-4","Luminal A"
"SYNTH-26-1-1","Capture_3'_CATCAAGTCCGTATAG-1","T-cells"
"SYNTH-26-1-1","Capture_5'_AGCTCTCCAGCCTTGG-2","Tumor"
"SYNTH-26-1-1","Capture_5'_GCCAAATTCGGAATCT-4","T-cells"
"SYNTH-26-2-1","Capture_5'_ACCTTTAAGATACACA-1","Luminal A"
"SYNTH-26-2-1","Capture_5'_CAGCGACAGGTGATTA-2","Tumor"
"SYNTH-26-2-1","Capture_5'_CAGAATCAGAGATGAG-2","Tumor"
"SYNTH-26-2-1","Capture_5'_TGCCCTAGTAGCGCAA-1","Dividing Tumor"
"SYNTH-26-2-1","Capture_5'_ATCCACCTCGCTAGCG-3","Luminal A"
"SYNTH-26-2-1","Capture_5'_GGTGAAGTCCTAAGTG-3","Luminal A"
"SYNTH-26-2-1","Capture_5'_GAGTCCGAGCCCAATT-3","Fibroblasts"
"SYNTH-26-2-1","Capture_3'_ATGAAAGAGGGTAATT-1","Luminal A"
"SYNTH-26-2-1","Capture_3'_CATAAGCGTCCGAAGA-4","Tumor"
"SYNTH-26-3-1","Capture_5'_CGATGTAGTAGCGTCC-4","Dividing Tumor"
"SYNTH-26-4-1","Capture_5'_AACTCAGAGGAACTGC-4","Tumor"
"SYNTH-26-4-1","Capture_5'_CGGGTCATCGCCAGCA-4","T-cells"
"SYNTH-26-4-1","Capture_5'_GACAGAGGTCTCTCGT-4","Tumor"
"SYNTH-26-4-1","Capture_3'_ATGCATGAGCCTAGGA-4","Fibroblasts"
"SYNTH-26-4-1","Capture_5'_TTGGCAAAGGGCACTA-4","Luminal A"
"SYNTH-26-4-1","Capture_5'_AATCCAGTCTGGTTCC-1","Tumor"
"SYNTH-26-4-1","Capture_5'_CTGTTTATCGGGAGTA-3","Dividing Tumor"
"SYNTH-26-5-1","Capture_5'_GATCGTAAGAGGGCTT-2","T-cells"
"SYNTH-26-6-1","Capture_5'_GACGGCTAGCCCAGCT-2","Tumor"
"SYNTH-26-6-1","Capture_5'_GGTGTTAGTATATCCG-2","Tumor"
"SYNTH-26-7-1","Capture_3'_CCTAACCGTTCAGTAC-2","T-cells"
"SYNTH-26-7-1","Capture_5'_TCGAGGCCAGCTTAAC-1","Tumor"
"SYNTH-26-7-1","Capture_3'_TTCTAGTAGTAGAATC-4","Tumor"
"SYNTH-26-7-1","Capture_3'_AGCCAATCACAGTCAT-1","Tumor"
"SYNTH-26-7-1","Capture_5'_CTGGTCTGTCTTCTCG-4","T-cells"
"SYNTH-26-8-1","Capture_5'_GGCAATTCAACACGCC-3","TAMs"
"SYNTH-26-8-1","Capture_3'_AGGCCACCATCAACCA-1","Dividing Tumor"
"SYNTH-26-8-1","Capture_5'_TGGTTAGGTCTTGCGG-4","Endothelial Cells"
"SYNTH-26-8-1","Capture_3'_GCTCAAAGTAGCGTAG-4","Tumor"
"SYNTH-26-8-1","Capture_3'_TCACTCGAGTGGTGAC-3","Dividing Tumor"
"SYNTH-26-8-1","Capture_5'_TCGTACCCACATGACT-3","Dividing Tumor"
"SYNTH-26-8-1","Capture_3'_TTACTGTCAGACGATG-3","T-cells"
"SYNTH-26-8-1","Capture_3'_GGAGGATCAGAAGTTA-2","Tumor"
"SYNTH-26-8-1","Capture_5'_TGCTGCTTCCTCTAGC-1","Tumor"
"SYNTH-26-8-1","Capture_5'_GAGTCCGAGACATAAC-3","T-cells"
"SYNTH-26-9-1","Capture_5'_GCTCTGTTCTACCAGA-4","Dividing Tumor"
"SYNTH-26-9-1","Capture_3'_TGTTGAGCACATGACT-4","Tumor"
"SYNTH-26-9-1","Capture_5'_AAACCTGCACTTAACG-3","Tumor"
"SYNTH-26-9-1","Capture_3'_TCGATTTAGCCGCTTG-4","Dividing Tumor"
"SYNTH-26-10-1","Capture_5'_CGATTGATCCTATGTT-4","T-cells"
"SYNTH-26-10-1","Capture_3'_TCAATTCAGTTGAATG-3","Tumor"
"SYNTH-26-10-1","Capture_3'_GCAACCGCACGGGCTT-1","Tumor"
"SYNTH-26-10-1","Capture_5'_GGGCATCGTGATGCCC-1","Tumor"
"SYNTH-26-10-1","Capture_3'_TTGAACGGTGTCGATT-2","Dividing Tumor"
"SYNTH-26-11-1","Capture_5'_GGTGTTACACGCCAGT-3","Dividing Tumor"
"SYNTH-26-11-1","Capture_5'_CTACATTGTGCGGTAA-1","Tumor"
"SYNTH-26-11-1","Capture_5'_CCTTACGCACGGTAAG-4","T-cells"
"SYNTH-26-12-1","Capture_5'_ACTTGTTTCTATGTGG-4","Dividing Tumor"
"SYNTH-26-13-1","Capture_5'_CATGACAGTCACCTAA-3","T-cells"
"SYNTH-26-13-1","Capture_5'_TAGCCGGAGTATTGGA-4","T-cells"
"SYNTH-26-13-1","Capture_5'_AAACGGGCAATAGAGT-2","Tumor"
"SYNTH-26-14-1","Capture_5'_CGTTGGGAGCAGGCTA-3","Dividing Tumor"
"SYNTH-26-14-1","Capture_5'_AAAGATGAGTGCTGCC-3","Tumor"
"SYNTH-26-14-1","Capture_5'_AGCAGCCTCGTTGCCT-2","Tumor"
"SYNTH-26-14-1","Capture_3'_ACCTGTCCAAACTAAG-4","Luminal A"
"SYNTH-26-15-1","Capture_3'_AGGAAATTCATCGCTC-1","Tumor"
"SYNTH-26-15-1","Capture_3'_CCTTGTGAGAGAGAAC-4","T-cells"
"SYNTH-26-15-1","Capture_3'_GCTCAAAGTAGCGTAG-4","Tumor"
"SYNTH-26-16-1","Capture_5'_CATCCACGTAAGGATT-3","Tumor"
"SYNTH-26-17-1","Capture_5'_GATCGTACAGTATCTG-3","Dividing Tumor"
"SYNTH-26-17-1","Capture_5'_AACTCAGCAATGGAAT-2","T-cells"
"SYNTH-26-17-1","Capture_5'_AACTCCCAGCGCCTCA-1","Tumor"
"SYNTH-26-17-1","Capture_5'_TGCCAAAAGACTCGGA-2","Tumor"
"SYNTH-26-18-1","Capture_5'_CTCTAATGTCAGTGGA-1","T-cells"
"SYNTH-26-18-1","Capture_3'_GTCGAATAGCTGGCTC-1","Dividing Tumor"
"SYNTH-26-18-1","Capture_5'_GAAACTCAGTGTACGG-3","Tumor"
"SYNTH-26-18-1","Capture_5'_CTAGTGATCCCTTGTG-4","Tumor"
"SYNTH-26-18-1","Capture_3'_AGTCACACAACGTTAC-3","Tumor"
"SYNTH-26-18-1","Capture_5'_GTCCTCAAGGCATGGT-3","Dividing Tumor"
"SYNTH-26-18-1","Capture_5'_CTGATAGGTTATCACG-4","T-cells"
"SYNTH-26-18-1","Capture_3'_TGACTCCCAGTGAGCA-2","Tumor"
"SYNTH-26-18-1","Capture_5'_GCACATACACCTTGTC-2","Tumor"
"SYNTH-26-18-1","Capture_3'_TGTGATGGTCAAAGAT-3","Tumor"
"SYNTH-26-19-1","Capture_5'_AAGCCGCGTCCAGTGC-2","T-cells"
"SYNTH-26-19-1","Capture_5'_CGTCTACTCGGTGTCG-3","T-cells"
"SYNTH-26-19-1","Capture_3'_GCTGAATAGTAATTGG-1","Dividing Tumor"
"SYNTH-26-19-1","Capture_5'_GTTCTCGCATATGAGA-1","T-cells"
"SYNTH-26-19-1","Capture_3'_TCTCCGATCGCGAAGA-2","Tumor"
"SYNTH-26-20-1","Capture_5'_GCCAAATGTAGCTGCC-3","Tumor"
"SYNTH-26-20-1","Capture_3'_TGATGGTAGGTTCATC-2","Tumor"
"SYNTH-26-20-1","Capture_5'_TCTTCGGAGGCAAAGA-2","Tumor"
"SYNTH-26-20-1","Capture_5'_TGCTACCCACGGACAA-1","T-cells"
"SYNTH-26-21-1","Capture_5'_TCGTAGAAGACTAGGC-3","T-cells"
"SYNTH-26-21-1","Capture_5'_ATTTCTGTCCCTGACT-4","Tumor"
"SYNTH-26-21-1","Capture_5'_ACATACGGTCAGCTAT-1","Tumor"
"SYNTH-26-21-1","Capture_5'_TGGACGCTCAGCATGT-2","Dividing Tumor"
"SYNTH-26-21-1","Capture_3'_GTTATGGGTTCCCAAA-4","Dividing Tumor"
"SYNTH-26-21-1","Capture_3'_TTACTGTCAGGGTTGA-2","Endothelial Cells"
"SYNTH-26-21-1","Capture_3'_CTGCGAGAGTTCCTGA-1","Dividing Tumor"
"SYNTH-26-21-1","Capture_5'_GTTCGGGTCGCCATAA-4","Dividing Tumor"
"SYNTH-26-21-1","Capture_3'_TGCGGGTGTGTACGCC-4","Tumor"
"SYNTH-26-21-1","Capture_3'_ATCAGGTGTGTATTCG-3","T-cells"
"SYNTH-26-22-1","Capture_3'_TTGCGTCAGCACTAGG-1","Dividing Tumor"
"SYNTH-26-23-1","Capture_5'_GTGCGGTAGCAGCCTC-3","Plasma Cells"
"SYNTH-26-23-1","Capture_5'_GCGCAGTCACTTGGAT-3","T-cells"
"SYNTH-26-23-1","Capture_5'_TCAGGATGTGTCGCTG-2","Dividing Tumor"
"SYNTH-26-24-1","Capture_5'_AGCGGTCAGTCCTCCT-4","Tumor"
"SYNTH-26-24-1","Capture_5'_CGTTCTGCACATAACC-4","Tumor"
"SYNTH-26-24-1","Capture_5'_ACCGTAATCCGAACGC-4","T-cells"
"SYNTH-26-24-1","Capture_3'_GCACGGTTCTAGTCAG-4","Tumor"
"SYNTH-26-24-1","Capture_5'_CCTACCATCCTTTCTC-2","T-cells"
"SYNTH-26-24-1","Capture_5'_AGCTCCTTCGGTTAAC-1","Luminal A"
"SYNTH-26-25-1","Capture_5'_GACGGCTCACATTCGA-2","Tumor"
"SYNTH-26-25-1","Capture_3'_CTCCTTTAGACTTCCA-3","Tumor"
"SYNTH-26-25-1","Capture_3'_CGAAGTTAGCTTGTGT-2","T-cells"
"SYNTH-26-25-1","Capture_5'_TCTGGAAGTACCGTTA-2","T-cells"
"SYNTH-26-25-1","Capture_3'_CGGGTCAGTTACGGAG-3","Luminal A"
"SYNTH-26-25-1","Capture_3'_TTACGTTAGCTAATCC-1","Dividing Tumor"
"SYNTH-26-25-1","Capture_3'_CGCATGGGTCCTCATC-1","T-cells"
"SYNTH-26-26-1","Capture_3'_GGGTGAATCTTAGCTT-3","T-cells"
"SYNTH-26-26-1","Capture_3'_CTCAATTAGGAGCTGT-1","Dividing Tumor"
"SYNTH-26-27-1","Capture_3'_GAGAAATCAGATTCGT-4","Dividing Tumor"
"SYNTH-26-27-1","Capture_3'_TCAATTCAGATCCCAT-4","TAMs"
"SYNTH-26-27-1","Capture_5'_TGAGCCGGTCGAGATG-2","TAMs"
"SYNTH-26-28-1","Capture_3'_TACCTCGTCTCGCGTT-4","Tumor"
"SYNTH-26-28-1","Capture_3'_AGAACAAGTAGCTTTG-2","Dividing Tumor"
"SYNTH-26-28-1","Capture_3'_ACTTTCAGTTCTCGTC-3","T-cells"
"SYNTH-26-28-1","Capture_5'_TTCTACAGTCTCGTTC-1","Tumor"
"SYNTH-26-29-1","Capture_3'_GCCAGTGTCCATAAGC-4","T-cells"
"SYNTH-26-29-1","Capture_3'_TGCGGCACAATGTCTG-1","Tumor"
"SYNTH-26-29-1","Capture_3'_TATTGGGTCTACTTCA-4","Dividing Tumor"
"SYNTH-26-29-1","Capture_3'_CACCAAAGTCCAGAAG-1","Fibroblasts"
"SYNTH-26-29-1","Capture_5'_CGGAGTCGTCATATGC-3","Dividing Tumor"
"SYNTH-26-29-1","Capture_5'_GGAAAGCAGCTAAGAT-1","Dividing Tumor"
"SYNTH-26-30-1","Capture_5'_AGTTGGTGTACACCGC-4","Tumor"
"SYNTH-26-30-1","Capture_5'_GTATCTTTCTTCCTTC-2","Tumor"
"SYNTH-26-30-1","Capture_5'_GGGAATGAGAGGTAGA-1","T-cells"
"SYNTH-26-30-1","Capture_5'_GTCTTCGGTTCGTGAT-2","Tumor"
"SYNTH-26-30-1","Capture_3'_CCTCCAAAGGAGGCAG-3","TAMs"
"SYNTH-26-30-1","Capture_5'_TCGTAGAAGCGTAGTG-3","Dividing Tumor"
"SYNTH-26-30-1","Capture_5'_GACGTGCGTTACAGAA-2","Tumor"
"SYNTH-26-31-1","Capture_5'_ATAAGAGCAAGCCGCT-4","Dividing Tumor"
"SYNTH-26-31-1","Capture_5'_GTCCTCACACCACGTG-1","Tumor"
"SYNTH-26-31-1","Capture_3'_ATCGTCCTCGGCCTTT-2","Tumor"
"SYNTH-26-31-1","Capture_5'_TCTTCGGCAGGGCATA-3","Tumor"
"SYNTH-26-31-1","Capture_5'_GGACAGAGTCTCTCGT-2","Endothelial Cells"
"SYNTH-26-31-1","Capture_3'_TTACCATAGAGGGTGG-1","Fibroblasts"
"SYNTH-26-31-1","Capture_5'_GATCGATCAACACCTA-4","Tumor"
"SYNTH-26-31-1","Capture_3'_GAAGTAATCGTCAAAC-2","Dividing Tumor"
"SYNTH-26-31-1","Capture_5'_GTACTCCTCGATGAGG-1","Dividing Tumor"
"SYNTH-26-32-1","Capture_5'_CCAATCCAGACATAAC-4","T-cells"
"SYNTH-26-32-1","Capture_3'_AAGTGAACATGTACGT-3","Tumor"
"SYNTH-26-32-1","Capture_5'_AATCCAGAGCGTGTCC-4","Dividing Tumor"
"SYNTH-26-32-1","Capture_3'_TCGATTTAGTGCAGGT-2","Dividing Tumor"
"SYNTH-26-32-1","Capture_5'_ATCTGCCGTGAGGGAG-3","Tumor"
"SYNTH-26-32-1","Capture_5'_ACATGGTTCGCCTGTT-3","T-cells"
"SYNTH-26-33-1","Capture_5'_CGGACGTGTACATGTC-4","Tumor"
"SYNTH-26-33-1","Capture_5'_ACTTTCAAGTCTCCTC-4","Dividing Tumor"
"SYNTH-26-33-1","Capture_5'_GTTCTCGGTGTAACGG-4","Tumor"
"SYNTH-26-33-1","Capture_5'_TAGGCATGTTGTCTTT-3","Tumor"
"SYNTH-26-34-1","Capture_5'_TAAGTGCAGACTCGGA-3","Dividing Tumor"
"SYNTH-26-34-1","Capture_3'_GTGTGATGTGCAGTGA-2","Tumor"
"SYNTH-26-34-1","Capture_5'_TACGGATCAGCCTTGG-2","T-cells"
"SYNTH-26-34-1","Capture_3'_TGGTGATAGTTGGGAC-4","Tumor"
"SYNTH-26-34-1","Capture_3'_TATCGCCTCATCCTAT-2","Tumor"
"SYNTH-26-34-1","Capture_5'_CTCGTACAGATCCCGC-3","Tumor"
"SYNTH-26-34-1","Capture_5'_ATTATCCAGCGACGTA-4","Tumor"
"SYNTH-26-34-1","Capture_5'_GGTGCGTAGAATAGGG-1","T-cells"
"SYNTH-26-34-1","Capture_5'_AGGGATGTCTTGCCGT-4","Tumor"
"SYNTH-26-35-1","Capture_3'_ACAGGGAGTCCCTCAT-4","Luminal A"
"SYNTH-26-35-1","Capture_5'_ATGGGAGAGCTAACTC-2","Tumor"
"SYNTH-26-35-1","Capture_5'_CAGAGAGCAGGATTGG-4","Endothelial Cells"
"SYNTH-26-35-1","Capture_5'_GTGTGCGGTTGGACCC-4","Endothelial Cells"
"SYNTH-26-35-1","Capture_5'_TGTCCCAGTCTTGTCC-3","Tumor"
"SYNTH-26-35-1","Capture_5'_TGAGCCGGTTCCACGG-2","T-cells"
"SYNTH-26-35-1","Capture_3'_ACTATCTCATGGAATA-2","Luminal B"
"SYNTH-26-36-1","Capture_3'_GAGCTGCTCATCACCC-3","T-cells"
"SYNTH-26-36-1","Capture_5'_TTTGTCACATGGTCAT-3","Dividing Tumor"
"SYNTH-26-36-1","Capture_3'_TGAATCGTCCGCTAGG-4","Dividing Tumor"
"SYNTH-26-36-1","Capture_5'_GTAACGTTCCCAGGTG-2","Luminal A"
"SYNTH-26-36-1","Capture_5'_AATCCAGAGACTAGAT-1","Tumor"
"SYNTH-26-36-1","Capture_5'_GGAGCAACATATGAGA-3","Luminal A"
"SYNTH-26-36-1","Capture_5'_CTAACTTGTCTTGCGG-3","Endothelial Cells"
"SYNTH-26-36-1","Capture_3'_CGGGCATCACTACACA-2","T-cells"
"SYNTH-26-37-1","Capture_5'_AAATGCCCAAAGGCGT-3","Dividing Tumor"
"SYNTH-26-37-1","Capture_5'_GTACTCCCACCTCGTT-4","Dividing Tumor"
"SYNTH-26-37-1","Capture_3'_GGAGGTAGTAAGTTGA-2","T-cells"
"SYNTH-26-37-1","Capture_5'_AACTTTCAGGATGCGT-2","T-cells"
"SYNTH-26-37-1","Capture_5'_GTCGGGTTCCTTGGTC-4","Dividing Tumor"
"SYNTH-26-37-1","Capture_5'_GCTGCTTGTGTCAATC-2","Tumor"
"SYNTH-26-38-1","Capture_5'_GGTGCGTAGAAACCTA-2","T-cells"
"SYNTH-26-38-1","Capture_5'_GCCAAATCATCTACGA-3","T-cells"
"SYNTH-26-39-1","Capture_3'_GTCAAGTCATTGGCAT-2","Tumor"
"SYNTH-26-39-1","Capture_5'_TGGCTGGAGCGCTTAT-4","Dividing Tumor"
"SYNTH-26-39-1","Capture_3'_TGCGGGTAGCCTGAGA-1","Tumor"
"SYNTH-26-39-1","Capture_3'_GCAACCGGTTCAATCG-2","T-cells"
"SYNTH-26-39-1","Capture_5'_CAACCAAAGTCCATAC-2","Tumor"
"SYNTH-26-39-1","Capture_5'_CATTATCCAAGAGTCG-4","TAMs"
"SYNTH-26-39-1","Capture_3'_CTTGATTAGGAGAATG-2","T-cells"
"SYNTH-26-39-1","Capture_3'_CCGGTAGCAGGAATAT-4","Fibroblasts"
"SYNTH-26-39-1","Capture_5'_TAGAGCTCATTACCTT-4","Tumor"
"SYNTH-26-39-1","Capture_5'_TGCTACCTCGAACGGA-4","Tumor"
"SYNTH-26-40-1","Capture_3'_GAAGGACTCACAGAGG-1","T-cells"
"SYNTH-26-40-1","Capture_3'_AGATGAAAGGAACGAA-3","Tumor"
"SYNTH-26-40-1","Capture_3'_AACCTGAAGTTGTAAG-2","Tumor"
"SYNTH-26-40-1","Capture_3'_TTATTGCGTTGCACGC-2","TAMs"
"SYNTH-26-40-1","Capture_5'_ACAGCTATCTCTGTCG-1","Dividing Tumor"
"SYNTH-26-40-1","Capture_3'_ACATCGATCCAACTAG-2","TAMs"
"SYNTH-26-40-1","Capture_5'_TCACGAAGTTACGACT-2","Tumor"
"SYNTH-26-40-1","Capture_5'_TTAGTTCCAGCTGTTA-2","Tumor"
"SYNTH-26-40-1","Capture_5'_CCTCTGAAGATAGGAG-3","Dividing Tumor"
"SYNTH-26-41-1","Capture_5'_GAAGCAGAGCCGTCGT-2","Tumor"
"SYNTH-26-41-1","Capture_3'_CAACAACGTATCCCAA-2","Dividing Tumor"
"SYNTH-26-41-1","Capture_5'_CGCCAAGTCTGCTGTC-4","Tumor"
"SYNTH-26-41-1","Capture_5'_CTCATTATCGTCTGCT-3","T-cells"
"SYNTH-26-41-1","Capture_3'_ATTCACTGTCTTCAAG-1","T-cells"
"SYNTH-26-41-1","Capture_3'_AGACCCGGTGACTAAA-3","Tumor"
"SYNTH-26-42-1","Capture_5'_CAAGTTGCACGAAACG-1","Dividing Tumor"
"SYNTH-26-42-1","Capture_5'_CGCGTTTAGTCGCCGT-3","Tumor"
"SYNTH-26-43-1","Capture_3'_TCGGGACCATGGCCCA-1","Dividing Tumor"
"SYNTH-26-43-1","Capture_3'_TCGAAGTTCATTCCTA-3","Tumor"
"SYNTH-26-43-1","Capture_5'_AGTGGGAGTTCCACTC-4","Luminal B"
"SYNTH-26-43-1","Capture_5'_TTAGGACCACTTGGAT-2","Dividing Tumor"
"SYNTH-26-43-1","Capture_5'_TACTTACTCGCATGAT-3","Tumor"
"SYNTH-26-44-1","Capture_5'_GACTAACCAAGAAGAG-4","Dividing Tumor"
"SYNTH-26-44-1","Capture_3'_AAAGGTATCGTCCATC-4","Dividing Tumor"
"SYNTH-26-44-1","Capture_5'_TGCTGCTAGATGCCAG-3","T-cells"
"SYNTH-26-44-1","Capture_3'_TATCTGTTCACATCAG-2","T-cells"
"SYNTH-26-44-1","Capture_5'_CGGTTAAGTACGCTGC-1","Plasma Cells"
"SYNTH-26-44-1","Capture_5'_GGACATTTCCTAGTGA-3","Dividing Tumor"
"SYNTH-26-45-1","Capture_5'_CGATGTATCTCTAAGG-1","T-cells"
"SYNTH-26-45-1","Capture_5'_AACCATGCACGGCTAC-4","Tumor"
"SYNTH-26-45-1","Capture_3'_TGAATGCCACGCGTGT-1","T-cells"
"SYNTH-26-46-1","Capture_5'_CAGCATAAGCTACCGC-2","Dividing Tumor"
"SYNTH-26-46-1","Capture_3'_TCGCACTAGTAAATGC-3","T-cells"
"SYNTH-26-46-1","Capture_5'_CTTGGCTGTGATGATA-3","Dividing Tumor"
"SYNTH-26-46-1","Capture_3'_CTCAGAAAGTACGTCT-3","Luminal A"
"SYNTH-26-46-1","Capture_5'_TTTGTCACATCGATGT-4","Tumor"
"SYNTH-26-46-1","Capture_3'_TCCCAGTCAAAGTATG-3","Tumor"
"SYNTH-26-47-1","Capture_5'_ACGATACCACACATGT-4","Tumor"
"SYNTH-26-47-1","Capture_5'_TACCTTATCTCAAACG-1","Tumor"
"SYNTH-26-47-1","Capture_5'_AGCATACCATCAGTCA-3","T-cells"
"SYNTH-26-47-1","Capture_3'_TCCTTCTCACCCTAAA-1","Dividing Tumor"
"SYNTH-26-47-1","Capture_3'_GCTACAATCGGTCTAA-4","Tumor"
"SYNTH-26-47-1","Capture_5'_CGAACATTCTGCTGCT-4","Dividing Tumor"
"SYNTH-26-48-1","Capture_5'_ATTACTCAGGAATGGA-4","Dividing Tumor"
"SYNTH-26-48-1","Capture_5'_CTGATCCCATTAGCCA-3","T-cells"
"SYNTH-26-48-1","Capture_3'_CTGTGGGAGGTTCACT-3","Dividing Tumor"
"SYNTH-26-48-1","Capture_5'_CGTTGGGTCGAGAACG-3","Tumor"
"SYNTH-26-48-1","Capture_5'_CTCGAAAGTCAGGACA-3","Dividing Tumor"
"SYNTH-26-48-1","Capture_5'_TGCCCTAGTCTCATCC-3","Tumor"
"SYNTH-26-48-1","Capture_3'_AGCGCCATCTTCCCAG-1","T-cells"
"SYNTH-26-48-1","Capture_5'_AAAGTAGGTCACCCAG-1","Plasma Cells"
"SYNTH-26-48-1","Capture_5'_ATAAGAGTCATGTCCC-1","T-cells"
"SYNTH-26-49-1","Capture_5'_CATCGGGCATATGCTG-3","Tumor"
"SYNTH-26-49-1","Capture_5'_GCATGCGCAAGTTCTG-4","Tumor"
"SYNTH-26-49-1","Capture_5'_CAACTAGAGGCATGTG-2","Dividing Tumor"
"SYNTH-26-49-1","Capture_5'_CACACCTCAATGGAGC-2","Dividing Tumor"
"SYNTH-26-49-1","Capture_3'_GATGGAGGTCGTGATT-2","Myoepithelial Cells"
"SYNTH-26-50-1","Capture_5'_TTGGAACAGAATTCCC-3","Dividing Tumor"
"SYNTH-26-50-1","Capture_5'_GCACTCTTCAACCAAC-2","Dividing Tumor"
"SYNTH-27-1-1","Capture_3'_AGGATCTTCGTAGTGT-2","Ciliated Cells"
"SYNTH-27-1-1","Capture_5'_TGGCGCATCCGTCATC-2","T-cells"
"SYNTH-27-1-1","Capture_5'_CTCGTCAAGAGGTTGC-3","Luminal A"
"SYNTH-27-1-1","Capture_5'_CATGGCGGTGATGTCT-1","Tumor"
"SYNTH-27-2-1","Capture_5'_CTGCCTAGTACAGCAG-4","Tumor"
"SYNTH-27-2-1","Capture_3'_GGGCGTTGTATCGAGG-1","Tumor"
"SYNTH-27-2-1","Capture_5'_TTAGGCAAGTCGTTTG-3","Tumor"
"SYNTH-27-3-1","Capture_5'_TGCTGCTTCGGGAGTA-1","Dividing Tumor"
"SYNTH-27-3-1","Capture_5'_TTGGCAAAGCAGCGTA-3","Dividing Tumor"
"SYNTH-27-3-1","Capture_3'_GTTAGACAGATTAGTG-3","Endothelial Cells"
"SYNTH-27-3-1","Capture_3'_GACTGATAGGTGGCTA-1","Tumor"
"SYNTH-27-3-1","Capture_5'_TCTGGAACACCAGCAC-2","Tumor"
"SYNTH-27-3-1","Capture_5'_GTACTCCAGATCACGG-4","T-cells"
"SYNTH-27-4-1","Capture_5'_CGCTGGAAGTATCTCG-4","Tumor"
"SYNTH-27-5-1","Capture_5'_TTGCGTCTCTCGATGA-4","Endothelial Cells"
"SYNTH-27-5-1","Capture_3'_TGTGCGGTCCCGTTCA-2","Dividing Tumor"
"SYNTH-27-5-1","Capture_5'_GGCGACTTCAACACCA-1","Dividing Tumor"
"SYNTH-27-5-1","Capture_5'_TATCTCAAGCCCAACC-3","Tumor"
"SYNTH-27-6-1","Capture_5'_TATTACCAGAGCCCAA-2","Dividing Tumor"
"SYNTH-27-6-1","Capture_5'_CTTGGCTGTATGCTTG-4","Tumor"
"SYNTH-27-6-1","Capture_5'_TACACGACAATAGAGT-3","Tumor"
"SYNTH-27-6-1","Capture_3'_TGTGATGCAATCACGT-2","T-cells"
"SYNTH-27-7-1","Capture_3'_TTCTTCCAGGCGAAGG-4","Dividing Tumor"
"SYNTH-27-7-1","Capture_5'_GTCGTAAAGGCAATTA-1","Tumor"
"SYNTH-27-7-1","Capture_3'_CGACAGCGTGTCTTGA-1","Tumor"
"SYNTH-27-7-1","Capture_3'_CAACAACCATTCACCC-2","Luminal A"
"SYNTH-27-7-1","Capture_5'_ACTTACTAGATGTAAC-2","Dividing Tumor"
"SYNTH-27-8-1","Capture_5'_GGGTTGCGTTATCACG-4","Tumor"
"SYNTH-27-8-1","Capture_3'_CTTTCAAGTTTGGAAA-2","Fibroblasts"
"SYNTH-27-8-1","Capture_5'_GTTTCTATCGTGGGAA-3","T-cells"
"SYNTH-27-8-1","Capture_5'_ACTGAACCAAGGCTCC-4","Tumor"
"SYNTH-27-8-1","Capture_3'_TATGTTCAGATGCTGG-2","Luminal A"
"SYNTH-27-8-1","Capture_3'_CGTAAGTTCCTGGGAC-1","Tumor"
"SYNTH-27-8-1","Capture_5'_ATAACGCTCTACCAGA-4","Dividing Tumor"
"SYNTH-27-8-1","Capture_5'_CCTTCGAAGGAATGGA-4","Tumor"
"SYNTH-27-9-1","Capture_3'_TGATTCTCAGCTTCGG-2","Dividing Tumor"
"SYNTH-27-10-1","Capture_5'_GCGGGTTAGCTAGTGG-3","Dividing Tumor"
"SYNTH-27-10-1","Capture_5'_CGATCGGCACATAACC-2","Dividing Tumor"
"SYNTH-27-10-1","Capture_3'_GTACAACTCACTGCTC-2","Tumor"
"SYNTH-27-10-1","Capture_3'_AGTACCAGTACAGTTC-2","Tumor"
"SYNTH-27-10-1","Capture_5'_TGCCCATGTCCCTTGT-1","Dividing Tumor"
"SYNTH-27-10-1","Capture_3'_TCACTCGCACGAGAAC-4","Tumor"
"SYNTH-27-11-1","Capture_5'_CCTCAGTGTCCTCTTG-3","Tumor"
"SYNTH-27-12-1","Capture_3'_ACCACAACACGTACTA-4","Dividing Tumor"
"SYNTH-27-12-1","Capture_3'_CCTCCTCAGTTCTACG-4","Tumor"
"SYNTH-27-12-1","Capture_3'_TTAGGCAAGTCTTGGT-2","Tumor"
"SYNTH-27-12-1","Capture_5'_GAAACTCTCACCATAG-2","Dividing Tumor"
"SYNTH-27-12-1","Capture_5'_GTTTCTATCACCATAG-2","Tumor"
"SYNTH-27-13-1","Capture_5'_ACCCACTTCCTAGTGA-3","Dividing Tumor"
"SYNTH-27-13-1","Capture_5'_CTTAGGATCTGATACG-1","Luminal A"
"SYNTH-27-13-1","Capture_5'_GCGCAGTAGGAGTCTG-4","T-cells"
"SYNTH-27-13-1","Capture_5'_TCATTTGTCCGTCAAA-3","Dividing Tumor"
"SYNTH-27-13-1","Capture_5'_ACTTGTTGTAGGACAC-2","T-cells"
"SYNTH-27-13-1","Capture_5'_GTAGTCATCATATCGG-4","Dividing Tumor"
"SYNTH-27-13-1","Capture_3'_CCACGTTAGCGATCGA-3","Tumor"
"SYNTH-27-13-1","Capture_3'_ACGTAGTGTGCCTATA-2","Luminal A"
"SYNTH-27-13-1","Capture_5'_AGCTCCTAGTTAGCGG-4","Dividing Tumor"
"SYNTH-27-13-1","Capture_5'_GTAGGCCCATGAACCT-4","Dividing Tumor"
"SYNTH-27-14-1","Capture_3'_GGCTTTCCAGTCTTCC-3","Tumor"
"SYNTH-27-14-1","Capture_5'_CTCGGGACAGCCTATA-4","Dividing Tumor"
"SYNTH-27-14-1","Capture_5'_CAACCAAAGTCCATAC-2","Tumor"
"SYNTH-27-14-1","Capture_3'_TCAATCTTCGTAACAC-4","Dividing Tumor"
"SYNTH-27-14-1","Capture_5'_ACGCCGAAGAAGGTGA-3","Dividing Tumor"
"SYNTH-27-14-1","Capture_3'_GGAGGTACAGTGTGGA-3","Tumor"
"SYNTH-27-14-1","Capture_5'_TCAGGATAGAGGGATA-4","Tumor"
"SYNTH-27-14-1","Capture_5'_AACTTTCTCCCTTGTG-4","Tumor"
"SYNTH-27-15-1","Capture_3'_TCAATTCAGATCCCAT-4","TAMs"
"SYNTH-27-15-1","Capture_5'_CTTTGCGGTGCACTTA-3","Tumor"
"SYNTH-27-15-1","Capture_3'_TGTACAGAGAAACCCG-3","Tumor"
"SYNTH-27-15-1","Capture_5'_CTACACCCAGCTGTGC-3","Tumor"
"SYNTH-27-15-1","Capture_5'_AGCCTAAAGGATGCGT-1","T-cells"
"SYNTH-27-15-1","Capture_5'_AACTCCCCAATACGCT-2","Dividing Tumor"
"SYNTH-27-16-1","Capture_5'_TTTACTGGTCGATTGT-2","Tumor"
"SYNTH-27-16-1","Capture_3'_GGACGTCCATGACGAG-4","T-cells"
"SYNTH-27-16-1","Capture_5'_GACGCGTGTCCCTACT-3","Tumor"
"SYNTH-27-16-1","Capture_3'_ACTGTCCCAGACCAAG-2","Tumor"
"SYNTH-27-16-1","Capture_3'_GTAGAGGGTATGCAAA-4","T-cells"
"SYNTH-27-17-1","Capture_5'_TAAGAGAGTTCTCATT-2","Tumor"
"SYNTH-27-17-1","Capture_3'_GTAGCTACATCGAACT-1","Luminal A"
"SYNTH-27-18-1","Capture_5'_TAAACCGTCACGGTTA-2","Tumor"
"SYNTH-27-18-1","Capture_5'_CACACTCTCTATCGCC-4","Tumor"
"SYNTH-27-18-1","Capture_3'_TTCCTAAAGGCATCGA-1","Tumor"
"SYNTH-27-18-1","Capture_5'_CGCTGGACACGCATCG-3","Tumor"
"SYNTH-27-18-1","Capture_3'_CACCGTTGTTAGAGTA-1","Tumor"
"SYNTH-27-18-1","Capture_5'_AGGTCATGTGCCTTGG-2","Tumor"
"SYNTH-27-18-1","Capture_5'_GTACGTACATTCGACA-2","T-cells"
"SYNTH-27-18-1","Capture_5'_TTCTCAACAAGCTGAG-1","Tumor"
"SYNTH-27-18-1","Capture_5'_TAGTGGTCATGAGCGA-3","Dividing Tumor"
"SYNTH-27-18-1","Capture_5'_CTCGAAATCTAGAGTC-4","Tumor"
"SYNTH-27-19-1","Capture_3'_CGTAGTAAGAGGATGA-2","B-cells"
"SYNTH-27-19-1","Capture_5'_CGACCTTCAGATTGCT-4","T-cells"
"SYNTH-27-19-1","Capture_3'_CCGCAAGCAACTTCTT-3","Dividing Tumor"
"SYNTH-27-20-1","Capture_5'_CCTTCCCGTAGCGCTC-1","Tumor"
"SYNTH-27-20-1","Capture_5'_CGTCTACTCCATGAAC-3","T-cells"
"SYNTH-27-21-1","Capture_5'_GGATGTTTCTTCGAGA-4","Tumor"
"SYNTH-27-21-1","Capture_5'_TAGAGCTGTCTTCTCG-4","Tumor"
"SYNTH-27-22-1","Capture_3'_ATCGTCCTCGGCCTTT-2","Tumor"
"SYNTH-27-22-1","Capture_3'_CTCACTGGTTTGTTGG-2","T-cells"
"SYNTH-27-22-1","Capture_3'_GTCCACTGTGTCTTGA-2","TAMs"
"SYNTH-27-22-1","Capture_5'_CGTTCTGTCTTCGAGA-4","Dividing Tumor"
"SYNTH-27-22-1","Capture_3'_TGGTGATCAGTGCGCT-3","Tumor"
"SYNTH-27-22-1","Capture_5'_CGGACGTTCATAACCG-4","Tumor"
"SYNTH-27-22-1","Capture_5'_AACCGCGTCCGAATGT-1","Plasma Cells"
"SYNTH-27-22-1","Capture_5'_AGGTCCGGTCGCATCG-4","Tumor"
"SYNTH-27-23-1","Capture_3'_TGGTTAGTCGTAATGC-4","T-cells"
"SYNTH-27-23-1","Capture_5'_CACATTTTCAGGCCCA-1","Dividing Tumor"
"SYNTH-27-23-1","Capture_3'_CGTGATAGTTAGGGTG-3","Dividing Tumor"
"SYNTH-27-23-1","Capture_5'_ATGGGAGAGAGCTATA-3","T-cells"
"SYNTH-27-23-1","Capture_3'_AACAAAGAGGACTGGT-3","T-cells"
"SYNTH-27-23-1","Capture_3'_TTCCTCTCAGAGATGC-2","Tumor"
"SYNTH-27-23-1","Capture_5'_GTTCGGGCACATCCAA-3","Tumor"
"SYNTH-27-24-1","Capture_3'_GAAATGATCCATAAGC-1","T-cells"
"SYNTH-27-24-1","Capture_3'_GTGTGATAGTCTTCGA-1","Tumor"
"SYNTH-27-24-1","Capture_5'_AACCATGTCTGACCTC-1","Tumor"
"SYNTH-27-24-1","Capture_5'_TTCCCAGCATTTGCCC-3","B-cells"
"SYNTH-27-25-1","Capture_3'_CATCCCATCACGTAGT-3","T-cells"
"SYNTH-27-25-1","Capture_5'_CCGGGATGTGACAAAT-1","Luminal A"
"SYNTH-27-25-1","Capture_5'_CGCTGGATCAGAAATG-2","Dividing Tumor"
"SYNTH-27-25-1","Capture_5'_GAAACTCGTCAACTGT-4","Luminal A"
"SYNTH-27-25-1","Capture_3'_AACGGGAGTCAGGCAA-1","Tumor"
"SYNTH-27-25-1","Capture_3'_CATCCCACAGATCATC-3","T-cells"
"SYNTH-27-25-1","Capture_5'_GCTGGGTAGCTGAACG-2","Tumor"
"SYNTH-27-26-1","Capture_5'_CAAGGCCCAGCCAGAA-2","Tumor"
"SYNTH-27-27-1","Capture_3'_GTCTGTCTCAGCCTTC-4","Tumor"
"SYNTH-27-27-1","Capture_5'_TAGGCATTCAACCAAC-2","Tumor"
"SYNTH-27-27-1","Capture_3'_CTGTGAAAGCCAGACA-4","Tumor"
"SYNTH-27-27-1","Capture_5'_CAACCTCAGGCCCTTG-2","Tumor"
"SYNTH-27-28-1","Capture_5'_ATCTACTAGGATGTAT-2","Dividing Tumor"
"SYNTH-27-28-1","Capture_5'_CCTTCGAGTCTCTTTA-4","Endothelial Cells"
"SYNTH-27-28-1","Capture_3'_TGTTCATCATGATCTG-2","Tumor"
"SYNTH-27-28-1","Capture_5'_GGATGTTAGGGAACGG-4","T-cells"
"SYNTH-27-29-1","Capture_3'_ATGGAGGAGAAGGCTC-4","Dividing Tumor"
"SYNTH-27-29-1","Capture_5'_GTAACGTTCCCAGGTG-2","Luminal A"
"SYNTH-27-29-1","Capture_5'_TACTTACGTATATGGA-3","Dividing Tumor"
"SYNTH-27-30-1","Capture_3'_TATCCTAAGCCAAGCA-4","Dividing Tumor"
"SYNTH-27-30-1","Capture_5'_GTACTCCGTCTTGATG-3","Tumor"
"SYNTH-27-30-1","Capture_5'_TGAGCATGTGGCTCCA-3","Dividing Tumor"
"SYNTH-27-30-1","Capture_5'_CTAACTTTCCCAACGG-3","Luminal A"
"SYNTH-27-30-1","Capture_5'_AGTAGTCGTCTGGTCG-2","Dividing Tumor"
"SYNTH-27-31-1","Capture_5'_GGCGACTTCGCCGTGA-2","Dividing Tumor"
"SYNTH-27-31-1","Capture_5'_TACGGGCAGCGTCTAT-4","Tumor"
"SYNTH-27-31-1","Capture_3'_GGCTGTGTCGGTCAGC-4","T-cells"
"SYNTH-27-31-1","Capture_5'_CATCAAGTCACGCATA-4","Tumor"
"SYNTH-27-31-1","Capture_5'_AGGCCACAGCGCTCCA-3","Tumor"
"SYNTH-27-32-1","Capture_3'_TTCGGTCGTGTCTTGA-4","T-cells"
"SYNTH-27-32-1","Capture_5'_CCGTACTAGACAGAGA-4","T-cells"
"SYNTH-27-32-1","Capture_5'_ACATACGTCCGTTGTC-3","Dividing Tumor"
"SYNTH-27-32-1","Capture_5'_TCTTTCCCAGGTCGTC-3","Dividing Tumor"
"SYNTH-27-32-1","Capture_5'_CTGATAGAGATCCTGT-2","Dividing Tumor"
"SYNTH-27-32-1","Capture_5'_CAACCTCAGTATGACA-2","Dividing Tumor"
"SYNTH-27-32-1","Capture_3'_GTGTTAGCATTAAGCC-2","T-cells"
"SYNTH-27-33-1","Capture_3'_GATGGAGAGAGTCGAC-4","Luminal A"
"SYNTH-27-33-1","Capture_5'_TCAGGATGTATATGGA-3","Dividing Tumor"
"SYNTH-27-34-1","Capture_5'_CGAATGTAGATCGGGT-3","Dividing Tumor"
"SYNTH-27-34-1","Capture_3'_AGACCCGGTGACTAAA-3","Tumor"
"SYNTH-27-34-1","Capture_3'_AGCTTCCAGGGCAGAG-3","Tumor"
"SYNTH-27-34-1","Capture_5'_TAGGCATGTGCACCAC-3","Dividing Tumor"
"SYNTH-27-34-1","Capture_5'_GTCACGGGTACAGCAG-1","Dividing Tumor"
"SYNTH-27-34-1","Capture_5'_ACCGTAAGTAGTAGTA-2","Luminal A"
"SYNTH-27-34-1","Capture_5'_GTACGTAAGAACAATC-4","Tumor"
"SYNTH-27-34-1","Capture_5'_TCCACACCATCGGGTC-4","Tumor"
"SYNTH-27-35-1","Capture_3'_GCTTGGGTCAACTGGT-4","Fibroblasts"
"SYNTH-27-35-1","Capture_3'_TCGCTTGAGACTGGGT-4","Tumor"
"SYNTH-27-35-1","Capture_3'_CGAAGGACACATGAAA-2","T-cells"
"SYNTH-27-35-1","Capture_5'_CACTCCAAGACCTAGG-3","Tumor"
"SYNTH-27-35-1","Capture_5'_TCGCGTTAGTTGCAGG-3","Endothelial Cells"
"SYNTH-27-35-1","Capture_5'_CCACTACCACGAAATA-2","T-cells"
"SYNTH-27-35-1","Capture_5'_AGGTCCGAGATGAGAG-1","Tumor"
"SYNTH-27-36-1","Capture_5'_TACTTGTGTAGCTTGT-2","Dividing Tumor"
"SYNTH-27-36-1","Capture_5'_CGGAGCTGTATAGTAG-3","B-cells"
"SYNTH-27-36-1","Capture_5'_CAACCTCAGGTACTCT-3","Tumor"
"SYNTH-27-36-1","Capture_5'_GCACTCTTCTGAAAGA-4","Tumor"
"SYNTH-27-37-1","Capture_3'_CTGTAGACAACAGCTT-1","Tumor"
"SYNTH-27-37-1","Capture_5'_CGGACACCAACACGCC-3","Tumor"
"SYNTH-27-37-1","Capture_3'_CAGATCACATCGTCCT-1","Dividing Tumor"
"SYNTH-27-37-1","Capture_5'_TGGACGCTCAGCATGT-2","Dividing Tumor"
"SYNTH-27-38-1","Capture_3'_TCCTTTCTCGGCTTCT-1","Tumor"
"SYNTH-27-38-1","Capture_3'_CATGGTAGTCGAACAG-4","Endothelial Cells"
"SYNTH-27-38-1","Capture_5'_GTCATTTTCAAGGTAA-4","Dividing Tumor"
"SYNTH-27-38-1","Capture_5'_AACACGTTCCGATATG-3","Tumor"
"SYNTH-27-38-1","Capture_5'_GCTTCCACACAAGCCC-2","T-cells"
"SYNTH-27-38-1","Capture_5'_ATCACGAGTTGGAGGT-2","Tumor"
"SYNTH-27-38-1","Capture_3'_CCGTTCAAGTGAACAT-1","Dividing Tumor"
"SYNTH-27-39-1","Capture_5'_TGTGGTAAGACTTGAA-4","Dividing Tumor"
"SYNTH-27-39-1","Capture_5'_GTCACGGAGGAGTCTG-4","Luminal A"
"SYNTH-27-39-1","Capture_3'_GTCCCATGTATTTCCT-4","Plasma Cells"
"SYNTH-27-39-1","Capture_5'_TTGTAGGTCATGTCTT-4","Luminal A"
"SYNTH-27-39-1","Capture_5'_GCTTGAAAGGCTATCT-1","Tumor"
"SYNTH-27-40-1","Capture_5'_TGCCAAAGTGCCTTGG-2","Tumor"
"SYNTH-27-40-1","Capture_5'_ACTGAGTAGGCGTACA-4","T-cells"
"SYNTH-27-41-1","Capture_3'_ACAGAAAAGCGAGTCA-1","T-cells"
"SYNTH-27-41-1","Capture_3'_TGCTGAATCCCAGCGA-2","Dividing Tumor"
"SYNTH-27-41-1","Capture_5'_CTAGAGTCATCCGCGA-3","Tumor"
"SYNTH-27-41-1","Capture_5'_GGACAGATCGTAGGTT-4","T-cells"
"SYNTH-27-41-1","Capture_5'_GATGCTAAGATGAGAG-4","Dividing Tumor"
"SYNTH-27-41-1","Capture_5'_TATTACCAGTACATGA-3","Tumor"
"SYNTH-27-42-1","Capture_3'_TAGGGTTCACTGCGAC-4","Tumor"
"SYNTH-27-42-1","Capture_5'_TAGTTGGCATCCGTGG-3","T-cells"
"SYNTH-27-42-1","Capture_3'_TGAGTCAGTGCTCGTG-1","Endothelial Cells"
"SYNTH-27-42-1","Capture_3'_GGGTGAACACTTCAAG-3","Tumor"
"SYNTH-27-42-1","Capture_5'_GGGTTGCAGTTCGCAT-3","Tumor"
"SYNTH-27-42-1","Capture_5'_CGAACATCACGCCAGT-4","Tumor"
"SYNTH-27-43-1","Capture_5'_CCGTTCAAGCTGAAAT-3","Tumor"
"SYNTH-27-43-1","Capture_3'_CCCTCTCGTTGAGAGC-3","Tumor"
"SYNTH-27-43-1","Capture_3'_GGATCTATCAGTGATC-4","B-cells"
"SYNTH-27-43-1","Capture_5'_GCTTGAAGTTGAGGTG-1","Dividing Tumor"
"SYNTH-27-43-1","Capture_3'_AAACCCATCCTTATAC-4","Luminal A"
"SYNTH-27-43-1","Capture_5'_CGGCTAGTCTCAACTT-4","Endothelial Cells"
"SYNTH-27-43-1","Capture_5'_GATGAGGCACAGTCGC-4","Tumor"
"SYNTH-27-43-1","Capture_5'_GGGAGATAGCAGGTCA-3","Tumor"
"SYNTH-27-43-1","Capture_3'_GTGTGGCTCTCATAGG-4","Tumor"
"SYNTH-27-44-1","Capture_5'_GGACAGACAAGCTGAG-4","Dividing Tumor"
"SYNTH-27-45-1","Capture_5'_GTATTCTCAGATGGGT-1","Tumor"
"SYNTH-27-45-1","Capture_3'_TCCATCGAGTCAAGCG-2","Dividing Tumor"
"SYNTH-27-45-1","Capture_3'_CATTCATTCGTGTCAA-2","Tumor"
"SYNTH-27-45-1","Capture_5'_CATTATCTCAGTCAGT-4","Tumor"
"SYNTH-27-45-1","Capture_3'_ACACTGAAGCACTGGA-4","T-cells"
"SYNTH-27-45-1","Capture_3'_CGATCGGGTTTGAAAG-4","Tumor"
"SYNTH-27-46-1","Capture_3'_CTTCGGTAGGCCTGCT-1","Luminal B"
"SYNTH-27-46-1","Capture_5'_CGTCACTGTAAAGGAG-4","TAMs"
"SYNTH-27-46-1","Capture_5'_GTAGTCAGTTGGGACA-3","T-cells"
"SYNTH-27-46-1","Capture_3'_TTACGCCTCCTCAGAA-3","Dividing Tumor"
"SYNTH-27-47-1","Capture_5'_GGGAGATAGCAGGCTA-3","T-cells"
"SYNTH-27-47-1","Capture_5'_TTGCCGTCACATTTCT-2","Tumor"
"SYNTH-27-47-1","Capture_5'_TGCGGGTGTCCCGACA-1","Tumor"
"SYNTH-27-47-1","Capture_5'_CATGCCTTCGGGAGTA-3","T-cells"
"SYNTH-27-47-1","Capture_5'_GGACAAGTCGCGGATC-3","Tumor"
"SYNTH-27-48-1","Capture_5'_CAAGGCCCACCGATAT-3","Luminal A"
"SYNTH-27-48-1","Capture_5'_TTCTTAGGTCGGATCC-3","Tumor"
"SYNTH-27-48-1","Capture_5'_TCAGATGGTATGAAAC-1","Tumor"
"SYNTH-27-48-1","Capture_3'_ACGGTTAGTCGTGGAA-3","T-cells"
"SYNTH-27-49-1","Capture_5'_GATCAGTAGATCGATA-2","TAMs"
"SYNTH-27-49-1","Capture_3'_TGGTACACAGCCCACA-4","Dividing Tumor"
"SYNTH-27-49-1","Capture_5'_TGGTTAGTCGCGGATC-3","Dividing Tumor"
"SYNTH-27-49-1","Capture_5'_CGCCAAGTCCAGTATG-3","Dividing Tumor"
"SYNTH-27-49-1","Capture_5'_CTGCGGACATTCTCAT-1","Tumor"
"SYNTH-27-49-1","Capture_3'_AGATGAATCCTACGAA-1","Tumor"
"SYNTH-27-49-1","Capture_3'_GATGATCAGCTGCGAA-3","Tumor"
"SYNTH-27-50-1","Capture_5'_TTCTTAGGTCGGATCC-3","Tumor"
"SYNTH-27-50-1","Capture_3'_TCGGATAGTCTGTAAC-1","Tumor"
"SYNTH-28-1-1","Capture_5'_ATCCGAAGTCCGTCAG-2","T-cells"
"SYNTH-28-2-1","Capture_5'_TAAGCGTGTAAGGGCT-3","Tumor"
"SYNTH-28-2-1","Capture_5'_GGATGTTTCAATACCG-1","B-cells"
"SYNTH-28-2-1","Capture_5'_CGTAGGCGTATGGTTC-2","Dividing Tumor"
"SYNTH-28-2-1","Capture_5'_AGGCCGTCAATGCCAT-4","Dividing Tumor"
"SYNTH-28-2-1","Capture_5'_TGAGCCGGTCGAGATG-2","TAMs"
"SYNTH-28-2-1","Capture_3'_CAGCCAGGTATCGATC-3","Dividing Tumor"
"SYNTH-28-3-1","Capture_5'_TGGTTCCGTCCGAACC-2","Tumor"
"SYNTH-28-3-1","Capture_3'_CTCCCTCTCGTCCATC-2","T-cells"
"SYNTH-28-3-1","Capture_3'_AATTTCCGTAAGAACT-4","T-cells"
"SYNTH-28-3-1","Capture_5'_GCAATCATCCAGAGGA-1","T-cells"
"SYNTH-28-3-1","Capture_5'_GATGAGGAGATGCCTT-4","Tumor"
"SYNTH-28-4-1","Capture_5'_TGACTTTAGAGACTAT-4","Tumor"
"SYNTH-28-4-1","Capture_5'_CGTCAGGTCATAAAGG-4","Tumor"
"SYNTH-28-4-1","Capture_5'_TTGGCAAGTGCACGAA-4","Tumor"
"SYNTH-28-4-1","Capture_5'_AGTGAGGAGTACACCT-1","Endothelial Cells"
"SYNTH-28-5-1","Capture_3'_AACGGGAGTCAGGCAA-1","Tumor"
"SYNTH-28-5-1","Capture_5'_CCTAGCTAGATGTTAG-4","Tumor"
"SYNTH-28-5-1","Capture_3'_CTCGAGGGTTGGCCTG-3","Fibroblasts"
"SYNTH-28-5-1","Capture_3'_AGACAAAAGTTCGCAT-3","Tumor"
"SYNTH-28-5-1","Capture_5'_GAATAAGCACTACAGT-4","Plasma Cells"
"SYNTH-28-5-1","Capture_5'_TTGGCAAAGCCAGTTT-4","Dividing Tumor"
"SYNTH-28-6-1","Capture_3'_CCAAGCGCAGGCGATA-4","Dividing Tumor"
"SYNTH-28-6-1","Capture_5'_GTATCTTTCCATGAGT-2","Dividing Tumor"
"SYNTH-28-6-1","Capture_5'_CTCGTCAAGACCTAGG-3","Tumor"
"SYNTH-28-6-1","Capture_5'_CACAAACTCGCCGTGA-2","Dividing Tumor"
"SYNTH-28-6-1","Capture_5'_ACGCAGCGTAGTAGTA-2","Tumor"
"SYNTH-28-7-1","Capture_3'_CGAGGAAGTCTGGTTA-3","Endothelial Cells"
"SYNTH-28-7-1","Capture_3'_TCAGTTTTCCGAAATC-4","Dividing Tumor"
"SYNTH-28-7-1","Capture_3'_CCGTTCAAGCTAAATG-1","Endothelial Cells"
"SYNTH-28-7-1","Capture_5'_GGCCGATTCATCGATG-4","Ciliated Cells"
"SYNTH-28-7-1","Capture_5'_TACCTTATCAGAAATG-1","T-cells"
"SYNTH-28-7-1","Capture_3'_CAACAGTCATGGTGGA-1","Dividing Tumor"
"SYNTH-28-8-1","Capture_5'_TGAGAGGGTTATTCTC-2","Dividing Tumor"
"SYNTH-28-8-1","Capture_3'_GTAGAGGCAATTCACG-3","Tumor"
"SYNTH-28-8-1","Capture_5'_GTTCTCGCAAGCTGAG-1","Tumor"
"SYNTH-28-8-1","Capture_5'_TAGTGGTAGCAGACTG-4","T-cells"
"SYNTH-28-8-1","Capture_5'_GCGCCAAAGCAATCTC-2","Dividing Tumor"
"SYNTH-28-8-1","Capture_5'_CCCAATCGTCAGCTAT-4","TAMs"
"SYNTH-28-8-1","Capture_5'_TAAGAGAGTTCTCATT-2","Tumor"
"SYNTH-28-8-1","Capture_3'_CTAACTTGTAATGTGA-1","T-cells"
"SYNTH-28-8-1","Capture_3'_CATTTCACAACTCATG-2","Tumor"
"SYNTH-28-9-1","Capture_5'_AACTCCCAGCCGCCTA-3","Tumor"
"SYNTH-28-9-1","Capture_5'_ACCCACTGTCACTGGC-1","Dividing Tumor"
"SYNTH-28-9-1","Capture_5'_TCAGGATGTCCATGAT-3","T-cells"
"SYNTH-28-9-1","Capture_5'_GCGAGAAAGTTAACGA-3","Tumor"
"SYNTH-28-9-1","Capture_3'_CACACAAAGCAATAGT-4","Tumor"
"SYNTH-28-10-1","Capture_5'_TCTCTAACAGACGTAG-3","Tumor"
"SYNTH-28-10-1","Capture_5'_CTGTTTATCTGCTGTC-1","Dividing Tumor"
"SYNTH-28-11-1","Capture_3'_TGACAGTAGCATGTTC-3","Tumor"
"SYNTH-28-11-1","Capture_3'_GCAACCGCACGGGCTT-1","Tumor"
"SYNTH-28-11-1","Capture_5'_TGAGAGGTCTTGTATC-2","Fibroblasts"
"SYNTH-28-11-1","Capture_3'_GGTTCTCGTCTTGCTC-2","T-cells"
"SYNTH-28-12-1","Capture_3'_GTGGCGTAGTTCCAGT-2","Tumor"
"SYNTH-28-12-1","Capture_5'_AAAGCAAAGACAGGCT-2","Tumor"
"SYNTH-28-12-1","Capture_5'_ACGCCGATCGAACTGT-4","Dividing Tumor"
"SYNTH-28-12-1","Capture_5'_CACCACTTCTGGTTCC-2","Tumor"
"SYNTH-28-12-1","Capture_5'_GTAGTCATCTAACTTC-4","T-cells"
"SYNTH-28-12-1","Capture_3'_TTCCGTGAGAAACCCG-2","T-cells"
"SYNTH-28-12-1","Capture_3'_CATTGTTAGCAGCACA-1","Tumor"
"SYNTH-28-13-1","Capture_5'_TCAGGATGTTGGTGGA-3","Tumor"
"SYNTH-28-13-1","Capture_5'_GTCATTTCACTATCTT-3","Dividing Tumor"
"SYNTH-28-14-1","Capture_5'_AGTTGGTTCGTTACGA-2","Dividing Tumor"
"SYNTH-28-14-1","Capture_3'_CGTTGGGTCGCAGTCG-4","Fibroblasts"
"SYNTH-28-14-1","Capture_3'_GTAGGTTCAAGTCGTT-4","Tumor"
"SYNTH-28-15-1","Capture_5'_TCATTACAGAAACGCC-3","T-cells"
"SYNTH-28-15-1","Capture_5'_CAACTAGAGACTAAGT-1","T-cells"
"SYNTH-28-15-1","Capture_5'_GACGTGCGTTACAGAA-2","Tumor"
"SYNTH-28-15-1","Capture_3'_CACTAAGTCCCGAAAT-2","Tumor"
"SYNTH-28-15-1","Capture_5'_AGGCCGTTCTCCGGTT-3","Dividing Tumor"
"SYNTH-28-15-1","Capture_3'_TACTTACAGAAACACT-1","Tumor"
"SYNTH-28-15-1","Capture_3'_ATGAGGGAGTCTGGAG-3","B-cells"
"SYNTH-28-16-1","Capture_3'_ATTGTTCCACCGTACG-4","Luminal B"
"SYNTH-28-16-1","Capture_5'_CGACCTTCATGTCGAT-3","Tumor"
"SYNTH-28-17-1","Capture_3'_GGTGTTACATCACCAA-3","Tumor"
"SYNTH-28-17-1","Capture_5'_CTAGCCTCACATCCAA-3","Tumor"
"SYNTH-28-17-1","Capture_5'_TTGGCAAGTAGGGACT-3","Dividing Tumor"
"SYNTH-28-17-1","Capture_3'_AGGGAGTCATACAGAA-3","T-cells"
"SYNTH-28-17-1","Capture_5'_TTCTCCTAGTGTTTGC-1","Plasma Cells"
"SYNTH-28-18-1","Capture_5'_AAAGTAGGTCCAAGTT-3","Tumor"
"SYNTH-28-18-1","Capture_3'_ATGGATCGTAGGAGTC-2","Dividing Tumor"
"SYNTH-28-18-1","Capture_3'_ACTATCTCAGCGTAGA-1","T-cells"
"SYNTH-28-18-1","Capture_3'_CCTCATGAGAAATTCG-2","Tumor"
"SYNTH-28-18-1","Capture_3'_TGCAGATGTCGAGTGA-4","Tumor"
"SYNTH-28-18-1","Capture_5'_CTACCCACACATGTGT-2","Dividing Tumor"
"SYNTH-28-19-1","Capture_3'_CACCGTTGTTAGAGTA-1","Tumor"
"SYNTH-28-19-1","Capture_3'_GTAGAGGCAATTCACG-3","Tumor"
"SYNTH-28-19-1","Capture_5'_ACTGTCCTCCGGCACA-3","Dividing Tumor"
"SYNTH-28-19-1","Capture_3'_GCCATGGTCAAGTGTC-4","Endothelial Cells"
"SYNTH-28-19-1","Capture_5'_GCTCTGTCATGGATGG-3","Dividing Tumor"
"SYNTH-28-19-1","Capture_5'_TTGTAGGCATCTGGTA-2","Tumor"
"SYNTH-28-19-1","Capture_5'_TCCCGATCACTTACGA-2","Dividing Tumor"
"SYNTH-28-19-1","Capture_3'_GATCATGAGCTCTTCC-1","Dividing Tumor"
"SYNTH-28-20-1","Capture_5'_CTTCTCTAGTCTTGCA-4","Dividing Tumor"
"SYNTH-28-20-1","Capture_5'_TCTTTCCCAGGTCGTC-3","Dividing Tumor"
"SYNTH-28-20-1","Capture_5'_TTGGCAATCGCATGAT-4","Tumor"
"SYNTH-28-21-1","Capture_5'_CTCGAGGCAGCGTCCA-4","Tumor"
"SYNTH-28-21-1","Capture_5'_ATAAGAGAGCAATCTC-3","Luminal A"
"SYNTH-28-21-1","Capture_5'_GAATGAAGTCGAAAGC-3","Tumor"
"SYNTH-28-21-1","Capture_3'_AAGCGAGAGTGGCAGT-4","Dividing Tumor"
"SYNTH-28-21-1","Capture_3'_GTAAGTCGTCAGACGA-4","Endothelial Cells"
"SYNTH-28-21-1","Capture_5'_CGGCTAGAGTCTCAAC-1","Tumor"
"SYNTH-28-22-1","Capture_3'_CATACAGGTCAGTTTG-1","Dividing Tumor"
"SYNTH-28-22-1","Capture_5'_TCGGGACTCAACCATG-1","Plasma Cells"
"SYNTH-28-22-1","Capture_5'_ATGAGGGTCCTCGCAT-4","Fibroblasts"
"SYNTH-28-22-1","Capture_5'_CACAGTAAGCCACTAT-1","Tumor"
"SYNTH-28-22-1","Capture_5'_AAGCCGCCATCGATTG-2","Tumor"
"SYNTH-28-22-1","Capture_3'_CCTAACCAGCGACTGA-2","T-cells"
"SYNTH-28-22-1","Capture_5'_AAATGCCTCCCTAATT-2","Tumor"
"SYNTH-28-22-1","Capture_5'_CGTTAGACAGGTTTCA-1","Tumor"
"SYNTH-28-23-1","Capture_5'_CTAGCCTAGAAGGTGA-3","T-cells"
"SYNTH-28-23-1","Capture_5'_CGCGGTACAGCGAACA-3","T-cells"
"SYNTH-28-23-1","Capture_5'_CTCTGGTAGCGTGAGT-3","Dividing Tumor"
"SYNTH-28-23-1","Capture_3'_CGTTCTGTCGACGTCG-4","Tumor"
"SYNTH-28-23-1","Capture_5'_GGTGTTAGTGCACGAA-2","Luminal B"
"SYNTH-28-23-1","Capture_5'_TACGGTACAGGTGCCT-2","Tumor"
"SYNTH-28-23-1","Capture_5'_AGAATAGGTGCAACTT-4","Dividing Tumor"
"SYNTH-28-24-1","Capture_5'_CGCTATCCAAATCCGT-3","Tumor"
"SYNTH-28-24-1","Capture_3'_AGGTCATCAAGGGCAT-1","Tumor"
"SYNTH-28-24-1","Capture_5'_AGCTTGAAGGAGTCTG-4","Tumor"
"SYNTH-28-24-1","Capture_5'_GATGAAATCATCACCC-2","Tumor"
"SYNTH-28-24-1","Capture_5'_CGGAGCTGTCAATACC-2","Luminal A"
"SYNTH-28-24-1","Capture_5'_CAAGAAATCGCCTGAG-2","Luminal B"
"SYNTH-28-24-1","Capture_5'_ACACCCTGTTTCGCTC-1","Tumor"
"SYNTH-28-24-1","Capture_5'_TGTGGTAAGATCTGAA-2","T-cells"
"SYNTH-28-24-1","Capture_5'_ACTGATGAGTTCGCGC-1","Tumor"
"SYNTH-28-24-1","Capture_5'_CGTCCATAGGTAGCTG-1","T-cells"
"SYNTH-28-25-1","Capture_5'_CGAGAAGAGGTAAACT-3","Dividing Tumor"
"SYNTH-28-25-1","Capture_3'_GGGTAGAAGGGATCTG-1","Dividing Tumor"
"SYNTH-28-25-1","Capture_3'_CACACAATCGTGCAGC-4","Dividing Tumor"
"SYNTH-28-25-1","Capture_3'_GGAGGTACAAATCAGA-2","T-cells"
"SYNTH-28-25-1","Capture_5'_CACCAGGGTCTGATCA-4","Dividing Tumor"
"SYNTH-28-25-1","Capture_5'_TGTGTTTCAAGTCATC-2","T-cells"
"SYNTH-28-25-1","Capture_5'_ATTGGACCACCCAGTG-2","Luminal A"
"SYNTH-28-25-1","Capture_3'_CGTAATGGTAATGCGG-4","Tumor"
"SYNTH-28-25-1","Capture_3'_AGATCCAAGGTAAGAG-1","Dividing Tumor"
"SYNTH-28-25-1","Capture_5'_AGGGAGTTCCAGATCA-2","Tumor"
"SYNTH-28-26-1","Capture_5'_AGGGAGTAGTGTTGAA-2","Dividing Tumor"
"SYNTH-28-26-1","Capture_5'_GCAATCAGTCGCTTTC-1","T-cells"
"SYNTH-28-26-1","Capture_3'_TTCTCTCAGTCATAGA-1","T-cells"
"SYNTH-28-26-1","Capture_5'_CACCTTGCAAGCGATG-2","Tumor"
"SYNTH-28-26-1","Capture_5'_CCAATCCAGAAGGACA-4","Tumor"
"SYNTH-28-26-1","Capture_5'_GGGATGAAGGGAACGG-1","Tumor"
"SYNTH-28-27-1","Capture_5'_CTCCTAGTCTGCGACG-4","Luminal A"
"SYNTH-28-27-1","Capture_5'_CGAGCACTCAGCTCTC-2","Tumor"
"SYNTH-28-28-1","Capture_5'_CCTAAAGGTAAGTTCC-2","Luminal A"
"SYNTH-28-29-1","Capture_3'_CCTTCAGCACTTGAAC-3","Dividing Tumor"
"SYNTH-28-30-1","Capture_5'_CCAATCCGTGCGATAG-1","Tumor"
"SYNTH-28-30-1","Capture_5'_TTTACTGTCGGCGCAT-3","T-cells"
"SYNTH-28-30-1","Capture_3'_GCGATCGCACAGTATC-4","T-cells"
"SYNTH-28-30-1","Capture_5'_CTCATTACAGGTCCAC-4","Tumor"
"SYNTH-28-30-1","Capture_5'_GACTAACGTACAGCAG-4","Tumor"
"SYNTH-28-30-1","Capture_5'_GGACAGACATGTTGAC-3","T-cells"
"SYNTH-28-30-1","Capture_3'_CATTGTTTCGACGATT-2","Tumor"
"SYNTH-28-31-1","Capture_3'_ACGGTCGAGTTGCCCG-3","Tumor"
"SYNTH-28-31-1","Capture_3'_CAGGGCTGTACTGACT-4","T-cells"
"SYNTH-28-32-1","Capture_5'_CTGATAGAGTCCAGGA-4","Dividing Tumor"
"SYNTH-28-32-1","Capture_3'_CGTAAGTCACATTCTT-4","T-cells"
"SYNTH-28-32-1","Capture_3'_CTCACTGTCTGGGCGT-1","Dividing Tumor"
"SYNTH-28-32-1","Capture_3'_TTGTTGTCAAGACCTT-4","T-cells"
"SYNTH-28-32-1","Capture_5'_CACCACTCACCAACCG-4","Tumor"
"SYNTH-28-32-1","Capture_3'_TGTCCACTCACGAACT-1","T-cells"
"SYNTH-28-33-1","Capture_5'_GATGCTAAGCAATCTC-1","Tumor"
"SYNTH-28-34-1","Capture_5'_TTCGAAGGTAACGCGA-4","T-cells"
"SYNTH-28-34-1","Capture_5'_GAACCTACAATGACCT-1","B-cells"
"SYNTH-28-34-1","Capture_3'_TTCCTAACACCAGCTG-1","Tumor"
"SYNTH-28-34-1","Capture_5'_GGCCGATAGATCACGG-2","Tumor"
"SYNTH-28-34-1","Capture_5'_GAGGTGACATTCCTGC-4","Tumor"
"SYNTH-28-34-1","Capture_3'_GGTGATTTCAATCCAG-3","T-cells"
"SYNTH-28-35-1","Capture_5'_TACACGAAGGTGCTAG-4","Tumor"
"SYNTH-28-36-1","Capture_5'_ACCCACTTCTGTCTCG-2","Dividing Tumor"
"SYNTH-28-36-1","Capture_5'_CTGCGGATCCCTAATT-3","Tumor"
"SYNTH-28-36-1","Capture_5'_CTCGAGGGTGGTCTCG-4","Dividing Tumor"
"SYNTH-28-36-1","Capture_5'_CCTACCAAGCCACGTC-4","Tumor"
"SYNTH-28-36-1","Capture_5'_ACGGGCTCATGATCCA-4","T-cells"
"SYNTH-28-37-1","Capture_5'_AGGTCATTCAACTCTT-2","Luminal A"
"SYNTH-28-37-1","Capture_5'_CCTTCGAGTTTAAGCC-4","Dividing Tumor"
"SYNTH-28-38-1","Capture_3'_CCTCCTCTCTGTCCCA-4","Luminal A"
"SYNTH-28-38-1","Capture_3'_TGCAGTACACAATGCT-3","Tumor"
"SYNTH-28-38-1","Capture_5'_TCGCGTTCAAGCTGGA-1","Dividing Tumor"
"SYNTH-28-38-1","Capture_3'_CCTCCAAGTGGAAATT-2","T-cells"
"SYNTH-28-39-1","Capture_5'_CAGCTGGGTTAAGATG-3","Dividing Tumor"
"SYNTH-28-39-1","Capture_5'_CAGCTGGGTCCGACGT-2","T-cells"
"SYNTH-28-39-1","Capture_5'_TAGCCGGGTCCTAGCG-3","T-cells"
"SYNTH-28-39-1","Capture_5'_ACTGATGGTTCCCGAG-4","Tumor"
"SYNTH-28-39-1","Capture_3'_GATTGGTTCACCCTTG-3","T-cells"
"SYNTH-28-39-1","Capture_3'_ACGATGTAGCACGTCC-4","Tumor"
"SYNTH-28-39-1","Capture_5'_GCGAGAACAGTCTTCC-2","Dividing Tumor"
"SYNTH-28-39-1","Capture_5'_AGATCTGAGACCTTTG-2","Tumor"
"SYNTH-28-40-1","Capture_3'_GTAACCAAGCACCCAC-3","Dividing Tumor"
"SYNTH-28-40-1","Capture_5'_CCACGGAGTTAAAGTG-2","Tumor"
"SYNTH-28-40-1","Capture_5'_GCTCTGTTCAGCCTAA-2","Tumor"
"SYNTH-28-40-1","Capture_5'_AATCGGTGTGTGGCTC-3","T-cells"
"SYNTH-28-40-1","Capture_3'_TCTTTGATCTGCGATA-4","Dividing Tumor"
"SYNTH-28-40-1","Capture_5'_AGCGTCGTCCGCATAA-1","Tumor"
"SYNTH-28-40-1","Capture_5'_ACCCACTGTTGGAGGT-2","Luminal A"
"SYNTH-28-40-1","Capture_5'_TAGGCATGTCTCGTTC-1","Tumor"
"SYNTH-28-41-1","Capture_3'_ATCGGATCACTGGCGT-4","Luminal A"
"SYNTH-28-41-1","Capture_5'_ACTTTCATCTTGTATC-3","T-cells"
"SYNTH-28-41-1","Capture_5'_ATGCGATGTTCAGCGC-3","Tumor"
"SYNTH-28-41-1","Capture_5'_CAGCAGCTCTGCCCTA-3","Dividing Tumor"
"SYNTH-28-41-1","Capture_5'_CTGATCCCAGTTTACG-3","Tumor"
"SYNTH-28-41-1","Capture_5'_ACGCAGCAGAATCTCC-2","Endothelial Cells"
"SYNTH-28-42-1","Capture_5'_CGTCCATAGCGAGAAA-2","Dividing Tumor"
"SYNTH-28-42-1","Capture_5'_ACTTGTTTCCGTCATC-4","Dividing Tumor"
"SYNTH-28-42-1","Capture_3'_GTGTTAGGTATCGATC-3","Dividing Tumor"
"SYNTH-28-42-1","Capture_5'_CCTCAGTGTCTCCCTA-2","Dividing Tumor"
"SYNTH-28-42-1","Capture_5'_CATGCCTAGTGGACGT-4","Tumor"
"SYNTH-28-42-1","Capture_5'_CCTTTCTGTTCGTTGA-3","Fibroblasts"
"SYNTH-28-43-1","Capture_5'_GTCACAACAGTAGAGC-1","Tumor"
"SYNTH-28-43-1","Capture_5'_GAGCAGAGTCGCCATG-4","T-cells"
"SYNTH-28-43-1","Capture_5'_ATAGACCCACCAGCAC-1","Tumor"
"SYNTH-28-43-1","Capture_5'_CCCAATCCAAGTACCT-1","Tumor"
"SYNTH-28-44-1","Capture_5'_AGCTCCTTCCACGTTC-3","Luminal B"
"SYNTH-28-44-1","Capture_5'_GTGGGTCGTAAAGTCA-1","Plasma Cells"
"SYNTH-28-44-1","Capture_5'_ATTGGACTCCTGCAGG-4","Dividing Tumor"
"SYNTH-28-44-1","Capture_5'_GGTATTGAGACGCACA-3","Tumor"
"SYNTH-28-45-1","Capture_3'_GCTTCACGTTGCCTAA-2","Tumor"
"SYNTH-28-46-1","Capture_5'_GTCCTCAAGTTTGCGT-1","T-cells"
"SYNTH-28-46-1","Capture_5'_TTCGAAGAGTGTACTC-2","Tumor"
"SYNTH-28-46-1","Capture_3'_CATGAGTAGCGTGTTT-3","Tumor"
"SYNTH-28-46-1","Capture_5'_TGGGCGTGTTTGGCGC-1","B-cells"
"SYNTH-28-46-1","Capture_5'_TTCGAAGAGAGGTTAT-4","Tumor"
"SYNTH-28-46-1","Capture_5'_ATGAGGGGTCTCCACT-1","Tumor"
"SYNTH-28-46-1","Capture_5'_CTCATTAGTCCGAACC-3","Tumor"
"SYNTH-28-47-1","Capture_5'_ATTCTACGTTAGTGGG-2","Tumor"
"SYNTH-28-47-1","Capture_5'_GAAATGAAGGTGCTAG-2","Tumor"
"SYNTH-28-47-1","Capture_3'_ATCCTATAGTGCACCC-4","Tumor"
"SYNTH-28-47-1","Capture_5'_AGAGCGAAGGCTCAGA-2","TAMs"
"SYNTH-28-48-1","Capture_5'_CAACTAGAGCCAGAAC-3","Tumor"
"SYNTH-28-48-1","Capture_5'_AGCAGCCTCTCAAACG-3","Dividing Tumor"
"SYNTH-28-48-1","Capture_5'_TGTATTCAGGTAGCTG-4","Tumor"
"SYNTH-28-48-1","Capture_5'_TGCTACCCAAGCGCTC-3","Tumor"
"SYNTH-28-48-1","Capture_3'_CCTTCAGCACTTGAAC-3","Dividing Tumor"
"SYNTH-28-48-1","Capture_3'_CCTTCAGCATTGCCGG-2","Tumor"
"SYNTH-28-49-1","Capture_3'_ATCCCTGTCGCCAGAC-2","Tumor"
"SYNTH-28-49-1","Capture_5'_CTTTGCGTCACTCCTG-1","Dividing Tumor"
"SYNTH-28-49-1","Capture_5'_CAAGATCGTCGTCTTC-3","T-cells"
"SYNTH-28-49-1","Capture_5'_CAGCCGAGTCACCCAG-3","Tumor"
"SYNTH-28-49-1","Capture_3'_TAGATCGCAACATACC-4","Tumor"
"SYNTH-28-50-1","Capture_3'_TTGCCTGTCTCTCCGA-3","Tumor"
"SYNTH-28-50-1","Capture_5'_GAACGGAGTCGAGTTT-4","Dividing Tumor"
"SYNTH-28-50-1","Capture_3'_AACAACCCAAAGCTAA-1","Dividing Tumor"
"SYNTH-28-50-1","Capture_5'_CTGGTCTGTGTGGTTT-2","Dividing Tumor"
"SYNTH-28-50-1","Capture_3'_TGCTTCGCAACCTATG-3","Tumor"
"SYNTH-28-50-1","Capture_5'_GGAAAGCGTACGCTGC-4","Dividing Tumor"
"SYNTH-28-50-1","Capture_3'_GGTCACGTCGCATTAG-4","Dividing Tumor"
"SYNTH-28-50-1","Capture_3'_AAGCGTTCATGTGACT-1","Dividing Tumor"
"SYNTH-28-50-1","Capture_3'_AACTTCTAGACGTCGA-2","Tumor"
"SYNTH-29-1-1","Capture_3'_GGGTGTCAGGCCTGCT-3","Dividing Tumor"
"SYNTH-29-2-1","Capture_5'_CTAAGACTCCTTAATC-1","Tumor"
"SYNTH-29-2-1","Capture_5'_GTCAAGTCAGGCTGAA-1","B-cells"
"SYNTH-29-2-1","Capture_5'_ACATACGTCTTGTACT-2","Endothelial Cells"
"SYNTH-29-2-1","Capture_5'_ATCGAGTCATGACGGA-4","Tumor"
"SYNTH-29-2-1","Capture_5'_AGTGTCAAGCCCTAAT-4","Tumor"
"SYNTH-29-2-1","Capture_3'_TAGACCAAGGATTTCC-4","T-cells"
"SYNTH-29-2-1","Capture_5'_ATTCTACAGGTGTGGT-3","Dividing Tumor"
"SYNTH-29-2-1","Capture_5'_CCAGCGACAGCATGAG-2","Dividing Tumor"
"SYNTH-29-2-1","Capture_5'_CACACTCAGACCGGAT-4","Dividing Tumor"
"SYNTH-29-2-1","Capture_5'_ATTCTACTCCAACCAA-2","Dividing Tumor"
"SYNTH-29-3-1","Capture_3'_ATCCGTCTCAGTCCGG-3","Tumor"
"SYNTH-29-4-1","Capture_5'_GTAGTCAAGCGCTTAT-3","Dividing Tumor"
"SYNTH-29-4-1","Capture_3'_GTATTGGAGAGTCTGG-3","T-cells"
"SYNTH-29-4-1","Capture_5'_GGACATTTCACCGTAA-3","Tumor"
"SYNTH-29-4-1","Capture_5'_GCATGTATCCCTGACT-3","Tumor"
"SYNTH-29-4-1","Capture_3'_TGAGCATGTCCAGTTA-4","Tumor"
"SYNTH-29-4-1","Capture_5'_GGTGCGTCACAACGCC-4","Dividing Tumor"
"SYNTH-29-4-1","Capture_5'_CAAGTTGTCTAACTCT-2","Dividing Tumor"
"SYNTH-29-4-1","Capture_5'_ACTGAACGTTACGGAG-4","TAMs"
"SYNTH-29-4-1","Capture_5'_GACTAACCATCGGAAG-3","T-cells"
"SYNTH-29-4-1","Capture_5'_GTCCTCACACTGTCGG-4","Dividing Tumor"
"SYNTH-29-5-1","Capture_3'_AGATAGACACCTCTGT-3","Dividing Tumor"
"SYNTH-29-5-1","Capture_3'_CCTCAGTGTGTGCCTG-1","T-cells"
"SYNTH-29-5-1","Capture_5'_GTAGTCAGTAGTAGTA-3","Dividing Tumor"
"SYNTH-29-5-1","Capture_5'_GTGGGTCCAGCTGTAT-2","Luminal A"
"SYNTH-29-5-1","Capture_3'_CTTTCAAGTACTTGTG-4","Endothelial Cells"
"SYNTH-29-6-1","Capture_3'_AGCTTCCAGGGCAGAG-3","Tumor"
"SYNTH-29-6-1","Capture_5'_AGTGAGGAGACGCACA-3","Tumor"
"SYNTH-29-6-1","Capture_5'_GACGGCTTCGCCTGTT-2","Dividing Tumor"
"SYNTH-29-6-1","Capture_3'_TCCGAAACAGAGCCCT-2","Dividing Tumor"
"SYNTH-29-7-1","Capture_5'_GATCTAGAGACTTTCG-4","Dividing Tumor"
"SYNTH-29-7-1","Capture_5'_CATTATCCAGTGAGTG-4","Dividing Tumor"
"SYNTH-29-7-1","Capture_3'_CTCTCGATCACTGTTT-4","Tumor"
"SYNTH-29-7-1","Capture_3'_CCTCATGGTCAAATCC-1","Tumor"
"SYNTH-29-8-1","Capture_3'_CATGCTCTCACACCGG-4","Dividing Tumor"
"SYNTH-29-9-1","Capture_5'_TAAACCGGTTCAACCA-2","Dividing Tumor"
"SYNTH-29-9-1","Capture_3'_CTGTATTGTCCAGCCA-3","B-cells"
"SYNTH-29-9-1","Capture_5'_AAAGCAATCGCTTGTC-1","TAMs"
"SYNTH-29-9-1","Capture_5'_GATCAGTAGATCCTGT-3","Dividing Tumor"
"SYNTH-29-9-1","Capture_3'_TGGGCGTTCGCCTTGT-3","Tumor"
"SYNTH-29-9-1","Capture_5'_GCATGCGTCTTGCCGT-4","Tumor"
"SYNTH-29-9-1","Capture_5'_ACTGCTCGTTAAGATG-2","Tumor"
"SYNTH-29-9-1","Capture_5'_TCAGGATGTTGGTGGA-3","Tumor"
"SYNTH-29-9-1","Capture_3'_TGCAGGCTCCAAGCTA-2","Tumor"
"SYNTH-29-10-1","Capture_5'_CTCCTAGCAGCTGTGC-3","Tumor"
"SYNTH-29-10-1","Capture_3'_TCAATTCGTGTCTTAG-4","Tumor"
"SYNTH-29-10-1","Capture_5'_ACGGCCAGTCAAAGAT-3","Dividing Tumor"
"SYNTH-29-10-1","Capture_5'_TTCGGTCTCACTTCAT-1","Tumor"
"SYNTH-29-10-1","Capture_3'_TCTGGCTAGAAATTGC-1","T-cells"
"SYNTH-29-10-1","Capture_5'_TGGGAAGCATCTGGTA-1","Tumor"
"SYNTH-29-10-1","Capture_3'_TGTTACTAGTATGGAT-3","Dividing Tumor"
"SYNTH-29-10-1","Capture_5'_TTTGCGCGTATGGTTC-2","Tumor"
"SYNTH-29-10-1","Capture_5'_GCGACCAGTCACCTAA-4","Tumor"
"SYNTH-29-10-1","Capture_5'_AGGGAGTAGCTTATCG-4","T-cells"
"SYNTH-29-11-1","Capture_5'_CATGACAAGATATGCA-2","T-cells"
"SYNTH-29-11-1","Capture_3'_TTCTAACAGTTCATGC-4","Fibroblasts"
"SYNTH-29-11-1","Capture_3'_AGCTTCCGTATGAGCG-4","Dividing Tumor"
"SYNTH-29-11-1","Capture_5'_TACCTATGTTCAACCA-4","TAMs"
"SYNTH-29-12-1","Capture_5'_ACTGATGGTGACGCCT-4","T-cells"
"SYNTH-29-12-1","Capture_5'_CAAGGCCCAGTCGATT-4","Tumor"
"SYNTH-29-12-1","Capture_5'_AGCGGTCTCTCTAAGG-4","Dividing Tumor"
"SYNTH-29-12-1","Capture_3'_CCTCCAACACAAGCCC-2","TAMs"
"SYNTH-29-13-1","Capture_3'_ATCGATGCATTCACCC-3","Luminal B"
"SYNTH-29-14-1","Capture_3'_CACTGTCGTACACTCA-3","Dividing Tumor"
"SYNTH-29-14-1","Capture_5'_GATCTAGTCAAACCAC-3","Tumor"
"SYNTH-29-14-1","Capture_3'_TGCTGAAGTGAGCGAT-2","Dividing Tumor"
"SYNTH-29-14-1","Capture_5'_GGGTCTGAGTGGGATC-1","Tumor"
"SYNTH-29-14-1","Capture_5'_TACTTGTGTGAGGGAG-4","Tumor"
"SYNTH-29-15-1","Capture_3'_ATTTCTGTCACTGCTC-1","Tumor"
"SYNTH-29-15-1","Capture_5'_TTGCCGTAGGACAGCT-3","Plasma Cells"
"SYNTH-29-16-1","Capture_3'_CTACTATTCGCAATTG-1","Endothelial Cells"
"SYNTH-29-16-1","Capture_5'_GGTGAAGTCAATACCG-2","Tumor"
"SYNTH-29-16-1","Capture_5'_CGTTCTGAGATCCGAG-3","Dividing Tumor"
"SYNTH-29-16-1","Capture_3'_TTGGATGTCACACCGG-4","T-cells"
"SYNTH-29-17-1","Capture_3'_ACGTAGTCAAGCGGAT-1","Luminal A"
"SYNTH-29-17-1","Capture_5'_TGGCGCACAAGTACCT-1","T-cells"
"SYNTH-29-17-1","Capture_5'_CAACCAAGTATCGCAT-4","Tumor"
"SYNTH-29-17-1","Capture_3'_TACCTCGCAAGATGTA-3","Tumor"
"SYNTH-29-17-1","Capture_5'_CAAGTTGAGTACGTAA-4","Dividing Tumor"
"SYNTH-29-18-1","Capture_3'_TATTGGGTCTACTTCA-4","Dividing Tumor"
"SYNTH-29-18-1","Capture_5'_ATCATGGAGTCGAGTG-4","Dividing Tumor"
"SYNTH-29-18-1","Capture_3'_GGTAGAGAGATAGGGA-1","Dividing Tumor"
"SYNTH-29-18-1","Capture_5'_CGTGTAACAGGGAGAG-2","Dividing Tumor"
"SYNTH-29-18-1","Capture_5'_TTCGGTCAGGAGTACC-2","Tumor"
"SYNTH-29-18-1","Capture_3'_AACGAAATCTATGTGG-2","T-cells"
"SYNTH-29-18-1","Capture_5'_CGTGTAATCTGTCCGT-3","Dividing Tumor"
"SYNTH-29-19-1","Capture_5'_CATGGCGTCGGTGTCG-2","Dividing Tumor"
"SYNTH-29-19-1","Capture_5'_CTCTAATAGGCAAAGA-2","Tumor"
"SYNTH-29-19-1","Capture_3'_AAAGTCCGTGATTCTG-3","Endothelial Cells"
"SYNTH-29-19-1","Capture_3'_TGTGATGCAATCACGT-2","T-cells"
"SYNTH-29-19-1","Capture_3'_GCTTCACTCCGCTTAC-3","Tumor"
"SYNTH-29-19-1","Capture_3'_CTTGATTTCGAGTCCG-3","Luminal A"
"SYNTH-29-19-1","Capture_5'_ACAGCCGAGTGACATA-2","B-cells"
"SYNTH-29-19-1","Capture_3'_GTCCACTAGAAGTCCG-3","Dividing Tumor"
"SYNTH-29-20-1","Capture_5'_CTGAAGTTCCCTCTTT-3","Dividing Tumor"
"SYNTH-29-20-1","Capture_5'_CCTTCGAGTGTGAATA-2","Luminal A"
"SYNTH-29-20-1","Capture_3'_TCAAGCAAGCAACAGC-4","Luminal A"
"SYNTH-29-21-1","Capture_5'_GCATGTATCTCACATT-3","T-cells"
"SYNTH-29-21-1","Capture_5'_AAAGTAGAGGCAATTA-2","Tumor"
"SYNTH-29-22-1","Capture_5'_ACGATGTAGTACGTAA-3","Tumor"
"SYNTH-29-22-1","Capture_3'_AGACACTTCTTCCGTG-1","Tumor"
"SYNTH-29-22-1","Capture_3'_CTGCAGGCACGTAGAG-3","Luminal A"
"SYNTH-29-22-1","Capture_5'_TTAACTCTCCAATGGT-1","Dividing Tumor"
"SYNTH-29-22-1","Capture_5'_ACCTTTAGTTTCCACC-2","T-cells"
"SYNTH-29-22-1","Capture_5'_GCATGTAGTTAAGAAC-3","Tumor"
"SYNTH-29-23-1","Capture_5'_GCTTGAAGTGCACGAA-1","Tumor"
"SYNTH-29-23-1","Capture_5'_CAAGAAATCAAGGTAA-3","Dividing Tumor"
"SYNTH-29-23-1","Capture_5'_GCTCCTACAAGAGGCT-3","T-cells"
"SYNTH-29-23-1","Capture_5'_GCAATCACAGTTCCCT-4","Tumor"
"SYNTH-29-23-1","Capture_3'_CTATAGGTCCTCATAT-4","T-cells"
"SYNTH-29-23-1","Capture_5'_AGGTCCGCAGGATTGG-2","T-cells"
"SYNTH-29-23-1","Capture_5'_CCTATTATCTTGCATT-2","Tumor"
"SYNTH-29-23-1","Capture_5'_ACTGATGGTTCCCGAG-4","Tumor"
"SYNTH-29-23-1","Capture_5'_CTACATTGTGTCTGAT-4","T-cells"
"SYNTH-29-24-1","Capture_5'_CGAGCCACAGTGGGAT-3","TAMs"
"SYNTH-29-24-1","Capture_5'_CCTACACAGCTAGTGG-1","Dividing Tumor"
"SYNTH-29-24-1","Capture_5'_TCAATCTTCCGTACAA-4","Dividing Tumor"
"SYNTH-29-24-1","Capture_3'_TTGAGTGTCAGGGATG-3","Dividing Tumor"
"SYNTH-29-24-1","Capture_5'_TCAGGATCAAAGCAAT-3","Tumor"
"SYNTH-29-25-1","Capture_5'_GCTGCTTAGTGATCGG-1","B-cells"
"SYNTH-29-25-1","Capture_3'_CTCCACATCGCCAATA-4","Tumor"
"SYNTH-29-25-1","Capture_3'_CGTGAATGTCGTCATA-2","Dividing Tumor"
"SYNTH-29-25-1","Capture_5'_CCGTTCATCCGAGCCA-3","Tumor"
"SYNTH-29-25-1","Capture_5'_TGGGCGTGTTTGACTG-4","T-cells"
"SYNTH-29-26-1","Capture_5'_TTCGGTCAGCAAATCA-3","Tumor"
"SYNTH-29-26-1","Capture_5'_TGAGCCGTCGTTTATC-4","Dividing Tumor"
"SYNTH-29-26-1","Capture_5'_AGGGATGCATCCCACT-2","T-cells"
"SYNTH-29-26-1","Capture_3'_ACTATGGGTACTAAGA-4","Tumor"
"SYNTH-29-26-1","Capture_5'_CTGGTCTCAAAGCAAT-4","T-cells"
"SYNTH-29-26-1","Capture_5'_CGGCTAGCAGGATCGA-2","Tumor"
"SYNTH-29-26-1","Capture_5'_TGAGCATAGTTAAGTG-1","Tumor"
"SYNTH-29-27-1","Capture_3'_GGGTGTCAGAGAACCC-3","TAMs"
"SYNTH-29-27-1","Capture_5'_CATTCGCTCTCTGAGA-3","Tumor"
"SYNTH-29-27-1","Capture_5'_AGGTCCGGTAACGCGA-4","T-cells"
"SYNTH-29-27-1","Capture_5'_TGTCCCATCAAAGACA-3","Tumor"
"SYNTH-29-27-1","Capture_3'_CTGTACCTCAAACTGC-3","TAMs"
"SYNTH-29-28-1","Capture_5'_CGAATGTAGCCTTGAT-3","T-cells"
"SYNTH-29-29-1","Capture_5'_TTGCCGTAGTGCGTGA-3","Tumor"
"SYNTH-29-29-1","Capture_5'_GCAATCACATCACCCT-3","Tumor"
"SYNTH-29-29-1","Capture_5'_CAACCTCAGTATGACA-2","Dividing Tumor"
"SYNTH-29-29-1","Capture_5'_CCTTTCTGTTCGTTGA-3","Fibroblasts"
"SYNTH-29-29-1","Capture_5'_AGAGCGATCACCGGGT-3","Tumor"
"SYNTH-29-29-1","Capture_3'_CTGCGAGTCGGACGTC-1","T-cells"
"SYNTH-29-29-1","Capture_5'_TCGTACCCACTTAAGC-2","Tumor"
"SYNTH-29-30-1","Capture_5'_TTCGGTCTCACCCGAG-2","Dividing Tumor"
"SYNTH-29-30-1","Capture_5'_TTATGCTAGCTTTGGT-3","Luminal A"
"SYNTH-29-30-1","Capture_3'_CCCAACTAGCTGAGCA-2","Tumor"
"SYNTH-29-30-1","Capture_5'_GTACTTTGTGAAAGAG-3","T-cells"
"SYNTH-29-30-1","Capture_5'_CGTCAGGGTCTAAACC-3","T-cells"
"SYNTH-29-30-1","Capture_5'_CCATGTCAGGCTCTTA-4","Dividing Tumor"
"SYNTH-29-30-1","Capture_3'_TGAGACTAGAAGCTGC-1","Tumor"
"SYNTH-29-30-1","Capture_5'_GTACGTAGTACAAGTA-3","Dividing Tumor"
"SYNTH-29-31-1","Capture_5'_GGGACCTGTCACACGC-2","T-cells"
"SYNTH-29-31-1","Capture_3'_TCAAGACTCTTACACT-2","Dividing Tumor"
"SYNTH-29-31-1","Capture_5'_ACGAGGACAGTCAGAG-2","Plasma Cells"
"SYNTH-29-31-1","Capture_3'_TGTACAGAGCTCGACC-2","Tumor"
"SYNTH-29-31-1","Capture_5'_TTAACTCGTGAGCGAT-2","Luminal A"
"SYNTH-29-31-1","Capture_5'_GTAACTGAGTTACGGG-1","Tumor"
"SYNTH-29-31-1","Capture_5'_GATCGCGAGAGCCTAG-4","Dividing Tumor"
"SYNTH-29-32-1","Capture_5'_TAGACCACACAGATTC-4","Dividing Tumor"
"SYNTH-29-32-1","Capture_5'_ATGTGTGTCAGTGTTG-4","Tumor"
"SYNTH-29-32-1","Capture_5'_GGTATTGGTCGATTGT-3","Dividing Tumor"
"SYNTH-29-32-1","Capture_5'_CTGTGCTAGATGCCTT-3","Dividing Tumor"
"SYNTH-29-33-1","Capture_3'_AGAGCCCGTAGCGTAG-3","Tumor"
"SYNTH-29-34-1","Capture_3'_AGGCATTTCGATACTG-4","Fibroblasts"
"SYNTH-29-34-1","Capture_3'_GGTGAAGGTGTCTTAG-2","Tumor"
"SYNTH-29-34-1","Capture_3'_CCTATCGGTCACGCTG-3","T-cells"
"SYNTH-29-34-1","Capture_5'_ACTGATGCAAATACAG-2","Dividing Tumor"
"SYNTH-29-34-1","Capture_5'_CAACCTCCAGGGATTG-3","Luminal B"
"SYNTH-29-35-1","Capture_5'_AGCTTGACAATGGAGC-1","Fibroblasts"
"SYNTH-29-35-1","Capture_5'_CTCGAGGAGATCACGG-2","Dividing Tumor"
"SYNTH-29-35-1","Capture_5'_CCCAGTTGTGCAACGA-3","Luminal B"
"SYNTH-29-35-1","Capture_5'_AAGGCAGGTGCACTTA-4","Tumor"
"SYNTH-29-35-1","Capture_3'_CTCTCAGAGTACAACA-3","Tumor"
"SYNTH-29-36-1","Capture_3'_GACATCAAGCTTAGTC-4","Luminal A"
"SYNTH-29-36-1","Capture_3'_CTGTCGTAGAATAACC-3","TAMs"
"SYNTH-29-36-1","Capture_5'_TTGCGTCCAATCGGTT-2","Tumor"
"SYNTH-29-36-1","Capture_5'_CCCAATCGTTACGCGC-3","Tumor"
"SYNTH-29-37-1","Capture_3'_CATTGAGTCACTTCTA-3","T-cells"
"SYNTH-29-37-1","Capture_5'_GACGCGTCAGGCGATA-3","B-cells"
"SYNTH-29-37-1","Capture_5'_CGCTTCACATCGATGT-2","Tumor"
"SYNTH-29-37-1","Capture_3'_CTACAGAAGAACGCGT-2","Dividing Tumor"
"SYNTH-29-37-1","Capture_5'_CTACCCAGTCTCACCT-3","Tumor"
"SYNTH-29-38-1","Capture_5'_TTAGGACTCTTTAGGG-1","T-cells"
"SYNTH-29-38-1","Capture_3'_ATTCAGGAGACTTCGT-4","Dividing Tumor"
"SYNTH-29-38-1","Capture_5'_ACGATGTAGTACGTAA-3","Tumor"
"SYNTH-29-38-1","Capture_5'_TATCTCACACTGTGTA-1","Tumor"
"SYNTH-29-38-1","Capture_3'_GAGTTTGCACATCATG-2","Tumor"
"SYNTH-29-38-1","Capture_3'_CTCAGGGGTGGCTACC-4","T-cells"
"SYNTH-29-38-1","Capture_5'_ACGAGCCTCAACGGCC-1","Luminal A"
"SYNTH-29-38-1","Capture_3'_CTACCTGAGTTTAGGA-1","Tumor"
"SYNTH-29-39-1","Capture_3'_AAATGGAAGCTGAGCA-1","T-cells"
"SYNTH-29-39-1","Capture_3'_AGGTCATCAACACTAC-4","Tumor"
"SYNTH-29-39-1","Capture_5'_TCACGAAAGGACAGCT-4","Tumor"
"SYNTH-29-39-1","Capture_5'_CAACCAAAGTGTCTCA-2","Dividing Tumor"
"SYNTH-29-39-1","Capture_3'_TTCTAGTGTTCTTCAT-1","Luminal A"
"SYNTH-29-39-1","Capture_3'_GATGAGGAGTAGATCA-2","Tumor"
"SYNTH-29-40-1","Capture_5'_CACAGGCGTTAAGACA-3","T-cells"
"SYNTH-29-40-1","Capture_5'_TTTGTCACATGGTCAT-3","Dividing Tumor"
"SYNTH-29-40-1","Capture_5'_CCGGGATTCCGATATG-2","Dividing Tumor"
"SYNTH-29-40-1","Capture_5'_GCAAACTTCGTTGACA-4","Tumor"
"SYNTH-29-40-1","Capture_5'_TTGTAGGAGACTGGGT-1","Tumor"
"SYNTH-29-41-1","Capture_5'_TAAGCGTTCAGAGACG-2","Dividing Tumor"
"SYNTH-29-41-1","Capture_5'_TCGTAGATCTCCGGTT-3","Dividing Tumor"
"SYNTH-29-41-1","Capture_5'_TAGGCATCACATTCGA-4","T-cells"
"SYNTH-29-41-1","Capture_3'_CGGGTGTCACCCATAA-3","Endothelial Cells"
"SYNTH-29-41-1","Capture_5'_AAAGTAGAGTACGTTC-3","Tumor"
"SYNTH-29-41-1","Capture_3'_AGTTCGATCGCTTACC-3","T-cells"
"SYNTH-29-41-1","Capture_5'_CCTCAGTAGTTGTAGA-3","Dividing Tumor"
"SYNTH-29-41-1","Capture_5'_TAAGTGCAGACAAGCC-3","Tumor"
"SYNTH-29-42-1","Capture_5'_CGCGGTATCGGTTAAC-3","Dividing Tumor"
"SYNTH-29-42-1","Capture_5'_CTGTTTAGTGCGGTAA-2","Tumor"
"SYNTH-29-42-1","Capture_5'_GCGCAGTTCTACCAGA-1","Tumor"
"SYNTH-29-42-1","Capture_3'_ATCTTCAAGGTCTACT-2","Endothelial Cells"
"SYNTH-29-42-1","Capture_3'_GTCAAGTCATTGGCAT-2","Tumor"
"SYNTH-29-42-1","Capture_5'_CACAGTAGTTACGCGC-4","T-cells"
"SYNTH-29-42-1","Capture_3'_ATCGTGAAGTACTCGT-2","Dividing Tumor"
"SYNTH-29-42-1","Capture_5'_TGTTCCGGTAAAGTCA-2","Endothelial Cells"
"SYNTH-29-43-1","Capture_3'_TCGGGTGGTACTGCCG-4","Dividing Tumor"
"SYNTH-29-43-1","Capture_5'_CTCTGGTTCATGTGGT-4","T-cells"
"SYNTH-29-43-1","Capture_3'_AAAGGGCGTAAGAACT-1","Dividing Tumor"
"SYNTH-29-43-1","Capture_5'_CTACACCAGCTACCGC-4","Tumor"
"SYNTH-29-43-1","Capture_5'_ATAAGAGGTCTGATCA-4","Tumor"
"SYNTH-29-43-1","Capture_5'_CACCTTGTCTTATCTG-4","Plasma Cells"
"SYNTH-29-43-1","Capture_5'_TAAACCGAGACTTTCG-4","Tumor"
"SYNTH-29-43-1","Capture_5'_CGGAGCTGTGGGTCAA-4","Dividing Tumor"
"SYNTH-29-44-1","Capture_3'_GGTGATTTCAATCCAG-3","T-cells"
"SYNTH-29-44-1","Capture_3'_AAATGGAAGGCACTCC-1","Tumor"
"SYNTH-29-44-1","Capture_5'_CAACCAAAGTTGAGTA-2","Dividing Tumor"
"SYNTH-29-44-1","Capture_5'_CGAGCCAAGACATAAC-2","Tumor"
"SYNTH-29-44-1","Capture_5'_AAAGATGGTCGCCATG-2","TAMs"
"SYNTH-29-45-1","Capture_5'_ACTGAACAGTGAACAT-2","Dividing Tumor"
"SYNTH-29-45-1","Capture_5'_TCATTTGGTGTCGCTG-2","Endothelial Cells"
"SYNTH-29-45-1","Capture_5'_AACACGTGTCGAGATG-1","Dividing Tumor"
"SYNTH-29-45-1","Capture_5'_CACCTTGCAGACGCCT-1","B-cells"
"SYNTH-29-45-1","Capture_5'_CATGCCTAGATACACA-3","Dividing Tumor"
"SYNTH-29-45-1","Capture_5'_CGTCTACTCGCCTGTT-1","T-cells"
"SYNTH-29-45-1","Capture_3'_TCACTATGTGTATTCG-3","Dividing Tumor"
"SYNTH-29-46-1","Capture_5'_CATCAAGAGTCATCCA-4","Dividing Tumor"
"SYNTH-29-46-1","Capture_5'_TCATTACTCAGGTTCA-4","Dividing Tumor"
"SYNTH-29-46-1","Capture_5'_ACGTCAATCACGCGGT-2","Tumor"
"SYNTH-29-46-1","Capture_5'_ATGTGTGCAGCCACCA-3","T-cells"
"SYNTH-29-46-1","Capture_3'_GAGTTGTTCCAATCCC-2","Dividing Tumor"
"SYNTH-29-46-1","Capture_3'_GGGTTATAGCCTAGGA-4","T-cells"
"SYNTH-29-47-1","Capture_3'_GGGAAGTAGAAGCCTG-1","Fibroblasts"
"SYNTH-29-48-1","Capture_5'_CTCATTAGTTCGAATC-4","B-cells"
"SYNTH-29-48-1","Capture_3'_CTACCCAAGCGTCTCG-2","Dividing Tumor"
"SYNTH-29-48-1","Capture_3'_TGAATGCCAGCTGAGA-4","Tumor"
"SYNTH-29-48-1","Capture_3'_TGTGTGAAGGTACTGG-1","Dividing Tumor"
"SYNTH-29-48-1","Capture_5'_GTCCTCATCCAGTAGT-4","Tumor"
"SYNTH-29-49-1","Capture_3'_CCGATCTCATAGAAAC-2","Dividing Tumor"
"SYNTH-29-49-1","Capture_3'_TTACTGTAGGTATCTC-4","Tumor"
"SYNTH-29-49-1","Capture_5'_GCGGGTTAGAGATGAG-2","T-cells"
"SYNTH-29-49-1","Capture_3'_CCCTGATGTGGCAGAT-2","Dividing Tumor"
"SYNTH-29-49-1","Capture_5'_GGGCATCTCCGTACAA-4","Tumor"
"SYNTH-29-50-1","Capture_5'_ACTGAGTTCGGATGTT-4","TAMs"
"SYNTH-29-50-1","Capture_5'_CTTCTCTGTTGGGACA-4","Dividing Tumor"
"SYNTH-29-50-1","Capture_5'_ACTGTCCCACGCTTTC-4","Tumor"
"SYNTH-29-50-1","Capture_5'_CCTTCGATCCAAACAC-3","Dividing Tumor"
"SYNTH-29-50-1","Capture_5'_TGTCCCATCAGCAACT-3","Luminal A"
"SYNTH-30-1-1","Capture_5'_GTTCGGGTCACGACTA-2","Tumor"
"SYNTH-30-1-1","Capture_3'_GCTGGGTCAAATGCTC-4","Dividing Tumor"
"SYNTH-30-1-1","Capture_3'_GTTCATTTCACCACAA-2","Tumor"
"SYNTH-30-2-1","Capture_5'_AAAGTAGCAAAGGAAG-1","T-cells"
"SYNTH-30-2-1","Capture_5'_CGAACATTCCAGAGGA-1","Plasma Cells"
"SYNTH-30-2-1","Capture_5'_GCCAAATTCTTGGGTA-4","Ciliated Cells"
"SYNTH-30-2-1","Capture_3'_ATCACAGCATGTACGT-2","T-cells"
"SYNTH-30-2-1","Capture_5'_CTCTGGTGTACGCTGC-3","Tumor"
"SYNTH-30-2-1","Capture_3'_GATCGTACATTCCTCG-3","Tumor"
"SYNTH-30-2-1","Capture_5'_GTCCTCAGTGCCTTGG-1","Dividing Tumor"
"SYNTH-30-2-1","Capture_3'_TGAACGTTCTACCCAC-1","Fibroblasts"
"SYNTH-30-3-1","Capture_5'_ACGCAGCAGGGTATCG-4","Luminal A"
"SYNTH-30-3-1","Capture_3'_CATAAGCCAGAAACCG-2","Tumor"
"SYNTH-30-3-1","Capture_5'_TAAACCGGTTCAACCA-2","Dividing Tumor"
"SYNTH-30-3-1","Capture_5'_CCACTACGTACATCCA-2","TAMs"
"SYNTH-30-3-1","Capture_5'_AGGGATGGTCGCGGTT-3","Tumor"
"SYNTH-30-3-1","Capture_5'_TTCTTAGAGACAAAGG-2","Tumor"
"SYNTH-30-3-1","Capture_5'_CTAGCCTAGTATTGGA-1","Tumor"
"SYNTH-30-4-1","Capture_5'_CTAGTGACATATGAGA-4","Tumor"
"SYNTH-30-5-1","Capture_5'_GTACTCCCACTGTTAG-3","Tumor"
"SYNTH-30-5-1","Capture_3'_CACGGGTTCTGGGAGA-1","Tumor"
"SYNTH-30-5-1","Capture_5'_TGAGGGAGTGCACCAC-1","Tumor"
"SYNTH-30-5-1","Capture_5'_GACTGCGGTTACGTCA-4","Tumor"
"SYNTH-30-6-1","Capture_5'_ACTGAGTCAATCGAAA-4","Dividing Tumor"
"SYNTH-30-6-1","Capture_5'_CATTATCGTCGGCATC-1","Tumor"
"SYNTH-30-6-1","Capture_3'_GGGTTATGTACAGTCT-2","Tumor"
"SYNTH-30-6-1","Capture_3'_ACACGCGAGTTCCTGA-3","Tumor"
"SYNTH-30-7-1","Capture_5'_CTTAGGACAAACCTAC-4","Dividing Tumor"
"SYNTH-30-7-1","Capture_3'_ACCGTTCAGCCAAGGT-3","Tumor"
"SYNTH-30-7-1","Capture_5'_TCAATCTAGTATCTCG-3","Luminal A"
"SYNTH-30-7-1","Capture_3'_CATACCCTCAGAGTTC-1","T-cells"
"SYNTH-30-7-1","Capture_3'_ATCAGGTTCAGCGGAA-3","Tumor"
"SYNTH-30-8-1","Capture_3'_CCACGTTTCTAGACAC-3","T-cells"
"SYNTH-30-8-1","Capture_5'_TTAACTCTCTAAGCCA-4","Tumor"
"SYNTH-30-8-1","Capture_3'_GATGAGGGTTGCTCCT-3","Dividing Tumor"
"SYNTH-30-8-1","Capture_5'_TCAACGATCCAAAGTC-1","Tumor"
"SYNTH-30-8-1","Capture_5'_GCAATCAGTCGCTTTC-1","T-cells"
"SYNTH-30-8-1","Capture_5'_ACGGGTCTCCTCTAGC-4","T-cells"
"SYNTH-30-8-1","Capture_5'_ACACCAAAGGTGCACA-3","T-cells"
"SYNTH-30-8-1","Capture_3'_CGTGAATGTCGTCATA-2","Dividing Tumor"
"SYNTH-30-8-1","Capture_3'_TATGTTCTCCACTTTA-4","Tumor"
"SYNTH-30-8-1","Capture_3'_AAGTTCGTCAACACGT-2","Dividing Tumor"
"SYNTH-30-9-1","Capture_5'_TACCTATGTTCAACCA-4","TAMs"
"SYNTH-30-9-1","Capture_5'_AGTGGGAGTGTCGCTG-1","Tumor"
"SYNTH-30-9-1","Capture_3'_TCAGTGAGTAGAATAC-2","T-cells"
"SYNTH-30-9-1","Capture_3'_TAACCAGAGTGGTGGT-1","Tumor"
"SYNTH-30-10-1","Capture_3'_CGGAATTAGAAAGTCT-1","Tumor"
"SYNTH-30-10-1","Capture_5'_TATTACCGTAGCGCTC-4","T-cells"
"SYNTH-30-10-1","Capture_5'_AGTAGTCGTGACGCCT-4","Tumor"
"SYNTH-30-10-1","Capture_5'_AACTTTCGTGTGACGA-3","Tumor"
"SYNTH-30-11-1","Capture_5'_AGTAGTCAGCGTTGCC-2","Dividing Tumor"
"SYNTH-30-12-1","Capture_5'_ATTGGACTCCTAGGGC-4","T-cells"
"SYNTH-30-12-1","Capture_3'_TCCGGGATCAAGCCAT-2","Plasma Cells"
"SYNTH-30-12-1","Capture_3'_AGATCGTGTCTACGTA-1","Tumor"
"SYNTH-30-12-1","Capture_3'_GTGCACGTCACAAGAA-3","Tumor"
"SYNTH-30-13-1","Capture_5'_CATCAAGTCCAGGGCT-1","Dividing Tumor"
"SYNTH-30-13-1","Capture_5'_ATCCACCGTTAAAGAC-4","Tumor"
"SYNTH-30-13-1","Capture_5'_AACCATGTCGGATGGA-1","T-cells"
"SYNTH-30-13-1","Capture_5'_TTTCCTCGTTTGCATG-3","Dividing Tumor"
"SYNTH-30-14-1","Capture_5'_GTGCATACAAACGCGA-1","Dividing Tumor"
"SYNTH-30-15-1","Capture_5'_CGTCCATGTAAAGTCA-3","Tumor"
"SYNTH-30-15-1","Capture_5'_TGTCCCAGTAAACGCG-3","Dividing Tumor"
"SYNTH-30-15-1","Capture_3'_ACTTCCGTCTCAACGA-2","Tumor"
"SYNTH-30-15-1","Capture_5'_CGATCGGAGCGTTCCG-3","Tumor"
"SYNTH-30-15-1","Capture_5'_CGCTTCACATCGATGT-2","Tumor"
"SYNTH-30-15-1","Capture_5'_TACTTGTCACTAAGTC-3","Tumor"
"SYNTH-30-15-1","Capture_3'_CACTGTCAGGGAGTTC-2","Dividing Tumor"
"SYNTH-30-15-1","Capture_5'_AACCGCGAGAATAGGG-3","Tumor"
"SYNTH-30-15-1","Capture_3'_CACATGATCTCGCGTT-1","Dividing Tumor"
"SYNTH-30-15-1","Capture_5'_TGCGCAGTCAGCTCGG-4","Dividing Tumor"
"SYNTH-30-16-1","Capture_5'_GACGTTAAGTCAAGCG-4","Tumor"
"SYNTH-30-16-1","Capture_5'_AGTGAGGGTACGCACC-2","Dividing Tumor"
"SYNTH-30-17-1","Capture_5'_CTCTGGTTCAGCTTAG-2","Tumor"
"SYNTH-30-17-1","Capture_3'_AGGAATACAATCACGT-4","B-cells"
"SYNTH-30-17-1","Capture_3'_GATAGCTGTTACGTAC-3","T-cells"
"SYNTH-30-17-1","Capture_5'_GCCTCTAAGAAACCTA-4","T-cells"
"SYNTH-30-18-1","Capture_3'_CTGCAGGGTTCCTTGC-2","Tumor"
"SYNTH-30-18-1","Capture_5'_ATAAGAGCAAGCCGCT-4","Dividing Tumor"
"SYNTH-30-18-1","Capture_5'_AGAGCGATCTGGGCCA-3","Tumor"
"SYNTH-30-18-1","Capture_3'_ACGTACACACTGTGTA-1","Endothelial Cells"
"SYNTH-30-19-1","Capture_5'_CAAGAAAGTCAAAGAT-3","T-cells"
"SYNTH-30-19-1","Capture_5'_GCATACAGTCCAGTTA-2","Tumor"
"SYNTH-30-19-1","Capture_3'_TCATCATGTAGCGTAG-2","Tumor"
"SYNTH-30-19-1","Capture_3'_GGGACTCAGGAACTAT-2","Tumor"
"SYNTH-30-19-1","Capture_5'_GCAGCCAAGAAAGTGG-3","Tumor"
"SYNTH-30-20-1","Capture_5'_AGATTGCTCCCAAGTA-3","Tumor"
"SYNTH-30-20-1","Capture_5'_AGCGTCGTCATTTGGG-2","Luminal A"
"SYNTH-30-20-1","Capture_5'_GGCGTGTGTCTAGCGC-2","Dividing Tumor"
"SYNTH-30-21-1","Capture_3'_CATCCGTGTCCAGCAC-2","Tumor"
"SYNTH-30-21-1","Capture_5'_CCGTGGAAGTCTCGGC-4","Dividing Tumor"
"SYNTH-30-21-1","Capture_5'_GTCCTCACACCACGTG-1","Tumor"
"SYNTH-30-21-1","Capture_3'_GTGGCGTGTACGGCAA-3","Tumor"
"SYNTH-30-21-1","Capture_5'_GTCTCGTTCTGTTGAG-3","Tumor"
"SYNTH-30-21-1","Capture_5'_AGGGAGTCAAGTAATG-4","Tumor"
"SYNTH-30-22-1","Capture_5'_AGGGATGAGGCCCTCA-3","Dividing Tumor"
"SYNTH-30-22-1","Capture_5'_GAACGGATCACAACGT-1","Dividing Tumor"
"SYNTH-30-22-1","Capture_5'_CCTTCCCAGTATCGAA-3","T-cells"
"SYNTH-30-22-1","Capture_3'_CAACCTCCAAGTGGGT-1","Dividing Tumor"
"SYNTH-30-22-1","Capture_3'_GATCACATCATCACAG-2","Tumor"
"SYNTH-30-22-1","Capture_3'_GGTAGAGTCTCCTGTG-2","Tumor"
"SYNTH-30-22-1","Capture_3'_ATGAGTCTCAGATTGC-4","T-cells"
"SYNTH-30-22-1","Capture_3'_TTGGGATGTAGGTCAG-3","T-cells"
"SYNTH-30-22-1","Capture_5'_GCTTGAAGTGCATCTA-3","Luminal B"
"SYNTH-30-23-1","Capture_3'_CTGAATGTCGTTGTTT-2","B-cells"
"SYNTH-30-23-1","Capture_3'_GGGTGTCAGAGGTATT-3","Tumor"
"SYNTH-30-23-1","Capture_3'_TGCACGGGTCTTTATC-2","TAMs"
"SYNTH-30-23-1","Capture_5'_AGTGGGAGTTGAACTC-4","Luminal A"
"SYNTH-30-23-1","Capture_5'_TACGGGCAGCTAGTCT-4","Dividing Tumor"
"SYNTH-30-23-1","Capture_5'_CAGCTAACAGGGATTG-3","Endothelial Cells"
"SYNTH-30-23-1","Capture_5'_CATTATCCATGCCACG-4","Tumor"
"SYNTH-30-23-1","Capture_5'_GAAGCAGAGATGCCTT-3","Dividing Tumor"
"SYNTH-30-23-1","Capture_5'_ACACCCTCACGAAATA-4","Dividing Tumor"
"SYNTH-30-23-1","Capture_5'_CATGGCGAGAGGTAGA-4","Dividing Tumor"
"SYNTH-30-24-1","Capture_5'_CGGACTGTCGATAGAA-4","Tumor"
"SYNTH-30-24-1","Capture_5'_AGCCTAAGTCGAAAGC-2","TAMs"
"SYNTH-30-24-1","Capture_3'_TGGTACACAGTCGGAA-2","Dividing Tumor"
"SYNTH-30-25-1","Capture_3'_CTCATTAAGAAATCCA-2","Tumor"
"SYNTH-30-25-1","Capture_5'_GCGCGATCATTTGCCC-3","Tumor"
"SYNTH-30-25-1","Capture_5'_CGTTAGATCCGCAAGC-3","Tumor"
"SYNTH-30-25-1","Capture_5'_ACACTGATCGCAGGCT-3","Luminal A"
"SYNTH-30-25-1","Capture_3'_AGTTAGCCAAACTAGA-3","Tumor"
"SYNTH-30-25-1","Capture_3'_CGGGACTTCAGTGTGT-1","Tumor"
"SYNTH-30-25-1","Capture_3'_TCGACCTGTTCCGCTT-1","Tumor"
"SYNTH-30-25-1","Capture_5'_AGGTCCGAGTACGACG-2","Tumor"
"SYNTH-30-25-1","Capture_5'_GATGCTACACCAGGCT-3","Dividing Tumor"
"SYNTH-30-26-1","Capture_3'_GAGACTTGTCATCGCG-3","Tumor"
"SYNTH-30-26-1","Capture_5'_TGGCCAGTCGGCATCG-2","Tumor"
"SYNTH-30-26-1","Capture_3'_GTTACGAGTTTCTATC-2","Tumor"
"SYNTH-30-26-1","Capture_3'_CTGCATCGTATCGAAA-4","T-cells"
"SYNTH-30-26-1","Capture_5'_CTCCTAGCATCCTAGA-4","Dividing Tumor"
"SYNTH-30-26-1","Capture_5'_TTAACTCGTGAGCGAT-2","Luminal A"
"SYNTH-30-27-1","Capture_5'_AACTTTCAGAAACCAT-3","Tumor"
"SYNTH-30-27-1","Capture_3'_GCCAGGTGTTCTCTCG-4","Tumor"
"SYNTH-30-27-1","Capture_5'_CTGTTTATCACTGGGC-4","Tumor"
"SYNTH-30-27-1","Capture_5'_CTGATAGGTGCAACTT-2","T-cells"
"SYNTH-30-27-1","Capture_3'_CATTGTTGTTTGACAC-4","Tumor"
"SYNTH-30-27-1","Capture_3'_TATCGCCCATCGAAGG-4","Tumor"
"SYNTH-30-28-1","Capture_3'_ACGTAGTGTTCAGTAC-4","Dividing Tumor"
"SYNTH-30-28-1","Capture_5'_CATTATCGTGATGATA-1","Dividing Tumor"
"SYNTH-30-28-1","Capture_5'_GTAGGCCCAAACTGTC-4","Tumor"
"SYNTH-30-28-1","Capture_5'_GCATGTAAGGCAAAGA-3","Tumor"
"SYNTH-30-28-1","Capture_5'_CGATTGAAGGATTCGG-1","Tumor"
"SYNTH-30-28-1","Capture_3'_CTACTATTCGCAATTG-1","Endothelial Cells"
"SYNTH-30-28-1","Capture_5'_CTTTGCGAGTGCCAGA-4","Dividing Tumor"
"SYNTH-30-28-1","Capture_5'_CAACCAAGTGCAACGA-2","B-cells"
"SYNTH-30-29-1","Capture_3'_CTCAGTCCATTGTACG-3","Plasma Cells"
"SYNTH-30-30-1","Capture_3'_TTCTCTCAGTCATAGA-1","T-cells"
"SYNTH-30-31-1","Capture_5'_AGTAGTCAGTGGGTTG-2","T-cells"
"SYNTH-30-31-1","Capture_3'_TGTAGACCAGCTATTG-1","Dividing Tumor"
"SYNTH-30-31-1","Capture_3'_GTGCAGCGTGGGCTCT-1","Tumor"
"SYNTH-30-31-1","Capture_5'_AACCGCGTCTTAACCT-4","Tumor"
"SYNTH-30-31-1","Capture_5'_CTGAAACTCAGCACAT-4","Tumor"
"SYNTH-30-31-1","Capture_5'_AGGTCATTCCATGAAC-2","Tumor"
"SYNTH-30-31-1","Capture_3'_AATGACCCAATAGGGC-2","Tumor"
"SYNTH-30-32-1","Capture_5'_TCAGGATAGACAAAGG-4","TAMs"
"SYNTH-30-32-1","Capture_5'_CTGATAGGTACATGTC-1","Tumor"
"SYNTH-30-33-1","Capture_3'_TCATGTTTCTAACGCA-1","T-cells"
"SYNTH-30-33-1","Capture_3'_GCCGATGTCTAAGGAA-3","T-cells"
"SYNTH-30-33-1","Capture_5'_CTACATTTCATTCACT-3","T-cells"
"SYNTH-30-33-1","Capture_3'_GTAGGAGAGTTGGGAC-1","T-cells"
"SYNTH-30-33-1","Capture_3'_TCCATGCCAATTCGTG-2","Tumor"
"SYNTH-30-33-1","Capture_3'_ATCACTTTCCTAAGTG-4","Dividing Tumor"
"SYNTH-30-34-1","Capture_5'_TCATTACTCTTGTCAT-1","Dividing Tumor"
"SYNTH-30-34-1","Capture_5'_GAAGCAGGTTCGTGAT-1","Dividing Tumor"
"SYNTH-30-34-1","Capture_3'_TGGGAGATCCTGCCAT-2","Tumor"
"SYNTH-30-34-1","Capture_5'_TCTCTAAAGTAGGCCA-4","Plasma Cells"
"SYNTH-30-34-1","Capture_5'_GTAGTCAGTGATGTCT-1","T-cells"
"SYNTH-30-34-1","Capture_3'_TTGGGCGTCTGAATCG-1","Tumor"
"SYNTH-30-35-1","Capture_5'_CCCATACTCAGCTGGC-4","Dividing Tumor"
"SYNTH-30-35-1","Capture_5'_TATTACCTCTTGTCAT-2","TAMs"
"SYNTH-30-35-1","Capture_5'_GACCAATTCACTTCAT-1","Tumor"
"SYNTH-30-35-1","Capture_5'_CAGAGAGGTCCGTGAC-4","Dividing Tumor"
"SYNTH-30-35-1","Capture_5'_AAAGCAAAGCACAGGT-4","Tumor"
"SYNTH-30-36-1","Capture_3'_GTCACTCTCCTCGCAT-3","Tumor"
"SYNTH-30-36-1","Capture_3'_TATTCCACAAGTTCCA-4","Dividing Tumor"
"SYNTH-30-36-1","Capture_5'_CGACTTCGTCTACCTC-1","Dividing Tumor"
"SYNTH-30-36-1","Capture_3'_TGCTTGCCAGAACTCT-4","Tumor"
"SYNTH-30-36-1","Capture_5'_TACTCGCTCGCTGATA-2","Tumor"
"SYNTH-30-36-1","Capture_5'_CGGGTCATCGCGATCG-4","Tumor"
"SYNTH-30-36-1","Capture_3'_GTAACACAGCTACGTT-2","Tumor"
"SYNTH-30-36-1","Capture_5'_TGCCCTAGTATCACCA-4","T-cells"
"SYNTH-30-36-1","Capture_5'_AGTAGTCAGATCTGCT-4","T-cells"
"SYNTH-30-36-1","Capture_5'_TACTCATAGCAGGTCA-4","T-cells"
"SYNTH-30-37-1","Capture_3'_ATAGGCTCATATGCGT-2","Dividing Tumor"
"SYNTH-30-37-1","Capture_5'_GCCTCTATCGATGAGG-4","Tumor"
"SYNTH-30-37-1","Capture_5'_GGGCACTTCAGCTCGG-3","Dividing Tumor"
"SYNTH-30-37-1","Capture_5'_CCTACACGTGGCAAAC-1","T-cells"
"SYNTH-30-38-1","Capture_5'_TACTTGTCACACTGCG-3","Dividing Tumor"
"SYNTH-30-38-1","Capture_5'_TGGCCAGGTAGATTAG-4","Dividing Tumor"
"SYNTH-30-38-1","Capture_5'_GACCAATAGATGGCGT-1","Myoepithelial Cells"
"SYNTH-30-38-1","Capture_5'_CAACCTCAGGAGCGAG-4","T-cells"
"SYNTH-30-38-1","Capture_5'_TATGCCCCAGCTGTGC-3","Tumor"
"SYNTH-30-39-1","Capture_5'_TGCCCTAAGACTTGAA-2","Tumor"
"SYNTH-30-39-1","Capture_5'_TTAGTTCTCGCGGATC-4","TAMs"
"SYNTH-30-39-1","Capture_5'_CGTTCTGTCTTCGAGA-4","Dividing Tumor"
"SYNTH-30-40-1","Capture_5'_TGTGGTACAATGACCT-2","Tumor"
"SYNTH-30-40-1","Capture_3'_GGTGAAGGTCCTGGGT-4","Tumor"
"SYNTH-30-40-1","Capture_3'_CATCGCTGTGGGATTG-1","Dividing Tumor"
"SYNTH-30-41-1","Capture_5'_AGCTTGACAGCTCCGA-3","Luminal A"
"SYNTH-30-41-1","Capture_5'_GTGTTAGAGTGGAGAA-2","Tumor"
"SYNTH-30-41-1","Capture_5'_ACGGAGATCTTTACAC-1","T-cells"
"SYNTH-30-42-1","Capture_5'_GGACATTGTTAAGATG-3","Luminal B"
"SYNTH-30-42-1","Capture_5'_CAGCAGCGTGACAAAT-2","Tumor"
"SYNTH-30-42-1","Capture_5'_TCGCGTTAGTTGCAGG-3","Endothelial Cells"
"SYNTH-30-43-1","Capture_3'_CATCCACCAATCGAAA-2","TAMs"
"SYNTH-30-43-1","Capture_3'_CTGAATGTCGTTGTTT-2","B-cells"
"SYNTH-30-43-1","Capture_5'_TTGCGTCTCTGCTGTC-4","Tumor"
"SYNTH-30-43-1","Capture_5'_GGGCATCTCAGTGCAT-3","Tumor"
"SYNTH-30-43-1","Capture_5'_ATTGGTGTCATAAAGG-1","Tumor"
"SYNTH-30-43-1","Capture_5'_CTCGTCAAGCGCCTTG-1","Tumor"
"SYNTH-30-44-1","Capture_5'_TGGCTGGAGGGATCTG-3","Tumor"
"SYNTH-30-44-1","Capture_5'_CAACCTCTCTCTGCTG-3","Dividing Tumor"
"SYNTH-30-44-1","Capture_5'_GGAAAGCGTCAGAGGT-4","Tumor"
"SYNTH-30-45-1","Capture_5'_CTCGTACTCTCATTCA-3","Endothelial Cells"
"SYNTH-30-45-1","Capture_5'_TCAATCTGTCTAGCGC-2","Dividing Tumor"
"SYNTH-30-45-1","Capture_5'_TGCGCAGAGATCCTGT-4","Luminal B"
"SYNTH-30-46-1","Capture_3'_CTTTCGGAGCTGGCCT-3","Dividing Tumor"
"SYNTH-30-46-1","Capture_3'_ATTACCTGTTCGTTCC-1","Endothelial Cells"
"SYNTH-30-46-1","Capture_3'_CAAAGAAAGCGTTAGG-2","T-cells"
"SYNTH-30-47-1","Capture_3'_TCGAACAGTAATCAAG-2","Tumor"
"SYNTH-30-47-1","Capture_5'_AGCCTAACATGGTTGT-1","Endothelial Cells"
"SYNTH-30-47-1","Capture_5'_AGAGCTTAGGTGCTAG-1","Tumor"
"SYNTH-30-47-1","Capture_5'_GTAGGCCAGCTAGTGG-4","Dividing Tumor"
"SYNTH-30-47-1","Capture_3'_GAAGCCCGTCTGTCAA-3","Tumor"
"SYNTH-30-48-1","Capture_5'_AACTCTTTCGTAGGTT-3","Tumor"
"SYNTH-30-48-1","Capture_5'_CAGCTGGAGGCTCAGA-1","Tumor"
"SYNTH-30-48-1","Capture_5'_TCCCGATAGACAAGCC-4","Dividing Tumor"
"SYNTH-30-49-1","Capture_5'_CTCTAATTCAGCTCTC-2","Tumor"
"SYNTH-30-49-1","Capture_3'_GTCGTTCGTCTCACGG-2","Dividing Tumor"
"SYNTH-30-49-1","Capture_3'_ATGTCTTTCCGCGAGT-2","Tumor"
"SYNTH-30-49-1","Capture_5'_AAACGGGCACTGTTAG-2","Tumor"
"SYNTH-30-49-1","Capture_5'_GGAATAACACAGGTTT-4","TAMs"
"SYNTH-30-49-1","Capture_5'_TCTCTAAAGCGTAGTG-3","Tumor"
"SYNTH-30-50-1","Capture_5'_TTGTAGGCAGATGGCA-4","Dividing Tumor"
"SYNTH-30-50-1","Capture_5'_GGCAATTAGCGTAATA-2","Dividing Tumor"
"SYNTH-30-50-1","Capture_5'_TATCAGGGTCTGCCAG-4","Tumor"
"SYNTH-30-50-1","Capture_5'_AGCATACAGCATCATC-2","Tumor"
"SYNTH-30-50-1","Capture_3'_GAACACTGTCATCCCT-4","Tumor"
"SYNTH-30-50-1","Capture_5'_CGTGTAACAACGATGG-3","Dividing Tumor"
"SYNTH-31-1-1","Capture_5'_CAAGTTGGTGGCGAAT-4","Myoepithelial Cells"
"SYNTH-31-1-1","Capture_5'_CGTTAGAAGACTAGAT-4","Tumor"
"SYNTH-31-1-1","Capture_5'_ACGCCGACATAACCTG-1","Luminal A"
"SYNTH-31-1-1","Capture_3'_TCCTAATGTGTCCAAT-1","T-cells"
"SYNTH-31-1-1","Capture_5'_AAGCCGCGTTCACCTC-1","T-cells"
"SYNTH-31-1-1","Capture_5'_CTCGGGACATCGGAAG-4","Tumor"
"SYNTH-31-1-1","Capture_5'_CACACCTGTCAATACC-1","Dividing Tumor"
"SYNTH-31-1-1","Capture_5'_GAAGCAGGTTCGTGAT-1","Dividing Tumor"
"SYNTH-31-1-1","Capture_5'_CGAACATTCTTTAGTC-3","Tumor"
"SYNTH-31-1-1","Capture_3'_CATGGATTCCTAAACG-1","Endothelial Cells"
"SYNTH-31-2-1","Capture_5'_TCAGATGGTGTGACCC-4","Tumor"
"SYNTH-31-2-1","Capture_3'_CTTCTCTAGGAGTATT-3","Dividing Tumor"
"SYNTH-31-2-1","Capture_3'_TCAAGACTCTGCATAG-3","Dividing Tumor"
"SYNTH-31-2-1","Capture_3'_GAGGGTACACGACCTG-3","Tumor"
"SYNTH-31-2-1","Capture_3'_ATTCAGGTCAGCGCAC-1","Tumor"
"SYNTH-31-2-1","Capture_5'_ATGGGAGGTAACGTTC-2","Dividing Tumor"
"SYNTH-31-2-1","Capture_5'_GTCCTCACATCGGGTC-2","Tumor"
"SYNTH-31-2-1","Capture_5'_TCTGGAAGTGACTCAT-3","Tumor"
"SYNTH-31-3-1","Capture_5'_CATCCACGTGAAATCA-2","Tumor"
"SYNTH-31-3-1","Capture_5'_ATCCACCGTCTGATTG-3","Tumor"
"SYNTH-31-4-1","Capture_5'_CCGTACTGTGACTACT-4","T-cells"
"SYNTH-31-4-1","Capture_5'_ATAAGAGTCTAAGCCA-3","Tumor"
"SYNTH-31-4-1","Capture_3'_GATAGAACAATGACCT-3","Tumor"
"SYNTH-31-4-1","Capture_3'_TAGAGTCAGGAGACCT-3","Tumor"
"SYNTH-31-4-1","Capture_3'_CTCATCGTCTACGCAA-1","Tumor"
"SYNTH-31-4-1","Capture_5'_GGGACCTTCAGGTAAA-3","Tumor"
"SYNTH-31-5-1","Capture_5'_CTCTAATGTCGTCTTC-4","Luminal A"
"SYNTH-31-5-1","Capture_5'_CACTCCAGTTTGGCGC-3","Tumor"
"SYNTH-31-5-1","Capture_5'_AGATCTGTCAGCTCGG-4","Tumor"
"SYNTH-31-5-1","Capture_5'_ACGATACAGTCAAGGC-3","Tumor"
"SYNTH-31-5-1","Capture_5'_GACTGCGTCCAAGCCG-2","Tumor"
"SYNTH-31-5-1","Capture_5'_ACGCAGCTCCGTACAA-4","Tumor"
"SYNTH-31-5-1","Capture_5'_TCAGATGAGCGAAGGG-3","Dividing Tumor"
"SYNTH-31-5-1","Capture_5'_GTAGGCCAGTGTCCCG-1","T-cells"
"SYNTH-31-6-1","Capture_3'_GATCAGTTCCTACCAC-4","Endothelial Cells"
"SYNTH-31-6-1","Capture_5'_TGGCTGGTCGCCAAAT-1","Tumor"
"SYNTH-31-6-1","Capture_5'_TAGGCATGTTCGGCAC-2","Dividing Tumor"
"SYNTH-31-6-1","Capture_5'_CCACGGAGTGTATGGG-1","Dividing Tumor"
"SYNTH-31-6-1","Capture_5'_TGGCTGGTCATGTAGC-4","Tumor"
"SYNTH-31-6-1","Capture_5'_CGATTGAGTTTGTTGG-3","Plasma Cells"
"SYNTH-31-6-1","Capture_3'_GTCTCACAGCGGGTTA-1","Tumor"
"SYNTH-31-6-1","Capture_5'_TTGCGTCAGTGAAGTT-4","Tumor"
"SYNTH-31-6-1","Capture_5'_TGCCAAAAGATCCTGT-2","Plasma Cells"
"SYNTH-31-7-1","Capture_3'_CCCGAAGGTGCTGATT-2","Dividing Tumor"
"SYNTH-31-7-1","Capture_3'_GTTAGACAGAGACAAG-2","Dividing Tumor"
"SYNTH-31-7-1","Capture_3'_GGGTCACCAAATGCTC-2","T-cells"
"SYNTH-31-7-1","Capture_5'_AAACCTGGTTACAGAA-4","Tumor"
"SYNTH-31-7-1","Capture_3'_GATCCCTGTCGGTGAA-1","T-cells"
"SYNTH-31-8-1","Capture_5'_ATTCTACAGAGTACAT-1","T-cells"
"SYNTH-31-8-1","Capture_5'_AGTGGGAAGTTTCCTT-1","Dividing Tumor"
"SYNTH-31-8-1","Capture_3'_CCGGTGAGTGAGATTA-1","B-cells"
"SYNTH-31-8-1","Capture_3'_TTCCACGAGTGATTCC-1","Luminal A"
"SYNTH-31-8-1","Capture_5'_GAAGCAGCACATCCGG-1","Tumor"
"SYNTH-31-8-1","Capture_5'_CGAGCCATCTCTTATG-4","Luminal A"
"SYNTH-31-8-1","Capture_5'_TTGGCAAAGATACACA-3","Tumor"
"SYNTH-31-8-1","Capture_5'_GAAATGACATGTAGTC-4","Dividing Tumor"
"SYNTH-31-8-1","Capture_3'_TTTCAGTAGAGAGCCT-3","Tumor"
"SYNTH-31-9-1","Capture_5'_CTCGTACCAAAGTCAA-3","Tumor"
"SYNTH-31-9-1","Capture_3'_GGGTAGAGTCCATACA-3","Tumor"
"SYNTH-31-9-1","Capture_5'_TACTTGTCACACTGCG-3","Dividing Tumor"
"SYNTH-31-9-1","Capture_3'_GAGTTACCAATTCTTC-1","Tumor"
"SYNTH-31-10-1","Capture_5'_TCATTACTCACTGGGC-3","T-cells"
"SYNTH-31-10-1","Capture_5'_TGCCCATCACAACTGT-1","Dividing Tumor"
"SYNTH-31-10-1","Capture_3'_AGGCATTTCATCACTT-1","Tumor"
"SYNTH-31-10-1","Capture_5'_TATTACCGTTCAGTAC-4","Tumor"
"SYNTH-31-10-1","Capture_5'_AGTGAGGCACCGTTGG-2","Dividing Tumor"
"SYNTH-31-10-1","Capture_3'_ATCTTCAAGGTCTACT-2","Endothelial Cells"
"SYNTH-31-10-1","Capture_3'_ACTGCAACATGTGTCA-2","Tumor"
"SYNTH-31-10-1","Capture_5'_CAGCAGCCAAGTACCT-4","T-cells"
"SYNTH-31-11-1","Capture_5'_CGAGCCAGTGCCTGGT-2","Tumor"
"SYNTH-31-11-1","Capture_5'_TGTGTTTCAAACGCGA-1","Tumor"
"SYNTH-31-11-1","Capture_5'_CCGGGATCATAGACTC-3","Tumor"
"SYNTH-31-11-1","Capture_5'_CCGGGATCATTTCACT-1","Dividing Tumor"
"SYNTH-31-11-1","Capture_3'_CCCTTAGTCGCCGATG-1","Tumor"
"SYNTH-31-12-1","Capture_5'_GTGAAGGAGATAGGAG-3","Endothelial Cells"
"SYNTH-31-12-1","Capture_5'_CCTACCATCGTAGGTT-3","Tumor"
"SYNTH-31-12-1","Capture_5'_GCATGTACAAGTCTGT-2","Tumor"
"SYNTH-31-12-1","Capture_3'_CACTGTCTCGCCGAAC-3","Tumor"
"SYNTH-31-12-1","Capture_3'_CACATGATCTGTCCGT-4","T-cells"
"SYNTH-31-12-1","Capture_3'_GCTGAATCAACACAAA-2","Dividing Tumor"
"SYNTH-31-13-1","Capture_3'_TTGCATTTCGATTTCT-3","Tumor"
"SYNTH-31-13-1","Capture_5'_GGACATTAGCGCTCCA-4","Dividing Tumor"
"SYNTH-31-13-1","Capture_5'_CAGAGAGAGTACGCCC-1","Tumor"
"SYNTH-31-13-1","Capture_5'_GCAATCAGTCAACATC-4","Dividing Tumor"
"SYNTH-31-13-1","Capture_3'_GTAGCTAAGGAAGTGA-1","Tumor"
"SYNTH-31-14-1","Capture_3'_GACCTTCCACCCAACG-2","T-cells"
"SYNTH-31-14-1","Capture_5'_GATGCTATCTTGCCGT-4","T-cells"
"SYNTH-31-14-1","Capture_5'_GTCATTTCAGGGATTG-4","Tumor"
"SYNTH-31-14-1","Capture_5'_GTGTTAGAGCCCAGCT-4","Tumor"
"SYNTH-31-14-1","Capture_5'_TATCAGGCAGGGAGAG-2","Tumor"
"SYNTH-31-14-1","Capture_3'_GTATTGGAGTTCATGC-3","Tumor"
"SYNTH-31-15-1","Capture_5'_CTTAGGAAGACTGGGT-3","T-cells"
"SYNTH-31-15-1","Capture_5'_GGCGACTTCTGACCTC-2","Dividing Tumor"
"SYNTH-31-15-1","Capture_5'_CCTCTGAAGGCTAGGT-3","Tumor"
"SYNTH-31-15-1","Capture_5'_CATCGAACATGAGCGA-4","Dividing Tumor"
"SYNTH-31-15-1","Capture_3'_GCTTGGGCAGGCATTT-3","Tumor"
"SYNTH-31-15-1","Capture_5'_CGAACATCACGCCAGT-4","Tumor"
"SYNTH-31-15-1","Capture_3'_TTAGTCTCATCCTATT-2","T-cells"
"SYNTH-31-16-1","Capture_5'_AGCGTCGGTTAAGACA-4","Dividing Tumor"
"SYNTH-31-16-1","Capture_5'_GATCGTACATTAGGCT-4","Dividing Tumor"
"SYNTH-31-16-1","Capture_3'_TTCGCTGAGACATCAA-1","Dividing Tumor"
"SYNTH-31-16-1","Capture_5'_TGGTTCCGTACCGCTG-4","Fibroblasts"
"SYNTH-31-16-1","Capture_5'_GAGTCCGAGCCGCCTA-4","Dividing Tumor"
"SYNTH-31-16-1","Capture_3'_TCCTGCATCAAGCCCG-3","Plasma Cells"
"SYNTH-31-16-1","Capture_3'_TCTCACGCATCCTCAC-2","Dividing Tumor"
"SYNTH-31-17-1","Capture_5'_TCGCGTTTCACCTTAT-1","Tumor"
"SYNTH-31-18-1","Capture_5'_GGTATTGAGACGCACA-3","Tumor"
"SYNTH-31-18-1","Capture_5'_CCTTTCTTCCTATTCA-3","T-cells"
"SYNTH-31-18-1","Capture_3'_CGGGACTCAGTGTACT-4","Tumor"
"SYNTH-31-18-1","Capture_5'_CTCCTAGAGATTACCC-2","Tumor"
"SYNTH-31-18-1","Capture_3'_AACCCAAGTCCGAAGA-3","Luminal A"
"SYNTH-31-18-1","Capture_5'_GGAGCAATCTATCCTA-4","T-cells"
"SYNTH-31-19-1","Capture_5'_TCGGTAACAGCCAGAA-4","Tumor"
"SYNTH-31-19-1","Capture_5'_TTCTCAACATTTCAGG-1","T-cells"
"SYNTH-31-19-1","Capture_3'_AGAGAGCTCAAGCTGT-1","Endothelial Cells"
"SYNTH-31-19-1","Capture_3'_AGTTCCCGTGATACCT-1","Tumor"
"SYNTH-31-20-1","Capture_3'_TCATTGTAGCAACCAG-4","Endothelial Cells"
"SYNTH-31-20-1","Capture_5'_CACCTTGAGACCGGAT-1","Tumor"
"SYNTH-31-20-1","Capture_5'_CGTCCATAGATGAGAG-3","Tumor"
"SYNTH-31-20-1","Capture_5'_GGCCGATAGTTACCCA-3","T-cells"
"SYNTH-31-20-1","Capture_5'_ATCTACTCAGCGTTCG-2","Tumor"
"SYNTH-31-21-1","Capture_5'_GGGAGATCAGCCTTTC-3","Endothelial Cells"
"SYNTH-31-21-1","Capture_5'_ACCCACTTCCTAGGGC-1","T-cells"
"SYNTH-31-21-1","Capture_5'_CACACTCAGCTGCAAG-1","Dividing Tumor"
"SYNTH-31-22-1","Capture_5'_GAAGCAGGTGTATGGG-2","Tumor"
"SYNTH-31-22-1","Capture_3'_TCGATTTCAAATCGGG-2","Dividing Tumor"
"SYNTH-31-22-1","Capture_5'_TGTGGTATCCGATATG-4","Tumor"
"SYNTH-31-22-1","Capture_5'_GAGTCCGAGCCGCCTA-4","Dividing Tumor"
"SYNTH-31-22-1","Capture_5'_ACGATGTTCTGCGGCA-1","Dividing Tumor"
"SYNTH-31-22-1","Capture_5'_GTCCTCATCAGTGTTG-2","Tumor"
"SYNTH-31-22-1","Capture_5'_TTGACTTAGGTGATAT-3","Dividing Tumor"
"SYNTH-31-23-1","Capture_5'_AGGGAGTCACAGCCCA-2","Dividing Tumor"
"SYNTH-31-23-1","Capture_3'_TCGGGTGTCGGATAAA-1","Tumor"
"SYNTH-31-23-1","Capture_5'_AGACGTTTCGAACGGA-3","Fibroblasts"
"SYNTH-31-23-1","Capture_5'_CGGCTAGTCACCTCGT-3","Tumor"
"SYNTH-31-23-1","Capture_5'_GCAAACTCAGGCAGTA-2","Tumor"
"SYNTH-31-24-1","Capture_5'_GGGAGATAGTTAAGTG-3","Dividing Tumor"
"SYNTH-31-25-1","Capture_3'_CGGTCAGGTGTTCCAA-1","Tumor"
"SYNTH-31-25-1","Capture_5'_ACACTGAGTTGTCGCG-4","Tumor"
"SYNTH-31-25-1","Capture_3'_AGAGAGCCATTACGGT-4","Tumor"
"SYNTH-31-25-1","Capture_5'_CTACATTCACCACCAG-1","Dividing Tumor"
"SYNTH-31-25-1","Capture_5'_CAGCGACAGTGTACGG-4","Dividing Tumor"
"SYNTH-31-26-1","Capture_3'_TTCCTAACAAGCTGTT-1","Tumor"
"SYNTH-31-26-1","Capture_5'_CATGACATCTCTGCTG-4","Dividing Tumor"
"SYNTH-31-26-1","Capture_5'_AGAGTGGGTACGAAAT-3","Luminal B"
"SYNTH-31-26-1","Capture_5'_CGAGCCACAGTTTACG-3","Tumor"
"SYNTH-31-27-1","Capture_5'_TACTTGTTCGAACGGA-4","Dividing Tumor"
"SYNTH-31-27-1","Capture_5'_AGTAGTCCACAACGTT-1","Tumor"
"SYNTH-31-27-1","Capture_5'_GATCGATAGGTGGGTT-2","Luminal A"
"SYNTH-31-27-1","Capture_5'_CCTTCGACATGGTCTA-4","TAMs"
"SYNTH-31-27-1","Capture_5'_CTAGTGACAACACCTA-4","Dividing Tumor"
"SYNTH-31-27-1","Capture_3'_AGCCAATCAATCTAGC-2","Dividing Tumor"
"SYNTH-31-28-1","Capture_3'_GACACGCGTGTATTCG-1","T-cells"
"SYNTH-31-28-1","Capture_5'_CGCGGTACAGATGGCA-2","Tumor"
"SYNTH-31-28-1","Capture_5'_TCAGCTCGTGACGGTA-3","T-cells"
"SYNTH-31-28-1","Capture_5'_GGGCACTGTCCTCCAT-4","Tumor"
"SYNTH-31-28-1","Capture_5'_CTGCCTAGTACAGCAG-4","Tumor"
"SYNTH-31-28-1","Capture_5'_CCCATACGTATAGGGC-3","Tumor"
"SYNTH-31-28-1","Capture_5'_TAGACCAAGACTTTCG-4","T-cells"
"SYNTH-31-28-1","Capture_3'_GTCTAGAGTCGCCACA-4","Luminal A"
"SYNTH-31-29-1","Capture_5'_GCTGGGTGTTTGACTG-3","Tumor"
"SYNTH-31-29-1","Capture_5'_AGCTCCTAGTTACGGG-2","Tumor"
"SYNTH-31-29-1","Capture_5'_CCGTTCATCCGAGCCA-3","Tumor"
"SYNTH-31-29-1","Capture_3'_TTGCATTTCGGAATGG-4","Tumor"
"SYNTH-31-29-1","Capture_3'_AGATGAAAGATAGGGA-3","Dividing Tumor"
"SYNTH-31-30-1","Capture_3'_CCCGGAACAGATAAAC-3","Dividing Tumor"
"SYNTH-31-30-1","Capture_3'_CAATACGGTACAAAGT-3","T-cells"
"SYNTH-31-30-1","Capture_5'_CATGGCGGTGATGTCT-1","Tumor"
"SYNTH-31-30-1","Capture_3'_AGATGAAAGTGGCCTC-3","Tumor"
"SYNTH-31-30-1","Capture_3'_GATGAGGTCAAATGAG-2","Tumor"
"SYNTH-31-31-1","Capture_5'_GATCGCGCACATTCGA-4","Dividing Tumor"
"SYNTH-31-31-1","Capture_3'_AGTTAGCGTGCCAAGA-1","T-cells"
"SYNTH-31-31-1","Capture_5'_CTCTGGTCAATGAATG-4","Tumor"
"SYNTH-31-31-1","Capture_5'_CAACCTCGTGATGTCT-4","Tumor"
"SYNTH-31-32-1","Capture_3'_AACCTTTCAAACGAGC-1","Tumor"
"SYNTH-31-32-1","Capture_5'_TACTCGCTCGGTTCGG-4","Dividing Tumor"
"SYNTH-31-32-1","Capture_3'_AACCCAACATAATGAG-2","Tumor"
"SYNTH-31-32-1","Capture_3'_AAACCCAGTTCTCCCA-4","T-cells"
"SYNTH-31-32-1","Capture_5'_TCAGCAAAGGAATTAC-3","Dividing Tumor"
"SYNTH-31-32-1","Capture_3'_ACTGCAAGTAATGCTC-3","T-cells"
"SYNTH-31-32-1","Capture_5'_GTATTCTCACCAACCG-3","T-cells"
"SYNTH-31-33-1","Capture_5'_TGGCCAGGTATAGGTA-1","Dividing Tumor"
"SYNTH-31-33-1","Capture_3'_TTCACGCTCTGAGGCC-2","Tumor"
"SYNTH-31-33-1","Capture_5'_GGACGTCTCAGAGACG-1","Tumor"
"SYNTH-31-33-1","Capture_5'_GCGAGAACAAGGACTG-3","Dividing Tumor"
"SYNTH-31-33-1","Capture_3'_CTTTCAAAGCGCCTCA-1","TAMs"
"SYNTH-31-33-1","Capture_5'_CAACCTCCAGTCTTCC-4","Tumor"
"SYNTH-31-33-1","Capture_5'_CAGTAACTCGTCCAGG-3","Dividing Tumor"
"SYNTH-31-34-1","Capture_3'_ACACGCGTCACCGGGT-4","Tumor"
"SYNTH-31-34-1","Capture_5'_ATAAGAGAGGCATTGG-1","Tumor"
"SYNTH-31-34-1","Capture_3'_CTTAGGAGTATTCCTT-2","TAMs"
"SYNTH-31-34-1","Capture_5'_CATTATCCAATTCCTT-3","Dividing Tumor"
"SYNTH-31-34-1","Capture_3'_TCGCAGGAGATTGAGT-1","TAMs"
"SYNTH-31-35-1","Capture_3'_CGATGCGGTGGCTGCT-3","T-cells"
"SYNTH-31-35-1","Capture_5'_TAGTGGTAGCGATGAC-4","Tumor"
"SYNTH-31-36-1","Capture_5'_CGTGTCTTCTTCAACT-3","Fibroblasts"
"SYNTH-31-37-1","Capture_5'_CGGAGTCAGCTGATAA-2","Tumor"
"SYNTH-31-38-1","Capture_5'_GAGCAGAGTAGCCTCG-3","Ciliated Cells"
"SYNTH-31-38-1","Capture_5'_TTTGCGCAGCAACGGT-4","Tumor"
"SYNTH-31-38-1","Capture_5'_GACTAACAGGTCATCT-1","Dividing Tumor"
"SYNTH-31-39-1","Capture_3'_GGAGAACGTCAAGGCA-2","Tumor"
"SYNTH-31-39-1","Capture_5'_CTCGAGGTCTCACATT-4","T-cells"
"SYNTH-31-40-1","Capture_5'_CGGAGCTGTCACTTCC-4","T-cells"
"SYNTH-31-40-1","Capture_5'_CCTTTCTGTTCCGGCA-3","Tumor"
"SYNTH-31-40-1","Capture_5'_GGCTGGTTCGGAATCT-1","Dividing Tumor"
"SYNTH-31-40-1","Capture_5'_TCGCGAGTCAAACCAC-3","Luminal A"
"SYNTH-31-41-1","Capture_3'_TTAGGCAAGTCTTGGT-2","Tumor"
"SYNTH-31-41-1","Capture_5'_GAAGCAGCAGACTCGC-1","T-cells"
"SYNTH-31-41-1","Capture_5'_CTGCCTATCCTCAACC-4","Dividing Tumor"
"SYNTH-31-41-1","Capture_5'_CAACCAATCAGCGACC-2","T-cells"
"SYNTH-31-41-1","Capture_5'_GTGCAGCCATCATCCC-3","Tumor"
"SYNTH-31-41-1","Capture_5'_CTCGAGGGTTCTCATT-3","Dividing Tumor"
"SYNTH-31-41-1","Capture_5'_TAAGCGTTCTTGCAAG-3","T-cells"
"SYNTH-31-42-1","Capture_3'_GGTAATCTCGCACTCT-2","Tumor"
"SYNTH-31-42-1","Capture_5'_CGGGTCATCAACACTG-3","Dividing Tumor"
"SYNTH-31-43-1","Capture_5'_TCATTACTCTCTGCTG-3","Tumor"
"SYNTH-31-43-1","Capture_5'_CGCCAAGAGGGATCTG-4","Dividing Tumor"
"SYNTH-31-43-1","Capture_5'_CGGACGTGTATCTGCA-4","Dividing Tumor"
"SYNTH-31-43-1","Capture_5'_CTGATAGTCAACCATG-2","T-cells"
"SYNTH-31-43-1","Capture_3'_AAGCATCCAGAACTCT-4","TAMs"
"SYNTH-31-43-1","Capture_5'_GCATGTACATCACAAC-4","Dividing Tumor"
"SYNTH-31-43-1","Capture_5'_GGATTACGTCAAGCGA-2","Dividing Tumor"
"SYNTH-31-44-1","Capture_5'_ATTACTCGTTGAACTC-4","T-cells"
"SYNTH-31-44-1","Capture_5'_GTTCGGGGTTCCCGAG-2","T-cells"
"SYNTH-31-44-1","Capture_5'_CGACCTTAGAGGTAGA-4","Dividing Tumor"
"SYNTH-31-44-1","Capture_5'_TGACTTTGTTGATTGC-3","T-cells"
"SYNTH-31-44-1","Capture_5'_TAAGCGTAGCCACTAT-2","Tumor"
"SYNTH-31-45-1","Capture_5'_AGGGTGAGTATAGGGC-4","Tumor"
"SYNTH-31-45-1","Capture_5'_TACCTTATCCAACCAA-3","Dividing Tumor"
"SYNTH-31-46-1","Capture_3'_AAACCCACAATTAGGA-2","Tumor"
"SYNTH-31-46-1","Capture_5'_CATCGGGGTTCACGGC-4","Dividing Tumor"
"SYNTH-31-47-1","Capture_5'_ACTTTCATCACGCATA-3","Plasma Cells"
"SYNTH-31-47-1","Capture_5'_CAGCGACAGCTAACAA-3","Tumor"
"SYNTH-31-47-1","Capture_3'_ACTCCCAAGATTCGAA-2","Dividing Tumor"
"SYNTH-31-47-1","Capture_3'_GATCCCTAGGGTTAAT-3","Tumor"
"SYNTH-31-47-1","Capture_5'_CAAGATCGTTCGCTAA-4","B-cells"
"SYNTH-31-47-1","Capture_5'_CTCCTAGTCCCTAATT-1","Tumor"
"SYNTH-31-47-1","Capture_5'_TGACGGCAGTGTCTCA-4","Dividing Tumor"
"SYNTH-31-48-1","Capture_5'_GTTCATTTCGTTACAG-4","Dividing Tumor"
"SYNTH-31-48-1","Capture_5'_ATCCACCCAAGTACCT-3","Dividing Tumor"
"SYNTH-31-48-1","Capture_3'_CACAACAGTAGGATAT-1","Luminal A"
"SYNTH-31-48-1","Capture_5'_TGCCCATTCATCTGCC-4","Tumor"
"SYNTH-31-48-1","Capture_5'_CGCTTCACAGTCACTA-2","Tumor"
"SYNTH-31-48-1","Capture_5'_TACTTACGTGTTCTTT-2","Tumor"
"SYNTH-31-49-1","Capture_5'_CTGCGGATCTTGAGGT-3","Dividing Tumor"
"SYNTH-31-49-1","Capture_5'_AAGGAGCTCGCTTGTC-2","T-cells"
"SYNTH-31-49-1","Capture_5'_TCAGGTAGTAGGAGTC-3","Tumor"
"SYNTH-31-49-1","Capture_3'_GCATCTCGTGCCTTTC-3","Dividing Tumor"
"SYNTH-31-49-1","Capture_5'_GAACATCGTCTCTTTA-4","Dividing Tumor"
"SYNTH-31-49-1","Capture_5'_CGATCGGTCAGCGATT-2","Dividing Tumor"
"SYNTH-31-49-1","Capture_3'_TCGAACAAGATAGCTA-4","Tumor"
"SYNTH-31-49-1","Capture_3'_GGTGGCTTCGTGGACC-3","T-cells"
"SYNTH-31-50-1","Capture_5'_ATTTCTGGTGCAGGTA-2","T-cells"
"SYNTH-31-50-1","Capture_3'_ACGTTCCGTACTGAGG-1","Tumor"
"SYNTH-31-50-1","Capture_5'_GAACCTAGTCAAGCGA-2","Tumor"
"SYNTH-31-50-1","Capture_5'_TATGCCCTCCAAAGTC-3","Tumor"
"SYNTH-31-50-1","Capture_5'_CATCAGAGTCAACTGT-1","Tumor"
"SYNTH-31-50-1","Capture_5'_TCACAAGGTATAGTAG-3","Tumor"
"SYNTH-32-1-1","Capture_3'_GTGCTTCAGTTCAACC-1","Endothelial Cells"
"SYNTH-32-1-1","Capture_5'_GCAGCCAAGAAACGCC-4","T-cells"
"SYNTH-32-2-1","Capture_5'_TCGCGAGTCAATAAGG-1","Luminal A"
"SYNTH-32-2-1","Capture_5'_ACACTGACAATAAGCA-4","Tumor"
"SYNTH-32-3-1","Capture_5'_TCTGAGAAGAAACGAG-4","Myoepithelial Cells"
"SYNTH-32-3-1","Capture_5'_TATCAGGTCTTCGGTC-3","Dividing Tumor"
"SYNTH-32-3-1","Capture_3'_GAAGGACAGGAATCGC-2","TAMs"
"SYNTH-32-3-1","Capture_3'_CATTGAGTCGGTAGAG-3","Tumor"
"SYNTH-32-3-1","Capture_5'_TGCGGGTGTGTTGAGG-1","Plasma Cells"
"SYNTH-32-3-1","Capture_3'_CGATGGCTCTTCCTAA-4","Tumor"
"SYNTH-32-3-1","Capture_5'_GTTCTCGTCTTGACGA-1","Tumor"
"SYNTH-32-3-1","Capture_3'_CCGATGGTCTACGCGG-4","Tumor"
"SYNTH-32-3-1","Capture_3'_GCCATTCAGAACTTCC-3","Fibroblasts"
"SYNTH-32-3-1","Capture_3'_AGTCTCCAGCGACATG-1","Dividing Tumor"
"SYNTH-32-4-1","Capture_5'_TGAGGGAGTAGCCTCG-4","Tumor"
"SYNTH-32-4-1","Capture_5'_AGCTCCTGTAGTAGTA-4","Endothelial Cells"
"SYNTH-32-4-1","Capture_3'_AGGACTTAGTATGCAA-1","Tumor"
"SYNTH-32-4-1","Capture_5'_CCACGGACAGACACTT-2","Luminal A"
"SYNTH-32-4-1","Capture_5'_AGAGTGGCACGTCAGC-1","Tumor"
"SYNTH-32-4-1","Capture_5'_CAGCAGCTCCACGTTC-2","Dividing Tumor"
"SYNTH-32-4-1","Capture_5'_CTCACACAGCGCCTCA-1","Dividing Tumor"
"SYNTH-32-5-1","Capture_5'_CGCTATCCACCAACCG-3","Dividing Tumor"
"SYNTH-32-5-1","Capture_5'_CAGAGAGGTGTGCCTG-4","Tumor"
"SYNTH-32-6-1","Capture_5'_TTAGGACCACACAGAG-2","TAMs"
"SYNTH-32-6-1","Capture_5'_CGTAGGCAGAGCTGCA-1","Plasma Cells"
"SYNTH-32-6-1","Capture_5'_TACAGTGCATATGAGA-3","Tumor"
"SYNTH-32-6-1","Capture_5'_GTCACAATCCTCGCAT-4","Tumor"
"SYNTH-32-6-1","Capture_5'_TCGGGACGTCAGCTAT-4","Tumor"
"SYNTH-32-6-1","Capture_3'_TCATGAGGTGTCACAT-2","Tumor"
"SYNTH-32-6-1","Capture_5'_TGGGCGTTCTTACCGC-2","TAMs"
"SYNTH-32-7-1","Capture_5'_GCATGCGTCTTTACAC-2","Tumor"
"SYNTH-32-8-1","Capture_3'_TTTGACTAGGCATCGA-2","B-cells"
"SYNTH-32-8-1","Capture_5'_GTGCGGTGTTCTGTTT-2","Tumor"
"SYNTH-32-8-1","Capture_5'_CGATGTAAGCTCTCGG-4","T-cells"
"SYNTH-32-8-1","Capture_5'_TCGTACCGTCGTCTTC-4","Luminal A"
"SYNTH-32-8-1","Capture_5'_CAACTAGAGCACCGCT-4","T-cells"
"SYNTH-32-8-1","Capture_5'_CAGCTAAGTCAAAGAT-4","Tumor"
"SYNTH-32-8-1","Capture_3'_CTAACTTGTAGCACAG-2","Plasma Cells"
"SYNTH-32-9-1","Capture_3'_CTTACCGCAGGTAGTG-3","Tumor"
"SYNTH-32-9-1","Capture_5'_GTGGGTCAGCGCTTAT-1","Tumor"
"SYNTH-32-9-1","Capture_5'_CCTTACGCAGCGTTCG-2","Tumor"
"SYNTH-32-9-1","Capture_5'_ATAAGAGTCATGTCCC-1","T-cells"
"SYNTH-32-9-1","Capture_5'_GCATGATTCAGTCCCT-4","Dividing Tumor"
"SYNTH-32-9-1","Capture_3'_GATCAGTCAAATGAAC-1","T-cells"
"SYNTH-32-9-1","Capture_5'_TGAGCCGAGAGTACCG-3","Dividing Tumor"
"SYNTH-32-10-1","Capture_3'_GCAGCCAAGTCGGCCT-4","Tumor"
"SYNTH-32-10-1","Capture_5'_TACTCGCTCCACGCAG-4","Tumor"
"SYNTH-32-10-1","Capture_5'_AGCTCTCGTATCGCAT-3","Tumor"
"SYNTH-32-10-1","Capture_5'_AACTGGTCAAGCCGTC-1","Tumor"
"SYNTH-32-10-1","Capture_5'_GCCTCTAGTGAGGGTT-3","T-cells"
"SYNTH-32-11-1","Capture_5'_CTTGGCTCAGTCACTA-4","Dividing Tumor"
"SYNTH-32-11-1","Capture_5'_CGAGCCACATATGGTC-1","Dividing Tumor"
"SYNTH-32-11-1","Capture_5'_ACTTTCAAGAGGTAGA-2","Tumor"
"SYNTH-32-11-1","Capture_5'_CAACCAAGTAAACGCG-4","Dividing Tumor"
"SYNTH-32-12-1","Capture_5'_TACCTTAGTAGAAAGG-4","Dividing Tumor"
"SYNTH-32-12-1","Capture_3'_AAACCCAAGGAATCGC-3","Dividing Tumor"
"SYNTH-32-12-1","Capture_5'_TATCAGGGTATCTGCA-1","Tumor"
"SYNTH-32-12-1","Capture_3'_TCTATACAGATTCGAA-4","Tumor"
"SYNTH-32-12-1","Capture_3'_ATTGTTCTCTCGCTTG-3","Tumor"
"SYNTH-32-13-1","Capture_5'_AAAGATGGTAATCGTC-4","T-cells"
"SYNTH-32-13-1","Capture_5'_CGAACATTCGAGAGCA-2","Tumor"
"SYNTH-32-13-1","Capture_5'_CGCTGGAGTCATGCCG-4","T-cells"
"SYNTH-32-13-1","Capture_5'_TACCTTACACAGGTTT-4","B-cells"
"SYNTH-32-14-1","Capture_5'_GACCAATCATGGGAAC-1","T-cells"
"SYNTH-32-15-1","Capture_5'_CCATTCGAGAATGTGT-2","Tumor"
"SYNTH-32-15-1","Capture_3'_CATTGAGGTACCTAGT-2","Dividing Tumor"
"SYNTH-32-15-1","Capture_5'_CCTAAAGTCACTTATC-3","Tumor"
"SYNTH-32-16-1","Capture_5'_CGTAGCGGTCTAGTGT-1","Tumor"
"SYNTH-32-16-1","Capture_3'_GTGGGAAGTACGGTTT-4","T-cells"
"SYNTH-32-16-1","Capture_5'_TGACTAGCATTTGCTT-4","Dividing Tumor"
"SYNTH-32-16-1","Capture_5'_TGAGCCGCAGCCACCA-2","Dividing Tumor"
"SYNTH-32-16-1","Capture_3'_AAAGGTATCTCCGATC-3","Dividing Tumor"
"SYNTH-32-16-1","Capture_3'_TCATTTGGTTTGAACC-2","Fibroblasts"
"SYNTH-32-16-1","Capture_5'_GTCTTCGCATATACGC-4","Dividing Tumor"
"SYNTH-32-17-1","Capture_3'_CGCATAAAGTGGACGT-3","Luminal B"
"SYNTH-32-17-1","Capture_3'_TTAGGGTGTACGTGAG-4","Tumor"
"SYNTH-32-18-1","Capture_5'_GACGTTAAGGATGCGT-2","Luminal A"
"SYNTH-32-18-1","Capture_5'_TCGGTAAAGCGTTTAC-4","T-cells"
"SYNTH-32-18-1","Capture_3'_CACGTTCGTTTCGGCG-3","Tumor"
"SYNTH-32-18-1","Capture_5'_ACATACGCACCTATCC-2","Dividing Tumor"
"SYNTH-32-18-1","Capture_5'_TCGGTAATCCAAATGC-4","Tumor"
"SYNTH-32-18-1","Capture_5'_AGAGCGAGTCCGAACC-1","T-cells"
"SYNTH-32-18-1","Capture_5'_AGTGAGGCATTCTTAC-2","Dividing Tumor"
"SYNTH-32-18-1","Capture_5'_GCTTGAATCACAGGCC-4","Dividing Tumor"
"SYNTH-32-18-1","Capture_3'_AGTCAACAGACATCAA-3","Dividing Tumor"
"SYNTH-32-19-1","Capture_5'_AGCATACGTTCACCTC-4","Dividing Tumor"
"SYNTH-32-20-1","Capture_5'_TATGCCCTCTCTTGAT-1","Tumor"
"SYNTH-32-20-1","Capture_5'_AACACGTAGATCTGAA-4","Tumor"
"SYNTH-32-20-1","Capture_3'_ATTCATCTCTTGAACG-4","T-cells"
"SYNTH-32-20-1","Capture_5'_CCCAATCGTTTGCATG-4","Fibroblasts"
"SYNTH-32-20-1","Capture_5'_GAGTCCGCAATGGAGC-4","Dividing Tumor"
"SYNTH-32-20-1","Capture_5'_AACTGGTCAAACCTAC-2","Tumor"
"SYNTH-32-21-1","Capture_5'_CACCTTGCAGCCTTTC-3","Dividing Tumor"
"SYNTH-32-21-1","Capture_5'_CGCTTCACAATCTACG-2","Tumor"
"SYNTH-32-21-1","Capture_5'_CCGGGATTCAATCTCT-2","Tumor"
"SYNTH-32-21-1","Capture_5'_CCTTACGAGTGAATTG-1","Tumor"
"SYNTH-32-21-1","Capture_5'_CGTAGGCTCACCCTCA-1","T-cells"
"SYNTH-32-21-1","Capture_3'_GCTTGGGGTCCTGAAT-1","T-cells"
"SYNTH-32-21-1","Capture_5'_CTCGAAATCGGAGCAA-2","Dividing Tumor"
"SYNTH-32-21-1","Capture_3'_GGGTCACCATGTGCCG-3","Dividing Tumor"
"SYNTH-32-21-1","Capture_5'_AGTGAGGTCTCCTATA-2","TAMs"
"SYNTH-32-21-1","Capture_5'_CATGCCTTCGGGAGTA-3","T-cells"
"SYNTH-32-22-1","Capture_3'_AGAGAGCAGGTATCTC-4","Tumor"
"SYNTH-32-22-1","Capture_5'_AGCTTGAGTTTCGCTC-1","T-cells"
"SYNTH-32-22-1","Capture_3'_CTGTGAAGTGGAAATT-4","Tumor"
"SYNTH-32-22-1","Capture_5'_CGAGCACAGTCGAGTG-4","Endothelial Cells"
"SYNTH-32-22-1","Capture_5'_ACTGCTCCAAACCCAT-2","T-cells"
"SYNTH-32-22-1","Capture_5'_GCGAGAAGTAAGGATT-4","T-cells"
"SYNTH-32-23-1","Capture_5'_GGGAGATCACGGACAA-4","TAMs"
"SYNTH-32-23-1","Capture_5'_CGTCACTCACAGATTC-4","Tumor"
"SYNTH-32-23-1","Capture_3'_TAACTTCAGTAGCAAT-1","Dividing Tumor"
"SYNTH-32-23-1","Capture_3'_TACCCACTCTGCGTCT-2","Dividing Tumor"
"SYNTH-32-24-1","Capture_5'_TGCCAAACAGGCTGAA-1","T-cells"
"SYNTH-32-24-1","Capture_5'_CGATCGGGTTGTCGCG-1","Tumor"
"SYNTH-32-24-1","Capture_5'_TTGGAACGTGCGAAAC-2","Luminal A"
"SYNTH-32-24-1","Capture_5'_CAGCAGCGTGGTGTAG-4","Tumor"
"SYNTH-32-24-1","Capture_3'_CTGCCTACATCGATGT-1","Tumor"
"SYNTH-32-24-1","Capture_5'_CATGCCTCATCCTTGC-2","Tumor"
"SYNTH-32-25-1","Capture_3'_ATCCCTGCAGACTGCC-4","Dividing Tumor"
"SYNTH-32-25-1","Capture_3'_AGACACTGTGTTCCTC-1","Tumor"
"SYNTH-32-25-1","Capture_3'_GAGGGTATCTAAACGC-3","T-cells"
"SYNTH-32-25-1","Capture_5'_TCTCTAAGTCTAGCCG-2","Dividing Tumor"
"SYNTH-32-26-1","Capture_3'_ATCGTGAAGTTCCGTA-2","TAMs"
"SYNTH-32-26-1","Capture_5'_CACCTTGCATGACGGA-4","T-cells"
"SYNTH-32-27-1","Capture_5'_ATCCGAAAGAAGAAGC-2","Tumor"
"SYNTH-32-27-1","Capture_5'_TATCAGGAGCCCAATT-3","Tumor"
"SYNTH-32-27-1","Capture_3'_TCATTCATCACTGGGC-2","Luminal B"
"SYNTH-32-27-1","Capture_3'_TCCACCATCGAGCCTG-4","T-cells"
"SYNTH-32-27-1","Capture_5'_GTCAAGTAGAGGTACC-2","Luminal A"
"SYNTH-32-27-1","Capture_5'_TCAATCTAGGCTCTTA-2","T-cells"
"SYNTH-32-27-1","Capture_5'_ACACCCTCATTATCTC-3","T-cells"
"SYNTH-32-27-1","Capture_5'_TCGAGGCTCTTCTGGC-4","Tumor"
"SYNTH-32-27-1","Capture_3'_TACCCACCAAGCAATA-2","Tumor"
"SYNTH-32-27-1","Capture_5'_GACCAATAGATCCCGC-3","Tumor"
"SYNTH-32-28-1","Capture_3'_CTCCCAAGTTCTCGTC-2","Tumor"
"SYNTH-32-28-1","Capture_5'_AGGGTGATCGCATGGC-4","Tumor"
"SYNTH-32-28-1","Capture_5'_TCACAAGCAAGCGAGT-1","Luminal A"
"SYNTH-32-28-1","Capture_3'_GTGTGATCAATCGAAA-3","Tumor"
"SYNTH-32-28-1","Capture_3'_ACCATTTTCGTAGGGA-2","TAMs"
"SYNTH-32-29-1","Capture_5'_AAGACCTCACAGGCCT-2","Tumor"
"SYNTH-32-29-1","Capture_5'_TACGGATCAAGGCTCC-4","Tumor"
"SYNTH-32-29-1","Capture_5'_AGCAGCCGTTCCACAA-1","Endothelial Cells"
"SYNTH-32-29-1","Capture_5'_GAAATGAAGATAGCAT-4","Dividing Tumor"
"SYNTH-32-29-1","Capture_5'_TTGGAACCATTGTGCA-2","Tumor"
"SYNTH-32-29-1","Capture_5'_GCAATCACAATGCCAT-3","Tumor"
"SYNTH-32-29-1","Capture_5'_CGAGCACCAATCAGAA-3","Luminal B"
"SYNTH-32-29-1","Capture_5'_ATCTGCCTCGAGAGCA-4","Tumor"
"SYNTH-32-29-1","Capture_5'_ACCTTTAAGTTACCCA-3","Luminal A"
"SYNTH-32-30-1","Capture_5'_GGACAGAGTTGACGTT-2","Myoepithelial Cells"
"SYNTH-32-30-1","Capture_5'_AGCGGTCGTGAGGGAG-4","T-cells"
"SYNTH-32-30-1","Capture_5'_CCATTCGTCCCTTGTG-1","Dividing Tumor"
"SYNTH-32-30-1","Capture_5'_ACTATCTTCCTGTACC-3","T-cells"
"SYNTH-32-30-1","Capture_5'_TCGCGAGGTCAAGCGA-2","Dividing Tumor"
"SYNTH-32-30-1","Capture_5'_AACCATGAGCCCAACC-1","Tumor"
"SYNTH-32-30-1","Capture_5'_CGGAGTCGTGTTGGGA-2","Endothelial Cells"
"SYNTH-32-30-1","Capture_3'_ACCTGAAAGCAACTCT-3","Tumor"
"SYNTH-32-30-1","Capture_5'_TCATTACGTTAAGGGC-1","Luminal A"
"SYNTH-32-31-1","Capture_5'_CCGTTCATCCATGAAC-3","Dividing Tumor"
"SYNTH-32-31-1","Capture_5'_TATCAGGAGCCCAATT-3","Tumor"
"SYNTH-32-31-1","Capture_3'_GTTGTGACATTGAGCT-3","Dividing Tumor"
"SYNTH-32-31-1","Capture_5'_AGGTCCGCAGTTTACG-4","Dividing Tumor"
"SYNTH-32-31-1","Capture_5'_CGACTTCCACCAGGCT-4","T-cells"
"SYNTH-32-31-1","Capture_5'_GTTAAGCAGGTGTTAA-1","Dividing Tumor"
"SYNTH-32-32-1","Capture_3'_GAGTTTGGTTCGTTCC-4","T-cells"
"SYNTH-32-32-1","Capture_5'_GGAATAATCATGTGGT-3","Dividing Tumor"
"SYNTH-32-32-1","Capture_3'_CAGGGCTAGTTCTACG-1","Luminal A"
"SYNTH-32-32-1","Capture_5'_GACCAATCAGACGCTC-1","Tumor"
"SYNTH-32-32-1","Capture_5'_AGTGGGAGTTGAACTC-4","Luminal A"
"SYNTH-32-32-1","Capture_3'_ACATGCACACACTTAG-2","Tumor"
"SYNTH-32-32-1","Capture_5'_CTAATGGAGGACATTA-1","Dividing Tumor"
"SYNTH-32-33-1","Capture_5'_GATCGATAGCTACCTA-2","Tumor"
"SYNTH-32-33-1","Capture_5'_CTGTGCTCAGCTGGCT-4","Tumor"
"SYNTH-32-33-1","Capture_5'_AGCGTATGTCGAATCT-2","Dividing Tumor"
"SYNTH-32-33-1","Capture_5'_GGAATAAAGGTTCCTA-4","Endothelial Cells"
"SYNTH-32-34-1","Capture_5'_TTCCCAGTCAACTCTT-1","Tumor"
"SYNTH-32-34-1","Capture_5'_CATATTCCACTCGACG-3","Tumor"
"SYNTH-32-34-1","Capture_5'_CGTGTCTAGACTGGGT-4","TAMs"
"SYNTH-32-35-1","Capture_5'_AGCTTGAAGCCCAGCT-4","T-cells"
"SYNTH-32-35-1","Capture_5'_ACTGAACGTAAGGGCT-3","T-cells"
"SYNTH-32-35-1","Capture_5'_TGGCTGGTCGGATGGA-2","B-cells"
"SYNTH-32-36-1","Capture_3'_CATCCCAAGTGAGGCT-4","Dividing Tumor"
"SYNTH-32-36-1","Capture_3'_GTGGAGAAGCTTAAGA-2","Tumor"
"SYNTH-32-36-1","Capture_5'_ACATGGTAGACATAAC-1","Dividing Tumor"
"SYNTH-32-36-1","Capture_5'_CTCGAAATCTAGAGTC-4","Tumor"
"SYNTH-32-36-1","Capture_3'_GTCTGTCTCTCGGTCT-4","Tumor"
"SYNTH-32-37-1","Capture_3'_TGGAGAGCAGACATCT-1","Dividing Tumor"
"SYNTH-32-37-1","Capture_5'_GTATTCTAGCACAGGT-4","Dividing Tumor"
"SYNTH-32-37-1","Capture_3'_CACATGACATGACTTG-1","T-cells"
"SYNTH-32-37-1","Capture_3'_TTAGGCAAGGTAGTCG-4","T-cells"
"SYNTH-32-37-1","Capture_5'_GGGAATGAGATATACG-2","T-cells"
"SYNTH-32-37-1","Capture_3'_CAACAGTAGAAACTCA-3","Tumor"
"SYNTH-32-37-1","Capture_5'_GCTTCCAGTCATCCCT-2","Tumor"
"SYNTH-32-37-1","Capture_5'_GTATTCTTCGCACTCT-4","Dividing Tumor"
"SYNTH-32-37-1","Capture_3'_CTTTCAAGTTTGGAAA-2","Fibroblasts"
"SYNTH-32-37-1","Capture_3'_GACCGTGTCGCTAATG-4","Tumor"
"SYNTH-32-38-1","Capture_3'_CAGTTAGAGTTTGAGA-4","Dividing Tumor"
"SYNTH-32-38-1","Capture_5'_TTAGGACTCTGAAAGA-3","Dividing Tumor"
"SYNTH-32-38-1","Capture_5'_ACGGGCTCATCGGAAG-1","Dividing Tumor"
"SYNTH-32-38-1","Capture_5'_GATCAGTAGGCCATAG-3","T-cells"
"SYNTH-32-38-1","Capture_3'_AGCATCAAGGCTCAAG-3","T-cells"
"SYNTH-32-38-1","Capture_5'_GCTGGGTAGGAGCGTT-1","Tumor"
"SYNTH-32-38-1","Capture_3'_TCGGATACACATCCCT-4","Dividing Tumor"
"SYNTH-32-38-1","Capture_5'_GGGTTGCCATACGCCG-1","Dividing Tumor"
"SYNTH-32-39-1","Capture_5'_CAAGTTGAGTACGCGA-2","Tumor"
"SYNTH-32-39-1","Capture_5'_GAATGAAGTGCTCTTC-4","T-cells"
"SYNTH-32-39-1","Capture_5'_TTTACTGCATGTTGAC-4","Tumor"
"SYNTH-32-39-1","Capture_5'_CGAACATAGAGCTTCT-3","Dividing Tumor"
"SYNTH-32-39-1","Capture_3'_TTCGGTCGTGTCTTGA-4","T-cells"
"SYNTH-32-40-1","Capture_5'_TTGGCAACACTCAGGC-3","Endothelial Cells"
"SYNTH-32-40-1","Capture_5'_TATGCCCTCATGCTCC-2","Dividing Tumor"
"SYNTH-32-40-1","Capture_3'_TTTAGTCGTATGAGGC-4","Dividing Tumor"
"SYNTH-32-41-1","Capture_5'_CGGACGTAGAGCTGCA-3","TAMs"
"SYNTH-32-41-1","Capture_5'_AGCTCCTGTACGCTGC-3","Fibroblasts"
"SYNTH-32-41-1","Capture_5'_CCGTTCATCTTAGCCC-4","Dividing Tumor"
"SYNTH-32-41-1","Capture_5'_TGAGCCGGTGTTGGGA-2","Dividing Tumor"
"SYNTH-32-41-1","Capture_5'_CCTACACGTCATACTG-4","Dividing Tumor"
"SYNTH-32-41-1","Capture_5'_CACAGTATCTTAACCT-4","Tumor"
"SYNTH-32-41-1","Capture_5'_TAAGAGAGTTACCAGT-1","Tumor"
"SYNTH-32-41-1","Capture_3'_AGTCAACGTATCTCTT-1","Tumor"
"SYNTH-32-41-1","Capture_3'_GACTCAATCCAAGAGG-4","Endothelial Cells"
"SYNTH-32-41-1","Capture_5'_CACAAACTCTTCGGTC-3","Tumor"
"SYNTH-32-42-1","Capture_3'_CTGCTCACATCTCAAG-3","Dividing Tumor"
"SYNTH-32-42-1","Capture_3'_CCCTCTCGTTGAGAGC-3","Tumor"
"SYNTH-32-42-1","Capture_5'_AGCCTAAGTCAACATC-3","TAMs"
"SYNTH-32-43-1","Capture_3'_TCCTAATAGCGCCTAC-3","Luminal A"
"SYNTH-32-43-1","Capture_5'_CTCCTAGTCTGCCCTA-1","Dividing Tumor"
"SYNTH-32-43-1","Capture_5'_TGGTTCCCAATGCCAT-2","Tumor"
"SYNTH-32-43-1","Capture_5'_GGACGTCGTCGCGAAA-2","Fibroblasts"
"SYNTH-32-43-1","Capture_3'_GAATCACAGAGTCTTC-3","Tumor"
"SYNTH-32-43-1","Capture_5'_ACATACGGTACCCAAT-4","Dividing Tumor"
"SYNTH-32-44-1","Capture_5'_ACACTGATCCTCATTA-4","Dividing Tumor"
"SYNTH-32-44-1","Capture_5'_GTTACAGCACGTAAGG-3","Dividing Tumor"
"SYNTH-32-44-1","Capture_5'_CAGGTGCAGTATTGGA-4","Tumor"
"SYNTH-32-44-1","Capture_3'_TCTCAGCGTACACGTT-2","Luminal A"
"SYNTH-32-45-1","Capture_3'_TTACAGGCAAGGATGC-1","Dividing Tumor"
"SYNTH-32-45-1","Capture_5'_CCTTTCTTCCTATTCA-3","T-cells"
"SYNTH-32-45-1","Capture_5'_CCGGGATGTCCAGTGC-1","Tumor"
"SYNTH-32-45-1","Capture_5'_TACTTACAGACGCAAC-4","Tumor"
"SYNTH-32-45-1","Capture_5'_CTCTACGCATGTCCTC-2","T-cells"
"SYNTH-32-46-1","Capture_3'_TTCTTGAGTGAGGAAA-1","Tumor"
"SYNTH-32-46-1","Capture_5'_CGTGAGCTCAACGCTA-3","Dividing Tumor"
"SYNTH-32-46-1","Capture_5'_ACATACGTCCGCATAA-4","Tumor"
"SYNTH-32-46-1","Capture_3'_ATGGAGGAGAAGGCTC-4","Dividing Tumor"
"SYNTH-32-47-1","Capture_3'_GTCAAACCACTTGTGA-4","Dividing Tumor"
"SYNTH-32-47-1","Capture_5'_CCGGTAGCAGGATTGG-4","Fibroblasts"
"SYNTH-32-47-1","Capture_5'_GATGAAATCCCGGATG-4","Tumor"
"SYNTH-32-48-1","Capture_5'_ACTGAACCACTATCTT-2","T-cells"
"SYNTH-32-48-1","Capture_3'_TGATCTTTCAAACCCA-3","T-cells"
"SYNTH-32-48-1","Capture_5'_CCTAAAGTCGTTACGA-2","Dividing Tumor"
"SYNTH-32-48-1","Capture_5'_CTAGAGTTCAGTACGT-3","Tumor"
"SYNTH-32-48-1","Capture_5'_AGGGAGTGTACCCAAT-3","Tumor"
"SYNTH-32-48-1","Capture_3'_GTCATTTGTCGGCTAC-4","Tumor"
"SYNTH-32-48-1","Capture_3'_AACTTCTAGGTACCTT-4","T-cells"
"SYNTH-32-49-1","Capture_5'_TCATTACAGTGGAGTC-4","B-cells"
"SYNTH-32-49-1","Capture_3'_TTCACGCCAGTTCTAG-1","Tumor"
"SYNTH-32-49-1","Capture_3'_AGAGAATGTGCACATT-4","Dividing Tumor"
"SYNTH-32-49-1","Capture_5'_GAATGAAAGTCTCCTC-2","T-cells"
"SYNTH-32-49-1","Capture_3'_CAGCAGCCAAATCAGA-2","Tumor"
"SYNTH-32-49-1","Capture_3'_CAGCCAGGTAGCGTAG-4","Endothelial Cells"
"SYNTH-32-49-1","Capture_3'_ACGCACGGTTGTGGAG-3","T-cells"
"SYNTH-32-50-1","Capture_3'_GAAGAATCACCTGATA-4","Dividing Tumor"
"SYNTH-33-1-1","Capture_5'_TACGGATGTGTTCTTT-2","Dividing Tumor"
"SYNTH-33-1-1","Capture_5'_CAGATCATCCCTTGCA-2","Tumor"
"SYNTH-33-1-1","Capture_5'_CGGACTGTCACGATGT-4","Dividing Tumor"
"SYNTH-33-1-1","Capture_3'_CTATCTAGTGATTCAC-4","Fibroblasts"
"SYNTH-33-1-1","Capture_3'_TCTACCGAGATACAGT-2","Myoepithelial Cells"
"SYNTH-33-1-1","Capture_5'_TCAACGAAGCAATCTC-1","Tumor"
"SYNTH-33-1-1","Capture_5'_CAACTAGGTGTTCGAT-2","Tumor"
"SYNTH-33-2-1","Capture_5'_CGGTTAATCTGCGTAA-1","Tumor"
"SYNTH-33-2-1","Capture_5'_GCATGATCAAGGTTCT-3","Endothelial Cells"
"SYNTH-33-2-1","Capture_5'_GGACATTTCACCGTAA-3","Tumor"
"SYNTH-33-2-1","Capture_5'_TTGGCAAAGATACACA-3","Tumor"
"SYNTH-33-3-1","Capture_5'_ATAAGAGCATCACAAC-1","Tumor"
"SYNTH-33-3-1","Capture_3'_CGCATGGGTGTTTACG-4","B-cells"
"SYNTH-33-3-1","Capture_3'_TCATATCGTGGTTCTA-3","Tumor"
"SYNTH-33-3-1","Capture_3'_CGGGACTGTTTCGTAG-4","Tumor"
"SYNTH-33-3-1","Capture_5'_CGGGTCATCACTTACT-2","Dividing Tumor"
"SYNTH-33-3-1","Capture_5'_CCTTCGAGTGTGAATA-2","Luminal A"
"SYNTH-33-4-1","Capture_5'_CATCGGGCAAGTACCT-1","Tumor"
"SYNTH-33-5-1","Capture_5'_CTCATTATCTACTCAT-4","Dividing Tumor"
"SYNTH-33-5-1","Capture_5'_GGCAATTAGAGGTAGA-4","Luminal A"
"SYNTH-33-5-1","Capture_3'_ATCGATGGTCCACATA-2","Tumor"
"SYNTH-33-5-1","Capture_5'_ACGATACCACCTGGTG-3","Tumor"
"SYNTH-33-6-1","Capture_3'_ATCACAGAGCCTATCA-3","Tumor"
"SYNTH-33-7-1","Capture_5'_GTTTCTAAGCTAAGAT-2","Dividing Tumor"
"SYNTH-33-7-1","Capture_5'_GCGGGTTAGCGGCTTC-2","Dividing Tumor"
"SYNTH-33-7-1","Capture_5'_GCGAGAAGTTAAAGAC-2","T-cells"
"SYNTH-33-7-1","Capture_5'_GATGCTACACATGGGA-2","T-cells"
"SYNTH-33-7-1","Capture_5'_CGGTTAAAGTTACGGG-3","Dividing Tumor"
"SYNTH-33-8-1","Capture_3'_TTGAACGGTAACAGTA-1","Tumor"
"SYNTH-33-8-1","Capture_5'_CTCAGAATCCACGTGG-3","Dividing Tumor"
"SYNTH-33-8-1","Capture_5'_TGTTCCGTCCTGCCAT-2","Luminal A"
"SYNTH-33-8-1","Capture_5'_CAGCGACAGTGAAGTT-1","Tumor"
"SYNTH-33-8-1","Capture_5'_GACTGCGTCGCCGTGA-4","Tumor"
"SYNTH-33-8-1","Capture_5'_AACTGGTGTCTCTCTG-4","Dividing Tumor"
"SYNTH-33-9-1","Capture_3'_CATTCCGGTACTTGTG-2","T-cells"
"SYNTH-33-9-1","Capture_5'_TGCCCATCAGGGTATG-3","Dividing Tumor"
"SYNTH-33-9-1","Capture_3'_CCCTCTCTCAAACCCA-4","B-cells"
"SYNTH-33-9-1","Capture_5'_CTCGAGGAGCCGATTT-3","Tumor"
"SYNTH-33-9-1","Capture_5'_AAGCCGCAGCTGAACG-3","Tumor"
"SYNTH-33-9-1","Capture_5'_CATTATCCAATGGATA-3","Tumor"
"SYNTH-33-9-1","Capture_5'_CAACCAAGTATATCCG-1","Tumor"
"SYNTH-33-9-1","Capture_5'_CGTGTCTAGTGGGATC-4","TAMs"
"SYNTH-33-9-1","Capture_5'_GTCCTCATCAGCTTAG-4","Dividing Tumor"
"SYNTH-33-10-1","Capture_3'_TACGGGCGTGGCTTAT-4","Tumor"
"SYNTH-33-11-1","Capture_5'_ACTGAACGTAAGGGCT-3","T-cells"
"SYNTH-33-11-1","Capture_5'_ACGCCGATCTAACCGA-4","Tumor"
"SYNTH-33-11-1","Capture_5'_TGTCCCAGTTCCCGAG-2","T-cells"
"SYNTH-33-12-1","Capture_5'_GACCAATCACAGCCCA-2","Tumor"
"SYNTH-33-12-1","Capture_5'_GACGTTAGTCTGCGGT-3","Tumor"
"SYNTH-33-12-1","Capture_3'_CAAGCTATCGCCACTT-4","Dividing Tumor"
"SYNTH-33-13-1","Capture_5'_TTTGGTTGTTGCCTCT-3","Dividing Tumor"
"SYNTH-33-13-1","Capture_5'_CACAGTACAGATGAGC-3","Tumor"
"SYNTH-33-13-1","Capture_5'_AACTTTCTCCCTTGTG-4","Tumor"
"SYNTH-33-14-1","Capture_5'_CCAGCGAAGTATCGAA-4","Dividing Tumor"
"SYNTH-33-14-1","Capture_5'_TGACGGCAGCCAACAG-4","T-cells"
"SYNTH-33-14-1","Capture_5'_AGCCTAACAAGTCTAC-1","T-cells"
"SYNTH-33-14-1","Capture_5'_CCCTCCTAGAGGACGG-4","T-cells"
"SYNTH-33-15-1","Capture_5'_ACCGTAAAGTGGTAGC-2","Tumor"
"SYNTH-33-15-1","Capture_5'_CGGACGTGTATTACCG-4","Tumor"
"SYNTH-33-15-1","Capture_5'_AACTTTCTCTTCCTTC-3","Tumor"
"SYNTH-33-15-1","Capture_5'_CGAATGTAGAGCTATA-2","Dividing Tumor"
"SYNTH-33-15-1","Capture_5'_GGTGTTAGTTTCGCTC-4","Tumor"
"SYNTH-33-15-1","Capture_5'_AACTCTTGTTCTGGTA-3","Dividing Tumor"
"SYNTH-33-15-1","Capture_3'_TCTGCCAGTGTGTACT-3","Tumor"
"SYNTH-33-16-1","Capture_5'_CTCTGGTCAAGTCTAC-2","Dividing Tumor"
"SYNTH-33-16-1","Capture_5'_TGGTTAGGTCGGGTCT-1","Dividing Tumor"
"SYNTH-33-16-1","Capture_5'_GTGCAGCCACTGAAGG-2","Dividing Tumor"
"SYNTH-33-16-1","Capture_5'_TTTGCGCTCACCATAG-1","Dividing Tumor"
"SYNTH-33-16-1","Capture_5'_TCTTCGGTCTAAGCCA-3","Dividing Tumor"
"SYNTH-33-17-1","Capture_3'_TGCATGAGTCAGGAGT-4","Fibroblasts"
"SYNTH-33-17-1","Capture_5'_ATTACTCTCAGTTAGC-2","T-cells"
"SYNTH-33-17-1","Capture_5'_GTGCATACACACGCTG-3","Luminal A"
"SYNTH-33-17-1","Capture_5'_GAATAAGTCAGAAATG-2","Dividing Tumor"
"SYNTH-33-18-1","Capture_5'_GCTTGAAAGCGATTCT-2","Luminal A"
"SYNTH-33-19-1","Capture_5'_CTTAACTAGAGACTAT-4","Luminal A"
"SYNTH-33-19-1","Capture_3'_ATAGAGAGTTGTCAGT-4","T-cells"
"SYNTH-33-20-1","Capture_5'_ACTTGTTGTAAGCACG-4","Dividing Tumor"
"SYNTH-33-21-1","Capture_5'_CTCTGGTTCAGCTTAG-2","Tumor"
"SYNTH-33-21-1","Capture_5'_GATGCTAAGGATATAC-2","Tumor"
"SYNTH-33-21-1","Capture_3'_TGCTCCATCCGAAGGA-3","T-cells"
"SYNTH-33-21-1","Capture_5'_GGCCGATGTACCGAGA-3","Dividing Tumor"
"SYNTH-33-21-1","Capture_3'_TCGACCTTCATAGGCT-3","Tumor"
"SYNTH-33-21-1","Capture_5'_TTGACTTGTGGCGAAT-2","Tumor"
"SYNTH-33-21-1","Capture_5'_ATTCTACTCGTGGTCG-4","Dividing Tumor"
"SYNTH-33-21-1","Capture_3'_CCGATCTGTGGTTTGT-2","Fibroblasts"
"SYNTH-33-21-1","Capture_5'_AGGTCATAGGCACATG-4","T-cells"
"SYNTH-33-21-1","Capture_5'_CCTACCAAGACTCGGA-3","Tumor"
"SYNTH-33-22-1","Capture_5'_AAATGCCCACACATGT-3","Tumor"
"SYNTH-33-22-1","Capture_5'_CCGTACTGTAAAGGAG-2","Luminal B"
"SYNTH-33-22-1","Capture_3'_GGGAAGTAGGTCTACT-4","Tumor"
"SYNTH-33-22-1","Capture_3'_ACGTAGTAGGAACGAA-4","Tumor"
"SYNTH-33-22-1","Capture_5'_GATCGTAGTTGGTGGA-3","Tumor"
"SYNTH-33-23-1","Capture_3'_ATAGAGACAGATTTCG-4","B-cells"
"SYNTH-33-23-1","Capture_5'_AGGCCACCAAAGGAAG-2","Tumor"
"SYNTH-33-24-1","Capture_5'_AAGACCTAGCTCCTTC-4","Luminal B"
"SYNTH-33-24-1","Capture_3'_TTAGGCAGTGTATTCG-4","Luminal B"
"SYNTH-33-24-1","Capture_5'_CTGCGGATCGCCAAAT-2","Tumor"
"SYNTH-33-24-1","Capture_5'_TCTTCGGGTATTAGCC-3","TAMs"
"SYNTH-33-24-1","Capture_5'_CTCGAGGTCAAGGCTT-2","Tumor"
"SYNTH-33-25-1","Capture_5'_GAAGCAGTCTATCGCC-4","Dividing Tumor"
"SYNTH-33-26-1","Capture_5'_GCGGGTTGTGTTTGTG-2","Tumor"
"SYNTH-33-26-1","Capture_3'_CAACCTCAGATTGACA-3","Tumor"
"SYNTH-33-26-1","Capture_5'_GTGCAGCTCACGATGT-4","Dividing Tumor"
"SYNTH-33-26-1","Capture_5'_TTGTAGGTCATGTCTT-4","Luminal A"
"SYNTH-33-27-1","Capture_5'_CAAGGCCAGGCTAGGT-4","T-cells"
"SYNTH-33-27-1","Capture_5'_AACTCTTGTTTGCATG-1","Tumor"
"SYNTH-33-27-1","Capture_5'_CCAATCCTCCACTGGG-2","T-cells"
"SYNTH-33-28-1","Capture_3'_TGTTACTTCATCGGGC-2","Dividing Tumor"
"SYNTH-33-28-1","Capture_3'_CTGCATCGTGCTCCGA-3","T-cells"
"SYNTH-33-28-1","Capture_3'_GTATTTCAGTCAACAA-2","Tumor"
"SYNTH-33-28-1","Capture_5'_CCTAAAGCACGAAAGC-3","T-cells"
"SYNTH-33-28-1","Capture_5'_CTAACTTCATGCTAGT-4","Dividing Tumor"
"SYNTH-33-28-1","Capture_3'_CAAGAGGCAGCGATTT-3","Tumor"
"SYNTH-33-28-1","Capture_5'_GTCATTTCAAGTCTGT-4","Tumor"
"SYNTH-33-28-1","Capture_5'_TGGACGCTCCGGGTGT-2","Luminal A"
"SYNTH-33-28-1","Capture_5'_ATTACTCCATCATCCC-4","Tumor"
"SYNTH-33-28-1","Capture_3'_TCTATACGTATTGAGA-4","Dividing Tumor"
"SYNTH-33-29-1","Capture_5'_TTGAACGAGAACAACT-4","Tumor"
"SYNTH-33-29-1","Capture_5'_CTTGGCTGTAGAGCTG-2","Luminal A"
"SYNTH-33-29-1","Capture_3'_TTCCGGTAGGCACGAT-1","Dividing Tumor"
"SYNTH-33-29-1","Capture_3'_CAGCGTGAGCTCGTGC-2","Dividing Tumor"
"SYNTH-33-29-1","Capture_5'_CTTAGGAGTGAGGGTT-4","Tumor"
"SYNTH-33-29-1","Capture_3'_CCGGTGACATATGCGT-2","Tumor"
"SYNTH-33-29-1","Capture_3'_ATCAGGTGTTAAGGGC-3","Tumor"
"SYNTH-33-29-1","Capture_5'_TGCCCTATCAGGCAAG-3","T-cells"
"SYNTH-33-29-1","Capture_5'_ACTATCTGTCTGGAGA-3","T-cells"
"SYNTH-33-29-1","Capture_5'_TGTGGTATCTTCCTTC-4","Luminal A"
"SYNTH-33-30-1","Capture_5'_GTCCTCATCTGTCAAG-2","Tumor"
"SYNTH-33-30-1","Capture_5'_AAGGCAGGTCTCACCT-2","Tumor"
"SYNTH-33-30-1","Capture_5'_AAGCCGCGTCATGCAT-4","Tumor"
"SYNTH-33-30-1","Capture_5'_CTCCTAGTCTTTAGGG-3","Tumor"
"SYNTH-33-30-1","Capture_5'_GTCTTCGGTTCAGGCC-2","Tumor"
"SYNTH-33-30-1","Capture_5'_ATAACGCGTCATGCCG-4","Dividing Tumor"
"SYNTH-33-30-1","Capture_3'_GTTACAGCAGCGTGAA-2","T-cells"
"SYNTH-33-30-1","Capture_5'_CAGCCGATCAGGTTCA-3","Tumor"
"SYNTH-33-30-1","Capture_5'_GTGCTTCAGAAGGACA-4","Dividing Tumor"
"SYNTH-33-31-1","Capture_5'_TCTTTCCAGGACATTA-4","Dividing Tumor"
"SYNTH-33-31-1","Capture_3'_AGTTCCCGTGATACCT-1","Tumor"
"SYNTH-33-31-1","Capture_5'_TCGTACCCACTTAAGC-2","Tumor"
"SYNTH-33-31-1","Capture_3'_ATCCATTCACAGTGAG-3","Dividing Tumor"
"SYNTH-33-31-1","Capture_5'_CCGTGGATCTGTTGAG-3","Dividing Tumor"
"SYNTH-33-32-1","Capture_5'_GAAATGAAGATCTGAA-3","Tumor"
"SYNTH-33-32-1","Capture_3'_GTGCTGGCAGAGCGTA-2","Tumor"
"SYNTH-33-33-1","Capture_5'_GTCACGGGTCTAACGT-1","Dividing Tumor"
"SYNTH-33-33-1","Capture_3'_GATGGAGAGAGTCGAC-4","Luminal A"
"SYNTH-33-33-1","Capture_3'_CACTGGGCATTAGGAA-2","Tumor"
"SYNTH-33-33-1","Capture_5'_ACATGGTAGGTCGGAT-1","Dividing Tumor"
"SYNTH-33-34-1","Capture_5'_CTCGTCATCAATACCG-4","Dividing Tumor"
"SYNTH-33-34-1","Capture_5'_AACTGGTAGGAGTACC-1","Tumor"
"SYNTH-33-34-1","Capture_5'_GTATCTTGTTCGGCAC-4","Tumor"
"SYNTH-33-34-1","Capture_3'_CGTTAGACAGAGTTGG-1","Tumor"
"SYNTH-33-34-1","Capture_3'_AGCCAATAGCGGTAGT-2","Dividing Tumor"
"SYNTH-33-35-1","Capture_5'_TATCTCAGTATCGCAT-3","Tumor"
"SYNTH-33-35-1","Capture_5'_TAAGTGCCACAGCGTC-3","Dividing Tumor"
"SYNTH-33-35-1","Capture_3'_AGTAACCAGTTATGGA-2","T-cells"
"SYNTH-33-35-1","Capture_3'_CACGTGGAGTCCTGCG-3","Dividing Tumor"
"SYNTH-33-36-1","Capture_5'_CCATGTCAGCGCTTAT-4","TAMs"
"SYNTH-33-36-1","Capture_5'_AAAGTAGCAAAGGAAG-1","T-cells"
"SYNTH-33-36-1","Capture_3'_CAAAGAACAGATTAAG-2","Dividing Tumor"
"SYNTH-33-36-1","Capture_3'_TTGAACGTCTCGCCTA-4","Luminal B"
"SYNTH-33-37-1","Capture_5'_TATGCCCGTTGCGCAC-2","Endothelial Cells"
"SYNTH-33-37-1","Capture_5'_ACACTGACAATAAGCA-4","Tumor"
"SYNTH-33-37-1","Capture_5'_AGTAGTCAGTGAACAT-4","Dividing Tumor"
"SYNTH-33-37-1","Capture_5'_TTGGAACAGCACACAG-1","Tumor"
"SYNTH-33-37-1","Capture_5'_TGGCCAGTCGGAAATA-2","Tumor"
"SYNTH-33-37-1","Capture_5'_AGGCCACGTCGAGTTT-1","Tumor"
"SYNTH-33-37-1","Capture_5'_GCGCGATAGTCCTCCT-3","Tumor"
"SYNTH-33-37-1","Capture_5'_CTGAAACGTCATGCAT-3","Tumor"
"SYNTH-33-37-1","Capture_3'_GCGGATCCAAGTATCC-4","T-cells"
"SYNTH-33-38-1","Capture_3'_GGAATCTGTAGTCACT-3","Dividing Tumor"
"SYNTH-33-38-1","Capture_5'_TCTCTAATCCTTAATC-4","Tumor"
"SYNTH-33-39-1","Capture_5'_ACGTCAATCAGCTCGG-2","Dividing Tumor"
"SYNTH-33-39-1","Capture_5'_CCATTCGCACTTCTGC-2","TAMs"
"SYNTH-33-39-1","Capture_5'_GAGCAGAAGCTAGTCT-3","Tumor"
"SYNTH-33-40-1","Capture_5'_TTAACTCCAACGATGG-4","Tumor"
"SYNTH-33-40-1","Capture_5'_ACTTGTTAGTACGACG-2","Tumor"
"SYNTH-33-40-1","Capture_5'_ATAAGAGTCGTGGGAA-2","Dividing Tumor"
"SYNTH-33-40-1","Capture_3'_TCCACGTCAGCTGAAG-4","T-cells"
"SYNTH-33-40-1","Capture_3'_ACTGTGACACCGTCGA-4","Tumor"
"SYNTH-33-41-1","Capture_3'_AACCAACCACTTACAG-3","T-cells"
"SYNTH-33-41-1","Capture_5'_GGGAGATTCATATCGG-2","Dividing Tumor"
"SYNTH-33-41-1","Capture_3'_TGACAGTAGTTGGGAC-4","Tumor"
"SYNTH-33-41-1","Capture_3'_ATTACTCCAGATCACT-4","Tumor"
"SYNTH-33-42-1","Capture_5'_ACATCAGCACAGATTC-1","Dividing Tumor"
"SYNTH-33-42-1","Capture_5'_ACACCAAGTCTTGATG-2","Tumor"
"SYNTH-33-42-1","Capture_5'_AGATCTGTCACCCGAG-4","Fibroblasts"
"SYNTH-33-42-1","Capture_5'_GGGCACTCAGCTATTG-3","Tumor"
"SYNTH-33-42-1","Capture_5'_CTGCGGAGTCTACCTC-2","Dividing Tumor"
"SYNTH-33-42-1","Capture_3'_AATCACGCAATACGAA-4","T-cells"
"SYNTH-33-43-1","Capture_5'_CTCAGAATCTAACGGT-3","Tumor"
"SYNTH-33-43-1","Capture_5'_GACGGCTTCACCGGGT-1","Tumor"
"SYNTH-33-43-1","Capture_5'_GTTCATTCAAGCGCTC-2","Tumor"
"SYNTH-33-43-1","Capture_5'_TATGCCCAGAAGAAGC-1","Tumor"
"SYNTH-33-43-1","Capture_5'_TAGTGGTTCAGCTCGG-3","Dividing Tumor"
"SYNTH-33-43-1","Capture_3'_AGTTCCCGTGATACCT-1","Tumor"
"SYNTH-33-43-1","Capture_5'_AATCGGTAGTGGAGTC-3","Dividing Tumor"
"SYNTH-33-43-1","Capture_3'_ACGATCACACATAGCT-1","Tumor"
"SYNTH-33-43-1","Capture_3'_AACCCAATCCATTGCC-1","Tumor"
"SYNTH-33-44-1","Capture_5'_CGGACACTCTAGCACA-4","Tumor"
"SYNTH-33-44-1","Capture_3'_GCAGTTATCGTGCACG-2","Fibroblasts"
"SYNTH-33-44-1","Capture_5'_CAGCAGCGTGACAAAT-2","Tumor"
"SYNTH-33-45-1","Capture_3'_CTGATCCGTCCATACA-2","T-cells"
"SYNTH-33-45-1","Capture_5'_CAGTCCTTCATGCAAC-4","T-cells"
"SYNTH-33-45-1","Capture_3'_TGCAGGCTCCACAGGC-1","Tumor"
"SYNTH-33-46-1","Capture_5'_CATTATCTCTATCCCG-3","Dividing Tumor"
"SYNTH-33-46-1","Capture_5'_TTAGGCAAGGCTAGCA-2","Tumor"
"SYNTH-33-46-1","Capture_3'_CTCCCTCTCGTCCATC-2","T-cells"
"SYNTH-33-46-1","Capture_3'_GTCTACCCAAGCCATT-1","Dividing Tumor"
"SYNTH-33-47-1","Capture_5'_GGAACTTAGGAATTAC-4","Tumor"
"SYNTH-33-47-1","Capture_5'_CGTTGGGGTCGCTTCT-4","Tumor"
"SYNTH-33-47-1","Capture_3'_CATTGTTAGCATGATA-1","Tumor"
"SYNTH-33-47-1","Capture_5'_CATGACAGTGTATGGG-4","Tumor"
"SYNTH-33-48-1","Capture_5'_GCAATCATCCCTCAGT-3","Dividing Tumor"
"SYNTH-33-48-1","Capture_5'_GAACCTACAATTGCTG-4","Tumor"
"SYNTH-33-48-1","Capture_5'_GCTCCTAGTCGCGGTT-2","T-cells"
"SYNTH-33-48-1","Capture_5'_AGTTGGTTCCGCGGTA-1","Dividing Tumor"
"SYNTH-33-48-1","Capture_3'_ATACCTTGTGCCTTTC-4","T-cells"
"SYNTH-33-48-1","Capture_5'_CCTTTCTTCCTATTCA-3","T-cells"
"SYNTH-33-48-1","Capture_5'_CCATGTCTCGCAGGCT-2","Luminal B"
"SYNTH-33-48-1","Capture_5'_GGACATTCATTAACCG-3","Tumor"
"SYNTH-33-49-1","Capture_5'_TTCTTAGTCTGTCTCG-2","Dividing Tumor"
"SYNTH-33-49-1","Capture_5'_GTCACAATCGCAGGCT-2","Dividing Tumor"
"SYNTH-33-49-1","Capture_3'_TTGAGTGTCAGGGATG-3","Dividing Tumor"
"SYNTH-33-49-1","Capture_5'_TTCTTAGTCAACTCTT-1","Luminal A"
"SYNTH-33-49-1","Capture_3'_ACACCAAAGAATACAC-1","Tumor"
"SYNTH-33-49-1","Capture_5'_CACCAGGAGAACTCGG-1","Tumor"
"SYNTH-33-49-1","Capture_5'_TCAGCAACATTCCTGC-4","Dividing Tumor"
"SYNTH-33-49-1","Capture_3'_TTGTGGATCCGCATAA-4","B-cells"
"SYNTH-33-49-1","Capture_5'_TGTGGTAGTAAGGATT-2","Tumor"
"SYNTH-33-49-1","Capture_3'_TCGAACATCAGAGTTC-2","Tumor"
"SYNTH-33-50-1","Capture_3'_AGAACCTTCCTACGAA-3","Luminal A"
"SYNTH-34-1-1","Capture_5'_CCACTACCAAGACGTG-1","Fibroblasts"
"SYNTH-34-1-1","Capture_5'_CCACGGAGTGTATGGG-1","Dividing Tumor"
"SYNTH-34-1-1","Capture_5'_CCTTCGAGTTGGTAAA-4","Dividing Tumor"
"SYNTH-34-1-1","Capture_5'_CATTCGCTCCGTAGGC-4","T-cells"
"SYNTH-34-1-1","Capture_5'_ACGGCCATCTGTCTAT-3","T-cells"
"SYNTH-34-1-1","Capture_5'_GTTAAGCTCCTCCTAG-3","Dividing Tumor"
"SYNTH-34-1-1","Capture_5'_TTAGTTCAGCGAAGGG-3","Tumor"
"SYNTH-34-1-1","Capture_3'_TTGGGATAGACATAAC-3","Tumor"
"SYNTH-34-1-1","Capture_5'_GAACCTACAATGTAAG-4","Tumor"
"SYNTH-34-2-1","Capture_5'_TCGGGACGTCAGCTAT-4","Tumor"
"SYNTH-34-2-1","Capture_5'_AAAGATGGTCGCCATG-2","TAMs"
"SYNTH-34-2-1","Capture_5'_GTCATTTCACCTGGTG-1","B-cells"
"SYNTH-34-2-1","Capture_5'_CTCCTAGTCCCTAATT-1","Tumor"
"SYNTH-34-3-1","Capture_5'_CCATTCGAGCGATGAC-3","TAMs"
"SYNTH-34-4-1","Capture_3'_GGGTTTACACAAAGCG-3","T-cells"
"SYNTH-34-5-1","Capture_5'_CGTCACTGTACTTCTT-4","Luminal A"
"SYNTH-34-5-1","Capture_3'_CCTCTCCTCACCTGTC-2","Dividing Tumor"
"SYNTH-34-5-1","Capture_3'_ATCATTCAGGCTGGAT-4","Tumor"
"SYNTH-34-5-1","Capture_3'_CGAAGGATCTTAGCTT-4","Tumor"
"SYNTH-34-5-1","Capture_3'_TCCAGAACAGAGATGC-2","T-cells"
"SYNTH-34-5-1","Capture_5'_GAATAAGGTCCGCTGA-3","T-cells"
"SYNTH-34-5-1","Capture_5'_CATCGGGAGCGTCAAG-2","Dividing Tumor"
"SYNTH-34-5-1","Capture_3'_ACGTAACGTACGTTCA-3","Tumor"
"SYNTH-34-5-1","Capture_3'_CATACAGCATCCGGCA-3","T-cells"
"SYNTH-34-5-1","Capture_5'_GGGAGATAGATCTGAA-1","Dividing Tumor"
"SYNTH-34-6-1","Capture_5'_CGTAGGCGTGCAGGTA-1","Dividing Tumor"
"SYNTH-34-6-1","Capture_5'_GAGTCCGGTACGAAAT-4","Dividing Tumor"
"SYNTH-34-6-1","Capture_3'_CAGCCAGAGGTCATCT-3","Tumor"
"SYNTH-34-6-1","Capture_5'_CGAGCCAAGCAGGTCA-4","Dividing Tumor"
"SYNTH-34-6-1","Capture_5'_CCATTCGAGAGGGATA-4","Dividing Tumor"
"SYNTH-34-6-1","Capture_5'_GAAATGATCACGAAGG-2","T-cells"
"SYNTH-34-6-1","Capture_5'_CAGGTGCTCAGTTCGA-4","Dividing Tumor"
"SYNTH-34-6-1","Capture_5'_ACGATACCACCTGGTG-3","Tumor"
"SYNTH-34-7-1","Capture_5'_TGGGAAGAGAACAATC-4","Endothelial Cells"
"SYNTH-34-7-1","Capture_5'_AACACGTGTCACAAGG-4","Tumor"
"SYNTH-34-8-1","Capture_3'_GCAGTTAAGGGAACAA-3","T-cells"
"SYNTH-34-8-1","Capture_5'_TGAGCCGGTAAATACG-4","Ciliated Cells"
"SYNTH-34-8-1","Capture_5'_GAGCAGATCTCGTATT-3","Tumor"
"SYNTH-34-8-1","Capture_5'_TGCTACCCATGGGAAC-3","Tumor"
"SYNTH-34-9-1","Capture_5'_CCGGTAGCAAGGGTCA-2","Tumor"
"SYNTH-34-9-1","Capture_5'_GTGTGCGAGTCGCCGT-1","Dividing Tumor"
"SYNTH-34-10-1","Capture_5'_TTTCCTCAGAGCCCAA-1","Tumor"
"SYNTH-34-10-1","Capture_5'_TCGCGTTTCATAACCG-3","Tumor"
"SYNTH-34-10-1","Capture_5'_CAGCGACAGACACGAC-4","B-cells"
"SYNTH-34-10-1","Capture_3'_AACAAAGAGGACTGGT-3","T-cells"
"SYNTH-34-10-1","Capture_5'_CTGTGCTAGTGGGTTG-1","Endothelial Cells"
"SYNTH-34-10-1","Capture_5'_GACCTGGCACACCGAC-2","Tumor"
"SYNTH-34-10-1","Capture_5'_ACTTGTTGTAGGACAC-2","T-cells"
"SYNTH-34-11-1","Capture_5'_TCTTTCCAGTGTACCT-2","T-cells"
"SYNTH-34-11-1","Capture_5'_AAGCCGCCAAGGGTCA-3","Dividing Tumor"
"SYNTH-34-11-1","Capture_3'_TCACACCTCACCATAG-1","Tumor"
"SYNTH-34-12-1","Capture_3'_TCATATCTCTATCGTT-4","Tumor"
"SYNTH-34-12-1","Capture_5'_ATAAGAGGTCGCGTGT-4","T-cells"
"SYNTH-34-12-1","Capture_5'_ACTGAACTCTGGTTCC-3","Dividing Tumor"
"SYNTH-34-12-1","Capture_5'_ATTTCTGCACCCATTC-1","T-cells"
"SYNTH-34-13-1","Capture_5'_ACGATGTTCCTTGACC-2","Tumor"
"SYNTH-34-13-1","Capture_5'_GCTGCAGGTAGCGCAA-3","Luminal A"
"SYNTH-34-13-1","Capture_3'_GTGTGATTCCCTTCCC-4","Tumor"
"SYNTH-34-13-1","Capture_5'_ATCATGGGTATGAAAC-3","Tumor"
"SYNTH-34-13-1","Capture_5'_CCTACACAGTTCGATC-3","TAMs"
"SYNTH-34-13-1","Capture_3'_GAGCTGCAGGTCCCTG-2","Tumor"
"SYNTH-34-13-1","Capture_3'_GGGTTTATCAACTACG-1","Tumor"
"SYNTH-34-13-1","Capture_5'_TAAGTGCCACAGCGTC-3","Dividing Tumor"
"SYNTH-34-13-1","Capture_3'_GAGAGGTGTTCTCTAT-1","Luminal A"
"SYNTH-34-14-1","Capture_5'_TGAGCCGGTACAAGTA-4","Dividing Tumor"
"SYNTH-34-14-1","Capture_5'_GATGCTAAGTAATCCC-1","Tumor"
"SYNTH-34-14-1","Capture_5'_CGAGAAGCACGAAACG-4","Luminal A"
"SYNTH-34-14-1","Capture_3'_AAATGGAGTTGAGGAC-4","Dividing Tumor"
"SYNTH-34-14-1","Capture_3'_TTCAATCAGGCTGGAT-3","T-cells"
"SYNTH-34-14-1","Capture_5'_GCGGGTTAGATGTCGG-4","Dividing Tumor"
"SYNTH-34-14-1","Capture_5'_ATTGGACTCCAAACTG-1","Dividing Tumor"
"SYNTH-34-14-1","Capture_3'_AATCGTGGTCGCAGTC-1","Tumor"
"SYNTH-34-14-1","Capture_3'_CTGTCGTGTTTCGACA-4","Tumor"
"SYNTH-34-14-1","Capture_5'_CAGCTGGCATGTCGAT-1","TAMs"
"SYNTH-34-15-1","Capture_5'_ATAACGCCACAGACAG-2","Dividing Tumor"
"SYNTH-34-15-1","Capture_5'_TTTGTCACAATGTTGC-4","Dividing Tumor"
"SYNTH-34-15-1","Capture_5'_AGCAGCCCACCCATGG-4","Tumor"
"SYNTH-34-15-1","Capture_5'_AGGCCGTTCAATCTCT-3","Tumor"
"SYNTH-34-15-1","Capture_5'_CGCTGGACACCACGTG-2","Dividing Tumor"
"SYNTH-34-15-1","Capture_5'_AAAGATGGTAATCGTC-4","T-cells"
"SYNTH-34-15-1","Capture_5'_CTAACTTAGTGTCTCA-1","Dividing Tumor"
"SYNTH-34-15-1","Capture_5'_ATAGACCAGTCTCGGC-3","Endothelial Cells"
"SYNTH-34-16-1","Capture_5'_TGGTTAGAGGCCATAG-1","Tumor"
"SYNTH-34-16-1","Capture_5'_TAGCCGGCATAGGATA-1","Plasma Cells"
"SYNTH-34-16-1","Capture_5'_TCTGAGATCTCTAGGA-2","T-cells"
"SYNTH-34-16-1","Capture_3'_GTAGCTAGTGAGTAGC-2","Dividing Tumor"
"SYNTH-34-16-1","Capture_3'_AGGGAGTGTATGAAGT-3","Luminal A"
"SYNTH-34-17-1","Capture_3'_GTCCTCATCTCGTGGG-3","Tumor"
"SYNTH-34-18-1","Capture_5'_CTAAGACCAGCTGTAT-3","Tumor"
"SYNTH-34-18-1","Capture_3'_TCGTGGGAGCTCATAC-1","T-cells"
"SYNTH-34-18-1","Capture_5'_TTTATGCCAGAGTGTG-2","T-cells"
"SYNTH-34-18-1","Capture_5'_ACGTCAATCATTTGGG-1","Dividing Tumor"
"SYNTH-34-18-1","Capture_5'_GCATGATCAAGGTTCT-3","Endothelial Cells"
"SYNTH-34-18-1","Capture_5'_TTCTTAGCATAGTAAG-3","Luminal B"
"SYNTH-34-18-1","Capture_5'_GACTGCGAGTGTCTCA-3","Tumor"
"SYNTH-34-19-1","Capture_3'_TCTCACGTCAGGAAAT-3","T-cells"
"SYNTH-34-19-1","Capture_3'_TCTTCCTTCACTCTTA-1","T-cells"
"SYNTH-34-19-1","Capture_5'_TTGACTTGTAAACACA-2","T-cells"
"SYNTH-34-19-1","Capture_5'_ATTACTCAGATCCTGT-2","T-cells"
"SYNTH-34-19-1","Capture_3'_TCCACCAGTTGAGAGC-1","T-cells"
"SYNTH-34-20-1","Capture_5'_CCACCTATCACGAAGG-2","Dividing Tumor"
"SYNTH-34-20-1","Capture_5'_ACCCACTCAAGGCTCC-1","Luminal A"
"SYNTH-34-20-1","Capture_3'_GTTCTATGTAGTGCGA-1","Dividing Tumor"
"SYNTH-34-20-1","Capture_5'_ACACCCTCAGCCAGAA-3","Luminal B"
"SYNTH-34-20-1","Capture_3'_GGAGGATTCGACACCG-1","T-cells"
"SYNTH-34-20-1","Capture_5'_TCATTTGGTCTTCAAG-3","Tumor"
"SYNTH-34-20-1","Capture_5'_AGTTGGTTCCGCGGTA-1","Dividing Tumor"
"SYNTH-34-20-1","Capture_5'_AAACCTGTCTGGCGAC-2","T-cells"
"SYNTH-34-21-1","Capture_3'_TCTGCCAGTCGTGGAA-4","Tumor"
"SYNTH-34-21-1","Capture_5'_CGTGTAAAGATGCGAC-4","Luminal B"
"SYNTH-34-21-1","Capture_5'_CGGAGTCAGACTAAGT-2","Dividing Tumor"
"SYNTH-34-21-1","Capture_5'_GCGCAGTAGTTTCCTT-2","Dividing Tumor"
"SYNTH-34-22-1","Capture_5'_GCTGCTTTCTCTAGGA-2","Tumor"
"SYNTH-34-22-1","Capture_5'_CAGCTGGTCTCTTATG-3","Dividing Tumor"
"SYNTH-34-22-1","Capture_3'_AGGCATTCATCTGGGC-3","Fibroblasts"
"SYNTH-34-23-1","Capture_5'_GCAGCCAGTTCGTTGA-4","Tumor"
"SYNTH-34-23-1","Capture_5'_CCTACACTCTAACGGT-4","Tumor"
"SYNTH-34-23-1","Capture_5'_ACGAGCCGTATGGTTC-4","TAMs"
"SYNTH-34-23-1","Capture_3'_ATTTACCTCCTGTACC-3","T-cells"
"SYNTH-34-23-1","Capture_5'_TGAAAGACAAGCGTAG-3","Dividing Tumor"
"SYNTH-34-24-1","Capture_5'_CACCACTTCCCGGATG-1","Tumor"
"SYNTH-34-24-1","Capture_5'_TACCTATGTTAAGACA-3","TAMs"
"SYNTH-34-24-1","Capture_5'_TTGGCAAAGCCAGTTT-4","Dividing Tumor"
"SYNTH-34-24-1","Capture_3'_ATGACCAGTTGCTGAT-4","Tumor"
"SYNTH-34-24-1","Capture_5'_GTGCGGTAGACAAGCC-4","Tumor"
"SYNTH-34-24-1","Capture_3'_AACGGGATCTGAATCG-1","T-cells"
"SYNTH-34-25-1","Capture_3'_ATTCCATCACTCCTGT-4","Endothelial Cells"
"SYNTH-34-25-1","Capture_3'_TCGACCTCACCAGTAT-3","T-cells"
"SYNTH-34-25-1","Capture_3'_AGTAGCTCATGGACAG-2","Tumor"
"SYNTH-34-26-1","Capture_5'_CTCGAGGGTACCAGTT-4","Luminal A"
"SYNTH-34-26-1","Capture_3'_CTCCGATAGCGTTACT-1","T-cells"
"SYNTH-34-26-1","Capture_3'_TGCCGAGAGTAACCGG-2","Tumor"
"SYNTH-34-26-1","Capture_3'_ATTGGGTAGGTTACAA-4","T-cells"
"SYNTH-34-26-1","Capture_5'_CTTACCGAGCGCCTTG-1","Endothelial Cells"
"SYNTH-34-27-1","Capture_5'_CGTAGGCAGAGCTGCA-1","Plasma Cells"
"SYNTH-34-27-1","Capture_5'_ACTGAGTAGCCAGTTT-4","Dividing Tumor"
"SYNTH-34-27-1","Capture_3'_TGTGCGGCAGGCCTGT-1","T-cells"
"SYNTH-34-27-1","Capture_5'_GTGCAGCAGTCCTCCT-4","Tumor"
"SYNTH-34-27-1","Capture_5'_AGAGCGACAGTATAAG-2","B-cells"
"SYNTH-34-27-1","Capture_5'_GTAACTGAGCGATATA-3","Luminal A"
"SYNTH-34-27-1","Capture_3'_TTAATCCTCGAGAATA-1","T-cells"
"SYNTH-34-27-1","Capture_5'_CCGGTAGGTACTTGAC-3","Dividing Tumor"
"SYNTH-34-27-1","Capture_5'_CGACTTCCACGTCTCT-3","Tumor"
"SYNTH-34-28-1","Capture_3'_TGGTAGTGTTACCGTA-1","Tumor"
"SYNTH-34-28-1","Capture_5'_CCATTCGAGAGTCGGT-3","Dividing Tumor"
"SYNTH-34-28-1","Capture_3'_AGAGAGCCATTACGGT-4","Tumor"
"SYNTH-34-28-1","Capture_3'_TTACTGTGTTCTCCAC-3","Tumor"
"SYNTH-34-28-1","Capture_5'_CTTCTCTAGGTGACCA-2","Fibroblasts"
"SYNTH-34-29-1","Capture_5'_CTGGTCTCACGTCTCT-2","Luminal A"
"SYNTH-34-29-1","Capture_5'_TTCTTAGAGATAGGAG-1","Plasma Cells"
"SYNTH-34-29-1","Capture_3'_GGAATGGCACGGCCAT-1","Tumor"
"SYNTH-34-29-1","Capture_3'_TTACCATAGGCATGGT-4","Endothelial Cells"
"SYNTH-34-29-1","Capture_3'_TGTTTGTAGGGCCAAT-1","Tumor"
"SYNTH-34-29-1","Capture_5'_GGCCGATCATTCGACA-3","Dividing Tumor"
"SYNTH-34-29-1","Capture_3'_TACGCTCTCAGTCTTT-3","Tumor"
"SYNTH-34-30-1","Capture_5'_CCTACCAAGACTCGGA-3","Tumor"
"SYNTH-34-30-1","Capture_3'_AGATGCTTCTCCATAT-3","Tumor"
"SYNTH-34-30-1","Capture_3'_GCTACCTTCTTACCAT-1","Tumor"
"SYNTH-34-30-1","Capture_5'_GCTGCTTTCTCCCTGA-1","Tumor"
"SYNTH-34-30-1","Capture_5'_CTCGTCATCAAACCGT-4","Tumor"
"SYNTH-34-30-1","Capture_5'_GTATTCTAGACTGGGT-3","Luminal A"
"SYNTH-34-30-1","Capture_5'_AGGGATGAGGCCGAAT-4","Tumor"
"SYNTH-34-30-1","Capture_5'_CCGGGATCAAACCTAC-4","Tumor"
"SYNTH-34-30-1","Capture_5'_GAAATGATCCTCAATT-4","Luminal A"
"SYNTH-34-30-1","Capture_5'_GTTACAGTCACGATGT-1","Dividing Tumor"
"SYNTH-34-31-1","Capture_5'_CCCAGTTTCCTTTCGG-4","Dividing Tumor"
"SYNTH-34-31-1","Capture_3'_TAAGTCGGTTCAACGT-2","Tumor"
"SYNTH-34-31-1","Capture_5'_AACTCCCAGCACCGCT-3","Dividing Tumor"
"SYNTH-34-31-1","Capture_5'_CGAGAAGGTGCGCTTG-4","Tumor"
"SYNTH-34-31-1","Capture_5'_GACGCGTGTGCCTTGG-1","Tumor"
"SYNTH-34-31-1","Capture_5'_CACCACTTCTGGTTCC-2","Tumor"
"SYNTH-34-31-1","Capture_3'_CTACCTGAGACATAGT-4","Dividing Tumor"
"SYNTH-34-32-1","Capture_5'_CTTCTCTGTAGCTGCC-1","Dividing Tumor"
"SYNTH-34-33-1","Capture_5'_ACGGGCTCACGGCTAC-3","Dividing Tumor"
"SYNTH-34-33-1","Capture_3'_TGGGCTGAGGCGTTGA-4","Dividing Tumor"
"SYNTH-34-34-1","Capture_5'_CATTCGCAGCCGTCGT-3","Tumor"
"SYNTH-34-34-1","Capture_3'_ACCATTTCAACAAAGT-2","B-cells"
"SYNTH-34-34-1","Capture_5'_CGGCTAGGTATGAATG-3","Tumor"
"SYNTH-34-34-1","Capture_5'_AACCGCGAGACGCAAC-3","Tumor"
"SYNTH-34-35-1","Capture_5'_TAAGTGCTCCGTCATC-2","Dividing Tumor"
"SYNTH-34-35-1","Capture_5'_CAACCTCCAAGCCATT-3","T-cells"
"SYNTH-34-35-1","Capture_5'_CTCTAATGTTCAGACT-3","Tumor"
"SYNTH-34-35-1","Capture_3'_TCTGGCTTCGAAGCAG-4","Tumor"
"SYNTH-34-35-1","Capture_5'_TAAGCGTAGTTTCCTT-3","B-cells"
"SYNTH-34-35-1","Capture_3'_AGTCTCCTCAGCTGTA-3","Tumor"
"SYNTH-34-35-1","Capture_5'_GCTCCTAGTTACCAGT-1","Dividing Tumor"
"SYNTH-34-35-1","Capture_5'_CTGAAACGTACTTAGC-2","T-cells"
"SYNTH-34-35-1","Capture_5'_TCTGGAACATCCGCGA-2","Dividing Tumor"
"SYNTH-34-35-1","Capture_3'_CCGAACGCACCGTGAC-2","T-cells"
"SYNTH-34-36-1","Capture_3'_TGTGATGTCTGGTTGA-3","Dividing Tumor"
"SYNTH-34-36-1","Capture_3'_GGGTCTGGTGTATTGC-2","Tumor"
"SYNTH-34-36-1","Capture_5'_TAAGAGATCACTTATC-3","Tumor"
"SYNTH-34-36-1","Capture_5'_TTCTCCTCATACTACG-4","Tumor"
"SYNTH-34-36-1","Capture_5'_GTGCTTCCAGACGCCT-4","Tumor"
"SYNTH-34-37-1","Capture_5'_AGCAGCCAGACTCGGA-4","Tumor"
"SYNTH-34-37-1","Capture_5'_ACTGCTCGTTCGGCAC-2","Tumor"
"SYNTH-34-38-1","Capture_5'_ATGTGTGTCCGTAGGC-1","Dividing Tumor"
"SYNTH-34-39-1","Capture_5'_TTAACTCTCGTGGACC-1","Dividing Tumor"
"SYNTH-34-39-1","Capture_3'_GTCAGCGGTGGACCAA-2","Fibroblasts"
"SYNTH-34-39-1","Capture_5'_CTTACCGTCCTTGGTC-1","T-cells"
"SYNTH-34-39-1","Capture_5'_TACGGGCCAAAGCAAT-3","Dividing Tumor"
"SYNTH-34-39-1","Capture_3'_CAATACGGTAAGTCAA-4","Tumor"
"SYNTH-34-40-1","Capture_5'_CTGCTGTTCAAGGCTT-2","TAMs"
"SYNTH-34-40-1","Capture_3'_TTGCCTGGTCTAGTGT-2","Tumor"
"SYNTH-34-40-1","Capture_5'_AAGACCTGTCCTCTTG-4","Dividing Tumor"
"SYNTH-34-40-1","Capture_5'_TAAACCGGTGTTTGGT-3","T-cells"
"SYNTH-34-41-1","Capture_5'_TACTCATAGGAGTAGA-1","Tumor"
"SYNTH-34-41-1","Capture_3'_GGTGTCGCACCCATAA-3","Dividing Tumor"
"SYNTH-34-42-1","Capture_3'_TGCATGAAGACGCTCC-4","Dividing Tumor"
"SYNTH-34-42-1","Capture_3'_CTCAGAAAGGCATCAG-3","Tumor"
"SYNTH-34-43-1","Capture_3'_CATCCCAAGGTCCCTG-1","Tumor"
"SYNTH-34-43-1","Capture_5'_TTATGCTTCAGTCCCT-2","Dividing Tumor"
"SYNTH-34-43-1","Capture_3'_CGCGTGACAAATCAGA-4","Dividing Tumor"
"SYNTH-34-43-1","Capture_3'_TGCTTGCGTCACTACA-4","Tumor"
"SYNTH-34-43-1","Capture_5'_CGGAGTCAGTATCTCG-1","Tumor"
"SYNTH-34-43-1","Capture_5'_TGCCAAAGTAAATGAC-2","T-cells"
"SYNTH-34-43-1","Capture_3'_TTCCACGGTAGACAGC-2","Luminal A"
"SYNTH-34-43-1","Capture_5'_GTAGGCCCATGAACCT-4","Dividing Tumor"
"SYNTH-34-44-1","Capture_5'_ATGGGAGGTCTTCTCG-2","Tumor"
"SYNTH-34-44-1","Capture_5'_TTTGGTTCACTAAGTC-3","Tumor"
"SYNTH-34-44-1","Capture_3'_TCGCTTGGTGCCCTTT-2","Tumor"
"SYNTH-34-44-1","Capture_5'_ATGTGTGCAAGGTTCT-4","Dividing Tumor"
"SYNTH-34-44-1","Capture_3'_TCGGATATCATTGGTG-3","Dividing Tumor"
"SYNTH-34-44-1","Capture_5'_AGGGAGTTCAAACCGT-2","Dividing Tumor"
"SYNTH-34-44-1","Capture_3'_ATGAAAGGTATGTCAC-2","Tumor"
"SYNTH-34-44-1","Capture_3'_CCGGACAAGGATACAT-2","Tumor"
"SYNTH-34-45-1","Capture_5'_GATCGTATCCTCTAGC-4","Tumor"
"SYNTH-34-46-1","Capture_3'_CGGAATTTCTGCATAG-3","Tumor"
"SYNTH-34-46-1","Capture_5'_AGTGAGGCAAGCTGTT-1","Tumor"
"SYNTH-34-46-1","Capture_5'_TCATTTGGTAAGTAGT-2","Tumor"
"SYNTH-34-46-1","Capture_3'_CTAGACAGTGGGTTGA-3","T-cells"
"SYNTH-34-46-1","Capture_5'_AACTCCCGTGCGATAG-1","Tumor"
"SYNTH-34-46-1","Capture_3'_ACGTAGTGTGCCTATA-2","Luminal A"
"SYNTH-34-46-1","Capture_5'_TTGCCGTGTCCGAATT-4","Tumor"
"SYNTH-34-46-1","Capture_5'_CTTTGCGAGTGCCAGA-4","Dividing Tumor"
"SYNTH-34-47-1","Capture_3'_AACACACTCCGGCAAC-4","T-cells"
"SYNTH-34-47-1","Capture_5'_CCACGGAAGATCGATA-3","Tumor"
"SYNTH-34-47-1","Capture_5'_GAGGTGATCGCGGATC-4","Dividing Tumor"
"SYNTH-34-47-1","Capture_3'_GGGTAGATCCCATGGG-3","Tumor"
"SYNTH-34-47-1","Capture_5'_TGTATTCTCGGCTTGG-3","Dividing Tumor"
"SYNTH-34-47-1","Capture_5'_ACTATCTTCAAACAAG-2","Dividing Tumor"
"SYNTH-34-47-1","Capture_3'_GTCGCGAAGTCCCGAC-3","T-cells"
"SYNTH-34-47-1","Capture_5'_ACACTGACAATAAGCA-4","Tumor"
"SYNTH-34-47-1","Capture_5'_CCTACACGTCAGGACA-1","Tumor"
"SYNTH-34-48-1","Capture_5'_AACCATGAGATCGGGT-4","Tumor"
"SYNTH-34-48-1","Capture_5'_TCTGAGATCAGTTGAC-4","Tumor"
"SYNTH-34-48-1","Capture_3'_CACAGATTCTGGCCAG-3","Tumor"
"SYNTH-34-48-1","Capture_3'_TGTCCACCATGGGCAA-2","T-cells"
"SYNTH-34-48-1","Capture_3'_TTCTCTCTCGGTAGAG-2","Luminal A"
"SYNTH-34-48-1","Capture_5'_GATCTAGAGAGCTGGT-3","Tumor"
"SYNTH-34-48-1","Capture_5'_CAGCTAAGTAAGTGGC-4","Tumor"
"SYNTH-34-49-1","Capture_5'_TCTGAGAGTATTCTCT-1","Tumor"
"SYNTH-34-49-1","Capture_3'_TGTGTGAAGCGGGTTA-4","Dividing Tumor"
"SYNTH-34-49-1","Capture_3'_GTATTGGAGGGCTTCC-2","T-cells"
"SYNTH-34-49-1","Capture_5'_TATCAGGGTCGCATAT-4","Tumor"
"SYNTH-34-50-1","Capture_5'_GGGTTGCGTAGCCTAT-4","Tumor"
"SYNTH-34-50-1","Capture_5'_TGAGCCGAGACTTGAA-1","Luminal B"
"SYNTH-34-50-1","Capture_5'_TCGCGTTTCACCTTAT-1","Tumor"
"SYNTH-34-50-1","Capture_5'_GTTACAGAGTACCGGA-1","Dividing Tumor"
"SYNTH-34-50-1","Capture_5'_ATTCTACGTGCGATAG-2","T-cells"
"SYNTH-34-50-1","Capture_3'_GTGAGTTCACTAACGT-1","Dividing Tumor"
"SYNTH-34-50-1","Capture_5'_CCTATTACATTATCTC-2","T-cells"
"SYNTH-34-50-1","Capture_5'_CTCTGGTCATCGTCGG-4","Luminal A"
"SYNTH-34-50-1","Capture_5'_TATTACCCATACTCTT-2","Dividing Tumor"
"SYNTH-34-50-1","Capture_5'_CAGCATAGTCGAATCT-2","Tumor"
"SYNTH-35-1-1","Capture_5'_CATGACAGTTTGTGTG-2","T-cells"
"SYNTH-35-1-1","Capture_5'_TTGTAGGCACGCATCG-3","Dividing Tumor"
"SYNTH-35-2-1","Capture_3'_AGAGCCCAGAAGAGCA-1","Plasma Cells"
"SYNTH-35-2-1","Capture_3'_GATTTCTTCGGTGCAC-4","Endothelial Cells"
"SYNTH-35-2-1","Capture_5'_TACTTGTTCTGTTTGT-2","Dividing Tumor"
"SYNTH-35-2-1","Capture_3'_TATTGGGAGGGCCCTT-4","Tumor"
"SYNTH-35-2-1","Capture_5'_ACGGCCACACCGGAAA-1","Tumor"
"SYNTH-35-2-1","Capture_3'_AAAGGATAGTATTCCG-3","T-cells"
"SYNTH-35-3-1","Capture_5'_TCATTACTCTTATCTG-3","Endothelial Cells"
"SYNTH-35-3-1","Capture_5'_GCTCCTACAGGTTTCA-4","Tumor"
"SYNTH-35-3-1","Capture_5'_GGAACTTGTCTAAACC-2","Dividing Tumor"
"SYNTH-35-3-1","Capture_3'_GCCAGTGTCTTCCGTG-2","T-cells"
"SYNTH-35-3-1","Capture_5'_CGTAGCGAGACAAAGG-1","Tumor"
"SYNTH-35-4-1","Capture_5'_CGATGTATCTCTAAGG-1","T-cells"
"SYNTH-35-4-1","Capture_5'_TACCTTAAGCTGGAAC-4","Tumor"
"SYNTH-35-4-1","Capture_3'_ATTCAGGAGTGCACAG-1","Tumor"
"SYNTH-35-5-1","Capture_5'_AGACGTTAGTCAAGGC-3","Tumor"
"SYNTH-35-5-1","Capture_3'_CACTGAAAGCAGCAGT-3","Tumor"
"SYNTH-35-6-1","Capture_5'_CAGATCATCAGTACGT-2","Fibroblasts"
"SYNTH-35-6-1","Capture_5'_TGCGTGGAGCAAATCA-1","Dividing Tumor"
"SYNTH-35-6-1","Capture_5'_CGTAGGCAGCCGGTAA-2","Dividing Tumor"
"SYNTH-35-6-1","Capture_5'_ACACCAAAGTTTGCGT-2","Tumor"
"SYNTH-35-6-1","Capture_5'_TTAGGCATCCGTAGTA-3","Tumor"
"SYNTH-35-6-1","Capture_5'_AATCCAGTCGAACGGA-4","Luminal A"
"SYNTH-35-7-1","Capture_5'_AAACCTGGTCATACTG-3","Tumor"
"SYNTH-35-7-1","Capture_5'_GCGCCAAGTCTAACGT-1","Tumor"
"SYNTH-35-7-1","Capture_3'_ACCTGTCTCATTACTC-2","T-cells"
"SYNTH-35-7-1","Capture_5'_CTCTAATCAGTTTACG-4","Tumor"
"SYNTH-35-8-1","Capture_5'_AAGCCGCCAAGGGTCA-3","Dividing Tumor"
"SYNTH-35-8-1","Capture_5'_TGTTCCGGTCGCTTCT-4","Fibroblasts"
"SYNTH-35-8-1","Capture_5'_ATGAGGGTCCTCGCAT-4","Fibroblasts"
"SYNTH-35-8-1","Capture_5'_GACGTGCGTTACAGAA-2","Tumor"
"SYNTH-35-8-1","Capture_3'_GGCTGTGAGTAACGAT-2","Tumor"
"SYNTH-35-9-1","Capture_5'_GATCTAGTCAAACCAC-3","Tumor"
"SYNTH-35-9-1","Capture_5'_CATCGGGTCGATCCCT-2","T-cells"
"SYNTH-35-9-1","Capture_5'_CTACGTCTCAGGTTCA-1","Dividing Tumor"
"SYNTH-35-9-1","Capture_3'_AAAGGTATCCGTATGA-2","Tumor"
"SYNTH-35-9-1","Capture_5'_CCTCAGTCACAGACTT-2","Dividing Tumor"
"SYNTH-35-9-1","Capture_3'_TGGGCTGAGGAGTACC-2","Tumor"
"SYNTH-35-9-1","Capture_3'_TCTCACGTCAGGAAAT-3","T-cells"
"SYNTH-35-10-1","Capture_5'_CCATTCGGTTGCGTTA-2","Tumor"
"SYNTH-35-10-1","Capture_3'_AAAGGGCTCTTGCGCT-1","T-cells"
"SYNTH-35-10-1","Capture_3'_GCTTCACTCTCAACCC-2","Tumor"
"SYNTH-35-10-1","Capture_3'_TCACGCTTCGTCTCAC-4","Tumor"
"SYNTH-35-10-1","Capture_5'_TCCCGATCAGGTGGAT-3","Luminal B"
"SYNTH-35-10-1","Capture_5'_TCTCATAAGGTGATAT-4","Dividing Tumor"
"SYNTH-35-11-1","Capture_5'_AATCCAGGTTCCAACA-3","Tumor"
"SYNTH-35-11-1","Capture_5'_GTTACAGAGTACCGGA-1","Dividing Tumor"
"SYNTH-35-11-1","Capture_3'_ATAGGCTAGGTGATAT-3","Luminal B"
"SYNTH-35-11-1","Capture_3'_AGTGACTTCGCCGAGT-2","T-cells"
"SYNTH-35-12-1","Capture_3'_ACCGTTCAGCCAAGGT-3","Tumor"
"SYNTH-35-12-1","Capture_5'_GGATTACTCTCGTTTA-4","Dividing Tumor"
"SYNTH-35-12-1","Capture_5'_CAGCGACAGAGGTTGC-4","Tumor"
"SYNTH-35-12-1","Capture_3'_TGTGTGACACCGTCGA-4","T-cells"
"SYNTH-35-12-1","Capture_5'_ACCAGTAAGTGGTAGC-4","Tumor"
"SYNTH-35-12-1","Capture_5'_GCTCTGTTCCTTTCTC-4","Endothelial Cells"
"SYNTH-35-12-1","Capture_5'_CCGGTAGCAAGTTGTC-3","Dividing Tumor"
"SYNTH-35-12-1","Capture_5'_ACTGAGTCATGAAGTA-4","Dividing Tumor"
"SYNTH-35-12-1","Capture_5'_ACGCCAGCACGTGAGA-3","Plasma Cells"
"SYNTH-35-12-1","Capture_3'_TGGGCTGGTTCCTAAG-3","Dividing Tumor"
"SYNTH-35-13-1","Capture_5'_TGGACGCTCCGAACGC-1","Dividing Tumor"
"SYNTH-35-13-1","Capture_3'_CGTAAGTCACATTCTT-4","T-cells"
"SYNTH-35-13-1","Capture_3'_GCGAGAAAGAAGATCT-2","T-cells"
"SYNTH-35-14-1","Capture_5'_CACACCTTCATAGCAC-4","T-cells"
"SYNTH-35-14-1","Capture_5'_ACTGAGTGTGTTCGAT-2","Dividing Tumor"
"SYNTH-35-14-1","Capture_5'_TCGCGAGAGAAGGTGA-3","Tumor"
"SYNTH-35-14-1","Capture_3'_AGCCACGCATGTTACG-3","Tumor"
"SYNTH-35-15-1","Capture_5'_TCTATTGGTATAAACG-2","T-cells"
"SYNTH-35-15-1","Capture_3'_CACCGTTGTGGTAACG-3","Tumor"
"SYNTH-35-15-1","Capture_3'_CAGGCCATCTCGAACA-1","Dividing Tumor"
"SYNTH-35-15-1","Capture_3'_ATGCATGCAATTCGTG-1","Endothelial Cells"
"SYNTH-35-16-1","Capture_5'_TACGGATGTCACCCAG-2","Tumor"
"SYNTH-35-16-1","Capture_5'_TAAGTGCGTATTCTCT-4","Tumor"
"SYNTH-35-16-1","Capture_5'_AGTAGTCGTGTAATGA-4","T-cells"
"SYNTH-35-16-1","Capture_5'_TAAACCGGTGAGTATA-2","Tumor"
"SYNTH-35-17-1","Capture_3'_GTCATGAAGGGTACGT-2","Tumor"
"SYNTH-35-17-1","Capture_3'_TCTCACGCAAAGGCTG-3","Dividing Tumor"
"SYNTH-35-17-1","Capture_3'_ACAAGCTGTGTAGCAG-2","Tumor"
"SYNTH-35-18-1","Capture_5'_AACGTTGAGGCCCTCA-4","Dividing Tumor"
"SYNTH-35-19-1","Capture_5'_CGGACACTCCTCTAGC-2","Tumor"
"SYNTH-35-19-1","Capture_3'_AGGAAATCACATTCTT-2","Tumor"
"SYNTH-35-19-1","Capture_5'_TCGTACCCATATGCTG-2","T-cells"
"SYNTH-35-19-1","Capture_5'_TCAACGATCGCCTGAG-4","Tumor"
"SYNTH-35-20-1","Capture_3'_GATTTCTCATCACAGT-3","Dividing Tumor"
"SYNTH-35-20-1","Capture_5'_TGCGTGGCAGGAACGT-4","Dividing Tumor"
"SYNTH-35-20-1","Capture_3'_TGACTCCAGACCAGAC-4","Dividing Tumor"
"SYNTH-35-20-1","Capture_3'_TGGTGATAGTTGGGAC-4","Tumor"
"SYNTH-35-20-1","Capture_3'_GTGGTTAAGCAGGGAG-4","Tumor"
"SYNTH-35-20-1","Capture_5'_TCAGGTAGTTACGGAG-2","Tumor"
"SYNTH-35-20-1","Capture_5'_AGCTCCTTCTCCGGTT-1","Tumor"
"SYNTH-35-21-1","Capture_5'_AATCCAGAGCGTAGTG-2","Tumor"
"SYNTH-35-21-1","Capture_5'_CCACTACCACATCCGG-2","T-cells"
"SYNTH-35-21-1","Capture_5'_TCAGGTAAGATCCTGT-4","Dividing Tumor"
"SYNTH-35-22-1","Capture_3'_CACTGAATCCCATACC-2","Tumor"
"SYNTH-35-22-1","Capture_5'_CTCCTAGTCTTTAGGG-3","Tumor"
"SYNTH-35-23-1","Capture_5'_CTCTGGTAGTGAAGTT-4","T-cells"
"SYNTH-35-23-1","Capture_5'_TGGACGCAGGCCATAG-3","Dividing Tumor"
"SYNTH-35-24-1","Capture_5'_AGCTTGACAGGTGGAT-1","Tumor"
"SYNTH-35-24-1","Capture_5'_CCTTCCCTCCTTTACA-1","Dividing Tumor"
"SYNTH-35-25-1","Capture_5'_TGGCTGGTCATGTAGC-4","Tumor"
"SYNTH-35-25-1","Capture_5'_CACACTCAGCCCAACC-1","Dividing Tumor"
"SYNTH-35-25-1","Capture_5'_TGCGCAGTCGAACTGT-1","Dividing Tumor"
"SYNTH-35-25-1","Capture_3'_ATTGGGTAGGTTACAA-4","T-cells"
"SYNTH-35-25-1","Capture_5'_GCTGGGTCACCTATCC-4","Dividing Tumor"
"SYNTH-35-25-1","Capture_3'_TTAGGCAGTGTATTCG-4","Luminal B"
"SYNTH-35-26-1","Capture_5'_AACCATGGTGAGGGAG-2","B-cells"
"SYNTH-35-26-1","Capture_5'_TACGGGCGTCCGACGT-3","T-cells"
"SYNTH-35-26-1","Capture_5'_CACAGGCGTTAAGACA-3","T-cells"
"SYNTH-35-27-1","Capture_5'_CTAGAGTTCCTATTCA-4","Dividing Tumor"
"SYNTH-35-27-1","Capture_5'_GCTGCTTTCTCTAGGA-2","Tumor"
"SYNTH-35-27-1","Capture_3'_GGAGCAAGTATAGCTC-4","Tumor"
"SYNTH-35-27-1","Capture_5'_AGCATACAGGACATTA-2","T-cells"
"SYNTH-35-27-1","Capture_5'_CTAGAGTAGAGCTGCA-4","Tumor"
"SYNTH-35-27-1","Capture_3'_TCGACGGGTGCCTACG-4","Tumor"
"SYNTH-35-27-1","Capture_3'_GTCATCCTCTGCGGAC-1","Dividing Tumor"
"SYNTH-35-27-1","Capture_5'_CAAGATCTCCATGAAC-3","Tumor"
"SYNTH-35-27-1","Capture_5'_AAGGCAGGTATATGAG-3","Tumor"
"SYNTH-35-28-1","Capture_5'_CAGTCCTGTAACGACG-2","Luminal A"
"SYNTH-35-29-1","Capture_5'_ATCCACCCAGCCTGTG-4","Tumor"
"SYNTH-35-29-1","Capture_5'_CCTACCAAGAGGTTAT-3","Dividing Tumor"
"SYNTH-35-29-1","Capture_3'_TGGGAAGAGAGCCCAA-1","T-cells"
"SYNTH-35-29-1","Capture_3'_AGAGAATTCCCTTTGG-3","Dividing Tumor"
"SYNTH-35-29-1","Capture_5'_GCGGGTTAGTACGCGA-2","T-cells"
"SYNTH-35-29-1","Capture_5'_GGGAGATAGTGTCTCA-4","Luminal A"
"SYNTH-35-30-1","Capture_5'_GGTGTTAAGGTGGGTT-3","B-cells"
"SYNTH-35-30-1","Capture_3'_CTAGGTAAGGATCACG-1","T-cells"
"SYNTH-35-30-1","Capture_5'_ACGGGCTTCTACCAGA-1","Luminal A"
"SYNTH-35-30-1","Capture_3'_AGCGATTCACTCACTC-3","B-cells"
"SYNTH-35-30-1","Capture_5'_CATATTCTCCATGAGT-3","Dividing Tumor"
"SYNTH-35-30-1","Capture_3'_CTTTCAAGTACTTGTG-4","Endothelial Cells"
"SYNTH-35-30-1","Capture_3'_TTCTTCCTCTCTATGT-3","Tumor"
"SYNTH-35-31-1","Capture_5'_CTAAGACCACAAGTAA-4","Tumor"
"SYNTH-35-31-1","Capture_3'_TCCGGGAGTGTTCATG-1","Dividing Tumor"
"SYNTH-35-31-1","Capture_5'_TACTCATAGCAGGTCA-4","T-cells"
"SYNTH-35-31-1","Capture_5'_TCCACACGTAAATGAC-4","Luminal A"
"SYNTH-35-31-1","Capture_3'_CCGGTGAGTTGCGGAA-3","Tumor"
"SYNTH-35-32-1","Capture_5'_AGACGTTGTTCGTCTC-4","Plasma Cells"
"SYNTH-35-32-1","Capture_5'_GACCAATGTAAACGCG-3","Tumor"
"SYNTH-35-32-1","Capture_5'_AAGGCAGGTGCCTTGG-3","Tumor"
"SYNTH-35-33-1","Capture_5'_GCTTGAAGTGCCTTGG-2","Tumor"
"SYNTH-35-33-1","Capture_5'_CCAGCGATCCACGACG-2","T-cells"
"SYNTH-35-33-1","Capture_5'_GTCAAGTAGCTACCGC-1","Tumor"
"SYNTH-35-33-1","Capture_5'_CTCTACGCATGTCCTC-2","T-cells"
"SYNTH-35-33-1","Capture_3'_TCCATGCCAGGCGAAT-1","Tumor"
"SYNTH-35-34-1","Capture_5'_AACGTTGTCGGTGTTA-1","Luminal B"
"SYNTH-35-34-1","Capture_3'_AAATGGAAGGCACTCC-1","Tumor"
"SYNTH-35-34-1","Capture_5'_TGCGTGGGTATAATGG-4","Dividing Tumor"
"SYNTH-35-34-1","Capture_5'_AATCCAGTCGAACGGA-4","Luminal A"
"SYNTH-35-34-1","Capture_5'_AATCCAGCATCCCATC-4","Dividing Tumor"
"SYNTH-35-34-1","Capture_5'_AAACCTGAGACTTGAA-1","Tumor"
"SYNTH-35-34-1","Capture_5'_TCTTTCCTCAGAGGTG-4","Tumor"
"SYNTH-35-34-1","Capture_3'_AAATGGAAGGCACTCC-1","Tumor"
"SYNTH-35-35-1","Capture_5'_CTCGTCAAGTTACCCA-4","Tumor"
"SYNTH-35-35-1","Capture_5'_GACTACACAGAGTGTG-4","Dividing Tumor"
"SYNTH-35-35-1","Capture_3'_TATTTCGCACACGGAA-4","Dividing Tumor"
"SYNTH-35-35-1","Capture_5'_ACGATGTTCCATGCTC-4","Dividing Tumor"
"SYNTH-35-35-1","Capture_3'_CACTAAGTCCCGAAAT-2","Tumor"
"SYNTH-35-35-1","Capture_3'_TCCAGAACAGAGATGC-2","T-cells"
"SYNTH-35-35-1","Capture_5'_GTCAAGTGTCTAGCGC-2","Dividing Tumor"
"SYNTH-35-36-1","Capture_3'_GTAGCTACAGGGAATC-1","Tumor"
"SYNTH-35-36-1","Capture_5'_AGTGTCACATGACGGA-4","Luminal A"
"SYNTH-35-36-1","Capture_5'_GAAGCAGAGTTGTCGT-2","Tumor"
"SYNTH-35-36-1","Capture_3'_CGATGGCTCTTCCTAA-4","Tumor"
"SYNTH-35-36-1","Capture_5'_ACTTACTAGCCATCGC-3","Dividing Tumor"
"SYNTH-35-36-1","Capture_3'_ATATCCTAGGCCTGCT-4","Luminal A"
"SYNTH-35-36-1","Capture_3'_GTAATGCCAAGGCGTA-1","Tumor"
"SYNTH-35-37-1","Capture_3'_TAATTCCAGACCAGCA-3","Tumor"
"SYNTH-35-38-1","Capture_3'_GTCGTTCTCGCTAAAC-1","Tumor"
"SYNTH-35-38-1","Capture_3'_CACGTTCGTTTCGGCG-3","Tumor"
"SYNTH-35-38-1","Capture_3'_ATTCGTTCACACCAGC-3","Endothelial Cells"
"SYNTH-35-38-1","Capture_5'_GCAATCATCAGAGGTG-4","Dividing Tumor"
"SYNTH-35-39-1","Capture_5'_ACGAGCCCAGTAAGAT-4","Tumor"
"SYNTH-35-39-1","Capture_5'_TCTCATAGTTCAGTAC-2","Dividing Tumor"
"SYNTH-35-39-1","Capture_3'_CTCAGAATCACCGGTG-2","Fibroblasts"
"SYNTH-35-39-1","Capture_5'_TCTTCGGAGAACTGTA-4","Tumor"
"SYNTH-35-39-1","Capture_5'_GACGGCTTCCTAAGTG-2","Dividing Tumor"
"SYNTH-35-39-1","Capture_5'_AGGGATGAGATGGGTC-2","Tumor"
"SYNTH-35-39-1","Capture_5'_TTTCCTCAGGCTCAGA-3","T-cells"
"SYNTH-35-40-1","Capture_3'_GTCACTCTCCTCGCAT-3","Tumor"
"SYNTH-35-40-1","Capture_3'_AAGCATCGTCACTCAA-1","Tumor"
"SYNTH-35-40-1","Capture_3'_TCCTCTTTCCACGAAT-1","T-cells"
"SYNTH-35-40-1","Capture_5'_AGAGTGGGTTGGAGGT-2","TAMs"
"SYNTH-35-40-1","Capture_5'_GCAGTTAGTAGTACCT-3","Tumor"
"SYNTH-35-40-1","Capture_3'_TAGTGCATCGAGTCTA-3","Dividing Tumor"
"SYNTH-35-40-1","Capture_5'_GCCAAATCACCATCCT-3","Luminal A"
"SYNTH-35-40-1","Capture_5'_CTCTAATGTGGTACAG-4","Dividing Tumor"
"SYNTH-35-41-1","Capture_5'_GCTGCTTAGCAAATCA-2","T-cells"
"SYNTH-35-41-1","Capture_3'_AGTCATGCACCTCTGT-3","Tumor"
"SYNTH-35-41-1","Capture_5'_CACAGTAAGGACACCA-4","TAMs"
"SYNTH-35-41-1","Capture_3'_GTTACCCAGGAAGAAC-1","Dividing Tumor"
"SYNTH-35-41-1","Capture_5'_TAAGTGCCATCAGTAC-4","T-cells"
"SYNTH-35-42-1","Capture_5'_CGGGTCACACGACTCG-3","Dividing Tumor"
"SYNTH-35-42-1","Capture_3'_ATTTCTGTCGCATTGA-2","Tumor"
"SYNTH-35-43-1","Capture_5'_AGGCCGTTCATCGGAT-4","Tumor"
"SYNTH-35-43-1","Capture_5'_GGGAATGGTTGCGTTA-1","Tumor"
"SYNTH-35-43-1","Capture_5'_ACGCCGAGTTCGTTGA-4","Dividing Tumor"
"SYNTH-35-43-1","Capture_5'_AGATCTGGTGGTACAG-3","Dividing Tumor"
"SYNTH-35-43-1","Capture_5'_TAGTGGTCATGAGCGA-3","Dividing Tumor"
"SYNTH-35-43-1","Capture_5'_CCAATCCAGACATAAC-4","T-cells"
"SYNTH-35-43-1","Capture_3'_GGGACAATCGCCCAGA-1","TAMs"
"SYNTH-35-43-1","Capture_3'_GTGCTTCGTTGTTGTG-2","TAMs"
"SYNTH-35-43-1","Capture_5'_ACGGGTCAGACGCACA-4","Dividing Tumor"
"SYNTH-35-44-1","Capture_3'_CAAGAGGAGAATCTAG-3","Tumor"
"SYNTH-35-45-1","Capture_5'_AGATTGCGTGAGTGAC-1","Dividing Tumor"
"SYNTH-35-46-1","Capture_5'_TCAGGTAAGAGAACAG-4","Tumor"
"SYNTH-35-46-1","Capture_3'_GCGAGAAGTGCCAAGA-2","Tumor"
"SYNTH-35-46-1","Capture_5'_GTATCTTAGATATGGT-4","Tumor"
"SYNTH-35-46-1","Capture_5'_CGATCGGCATGCCACG-4","Dividing Tumor"
"SYNTH-35-46-1","Capture_5'_CTCTAATTCTATGTGG-4","Dividing Tumor"
"SYNTH-35-46-1","Capture_5'_GTCACAATCTTGAGAC-4","Dividing Tumor"
"SYNTH-35-46-1","Capture_5'_TACCTTAAGAGGTTGC-2","Luminal A"
"SYNTH-35-46-1","Capture_5'_ACTTTCACAGCTTAAC-3","Tumor"
"SYNTH-35-46-1","Capture_5'_CGGAGCTTCACAATGC-2","T-cells"
"SYNTH-35-46-1","Capture_5'_GTACTTTTCTAACCGA-4","Dividing Tumor"
"SYNTH-35-47-1","Capture_3'_AATAGAGTCAAGTTGC-1","T-cells"
"SYNTH-35-47-1","Capture_5'_GCTCTGTAGACAGAGA-1","T-cells"
"SYNTH-35-47-1","Capture_5'_GAATGAAGTTAAGATG-4","Tumor"
"SYNTH-35-48-1","Capture_5'_TTGTAGGGTTTGTTGG-4","Dividing Tumor"
"SYNTH-35-48-1","Capture_5'_ATTATCCGTAAGTGGC-1","Tumor"
"SYNTH-35-48-1","Capture_5'_GCTGGGTGTCCTCTTG-3","Tumor"
"SYNTH-35-48-1","Capture_5'_TCTCATATCCTATGTT-4","Dividing Tumor"
"SYNTH-35-48-1","Capture_5'_ACTTGTTCACATCCAA-3","Tumor"
"SYNTH-35-48-1","Capture_5'_CGGAGTCTCCCTCTTT-1","Dividing Tumor"
"SYNTH-35-48-1","Capture_5'_TGCTGCTAGGTGCAAC-4","Dividing Tumor"
"SYNTH-35-48-1","Capture_5'_TGGTTCCCACCGAATT-2","Tumor"
"SYNTH-35-48-1","Capture_3'_AACGAAAAGCGATGGT-2","Tumor"
"SYNTH-35-48-1","Capture_5'_GAACGGACAAGTCTAC-3","Dividing Tumor"
"SYNTH-35-49-1","Capture_5'_CAGCGACAGGTGATTA-2","Tumor"
"SYNTH-35-49-1","Capture_5'_GACCTGGTCACCGGGT-4","T-cells"
"SYNTH-35-49-1","Capture_5'_TTCGAAGGTATATGGA-4","Tumor"
"SYNTH-35-49-1","Capture_5'_CCCAATCCACCTTGTC-1","Tumor"
"SYNTH-35-49-1","Capture_5'_ACGAGCCCAGGACCCT-2","Endothelial Cells"
"SYNTH-35-49-1","Capture_3'_AGTTCCCGTGGCGTAA-1","T-cells"
"SYNTH-35-49-1","Capture_5'_CACTCCAGTATAGGTA-4","Tumor"
"SYNTH-35-49-1","Capture_5'_CTGCGGAGTTCAGACT-3","Luminal A"
"SYNTH-35-49-1","Capture_5'_CTCTAATAGATCCCAT-2","Tumor"
"SYNTH-35-49-1","Capture_5'_CCATGTCAGACGACGT-1","Dividing Tumor"
"SYNTH-35-50-1","Capture_5'_TCGGTAACAGCCAGAA-4","Tumor"
"SYNTH-35-50-1","Capture_3'_TACCTCGGTAGAAATC-3","Dividing Tumor"
"SYNTH-35-50-1","Capture_5'_ACACCCTGTCTAGCCG-3","Endothelial Cells"
"SYNTH-35-50-1","Capture_5'_GGGCACTAGGCACATG-1","Tumor"
"SYNTH-36-1-1","Capture_5'_GACTAACCACGGTGTC-4","Tumor"
"SYNTH-36-1-1","Capture_5'_CAGCAGCGTTGGTAAA-4","Tumor"
"SYNTH-36-1-1","Capture_5'_TGAGCCGAGACTTGAA-1","Luminal B"
"SYNTH-36-2-1","Capture_5'_TGCTACCTCCTCTAGC-2","Tumor"
"SYNTH-36-2-1","Capture_3'_TCTGCCAAGGAGAGTA-4","T-cells"
"SYNTH-36-2-1","Capture_3'_ATCGTCCTCGAGAATA-3","Endothelial Cells"
"SYNTH-36-2-1","Capture_5'_CCACTACCATGGTCTA-3","Tumor"
"SYNTH-36-2-1","Capture_3'_GTGACGCCATTGACAC-3","T-cells"
"SYNTH-36-2-1","Capture_3'_AACAAGAAGGAAAGGT-1","Dividing Tumor"
"SYNTH-36-3-1","Capture_3'_TCCGATCCATATGGCT-3","Tumor"
"SYNTH-36-3-1","Capture_3'_ATTGTTCCACCGTACG-4","Luminal B"
"SYNTH-36-3-1","Capture_5'_AAAGATGTCACCTCGT-1","Endothelial Cells"
"SYNTH-36-3-1","Capture_5'_TAGTGGTGTGCAACGA-1","Tumor"
"SYNTH-36-4-1","Capture_5'_GTCCTCAAGGCATGGT-3","Dividing Tumor"
"SYNTH-36-4-1","Capture_5'_GCAGCCATCAGGCAAG-3","Luminal A"
"SYNTH-36-4-1","Capture_5'_ATAACGCGTGTGACCC-2","Tumor"
"SYNTH-36-4-1","Capture_5'_GTACGTAGTACCATCA-2","Tumor"
"SYNTH-36-4-1","Capture_5'_GCATGATGTTACGTCA-4","Tumor"
"SYNTH-36-4-1","Capture_5'_TGCGGGTAGGCGACAT-4","T-cells"
"SYNTH-36-5-1","Capture_5'_GTGCAGCGTGCGAAAC-3","Luminal A"
"SYNTH-36-5-1","Capture_5'_TAGACCAAGAAGGTTT-4","Dividing Tumor"
"SYNTH-36-5-1","Capture_3'_TTCATGTGTGGACTGA-4","Dividing Tumor"
"SYNTH-36-5-1","Capture_3'_ATCTCTAGTCGTCGGT-3","Tumor"
"SYNTH-36-5-1","Capture_5'_TATCAGGTCACCACCT-1","Tumor"
"SYNTH-36-6-1","Capture_5'_CGTAGGCGTATGGTTC-2","Dividing Tumor"
"SYNTH-36-6-1","Capture_3'_CTCACTGGTAATGATG-4","Endothelial Cells"
"SYNTH-36-6-1","Capture_3'_GGTTGTAGTATCAGCT-2","T-cells"
"SYNTH-36-6-1","Capture_3'_CATTGTTAGCATGATA-1","Tumor"
"SYNTH-36-6-1","Capture_5'_CAACTAGAGCCACTAT-3","Endothelial Cells"
"SYNTH-36-6-1","Capture_3'_TCTACATGTGCATTTG-3","Tumor"
"SYNTH-36-6-1","Capture_3'_GATCGTAGTGACTGAG-4","Tumor"
"SYNTH-36-7-1","Capture_5'_ACACTGAAGCGATATA-2","Tumor"
"SYNTH-36-7-1","Capture_3'_AAGCATCCAGAACTCT-4","TAMs"
"SYNTH-36-7-1","Capture_3'_AGGACGAGTAGTCCTA-3","TAMs"
"SYNTH-36-8-1","Capture_5'_AGTGGGAGTGTCGCTG-1","Tumor"
"SYNTH-36-8-1","Capture_3'_GACTCAACAGTTTCAG-4","Dividing Tumor"
"SYNTH-36-8-1","Capture_3'_AGTACCAGTACAGTTC-2","Tumor"
"SYNTH-36-8-1","Capture_3'_TTTCAGTTCCGAACGC-1","Tumor"
"SYNTH-36-8-1","Capture_3'_CATCGTCCACTGCTTC-4","Tumor"
"SYNTH-36-8-1","Capture_5'_CATGACATCAATACCG-4","Tumor"
"SYNTH-36-8-1","Capture_5'_CCTATTACACCGAAAG-4","Tumor"
"SYNTH-36-9-1","Capture_5'_CATGCCTGTCCAGTGC-4","Tumor"
"SYNTH-36-9-1","Capture_5'_CTTAGGACAAGTCTAC-2","Tumor"
"SYNTH-36-9-1","Capture_3'_TGCGGGTAGCCTGAGA-1","Tumor"
"SYNTH-36-9-1","Capture_5'_CTAGTGACACCATCCT-1","Dividing Tumor"
"SYNTH-36-9-1","Capture_3'_CTGTAGACAATTCTTC-1","Dividing Tumor"
"SYNTH-36-10-1","Capture_5'_AACTCCCTCGGCTACG-1","Luminal A"
"SYNTH-36-10-1","Capture_3'_ATCACAGTCAATCAGC-4","Dividing Tumor"
"SYNTH-36-10-1","Capture_5'_GAGTCCGTCGTAGATC-2","Tumor"
"SYNTH-36-11-1","Capture_5'_GTTCATTAGTTAACGA-3","Endothelial Cells"
"SYNTH-36-11-1","Capture_3'_GTGCTTCCAGAAGCTG-4","Dividing Tumor"
"SYNTH-36-11-1","Capture_5'_CAGTCCTAGTGGACGT-2","Dividing Tumor"
"SYNTH-36-11-1","Capture_5'_ATCCACCTCGTTGACA-4","Dividing Tumor"
"SYNTH-36-11-1","Capture_3'_TCGGGACGTCTGCCTT-4","Dividing Tumor"
"SYNTH-36-11-1","Capture_5'_AGTCTTTCATCACCCT-4","Tumor"
"SYNTH-36-11-1","Capture_3'_CTTTCAAGTGCACGCT-3","T-cells"
"SYNTH-36-12-1","Capture_5'_TCAGATGGTTCGCGAC-4","Tumor"
"SYNTH-36-12-1","Capture_5'_GCAAACTAGATTACCC-4","T-cells"
"SYNTH-36-12-1","Capture_5'_GATCGTATCATTGCCC-3","Luminal B"
"SYNTH-36-12-1","Capture_5'_AATCGGTGTGTATGGG-2","Luminal A"
"SYNTH-36-12-1","Capture_5'_ATAACGCTCTACCAGA-4","Dividing Tumor"
"SYNTH-36-12-1","Capture_5'_GTAACTGTCGAGAACG-3","T-cells"
"SYNTH-36-13-1","Capture_3'_ACCTGTCCAAACTAAG-4","Luminal A"
"SYNTH-36-13-1","Capture_5'_CCACGGAAGATCGATA-3","Tumor"
"SYNTH-36-13-1","Capture_5'_CATCAGAGTACCGAGA-2","Dividing Tumor"
"SYNTH-36-13-1","Capture_5'_CGTGAGCGTTGGACCC-4","Dividing Tumor"
"SYNTH-36-14-1","Capture_5'_GGACGTCTCGAATGCT-2","B-cells"
"SYNTH-36-15-1","Capture_3'_CGATGCGTCATACAGC-2","Tumor"
"SYNTH-36-15-1","Capture_5'_AGCGTATTCACATGCA-4","Tumor"
"SYNTH-36-15-1","Capture_5'_TGCCCATCAAGAAGAG-1","Dividing Tumor"
"SYNTH-36-15-1","Capture_3'_TTCCACGCATACTTTC-1","Dividing Tumor"
"SYNTH-36-15-1","Capture_5'_CGCTATCTCTATGTGG-3","Endothelial Cells"
"SYNTH-36-15-1","Capture_3'_TTGTGGAGTTGCGTAT-4","Dividing Tumor"
"SYNTH-36-15-1","Capture_5'_TTTACTGCATGTTGAC-4","Tumor"
"SYNTH-36-15-1","Capture_5'_CGAGCACCACTCAGGC-4","Dividing Tumor"
"SYNTH-36-15-1","Capture_3'_CTTGAGATCGTCTAAG-1","Tumor"
"SYNTH-36-16-1","Capture_3'_ATACCGAGTATGACAA-3","Tumor"
"SYNTH-36-16-1","Capture_5'_TGGGCGTAGTACGATA-1","Dividing Tumor"
"SYNTH-36-16-1","Capture_5'_TGACTTTGTCTCACCT-1","Tumor"
"SYNTH-36-16-1","Capture_5'_ACTGAGTAGGCGTACA-4","T-cells"
"SYNTH-36-16-1","Capture_5'_CATCGAATCAGAGCTT-1","T-cells"
"SYNTH-36-16-1","Capture_3'_GCTACAACAGCTCTGG-4","Tumor"
"SYNTH-36-16-1","Capture_5'_AAGGAGCCACCAACCG-4","Tumor"
"SYNTH-36-17-1","Capture_3'_GAAATGAAGACCATAA-4","T-cells"
"SYNTH-36-17-1","Capture_3'_AGCTCAAAGGTATCTC-1","T-cells"
"SYNTH-36-17-1","Capture_5'_GATCGCGAGGTGATTA-2","Dividing Tumor"
"SYNTH-36-17-1","Capture_5'_GGTGTTAGTATATCCG-2","Tumor"
"SYNTH-36-17-1","Capture_5'_ACGTCAAAGTGACTCT-2","Dividing Tumor"
"SYNTH-36-18-1","Capture_5'_CGATCGGTCCTACAGA-4","Tumor"
"SYNTH-36-18-1","Capture_3'_GTAGAGGGTATGCAAA-4","T-cells"
"SYNTH-36-18-1","Capture_5'_CGAACATGTTATCGGT-4","Luminal A"
"SYNTH-36-18-1","Capture_5'_CATTCGCCAAGCCGCT-4","Tumor"
"SYNTH-36-18-1","Capture_3'_TGGAGGAGTTAGGACG-1","Tumor"
"SYNTH-36-18-1","Capture_5'_TAAGTGCCACTTGGAT-3","Tumor"
"SYNTH-36-18-1","Capture_3'_TGTTCTACACAGCCTG-2","T-cells"
"SYNTH-36-18-1","Capture_3'_AATCACGCAATAACGA-1","Dividing Tumor"
"SYNTH-36-18-1","Capture_5'_AGATCTGAGTCTCAAC-3","Tumor"
"SYNTH-36-19-1","Capture_5'_AGCGGTCTCCTGTAGA-3","Tumor"
"SYNTH-36-19-1","Capture_3'_GTCACGGTCTTTGGAG-2","T-cells"
"SYNTH-36-19-1","Capture_5'_TCACAAGCACATGGGA-3","T-cells"
"SYNTH-36-19-1","Capture_5'_TGGCTGGGTCTGCCAG-4","Tumor"
"SYNTH-36-19-1","Capture_5'_GCCAAATAGGATGTAT-4","Luminal A"
"SYNTH-36-19-1","Capture_5'_GTCAAGTAGATCCCGC-2","Tumor"
"SYNTH-36-19-1","Capture_5'_AGGCCACTCTGATTCT-1","T-cells"
"SYNTH-36-20-1","Capture_5'_GCCAAATTCAAGAAGT-1","TAMs"
"SYNTH-36-20-1","Capture_5'_CAGCTAAAGACGCACA-1","Tumor"
"SYNTH-36-20-1","Capture_5'_TTTGTCATCTACTATC-3","T-cells"
"SYNTH-36-20-1","Capture_5'_GAAATGAAGATCTGAA-3","Tumor"
"SYNTH-36-20-1","Capture_5'_CGTGTAAGTCAATACC-3","Luminal A"
"SYNTH-36-20-1","Capture_3'_TGCGGCATCGATGCTA-2","T-cells"
"SYNTH-36-20-1","Capture_5'_TACTCGCAGCGTAGTG-2","Tumor"
"SYNTH-36-20-1","Capture_3'_TACGGGCGTTCCGGTG-3","T-cells"
"SYNTH-36-20-1","Capture_5'_TCCACACTCACGCATA-3","T-cells"
"SYNTH-36-20-1","Capture_3'_GACCAATGTATCGCGC-4","Plasma Cells"
"SYNTH-36-21-1","Capture_5'_ACACCCTAGTATCGAA-2","Dividing Tumor"
"SYNTH-36-21-1","Capture_3'_AGTACTGTCAATGTCG-1","Dividing Tumor"
"SYNTH-36-21-1","Capture_5'_GCTGCTTAGAGGGATA-3","T-cells"
"SYNTH-36-22-1","Capture_3'_ACAAGCTGTTGTTGTG-4","Dividing Tumor"
"SYNTH-36-22-1","Capture_5'_TGTGTTTCAGATGGGT-1","Dividing Tumor"
"SYNTH-36-22-1","Capture_5'_GGCGTGTGTATGAAAC-2","Dividing Tumor"
"SYNTH-36-22-1","Capture_5'_GGACAAGTCGCGGATC-3","Tumor"
"SYNTH-36-23-1","Capture_3'_TTAGGCACACGAAAGC-4","Tumor"
"SYNTH-36-23-1","Capture_5'_CTACACCTCGTCTGAA-3","Dividing Tumor"
"SYNTH-36-23-1","Capture_3'_TCCACGTGTGCTCTCT-3","Tumor"
"SYNTH-36-24-1","Capture_5'_ATCCGAATCTTAGAGC-3","Luminal A"
"SYNTH-36-24-1","Capture_3'_GATCGTAAGCTGACTT-2","Tumor"
"SYNTH-36-24-1","Capture_5'_AGCAGCCTCGTTGCCT-2","Tumor"
"SYNTH-36-24-1","Capture_5'_CGTGTCTCAGGGAGAG-3","Tumor"
"SYNTH-36-24-1","Capture_3'_AGGTCATCATTGTACG-3","Dividing Tumor"
"SYNTH-36-24-1","Capture_5'_GTAGTCAAGTTAACGA-2","Tumor"
"SYNTH-36-24-1","Capture_3'_TCAAGTGGTTGCCGAC-3","T-cells"
"SYNTH-36-24-1","Capture_3'_TCTATCAAGTAAGAGG-3","T-cells"
"SYNTH-36-24-1","Capture_5'_CACACAATCTGTGCAA-3","T-cells"
"SYNTH-36-24-1","Capture_3'_GAAATGAAGACCATAA-4","T-cells"
"SYNTH-36-25-1","Capture_3'_ATCACAGCATGTACGT-2","T-cells"
"SYNTH-36-26-1","Capture_5'_ATTATCCGTCTCAACA-3","Dividing Tumor"
"SYNTH-36-26-1","Capture_5'_GTAGGCCCAAACTGTC-1","Tumor"
"SYNTH-36-26-1","Capture_3'_CCATCACCAAATGAGT-1","Luminal A"
"SYNTH-36-26-1","Capture_5'_TCAGGTACAGTATGCT-3","Dividing Tumor"
"SYNTH-36-26-1","Capture_5'_TCTGGAACACGTGAGA-2","TAMs"
"SYNTH-36-26-1","Capture_3'_GTTCCGTGTTCGTACA-4","T-cells"
"SYNTH-36-26-1","Capture_5'_CCTATTACAAGTTAAG-4","Dividing Tumor"
"SYNTH-36-26-1","Capture_3'_CACCAAAGTCTACAGT-4","Dividing Tumor"
"SYNTH-36-26-1","Capture_3'_GTTATGGCAGGATCTT-2","T-cells"
"SYNTH-36-27-1","Capture_5'_GACGGCTTCAACGGCC-2","Dividing Tumor"
"SYNTH-36-27-1","Capture_5'_AGGGTGAGTAGCAAAT-4","Dividing Tumor"
"SYNTH-36-27-1","Capture_5'_AGAGTGGTCCAGATCA-4","Tumor"
"SYNTH-36-27-1","Capture_3'_AGTTCGATCCATACAG-4","Luminal A"
"SYNTH-36-27-1","Capture_3'_AAAGTGAAGGTTGCCC-2","Dividing Tumor"
"SYNTH-36-27-1","Capture_5'_CGTCACTTCCAAGCCG-2","Dividing Tumor"
"SYNTH-36-28-1","Capture_5'_CTGCTGTCACACATGT-4","Tumor"
"SYNTH-36-28-1","Capture_3'_TCGATTTAGTGCAGGT-2","Dividing Tumor"
"SYNTH-36-28-1","Capture_3'_AGAACCTTCGCATTAG-1","Plasma Cells"
"SYNTH-36-28-1","Capture_5'_TACTCGCCATCCGGGT-3","TAMs"
"SYNTH-36-28-1","Capture_5'_CGTTAGAGTCGAACAG-3","Dividing Tumor"
"SYNTH-36-28-1","Capture_5'_CTCGGAGTCGCCCTTA-3","Myoepithelial Cells"
"SYNTH-36-28-1","Capture_5'_TGCACCTGTCATATGC-3","Tumor"
"SYNTH-36-28-1","Capture_3'_GGTCTGGAGAGGGTAA-1","Dividing Tumor"
"SYNTH-36-28-1","Capture_5'_GATGCTACAATACGCT-1","Dividing Tumor"
"SYNTH-36-28-1","Capture_3'_GTTCTATAGTTGTAGA-3","Dividing Tumor"
"SYNTH-36-29-1","Capture_3'_TGGTAGTAGAACTTCC-1","Tumor"
"SYNTH-36-29-1","Capture_3'_CTGCCATAGGTTCCGC-2","Dividing Tumor"
"SYNTH-36-29-1","Capture_3'_GGTAATCCACGCTATA-2","Tumor"
"SYNTH-36-29-1","Capture_5'_ACGCCGAGTGTCGCTG-4","Tumor"
"SYNTH-36-29-1","Capture_3'_ATGGGAGGTGCATGTT-1","Dividing Tumor"
"SYNTH-36-29-1","Capture_5'_CATCCACGTAAGGATT-3","Tumor"
"SYNTH-36-29-1","Capture_5'_AAGCCGCTCTGTACGA-4","Tumor"
"SYNTH-36-29-1","Capture_5'_GCTGCAGTCCCAGGTG-4","Dividing Tumor"
"SYNTH-36-29-1","Capture_5'_GGTGTTAGTACCGTTA-2","T-cells"
"SYNTH-36-29-1","Capture_3'_GGCTGTGTCCAGTACA-4","B-cells"
"SYNTH-36-30-1","Capture_3'_ACGATGTAGGCTTTCA-4","Tumor"
"SYNTH-36-30-1","Capture_5'_GACTAACTCTTGAGGT-2","Tumor"
"SYNTH-36-30-1","Capture_5'_AGATTGCGTCCAAGTT-2","Dividing Tumor"
"SYNTH-36-30-1","Capture_5'_CTTCTCTCACATGACT-4","Dividing Tumor"
"SYNTH-36-30-1","Capture_3'_TCATATCGTGGTTCTA-3","Tumor"
"SYNTH-36-30-1","Capture_5'_CTCGAGGAGTGGAGTC-3","Dividing Tumor"
"SYNTH-36-30-1","Capture_3'_GTACAACTCCTCATAT-2","Tumor"
"SYNTH-36-31-1","Capture_3'_TGTGGCGCAGCGTATT-2","Tumor"
"SYNTH-36-31-1","Capture_3'_CAAGCTAAGGAAGAAC-3","Dividing Tumor"
"SYNTH-36-31-1","Capture_5'_GCTGCAGTCTGGCGAC-2","B-cells"
"SYNTH-36-31-1","Capture_5'_ACACCGGCAGCGTCCA-4","T-cells"
"SYNTH-36-31-1","Capture_5'_CCTTCCCTCTTCTGGC-1","Tumor"
"SYNTH-36-32-1","Capture_5'_GTTCGGGTCGGCGGTT-3","Tumor"
"SYNTH-36-32-1","Capture_3'_AGTCATGTCCACAAGT-4","T-cells"
"SYNTH-36-32-1","Capture_3'_ATTCATCTCTCCTGAC-3","T-cells"
"SYNTH-36-32-1","Capture_3'_ATTCCTATCTATGTGG-4","TAMs"
"SYNTH-36-32-1","Capture_5'_ACTGATGGTTCCCGAG-4","Tumor"
"SYNTH-36-32-1","Capture_5'_GCGCAGTAGTTTCCTT-2","Dividing Tumor"
"SYNTH-36-33-1","Capture_5'_GATTCAGAGCGAGAAA-2","Tumor"
"SYNTH-36-34-1","Capture_5'_TCAGCTCAGCCACGCT-1","T-cells"
"SYNTH-36-34-1","Capture_5'_CTAATGGAGGACATTA-1","Dividing Tumor"
"SYNTH-36-35-1","Capture_5'_GCTCTGTAGATGCCTT-1","Dividing Tumor"
"SYNTH-36-35-1","Capture_5'_AGTGTCACAAGCCCAC-4","Ciliated Cells"
"SYNTH-36-35-1","Capture_5'_TAGTGGTGTGACTACT-1","Dividing Tumor"
"SYNTH-36-35-1","Capture_5'_CCTCTGAGTGTGGCTC-4","Luminal B"
"SYNTH-36-35-1","Capture_5'_GCAGCCAGTGGGTATG-3","TAMs"
"SYNTH-36-35-1","Capture_5'_GTCCTCACAATGAAAC-4","Dividing Tumor"
"SYNTH-36-35-1","Capture_5'_GTAGGCCTCAGCTTAG-1","Luminal A"
"SYNTH-36-35-1","Capture_5'_ACACTGAAGGGATGGG-3","Tumor"
"SYNTH-36-35-1","Capture_5'_GATGAGGGTTACCGAT-2","Dividing Tumor"
"SYNTH-36-35-1","Capture_3'_GGAGAACTCCGTCAAA-2","Tumor"
"SYNTH-36-36-1","Capture_5'_AGATTGCAGAAGGCCT-1","Tumor"
"SYNTH-36-36-1","Capture_5'_CTAGAGTCAGGTCCAC-2","T-cells"
"SYNTH-36-36-1","Capture_5'_CGATTGAAGGATTCGG-1","Tumor"
"SYNTH-36-36-1","Capture_5'_AGCCTAAGTCAACATC-3","TAMs"
"SYNTH-36-36-1","Capture_5'_AGCAGCCGTTGATTGC-4","Tumor"
"SYNTH-36-36-1","Capture_5'_TACGGGCCATGGGAAC-4","Dividing Tumor"
"SYNTH-36-36-1","Capture_5'_CATCAGAGTAGCGCAA-4","T-cells"
"SYNTH-36-37-1","Capture_5'_GCTGCGAGTGAGGGTT-4","Dividing Tumor"
"SYNTH-36-38-1","Capture_5'_ACGCCGATCGCTAGCG-2","T-cells"
"SYNTH-36-38-1","Capture_3'_TGGGTTAAGCCTCATA-2","Dividing Tumor"
"SYNTH-36-38-1","Capture_3'_TGCGGGTGTGATTAGA-3","Dividing Tumor"
"SYNTH-36-38-1","Capture_5'_AAGGTTCGTTGAGTTC-4","Tumor"
"SYNTH-36-38-1","Capture_5'_CGTCACTAGAGCTGCA-3","Tumor"
"SYNTH-36-38-1","Capture_5'_TGGGAAGGTACTTAGC-2","Dividing Tumor"
"SYNTH-36-38-1","Capture_3'_TTCATTGTCACTCCGT-2","Tumor"
"SYNTH-36-38-1","Capture_5'_AGCCTAACACCGAATT-3","Tumor"
"SYNTH-36-38-1","Capture_3'_CCTCAACCAGTCCCGA-2","Luminal A"
"SYNTH-36-39-1","Capture_5'_GGAAAGCGTAAACCTC-1","Dividing Tumor"
"SYNTH-36-39-1","Capture_5'_TCTCATAGTCCGAAGA-3","T-cells"
"SYNTH-36-39-1","Capture_5'_ACTTTCAGTGCAACTT-1","Tumor"
"SYNTH-36-39-1","Capture_5'_GTCACAATCCCTTGCA-1","Dividing Tumor"
"SYNTH-36-39-1","Capture_5'_GTAACTGTCGCCTGAG-4","T-cells"
"SYNTH-36-40-1","Capture_5'_GCCAAATCAGTGACAG-1","Dividing Tumor"
"SYNTH-36-40-1","Capture_5'_AGGTCCGGTAGGACAC-3","Dividing Tumor"
"SYNTH-36-40-1","Capture_5'_ATCGAGTGTTGAGTTC-4","Dividing Tumor"
"SYNTH-36-40-1","Capture_3'_TCAGCAAAGTCTACCA-3","Tumor"
"SYNTH-36-40-1","Capture_5'_AACTTTCGTCCCTACT-4","Dividing Tumor"
"SYNTH-36-40-1","Capture_5'_CACAGGCTCTTGCAAG-2","T-cells"
"SYNTH-36-40-1","Capture_3'_TATCTTGTCGAGAGAC-4","Dividing Tumor"
"SYNTH-36-41-1","Capture_5'_GTCGGGTCAATCGGTT-4","Tumor"
"SYNTH-36-41-1","Capture_5'_TAAACCGGTTCAACCA-2","Dividing Tumor"
"SYNTH-36-42-1","Capture_3'_TCTCAGCAGAAACACT-1","Fibroblasts"
"SYNTH-36-42-1","Capture_5'_AGACGTTTCTACTATC-3","Tumor"
"SYNTH-36-42-1","Capture_3'_GAAGGACAGGTCGAGT-1","Dividing Tumor"
"SYNTH-36-42-1","Capture_5'_GACGTGCAGAGGGCTT-4","T-cells"
"SYNTH-36-43-1","Capture_5'_GACGTTAGTAGCCTAT-3","Tumor"
"SYNTH-36-44-1","Capture_3'_TTTATGCGTCGTCTCT-4","Tumor"
"SYNTH-36-44-1","Capture_3'_CGAGGCTAGACCGTTT-3","T-cells"
"SYNTH-36-44-1","Capture_5'_ACGGGCTGTGATGTCT-2","Tumor"
"SYNTH-36-44-1","Capture_5'_GTCAAGTAGCTTATCG-1","Tumor"
"SYNTH-36-44-1","Capture_5'_CCTCAGTGTGGCCCTA-4","Dividing Tumor"
"SYNTH-36-44-1","Capture_5'_GCATGTACATCGGACC-3","Dividing Tumor"
"SYNTH-36-44-1","Capture_5'_TGCTGCTTCGTTTAGG-3","Dividing Tumor"
"SYNTH-36-44-1","Capture_5'_GGCGACTTCAACACCA-1","Dividing Tumor"
"SYNTH-36-44-1","Capture_3'_GTCTTTAGTGGAGAAA-4","Dividing Tumor"
"SYNTH-36-44-1","Capture_5'_GCGAGAAAGGCCCTCA-4","Dividing Tumor"
"SYNTH-36-45-1","Capture_3'_TCCACCAAGCTCCGAC-2","Tumor"
"SYNTH-36-45-1","Capture_5'_GGAAAGCTCGCAAGCC-1","Tumor"
"SYNTH-36-45-1","Capture_3'_GTTGTCCAGCTGAAAT-4","Tumor"
"SYNTH-36-45-1","Capture_5'_CGCTATCAGAATTCCC-4","Luminal A"
"SYNTH-36-45-1","Capture_5'_AAAGCAATCGCTTGTC-1","TAMs"
"SYNTH-36-45-1","Capture_5'_CTCTACGAGGCACATG-2","Tumor"
"SYNTH-36-46-1","Capture_5'_AACCATGGTATTACCG-2","Tumor"
"SYNTH-36-46-1","Capture_3'_GAGACTTCACCCTTGT-3","Tumor"
"SYNTH-36-46-1","Capture_5'_GGTGTTAGTCTAAAGA-1","Tumor"
"SYNTH-36-46-1","Capture_3'_CAATCGAGTCCGAAAG-2","Endothelial Cells"
"SYNTH-36-46-1","Capture_3'_ACATTTCAGTACCATC-4","Tumor"
"SYNTH-36-46-1","Capture_3'_CCCTAACGTGCCGTTG-3","Tumor"
"SYNTH-36-46-1","Capture_3'_TGACAGTCAAGGAGTC-4","Tumor"
"SYNTH-36-46-1","Capture_5'_CCTCTGAAGAGGGCTT-2","Tumor"
"SYNTH-36-46-1","Capture_5'_GTAGTCATCTCGGACG-3","B-cells"
"SYNTH-36-46-1","Capture_5'_CTCTAATGTGGTACAG-4","Dividing Tumor"
"SYNTH-36-47-1","Capture_5'_TGGGAAGAGATGTTAG-3","Dividing Tumor"
"SYNTH-36-47-1","Capture_5'_CCCAATCCACGTCTCT-2","Luminal A"
"SYNTH-36-47-1","Capture_5'_AAGACCTAGCTCCTTC-4","Luminal B"
"SYNTH-36-47-1","Capture_3'_GCAACATGTCAATGGG-3","Tumor"
"SYNTH-36-47-1","Capture_3'_CGGGACTGTAGACAAT-3","Dividing Tumor"
"SYNTH-36-48-1","Capture_5'_CCGTTCAAGAGGTAGA-4","Dividing Tumor"
"SYNTH-36-48-1","Capture_5'_GTCACAATCATAACCG-2","T-cells"
"SYNTH-36-48-1","Capture_5'_CAGTCCTGTCATGCAT-1","Tumor"
"SYNTH-36-48-1","Capture_5'_GCATGCGGTAGCGATG-4","TAMs"
"SYNTH-36-48-1","Capture_3'_TCGACCTCACCAGTAT-3","T-cells"
"SYNTH-36-48-1","Capture_5'_ACACCAACAGACGCAA-4","TAMs"
"SYNTH-36-49-1","Capture_3'_GGCTGTGAGTAACGAT-2","Tumor"
"SYNTH-36-50-1","Capture_5'_GTAGTCACAGTTTACG-3","Dividing Tumor"
"SYNTH-36-50-1","Capture_5'_TTAGTTCGTAGGGTAC-2","Dividing Tumor"
"SYNTH-36-50-1","Capture_3'_ATTCAGGAGTGCACAG-1","Tumor"
"SYNTH-36-50-1","Capture_5'_ACTGAGTAGAAGGTGA-3","TAMs"
"SYNTH-36-50-1","Capture_3'_CTTCGGTCACATGACT-4","Dividing Tumor"
"SYNTH-37-1-1","Capture_5'_CGTTGGGTCGCCATAA-1","Tumor"
"SYNTH-37-1-1","Capture_3'_TGGGCTGCACGCTATA-3","Tumor"
"SYNTH-37-1-1","Capture_5'_GGAAAGCGTACGCTGC-4","Dividing Tumor"
"SYNTH-37-1-1","Capture_3'_GCACATATCAAGGTGG-4","Tumor"
"SYNTH-37-1-1","Capture_5'_AGGTCCGTCCGTACAA-4","Dividing Tumor"
"SYNTH-37-1-1","Capture_5'_AGCGGTCTCGCCTGTT-2","Tumor"
"SYNTH-37-1-1","Capture_3'_TGCTTGCGTGTATACC-4","Dividing Tumor"
"SYNTH-37-1-1","Capture_5'_CTACCCACACTAGTAC-4","Tumor"
"SYNTH-37-1-1","Capture_3'_CTACTATGTGAGTCAG-3","Tumor"
"SYNTH-37-1-1","Capture_5'_TCGCGAGAGGAATTAC-3","Dividing Tumor"
"SYNTH-37-2-1","Capture_3'_TACTTCACAGCTAACT-3","Tumor"
"SYNTH-37-2-1","Capture_5'_AGGCCGTGTCTAACGT-2","Dividing Tumor"
"SYNTH-37-2-1","Capture_5'_GCAGCCAGTGAAATCA-3","Tumor"
"SYNTH-37-2-1","Capture_5'_GGTGCGTCACTACAGT-1","Plasma Cells"
"SYNTH-37-2-1","Capture_3'_CTATCCGAGCAATAGT-4","Tumor"
"SYNTH-37-2-1","Capture_5'_GTACTTTAGGTGTTAA-1","Tumor"
"SYNTH-37-2-1","Capture_5'_GCATGATAGTGTCCCG-3","Tumor"
"SYNTH-37-2-1","Capture_5'_AGGGAGTAGCCATCGC-2","Tumor"
"SYNTH-37-2-1","Capture_3'_GTGTTCCTCACCTGGG-4","Dividing Tumor"
"SYNTH-37-3-1","Capture_5'_GAACGGAGTCTAGGTT-2","Tumor"
"SYNTH-37-3-1","Capture_5'_TTCTCCTAGATCCCGC-3","Tumor"
"SYNTH-37-4-1","Capture_3'_ATCATTCCACTAACGT-1","Fibroblasts"
"SYNTH-37-4-1","Capture_5'_TAGCCGGAGTATTGGA-4","T-cells"
"SYNTH-37-4-1","Capture_3'_CCTCCAAGTGCGCTCA-2","T-cells"
"SYNTH-37-4-1","Capture_5'_CGTTCTGCACGTAAGG-1","Dividing Tumor"
"SYNTH-37-4-1","Capture_5'_GGACAAGGTCTAGAGG-2","Tumor"
"SYNTH-37-5-1","Capture_3'_CTGTCGTCAATACCCA-3","Dividing Tumor"
"SYNTH-37-5-1","Capture_5'_GCAGTTAAGTCAATAG-3","Tumor"
"SYNTH-37-5-1","Capture_5'_CGTCACTCAGCCTATA-1","Tumor"
"SYNTH-37-5-1","Capture_5'_CGTCCATGTAGTACCT-4","T-cells"
"SYNTH-37-6-1","Capture_3'_TCAGTGACACAATGAA-1","T-cells"
"SYNTH-37-7-1","Capture_3'_TTCGATTAGCTATCCA-1","Tumor"
"SYNTH-37-7-1","Capture_5'_TTAACTCGTCTCCACT-4","Tumor"
"SYNTH-37-7-1","Capture_5'_TCATTTGCAAGCGCTC-4","Dividing Tumor"
"SYNTH-37-7-1","Capture_3'_TTGTTCAAGAGGCGGA-2","T-cells"
"SYNTH-37-8-1","Capture_3'_GTGCTTCTCTACGCAA-4","Tumor"
"SYNTH-37-8-1","Capture_5'_TTTGCGCGTCTGATCA-4","Dividing Tumor"
"SYNTH-37-8-1","Capture_3'_TGATTCTAGTAATTGG-1","T-cells"
"SYNTH-37-8-1","Capture_3'_AGAGAGCCACTTCAGA-3","Luminal A"
"SYNTH-37-8-1","Capture_5'_ACTGATGGTCCAAGTT-2","B-cells"
"SYNTH-37-8-1","Capture_5'_GTTCTCGTCGTCCAGG-4","Endothelial Cells"
"SYNTH-37-8-1","Capture_5'_ACTGTCCTCACCTCGT-2","B-cells"
"SYNTH-37-9-1","Capture_5'_CTGTGCTAGGTTCCTA-4","Tumor"
"SYNTH-37-9-1","Capture_3'_TACTGCCCAACTAGAA-3","Tumor"
"SYNTH-37-9-1","Capture_5'_TCAGGATAGACAAAGG-4","TAMs"
"SYNTH-37-9-1","Capture_5'_TCCCGATTCTGGTATG-3","Tumor"
"SYNTH-37-9-1","Capture_5'_GCAAACTCACCCATGG-2","Tumor"
"SYNTH-37-9-1","Capture_5'_CTAGAGTCATCCCATC-4","Luminal A"
"SYNTH-37-9-1","Capture_5'_TGTATTCAGATGTAAC-4","T-cells"
"SYNTH-37-10-1","Capture_3'_CTCATCGCAGATTTCG-1","Dividing Tumor"
"SYNTH-37-11-1","Capture_3'_CATGGATTCCTAGCGG-1","Tumor"
"SYNTH-37-11-1","Capture_5'_CTCGAAACATGTTGAC-4","Dividing Tumor"
"SYNTH-37-11-1","Capture_3'_CCCTCTCCAGGTGAGT-1","Tumor"
"SYNTH-37-11-1","Capture_5'_CAGCATATCCGGCACA-4","Tumor"
"SYNTH-37-12-1","Capture_5'_CTCGTACTCTCATTCA-3","Endothelial Cells"
"SYNTH-37-12-1","Capture_5'_GTACGTAAGAACAATC-4","Tumor"
"SYNTH-37-12-1","Capture_5'_GAGTCCGGTTTACTCT-4","Tumor"
"SYNTH-37-12-1","Capture_5'_TCAGGATCAGTCGTGC-1","Tumor"
"SYNTH-37-13-1","Capture_5'_GCCAAATAGTGGTAAT-2","Tumor"
"SYNTH-37-14-1","Capture_3'_CACACAATCCCACAGG-3","Dividing Tumor"
"SYNTH-37-14-1","Capture_3'_AGTCTCCTCAGCTGTA-3","Tumor"
"SYNTH-37-14-1","Capture_3'_ATGTCCCGTTCGGTTA-3","Tumor"
"SYNTH-37-14-1","Capture_3'_GGCTTGGGTTCTCACC-1","Tumor"
"SYNTH-37-14-1","Capture_3'_CGGTCAGAGTTCCTGA-2","Dividing Tumor"
"SYNTH-37-14-1","Capture_5'_CAACCAAAGTGCGTGA-2","T-cells"
"SYNTH-37-14-1","Capture_5'_CCACTACTCTTGCATT-4","Dividing Tumor"
"SYNTH-37-15-1","Capture_5'_CTGCGGAGTCAAAGCG-4","Dividing Tumor"
"SYNTH-37-15-1","Capture_5'_ATTGGACAGGCAAAGA-3","Tumor"
"SYNTH-37-16-1","Capture_3'_AAACCCATCAGGAACG-3","Dividing Tumor"
"SYNTH-37-16-1","Capture_5'_AGAATAGGTTTGTTTC-3","Luminal A"
"SYNTH-37-16-1","Capture_3'_CAGCCAGAGACCAAGC-4","B-cells"
"SYNTH-37-16-1","Capture_3'_TTCTTGACAAGTTCGT-1","Tumor"
"SYNTH-37-16-1","Capture_5'_GGTGTTAGTCGACTGC-4","Tumor"
"SYNTH-37-16-1","Capture_3'_GTAGGAGTCTCCCATG-4","Tumor"
"SYNTH-37-16-1","Capture_3'_GGGAAGTAGCCACTCG-1","Tumor"
"SYNTH-37-17-1","Capture_5'_GGATTACAGCTCTCGG-4","Tumor"
"SYNTH-37-17-1","Capture_5'_TGCGCAGTCTTTCCTC-1","Dividing Tumor"
"SYNTH-37-17-1","Capture_3'_GCAGCTGCATCTAGAC-1","Dividing Tumor"
"SYNTH-37-17-1","Capture_3'_CACAGATCAACTTGGT-3","Dividing Tumor"
"SYNTH-37-17-1","Capture_5'_GGGTTGCTCTATGTGG-4","Dividing Tumor"
"SYNTH-37-17-1","Capture_5'_TGGCTGGAGTGTGGCA-2","Tumor"
"SYNTH-37-18-1","Capture_5'_GCCTCTAGTCCGCTGA-1","Dividing Tumor"
"SYNTH-37-18-1","Capture_5'_AGGCCACAGTAACCCT-4","Dividing Tumor"
"SYNTH-37-18-1","Capture_5'_AAGTCTGGTGTGGCTC-4","T-cells"
"SYNTH-37-18-1","Capture_5'_CATTATCCAAGAGTCG-4","TAMs"
"SYNTH-37-19-1","Capture_3'_AAGCATCAGTACGTCT-4","Dividing Tumor"
"SYNTH-37-19-1","Capture_3'_CAAGCTACAGAAGTTA-2","Tumor"
"SYNTH-37-19-1","Capture_5'_GTGGGTCTCACCCTCA-4","Luminal A"
"SYNTH-37-19-1","Capture_5'_CTCGGGAAGCCCTAAT-4","Tumor"
"SYNTH-37-19-1","Capture_5'_GACCAATCACCTCGGA-4","Tumor"
"SYNTH-37-19-1","Capture_5'_CGGAGTCCAATGGATA-4","T-cells"
"SYNTH-37-19-1","Capture_3'_GGAGATGCAATACCTG-1","Fibroblasts"
"SYNTH-37-20-1","Capture_5'_TGACTAGTCGTTGCCT-3","Luminal A"
"SYNTH-37-20-1","Capture_3'_TCTGCCAGTTTGTTGG-4","Luminal A"
"SYNTH-37-20-1","Capture_5'_GATCGTAGTTTGTGTG-4","Tumor"
"SYNTH-37-20-1","Capture_5'_AAATGCCTCGGAATCT-4","Dividing Tumor"
"SYNTH-37-20-1","Capture_5'_GAACATCAGACTTGAA-4","Dividing Tumor"
"SYNTH-37-20-1","Capture_5'_GAACCTACAAATCCGT-1","Tumor"
"SYNTH-37-21-1","Capture_5'_ACAGCCGGTCAAAGAT-3","T-cells"
"SYNTH-37-21-1","Capture_5'_ACGAGGAGTATTAGCC-3","Tumor"
"SYNTH-37-21-1","Capture_5'_GGGTTGCGTCCGAACC-4","Tumor"
"SYNTH-37-21-1","Capture_5'_CCTACACTCCAGAAGG-4","T-cells"
"SYNTH-37-21-1","Capture_5'_GACAGAGCAACGATGG-1","Dividing Tumor"
"SYNTH-37-21-1","Capture_3'_CAACCAATCCAGGACC-1","Dividing Tumor"
"SYNTH-37-21-1","Capture_3'_CAACGGCCAAGGAGTC-4","T-cells"
"SYNTH-37-21-1","Capture_5'_CTCTAATCATTGGGCC-2","T-cells"
"SYNTH-37-21-1","Capture_3'_ACATCGAAGTAAGAGG-4","Tumor"
"SYNTH-37-22-1","Capture_5'_TACACGATCATGTGGT-4","Tumor"
"SYNTH-37-22-1","Capture_5'_TCAGCTCAGTTTAGGA-3","Ciliated Cells"
"SYNTH-37-22-1","Capture_5'_CGAGAAGTCACGATGT-4","Luminal A"
"SYNTH-37-23-1","Capture_5'_CCACCTACACATGTGT-4","Tumor"
"SYNTH-37-23-1","Capture_3'_GAGTCATGTAGGAGTC-1","Tumor"
"SYNTH-37-24-1","Capture_5'_CGCGGTACATGCCCGA-2","Tumor"
"SYNTH-37-24-1","Capture_3'_GCCAACGCATAATGCC-2","T-cells"
"SYNTH-37-24-1","Capture_3'_GTCGAATAGTTAGTGA-4","Fibroblasts"
"SYNTH-37-24-1","Capture_3'_CTGGCAGCAGGACTAG-2","Dividing Tumor"
"SYNTH-37-24-1","Capture_3'_TCGGTCTCAAATACAG-3","T-cells"
"SYNTH-37-24-1","Capture_5'_CCCAATCGTTACGCGC-3","Tumor"
"SYNTH-37-25-1","Capture_5'_GGCGACTCAAGTCTAC-3","Tumor"
"SYNTH-37-26-1","Capture_3'_GATTCTTTCCCGTTGT-1","T-cells"
"SYNTH-37-26-1","Capture_3'_GTAGCTACAAGCAGGT-4","Dividing Tumor"
"SYNTH-37-26-1","Capture_3'_GACTCTCCAGGGAATC-3","T-cells"
"SYNTH-37-26-1","Capture_5'_CTGAAACCATTCGACA-4","Dividing Tumor"
"SYNTH-37-27-1","Capture_5'_CACATTTTCGTAGGAG-2","Dividing Tumor"
"SYNTH-37-27-1","Capture_5'_CCTAAAGGTGTGGTTT-1","Tumor"
"SYNTH-37-27-1","Capture_3'_GGGTTATCAACATCGT-1","Tumor"
"SYNTH-37-28-1","Capture_5'_GATTCAGAGAACAATC-3","Tumor"
"SYNTH-37-28-1","Capture_5'_CACCAGGCAAAGCAAT-2","Dividing Tumor"
"SYNTH-37-28-1","Capture_3'_ATTCTTGGTGGTCTGC-3","Tumor"
"SYNTH-37-28-1","Capture_3'_TGTAACGTCTGACCCT-4","T-cells"
"SYNTH-37-28-1","Capture_5'_TTTGGTTCACAGGAGT-2","Tumor"
"SYNTH-37-29-1","Capture_3'_TCGTAGACACGTCGGT-3","Tumor"
"SYNTH-37-30-1","Capture_5'_CTCCTAGGTTCCCTTG-3","Dividing Tumor"
"SYNTH-37-30-1","Capture_5'_GCTGCGACAAGTACCT-3","Dividing Tumor"
"SYNTH-37-30-1","Capture_5'_AAATGCCTCTCGAGTA-4","Tumor"
"SYNTH-37-30-1","Capture_5'_ACACCAACAATAGCGG-1","Plasma Cells"
"SYNTH-37-30-1","Capture_3'_GTTCATTTCTTGGAAC-3","Tumor"
"SYNTH-37-30-1","Capture_5'_AGCTTGATCGCCTGAG-3","Tumor"
"SYNTH-37-30-1","Capture_5'_GTATTCTCACTTAACG-4","Dividing Tumor"
"SYNTH-37-30-1","Capture_5'_TATTACCCACGTAAGG-2","Tumor"
"SYNTH-37-31-1","Capture_5'_GTGGGTCTCGGCATCG-3","Dividing Tumor"
"SYNTH-37-31-1","Capture_5'_AACCATGCACTGCCAG-4","Dividing Tumor"
"SYNTH-37-31-1","Capture_5'_ACGTCAATCGTTTAGG-2","Dividing Tumor"
"SYNTH-37-31-1","Capture_5'_ACACCGGAGTAGGCCA-2","Tumor"
"SYNTH-37-31-1","Capture_3'_CAATGACTCAGACATC-4","Dividing Tumor"
"SYNTH-37-32-1","Capture_3'_CTTAGGAGTATTCCTT-2","TAMs"
"SYNTH-37-32-1","Capture_5'_TTTGTCAAGCGATAGC-1","T-cells"
"SYNTH-37-32-1","Capture_5'_GCGCGATAGAGCTGCA-3","Dividing Tumor"
"SYNTH-37-32-1","Capture_5'_TGGACGCTCTGTTGAG-3","Tumor"
"SYNTH-37-33-1","Capture_5'_GGTGCGTAGACTAGGC-3","Dividing Tumor"
"SYNTH-37-33-1","Capture_5'_ACAGCCGTCACGCGGT-3","Dividing Tumor"
"SYNTH-37-33-1","Capture_5'_CGGTTAATCGAGCCCA-4","Dividing Tumor"
"SYNTH-37-33-1","Capture_5'_TTAGGCAAGACGCTTT-2","Dividing Tumor"
"SYNTH-37-34-1","Capture_5'_AGTGTCAGTTCAGCGC-3","Tumor"
"SYNTH-37-34-1","Capture_5'_ACACCGGCATATGCTG-2","Tumor"
"SYNTH-37-34-1","Capture_3'_GACTTCCAGCGGACAT-3","T-cells"
"SYNTH-37-34-1","Capture_5'_CTCGAGGTCGTGACAT-4","Luminal A"
"SYNTH-37-34-1","Capture_5'_ATCATCTGTAATCACC-4","Dividing Tumor"
"SYNTH-37-34-1","Capture_5'_TATTACCGTGACAAAT-2","B-cells"
"SYNTH-37-34-1","Capture_5'_TTCTTAGAGTACGATA-2","Tumor"
"SYNTH-37-35-1","Capture_5'_CTTGGCTCAAACTGCT-2","Tumor"
"SYNTH-37-35-1","Capture_5'_AGAATAGTCGTTGACA-3","Tumor"
"SYNTH-37-35-1","Capture_5'_GACTGCGGTAAGGATT-1","Tumor"
"SYNTH-37-35-1","Capture_5'_AACTCTTTCACAACGT-1","T-cells"
"SYNTH-37-35-1","Capture_5'_TGTTCCGAGAGCTGGT-3","Dividing Tumor"
"SYNTH-37-35-1","Capture_3'_CACGAATTCGTGGGTC-3","T-cells"
"SYNTH-37-35-1","Capture_5'_AAGGAGCGTGAAGGCT-4","T-cells"
"SYNTH-37-36-1","Capture_5'_TCAGCAAAGAACTGTA-4","Tumor"
"SYNTH-37-36-1","Capture_3'_TCCCAGTGTTTCGTTT-3","Dividing Tumor"
"SYNTH-37-36-1","Capture_5'_GATCAGTAGACTGGGT-2","Tumor"
"SYNTH-37-37-1","Capture_5'_ATCTGCCGTGCGCTTG-2","Tumor"
"SYNTH-37-38-1","Capture_5'_GGTGTTAGTCGGGTCT-3","T-cells"
"SYNTH-37-38-1","Capture_3'_TCCTAATGTGTCCAAT-1","T-cells"
"SYNTH-37-38-1","Capture_3'_CATCGGGTCTGCGATA-4","Dividing Tumor"
"SYNTH-37-38-1","Capture_5'_CTGTGCTAGGAGTCTG-1","T-cells"
"SYNTH-37-38-1","Capture_5'_GCTTGAAGTGCCTTGG-2","Tumor"
"SYNTH-37-38-1","Capture_5'_ACTGCTCTCGCGATCG-2","Tumor"
"SYNTH-37-38-1","Capture_3'_TACATTCGTAACAGGC-3","Tumor"
"SYNTH-37-38-1","Capture_3'_CAAGAGGCACACTTAG-2","Dividing Tumor"
"SYNTH-37-38-1","Capture_5'_ACACTGAAGGCATTGG-1","Dividing Tumor"
"SYNTH-37-39-1","Capture_3'_CCTGTTGTCCACTAGA-4","Tumor"
"SYNTH-37-39-1","Capture_5'_ATCATGGAGTACATGA-2","Dividing Tumor"
"SYNTH-37-39-1","Capture_3'_CTGTATTCATTCATCT-4","Luminal B"
"SYNTH-37-40-1","Capture_5'_TTTATGCAGTTGCAGG-1","Tumor"
"SYNTH-37-41-1","Capture_5'_TGTCCCAAGCTCCTCT-4","T-cells"
"SYNTH-37-41-1","Capture_5'_CACCAGGGTGATGATA-4","Myoepithelial Cells"
"SYNTH-37-41-1","Capture_3'_ATGTCCCTCGCGTAGC-4","Tumor"
"SYNTH-37-42-1","Capture_3'_CCGATCTGTAAGCTCT-4","T-cells"
"SYNTH-37-42-1","Capture_5'_GAGCAGACATGCCTTC-4","Tumor"
"SYNTH-37-43-1","Capture_5'_GTCATTTCAAGTCTGT-4","Tumor"
"SYNTH-37-43-1","Capture_3'_TGATGGTGTAGCTTAC-1","B-cells"
"SYNTH-37-43-1","Capture_5'_CGCGGTACACCTCGTT-2","Dividing Tumor"
"SYNTH-37-43-1","Capture_5'_AGTGTCAGTGTGACGA-4","Dividing Tumor"
"SYNTH-37-43-1","Capture_5'_TTTGTCACAGATCTGT-1","Tumor"
"SYNTH-37-43-1","Capture_5'_TCCCGATGTAGAGTGC-3","T-cells"
"SYNTH-37-43-1","Capture_5'_CCTACACTCTGTTGAG-4","Tumor"
"SYNTH-37-44-1","Capture_3'_CGGGACTCAAGAGGTC-1","T-cells"
"SYNTH-37-44-1","Capture_5'_TGGCGCAGTGACGCCT-4","B-cells"
"SYNTH-37-44-1","Capture_5'_AAGACCTGTCTGATTG-2","Dividing Tumor"
"SYNTH-37-44-1","Capture_5'_GTCACAATCCTCGCAT-4","Tumor"
"SYNTH-37-44-1","Capture_3'_CGTAGTAGTACGTACT-3","Dividing Tumor"
"SYNTH-37-44-1","Capture_3'_GCCAGGTGTCGATGCC-1","T-cells"
"SYNTH-37-44-1","Capture_5'_CCTTTCTTCTGGGCCA-3","Dividing Tumor"
"SYNTH-37-45-1","Capture_3'_CGTAAGTTCCTGGGAC-1","Tumor"
"SYNTH-37-46-1","Capture_5'_CTGCCTACAGGTCTCG-2","T-cells"
"SYNTH-37-46-1","Capture_3'_TGGGAGATCCTGCCAT-2","Tumor"
"SYNTH-37-46-1","Capture_5'_CTCTAATCATTGGGCC-2","T-cells"
"SYNTH-37-46-1","Capture_5'_TGCACCTGTACGCACC-1","Tumor"
"SYNTH-37-46-1","Capture_5'_TAAACCGTCCTTAATC-4","Tumor"
"SYNTH-37-46-1","Capture_5'_TATTACCCACACGCTG-3","Dividing Tumor"
"SYNTH-37-47-1","Capture_5'_CGTCACTAGCTACCGC-4","Myoepithelial Cells"
"SYNTH-37-47-1","Capture_5'_ATAAGAGGTCCTAGCG-4","Tumor"
"SYNTH-37-47-1","Capture_3'_CGTGAATTCTCGCAGG-1","Tumor"
"SYNTH-37-48-1","Capture_5'_GAAACTCGTATATCCG-3","Tumor"
"SYNTH-37-48-1","Capture_3'_ACTCCCAAGCTGGAGT-2","Tumor"
"SYNTH-37-48-1","Capture_3'_TCGTAGACACCGTGAC-2","Tumor"
"SYNTH-37-48-1","Capture_3'_TCGACGGTCGCTAATG-4","Dividing Tumor"
"SYNTH-37-48-1","Capture_3'_GCCAGTGTCGAGAGCA-2","Tumor"
"SYNTH-37-48-1","Capture_3'_TTGTGGACAGAGAATT-3","Tumor"
"SYNTH-37-48-1","Capture_5'_ACCCACTCAAGTTAAG-1","Tumor"
"SYNTH-37-49-1","Capture_5'_CATATTCTCAATACCG-4","Dividing Tumor"
"SYNTH-37-50-1","Capture_3'_TTGGATGCACTCCACT-4","Tumor"
"SYNTH-37-50-1","Capture_5'_GGGCACTAGCGTCAAG-4","Tumor"
"SYNTH-37-50-1","Capture_3'_AGGAAATAGCTCGCAC-4","Tumor"
"SYNTH-37-50-1","Capture_5'_AGGCCACCAGCTGTTA-4","B-cells"
"SYNTH-37-50-1","Capture_5'_CTACATTCACATAACC-1","T-cells"
"SYNTH-37-50-1","Capture_5'_TGCACCTTCCGCTGTT-2","Dividing Tumor"
"SYNTH-37-50-1","Capture_3'_TCGGATAAGAGGTTTA-4","Tumor"
"SYNTH-37-50-1","Capture_3'_GGCGTCAAGTCGCGAA-2","B-cells"
"SYNTH-37-50-1","Capture_5'_AGAGCTTCATTTCAGG-3","Luminal B"
"SYNTH-38-1-1","Capture_5'_CGAGCACGTAACGCGA-4","TAMs"
"SYNTH-38-1-1","Capture_5'_ACCAGTACAGCGTCCA-1","TAMs"
"SYNTH-38-1-1","Capture_3'_ATCGGATGTTCTGACA-2","Dividing Tumor"
"SYNTH-38-1-1","Capture_5'_AGGCCACGTCGAGTTT-1","Tumor"
"SYNTH-38-1-1","Capture_3'_TCGACCTAGCCTCGTG-4","Dividing Tumor"
"SYNTH-38-1-1","Capture_5'_GATCTAGAGCTGCAAG-4","Tumor"
"SYNTH-38-1-1","Capture_5'_GTCACGGTCCCTCAGT-3","Tumor"
"SYNTH-38-1-1","Capture_5'_CCTAGCTTCTTGTCAT-3","Dividing Tumor"
"SYNTH-38-2-1","Capture_5'_TTGAACGTCGGAGGTA-4","Luminal A"
"SYNTH-38-2-1","Capture_5'_CGCTGGAAGACGCACA-4","T-cells"
"SYNTH-38-2-1","Capture_5'_TTGCCGTAGTGAAGTT-1","Tumor"
"SYNTH-38-2-1","Capture_5'_GGGCACTGTGTCAATC-1","Luminal A"
"SYNTH-38-3-1","Capture_5'_TGATTTCTCCAAATGC-3","Tumor"
"SYNTH-38-4-1","Capture_5'_CCGGGATAGTAGCGGT-4","T-cells"
"SYNTH-38-4-1","Capture_3'_TCCTCGATCCGGTTCT-2","Tumor"
"SYNTH-38-4-1","Capture_5'_CGATCGGAGACTAGAT-1","T-cells"
"SYNTH-38-4-1","Capture_5'_CGATCGGCAATCGGTT-4","Luminal A"
"SYNTH-38-4-1","Capture_5'_CGTTCTGGTGGCCCTA-3","Tumor"
"SYNTH-38-4-1","Capture_3'_GGAGGTAGTAAGTTGA-2","T-cells"
"SYNTH-38-4-1","Capture_5'_GCAATCAGTGGCAAAC-4","T-cells"
"SYNTH-38-5-1","Capture_5'_AGGGATGCACTGCCAG-2","T-cells"
"SYNTH-38-5-1","Capture_5'_TACTTGTGTAGCTTGT-2","Dividing Tumor"
"SYNTH-38-5-1","Capture_3'_CAATTTCAGTGAGGCT-4","B-cells"
"SYNTH-38-6-1","Capture_5'_ATTGGTGGTCGGCACT-2","Dividing Tumor"
"SYNTH-38-6-1","Capture_5'_ATCCGAAGTACATCCA-1","Dividing Tumor"
"SYNTH-38-6-1","Capture_3'_TCGCACTAGAGTCTTC-1","Tumor"
"SYNTH-38-6-1","Capture_5'_GGACAGAAGTGGTCCC-1","Dividing Tumor"
"SYNTH-38-6-1","Capture_5'_CGGTTAAAGCGTGTCC-3","Tumor"
"SYNTH-38-6-1","Capture_5'_CGCTGGAGTTATCGGT-2","Tumor"
"SYNTH-38-7-1","Capture_5'_GCATACATCTCGAGTA-4","Tumor"
"SYNTH-38-7-1","Capture_5'_AACTGGTTCGTTTATC-2","Tumor"
"SYNTH-38-7-1","Capture_5'_ACTTTCAGTGCAACTT-1","Tumor"
"SYNTH-38-7-1","Capture_5'_TTAACTCAGCTGCAAG-1","T-cells"
"SYNTH-38-7-1","Capture_5'_CCGGTAGCAGTTAACC-1","Tumor"
"SYNTH-38-8-1","Capture_5'_CACTCCAGTCAGTGGA-4","Tumor"
"SYNTH-38-8-1","Capture_3'_GACTCAATCGTTTACT-2","Dividing Tumor"
"SYNTH-38-8-1","Capture_5'_AGCGTATCAATTGCTG-2","Tumor"
"SYNTH-38-8-1","Capture_5'_GTAACGTTCTTCCTTC-4","Tumor"
"SYNTH-38-8-1","Capture_5'_AGAGTGGCATCTACGA-3","Tumor"
"SYNTH-38-8-1","Capture_5'_CTGCCTAAGATAGTCA-2","Dividing Tumor"
"SYNTH-38-8-1","Capture_3'_CGCCATTAGGATTTAG-4","Tumor"
"SYNTH-38-8-1","Capture_5'_CGTTGGGCACATTAGC-4","Tumor"
"SYNTH-38-8-1","Capture_5'_CTGATCCGTGTAAGTA-1","T-cells"
"SYNTH-38-8-1","Capture_5'_TGGGCGTCATGCTAGT-1","Tumor"
"SYNTH-38-9-1","Capture_5'_TTGGCAACACTGAAGG-1","Tumor"
"SYNTH-38-9-1","Capture_5'_GATCGTATCTGCCAGG-3","T-cells"
"SYNTH-38-9-1","Capture_5'_GATCGCGGTCTCTTAT-3","T-cells"
"SYNTH-38-9-1","Capture_5'_CATTATCCAGTGAGTG-4","Dividing Tumor"
"SYNTH-38-9-1","Capture_5'_CAAGAAAGTCGCGGTT-2","Fibroblasts"
"SYNTH-38-9-1","Capture_3'_TTGGATGAGCATGATA-4","Luminal A"
"SYNTH-38-9-1","Capture_5'_TCTGAGAAGGCCCTCA-3","Fibroblasts"
"SYNTH-38-9-1","Capture_5'_CACACTCAGTAGGTGC-3","T-cells"
"SYNTH-38-9-1","Capture_5'_CTGAAACTCTGGTTCC-3","Dividing Tumor"
"SYNTH-38-10-1","Capture_5'_CTCGGAGCACTTGGAT-1","TAMs"
"SYNTH-38-10-1","Capture_5'_AACTCTTAGGCCCGTT-2","Dividing Tumor"
"SYNTH-38-10-1","Capture_5'_TAAGAGATCGTTTAGG-3","Dividing Tumor"
"SYNTH-38-11-1","Capture_3'_CTCATTATCGCTCTCA-2","Dividing Tumor"
"SYNTH-38-12-1","Capture_5'_TTGCCGTGTTACCGAT-3","Tumor"
"SYNTH-38-12-1","Capture_3'_TAGGGTTCACTGCGAC-4","Tumor"
"SYNTH-38-12-1","Capture_5'_GTAGTCAGTAGTAGTA-3","Dividing Tumor"
"SYNTH-38-13-1","Capture_5'_CTAGAGTGTTGCCTCT-4","Tumor"
"SYNTH-38-13-1","Capture_5'_CGGACACGTCTAAACC-3","Dividing Tumor"
"SYNTH-38-13-1","Capture_5'_TACGGATAGACCCACC-4","Dividing Tumor"
"SYNTH-38-13-1","Capture_5'_ACACCGGTCCTCGCAT-1","Luminal A"
"SYNTH-38-13-1","Capture_3'_CAGAGCCGTAACATCC-2","Tumor"
"SYNTH-38-14-1","Capture_5'_AAAGCAAAGTAGCCGA-4","Dividing Tumor"
"SYNTH-38-14-1","Capture_3'_GTCTAGATCGGAGTAG-1","Luminal A"
"SYNTH-38-14-1","Capture_5'_TCATTTGCAATCCGAT-1","T-cells"
"SYNTH-38-15-1","Capture_3'_TTGAACGGTTCCAGGC-4","T-cells"
"SYNTH-38-15-1","Capture_5'_ATCTGCCGTAGCAAAT-3","Dividing Tumor"
"SYNTH-38-15-1","Capture_3'_ACTTCCGAGTTGTAGA-3","Dividing Tumor"
"SYNTH-38-15-1","Capture_5'_AGCTCTCTCGGTTCGG-1","Tumor"
"SYNTH-38-15-1","Capture_5'_TGCGGGTAGCGAGAAA-3","Luminal A"
"SYNTH-38-16-1","Capture_5'_TGTTCCGAGATCGGGT-1","Dividing Tumor"
"SYNTH-38-16-1","Capture_3'_TTCTCTCTCGATAACC-3","Myoepithelial Cells"
"SYNTH-38-16-1","Capture_5'_TGGCGCAGTTACAGAA-3","Luminal A"
"SYNTH-38-16-1","Capture_5'_TGCTGCTTCGTCCAGG-1","Tumor"
"SYNTH-38-17-1","Capture_5'_AGGGAGTCAAGTAATG-4","Tumor"
"SYNTH-38-17-1","Capture_3'_TCTCAGCCAAGCCATT-2","Tumor"
"SYNTH-38-17-1","Capture_5'_GGAATAACATGACGGA-1","Tumor"
"SYNTH-38-17-1","Capture_3'_CTGAATGTCGTTGTTT-2","B-cells"
"SYNTH-38-18-1","Capture_5'_GGACAAGTCTAAGCCA-4","Myoepithelial Cells"
"SYNTH-38-18-1","Capture_5'_CTAATGGTCGCTTGTC-2","TAMs"
"SYNTH-38-18-1","Capture_3'_AAGACTCCAAGCCTGC-3","Dividing Tumor"
"SYNTH-38-19-1","Capture_5'_ACACTGAGTGCAGTAG-1","B-cells"
"SYNTH-38-19-1","Capture_3'_GTGGAAGAGATAGTGT-4","Tumor"
"SYNTH-38-19-1","Capture_5'_CAGTAACCACATCCAA-3","T-cells"
"SYNTH-38-19-1","Capture_5'_CACAGTAGTCTCAACA-3","Dividing Tumor"
"SYNTH-38-20-1","Capture_5'_TTGGAACCACCAGATT-2","Endothelial Cells"
"SYNTH-38-20-1","Capture_5'_GGGCACTGTATATCCG-3","T-cells"
"SYNTH-38-20-1","Capture_5'_CGAATGTAGCCTTGAT-3","T-cells"
"SYNTH-38-20-1","Capture_5'_CGAGCACTCCTACAGA-1","Tumor"
"SYNTH-38-21-1","Capture_5'_ACACCCTGTGGCCCTA-1","TAMs"
"SYNTH-38-21-1","Capture_5'_ACACCGGCATTGGTAC-3","Dividing Tumor"
"SYNTH-38-22-1","Capture_3'_GTTAGTGGTCGCTTGG-3","Dividing Tumor"
"SYNTH-38-22-1","Capture_3'_AAACGAACAAGACAAT-4","T-cells"
"SYNTH-38-22-1","Capture_5'_AGTCTTTTCTTCGAGA-4","Luminal A"
"SYNTH-38-22-1","Capture_3'_CAGTTAGAGCATCAAA-3","Tumor"
"SYNTH-38-22-1","Capture_3'_CAAGCTATCTGGCTGG-2","Tumor"
"SYNTH-38-22-1","Capture_5'_CAGAATCCACTAAGTC-1","Tumor"
"SYNTH-38-22-1","Capture_3'_ATCCCTGTCGCCAGAC-2","Tumor"
"SYNTH-38-23-1","Capture_5'_TCCCGATTCTGGTATG-3","Tumor"
"SYNTH-38-23-1","Capture_3'_TTTACTGTCCAAGAGG-2","TAMs"
"SYNTH-38-23-1","Capture_5'_CCATGTCGTAGGAGTC-4","Dividing Tumor"
"SYNTH-38-23-1","Capture_5'_CCACGGAGTCGCTTCT-4","Tumor"
"SYNTH-38-23-1","Capture_3'_GTGATGTTCCTGTACC-4","T-cells"
"SYNTH-38-24-1","Capture_3'_TCAGTTTTCCTTGAAG-2","Luminal A"
"SYNTH-38-24-1","Capture_5'_TGAAAGATCTCGCATC-4","Dividing Tumor"
"SYNTH-38-24-1","Capture_5'_GCACTCTAGGGAAACA-1","Dividing Tumor"
"SYNTH-38-24-1","Capture_5'_ATCATGGGTAAACACA-4","Tumor"
"SYNTH-38-24-1","Capture_5'_CATTATCAGTTACGGG-4","Luminal B"
"SYNTH-38-24-1","Capture_5'_CGTCCATAGATCCTGT-4","Tumor"
"SYNTH-38-24-1","Capture_5'_ACTGTCCGTAAAGTCA-1","Tumor"
"SYNTH-38-24-1","Capture_5'_GGGAGATTCACGACTA-3","Dividing Tumor"
"SYNTH-38-24-1","Capture_5'_TGTATTCGTTTAGCTG-4","Tumor"
"SYNTH-38-24-1","Capture_3'_ATCCACCCAATGAACA-3","T-cells"
"SYNTH-38-25-1","Capture_5'_GTGGGTCCACACATGT-3","Fibroblasts"
"SYNTH-38-25-1","Capture_5'_TTTGGTTAGAGGACGG-4","Tumor"
"SYNTH-38-25-1","Capture_5'_CAAGATCAGATCCCGC-4","Tumor"
"SYNTH-38-26-1","Capture_5'_TGCGCAGGTCGCGGTT-1","Dividing Tumor"
"SYNTH-38-26-1","Capture_3'_AGAACAAAGGATGAGA-4","T-cells"
"SYNTH-38-27-1","Capture_5'_ATCACGAGTTCGCGAC-4","TAMs"
"SYNTH-38-28-1","Capture_5'_GATGAGGTCCTGTACC-1","Dividing Tumor"
"SYNTH-38-29-1","Capture_3'_CTACAGAAGAACGCGT-2","Dividing Tumor"
"SYNTH-38-29-1","Capture_5'_GCATGCGAGTGTGGCA-1","Dividing Tumor"
"SYNTH-38-29-1","Capture_3'_ATGGATCTCTTCTGTA-4","Tumor"
"SYNTH-38-29-1","Capture_5'_CATCAGAAGCTGCCCA-2","Tumor"
"SYNTH-38-29-1","Capture_5'_AGTGAGGGTATATCCG-2","Dividing Tumor"
"SYNTH-38-29-1","Capture_3'_GATGTTGTCACTGATG-1","Dividing Tumor"
"SYNTH-38-29-1","Capture_5'_TACTTACGTCGGGTCT-3","Tumor"
"SYNTH-38-29-1","Capture_5'_CTGTTTATCACTGGGC-4","Tumor"
"SYNTH-38-29-1","Capture_3'_TCGACCTAGTCATTGC-1","Tumor"
"SYNTH-38-30-1","Capture_3'_GGGTTATAGCCTAGGA-4","T-cells"
"SYNTH-38-30-1","Capture_5'_CGAGAAGGTAGAGCTG-2","Tumor"
"SYNTH-38-30-1","Capture_5'_CAACCTCAGGCTACGA-1","Luminal B"
"SYNTH-38-31-1","Capture_3'_ATGGTTGTCGAACTCA-1","T-cells"
"SYNTH-38-31-1","Capture_5'_CATATTCGTACCAGTT-3","Luminal A"
"SYNTH-38-31-1","Capture_3'_TCCTCGAAGAGAATCT-3","Dividing Tumor"
"SYNTH-38-31-1","Capture_3'_TATCTTGCAGACTCTA-4","Endothelial Cells"
"SYNTH-38-31-1","Capture_5'_TGCGCAGTCAGTTTGG-3","Dividing Tumor"
"SYNTH-38-31-1","Capture_5'_TTCGAAGCACCAGGCT-4","B-cells"
"SYNTH-38-31-1","Capture_5'_GTGCGGTTCGGGAGTA-1","Dividing Tumor"
"SYNTH-38-31-1","Capture_3'_CTCAATTCAATTGCCA-3","Dividing Tumor"
"SYNTH-38-31-1","Capture_3'_TGATGGTAGCGCACAA-2","Dividing Tumor"
"SYNTH-38-31-1","Capture_3'_CTACTATTCACCCTCA-4","Dividing Tumor"
"SYNTH-38-32-1","Capture_3'_ACTTCCGGTCTACGTA-3","B-cells"
"SYNTH-38-32-1","Capture_5'_CGGGTCATCGCGATCG-4","Tumor"
"SYNTH-38-32-1","Capture_3'_CCTCAGTGTTGTCAGT-1","Tumor"
"SYNTH-38-32-1","Capture_3'_GGACGTCAGTCATGAA-1","Tumor"
"SYNTH-38-33-1","Capture_5'_AGTGGGAGTACGCTGC-2","Luminal A"
"SYNTH-38-33-1","Capture_5'_CTACATTTCCTTGGTC-2","Dividing Tumor"
"SYNTH-38-33-1","Capture_5'_GGCTGGTGTTACTGAC-1","Endothelial Cells"
"SYNTH-38-33-1","Capture_3'_AAGACAAAGCCGTTAT-2","T-cells"
"SYNTH-38-33-1","Capture_5'_AGTGTCATCAAGAAGT-4","Tumor"
"SYNTH-38-33-1","Capture_3'_ATCCGTCCACGGCCAT-4","Tumor"
"SYNTH-38-33-1","Capture_3'_GGGACTCCAAGTGGAC-3","T-cells"
"SYNTH-38-33-1","Capture_5'_GGGAATGTCAGAGCTT-4","Dividing Tumor"
"SYNTH-38-33-1","Capture_5'_CCGTTCAGTTCCGGCA-4","T-cells"
"SYNTH-38-33-1","Capture_5'_ATCACGAGTTCGCGAC-4","TAMs"
"SYNTH-38-34-1","Capture_5'_CTGCCTATCACATACG-4","Luminal A"
"SYNTH-38-34-1","Capture_5'_TCACAAGCACATGGGA-3","T-cells"
"SYNTH-38-34-1","Capture_5'_CCTATTAGTTGGTGGA-1","Tumor"
"SYNTH-38-35-1","Capture_5'_TACCTATGTTAAGACA-3","TAMs"
"SYNTH-38-35-1","Capture_3'_GTAACACTCTCATGCC-2","Dividing Tumor"
"SYNTH-38-35-1","Capture_5'_GTGGGTCAGTGTCCCG-3","Tumor"
"SYNTH-38-35-1","Capture_3'_CATAAGCTCATAGACC-4","T-cells"
"SYNTH-38-35-1","Capture_3'_AGGTAGGGTACAAGCG-2","Dividing Tumor"
"SYNTH-38-35-1","Capture_5'_GCTGCGACATATGCTG-4","T-cells"
"SYNTH-38-36-1","Capture_5'_TGCGGGTTCTGCTGCT-3","Tumor"
"SYNTH-38-36-1","Capture_5'_CGTAGGCGTTCAACCA-4","Tumor"
"SYNTH-38-36-1","Capture_5'_AGTGGGAAGTTTCCTT-1","Dividing Tumor"
"SYNTH-38-37-1","Capture_5'_ACTATCTGTCTGGAGA-3","T-cells"
"SYNTH-38-37-1","Capture_5'_GGCAATTTCCACGTGG-3","Tumor"
"SYNTH-38-37-1","Capture_5'_CGAGCACGTGCAGACA-4","Dividing Tumor"
"SYNTH-38-37-1","Capture_3'_CGTGCTTTCTAGTTCT-4","TAMs"
"SYNTH-38-37-1","Capture_5'_CGTCAGGCAGGTGGAT-4","Tumor"
"SYNTH-38-37-1","Capture_5'_ACGAGCCGTATAAACG-4","Tumor"
"SYNTH-38-37-1","Capture_5'_ATGCGATAGGCTATCT-2","T-cells"
"SYNTH-38-38-1","Capture_5'_GGGCATCTCCTGTACC-3","T-cells"
"SYNTH-38-38-1","Capture_3'_TCCTCGAAGATGAAGG-1","Luminal A"
"SYNTH-38-38-1","Capture_3'_TTTGTTGCACATAGCT-4","T-cells"
"SYNTH-38-38-1","Capture_5'_ACAGCTAGTCCAGTGC-2","Dividing Tumor"
"SYNTH-38-38-1","Capture_5'_GGTATTGAGATATGCA-4","Tumor"
"SYNTH-38-38-1","Capture_5'_GCATGCGAGTGTTAGA-4","Tumor"
"SYNTH-38-38-1","Capture_5'_GTCGTAACACCTATCC-4","Tumor"
"SYNTH-38-38-1","Capture_5'_CCGTTCAAGACAGAGA-2","Tumor"
"SYNTH-38-39-1","Capture_5'_GTCGTAAAGCTGATAA-2","Tumor"
"SYNTH-38-39-1","Capture_5'_TGTGGTACAAAGTCAA-4","Dividing Tumor"
"SYNTH-38-39-1","Capture_5'_TTCTTAGAGGTGACCA-3","Tumor"
"SYNTH-38-39-1","Capture_3'_CTGAGCGAGGTGCTAG-3","Dividing Tumor"
"SYNTH-38-40-1","Capture_3'_ACAGCCGGTGGTCTCG-2","T-cells"
"SYNTH-38-40-1","Capture_5'_AACTCAGCATCTATGG-1","Tumor"
"SYNTH-38-40-1","Capture_3'_CATCCGTTCCCGTTGT-4","Dividing Tumor"
"SYNTH-38-40-1","Capture_3'_CTCGAGGGTTGGCCTG-3","Fibroblasts"
"SYNTH-38-40-1","Capture_3'_GTGGCGTAGTTCCAGT-2","Tumor"
"SYNTH-38-40-1","Capture_5'_AGTAGTCGTGGCCCTA-1","Dividing Tumor"
"SYNTH-38-40-1","Capture_5'_GATGCTAAGCAGCCTC-2","Tumor"
"SYNTH-38-40-1","Capture_5'_CTCTACGCATAGTAAG-3","T-cells"
"SYNTH-38-40-1","Capture_3'_CATGCAAAGCCACAAG-4","Dividing Tumor"
"SYNTH-38-40-1","Capture_5'_AGCATACTCGGGAGTA-3","Tumor"
"SYNTH-38-41-1","Capture_5'_TGCGCAGAGTTGAGTA-2","Tumor"
"SYNTH-38-41-1","Capture_5'_GTAACTGAGTTACGGG-1","Tumor"
"SYNTH-38-41-1","Capture_5'_GGCGACTCATCCTTGC-1","Plasma Cells"
"SYNTH-38-41-1","Capture_5'_GCAGTTAAGCGTGAGT-1","B-cells"
"SYNTH-38-42-1","Capture_5'_TACTCGCGTAAGTGTA-4","Tumor"
"SYNTH-38-42-1","Capture_5'_GTTACAGCATTGCGGC-4","Luminal A"
"SYNTH-38-42-1","Capture_3'_AAACCCACATCCGTGG-3","Tumor"
"SYNTH-38-42-1","Capture_5'_CTTAGGAGTTCAGTAC-4","Dividing Tumor"
"SYNTH-38-42-1","Capture_3'_TTTCACACAATACCCA-1","Dividing Tumor"
"SYNTH-38-42-1","Capture_3'_AGGTGTTCAAGTCCAT-3","Dividing Tumor"
"SYNTH-38-43-1","Capture_5'_CGGACGTTCTTTAGGG-3","Tumor"
"SYNTH-38-43-1","Capture_5'_TTATGCTAGCGATTCT-1","Tumor"
"SYNTH-38-43-1","Capture_3'_TCATACTCAGGCATTT-4","Tumor"
"SYNTH-38-43-1","Capture_5'_GGAAAGCCATTATCTC-1","Luminal A"
"SYNTH-38-43-1","Capture_3'_AGGACGAGTAGTCCTA-3","TAMs"
"SYNTH-38-43-1","Capture_5'_GAGCAGAAGCTAGTCT-3","Tumor"
"SYNTH-38-43-1","Capture_5'_CGCTGGACAGTCGTGC-2","Dividing Tumor"
"SYNTH-38-43-1","Capture_5'_AGCAGCCAGCCCAACC-4","Tumor"
"SYNTH-38-43-1","Capture_5'_AAAGATGGTCGCCATG-1","TAMs"
"SYNTH-38-44-1","Capture_5'_ATCGAGTAGGTGCTAG-4","Tumor"
"SYNTH-38-44-1","Capture_5'_CTAACTTAGTCGATAA-4","Dividing Tumor"
"SYNTH-38-45-1","Capture_3'_CTACGGGAGTTGAATG-1","Dividing Tumor"
"SYNTH-38-45-1","Capture_5'_ATTGGTGGTGTGCGTC-4","Tumor"
"SYNTH-38-45-1","Capture_3'_GTGGAGACATTGACCA-2","Luminal A"
"SYNTH-38-46-1","Capture_5'_CACCTTGGTGAGTGAC-4","T-cells"
"SYNTH-38-46-1","Capture_3'_CATCAAGTCCTACGGG-3","T-cells"
"SYNTH-38-46-1","Capture_5'_AGTAGTCCACAACGTT-1","Tumor"
"SYNTH-38-46-1","Capture_5'_AAAGCAAAGCACAGGT-4","Tumor"
"SYNTH-38-46-1","Capture_3'_CACGTGGGTACTCGAT-3","Dividing Tumor"
"SYNTH-38-46-1","Capture_5'_TGCACCTAGAAACGAG-3","Tumor"
"SYNTH-38-46-1","Capture_5'_TGATTTCCATACGCCG-2","Dividing Tumor"
"SYNTH-38-46-1","Capture_5'_ATAGACCCACAGGTTT-1","Luminal A"
"SYNTH-38-47-1","Capture_5'_CATTATCGTTCCAACA-4","Tumor"
"SYNTH-38-47-1","Capture_5'_GCACATACACCTTGTC-2","Tumor"
"SYNTH-38-47-1","Capture_5'_TGGTTCCGTAGATTAG-2","Dividing Tumor"
"SYNTH-38-47-1","Capture_3'_GCATCTCCACACAGCC-2","Luminal A"
"SYNTH-38-47-1","Capture_5'_AGCAGCCGTTGATTGC-4","Tumor"
"SYNTH-38-48-1","Capture_3'_TCATTCAGTGGCCACT-3","Tumor"
"SYNTH-38-48-1","Capture_5'_TCGCGTTTCCCACTTG-1","Tumor"
"SYNTH-38-48-1","Capture_5'_GCATACAAGTACGCCC-2","Tumor"
"SYNTH-38-48-1","Capture_5'_TGGTTCCAGTGTCCCG-2","Dividing Tumor"
"SYNTH-38-48-1","Capture_3'_CAGGCCAAGGATGTTA-3","Tumor"
"SYNTH-38-48-1","Capture_5'_TCGAGGCTCATGTCTT-3","Tumor"
"SYNTH-38-48-1","Capture_3'_ACCTACCTCATTCGGA-3","Fibroblasts"
"SYNTH-38-48-1","Capture_5'_GCATGTAAGTCACGCC-4","T-cells"
"SYNTH-38-49-1","Capture_5'_CCTTTCTTCTATCCTA-1","Tumor"
"SYNTH-38-50-1","Capture_5'_CCACTACAGACCTTTG-2","Tumor"
"SYNTH-38-50-1","Capture_5'_ACCAGTACATCGACGC-4","T-cells"
"SYNTH-38-50-1","Capture_5'_TACTCATGTAGCTTGT-2","Tumor"
"SYNTH-38-50-1","Capture_5'_GGAATAATCTTGCCGT-4","Dividing Tumor"
"SYNTH-38-50-1","Capture_3'_GGCTTTCTCCCATAGA-4","TAMs"
"SYNTH-38-50-1","Capture_5'_CTCAGAATCCACGTTC-3","Luminal A"
"SYNTH-38-50-1","Capture_5'_GTCAAGTCAAATTGCC-4","Dividing Tumor"
"SYNTH-38-50-1","Capture_5'_ACGGCCACAATGGTCT-2","Luminal A"
"SYNTH-38-50-1","Capture_3'_TACCTGCTCGGCCAAC-3","Dividing Tumor"
"SYNTH-38-50-1","Capture_3'_TATCTTGAGCGTATGG-3","Tumor"
"SYNTH-39-1-1","Capture_5'_ATCGAGTCACAGATTC-4","T-cells"
"SYNTH-39-1-1","Capture_5'_ACGCCGATCTTACCGC-3","Dividing Tumor"
"SYNTH-39-1-1","Capture_3'_TGCTTCGCATATCTCT-4","Tumor"
"SYNTH-39-2-1","Capture_3'_TCCTGCATCCACACCT-3","T-cells"
"SYNTH-39-2-1","Capture_3'_TTCTCTCTCGATAACC-3","Myoepithelial Cells"
"SYNTH-39-2-1","Capture_5'_ATAACGCAGGCGTACA-4","Tumor"
"SYNTH-39-2-1","Capture_5'_CCGTGGAGTTAGGGTG-3","TAMs"
"SYNTH-39-2-1","Capture_5'_AAACCTGAGCTGCGAA-2","Tumor"
"SYNTH-39-2-1","Capture_5'_CAAGATCAGTGGAGTC-2","Tumor"
"SYNTH-39-2-1","Capture_3'_CTGTATTGTGGGATTG-1","Dividing Tumor"
"SYNTH-39-3-1","Capture_3'_CCTGTTGTCATGAAAG-4","Luminal A"
"SYNTH-39-3-1","Capture_5'_ACTGATGTCAAACGGG-3","Tumor"
"SYNTH-39-3-1","Capture_5'_AGGGATGAGCAGCGTA-1","TAMs"
"SYNTH-39-3-1","Capture_5'_TCAGATGGTCAGAGGT-3","Luminal A"
"SYNTH-39-3-1","Capture_5'_GAACATCAGTACACCT-3","T-cells"
"SYNTH-39-3-1","Capture_5'_ATGTGTGAGGGCTTCC-3","Tumor"
"SYNTH-39-3-1","Capture_5'_GTTTCTAGTCGAATCT-4","T-cells"
"SYNTH-39-3-1","Capture_5'_GGACATTTCTCCAGGG-4","Dividing Tumor"
"SYNTH-39-3-1","Capture_5'_CTAGAGTAGACTGTAA-1","Tumor"
"SYNTH-39-4-1","Capture_5'_TTGTAGGAGCGATAGC-1","Tumor"
"SYNTH-39-5-1","Capture_5'_CTCGAAATCTTGTACT-3","T-cells"
"SYNTH-39-5-1","Capture_5'_AAGGTTCTCGTGGTCG-2","T-cells"
"SYNTH-39-5-1","Capture_5'_GAGCAGACACCGATAT-2","Tumor"
"SYNTH-39-5-1","Capture_5'_TCCCGATTCACCAGGC-3","Luminal A"
"SYNTH-39-5-1","Capture_3'_ACCGTTCAGCCAAGGT-3","Tumor"
"SYNTH-39-5-1","Capture_5'_GAAATGATCACCGGGT-3","Tumor"
"SYNTH-39-6-1","Capture_5'_GTGCTTCGTTTCCACC-3","Tumor"
"SYNTH-39-6-1","Capture_3'_GTACAGTCAGGCACTC-3","Dividing Tumor"
"SYNTH-39-6-1","Capture_3'_GCAGCTGTCATGCGGC-4","Dividing Tumor"
"SYNTH-39-6-1","Capture_3'_TCCTTCTTCAGTGTTG-3","Dividing Tumor"
"SYNTH-39-6-1","Capture_5'_TACTTGTAGCTCAACT-4","Tumor"
"SYNTH-39-6-1","Capture_5'_AGATCTGTCTGTCCGT-3","T-cells"
"SYNTH-39-7-1","Capture_3'_CGAATTGGTTCCGCTT-2","Luminal B"
"SYNTH-39-7-1","Capture_5'_GTACTCCTCTCTTATG-4","Dividing Tumor"
"SYNTH-39-7-1","Capture_5'_GACGCGTCAGGCGATA-3","B-cells"
"SYNTH-39-7-1","Capture_5'_TGAAAGATCGATGAGG-2","Dividing Tumor"
"SYNTH-39-7-1","Capture_5'_CGCTTCAAGTAATCCC-4","T-cells"
"SYNTH-39-7-1","Capture_3'_TCAGTTTGTGTACGCC-3","T-cells"
"SYNTH-39-8-1","Capture_3'_GAGTTTGGTGTCTTGA-2","Dividing Tumor"
"SYNTH-39-8-1","Capture_3'_GTGCAGCTCAAGCGTT-3","Dividing Tumor"
"SYNTH-39-8-1","Capture_3'_CGACAGCTCATTATCC-4","Tumor"
"SYNTH-39-8-1","Capture_3'_GTGTCCTTCTGCGGAC-1","Tumor"
"SYNTH-39-8-1","Capture_5'_GTGTGCGGTTATCCGA-1","T-cells"
"SYNTH-39-8-1","Capture_3'_ACTTAGGGTAGAGGAA-4","B-cells"
"SYNTH-39-8-1","Capture_5'_GCACATATCCCAAGAT-4","Tumor"
"SYNTH-39-9-1","Capture_5'_TCGCGTTTCGTGGACC-3","Tumor"
"SYNTH-39-9-1","Capture_5'_ACGGGCTGTATAGGTA-2","Tumor"
"SYNTH-39-9-1","Capture_3'_ACAAGCTGTTGTTGTG-4","Dividing Tumor"
"SYNTH-39-9-1","Capture_5'_GTAACTGCACGCCAGT-4","T-cells"
"SYNTH-39-9-1","Capture_5'_CGATCGGGTACATGTC-4","T-cells"
"SYNTH-39-9-1","Capture_3'_AATTTCCGTTGTCTAG-2","T-cells"
"SYNTH-39-9-1","Capture_3'_TCGGGTGGTACTGCCG-4","Dividing Tumor"
"SYNTH-39-10-1","Capture_5'_ACGATGTAGCGCCTTG-3","Tumor"
"SYNTH-39-10-1","Capture_3'_TATCGCCCACACCGCA-3","Tumor"
"SYNTH-39-10-1","Capture_3'_GTTGCTCCATAACGGG-3","Tumor"
"SYNTH-39-10-1","Capture_5'_TTTGTCATCACTTACT-3","Tumor"
"SYNTH-39-10-1","Capture_3'_ACTTTGTTCCATGAGT-3","Tumor"
"SYNTH-39-10-1","Capture_3'_CTCAGAACATGTGTCA-3","T-cells"
"SYNTH-39-10-1","Capture_5'_TTGCGTCCAAACCCAT-2","Tumor"
"SYNTH-39-10-1","Capture_3'_GGAGCAAGTATAGCTC-4","Tumor"
"SYNTH-39-10-1","Capture_5'_CTCGAAAAGCCGTCGT-2","Tumor"
"SYNTH-39-11-1","Capture_5'_GATCAGTGTACTTCTT-3","Tumor"
"SYNTH-39-12-1","Capture_5'_GGAATAACATGTTCCC-3","Tumor"
"SYNTH-39-12-1","Capture_5'_GTCTTCGTCGAGGTAG-4","Dividing Tumor"
"SYNTH-39-12-1","Capture_5'_CTCATTAAGGCATGTG-1","Dividing Tumor"
"SYNTH-39-12-1","Capture_5'_ACAGCTATCATGCTCC-4","Tumor"
"SYNTH-39-12-1","Capture_3'_ACCACAACACGTACTA-4","Dividing Tumor"
"SYNTH-39-12-1","Capture_3'_GTCTGTCAGAAGAACG-3","Endothelial Cells"
"SYNTH-39-12-1","Capture_5'_CTACATTCAAGTTGTC-4","Tumor"
"SYNTH-39-13-1","Capture_5'_GTCCTCATCGGAATCT-3","Dividing Tumor"
"SYNTH-39-13-1","Capture_5'_CATTCGCGTCTGCAAT-4","Dividing Tumor"
"SYNTH-39-13-1","Capture_3'_CATGGATTCCTAAACG-1","Endothelial Cells"
"SYNTH-39-13-1","Capture_3'_TATTCCAAGTCACGAG-3","Tumor"
"SYNTH-39-13-1","Capture_3'_TGAGCATCACGCGTCA-2","Tumor"
"SYNTH-39-13-1","Capture_5'_CTTAACTAGATGGGTC-2","Dividing Tumor"
"SYNTH-39-13-1","Capture_3'_GATTTCTCAACACTAC-2","Tumor"
"SYNTH-39-13-1","Capture_5'_CGTGTAAGTCAATACC-3","Luminal A"
"SYNTH-39-13-1","Capture_5'_GGCGTGTCATGAACCT-3","Tumor"
"SYNTH-39-13-1","Capture_5'_CTCTAATCAAGGGTCA-1","Tumor"
"SYNTH-39-14-1","Capture_5'_CTGTGCTTCATTGCGA-1","T-cells"
"SYNTH-39-14-1","Capture_5'_GGTATTGTCCGCAGTG-4","T-cells"
"SYNTH-39-14-1","Capture_3'_AAGCGAGTCGAGGCAA-1","Tumor"
"SYNTH-39-15-1","Capture_5'_TGCGCAGGTTCATGGT-4","T-cells"
"SYNTH-39-16-1","Capture_5'_TGGGCGTTCTAGAGTC-4","Plasma Cells"
"SYNTH-39-16-1","Capture_5'_TTGGAACCAGACGTAG-3","Tumor"
"SYNTH-39-16-1","Capture_5'_ACGCAGCGTGTAACGG-1","T-cells"
"SYNTH-39-16-1","Capture_5'_TCGCGTTGTAGGACAC-4","Tumor"
"SYNTH-39-16-1","Capture_3'_TACGCTCGTATCAAGA-4","Dividing Tumor"
"SYNTH-39-16-1","Capture_5'_CAGCGACAGCAGATCG-1","T-cells"
"SYNTH-39-16-1","Capture_5'_CTCAGAAGTGATGTGG-2","Tumor"
"SYNTH-39-16-1","Capture_5'_TGCGGGTGTCCGAAGA-2","Dividing Tumor"
"SYNTH-39-16-1","Capture_5'_AACCATGCAAGGTTCT-4","Dividing Tumor"
"SYNTH-39-16-1","Capture_3'_AGAACCTCACCAAATC-1","Fibroblasts"
"SYNTH-39-17-1","Capture_5'_TCAGCAACATTTGCCC-2","Tumor"
"SYNTH-39-17-1","Capture_3'_CTGTGGGAGGTTCACT-3","Dividing Tumor"
"SYNTH-39-17-1","Capture_5'_AGGCCGTAGTCAAGGC-1","Tumor"
"SYNTH-39-17-1","Capture_5'_TCTCATAAGTTGTCGT-2","Tumor"
"SYNTH-39-17-1","Capture_5'_GTGCAGCTCGGTCCGA-3","T-cells"
"SYNTH-39-17-1","Capture_5'_CCTACACCATGAAGTA-4","Tumor"
"SYNTH-39-18-1","Capture_3'_GTCCTCACAAGTGGAC-4","B-cells"
"SYNTH-39-18-1","Capture_5'_CTGTTTACACGGACAA-1","Luminal A"
"SYNTH-39-18-1","Capture_5'_AATCGGTTCTTCCTTC-4","Tumor"
"SYNTH-39-19-1","Capture_5'_TATCTCAAGTTCCACA-3","T-cells"
"SYNTH-39-19-1","Capture_5'_AGCCTAAGTGCAACTT-3","Dividing Tumor"
"SYNTH-39-19-1","Capture_3'_ACACCAAGTTCATCTT-3","Luminal A"
"SYNTH-39-19-1","Capture_3'_GGTAACTTCGTCGGGT-1","Tumor"
"SYNTH-39-19-1","Capture_5'_GACCAATCAATGAATG-2","Dividing Tumor"
"SYNTH-39-20-1","Capture_5'_AAGACCTCAGGATTGG-4","Dividing Tumor"
"SYNTH-39-20-1","Capture_5'_CCACTACAGCGATTCT-4","Tumor"
"SYNTH-39-20-1","Capture_5'_CGAGAAGCACGAAACG-4","Luminal A"
"SYNTH-39-20-1","Capture_3'_CAGTTCCAGAGAGCAA-1","Dividing Tumor"
"SYNTH-39-20-1","Capture_3'_CTTTCGGCACGCTGTG-3","Tumor"
"SYNTH-39-20-1","Capture_5'_ACATCAGGTGGCCCTA-1","T-cells"
"SYNTH-39-20-1","Capture_5'_ACGGAGAGTCGCGGTT-1","Tumor"
"SYNTH-39-20-1","Capture_5'_TAAGTGCCACAGCGTC-3","Dividing Tumor"
"SYNTH-39-21-1","Capture_5'_TTCTCCTGTACTCTCC-4","Tumor"
"SYNTH-39-21-1","Capture_3'_ATCTTCAAGATGATTG-4","T-cells"
"SYNTH-39-21-1","Capture_3'_TTACCGCTCGCTGACG-1","Tumor"
"SYNTH-39-21-1","Capture_3'_ACCTGTCTCAAAGCCT-1","Tumor"
"SYNTH-39-21-1","Capture_5'_GTAACTGGTGGTACAG-4","Dividing Tumor"
"SYNTH-39-21-1","Capture_5'_GCACTCTCAATAAGCA-4","Tumor"
"SYNTH-39-21-1","Capture_5'_GTGCATACAATCACAC-2","Tumor"
"SYNTH-39-21-1","Capture_5'_GGATTACAGATCTGCT-1","T-cells"
"SYNTH-39-21-1","Capture_3'_TACCCGTGTTAAGCAA-3","Tumor"
"SYNTH-39-22-1","Capture_5'_ACGAGCCTCTCTAGGA-2","T-cells"
"SYNTH-39-22-1","Capture_5'_TCTTCGGAGAGCCTAG-4","Tumor"
"SYNTH-39-22-1","Capture_3'_AAACGAACAACACGTT-2","Tumor"
"SYNTH-39-23-1","Capture_5'_TCATTACCAACACCTA-3","T-cells"
"SYNTH-39-23-1","Capture_5'_GCATACAGTCCCTACT-1","Luminal A"
"SYNTH-39-23-1","Capture_5'_TGCCAAAAGTTAGGTA-2","Tumor"
"SYNTH-39-23-1","Capture_5'_GAATGAACACTGAAGG-3","Tumor"
"SYNTH-39-23-1","Capture_5'_AACTCAGTCGCCTGTT-4","Dividing Tumor"
"SYNTH-39-23-1","Capture_5'_AAGTCTGGTGATGTGG-1","T-cells"
"SYNTH-39-23-1","Capture_5'_GCGCAACCAGGTTTCA-2","Tumor"
"SYNTH-39-24-1","Capture_5'_GTTCGGGAGGGAGTAA-4","T-cells"
"SYNTH-39-24-1","Capture_5'_AACTCAGCATCTATGG-1","Tumor"
"SYNTH-39-24-1","Capture_5'_GACCAATAGTGAACGC-4","Tumor"
"SYNTH-39-24-1","Capture_5'_GCATGTACATAACCTG-4","Dividing Tumor"
"SYNTH-39-25-1","Capture_5'_GCAGCCATCGGCATCG-2","Endothelial Cells"
"SYNTH-39-25-1","Capture_5'_CCAGCGAGTCGCATCG-4","Dividing Tumor"
"SYNTH-39-25-1","Capture_5'_GCAGTTAAGACCTAGG-4","T-cells"
"SYNTH-39-25-1","Capture_5'_ACAGCCGCAGAGTGTG-4","Dividing Tumor"
"SYNTH-39-25-1","Capture_5'_ATTGGTGTCGATCCCT-2","Tumor"
"SYNTH-39-25-1","Capture_5'_CACCTTGAGACCTTTG-3","Luminal A"
"SYNTH-39-25-1","Capture_5'_TCAATCTTCTTGCAAG-3","T-cells"
"SYNTH-39-25-1","Capture_5'_GTAGTCAAGGATGCGT-3","T-cells"
"SYNTH-39-25-1","Capture_3'_TACAGGTCAGAGAATT-4","Tumor"
"SYNTH-39-26-1","Capture_3'_CGGGCATAGCGATGAC-2","Dividing Tumor"
"SYNTH-39-26-1","Capture_5'_GGGTTGCCAATCAGAA-2","Dividing Tumor"
"SYNTH-39-26-1","Capture_5'_GCTGGGTCAAACGTGG-3","Myoepithelial Cells"
"SYNTH-39-26-1","Capture_5'_CGAACATCATGTTCCC-2","T-cells"
"SYNTH-39-26-1","Capture_5'_AGTGAGGGTATATGAG-4","Dividing Tumor"
"SYNTH-39-26-1","Capture_5'_GTAGGCCTCACCTTAT-3","Tumor"
"SYNTH-39-26-1","Capture_3'_CTAGGTAAGAAGGGAT-2","Tumor"
"SYNTH-39-27-1","Capture_5'_AGGCCGTAGTCAAGGC-1","Tumor"
"SYNTH-39-27-1","Capture_3'_CACTGAACATTCTTCA-4","Dividing Tumor"
"SYNTH-39-27-1","Capture_5'_TACTCGCTCATCACCC-2","Plasma Cells"
"SYNTH-39-27-1","Capture_3'_TGAGGAGAGTGATGGC-4","Tumor"
"SYNTH-39-27-1","Capture_3'_AAACCCAGTTCTCCCA-4","T-cells"
"SYNTH-39-27-1","Capture_5'_GCGCGATTCTGAGTGT-2","Tumor"
"SYNTH-39-27-1","Capture_5'_GTACTCCAGATATACG-1","TAMs"
"SYNTH-39-27-1","Capture_5'_ACGCCGATCTTACCGC-3","Dividing Tumor"
"SYNTH-39-27-1","Capture_5'_ATTATCCTCACCGGGT-3","Dividing Tumor"
"SYNTH-39-28-1","Capture_5'_GCATACAGTAGGAGTC-1","Tumor"
"SYNTH-39-28-1","Capture_5'_GCTTGAAGTGCATCTA-3","Luminal B"
"SYNTH-39-28-1","Capture_3'_GTCCTCACACTTCTCG-2","Tumor"
"SYNTH-39-28-1","Capture_5'_CATCGGGTCGAATCCA-1","Tumor"
"SYNTH-39-28-1","Capture_5'_ACTTGTTAGTACGACG-2","Tumor"
"SYNTH-39-28-1","Capture_3'_GACTGATAGGTGGCTA-1","Tumor"
"SYNTH-39-28-1","Capture_5'_TAGCCGGGTGATGATA-4","Tumor"
"SYNTH-39-28-1","Capture_5'_TGGCTGGAGTGTGGCA-2","Tumor"
"SYNTH-39-28-1","Capture_5'_GACCAATCACGCCAGT-4","Tumor"
"SYNTH-39-29-1","Capture_5'_ATTACTCAGGCCATAG-2","Dividing Tumor"
"SYNTH-39-29-1","Capture_5'_ACACCAAGTAGCTAAA-1","Tumor"
"SYNTH-39-29-1","Capture_5'_AAGGTTCTCTTCATGT-2","Tumor"
"SYNTH-39-29-1","Capture_5'_AGCGTCGTCAGTACGT-3","T-cells"
"SYNTH-39-30-1","Capture_5'_TCGTACCCACTTAAGC-2","Tumor"
"SYNTH-39-30-1","Capture_3'_GACAGCCGTTTACCAG-3","Dividing Tumor"
"SYNTH-39-31-1","Capture_5'_TGGGAAGTCCTATTCA-4","T-cells"
"SYNTH-39-31-1","Capture_3'_GTTGCTCAGGTGCGAT-1","T-cells"
"SYNTH-39-31-1","Capture_3'_CTTTCAATCTTACGGA-3","T-cells"
"SYNTH-39-32-1","Capture_5'_TGAGGGAGTGCACCAC-1","Tumor"
"SYNTH-39-32-1","Capture_5'_TGTCCCAGTGTCAATC-1","Tumor"
"SYNTH-39-32-1","Capture_3'_GGAGGTACAGCTTCCT-4","B-cells"
"SYNTH-39-32-1","Capture_5'_ATAGACCAGTATCGAA-4","T-cells"
"SYNTH-39-32-1","Capture_5'_ACACTGAAGTGTACGG-3","Dividing Tumor"
"SYNTH-39-32-1","Capture_5'_TGAAAGATCGTCGTTC-4","Luminal A"
"SYNTH-39-33-1","Capture_3'_TGATCAGAGTCTAACC-2","Tumor"
"SYNTH-39-33-1","Capture_5'_GGCAATTCACGGATAG-3","Tumor"
"SYNTH-39-33-1","Capture_5'_ACGAGGACATGACGGA-4","Fibroblasts"
"SYNTH-39-33-1","Capture_5'_CCTTACGCACGGTAAG-4","T-cells"
"SYNTH-39-33-1","Capture_5'_TCACGAACAGCTGTGC-3","Dividing Tumor"
"SYNTH-39-33-1","Capture_3'_TGTAGACTCACCGGTG-3","Tumor"
"SYNTH-39-33-1","Capture_5'_GTTCATTGTCGCTTTC-4","T-cells"
"SYNTH-39-33-1","Capture_3'_CATCGGGAGCCATATC-4","T-cells"
"SYNTH-39-34-1","Capture_5'_GGCGACTAGTGGCACA-2","Tumor"
"SYNTH-39-35-1","Capture_5'_CTACACCCACGGCTAC-3","Tumor"
"SYNTH-39-35-1","Capture_5'_CGCCAAGAGTATGACA-2","Dividing Tumor"
"SYNTH-39-35-1","Capture_3'_GCCGATGTCCAAAGGG-2","Tumor"
"SYNTH-39-35-1","Capture_3'_GTAGATCTCGTCTAAG-4","Tumor"
"SYNTH-39-35-1","Capture_5'_GTTAAGCTCCTGCTTG-3","Tumor"
"SYNTH-39-36-1","Capture_5'_AGGGATGTCAGTGTTG-1","Dividing Tumor"
"SYNTH-39-37-1","Capture_5'_ACGCAGCTCTCCCTGA-3","Tumor"
"SYNTH-39-37-1","Capture_5'_ACCAGTATCTTTAGGG-3","Dividing Tumor"
"SYNTH-39-37-1","Capture_5'_AACGTTGTCCGTTGTC-4","T-cells"
"SYNTH-39-38-1","Capture_5'_CCAGCGATCGGTCCGA-1","Tumor"
"SYNTH-39-38-1","Capture_5'_GTGGGTCTCCTGTACC-1","Tumor"
"SYNTH-39-38-1","Capture_3'_AGACAAAGTCTGTCCT-3","Dividing Tumor"
"SYNTH-39-38-1","Capture_5'_TTGACTTAGTTAACGA-3","Dividing Tumor"
"SYNTH-39-39-1","Capture_5'_GAAACTCCAAGCGAGT-1","T-cells"
"SYNTH-39-39-1","Capture_3'_CCCTCAAGTCAATCTG-1","Tumor"
"SYNTH-39-39-1","Capture_5'_CGTCCATAGACACTAA-3","Tumor"
"SYNTH-39-39-1","Capture_5'_TCAGCAAGTCCCTTGT-1","Tumor"
"SYNTH-39-40-1","Capture_5'_GTTCATTTCACTTCAT-2","Dividing Tumor"
"SYNTH-39-40-1","Capture_3'_CCACGTTGTAGCGTTT-3","Dividing Tumor"
"SYNTH-39-40-1","Capture_3'_TGAATCGAGTGGACTG-1","TAMs"
"SYNTH-39-40-1","Capture_3'_CTCCACATCGCCAATA-4","Tumor"
"SYNTH-39-41-1","Capture_5'_CTCGAAACATGTCGAT-4","Tumor"
"SYNTH-39-41-1","Capture_5'_CGGAGTCAGGTCATCT-2","Dividing Tumor"
"SYNTH-39-41-1","Capture_3'_AACGGGATCAATCCGA-4","Tumor"
"SYNTH-39-41-1","Capture_5'_GGAACTTTCAGGTAAA-3","Luminal A"
"SYNTH-39-41-1","Capture_5'_ATCACGACACGTCTCT-1","Tumor"
"SYNTH-39-41-1","Capture_5'_GACGTGCGTACATCCA-4","Dividing Tumor"
"SYNTH-39-41-1","Capture_5'_TCTGGAACACCAGCAC-2","Tumor"
"SYNTH-39-42-1","Capture_5'_CACACTCAGGATGCGT-2","Endothelial Cells"
"SYNTH-39-42-1","Capture_5'_AGCCTAAGTAACGACG-2","Tumor"
"SYNTH-39-42-1","Capture_5'_TTGACTTTCCGTAGTA-4","Tumor"
"SYNTH-39-43-1","Capture_5'_AGAATAGAGATGTCGG-2","Tumor"
"SYNTH-39-43-1","Capture_3'_GCTTTCGTCATGCCGG-3","Tumor"
"SYNTH-39-43-1","Capture_3'_AAAGGTATCGGTCTGG-4","Dividing Tumor"
"SYNTH-39-43-1","Capture_3'_CGATGCGCAACCACAT-3","Luminal A"
"SYNTH-39-43-1","Capture_5'_ACCCACTTCTCTAAGG-3","T-cells"
"SYNTH-39-43-1","Capture_5'_GGCCGATTCACTTACT-4","T-cells"
"SYNTH-39-43-1","Capture_5'_TATCAGGTCTGTTTGT-4","Tumor"
"SYNTH-39-43-1","Capture_5'_GCTCCTACAGGATCGA-4","T-cells"
"SYNTH-39-43-1","Capture_5'_TGACGGCTCTATCGCC-1","Dividing Tumor"
"SYNTH-39-43-1","Capture_5'_GATCTAGAGACGCACA-1","Tumor"
"SYNTH-39-44-1","Capture_3'_GAGTCTATCGCCGAGT-3","Tumor"
"SYNTH-39-44-1","Capture_5'_CAGCGACAGACGCAAC-4","Tumor"
"SYNTH-39-44-1","Capture_5'_AGAATAGGTACATGTC-1","B-cells"
"SYNTH-39-45-1","Capture_3'_GGGTCACTCATGCCCT-4","Tumor"
"SYNTH-39-45-1","Capture_5'_TTTGGTTTCGGTGTCG-3","T-cells"
"SYNTH-39-45-1","Capture_3'_TGCTTGCCACAAGGTG-2","Luminal A"
"SYNTH-39-45-1","Capture_5'_GAAACTCCAGGGTATG-4","Tumor"
"SYNTH-39-45-1","Capture_5'_AGAGTGGGTTGCGTTA-2","T-cells"
"SYNTH-39-45-1","Capture_5'_TGACAACTCTAACTTC-1","Tumor"
"SYNTH-39-46-1","Capture_5'_CTCATTAGTAACGACG-4","Dividing Tumor"
"SYNTH-39-46-1","Capture_3'_CCTCAACAGGAATCGC-1","T-cells"
"SYNTH-39-46-1","Capture_5'_AAACCTGCAAGCTGTT-3","Tumor"
"SYNTH-39-46-1","Capture_5'_GGGACCTGTTTACTCT-2","Dividing Tumor"
"SYNTH-39-46-1","Capture_3'_ACACCAAAGGGCCCTT-3","Dividing Tumor"
"SYNTH-39-46-1","Capture_5'_ATCCACCCAAGTACCT-3","Dividing Tumor"
"SYNTH-39-46-1","Capture_5'_TCGCGAGAGGGCATGT-2","Tumor"
"SYNTH-39-46-1","Capture_5'_AATCGGTCACCCATGG-2","Tumor"
"SYNTH-39-46-1","Capture_3'_AGAGAATCAGTGTACT-1","Tumor"
"SYNTH-39-46-1","Capture_5'_AGATTGCGTGAGTGAC-1","Dividing Tumor"
"SYNTH-39-47-1","Capture_3'_CTACATTCACTGAATC-4","Luminal A"
"SYNTH-39-47-1","Capture_5'_TCGTAGATCGTCTGCT-1","Dividing Tumor"
"SYNTH-39-47-1","Capture_5'_GAACATCGTAATCGTC-4","Dividing Tumor"
"SYNTH-39-47-1","Capture_3'_AGGCTGCCAGCGACCT-3","Endothelial Cells"
"SYNTH-39-48-1","Capture_3'_GACTATGGTAATGCGG-2","Dividing Tumor"
"SYNTH-39-48-1","Capture_5'_ACTATCTGTCCAGTTA-4","T-cells"
"SYNTH-39-48-1","Capture_3'_TCGGGCAAGATTAGAC-4","Dividing Tumor"
"SYNTH-39-48-1","Capture_3'_AGCTTCCGTCTGTAAC-3","Dividing Tumor"
"SYNTH-39-48-1","Capture_5'_ATAAGAGCATCGATTG-4","Dividing Tumor"
"SYNTH-39-48-1","Capture_5'_GCGCAACTCACATACG-1","Dividing Tumor"
"SYNTH-39-48-1","Capture_5'_TTCGAAGGTGTTTGGT-4","Tumor"
"SYNTH-39-49-1","Capture_5'_TACTTGTCATGTAGTC-2","Tumor"
"SYNTH-39-49-1","Capture_5'_TCATTTGCAGCCTATA-4","Dividing Tumor"
"SYNTH-39-50-1","Capture_3'_AGACCATTCCCAACTC-2","Luminal B"
"SYNTH-39-50-1","Capture_3'_AGCGATTAGCGATGCA-3","Tumor"
"SYNTH-39-50-1","Capture_5'_CAACCTCCAGGGATTG-3","Luminal B"
"SYNTH-39-50-1","Capture_3'_AACGGGATCTGCTTAT-1","Tumor"
"SYNTH-39-50-1","Capture_5'_ATAGACCCAACGCACC-4","T-cells"
"SYNTH-39-50-1","Capture_5'_TTTACTGAGACAGACC-1","Tumor"
"SYNTH-39-50-1","Capture_5'_AGCTCCTTCTCCAGGG-4","Dividing Tumor"
"SYNTH-40-1-1","Capture_5'_TACTCATGTAGCTTGT-3","Tumor"
"SYNTH-40-1-1","Capture_3'_TGAGTCAGTGCTCGTG-1","Endothelial Cells"
"SYNTH-40-1-1","Capture_3'_GATCATGGTAGGGTAC-3","Fibroblasts"
"SYNTH-40-1-1","Capture_5'_CTAACTTGTGAAGGCT-2","Tumor"
"SYNTH-40-1-1","Capture_5'_CAGCGACAGACCGGAT-3","Endothelial Cells"
"SYNTH-40-1-1","Capture_5'_TGAGAGGAGCTGCCCA-1","Luminal A"
"SYNTH-40-2-1","Capture_5'_AGCGTATGTCTTTCAT-2","Tumor"
"SYNTH-40-2-1","Capture_3'_CTCAAGAGTTCGAGCC-4","Plasma Cells"
"SYNTH-40-2-1","Capture_3'_ACTTATCAGGGCATGT-2","T-cells"
"SYNTH-40-3-1","Capture_5'_TTCTACACAGCCACCA-4","Tumor"
"SYNTH-40-3-1","Capture_5'_AGGCCACGTTACGGAG-3","T-cells"
"SYNTH-40-3-1","Capture_3'_ATACCTTCAATGTGGG-4","Tumor"
"SYNTH-40-4-1","Capture_5'_CACCACTGTCATATGC-2","Tumor"
"SYNTH-40-4-1","Capture_5'_GAACGGATCACAACGT-1","Dividing Tumor"
"SYNTH-40-4-1","Capture_5'_GGCCGATAGCGCTCCA-2","Dividing Tumor"
"SYNTH-40-5-1","Capture_5'_GGACAGAAGTGTTTGC-2","Dividing Tumor"
"SYNTH-40-5-1","Capture_3'_TTTGATCCACAGCTTA-3","Tumor"
"SYNTH-40-5-1","Capture_3'_TCAGGGCAGACCATAA-1","Tumor"
"SYNTH-40-5-1","Capture_5'_ACTTTCAGTCGGGTCT-3","Dividing Tumor"
"SYNTH-40-5-1","Capture_5'_CATATGGTCTTGAGAC-2","Dividing Tumor"
"SYNTH-40-5-1","Capture_5'_GACGGCTTCACCGGGT-1","Tumor"
"SYNTH-40-6-1","Capture_3'_ATTTCACAGTTGTACC-2","T-cells"
"SYNTH-40-7-1","Capture_3'_ATCGGATGTCTTTATC-2","Tumor"
"SYNTH-40-7-1","Capture_5'_CGGACACGTTTCCACC-4","Luminal A"
"SYNTH-40-7-1","Capture_5'_TGAGCCGGTAGATTAG-4","Tumor"
"SYNTH-40-7-1","Capture_5'_ATAGACCAGTTTCCTT-4","T-cells"
"SYNTH-40-7-1","Capture_3'_CAACAACTCTGCTGAA-3","T-cells"
"SYNTH-40-7-1","Capture_5'_CGAGAAGTCACGATGT-4","Luminal A"
"SYNTH-40-8-1","Capture_5'_CTTGGCTAGATGTCGG-4","Tumor"
"SYNTH-40-8-1","Capture_5'_GATGCTATCAGATAAG-1","Dividing Tumor"
"SYNTH-40-8-1","Capture_5'_GTTACAGCACGTAAGG-3","Dividing Tumor"
"SYNTH-40-8-1","Capture_5'_CTTTGCGGTGGTGTAG-2","Dividing Tumor"
"SYNTH-40-8-1","Capture_5'_GGAATAACACAGGTTT-4","TAMs"
"SYNTH-40-8-1","Capture_5'_TCATTACCAACACCTA-3","T-cells"
"SYNTH-40-8-1","Capture_5'_TACACGATCAGCTGGC-4","T-cells"
"SYNTH-40-8-1","Capture_5'_GTACTCCTCAGCACAT-2","Tumor"
"SYNTH-40-9-1","Capture_5'_AATCCAGGTTCCAACA-3","Tumor"
"SYNTH-40-9-1","Capture_5'_ACAGCCGGTCAGAAGC-2","Tumor"
"SYNTH-40-9-1","Capture_5'_CAGCAGCAGGTGCTAG-3","T-cells"
"SYNTH-40-9-1","Capture_5'_ACACCCTCACCCTATC-2","Endothelial Cells"
"SYNTH-40-9-1","Capture_5'_CTCGAAACAGGCTGAA-2","T-cells"
"SYNTH-40-9-1","Capture_5'_TACGGGCTCCCTGACT-3","Tumor"
"SYNTH-40-9-1","Capture_3'_ACTTATCGTGCACATT-4","Luminal A"
"SYNTH-40-9-1","Capture_3'_ATCATTCAGGCTGGAT-4","Tumor"
"SYNTH-40-10-1","Capture_5'_TACTCATAGCAGGTCA-4","T-cells"
"SYNTH-40-10-1","Capture_5'_AGGGTGAAGCCAGTTT-1","Endothelial Cells"
"SYNTH-40-10-1","Capture_5'_GACGCGTCAGGCGATA-3","B-cells"
"SYNTH-40-10-1","Capture_5'_CGATGGCCACCGTTGG-2","Tumor"
"SYNTH-40-10-1","Capture_5'_TGGCGCATCCTCAATT-4","Myoepithelial Cells"
"SYNTH-40-10-1","Capture_5'_ATCACGACATCAGTCA-4","Tumor"
"SYNTH-40-11-1","Capture_5'_GGGTCTGGTCTCTCTG-2","Fibroblasts"
"SYNTH-40-12-1","Capture_5'_TGACGGCCAAGGTTTC-3","Tumor"
"SYNTH-40-12-1","Capture_5'_GCCAAATAGAGGGCTT-1","Tumor"
"SYNTH-40-12-1","Capture_5'_CTAACTTAGTTACGGG-4","T-cells"
"SYNTH-40-12-1","Capture_3'_CAACAACGTCAATCTG-4","T-cells"
"SYNTH-40-12-1","Capture_5'_ATCACGAGTGAGCGAT-4","Tumor"
"SYNTH-40-12-1","Capture_5'_CCTACACAGTGATCGG-1","Tumor"
"SYNTH-40-13-1","Capture_3'_ATCTCTAGTTACGATC-1","Tumor"
"SYNTH-40-13-1","Capture_5'_TGGACGCAGCGACGTA-1","Tumor"
"SYNTH-40-13-1","Capture_5'_GCGGGTTCACACTGCG-2","Dividing Tumor"
"SYNTH-40-13-1","Capture_5'_AGATTGCAGGCAGTCA-3","Tumor"
"SYNTH-40-13-1","Capture_5'_TGAGAGGGTAGCGCAA-3","TAMs"
"SYNTH-40-13-1","Capture_5'_CACCTTGAGCCAACAG-4","Tumor"
"SYNTH-40-13-1","Capture_5'_ACTTTCAAGTTGCAGG-4","Tumor"
"SYNTH-40-13-1","Capture_3'_GCAGCTGCAGGGCTTC-3","T-cells"
"SYNTH-40-13-1","Capture_5'_GAAATGATCACCGGGT-3","Tumor"
"SYNTH-40-13-1","Capture_5'_CTAACTTCAGTTCATG-1","Tumor"
"SYNTH-40-14-1","Capture_5'_CGAGAAGGTCATATCG-1","Dividing Tumor"
"SYNTH-40-14-1","Capture_3'_CATTGAGAGATAGCTA-2","Endothelial Cells"
"SYNTH-40-14-1","Capture_5'_GCAATCATCAGAGGTG-4","Dividing Tumor"
"SYNTH-40-14-1","Capture_5'_TCTTCGGAGTATCTCG-3","T-cells"
"SYNTH-40-14-1","Capture_5'_TCCACACGTAAATGAC-4","Luminal A"
"SYNTH-40-14-1","Capture_5'_GCCAAATCACCATCCT-3","Luminal A"
"SYNTH-40-15-1","Capture_5'_TCGCGTTGTCACCTAA-2","Dividing Tumor"
"SYNTH-40-15-1","Capture_5'_ATCATGGGTACACCGC-4","Dividing Tumor"
"SYNTH-40-15-1","Capture_5'_TCTGAGACACAACGTT-4","Dividing Tumor"
"SYNTH-40-15-1","Capture_5'_GACTACATCCATGCTC-3","Dividing Tumor"
"SYNTH-40-15-1","Capture_5'_TGCCCTAGTCGACTAT-1","Dividing Tumor"
"SYNTH-40-15-1","Capture_3'_GTGGTTAGTGTGAATA-1","T-cells"
"SYNTH-40-15-1","Capture_5'_CTCGGAGCATAGAAAC-3","Dividing Tumor"
"SYNTH-40-16-1","Capture_5'_GGGATGAGTTCCACGG-4","Tumor"
"SYNTH-40-16-1","Capture_3'_TAGGTACGTCCTGGGT-2","B-cells"
"SYNTH-40-16-1","Capture_5'_CTGGTCTTCGCCTGAG-3","Dividing Tumor"
"SYNTH-40-16-1","Capture_5'_GCTTCCAAGCAGCGTA-3","T-cells"
"SYNTH-40-16-1","Capture_5'_AGAATAGCAACACCTA-2","Tumor"
"SYNTH-40-16-1","Capture_5'_TTCTCAAAGCCATCGC-2","Dividing Tumor"
"SYNTH-40-17-1","Capture_3'_CATCGGGGTTCCGGTG-1","Dividing Tumor"
"SYNTH-40-17-1","Capture_5'_ATTGGACCATGAGCGA-4","Tumor"
"SYNTH-40-17-1","Capture_5'_TGGTTCCTCTTCAACT-3","Luminal A"
"SYNTH-40-17-1","Capture_5'_CTACATTGTCGCATAT-4","B-cells"
"SYNTH-40-17-1","Capture_5'_CCCTCCTGTCCAGTGC-3","Tumor"
"SYNTH-40-17-1","Capture_5'_AGCTCCTGTTTGTGTG-3","Fibroblasts"
"SYNTH-40-18-1","Capture_5'_GTAGGCCTCAGCTTAG-1","Luminal A"
"SYNTH-40-18-1","Capture_3'_GTAGGAGCATCCGCGA-4","Dividing Tumor"
"SYNTH-40-18-1","Capture_5'_AGCTCCTAGATTACCC-3","Dividing Tumor"
"SYNTH-40-18-1","Capture_3'_GCTTGGGTCTTCCGTG-4","T-cells"
"SYNTH-40-19-1","Capture_3'_AAAGGATAGTATTCCG-3","T-cells"
"SYNTH-40-20-1","Capture_5'_TAAGCGTCAAGTTCTG-1","Tumor"
"SYNTH-40-20-1","Capture_5'_CACACTCAGTCATCCA-4","Dividing Tumor"
"SYNTH-40-20-1","Capture_5'_TTCTTAGCAGCCAATT-2","Luminal A"
"SYNTH-40-20-1","Capture_5'_CCGGGATAGGTAAACT-4","T-cells"
"SYNTH-40-20-1","Capture_5'_GCAAACTCACATTCGA-3","Dividing Tumor"
"SYNTH-40-20-1","Capture_5'_TCTCTAAAGCCTATGT-1","Dividing Tumor"
"SYNTH-40-20-1","Capture_5'_GTCATTTTCATCGCTC-2","Tumor"
"SYNTH-40-21-1","Capture_5'_GGAATAATCATGTAGC-4","Luminal A"
"SYNTH-40-21-1","Capture_3'_CTCATCGGTTCAAGTC-3","Luminal A"
"SYNTH-40-21-1","Capture_5'_GGAAAGCTCGCGGATC-4","Endothelial Cells"
"SYNTH-40-21-1","Capture_3'_TTGTTGTTCGCCAGAC-3","TAMs"
"SYNTH-40-21-1","Capture_5'_TAGTGGTAGTTGTAGA-3","Dividing Tumor"
"SYNTH-40-21-1","Capture_3'_CCTAAGATCTAGCCTC-2","Tumor"
"SYNTH-40-21-1","Capture_5'_AGAGTGGCACGACGAA-3","Luminal A"
"SYNTH-40-21-1","Capture_5'_ACGGGCTGTCAGCTAT-3","T-cells"
"SYNTH-40-21-1","Capture_3'_AGGATCTTCGAGTCTA-4","Tumor"
"SYNTH-40-22-1","Capture_5'_AATCCAGTCTCGAGTA-1","Tumor"
"SYNTH-40-22-1","Capture_5'_GTGAAGGGTCTCTTAT-2","Tumor"
"SYNTH-40-22-1","Capture_3'_GACATCAGTGATACAA-4","B-cells"
"SYNTH-40-22-1","Capture_5'_TACCTATTCGATAGAA-4","T-cells"
"SYNTH-40-22-1","Capture_3'_ATGAGTCGTCCATCTC-4","Tumor"
"SYNTH-40-22-1","Capture_3'_CGGGACTGTTTCGTAG-4","Tumor"
"SYNTH-40-22-1","Capture_5'_TGAGCATGTTGGTAAA-3","Dividing Tumor"
"SYNTH-40-23-1","Capture_5'_TCTATTGTCAGTTGAC-4","Dividing Tumor"
"SYNTH-40-23-1","Capture_3'_ACAGAAATCGCTCATC-3","Tumor"
"SYNTH-40-23-1","Capture_5'_TCTCATAGTTCAGTAC-2","Dividing Tumor"
"SYNTH-40-24-1","Capture_3'_GTTCATTTCACCACAA-2","Tumor"
"SYNTH-40-24-1","Capture_5'_CTACCCAAGTGATCGG-1","T-cells"
"SYNTH-40-24-1","Capture_5'_GCCAAATTCTCACATT-1","Tumor"
"SYNTH-40-24-1","Capture_5'_AGTGAGGCACCGTTGG-2","Dividing Tumor"
"SYNTH-40-24-1","Capture_3'_GTCGTAATCTTACCGC-3","Luminal A"
"SYNTH-40-24-1","Capture_5'_TGCCAAAAGCTGTTCA-4","T-cells"
"SYNTH-40-24-1","Capture_3'_ACGTTCCGTACTGAGG-1","Tumor"
"SYNTH-40-24-1","Capture_5'_TGCCAAATCCGTACAA-2","Tumor"
"SYNTH-40-25-1","Capture_3'_TGGGAGACAGACAAAT-2","T-cells"
"SYNTH-40-25-1","Capture_5'_CTAGAGTGTCATCGGC-1","Tumor"
"SYNTH-40-25-1","Capture_5'_GCGAGAAGTCTCATCC-2","Tumor"
"SYNTH-40-25-1","Capture_5'_AACACGTCATGAGCGA-3","Tumor"
"SYNTH-40-25-1","Capture_3'_AGGAATAGTTGCATAC-3","Tumor"
"SYNTH-40-25-1","Capture_5'_GGTGCGTCACCTATCC-2","Endothelial Cells"
"SYNTH-40-25-1","Capture_5'_GGGACCTTCACCATAG-2","Luminal A"
"SYNTH-40-25-1","Capture_5'_TGCGTGGCATTTCACT-1","T-cells"
"SYNTH-40-25-1","Capture_5'_AGAGTGGGTTGGAGGT-2","TAMs"
"SYNTH-40-26-1","Capture_5'_TCTGGAACACTTGGAT-2","Tumor"
"SYNTH-40-26-1","Capture_5'_CTCGGGACATATACCG-3","Tumor"
"SYNTH-40-26-1","Capture_5'_GGACATTTCCTAGTGA-3","Dividing Tumor"
"SYNTH-40-26-1","Capture_3'_CCCAACTGTACCTTCC-3","Luminal A"
"SYNTH-40-26-1","Capture_5'_CAGCGACGTATGAAAC-2","Tumor"
"SYNTH-40-26-1","Capture_3'_TTGCATTCAACACTAC-1","Dividing Tumor"
"SYNTH-40-26-1","Capture_5'_GCTTCCACACCGGAAA-3","T-cells"
"SYNTH-40-26-1","Capture_5'_CAACCAACAACTGCTA-3","Tumor"
"SYNTH-40-26-1","Capture_3'_TTACGTTAGGCCCACT-4","T-cells"
"SYNTH-40-27-1","Capture_5'_CACCTTGCATGACGGA-4","T-cells"
"SYNTH-40-27-1","Capture_5'_CATCGGGGTGCACCAC-4","Luminal A"
"SYNTH-40-28-1","Capture_5'_GTTCTCGAGCCCGAAA-2","Dividing Tumor"
"SYNTH-40-28-1","Capture_3'_AGGAATAGTCTTCGAA-4","Dividing Tumor"
"SYNTH-40-28-1","Capture_5'_ATTCTACAGGTAGCCA-3","Tumor"
"SYNTH-40-28-1","Capture_5'_CACCACTGTTACGGAG-3","Luminal A"
"SYNTH-40-28-1","Capture_3'_GCCAGTGGTGGCCACT-2","Tumor"
"SYNTH-40-28-1","Capture_5'_AGGCCACAGAAAGTGG-1","Plasma Cells"
"SYNTH-40-28-1","Capture_5'_CAGCTAATCAAACGGG-3","T-cells"
"SYNTH-40-29-1","Capture_5'_CCGTTCACAATACGCT-4","Tumor"
"SYNTH-40-29-1","Capture_3'_TCTAACTGTGGCAGAT-1","TAMs"
"SYNTH-40-29-1","Capture_3'_ACGATGTAGCACGTCC-4","Tumor"
"SYNTH-40-29-1","Capture_5'_AGCAGCCAGTCGATAA-4","T-cells"
"SYNTH-40-29-1","Capture_5'_ACATACGTCGGAAATA-2","T-cells"
"SYNTH-40-29-1","Capture_5'_CAAGTTGAGTACGTAA-4","Dividing Tumor"
"SYNTH-40-29-1","Capture_3'_GAGCCTGTCGGTCATA-4","Tumor"
"SYNTH-40-30-1","Capture_3'_TCCGGGAGTGTTCATG-1","Dividing Tumor"
"SYNTH-40-30-1","Capture_5'_TACTTGTCAGCGTCCA-3","Dividing Tumor"
"SYNTH-40-31-1","Capture_5'_AGGGATGGTAATCGTC-1","Dividing Tumor"
"SYNTH-40-31-1","Capture_3'_TGCACGGAGTAGAGTT-4","Tumor"
"SYNTH-40-31-1","Capture_5'_AGTTGGTAGGGCACTA-4","Tumor"
"SYNTH-40-31-1","Capture_5'_CGTCTACGTAGCACGA-4","Tumor"
"SYNTH-40-31-1","Capture_3'_CTTCCTTCAGGCCTGT-3","Endothelial Cells"
"SYNTH-40-32-1","Capture_5'_CTGTTTAGTGCGGTAA-2","Tumor"
"SYNTH-40-32-1","Capture_5'_CGAGCCATCTCTTATG-4","Luminal A"
"SYNTH-40-32-1","Capture_5'_TGGGAAGTCCTTTCGG-4","Tumor"
"SYNTH-40-32-1","Capture_3'_ACTATCTTCTTGTTAC-2","Tumor"
"SYNTH-40-32-1","Capture_5'_GGGTCTGTCAGGTAAA-4","Tumor"
"SYNTH-40-32-1","Capture_3'_GATTCGACATGCCATA-4","Dividing Tumor"
"SYNTH-40-32-1","Capture_5'_ACGAGGAGTTGGAGGT-3","Dividing Tumor"
"SYNTH-40-32-1","Capture_5'_TATTACCTCTCGTTTA-4","Tumor"
"SYNTH-40-32-1","Capture_3'_TGGGCGTAGATAGTGT-3","Tumor"
"SYNTH-40-32-1","Capture_3'_GCCAGCAAGTGCCTCG-1","T-cells"
"SYNTH-40-33-1","Capture_5'_CTGTGCTTCATTGCGA-1","T-cells"
"SYNTH-40-33-1","Capture_5'_CGAGCACTCAAACGGG-3","Dividing Tumor"
"SYNTH-40-33-1","Capture_5'_GACTACAGTAGAGGAA-2","Dividing Tumor"
"SYNTH-40-33-1","Capture_5'_GCATGATGTAGCACGA-4","Tumor"
"SYNTH-40-33-1","Capture_3'_CGAGGCTCACGTCATA-1","Dividing Tumor"
"SYNTH-40-34-1","Capture_5'_AGTAGTCAGATCTGCT-4","T-cells"
"SYNTH-40-34-1","Capture_3'_ACTTCGCGTATAATGG-2","Dividing Tumor"
"SYNTH-40-34-1","Capture_3'_GCCAACGGTTACCGTA-2","Luminal A"
"SYNTH-40-34-1","Capture_3'_CGGGCATTCAATCGGT-3","T-cells"
"SYNTH-40-34-1","Capture_5'_ACTGATGTCCCAAGAT-4","Dividing Tumor"
"SYNTH-40-35-1","Capture_5'_ATGGGAGTCGATGAGG-4","T-cells"
"SYNTH-40-35-1","Capture_5'_TTTACTGTCGGCGCTA-3","T-cells"
"SYNTH-40-35-1","Capture_5'_TCTTTCCAGCGCTTAT-4","Dividing Tumor"
"SYNTH-40-35-1","Capture_5'_AGCTTGACAGGTGGAT-1","Tumor"
"SYNTH-40-36-1","Capture_5'_AACACGTCAAACCTAC-3","Luminal A"
"SYNTH-40-36-1","Capture_3'_TGATCTTTCTAGCATG-3","Tumor"
"SYNTH-40-36-1","Capture_3'_GTTCATTAGAGCAACC-3","Fibroblasts"
"SYNTH-40-37-1","Capture_5'_CCTATTAGTCATATGC-4","Tumor"
"SYNTH-40-37-1","Capture_5'_CGAGAAGGTTCCTCCA-2","Tumor"
"SYNTH-40-37-1","Capture_5'_GTGCTTCAGCAACGGT-3","Tumor"
"SYNTH-40-37-1","Capture_3'_TGTTCTAAGTCGAAGC-4","Dividing Tumor"
"SYNTH-40-38-1","Capture_5'_AAGACCTTCGCACTCT-1","Tumor"
"SYNTH-40-38-1","Capture_5'_ACACCCTGTGATGCCC-2","T-cells"
"SYNTH-40-38-1","Capture_5'_CTTACCGGTCCTGCTT-1","Dividing Tumor"
"SYNTH-40-38-1","Capture_5'_AGGTCCGGTTTAGGAA-1","T-cells"
"SYNTH-40-38-1","Capture_5'_GGGCACTAGGCACATG-1","Tumor"
"SYNTH-40-38-1","Capture_5'_GGACATTAGAGGTTGC-1","Dividing Tumor"
"SYNTH-40-39-1","Capture_3'_AGGAATAGTTGCATAC-3","Tumor"
"SYNTH-40-39-1","Capture_5'_GCATGATCACCAACCG-3","Tumor"
"SYNTH-40-39-1","Capture_3'_ATTTCACTCTCTGACC-1","T-cells"
"SYNTH-40-40-1","Capture_5'_CTGATCCGTCATGCCG-2","T-cells"
"SYNTH-40-40-1","Capture_5'_CAGCGACTCGGAATCT-2","T-cells"
"SYNTH-40-40-1","Capture_5'_GCATGCGGTAGCGATG-4","TAMs"
"SYNTH-40-40-1","Capture_5'_TGTGGTACACCTATCC-3","Tumor"
"SYNTH-40-40-1","Capture_3'_CTGTGAAAGCCAGACA-4","Tumor"
"SYNTH-40-40-1","Capture_5'_GACCTGGGTAGCGCTC-1","Tumor"
"SYNTH-40-41-1","Capture_3'_TGAGACTTCACGTAGT-1","T-cells"
"SYNTH-40-41-1","Capture_3'_CATGCTCAGACCAAGC-1","Dividing Tumor"
"SYNTH-40-41-1","Capture_5'_ACGGCCACAGGGTTAG-1","Plasma Cells"
"SYNTH-40-42-1","Capture_5'_ACCAGTAGTCTAGGTT-4","Tumor"
"SYNTH-40-42-1","Capture_3'_AATAGAGCAGCTATAC-1","Endothelial Cells"
"SYNTH-40-42-1","Capture_5'_CCTTACGAGATCGGGT-1","T-cells"
"SYNTH-40-42-1","Capture_5'_TGGCCAGGTTTGTTGG-4","Dividing Tumor"
"SYNTH-40-42-1","Capture_5'_GCAGCCAGTTTGTGTG-2","T-cells"
"SYNTH-40-42-1","Capture_3'_CACCAAAGTTCTCCAC-4","Dividing Tumor"
"SYNTH-40-43-1","Capture_3'_TGATTTCAGCAGCAGT-4","Myoepithelial Cells"
"SYNTH-40-43-1","Capture_5'_CGACTTCCACGTCTCT-3","Tumor"
"SYNTH-40-43-1","Capture_3'_GTTATGGCAAGAGTAT-2","Dividing Tumor"
"SYNTH-40-43-1","Capture_5'_ACGAGCCAGTATGACA-4","Luminal A"
"SYNTH-40-43-1","Capture_5'_GATCTAGTCGCCTGAG-4","Endothelial Cells"
"SYNTH-40-43-1","Capture_5'_ATGCGATTCAGTTAGC-1","TAMs"
"SYNTH-40-43-1","Capture_5'_GATGCTAGTGTAACGG-4","Endothelial Cells"
"SYNTH-40-44-1","Capture_3'_GGAGAACGTCAAGGCA-2","Tumor"
"SYNTH-40-44-1","Capture_5'_GACGCGTCAGTAAGAT-3","Dividing Tumor"
"SYNTH-40-44-1","Capture_5'_TCGCGAGAGCCGGTAA-2","T-cells"
"SYNTH-40-44-1","Capture_5'_CATGACATCCAATGGT-1","Tumor"
"SYNTH-40-44-1","Capture_5'_GAACGGATCTTGGGTA-4","Dividing Tumor"
"SYNTH-40-44-1","Capture_5'_ACGGGCTGTAGAGTGC-1","Luminal A"
"SYNTH-40-44-1","Capture_3'_TGCATCCAGACGACGT-2","Tumor"
"SYNTH-40-45-1","Capture_5'_TCGTACCGTCTGCCAG-4","Dividing Tumor"
"SYNTH-40-45-1","Capture_3'_ACTATTCTCGCTCATC-1","Tumor"
"SYNTH-40-45-1","Capture_5'_TCGTAGATCATAACCG-3","Tumor"
"SYNTH-40-45-1","Capture_5'_GTGTGCGAGTTGAGAT-1","Dividing Tumor"
"SYNTH-40-45-1","Capture_5'_TACGGTAGTATTCTCT-1","Plasma Cells"
"SYNTH-40-45-1","Capture_5'_TGGACGCAGTCGAGTG-3","Tumor"
"SYNTH-40-45-1","Capture_5'_CTGCTGTAGACTAGGC-2","Tumor"
"SYNTH-40-45-1","Capture_5'_CCGGTAGCAGACACTT-1","Tumor"
"SYNTH-40-45-1","Capture_5'_GGGTTGCTCATGCATG-2","TAMs"
"SYNTH-40-46-1","Capture_3'_CACTAAGTCCCGAAAT-2","Tumor"
"SYNTH-40-46-1","Capture_5'_AGGCCGTTCTGCCAGG-1","Tumor"
"SYNTH-40-46-1","Capture_3'_CACAACACAGCCTATA-4","Dividing Tumor"
"SYNTH-40-46-1","Capture_5'_CCTCTGAAGCTCCTTC-3","Dividing Tumor"
"SYNTH-40-47-1","Capture_5'_TTCTTAGCAGGACGTA-3","Tumor"
"SYNTH-40-47-1","Capture_3'_AGTGACTTCCCTCGAT-1","T-cells"
"SYNTH-40-48-1","Capture_5'_CCAATCCGTGTAATGA-3","T-cells"
"SYNTH-40-48-1","Capture_5'_AGGCCACGTCGAGTTT-1","Tumor"
"SYNTH-40-48-1","Capture_3'_TTTCGATAGGGATGTC-4","Fibroblasts"
"SYNTH-40-48-1","Capture_5'_AGGTCATTCCTGTACC-4","Dividing Tumor"
"SYNTH-40-49-1","Capture_3'_CATTGTTGTTTGACAC-4","Tumor"
"SYNTH-40-49-1","Capture_5'_TCAACGAAGTAATCCC-4","Dividing Tumor"
"SYNTH-40-49-1","Capture_5'_CAACCAATCCCATTAT-3","Tumor"
"SYNTH-40-49-1","Capture_5'_CATTCGCAGTGAACGC-4","Dividing Tumor"
"SYNTH-40-49-1","Capture_5'_CAGCTGGAGGCCGAAT-3","Luminal A"
"SYNTH-40-49-1","Capture_5'_CAGAATCGTATGCTTG-2","TAMs"
"SYNTH-40-49-1","Capture_3'_TTCCGTGTCAAACGAA-3","Dividing Tumor"
"SYNTH-40-49-1","Capture_5'_CCACCTACACCAGTTA-3","Tumor"
"SYNTH-40-50-1","Capture_5'_TCTCTAACAAGGACTG-2","Tumor"
"SYNTH-40-50-1","Capture_5'_CGATTGACAACACCCG-4","Dividing Tumor"
"SYNTH-40-50-1","Capture_3'_CTGCCATAGCTGGAGT-4","Tumor"
"SYNTH-40-50-1","Capture_3'_CGGAACCTCTCAATCT-1","T-cells"
"SYNTH-40-50-1","Capture_5'_CTGGTCTGTTCCACGG-4","T-cells"
"SYNTH-40-50-1","Capture_5'_TACGGGCGTATAATGG-4","Tumor"
"SYNTH-40-50-1","Capture_5'_AGTGGGACACCGGAAA-1","T-cells"
"SYNTH-41-1-1","Capture_5'_CGAATGTAGCACAGGT-4","Tumor"
"SYNTH-41-1-1","Capture_3'_AGACTCATCAGGCGAA-1","Luminal A"
"SYNTH-41-1-1","Capture_5'_GTGCAGCTCAGTGTTG-4","T-cells"
"SYNTH-41-1-1","Capture_5'_GTTTCTACACGAAAGC-2","Tumor"
"SYNTH-41-2-1","Capture_3'_TGTTCCGTCTCACTCG-2","Dividing Tumor"
"SYNTH-41-2-1","Capture_3'_TCGACCTCACAGCTTA-4","B-cells"
"SYNTH-41-2-1","Capture_5'_CGTCAGGGTCATCGGC-1","T-cells"
"SYNTH-41-2-1","Capture_5'_ACGCAGCTCTGTTGAG-2","B-cells"
"SYNTH-41-2-1","Capture_3'_GCTTGGGCACATTGTG-2","Tumor"
"SYNTH-41-2-1","Capture_5'_CCGTTCATCTCTAGGA-1","Tumor"
"SYNTH-41-3-1","Capture_3'_TAACGACAGCGATGGT-2","T-cells"
"SYNTH-41-4-1","Capture_5'_CACAGGCAGACAGAGA-2","Tumor"
"SYNTH-41-4-1","Capture_3'_GTTATGGGTTCCCAAA-4","Dividing Tumor"
"SYNTH-41-4-1","Capture_5'_CTCTACGCACTCGACG-1","Dividing Tumor"
"SYNTH-41-4-1","Capture_5'_TACACGAGTTGAACTC-1","Tumor"
"SYNTH-41-4-1","Capture_5'_CGATGTAGTGTTCGAT-3","TAMs"
"SYNTH-41-4-1","Capture_5'_ACAGCTAAGGCCCTCA-4","T-cells"
"SYNTH-41-4-1","Capture_5'_TCTGGAAGTCAAACTC-2","Dividing Tumor"
"SYNTH-41-5-1","Capture_5'_TGCCCATAGTCGATAA-2","Dividing Tumor"
"SYNTH-41-5-1","Capture_3'_TTTACTGAGCTGTACT-3","Dividing Tumor"
"SYNTH-41-5-1","Capture_5'_TCACAAGCAAGAGGCT-1","T-cells"
"SYNTH-41-6-1","Capture_5'_GGGAATGGTTGCGTTA-1","Tumor"
"SYNTH-41-7-1","Capture_5'_CAGCCGATCCGATATG-4","Dividing Tumor"
"SYNTH-41-7-1","Capture_5'_TGATTTCTCCAAATGC-3","Tumor"
"SYNTH-41-7-1","Capture_3'_TGCAGATCAATTTCGG-2","Tumor"
"SYNTH-41-7-1","Capture_5'_ACGCCGAAGGGATGGG-2","Dividing Tumor"
"SYNTH-41-7-1","Capture_5'_GGCGACTCATATGGTC-4","Luminal A"
"SYNTH-41-7-1","Capture_3'_CTGTGGGGTGACTATC-1","Tumor"
"SYNTH-41-7-1","Capture_5'_CAACCAAGTCATCCCT-3","TAMs"
"SYNTH-41-8-1","Capture_5'_GAGGTGACACGGATAG-2","Tumor"
"SYNTH-41-9-1","Capture_5'_ATGAGGGCATGCAATC-1","Dividing Tumor"
"SYNTH-41-9-1","Capture_3'_CCATCACCATATGCGT-2","T-cells"
"SYNTH-41-9-1","Capture_5'_AGCGTCGAGATGAGAG-1","Dividing Tumor"
"SYNTH-41-9-1","Capture_5'_TAAGAGAGTGTGCGTC-3","Luminal A"
"SYNTH-41-9-1","Capture_3'_AGGTTACAGCATCGAG-4","Tumor"
"SYNTH-41-9-1","Capture_3'_CTGTAGACAATTCTTC-1","Dividing Tumor"
"SYNTH-41-9-1","Capture_5'_CGAGAAGAGGTAAACT-3","Dividing Tumor"
"SYNTH-41-10-1","Capture_5'_GCTTGAATCTTGGGTA-3","Dividing Tumor"
"SYNTH-41-11-1","Capture_5'_CGATTGAGTGGTTTCA-3","Tumor"
"SYNTH-41-11-1","Capture_5'_TTAGGACCACTACAGT-4","Dividing Tumor"
"SYNTH-41-11-1","Capture_5'_GCGCCAAGTCAAAGAT-2","Tumor"
"SYNTH-41-11-1","Capture_3'_GGCACGTTCGAATCCA-1","T-cells"
"SYNTH-41-11-1","Capture_5'_ACGATACAGGTGGGTT-3","Tumor"
"SYNTH-41-12-1","Capture_5'_CTTACCGTCCAATGGT-1","Tumor"
"SYNTH-41-12-1","Capture_3'_TACCCACGTCTCAGAT-2","Luminal A"
"SYNTH-41-12-1","Capture_3'_ATGATCGGTTAATCGC-3","Tumor"
"SYNTH-41-12-1","Capture_3'_TGGGAAGGTAACACGG-3","Dividing Tumor"
"SYNTH-41-12-1","Capture_3'_AGACTCAGTTGTAGCT-1","Tumor"
"SYNTH-41-12-1","Capture_5'_GTCATTTTCATCGCTC-2","Tumor"
"SYNTH-41-12-1","Capture_5'_AACTCTTTCTCGCATC-4","Tumor"
"SYNTH-41-13-1","Capture_5'_CAGATCAGTTGGTGGA-4","Dividing Tumor"
"SYNTH-41-13-1","Capture_5'_CAAGATCGTCGTCTTC-3","T-cells"
"SYNTH-41-13-1","Capture_3'_CATGGTACAACTCGTA-4","Dividing Tumor"
"SYNTH-41-13-1","Capture_5'_GATCGATTCCAGGGCT-1","T-cells"
"SYNTH-41-13-1","Capture_3'_TGCGGGTTCGATAACC-4","T-cells"
"SYNTH-41-13-1","Capture_5'_GGCTGGTAGTGTCCAT-4","Luminal B"
"SYNTH-41-13-1","Capture_3'_AAGCGTTAGATGGCGT-2","Dividing Tumor"
"SYNTH-41-13-1","Capture_5'_CCCAGTTTCGGCTACG-4","T-cells"
"SYNTH-41-13-1","Capture_5'_ACGGCCATCGGTTAAC-2","Plasma Cells"
"SYNTH-41-13-1","Capture_5'_GTGTGCGAGTTCGATC-4","Luminal A"
"SYNTH-41-14-1","Capture_5'_TCGAGGCCAATCAGAA-4","Tumor"
"SYNTH-41-14-1","Capture_5'_CGAGAAGAGATCCTGT-4","Tumor"
"SYNTH-41-14-1","Capture_3'_CGAAGTTAGATTGATG-4","Dividing Tumor"
"SYNTH-41-14-1","Capture_5'_TAAGTGCCAGGTCCAC-4","Tumor"
"SYNTH-41-14-1","Capture_5'_GAAACTCGTCCCTACT-1","Tumor"
"SYNTH-41-14-1","Capture_3'_TCAGGTAAGAGCCATG-3","T-cells"
"SYNTH-41-14-1","Capture_5'_TAAGTGCGTGTGAAAT-4","Tumor"
"SYNTH-41-14-1","Capture_5'_GTGTGCGGTGTTCTTT-3","Tumor"
"SYNTH-41-14-1","Capture_5'_CGAGAAGCAGTCCTTC-1","Luminal A"
"SYNTH-41-14-1","Capture_5'_GTGGGTCCAATGCCAT-4","T-cells"
"SYNTH-41-15-1","Capture_5'_TGCTACCCAACACCTA-4","Luminal A"
"SYNTH-41-15-1","Capture_5'_GAGGTGAAGTGAACAT-3","Tumor"
"SYNTH-41-15-1","Capture_3'_CTCCCTCCAAGTTTGC-3","T-cells"
"SYNTH-41-15-1","Capture_3'_GTTTGGAAGCCTGACC-4","Tumor"
"SYNTH-41-15-1","Capture_5'_GGCAATTGTAAGTGGC-4","Dividing Tumor"
"SYNTH-41-15-1","Capture_5'_CTGAAACAGAGTCGGT-3","Tumor"
"SYNTH-41-15-1","Capture_3'_GGGATGACAAGCCATT-4","Tumor"
"SYNTH-41-15-1","Capture_5'_TGACAACCAGCGTCCA-2","Fibroblasts"
"SYNTH-41-15-1","Capture_5'_CGATGTACAGGACGTA-1","Tumor"
"SYNTH-41-16-1","Capture_3'_CCTCATGTCATTGGTG-4","Tumor"
"SYNTH-41-16-1","Capture_5'_GTCATTTAGGTGACCA-4","Tumor"
"SYNTH-41-16-1","Capture_5'_CGACTTCCATTCCTGC-4","Dividing Tumor"
"SYNTH-41-16-1","Capture_5'_CATATGGAGTACATGA-3","Dividing Tumor"
"SYNTH-41-17-1","Capture_5'_GTAACGTTCTACTTAC-3","T-cells"
"SYNTH-41-17-1","Capture_3'_GGAGGTACACTACACA-4","Tumor"
"SYNTH-41-17-1","Capture_5'_GACTAACCATCGGAAG-3","T-cells"
"SYNTH-41-17-1","Capture_3'_TCCATGCCAATTCGTG-2","Tumor"
"SYNTH-41-17-1","Capture_5'_CTCTACGCACTTCTGC-3","Tumor"
"SYNTH-41-17-1","Capture_5'_CGTGTCTAGGGAAACA-4","Dividing Tumor"
"SYNTH-41-18-1","Capture_5'_TAAACCGCAGGCTGAA-4","Dividing Tumor"
"SYNTH-41-18-1","Capture_5'_CAAGAAATCCTAGAAC-4","Dividing Tumor"
"SYNTH-41-18-1","Capture_5'_CTCTGGTAGCATGGCA-1","Plasma Cells"
"SYNTH-41-18-1","Capture_5'_TAAGCGTGTATCAGTC-4","Tumor"
"SYNTH-41-18-1","Capture_5'_CTGAAACAGCGATGAC-4","T-cells"
"SYNTH-41-19-1","Capture_5'_TCGAGGCAGGCCGAAT-4","T-cells"
"SYNTH-41-19-1","Capture_3'_TCTACATAGAGGCGTT-2","Dividing Tumor"
"SYNTH-41-19-1","Capture_5'_TCAATCTGTAAATACG-3","Dividing Tumor"
"SYNTH-41-19-1","Capture_5'_CAGCATAGTCGGCATC-4","Tumor"
"SYNTH-41-19-1","Capture_5'_CAGCTAAAGGAATTAC-2","Tumor"
"SYNTH-41-19-1","Capture_5'_TAAGCGTGTATCAGTC-4","Tumor"
"SYNTH-41-19-1","Capture_5'_ACAGCCGAGACACTAA-3","Dividing Tumor"
"SYNTH-41-19-1","Capture_3'_TCTTGCGTCTTCTCAA-4","Dividing Tumor"
"SYNTH-41-19-1","Capture_5'_CTGTTTAGTAGGACAC-1","Tumor"
"SYNTH-41-19-1","Capture_5'_CTCGAGGTCTCACATT-4","T-cells"
"SYNTH-41-20-1","Capture_5'_CCTCAGTTCGGACAAG-3","Luminal A"
"SYNTH-41-20-1","Capture_5'_CAGAGAGGTCGAACAG-2","Dividing Tumor"
"SYNTH-41-20-1","Capture_5'_ACACTGAAGCTAGTCT-3","Tumor"
"SYNTH-41-20-1","Capture_3'_TATTGGGGTCAGCGTC-4","Tumor"
"SYNTH-41-20-1","Capture_3'_AGTACTGTCAATGTCG-1","Dividing Tumor"
"SYNTH-41-20-1","Capture_5'_CAAGATCTCTCTAAGG-3","Dividing Tumor"
"SYNTH-41-21-1","Capture_3'_AGATGCTAGTATGAGT-4","T-cells"
"SYNTH-41-21-1","Capture_5'_CACCTTGCATAAAGGT-3","Tumor"
"SYNTH-41-21-1","Capture_5'_TTGTAGGAGTTACGGG-2","Tumor"
"SYNTH-41-21-1","Capture_5'_ACTGCTCTCATGCAAC-2","Luminal A"
"SYNTH-41-22-1","Capture_5'_GGGTTGCCACCTCGGA-4","Dividing Tumor"
"SYNTH-41-22-1","Capture_5'_GGTGCGTCATCCTTGC-1","Dividing Tumor"
"SYNTH-41-22-1","Capture_5'_GACTAACCAGGCGATA-1","Dividing Tumor"
"SYNTH-41-22-1","Capture_5'_AGACGTTAGAAACGAG-2","Dividing Tumor"
"SYNTH-41-23-1","Capture_5'_TGCTACCTCCTCTAGC-2","Tumor"
"SYNTH-41-23-1","Capture_5'_GCAGTTAGTAACGTTC-1","T-cells"
"SYNTH-41-23-1","Capture_5'_TGGTTAGGTTTGTTTC-3","Tumor"
"SYNTH-41-23-1","Capture_3'_GAGGCAAGTCTCGGGT-4","Fibroblasts"
"SYNTH-41-23-1","Capture_5'_TGGTTAGCATAAAGGT-2","Luminal A"
"SYNTH-41-24-1","Capture_5'_GCGCGATGTGCACGAA-3","Tumor"
"SYNTH-41-24-1","Capture_5'_CCTCTGATCACATGCA-4","Tumor"
"SYNTH-41-24-1","Capture_5'_CCGGGATTCAATCTCT-2","Tumor"
"SYNTH-41-24-1","Capture_5'_AGTAGTCCAAAGGTGC-2","Tumor"
"SYNTH-41-25-1","Capture_5'_ACCGTAAAGTGGTAGC-2","Tumor"
"SYNTH-41-25-1","Capture_3'_AGCGATTAGCTGTGCC-2","Dividing Tumor"
"SYNTH-41-25-1","Capture_3'_ACCACAATCTTTGATC-4","Tumor"
"SYNTH-41-25-1","Capture_5'_TACCTATAGTCGTTTG-4","Dividing Tumor"
"SYNTH-41-25-1","Capture_5'_CCTAGCTCAATCCGAT-4","Tumor"
"SYNTH-41-25-1","Capture_3'_GGCGTCATCACTCGAA-3","Tumor"
"SYNTH-41-26-1","Capture_3'_AATGAAGCAGAGCGTA-4","Dividing Tumor"
"SYNTH-41-26-1","Capture_5'_GTATCTTAGACTGGGT-3","Dividing Tumor"
"SYNTH-41-26-1","Capture_3'_TTGAGTGTCAGGGATG-3","Dividing Tumor"
"SYNTH-41-27-1","Capture_3'_GAGTCTAAGAAGGGAT-2","T-cells"
"SYNTH-41-28-1","Capture_3'_ATACTTCGTATGGAAT-4","Tumor"
"SYNTH-41-28-1","Capture_5'_CTGCTGTCACGTAAGG-2","Dividing Tumor"
"SYNTH-41-28-1","Capture_3'_TTAATCCCAAATGAAC-4","Tumor"
"SYNTH-41-28-1","Capture_5'_TCACGAAGTCATGCAT-1","Tumor"
"SYNTH-41-28-1","Capture_5'_TGACTAGTCATGTCCC-3","Tumor"
"SYNTH-41-28-1","Capture_3'_GGAATGGTCTTAGCTT-4","Tumor"
"SYNTH-41-28-1","Capture_5'_TGCGTGGCATTTCACT-1","T-cells"
"SYNTH-41-28-1","Capture_5'_GACGCGTAGGCTAGCA-3","TAMs"
"SYNTH-41-29-1","Capture_5'_ACTGTCCAGTCTTGCA-4","T-cells"
"SYNTH-41-29-1","Capture_5'_AACTTTCGTCCCTACT-4","Dividing Tumor"
"SYNTH-41-29-1","Capture_5'_TGAGCATGTACAGTGG-3","TAMs"
"SYNTH-41-29-1","Capture_3'_GTTCCGTGTTCGTACA-4","T-cells"
"SYNTH-41-30-1","Capture_3'_AGCGTCGAGTTGAAGT-4","Dividing Tumor"
"SYNTH-41-31-1","Capture_5'_CTGATAGGTTCAGCGC-2","Tumor"
"SYNTH-41-31-1","Capture_5'_CGACCTTTCCATGCTC-3","Luminal B"
"SYNTH-41-31-1","Capture_5'_CATCGGGGTTCTGTTT-3","Tumor"
"SYNTH-41-31-1","Capture_5'_TGCCAAAAGTCATGCT-1","Tumor"
"SYNTH-41-31-1","Capture_5'_TCGCGTTAGCAATATG-3","Tumor"
"SYNTH-41-31-1","Capture_5'_GATCGTATCCTAAGTG-2","Dividing Tumor"
"SYNTH-41-31-1","Capture_3'_GGTGTCGTCCTTGGAA-3","T-cells"
"SYNTH-41-31-1","Capture_5'_ATAAGAGCATCACAAC-1","Tumor"
"SYNTH-41-32-1","Capture_5'_CTACCCACAAGACACG-4","Tumor"
"SYNTH-41-32-1","Capture_5'_CGAGCACTCCATGAGT-3","Tumor"
"SYNTH-41-32-1","Capture_3'_ATTGTTCGTCGGCCTA-2","T-cells"
"SYNTH-41-32-1","Capture_3'_CTGCGAGGTCCCACGA-3","Tumor"
"SYNTH-41-32-1","Capture_5'_ATTACTCGTTGAACTC-4","T-cells"
"SYNTH-41-32-1","Capture_3'_ACATTTCAGGAACTCG-1","Tumor"
"SYNTH-41-32-1","Capture_3'_CCTGCATAGCCTGACC-3","Tumor"
"SYNTH-41-32-1","Capture_3'_GAGTTGTCAACGGGTA-3","Tumor"
"SYNTH-41-32-1","Capture_3'_CATTGAGAGACGCATG-4","Dividing Tumor"
"SYNTH-41-32-1","Capture_5'_TTGTAGGAGAAGGACA-4","Tumor"
"SYNTH-41-33-1","Capture_3'_TGGTGATTCTCCCATG-3","T-cells"
"SYNTH-41-33-1","Capture_5'_AGCATACGTTCCATGA-1","Tumor"
"SYNTH-41-33-1","Capture_5'_CCATTCGCAGTCAGAG-1","Luminal A"
"SYNTH-41-33-1","Capture_5'_TTAGGCACATGCTGGC-2","Tumor"
"SYNTH-41-33-1","Capture_5'_TCGAGGCCAAGCGAGT-4","Tumor"
"SYNTH-41-33-1","Capture_5'_CTGATCCAGTGAAGTT-1","Tumor"
"SYNTH-41-33-1","Capture_5'_AGGCCGTAGGTAGCCA-3","Tumor"
"SYNTH-41-33-1","Capture_3'_AGCGCTGCATGGGAAC-3","T-cells"
"SYNTH-41-34-1","Capture_3'_AGCCAATAGATCCCGC-3","Endothelial Cells"
"SYNTH-41-34-1","Capture_3'_CTGAGCGGTGCCGAAA-3","Luminal A"
"SYNTH-41-34-1","Capture_5'_ATCTACTCATATACGC-3","Tumor"
"SYNTH-41-35-1","Capture_3'_ATGCGATAGTTAACGA-4","Dividing Tumor"
"SYNTH-41-35-1","Capture_5'_GTGTTAGGTACTCTCC-3","Tumor"
"SYNTH-41-35-1","Capture_5'_GCAAACTGTCGGGTCT-2","T-cells"
"SYNTH-41-35-1","Capture_5'_AAACCTGAGCTGCGAA-2","Tumor"
"SYNTH-41-35-1","Capture_5'_ATTCTACTCCCTGACT-3","T-cells"
"SYNTH-41-36-1","Capture_5'_TAAACCGCAAGTACCT-4","Tumor"
"SYNTH-41-36-1","Capture_5'_ATCGAGTCAAAGTCAA-2","Dividing Tumor"
"SYNTH-41-36-1","Capture_5'_TCAGGTAAGCCATCGC-4","Tumor"
"SYNTH-41-36-1","Capture_5'_TTCCCAGCACCCATGG-4","Dividing Tumor"
"SYNTH-41-37-1","Capture_5'_GCTTGAAAGATACACA-2","Dividing Tumor"
"SYNTH-41-37-1","Capture_5'_TGCCAAAAGTCATGCT-1","Tumor"
"SYNTH-41-37-1","Capture_5'_TTGTAGGAGACTGGGT-1","Tumor"
"SYNTH-41-37-1","Capture_5'_CATGGCGTCCGTACAA-3","Endothelial Cells"
"SYNTH-41-37-1","Capture_5'_GAGTCCGTCACTCCTG-3","Tumor"
"SYNTH-41-38-1","Capture_5'_TGCCAAATCCGTACAA-2","Tumor"
"SYNTH-41-38-1","Capture_5'_TAAGTGCGTATTCTCT-4","Tumor"
"SYNTH-41-38-1","Capture_3'_GGTTCTCAGGATCATA-2","Tumor"
"SYNTH-41-39-1","Capture_5'_TTTGCGCGTCTTGTCC-4","Dividing Tumor"
"SYNTH-41-39-1","Capture_5'_TGGGAAGAGATGTTAG-3","Dividing Tumor"
"SYNTH-41-39-1","Capture_5'_TGTGGTAGTTAAGAAC-3","Tumor"
"SYNTH-41-40-1","Capture_5'_CTAATGGTCAGAGCTT-4","Dividing Tumor"
"SYNTH-41-40-1","Capture_5'_CTCTACGTCTCATTCA-1","Tumor"
"SYNTH-41-40-1","Capture_5'_TCATTACTCTCTTGAT-3","Tumor"
"SYNTH-41-41-1","Capture_3'_TTCAGGACAAAGCAAT-1","Tumor"
"SYNTH-41-41-1","Capture_3'_CGGGTGTTCGCTCTCA-1","Tumor"
"SYNTH-41-41-1","Capture_3'_CCTCTAGGTCTTCGAA-4","Tumor"
"SYNTH-41-41-1","Capture_5'_GATTCAGAGCCCAATT-3","Dividing Tumor"
"SYNTH-41-41-1","Capture_3'_GATGTTGCACCTGTCT-1","Tumor"
"SYNTH-41-41-1","Capture_5'_GCAGCCAGTGAAATCA-3","Tumor"
"SYNTH-41-41-1","Capture_5'_TACCTTACACTGTCGG-4","T-cells"
"SYNTH-41-41-1","Capture_5'_TTGGAACCATTCTCAT-1","Dividing Tumor"
"SYNTH-41-42-1","Capture_5'_CCTACCATCGTAGGTT-3","Tumor"
"SYNTH-41-43-1","Capture_5'_GAACCTATCACCCTCA-4","T-cells"
"SYNTH-41-44-1","Capture_3'_TATGTTCGTATTGCCA-2","Dividing Tumor"
"SYNTH-41-44-1","Capture_3'_GGTAGAGCATAGATCC-1","T-cells"
"SYNTH-41-44-1","Capture_5'_CAACTAGAGAAGCCCA-4","Dividing Tumor"
"SYNTH-41-44-1","Capture_5'_GCGCCAAAGACGCACA-4","Dividing Tumor"
"SYNTH-41-44-1","Capture_3'_TACATTCGTACAAGCG-1","Tumor"
"SYNTH-41-44-1","Capture_5'_CCATTCGGTGCAGGTA-4","Tumor"
"SYNTH-41-44-1","Capture_5'_ACAGCTAGTAAGTTCC-4","Dividing Tumor"
"SYNTH-41-44-1","Capture_5'_GTATCTTCATCGTCGG-4","Dividing Tumor"
"SYNTH-41-44-1","Capture_3'_CCTCAACTCGGATACT-3","T-cells"
"SYNTH-41-44-1","Capture_5'_ATCCGAAGTCAAGCGA-3","Tumor"
"SYNTH-41-45-1","Capture_5'_AGCCTAAGTGACGGTA-4","Dividing Tumor"
"SYNTH-41-45-1","Capture_5'_CCACGGACACTGTGTA-3","T-cells"
"SYNTH-41-45-1","Capture_3'_ACGGTTAGTGCTATTG-1","Tumor"
"SYNTH-41-45-1","Capture_3'_GAAATGACACCGTGCA-2","Endothelial Cells"
"SYNTH-41-45-1","Capture_5'_CTGCGGATCTCTAGGA-3","T-cells"
"SYNTH-41-45-1","Capture_3'_ATGTCCCTCATTTCCA-4","Tumor"
"SYNTH-41-45-1","Capture_5'_GGCTGGTCAAGCGCTC-1","Fibroblasts"
"SYNTH-41-45-1","Capture_5'_TATTACCAGAGCCCAA-2","Dividing Tumor"
"SYNTH-41-46-1","Capture_5'_CATGACACACCAACCG-1","Tumor"
"SYNTH-41-46-1","Capture_5'_TCCCGATGTAATTGGA-3","Tumor"
"SYNTH-41-46-1","Capture_5'_CAGCGACAGTACGATA-3","Tumor"
"SYNTH-41-46-1","Capture_5'_GTACTTTCATTGAGCT-1","Dividing Tumor"
"SYNTH-41-46-1","Capture_5'_ACATGGTTCTGGTTCC-1","Dividing Tumor"
"SYNTH-41-46-1","Capture_5'_CCTCTGAGTTAAAGAC-2","Tumor"
"SYNTH-41-46-1","Capture_5'_CTAACTTGTGCTCTTC-4","Tumor"
"SYNTH-41-47-1","Capture_5'_AATCCAGCATTGGTAC-2","Dividing Tumor"
"SYNTH-41-47-1","Capture_5'_GTGCTTCAGAAGGACA-4","Dividing Tumor"
"SYNTH-41-47-1","Capture_5'_CTCGAAAAGGATGTAT-1","Dividing Tumor"
"SYNTH-41-47-1","Capture_5'_CATTATCAGGATCGCA-3","Tumor"
"SYNTH-41-47-1","Capture_5'_GATTCAGCACGAAAGC-3","Tumor"
"SYNTH-41-47-1","Capture_3'_TCGATTTGTGATACTC-4","Tumor"
"SYNTH-41-48-1","Capture_5'_AAGACCTTCTATCCCG-3","Dividing Tumor"
"SYNTH-41-48-1","Capture_3'_ACTTAGGAGCCTCTCT-4","Tumor"
"SYNTH-41-48-1","Capture_5'_GTGAAGGGTTAGGGTG-3","Dividing Tumor"
"SYNTH-41-48-1","Capture_3'_TCGGGCACAACCAACT-2","Fibroblasts"
"SYNTH-41-48-1","Capture_5'_CGACCTTGTTTACTCT-2","T-cells"
"SYNTH-41-48-1","Capture_3'_GGAGGTACAGCCGTCA-4","T-cells"
"SYNTH-41-48-1","Capture_5'_GTAACGTCATAGACTC-2","Dividing Tumor"
"SYNTH-41-48-1","Capture_5'_AGGGATGAGATGGGTC-2","Tumor"
"SYNTH-41-48-1","Capture_5'_AGGGTGACAAGCCGTC-1","Tumor"
"SYNTH-41-48-1","Capture_5'_GACGCGTCAGTAAGAT-3","Dividing Tumor"
"SYNTH-41-49-1","Capture_3'_CGTAAGTCACATTCTT-4","T-cells"
"SYNTH-41-49-1","Capture_5'_GCGCCAATCACTTATC-2","Tumor"
"SYNTH-41-49-1","Capture_3'_CCTACGTAGATGAAGG-4","Dividing Tumor"
"SYNTH-41-49-1","Capture_5'_CATGCCTAGGCCGAAT-3","Tumor"
"SYNTH-41-49-1","Capture_5'_GTTTCTAAGTAGATGT-3","Dividing Tumor"
"SYNTH-41-49-1","Capture_3'_GGTGTTATCTATTTCG-2","T-cells"
"SYNTH-41-49-1","Capture_3'_CATGGTAGTGGACTGA-1","Myoepithelial Cells"
"SYNTH-41-49-1","Capture_5'_TGTGGTAAGCTACCTA-4","Dividing Tumor"
"SYNTH-41-50-1","Capture_3'_AATGGAACACAGACGA-3","Tumor"
"SYNTH-41-50-1","Capture_5'_TTCTTAGTCGGCTACG-3","Dividing Tumor"
"SYNTH-41-50-1","Capture_3'_AGAAGCGCACAAGTTC-2","T-cells"
"SYNTH-41-50-1","Capture_5'_GGATTACTCATGTCCC-4","T-cells"
"SYNTH-41-50-1","Capture_5'_GTCAAGTAGATCCCGC-2","Tumor"
"SYNTH-42-1-1","Capture_5'_TCGAGGCTCTGAAAGA-2","T-cells"
"SYNTH-42-1-1","Capture_5'_TCGCGAGCATCAGTAC-3","Tumor"
"SYNTH-42-1-1","Capture_5'_TTCTTAGTCTTAGAGC-2","Dividing Tumor"
"SYNTH-42-1-1","Capture_5'_GGTGAAGCATTCTCAT-4","Luminal A"
"SYNTH-42-1-1","Capture_5'_GTATTCTCAGGAATCG-4","TAMs"
"SYNTH-42-1-1","Capture_3'_GCCCGAACAACGGCCT-1","Fibroblasts"
"SYNTH-42-1-1","Capture_5'_AACCGCGCAGACTCGC-2","Tumor"
"SYNTH-42-1-1","Capture_5'_CACATTTTCAGCGACC-4","Dividing Tumor"
"SYNTH-42-2-1","Capture_5'_CATCCACCATGACATC-2","Tumor"
"SYNTH-42-2-1","Capture_3'_AGCTTCCCATAATCGC-3","Tumor"
"SYNTH-42-2-1","Capture_3'_CTTCCGAAGTAAAGCT-2","Tumor"
"SYNTH-42-2-1","Capture_3'_GGAATGGTCAGTGTTG-3","Dividing Tumor"
"SYNTH-42-2-1","Capture_3'_CGTTAGACAGAGTTGG-1","Tumor"
"SYNTH-42-2-1","Capture_3'_CAGTTCCTCAACACGT-1","Luminal A"
"SYNTH-42-2-1","Capture_5'_ACTTTCATCTGTCTCG-2","Tumor"
"SYNTH-42-2-1","Capture_5'_CGTCACTTCAGTTGAC-3","Tumor"
"SYNTH-42-2-1","Capture_3'_CACTGAATCAAAGGTA-2","Tumor"
"SYNTH-42-3-1","Capture_5'_CCCTCCTTCACAGTAC-2","Luminal A"
"SYNTH-42-3-1","Capture_3'_GACTATGCACCTGCAG-4","T-cells"
"SYNTH-42-3-1","Capture_5'_TACTCGCCAGGGTTAG-1","T-cells"
"SYNTH-42-3-1","Capture_3'_TCCACGTAGGACCCAA-2","Dividing Tumor"
"SYNTH-42-3-1","Capture_3'_CTGTCGTAGGCACAAC-2","Tumor"
"SYNTH-42-4-1","Capture_5'_TATTACCAGGATATAC-2","Tumor"
"SYNTH-42-5-1","Capture_3'_TGATTTCCATGAAAGT-4","Tumor"
"SYNTH-42-5-1","Capture_3'_TCATCATTCCATACAG-4","Dividing Tumor"
"SYNTH-42-5-1","Capture_5'_TGCCCTAGTGTAAGTA-4","Tumor"
"SYNTH-42-5-1","Capture_5'_GGCCGATGTAAATGTG-4","Tumor"
"SYNTH-42-5-1","Capture_3'_TCCTCGAAGCTTGTGT-4","T-cells"
"SYNTH-42-6-1","Capture_5'_GGCTGGTCACCACCAG-4","Tumor"
"SYNTH-42-6-1","Capture_3'_GGGACAAGTCGCCTAG-3","T-cells"
"SYNTH-42-6-1","Capture_5'_TACTTGTGTTAAGACA-3","Tumor"
"SYNTH-42-6-1","Capture_3'_CAACGGCAGTCCCAGC-3","Dividing Tumor"
"SYNTH-42-7-1","Capture_5'_TCTCTAAGTCGGGTCT-3","Myoepithelial Cells"
"SYNTH-42-7-1","Capture_5'_AGAGTGGGTTCAGCGC-4","Tumor"
"SYNTH-42-7-1","Capture_5'_CTACCCATCCACTCCA-1","Tumor"
"SYNTH-42-7-1","Capture_5'_ACACTGAGTCGATTGT-4","Dividing Tumor"
"SYNTH-42-7-1","Capture_3'_AGGCATTCATCTGGGC-3","Fibroblasts"
"SYNTH-42-7-1","Capture_3'_TAGATCGAGGCTTTCA-4","Endothelial Cells"
"SYNTH-42-7-1","Capture_5'_GTTAAGCGTCAGTGGA-4","Tumor"
"SYNTH-42-7-1","Capture_3'_TACTTGTAGAGAATCT-1","B-cells"
"SYNTH-42-8-1","Capture_3'_AGTAGCTCATGGCACC-2","T-cells"
"SYNTH-42-8-1","Capture_5'_ATCACGAGTACCGCTG-4","Dividing Tumor"
"SYNTH-42-9-1","Capture_3'_TTACAGGCAAGCAGGT-1","Tumor"
"SYNTH-42-9-1","Capture_5'_GCAGCCAAGCCCAGCT-1","T-cells"
"SYNTH-42-9-1","Capture_5'_CGCTATCGTTCGCGAC-2","T-cells"
"SYNTH-42-9-1","Capture_5'_CGTCAGGGTAGGAGTC-4","T-cells"
"SYNTH-42-9-1","Capture_3'_AGATGCTGTTTACTTC-3","Dividing Tumor"
"SYNTH-42-9-1","Capture_3'_TTACCATAGTCTCGTA-1","Tumor"
"SYNTH-42-9-1","Capture_3'_TACACCCAGGGTTAGC-3","Dividing Tumor"
"SYNTH-42-9-1","Capture_5'_ATCTGCCCAGCCAATT-2","Dividing Tumor"
"SYNTH-42-9-1","Capture_3'_AGTCAACGTATCTCTT-1","Tumor"
"SYNTH-42-10-1","Capture_5'_AACTCAGGTGCTAGCC-2","Tumor"
"SYNTH-42-10-1","Capture_5'_TTTGGTTTCATACGGT-4","Luminal B"
"SYNTH-42-10-1","Capture_3'_TCTCCGAAGGGTGAAA-2","Tumor"
"SYNTH-42-10-1","Capture_3'_CAAAGAAGTACACGCC-2","Luminal A"
"SYNTH-42-10-1","Capture_5'_ATGCGATTCGGCGGTT-1","Dividing Tumor"
"SYNTH-42-10-1","Capture_5'_ACTGATGGTAGCGCTC-4","T-cells"
"SYNTH-42-11-1","Capture_5'_TGTGGTAGTGACCAAG-1","Tumor"
"SYNTH-42-11-1","Capture_5'_GCCTCTAGTCCGCTGA-1","Dividing Tumor"
"SYNTH-42-11-1","Capture_5'_CAGCTGGCACGGTAAG-2","Dividing Tumor"
"SYNTH-42-11-1","Capture_5'_CACCAGGTCTACGAGT-1","T-cells"
"SYNTH-42-12-1","Capture_5'_ACACTGAAGTACGCCC-2","Dividing Tumor"
"SYNTH-42-12-1","Capture_5'_TCTTTCCTCCAAATGC-3","Tumor"
"SYNTH-42-12-1","Capture_5'_ACATCAGAGGACATTA-2","T-cells"
"SYNTH-42-13-1","Capture_5'_TCTTTCCAGGACATTA-4","Dividing Tumor"
"SYNTH-42-13-1","Capture_5'_AACTCCCGTAGCGCAA-1","Dividing Tumor"
"SYNTH-42-14-1","Capture_5'_CTAGCCTAGTATTGGA-1","Tumor"
"SYNTH-42-14-1","Capture_5'_GTATCTTGTAGCCTCG-4","Tumor"
"SYNTH-42-15-1","Capture_5'_GGCGACTAGCCTTGAT-4","T-cells"
"SYNTH-42-15-1","Capture_5'_CACTCCATCACTTCAT-1","Tumor"
"SYNTH-42-15-1","Capture_5'_TTGGAACTCCGCATAA-2","Tumor"
"SYNTH-42-15-1","Capture_5'_TAAGCGTAGATGTGGC-3","Tumor"
"SYNTH-42-16-1","Capture_5'_ATAACGCAGGCGTACA-4","Tumor"
"SYNTH-42-17-1","Capture_5'_CGGAGCTAGCGCTCCA-2","Luminal B"
"SYNTH-42-17-1","Capture_5'_GCAAACTGTCGAAAGC-4","Luminal A"
"SYNTH-42-17-1","Capture_5'_TTGTAGGCACGGCCAT-1","Tumor"
"SYNTH-42-17-1","Capture_5'_AGGGAGTTCATGCTCC-3","Luminal A"
"SYNTH-42-17-1","Capture_3'_CTACCCAAGAGTCTGG-4","Dividing Tumor"
"SYNTH-42-18-1","Capture_5'_AGGTCCGAGACAGACC-2","Tumor"
"SYNTH-42-18-1","Capture_5'_ACGGGCTTCTCTGTCG-2","Tumor"
"SYNTH-42-18-1","Capture_5'_TGGACGCGTGGTCCGT-4","T-cells"
"SYNTH-42-18-1","Capture_5'_GGTGCGTTCCACGTGG-2","Tumor"
"SYNTH-42-18-1","Capture_5'_CGTTAGAGTCAGGACA-3","Tumor"
"SYNTH-42-19-1","Capture_5'_ATTCTACAGACTGGGT-1","Dividing Tumor"
"SYNTH-42-19-1","Capture_5'_CACATTTGTGAGGCTA-1","Tumor"
"SYNTH-42-19-1","Capture_5'_TAGTGGTTCATGTGGT-2","Dividing Tumor"
"SYNTH-42-19-1","Capture_3'_TGTACAGAGAAACCCG-3","Tumor"
"SYNTH-42-19-1","Capture_5'_CGGACACTCCGAACGC-3","TAMs"
"SYNTH-42-19-1","Capture_5'_ATCGAGTCAGTTCCCT-4","T-cells"
"SYNTH-42-19-1","Capture_5'_TGAGCATTCGATGAGG-1","Dividing Tumor"
"SYNTH-42-20-1","Capture_3'_GGCTTTCTCGCACGGT-4","Fibroblasts"
"SYNTH-42-20-1","Capture_5'_TTGAACGCATTTGCTT-1","Luminal A"
"SYNTH-42-20-1","Capture_5'_CTACGTCGTTACGCGC-4","Tumor"
"SYNTH-42-20-1","Capture_3'_TGCTGAATCCAGTTCC-3","Myoepithelial Cells"
"SYNTH-42-20-1","Capture_5'_CGGACTGAGAGTACAT-4","Dividing Tumor"
"SYNTH-42-20-1","Capture_5'_CTGTTTATCGGGAGTA-3","Dividing Tumor"
"SYNTH-42-20-1","Capture_5'_GCGAGAACAAGCGCTC-1","Tumor"
"SYNTH-42-20-1","Capture_5'_TGAGAGGCATTGGGCC-3","Dividing Tumor"
"SYNTH-42-20-1","Capture_5'_CTTAACTTCTTAGCCC-2","B-cells"
"SYNTH-42-21-1","Capture_5'_CAGCTGGAGGTAAACT-4","Dividing Tumor"
"SYNTH-42-21-1","Capture_5'_AAGGCAGGTCTCACCT-2","Tumor"
"SYNTH-42-21-1","Capture_3'_CGTTGGGTCCCTCAAC-3","Dividing Tumor"
"SYNTH-42-21-1","Capture_5'_TAGGCATCAGCATACT-2","Tumor"
"SYNTH-42-21-1","Capture_5'_GTACTCCAGAAGGCCT-1","T-cells"
"SYNTH-42-21-1","Capture_5'_TGCTGCTAGTCGATAA-4","Tumor"
"SYNTH-42-21-1","Capture_3'_GTCTAGACAAAGGAGA-2","Dividing Tumor"
"SYNTH-42-22-1","Capture_5'_AAACCTGAGTACGTAA-4","Dividing Tumor"
"SYNTH-42-22-1","Capture_3'_CAGCAGCCACCCTTAC-1","T-cells"
"SYNTH-42-22-1","Capture_3'_TGAGCATCAGGCACTC-2","T-cells"
"SYNTH-42-22-1","Capture_3'_GAGATGGTCAAGCCGC-4","Dividing Tumor"
"SYNTH-42-22-1","Capture_5'_GGAATAATCGTTGCCT-3","Tumor"
"SYNTH-42-22-1","Capture_3'_AGGTTACGTCGGTGAA-1","Dividing Tumor"
"SYNTH-42-22-1","Capture_5'_TGTATTCGTTCCGTCT-2","Tumor"
"SYNTH-42-22-1","Capture_5'_GCATGCGGTCTCGTTC-3","Tumor"
"SYNTH-42-23-1","Capture_3'_ATTCAGGAGACTTCGT-4","Dividing Tumor"
"SYNTH-42-24-1","Capture_5'_TCTGAGATCCCAACGG-2","T-cells"
"SYNTH-42-24-1","Capture_5'_TCTTTCCGTATCTGCA-4","Dividing Tumor"
"SYNTH-42-24-1","Capture_5'_CCGGTAGAGTACGATA-4","T-cells"
"SYNTH-42-24-1","Capture_5'_TCACAAGGTATGGTTC-4","Tumor"
"SYNTH-42-24-1","Capture_5'_CCAATCCGTCAACATC-1","Tumor"
"SYNTH-42-24-1","Capture_5'_CAACCTCCAAGCCATT-3","T-cells"
"SYNTH-42-24-1","Capture_3'_TGCCGAGAGTAACCGG-2","Tumor"
"SYNTH-42-25-1","Capture_5'_CAGTAACTCGTCCAGG-3","Dividing Tumor"
"SYNTH-42-26-1","Capture_5'_AAGCCGCCATCGATTG-2","Tumor"
"SYNTH-42-26-1","Capture_5'_GACGTGCCAGCTGTTA-4","T-cells"
"SYNTH-42-26-1","Capture_3'_TGATTCTGTAAGCAAT-1","Endothelial Cells"
"SYNTH-42-26-1","Capture_5'_GACAGAGAGGGCTTCC-2","Dividing Tumor"
"SYNTH-42-26-1","Capture_5'_GTCACAAAGAGACTTA-2","Endothelial Cells"
"SYNTH-42-26-1","Capture_5'_GAGCAGAAGGCAGTCA-4","Tumor"
"SYNTH-42-27-1","Capture_5'_CCTACACTCCGGCACA-4","TAMs"
"SYNTH-42-27-1","Capture_5'_TACCTTACATGCAATC-3","Ciliated Cells"
"SYNTH-42-27-1","Capture_5'_TGCGCAGCAACGCACC-2","Tumor"
"SYNTH-42-27-1","Capture_3'_TCGACGGCACCAGCCA-1","Luminal A"
"SYNTH-42-27-1","Capture_3'_CACCAAAGTCCAGAAG-1","Fibroblasts"
"SYNTH-42-27-1","Capture_3'_TGTTACTTCATCGGGC-2","Dividing Tumor"
"SYNTH-42-28-1","Capture_3'_TCACGGGAGGCAATGC-4","Tumor"
"SYNTH-42-28-1","Capture_5'_TGAGCATAGAGATGAG-2","Dividing Tumor"
"SYNTH-42-28-1","Capture_5'_ATGTGTGCAGCCACCA-3","T-cells"
"SYNTH-42-28-1","Capture_3'_ACGGTTATCTCTAAGG-4","Tumor"
"SYNTH-42-28-1","Capture_5'_GTACTCCTCCTGTACC-4","TAMs"
"SYNTH-42-28-1","Capture_5'_CTGTTTAAGATCGGGT-4","Tumor"
"SYNTH-42-28-1","Capture_5'_CAGCCGACAAATCCGT-3","T-cells"
"SYNTH-42-29-1","Capture_3'_TTGGGATAGGGTACGT-3","Dividing Tumor"
"SYNTH-42-29-1","Capture_5'_CCGGTAGGTACTTGAC-3","Dividing Tumor"
"SYNTH-42-29-1","Capture_5'_TACGGGCTCCCGACTT-3","Dividing Tumor"
"SYNTH-42-29-1","Capture_5'_TTCCCAGCAGATGGGT-4","Tumor"
"SYNTH-42-29-1","Capture_5'_GTTACAGAGTACCGGA-1","Dividing Tumor"
"SYNTH-42-29-1","Capture_3'_TGCAGTAAGCAGCCCT-2","TAMs"
"SYNTH-42-29-1","Capture_5'_AAACCTGAGCTAGTGG-1","TAMs"
"SYNTH-42-29-1","Capture_3'_CTGCCTATCGGTATGT-4","Tumor"
"SYNTH-42-29-1","Capture_3'_TCGCTTGCATACCACA-2","Tumor"
"SYNTH-42-30-1","Capture_5'_AGCGTCGAGCCCAATT-2","Tumor"
"SYNTH-42-30-1","Capture_5'_AGAGTGGCACGACGAA-3","Luminal A"
"SYNTH-42-30-1","Capture_5'_CTTAACTCAGCTGTTA-3","T-cells"
"SYNTH-42-30-1","Capture_5'_ATTGGTGTCATAAAGG-1","Tumor"
"SYNTH-42-31-1","Capture_5'_GTTTCTAGTTAAGGGC-1","Tumor"
"SYNTH-42-31-1","Capture_5'_AAGGTTCAGCCTTGAT-1","Tumor"
"SYNTH-42-31-1","Capture_5'_CGTGTAATCCTTTACA-4","Luminal A"
"SYNTH-42-31-1","Capture_5'_TCAGCTCAGTTTAGGA-3","Ciliated Cells"
"SYNTH-42-31-1","Capture_3'_ACACAGTCAGCGACCT-4","Endothelial Cells"
"SYNTH-42-32-1","Capture_5'_TTGGCAACAAGCCTAT-1","Tumor"
"SYNTH-42-32-1","Capture_5'_AGCTCTCAGGTGACCA-4","Tumor"
"SYNTH-42-32-1","Capture_5'_AGGTCCGAGTGATCGG-4","Dividing Tumor"
"SYNTH-42-32-1","Capture_5'_CTGATAGGTCATGCAT-3","Dividing Tumor"
"SYNTH-42-32-1","Capture_5'_AGTCTTTAGGACATTA-4","Tumor"
"SYNTH-42-32-1","Capture_5'_AGCATACGTCCAAGTT-1","Plasma Cells"
"SYNTH-42-32-1","Capture_5'_CCCAGTTGTGCCTGCA-4","Tumor"
"SYNTH-42-33-1","Capture_3'_TTGCCTGGTTTGGAGG-1","B-cells"
"SYNTH-42-33-1","Capture_5'_ACTATCTAGTTCCACA-4","Tumor"
"SYNTH-42-33-1","Capture_5'_GCGCAACCAAACTGCT-4","Tumor"
"SYNTH-42-33-1","Capture_3'_CATCAAGAGGGAGGTG-1","Endothelial Cells"
"SYNTH-42-33-1","Capture_3'_TTGTTCACAATTCACG-4","Tumor"
"SYNTH-42-33-1","Capture_5'_CTAGAGTAGATCGGGT-3","Dividing Tumor"
"SYNTH-42-33-1","Capture_5'_CATGACAAGTGTTTGC-3","Dividing Tumor"
"SYNTH-42-33-1","Capture_5'_GTGCAGCCAAGCCTAT-2","Tumor"
"SYNTH-42-33-1","Capture_5'_GCGCGATCACACAGAG-2","Luminal A"
"SYNTH-42-33-1","Capture_3'_CCCGAAGGTGCTGATT-2","Dividing Tumor"
"SYNTH-42-34-1","Capture_5'_TCAGGATAGATATGGT-4","Endothelial Cells"
"SYNTH-42-34-1","Capture_3'_AGGACTTGTGTACAGG-4","Tumor"
"SYNTH-42-34-1","Capture_5'_TATGCCCAGGCCATAG-3","T-cells"
"SYNTH-42-34-1","Capture_3'_CACTAAGGTTCTCTCG-2","Dividing Tumor"
"SYNTH-42-34-1","Capture_5'_CTGAAGTGTCCATGAT-4","Endothelial Cells"
"SYNTH-42-34-1","Capture_5'_ACTATCTAGGAACTGC-4","TAMs"
"SYNTH-42-34-1","Capture_5'_GACTAACCATCGGAAG-3","T-cells"
"SYNTH-42-34-1","Capture_3'_GGAGGTATCCCAAGCG-3","Tumor"
"SYNTH-42-34-1","Capture_3'_GAAATGAGTAACCCGC-1","Tumor"
"SYNTH-42-35-1","Capture_5'_TTCCCAGCATTTGCCC-3","B-cells"
"SYNTH-42-35-1","Capture_5'_CCGTTCATCATCATTC-2","T-cells"
"SYNTH-42-35-1","Capture_3'_ACTCCCAAGCTGAAAT-2","Tumor"
"SYNTH-42-35-1","Capture_5'_CACACCTGTCCGTGAC-2","Luminal A"
"SYNTH-42-35-1","Capture_5'_GATCGTAGTCCTGCTT-3","Tumor"
"SYNTH-42-35-1","Capture_5'_ACGGCCATCTAACGGT-2","Tumor"
"SYNTH-42-35-1","Capture_5'_AGGTCCGAGTGTCTCA-4","T-cells"
"SYNTH-42-35-1","Capture_5'_AGGGAGTGTGTTGGGA-3","Dividing Tumor"
"SYNTH-42-36-1","Capture_5'_CTTACCGAGGGTCGAT-3","T-cells"
"SYNTH-42-36-1","Capture_3'_ACGGTTACATGCCGGT-4","Dividing Tumor"
"SYNTH-42-36-1","Capture_3'_GACAGCCTCAGCACCG-3","Endothelial Cells"
"SYNTH-42-37-1","Capture_5'_CCTAAAGTCGGAGCAA-1","TAMs"
"SYNTH-42-37-1","Capture_5'_TTGAACGCAATGAATG-1","Tumor"
"SYNTH-42-37-1","Capture_5'_GACGTGCGTTCCCGAG-3","Fibroblasts"
"SYNTH-42-37-1","Capture_5'_ACTGAGTTCCAACCAA-4","Tumor"
"SYNTH-42-37-1","Capture_3'_AGGCTGCAGCCTTCTC-1","Endothelial Cells"
"SYNTH-42-37-1","Capture_3'_CTTTCAAGTTCAAAGA-3","Dividing Tumor"
"SYNTH-42-37-1","Capture_5'_CGGAGTCGTGTTGGGA-2","Endothelial Cells"
"SYNTH-42-38-1","Capture_5'_CTCGTACGTCTGATCA-4","Tumor"
"SYNTH-42-38-1","Capture_3'_ATGGGAGCACCGTGGT-4","TAMs"
"SYNTH-42-38-1","Capture_5'_TACTTACCACGGCCAT-3","T-cells"
"SYNTH-42-38-1","Capture_5'_ACCAGTATCTTTAGGG-3","Dividing Tumor"
"SYNTH-42-39-1","Capture_5'_GGGTCTGTCGCGGATC-4","Tumor"
"SYNTH-42-40-1","Capture_3'_GTGGTTATCTCACCCA-4","T-cells"
"SYNTH-42-40-1","Capture_5'_TACAGTGTCTCCAGGG-3","Dividing Tumor"
"SYNTH-42-40-1","Capture_3'_GACTCAATCGCTCCTA-1","Dividing Tumor"
"SYNTH-42-40-1","Capture_5'_TTCTCAACAGTCTTCC-1","Tumor"
"SYNTH-42-40-1","Capture_5'_ACTGATGCAGCCTTGG-4","Tumor"
"SYNTH-42-41-1","Capture_5'_TACCTTATCTTCAACT-4","Dividing Tumor"
"SYNTH-42-41-1","Capture_3'_GGGTCTGGTACCCGCA-4","T-cells"
"SYNTH-42-42-1","Capture_5'_CCCAGTTGTTCGTCTC-1","Tumor"
"SYNTH-42-42-1","Capture_5'_TGCGGGTCATCCCATC-3","Tumor"
"SYNTH-42-42-1","Capture_5'_AGGTCATTCCTGTACC-4","Dividing Tumor"
"SYNTH-42-42-1","Capture_5'_AACTCTTTCGTAGGTT-3","Tumor"
"SYNTH-42-42-1","Capture_5'_CTCGAGGAGTGGAGTC-3","Dividing Tumor"
"SYNTH-42-43-1","Capture_5'_GGCTGGTTCAGCATGT-3","Dividing Tumor"
"SYNTH-42-43-1","Capture_5'_CAGCGACGTGGTCTCG-4","Dividing Tumor"
"SYNTH-42-43-1","Capture_5'_AAACCTGAGCTGCGAA-2","Tumor"
"SYNTH-42-43-1","Capture_5'_CTAGTGATCCAAGCCG-1","T-cells"
"SYNTH-42-43-1","Capture_5'_ACACTGATCACCGGGT-3","Tumor"
"SYNTH-42-44-1","Capture_3'_CGAATTGAGAACAAGG-3","Luminal A"
"SYNTH-42-44-1","Capture_3'_TTTGACTGTCTAGGCC-3","B-cells"
"SYNTH-42-44-1","Capture_3'_TGTCCCAGTAGATTAG-4","Tumor"
"SYNTH-42-44-1","Capture_3'_ACACAGTTCTGGACCG-1","T-cells"
"SYNTH-42-44-1","Capture_3'_ATGGGTTAGCACCGTC-3","Luminal A"
"SYNTH-42-45-1","Capture_3'_CAACAGTGTGGCTGAA-2","T-cells"
"SYNTH-42-45-1","Capture_3'_GACTCAAAGCTGCCAC-4","Luminal A"
"SYNTH-42-45-1","Capture_5'_TGCCCTACAGTATCTG-3","B-cells"
"SYNTH-42-46-1","Capture_3'_AGGTGTTCAAGTCCAT-3","Dividing Tumor"
"SYNTH-42-46-1","Capture_3'_TGGGATTTCTGCCCTA-3","Tumor"
"SYNTH-42-46-1","Capture_5'_ACCGTAAGTCCGTTAA-1","Dividing Tumor"
"SYNTH-42-46-1","Capture_3'_TCCGAAATCATCACAG-1","Tumor"
"SYNTH-42-46-1","Capture_5'_GAATAAGAGTGTACTC-3","Endothelial Cells"
"SYNTH-42-46-1","Capture_3'_GGGTCTGGTGTATTGC-2","Tumor"
"SYNTH-42-47-1","Capture_3'_TTAGGGTAGTATCCTG-1","Dividing Tumor"
"SYNTH-42-47-1","Capture_5'_AGCATACGTGGCAAAC-1","Dividing Tumor"
"SYNTH-42-47-1","Capture_5'_TCTTTCCAGCGTCTAT-3","Dividing Tumor"
"SYNTH-42-47-1","Capture_5'_GATCGCGAGCACCGCT-2","Dividing Tumor"
"SYNTH-42-48-1","Capture_5'_TCAGCAATCTGTACGA-2","Tumor"
"SYNTH-42-48-1","Capture_5'_CCATGTCTCGGAGCAA-4","Tumor"
"SYNTH-42-48-1","Capture_3'_CCGATCTTCACCTTGC-2","Tumor"
"SYNTH-42-48-1","Capture_3'_GGGCTACCAGCACCCA-1","Tumor"
"SYNTH-42-48-1","Capture_5'_GAGGTGAGTATGGTTC-2","Luminal A"
"SYNTH-42-48-1","Capture_5'_AAGACCTAGCGATCCC-3","T-cells"
"SYNTH-42-48-1","Capture_5'_CAGCGACTCCTAAGTG-2","T-cells"
"SYNTH-42-48-1","Capture_5'_ATCACGACACCGATAT-4","Tumor"
"SYNTH-42-49-1","Capture_5'_GGATTACTCTCGTTTA-4","Dividing Tumor"
"SYNTH-42-49-1","Capture_5'_TAGCCGGTCAACACCA-4","Dividing Tumor"
"SYNTH-42-49-1","Capture_5'_CCACGGATCAGTGTTG-1","Luminal A"
"SYNTH-42-49-1","Capture_5'_AACACGTAGGACAGCT-3","Tumor"
"SYNTH-42-49-1","Capture_3'_TTGTGTTTCGCTATTT-2","Dividing Tumor"
"SYNTH-42-49-1","Capture_5'_AAGGCAGTCCGCAAGC-3","Endothelial Cells"
"SYNTH-42-49-1","Capture_3'_TCATCATAGCACACAG-3","Tumor"
"SYNTH-42-49-1","Capture_3'_TTCTAGTAGTAATACG-2","T-cells"
"SYNTH-42-49-1","Capture_5'_GGACGTCAGTCGATAA-2","Dividing Tumor"
"SYNTH-42-50-1","Capture_3'_TTGAACGTCTGGTCAA-3","T-cells"
"SYNTH-42-50-1","Capture_5'_TGTGTTTAGCACAGGT-3","Plasma Cells"
"SYNTH-42-50-1","Capture_5'_AGGTCATCAAGTCTGT-4","Dividing Tumor"
"SYNTH-42-50-1","Capture_3'_ATTATCCCAGCTCATA-1","T-cells"
"SYNTH-42-50-1","Capture_5'_CTGATAGGTACATGTC-1","Tumor"
"SYNTH-42-50-1","Capture_3'_TGACCCTTCAACGTGT-3","Tumor"
"SYNTH-43-1-1","Capture_5'_CAACCAAGTCATCCCT-3","TAMs"
"SYNTH-43-2-1","Capture_5'_GCATACAGTGCTCTTC-2","T-cells"
"SYNTH-43-2-1","Capture_3'_GGGCTACTCGGACAAG-1","Tumor"
"SYNTH-43-2-1","Capture_5'_GTACTCCAGTGGGATC-3","Dividing Tumor"
"SYNTH-43-2-1","Capture_5'_TCTCTAATCAGAGCTT-1","Tumor"
"SYNTH-43-2-1","Capture_3'_CGTGTCTCACTGAGTT-2","Tumor"
"SYNTH-43-2-1","Capture_5'_TCGAGGCGTTCACCTC-4","T-cells"
"SYNTH-43-2-1","Capture_5'_TACTCATAGTGTTGAA-4","Dividing Tumor"
"SYNTH-43-2-1","Capture_3'_TAGTGCACACTCCACT-4","Tumor"
"SYNTH-43-2-1","Capture_3'_GGGACAATCTACGCGG-4","Tumor"
"SYNTH-43-3-1","Capture_5'_CTGAAACCATAGAAAC-4","TAMs"
"SYNTH-43-3-1","Capture_5'_GGCTGGTTCAACCATG-1","Tumor"
"SYNTH-43-4-1","Capture_3'_TCATTGTGTGGAGAAA-4","Luminal A"
"SYNTH-43-4-1","Capture_3'_CCGGACAGTGCACATT-1","Tumor"
"SYNTH-43-4-1","Capture_5'_CATTATCTCGCATGAT-4","Dividing Tumor"
"SYNTH-43-4-1","Capture_3'_GCTACAAGTCGCAGTC-3","Tumor"
"SYNTH-43-4-1","Capture_5'_AGAATAGTCCTGCAGG-1","Dividing Tumor"
"SYNTH-43-4-1","Capture_5'_TCCACACTCCATTCTA-4","T-cells"
"SYNTH-43-4-1","Capture_5'_CCAGCGACATGCAACT-2","Tumor"
"SYNTH-43-4-1","Capture_3'_GATGGAGCATCCGCGA-3","Tumor"
"SYNTH-43-5-1","Capture_3'_AGCGCCACAGTAGATA-3","Tumor"
"SYNTH-43-5-1","Capture_3'_GATCGTAGTGTTGAGG-1","T-cells"
"SYNTH-43-5-1","Capture_5'_CGGCTAGGTCTAGTGT-4","Dividing Tumor"
"SYNTH-43-5-1","Capture_5'_CAGGTGCCATATGGTC-3","T-cells"
"SYNTH-43-5-1","Capture_5'_TTGGAACAGCACACAG-1","Tumor"
"SYNTH-43-5-1","Capture_5'_TCAGATGAGCCGGTAA-1","Tumor"
"SYNTH-43-5-1","Capture_3'_CTCAATTGTGACGCCT-4","T-cells"
"SYNTH-43-5-1","Capture_5'_GTTCGGGCACTGCCAG-2","Luminal A"
"SYNTH-43-6-1","Capture_5'_TCTGAGATCTTGTATC-2","Luminal A"
"SYNTH-43-6-1","Capture_5'_GAAGCAGCACATCCGG-1","Tumor"
"SYNTH-43-6-1","Capture_3'_GTGGCGTTCTACTGCC-4","Dividing Tumor"
"SYNTH-43-6-1","Capture_3'_GGGACAACAATCGCAT-4","Dividing Tumor"
"SYNTH-43-6-1","Capture_5'_GTCTTCGGTATATCCG-3","Tumor"
"SYNTH-43-6-1","Capture_5'_CAGTAACAGACTAGAT-4","Tumor"
"SYNTH-43-6-1","Capture_5'_GGACGTCCAAGACGTG-1","Tumor"
"SYNTH-43-7-1","Capture_3'_ATTCCCGAGGACATCG-1","TAMs"
"SYNTH-43-7-1","Capture_3'_CCCTCTCGTGGACTGA-3","Dividing Tumor"
"SYNTH-43-7-1","Capture_3'_CCGAACGGTCTAGATC-3","Luminal A"
"SYNTH-43-7-1","Capture_3'_GTACAGTCAGACCATT-3","Tumor"
"SYNTH-43-8-1","Capture_5'_CTTCTCTGTCGTTGTA-4","Tumor"
"SYNTH-43-8-1","Capture_5'_TACACGAGTGACTCAT-3","B-cells"
"SYNTH-43-9-1","Capture_5'_AGCTTGAAGAATTCCC-3","Dividing Tumor"
"SYNTH-43-9-1","Capture_5'_TGTTCCGCAAAGCAAT-3","Dividing Tumor"
"SYNTH-43-9-1","Capture_3'_TGATGGTAGGTTCATC-2","Tumor"
"SYNTH-43-9-1","Capture_3'_GATCCCTTCGAACGCC-3","Tumor"
"SYNTH-43-9-1","Capture_5'_CATGGCGGTTTGGCGC-3","T-cells"
"SYNTH-43-9-1","Capture_5'_GGGACCTGTGCGATAG-4","TAMs"
"SYNTH-43-9-1","Capture_3'_CTCATTATCTGACAGT-4","Fibroblasts"
"SYNTH-43-10-1","Capture_5'_AGATCTGAGATCTGAA-1","Tumor"
"SYNTH-43-10-1","Capture_5'_ATTCTACAGACTGGGT-1","Dividing Tumor"
"SYNTH-43-10-1","Capture_5'_TGTATTCTCGAATCCA-4","Dividing Tumor"
"SYNTH-43-10-1","Capture_5'_GCAGCCATCGATCCCT-3","Tumor"
"SYNTH-43-10-1","Capture_3'_ACCTGAAGTGTGAATA-3","Tumor"
"SYNTH-43-11-1","Capture_3'_TCGATTTAGCCGCTTG-4","Dividing Tumor"
"SYNTH-43-11-1","Capture_3'_GCTACCTCAGTAACCT-3","Tumor"
"SYNTH-43-11-1","Capture_5'_TGCCCATGTAGCCTAT-3","Tumor"
"SYNTH-43-11-1","Capture_3'_ATCCACCAGCCGATCC-4","Dividing Tumor"
"SYNTH-43-12-1","Capture_5'_AAGCCGCCATCGGAAG-2","TAMs"
"SYNTH-43-12-1","Capture_5'_GCATGCGCATGACATC-2","Dividing Tumor"
"SYNTH-43-13-1","Capture_5'_GCAGCCAAGGCGCTCT-3","TAMs"
"SYNTH-43-13-1","Capture_5'_GCAGTTACATCGATTG-2","Tumor"
"SYNTH-43-13-1","Capture_5'_TCTTCGGGTCTTTCAT-1","Endothelial Cells"
"SYNTH-43-13-1","Capture_3'_GTAATCGAGATGTAGT-1","Tumor"
"SYNTH-43-13-1","Capture_5'_TGATTTCGTAGCGTCC-2","Tumor"
"SYNTH-43-13-1","Capture_3'_CCGCAAGGTTTCGTTT-2","Tumor"
"SYNTH-43-13-1","Capture_5'_AGCGTCGCAAGAAGAG-4","Luminal A"
"SYNTH-43-14-1","Capture_5'_TACTCATAGCAGGTCA-4","T-cells"
"SYNTH-43-14-1","Capture_3'_GTGACGCCAGCACCCA-1","Tumor"
"SYNTH-43-14-1","Capture_5'_AGCCTAATCTTTCCTC-3","Dividing Tumor"
"SYNTH-43-14-1","Capture_5'_AGGGAGTAGGCCATAG-3","Dividing Tumor"
"SYNTH-43-14-1","Capture_5'_CGAGAAGCATACGCCG-4","Dividing Tumor"
"SYNTH-43-14-1","Capture_5'_AAGGCAGCATGGGAAC-2","Dividing Tumor"
"SYNTH-43-15-1","Capture_3'_GAAGCGAAGGTCTGGA-4","Endothelial Cells"
"SYNTH-43-15-1","Capture_3'_TCCTCCCTCTCGGTAA-2","T-cells"
"SYNTH-43-15-1","Capture_5'_GTCTCGTGTTGGTTTG-2","Endothelial Cells"
"SYNTH-43-15-1","Capture_3'_ATTCTACCAGTAACGG-1","Dividing Tumor"
"SYNTH-43-15-1","Capture_5'_TCGGTAAAGTGTGAAT-1","TAMs"
"SYNTH-43-15-1","Capture_5'_GGTGTTAAGTACTTGC-4","Dividing Tumor"
"SYNTH-43-16-1","Capture_5'_CTCTGGTTCATGTGGT-4","T-cells"
"SYNTH-43-16-1","Capture_5'_CGTTGGGAGGATCGCA-4","T-cells"
"SYNTH-43-16-1","Capture_5'_GTGTGCGTCACTATTC-1","Tumor"
"SYNTH-43-16-1","Capture_5'_GCACATATCGTATCAG-4","Tumor"
"SYNTH-43-16-1","Capture_3'_AGCTACACACACCGCA-3","Luminal B"
"SYNTH-43-16-1","Capture_5'_ATCACGACAGCGATCC-2","Dividing Tumor"
"SYNTH-43-16-1","Capture_5'_CGCGGTACATGTAAGA-4","T-cells"
"SYNTH-43-17-1","Capture_5'_TGAGGGAGTAGCGATG-2","Tumor"
"SYNTH-43-17-1","Capture_3'_GACGTTAAGTGGTGAC-4","Tumor"
"SYNTH-43-17-1","Capture_5'_CAGTCCTGTCTAGTCA-1","Tumor"
"SYNTH-43-17-1","Capture_5'_CTCTAATCATTGGGCC-2","T-cells"
"SYNTH-43-17-1","Capture_3'_CAGCGTGAGCTCGTGC-2","Dividing Tumor"
"SYNTH-43-17-1","Capture_5'_TACCTTATCTCAAACG-1","Tumor"
"SYNTH-43-17-1","Capture_3'_GTTAGACCAGATGCGA-1","Tumor"
"SYNTH-43-18-1","Capture_5'_AGGGATGTCCGCATCT-1","Endothelial Cells"
"SYNTH-43-18-1","Capture_5'_GCGGGTTGTTGGACCC-2","Dividing Tumor"
"SYNTH-43-18-1","Capture_5'_CACAGTAGTGAGGCTA-4","Plasma Cells"
"SYNTH-43-18-1","Capture_5'_CCATTCGAGAATGTGT-2","Tumor"
"SYNTH-43-18-1","Capture_5'_AGTGGGACAGCATACT-2","Tumor"
"SYNTH-43-18-1","Capture_3'_TGAGCGCAGGACGCTA-1","Tumor"
"SYNTH-43-18-1","Capture_5'_CACACTCCACGGCTAC-1","T-cells"
"SYNTH-43-18-1","Capture_3'_GCTTTCGCAGCGTTTA-1","Luminal A"
"SYNTH-43-18-1","Capture_5'_GGACAGAGTTGACGTT-2","Myoepithelial Cells"
"SYNTH-43-19-1","Capture_5'_GGAATAACACAGGTTT-4","TAMs"
"SYNTH-43-19-1","Capture_5'_CGGACACAGAAGGTGA-1","B-cells"
"SYNTH-43-19-1","Capture_5'_AGGGATGTCTTGCCGT-4","Tumor"
"SYNTH-43-19-1","Capture_3'_CTGCCATCAGTTAGAA-4","Tumor"
"SYNTH-43-19-1","Capture_5'_TCAGGTAAGAGAACAG-4","Tumor"
"SYNTH-43-19-1","Capture_5'_CCTCAGTCACGAAAGC-2","T-cells"
"SYNTH-43-19-1","Capture_3'_TCCACGTAGGATTCAA-1","T-cells"
"SYNTH-43-20-1","Capture_5'_ACCAGTAAGTAGATGT-2","T-cells"
"SYNTH-43-20-1","Capture_5'_GTATTCTTCTGATACG-3","Dividing Tumor"
"SYNTH-43-20-1","Capture_5'_CCTTACGTCGCAAGCC-2","Tumor"
"SYNTH-43-20-1","Capture_5'_CGAATGTGTGTTAAGA-3","Dividing Tumor"
"SYNTH-43-21-1","Capture_3'_CCCGGAACAAGCGCAA-2","Tumor"
"SYNTH-43-21-1","Capture_5'_TCTCTAAGTGGCAAAC-4","Dividing Tumor"
"SYNTH-43-21-1","Capture_5'_TGCTGCTTCAAGAAGT-2","TAMs"
"SYNTH-43-21-1","Capture_3'_TTCATTGAGGTGATCG-2","Tumor"
"SYNTH-43-21-1","Capture_5'_TGCCAAACACCTATCC-4","Tumor"
"SYNTH-43-21-1","Capture_3'_GAAGGGTAGAAATCCA-1","Dividing Tumor"
"SYNTH-43-22-1","Capture_5'_TATTACCCACACGCTG-3","Dividing Tumor"
"SYNTH-43-22-1","Capture_3'_GTATTTCGTGTCCATA-4","T-cells"
"SYNTH-43-23-1","Capture_5'_TGTTCCGGTGATGTGG-3","Dividing Tumor"
"SYNTH-43-23-1","Capture_3'_CAACAGTGTCTTCATT-4","Dividing Tumor"
"SYNTH-43-23-1","Capture_3'_AGACCCGGTGACTAAA-3","Tumor"
"SYNTH-43-23-1","Capture_3'_CTTGATTGTACAAAGT-2","Dividing Tumor"
"SYNTH-43-24-1","Capture_5'_GCCTCTAGTTCGGCAC-2","T-cells"
"SYNTH-43-25-1","Capture_5'_GATTCAGAGCTAGGCA-4","TAMs"
"SYNTH-43-25-1","Capture_3'_TCCGATCCATATGGCT-3","Tumor"
"SYNTH-43-25-1","Capture_5'_TCTGAGAGTATTCTCT-1","Tumor"
"SYNTH-43-26-1","Capture_5'_TATTACCTCCGCAAGC-2","Dividing Tumor"
"SYNTH-43-26-1","Capture_3'_CATGCCTCACAACGTT-2","TAMs"
"SYNTH-43-26-1","Capture_3'_ATGTCCCAGATCGACG-4","Tumor"
"SYNTH-43-26-1","Capture_5'_CGCTGGACACCACGTG-2","Dividing Tumor"
"SYNTH-43-27-1","Capture_5'_TGGTTCCGTCGACTAT-3","Tumor"
"SYNTH-43-27-1","Capture_3'_TAGACTGCACCTGTCT-1","Tumor"
"SYNTH-43-27-1","Capture_5'_GCTGCTTAGTCAAGGC-3","Tumor"
"SYNTH-43-27-1","Capture_5'_TACTTGTGTGAGGGAG-4","Tumor"
"SYNTH-43-27-1","Capture_5'_GTAACGTCATCTCGCT-3","Luminal A"
"SYNTH-43-27-1","Capture_3'_AGTTAGCTCGCCTATC-1","Luminal A"
"SYNTH-43-27-1","Capture_5'_TAGGCATGTCGTCTTC-3","Dividing Tumor"
"SYNTH-43-28-1","Capture_5'_CTACCCACATTCACTT-4","Tumor"
"SYNTH-43-28-1","Capture_5'_ACCAGTATCGTTTAGG-4","T-cells"
"SYNTH-43-28-1","Capture_3'_TCCATGCAGCACTCGC-4","Tumor"
"SYNTH-43-28-1","Capture_3'_CCTCCTCAGTTCTACG-4","Tumor"
"SYNTH-43-28-1","Capture_5'_TCACGAATCACGCATA-3","Luminal A"
"SYNTH-43-28-1","Capture_3'_TCTACATCAGCGTTGC-3","Dividing Tumor"
"SYNTH-43-28-1","Capture_5'_GTACGTAAGATGCCTT-3","Tumor"
"SYNTH-43-28-1","Capture_5'_CGCTTCACACGCGAAA-3","Dividing Tumor"
"SYNTH-43-28-1","Capture_3'_TGAGGAGTCTCCGAAA-3","Tumor"
"SYNTH-43-28-1","Capture_3'_TATTGGGTCTGAGCAT-3","Fibroblasts"
"SYNTH-43-29-1","Capture_5'_ATGGGAGTCGATGAGG-4","T-cells"
"SYNTH-43-29-1","Capture_5'_AGTGGGAAGCTGATAA-1","Tumor"
"SYNTH-43-29-1","Capture_5'_GTTCTCGGTCCAACTA-3","Dividing Tumor"
"SYNTH-43-29-1","Capture_3'_CTTGATTAGGAGAATG-2","T-cells"
"SYNTH-43-29-1","Capture_5'_TTCGAAGCACCAGGCT-4","B-cells"
"SYNTH-43-29-1","Capture_3'_CTCCCTCTCCGGTAAT-4","Tumor"
"SYNTH-43-29-1","Capture_5'_CTGTTTAGTTATTCTC-1","Tumor"
"SYNTH-43-29-1","Capture_3'_CTATCTAGTGGTAATA-3","Tumor"
"SYNTH-43-29-1","Capture_5'_CTCGGAGCACCGATAT-2","Dividing Tumor"
"SYNTH-43-29-1","Capture_3'_TTCGCTGGTTCTCTCG-2","Tumor"
"SYNTH-43-30-1","Capture_5'_CTCGAGGCAGCGTCCA-4","Tumor"
"SYNTH-43-30-1","Capture_5'_ACTATCTGTAAAGGAG-4","Tumor"
"SYNTH-43-30-1","Capture_5'_GACCAATGTTTGACTG-1","Tumor"
"SYNTH-43-30-1","Capture_5'_AGCTCTCAGGTGACCA-4","Tumor"
"SYNTH-43-30-1","Capture_5'_TACTTGTGTGGTTTCA-1","T-cells"
"SYNTH-43-30-1","Capture_5'_GTACGTAGTGTGCGTC-3","Tumor"
"SYNTH-43-31-1","Capture_3'_ACAGAAACATACACCA-3","Tumor"
"SYNTH-43-31-1","Capture_5'_TGCCAAAAGATGTGGC-2","Tumor"
"SYNTH-43-31-1","Capture_5'_TGAAAGATCAGCTGGC-1","Dividing Tumor"
"SYNTH-43-31-1","Capture_5'_ACGAGGAAGTGAACGC-2","Dividing Tumor"
"SYNTH-43-31-1","Capture_5'_AACTGGTCATCGACGC-4","B-cells"
"SYNTH-43-31-1","Capture_3'_GTGGAAGAGACTCAAA-3","Tumor"
"SYNTH-43-31-1","Capture_5'_ACGGCCATCGGCGGTT-4","Dividing Tumor"
"SYNTH-43-31-1","Capture_5'_TACTTGTTCTACTCAT-1","Tumor"
"SYNTH-43-32-1","Capture_5'_ACGAGCCGTCAGAGGT-3","Tumor"
"SYNTH-43-32-1","Capture_5'_GAACCTATCCCTCTTT-1","Luminal A"
"SYNTH-43-32-1","Capture_5'_CTAATGGAGTAGTGCG-4","T-cells"
"SYNTH-43-32-1","Capture_3'_CTGCCATCAGTTAGAA-2","Dividing Tumor"
"SYNTH-43-32-1","Capture_5'_AAGCCGCCACGGACAA-2","Tumor"
"SYNTH-43-32-1","Capture_3'_ACCTGAAAGCAACTCT-3","Tumor"
"SYNTH-43-33-1","Capture_5'_GTACTCCGTCTTGATG-3","Tumor"
"SYNTH-43-33-1","Capture_3'_ATCGGCGTCGTCTCAC-2","T-cells"
"SYNTH-43-33-1","Capture_5'_TGCCCATTCATGCATG-1","T-cells"
"SYNTH-43-34-1","Capture_5'_GAAATGACAACACCTA-1","Luminal A"
"SYNTH-43-34-1","Capture_5'_TATTACCGTTCAGTAC-4","Tumor"
"SYNTH-43-34-1","Capture_3'_CGGAGAATCAGTGATC-2","Dividing Tumor"
"SYNTH-43-35-1","Capture_5'_AAATGCCGTGCCTGTG-2","Tumor"
"SYNTH-43-35-1","Capture_3'_CCTAAGATCTCGCTTG-4","Tumor"
"SYNTH-43-35-1","Capture_5'_TGAGGGAAGTCAATAG-4","Dividing Tumor"
"SYNTH-43-35-1","Capture_5'_TTGACTTGTGGCGAAT-2","Tumor"
"SYNTH-43-35-1","Capture_5'_TTCTTAGGTTCGTTGA-1","Plasma Cells"
"SYNTH-43-35-1","Capture_5'_CACAGGCAGACGACGT-4","T-cells"
"SYNTH-43-35-1","Capture_5'_CATCCACAGAGACGAA-2","Dividing Tumor"
"SYNTH-43-36-1","Capture_3'_TGTGATGAGAAATCCA-4","Tumor"
"SYNTH-43-36-1","Capture_3'_TAATTCCTCGCAGATT-3","Tumor"
"SYNTH-43-36-1","Capture_5'_CAGAGAGTCAAAGTAG-1","Tumor"
"SYNTH-43-36-1","Capture_5'_CGTGAGCCACTTAACG-1","T-cells"
"SYNTH-43-36-1","Capture_5'_GACACGCGTTTGGCGC-3","Tumor"
"SYNTH-43-36-1","Capture_5'_TTCCCAGAGATGTTAG-3","Tumor"
"SYNTH-43-36-1","Capture_3'_TTGAACGTCATTGGTG-1","Dividing Tumor"
"SYNTH-43-36-1","Capture_5'_TTTGCGCCAGCTTCGG-4","Tumor"
"SYNTH-43-36-1","Capture_3'_ACATTTCAGGGTACGT-3","B-cells"
"SYNTH-43-36-1","Capture_3'_ACCATTTCAATGAGCG-1","Tumor"
"SYNTH-43-37-1","Capture_5'_TCTGGAAGTAGGGACT-2","Fibroblasts"
"SYNTH-43-37-1","Capture_5'_ATAAGAGTCTAAGCCA-3","Tumor"
"SYNTH-43-37-1","Capture_5'_TCAGCAACATCGGACC-3","Tumor"
"SYNTH-43-38-1","Capture_5'_TGGCGCAGTCAACTGT-2","Tumor"
"SYNTH-43-38-1","Capture_3'_TACTTGTAGAGAATCT-1","B-cells"
"SYNTH-43-38-1","Capture_5'_CCTTCGAAGTGTCCCG-1","Dividing Tumor"
"SYNTH-43-38-1","Capture_5'_ATAAGAGGTCCTCTTG-2","Tumor"
"SYNTH-43-38-1","Capture_3'_TTGTGGAGTCTTGAGT-4","Tumor"
"SYNTH-43-38-1","Capture_5'_CCGTGGACAGGACCCT-4","Dividing Tumor"
"SYNTH-43-38-1","Capture_3'_TCAGGTACAATACCTG-2","Tumor"
"SYNTH-43-38-1","Capture_3'_ATCACTTAGCAACAAT-2","T-cells"
"SYNTH-43-39-1","Capture_3'_ATTCTTGTCCCAGCGA-4","Dividing Tumor"
"SYNTH-43-39-1","Capture_5'_CATCAGAGTCTCTCTG-2","Tumor"
"SYNTH-43-39-1","Capture_3'_GTTATGGCAGTTAAAG-4","Tumor"
"SYNTH-43-39-1","Capture_5'_CCTACCAAGACTGTAA-4","Tumor"
"SYNTH-43-39-1","Capture_3'_TTGGGTATCAGAGCAG-3","Tumor"
"SYNTH-43-39-1","Capture_5'_CGAACATGTATGCTTG-3","T-cells"
"SYNTH-43-40-1","Capture_5'_GCAGCCAGTTCGGGCT-1","Luminal A"
"SYNTH-43-40-1","Capture_5'_TTTACTGGTCGATTGT-2","Tumor"
"SYNTH-43-40-1","Capture_5'_CGTCCATGTAAGCACG-3","Luminal A"
"SYNTH-43-40-1","Capture_3'_ACATCGAAGACCGTTT-2","Tumor"
"SYNTH-43-40-1","Capture_5'_CGGTTAAAGTCATCCA-4","T-cells"
"SYNTH-43-41-1","Capture_5'_CCAGCGATCTCGATGA-1","Tumor"
"SYNTH-43-41-1","Capture_5'_ATGCGATAGGCCATAG-2","Dividing Tumor"
"SYNTH-43-41-1","Capture_5'_CGGACTGTCAGCTTAG-1","Dividing Tumor"
"SYNTH-43-41-1","Capture_3'_GTAGGTTAGCAGTAAT-2","Dividing Tumor"
"SYNTH-43-41-1","Capture_3'_GCCCGAAAGCGTACAG-2","Tumor"
"SYNTH-43-41-1","Capture_5'_CACTCCATCCGTAGTA-4","Dividing Tumor"
"SYNTH-43-41-1","Capture_5'_GTCCTCAGTTTGTTGG-1","Dividing Tumor"
"SYNTH-43-42-1","Capture_5'_TTTGGTTTCATACGGT-4","Luminal B"
"SYNTH-43-42-1","Capture_3'_CTTTCAAAGACCAAAT-4","Dividing Tumor"
"SYNTH-43-42-1","Capture_5'_GCAGCCAGTTCCACGG-3","Dividing Tumor"
"SYNTH-43-42-1","Capture_5'_ATTGGTGTCTAAGCCA-2","Dividing Tumor"
"SYNTH-43-42-1","Capture_5'_CCTCTGAGTCTGCGGT-4","Endothelial Cells"
"SYNTH-43-42-1","Capture_5'_CTGAAGTCACATGACT-1","B-cells"
"SYNTH-43-42-1","Capture_5'_TGAAAGATCAGCCTAA-1","Dividing Tumor"
"SYNTH-43-42-1","Capture_5'_TACGGGCTCGCTGATA-2","Tumor"
"SYNTH-43-42-1","Capture_5'_TACTTGTAGGCACATG-3","Tumor"
"SYNTH-43-42-1","Capture_5'_CACCACTTCTTGAGAC-2","Luminal A"
"SYNTH-43-43-1","Capture_5'_CACACTCGTTATCCGA-2","Tumor"
"SYNTH-43-43-1","Capture_3'_ACGTAGTTCTGTCCCA-1","T-cells"
"SYNTH-43-43-1","Capture_5'_TATTACCGTACACCGC-2","Tumor"
"SYNTH-43-43-1","Capture_3'_ATGAGGGTCTTCCACG-4","B-cells"
"SYNTH-43-43-1","Capture_3'_TGAGGTTAGGAAGTCC-3","Luminal A"
"SYNTH-43-43-1","Capture_5'_AACTCAGGTACCGTAT-3","Tumor"
"SYNTH-43-44-1","Capture_3'_GGCTTGGTCTGTGCAA-3","Endothelial Cells"
"SYNTH-43-44-1","Capture_5'_AACTGGTGTCCAACTA-4","Tumor"
"SYNTH-43-44-1","Capture_5'_CGTGTAAAGGCTAGAC-4","Tumor"
"SYNTH-43-44-1","Capture_5'_ATAACGCCATGTCGAT-1","Dividing Tumor"
"SYNTH-43-44-1","Capture_5'_AATCGGTAGCTGAACG-2","Tumor"
"SYNTH-43-44-1","Capture_3'_ACAGGGACAGTCGGAA-1","Fibroblasts"
"SYNTH-43-44-1","Capture_3'_TAACTTCGTAACATGA-3","T-cells"
"SYNTH-43-44-1","Capture_5'_TTGGAACCACATCTTT-2","T-cells"
"SYNTH-43-44-1","Capture_5'_ACTTGTTGTTACCGAT-2","Tumor"
"SYNTH-43-44-1","Capture_5'_ACTTACTGTCTCTTTA-2","Luminal A"
"SYNTH-43-45-1","Capture_5'_AGTGGGATCTTGCAAG-2","Tumor"
"SYNTH-43-46-1","Capture_5'_CGTGTAAAGATGAGAG-2","Tumor"
"SYNTH-43-46-1","Capture_5'_GCTGCAGGTACCTACA-3","Dividing Tumor"
"SYNTH-43-46-1","Capture_5'_TACCTTATCTTCAACT-4","Dividing Tumor"
"SYNTH-43-46-1","Capture_5'_GATCGATCATGGGACA-3","Tumor"
"SYNTH-43-47-1","Capture_5'_TGGTTAGAGAACTGTA-2","TAMs"
"SYNTH-43-48-1","Capture_3'_TAGGAGGCACCTCAGG-2","Tumor"
"SYNTH-43-48-1","Capture_3'_TGTCCTGCACATCCCT-4","Endothelial Cells"
"SYNTH-43-48-1","Capture_5'_TAGACCAAGTCTTGCA-4","Dividing Tumor"
"SYNTH-43-48-1","Capture_3'_CATCGGGGTTCCGGTG-1","Dividing Tumor"
"SYNTH-43-49-1","Capture_5'_CCTTCCCTCTCTTGAT-4","Tumor"
"SYNTH-43-49-1","Capture_3'_CGAGGAATCGCTAAAC-2","TAMs"
"SYNTH-43-49-1","Capture_5'_AGGCCACGTTTGACTG-1","Ciliated Cells"
"SYNTH-43-49-1","Capture_3'_TCAGTCCTCCCATTTA-1","Tumor"
"SYNTH-43-49-1","Capture_5'_CTGCTGTCAGTCGTGC-3","T-cells"
"SYNTH-43-49-1","Capture_5'_CGTCTACCAATAGAGT-1","T-cells"
"SYNTH-43-49-1","Capture_5'_TATCAGGCAGTACACT-2","Plasma Cells"
"SYNTH-43-49-1","Capture_3'_TCTACCGAGATACAGT-2","Myoepithelial Cells"
"SYNTH-43-50-1","Capture_5'_GATGAGGGTGACCAAG-2","Luminal A"
"SYNTH-44-1-1","Capture_3'_ATGCCTCTCATAGACC-3","Dividing Tumor"
"SYNTH-44-1-1","Capture_3'_ACAGAAATCAATCAGC-4","Endothelial Cells"
"SYNTH-44-1-1","Capture_5'_GCAGCCATCAGGCAAG-3","Luminal A"
"SYNTH-44-1-1","Capture_5'_GGGCATCCAGACAGGT-3","Tumor"
"SYNTH-44-1-1","Capture_3'_TTCATGTAGGCCTGAA-1","Luminal A"
"SYNTH-44-1-1","Capture_5'_ACTGTCCGTTGGTTTG-4","T-cells"
"SYNTH-44-1-1","Capture_5'_GACACGCTCAAACAAG-4","Dividing Tumor"
"SYNTH-44-1-1","Capture_5'_CTTTGCGAGCTGTTCA-2","Tumor"
"SYNTH-44-1-1","Capture_5'_GAATAAGGTCGAATCT-3","Tumor"
"SYNTH-44-2-1","Capture_5'_ACACCAATCACGCATA-3","Plasma Cells"
"SYNTH-44-2-1","Capture_3'_GTAATCGAGACTCATC-4","T-cells"
"SYNTH-44-2-1","Capture_5'_CCCTCCTGTGTGGCTC-3","Tumor"
"SYNTH-44-2-1","Capture_5'_CTGGTCTGTGATGATA-2","Dividing Tumor"
"SYNTH-44-2-1","Capture_5'_TTAGGCATCGACGGAA-1","Tumor"
"SYNTH-44-2-1","Capture_5'_CGTGTAAGTTCAACCA-3","Tumor"
"SYNTH-44-2-1","Capture_5'_TCGGGACGTTCCACGG-4","Luminal A"
"SYNTH-44-2-1","Capture_3'_CGTCAAATCCATATGG-3","Tumor"
"SYNTH-44-2-1","Capture_5'_CATGACAAGGCCGAAT-1","B-cells"
"SYNTH-44-2-1","Capture_3'_TTCGATTCAGTGTGCC-3","Dividing Tumor"
"SYNTH-44-3-1","Capture_5'_TGCCCTAGTCGACTAT-1","Dividing Tumor"
"SYNTH-44-3-1","Capture_5'_CCCTCCTTCCTCTAGC-4","Tumor"
"SYNTH-44-3-1","Capture_5'_CTAGCCTTCGTAGGTT-2","Tumor"
"SYNTH-44-3-1","Capture_3'_GCCATTCGTGAGACCA-4","T-cells"
"SYNTH-44-3-1","Capture_3'_GGGTTATCACTAACGT-4","Tumor"
"SYNTH-44-4-1","Capture_3'_CTAACTTTCCATTGTT-2","B-cells"
"SYNTH-44-4-1","Capture_3'_TACATTCGTACAAGCG-1","Tumor"
"SYNTH-44-4-1","Capture_3'_ATAGAGAGTAGGCTCC-1","T-cells"
"SYNTH-44-5-1","Capture_3'_ACGTTCCTCATTCTTG-1","T-cells"
"SYNTH-44-5-1","Capture_5'_TGCCAAAAGAGACGAA-2","Dividing Tumor"
"SYNTH-44-5-1","Capture_5'_GGGAATGTCTTGTATC-4","T-cells"
"SYNTH-44-5-1","Capture_5'_CCTTACGAGGTGCTTT-2","Dividing Tumor"
"SYNTH-44-5-1","Capture_5'_TACAGTGGTGGTACAG-3","Dividing Tumor"
"SYNTH-44-6-1","Capture_5'_CACAGGCAGACAGAGA-2","Tumor"
"SYNTH-44-6-1","Capture_5'_GCTGGGTCAAGCCTAT-3","Tumor"
"SYNTH-44-6-1","Capture_5'_TGGTTAGTCGAACGGA-2","Myoepithelial Cells"
"SYNTH-44-7-1","Capture_5'_ACCGTAAGTGCTTCTC-3","Dividing Tumor"
"SYNTH-44-8-1","Capture_5'_CGTCAGGAGGGCATGT-4","Tumor"
"SYNTH-44-8-1","Capture_5'_CATATGGAGAGTGACC-4","T-cells"
"SYNTH-44-8-1","Capture_5'_GCGACCAGTTCGGCAC-4","TAMs"
"SYNTH-44-8-1","Capture_5'_CAGAATCTCGATCCCT-1","Tumor"
"SYNTH-44-8-1","Capture_5'_GGTGCGTCACCGCTAG-4","Dividing Tumor"
"SYNTH-44-9-1","Capture_5'_AGACGTTCAGGAATCG-2","Tumor"
"SYNTH-44-9-1","Capture_5'_AGGCCGTTCCAAGCCG-4","Tumor"
"SYNTH-44-9-1","Capture_5'_CTCTAATGTCGTCTTC-4","Luminal A"
"SYNTH-44-9-1","Capture_5'_AACTCAGTCACCCGAG-3","Dividing Tumor"
"SYNTH-44-9-1","Capture_3'_TTTGTTGTCTTCTGTA-4","T-cells"
"SYNTH-44-9-1","Capture_5'_AGAGCTTAGGAGCGAG-3","Tumor"
"SYNTH-44-9-1","Capture_3'_ACGGTCGAGTTGCCCG-3","Tumor"
"SYNTH-44-10-1","Capture_5'_GCTCTGTGTCCAGTAT-2","T-cells"
"SYNTH-44-11-1","Capture_3'_TATCCTAAGGCTGTAG-4","T-cells"
"SYNTH-44-11-1","Capture_5'_CAGCTGGTCCTTGCCA-1","Tumor"
"SYNTH-44-11-1","Capture_3'_CACGTTCGTTTCGGCG-3","Tumor"
"SYNTH-44-11-1","Capture_5'_TATCAGGTCTGCTTGC-4","Dividing Tumor"
"SYNTH-44-11-1","Capture_5'_AACACGTTCTTTACGT-4","Plasma Cells"
"SYNTH-44-11-1","Capture_5'_TTGAACGCAAACCTAC-3","Tumor"
"SYNTH-44-12-1","Capture_3'_TACGCTCTCAGTCTTT-3","Tumor"
"SYNTH-44-12-1","Capture_3'_AGTAGCTCAAGCTCTA-4","Luminal A"
"SYNTH-44-12-1","Capture_3'_AGGTCTATCTTCGGAA-4","Luminal A"
"SYNTH-44-12-1","Capture_5'_TGAGCATGTACAGTGG-3","TAMs"
"SYNTH-44-12-1","Capture_3'_ATCAGGTGTTAAGGGC-3","Tumor"
"SYNTH-44-12-1","Capture_5'_AAAGATGTCCAAAGTC-4","Tumor"
"SYNTH-44-12-1","Capture_3'_TATCCTATCCTAGCCT-3","Tumor"
"SYNTH-44-13-1","Capture_5'_TGCGGGTCATTAGCCA-4","Luminal B"
"SYNTH-44-13-1","Capture_3'_CTACCCATCTGCGTCT-2","T-cells"
"SYNTH-44-13-1","Capture_5'_CGCTGGATCCAGGGCT-1","Tumor"
"SYNTH-44-13-1","Capture_5'_TGGCTGGTCCAGTAGT-3","Tumor"
"SYNTH-44-14-1","Capture_3'_TCGGGACAGAGTCCGA-4","Dividing Tumor"
"SYNTH-44-15-1","Capture_3'_CCTTCAGAGACGCTCC-1","Tumor"
"SYNTH-44-16-1","Capture_3'_TTGGGATGTAGGTCAG-3","T-cells"
"SYNTH-44-16-1","Capture_5'_ACGCAGCGTAGTAGTA-2","Tumor"
"SYNTH-44-16-1","Capture_5'_CAGTCCTGTAACGACG-2","Luminal A"
"SYNTH-44-16-1","Capture_5'_ACGGCCACACAGCCCA-2","Dividing Tumor"
"SYNTH-44-17-1","Capture_5'_GAGGTGAGTCTGCCAG-3","Endothelial Cells"
"SYNTH-44-17-1","Capture_5'_TTAGGCAGTTGGTTTG-4","Tumor"
"SYNTH-44-17-1","Capture_5'_TGCCCATGTCTGCCAG-3","T-cells"
"SYNTH-44-17-1","Capture_3'_TCGAACATCAGAGTTC-2","Tumor"
"SYNTH-44-17-1","Capture_5'_CCGTACTGTCCTCTTG-4","T-cells"
"SYNTH-44-17-1","Capture_5'_TTGACTTGTGGCGAAT-2","Tumor"
"SYNTH-44-17-1","Capture_3'_ACAAAGATCGGACAAG-1","Fibroblasts"
"SYNTH-44-17-1","Capture_3'_GAGTCATTCAGCGGAA-1","Tumor"
"SYNTH-44-18-1","Capture_3'_CACGTTCCACGCTATA-3","Fibroblasts"
"SYNTH-44-18-1","Capture_5'_ATCATCTGTCGAATCT-1","Dividing Tumor"
"SYNTH-44-18-1","Capture_5'_CGATTGAGTCTCATCC-3","Tumor"
"SYNTH-44-19-1","Capture_3'_AGAACCTGTGGGAGAG-4","Tumor"
"SYNTH-44-20-1","Capture_5'_GGACAGACATGTCGAT-4","Dividing Tumor"
"SYNTH-44-20-1","Capture_3'_GATTGGTTCTAGAGCT-4","Tumor"
"SYNTH-44-21-1","Capture_3'_GATGTTGAGTATTCCG-4","T-cells"
"SYNTH-44-22-1","Capture_5'_CGACCTTTCCGCATAA-1","T-cells"
"SYNTH-44-23-1","Capture_5'_GGAGCAATCCGAATGT-3","T-cells"
"SYNTH-44-23-1","Capture_5'_TGTATTCTCTTGTCAT-3","Dividing Tumor"
"SYNTH-44-23-1","Capture_3'_GTAGTACCATGGACAG-2","Tumor"
"SYNTH-44-24-1","Capture_5'_TGCTGCTTCAGTTTGG-2","B-cells"
"SYNTH-44-24-1","Capture_3'_TCGGGCAAGCTCTGTA-4","B-cells"
"SYNTH-44-24-1","Capture_5'_GCAGCCAAGTGGCACA-3","Endothelial Cells"
"SYNTH-44-24-1","Capture_5'_GCGACCATCACTGGGC-2","T-cells"
"SYNTH-44-24-1","Capture_5'_TGCACCTTCCATTCTA-1","Tumor"
"SYNTH-44-24-1","Capture_5'_GATGAGGTCACGCATA-2","Dividing Tumor"
"SYNTH-44-24-1","Capture_3'_AAACGAACAACACGTT-2","Tumor"
"SYNTH-44-24-1","Capture_5'_CAGGTGCTCAGGCGAA-2","Tumor"
"SYNTH-44-25-1","Capture_5'_ATGAGGGGTCTCCACT-1","Tumor"
"SYNTH-44-25-1","Capture_5'_AAGCCGCTCCCTCTTT-4","Dividing Tumor"
"SYNTH-44-25-1","Capture_3'_TACTGCCGTGTGACCC-2","T-cells"
"SYNTH-44-25-1","Capture_5'_GTAGTCATCTAACTTC-4","T-cells"
"SYNTH-44-25-1","Capture_3'_AGAACAAAGCCATTCA-1","Tumor"
"SYNTH-44-26-1","Capture_3'_TTCTTCCTCGCGTAGC-4","T-cells"
"SYNTH-44-26-1","Capture_5'_CGTGTAAAGATGCGAC-4","Luminal B"
"SYNTH-44-26-1","Capture_3'_CAACCAAAGCCACCGT-1","Plasma Cells"
"SYNTH-44-26-1","Capture_5'_GGGAGATCATCAGTAC-2","Tumor"
"SYNTH-44-26-1","Capture_3'_AGCATCATCCCGAGTG-2","Dividing Tumor"
"SYNTH-44-26-1","Capture_5'_TTTGCGCGTTAAAGTG-3","Tumor"
"SYNTH-44-27-1","Capture_5'_GCATACAAGAGGTTGC-3","Dividing Tumor"
"SYNTH-44-27-1","Capture_5'_CAGCATACAAGCCATT-1","Dividing Tumor"
"SYNTH-44-27-1","Capture_5'_TCAGCAACATTGTGCA-2","Tumor"
"SYNTH-44-28-1","Capture_5'_ACTTGTTCATGCCTAA-3","Tumor"
"SYNTH-44-28-1","Capture_3'_CACGAATAGGCCCGTT-4","Tumor"
"SYNTH-44-29-1","Capture_5'_CGATTGAAGAGGGCTT-2","T-cells"
"SYNTH-44-30-1","Capture_5'_CGAGCACTCCTACAGA-1","Tumor"
"SYNTH-44-31-1","Capture_5'_CATCCACCAATACGCT-4","Dividing Tumor"
"SYNTH-44-31-1","Capture_5'_TATTACCCATTTGCTT-3","Tumor"
"SYNTH-44-31-1","Capture_3'_AGCGATTAGCGATGCA-3","Tumor"
"SYNTH-44-31-1","Capture_3'_GAAATGAAGCTAGAGC-3","T-cells"
"SYNTH-44-31-1","Capture_5'_CCTTCCCCATCAGTCA-4","T-cells"
"SYNTH-44-31-1","Capture_5'_ATCCGAAAGAAGAAGC-2","Tumor"
"SYNTH-44-31-1","Capture_5'_AGGGTGAGTTGAGTTC-2","Tumor"
"SYNTH-44-31-1","Capture_5'_TAAGTGCGTCAGATAA-4","Dividing Tumor"
"SYNTH-44-32-1","Capture_3'_GTTCATTTCCCAGGAC-2","Tumor"
"SYNTH-44-33-1","Capture_5'_AGAGCTTGTATATGGA-4","Fibroblasts"
"SYNTH-44-33-1","Capture_5'_CATGGCGCATGGTCTA-3","Tumor"
"SYNTH-44-33-1","Capture_5'_AAAGCAAGTAAGAGAG-4","Dividing Tumor"
"SYNTH-44-33-1","Capture_5'_CCACTACGTACATCCA-2","TAMs"
"SYNTH-44-33-1","Capture_3'_TTAATCCAGACGTCGA-4","Luminal A"
"SYNTH-44-34-1","Capture_5'_TGGTTCCCACCGAATT-2","Tumor"
"SYNTH-44-34-1","Capture_5'_ACGATACAGGTGGGTT-3","Tumor"
"SYNTH-44-34-1","Capture_5'_GCGCAGTGTCTAACGT-2","Tumor"
"SYNTH-44-34-1","Capture_3'_CTTGAGAAGCAGAAAG-3","B-cells"
"SYNTH-44-34-1","Capture_3'_GTGTCCTGTCCAAGAG-3","Tumor"
"SYNTH-44-34-1","Capture_5'_ACCGTAAAGTGGTAGC-2","Tumor"
"SYNTH-44-34-1","Capture_5'_ACGGAGATCCCTGACT-2","B-cells"
"SYNTH-44-34-1","Capture_5'_TAGTTGGTCAAGGTAA-4","Tumor"
"SYNTH-44-35-1","Capture_3'_AGGAATACAATCACGT-4","B-cells"
"SYNTH-44-35-1","Capture_3'_GGGTTTAAGATTTGCC-4","Tumor"
"SYNTH-44-35-1","Capture_5'_GCGGGTTCACGGCTAC-1","Tumor"
"SYNTH-44-35-1","Capture_5'_GATCGCGTCTTGAGAC-3","Dividing Tumor"
"SYNTH-44-35-1","Capture_5'_AAAGATGCAAGCGATG-1","Tumor"
"SYNTH-44-36-1","Capture_5'_TAGTTGGCAAGCCGTC-3","Tumor"
"SYNTH-44-36-1","Capture_5'_TCATTACTCTGTTGAG-3","Dividing Tumor"
"SYNTH-44-36-1","Capture_5'_CTACGTCTCCGTCATC-1","Tumor"
"SYNTH-44-36-1","Capture_5'_TAGTTGGCAGGAATCG-3","Dividing Tumor"
"SYNTH-44-36-1","Capture_5'_GGGTTGCCAATGGAAT-4","Dividing Tumor"
"SYNTH-44-36-1","Capture_5'_CGGTTAATCAGGTTCA-4","Dividing Tumor"
"SYNTH-44-36-1","Capture_3'_CCGGTGAGTTGCGGAA-3","Tumor"
"SYNTH-44-36-1","Capture_5'_ATTATCCTCACTCCTG-2","Luminal A"
"SYNTH-44-36-1","Capture_5'_GATCAGTAGTAATCCC-4","Plasma Cells"
"SYNTH-44-37-1","Capture_5'_AGGGTGAGTTGAGTTC-2","Tumor"
"SYNTH-44-37-1","Capture_3'_ATTCGTTGTTTAGACC-2","Dividing Tumor"
"SYNTH-44-37-1","Capture_3'_TGGCGTGTCCTCTCGA-1","Tumor"
"SYNTH-44-37-1","Capture_5'_CATATGGAGGCCCGTT-1","Dividing Tumor"
"SYNTH-44-37-1","Capture_3'_AATGGAAGTACCGGAA-2","T-cells"
"SYNTH-44-37-1","Capture_5'_CCATTCGCACTTCTGC-2","TAMs"
"SYNTH-44-37-1","Capture_5'_TGCTGCTCACTCTGTC-1","Endothelial Cells"
"SYNTH-44-37-1","Capture_3'_TATCAGGAGATGACAT-4","T-cells"
"SYNTH-44-37-1","Capture_5'_GGGTCTGGTATAAACG-1","Tumor"
"SYNTH-44-37-1","Capture_3'_TCTGCCATCGGTTGTA-2","T-cells"
"SYNTH-44-38-1","Capture_3'_GTCATCCAGCTGACAG-4","TAMs"
"SYNTH-44-38-1","Capture_5'_CACACAATCGGTTAAC-2","Tumor"
"SYNTH-44-38-1","Capture_5'_GTCGGGTGTCCAAGTT-4","Luminal A"
"SYNTH-44-39-1","Capture_5'_GATGAAATCACGACTA-3","Dividing Tumor"
"SYNTH-44-39-1","Capture_3'_GAGGCCTCAGGACTTT-1","Tumor"
"SYNTH-44-39-1","Capture_5'_ATCATGGTCAGTTAGC-2","Dividing Tumor"
"SYNTH-44-39-1","Capture_3'_GGCACGTTCTGGGTCG-3","Tumor"
"SYNTH-44-39-1","Capture_3'_CACACAATCCCACAGG-3","Dividing Tumor"
"SYNTH-44-39-1","Capture_5'_TGATTTCGTAGTAGTA-2","Tumor"
"SYNTH-44-40-1","Capture_5'_AGGGAGTGTGTTGGGA-3","Dividing Tumor"
"SYNTH-44-40-1","Capture_5'_CATGCCTGTAAGTAGT-1","Tumor"
"SYNTH-44-40-1","Capture_3'_CTCCCAAGTAAGATAC-3","Luminal A"
"SYNTH-44-40-1","Capture_5'_TCAGATGAGCAATATG-2","Tumor"
"SYNTH-44-40-1","Capture_5'_AGTGTCACATGCCCGA-4","Dividing Tumor"
"SYNTH-44-40-1","Capture_5'_AGCATACAGATATACG-4","Tumor"
"SYNTH-44-40-1","Capture_5'_AAGGAGCCAAGACGTG-4","Tumor"
"SYNTH-44-40-1","Capture_5'_CCTTCGAGTAAGTTCC-3","Luminal A"
"SYNTH-44-40-1","Capture_5'_CGTCCATAGGTAGCTG-1","T-cells"
"SYNTH-44-41-1","Capture_5'_GGGTTGCCACCTCGGA-4","Dividing Tumor"
"SYNTH-44-41-1","Capture_3'_AGGGCTCTCGAACGGA-3","T-cells"
"SYNTH-44-41-1","Capture_5'_ACGATGTTCTTCGGTC-4","Tumor"
"SYNTH-44-41-1","Capture_5'_CAGTCCTGTGTCGCTG-2","Tumor"
"SYNTH-44-41-1","Capture_3'_CCGGTGAGTGAGATTA-1","B-cells"
"SYNTH-44-42-1","Capture_3'_AGGTCATCATTGTACG-3","Dividing Tumor"
"SYNTH-44-42-1","Capture_3'_CAGGCCAAGCTAGATA-1","T-cells"
"SYNTH-44-42-1","Capture_3'_ACCCAAACATACTTTC-2","Tumor"
"SYNTH-44-42-1","Capture_5'_CTCATTAGTCCGAGTC-1","Dividing Tumor"
"SYNTH-44-42-1","Capture_5'_ACGGGCTGTCTTCAAG-4","T-cells"
"SYNTH-44-42-1","Capture_3'_TTTAGTCTCACGGGCT-3","T-cells"
"SYNTH-44-42-1","Capture_5'_ATCATGGGTGTTAAGA-2","Luminal A"
"SYNTH-44-43-1","Capture_5'_CCTCTGAAGCTCCTTC-3","Dividing Tumor"
"SYNTH-44-43-1","Capture_5'_CAGCGACAGACGCAAC-4","Tumor"
"SYNTH-44-43-1","Capture_5'_CTACCCAAGAAGGGTA-2","Dividing Tumor"
"SYNTH-44-43-1","Capture_5'_CACATAGGTCGGCTCA-4","Tumor"
"SYNTH-44-43-1","Capture_5'_TGACGGCGTTCAGGCC-4","T-cells"
"SYNTH-44-43-1","Capture_3'_ATTGGGTTCTTTGATC-4","Dividing Tumor"
"SYNTH-44-43-1","Capture_3'_AGACACTAGTTGCGAG-3","Dividing Tumor"
"SYNTH-44-44-1","Capture_5'_TGCCCTATCTAACTGG-4","T-cells"
"SYNTH-44-45-1","Capture_5'_AGGTCATAGGTAAACT-2","Dividing Tumor"
"SYNTH-44-45-1","Capture_5'_AGTTGGTCACGGCTAC-1","T-cells"
"SYNTH-44-45-1","Capture_3'_CAATTTCGTACCGTCG-2","Tumor"
"SYNTH-44-45-1","Capture_5'_TACTTGTGTTGGACCC-3","Tumor"
"SYNTH-44-45-1","Capture_5'_AACTGGTGTCTAGAGG-1","Luminal A"
"SYNTH-44-45-1","Capture_5'_ACATACGTCCGCATAA-4","Tumor"
"SYNTH-44-45-1","Capture_3'_ACTGATGTCATCTACT-4","T-cells"
"SYNTH-44-46-1","Capture_3'_TCCCAGTCAGCGACAA-4","Dividing Tumor"
"SYNTH-44-46-1","Capture_5'_GCATGATGTTGCTCCT-2","Tumor"
"SYNTH-44-46-1","Capture_5'_TGCCCTATCTTGTACT-4","Tumor"
"SYNTH-44-46-1","Capture_5'_TACCTATTCTATCCTA-3","Tumor"
"SYNTH-44-46-1","Capture_5'_AGCAGCCCAGCTGCTG-3","Tumor"
"SYNTH-44-47-1","Capture_5'_ACATGGTTCTCTAGGA-4","Luminal A"
"SYNTH-44-47-1","Capture_3'_CGAGGCTGTTTCGTTT-2","Tumor"
"SYNTH-44-47-1","Capture_5'_ATCGAGTGTTTGACAC-2","T-cells"
"SYNTH-44-47-1","Capture_5'_ACTTTCAAGAGGTAGA-2","Tumor"
"SYNTH-44-47-1","Capture_5'_AACACGTGTCACAAGG-4","Tumor"
"SYNTH-44-47-1","Capture_5'_GCGCCAATCCGCGGTA-4","Tumor"
"SYNTH-44-47-1","Capture_3'_GAAGGGTTCGTAACCA-4","Tumor"
"SYNTH-44-47-1","Capture_3'_CTCCGATTCCCTCGTA-4","Tumor"
"SYNTH-44-47-1","Capture_3'_CTGGTCTTCTTACGGA-4","Tumor"
"SYNTH-44-48-1","Capture_5'_CTCACACCAAGCGTAG-4","T-cells"
"SYNTH-44-48-1","Capture_5'_CTGCCTAAGCGTGTCC-4","Dividing Tumor"
"SYNTH-44-48-1","Capture_5'_GTGCATACAGGAATCG-1","TAMs"
"SYNTH-44-48-1","Capture_5'_TGACTTTGTCTCACCT-1","Tumor"
"SYNTH-44-48-1","Capture_3'_TACTTACAGAAACACT-1","Tumor"
"SYNTH-44-48-1","Capture_5'_ATTTCTGTCAAGCCTA-4","T-cells"
"SYNTH-44-48-1","Capture_5'_TACACGAGTGCACGAA-1","Tumor"
"SYNTH-44-48-1","Capture_5'_GCTGCTTCAGGCTGAA-1","Ciliated Cells"
"SYNTH-44-49-1","Capture_5'_AATCCAGCACATAACC-2","Dividing Tumor"
"SYNTH-44-49-1","Capture_3'_CCGGTAGCATAATGCC-3","Tumor"
"SYNTH-44-49-1","Capture_3'_ACGCACGCAAAGACTA-4","T-cells"
"SYNTH-44-49-1","Capture_3'_CATTGTTTCGTGGTAT-2","Tumor"
"SYNTH-44-49-1","Capture_3'_ACTTAGGAGAATTGCA-4","Tumor"
"SYNTH-44-49-1","Capture_5'_CACAGTATCAAGGTAA-2","Dividing Tumor"
"SYNTH-44-49-1","Capture_5'_CAACTAGAGGCATGTG-2","Dividing Tumor"
"SYNTH-44-49-1","Capture_5'_ATGCGATAGATGGCGT-3","Dividing Tumor"
"SYNTH-44-50-1","Capture_5'_ACACCCTTCATTCACT-4","T-cells"
"SYNTH-44-50-1","Capture_5'_CACCTTGCATATACGC-4","Tumor"
"SYNTH-44-50-1","Capture_5'_AGGCCGTAGGCGACAT-1","Tumor"
"SYNTH-44-50-1","Capture_5'_ACGATGTAGCAGCGTA-4","Tumor"
"SYNTH-44-50-1","Capture_3'_GCGGATCCACCATATG-3","T-cells"
"SYNTH-44-50-1","Capture_5'_GGACAGAGTTGACGTT-2","Myoepithelial Cells"
"SYNTH-45-1-1","Capture_5'_ACTGAGTTCAAGATCC-4","Tumor"
"SYNTH-45-1-1","Capture_3'_CGGGACTCAGCTGAAG-2","T-cells"
"SYNTH-45-1-1","Capture_5'_AAAGCAACATCACGTA-2","Dividing Tumor"
"SYNTH-45-1-1","Capture_5'_ACATCAGCATACGCTA-2","T-cells"
"SYNTH-45-2-1","Capture_3'_CGGAATTAGGGCCAAT-4","Tumor"
"SYNTH-45-2-1","Capture_5'_GTATTCTCAGCGTCCA-1","TAMs"
"SYNTH-45-2-1","Capture_5'_TAAGTGCGTTAGTGGG-1","Dividing Tumor"
"SYNTH-45-2-1","Capture_5'_ACGCCGAAGGGATGGG-2","Dividing Tumor"
"SYNTH-45-3-1","Capture_5'_CGTTCTGCACATGTGT-2","Tumor"
"SYNTH-45-3-1","Capture_5'_GATGAAATCCTATGTT-2","Dividing Tumor"
"SYNTH-45-3-1","Capture_3'_CATGGATAGCGGTAAC-2","Tumor"
"SYNTH-45-3-1","Capture_5'_TAGTGGTGTGACTACT-1","Dividing Tumor"
"SYNTH-45-4-1","Capture_5'_CGATTGACATACCATG-2","Luminal A"
"SYNTH-45-4-1","Capture_5'_CGTTAGATCCTAGTGA-4","Dividing Tumor"
"SYNTH-45-4-1","Capture_5'_TACGGTAAGGTCATCT-2","Dividing Tumor"
"SYNTH-45-4-1","Capture_3'_TCTTTGACATATAGCC-2","Endothelial Cells"
"SYNTH-45-4-1","Capture_5'_AGGCCACAGCAATCTC-2","T-cells"
"SYNTH-45-5-1","Capture_5'_ACGTCAATCTTACCGC-3","B-cells"
"SYNTH-45-5-1","Capture_5'_TTTGGTTCACAGGAGT-2","Tumor"
"SYNTH-45-5-1","Capture_3'_TTACGTTAGGCCCACT-4","T-cells"
"SYNTH-45-5-1","Capture_5'_GAATGAAGTGCAACGA-3","Tumor"
"SYNTH-45-6-1","Capture_5'_ACTTACTGTGAACCTT-3","Tumor"
"SYNTH-45-7-1","Capture_3'_TGGTTAGGTAGCGAGT-3","Tumor"
"SYNTH-45-7-1","Capture_5'_CACAGGCCACGAAACG-3","Dividing Tumor"
"SYNTH-45-7-1","Capture_5'_TACTCGCAGATATGGT-3","Dividing Tumor"
"SYNTH-45-7-1","Capture_5'_CCACTACGTTCTGGTA-4","Dividing Tumor"
"SYNTH-45-7-1","Capture_5'_AGCTTGATCGCCTGAG-3","Tumor"
"SYNTH-45-7-1","Capture_5'_ACTGATGGTCAGCTAT-4","Tumor"
"SYNTH-45-8-1","Capture_5'_GCTTGAAGTTGAGGTG-1","Dividing Tumor"
"SYNTH-45-8-1","Capture_5'_GAGTCCGCATTAACCG-3","Tumor"
"SYNTH-45-8-1","Capture_5'_CCCAGTTTCATCTGCC-4","Tumor"
"SYNTH-45-8-1","Capture_3'_ACTTTCACATCAGTGT-3","Luminal A"
"SYNTH-45-8-1","Capture_3'_CAGATCACAACGACTT-4","TAMs"
"SYNTH-45-8-1","Capture_5'_CATATGGAGGCCCGTT-1","Dividing Tumor"
"SYNTH-45-9-1","Capture_5'_TTAGGCATCCTAGAAC-3","Tumor"
"SYNTH-45-9-1","Capture_5'_AGAGTGGTCCCATTAT-4","Tumor"
"SYNTH-45-9-1","Capture_5'_CATCAAGGTTGACGTT-3","T-cells"
"SYNTH-45-9-1","Capture_5'_CAGTCCTCACGTCAGC-3","Plasma Cells"
"SYNTH-45-10-1","Capture_3'_AGAAGTATCGCTTGAA-3","Tumor"
"SYNTH-45-10-1","Capture_5'_AAAGATGGTGCGAAAC-3","T-cells"
"SYNTH-45-10-1","Capture_5'_GCTTGAAGTATTACCG-4","Tumor"
"SYNTH-45-10-1","Capture_5'_TGTATTCGTTGGACCC-1","Tumor"
"SYNTH-45-10-1","Capture_3'_TATTGGGAGGGCCCTT-4","Tumor"
"SYNTH-45-11-1","Capture_3'_TGTCCCAGTATACAGA-3","T-cells"
"SYNTH-45-11-1","Capture_5'_CAGCTAAGTAAGTGGC-4","Tumor"
"SYNTH-45-11-1","Capture_5'_CTTCTCTGTCGTTGTA-4","Tumor"
"SYNTH-45-11-1","Capture_5'_TGGGCGTCATGCCTTC-2","T-cells"
"SYNTH-45-11-1","Capture_5'_CATGGCGAGTCCCACG-3","Dividing Tumor"
"SYNTH-45-11-1","Capture_5'_CCAGCGATCGACGGAA-4","Dividing Tumor"
"SYNTH-45-11-1","Capture_3'_CACCGTTTCTATCGGA-1","Tumor"
"SYNTH-45-11-1","Capture_3'_GTTAGACAGATTAGTG-3","Endothelial Cells"
"SYNTH-45-12-1","Capture_3'_TGTGATGTCGAGAATA-1","T-cells"
"SYNTH-45-12-1","Capture_3'_TCATCATCAACGAGGT-3","Tumor"
"SYNTH-45-12-1","Capture_3'_AAGTCGTCATGCCGAC-2","Dividing Tumor"
"SYNTH-45-12-1","Capture_3'_CTGCATCAGAGAGGTA-2","Tumor"
"SYNTH-45-12-1","Capture_5'_TTGCCGTTCTTGTACT-4","T-cells"
"SYNTH-45-12-1","Capture_3'_ACAACCAAGGTAGTAT-2","Dividing Tumor"
"SYNTH-45-12-1","Capture_5'_GTCATTTGTCGCATAT-2","Dividing Tumor"
"SYNTH-45-12-1","Capture_5'_TTCTCCTAGTCTCAAC-1","Dividing Tumor"
"SYNTH-45-12-1","Capture_5'_GTCTTCGGTCCGCTGA-4","B-cells"
"SYNTH-45-12-1","Capture_3'_CAAAGAACAGATTAAG-2","Dividing Tumor"
"SYNTH-45-13-1","Capture_5'_TGGCGCAAGCAACGGT-4","Tumor"
"SYNTH-45-14-1","Capture_5'_AGAATAGTCGTCCGTT-4","Tumor"
"SYNTH-45-14-1","Capture_3'_GTTATGGGTCCACATA-1","Fibroblasts"
"SYNTH-45-14-1","Capture_3'_CATTGAGAGACGCATG-4","Dividing Tumor"
"SYNTH-45-14-1","Capture_5'_TTTCCTCCATCCTTGC-4","Dividing Tumor"
"SYNTH-45-14-1","Capture_5'_CTGATAGCACGGATAG-3","Tumor"
"SYNTH-45-15-1","Capture_5'_CAGCTGGCACTCGACG-4","Dividing Tumor"
"SYNTH-45-15-1","Capture_5'_ATCCACCTCAATACCG-1","B-cells"
"SYNTH-45-15-1","Capture_5'_ACGGCCAGTTGGACCC-2","Tumor"
"SYNTH-45-15-1","Capture_5'_CGAGAAGGTGCGCTTG-4","Tumor"
"SYNTH-45-16-1","Capture_3'_CGGAGAAAGACGCTCC-4","Dividing Tumor"
"SYNTH-45-17-1","Capture_5'_TGCTACCTCCGAATGT-1","Luminal A"
"SYNTH-45-17-1","Capture_5'_GTTACAGTCTTAGCCC-2","Dividing Tumor"
"SYNTH-45-17-1","Capture_5'_TGTGGTACAATGACCT-2","Tumor"
"SYNTH-45-17-1","Capture_3'_GTCCCATCATGGCCAC-3","T-cells"
"SYNTH-45-17-1","Capture_5'_AACACGTTCTCAACTT-4","Tumor"
"SYNTH-45-18-1","Capture_3'_GGGTGAAAGATGCTGG-4","B-cells"
"SYNTH-45-19-1","Capture_3'_CGAGGCTAGACCGTTT-3","T-cells"
"SYNTH-45-19-1","Capture_3'_GTGTGGCAGAGGCCAT-4","Dividing Tumor"
"SYNTH-45-20-1","Capture_3'_TCGGGTGCACGGGCTT-4","Tumor"
"SYNTH-45-20-1","Capture_3'_AGTACTGTCAATGTCG-1","Dividing Tumor"
"SYNTH-45-20-1","Capture_3'_CTTCCGACACGGTGAA-2","Tumor"
"SYNTH-45-21-1","Capture_5'_CAGCGACAGGTGATTA-2","Tumor"
"SYNTH-45-21-1","Capture_3'_ATGTCCCCACTGTGAT-3","Tumor"
"SYNTH-45-21-1","Capture_5'_TTGTAGGGTTTGTTGG-4","Dividing Tumor"
"SYNTH-45-21-1","Capture_5'_GAGCAGAAGGATTCGG-3","Dividing Tumor"
"SYNTH-45-22-1","Capture_5'_TTAGGCAAGGACATTA-4","TAMs"
"SYNTH-45-23-1","Capture_3'_AGTGTTGGTAGCGTAG-4","Tumor"
"SYNTH-45-23-1","Capture_3'_GCTTGGGAGGTCCTGC-2","TAMs"
"SYNTH-45-23-1","Capture_5'_TGAGCATAGCTTATCG-2","Tumor"
"SYNTH-45-23-1","Capture_3'_CTTACCGAGCGTATAA-1","Fibroblasts"
"SYNTH-45-23-1","Capture_3'_CTGCAGGAGTCATGAA-4","Dividing Tumor"
"SYNTH-45-23-1","Capture_3'_CACAACATCAGCACCG-2","Tumor"
"SYNTH-45-23-1","Capture_3'_CAGCAGCCACCCTTAC-1","T-cells"
"SYNTH-45-24-1","Capture_5'_GTCATTTCATTGGTAC-4","Tumor"
"SYNTH-45-24-1","Capture_5'_CGTCTACGTATGGTTC-3","T-cells"
"SYNTH-45-24-1","Capture_3'_ACGGTTAGTGAGATCG-3","Tumor"
"SYNTH-45-25-1","Capture_5'_CAGCTAAAGTCAAGGC-3","Dividing Tumor"
"SYNTH-45-25-1","Capture_5'_CTAACTTAGAGGACGG-3","T-cells"
"SYNTH-45-25-1","Capture_5'_GGATGTTGTTGATTGC-4","Tumor"
"SYNTH-45-26-1","Capture_5'_TGCGGGTTCCGGCACA-4","Luminal B"
"SYNTH-45-26-1","Capture_3'_AACCTTTAGGTGAGCT-4","Tumor"
"SYNTH-45-26-1","Capture_3'_AATAGAGAGTAGTCAA-2","T-cells"
"SYNTH-45-26-1","Capture_5'_TTTCCTCGTACGCTGC-4","Tumor"
"SYNTH-45-26-1","Capture_5'_CGCGTTTAGTCGCCGT-3","Tumor"
"SYNTH-45-27-1","Capture_3'_GGAGATGCAATACCTG-1","Fibroblasts"
"SYNTH-45-28-1","Capture_3'_CGAAGTTCACCTGCTT-4","Tumor"
"SYNTH-45-28-1","Capture_5'_CTACATTTCCTTGGTC-2","Dividing Tumor"
"SYNTH-45-28-1","Capture_5'_GACAGAGCACTACAGT-1","TAMs"
"SYNTH-45-28-1","Capture_5'_CCTAAAGAGCAATCTC-3","Tumor"
"SYNTH-45-29-1","Capture_5'_AACTGGTCAAGCCGTC-1","Tumor"
"SYNTH-45-29-1","Capture_3'_TGCACGGTCTGTCTCG-3","Dividing Tumor"
"SYNTH-45-29-1","Capture_5'_GTTCATTAGCCGATTT-4","T-cells"
"SYNTH-45-29-1","Capture_5'_GTGTTAGGTCTCAACA-3","Tumor"
"SYNTH-45-29-1","Capture_3'_CATTCATTCGCCGAGT-1","Tumor"
"SYNTH-45-30-1","Capture_5'_GGATTACTCTCGTTTA-4","Dividing Tumor"
"SYNTH-45-30-1","Capture_3'_GAGTGTTGTGGTCCGT-4","T-cells"
"SYNTH-45-30-1","Capture_5'_CAACTAGAGACTAAGT-1","T-cells"
"SYNTH-45-30-1","Capture_5'_TGTATTCGTTCCGTCT-2","Tumor"
"SYNTH-45-30-1","Capture_5'_ACATACGTCACTCCTG-4","Dividing Tumor"
"SYNTH-45-31-1","Capture_5'_GGATGTTAGTGTTAGA-1","Tumor"
"SYNTH-45-31-1","Capture_5'_CGTCTACGTAGAGGAA-2","Tumor"
"SYNTH-45-31-1","Capture_5'_CGCTGGAAGAAACCGC-4","Endothelial Cells"
"SYNTH-45-31-1","Capture_3'_AATGGAAGTACCGGAA-2","T-cells"
"SYNTH-45-31-1","Capture_3'_ACATCGAAGGTAAGGA-3","Tumor"
"SYNTH-45-31-1","Capture_5'_TACGGTAAGTCAAGGC-1","Tumor"
"SYNTH-45-31-1","Capture_5'_CGTCCATAGATGAGAG-3","Tumor"
"SYNTH-45-31-1","Capture_5'_CTCACACTCAACTCTT-3","Tumor"
"SYNTH-45-31-1","Capture_5'_TGACTTTAGCAATATG-3","Tumor"
"SYNTH-45-31-1","Capture_5'_GATTCAGTCCGGCACA-3","Tumor"
"SYNTH-45-32-1","Capture_5'_GACCTGGAGAAGAAGC-2","Tumor"
"SYNTH-45-33-1","Capture_3'_CTTACCGGTGGTTCTA-2","Tumor"
"SYNTH-45-33-1","Capture_5'_TGAGGGAGTGCACCAC-1","Tumor"
"SYNTH-45-33-1","Capture_5'_TCAGGTAAGTTGCAGG-1","T-cells"
"SYNTH-45-33-1","Capture_5'_CCGTACTTCTTTAGGG-3","Tumor"
"SYNTH-45-33-1","Capture_5'_GTAGTCATCTCGGACG-3","B-cells"
"SYNTH-45-33-1","Capture_3'_ACCAAACAGCGTCTGC-1","Dividing Tumor"
"SYNTH-45-33-1","Capture_5'_GGACGTCGTTTGCATG-1","Dividing Tumor"
"SYNTH-45-34-1","Capture_3'_GCCAGTGTCGAGAGCA-2","Tumor"
"SYNTH-45-34-1","Capture_5'_GACACGCCATGGTTGT-3","Dividing Tumor"
"SYNTH-45-34-1","Capture_5'_TTGGCAAGTCACTGGC-2","Luminal A"
"SYNTH-45-35-1","Capture_5'_TCTATTGTCCTAGGGC-2","Luminal A"
"SYNTH-45-35-1","Capture_5'_TCTTTCCAGAACTCGG-3","Tumor"
"SYNTH-45-35-1","Capture_5'_CGCTTCATCCTTGGTC-4","Tumor"
"SYNTH-45-35-1","Capture_3'_TTGCATTCAACACTAC-1","Dividing Tumor"
"SYNTH-45-36-1","Capture_5'_CGTGAGCCACAGGCCT-3","Dividing Tumor"
"SYNTH-45-36-1","Capture_5'_CTAGTGAAGAAACGAG-4","B-cells"
"SYNTH-45-36-1","Capture_3'_GATAGAACAATGACCT-3","Tumor"
"SYNTH-45-36-1","Capture_5'_GACCTGGTCATCGATG-1","Tumor"
"SYNTH-45-36-1","Capture_5'_ACTTACTAGTCCGTAT-4","Tumor"
"SYNTH-45-36-1","Capture_5'_ATTTCTGCACTTGGAT-1","Luminal A"
"SYNTH-45-37-1","Capture_5'_AGCGTATTCCACGCAG-3","Tumor"
"SYNTH-45-37-1","Capture_5'_TAGTTGGAGAGACGAA-3","Tumor"
"SYNTH-45-37-1","Capture_5'_ACGATGTCACTACAGT-4","Tumor"
"SYNTH-45-37-1","Capture_5'_GCCAAATCAAGGACTG-4","Endothelial Cells"
"SYNTH-45-37-1","Capture_5'_CTTGGCTAGCCAGTAG-4","Tumor"
"SYNTH-45-37-1","Capture_3'_AGAAGTATCCTACGGG-2","Dividing Tumor"
"SYNTH-45-37-1","Capture_5'_CTCGAGGTCCCAAGTA-3","Tumor"
"SYNTH-45-37-1","Capture_5'_AAAGTAGCATTGGTAC-4","Tumor"
"SYNTH-45-37-1","Capture_5'_CAAGATCCAATCCAAC-2","Tumor"
"SYNTH-45-37-1","Capture_3'_AACCTTTTCCGTTTCG-1","Tumor"
"SYNTH-45-38-1","Capture_3'_AGCCACGCAAACGAGC-4","T-cells"
"SYNTH-45-38-1","Capture_3'_TGAACGTCACTAACGT-2","Tumor"
"SYNTH-45-38-1","Capture_5'_ACTGATGGTCGAGTTT-4","T-cells"
"SYNTH-45-38-1","Capture_3'_GCCTGTTCATGTCTAG-1","Fibroblasts"
"SYNTH-45-38-1","Capture_5'_ATTCTACAGACTGGGT-1","Dividing Tumor"
"SYNTH-45-38-1","Capture_3'_AAGGAATAGGACGGAG-4","Dividing Tumor"
"SYNTH-45-39-1","Capture_5'_AACTCCCTCTGCTTGC-4","Dividing Tumor"
"SYNTH-45-39-1","Capture_3'_TTAATCCAGTATGAGT-4","Fibroblasts"
"SYNTH-45-39-1","Capture_5'_GCTGCGAGTGAGGGTT-4","Dividing Tumor"
"SYNTH-45-39-1","Capture_5'_CCTCTGATCATCGATG-1","TAMs"
"SYNTH-45-39-1","Capture_5'_GATGAGGGTGTTCTTT-4","Dividing Tumor"
"SYNTH-45-40-1","Capture_5'_GAACCTAGTTTGTTGG-2","T-cells"
"SYNTH-45-40-1","Capture_5'_GGAATAATCCCTCAGT-2","Tumor"
"SYNTH-45-41-1","Capture_3'_AGTCATGTCCATTCGC-2","Dividing Tumor"
"SYNTH-45-41-1","Capture_5'_GGGAATGCAGTGACAG-3","T-cells"
"SYNTH-45-41-1","Capture_3'_CTCTCGAGTCTTGAAC-4","Luminal A"
"SYNTH-45-41-1","Capture_5'_ACGGGTCCAAGCGAGT-1","Luminal A"
"SYNTH-45-41-1","Capture_5'_GTGCTTCCAGACGCCT-4","Tumor"
"SYNTH-45-41-1","Capture_5'_CCTCAGTGTGGCCCTA-4","Dividing Tumor"
"SYNTH-45-41-1","Capture_3'_ATTCTTGGTTAATCGC-3","Tumor"
"SYNTH-45-41-1","Capture_5'_GGTGTTAGTTTCGCTC-4","Tumor"
"SYNTH-45-41-1","Capture_5'_CAGCGACTCGGCGCTA-3","Tumor"
"SYNTH-45-41-1","Capture_5'_GCGAGAAGTGACGGTA-1","Endothelial Cells"
"SYNTH-45-42-1","Capture_5'_CGATGTAGTTCTGAAC-1","Tumor"
"SYNTH-45-42-1","Capture_5'_ACTGATGAGGCGCTCT-1","Dividing Tumor"
"SYNTH-45-42-1","Capture_5'_ATAAGAGTCTGGAGCC-3","Tumor"
"SYNTH-45-42-1","Capture_5'_ATGGGAGTCTGAGGGA-3","Dividing Tumor"
"SYNTH-45-42-1","Capture_5'_CGTGTAAAGAGGGATA-4","Tumor"
"SYNTH-45-43-1","Capture_5'_GTCTTCGGTAATTGGA-4","Dividing Tumor"
"SYNTH-45-43-1","Capture_3'_GGCACGTAGTTAGAAC-4","Dividing Tumor"
"SYNTH-45-43-1","Capture_3'_GTCGAATAGAAAGCGA-2","TAMs"
"SYNTH-45-43-1","Capture_5'_CTGCGGAAGGGAAACA-2","Dividing Tumor"
"SYNTH-45-43-1","Capture_5'_GAAGCAGTCTCTGCTG-4","Dividing Tumor"
"SYNTH-45-43-1","Capture_5'_CTCCTAGAGATTACCC-2","Tumor"
"SYNTH-45-43-1","Capture_5'_CGCTGGAAGATGTAAC-2","Luminal A"
"SYNTH-45-44-1","Capture_5'_GCATGCGAGTTGCAGG-2","Dividing Tumor"
"SYNTH-45-44-1","Capture_5'_AGCATACCACGGCTAC-4","Tumor"
"SYNTH-45-45-1","Capture_5'_CATCGAAAGTAGGCCA-2","Tumor"
"SYNTH-45-45-1","Capture_5'_GTCATTTCAAATTGCC-3","Tumor"
"SYNTH-45-45-1","Capture_5'_GTATCTTGTAGCCTCG-4","Tumor"
"SYNTH-45-45-1","Capture_5'_TTCTACAAGTCTCCTC-2","B-cells"
"SYNTH-45-45-1","Capture_5'_CTGCGGAGTTCAGACT-3","Luminal A"
"SYNTH-45-46-1","Capture_3'_ATTTCTGTCTCTCGAC-2","Tumor"
"SYNTH-45-46-1","Capture_3'_TGCATGATCAGTGATC-2","Fibroblasts"
"SYNTH-45-46-1","Capture_5'_CACACTCCACCAACCG-3","T-cells"
"SYNTH-45-46-1","Capture_3'_ATACCTTGTGCCTTTC-4","T-cells"
"SYNTH-45-46-1","Capture_5'_ACTGATGCAGCCTTGG-4","Tumor"
"SYNTH-45-46-1","Capture_5'_CTAGAGTCAGTGGGAT-4","T-cells"
"SYNTH-45-46-1","Capture_5'_AGTGTCATCGGATGGA-1","T-cells"
"SYNTH-45-46-1","Capture_5'_GCCAAATAGCCCTAAT-1","B-cells"
"SYNTH-45-46-1","Capture_5'_CCACTACTCTTGCATT-4","Dividing Tumor"
"SYNTH-45-46-1","Capture_3'_AAAGGATGTCCGTTTC-1","Dividing Tumor"
"SYNTH-45-47-1","Capture_5'_AACGTTGGTCTGCCAG-2","Luminal A"
"SYNTH-45-47-1","Capture_5'_CGGACTGAGACAATAC-2","Tumor"
"SYNTH-45-47-1","Capture_5'_ACGCAGCGTACGCACC-2","T-cells"
"SYNTH-45-47-1","Capture_3'_CGAGTTAGTTAAGTCC-3","Tumor"
"SYNTH-45-47-1","Capture_3'_GTGTGGCGTGGCTGCT-4","Dividing Tumor"
"SYNTH-45-47-1","Capture_5'_CACAGTAGTGGTCCGT-4","T-cells"
"SYNTH-45-47-1","Capture_3'_GGAATCTGTTCAGCTA-4","Tumor"
"SYNTH-45-48-1","Capture_3'_CGTCAAATCACGATCA-2","Dividing Tumor"
"SYNTH-45-48-1","Capture_3'_GATTGGTAGAGGACTC-4","Tumor"
"SYNTH-45-48-1","Capture_5'_GCATGTACAATCGAAA-2","Dividing Tumor"
"SYNTH-45-48-1","Capture_5'_AGGTCCGAGTGATCGG-4","Dividing Tumor"
"SYNTH-45-48-1","Capture_5'_CGTAGGCGTTCAACCA-4","Tumor"
"SYNTH-45-49-1","Capture_5'_AGCTTGACATCGACGC-3","Dividing Tumor"
"SYNTH-45-49-1","Capture_5'_CGTGAGCCATACCATG-4","Tumor"
"SYNTH-45-49-1","Capture_5'_TTGGCAACAGCTCGAC-3","Dividing Tumor"
"SYNTH-45-49-1","Capture_5'_GACAGAGCACTACAGT-1","TAMs"
"SYNTH-45-49-1","Capture_5'_GCCTCTAAGTGTTTGC-2","T-cells"
"SYNTH-45-49-1","Capture_5'_TACGGATTCCCAAGTA-4","Dividing Tumor"
"SYNTH-45-49-1","Capture_5'_GCTGCGAGTGGCTCCA-4","Tumor"
"SYNTH-45-50-1","Capture_3'_CGTCCATGTTAGCGGA-1","Dividing Tumor"
"SYNTH-45-50-1","Capture_3'_CTGAGGCAGCCATATC-4","Luminal A"
"SYNTH-45-50-1","Capture_5'_GGGTTGCCAATCACAC-4","Tumor"
"SYNTH-45-50-1","Capture_5'_AAGGAGCCACCAACCG-4","Tumor"
"SYNTH-46-1-1","Capture_5'_AAACGGGCACTGTTAG-2","Tumor"
"SYNTH-46-1-1","Capture_3'_CTGGACGGTGATACAA-1","TAMs"
"SYNTH-46-1-1","Capture_5'_TCTGGAATCTCTGCTG-2","T-cells"
"SYNTH-46-1-1","Capture_5'_AGTGGGAAGCCCTAAT-4","Luminal B"
"SYNTH-46-1-1","Capture_3'_ACACTGATCGAGAGCA-1","Tumor"
"SYNTH-46-1-1","Capture_3'_TTCTTGATCAAGCCCG-3","Tumor"
"SYNTH-46-2-1","Capture_5'_GAGGTGACATTCTTAC-3","Dividing Tumor"
"SYNTH-46-3-1","Capture_5'_CCGTTCAAGACTGTAA-3","T-cells"
"SYNTH-46-3-1","Capture_3'_GTTCCGTCATCCGTTC-1","Dividing Tumor"
"SYNTH-46-3-1","Capture_5'_GCTCTGTAGTTGTCGT-4","Dividing Tumor"
"SYNTH-46-3-1","Capture_5'_ACCTTTACATACTCTT-4","Dividing Tumor"
"SYNTH-46-3-1","Capture_3'_GGGTTTACACAAAGCG-3","T-cells"
"SYNTH-46-3-1","Capture_5'_CTACCCAGTCTAGTCA-3","Tumor"
"SYNTH-46-4-1","Capture_3'_GGGTTTAAGCCTCTTC-3","Tumor"
"SYNTH-46-4-1","Capture_3'_TCATTTGTCCCAGTGG-2","Tumor"
"SYNTH-46-4-1","Capture_5'_TCACAAGTCTGGAGCC-3","Tumor"
"SYNTH-46-4-1","Capture_5'_GCATGTACAGACAAAT-4","Dividing Tumor"
"SYNTH-46-4-1","Capture_5'_TCGTAGAAGCTACCGC-2","Luminal B"
"SYNTH-46-4-1","Capture_5'_TCATTTGAGGAGTACC-3","T-cells"
"SYNTH-46-4-1","Capture_5'_TGACGGCTCTTCATGT-3","Dividing Tumor"
"SYNTH-46-4-1","Capture_5'_CAGCGACAGGTGATTA-2","Tumor"
"SYNTH-46-5-1","Capture_5'_TCTATTGCATCCGTGG-2","T-cells"
"SYNTH-46-5-1","Capture_3'_TGCCGAGTCTAGTGTG-4","Dividing Tumor"
"SYNTH-46-5-1","Capture_5'_CACTCCATCACTTCAT-1","Tumor"
"SYNTH-46-5-1","Capture_5'_TAAGAGAGTTACCAGT-1","Tumor"
"SYNTH-46-6-1","Capture_5'_AGGTCCGAGACAGACC-2","Tumor"
"SYNTH-46-6-1","Capture_5'_CTGCGGAGTCTACCTC-2","Dividing Tumor"
"SYNTH-46-6-1","Capture_5'_GATCTAGGTTAAAGAC-4","T-cells"
"SYNTH-46-6-1","Capture_3'_GATGGAGAGATTACCC-4","Plasma Cells"
"SYNTH-46-6-1","Capture_5'_AAGCCGCAGATGTCGG-4","T-cells"
"SYNTH-46-6-1","Capture_5'_AAGGAGCTCGTCTGCT-4","Dividing Tumor"
"SYNTH-46-6-1","Capture_3'_TCAGGTACATATACCG-4","T-cells"
"SYNTH-46-7-1","Capture_5'_AAGTCTGAGGGATCTG-3","Tumor"
"SYNTH-46-7-1","Capture_5'_TTCTACAGTCTCGTTC-1","Tumor"
"SYNTH-46-7-1","Capture_5'_GGGTCTGAGTGGGATC-1","Tumor"
"SYNTH-46-7-1","Capture_5'_CCATTCGAGAATGTGT-2","Tumor"
"SYNTH-46-7-1","Capture_5'_TGTTCCGAGACCTTTG-4","T-cells"
"SYNTH-46-7-1","Capture_3'_AGTTAGCGTGAATTGA-4","Dividing Tumor"
"SYNTH-46-7-1","Capture_5'_GTCTTCGAGTCATGCT-3","Dividing Tumor"
"SYNTH-46-8-1","Capture_5'_GGGACCTCAACTTGAC-2","Tumor"
"SYNTH-46-8-1","Capture_5'_GCAAACTAGCGTAATA-2","Tumor"
"SYNTH-46-8-1","Capture_3'_TTATTGCAGATCCCGC-1","T-cells"
"SYNTH-46-8-1","Capture_3'_ACGTAGTTCTGTCCCA-1","T-cells"
"SYNTH-46-8-1","Capture_3'_GTGGGAATCTTCTAAC-1","Dividing Tumor"
"SYNTH-46-8-1","Capture_3'_AGAGAGCAGGTATCTC-4","Tumor"
"SYNTH-46-8-1","Capture_3'_AGTCATGGTTAGGGAC-4","Tumor"
"SYNTH-46-9-1","Capture_3'_GTGCACGCAAATGCGG-3","T-cells"
"SYNTH-46-9-1","Capture_5'_GGGAATGCAGCCTGTG-4","Fibroblasts"
"SYNTH-46-9-1","Capture_3'_AGCGATTAGCTGTGCC-2","Dividing Tumor"
"SYNTH-46-9-1","Capture_3'_GTCGAATAGTTAGTGA-4","Fibroblasts"
"SYNTH-46-9-1","Capture_5'_GCGCAACGTAATCACC-1","Tumor"
"SYNTH-46-9-1","Capture_5'_ACTGCTCCATACCATG-4","T-cells"
"SYNTH-46-9-1","Capture_5'_AACTGGTCATCGACGC-4","B-cells"
"SYNTH-46-9-1","Capture_3'_AGGACTTCACCAGCGT-3","Tumor"
"SYNTH-46-9-1","Capture_3'_CTTCTCTTCATTACTC-2","Plasma Cells"
"SYNTH-46-9-1","Capture_5'_AGGTCATAGGCACATG-4","T-cells"
"SYNTH-46-10-1","Capture_5'_ACGATGTCACTACAGT-4","Tumor"
"SYNTH-46-10-1","Capture_3'_CACACAATCCCACAGG-3","Dividing Tumor"
"SYNTH-46-10-1","Capture_5'_CTAGCCTTCTAACGGT-1","T-cells"
"SYNTH-46-10-1","Capture_3'_TGGGAGATCCCTTGGT-4","T-cells"
"SYNTH-46-10-1","Capture_3'_CCGTGAGAGTCAGAGC-4","Tumor"
"SYNTH-46-11-1","Capture_5'_GCTGCGAGTACCTACA-2","Dividing Tumor"
"SYNTH-46-11-1","Capture_5'_GTGTTAGGTCCTCCAT-3","Tumor"
"SYNTH-46-11-1","Capture_3'_AAGTTCGGTGTGTTTG-1","Tumor"
"SYNTH-46-11-1","Capture_5'_TACGGGCTCTGGTATG-1","T-cells"
"SYNTH-46-11-1","Capture_5'_ATAACGCCAGGTTTCA-2","Tumor"
"SYNTH-46-11-1","Capture_3'_ATCCTATTCTTGGTGA-3","Tumor"
"SYNTH-46-11-1","Capture_5'_AGCAGCCAGTCGATAA-4","T-cells"
"SYNTH-46-11-1","Capture_3'_ATAGACCAGATACGAT-1","Dividing Tumor"
"SYNTH-46-11-1","Capture_5'_GTCATTTTCACCTCGT-4","Tumor"
"SYNTH-46-12-1","Capture_3'_AGACACTGTTATAGAG-4","Dividing Tumor"
"SYNTH-46-12-1","Capture_5'_GACACGCGTTGCTCCT-2","Tumor"
"SYNTH-46-12-1","Capture_5'_AGCTCTCTCGCATGGC-1","Dividing Tumor"
"SYNTH-46-13-1","Capture_5'_GCAGTTAAGGCCCTTG-4","T-cells"
"SYNTH-46-13-1","Capture_5'_ACGGAGAAGGTACTCT-3","Tumor"
"SYNTH-46-13-1","Capture_3'_TTGTGTTGTCGCTCGA-3","Tumor"
"SYNTH-46-13-1","Capture_5'_GAAGCAGCACATCCGG-1","Tumor"
"SYNTH-46-13-1","Capture_5'_GTACTTTTCGCCATAA-4","Tumor"
"SYNTH-46-13-1","Capture_3'_GCTGAATCACAAATAG-3","T-cells"
"SYNTH-46-14-1","Capture_5'_GCAATCAAGTTAGCGG-1","Tumor"
"SYNTH-46-14-1","Capture_3'_AGCTACAGTGCTCTCT-1","Dividing Tumor"
"SYNTH-46-14-1","Capture_5'_CACCACTGTGAACCTT-2","T-cells"
"SYNTH-46-14-1","Capture_3'_TAGAGTCTCAAGTCTG-4","T-cells"
"SYNTH-46-14-1","Capture_3'_AATCACGAGCTCCATA-2","Endothelial Cells"
"SYNTH-46-14-1","Capture_5'_TTTATGCCACGAGAGT-1","Luminal B"
"SYNTH-46-14-1","Capture_5'_TGACGGCGTTCCACTC-1","Dividing Tumor"
"SYNTH-46-15-1","Capture_5'_ACGATACGTATTACCG-2","Tumor"
"SYNTH-46-15-1","Capture_5'_GGATGTTCAAAGCGGT-4","B-cells"
"SYNTH-46-15-1","Capture_5'_CAAGGCCAGTTTGCGT-3","T-cells"
"SYNTH-46-15-1","Capture_5'_CGCGGTACACCGAAAG-4","Luminal A"
"SYNTH-46-15-1","Capture_3'_AAGTACCTCGACCATA-2","Tumor"
"SYNTH-46-15-1","Capture_5'_GTAGTCACACTGTTAG-3","Tumor"
"SYNTH-46-15-1","Capture_5'_CATATTCCAAAGCGGT-3","Tumor"
"SYNTH-46-15-1","Capture_5'_CTCACACGTCAGCTAT-4","Dividing Tumor"
"SYNTH-46-15-1","Capture_5'_AGCAGCCAGAGAGCTC-2","T-cells"
"SYNTH-46-16-1","Capture_5'_AAACCTGAGCTTTGGT-3","Dividing Tumor"
"SYNTH-46-16-1","Capture_5'_CGATTGAGTATAGTAG-4","Dividing Tumor"
"SYNTH-46-16-1","Capture_5'_GAATAAGTCAGAAATG-2","Dividing Tumor"
"SYNTH-46-16-1","Capture_5'_GAAACTCCAGGGTATG-4","Tumor"
"SYNTH-46-16-1","Capture_5'_GTGCATAAGTGCCATT-2","Tumor"
"SYNTH-46-16-1","Capture_5'_CTACCCAGTCTCACCT-3","Tumor"
"SYNTH-46-17-1","Capture_3'_CTCTCGACAAAGCTAA-2","Tumor"
"SYNTH-46-17-1","Capture_5'_CCGGTAGTCCAGAGGA-1","Tumor"
"SYNTH-46-17-1","Capture_5'_CCTTCGAGTGCACCAC-3","Tumor"
"SYNTH-46-17-1","Capture_5'_ATTCTACGTGTTAAGA-4","TAMs"
"SYNTH-46-17-1","Capture_5'_CTAAGACGTAAATGAC-3","T-cells"
"SYNTH-46-17-1","Capture_5'_AGAGCTTAGTCCAGGA-1","Dividing Tumor"
"SYNTH-46-18-1","Capture_5'_CCGGTAGCAAGGGTCA-2","Tumor"
"SYNTH-46-19-1","Capture_5'_GTGCAGCCACCCAGTG-4","Dividing Tumor"
"SYNTH-46-19-1","Capture_5'_CGAGAAGAGATATGGT-1","Dividing Tumor"
"SYNTH-46-19-1","Capture_5'_ACATCAGAGTGTTGAA-4","Dividing Tumor"
"SYNTH-46-20-1","Capture_5'_TTTGCGCAGCAACGGT-4","Tumor"
"SYNTH-46-20-1","Capture_3'_GGGATGATCCATTTGT-2","Dividing Tumor"
"SYNTH-46-20-1","Capture_5'_CAGAGAGTCCTTGCCA-4","Endothelial Cells"
"SYNTH-46-20-1","Capture_5'_GCTCTGTAGATGCCTT-1","Dividing Tumor"
"SYNTH-46-20-1","Capture_5'_AATCGGTAGAGCTGCA-3","Tumor"
"SYNTH-46-21-1","Capture_5'_AGTGGGAGTTCCACTC-4","Luminal B"
"SYNTH-46-21-1","Capture_3'_TAGAGTCAGATTCGCT-2","Luminal A"
"SYNTH-46-22-1","Capture_5'_GTCATTTCATATGCTG-3","Dividing Tumor"
"SYNTH-46-22-1","Capture_5'_TAGTTGGCAAGTTAAG-2","Tumor"
"SYNTH-46-22-1","Capture_3'_GACAGCCGTGGCCTCA-1","Tumor"
"SYNTH-46-23-1","Capture_3'_TGGTTAGCAGAACTAA-1","T-cells"
"SYNTH-46-24-1","Capture_3'_ATCACAGTCAATCAGC-4","Dividing Tumor"
"SYNTH-46-24-1","Capture_5'_CCTAGCTAGATGTTAG-1","TAMs"
"SYNTH-46-24-1","Capture_5'_CGAACATAGGCTCATT-4","Tumor"
"SYNTH-46-25-1","Capture_5'_TCATTTGTCTGGCGTG-4","T-cells"
"SYNTH-46-26-1","Capture_5'_AGCCTAAGTAAGTAGT-2","Dividing Tumor"
"SYNTH-46-26-1","Capture_3'_CTGTCGTCAATACCCA-3","Dividing Tumor"
"SYNTH-46-26-1","Capture_5'_GCGCGATGTCACCCAG-4","Tumor"
"SYNTH-46-27-1","Capture_5'_CAGAGAGCAGTCAGAG-4","Tumor"
"SYNTH-46-27-1","Capture_5'_AGAGCGAAGAGTACAT-4","Dividing Tumor"
"SYNTH-46-27-1","Capture_3'_TCATATCTCTGTGCTC-4","Dividing Tumor"
"SYNTH-46-27-1","Capture_5'_CTCTAATAGGCAAAGA-2","Tumor"
"SYNTH-46-27-1","Capture_3'_AATGAAGTCGTGGAAG-3","Tumor"
"SYNTH-46-27-1","Capture_3'_TACTTCATCCTTCTTC-2","Tumor"
"SYNTH-46-28-1","Capture_3'_TGAGGGATCCATTCGC-4","TAMs"
"SYNTH-46-29-1","Capture_5'_CAACCTCAGGCTACGA-1","Luminal B"
"SYNTH-46-29-1","Capture_5'_GGGAATGGTATATCCG-3","T-cells"
"SYNTH-46-29-1","Capture_5'_ATTACTCAGGACATTA-1","T-cells"
"SYNTH-46-29-1","Capture_3'_CAACAGTGTCTTCATT-4","Dividing Tumor"
"SYNTH-46-30-1","Capture_5'_GGTGTTAGTCGACTGC-4","Tumor"
"SYNTH-46-30-1","Capture_3'_ACTTAGGAGAGCCTGA-2","Tumor"
"SYNTH-46-30-1","Capture_5'_CACACTCAGTACGCCC-3","Tumor"
"SYNTH-46-30-1","Capture_3'_GTGTCCTCATATGGCT-4","T-cells"
"SYNTH-46-30-1","Capture_5'_TCTTCGGAGAGCCTAG-4","Tumor"
"SYNTH-46-30-1","Capture_5'_AGGCCACCAAAGGAAG-2","Tumor"
"SYNTH-46-31-1","Capture_3'_GTAAGTCCATCTCGTC-2","Dividing Tumor"
"SYNTH-46-31-1","Capture_5'_AACCATGGTTCAGACT-3","TAMs"
"SYNTH-46-31-1","Capture_5'_TTCTCCTCAATGGACG-4","Tumor"
"SYNTH-46-32-1","Capture_3'_ACTGCAATCTCGGTAA-1","Tumor"
"SYNTH-46-32-1","Capture_3'_GATCAGTAGTGCGCTC-4","Endothelial Cells"
"SYNTH-46-33-1","Capture_5'_CGATCGGCACAAGCCC-1","Dividing Tumor"
"SYNTH-46-33-1","Capture_5'_GGGAGATCACGGACAA-4","TAMs"
"SYNTH-46-33-1","Capture_5'_ACGGGCTGTTGGGACA-3","Endothelial Cells"
"SYNTH-46-33-1","Capture_5'_ATCTGCCGTTTGGCGC-2","Dividing Tumor"
"SYNTH-46-33-1","Capture_5'_ACTGATGTCACATACG-3","Tumor"
"SYNTH-46-33-1","Capture_5'_AGTCTTTGTACTCGCG-3","Dividing Tumor"
"SYNTH-46-33-1","Capture_3'_GTGGAAGTCGGCTTGG-3","Dividing Tumor"
"SYNTH-46-33-1","Capture_5'_GGCTCGAGTTATGCGT-4","Tumor"
"SYNTH-46-34-1","Capture_5'_ACGATGTGTCTCGTTC-2","B-cells"
"SYNTH-46-34-1","Capture_5'_TAAACCGGTGTTTGGT-3","T-cells"
"SYNTH-46-34-1","Capture_5'_GTGGGTCCAGCTGTAT-2","Luminal A"
"SYNTH-46-34-1","Capture_5'_TAGTTGGCAAGTTAAG-2","Tumor"
"SYNTH-46-35-1","Capture_5'_GGTATTGCATTGGTAC-3","Tumor"
"SYNTH-46-35-1","Capture_3'_TCTAACTTCTGATGGT-3","Endothelial Cells"
"SYNTH-46-35-1","Capture_3'_GGAATGGTCCATCTCG-4","Tumor"
"SYNTH-46-35-1","Capture_3'_AATCACGCATCGTGCG-2","Luminal B"
"SYNTH-46-35-1","Capture_5'_AGGCCACAGGCCCGTT-2","Tumor"
"SYNTH-46-36-1","Capture_3'_AGATAGACACCTCTGT-3","Dividing Tumor"
"SYNTH-46-36-1","Capture_5'_TCCCGATAGACAAGCC-4","Dividing Tumor"
"SYNTH-46-36-1","Capture_3'_GTGCGTGAGACATCAA-4","Tumor"
"SYNTH-46-36-1","Capture_5'_TCAGGTAGTAGGAGTC-3","Tumor"
"SYNTH-46-36-1","Capture_5'_CCGTACTAGCTATGCT-4","Dividing Tumor"
"SYNTH-46-37-1","Capture_5'_CCAATCCCAATCACAC-4","Tumor"
"SYNTH-46-37-1","Capture_5'_TGAAAGATCTCGCATC-4","Dividing Tumor"
"SYNTH-46-38-1","Capture_5'_CTGCGGAAGCAAATCA-1","Tumor"
"SYNTH-46-38-1","Capture_5'_ACTTTCACATGCAACT-4","Tumor"
"SYNTH-46-38-1","Capture_5'_GGGAGATAGGCTCTTA-3","Tumor"
"SYNTH-46-38-1","Capture_5'_ACAGCCGGTTCGAATC-2","T-cells"
"SYNTH-46-38-1","Capture_5'_CTCACACTCTCAACTT-3","Tumor"
"SYNTH-46-38-1","Capture_3'_CACGGGTTCATATGGC-4","Dividing Tumor"
"SYNTH-46-38-1","Capture_5'_CTACATTTCCTTGGTC-2","Dividing Tumor"
"SYNTH-46-39-1","Capture_3'_AAAGGATAGGTTCCAT-4","T-cells"
"SYNTH-46-39-1","Capture_5'_CCGGGATTCAATCTCT-2","Tumor"
"SYNTH-46-39-1","Capture_5'_CGACTTCCATTCCTGC-4","Dividing Tumor"
"SYNTH-46-40-1","Capture_5'_CTGCTGTTCATGGTCA-2","Tumor"
"SYNTH-46-40-1","Capture_5'_CGAGCACGTGTGAATA-3","Tumor"
"SYNTH-46-40-1","Capture_5'_AGGCCACGTAGGCTGA-2","Tumor"
"SYNTH-46-41-1","Capture_5'_CGGCTAGGTATGAATG-3","Tumor"
"SYNTH-46-42-1","Capture_5'_AAGGAGCGTTCAGCGC-4","Tumor"
"SYNTH-46-42-1","Capture_5'_TTTCCTCAGTGGAGTC-4","Tumor"
"SYNTH-46-42-1","Capture_5'_CCACTACTCATCGATG-3","Tumor"
"SYNTH-46-42-1","Capture_5'_CAGATCAAGGCCGAAT-4","Tumor"
"SYNTH-46-42-1","Capture_3'_TGATCTTTCAGGACAG-1","Tumor"
"SYNTH-46-43-1","Capture_5'_GTCACGGGTGCCTGGT-3","Tumor"
"SYNTH-46-43-1","Capture_3'_AACCTTTAGGTGAGCT-4","Tumor"
"SYNTH-46-43-1","Capture_5'_CGAGAAGTCACCAGGC-2","Tumor"
"SYNTH-46-43-1","Capture_3'_TTCTCTCGTACAGAAT-3","Tumor"
"SYNTH-46-43-1","Capture_3'_GGGCGTTAGTGAGTGC-2","T-cells"
"SYNTH-46-43-1","Capture_5'_GTCTTCGAGGCATGGT-3","Tumor"
"SYNTH-46-43-1","Capture_5'_CGCTGGAGTCAAGCGA-3","Tumor"
"SYNTH-46-44-1","Capture_5'_AACTCCCTCGGCTACG-1","Luminal A"
"SYNTH-46-44-1","Capture_5'_TCAACGATCGGATGTT-1","Dividing Tumor"
"SYNTH-46-44-1","Capture_3'_TCTCCGATCTGCCTCA-4","T-cells"
"SYNTH-46-44-1","Capture_5'_CCGTTCATCTGTCCGT-4","Tumor"
"SYNTH-46-45-1","Capture_5'_CCATTCGGTTTCGCTC-2","Tumor"
"SYNTH-46-45-1","Capture_3'_TTCGCTGGTTCTATCT-3","Tumor"
"SYNTH-46-45-1","Capture_5'_GACCTGGAGCGCTCCA-1","Luminal A"
"SYNTH-46-45-1","Capture_3'_GTCAGCGGTGGACCAA-2","Fibroblasts"
"SYNTH-46-45-1","Capture_5'_GATCGCGTCACTTACT-3","Tumor"
"SYNTH-46-45-1","Capture_5'_TAGTGGTAGCAGACTG-4","T-cells"
"SYNTH-46-45-1","Capture_5'_CACCACTAGGATGTAT-4","Dividing Tumor"
"SYNTH-46-46-1","Capture_5'_CGCTGGACACGCATCG-3","Tumor"
"SYNTH-46-46-1","Capture_5'_GGACAAGCACGGTAAG-3","Dividing Tumor"
"SYNTH-46-46-1","Capture_5'_TCGTAGATCTCCGGTT-3","Dividing Tumor"
"SYNTH-46-46-1","Capture_3'_TCCGATCGTGTTAGCT-2","Tumor"
"SYNTH-46-46-1","Capture_5'_AACCATGTCGGAGGTA-4","Dividing Tumor"
"SYNTH-46-46-1","Capture_5'_AGGCCACTCCACGTGG-3","T-cells"
"SYNTH-46-47-1","Capture_5'_CAGCAGCGTCTAAAGA-3","Dividing Tumor"
"SYNTH-46-47-1","Capture_5'_CGCGTTTAGGGAGTAA-4","Dividing Tumor"
"SYNTH-46-48-1","Capture_5'_CTCGTCATCACCTTAT-2","Dividing Tumor"
"SYNTH-46-49-1","Capture_5'_CTGAAGTGTACTTGAC-1","Tumor"
"SYNTH-46-49-1","Capture_3'_CTCGAGGCATTAGGCT-4","Tumor"
"SYNTH-46-49-1","Capture_3'_TGATGCACAAGCACAG-1","Tumor"
"SYNTH-46-49-1","Capture_5'_CGATCGGGTTACGGAG-2","Tumor"
"SYNTH-46-49-1","Capture_5'_ACTTACTAGCTAACAA-1","Tumor"
"SYNTH-46-49-1","Capture_3'_TGCGACGGTGACCGAA-2","Tumor"
"SYNTH-46-50-1","Capture_3'_TGTCCTGGTCTGATAC-1","Tumor"
"SYNTH-47-1-1","Capture_5'_CGCCAAGAGGTAAACT-4","Tumor"
"SYNTH-47-1-1","Capture_5'_AGTTGGTAGCCGGTAA-3","Luminal A"
"SYNTH-47-2-1","Capture_3'_ACAGGGAAGTCATACC-1","Tumor"
"SYNTH-47-2-1","Capture_5'_CTTAACTGTCTTTCAT-4","T-cells"
"SYNTH-47-2-1","Capture_3'_TCTCACGCATCCTCAC-2","Dividing Tumor"
"SYNTH-47-2-1","Capture_5'_AGTGAGGGTATATCCG-2","Dividing Tumor"
"SYNTH-47-2-1","Capture_5'_ACGGGTCGTAAAGTCA-3","TAMs"
"SYNTH-47-2-1","Capture_5'_CGATCGGCATGCCACG-4","Dividing Tumor"
"SYNTH-47-3-1","Capture_5'_CTACATTAGACTTTCG-2","Luminal A"
"SYNTH-47-3-1","Capture_5'_CGTGTAAGTCTCTTAT-4","Dividing Tumor"
"SYNTH-47-3-1","Capture_3'_TATCTTGTCGAGAGAC-4","Dividing Tumor"
"SYNTH-47-3-1","Capture_3'_GTCATTTAGAATCGAT-1","Dividing Tumor"
"SYNTH-47-3-1","Capture_5'_TACGGGCAGCGTCTAT-4","Tumor"
"SYNTH-47-3-1","Capture_5'_GGCTGGTCACCACGTG-1","Dividing Tumor"
"SYNTH-47-4-1","Capture_5'_AACTTTCAGTTTAGGA-2","Dividing Tumor"
"SYNTH-47-4-1","Capture_3'_ATTCTTGTCCCAGCGA-4","Dividing Tumor"
"SYNTH-47-4-1","Capture_5'_TCATTTGTCCGTCAAA-3","Dividing Tumor"
"SYNTH-47-4-1","Capture_5'_ATAAGAGCACCCATGG-2","Dividing Tumor"
"SYNTH-47-4-1","Capture_5'_GGGTCTGGTAAGTAGT-3","Tumor"
"SYNTH-47-4-1","Capture_3'_TGACCCTGTAGGCAAC-3","Tumor"
"SYNTH-47-4-1","Capture_3'_AAACGCTCACTTGTGA-4","Tumor"
"SYNTH-47-5-1","Capture_5'_AACACGTGTGAAGGCT-3","T-cells"
"SYNTH-47-5-1","Capture_5'_TTGAACGAGTTAAGTG-2","Tumor"
"SYNTH-47-5-1","Capture_3'_ACGTAGTCAAGAGCTG-4","Tumor"
"SYNTH-47-6-1","Capture_5'_GCGCGATGTCTTCAAG-2","Endothelial Cells"
"SYNTH-47-6-1","Capture_3'_GTGGGAAAGATTGATG-2","T-cells"
"SYNTH-47-7-1","Capture_5'_AATCGGTTCACCCTCA-4","Tumor"
"SYNTH-47-7-1","Capture_5'_CTGTTTAGTAGGACAC-1","Tumor"
"SYNTH-47-8-1","Capture_3'_CTTCCGAAGTAAAGCT-2","Tumor"
"SYNTH-47-8-1","Capture_5'_TAGTGGTCATGGAATA-1","Dividing Tumor"
"SYNTH-47-8-1","Capture_5'_GCTGCGACAGGCGATA-4","Tumor"
"SYNTH-47-8-1","Capture_5'_CCTACACTCTGTTGAG-4","Tumor"
"SYNTH-47-9-1","Capture_5'_CGCGGTATCGGTTAAC-3","Dividing Tumor"
"SYNTH-47-9-1","Capture_3'_AGAACAACAACTAGAA-2","Dividing Tumor"
"SYNTH-47-9-1","Capture_5'_AACGTTGGTCTGCCAG-2","Luminal A"
"SYNTH-47-9-1","Capture_5'_GAACCTATCCCTCTTT-1","Luminal A"
"SYNTH-47-9-1","Capture_3'_TACCTGCGTGTTTCTT-1","T-cells"
"SYNTH-47-9-1","Capture_5'_CAGAGAGTCTCTTGAT-4","Tumor"
"SYNTH-47-9-1","Capture_3'_CAGGCCATCCAAGCTA-1","T-cells"
"SYNTH-47-9-1","Capture_5'_ACGATGTAGTTGTAGA-3","TAMs"
"SYNTH-47-9-1","Capture_3'_ATCGGATCACTGGCGT-4","Luminal A"
"SYNTH-47-10-1","Capture_5'_TCCACACAGGCGTACA-2","Dividing Tumor"
"SYNTH-47-10-1","Capture_5'_GACACGCAGAGAGCTC-3","TAMs"
"SYNTH-47-11-1","Capture_5'_CGACTTCGTTCCTCCA-1","Tumor"
"SYNTH-47-11-1","Capture_5'_TATTACCTCTTGTCAT-2","TAMs"
"SYNTH-47-11-1","Capture_3'_GATGGAGCATCTGTTT-1","Luminal A"
"SYNTH-47-11-1","Capture_5'_TCCCGATAGTCTTGCA-3","Dividing Tumor"
"SYNTH-47-11-1","Capture_3'_TCATTCAAGTCTGCAT-3","B-cells"
"SYNTH-47-11-1","Capture_5'_GCTGCAGAGCCAGGAT-3","Dividing Tumor"
"SYNTH-47-11-1","Capture_3'_ACATCCCTCAAGGAGC-2","Luminal A"
"SYNTH-47-11-1","Capture_3'_GTCACTCTCATCCTAT-2","Tumor"
"SYNTH-47-11-1","Capture_3'_TTTGTTGTCCCTATTA-2","Tumor"
"SYNTH-47-12-1","Capture_5'_CGTGTCTGTTGCGTTA-1","T-cells"
"SYNTH-47-12-1","Capture_3'_ACCTGTCAGCAAGTCG-2","Tumor"
"SYNTH-47-12-1","Capture_3'_ACTATTCAGCGATGCA-2","Tumor"
"SYNTH-47-12-1","Capture_5'_ACGGAGAAGTGCCAGA-3","Ciliated Cells"
"SYNTH-47-13-1","Capture_5'_TACAGTGGTCTTCAAG-2","Tumor"
"SYNTH-47-13-1","Capture_5'_CGGAGCTTCGGTCTAA-4","Dividing Tumor"
"SYNTH-47-13-1","Capture_3'_TCAAGACCATGTTTGG-2","T-cells"
"SYNTH-47-13-1","Capture_3'_CAACCTCCAAGTGGGT-1","Dividing Tumor"
"SYNTH-47-13-1","Capture_5'_TCTGAGATCGTGGTCG-1","Dividing Tumor"
"SYNTH-47-13-1","Capture_3'_GCTGAATAGTAATTGG-1","Dividing Tumor"
"SYNTH-47-13-1","Capture_5'_CCACTACAGACGCAAC-2","Dividing Tumor"
"SYNTH-47-13-1","Capture_5'_CTCACACAGCGCCTCA-1","Dividing Tumor"
"SYNTH-47-14-1","Capture_5'_GGAACTTGTCGCCATG-1","Dividing Tumor"
"SYNTH-47-14-1","Capture_3'_TTTGACTAGCTCTGTA-4","Dividing Tumor"
"SYNTH-47-14-1","Capture_5'_AACTCAGTCGCCTGTT-4","Dividing Tumor"
"SYNTH-47-15-1","Capture_5'_TTAGGCATCAATCTCT-4","Dividing Tumor"
"SYNTH-47-15-1","Capture_5'_GTCATTTCACGGTAAG-2","Tumor"
"SYNTH-47-15-1","Capture_3'_CGAGGAATCGGTAGGA-3","Tumor"
"SYNTH-47-15-1","Capture_5'_TAGTGGTGTGAAATCA-3","Tumor"
"SYNTH-47-15-1","Capture_5'_ACGAGGAAGCCATCGC-1","T-cells"
"SYNTH-47-16-1","Capture_5'_TACGGGCCACACAGAG-2","T-cells"
"SYNTH-47-16-1","Capture_3'_GCGGAAAGTTGCTCAA-3","Tumor"
"SYNTH-47-16-1","Capture_5'_TCTCTAAGTGACGCCT-4","Dividing Tumor"
"SYNTH-47-16-1","Capture_5'_TGACTTTGTTAGTGGG-1","Tumor"
"SYNTH-47-16-1","Capture_5'_GACGTGCAGCTAGTGG-1","Tumor"
"SYNTH-47-16-1","Capture_5'_TTGTAGGGTTGTCGCG-2","Tumor"
"SYNTH-47-17-1","Capture_5'_CATCAGACACATTTCT-2","T-cells"
"SYNTH-47-17-1","Capture_5'_GTGCGGTAGGCCCGTT-4","T-cells"
"SYNTH-47-17-1","Capture_5'_CACCACTGTCATATGC-2","Tumor"
"SYNTH-47-17-1","Capture_5'_TCACGAATCTACGAGT-4","T-cells"
"SYNTH-47-17-1","Capture_5'_ACTGAACGTTATCACG-4","Tumor"
"SYNTH-47-17-1","Capture_5'_GACGGCTTCGCCAGCA-2","Tumor"
"SYNTH-47-18-1","Capture_5'_ACTTACTCAGCTGGCT-4","Dividing Tumor"
"SYNTH-47-18-1","Capture_5'_GCAGTTAGTAGTACCT-3","Tumor"
"SYNTH-47-18-1","Capture_5'_TACGGATGTCACCCAG-2","Tumor"
"SYNTH-47-18-1","Capture_3'_ATCGCCTAGGTAAAGG-2","Tumor"
"SYNTH-47-18-1","Capture_5'_CTTACCGGTCCTGCTT-1","Dividing Tumor"
"SYNTH-47-19-1","Capture_5'_GTGCAGCCAGGTTTCA-3","T-cells"
"SYNTH-47-19-1","Capture_5'_TGCCAAAGTGCCTTGG-2","Tumor"
"SYNTH-47-19-1","Capture_5'_GATCTAGAGGTCGGAT-3","Dividing Tumor"
"SYNTH-47-19-1","Capture_3'_AAAGAACTCAGGGATG-1","TAMs"
"SYNTH-47-19-1","Capture_5'_TGTCCCACAAGTCTAC-4","Tumor"
"SYNTH-47-19-1","Capture_3'_GTCTCACTCGGTGTTA-3","Tumor"
"SYNTH-47-19-1","Capture_3'_ACACTGACAGAGCGTA-2","T-cells"
"SYNTH-47-20-1","Capture_5'_GCACATAGTATCACCA-2","Tumor"
"SYNTH-47-20-1","Capture_5'_GTAGTCATCTTCAACT-4","Tumor"
"SYNTH-47-20-1","Capture_5'_TGGCGCAAGAGTTGGC-3","Dividing Tumor"
"SYNTH-47-20-1","Capture_5'_ACGCCAGAGCTGTTCA-2","Tumor"
"SYNTH-47-20-1","Capture_5'_GTCACGGTCCCTCAGT-3","Tumor"
"SYNTH-47-20-1","Capture_3'_TTACCGCTCCCTAGGG-3","Dividing Tumor"
"SYNTH-47-21-1","Capture_5'_TCAGGATGTACAGACG-3","Tumor"
"SYNTH-47-21-1","Capture_5'_CTCATTAGTATTCTCT-3","Dividing Tumor"
"SYNTH-47-22-1","Capture_3'_CCGGTAGAGGGACAGG-1","TAMs"
"SYNTH-47-22-1","Capture_5'_ACCAGTAAGCAGGTCA-3","T-cells"
"SYNTH-47-22-1","Capture_3'_TCAGGTACATATACCG-4","T-cells"
"SYNTH-47-22-1","Capture_5'_CCACTACAGCTGAACG-4","Tumor"
"SYNTH-47-22-1","Capture_5'_ACCTTTACATATGGTC-4","Dividing Tumor"
"SYNTH-47-22-1","Capture_5'_AAATGCCGTACCGGCT-3","Tumor"
"SYNTH-47-22-1","Capture_3'_GTCTGTCCATTCACAG-2","T-cells"
"SYNTH-47-23-1","Capture_5'_CATCCACCAAACCTAC-2","Tumor"
"SYNTH-47-23-1","Capture_5'_GACGCGTCACCTATCC-4","Tumor"
"SYNTH-47-23-1","Capture_5'_ATCTACTCAGTCTTCC-2","T-cells"
"SYNTH-47-23-1","Capture_5'_GACGTGCCAAGAGTCG-4","Tumor"
"SYNTH-47-24-1","Capture_5'_TGCTGCTTCCAAGCCG-3","T-cells"
"SYNTH-47-24-1","Capture_3'_AGTTAGCCAGTAGAGC-4","Dividing Tumor"
"SYNTH-47-25-1","Capture_5'_GCTTGAATCTCGGACG-2","Tumor"
"SYNTH-47-25-1","Capture_5'_TCAATCTCATCCTAGA-4","Tumor"
"SYNTH-47-25-1","Capture_5'_GCGAGAAAGGAATTAC-2","Dividing Tumor"
"SYNTH-47-25-1","Capture_5'_TTCTTAGTCATAGCAC-1","Dividing Tumor"
"SYNTH-47-25-1","Capture_3'_AGGAGGTCACGCGTCA-4","T-cells"
"SYNTH-47-26-1","Capture_3'_CCATCACTCGACGTCG-4","T-cells"
"SYNTH-47-27-1","Capture_5'_AACACGTTCATTGCCC-3","Dividing Tumor"
"SYNTH-47-27-1","Capture_5'_GAACATCAGAGTCTGG-3","Tumor"
"SYNTH-47-27-1","Capture_3'_GTCTAGATCGGAGTAG-1","Luminal A"
"SYNTH-47-27-1","Capture_5'_CTCGTCACACTGTTAG-4","Tumor"
"SYNTH-47-27-1","Capture_5'_GATCGATGTTCAACCA-3","Fibroblasts"
"SYNTH-47-27-1","Capture_5'_TTCTTAGTCTGTCTCG-2","Dividing Tumor"
"SYNTH-47-27-1","Capture_5'_ACGATGTAGCAGCGTA-4","Tumor"
"SYNTH-47-27-1","Capture_3'_CTACCTGCACAAATAG-4","Dividing Tumor"
"SYNTH-47-27-1","Capture_3'_ATCTTCAGTCTTTATC-3","Dividing Tumor"
"SYNTH-47-28-1","Capture_5'_CTCTGGTCATCGATGT-1","Dividing Tumor"
"SYNTH-47-28-1","Capture_5'_GTACTTTAGCAATATG-1","Dividing Tumor"
"SYNTH-47-28-1","Capture_5'_CACAAACGTGCACGAA-2","Dividing Tumor"
"SYNTH-47-29-1","Capture_3'_GGTCACGTCGCATTAG-4","Dividing Tumor"
"SYNTH-47-29-1","Capture_5'_AACTTTCAGGCCATAG-4","Myoepithelial Cells"
"SYNTH-47-29-1","Capture_5'_TGCTACCTCCAGAAGG-3","T-cells"
"SYNTH-47-29-1","Capture_3'_CTTCTCTTCTTCGATT-2","TAMs"
"SYNTH-47-29-1","Capture_5'_TCAGATGAGTAGGTGC-2","Tumor"
"SYNTH-47-29-1","Capture_5'_CATCGGGTCCATGAGT-2","Dividing Tumor"
"SYNTH-47-30-1","Capture_5'_GCAGTTACAAGAAGAG-2","Tumor"
"SYNTH-47-30-1","Capture_3'_GTGCTTCTCCTAAGTG-2","Tumor"
"SYNTH-47-30-1","Capture_3'_AACCCAACAAGTGCTT-3","T-cells"
"SYNTH-47-30-1","Capture_5'_CGGACACTCCGCTGTT-3","Tumor"
"SYNTH-47-30-1","Capture_5'_CTCTGGTTCATGTGGT-4","T-cells"
"SYNTH-47-30-1","Capture_5'_CGTCTACAGAGGACGG-4","Dividing Tumor"
"SYNTH-47-30-1","Capture_5'_ACACCAAAGAACAATC-2","Tumor"
"SYNTH-47-30-1","Capture_5'_TCTATTGAGCAATATG-1","Dividing Tumor"
"SYNTH-47-30-1","Capture_5'_TTAGGCAAGACGCTTT-2","Dividing Tumor"
"SYNTH-47-31-1","Capture_3'_TCGATTTTCGAAGAAT-4","Tumor"
"SYNTH-47-32-1","Capture_3'_TAGATCGAGAGGTGCT-3","Dividing Tumor"
"SYNTH-47-33-1","Capture_5'_CGATCGGGTCAGAGGT-1","Ciliated Cells"
"SYNTH-47-33-1","Capture_5'_CTGAAACTCGGCCGAT-2","T-cells"
"SYNTH-47-33-1","Capture_5'_ATTGGACGTCGTTGTA-1","T-cells"
"SYNTH-47-33-1","Capture_5'_CGGCTAGAGTCTCAAC-1","Tumor"
"SYNTH-47-33-1","Capture_5'_CCGTTCATCCGCAGTG-3","Tumor"
"SYNTH-47-34-1","Capture_3'_GATCATGTCACTACTT-2","Myoepithelial Cells"
"SYNTH-47-34-1","Capture_3'_CTGTATTGTGGGATTG-1","Dividing Tumor"
"SYNTH-47-34-1","Capture_5'_GGCGTGTGTGTTTGGT-2","Tumor"
"SYNTH-47-34-1","Capture_5'_TGAGCCGGTAAGGGAA-2","Tumor"
"SYNTH-47-34-1","Capture_3'_ACCTACCCAACTGATC-1","Tumor"
"SYNTH-47-34-1","Capture_5'_AGATTGCGTCTCAACA-2","Tumor"
"SYNTH-47-34-1","Capture_5'_CTCCTAGGTTACGACT-3","Tumor"
"SYNTH-47-34-1","Capture_3'_AATTTCCAGTTGTACC-2","Tumor"
"SYNTH-47-34-1","Capture_5'_TGGGAAGAGACTGTAA-4","Tumor"
"SYNTH-47-35-1","Capture_3'_ATACCGAAGCATGTTC-4","B-cells"
"SYNTH-47-35-1","Capture_5'_GGGTTGCCAAGCTGAG-2","Tumor"
"SYNTH-47-35-1","Capture_5'_CTCGAAAAGAACTCGG-1","Tumor"
"SYNTH-47-35-1","Capture_5'_TACGGATGTAGCGATG-4","Dividing Tumor"
"SYNTH-47-35-1","Capture_5'_TTGTAGGAGAAGGACA-4","Tumor"
"SYNTH-47-35-1","Capture_5'_TACTCATTCAACACCA-4","Tumor"
"SYNTH-47-35-1","Capture_5'_TAGTTGGCACCTTGTC-1","Tumor"
"SYNTH-47-35-1","Capture_5'_TCTCTAATCTGGTATG-3","Tumor"
"SYNTH-47-36-1","Capture_5'_CTGCTGTGTGTATGGG-3","Tumor"
"SYNTH-47-37-1","Capture_3'_TTGCATTGTGCCCAGT-4","Tumor"
"SYNTH-47-37-1","Capture_5'_TATCAGGAGTGGGATC-1","Tumor"
"SYNTH-47-37-1","Capture_3'_TGCAGGCGTAGACAAT-2","Dividing Tumor"
"SYNTH-47-37-1","Capture_5'_GGCCGATGTATTACCG-3","Tumor"
"SYNTH-47-37-1","Capture_5'_CACATTTAGCTGCAAG-4","Endothelial Cells"
"SYNTH-47-37-1","Capture_3'_GGGTAGATCCCATGGG-3","Tumor"
"SYNTH-47-37-1","Capture_5'_CTGAAGTTCAACACGT-3","Tumor"
"SYNTH-47-37-1","Capture_3'_TTGTTGTAGTTTCGAC-2","Fibroblasts"
"SYNTH-47-38-1","Capture_3'_CCCAACTGTACTGCCG-4","Tumor"
"SYNTH-47-38-1","Capture_5'_CTTGGCTAGGTTACCT-3","Tumor"
"SYNTH-47-38-1","Capture_5'_ACTTGTTGTACACCGC-3","T-cells"
"SYNTH-47-38-1","Capture_5'_TTAGGACCAGTATGCT-3","Tumor"
"SYNTH-47-38-1","Capture_5'_CCTAGCTAGATGTTAG-1","TAMs"
"SYNTH-47-39-1","Capture_3'_CTTAGGAGTATTCCTT-2","TAMs"
"SYNTH-47-39-1","Capture_5'_AGGCCACTCGACGGAA-4","T-cells"
"SYNTH-47-39-1","Capture_3'_CAAGCTATCATAAGGA-4","Dividing Tumor"
"SYNTH-47-40-1","Capture_3'_AACGGGATCGCACGAC-1","T-cells"
"SYNTH-47-41-1","Capture_5'_GACTAACCATCGGAAG-3","T-cells"
"SYNTH-47-41-1","Capture_3'_GAGATGGCAGACGATG-3","Luminal A"
"SYNTH-47-41-1","Capture_3'_GCTGCAGTCGGAGTGA-4","Tumor"
"SYNTH-47-42-1","Capture_5'_CAGATCACAGTGAGTG-4","Dividing Tumor"
"SYNTH-47-42-1","Capture_3'_TTACCGCCATTGGGAG-3","Tumor"
"SYNTH-47-42-1","Capture_5'_GTTTCTACACGAAAGC-2","Tumor"
"SYNTH-47-43-1","Capture_5'_GGAATAACAGTCTTCC-4","Fibroblasts"
"SYNTH-47-43-1","Capture_3'_GTGACGCAGATGTTAG-4","Tumor"
"SYNTH-47-44-1","Capture_5'_TTCTTAGTCTGTCTCG-2","Dividing Tumor"
"SYNTH-47-44-1","Capture_5'_GCGAGAAGTGACGGTA-1","Endothelial Cells"
"SYNTH-47-44-1","Capture_3'_GAGCCTGTCCGTAGGC-4","Luminal A"
"SYNTH-47-44-1","Capture_3'_CTATAGGTCGCACGGT-2","T-cells"
"SYNTH-47-44-1","Capture_3'_CATGCGGCACCTCTAC-2","Dividing Tumor"
"SYNTH-47-44-1","Capture_3'_GGTAATCAGCTACGTT-3","Tumor"
"SYNTH-47-44-1","Capture_5'_TCTCATAAGGTCGGAT-3","Tumor"
"SYNTH-47-44-1","Capture_3'_GTCTGTCCAGACATCT-3","Tumor"
"SYNTH-47-45-1","Capture_5'_GGGTCTGTCATTATCC-3","Tumor"
"SYNTH-47-45-1","Capture_3'_AGAGAGCTCCCATTTA-3","Tumor"
"SYNTH-47-45-1","Capture_5'_AGGCCGTGTGGAAAGA-1","Dividing Tumor"
"SYNTH-47-45-1","Capture_3'_TACTTGTCAAGCGCTC-3","Endothelial Cells"
"SYNTH-47-45-1","Capture_5'_TTCTCAAGTACAGCAG-4","Tumor"
"SYNTH-47-45-1","Capture_3'_CCATAAGGTTCGAGCC-3","T-cells"
"SYNTH-47-46-1","Capture_5'_ACGGAGACAATCTGCA-2","T-cells"
"SYNTH-47-46-1","Capture_3'_CAGCCAGTCCGCGATG-4","Tumor"
"SYNTH-47-46-1","Capture_5'_ACATGGTCAGGCTGAA-2","Tumor"
"SYNTH-47-46-1","Capture_3'_TCCACGTAGGCTAACG-1","T-cells"
"SYNTH-47-46-1","Capture_5'_ACTTTCACATGCAACT-4","Tumor"
"SYNTH-47-46-1","Capture_3'_CATGGTAAGCAAGTGC-1","T-cells"
"SYNTH-47-46-1","Capture_5'_GGAAAGCGTACGCTGC-4","Dividing Tumor"
"SYNTH-47-46-1","Capture_3'_AGGGTGACAGCGTTTA-2","Dividing Tumor"
"SYNTH-47-46-1","Capture_5'_AGACGTTGTCATTAGC-1","Dividing Tumor"
"SYNTH-47-47-1","Capture_5'_AAGGCAGTCCGCTGTT-4","Tumor"
"SYNTH-47-47-1","Capture_5'_AAAGTAGGTCCCGACA-4","Dividing Tumor"
"SYNTH-47-47-1","Capture_5'_ACGGGCTTCTACGAGT-1","Tumor"
"SYNTH-47-47-1","Capture_3'_GATCGTAGTGACTGAG-4","Tumor"
"SYNTH-47-48-1","Capture_5'_ACGAGCCCAAACTGCT-2","Dividing Tumor"
"SYNTH-47-48-1","Capture_3'_CACACAATCGTGCAGC-4","Dividing Tumor"
"SYNTH-47-49-1","Capture_5'_TGCCCTATCAGCCTAA-4","Tumor"
"SYNTH-47-49-1","Capture_5'_TATCAGGGTCTCACCT-1","Dividing Tumor"
"SYNTH-47-49-1","Capture_5'_GGATTACAGATCTGCT-1","T-cells"
"SYNTH-47-50-1","Capture_5'_TCAGGTAGTAGTAGTA-4","B-cells"
"SYNTH-47-50-1","Capture_5'_CCTATTATCACCATAG-4","Tumor"
"SYNTH-47-50-1","Capture_5'_GGGCACTCATCGTCGG-4","T-cells"
"SYNTH-47-50-1","Capture_5'_TCAGCTCAGCCACGCT-1","T-cells"
"SYNTH-47-50-1","Capture_5'_AGACGTTTCGTCCAGG-3","Fibroblasts"
"SYNTH-47-50-1","Capture_5'_AACCATGCACGGCTAC-4","Tumor"
"SYNTH-47-50-1","Capture_5'_ATCCACCCAGCGAACA-2","Dividing Tumor"
"SYNTH-48-1-1","Capture_5'_CATTATCCAATCTGCA-1","Tumor"
"SYNTH-48-1-1","Capture_3'_CAGGTATCAAGTTCGT-1","Fibroblasts"
"SYNTH-48-1-1","Capture_5'_GTCCTCAAGATTACCC-1","Tumor"
"SYNTH-48-2-1","Capture_5'_GATGCTAAGCAGCCTC-1","T-cells"
"SYNTH-48-2-1","Capture_5'_AACACGTAGTCATCCA-4","Dividing Tumor"
"SYNTH-48-2-1","Capture_5'_TAGCCGGGTCTTGCGG-1","Tumor"
"SYNTH-48-2-1","Capture_5'_CGTGTCTCAGGTCTCG-2","Endothelial Cells"
"SYNTH-48-2-1","Capture_5'_CCCAATCTCAGCTCTC-1","Tumor"
"SYNTH-48-3-1","Capture_5'_CGTCCATAGATCCTGT-4","Tumor"
"SYNTH-48-3-1","Capture_5'_CCTCAGTGTTCACGGC-3","Tumor"
"SYNTH-48-3-1","Capture_5'_GTACTCCCAAGTCTGT-2","Luminal A"
"SYNTH-48-4-1","Capture_5'_ATAAGAGGTACTCGCG-1","T-cells"
"SYNTH-48-4-1","Capture_5'_AATCGGTAGCCACTAT-4","Tumor"
"SYNTH-48-4-1","Capture_5'_GCTGGGTGTAGGGTAC-2","Luminal A"
"SYNTH-48-4-1","Capture_5'_CAGAGAGTCAAAGTAG-1","Tumor"
"SYNTH-48-4-1","Capture_3'_CTTTCAAGTGCACGCT-3","T-cells"
"SYNTH-48-4-1","Capture_5'_CTTTGCGAGTGCCAGA-4","Dividing Tumor"
"SYNTH-48-4-1","Capture_3'_TGTTCATCATGATCTG-2","Tumor"
"SYNTH-48-5-1","Capture_3'_TTGCGTCCACAATGAA-1","Tumor"
"SYNTH-48-5-1","Capture_5'_GGCAATTAGTATGACA-2","T-cells"
"SYNTH-48-5-1","Capture_3'_GGAACCCGTTTACCAG-4","Dividing Tumor"
"SYNTH-48-5-1","Capture_3'_CCCTCTCAGTGGTTAA-4","Tumor"
"SYNTH-48-6-1","Capture_3'_CAACCAAGTTGCAACT-1","T-cells"
"SYNTH-48-6-1","Capture_5'_TGGCGCAGTGACGCCT-4","B-cells"
"SYNTH-48-7-1","Capture_5'_CTGTGCTGTCCAGTTA-3","Tumor"
"SYNTH-48-8-1","Capture_3'_GTCGTAACATATGAAG-1","TAMs"
"SYNTH-48-8-1","Capture_3'_GTAACCACACTATGTG-3","Tumor"
"SYNTH-48-8-1","Capture_5'_GCCAAATTCCTAAGTG-3","Tumor"
"SYNTH-48-8-1","Capture_5'_AGTCTTTGTCGAACAG-1","Tumor"
"SYNTH-48-8-1","Capture_5'_TCTCTAATCTGCGACG-4","Fibroblasts"
"SYNTH-48-8-1","Capture_5'_CCTTCGAGTCACTGGC-1","Dividing Tumor"
"SYNTH-48-8-1","Capture_3'_GTTCTATTCGATACGT-3","Tumor"
"SYNTH-48-8-1","Capture_5'_GCTGCAGAGACAAGCC-2","Tumor"
"SYNTH-48-8-1","Capture_3'_CTGCTCAAGCACCCAC-2","Endothelial Cells"
"SYNTH-48-9-1","Capture_5'_GATCGCGTCACTTACT-3","Tumor"
"SYNTH-48-9-1","Capture_5'_CAGCAGCCAAGTACCT-4","T-cells"
"SYNTH-48-9-1","Capture_3'_TCGGGACTCATCAGTG-1","T-cells"
"SYNTH-48-9-1","Capture_5'_AGCAGCCAGAGAGCTC-2","T-cells"
"SYNTH-48-9-1","Capture_3'_GGGATCCTCACACCCT-3","Dividing Tumor"
"SYNTH-48-9-1","Capture_5'_GTATTCTAGTGTGGCA-2","T-cells"
"SYNTH-48-9-1","Capture_3'_ATTCTACCAGTAACGG-1","Dividing Tumor"
"SYNTH-48-10-1","Capture_3'_GTAACCACACACACGC-1","T-cells"
"SYNTH-48-10-1","Capture_5'_GCGGGTTAGTCATGCT-1","Tumor"
"SYNTH-48-11-1","Capture_3'_AGGTCATAGTGATAGT-4","Dividing Tumor"
"SYNTH-48-11-1","Capture_5'_ATGTGTGAGAGACTAT-2","B-cells"
"SYNTH-48-11-1","Capture_3'_TAGGAGGAGTGGGAAA-4","Tumor"
"SYNTH-48-11-1","Capture_3'_TATCGCCCACACCGCA-3","Tumor"
"SYNTH-48-11-1","Capture_5'_CGCTATCGTGCGAAAC-4","T-cells"
"SYNTH-48-11-1","Capture_3'_CATTGCCAGAGTTGAT-2","Tumor"
"SYNTH-48-11-1","Capture_5'_GACAGAGGTGATGTCT-2","Tumor"
"SYNTH-48-11-1","Capture_3'_CAACCTCTCTAGTACG-1","Tumor"
"SYNTH-48-11-1","Capture_3'_CAGTTAGTCTCTTAAC-2","Tumor"
"SYNTH-48-11-1","Capture_5'_CATGCCTAGGCTACGA-4","T-cells"
"SYNTH-48-12-1","Capture_5'_CGAGCCAAGATAGGAG-1","Endothelial Cells"
"SYNTH-48-12-1","Capture_3'_TACACCCAGTGGAAGA-4","Tumor"
"SYNTH-48-12-1","Capture_5'_GGACAGAGTTGGTTTG-2","Luminal A"
"SYNTH-48-12-1","Capture_3'_AGAAGCGGTAGAAACT-3","Tumor"
"SYNTH-48-12-1","Capture_3'_ATCGTGAGTGTAGGAC-2","T-cells"
"SYNTH-48-12-1","Capture_5'_GGACAGATCAGGCCCA-4","Plasma Cells"
"SYNTH-48-13-1","Capture_3'_GAACTGTTCCGCATAA-3","Dividing Tumor"
"SYNTH-48-13-1","Capture_3'_TTGCTGCGTGGCACTC-4","Tumor"
"SYNTH-48-13-1","Capture_3'_TCGACCTGTTGCTAGT-2","T-cells"
"SYNTH-48-13-1","Capture_5'_TGTCCCACATGGTAGG-2","Tumor"
"SYNTH-48-14-1","Capture_5'_CTAACTTTCTTGACGA-1","Luminal A"
"SYNTH-48-14-1","Capture_3'_CAACAGTCAACTGCCG-4","Endothelial Cells"
"SYNTH-48-14-1","Capture_3'_ATTTCACTCTGGAAGG-4","Tumor"
"SYNTH-48-14-1","Capture_5'_TTCCCAGTCCTACAGA-2","Tumor"
"SYNTH-48-14-1","Capture_5'_CCGGGATGTGATAAAC-1","T-cells"
"SYNTH-48-14-1","Capture_5'_GACACGCAGAGAGCTC-3","TAMs"
"SYNTH-48-14-1","Capture_5'_TAAGTGCTCAGGCAAG-1","Tumor"
"SYNTH-48-15-1","Capture_3'_GGGACTCCAAAGACGC-1","TAMs"
"SYNTH-48-15-1","Capture_3'_TCACAAGCATGAAGCG-4","Dividing Tumor"
"SYNTH-48-15-1","Capture_5'_CGATTGAGTATATCCG-4","Dividing Tumor"
"SYNTH-48-15-1","Capture_5'_CGCTATCAGGCCCGTT-2","Dividing Tumor"
"SYNTH-48-16-1","Capture_5'_TACACGACAATTGCTG-2","Tumor"
"SYNTH-48-16-1","Capture_5'_CTTCTCTCAATGAAAC-3","Luminal A"
"SYNTH-48-16-1","Capture_5'_CACCACTCACTCAGGC-4","Tumor"
"SYNTH-48-16-1","Capture_5'_TTCGAAGTCCACTCCA-2","Tumor"
"SYNTH-48-16-1","Capture_3'_AGGTCTATCAGGACAG-4","T-cells"
"SYNTH-48-16-1","Capture_3'_AAGACTCCAGGAGGAG-4","B-cells"
"SYNTH-48-16-1","Capture_5'_TAGTGGTCATGGAATA-1","Dividing Tumor"
"SYNTH-48-17-1","Capture_3'_TACGTCCGTAGCTTGT-2","Fibroblasts"
"SYNTH-48-17-1","Capture_5'_CTCGTACAGCTCCCAG-3","Tumor"
"SYNTH-48-17-1","Capture_3'_TTCTAGTTCACCTGGG-4","Tumor"
"SYNTH-48-17-1","Capture_5'_TACGGATGTAGGGTAC-1","T-cells"
"SYNTH-48-18-1","Capture_5'_CAAGTTGCACTTCGAA-2","Dividing Tumor"
"SYNTH-48-18-1","Capture_3'_CGTAGTACAAGTCATC-3","Tumor"
"SYNTH-48-18-1","Capture_5'_AAGTCTGTCGTACCGG-1","Tumor"
"SYNTH-48-18-1","Capture_3'_GCACATATCCAGTGTA-4","Tumor"
"SYNTH-48-18-1","Capture_3'_GTGTAACCATCAACCA-2","T-cells"
"SYNTH-48-18-1","Capture_5'_AGCAGCCAGTCGATAA-4","T-cells"
"SYNTH-48-19-1","Capture_5'_GTCATTTTCCCTAATT-3","Luminal A"
"SYNTH-48-20-1","Capture_5'_GTTTCTAGTACAGACG-3","T-cells"
"SYNTH-48-20-1","Capture_5'_ACTGAACCAATAGCGG-4","Dividing Tumor"
"SYNTH-48-20-1","Capture_5'_CTCGTCACACTGTTAG-4","Tumor"
"SYNTH-48-20-1","Capture_5'_AAAGTAGAGAGCTTCT-1","Tumor"
"SYNTH-48-20-1","Capture_5'_TACCTTACACAGGTTT-4","B-cells"
"SYNTH-48-20-1","Capture_3'_AAACGCTGTTAGGCTT-1","T-cells"
"SYNTH-48-20-1","Capture_3'_TGATTCTGTAGCGAGT-1","Dividing Tumor"
"SYNTH-48-20-1","Capture_5'_TGCGTGGAGGCGCTCT-3","Endothelial Cells"
"SYNTH-48-21-1","Capture_5'_ACTGAGTTCCTTGGTC-3","Tumor"
"SYNTH-48-21-1","Capture_5'_ATCACGACAAGCCGCT-3","T-cells"
"SYNTH-48-21-1","Capture_5'_CAGTAACCATTCTTAC-3","Dividing Tumor"
"SYNTH-48-22-1","Capture_5'_GCATGTATCTTGTACT-4","Dividing Tumor"
"SYNTH-48-22-1","Capture_5'_GGCGACTTCCTAGGGC-1","Tumor"
"SYNTH-48-22-1","Capture_5'_TTGACTTTCCAATGGT-3","Dividing Tumor"
"SYNTH-48-22-1","Capture_5'_GTCCTCATCTGTCAAG-2","Tumor"
"SYNTH-48-22-1","Capture_5'_AGCAGCCCAGCTGCTG-3","Tumor"
"SYNTH-48-22-1","Capture_3'_TTACCATGTTTGAACC-3","Tumor"
"SYNTH-48-23-1","Capture_3'_AGAAGTAGTTGGATCT-3","Tumor"
"SYNTH-48-23-1","Capture_5'_TTGTAGGAGGCATGTG-4","Tumor"
"SYNTH-48-23-1","Capture_5'_GAACATCTCGAATGGG-1","Luminal A"
"SYNTH-48-23-1","Capture_5'_CAAGAAACAGCTTAAC-2","Dividing Tumor"
"SYNTH-48-23-1","Capture_3'_AGGTAGGTCTCTATGT-2","Tumor"
"SYNTH-48-23-1","Capture_5'_TTCGAAGCAAGTCTAC-4","Tumor"
"SYNTH-48-23-1","Capture_5'_GAGGTGACATTCCTGC-4","Tumor"
"SYNTH-48-23-1","Capture_5'_CCTACACCAAAGGTGC-3","Tumor"
"SYNTH-48-23-1","Capture_5'_ACGATACCACCTGGTG-3","Tumor"
"SYNTH-48-23-1","Capture_5'_GCGCGATAGTGTCCAT-3","Dividing Tumor"
"SYNTH-48-24-1","Capture_5'_GTTACAGAGCTGAAAT-2","Dividing Tumor"
"SYNTH-48-25-1","Capture_3'_CACCGTTGTTAGAGTA-1","Tumor"
"SYNTH-48-25-1","Capture_5'_CATCGAATCATTGCCC-2","Tumor"
"SYNTH-48-26-1","Capture_3'_CTACCTGAGCATACTC-1","Dividing Tumor"
"SYNTH-48-27-1","Capture_3'_ATCCTATGTATGGAAT-3","Dividing Tumor"
"SYNTH-48-27-1","Capture_5'_CATCAGAAGCAGCCTC-3","Tumor"
"SYNTH-48-27-1","Capture_5'_AAGGTTCTCCTTTCTC-2","Dividing Tumor"
"SYNTH-48-28-1","Capture_5'_CTGCGGATCTCACATT-2","Tumor"
"SYNTH-48-28-1","Capture_5'_CGTCACTGTTTGACAC-1","Dividing Tumor"
"SYNTH-48-28-1","Capture_3'_GGGCGTTTCAGCTTCC-3","T-cells"
"SYNTH-48-29-1","Capture_3'_AGAAATGTCACCTACC-4","Dividing Tumor"
"SYNTH-48-29-1","Capture_3'_CCTAAGAGTGTTAGCT-1","Tumor"
"SYNTH-48-29-1","Capture_3'_ACTTTGTTCTGTGCTC-4","Luminal A"
"SYNTH-48-29-1","Capture_5'_CTAATGGCACATTTCT-3","Dividing Tumor"
"SYNTH-48-29-1","Capture_5'_GACTACATCTTACCGC-1","Tumor"
"SYNTH-48-30-1","Capture_5'_GTCTCGTCATCACGTA-2","Tumor"
"SYNTH-48-30-1","Capture_5'_TTCTCCTAGTGTTTGC-1","Plasma Cells"
"SYNTH-48-30-1","Capture_5'_TGTCCCAGTGTCAATC-1","Tumor"
"SYNTH-48-30-1","Capture_3'_ATCCCTGCAGACTGCC-4","Dividing Tumor"
"SYNTH-48-30-1","Capture_5'_GCAGCCACATGCCTTC-1","Plasma Cells"
"SYNTH-48-30-1","Capture_3'_CTTGATTAGCCGGAAT-3","Tumor"
"SYNTH-48-30-1","Capture_5'_AAAGCAAGTAAGAGAG-4","Dividing Tumor"
"SYNTH-48-30-1","Capture_5'_GTAGTCAGTTATCGGT-3","Dividing Tumor"
"SYNTH-48-30-1","Capture_5'_CTTGGCTGTGTTGAGG-2","Tumor"
"SYNTH-48-31-1","Capture_5'_TGCCCATCATCCCATC-3","TAMs"
"SYNTH-48-31-1","Capture_5'_CTTACCGTCCCAAGAT-1","Dividing Tumor"
"SYNTH-48-31-1","Capture_3'_CACGTGGAGTCCTGCG-3","Dividing Tumor"
"SYNTH-48-31-1","Capture_5'_AGCGGTCTCATGTCCC-4","B-cells"
"SYNTH-48-31-1","Capture_5'_CTCGTCAGTTTGACAC-4","Tumor"
"SYNTH-48-31-1","Capture_5'_GGCAATTGTGGAAAGA-3","Tumor"
"SYNTH-48-31-1","Capture_3'_GCGGAAAAGCTGTGCC-4","Dividing Tumor"
"SYNTH-48-32-1","Capture_3'_TCTGGCTGTCGTCAGC-1","T-cells"
"SYNTH-48-32-1","Capture_3'_ACGGGTCCAGCTGTAT-3","Tumor"
"SYNTH-48-32-1","Capture_5'_AGGTCCGAGATCACGG-2","T-cells"
"SYNTH-48-32-1","Capture_3'_GTATTGGAGTTCATGC-3","Tumor"
"SYNTH-48-32-1","Capture_3'_GTAGGTTGTGAACTAA-2","Tumor"
"SYNTH-48-32-1","Capture_3'_CCTCTCCAGCGTGAAC-1","Tumor"
"SYNTH-48-32-1","Capture_3'_AGGATCTAGAGAGTTT-3","Tumor"
"SYNTH-48-33-1","Capture_5'_TCAGCAAGTCTTCGTC-2","Tumor"
"SYNTH-48-33-1","Capture_5'_ACTTTCAGTTTGCATG-4","Dividing Tumor"
"SYNTH-48-34-1","Capture_3'_GGACGTCAGTCATGAA-1","Tumor"
"SYNTH-48-34-1","Capture_5'_TGCCAAAAGAGACGAA-2","Dividing Tumor"
"SYNTH-48-34-1","Capture_5'_CGGGTCAAGATATGCA-1","Tumor"
"SYNTH-48-34-1","Capture_5'_ACGCAGCAGAGTGAGA-2","Dividing Tumor"
"SYNTH-48-35-1","Capture_3'_GCATCGGAGTAGACAT-4","Endothelial Cells"
"SYNTH-48-35-1","Capture_5'_TCAGATGCACTCTGTC-4","Dividing Tumor"
"SYNTH-48-35-1","Capture_5'_GTGCGGTAGAAGATTC-3","Dividing Tumor"
"SYNTH-48-35-1","Capture_5'_AGGCCGTAGGATCGCA-4","Dividing Tumor"
"SYNTH-48-35-1","Capture_5'_TTGTAGGGTTTGTTGG-4","Dividing Tumor"
"SYNTH-48-35-1","Capture_5'_ATTATCCAGTCACGCC-2","Dividing Tumor"
"SYNTH-48-35-1","Capture_5'_GATGCTACAATAACGA-2","Tumor"
"SYNTH-48-35-1","Capture_3'_GGGACTCAGCTGTTCA-3","Tumor"
"SYNTH-48-36-1","Capture_3'_TACAACGTCTTGTTAC-4","Tumor"
"SYNTH-48-36-1","Capture_5'_GCTGCGAGTACCATCA-4","Tumor"
"SYNTH-48-36-1","Capture_3'_ATAGAGAAGCACACAG-3","T-cells"
"SYNTH-48-37-1","Capture_3'_GTTGAACGTAGTGGCA-4","T-cells"
"SYNTH-48-37-1","Capture_5'_TTGTAGGCAGATGGCA-4","Dividing Tumor"
"SYNTH-48-37-1","Capture_3'_AGAGAGCCAGGAAGTC-4","Tumor"
"SYNTH-48-37-1","Capture_5'_AGTAGTCAGTGTTTGC-2","T-cells"
"SYNTH-48-38-1","Capture_5'_CGGTTAAGTGGAAAGA-3","Tumor"
"SYNTH-48-38-1","Capture_3'_TGTTCTACACAGCCTG-2","T-cells"
"SYNTH-48-38-1","Capture_5'_CGGAGTCGTCGAAAGC-2","T-cells"
"SYNTH-48-39-1","Capture_3'_GATCAGTTCCTATTTG-1","T-cells"
"SYNTH-48-39-1","Capture_3'_AAGCATCAGAAGGTAG-3","Tumor"
"SYNTH-48-39-1","Capture_5'_ATCCGAATCAGCTCGG-3","Dividing Tumor"
"SYNTH-48-40-1","Capture_5'_CTTCTCTTCATTTGGG-4","Dividing Tumor"
"SYNTH-48-40-1","Capture_3'_AGAAGCGTCCATTTCA-4","Tumor"
"SYNTH-48-40-1","Capture_3'_TGGGATTAGGCCCAAA-3","T-cells"
"SYNTH-48-40-1","Capture_5'_GACCTGGCATTGGCGC-3","Endothelial Cells"
"SYNTH-48-40-1","Capture_5'_TGGACGCTCTGTTGAG-3","Tumor"
"SYNTH-48-40-1","Capture_5'_GCAATCAGTCGGCACT-4","Tumor"
"SYNTH-48-40-1","Capture_5'_GATTCAGAGCGAGAAA-2","Tumor"
"SYNTH-48-41-1","Capture_5'_CCGTGGATCTGTTGAG-3","Dividing Tumor"
"SYNTH-48-41-1","Capture_3'_GTAGCTAGTGTCTTCC-3","Dividing Tumor"
"SYNTH-48-41-1","Capture_5'_CGCTGGACAAAGTCAA-4","T-cells"
"SYNTH-48-41-1","Capture_5'_AGATCTGAGGGCTTCC-2","T-cells"
"SYNTH-48-42-1","Capture_3'_GGGTAGATCACTTGTT-3","Dividing Tumor"
"SYNTH-48-43-1","Capture_5'_CTAATGGAGAAGAAGC-4","Dividing Tumor"
"SYNTH-48-43-1","Capture_5'_TTTATGCAGTCGTTTG-4","Fibroblasts"
"SYNTH-48-43-1","Capture_5'_GCAATCAAGGCTCTTA-4","Luminal A"
"SYNTH-48-43-1","Capture_5'_CTCTACGAGCTGGAAC-1","Endothelial Cells"
"SYNTH-48-43-1","Capture_5'_GAGCAGAGTCGCCATG-4","T-cells"
"SYNTH-48-43-1","Capture_5'_GATCGATGTTCAACCA-3","Fibroblasts"
"SYNTH-48-44-1","Capture_5'_CTTCTCTCAGGGCATA-2","Tumor"
"SYNTH-48-44-1","Capture_5'_GCATACATCATCACCC-1","Tumor"
"SYNTH-48-44-1","Capture_3'_GTTTGGATCGATACGT-2","Tumor"
"SYNTH-48-44-1","Capture_5'_GTGTTAGGTCCTCCAT-3","Tumor"
"SYNTH-48-44-1","Capture_5'_TGCGCAGCAGCGTAAG-1","Tumor"
"SYNTH-48-44-1","Capture_5'_CACACTCAGCTGTCTA-3","Dividing Tumor"
"SYNTH-48-44-1","Capture_5'_CTCCTAGCAATGAATG-1","Dividing Tumor"
"SYNTH-48-45-1","Capture_5'_TCAGCAACAAGGTTCT-1","Fibroblasts"
"SYNTH-48-45-1","Capture_5'_CTAAGACGTAAATGAC-3","T-cells"
"SYNTH-48-45-1","Capture_3'_CGGGCATCACTACACA-2","T-cells"
"SYNTH-48-45-1","Capture_3'_ATCTTCAAGCAGGCTA-3","T-cells"
"SYNTH-48-45-1","Capture_3'_AGCTTCCAGTAAATGC-1","Dividing Tumor"
"SYNTH-48-45-1","Capture_5'_GAATAAGGTTCGAATC-4","T-cells"
"SYNTH-48-45-1","Capture_5'_TACCTATTCAAGATCC-1","Tumor"
"SYNTH-48-46-1","Capture_3'_GTAACACAGCTACGTT-2","Tumor"
"SYNTH-48-47-1","Capture_5'_TCTTCGGAGACGCACA-4","Tumor"
"SYNTH-48-47-1","Capture_5'_AGAGCTTAGGAGCGAG-3","Tumor"
"SYNTH-48-47-1","Capture_3'_CGGCAGTCAGTGAGCA-3","Tumor"
"SYNTH-48-47-1","Capture_5'_ACTGATGTCTACTCAT-3","Luminal A"
"SYNTH-48-47-1","Capture_3'_GACCAATTCTCACTCG-1","Tumor"
"SYNTH-48-47-1","Capture_5'_AGTCTTTTCTTGAGAC-3","Tumor"
"SYNTH-48-48-1","Capture_5'_TGTATTCCATCGATTG-4","Dividing Tumor"
"SYNTH-48-48-1","Capture_3'_TCCACGTAGGACCCAA-2","Dividing Tumor"
"SYNTH-48-49-1","Capture_3'_ATCACAGTCAATCAGC-4","Dividing Tumor"
"SYNTH-48-49-1","Capture_5'_TAGTGGTCATGGAATA-1","Dividing Tumor"
"SYNTH-48-49-1","Capture_3'_GTGGGAAGTAGTGCGA-3","Luminal A"
"SYNTH-48-49-1","Capture_5'_CAGCATAGTCGAATCT-2","Tumor"
"SYNTH-48-49-1","Capture_3'_AGGTTGTGTATGATCC-2","Tumor"
"SYNTH-48-49-1","Capture_5'_ACCGTAATCAGCTCTC-2","Tumor"
"SYNTH-48-49-1","Capture_5'_CCACTACAGCGTAGTG-3","Tumor"
"SYNTH-48-49-1","Capture_3'_AAAGAACGTCGAATGG-2","Tumor"
"SYNTH-48-49-1","Capture_5'_GGAACTTGTCGCCATG-1","Dividing Tumor"
"SYNTH-48-49-1","Capture_5'_GTCTTCGGTTGCGTTA-4","Tumor"
"SYNTH-48-50-1","Capture_5'_CGCTGGACACGCATCG-3","Tumor"
"SYNTH-48-50-1","Capture_3'_CTGATCCAGGTCACCC-4","T-cells"
"SYNTH-48-50-1","Capture_5'_CGGCTAGCATGGGAAC-2","Tumor"
"SYNTH-48-50-1","Capture_5'_CCTCAGTGTAGAGGAA-2","Dividing Tumor"
"SYNTH-48-50-1","Capture_5'_AATCGGTCAATCGGTT-4","Tumor"
"SYNTH-48-50-1","Capture_5'_ACATCAGAGAACTCGG-3","Tumor"
"SYNTH-48-50-1","Capture_3'_GAGGCAAGTGGTCTTA-2","T-cells"
"SYNTH-48-50-1","Capture_5'_TAAGCGTTCACGATGT-1","Dividing Tumor"
"SYNTH-48-50-1","Capture_5'_CACACCTTCATGTCTT-3","T-cells"
"SYNTH-48-50-1","Capture_5'_AAACCTGGTCATACTG-3","Tumor"
"SYNTH-49-1-1","Capture_5'_CCGGGATAGGCACATG-4","Tumor"
"SYNTH-49-1-1","Capture_3'_TTCAGGATCCTGGGAC-4","Tumor"
"SYNTH-49-1-1","Capture_5'_TGACAACTCCGAACGC-3","Tumor"
"SYNTH-49-1-1","Capture_3'_TTGCCTGTCATGCCCT-4","Tumor"
"SYNTH-49-1-1","Capture_3'_ACCAACACAGCTTTGA-2","Tumor"
"SYNTH-49-1-1","Capture_5'_TTGTAGGCAGGTGCCT-4","Tumor"
"SYNTH-49-2-1","Capture_5'_ACATACGGTACGCACC-2","Tumor"
"SYNTH-49-3-1","Capture_5'_TGTTCCGTCTGTCTAT-1","Luminal A"
"SYNTH-49-3-1","Capture_5'_GGGAATGTCTCGCATC-3","B-cells"
"SYNTH-49-3-1","Capture_5'_GGGAATGGTGGAAAGA-4","Luminal A"
"SYNTH-49-3-1","Capture_5'_CTCTAATAGGTGTGGT-4","Dividing Tumor"
"SYNTH-49-3-1","Capture_3'_ATCAGGTTCTCTGCTG-3","Tumor"
"SYNTH-49-4-1","Capture_5'_TCACGAAGTTACGACT-2","Tumor"
"SYNTH-49-4-1","Capture_5'_CTTACCGTCTCGTTTA-3","Tumor"
"SYNTH-49-4-1","Capture_3'_CTTACCGGTTATGTCG-3","Tumor"
"SYNTH-49-5-1","Capture_5'_TGGGAAGGTATCGCAT-4","T-cells"
"SYNTH-49-5-1","Capture_5'_TCAGCTCAGACCTTTG-3","Dividing Tumor"
"SYNTH-49-5-1","Capture_5'_GCACATAGTCAGAAGC-2","Endothelial Cells"
"SYNTH-49-5-1","Capture_3'_TCAAGACTCTCTGCCA-2","Tumor"
"SYNTH-49-5-1","Capture_5'_GAACGGAGTCTAGGTT-2","Tumor"
"SYNTH-49-6-1","Capture_5'_GGAAAGCCACCTTGTC-4","Dividing Tumor"
"SYNTH-49-6-1","Capture_3'_GATCGTATCTTTGCAT-2","Tumor"
"SYNTH-49-6-1","Capture_5'_TAAACCGTCACGGTTA-2","Tumor"
"SYNTH-49-6-1","Capture_5'_AGGGATGTCTTGCCGT-4","Tumor"
"SYNTH-49-6-1","Capture_5'_GTTACAGCACGAAAGC-3","Tumor"
"SYNTH-49-6-1","Capture_5'_CTCGGAGAGGAGCGTT-2","T-cells"
"SYNTH-49-6-1","Capture_5'_CGGGTCAGTATGAAAC-2","Tumor"
"SYNTH-49-6-1","Capture_5'_CACTCCAGTGGCTCCA-1","Tumor"
"SYNTH-49-6-1","Capture_5'_TGCGCAGGTGTGTGCC-2","T-cells"
"SYNTH-49-7-1","Capture_5'_CGAATGTCACCTCGTT-1","Tumor"
"SYNTH-49-7-1","Capture_3'_ATGGGTTGTCCTCATC-4","Dividing Tumor"
"SYNTH-49-7-1","Capture_5'_AAAGTAGGTCCAAGTT-3","Tumor"
"SYNTH-49-7-1","Capture_3'_TGTGGCGAGCCTAACT-3","T-cells"
"SYNTH-49-7-1","Capture_5'_TTCGGTCCATAGAAAC-2","T-cells"
"SYNTH-49-7-1","Capture_5'_CGTAGCGCATCCAACA-3","Tumor"
"SYNTH-49-8-1","Capture_5'_TTGTAGGCACGCATCG-3","Dividing Tumor"
"SYNTH-49-8-1","Capture_5'_AGAGCTTCATGGTCAT-4","T-cells"
"SYNTH-49-8-1","Capture_3'_AAAGGTATCAAGTCGT-3","Dividing Tumor"
"SYNTH-49-8-1","Capture_5'_CTAGTGAAGAAACGAG-4","B-cells"
"SYNTH-49-9-1","Capture_3'_GTAACACGTCAGGTAG-4","Tumor"
"SYNTH-49-9-1","Capture_3'_AGAGCCCTCCGAGGCT-3","Dividing Tumor"
"SYNTH-49-9-1","Capture_5'_AAGGTTCAGTAGCCGA-2","Luminal A"
"SYNTH-49-9-1","Capture_5'_AGTGAGGTCTCTTGAT-1","Dividing Tumor"
"SYNTH-49-10-1","Capture_5'_CTGTTTACAATGAATG-4","Dividing Tumor"
"SYNTH-49-11-1","Capture_3'_AAATGGACAAATTGGA-2","Dividing Tumor"
"SYNTH-49-11-1","Capture_5'_CGCCAAGCACGAGAGT-3","Tumor"
"SYNTH-49-11-1","Capture_5'_AGCGGTCGTTGGTAAA-3","T-cells"
"SYNTH-49-11-1","Capture_5'_GACTAACGTGCAGTAG-3","Tumor"
"SYNTH-49-11-1","Capture_3'_TCGTCCATCTAAACGC-2","Dividing Tumor"
"SYNTH-49-11-1","Capture_5'_CCACCTACACATGTGT-4","Tumor"
"SYNTH-49-11-1","Capture_5'_CTCATTATCTACTCAT-4","Dividing Tumor"
"SYNTH-49-12-1","Capture_5'_GCTGCTTAGTGATCGG-1","B-cells"
"SYNTH-49-12-1","Capture_5'_ACGGAGAAGGACATTA-2","Dividing Tumor"
"SYNTH-49-12-1","Capture_3'_ATTCACTGTTGACTAC-2","T-cells"
"SYNTH-49-13-1","Capture_5'_TGCTGCTAGCCAGTTT-4","Tumor"
"SYNTH-49-13-1","Capture_5'_AACCATGTCCCTCAGT-4","Luminal A"
"SYNTH-49-13-1","Capture_5'_CCTACCATCCTTTCTC-2","T-cells"
"SYNTH-49-14-1","Capture_5'_CGAATGTGTAGAGTGC-1","Tumor"
"SYNTH-49-14-1","Capture_3'_GCGAGAAAGAAGATCT-2","T-cells"
"SYNTH-49-14-1","Capture_3'_GTGCACGGTCGCATGC-4","T-cells"
"SYNTH-49-14-1","Capture_3'_TGACCCTAGAAGGATG-1","Dividing Tumor"
"SYNTH-49-15-1","Capture_5'_GTCGTAAAGCTGATAA-2","Tumor"
"SYNTH-49-15-1","Capture_3'_TTTGTTGAGCTGAAGC-3","Dividing Tumor"
"SYNTH-49-15-1","Capture_3'_CTTCCGAGTTGTTTGG-3","Tumor"
"SYNTH-49-15-1","Capture_5'_AACTCTTTCTCGCATC-4","Tumor"
"SYNTH-49-15-1","Capture_5'_TGTGTTTGTTCTCATT-1","Tumor"
"SYNTH-49-16-1","Capture_3'_CCACACTTCGTGGAAG-4","Tumor"
"SYNTH-49-16-1","Capture_3'_GTCAAGTCACAGCTGC-4","Tumor"
"SYNTH-49-16-1","Capture_3'_TTCTTGAAGCCTCACG-3","Tumor"
"SYNTH-49-17-1","Capture_3'_TGTGGCGCAGCGTATT-2","Tumor"
"SYNTH-49-17-1","Capture_5'_ACTGTCCGTACCGGCT-4","Dividing Tumor"
"SYNTH-49-17-1","Capture_5'_CAGCAGCCACGAAATA-3","Tumor"
"SYNTH-49-17-1","Capture_3'_AGACAAATCGCAGTCG-2","T-cells"
"SYNTH-49-17-1","Capture_3'_GGGCTCAAGTCGGGAT-3","Dividing Tumor"
"SYNTH-49-17-1","Capture_5'_AAGGCAGGTAGGGACT-3","T-cells"
"SYNTH-49-17-1","Capture_3'_TGTGTGACAGTATTCG-2","Dividing Tumor"
"SYNTH-49-17-1","Capture_3'_GAATCGTGTGTGCTTA-2","Dividing Tumor"
"SYNTH-49-17-1","Capture_3'_TACTTACTCTATCACT-3","Tumor"
"SYNTH-49-18-1","Capture_5'_CGTCTACCATAGGATA-2","Dividing Tumor"
"SYNTH-49-18-1","Capture_5'_TGGGAAGTCTAGCACA-2","Tumor"
"SYNTH-49-18-1","Capture_5'_AGAGCGACATATGGTC-4","T-cells"
"SYNTH-49-18-1","Capture_5'_CGGACGTGTGCACGAA-2","Tumor"
"SYNTH-49-18-1","Capture_3'_CATCGCTGTGGGATTG-1","Dividing Tumor"
"SYNTH-49-19-1","Capture_3'_CAGATTGGTGTCCACG-3","Dividing Tumor"
"SYNTH-49-19-1","Capture_5'_TGCGCAGCAACGCACC-2","Tumor"
"SYNTH-49-19-1","Capture_5'_TGACTAGAGAGGGATA-3","TAMs"
"SYNTH-49-19-1","Capture_5'_TATTACCGTCTCATCC-4","Tumor"
"SYNTH-49-19-1","Capture_5'_CTACACCGTACGCTGC-2","Dividing Tumor"
"SYNTH-49-19-1","Capture_5'_TTCTACATCTGCTTGC-3","Dividing Tumor"
"SYNTH-49-19-1","Capture_5'_ACTTACTGTATAAACG-4","Tumor"
"SYNTH-49-19-1","Capture_5'_TCACAAGCACTTAACG-4","Tumor"
"SYNTH-49-19-1","Capture_5'_CTCCTAGTCCCTAATT-1","Tumor"
"SYNTH-49-20-1","Capture_3'_ACATGCAAGTTGGAGC-3","Dividing Tumor"
"SYNTH-49-20-1","Capture_5'_CACCTTGCACACCGAC-4","Tumor"
"SYNTH-49-20-1","Capture_3'_ACTCCCAAGCTGGAGT-2","Tumor"
"SYNTH-49-21-1","Capture_5'_CACCAGGAGGAGCGTT-1","Tumor"
"SYNTH-49-21-1","Capture_5'_ACATGGTTCCGCGCAA-3","T-cells"
"SYNTH-49-21-1","Capture_3'_GTGATGTTCCTTGACC-4","Dividing Tumor"
"SYNTH-49-21-1","Capture_3'_TACACCCTCGTTCTAT-4","T-cells"
"SYNTH-49-22-1","Capture_5'_CGCGTTTCATTAGCCA-1","Tumor"
"SYNTH-49-22-1","Capture_5'_TCTGAGAAGAAACGCC-3","Tumor"
"SYNTH-49-22-1","Capture_5'_GGGCATCGTACATCCA-3","Tumor"
"SYNTH-49-22-1","Capture_5'_TTCGGTCGTCTGCAAT-3","Dividing Tumor"
"SYNTH-49-23-1","Capture_5'_AACTCTTAGTCAATAG-4","Dividing Tumor"
"SYNTH-49-23-1","Capture_5'_CGACCTTCACGACTCG-3","Dividing Tumor"
"SYNTH-49-23-1","Capture_5'_TGAGCCGTCGCCAGCA-4","Tumor"
"SYNTH-49-23-1","Capture_5'_CGTCTACAGTACGATA-1","Dividing Tumor"
"SYNTH-49-23-1","Capture_3'_GATAGCTGTACAGTTC-1","Tumor"
"SYNTH-49-23-1","Capture_5'_CGTAGGCGTTCAACCA-4","Tumor"
"SYNTH-49-23-1","Capture_5'_TGCGTGGAGGTGATAT-2","T-cells"
"SYNTH-49-24-1","Capture_5'_GTGCGGTAGAAGATTC-3","Dividing Tumor"
"SYNTH-49-24-1","Capture_5'_ACACCGGGTGCCTTGG-3","T-cells"
"SYNTH-49-24-1","Capture_5'_GGTGCGTTCTAGCACA-4","Luminal A"
"SYNTH-49-24-1","Capture_3'_ATCCCTGCAGACTGCC-4","Dividing Tumor"
"SYNTH-49-25-1","Capture_5'_CATGGCGAGGACCACA-1","T-cells"
"SYNTH-49-25-1","Capture_5'_TCGTAGAAGCTACCGC-2","Luminal B"
"SYNTH-49-25-1","Capture_3'_GTAGCTAGTATGAAAC-1","Dividing Tumor"
"SYNTH-49-25-1","Capture_5'_GGATTACTCGGATGGA-4","Tumor"
"SYNTH-49-25-1","Capture_5'_ACTTGTTAGTGTTAGA-4","Tumor"
"SYNTH-49-25-1","Capture_5'_GTAACGTGTCGCATCG-2","Dividing Tumor"
"SYNTH-49-25-1","Capture_5'_CATGGCGAGGCTAGGT-1","Tumor"
"SYNTH-49-25-1","Capture_5'_ACACTGAGTAGAAGGA-3","Luminal A"
"SYNTH-49-25-1","Capture_3'_ACGATCAGTACAGTTC-3","Fibroblasts"
"SYNTH-49-26-1","Capture_3'_AAGACTCGTCGAGTGA-4","Tumor"
"SYNTH-49-26-1","Capture_3'_TCATCCGGTTCACCGG-2","T-cells"
"SYNTH-49-26-1","Capture_5'_GCACTCTGTACAAGTA-1","Luminal A"
"SYNTH-49-26-1","Capture_3'_CCACTTGGTTCGGTCG-3","T-cells"
"SYNTH-49-26-1","Capture_5'_TACACGATCTGTGCAA-3","Myoepithelial Cells"
"SYNTH-49-26-1","Capture_5'_GGAATAAAGGTTCCTA-4","Endothelial Cells"
"SYNTH-49-26-1","Capture_5'_GGTGAAGTCAAGATCC-2","Tumor"
"SYNTH-49-27-1","Capture_3'_GTCGAATTCGGTCGAC-3","Tumor"
"SYNTH-49-27-1","Capture_5'_GCGCAGTCAAACAACA-4","Dividing Tumor"
"SYNTH-49-27-1","Capture_5'_TGCTGCTTCGTTTGCC-4","Tumor"
"SYNTH-49-27-1","Capture_3'_ATGGTTGTCCCTTCCC-1","Tumor"
"SYNTH-49-27-1","Capture_5'_ACATGGTGTATTAGCC-3","T-cells"
"SYNTH-49-27-1","Capture_5'_TGCGCAGAGCCAGTTT-1","Dividing Tumor"
"SYNTH-49-28-1","Capture_3'_ACGGTCGTCGAAGCCC-1","Tumor"
"SYNTH-49-28-1","Capture_5'_GACGGCTGTCGAGTTT-2","Tumor"
"SYNTH-49-28-1","Capture_3'_CATTGAGAGACGCATG-4","Dividing Tumor"
"SYNTH-49-28-1","Capture_5'_TCGGTAAAGCGTTTAC-4","T-cells"
"SYNTH-49-28-1","Capture_3'_TCCTAATAGCGCCTAC-3","Luminal A"
"SYNTH-49-29-1","Capture_3'_AGTGACTCAAATGGAT-3","Dividing Tumor"
"SYNTH-49-29-1","Capture_5'_AATCCAGTCAAGGCTT-1","Tumor"
"SYNTH-49-29-1","Capture_5'_GAACATCCATATGCTG-4","Tumor"
"SYNTH-49-29-1","Capture_5'_CAAGATCGTTCGCTAA-4","B-cells"
"SYNTH-49-29-1","Capture_5'_GTGGGTCTCCACTCCA-2","Dividing Tumor"
"SYNTH-49-29-1","Capture_5'_ATAACGCGTCATGCCG-4","Dividing Tumor"
"SYNTH-49-30-1","Capture_5'_CAGCGACTCGGAATCT-2","T-cells"
"SYNTH-49-30-1","Capture_5'_GTTACAGGTTGCTCCT-3","Dividing Tumor"
"SYNTH-49-30-1","Capture_5'_CAGCGACCAAGACGTG-4","Tumor"
"SYNTH-49-31-1","Capture_5'_CCAATCCGTCAACATC-1","Tumor"
"SYNTH-49-32-1","Capture_3'_CATACAGAGCCACAAG-1","Fibroblasts"
"SYNTH-49-33-1","Capture_5'_CATTCGCGTTTGGCGC-2","Tumor"
"SYNTH-49-33-1","Capture_5'_GCGCAGTAGCGTAGTG-3","T-cells"
"SYNTH-49-33-1","Capture_3'_CTTCTAATCTTAGCTT-3","Tumor"
"SYNTH-49-33-1","Capture_3'_TATCTTGTCGGAGCAA-1","Dividing Tumor"
"SYNTH-49-33-1","Capture_5'_CTTTGCGCACTTGGAT-2","Endothelial Cells"
"SYNTH-49-33-1","Capture_5'_CGGTTAATCGGATGTT-4","Tumor"
"SYNTH-49-33-1","Capture_5'_GCAATCAAGCACACAG-3","Myoepithelial Cells"
"SYNTH-49-33-1","Capture_5'_TAGGCATCAGTTCCCT-4","T-cells"
"SYNTH-49-33-1","Capture_3'_ATGAAAGAGGACAGCT-3","T-cells"
"SYNTH-49-33-1","Capture_5'_TGCCCATCAGGGTATG-3","Dividing Tumor"
"SYNTH-49-34-1","Capture_3'_AAGACTCAGCTGACAG-2","TAMs"
"SYNTH-49-34-1","Capture_5'_TTGGCAATCGGGAGTA-2","Tumor"
"SYNTH-49-34-1","Capture_5'_CGGACGTAGAGCTGCA-3","TAMs"
"SYNTH-49-34-1","Capture_5'_TCGTAGACATGGTCAT-2","Tumor"
"SYNTH-49-34-1","Capture_5'_GGACAAGGTACCGTTA-4","Dividing Tumor"
"SYNTH-49-35-1","Capture_3'_CCTCTAGTCCTGTTGC-1","T-cells"
"SYNTH-49-35-1","Capture_5'_ACTGAGTCAGATGGCA-3","Dividing Tumor"
"SYNTH-49-35-1","Capture_5'_GATCGTACATGGAATA-4","Tumor"
"SYNTH-49-35-1","Capture_5'_GTCTTCGGTAGTAGTA-4","Tumor"
"SYNTH-49-35-1","Capture_5'_ATCATCTTCACCGTAA-2","T-cells"
"SYNTH-49-35-1","Capture_5'_CGTAGCGCACCACGTG-3","Dividing Tumor"
"SYNTH-49-35-1","Capture_5'_AACTTTCAGTGTTTGC-2","T-cells"
"SYNTH-49-36-1","Capture_5'_CAAGAAAAGGCCCTTG-3","Dividing Tumor"
"SYNTH-49-36-1","Capture_5'_GACTGCGCATGGATGG-4","Luminal A"
"SYNTH-49-36-1","Capture_3'_AGTTCCCAGTAGAATC-3","Tumor"
"SYNTH-49-36-1","Capture_3'_CCTGTTGTCCACTAGA-4","Tumor"
"SYNTH-49-37-1","Capture_5'_AGGCCACGTTTACTCT-4","Tumor"
"SYNTH-49-37-1","Capture_5'_CATCAGATCCTCGCAT-3","Luminal A"
"SYNTH-49-37-1","Capture_5'_GAAGCAGCACTGCCAG-3","Tumor"
"SYNTH-49-37-1","Capture_3'_AACAAGACAGAGTAAT-4","Tumor"
"SYNTH-49-38-1","Capture_5'_CACATAGCAGGTCCAC-2","T-cells"
"SYNTH-49-38-1","Capture_3'_AGGTAGGCAGCCGTCA-4","Dividing Tumor"
"SYNTH-49-38-1","Capture_3'_TGTGCGGGTTGTAGCT-3","Tumor"
"SYNTH-49-38-1","Capture_5'_GACGTTACAGATCCAT-4","T-cells"
"SYNTH-49-38-1","Capture_5'_GCTGCGAAGCTACCTA-4","Tumor"
"SYNTH-49-38-1","Capture_5'_TGGCGCATCAGTTGAC-3","Tumor"
"SYNTH-49-39-1","Capture_3'_CTGTGGGGTGACTATC-1","Tumor"
"SYNTH-49-39-1","Capture_3'_ATGAGGGCACACCTTC-4","Endothelial Cells"
"SYNTH-49-39-1","Capture_5'_AGAATAGGTACATGTC-1","B-cells"
"SYNTH-49-39-1","Capture_3'_CTCAGTCTCCACGTAA-2","Tumor"
"SYNTH-49-39-1","Capture_5'_TCCACACGTACCTACA-3","Fibroblasts"
"SYNTH-49-40-1","Capture_5'_TCAATCTTCATGTGGT-2","Luminal A"
"SYNTH-49-40-1","Capture_3'_GTAATCGTCGTCCTTG-3","Fibroblasts"
"SYNTH-49-40-1","Capture_5'_TCACAAGTCTTGTATC-3","Dividing Tumor"
"SYNTH-49-40-1","Capture_5'_TACGGATCACACCGAC-1","Tumor"
"SYNTH-49-41-1","Capture_5'_ACACCCTCAAGGTTTC-4","Dividing Tumor"
"SYNTH-49-41-1","Capture_5'_GCTTGAAGTCGCATAT-3","Tumor"
"SYNTH-49-41-1","Capture_5'_GGGAGATCACATAACC-4","Tumor"
"SYNTH-49-41-1","Capture_3'_TGAACGTCATTCTCTA-3","Dividing Tumor"
"SYNTH-49-41-1","Capture_3'_CAGAGCCTCCTATTGT-3","Luminal A"
"SYNTH-49-41-1","Capture_3'_GCCCGAAGTTATAGCC-3","T-cells"
"SYNTH-49-41-1","Capture_3'_ACTATGGCATGGGTTT-3","Dividing Tumor"
"SYNTH-49-41-1","Capture_3'_CTTCCGACACAGCCAC-4","T-cells"
"SYNTH-49-42-1","Capture_3'_TTCATTGAGGTGATCG-2","Tumor"
"SYNTH-49-42-1","Capture_5'_CGTAGCGAGCTCTCGG-3","T-cells"
"SYNTH-49-43-1","Capture_5'_TCAGGATAGGTAGCTG-4","Tumor"
"SYNTH-49-43-1","Capture_5'_CCACTACCAGGTCGTC-4","Tumor"
"SYNTH-49-44-1","Capture_3'_TAGAGTCAGGAGACCT-3","Tumor"
"SYNTH-49-45-1","Capture_5'_TCATTACTCTTATCTG-3","Endothelial Cells"
"SYNTH-49-45-1","Capture_5'_TCAGGATAGTGGAGAA-3","Dividing Tumor"
"SYNTH-49-45-1","Capture_5'_CTCGTACAGGCACATG-2","Endothelial Cells"
"SYNTH-49-46-1","Capture_5'_ATTGGACCACCCAGTG-2","Luminal A"
"SYNTH-49-46-1","Capture_5'_ACTATCTGTCCAGTTA-4","T-cells"
"SYNTH-49-46-1","Capture_5'_TTCCCAGAGCCCAACC-2","Tumor"
"SYNTH-49-46-1","Capture_3'_CATCCACTCCATATGG-3","Tumor"
"SYNTH-49-46-1","Capture_5'_GTGCGGTAGAAGATTC-3","Dividing Tumor"
"SYNTH-49-46-1","Capture_5'_ATTTCTGGTTAAGTAG-4","Dividing Tumor"
"SYNTH-49-46-1","Capture_5'_TTCGAAGGTATATGGA-4","Tumor"
"SYNTH-49-47-1","Capture_5'_CGTGTCTAGCGTTGCC-2","Tumor"
"SYNTH-49-47-1","Capture_5'_AATCGGTAGAGCTGCA-3","Tumor"
"SYNTH-49-47-1","Capture_3'_GTTTACTTCTGGGATT-3","Tumor"
"SYNTH-49-48-1","Capture_3'_CATACCCTCAGAGTTC-1","T-cells"
"SYNTH-49-48-1","Capture_5'_CTCGAAAGTCGAAAGC-1","Tumor"
"SYNTH-49-48-1","Capture_5'_TGCGCAGTCTGTGCAA-1","Tumor"
"SYNTH-49-48-1","Capture_3'_CTCCGATAGTGCCAGA-1","T-cells"
"SYNTH-49-49-1","Capture_5'_TGCGTGGTCAACGGCC-4","Tumor"
"SYNTH-49-50-1","Capture_3'_AGATCCAGTTGGCCGT-1","Dividing Tumor"
"SYNTH-50-1-1","Capture_3'_CGGAACCGTCAATCTG-3","Dividing Tumor"
"SYNTH-50-1-1","Capture_3'_CTCAGTCAGCGACTGA-3","Luminal A"
"SYNTH-50-1-1","Capture_3'_CCTTGTGCATGGAATA-3","Tumor"
"SYNTH-50-1-1","Capture_5'_GTTAAGCTCCGCGGTA-2","Dividing Tumor"
"SYNTH-50-1-1","Capture_3'_GCAACCGGTCATCGCG-4","B-cells"
"SYNTH-50-1-1","Capture_5'_GCGCGATGTCACCCAG-4","Tumor"
"SYNTH-50-1-1","Capture_5'_CTCGTACGTACGCACC-1","Tumor"
"SYNTH-50-2-1","Capture_5'_AGAGCGACAAGCGTAG-4","Tumor"
"SYNTH-50-2-1","Capture_5'_CTACGTCAGTGCGTGA-4","Tumor"
"SYNTH-50-2-1","Capture_5'_ATTATCCGTCAGAGGT-4","T-cells"
"SYNTH-50-2-1","Capture_5'_TGCACCTAGAATGTTG-2","Dividing Tumor"
"SYNTH-50-2-1","Capture_5'_TGGCTGGCACAGACTT-3","Tumor"
"SYNTH-50-2-1","Capture_3'_TTGAACGTCATTGGTG-1","Dividing Tumor"
"SYNTH-50-2-1","Capture_5'_GGGACCTGTGGTGTAG-2","Tumor"
"SYNTH-50-2-1","Capture_5'_GTATCTTGTAGCCTCG-4","Tumor"
"SYNTH-50-3-1","Capture_5'_GCGGGTTAGAGATGAG-2","T-cells"
"SYNTH-50-3-1","Capture_5'_TCAGGATTCCACGACG-2","Fibroblasts"
"SYNTH-50-3-1","Capture_5'_CACAGGCGTCTGATCA-2","Dividing Tumor"
"SYNTH-50-3-1","Capture_5'_GTCATTTAGGATGTAT-2","Luminal A"
"SYNTH-50-3-1","Capture_5'_CCTTCGATCCAAACAC-3","Dividing Tumor"
"SYNTH-50-3-1","Capture_3'_AGCATCAGTAACCCGC-2","Fibroblasts"
"SYNTH-50-3-1","Capture_3'_ACTGATGGTCTATGAC-1","Tumor"
"SYNTH-50-3-1","Capture_3'_TCGGTCTTCAATCTTC-3","Dividing Tumor"
"SYNTH-50-3-1","Capture_5'_TGAGCCGGTGTTGGGA-2","Dividing Tumor"
"SYNTH-50-4-1","Capture_5'_TCATTTGAGGTGATAT-4","T-cells"
"SYNTH-50-4-1","Capture_5'_TGTCCCACATTGGGCC-1","Endothelial Cells"
"SYNTH-50-4-1","Capture_3'_GACTATGCACCCTAAA-3","Fibroblasts"
"SYNTH-50-4-1","Capture_5'_TGGACGCTCCGAACGC-1","Dividing Tumor"
"SYNTH-50-4-1","Capture_5'_TCAGGATGTCTTGTCC-3","Dividing Tumor"
"SYNTH-50-4-1","Capture_3'_ATGTCCCAGGACAGTC-2","Dividing Tumor"
"SYNTH-50-4-1","Capture_3'_TCAGCAAGTATTGCCA-1","Tumor"
"SYNTH-50-5-1","Capture_3'_AATCACGTCTTCCGTG-2","TAMs"
"SYNTH-50-5-1","Capture_3'_ATCTCTACACGACCTG-4","Tumor"
"SYNTH-50-6-1","Capture_3'_CATCGGGGTCCTATAG-4","Tumor"
"SYNTH-50-6-1","Capture_5'_CGAGCACTCGTACGGC-2","Tumor"
"SYNTH-50-6-1","Capture_5'_TACACGACAGCTGTTA-3","Tumor"
"SYNTH-50-6-1","Capture_5'_CGTCAGGCACAGCCCA-2","Dividing Tumor"
"SYNTH-50-6-1","Capture_5'_TGCGGGTGTCTTTCAT-4","Dividing Tumor"
"SYNTH-50-7-1","Capture_3'_CTGCTCAAGCCTCAGC-1","Tumor"
"SYNTH-50-7-1","Capture_3'_TATTCCAAGTCACGAG-3","Tumor"
"SYNTH-50-7-1","Capture_5'_GCACTCTAGGGAGTAA-3","Tumor"
"SYNTH-50-8-1","Capture_3'_AGATGCTAGAGTGTTA-4","Tumor"
"SYNTH-50-8-1","Capture_5'_ACTTTCAGTTCTCATT-1","Tumor"
"SYNTH-50-8-1","Capture_5'_CGATGTAGTAGCGTCC-4","Dividing Tumor"
"SYNTH-50-8-1","Capture_5'_TTTCCTCAGTAGGCCA-2","Endothelial Cells"
"SYNTH-50-8-1","Capture_5'_ATCCACCCACGAAAGC-2","Tumor"
"SYNTH-50-8-1","Capture_3'_CATCCCAGTGTTAGCT-1","Tumor"
"SYNTH-50-8-1","Capture_5'_ATTGGACCAGTACACT-4","Luminal B"
"SYNTH-50-8-1","Capture_3'_TGAATGCCAAGAAATC-3","Tumor"
"SYNTH-50-9-1","Capture_5'_GGCCGATAGCGTGAGT-1","Tumor"
"SYNTH-50-9-1","Capture_5'_AGCGTATCATCACGTA-4","Dividing Tumor"
"SYNTH-50-9-1","Capture_3'_GTCACTCTCCCGAAAT-1","Dividing Tumor"
"SYNTH-50-10-1","Capture_5'_TGCGCAGAGGGTCTCC-2","Dividing Tumor"
"SYNTH-50-11-1","Capture_5'_GGTGCGTAGAAGAAGC-2","Endothelial Cells"
"SYNTH-50-11-1","Capture_3'_AGGTCTATCCTTGGAA-2","Dividing Tumor"
"SYNTH-50-11-1","Capture_3'_GGGACTCCAGGACGAT-3","T-cells"
"SYNTH-50-12-1","Capture_5'_CACCACTTCAAACCAC-3","T-cells"
"SYNTH-50-13-1","Capture_5'_AGATTGCCAATTCCTT-3","Dividing Tumor"
"SYNTH-50-13-1","Capture_3'_ACCCTTGCACGGCTAC-4","Dividing Tumor"
"SYNTH-50-13-1","Capture_3'_CTAAGTGAGCTTCGTA-4","T-cells"
"SYNTH-50-13-1","Capture_3'_GTCAAGTAGATACGAT-3","T-cells"
"SYNTH-50-13-1","Capture_5'_TCTTCGGGTTAGTGGG-2","Tumor"
"SYNTH-50-13-1","Capture_3'_TAGGTACGTTTGACAC-3","T-cells"
"SYNTH-50-13-1","Capture_5'_TAAGTGCAGCCACCTG-3","Tumor"
"SYNTH-50-13-1","Capture_5'_ACGCCAGCACGTGAGA-3","Plasma Cells"
"SYNTH-50-13-1","Capture_5'_ATAACGCCAATCTGCA-3","Tumor"
"SYNTH-50-13-1","Capture_5'_AGCTCTCTCCCGACTT-1","Tumor"
"SYNTH-50-14-1","Capture_5'_TTGGAACTCAAACGGG-1","Tumor"
"SYNTH-50-14-1","Capture_5'_GGTATTGAGGCTAGGT-3","Dividing Tumor"
"SYNTH-50-14-1","Capture_5'_TCTCATACAACTGGCC-4","Plasma Cells"
"SYNTH-50-14-1","Capture_5'_TACGGGCTCTGGTATG-1","T-cells"
"SYNTH-50-14-1","Capture_3'_TCTTAGTAGTACAACA-1","Tumor"
"SYNTH-50-14-1","Capture_3'_TTCACGCGTAGGAGTC-3","Dividing Tumor"
"SYNTH-50-14-1","Capture_5'_GACGCGTCAATGTAAG-2","Dividing Tumor"
"SYNTH-50-15-1","Capture_5'_CAGTCCTGTACATGTC-4","Tumor"
"SYNTH-50-15-1","Capture_5'_ACACCAAGTGCGCTTG-4","T-cells"
"SYNTH-50-15-1","Capture_3'_ATGTCCCGTAGATCCT-3","T-cells"
"SYNTH-50-15-1","Capture_5'_GGATGTTCACGGCCAT-2","Tumor"
"SYNTH-50-15-1","Capture_5'_TAGTTGGCAGTTCCCT-4","Tumor"
"SYNTH-50-16-1","Capture_3'_ATCGCCTAGTCTGTAC-3","Luminal B"
"SYNTH-50-16-1","Capture_5'_AGAATAGAGATGTCGG-2","Tumor"
"SYNTH-50-16-1","Capture_5'_AGTCTTTGTTCAGGCC-4","Dividing Tumor"
"SYNTH-50-16-1","Capture_3'_TACGTCCAGTTACGAA-2","Tumor"
"SYNTH-50-16-1","Capture_3'_ATCCTATAGTGCACCC-4","Tumor"
"SYNTH-50-16-1","Capture_5'_TACTTGTTCTGTTTGT-2","Dividing Tumor"
"SYNTH-50-16-1","Capture_5'_GTTTCTAGTGGGTATG-4","Dividing Tumor"
"SYNTH-50-17-1","Capture_5'_GTCAAGTCATCAGTCA-1","Tumor"
"SYNTH-50-17-1","Capture_5'_TAAACCGGTGGTAACG-2","Tumor"
"SYNTH-50-17-1","Capture_3'_CAAGACTAGGTAGTAT-2","T-cells"
"SYNTH-50-17-1","Capture_5'_CGGACACAGGTAGCTG-4","Tumor"
"SYNTH-50-17-1","Capture_5'_TGCGTGGAGATGTAAC-2","T-cells"
"SYNTH-50-17-1","Capture_5'_TATTACCTCCGCAAGC-2","Dividing Tumor"
"SYNTH-50-17-1","Capture_5'_CGAATGTGTTCGGCAC-1","Tumor"
"SYNTH-50-17-1","Capture_3'_GAACTGTGTCACGCTG-1","T-cells"
"SYNTH-50-17-1","Capture_5'_TCCACACAGGTAAACT-2","Dividing Tumor"
"SYNTH-50-18-1","Capture_5'_ACACCAAAGGTGCACA-3","T-cells"
"SYNTH-50-18-1","Capture_3'_GATGCTACACAGCGCT-3","T-cells"
"SYNTH-50-18-1","Capture_3'_GGTGAAGTCCGAGAAG-1","T-cells"
"SYNTH-50-18-1","Capture_5'_CTCACACCATTCCTGC-3","Tumor"
"SYNTH-50-19-1","Capture_5'_TCGAGGCCAAGCGATG-2","Tumor"
"SYNTH-50-19-1","Capture_3'_TTCATGTCAATCGCCG-4","Tumor"
"SYNTH-50-19-1","Capture_5'_CTCGGAGTCGCCCTTA-3","Myoepithelial Cells"
"SYNTH-50-20-1","Capture_5'_TGCCCATAGGTGTTAA-3","Tumor"
"SYNTH-50-20-1","Capture_5'_CAAGTTGCAGCTGCTG-2","Tumor"
"SYNTH-50-20-1","Capture_5'_CGATTGACAATCAGAA-3","Tumor"
"SYNTH-50-20-1","Capture_5'_ATCACGAAGATGGGTC-3","Tumor"
"SYNTH-50-21-1","Capture_5'_AGAGCTTAGAGTGAGA-2","TAMs"
"SYNTH-50-22-1","Capture_5'_CGCCAAGCACGAGAGT-3","Tumor"
"SYNTH-50-23-1","Capture_5'_GGAATAAAGGCATGTG-1","Dividing Tumor"
"SYNTH-50-23-1","Capture_3'_ACGTACACATGAGTAA-4","Tumor"
"SYNTH-50-23-1","Capture_5'_TGAGAGGAGGCGACAT-2","Tumor"
"SYNTH-50-23-1","Capture_5'_GACTAACCAAACTGTC-2","Dividing Tumor"
"SYNTH-50-24-1","Capture_5'_TTCGGTCAGCCAGAAC-1","T-cells"
"SYNTH-50-24-1","Capture_5'_ATGCGATAGGCTATCT-2","T-cells"
"SYNTH-50-24-1","Capture_5'_CGGACACTCGAATGGG-3","T-cells"
"SYNTH-50-24-1","Capture_5'_GGTGCGTCAGTACACT-1","Dividing Tumor"
"SYNTH-50-24-1","Capture_5'_CGGTTAAAGTTTCCTT-4","Tumor"
"SYNTH-50-24-1","Capture_5'_TTTGCGCTCGGCCGAT-3","Endothelial Cells"
"SYNTH-50-25-1","Capture_3'_TCATCATCAAATGCTC-1","TAMs"
"SYNTH-50-25-1","Capture_3'_GGTTAACGTTCGGACC-1","T-cells"
"SYNTH-50-26-1","Capture_5'_CTCACACGTTCCATGA-2","Endothelial Cells"
"SYNTH-50-27-1","Capture_5'_AACCATGAGCCACTAT-3","TAMs"
"SYNTH-50-27-1","Capture_5'_ATCTACTCAGGTGCCT-2","Dividing Tumor"
"SYNTH-50-27-1","Capture_5'_TTGACTTGTAAACACA-4","T-cells"
"SYNTH-50-27-1","Capture_5'_ACGGGTCAGTCAATAG-1","T-cells"
"SYNTH-50-27-1","Capture_5'_TAGAGCTCAGGGTTAG-4","Dividing Tumor"
"SYNTH-50-27-1","Capture_5'_GCATGTAGTTCAGTAC-2","Dividing Tumor"
"SYNTH-50-27-1","Capture_5'_AGCATACAGACAAAGG-4","Tumor"
"SYNTH-50-27-1","Capture_5'_ACCCACTAGCGTGAAC-1","Tumor"
"SYNTH-50-27-1","Capture_5'_CACAGTAAGGACACCA-4","TAMs"
"SYNTH-50-27-1","Capture_5'_TCTGGAATCTGTCTCG-4","TAMs"
"SYNTH-50-28-1","Capture_5'_CTGATCCCATGGATGG-3","Dividing Tumor"
"SYNTH-50-29-1","Capture_5'_CTTCTCTGTAGCTGCC-2","Dividing Tumor"
"SYNTH-50-29-1","Capture_3'_GTTACGAAGGCAGCTA-1","T-cells"
"SYNTH-50-29-1","Capture_5'_CACATTTGTACCCAAT-4","Dividing Tumor"
"SYNTH-50-29-1","Capture_5'_TCAATCTTCTTGCAAG-3","T-cells"
"SYNTH-50-29-1","Capture_3'_AGATCGTCAGAGAATT-1","Dividing Tumor"
"SYNTH-50-29-1","Capture_3'_TACCTGCAGTCTCGTA-1","Dividing Tumor"
"SYNTH-50-29-1","Capture_5'_AGCGTATGTGAGCGAT-2","Dividing Tumor"
"SYNTH-50-29-1","Capture_5'_GGCAATTCAGCGATCC-1","T-cells"
"SYNTH-50-29-1","Capture_5'_TACGGGCTCGCATGAT-3","Tumor"
"SYNTH-50-29-1","Capture_5'_AGCTCCTAGTTCGATC-2","Dividing Tumor"
"SYNTH-50-30-1","Capture_3'_TCCCACAGTACGATTC-1","Tumor"
"SYNTH-50-31-1","Capture_5'_GGTGCGTCATCCTTGC-1","Dividing Tumor"
"SYNTH-50-31-1","Capture_3'_ACGTAGTGTTAATCGC-3","Tumor"
"SYNTH-50-31-1","Capture_3'_CACTGGGCATATCTCT-4","Tumor"
"SYNTH-50-31-1","Capture_5'_TCGTACCAGCTAACTC-2","Dividing Tumor"
"SYNTH-50-31-1","Capture_5'_TCAGGTAGTCCCTTGT-4","Tumor"
"SYNTH-50-32-1","Capture_3'_GATCAGTCACTTGTCC-2","T-cells"
"SYNTH-50-32-1","Capture_5'_TGCACCTAGGACAGCT-1","Tumor"
"SYNTH-50-32-1","Capture_3'_AACCATGAGAGATCGC-4","Tumor"
"SYNTH-50-32-1","Capture_5'_CCTTCGAAGGGTGTGT-3","Tumor"
"SYNTH-50-32-1","Capture_5'_GTCTCGTCAGCTATTG-3","T-cells"
"SYNTH-50-32-1","Capture_5'_ATTTCTGCACCCAGTG-3","Luminal A"
"SYNTH-50-33-1","Capture_5'_CTTCTCTTCGAACGGA-3","Tumor"
"SYNTH-50-33-1","Capture_3'_TACTGCCAGTCTTCGA-3","Dividing Tumor"
"SYNTH-50-33-1","Capture_3'_TTGCCTGGTTGGACTT-1","Tumor"
"SYNTH-50-33-1","Capture_5'_CTTTGCGTCACTCCTG-1","Dividing Tumor"
"SYNTH-50-33-1","Capture_5'_GGGAGATTCTGCGTAA-2","Dividing Tumor"
"SYNTH-50-33-1","Capture_5'_AGGGAGTAGCTTATCG-4","T-cells"
"SYNTH-50-33-1","Capture_3'_GAATCACGTCCCTCAT-3","Tumor"
"SYNTH-50-33-1","Capture_5'_CCTACCAAGACTGTAA-4","Tumor"
"SYNTH-50-34-1","Capture_5'_GACGTGCAGTATGACA-3","Dividing Tumor"
"SYNTH-50-34-1","Capture_5'_CTCGGGAAGTGAAGAG-4","Tumor"
"SYNTH-50-34-1","Capture_5'_ACCAGTACACATCCAA-3","Dividing Tumor"
"SYNTH-50-34-1","Capture_3'_CATACAGGTGCCGAAA-1","T-cells"
"SYNTH-50-35-1","Capture_5'_GTACGTATCATGCTCC-4","T-cells"
"SYNTH-50-35-1","Capture_5'_CGCTGGAAGGCGATAC-4","Luminal A"
"SYNTH-50-35-1","Capture_5'_CTAGAGTCACACGCTG-2","Tumor"
"SYNTH-50-35-1","Capture_5'_CCTTCGAGTGTGAATA-2","Luminal A"
"SYNTH-50-36-1","Capture_5'_TGAGCATAGATTACCC-1","Dividing Tumor"
"SYNTH-50-37-1","Capture_3'_GGTCACGTCGCATTAG-4","Dividing Tumor"
"SYNTH-50-37-1","Capture_5'_TTTATGCGTGAGGCTA-4","Dividing Tumor"
"SYNTH-50-37-1","Capture_5'_CTACCCATCTGACCTC-4","Tumor"
"SYNTH-50-37-1","Capture_5'_GAACGGAGTTATCCGA-1","Tumor"
"SYNTH-50-37-1","Capture_5'_CACAGGCCAGCGTAAG-2","B-cells"
"SYNTH-50-37-1","Capture_5'_GGAATAAAGGCTAGCA-3","Tumor"
"SYNTH-50-37-1","Capture_5'_CCCAATCCAAGGTTTC-2","Dividing Tumor"
"SYNTH-50-37-1","Capture_5'_AAAGTAGTCTGTCCGT-4","T-cells"
"SYNTH-50-37-1","Capture_5'_CAGAGAGGTAAGGGAA-4","Tumor"
"SYNTH-50-38-1","Capture_3'_TCAGTCCAGCACTAAA-2","Tumor"
"SYNTH-50-38-1","Capture_5'_TCTATTGCAAGGGTCA-2","Tumor"
"SYNTH-50-38-1","Capture_5'_AGCATACAGCTCCCAG-2","Tumor"
"SYNTH-50-38-1","Capture_3'_CAGATTGAGTAAGAGG-4","T-cells"
"SYNTH-50-38-1","Capture_5'_CTCGTCAGTTGAGTTC-4","Tumor"
"SYNTH-50-38-1","Capture_3'_AACGGGAGTACGGCAA-4","Tumor"
"SYNTH-50-38-1","Capture_5'_CGAATGTAGATCGGGT-3","Dividing Tumor"
"SYNTH-50-38-1","Capture_5'_CGTAGCGAGCTCTCGG-3","T-cells"
"SYNTH-50-39-1","Capture_5'_TAAGCGTTCGTTGCCT-3","Dividing Tumor"
"SYNTH-50-39-1","Capture_5'_AGGCCACTCTGATTCT-1","T-cells"
"SYNTH-50-39-1","Capture_5'_TGACTTTGTTGATTGC-3","T-cells"
"SYNTH-50-40-1","Capture_5'_CGTAGCGAGCCAACAG-2","Dividing Tumor"
"SYNTH-50-40-1","Capture_5'_CGATGTAGTCTCTTAT-4","Tumor"
"SYNTH-50-40-1","Capture_5'_CCATTCGTCTTTACAC-4","T-cells"
"SYNTH-50-40-1","Capture_5'_TGCTGCTAGATGCCAG-3","T-cells"
"SYNTH-50-40-1","Capture_5'_CAAGGCCGTTCCACTC-3","Dividing Tumor"
"SYNTH-50-40-1","Capture_5'_GAAACTCGTAGAGGAA-2","B-cells"
"SYNTH-50-41-1","Capture_5'_CATCGGGCATATGCTG-3","Tumor"
"SYNTH-50-41-1","Capture_3'_CAGCAGCTCATTCCTA-2","Tumor"
"SYNTH-50-41-1","Capture_5'_TAGGCATAGCCAACAG-1","Tumor"
"SYNTH-50-41-1","Capture_5'_ACTGAGTCAATCGAAA-4","Dividing Tumor"
"SYNTH-50-42-1","Capture_3'_TCAGTCCCAGCGAACA-1","Dividing Tumor"
"SYNTH-50-42-1","Capture_5'_GGATTACGTTCCCTTG-4","Tumor"
"SYNTH-50-42-1","Capture_5'_GCTGCTTGTCGGCACT-1","Luminal B"
"SYNTH-50-42-1","Capture_5'_TTCTCCTAGAGTAATC-2","Dividing Tumor"
"SYNTH-50-43-1","Capture_5'_ATCACGATCATGCATG-4","Tumor"
"SYNTH-50-43-1","Capture_5'_CCTACACAGGGCATGT-2","T-cells"
"SYNTH-50-43-1","Capture_5'_GGGAATGTCTACCTGC-2","Endothelial Cells"
"SYNTH-50-43-1","Capture_5'_TATTACCTCTTGCCGT-4","Luminal A"
"SYNTH-50-43-1","Capture_5'_ACGGAGACAACTGGCC-2","Tumor"
"SYNTH-50-43-1","Capture_3'_ATTCTACTCTGTTGGA-4","Tumor"
"SYNTH-50-43-1","Capture_3'_TCAATTCCACACGCCA-1","Tumor"
"SYNTH-50-44-1","Capture_3'_CCTATCGTCCAGCTCT-1","Tumor"
"SYNTH-50-44-1","Capture_5'_AGACGTTTCTACTATC-3","Tumor"
"SYNTH-50-44-1","Capture_5'_GTGGGTCTCGGCATCG-3","Dividing Tumor"
"SYNTH-50-44-1","Capture_3'_AGCTACATCGCGTAGC-3","Dividing Tumor"
"SYNTH-50-44-1","Capture_5'_TTAGGACAGATACACA-2","Dividing Tumor"
"SYNTH-50-44-1","Capture_3'_AGAACCTCACCAAATC-1","Fibroblasts"
"SYNTH-50-44-1","Capture_5'_TGAGGGACACAAGCCC-4","Tumor"
"SYNTH-50-45-1","Capture_5'_TGACTTTAGGCTCTTA-1","T-cells"
"SYNTH-50-45-1","Capture_5'_TCAATCTGTAGGGACT-3","Fibroblasts"
"SYNTH-50-45-1","Capture_5'_CATGACAGTTTGTGTG-2","T-cells"
"SYNTH-50-45-1","Capture_3'_TACTTGTTCCCTATTA-2","Tumor"
"SYNTH-50-45-1","Capture_5'_CTTAACTGTACAGCAG-3","Dividing Tumor"
"SYNTH-50-46-1","Capture_5'_CTAACTTCATCTCGCT-4","Dividing Tumor"
"SYNTH-50-46-1","Capture_5'_TCACGAATCACGCATA-3","Luminal A"
"SYNTH-50-46-1","Capture_5'_CTCGTACAGATCCCGC-3","Tumor"
"SYNTH-50-46-1","Capture_5'_TCGCGAGGTACTTCTT-2","Tumor"
"SYNTH-50-46-1","Capture_3'_TGAGCGCAGGACGCTA-1","Tumor"
"SYNTH-50-47-1","Capture_5'_AAGCCGCGTGTTAAGA-2","T-cells"
"SYNTH-50-47-1","Capture_3'_GATGTTGGTGAGGATC-4","Endothelial Cells"
"SYNTH-50-47-1","Capture_3'_ATCACAGCATGTACGT-2","T-cells"
"SYNTH-50-47-1","Capture_3'_GAGATGGGTACCCGCA-4","T-cells"
"SYNTH-50-47-1","Capture_5'_GCTGGGTTCTTGACGA-1","T-cells"
"SYNTH-50-47-1","Capture_5'_CCTTTCTCAGTATCTG-3","Dividing Tumor"
"SYNTH-50-47-1","Capture_5'_GGGCACTAGGCACATG-1","Tumor"
"SYNTH-50-47-1","Capture_5'_GAACCTAAGTGGGTTG-3","T-cells"
"SYNTH-50-48-1","Capture_5'_GATCGTATCCTAAGTG-2","Dividing Tumor"
"SYNTH-50-49-1","Capture_3'_ATTCCATTCTGCGGCA-3","T-cells"
"SYNTH-50-49-1","Capture_5'_TACACGAGTGATGATA-3","Tumor"
"SYNTH-50-49-1","Capture_3'_ACGTCCTAGAGAGCCT-1","Dividing Tumor"
"SYNTH-50-49-1","Capture_5'_ACTTTCATCGGCATCG-4","Dividing Tumor"
"SYNTH-50-50-1","Capture_5'_CGGCTAGAGAGGTTGC-4","Tumor"
