"p_val","avg_log2FC","pct.1","pct.2","p_val_adj","cluster","gene"
0,4.63862628476732,0.345,0.02,0,"Tumor Core","CXCL11"
0,4.21809132855422,0.293,0.024,0,"Tumor Core","CXCL10"
0,4.00546917915535,0.661,0.099,0,"Tumor Core","CST1"
0,4.0046100595681,0.61,0.08,0,"Tumor Core","CXCL9"
1.34473681529135e-237,3.42574804689073,0.27,0.033,2.4065410046454e-233,"Tumor Core","OASL"
0,3.21175157653806,0.619,0.127,0,"Tumor Core","WARS"
3.72539775550896e-244,3.03137047472381,0.382,0.073,6.66697182325884e-240,"Tumor Core","PSMB9"
8.74844156534149e-177,2.80086549580291,0.289,0.055,1.56562110253351e-172,"Tumor Core","HIST1H2BG"
2.34549524469257e-146,2.64570015789032,0.28,0.062,4.19749828990182e-142,"Tumor Core","MCM7"
9.45907922080971e-144,2.60133909120802,0.254,0.051,1.6927968173561e-139,"Tumor Core","HIST1H2BH"
3.56023081049253e-129,2.58985890501539,0.251,0.055,6.37138905845742e-125,"Tumor Core","RSAD2"
3.55802751794052e-183,2.58277882140326,0.345,0.078,6.36744604610636e-179,"Tumor Core","KPNA2"
2.25127673028233e-217,2.51810087428444,0.427,0.105,4.02888483651326e-213,"Tumor Core","IFIT3"
2.62190464280848e-219,2.48711858258386,0.476,0.131,4.69216054877005e-215,"Tumor Core","PPM1G"
6.63894090217087e-229,2.47364447106685,0.469,0.12,1.1881048638525e-224,"Tumor Core","ANP32E"
5.75805547930179e-120,2.46710534068263,0.266,0.066,1.03046160857585e-115,"Tumor Core","PSMB10"
2.39935359585581e-164,2.42895705437405,0.393,0.112,4.29388319514356e-160,"Tumor Core","GBP1"
0,2.42470517938784,0.848,0.37,0,"Tumor Core","ISG15"
0,2.3034494715899,0.749,0.272,0,"Tumor Core","F3"
1.9525050775792e-120,2.18608968811255,0.294,0.08,3.49420308683574e-116,"Tumor Core","HIST1H2BD"
3.14694103714889e-212,2.15263809251876,0.531,0.173,5.63176568008166e-208,"Tumor Core","IFITM1"
5.47876281028037e-107,2.14120355532231,0.316,0.1,9.80479392527775e-103,"Tumor Core","TPX2"
3.20891863023695e-105,2.13270558700592,0.264,0.073,5.74268078067204e-101,"Tumor Core","RTKN"
5.9640932256075e-107,2.10909769637288,0.272,0.075,1.06733412365472e-102,"Tumor Core","PML"
1.3223677493354e-93,2.07382871255115,0.3,0.1,2.36650932421063e-89,"Tumor Core","UBE2C"
2.3125242575001e-159,2.04494883891582,0.486,0.177,4.13849341122219e-155,"Tumor Core","IGFBP6"
7.85563075162052e-200,2.04154492141774,0.572,0.215,1.40584367931001e-195,"Tumor Core","TNFSF10"
3.17763703073168e-180,1.90702420515824,0.594,0.249,5.68669923019741e-176,"Tumor Core","TAP1"
5.21716675962729e-106,1.86121986028061,0.371,0.133,9.336641633029e-102,"Tumor Core","FST"
3.759441560582e-126,1.78490606375213,0.424,0.154,6.72789661681755e-122,"Tumor Core","PSME2"
7.41372893189547e-85,1.69429485448816,0.358,0.145,1.32676092965201e-80,"Tumor Core","OAS3"
2.89576833497403e-178,1.69100776671802,0.64,0.287,5.18226701226953e-174,"Tumor Core","CAV1"
8.08466855728329e-70,1.67885430778762,0.308,0.124,1.44683228501142e-65,"Tumor Core","NME1"
1.08778012131193e-255,1.66376667499398,0.8,0.362,1.94669130509983e-251,"Tumor Core","LAMC2"
6.46428836525071e-59,1.6464983164578,0.264,0.105,1.15684904584527e-54,"Tumor Core","UBE2L6"
7.75341474376011e-89,1.61891565679523,0.396,0.168,1.38755110254331e-84,"Tumor Core","PTHLH"
1.47791505386147e-65,1.61684968438426,0.27,0.103,2.64487678039048e-61,"Tumor Core","CTNNAL1"
1.3857103458184e-175,1.60754159572061,0.676,0.332,2.4798672348766e-171,"Tumor Core","INHBA"
5.78701344967097e-78,1.58702718997036,0.324,0.126,1.03564392695312e-73,"Tumor Core","HIST1H3G"
1.20160108807834e-125,1.57429115977018,0.537,0.241,2.150385307225e-121,"Tumor Core","CAV2"
7.72238702081385e-129,1.57383908481784,0.547,0.246,1.38199838124485e-124,"Tumor Core","ROMO1"
1.33106780675903e-131,1.56111176315547,0.56,0.254,2.38207894697597e-127,"Tumor Core","PRSS23"
1.23946498795676e-60,1.56012063376393,0.258,0.099,2.21814654244742e-56,"Tumor Core","CTSC"
2.27751928122363e-70,1.54612649966897,0.328,0.135,4.07584850567781e-66,"Tumor Core","HIST1H3H"
9.81092835071662e-80,1.53372667093201,0.431,0.207,1.75576373764425e-75,"Tumor Core","TYMP"
4.08527790707708e-51,1.53058455074199,0.258,0.109,7.31101334250515e-47,"Tumor Core","CSNK2B"
1.99057292333045e-134,1.52541300960616,0.632,0.34,3.56232930359217e-130,"Tumor Core","SET"
8.47972299265362e-118,1.52031460979238,0.558,0.266,1.51753122676529e-113,"Tumor Core","SERINC2"
5.34643702714738e-106,1.51986537265068,0.494,0.229,9.56798370378295e-102,"Tumor Core","HSPD1"
1.60803491403135e-70,1.51914469753354,0.351,0.156,2.8777392821505e-66,"Tumor Core","APOL1"
1.030423259111e-55,1.49013352046264,0.28,0.12,1.84404546450504e-51,"Tumor Core","TNS4"
2.98135767125292e-43,1.48828627868825,0.261,0.121,5.33543768847422e-39,"Tumor Core","COA4"
7.01970337951597e-93,1.48292689582535,0.439,0.198,1.25624611679818e-88,"Tumor Core","CCT5"
5.94381624226855e-113,1.48258875568372,0.575,0.29,1.06370535471638e-108,"Tumor Core","NDUFS6"
5.75797349142879e-88,1.47718357386515,0.442,0.2,1.0304469360261e-83,"Tumor Core","GLO1"
1.09202469753804e-74,1.47565881241412,0.401,0.19,1.95428739871407e-70,"Tumor Core","STAT1"
2.95472991720914e-151,1.4506134252858,0.657,0.309,5.28778465983748e-147,"Tumor Core","LAMB3"
1.96252671022113e-51,1.43687482248415,0.299,0.138,3.51213780061173e-47,"Tumor Core","LRRC59"
4.32776700511835e-89,1.43577848960895,0.439,0.197,7.74497183235979e-85,"Tumor Core","C19orf33"
9.45610587044582e-134,1.43404142866115,0.632,0.323,1.69226470657498e-129,"Tumor Core","TUBA4A"
7.9540941964144e-96,1.42536796689476,0.501,0.247,1.42346469739032e-91,"Tumor Core","JPT1"
4.02941097954361e-61,1.42319823821722,0.334,0.153,7.21103388899124e-57,"Tumor Core","SEC13"
1.37853914713931e-62,1.39248645675106,0.376,0.183,2.4670336577205e-58,"Tumor Core","SLC25A39"
4.40847746039283e-65,1.37961039266662,0.379,0.18,7.88941126311901e-61,"Tumor Core","C12orf75"
1.36715920860154e-53,1.37658983991206,0.311,0.145,2.44666811971332e-49,"Tumor Core","OAS2"
7.36244785362736e-52,1.37408906240826,0.323,0.155,1.31758366788515e-47,"Tumor Core","SNRPC"
1.92546857061507e-47,1.37328005065286,0.28,0.127,3.44581855397273e-43,"Tumor Core","BST2"
6.69248842731797e-42,1.36969391268916,0.265,0.126,1.19768772895282e-37,"Tumor Core","CD47"
2.45566185794114e-85,1.36714013935461,0.447,0.21,4.39465246097147e-81,"Tumor Core","PTGES3"
3.67843226566037e-36,1.36380956671209,0.265,0.135,6.5829223826258e-32,"Tumor Core","SCD"
4.83681423407115e-93,1.35159376926662,0.435,0.183,8.65596275329373e-89,"Tumor Core","COTL1"
8.77795440846851e-61,1.34970664906682,0.334,0.152,1.57090272093952e-56,"Tumor Core","SLC7A5"
1.8612070085125e-166,1.3443141647263,0.486,0.155,3.33081606243397e-162,"Tumor Core","KLK5"
1.80971151346839e-81,1.34215325971105,0.447,0.212,3.23865972450303e-77,"Tumor Core","LAMA3"
4.50140926231979e-159,1.34060563150718,0.702,0.364,8.05572201584749e-155,"Tumor Core","SDC4"
4.46251491590152e-51,1.32682459773506,0.343,0.173,7.98611669349736e-47,"Tumor Core","TNFRSF12A"
2.18319504845753e-152,1.31724324937605,0.736,0.415,3.90704585871959e-148,"Tumor Core","TXN"
1.23610208486603e-104,1.31321415329906,0.603,0.333,2.21212829107625e-100,"Tumor Core","ACTN1"
1.23920785752971e-99,1.31033908842244,0.619,0.356,2.21768638183516e-95,"Tumor Core","SULF1"
5.26263129048706e-85,1.30736674668373,0.543,0.304,9.41800495745564e-81,"Tumor Core","PSMB2"
1.48032365252395e-81,1.305915300536,0.466,0.23,2.64918720855686e-77,"Tumor Core","EIF6"
1.28662530135097e-36,1.30277237082131,0.295,0.156,2.30254463929769e-32,"Tumor Core","GIPC1"
3.09819899912209e-89,1.30148459196914,0.54,0.288,5.5445369288289e-85,"Tumor Core","DEK"
1.95843033292775e-70,1.30097126675138,0.446,0.23,3.5048069238075e-66,"Tumor Core","ARPC3"
3.83336992103125e-75,1.29782351152459,0.441,0.219,6.86019881067753e-71,"Tumor Core","HLA-F"
6.92317539210422e-53,1.28761408670663,0.319,0.148,1.23897146817097e-48,"Tumor Core","PKP3"
8.92630078063378e-58,1.28686895453268,0.379,0.192,1.59745078770222e-53,"Tumor Core","CYCS"
1.34981475686474e-161,1.28432171987488,0.795,0.515,2.41562848888514e-157,"Tumor Core","IFI6"
2.18378407791305e-43,1.27742736462747,0.326,0.17,3.90809998583319e-39,"Tumor Core","SLC38A5"
4.8154170915825e-53,1.27474796300504,0.326,0.156,8.61767042709604e-49,"Tumor Core","MYO1B"
1.00226072790835e-33,1.27096677551552,0.267,0.14,1.79364579866478e-29,"Tumor Core","EIF3H"
9.92261739472941e-40,1.26582102914205,0.29,0.147,1.77575160896078e-35,"Tumor Core","BPGM"
4.86271918589437e-78,1.26408477813844,0.471,0.24,8.70232225507656e-74,"Tumor Core","PSMD2"
2.68822861261201e-59,1.26305708054444,0.383,0.195,4.81085392513046e-55,"Tumor Core","CCT3"
1.67296216811545e-58,1.26235844910158,0.429,0.232,2.99393309605941e-54,"Tumor Core","PRNP"
6.8492971042555e-68,1.25585101606853,0.376,0.176,1.22575020977756e-63,"Tumor Core","RPN1"
2.05682179351404e-30,1.2527136997117,0.264,0.142,3.68088828167272e-26,"Tumor Core","THOC7"
1.57207950872885e-40,1.24710461470675,0.275,0.133,2.81339348882114e-36,"Tumor Core","HIST1H2AG"
3.14103260810203e-47,1.24670646199512,0.292,0.136,5.62119195545939e-43,"Tumor Core","IFI30"
1.68484425025307e-78,1.24170165706583,0.494,0.263,3.01519727025289e-74,"Tumor Core","LY6E"
4.95544670315689e-82,1.23543797040823,0.482,0.235,8.86826741996956e-78,"Tumor Core","ITGB4"
3.76288572243085e-46,1.22859319704644,0.332,0.17,6.73406028886225e-42,"Tumor Core","BLCAP"
1.14620217777561e-46,1.21030929646659,0.314,0.156,2.05124341734724e-42,"Tumor Core","IFI44"
5.40063945981985e-38,1.20115664315369,0.316,0.172,9.66498437729361e-34,"Tumor Core","RNH1"
1.54656686007664e-33,1.19884328806734,0.26,0.134,2.76773605279316e-29,"Tumor Core","HMGA1"
5.35673271394507e-40,1.19271621790574,0.301,0.155,9.5864088648761e-36,"Tumor Core","YIPF3"
1.09747545790641e-57,1.19098504665788,0.351,0.164,1.96404207946931e-53,"Tumor Core","HLA-DRB1"
3.23978834004224e-42,1.17524915689647,0.288,0.142,5.7979252133396e-38,"Tumor Core","ARPC5L"
4.48700883938586e-31,1.17332430096269,0.25,0.129,8.02995101896494e-27,"Tumor Core","PUF60"
5.93554771352257e-45,1.16670244199118,0.339,0.176,1.062225618812e-40,"Tumor Core","COX5B"
1.3734790718599e-70,1.16623172488186,0.463,0.246,2.45797814700047e-66,"Tumor Core","CLTB"
1.74959081647586e-99,1.16276956326527,0.659,0.401,3.13106772516519e-95,"Tumor Core","TXNL4A"
4.06291813197851e-58,1.15970652739289,0.427,0.23,7.27099828898875e-54,"Tumor Core","CRIP1"
4.9004245743077e-40,1.15807016931971,0.325,0.177,8.76979981818106e-36,"Tumor Core","PSMA2"
3.82826788925353e-34,1.15270837567535,0.258,0.129,6.85106821460812e-30,"Tumor Core","CCT7"
5.06803040804963e-23,1.14238894005169,0.263,0.156,9.06974721824562e-19,"Tumor Core","LGALS3"
6.962194682873e-74,1.13706643698826,0.546,0.316,1.24595436044695e-69,"Tumor Core","MIF"
4.73625598531053e-75,1.12340159788114,0.587,0.359,8.47600371131173e-71,"Tumor Core","ACTR3"
3.0502293655612e-29,1.11569793851161,0.268,0.147,5.45869047260833e-25,"Tumor Core","KHSRP"
1.22161508127645e-59,1.11495715800102,0.423,0.218,2.18620234945233e-55,"Tumor Core","TP63"
2.07960705762362e-44,1.10901481266247,0.365,0.2,3.72166479032324e-40,"Tumor Core","NIBAN2"
2.22074579406033e-44,1.10654530240317,0.407,0.24,3.97424667305036e-40,"Tumor Core","RAB5IF"
1.45993892476511e-31,1.10122372656229,0.288,0.159,2.61270669975964e-27,"Tumor Core","RCC2"
1.07078761260288e-44,1.09303620996565,0.321,0.163,1.91628151151411e-40,"Tumor Core","DDX21"
1.83473186708978e-52,1.08901541068362,0.403,0.216,3.28343614934388e-48,"Tumor Core","VCP"
1.50981321914525e-67,1.0877479017194,0.549,0.335,2.70196173698234e-63,"Tumor Core","HSPA1B"
1.2006832145246e-24,1.07753268477116,0.26,0.151,2.14874268071322e-20,"Tumor Core","TPD52L2"
6.03914236630623e-42,1.07633752636628,0.385,0.22,1.08076491787416e-37,"Tumor Core","NCKAP1"
1.47166263010349e-76,1.07149981266593,0.636,0.413,2.63368744283321e-72,"Tumor Core","TMED2"
3.50473924389568e-29,1.07128679897835,0.316,0.189,6.27208135087571e-25,"Tumor Core","AURKAIP1"
1.06842124572105e-40,1.07111241085885,0.347,0.188,1.9120466613424e-36,"Tumor Core","SPINT2"
1.46178256694658e-42,1.06629172519533,0.374,0.214,2.6160060818076e-38,"Tumor Core","PLS3"
4.70441702229665e-62,1.05256522873614,0.457,0.247,8.41902470310209e-58,"Tumor Core","PSMB7"
2.47590126265541e-29,1.03736554882167,0.317,0.187,4.43087289964813e-25,"Tumor Core","RAB2A"
1.88427725911073e-26,1.03476251234916,0.282,0.165,3.37210258290455e-22,"Tumor Core","TRAPPC5"
5.66137427542774e-35,1.02201334310504,0.33,0.186,1.01315954033055e-30,"Tumor Core","ICAM1"
2.77902084772082e-65,1.0177408177716,0.504,0.291,4.97333570908118e-61,"Tumor Core","PLSCR1"
6.01203566106969e-84,1.01737761711402,0.64,0.381,1.07591390190503e-79,"Tumor Core","CD44"
1.98249986085934e-21,1.00407620660899,0.253,0.151,3.54788175099387e-17,"Tumor Core","ASS1"
3.50355998979024e-36,1.00353921578029,0.357,0.207,6.26997095772862e-32,"Tumor Core","RER1"
2.25208185091599e-169,1.00351277225961,0.894,0.508,4.03032568039925e-165,"Tumor Core","S100A2"
2.41793581637766e-84,0.991866004056483,0.59,0.317,4.32713793698947e-80,"Tumor Core","ITGA3"
2.93783963570066e-27,0.989628835122323,0.266,0.149,5.2575578120499e-23,"Tumor Core","BMP1"
2.22443287835674e-29,0.986632739078684,0.274,0.151,3.98084507910721e-25,"Tumor Core","IRF9"
4.01618817731129e-23,0.985408529710667,0.286,0.176,7.18737036211629e-19,"Tumor Core","RALA"
5.09009391354834e-28,0.974415551196295,0.297,0.172,9.10923206768612e-24,"Tumor Core","TSPO"
2.23437655628109e-30,0.967416223387185,0.33,0.195,3.99864028512064e-26,"Tumor Core","XRCC6"
2.45997612872353e-22,0.957584497828156,0.29,0.179,4.40237327996363e-18,"Tumor Core","SNRPD1"
3.80593994069744e-25,0.95652006263616,0.296,0.178,6.81111011787214e-21,"Tumor Core","ZFAND5"
6.37764686220227e-64,0.950414584947596,0.479,0.258,1.14134368245972e-59,"Tumor Core","THBS1"
2.13516080145048e-99,0.94953447694088,0.792,0.569,3.82108377027577e-95,"Tumor Core","PSAP"
9.73516172525194e-26,0.944320510007284,0.284,0.166,1.74220454235109e-21,"Tumor Core","DAP"
1.07029956017943e-20,0.936914296609701,0.288,0.183,1.9154080928971e-16,"Tumor Core","RAB5A"
9.50145516667622e-30,0.930812054709077,0.412,0.274,1.70038041662838e-25,"Tumor Core","PCBP2"
3.1345414744397e-47,0.922459201529157,0.424,0.236,5.60957542265729e-43,"Tumor Core","AGRN"
2.56323465997783e-79,0.910248287294089,0.632,0.358,4.58716474749632e-75,"Tumor Core","ITGA6"
1.44044924922052e-97,0.909313848813839,0.761,0.495,2.57782797640505e-93,"Tumor Core","IFI27"
4.39159070764817e-31,0.906388378707299,0.346,0.209,7.85919073040716e-27,"Tumor Core","PTK2"
1.64511726691026e-29,0.890900969757945,0.332,0.195,2.94410186086261e-25,"Tumor Core","RHOD"
4.50740623467722e-23,0.884484780741062,0.305,0.19,8.06645419757836e-19,"Tumor Core","TGFB1"
3.16569992339196e-12,0.879477671421719,0.252,0.175,5.66533658290226e-08,"Tumor Core","PTPA"
1.22300779514889e-23,0.878885404118599,0.374,0.252,2.18869475019846e-19,"Tumor Core","SRSF3"
8.99375230214472e-19,0.875370588680487,0.273,0.172,1.60952191199182e-14,"Tumor Core","SNAI2"
3.51675741002039e-21,0.871716422811848,0.252,0.148,6.29358906097248e-17,"Tumor Core","LBH"
7.88955505687968e-31,0.860721288034086,0.409,0.268,1.41191477297919e-26,"Tumor Core","CALM3"
9.34435822498233e-21,0.854942067960988,0.284,0.178,1.67226634794284e-16,"Tumor Core","PTBP3"
2.21160334574191e-16,0.844624187027457,0.262,0.172,3.95788534753972e-12,"Tumor Core","NDUFB6"
1.62690242159305e-43,0.840409854343446,0.426,0.242,2.91150457368292e-39,"Tumor Core","FXYD3"
2.50667478788999e-24,0.837874404401449,0.328,0.207,4.48594520040793e-20,"Tumor Core","NEDD8"
2.72268218445126e-25,0.825701085151166,0.264,0.152,4.87251203729398e-21,"Tumor Core","SEC23A"
6.73445437143436e-29,0.822680264792748,0.371,0.235,1.20519795431189e-24,"Tumor Core","TMEM189"
4.91102414576913e-33,0.81805908167525,0.404,0.254,8.78876881126844e-29,"Tumor Core","PFDN5"
1.46009148690779e-18,0.804569870737049,0.272,0.173,2.61297972497017e-14,"Tumor Core","ANP32B"
2.64389149712349e-23,0.800557529967392,0.285,0.172,4.7315082232522e-19,"Tumor Core","HSPA1A"
2.98062471290945e-36,0.798610885032007,0.473,0.307,5.33412598622275e-32,"Tumor Core","CTSZ"
3.17622625918326e-38,0.793909073231253,0.535,0.374,5.68417451343435e-34,"Tumor Core","CALR"
3.721268612727e-38,0.789749620706576,0.478,0.311,6.65958230933624e-34,"Tumor Core","GUK1"
2.09677709746239e-17,0.776853718718259,0.289,0.192,3.75239229361869e-13,"Tumor Core","NAA20"
1.34481856089528e-40,0.762129962046553,0.351,0.186,2.40668729657819e-36,"Tumor Core","TACSTD2"
1.63988459051489e-23,0.761121753897064,0.349,0.23,2.93473746318544e-19,"Tumor Core","CLPTM1L"
2.95585472166991e-16,0.754121179347267,0.277,0.182,5.28979760990047e-12,"Tumor Core","ATF4"
4.28651120556519e-44,0.752975793915492,0.569,0.383,7.67114045347947e-40,"Tumor Core","PGAM1"
2.55872857520512e-50,0.743924560001855,0.643,0.465,4.57910065818709e-46,"Tumor Core","RHOA"
2.8529099533574e-16,0.741656719767512,0.267,0.176,5.1055676525284e-12,"Tumor Core","PGK1"
4.50146128853966e-15,0.722202949133533,0.27,0.179,8.05581512197058e-11,"Tumor Core","LASP1"
2.59083316289535e-23,0.721934674675021,0.368,0.246,4.63655502831751e-19,"Tumor Core","EIF4G1"
6.09536318727679e-18,0.713611827810053,0.283,0.181,1.09082619599505e-13,"Tumor Core","PEBP1"
3.82385921342021e-72,0.712813423814907,0.78,0.626,6.8431784483368e-68,"Tumor Core","S100A11"
3.35493717326394e-22,0.70007342348398,0.346,0.226,6.00399556527315e-18,"Tumor Core","IVNS1ABP"
6.56953706866496e-12,0.694448549480794,0.284,0.205,1.17568435380828e-07,"Tumor Core","CAPN2"
6.64348550596241e-16,0.694367610365181,0.345,0.249,1.18891816614703e-11,"Tumor Core","PLP2"
4.16731731823214e-15,0.689769632694693,0.303,0.212,7.45783107270824e-11,"Tumor Core","ATP6V0B"
9.58119209392313e-21,0.685694421870191,0.328,0.213,1.71465013712848e-16,"Tumor Core","MYO10"
2.27011242095383e-13,0.670607741614527,0.341,0.249,4.06259318853898e-09,"Tumor Core","DKK3"
2.49187695033057e-22,0.659837126971115,0.359,0.23,4.45946299031159e-18,"Tumor Core","C1QB"
7.8155725489401e-18,0.657973788805115,0.368,0.262,1.39867486335832e-13,"Tumor Core","CD151"
4.10245973172831e-07,0.648634801133383,0.255,0.198,0.00734176193590099,"Tumor Core","AZIN1"
6.71847494322983e-23,0.645890203592873,0.298,0.178,1.20233827584041e-18,"Tumor Core","C1QC"
6.53974932390568e-14,0.64513783112968,0.315,0.227,1.17035353900616e-09,"Tumor Core","COX6C"
1.93424318086028e-25,0.637890268950938,0.345,0.213,3.46152159646756e-21,"Tumor Core","ATP1B1"
3.94919754130791e-10,0.633834460924463,0.27,0.198,7.06748391992464e-06,"Tumor Core","RAB5C"
2.10854729742389e-12,0.631199830015637,0.284,0.2,3.77345624346979e-08,"Tumor Core","RWDD1"
1.55984244785109e-17,0.631061675813695,0.371,0.264,2.79149404467431e-13,"Tumor Core","DSTN"
2.95497839744113e-09,0.628428604113853,0.265,0.197,5.28822934006064e-05,"Tumor Core","YWHAG"
7.57508972838006e-10,0.617809309560509,0.265,0.195,1.3556380577909e-05,"Tumor Core","ATL3"
7.93444265390988e-18,0.610962923444999,0.339,0.235,1.41994785734371e-13,"Tumor Core","MAP7D1"
1.29103181200445e-25,0.604533465726335,0.549,0.422,2.31043053076316e-21,"Tumor Core","POLR2L"
5.87136703516341e-12,0.598213556774928,0.264,0.183,1.05073984461284e-07,"Tumor Core","CSNK1G2"
3.03881849273795e-19,0.58987345772226,0.328,0.218,5.43826957460384e-15,"Tumor Core","ERH"
6.82698529773527e-34,0.582075688604607,0.649,0.504,1.2217572888827e-29,"Tumor Core","SQSTM1"
1.49640234779717e-08,0.573040763271581,0.276,0.211,0.000267796164161782,"Tumor Core","COMT"
2.3179372982144e-11,0.571237448706221,0.264,0.186,4.1481805888845e-07,"Tumor Core","COPS9"
1.6749476807186e-10,0.561156400791029,0.274,0.201,2.99748636941401e-06,"Tumor Core","CTSA"
1.52734322855903e-20,0.560999328921162,0.463,0.343,2.73333344182923e-16,"Tumor Core","PSMB1"
3.53049094975601e-07,0.557601101413787,0.278,0.219,0.00631816660368336,"Tumor Core","EIF3G"
1.62707440424808e-16,0.553810400708722,0.401,0.292,2.91181235384236e-12,"Tumor Core","DYNLL1"
2.22326866624594e-09,0.549082546309647,0.312,0.242,3.97876160511373e-05,"Tumor Core","RABAC1"
1.6195320412247e-06,0.53822861355545,0.274,0.218,0.0289831454097573,"Tumor Core","PDCD6"
7.29775734058273e-27,0.533773468385817,0.643,0.513,1.30600665367069e-22,"Tumor Core","HSP90AB1"
7.7082019387132e-10,0.532814405320627,0.256,0.184,1.37945981895211e-05,"Tumor Core","ARPP19"
7.24070457730736e-14,0.530151063049521,0.44,0.353,1.29579649115493e-09,"Tumor Core","SERBP1"
1.66959037302019e-81,0.529023024335174,0.829,0.646,2.98789893155694e-77,"Tumor Core","IGFBP7"
1.10653080508442e-21,0.528069636543297,0.586,0.479,1.98024752877908e-17,"Tumor Core","HSPA8"
3.90273793476126e-08,0.526050354718587,0.327,0.264,0.000698433980804876,"Tumor Core","CAPN1"
3.28601482232992e-19,0.524355747987243,0.518,0.406,5.88065212604163e-15,"Tumor Core","ARPC1B"
6.60594005102447e-12,0.522392461287834,0.325,0.238,1.18219903153134e-07,"Tumor Core","GRN"
6.80970797136824e-16,0.521078889522265,0.417,0.311,1.21866533855606e-11,"Tumor Core","DDX5"
5.84536044056264e-15,0.519405045196204,0.314,0.214,1.04608570444309e-10,"Tumor Core","PPP1R14C"
2.32800605851367e-14,0.516345017201643,0.402,0.306,4.16619964231606e-10,"Tumor Core","ARHGDIA"
1.35725733988299e-11,0.508737881901738,0.371,0.288,2.4289477354546e-07,"Tumor Core","COX8A"
0.00182938324933009,1.52920744288997,0.319,0.331,1,"Tumor Front","MMP10"
1.44896853035592e-08,1.43808258304082,0.431,0.425,0.000259307408192495,"Tumor Front","CXCL14"
2.47612225789029e-05,1.37647539686363,0.161,0.296,0.443126839272047,"Tumor Front","SLC3A2"
3.04404171222626e-05,1.3249154495121,0.135,0.251,0.544761704820012,"Tumor Front","IGFBP3"
9.43967278106504e-58,1.32224940104975,0.791,0.645,1.6893238408994e-53,"Tumor Front","MMP1"
0.000861274194446541,1.32099229992587,0.159,0.266,1,"Tumor Front","FXYD3"
2.32614865214929e-05,1.31453284969067,0.14,0.261,0.416287562788638,"Tumor Front","EIF6"
4.77878703946679e-28,1.28024279498287,0.63,0.546,8.55211728582976e-24,"Tumor Front","S100A2"
5.62604167725837e-05,1.24514027453543,0.152,0.275,1,"Tumor Front","PFDN5"
2.37145329428497e-11,1.23605741912044,0.493,0.481,4.24395281545238e-07,"Tumor Front","COL17A1"
1.28052971120525e-40,1.19053767343999,0.742,0.622,2.29163597117291e-36,"Tumor Front","KRT5"
2.11461279475005e-05,1.17421245707224,0.14,0.262,0.378431105748469,"Tumor Front","AGRN"
3.71652003840616e-65,1.16494855887825,0.863,0.665,6.65108426073167e-61,"Tumor Front","KRT14"
0.0050561460694012,1.16412055918212,0.167,0.266,1,"Tumor Front","ITGB4"
4.00067076437308e-05,1.12868672264339,0.228,0.406,0.715960039992207,"Tumor Front","DST"
0.000310258232638623,1.12270396876547,0.211,0.363,1,"Tumor Front","PSMB1"
6.79951998575495e-05,1.07362896553721,0.156,0.28,1,"Tumor Front","JPT1"
9.04486878413989e-06,1.07304904745096,0.15,0.284,0.161866971760967,"Tumor Front","ROMO1"
0.000168881076670167,1.07275751369871,0.173,0.303,1,"Tumor Front","SERINC2"
0.00152120844712343,1.05914997928315,0.169,0.278,1,"Tumor Front","CAV2"
0.00451811217080549,1.04604600846891,0.207,0.33,1,"Tumor Front","CAV1"
0.00757376289314106,1.03859456297105,0.165,0.258,1,"Tumor Front","DDR1"
1.455790580132e-06,1.02734413960899,0.154,0.301,0.0260528282220422,"Tumor Front","PTK7"
1.51226872044896e-08,1.0248963422868,0.112,0.256,0.000270635610211546,"Tumor Front","TMEM189"
0.00298426947997327,1.01227495615175,0.241,0.391,1,"Tumor Front","SULF1"
1.06293629102649e-08,1.00406003147384,0.121,0.271,0.000190223078642102,"Tumor Front","PSMD2"
4.25110080876264e-06,1.00393846037009,0.135,0.263,0.0760777000736162,"Tumor Front","HSPD1"
3.22632653440724e-05,0.976237931071539,0.23,0.411,0.57738339659752,"Tumor Front","PGAM1"
0.00026223917258183,0.959851201202645,0.195,0.335,1,"Tumor Front","GUK1"
9.26248946599217e-11,0.955989657549675,0.142,0.33,1.65761511483396e-06,"Tumor Front","DDX5"
9.87631668744749e-06,0.951345995889772,0.137,0.263,0.17674656343856,"Tumor Front","RAB5IF"
4.37901132882004e-07,0.931756662526429,0.146,0.294,0.00783667867405634,"Tumor Front","PRSS23"
9.2428740423092e-07,0.925759715300974,0.14,0.279,0.0165410473861165,"Tumor Front","CD151"
4.35110660977626e-06,0.907351900561905,0.154,0.292,0.0778674038885559,"Tumor Front","JUP"
6.54168999965896e-05,0.906912821634422,0.216,0.376,1,"Tumor Front","INHBA"
5.38263004237294e-07,0.888284449693383,0.19,0.367,0.00963275472383062,"Tumor Front","SPON2"
5.27503282714936e-08,0.858275176942813,0.118,0.259,0.000944019874746649,"Tumor Front","PRNP"
7.6215159982188e-09,0.845331329453512,0.165,0.348,0.000136394650304124,"Tumor Front","MIF"
1.54886889149576e-09,0.835119202635655,0.104,0.251,2.77185576822081e-05,"Tumor Front","TNFRSF21"
4.54568302109097e-05,0.829693364250752,0.235,0.417,0.81349543345444,"Tumor Front","CD44"
0.000245963224617234,0.817757112241373,0.161,0.272,1,"Tumor Front","DSP"
1.39813130553114e-08,0.808835039238527,0.222,0.447,0.000250209578437852,"Tumor Front","TMED2"
2.9186750209238e-09,0.78759007516187,0.121,0.276,5.22326081744523e-05,"Tumor Front","PSMB7"
1.00949175034588e-11,0.78158678328396,0.095,0.258,1.80658643641898e-07,"Tumor Front","ATP5MC2"
1.98434860209438e-09,0.777401096144822,0.18,0.381,3.55119025830809e-05,"Tumor Front","EIF4B"
3.67079366557527e-09,0.768358244668281,0.148,0.322,6.56925234391351e-05,"Tumor Front","ANXA5"
5.26291640496923e-11,0.757714048620318,0.163,0.369,9.41851519833293e-07,"Tumor Front","CCNI"
1.33653884752187e-07,0.753141083952801,0.275,0.531,0.00239186992152513,"Tumor Front","SQSTM1"
4.2942042846239e-12,0.737660071041592,0.112,0.291,7.68490798776294e-08,"Tumor Front","CALM3"
6.29900178000237e-14,0.726548027994731,0.118,0.32,1.12726935854922e-09,"Tumor Front","RPN2"
9.26840925268907e-09,0.723730885456495,0.114,0.26,0.000165867451986124,"Tumor Front","ARPC3"
1.38252434937683e-07,0.716619269495237,0.186,0.364,0.00247416557564478,"Tumor Front","TUBA4A"
1.78869879479358e-10,0.709293978844215,0.235,0.495,3.20105536316259e-06,"Tumor Front","RHOA"
2.73294713942615e-07,0.706956271536509,0.171,0.337,0.00489088220071703,"Tumor Front","MMP13"
2.6023114304666e-07,0.703383743465961,0.243,0.459,0.00465709653596303,"Tumor Front","TXN"
0.000107249807665131,0.697686330898098,0.218,0.359,1,"Tumor Front","PERP"
2.40084907199909e-14,0.695170873427459,0.108,0.305,4.29655949924957e-10,"Tumor Front","COX8A"
1.44896659125371e-11,0.669747011477183,0.161,0.371,2.59307061170764e-07,"Tumor Front","NME2"
7.30571416546356e-10,0.668417880312658,0.184,0.392,1.30743060705136e-05,"Tumor Front","ACTR3"
0.000458687184894948,0.661279383721776,0.199,0.329,1,"Tumor Front","F3"
3.87964811423696e-08,0.650580677330558,0.129,0.275,0.000694301826523847,"Tumor Front","TRIM29"
1.78528865370547e-12,0.650111067173662,0.099,0.272,3.1949525746713e-08,"Tumor Front","YPEL5"
2.37698323348093e-10,0.649292946062393,0.116,0.28,4.25384919463746e-06,"Tumor Front","SDC1"
8.27789757878429e-13,0.636488880222652,0.104,0.283,1.48141255069924e-08,"Tumor Front","DSTN"
0.000249978673583092,0.617210040193376,0.332,0.564,1,"Tumor Front","TNC"
2.62987514435884e-11,0.61499001812108,0.163,0.371,4.70642455834458e-07,"Tumor Front","ACTN1"
2.72608396267498e-11,0.610586436516471,0.125,0.306,4.87859985960314e-07,"Tumor Front","ASPH"
4.5142708732694e-16,0.591823414795508,0.11,0.325,8.07873915480292e-12,"Tumor Front","PDIA4"
7.46277821674114e-13,0.591031061509127,0.112,0.299,1.335538789668e-08,"Tumor Front","BSG"
4.0818444536751e-11,0.570539290207773,0.104,0.266,7.30486883429696e-07,"Tumor Front","EIF4G1"
4.82837119466327e-16,0.561144094366577,0.118,0.339,8.64085308996939e-12,"Tumor Front","HNRNPA2B1"
2.64870810332552e-13,0.551995030067712,0.154,0.377,4.74012802171136e-09,"Tumor Front","YWHAQ"
4.11340958845665e-14,0.550874182552273,0.104,0.295,7.36135779950202e-10,"Tumor Front","LAMP1"
3.30512280342418e-09,0.550560090964311,0.133,0.296,5.91484776900791e-05,"Tumor Front","PCBP2"
7.47258115625746e-08,0.543945081942143,0.275,0.513,0.00133729312372383,"Tumor Front","TGFBI"
8.48533056479812e-14,0.541235619119435,0.11,0.303,1.51853475787627e-09,"Tumor Front","WNK1"
2.36102604023758e-06,0.538802778011132,0.296,0.538,0.0422529220160917,"Tumor Front","ENO1"
2.82149233305636e-11,0.537765175994337,0.095,0.253,5.04934267923766e-07,"Tumor Front","SNX3"
7.18680756551195e-13,0.527204205885057,0.087,0.253,1.28615108192402e-08,"Tumor Front","MAP7D1"
1.55228691877205e-12,0.521823950871973,0.093,0.261,2.77797266983446e-08,"Tumor Front","NFE2L1"
2.5797558939738e-11,0.512894456323764,0.218,0.469,4.61673114785551e-07,"Tumor Front","EEF1B2"
0,2.08837521575911,0.869,0.23,0,"Tumor Edge","MMP10"
2.85935130512152e-247,2.04519713001722,0.349,0.067,5.11709509564548e-243,"Tumor Edge","CELSR1"
2.57638287206873e-229,1.99226719134001,0.301,0.052,4.6106947878542e-225,"Tumor Edge","LPAR3"
1.44926170271236e-192,1.99090901988089,0.261,0.047,2.59359874317405e-188,"Tumor Edge","ITGB8"
1.5213903118119e-243,1.97162721249795,0.313,0.053,2.72268010201857e-239,"Tumor Edge","FAM83H"
0,1.9504638203396,0.482,0.088,0,"Tumor Edge","SLC7A8"
5.89108428317908e-248,1.94717817699805,0.314,0.053,1.05426844331773e-243,"Tumor Edge","ITGA2"
0,1.94518528608634,0.991,0.467,0,"Tumor Edge","S100A2"
0,1.92320059805232,0.451,0.083,0,"Tumor Edge","ADM"
7.46477089250232e-306,1.90346829103033,0.4,0.071,1.33589539892221e-301,"Tumor Edge","LARGE2"
9.70534392293211e-241,1.84811300965735,0.331,0.061,1.73686834844793e-236,"Tumor Edge","ITGB6"
0,1.8376380390912,0.635,0.146,0,"Tumor Edge","C19orf33"
0,1.80931833613639,0.582,0.12,0,"Tumor Edge","IGF1R"
0,1.80681272333156,0.518,0.106,0,"Tumor Edge","SLC7A5"
0,1.80353207259501,0.933,0.33,0,"Tumor Edge","CXCL14"
1.02111595981979e-254,1.79068187612209,0.397,0.086,1.8273891216935e-250,"Tumor Edge","TMEM54"
0,1.74959968382199,0.696,0.18,0,"Tumor Edge","ITGB4"
0,1.73398091511248,0.482,0.098,0,"Tumor Edge","FST"
0,1.71201141135795,0.825,0.256,0,"Tumor Edge","ITGA3"
3.45845952088873e-322,1.71083719085703,0.546,0.137,6.18925915858246e-318,"Tumor Edge","C12orf75"
0,1.69764749777797,0.654,0.163,0,"Tumor Edge","TP63"
1.58221833976626e-198,1.69343512933921,0.281,0.053,2.8315379408457e-194,"Tumor Edge","NEFL"
0,1.6720013877618,0.721,0.201,0,"Tumor Edge","COL7A1"
0,1.65629028211001,0.669,0.177,0,"Tumor Edge","DDR1"
1.63903544429192e-296,1.65446655436568,0.526,0.134,2.93321783110483e-292,"Tumor Edge","PTPRF"
9.51555365593079e-222,1.63843995771091,0.326,0.064,1.70290348226537e-217,"Tumor Edge","PPP2R2C"
0,1.62829920814128,0.577,0.153,0,"Tumor Edge","BCAM"
2.77020852550568e-248,1.61951948371902,0.445,0.11,4.95756517724496e-244,"Tumor Edge","BPGM"
1.01317826281504e-254,1.61082001710891,0.423,0.097,1.8131838191338e-250,"Tumor Edge","FERMT1"
5.48473767202008e-202,1.6093164442735,0.324,0.07,9.81548653784714e-198,"Tumor Edge","AJUBA"
2.09444940653564e-214,1.6047755417522,0.351,0.078,3.74822665793617e-210,"Tumor Edge","WNT7A"
1.82471218766622e-248,1.59473101918807,0.441,0.11,3.26550493104746e-244,"Tumor Edge","NCS1"
0,1.57918896033241,0.655,0.182,0,"Tumor Edge","AGRN"
5.96958978520332e-209,1.56895523226976,0.316,0.064,1.06831778795999e-204,"Tumor Edge","DHCR24"
2.48781127185072e-241,1.56556102056425,0.402,0.092,4.45218705210404e-237,"Tumor Edge","CDK6"
3.93632707610072e-255,1.56121139773663,0.456,0.112,7.04445093538984e-251,"Tumor Edge","PKP3"
3.69512131865517e-199,1.55700897417946,0.348,0.082,6.6127891118653e-195,"Tumor Edge","ATP6V1G1"
0,1.55667790777267,0.864,0.299,0,"Tumor Edge","ITGA6"
3.60129208103359e-151,1.55418042967042,0.261,0.059,6.44487230821772e-147,"Tumor Edge","HDAC1"
3.29027965189036e-213,1.55298722349638,0.34,0.073,5.88828446502299e-209,"Tumor Edge","HSPA2"
5.18804274099865e-212,1.55184399641536,0.367,0.086,9.28452128929118e-208,"Tumor Edge","CKB"
0,1.55016529930969,0.999,0.586,0,"Tumor Edge","MMP1"
0,1.54251768007807,0.892,0.318,0,"Tumor Edge","LAMC2"
2.80905963599499e-319,1.53815137267207,0.583,0.158,5.02709312457664e-315,"Tumor Edge","MYO10"
1.8888957846174e-281,1.50355878951565,0.542,0.148,3.38036789615129e-277,"Tumor Edge","RHOD"
1.7405453019659e-303,1.49891499119696,0.624,0.191,3.11487987239817e-299,"Tumor Edge","DKK3"
2.38900502390076e-318,1.49837937380496,0.589,0.158,4.27536339077281e-314,"Tumor Edge","GLO1"
1.13406814943173e-163,1.49043073905126,0.266,0.057,2.02952836022302e-159,"Tumor Edge","NAPRT"
8.3931755254118e-253,1.48726867654424,0.471,0.123,1.5020426920277e-248,"Tumor Edge","SORL1"
1.15494992458432e-237,1.48585721321756,0.367,0.075,2.0668983850361e-233,"Tumor Edge","CTNNAL1"
0,1.48555107377527,0.82,0.257,0,"Tumor Edge","LAMB3"
8.00896691268905e-207,1.47696849056113,0.351,0.078,1.43328471869483e-202,"Tumor Edge","UBE2C"
0,1.47262151222193,0.807,0.24,0,"Tumor Edge","SLC2A1"
3.58444101373406e-191,1.47247533641814,0.314,0.069,6.41471563817847e-187,"Tumor Edge","JAG2"
5.51785390484164e-265,1.47172287473246,0.454,0.105,9.87475134810459e-261,"Tumor Edge","CLCA2"
1.36157650739104e-304,1.46993695946944,0.594,0.169,2.436677317627e-300,"Tumor Edge","VCP"
0,1.46122661753759,0.955,0.393,0,"Tumor Edge","COL17A1"
1.98543687888626e-179,1.45049264419939,0.286,0.061,3.55313783845485e-175,"Tumor Edge","FSTL3"
3.0489883235857e-223,1.44672848086526,0.381,0.087,5.45646950388896e-219,"Tumor Edge","CSPG4"
8.39391728257623e-267,1.44631648190125,0.457,0.108,1.50217543688984e-262,"Tumor Edge","LTBP1"
1.23745242252513e-212,1.44605984833872,0.355,0.08,2.21454485535097e-208,"Tumor Edge","DNAJB2"
1.94346700342966e-262,1.4300999938356,0.53,0.149,3.47802854933771e-258,"Tumor Edge","XRCC6"
0,1.42833414856131,0.997,0.558,0,"Tumor Edge","KRT5"
2.94037673839202e-158,1.42109919120824,0.312,0.08,5.26209821102636e-154,"Tumor Edge","YKT6"
6.29280160512397e-302,1.4185503098744,0.598,0.172,1.12615977525299e-297,"Tumor Edge","IVNS1ABP"
7.17214608362067e-151,1.40937450509342,0.27,0.063,1.28352726312475e-146,"Tumor Edge","TXNDC17"
2.23172633935637e-192,1.40412048856307,0.364,0.092,3.99389745691217e-188,"Tumor Edge","SLC66A2"
2.46170011948226e-191,1.38914383395719,0.388,0.104,4.40545853382545e-187,"Tumor Edge","SCD"
0,1.38220806767633,0.672,0.198,0,"Tumor Edge","CAV2"
2.88134703473411e-203,1.37411770812151,0.375,0.093,5.15645865336016e-199,"Tumor Edge","TNS4"
7.45786594469794e-182,1.37227666610049,0.374,0.1,1.33465968946314e-177,"Tumor Edge","VAV2"
8.05697163348633e-246,1.37069287627104,0.484,0.132,1.44187564352871e-241,"Tumor Edge","PTGS1"
7.26731138593936e-317,1.36670942495548,0.611,0.168,1.30055804562771e-312,"Tumor Edge","LAMA3"
2.61238584174011e-228,1.36316707214514,0.446,0.117,4.6751257023781e-224,"Tumor Edge","LAD1"
1.71599264766184e-199,1.36189053450359,0.381,0.097,3.07094044225563e-195,"Tumor Edge","KIAA1522"
7.68699658003154e-134,1.36106240847544,0.263,0.067,1.37566490796244e-129,"Tumor Edge","TPRG1L"
1.18893569024138e-232,1.36063419462456,0.457,0.12,2.12771931125597e-228,"Tumor Edge","SNRPC"
7.75933038534339e-307,1.36019384942672,0.669,0.22,1.38860976576105e-302,"Tumor Edge","SLC3A2"
6.54812201768953e-150,1.35661713791902,0.284,0.07,1.17185191628572e-145,"Tumor Edge","GJB3"
1.33511916155082e-141,1.35570807828121,0.284,0.073,2.38932925151135e-137,"Tumor Edge","EBNA1BP2"
3.22257355364045e-272,1.35405017669732,0.609,0.192,5.76711763159495e-268,"Tumor Edge","RAB5IF"
1.89913226633209e-296,1.35273337715324,0.628,0.195,3.39868710382791e-292,"Tumor Edge","FSCN1"
4.53386386923419e-178,1.33237011274082,0.339,0.083,8.11380278038151e-174,"Tumor Edge","TPX2"
0,1.33086759355459,0.746,0.246,0,"Tumor Edge","CAV1"
1.77913290907109e-185,1.3262184217338,0.381,0.103,3.18393625407361e-181,"Tumor Edge","HRAS"
5.56547394410808e-311,1.32571790390223,0.691,0.224,9.95997217037581e-307,"Tumor Edge","SERINC2"
1.64238365209439e-155,1.32385117441215,0.356,0.104,2.93920978378812e-151,"Tumor Edge","NME1"
5.10631711208503e-143,1.32143359786007,0.3,0.081,9.13826510378738e-139,"Tumor Edge","AREG"
2.28353259039611e-212,1.31769466544323,0.464,0.135,4.08660992377288e-208,"Tumor Edge","BLCAP"
0,1.30792574381447,0.999,0.613,0,"Tumor Edge","KRT14"
1.54344794482014e-231,1.30524784358588,0.489,0.137,2.76215444205013e-227,"Tumor Edge","PTHLH"
1.11422642585698e-138,1.29797248019224,0.283,0.074,1.99401961171366e-134,"Tumor Edge","LRRC8A"
0,1.29173607323924,0.757,0.242,0,"Tumor Edge","F3"
9.2152095868617e-120,1.29083031879511,0.263,0.073,1.64915390766477e-115,"Tumor Edge","SRC"
1.37341023882111e-291,1.29025616044575,0.724,0.256,2.45785496339426e-287,"Tumor Edge","MMP13"
1.3146373596697e-167,1.28920253630217,0.383,0.113,2.3526750188649e-163,"Tumor Edge","H2AFV"
1.47116471528553e-313,1.28731403721605,0.718,0.246,2.63279637447499e-309,"Tumor Edge","NDUFS6"
5.77885784093027e-169,1.28728949946043,0.327,0.083,1.03418439921288e-164,"Tumor Edge","ITPR3"
1.485866733277e-140,1.28694967613344,0.287,0.075,2.65910710587251e-136,"Tumor Edge","PSMD10"
3.76026436830869e-240,1.28492263437112,0.543,0.165,6.72936911352524e-236,"Tumor Edge","PPP1R14C"
9.02143646104003e-201,1.28474716792155,0.417,0.114,1.61447626906772e-196,"Tumor Edge","SLC35C2"
5.72488412601557e-186,1.28337715254982,0.364,0.093,1.02452526319175e-181,"Tumor Edge","COA4"
3.61802802997233e-119,1.28008642040423,0.295,0.09,6.47482296243849e-115,"Tumor Edge","TRAPPC1"
9.97589427753103e-161,1.27885577208975,0.334,0.09,1.78528603990695e-156,"Tumor Edge","CDH3"
6.41991562552289e-124,1.27291507569467,0.261,0.07,1.14890810034358e-119,"Tumor Edge","TOLLIP"
0,1.27228211371819,0.819,0.32,0,"Tumor Edge","DST"
1.85261579085837e-174,1.26590804581263,0.353,0.092,3.31544121932013e-170,"Tumor Edge","ESRP1"
1.9457427609367e-192,1.2619763844076,0.451,0.137,3.48210124497233e-188,"Tumor Edge","SLC38A5"
1.53648278604701e-129,1.25281613923472,0.315,0.095,2.74968959390974e-125,"Tumor Edge","UBQLN1"
7.81659424808914e-129,1.25017994009564,0.259,0.067,1.39885770663803e-124,"Tumor Edge","TBC1D2"
1.64908340409969e-116,1.24596127117688,0.254,0.069,2.9511996599768e-112,"Tumor Edge","UCHL1"
2.4011054191921e-224,1.24572795564324,0.399,0.095,4.29701825818618e-220,"Tumor Edge","AHNAK2"
1.11194508994233e-132,1.23530061088481,0.274,0.072,1.98993693296079e-128,"Tumor Edge","CTDP1"
2.34106183963956e-131,1.23239337733776,0.257,0.065,4.18956426821897e-127,"Tumor Edge","IFI27L2"
1.80918629878339e-188,1.23077684096393,0.42,0.122,3.23771980030275e-184,"Tumor Edge","SLC16A1"
2.553018529936e-106,1.22571747391664,0.261,0.078,4.56888196117347e-102,"Tumor Edge","VPS25"
4.25622703834108e-209,1.22381335647825,0.518,0.169,7.6169439078152e-205,"Tumor Edge","PDCD6"
2.0287405761755e-239,1.22218245928513,0.513,0.147,3.63063413512367e-235,"Tumor Edge","SPINT2"
9.56188562291217e-311,1.21984738748584,0.822,0.355,1.71119505107636e-306,"Tumor Edge","TXNL4A"
8.02513052647092e-163,1.21379754565616,0.409,0.13,1.43617735901724e-158,"Tumor Edge","TMEM184B"
1.13795555220686e-165,1.21135523450453,0.454,0.156,2.03648525622939e-161,"Tumor Edge","ATL3"
3.64025271097128e-120,1.2103513180608,0.276,0.079,6.5145962515542e-116,"Tumor Edge","JAG1"
1.54186753657687e-104,1.20870248953714,0.257,0.077,2.75932614345798e-100,"Tumor Edge","CDC25B"
5.9856761665043e-165,1.19809593084458,0.395,0.118,1.07119660675761e-160,"Tumor Edge","ASS1"
2.51484241223325e-165,1.19648192354235,0.423,0.137,4.50056198093263e-161,"Tumor Edge","RXRA"
4.18834473720642e-129,1.19264642057652,0.344,0.111,7.4954617417046e-125,"Tumor Edge","HMGA1"
1.65915851781612e-313,1.17598465838366,0.821,0.321,2.96923008348373e-309,"Tumor Edge","SDC4"
4.80264904953359e-249,1.17543892517005,0.718,0.288,8.59482073904531e-245,"Tumor Edge","PSMB1"
4.11476827537976e-160,1.17262290846422,0.407,0.129,7.36378930561962e-156,"Tumor Edge","RCC2"
7.3098424832675e-180,1.17003624014499,0.426,0.128,1.30816941080555e-175,"Tumor Edge","MDFI"
5.25802043012651e-145,1.16758156932189,0.409,0.14,9.4097533617544e-141,"Tumor Edge","SNAI2"
1.1510646926287e-140,1.16397641803654,0.367,0.116,2.05994537392832e-136,"Tumor Edge","HIST1H3H"
1.19362086227003e-120,1.16312053360746,0.314,0.099,2.13610389511845e-116,"Tumor Edge","PSMB6"
1.11204976466381e-217,1.15854319543015,0.57,0.193,1.99012425884236e-213,"Tumor Edge","PRNP"
2.43324038937924e-200,1.15660884983936,0.482,0.15,4.35452700083309e-196,"Tumor Edge","AURKAIP1"
5.49808631412538e-284,1.1546767969357,0.638,0.191,9.83937526775879e-280,"Tumor Edge","FXYD3"
5.79228370882968e-247,1.14992578288564,0.638,0.222,1.03658709253216e-242,"Tumor Edge","PRSS23"
2.77420595205081e-192,1.14836769622152,0.45,0.136,4.96471897179013e-188,"Tumor Edge","TSPO"
2.95985245270106e-291,1.14379165512154,0.813,0.334,5.29695194935381e-287,"Tumor Edge","CD44"
2.27610734341822e-93,1.14131313456287,0.264,0.088,4.07332170178124e-89,"Tumor Edge","FHL2"
1.13803238179752e-117,1.13825885257513,0.288,0.086,2.03662275046485e-113,"Tumor Edge","NIPA2"
8.72905542604224e-109,1.13822922849893,0.258,0.075,1.56215175904452e-104,"Tumor Edge","FBXW2"
1.63365004461439e-133,1.1371826138429,0.295,0.082,2.92358011984192e-129,"Tumor Edge","STOML2"
1.89827023196971e-107,1.13399800225748,0.268,0.081,3.39714440713299e-103,"Tumor Edge","USB1"
7.50474888900824e-129,1.13320212301673,0.304,0.088,1.34304986117691e-124,"Tumor Edge","OLFML2A"
2.66416548957817e-135,1.13099295160203,0.34,0.105,4.76779056014909e-131,"Tumor Edge","PUF60"
3.33126569988303e-102,1.1308407313584,0.251,0.075,5.96163309651067e-98,"Tumor Edge","AVEN"
2.68432501125809e-132,1.1272710925362,0.306,0.088,4.80386804014748e-128,"Tumor Edge","PTDSS1"
3.6076326419295e-110,1.12510219405547,0.28,0.086,6.45621937599704e-106,"Tumor Edge","LMNB2"
2.16317125604148e-141,1.1053188935361,0.296,0.079,3.87121127981184e-137,"Tumor Edge","RAB10"
3.12714114418014e-144,1.10257974313587,0.418,0.145,5.59633179162479e-140,"Tumor Edge","MLF2"
2.88677577880191e-108,1.09657659335219,0.274,0.083,5.1661739337439e-104,"Tumor Edge","UROD"
4.42385822545203e-111,1.09579505104189,0.306,0.1,7.91693668026895e-107,"Tumor Edge","CCNC"
3.88395305133153e-154,1.09451958219561,0.345,0.098,6.9507223806629e-150,"Tumor Edge","EIF3I"
1.16372650471579e-164,1.09284212701086,0.429,0.139,2.08260495283937e-160,"Tumor Edge","PSMA1"
1.02252314713686e-199,1.0894690543222,0.54,0.184,1.82990742411613e-195,"Tumor Edge","SLC38A2"
9.85623732520067e-155,1.08866261114415,0.424,0.142,1.76387223171791e-150,"Tumor Edge","POLR2G"
5.28401150934185e-137,1.08406392553419,0.362,0.116,9.45626699711817e-133,"Tumor Edge","MYL12B"
6.4348805970362e-130,1.08316516597812,0.323,0.099,1.1515862316456e-125,"Tumor Edge","TAP2"
1.38804040356611e-126,1.07299596568698,0.307,0.092,2.48403710622191e-122,"Tumor Edge","UQCRC1"
2.7987029433801e-229,1.06682538129674,0.616,0.215,5.00855878747302e-225,"Tumor Edge","ROMO1"
9.99498045181504e-130,1.06673821398645,0.347,0.111,1.78870170165682e-125,"Tumor Edge","SMS"
1.1498835314113e-120,1.04927190018042,0.328,0.106,2.05783156781367e-116,"Tumor Edge","CD47"
4.25142040852621e-202,1.04659437694084,0.562,0.198,7.60834196309851e-198,"Tumor Edge","EIF6"
8.31279763786435e-111,1.04400453844477,0.265,0.078,1.4876582652722e-106,"Tumor Edge","BOP1"
3.01537064651032e-102,1.04389024638135,0.275,0.087,5.39630730899487e-98,"Tumor Edge","HYOU1"
9.25063502876845e-116,1.04320597025489,0.328,0.109,1.6554936447484e-111,"Tumor Edge","C1orf122"
1.2161555058352e-225,1.03875597695895,0.676,0.264,2.17643189324267e-221,"Tumor Edge","GUK1"
5.02850229043326e-110,1.03672491881736,0.252,0.071,8.99900769895937e-106,"Tumor Edge","BCR"
3.48692974711845e-188,1.03184345271205,0.598,0.233,6.24020947544318e-184,"Tumor Edge","BSG"
1.80054776258979e-111,1.02801344623463,0.331,0.113,3.22226027593069e-107,"Tumor Edge","OTUB1"
5.0246134434636e-208,1.0265327549656,0.55,0.187,8.99204821842246e-204,"Tumor Edge","TNFRSF21"
9.14065349981858e-140,1.02372097501801,0.424,0.151,1.63581135032753e-135,"Tumor Edge","GANAB"
2.14647465479192e-220,1.01589241600223,0.605,0.212,3.84133104221562e-216,"Tumor Edge","JPT1"
1.29599533790675e-122,1.01411456534745,0.371,0.13,2.31931325671792e-118,"Tumor Edge","LGALS3"
7.47211965133593e-105,1.00292420101507,0.312,0.107,1.33721053280308e-100,"Tumor Edge","YWHAB"
7.23673207882346e-108,1.00069264097037,0.255,0.074,1.29508557282625e-103,"Tumor Edge","SHARPIN"
5.12410137576124e-232,0.999392865076144,0.731,0.287,9.17009182206232e-228,"Tumor Edge","TUBA4A"
2.53828821849561e-100,0.998152883293406,0.304,0.105,4.54252059581974e-96,"Tumor Edge","SUMF2"
1.69494251965696e-97,0.996653511140185,0.276,0.091,3.0332691331781e-93,"Tumor Edge","SLC31A2"
1.76988861934489e-137,0.995477683370876,0.419,0.146,3.16739267317961e-133,"Tumor Edge","PTBP3"
2.18069804610957e-101,0.995046430158673,0.297,0.099,3.90257722331768e-97,"Tumor Edge","NDUFB9"
1.68325547464632e-125,0.989587085725928,0.343,0.112,3.01235399742706e-121,"Tumor Edge","LPCAT1"
3.01780815332213e-150,0.983448344011417,0.447,0.156,5.40066947118528e-146,"Tumor Edge","NAA20"
9.69939045425499e-248,0.975197552335861,0.828,0.379,1.73580291569347e-243,"Tumor Edge","TXN"
5.67224615848967e-90,0.973011913562434,0.271,0.093,1.01510517252331e-85,"Tumor Edge","GPC1"
2.65616075176596e-147,0.972760169959216,0.476,0.178,4.75346528136036e-143,"Tumor Edge","SELENOH"
1.40567820362749e-129,0.963065386515047,0.352,0.115,2.51560171321176e-125,"Tumor Edge","TALDO1"
3.8753421570918e-136,0.962463441902408,0.388,0.13,6.93531232433149e-132,"Tumor Edge","GIPC1"
5.39098792705217e-137,0.960996018472516,0.434,0.158,9.64771199425256e-133,"Tumor Edge","RAB2A"
3.66146231034995e-141,0.956342904222539,0.441,0.16,6.55255295060227e-137,"Tumor Edge","AZIN1"
1.09801034307796e-105,0.954303865425695,0.272,0.083,1.96499930997231e-101,"Tumor Edge","ACOT9"
8.20796293469403e-96,0.953638282614317,0.262,0.084,1.46889704679284e-91,"Tumor Edge","SDHB"
3.69348360250667e-103,0.948833829625462,0.31,0.106,6.60985825504594e-99,"Tumor Edge","RABL6"
2.22389194589853e-97,0.94715735061347,0.289,0.097,3.97987702638001e-93,"Tumor Edge","DPP9"
6.60116569711368e-231,0.942440962429128,0.766,0.335,1.18134461315546e-226,"Tumor Edge","PGAM1"
3.8156627526977e-144,0.940585691712422,0.468,0.174,6.82851006222781e-140,"Tumor Edge","NEDD8"
3.63615428876217e-100,0.940419228984257,0.293,0.099,6.50726171516877e-96,"Tumor Edge","HOMER3"
7.02686522836031e-169,0.937243913731022,0.478,0.16,1.25752780126736e-164,"Tumor Edge","IGFBP6"
3.08004075909654e-103,0.93361786448618,0.342,0.125,5.51204094247916e-99,"Tumor Edge","EXT1"
1.7314131347669e-113,0.933534914366412,0.297,0.093,3.09853694597885e-109,"Tumor Edge","FXYD5"
9.12535046627479e-132,0.928178707906307,0.329,0.099,1.63307271944454e-127,"Tumor Edge","NECTIN1"
1.67424365973202e-115,0.923515785666252,0.294,0.09,2.99622645345643e-111,"Tumor Edge","IRF6"
1.72364485685144e-96,0.921680786616721,0.256,0.08,3.08463483582134e-92,"Tumor Edge","ALYREF"
4.4146800722975e-142,0.916447588482493,0.441,0.159,7.9005114573836e-138,"Tumor Edge","SLC25A39"
3.11960359314852e-90,0.915135160427325,0.262,0.086,5.58284259029859e-86,"Tumor Edge","MSANTD3"
2.44965954167162e-166,0.91489700410706,0.553,0.216,4.38391071577554e-162,"Tumor Edge","PSMB7"
1.60484212905133e-114,0.912469208542809,0.357,0.126,2.87202547415026e-110,"Tumor Edge","NDUFB2"
8.2023068193192e-182,0.910715549417243,0.553,0.202,1.46788482838536e-177,"Tumor Edge","HSPD1"
1.39941199819864e-166,0.906733098880279,0.528,0.197,2.50438771197629e-162,"Tumor Edge","TMEM189"
5.63711625486211e-172,0.904061505392274,0.554,0.211,1.00881832497012e-167,"Tumor Edge","PSMD2"
5.18510948876704e-151,0.903093294927148,0.47,0.17,9.27927194109749e-147,"Tumor Edge","NIBAN2"
4.83937460714787e-73,0.900682397908888,0.254,0.094,8.66054479695183e-69,"Tumor Edge","CUX1"
1.39696149251866e-98,0.899908563820886,0.339,0.126,2.5000022870114e-94,"Tumor Edge","TKT"
8.06286304241553e-71,0.899355135708242,0.265,0.102,1.44292997007068e-66,"Tumor Edge","DCTN3"
2.59929917627507e-153,0.897464730507878,0.584,0.248,4.65170580586187e-149,"Tumor Edge","RALY"
6.4028431978477e-97,0.896903906231754,0.343,0.13,1.14585281868683e-92,"Tumor Edge","ARPC1A"
5.65998575727137e-130,0.896374251417235,0.498,0.206,1.01291105112128e-125,"Tumor Edge","CAP1"
6.69293749170279e-191,0.895271138345315,0.667,0.279,1.19776809351513e-186,"Tumor Edge","MIF"
4.55729663356765e-118,0.894680101135593,0.311,0.098,8.15573805543267e-114,"Tumor Edge","MFSD14B"
1.00209719625292e-82,0.894420586567089,0.258,0.09,1.79335314241422e-78,"Tumor Edge","SHB"
4.01468971045695e-115,0.890338468723793,0.294,0.09,7.18468870583376e-111,"Tumor Edge","DFFA"
1.91121959891536e-109,0.886583770663885,0.331,0.112,3.42031859421892e-105,"Tumor Edge","HIST1H3G"
4.91225068538706e-86,0.885484953085747,0.298,0.11,8.79096382656869e-82,"Tumor Edge","APRT"
2.38570401601118e-104,0.884546775153982,0.289,0.094,4.26945590705361e-100,"Tumor Edge","TIMM13"
9.57002817612848e-110,0.882922134744653,0.353,0.127,1.71265224239995e-105,"Tumor Edge","TPD52L2"
5.54243106508093e-172,0.882095425437725,0.717,0.352,9.91873463406883e-168,"Tumor Edge","ANXA1"
1.36649616775926e-159,0.877244887517423,0.487,0.174,2.44548154182197e-155,"Tumor Edge","CCT5"
1.72306477276886e-111,0.872505111053756,0.374,0.138,3.08359671734714e-107,"Tumor Edge","SLC44A1"
1.52593967970025e-82,0.871751724425412,0.265,0.094,2.73082165079157e-78,"Tumor Edge","AGAP3"
5.47123508462189e-164,0.871058047158063,0.591,0.24,9.79132230743934e-160,"Tumor Edge","PTK7"
1.82485676430409e-105,0.870370166165071,0.377,0.143,3.2657636653986e-101,"Tumor Edge","TMBIM1"
2.92633396840228e-105,0.870238622990198,0.379,0.147,5.23696726985271e-101,"Tumor Edge","PTPN12"
1.11073574790712e-134,0.868367131491221,0.59,0.268,1.98777269445458e-130,"Tumor Edge","HDGF"
1.01008478031819e-147,0.859507482395556,0.487,0.183,1.80764772285744e-143,"Tumor Edge","PLS3"
1.51411348326527e-190,0.855717044468298,0.749,0.357,2.70965748965153e-186,"Tumor Edge","ARPC1B"
1.40616288253335e-143,0.855299678653968,0.453,0.164,2.51646909458169e-139,"Tumor Edge","CTSA"
1.07323988912488e-111,0.84865228338705,0.402,0.155,1.92067010557788e-107,"Tumor Edge","PSMB5"
3.74347622068734e-90,0.844519797454847,0.285,0.099,6.69932504454207e-86,"Tumor Edge","PCMT1"
1.37760971598568e-166,0.841011065699981,0.519,0.191,2.46537034772797e-162,"Tumor Edge","CLPTM1L"
1.34196478266095e-126,0.840550175561411,0.386,0.135,2.40158017505003e-122,"Tumor Edge","MYO1B"
1.8598888934366e-217,0.839814235175785,0.881,0.456,3.32845716369414e-213,"Tumor Edge","IFI27"
5.2198029349803e-85,0.837691536667688,0.319,0.123,9.34135933244074e-81,"Tumor Edge","MAP2K1"
5.88441111511944e-104,0.837690092731969,0.358,0.134,1.05307421316178e-99,"Tumor Edge","PTGFRN"
9.55765682812783e-137,0.834501098711024,0.457,0.17,1.71043826596176e-132,"Tumor Edge","CCT3"
1.75605121575115e-112,0.833741177412101,0.402,0.153,3.14262925570825e-108,"Tumor Edge","PSMA2"
1.6032437056055e-94,0.83112808402044,0.319,0.116,2.8691649355516e-90,"Tumor Edge","EIF3B"
1.60286356679454e-113,0.82961464130134,0.383,0.141,2.86848463913551e-109,"Tumor Edge","APH1A"
1.08769383196564e-94,0.827388361930289,0.266,0.086,1.94653688168571e-90,"Tumor Edge","PIEZO1"
2.90271438593623e-99,0.823261388392096,0.328,0.119,5.19469766507148e-95,"Tumor Edge","ARF5"
2.78189129561103e-119,0.821068317326927,0.44,0.173,4.97847266262549e-115,"Tumor Edge","AHSA1"
1.10180718467359e-139,0.818423839376072,0.597,0.264,1.97179413769186e-135,"Tumor Edge","ARHGDIA"
8.54243029397796e-84,0.815106867906519,0.283,0.104,1.5287533254103e-79,"Tumor Edge","ERP44"
4.67934508503715e-187,0.812698107523558,0.84,0.47,8.37415596418248e-183,"Tumor Edge","ENO1"
4.5542862230217e-98,0.811497849746669,0.327,0.12,8.15035062471963e-94,"Tumor Edge","RRAS"
1.22729727183204e-97,0.811373156501144,0.323,0.116,2.19637119767061e-93,"Tumor Edge","HIST1H2AG"
3.01194951198971e-99,0.809641379700595,0.333,0.122,5.39018484665678e-95,"Tumor Edge","LRRC59"
1.4577822140457e-86,0.809317988007273,0.32,0.124,2.60884705025618e-82,"Tumor Edge","ATP6V1F"
8.41716638122832e-74,0.809223401685314,0.269,0.102,1.50633609558462e-69,"Tumor Edge","CYFIP1"
1.48815418201614e-113,0.800988552227834,0.402,0.152,2.66320072413608e-109,"Tumor Edge","TNFRSF12A"
9.37886692860369e-72,0.799368873778543,0.266,0.102,1.67844202554292e-67,"Tumor Edge","P4HA2"
3.96004781165718e-96,0.794315815067949,0.394,0.161,7.0869015637417e-92,"Tumor Edge","PSMD13"
5.37698760594404e-141,0.788680833549865,0.618,0.275,9.62265701959745e-137,"Tumor Edge","PSMB2"
5.35737608605062e-73,0.785682495972501,0.263,0.099,9.58756024359619e-69,"Tumor Edge","GPAA1"
1.88270686084003e-72,0.781305688803888,0.255,0.095,3.36929219815931e-68,"Tumor Edge","TAX1BP3"
9.69418702919921e-116,0.779855111806317,0.345,0.117,1.73487171074549e-111,"Tumor Edge","SLC38A1"
1.09607815445886e-74,0.778431797323543,0.255,0.093,1.96154146521958e-70,"Tumor Edge","EMC4"
5.45584171171247e-93,0.778237926449287,0.324,0.12,9.76377432728064e-89,"Tumor Edge","HBS1L"
3.92471261673181e-89,0.777768138565963,0.278,0.096,7.02366569890325e-85,"Tumor Edge","TIMM8B"
2.99935163569711e-109,0.776755554666884,0.319,0.107,5.36763968724355e-105,"Tumor Edge","KIF13A"
2.23258872289697e-136,0.775170388929873,0.488,0.188,3.99544077849642e-132,"Tumor Edge","PTGES3"
2.55968062660665e-99,0.774805570146892,0.375,0.147,4.58080444937525e-95,"Tumor Edge","UBE2Q1"
4.50502565097597e-72,0.77287591835209,0.292,0.117,8.06219390498659e-68,"Tumor Edge","SERP1"
1.03255832297895e-130,0.767699594162366,0.615,0.29,1.84786637480314e-126,"Tumor Edge","ERGIC3"
3.04782815213591e-91,0.767317188099865,0.324,0.122,5.45439326106243e-87,"Tumor Edge","NDUFS8"
1.35625096321731e-202,0.762018142701472,0.943,0.63,2.4271467237737e-198,"Tumor Edge","GSTP1"
6.5357168209559e-72,0.756772237948923,0.254,0.095,1.16963188227827e-67,"Tumor Edge","GM2A"
1.21674493561528e-102,0.756165390562608,0.379,0.147,2.1774867367771e-98,"Tumor Edge","ANP32B"
1.09645194962568e-115,0.755366149621696,0.423,0.16,1.96221040905012e-111,"Tumor Edge","BICD2"
6.03293769983565e-78,0.751494166883855,0.263,0.095,1.07965453076259e-73,"Tumor Edge","BLOC1S2"
1.22751682131607e-93,0.750988716028574,0.331,0.125,2.19676410342725e-89,"Tumor Edge","ADIPOR1"
1.6661060075424e-66,0.747348331868926,0.276,0.112,2.98166331109789e-62,"Tumor Edge","STT3A"
3.13176387579809e-82,0.746700323610019,0.327,0.13,5.60460463212825e-78,"Tumor Edge","SSU72"
6.92907924199106e-120,0.743746344368845,0.511,0.222,1.24002802114672e-115,"Tumor Edge","PRDX5"
7.12094818484304e-76,0.739359541918068,0.254,0.09,1.27436488715951e-71,"Tumor Edge","TIMMDC1"
1.8936535482253e-77,0.733841086241864,0.316,0.128,3.388882389904e-73,"Tumor Edge","ATXN10"
2.08252288224586e-99,0.730951352980677,0.434,0.185,3.72688295006719e-95,"Tumor Edge","ILRUN"
2.43993107138111e-125,0.726851933114965,0.526,0.226,4.36650064534363e-121,"Tumor Edge","CD151"
1.33764504962727e-91,0.723444022368161,0.406,0.173,2.39384958081296e-87,"Tumor Edge","EEF1D"
5.39104467645258e-135,0.723216694703348,0.542,0.223,9.64781355297955e-131,"Tumor Edge","SDC1"
3.97110558269087e-126,0.722864614311616,0.593,0.275,7.10669055078358e-122,"Tumor Edge","CD164"
5.24520577927443e-78,0.718823111281629,0.348,0.148,9.38682026258952e-74,"Tumor Edge","YIF1A"
8.58594433941908e-69,0.718154864060673,0.296,0.123,1.53654059898244e-64,"Tumor Edge","AMOTL1"
2.27169650490531e-121,0.716444107363881,0.56,0.253,4.06542806517854e-117,"Tumor Edge","FKBP8"
1.78683980773873e-145,0.715687888339611,0.662,0.305,3.19772851992922e-141,"Tumor Edge","ACTN1"
1.28507298257643e-83,0.712378820443206,0.364,0.152,2.29976660961878e-79,"Tumor Edge","ADAR"
1.89659030900855e-86,0.710134178406937,0.369,0.154,3.39413801700169e-82,"Tumor Edge","RALA"
1.66633476997594e-91,0.708741300125721,0.382,0.156,2.98207270434894e-87,"Tumor Edge","SNRPD1"
6.3065232974022e-128,0.708262581519961,0.436,0.161,1.1286154093031e-123,"Tumor Edge","CD9"
3.26745380487645e-122,0.70678084332149,0.522,0.222,5.84743532920689e-118,"Tumor Edge","PFDN5"
3.28291250463187e-118,0.705911786782118,0.625,0.311,5.8751002182892e-114,"Tumor Edge","COX6A1"
7.3777911163837e-53,0.70549089933256,0.258,0.113,1.32032949818803e-48,"Tumor Edge","TMEM123"
2.17745962435041e-74,0.701990159233972,0.307,0.125,3.8967817437375e-70,"Tumor Edge","NDUFA11"
2.93680227628358e-143,0.698812396890372,0.718,0.362,5.25570135363709e-139,"Tumor Edge","GNB1"
7.57415998243778e-81,0.698038698050558,0.315,0.124,1.35547167045707e-76,"Tumor Edge","LAMP2"
5.30064709647125e-107,0.696834112835724,0.561,0.27,9.48603804384495e-103,"Tumor Edge","PDIA4"
4.5240826896442e-118,0.69632402910005,0.521,0.229,8.09629838138725e-114,"Tumor Edge","DSTN"
4.14902764224945e-67,0.693273194884528,0.257,0.099,7.42509986856961e-63,"Tumor Edge","EPN1"
1.83549833538732e-92,0.69315244437407,0.331,0.125,3.28480782100914e-88,"Tumor Edge","ARPC5L"
1.31429284173271e-68,0.692990785075173,0.3,0.124,2.35205846956487e-64,"Tumor Edge","LAPTM4B"
5.00096988200361e-116,0.69233482433569,0.437,0.17,8.94973570083366e-112,"Tumor Edge","CYCS"
5.68067368832638e-143,0.691372905533679,0.522,0.203,1.01661336326289e-138,"Tumor Edge","ARPC3"
6.69685804239487e-123,0.69120787850161,0.592,0.275,1.19846971526699e-118,"Tumor Edge","SDHA"
3.17268091516107e-85,0.690277500619369,0.424,0.191,5.67782976577225e-81,"Tumor Edge","PPP1CB"
1.16412905862806e-143,0.690022352538175,0.864,0.559,2.08332536332077e-139,"Tumor Edge","PLEC"
7.8850975639308e-75,0.687097310490552,0.316,0.128,1.41111706004106e-70,"Tumor Edge","UBE2H"
1.81770083623464e-70,0.685077161148482,0.36,0.163,3.25295741652551e-66,"Tumor Edge","RAB5A"
9.50719496223069e-72,0.684927296972015,0.351,0.156,1.7014076104408e-67,"Tumor Edge","MTPN"
3.18191314159164e-74,0.683581963158123,0.335,0.143,5.6943517581924e-70,"Tumor Edge","SF3B6"
3.97032389232981e-74,0.682748392598337,0.27,0.101,7.10529163771343e-70,"Tumor Edge","RAPGEF1"
1.46498662952479e-105,0.681235129893864,0.367,0.136,2.62174007219757e-101,"Tumor Edge","SEC13"
1.10264577349025e-88,0.679563216044283,0.324,0.122,1.97329487623814e-84,"Tumor Edge","PABPC4"
7.39222162842274e-86,0.678766793831759,0.417,0.187,1.32291198262253e-81,"Tumor Edge","LAMTOR1"
9.12341730168095e-93,0.67787177740627,0.376,0.152,1.63272676030882e-88,"Tumor Edge","RNH1"
5.11519270480295e-72,0.677671082360112,0.316,0.132,9.15414886451536e-68,"Tumor Edge","DEGS1"
1.27411557926617e-69,0.67496132625677,0.334,0.146,2.28015724065474e-65,"Tumor Edge","DDT"
2.40748754651532e-115,0.673101802058607,0.378,0.136,4.30843971324381e-111,"Tumor Edge","RBP1"
1.09376559429565e-64,0.671254785748915,0.3,0.128,1.9574029075515e-60,"Tumor Edge","MAPK1IP1L"
2.803725902391e-93,0.670572025430064,0.283,0.096,5.01754787491893e-89,"Tumor Edge","POLE3"
1.12533825357956e-81,0.66844524406657,0.273,0.097,2.01390533860599e-77,"Tumor Edge","CSNK2B"
7.34886017859082e-115,0.667456754427749,0.548,0.249,1.31515201756061e-110,"Tumor Edge","FAM120A"
1.81289759817656e-115,0.666509735367821,0.59,0.281,3.24436154169677e-111,"Tumor Edge","SLC25A3"
3.43921343706814e-130,0.665972397565354,0.447,0.165,6.15481636697714e-126,"Tumor Edge","GPNMB"
6.39044820854258e-69,0.661511710150501,0.256,0.097,1.14363461140078e-64,"Tumor Edge","WDR26"
7.30329094951369e-73,0.659863115895608,0.301,0.122,1.30699694832497e-68,"Tumor Edge","C14orf119"
4.45947009397309e-71,0.65912174434726,0.256,0.096,7.98066768017425e-67,"Tumor Edge","PRXL2A"
4.46943395266135e-116,0.657407233043205,0.459,0.187,7.99849900168275e-112,"Tumor Edge","ERH"
6.94099631651864e-108,0.652429399180565,0.467,0.198,1.24216070080418e-103,"Tumor Edge","SND1"
6.75750362487343e-49,0.651129432847428,0.251,0.112,1.20932284870735e-44,"Tumor Edge","KXD1"
3.73985781381597e-77,0.648309970288553,0.31,0.124,6.69284954360506e-73,"Tumor Edge","EIF3H"
1.09824016758373e-58,0.642800774239711,0.274,0.118,1.96541060390783e-54,"Tumor Edge","CD109"
6.28315704239917e-70,0.642552710592367,0.283,0.112,1.12443378430775e-65,"Tumor Edge","FIS1"
9.38642067555288e-83,0.64161832465176,0.435,0.198,1.67979384409694e-78,"Tumor Edge","TAF10"
7.4459625564989e-128,0.640903812872212,0.718,0.383,1.33252945911104e-123,"Tumor Edge","POLR2L"
1.99050193750565e-99,0.640762010639993,0.504,0.23,3.56220226736011e-95,"Tumor Edge","TMEM230"
1.63398392586726e-70,0.638923739164817,0.314,0.132,2.92417763373205e-66,"Tumor Edge","COPA"
9.43893101914847e-89,0.637700455059925,0.358,0.144,1.68919109518681e-84,"Tumor Edge","TRAPPC5"
1.89628961723859e-97,0.636971542736702,0.432,0.184,3.39359989901018e-93,"Tumor Edge","RER1"
1.17864642782324e-115,0.636595144540395,0.563,0.264,2.10930564723248e-111,"Tumor Edge","RPN2"
2.11422119934145e-72,0.633178376260427,0.388,0.179,3.78361025834145e-68,"Tumor Edge","PSMD11"
2.49360763770111e-78,0.63135341017977,0.304,0.118,4.4625602284299e-74,"Tumor Edge","NDUFB10"
8.89464016166753e-94,0.628917080424332,0.425,0.182,1.59178480333202e-89,"Tumor Edge","MAGED1"
2.91694905963461e-121,0.628700320836791,0.808,0.499,5.2201720371221e-117,"Tumor Edge","APP"
2.48026476971405e-183,0.627441817888547,0.59,0.208,4.43868183188026e-179,"Tumor Edge","TRIM29"
5.64879190992871e-70,0.62738884707693,0.32,0.137,1.01090780020084e-65,"Tumor Edge","ZMPSTE24"
1.27709715753276e-81,0.626875778951868,0.412,0.186,2.28549307312063e-77,"Tumor Edge","ATP5ME"
1.15027324299868e-69,0.626402998630351,0.274,0.108,2.05852899567044e-65,"Tumor Edge","SEPTIN10"
2.00072754860984e-71,0.622723544763021,0.292,0.116,3.58050202099216e-67,"Tumor Edge","KHDRBS1"
1.44880043844374e-83,0.622185386969041,0.365,0.152,2.59277326463892e-79,"Tumor Edge","PGK1"
1.41142717390396e-72,0.621905566673245,0.317,0.132,2.52589007041853e-68,"Tumor Edge","BMP1"
2.9327392409435e-97,0.621630720943292,0.438,0.189,5.24843014559249e-93,"Tumor Edge","PMEPA1"
1.55468676889998e-101,0.621607198702365,0.49,0.216,2.7822674416234e-97,"Tumor Edge","EIF4G1"
6.47383386541331e-76,0.621069882844928,0.352,0.15,1.15855730855437e-71,"Tumor Edge","NDUFB6"
7.06877837960103e-145,0.619712240734441,0.678,0.311,1.2650285788134e-140,"Tumor Edge","INHBA"
7.9349109063991e-63,0.618156736981182,0.299,0.13,1.42003165580918e-58,"Tumor Edge","PICALM"
2.51284664511988e-140,0.615768451512612,0.74,0.38,4.49699035610653e-136,"Tumor Edge","TMED2"
1.15970636388442e-104,0.615234958343172,0.618,0.314,2.07541050880756e-100,"Tumor Edge","NME2"
1.78818282639068e-92,0.612735729560661,0.428,0.184,3.20013198610876e-88,"Tumor Edge","CLSTN1"
2.2888422260952e-85,0.61219388029283,0.376,0.158,4.09611204781996e-81,"Tumor Edge","PEBP1"
1.66218866822103e-84,0.611601158631882,0.437,0.199,2.97465284064836e-80,"Tumor Edge","COX6C"
4.38449899924264e-58,0.609740533496644,0.279,0.122,7.84649940904463e-54,"Tumor Edge","CUTA"
7.6313486396945e-75,0.607922290807034,0.352,0.152,1.36570615255973e-70,"Tumor Edge","PTPA"
1.07012773779408e-55,0.607214890058425,0.288,0.129,1.91510059955629e-51,"Tumor Edge","CHMP3"
1.25209309775972e-134,0.607142512889006,0.659,0.304,2.24074580775079e-130,"Tumor Edge","SPON2"
2.48044923397604e-66,0.606991234292624,0.25,0.096,4.43901194912352e-62,"Tumor Edge","MOB3B"
2.24103951079275e-137,0.606702204464198,0.91,0.643,4.01056430851471e-133,"Tumor Edge","S100A10"
1.4006332715448e-58,0.604882150472438,0.254,0.104,2.50657330275658e-54,"Tumor Edge","UBA1"
5.43324815064918e-71,0.604770204400343,0.262,0.098,9.72334089040177e-67,"Tumor Edge","HIST1H4D"
7.27616627275053e-110,0.604693612394554,0.57,0.268,1.30214271617144e-105,"Tumor Edge","DEK"
1.51126941309776e-83,0.600771550276046,0.438,0.201,2.70456774167974e-79,"Tumor Edge","SYNE2"
1.34690521794546e-102,0.600468941909374,0.426,0.172,2.4104215780352e-98,"Tumor Edge","MMP11"
1.22174928863913e-91,0.599888828081333,0.509,0.242,2.18644252694859e-87,"Tumor Edge","AP2S1"
1.08692520355368e-103,0.592820197898649,0.627,0.319,1.94516134427967e-99,"Tumor Edge","YWHAQ"
1.2015635774297e-92,0.592360853489074,0.609,0.319,2.15031817816818e-88,"Tumor Edge","FKBP1A"
6.10802600039616e-91,0.591433417868394,0.46,0.21,1.0930923330309e-86,"Tumor Edge","RABAC1"
8.54452183262126e-90,0.589168131758488,0.511,0.245,1.5291276271659e-85,"Tumor Edge","APLP2"
5.96747551915448e-76,0.589157764045499,0.28,0.106,1.06793941890789e-71,"Tumor Edge","STARD10"
9.73057870452217e-63,0.58385793786025,0.347,0.161,1.74138436496129e-58,"Tumor Edge","NAP1L4"
4.87247024962764e-56,0.582922305536863,0.33,0.157,8.71977275873363e-52,"Tumor Edge","SLIRP"
9.75171112158267e-83,0.58291734849341,0.436,0.202,1.74516622231843e-78,"Tumor Edge","GTF2I"
1.56891247091876e-89,0.58272035133429,0.495,0.235,2.80772575795622e-85,"Tumor Edge","SUMO3"
1.10808507032573e-80,0.581187984783291,0.417,0.188,1.98302904185493e-76,"Tumor Edge","PTK2"
3.36611707079385e-70,0.580734403088073,0.395,0.186,6.02400310989267e-66,"Tumor Edge","MSN"
1.44512033778085e-90,0.579944485234194,0.433,0.19,2.58618735649261e-86,"Tumor Edge","ILF3"
3.14457895410227e-69,0.579742366394849,0.357,0.161,5.62753849626141e-65,"Tumor Edge","PPP2R5C"
1.47166529743221e-64,0.579501966997121,0.307,0.132,2.63369221628468e-60,"Tumor Edge","SLC31A1"
4.93178994813896e-91,0.579492059564081,0.561,0.286,8.82593129118947e-87,"Tumor Edge","HNRNPA2B1"
5.23665907721531e-111,0.578680202332686,0.571,0.267,9.37152508458452e-107,"Tumor Edge","ANXA5"
2.55758730683878e-80,0.577583502012803,0.417,0.19,4.57705824431868e-76,"Tumor Edge","RAB7A"
2.69788882067031e-75,0.576813375750187,0.381,0.171,4.82814183347158e-71,"Tumor Edge","SLC2A4RG"
4.2637195801955e-95,0.573308445420667,0.578,0.293,7.63035256071787e-91,"Tumor Edge","GPX4"
6.22610688071885e-53,0.570593045964832,0.269,0.119,1.11422408737345e-48,"Tumor Edge","CCT7"
1.3840887940142e-66,0.566374250469607,0.389,0.186,2.4769653057678e-62,"Tumor Edge","COMT"
2.98292569013218e-48,0.564237359897326,0.25,0.112,5.33824381506055e-44,"Tumor Edge","CBX3"
9.69142462768751e-64,0.563516060059106,0.368,0.174,1.73437735137096e-59,"Tumor Edge","SSR3"
6.00159518834556e-63,0.56160501875551,0.261,0.105,1.07404547490632e-58,"Tumor Edge","LEPROT"
3.34825914665565e-61,0.561474652348831,0.316,0.141,5.99204456885495e-57,"Tumor Edge","ETS2"
7.008284828603e-70,0.561372231087889,0.371,0.169,1.25420265292679e-65,"Tumor Edge","DYNC1H1"
4.88670498661967e-48,0.559284999985148,0.269,0.125,8.74524724405456e-44,"Tumor Edge","GDI1"
2.92714172835913e-70,0.555043020750914,0.443,0.219,5.2384128370715e-66,"Tumor Edge","PLXNB2"
2.28872490560648e-72,0.5534538188289,0.39,0.181,4.09590209107335e-68,"Tumor Edge","SUMO1"
5.29090899526387e-136,0.553322018051217,0.857,0.497,9.46861073792422e-132,"Tumor Edge","TNC"
9.29123621073415e-50,0.552308884997754,0.253,0.112,1.66275963227298e-45,"Tumor Edge","OSTF1"
4.81310938849324e-59,0.549645081390774,0.254,0.104,8.61354056164751e-55,"Tumor Edge","UBTF"
3.25860399345939e-47,0.548290812247215,0.254,0.116,5.83159770669493e-43,"Tumor Edge","BNIP3L"
9.60017620448418e-56,0.547074797025165,0.273,0.12,1.71804753355449e-51,"Tumor Edge","POLR1D"
3.98626113492417e-54,0.545187091205556,0.277,0.123,7.1338129270603e-50,"Tumor Edge","TXNDC12"
7.9758978530289e-49,0.54366633985368,0.252,0.113,1.42736667977805e-44,"Tumor Edge","BET1L"
8.85641274904067e-62,0.543262717216521,0.291,0.125,1.58494362556832e-57,"Tumor Edge","ADH5"
8.67121237030558e-67,0.542276408624337,0.376,0.176,1.55180016578989e-62,"Tumor Edge","XRCC5"
1.254598728577e-82,0.542073788097268,0.344,0.138,2.2452298846614e-78,"Tumor Edge","YIPF3"
6.38485126621825e-51,0.532507490120678,0.278,0.127,1.14263298260242e-46,"Tumor Edge","CLTA"
4.46378923323107e-59,0.532336134511096,0.335,0.156,7.98839721179032e-55,"Tumor Edge","HINT1"
4.13351476991004e-96,0.530404545738901,0.536,0.253,7.39733803223101e-92,"Tumor Edge","ASPH"
8.24836424859145e-127,0.530078186929179,0.475,0.181,1.47612726592792e-122,"Tumor Edge","ATP1B1"
5.75226660361853e-57,0.529519789768988,0.296,0.133,1.02942563138357e-52,"Tumor Edge","DDB1"
1.26377792550291e-52,0.527416123664062,0.261,0.114,2.26165697548e-48,"Tumor Edge","MVP"
2.74917153238336e-60,0.526718839153231,0.327,0.149,4.91991737435326e-56,"Tumor Edge","SEC61G"
2.43008537566011e-60,0.526679228186212,0.296,0.129,4.34888078828133e-56,"Tumor Edge","THOC7"
9.28072559549341e-71,0.524300587241227,0.358,0.161,1.6608786525695e-66,"Tumor Edge","SSR4"
7.7473305154991e-96,0.523932687611481,0.513,0.241,1.38646226905372e-91,"Tumor Edge","CALM3"
1.30624731686999e-53,0.523519192072665,0.254,0.109,2.33766019827054e-49,"Tumor Edge","ZBTB7A"
1.71184016621298e-74,0.523254366008297,0.44,0.211,3.06350916145475e-70,"Tumor Edge","BCL2L2"
2.31422648081699e-65,0.523078717603466,0.396,0.192,4.14153971007008e-61,"Tumor Edge","WASF2"
4.72314548833073e-170,0.522717856585956,0.608,0.226,8.45254116591668e-166,"Tumor Edge","JUP"
1.67344624055082e-59,0.515058452242474,0.272,0.114,2.99479939208975e-55,"Tumor Edge","TES"
2.43012968892889e-57,0.514604893108544,0.301,0.135,4.34896009130714e-53,"Tumor Edge","DCTN1"
4.62098875933434e-79,0.513245245808438,0.484,0.238,8.26972148370473e-75,"Tumor Edge","ATP5MF"
2.62990281801873e-102,0.513071412428432,0.768,0.451,4.70647408312631e-98,"Tumor Edge","CHCHD2"
2.91184286693647e-68,0.512319492633204,0.277,0.11,5.21103399466952e-64,"Tumor Edge","NHP2"
6.39117218396073e-61,0.512211557776339,0.307,0.136,1.14376417404161e-56,"Tumor Edge","WDR83OS"
5.30299118547708e-44,0.509730311580585,0.299,0.15,9.49023302552978e-40,"Tumor Edge","PSMB8"
4.7016893290257e-80,0.506467894620193,0.399,0.176,8.4141432232244e-76,"Tumor Edge","PSMD4"
3.84272814323241e-104,0.506420033519751,0.475,0.203,6.87694628512872e-100,"Tumor Edge","IGFBP3"
2.50047949758083e-69,0.506147167712138,0.378,0.174,4.47485810887065e-65,"Tumor Edge","TRMT112"
2.13022146307551e-62,0.505260847701813,0.346,0.159,3.81224433031993e-58,"Tumor Edge","PSMA4"
4.24678340230868e-90,0.502583040050137,0.526,0.254,7.6000435767716e-86,"Tumor Edge","CNDP2"
1.2587365655936e-60,0.501783433809973,0.333,0.153,2.25263495778631e-56,"Tumor Edge","MTDH"
2.83591414167229e-252,3.02710214549093,0.458,0.08,5.07515194793674e-248,"Suprabasal Keratinocytes","IGFBP2"
1.98087129160708e-305,2.87990534330228,0.629,0.141,3.54496726346003e-301,"Suprabasal Keratinocytes","NDRG1"
2.82309176105085e-88,2.87140992227014,0.317,0.093,5.0522050155766e-84,"Suprabasal Keratinocytes","SPP1"
4.93808579532584e-156,2.7746230498691,0.424,0.106,8.83719833931513e-152,"Suprabasal Keratinocytes","MMP9"
1.23610455046337e-153,2.72829509768533,0.293,0.049,2.21213270350925e-149,"Suprabasal Keratinocytes","CASP14"
3.29611631588287e-217,2.66392199455862,0.435,0.081,5.89872975890399e-213,"Suprabasal Keratinocytes","GJB6"
1.66238866894136e-160,2.61946474995705,0.263,0.037,2.97501076193746e-156,"Suprabasal Keratinocytes","DYNLT3"
1.00382179211245e-152,2.54963503546459,0.361,0.076,1.79643947916444e-148,"Suprabasal Keratinocytes","CITED4"
6.07993852622505e-186,2.52334457425547,0.344,0.056,1.08806579865323e-181,"Suprabasal Keratinocytes","FEM1B"
1.691846086546e-134,2.50865501594778,0.252,0.041,3.02772775648272e-130,"Suprabasal Keratinocytes","CDKN2B"
0,2.49992908296722,0.997,0.482,0,"Suprabasal Keratinocytes","KRT16"
6.11656765982892e-219,2.46743775864078,0.504,0.112,1.09462094840298e-214,"Suprabasal Keratinocytes","PKP1"
1.28950481397913e-316,2.46093618127391,0.825,0.291,2.30769781509705e-312,"Suprabasal Keratinocytes","SLC2A1"
8.49721516020208e-211,2.44421748025409,0.534,0.131,1.52066162506976e-206,"Suprabasal Keratinocytes","CLCA2"
3.55529940518699e-213,2.42676982713849,0.607,0.178,6.36256381552263e-209,"Suprabasal Keratinocytes","GPNMB"
5.14810530881793e-144,2.42324419363722,0.422,0.111,9.21304926066058e-140,"Suprabasal Keratinocytes","ESRP1"
8.22219962163621e-281,2.3968525965202,0.353,0.036,1.47144484428802e-276,"Suprabasal Keratinocytes","LY6D"
7.43607776082444e-166,2.35853805704792,0.487,0.134,1.33076047607714e-161,"Suprabasal Keratinocytes","KRT10"
3.17227109040982e-129,2.35178124835689,0.358,0.087,5.67709634339742e-125,"Suprabasal Keratinocytes","CBR1"
6.36542981722172e-112,2.34075256277285,0.339,0.087,1.13915732009e-107,"Suprabasal Keratinocytes","ST14"
3.99894600126061e-159,2.33844797543948,0.317,0.055,7.15651376385598e-155,"Suprabasal Keratinocytes","DSG3"
1.95057492427204e-147,2.29183864201231,0.444,0.119,3.49074888447724e-143,"Suprabasal Keratinocytes","AHNAK2"
4.47763912748445e-190,2.28875733143164,0.406,0.077,8.01318298254617e-186,"Suprabasal Keratinocytes","LYPD3"
1.86150860811841e-105,2.28297176496654,0.268,0.058,3.3313558050887e-101,"Suprabasal Keratinocytes","EGLN3"
6.4277820934644e-175,2.27259983778297,0.49,0.128,1.15031588344639e-170,"Suprabasal Keratinocytes","MMP3"
4.36238348675172e-112,2.26936445667484,0.34,0.087,7.80692148789088e-108,"Suprabasal Keratinocytes","PPP2R2C"
1.76424255841519e-270,2.26513500815378,0.739,0.231,3.15728848253982e-266,"Suprabasal Keratinocytes","DSP"
4.20919327402788e-310,2.26101836402442,0.847,0.315,7.5327722832003e-306,"Suprabasal Keratinocytes","PERP"
7.90134314718415e-110,2.24924130693921,0.315,0.077,1.41402436962008e-105,"Suprabasal Keratinocytes","SERPINB5"
1.01868419743498e-100,2.24156404203669,0.261,0.057,1.82303723972965e-96,"Suprabasal Keratinocytes","FAM83B"
2.60556581440717e-187,2.23962816986309,0.63,0.216,4.66292058146307e-183,"Suprabasal Keratinocytes","IGFBP3"
3.00288937994684e-98,2.22377427279546,0.306,0.079,5.37397083435286e-94,"Suprabasal Keratinocytes","RNF141"
4.53828348477751e-194,2.21488239548784,0.585,0.172,8.12171212435783e-190,"Suprabasal Keratinocytes","BICD2"
4.92452712538907e-111,2.20591311446997,0.344,0.089,8.81293374359627e-107,"Suprabasal Keratinocytes","HM13"
2.86950755147584e-111,2.17577470431,0.371,0.103,5.13527071412116e-107,"Suprabasal Keratinocytes","OLFML2A"
0,2.17176865053224,0.845,0.204,0,"Suprabasal Keratinocytes","FABP5"
0,2.16916284724072,0.988,0.599,0,"Suprabasal Keratinocytes","KRT5"
0,2.16785187537666,0.992,0.649,0,"Suprabasal Keratinocytes","KRT14"
0,2.14597410929832,0.931,0.243,0,"Suprabasal Keratinocytes","KRT6B"
3.03643897674767e-129,2.14234701665059,0.386,0.101,5.43401119278763e-125,"Suprabasal Keratinocytes","PRXL2A"
3.0507897476506e-118,2.1358982812081,0.399,0.113,5.4596933323955e-114,"Suprabasal Keratinocytes","CSPG4"
0,2.12258156667997,0.933,0.447,0,"Suprabasal Keratinocytes","COL17A1"
5.77281494500067e-121,2.11785369529396,0.279,0.055,1.03310296255732e-116,"Suprabasal Keratinocytes","DSC2"
4.52690263863126e-128,2.11657079647845,0.421,0.119,8.10134496209451e-124,"Suprabasal Keratinocytes","ADM"
6.6659299644073e-127,2.08884254142119,0.384,0.099,1.19293482643033e-122,"Suprabasal Keratinocytes","HIST1H2AC"
1.24658948318747e-113,2.08767824415383,0.34,0.086,2.2308965391123e-109,"Suprabasal Keratinocytes","EFNA1"
9.11705927389858e-97,2.08730728238346,0.354,0.105,1.63158892765689e-92,"Suprabasal Keratinocytes","LARGE2"
3.86865341053496e-221,2.055850990894,0.701,0.235,6.92334214349337e-217,"Suprabasal Keratinocytes","TRIM29"
9.30286383291606e-197,2.01993613425113,0.666,0.23,1.66484051153866e-192,"Suprabasal Keratinocytes","FXYD3"
3.05118926849299e-278,2.01653717974368,0.886,0.389,5.46040831489505e-274,"Suprabasal Keratinocytes","CXCL14"
9.00997983857305e-85,2.00560315143359,0.338,0.105,1.61242599191103e-80,"Suprabasal Keratinocytes","IRF6"
4.26745579106995e-82,1.97881304232091,0.276,0.074,7.63703888369877e-78,"Suprabasal Keratinocytes","NEFL"
1.73441803450593e-72,1.94931920701871,0.255,0.07,3.10391451455182e-68,"Suprabasal Keratinocytes","ENDOD1"
1.10627441195402e-71,1.93179008913088,0.279,0.083,1.97978868763291e-67,"Suprabasal Keratinocytes","SESN3"
0,1.92949024341079,0.651,0.105,0,"Suprabasal Keratinocytes","AQP3"
0,1.9160224278706,0.99,0.625,0,"Suprabasal Keratinocytes","MMP1"
2.64549726091059e-79,1.90564606697727,0.279,0.077,4.7343818981256e-75,"Suprabasal Keratinocytes","LPAR3"
6.96575176582673e-101,1.89995148925869,0.331,0.088,1.24659093601235e-96,"Suprabasal Keratinocytes","FAM102A"
1.52712302930821e-58,1.89596943106953,0.255,0.082,2.73293937324998e-54,"Suprabasal Keratinocytes","ITGA2"
4.89335827334971e-82,1.87684182204309,0.299,0.086,8.75715396598664e-78,"Suprabasal Keratinocytes","ABLIM1"
6.90097110266829e-108,1.87137758989564,0.389,0.116,1.23499778853352e-103,"Suprabasal Keratinocytes","NECTIN1"
7.15845202620478e-148,1.83931977562451,0.61,0.227,1.28107657460961e-143,"Suprabasal Keratinocytes","DDR1"
3.24322437418969e-204,1.83731920380001,0.763,0.297,5.80407434004988e-200,"Suprabasal Keratinocytes","MMP10"
4.44597410408866e-218,1.83601772902584,0.832,0.406,7.95651525667707e-214,"Suprabasal Keratinocytes","GJA1"
9.94525765736069e-86,1.83303641549005,0.344,0.106,1.77980331036127e-81,"Suprabasal Keratinocytes","DNAJB2"
7.4664376027691e-59,1.82333725989457,0.254,0.081,1.33619367339156e-54,"Suprabasal Keratinocytes","SH3D19"
1.49680887148418e-76,1.81456961953375,0.298,0.089,2.67868915640808e-72,"Suprabasal Keratinocytes","ITGB6"
4.32151674358334e-82,1.77853837854327,0.318,0.096,7.73378636431675e-78,"Suprabasal Keratinocytes","CDH1"
1.5054113990334e-73,1.77738381136026,0.309,0.097,2.69408423971017e-69,"Suprabasal Keratinocytes","CD24"
8.89837769525123e-80,1.76385225174764,0.331,0.104,1.59245367234216e-75,"Suprabasal Keratinocytes","PPP1R15A"
2.59551073509553e-86,1.7163289036415,0.408,0.144,4.64492601152696e-82,"Suprabasal Keratinocytes","LTBP1"
1.11695416910022e-114,1.71403813977428,0.557,0.223,1.99890118102176e-110,"Suprabasal Keratinocytes","GRN"
2.87069358154787e-84,1.70379302469359,0.34,0.104,5.13739323353806e-80,"Suprabasal Keratinocytes","ITPR3"
1.11112331028609e-83,1.68011819747204,0.288,0.078,1.98846627608798e-79,"Suprabasal Keratinocytes","DUSP14"
3.1475039438387e-78,1.67438633440407,0.374,0.129,5.63277305789373e-74,"Suprabasal Keratinocytes","FAM89B"
2.58971424522082e-93,1.67253430092028,0.331,0.093,4.63455261324717e-89,"Suprabasal Keratinocytes","PPARD"
8.49031145741024e-88,1.66856277341238,0.415,0.149,1.51942613841814e-83,"Suprabasal Keratinocytes","LAD1"
1.42842161696274e-60,1.66629824651391,0.293,0.1,2.55630332571652e-56,"Suprabasal Keratinocytes","TUBB2A"
7.53464491344325e-87,1.66415365073408,0.392,0.131,1.3484000537098e-82,"Suprabasal Keratinocytes","SLC7A8"
1.97093431214428e-64,1.65551530750049,0.294,0.097,3.52718404501341e-60,"Suprabasal Keratinocytes","MINK1"
6.98214320187405e-57,1.64475670131258,0.277,0.094,1.24952434740738e-52,"Suprabasal Keratinocytes","LRRC8A"
4.21049148512683e-101,1.64390258843862,0.515,0.202,7.53509556178297e-97,"Suprabasal Keratinocytes","PPP1R14C"
1.4910597862427e-101,1.63751234678283,0.474,0.171,2.66840059345993e-97,"Suprabasal Keratinocytes","IGF1R"
8.12837766911252e-144,1.63530114974369,0.734,0.372,1.45465446766438e-139,"Suprabasal Keratinocytes","DST"
8.63060414813453e-54,1.62525839547449,0.279,0.098,1.54453291835015e-49,"Suprabasal Keratinocytes","CELSR1"
7.39445951417537e-119,1.61717515414713,0.591,0.243,1.32331247465682e-114,"Suprabasal Keratinocytes","CDKN1A"
1.54017656990066e-162,1.60980491409386,0.668,0.256,2.75629998949422e-158,"Suprabasal Keratinocytes","JUP"
3.9772739846131e-57,1.57525413973112,0.257,0.083,7.1177295228636e-53,"Suprabasal Keratinocytes","TMEM134"
7.13287997101256e-58,1.53529908837138,0.257,0.082,1.27650019961241e-53,"Suprabasal Keratinocytes","EZR"
1.11661003949075e-54,1.52397582845877,0.264,0.089,1.99828532667264e-50,"Suprabasal Keratinocytes","MAF"
3.71462529419458e-110,1.50280886815172,0.606,0.258,6.64769342649062e-106,"Suprabasal Keratinocytes","COL7A1"
2.65247949172387e-66,1.46814108811239,0.481,0.221,4.74687729838903e-62,"Suprabasal Keratinocytes","PLAUR"
1.93105809799411e-122,1.44618271250101,0.408,0.11,3.45582157217025e-118,"Suprabasal Keratinocytes","S100A14"
6.36621842828995e-89,1.41797699413275,0.43,0.154,1.13929844992677e-84,"Suprabasal Keratinocytes","RBP1"
1.81238316041403e-64,1.40670725453922,0.474,0.222,3.24344090387695e-60,"Suprabasal Keratinocytes","SLC38A2"
1.61930620491221e-60,1.36436827337489,0.417,0.178,2.89791038431089e-56,"Suprabasal Keratinocytes","PTPRF"
1.73323202500846e-42,1.35394756579567,0.316,0.136,3.10179203195514e-38,"Suprabasal Keratinocytes","FERMT1"
3.77529743367006e-56,1.3531454020333,0.322,0.12,6.75627228729595e-52,"Suprabasal Keratinocytes","TMEM54"
1.93572361372027e-54,1.35110529914921,0.375,0.16,3.46417097911379e-50,"Suprabasal Keratinocytes","MDFI"
1.60649683719342e-47,1.3387575121161,0.303,0.12,2.87498673984135e-43,"Suprabasal Keratinocytes","STARD10"
6.4109519845342e-87,1.33458020327574,0.623,0.307,1.14730396715224e-82,"Suprabasal Keratinocytes","MMP13"
8.91629538421344e-56,1.32199949336276,0.366,0.151,1.59566022195884e-51,"Suprabasal Keratinocytes","PKP3"
4.25186367440757e-62,1.29631469275648,0.429,0.187,7.60913523171979e-58,"Suprabasal Keratinocytes","SPINT2"
2.81248865027942e-62,1.28152398351257,0.429,0.187,5.03322968854005e-58,"Suprabasal Keratinocytes","CD9"
7.43780170988235e-41,1.27962382957481,0.286,0.118,1.33106899400054e-36,"Suprabasal Keratinocytes","CKB"
3.1112144882361e-73,1.27621285975958,0.561,0.284,5.56782944814733e-69,"Suprabasal Keratinocytes","DYNLL1"
8.09480061680465e-41,1.27145326846772,0.307,0.132,1.44864551838336e-36,"Suprabasal Keratinocytes","SERP1"
7.56713914545803e-99,1.25537376498792,0.665,0.321,1.35421522147117e-94,"Suprabasal Keratinocytes","LAMB3"
3.36110828930123e-34,1.2361047163203,0.315,0.148,6.01503939453348e-30,"Suprabasal Keratinocytes","GRSF1"
5.03251408728908e-110,1.22391831206954,0.719,0.362,9.00618721061254e-106,"Suprabasal Keratinocytes","ITGA6"
1.1418039507509e-90,1.18465303282747,0.692,0.387,2.0433723502638e-86,"Suprabasal Keratinocytes","CD44"
5.34113894482295e-62,1.18404084770024,0.481,0.22,9.55850225565516e-58,"Suprabasal Keratinocytes","IVNS1ABP"
8.41047165614527e-30,1.17980168982842,0.255,0.116,1.50513800758376e-25,"Suprabasal Keratinocytes","FBLIM1"
7.4987871859137e-57,1.17923687315055,0.498,0.256,1.34198295479112e-52,"Suprabasal Keratinocytes","SDC1"
2.43949583572361e-45,1.17731987684051,0.363,0.166,4.36572174761097e-41,"Suprabasal Keratinocytes","TMBIM1"
1.67786729369066e-30,1.17138462170569,0.263,0.119,3.00271130878881e-26,"Suprabasal Keratinocytes","HOMER3"
2.36116119986592e-28,1.17042985561841,0.255,0.118,4.22553408328005e-24,"Suprabasal Keratinocytes","UBTF"
6.72552229348223e-35,1.16713640472141,0.29,0.13,1.20359946964158e-30,"Suprabasal Keratinocytes","KIAA1522"
1.0694198584456e-48,1.15859305024156,0.415,0.194,1.91383377867425e-44,"Suprabasal Keratinocytes","RHOD"
1.23600336856457e-52,1.15400165516585,0.312,0.118,2.21195162838316e-48,"Suprabasal Keratinocytes","TMEM159"
3.44288369995695e-80,1.14886219410422,0.843,0.64,6.16138466944295e-76,"Suprabasal Keratinocytes","COL6A2"
1.9328619437944e-35,1.14856036885944,0.267,0.113,3.45904973461446e-31,"Suprabasal Keratinocytes","ATP6V1G1"
1.72041998821126e-39,1.14336299398546,0.29,0.123,3.07886361090287e-35,"Suprabasal Keratinocytes","SLC66A2"
7.47341699596335e-44,1.12601093735973,0.374,0.172,1.3374427055976e-39,"Suprabasal Keratinocytes","SLC38A5"
8.73367617560702e-36,1.12597984459794,0.25,0.103,1.56297868838663e-31,"Suprabasal Keratinocytes","RAB10"
8.62410832987704e-51,1.11709896330799,0.461,0.227,1.5433704267148e-46,"Suprabasal Keratinocytes","TNFRSF21"
1.76840792194346e-63,1.10986222278694,0.556,0.296,3.16474281711002e-59,"Suprabasal Keratinocytes","SH3BGRL3"
1.04292134495331e-40,1.10291534481955,0.413,0.21,1.86641203892844e-36,"Suprabasal Keratinocytes","TNKS1BP1"
1.05082420102664e-66,1.09085836452922,0.615,0.338,1.88055499015727e-62,"Suprabasal Keratinocytes","HSPA1B"
2.39028602647728e-41,1.08632965357139,0.341,0.155,4.27765587298374e-37,"Suprabasal Keratinocytes","SLC16A1"
3.19889112764622e-37,1.08479818617013,0.277,0.117,5.72473556203568e-33,"Suprabasal Keratinocytes","CDH3"
4.96887568718857e-103,1.08184974040975,0.757,0.382,8.89229992979266e-99,"Suprabasal Keratinocytes","LAMC2"
7.29578290208526e-108,1.07747629135129,0.816,0.5,1.30565330815718e-103,"Suprabasal Keratinocytes","IFI27"
5.27699033258745e-34,1.0704858758194,0.303,0.14,9.4437018991985e-30,"Suprabasal Keratinocytes","ANXA7"
4.22393519184903e-56,1.0670756923949,0.467,0.22,7.55915441933302e-52,"Suprabasal Keratinocytes","LAMA3"
1.30652003610747e-40,1.06152707188543,0.323,0.145,2.33814825661793e-36,"Suprabasal Keratinocytes","ADIPOR1"
9.56161674444297e-45,1.05785020846209,0.321,0.135,1.71114693258551e-40,"Suprabasal Keratinocytes","RAB11A"
2.02464350973429e-44,1.0560516097573,0.458,0.237,3.62330202502048e-40,"Suprabasal Keratinocytes","PRNP"
4.01826737050987e-36,1.02897952662311,0.402,0.206,7.19109128626447e-32,"Suprabasal Keratinocytes","BCAM"
4.5348126222198e-64,1.01981910413545,0.61,0.325,8.11550066872455e-60,"Suprabasal Keratinocytes","ITGA3"
6.54121682409448e-39,1.01613125966905,0.372,0.183,1.17061616283995e-34,"Suprabasal Keratinocytes","S100A16"
6.5678954808941e-30,1.00727267603624,0.295,0.142,1.17539057526081e-25,"Suprabasal Keratinocytes","SLC38A1"
6.22946661259664e-33,0.99531464135811,0.39,0.21,1.1148253449903e-28,"Suprabasal Keratinocytes","CLSTN1"
2.00183652958202e-29,0.992057958547254,0.307,0.151,3.58248665333998e-25,"Suprabasal Keratinocytes","NCS1"
7.70045435319131e-59,0.985177642401658,0.48,0.222,1.37807331104712e-54,"Suprabasal Keratinocytes","TP63"
1.72968360923925e-33,0.982811377464629,0.332,0.163,3.09544178709457e-29,"Suprabasal Keratinocytes","SLC44A1"
4.39846904776547e-43,0.976278459861969,0.475,0.257,7.87150020788108e-39,"Suprabasal Keratinocytes","CD151"
1.06673007484769e-53,0.974204815469466,0.634,0.385,1.90902014194743e-49,"Suprabasal Keratinocytes","PGAM1"
2.31630165050369e-109,0.959994634206684,0.891,0.523,4.14525343374141e-105,"Suprabasal Keratinocytes","S100A2"
1.48592791130085e-23,0.959465611862972,0.286,0.151,2.65921659006401e-19,"Suprabasal Keratinocytes","DEGS1"
6.50598249736224e-36,0.958515947511192,0.357,0.174,1.16431062772795e-31,"Suprabasal Keratinocytes","BLCAP"
3.48126737127834e-35,0.957335662788771,0.349,0.171,6.23007608763972e-31,"Suprabasal Keratinocytes","HSPA1A"
7.4252381667915e-28,0.955074177850239,0.262,0.122,1.32882062232901e-23,"Suprabasal Keratinocytes","CCNC"
1.03935779496639e-37,0.937342500412104,0.451,0.242,1.86003470987185e-33,"Suprabasal Keratinocytes","AGRN"
1.36086934747968e-31,0.931411686573642,0.279,0.126,2.43541178424963e-27,"Suprabasal Keratinocytes","TNS4"
2.89341707754102e-19,0.929092701235263,0.25,0.134,5.17805920196741e-15,"Suprabasal Keratinocytes","CD109"
2.57478272585295e-29,0.91578311002384,0.349,0.181,4.60783116618644e-25,"Suprabasal Keratinocytes","PTHLH"
1.72759810691411e-28,0.897491284372555,0.304,0.151,3.0917095721335e-24,"Suprabasal Keratinocytes","SLC35C2"
3.48135580135216e-53,0.895191427017462,0.599,0.341,6.23023434209983e-49,"Suprabasal Keratinocytes","SPON2"
7.45578239391579e-21,0.887656201623631,0.277,0.15,1.33428681721517e-16,"Suprabasal Keratinocytes","LBH"
9.19745781169021e-38,0.884629815067356,0.388,0.195,1.64597704998008e-33,"Suprabasal Keratinocytes","CTSA"
1.17282994514111e-72,0.88160744671956,0.555,0.258,2.09889646982453e-68,"Suprabasal Keratinocytes","C4orf3"
2.84167024270897e-44,0.881389012283896,0.574,0.34,5.08545306635197e-40,"Suprabasal Keratinocytes","TUBA4A"
3.61868425220826e-34,0.877953678150406,0.402,0.21,6.47599733775191e-30,"Suprabasal Keratinocytes","PDCD6"
6.70775628786055e-19,0.871213920609168,0.27,0.149,1.20042006527552e-14,"Suprabasal Keratinocytes","ANO1"
6.34722106322048e-31,0.851230924764457,0.402,0.219,1.13589868147394e-26,"Suprabasal Keratinocytes","PLAU"
3.48912852631304e-16,0.841458953242549,0.29,0.173,6.24414441068981e-12,"Suprabasal Keratinocytes","RAB14"
7.01570079611936e-21,0.836174753806594,0.289,0.158,1.25552981447352e-16,"Suprabasal Keratinocytes","SYNGR2"
1.13966996750146e-52,0.830212716257165,0.685,0.431,2.03955337384061e-48,"Suprabasal Keratinocytes","TXN"
2.22039006746898e-23,0.822566084403878,0.316,0.173,3.97361006474248e-19,"Suprabasal Keratinocytes","PIGT"
2.46749926610904e-51,0.815173006536637,0.646,0.381,4.41583668662874e-47,"Suprabasal Keratinocytes","SDC4"
1.1251755011157e-40,0.814639578406678,0.471,0.245,2.01361407679665e-36,"Suprabasal Keratinocytes","ITGB4"
2.08000602007367e-25,0.81106536807979,0.37,0.208,3.72237877352384e-21,"Suprabasal Keratinocytes","CYB5R1"
9.20526513260835e-24,0.810734805599016,0.362,0.205,1.64737424813159e-19,"Suprabasal Keratinocytes","MARCH6"
1.17336227101001e-27,0.805767069537657,0.326,0.166,2.09984912019951e-23,"Suprabasal Keratinocytes","SORL1"
2.73380226008094e-30,0.802702036927844,0.57,0.386,4.89241252464084e-26,"Suprabasal Keratinocytes","EIF4G2"
1.40065300729203e-33,0.799423467264406,0.476,0.276,2.50660862184983e-29,"Suprabasal Keratinocytes","SLC3A2"
4.47185337869725e-33,0.792334284972348,0.469,0.274,8.0028288065166e-29,"Suprabasal Keratinocytes","AHNAK"
6.84306345044918e-24,0.792274995104867,0.25,0.121,1.22463463509239e-19,"Suprabasal Keratinocytes","KLHL24"
1.13432625467158e-16,0.788675098462736,0.266,0.152,2.02999026536027e-12,"Suprabasal Keratinocytes","RNF149"
6.30201603477814e-19,0.78560279274067,0.253,0.134,1.1278087895839e-14,"Suprabasal Keratinocytes","VAV2"
2.05063377699102e-64,0.778713409455711,0.343,0.117,3.66981420730313e-60,"Suprabasal Keratinocytes","CRABP2"
9.74996935633552e-59,0.775125894033215,0.756,0.483,1.7448545160098e-54,"Suprabasal Keratinocytes","TGFBI"
1.94236244202021e-27,0.769688541680539,0.385,0.214,3.47605182623937e-23,"Suprabasal Keratinocytes","GLO1"
2.13037119041285e-16,0.769568316430513,0.293,0.176,3.81251228236283e-12,"Suprabasal Keratinocytes","PRDX6"
9.23211660898111e-22,0.767652256774493,0.404,0.248,1.65217958834326e-17,"Suprabasal Keratinocytes","DKK3"
1.95729735136089e-23,0.76649671258348,0.318,0.175,3.50277933999544e-19,"Suprabasal Keratinocytes","PGK1"
4.97770623229018e-21,0.760772846715777,0.358,0.211,8.9081030733065e-17,"Suprabasal Keratinocytes","ATP6V0B"
1.98960350981139e-22,0.751624580343995,0.29,0.153,3.56059444115847e-18,"Suprabasal Keratinocytes","BPGM"
2.19409621873896e-23,0.746387055909289,0.345,0.196,3.92655459305524e-19,"Suprabasal Keratinocytes","NFKBIA"
2.51856896590177e-25,0.744693725517741,0.439,0.271,4.50723102137781e-21,"Suprabasal Keratinocytes","EHD2"
2.2005186963568e-66,0.743057258706602,0.779,0.527,3.93804825900013e-62,"Suprabasal Keratinocytes","IFI6"
1.31935966962125e-21,0.73461308301373,0.255,0.129,2.36112606475419e-17,"Suprabasal Keratinocytes","DDIT4"
5.90695129869844e-19,0.732347580781957,0.288,0.16,1.05710800441507e-14,"Suprabasal Keratinocytes","PTGFRN"
3.80851014257576e-23,0.730657580954236,0.376,0.22,6.81570975115357e-19,"Suprabasal Keratinocytes","PLS3"
1.19110519501727e-27,0.715716513103004,0.47,0.281,2.13160185700291e-23,"Suprabasal Keratinocytes","PTK7"
1.51021985336423e-20,0.71506949960738,0.386,0.236,2.70268944958063e-16,"Suprabasal Keratinocytes","BCL2L2"
2.50272366513012e-16,0.704448806064253,0.285,0.168,4.47887427111686e-12,"Suprabasal Keratinocytes","APOL1"
6.25356530257821e-25,0.698670962686358,0.331,0.177,1.1191380465494e-20,"Suprabasal Keratinocytes","PTGS1"
5.99904076888056e-17,0.697510135626674,0.281,0.16,1.07358833599886e-12,"Suprabasal Keratinocytes","TUT7"
9.50103665088699e-26,0.680009555425714,0.506,0.327,1.70030551904274e-21,"Suprabasal Keratinocytes","MIF"
1.89279375173175e-11,0.668780208158984,0.253,0.159,3.38734369809914e-07,"Suprabasal Keratinocytes","ATP5F1D"
2.48271412446236e-12,0.660098729060162,0.285,0.18,4.44306519713784e-08,"Suprabasal Keratinocytes","C19orf53"
2.04865022533756e-11,0.640236117343447,0.277,0.175,3.6662644432641e-07,"Suprabasal Keratinocytes","RXRA"
1.64098301847172e-29,0.634346695841641,0.754,0.58,2.93670320985699e-25,"Suprabasal Keratinocytes","PSAP"
3.07079826912165e-19,0.634202608702344,0.348,0.208,5.49550058242011e-15,"Suprabasal Keratinocytes","NIBAN2"
1.15775515421934e-21,0.633274104750506,0.438,0.275,2.07191862399093e-17,"Suprabasal Keratinocytes","TAP1"
1.07677241488537e-24,0.631936471133272,0.409,0.241,1.92699191367886e-20,"Suprabasal Keratinocytes","TNFSF10"
3.66857008047609e-48,0.630199318525011,0.824,0.668,6.56527301602002e-44,"Suprabasal Keratinocytes","GSTP1"
5.484939606184e-16,0.629577772944006,0.318,0.193,9.8158479192269e-12,"Suprabasal Keratinocytes","NAA20"
2.78838117500233e-19,0.629450412341821,0.376,0.233,4.99008695078418e-15,"Suprabasal Keratinocytes","HLA-F"
4.04150907209425e-13,0.625605683366217,0.3,0.188,7.23268463541987e-09,"Suprabasal Keratinocytes","NAPA"
8.9172297103132e-16,0.62482156504079,0.295,0.177,1.59582742895765e-11,"Suprabasal Keratinocytes","TSPO"
2.63259859243008e-21,0.613169031338859,0.439,0.275,4.71129844101287e-17,"Suprabasal Keratinocytes","UBE2V1"
5.56073302724477e-12,0.609963422808496,0.302,0.195,9.95148782555724e-08,"Suprabasal Keratinocytes","ATL3"
6.20128607672988e-20,0.608809377675109,0.379,0.227,1.10978215629158e-15,"Suprabasal Keratinocytes","NCKAP1"
5.11771494106817e-11,0.60772716536385,0.286,0.187,9.1586626585356e-07,"Suprabasal Keratinocytes","COX5B"
2.79903709860939e-11,0.607133194426461,0.327,0.225,5.00915679167137e-07,"Suprabasal Keratinocytes","CHMP4B"
4.47089269333588e-25,0.603269282603036,0.268,0.128,8.00110956399389e-21,"Suprabasal Keratinocytes","KLF4"
2.80426200166613e-14,0.601698590815472,0.323,0.204,5.01850727818171e-10,"Suprabasal Keratinocytes","CYCS"
2.35310085608747e-19,0.600453498743605,0.366,0.22,4.21110929205413e-15,"Suprabasal Keratinocytes","TYMP"
1.79640302861268e-11,0.592440526066337,0.264,0.165,3.21484286000525e-07,"Suprabasal Keratinocytes","SEC13"
6.20064033219698e-42,0.587415584174203,0.718,0.509,1.10966659384997e-37,"Suprabasal Keratinocytes","CTSD"
2.97459028725685e-20,0.585012784366639,0.329,0.187,5.32332677807487e-16,"Suprabasal Keratinocytes","RPN1"
1.51516584423289e-37,0.584227529208757,0.76,0.538,2.71154079483917e-33,"Suprabasal Keratinocytes","TNC"
5.17486888098597e-15,0.582872416356167,0.415,0.277,9.2609453494125e-11,"Suprabasal Keratinocytes","APLP2"
3.87781088598345e-23,0.560702501255643,0.327,0.176,6.93973036155599e-19,"Suprabasal Keratinocytes","IER3"
8.94102718006546e-10,0.558714974032693,0.359,0.256,1.60008622414451e-05,"Suprabasal Keratinocytes","UBL5"
8.12929272765372e-15,0.55014540114377,0.452,0.312,1.45481822654091e-10,"Suprabasal Keratinocytes","DDX5"
4.49951922283752e-14,0.542505408000264,0.262,0.155,8.05233960119002e-10,"Suprabasal Keratinocytes","OAS2"
1.38090041847135e-16,0.542125183440811,0.335,0.204,2.47125938889632e-12,"Suprabasal Keratinocytes","CAPN2"
2.00030550577573e-108,0.541364417007725,0.403,0.112,3.57974673313625e-104,"Suprabasal Keratinocytes","CSTA"
3.1872930173515e-18,0.54025095534294,0.334,0.2,5.70397958385225e-14,"Suprabasal Keratinocytes","ERO1A"
1.38697385281407e-17,0.529452770694417,0.533,0.372,2.48212840699605e-13,"Suprabasal Keratinocytes","ACTR3"
1.01802368521431e-10,0.528442052256607,0.258,0.164,1.82185518705953e-06,"Suprabasal Keratinocytes","YIPF3"
4.48009345591369e-12,0.527163485844077,0.295,0.187,8.01757524870314e-08,"Suprabasal Keratinocytes","COPS9"
5.81428122982668e-10,0.518448148115277,0.267,0.177,1.04052376888978e-05,"Suprabasal Keratinocytes","PTPN12"
6.11154678538411e-16,0.517275447728259,0.332,0.203,1.09372241271234e-11,"Suprabasal Keratinocytes","STAT1"
1.92563148013216e-21,0.514603812316444,0.431,0.261,3.44611009684451e-17,"Suprabasal Keratinocytes","CAV2"
1.96213524767642e-20,0.514540911599957,0.411,0.252,3.51143723924173e-16,"Suprabasal Keratinocytes","FSCN1"
1.33297876050267e-07,0.508082314474578,0.27,0.187,0.00238549878979557,"Suprabasal Keratinocytes","TAX1BP1"
8.7985417091746e-10,0.504907313188145,0.291,0.194,1.57458702427389e-05,"Suprabasal Keratinocytes","FRMD6"
0,8.92613273475789,0.764,0.02,0,"Cornified Keratinocytes","LCN2"
0,8.82980142257217,0.471,0.004,0,"Cornified Keratinocytes","LCE3E"
0,8.79912689534112,0.647,0.009,0,"Cornified Keratinocytes","KLK6"
0,8.44735965014999,0.37,0.002,0,"Cornified Keratinocytes","S100A12"
0,8.35043257480047,0.845,0.024,0,"Cornified Keratinocytes","PI3"
0,8.26141174085068,0.601,0.01,0,"Cornified Keratinocytes","LCE3D"
0,8.16448493556006,0.875,0.034,0,"Cornified Keratinocytes","SPRR2A"
0,8.07518324854019,0.814,0.021,0,"Cornified Keratinocytes","IVL"
0,8.03884147767463,0.325,0.002,0,"Cornified Keratinocytes","SPRR5"
0,8.00379319541876,0.392,0.005,0,"Cornified Keratinocytes","CRCT1"
0,7.984666517698,0.35,0.005,0,"Cornified Keratinocytes","S100P"
0,7.79905090745298,0.335,0.003,0,"Cornified Keratinocytes","PGLYRP3"
0,7.75676244309031,0.256,0.002,0,"Cornified Keratinocytes","PRSS27"
0,7.71178578607946,0.699,0.016,0,"Cornified Keratinocytes","S100A7A"
0,7.56706210502449,0.658,0.016,0,"Cornified Keratinocytes","KLK7"
0,7.54638808592986,0.872,0.041,0,"Cornified Keratinocytes","S100A7"
0,7.48718660945043,0.347,0.004,0,"Cornified Keratinocytes","CLDN4"
0,7.24067328357092,0.887,0.086,0,"Cornified Keratinocytes","SPRR2D"
0,7.09595038861569,0.986,0.247,0,"Cornified Keratinocytes","S100A8"
0,6.96275146340701,0.866,0.061,0,"Cornified Keratinocytes","SLPI"
0,6.84573876452711,0.838,0.046,0,"Cornified Keratinocytes","KRTDAP"
0,6.78435552886947,0.986,0.26,0,"Cornified Keratinocytes","S100A9"
0,6.71611822350412,0.404,0.011,0,"Cornified Keratinocytes","CDSN"
0,6.5945761311068,0.312,0.006,0,"Cornified Keratinocytes","SULT2B1"
0,6.5920394441078,0.316,0.007,0,"Cornified Keratinocytes","IL36RN"
0,6.33342867772674,0.757,0.054,0,"Cornified Keratinocytes","SPRR1B"
0,6.31438321281559,0.595,0.028,0,"Cornified Keratinocytes","SBSN"
0,6.1767428950821,0.71,0.063,0,"Cornified Keratinocytes","CNFN"
0,6.05190424050732,0.634,0.047,0,"Cornified Keratinocytes","SPRR2G"
0,6.03104335773489,0.553,0.024,0,"Cornified Keratinocytes","CST6"
0,5.77818742881501,0.737,0.07,0,"Cornified Keratinocytes","KLK10"
0,5.75009853354789,0.412,0.017,0,"Cornified Keratinocytes","CYSRT1"
0,5.73605268751307,0.454,0.021,0,"Cornified Keratinocytes","KLK11"
0,5.48353509205238,0.307,0.019,0,"Cornified Keratinocytes","SDR16C5"
0,5.46283016811042,0.446,0.038,0,"Cornified Keratinocytes","MBOAT2"
0,5.32038342628213,0.786,0.11,0,"Cornified Keratinocytes","GJB2"
0,5.28641589893834,0.378,0.021,0,"Cornified Keratinocytes","SLURP2"
0,5.28416657456251,0.456,0.03,0,"Cornified Keratinocytes","PDZK1IP1"
0,5.23474548521536,0.72,0.091,0,"Cornified Keratinocytes","CSTA"
6.28197966608536e-257,5.01974040081959,0.314,0.031,1.12422308104264e-252,"Cornified Keratinocytes","UPP1"
9.15356763511285e-276,4.98799420545053,0.326,0.031,1.6381224639798e-271,"Cornified Keratinocytes","UGCG"
1.90507822780046e-283,4.91363743461684,0.273,0.018,3.4093279964717e-279,"Cornified Keratinocytes","PPL"
0,4.884088531398,0.89,0.252,0,"Cornified Keratinocytes","CSTB"
0,4.84708220702541,0.338,0.025,0,"Cornified Keratinocytes","DMKN"
0,4.78914245521321,0.767,0.1,0,"Cornified Keratinocytes","AQP3"
0,4.77191018641526,0.557,0.091,0,"Cornified Keratinocytes","TOP1"
0,4.73987938833591,0.374,0.027,0,"Cornified Keratinocytes","IL1RN"
0,4.64530504358645,0.423,0.033,0,"Cornified Keratinocytes","LY6D"
8.73079492911069e-275,4.57715892880701,0.297,0.024,1.56246306051365e-270,"Cornified Keratinocytes","DSG1"
1.01782647531155e-212,4.45941098867093,0.257,0.024,1.82150226021756e-208,"Cornified Keratinocytes","MXD1"
0,4.36940526419805,0.903,0.25,0,"Cornified Keratinocytes","KRT6B"
8.897671104698e-247,4.3667430019949,0.26,0.02,1.59232722089675e-242,"Cornified Keratinocytes","GPRC5A"
1.12973965070245e-275,4.33169448056003,0.308,0.027,2.02178207889711e-271,"Cornified Keratinocytes","CLIC3"
7.97715054664761e-287,4.29962200739258,0.374,0.041,1.42759086182806e-282,"Cornified Keratinocytes","SAMD9"
3.80141176410246e-202,4.21520279417786,0.278,0.031,6.80300649303776e-198,"Cornified Keratinocytes","EPHA2"
4.35898247616447e-268,4.21164403124873,0.406,0.055,7.80083503934393e-264,"Cornified Keratinocytes","MALL"
0,4.20182412842804,0.84,0.208,0,"Cornified Keratinocytes","FABP5"
0,4.17700440966974,0.572,0.1,0,"Cornified Keratinocytes","S100A14"
0,4.16128975410941,0.986,0.486,0,"Cornified Keratinocytes","KRT16"
1.03796588946513e-236,4.12973558013889,0.363,0.048,1.85754375578679e-232,"Cornified Keratinocytes","FAM83A"
1.28457067918724e-322,3.99749354007489,0.57,0.103,2.29886768747349e-318,"Cornified Keratinocytes","CRABP2"
2.68986837797798e-152,3.97765630414622,0.274,0.042,4.81378844922939e-148,"Cornified Keratinocytes","MAL2"
3.9220533017068e-198,3.9581078251087,0.266,0.029,7.01890658873449e-194,"Cornified Keratinocytes","ALDH1A3"
0,3.84495567056864,0.674,0.157,0,"Cornified Keratinocytes","KLK5"
3.03845624396404e-177,3.79689833593236,0.315,0.049,5.43762129419805e-173,"Cornified Keratinocytes","HEPHL1"
2.0481571380738e-196,3.79119350265419,0.399,0.074,3.66538201429687e-192,"Cornified Keratinocytes","GLTP"
1.35094137734358e-225,3.79028788158854,0.402,0.066,2.41764468889407e-221,"Cornified Keratinocytes","KLK8"
2.69884134118465e-200,3.70113480317403,0.331,0.047,4.82984646418405e-196,"Cornified Keratinocytes","CTSV"
6.78023215591408e-102,3.65009456872364,0.267,0.059,1.21339034662238e-97,"Cornified Keratinocytes","RAB9A"
7.67988067680325e-183,3.64899756636259,0.422,0.09,1.37439144592071e-178,"Cornified Keratinocytes","TMEM45A"
1.67768952188996e-192,3.63606157468296,0.467,0.107,3.00239316837427e-188,"Cornified Keratinocytes","CD82"
4.25936645177889e-258,3.545921303661,0.616,0.162,7.62256220210351e-254,"Cornified Keratinocytes","TM4SF1"
3.9853913079611e-259,3.43676116588014,0.719,0.248,7.13225628472718e-255,"Cornified Keratinocytes","C4orf3"
7.11946857666742e-131,3.41300200754616,0.298,0.058,1.2741000964804e-126,"Cornified Keratinocytes","DSG3"
6.28120659033027e-150,3.39822833190806,0.323,0.06,1.1240847314055e-145,"Cornified Keratinocytes","LGALSL"
2.7642142734337e-153,3.35671585819952,0.463,0.126,4.94683786373694e-149,"Cornified Keratinocytes","RAB11A"
1.46044165378213e-145,3.33372790366564,0.304,0.054,2.6136063836085e-141,"Cornified Keratinocytes","DSC2"
4.31605954215788e-145,3.22653882984802,0.343,0.071,7.72402015664575e-141,"Cornified Keratinocytes","PPIF"
3.53794642566494e-202,3.17946346334742,0.582,0.177,6.33150892336997e-198,"Cornified Keratinocytes","TACSTD2"
9.61672694879788e-166,3.17607875444287,0.385,0.081,1.72100945475687e-161,"Cornified Keratinocytes","LYPD3"
2.54060324315029e-125,3.11877585487647,0.304,0.061,4.54666356394175e-121,"Cornified Keratinocytes","FEM1B"
3.08270282213576e-117,3.11708787071237,0.374,0.101,5.51680497049416e-113,"Cornified Keratinocytes","PIM1"
4.30229200953726e-168,3.10272279845893,0.37,0.071,7.69938178026788e-164,"Cornified Keratinocytes","NDRG2"
2.8372338852613e-95,3.09217215526553,0.26,0.058,5.07751376106362e-91,"Cornified Keratinocytes","NFKBIZ"
4.5576769970244e-114,3.05844784113894,0.392,0.114,8.15641875387487e-110,"Cornified Keratinocytes","TMEM159"
7.40763226038598e-119,2.9960316398617,0.361,0.095,1.32566986931868e-114,"Cornified Keratinocytes","CD24"
2.74265082357152e-90,2.96096768415136,0.323,0.092,4.9082479138636e-86,"Cornified Keratinocytes","HM13"
8.30210798873249e-147,2.90925436598411,0.536,0.187,1.48574524566357e-142,"Cornified Keratinocytes","ERO1A"
5.07216533706992e-84,2.83135860596041,0.321,0.096,9.07714708722033e-80,"Cornified Keratinocytes","PPARD"
1.76491208534807e-134,2.82205152852597,0.515,0.183,3.15848666793891e-130,"Cornified Keratinocytes","CTNNBIP1"
8.39867930752102e-83,2.68270559129574,0.312,0.092,1.50302764887396e-78,"Cornified Keratinocytes","GJB6"
4.64610017219782e-62,2.56084030248709,0.294,0.1,8.31466086816522e-58,"Cornified Keratinocytes","POR"
4.95790462546864e-74,2.41913120351555,0.305,0.096,8.87266611773867e-70,"Cornified Keratinocytes","GGH"
1.1223605503798e-106,2.41197222260417,0.509,0.208,2.00857644095969e-102,"Cornified Keratinocytes","ATP1B1"
1.1320414894469e-114,2.37878786255044,0.578,0.265,2.02590144951417e-110,"Cornified Keratinocytes","JUP"
4.93790645822856e-67,2.35606249315216,0.264,0.078,8.83687739764583e-63,"Cornified Keratinocytes","DNAJB1"
7.65455509695549e-54,2.35269832262438,0.367,0.161,1.36985918015115e-49,"Cornified Keratinocytes","RBP1"
3.56846755620088e-167,2.29353102119194,0.698,0.329,6.38612953857709e-163,"Cornified Keratinocytes","PERP"
5.68349509427022e-127,2.22479415160607,0.586,0.245,1.0171182820706e-122,"Cornified Keratinocytes","DSP"
2.79577981802894e-81,2.2129247433421,0.366,0.125,5.00332756234459e-77,"Cornified Keratinocytes","PKP1"
6.87429227383896e-101,2.15711021840546,0.55,0.249,1.23022334532622e-96,"Cornified Keratinocytes","TRIM29"
1.83312945725567e-33,1.87390417534985,0.305,0.149,3.28056847670474e-29,"Cornified Keratinocytes","KRT10"
2.46806972661171e-43,1.72144514450691,0.364,0.174,4.41685758274431e-39,"Cornified Keratinocytes","IER3"
9.85763663829081e-37,1.69046191585618,0.368,0.195,1.76412265278852e-32,"Cornified Keratinocytes","NFKBIA"
5.08084484961838e-37,1.62384587033344,0.473,0.304,9.09267994287706e-33,"Cornified Keratinocytes","SH3BGRL3"
3.79523439177277e-24,1.50257528949179,0.26,0.13,6.79195146751655e-20,"Cornified Keratinocytes","KLF4"
5.42937473971649e-30,1.46305389689025,0.45,0.294,9.71640903419663e-26,"Cornified Keratinocytes","DYNLL1"
4.49451861759423e-31,1.42184152431592,0.371,0.209,8.04339051804664e-27,"Cornified Keratinocytes","CYB5R1"
3.61971175339624e-27,1.42046533112037,0.406,0.258,6.4778361538779e-23,"Cornified Keratinocytes","CDKN1A"
1.5861868394197e-20,1.39324325685984,0.294,0.173,2.83863996782549e-16,"Cornified Keratinocytes","IDS"
1.05105133878023e-21,1.30287291171731,0.398,0.264,1.88096147588109e-17,"Cornified Keratinocytes","SDC1"
2.8550756439487e-27,1.28460209494,0.315,0.166,5.1094433724106e-23,"Cornified Keratinocytes","NDRG1"
8.01674379714843e-23,1.2350018789355,0.321,0.188,1.43467646993768e-18,"Cornified Keratinocytes","S100A16"
2.32590229945449e-12,1.10955103027725,0.255,0.163,4.16243475510375e-08,"Cornified Keratinocytes","TUT7"
0.000813827826220612,1.08044432914509,0.325,0.295,1,"Cornified Keratinocytes","CNDP2"
6.1704494553427e-33,0.993607454655495,0.637,0.538,1.10426363452813e-28,"Cornified Keratinocytes","IFI6"
0.000953301862516331,0.990752223654872,0.259,0.22,1,"Cornified Keratinocytes","CLSTN1"
8.3873417715202e-10,0.96684357742619,0.343,0.264,1.50099868343125e-05,"Cornified Keratinocytes","CLTB"
6.10328941679038e-29,0.933664109737696,0.56,0.412,1.09224467402881e-24,"Cornified Keratinocytes","ISG15"
0.00366345892192916,0.89584118319885,0.345,0.311,1,"Cornified Keratinocytes","PLSCR1"
3.41395479892304e-07,0.87254629609309,0.319,0.249,0.00610961350815267,"Cornified Keratinocytes","TNFSF10"
3.05111416579441e-19,0.827727197670698,0.609,0.517,5.46027391110567e-15,"Cornified Keratinocytes","IFI27"
1.05288567353754e-17,0.787172896906048,0.64,0.643,1.88424420136279e-13,"Cornified Keratinocytes","S100A11"
2.33288186693735e-05,0.752741827622937,0.283,0.227,0.417492538907108,"Cornified Keratinocytes","TYMP"
4.1544093340361e-09,0.717203626464906,0.28,0.196,7.434730944191e-05,"Cornified Keratinocytes","BICD2"
2.89605099287094e-31,0.715830150064518,0.752,0.748,5.18277285684184e-27,"Cornified Keratinocytes","PABPC1"
0.000570118650739174,0.640239089690748,0.27,0.225,1,"Cornified Keratinocytes","PPP1CB"
0,6.52300466596479,0.52,0.013,0,"Skeletal Myocytes","EEF1A2"
0,6.4309485575265,0.278,0.006,0,"Skeletal Myocytes","NRAP"
0,6.42290843815437,0.493,0.01,0,"Skeletal Myocytes","SLN"
0,6.39014492501997,0.728,0.025,0,"Skeletal Myocytes","NEB"
0,6.38183386524575,0.609,0.019,0,"Skeletal Myocytes","S100A1"
0,6.35084773312732,0.452,0.014,0,"Skeletal Myocytes","CHGB"
0,6.33370112524414,0.848,0.05,0,"Skeletal Myocytes","TCAP"
0,6.32691473500018,0.356,0.007,0,"Skeletal Myocytes","ANKRD23"
0,6.27872345555845,0.778,0.037,0,"Skeletal Myocytes","MB"
0,6.25596671023251,0.553,0.015,0,"Skeletal Myocytes","MYL1"
0,6.24870500139401,0.431,0.012,0,"Skeletal Myocytes","STAC3"
0,6.19544081883421,0.29,0.006,0,"Skeletal Myocytes","ATP1A2"
0,6.18205556691166,0.281,0.006,0,"Skeletal Myocytes","HSPB7"
0,6.16788728954726,0.502,0.016,0,"Skeletal Myocytes","MYH2"
0,6.15728696979377,0.384,0.01,0,"Skeletal Myocytes","MYBPC2"
0,6.12542851118043,0.662,0.024,0,"Skeletal Myocytes","KLHL41"
0,6.12146570663405,0.491,0.012,0,"Skeletal Myocytes","CSRP3"
0,6.11486552644952,0.567,0.016,0,"Skeletal Myocytes","MYBPC1"
0,6.04523738471198,0.926,0.097,0,"Skeletal Myocytes","DES"
0,6.0152451544236,0.82,0.046,0,"Skeletal Myocytes","TTN"
0,5.9503604423268,0.349,0.008,0,"Skeletal Myocytes","SMPX"
0,5.90356488738308,0.384,0.01,0,"Skeletal Myocytes","COX6A2"
0,5.87513678135641,0.894,0.09,0,"Skeletal Myocytes","TNNT3"
0,5.86180798508072,0.504,0.015,0,"Skeletal Myocytes","ACTN2"
0,5.8579935122402,0.871,0.056,0,"Skeletal Myocytes","CKM"
0,5.82935807144562,0.711,0.035,0,"Skeletal Myocytes","MYH1"
0,5.80239306413505,0.3,0.01,0,"Skeletal Myocytes","RYR1"
0,5.76041462592717,0.264,0.006,0,"Skeletal Myocytes","PPP1R27"
0,5.74087087745392,0.649,0.031,0,"Skeletal Myocytes","CMYA5"
0,5.72526990038959,0.499,0.013,0,"Skeletal Myocytes","TRDN"
0,5.70634558271944,0.385,0.016,0,"Skeletal Myocytes","MYBPH"
0,5.69287657693088,0.376,0.011,0,"Skeletal Myocytes","SPTB"
0,5.6894024585326,0.715,0.04,0,"Skeletal Myocytes","MUSTN1"
0,5.56532267688601,0.436,0.014,0,"Skeletal Myocytes","ENO3"
0,5.56189310767967,0.774,0.039,0,"Skeletal Myocytes","TNNC2"
0,5.45345213486565,0.805,0.077,0,"Skeletal Myocytes","ACTC1"
0,5.36895556657215,0.265,0.009,0,"Skeletal Myocytes","IP6K3"
0,5.30197330822382,0.303,0.009,0,"Skeletal Myocytes","MYF6"
0,5.23273179814449,0.329,0.015,0,"Skeletal Myocytes","ANKRD1"
0,5.17719807054891,0.65,0.043,0,"Skeletal Myocytes","SYNPO2"
0,5.16718610418803,0.26,0.011,0,"Skeletal Myocytes","CACNB1"
0,5.11996794800802,0.251,0.012,0,"Skeletal Myocytes","CHRNA1"
0,5.08915088789882,0.252,0.012,0,"Skeletal Myocytes","HSPB3"
0,5.00204076522548,0.512,0.035,0,"Skeletal Myocytes","RRAD"
0,4.99407041492394,0.416,0.027,0,"Skeletal Myocytes","FLNC"
0,4.87805348858084,0.363,0.021,0,"Skeletal Myocytes","AKAP6"
0,4.63846542249158,0.485,0.048,0,"Skeletal Myocytes","GNLY"
0,4.61913498349176,0.524,0.045,0,"Skeletal Myocytes","TNNC1"
0,4.56427432787582,0.701,0.091,0,"Skeletal Myocytes","BIN1"
0,4.503464556413,0.647,0.075,0,"Skeletal Myocytes","CRYAB"
0,4.38019242466218,0.929,0.167,0,"Skeletal Myocytes","TPM2"
0,4.3540223577337,0.282,0.019,0,"Skeletal Myocytes","HSPB6"
9.0585014699078e-284,4.09910464195702,0.32,0.04,1.6211094230547e-279,"Skeletal Myocytes","TNNT1"
0,4.08813007764971,0.529,0.063,0,"Skeletal Myocytes","TNNI1"
0,4.05603006001956,0.552,0.064,0,"Skeletal Myocytes","MYLPF"
0,3.793699379492,0.423,0.054,0,"Skeletal Myocytes","DMPK"
0,3.60403973191744,0.896,0.209,0,"Skeletal Myocytes","TPM1"
1.38289779790067e-282,3.52374291444092,0.361,0.054,2.47483389912305e-278,"Skeletal Myocytes","HSPB8"
1.06815330732423e-204,3.50987641045254,0.299,0.051,1.91156715878744e-200,"Skeletal Myocytes","CORO6"
6.18347477013178e-191,3.44922912665458,0.257,0.039,1.10659464486278e-186,"Skeletal Myocytes","PFKM"
4.37151756955277e-207,3.40653711537618,0.271,0.04,7.82326784247164e-203,"Skeletal Myocytes","SYNM"
0,3.29748794131548,0.778,0.227,0,"Skeletal Myocytes","PDLIM3"
1.16657070527522e-196,3.29566668948015,0.29,0.05,2.08769493416053e-192,"Skeletal Myocytes","PDE4DIP"
7.70275136034609e-315,3.2830634852352,0.475,0.095,1.37848438344754e-310,"Skeletal Myocytes","LMO7"
0,3.13994501747833,0.685,0.2,0,"Skeletal Myocytes","S100A13"
4.7300073203628e-188,3.0234544304126,0.303,0.058,8.46482110052127e-184,"Skeletal Myocytes","GADD45A"
1.22782112558991e-240,2.50038742653792,0.655,0.286,2.1973086863557e-236,"Skeletal Myocytes","MT1X"
0,2.46646917775971,0.9,0.558,0,"Skeletal Myocytes","HSPB1"
8.64300630149186e-156,2.27157842600938,0.301,0.066,1.54675240771498e-151,"Skeletal Myocytes","NDRG2"
6.31086331642854e-120,2.22199034585085,0.37,0.129,1.12939209910805e-115,"Skeletal Myocytes","KIF1B"
1.96226801749306e-145,2.09466934623853,0.511,0.221,3.51167484410558e-141,"Skeletal Myocytes","KIF1C"
2.58268245811128e-81,2.04066874984628,0.29,0.106,4.62196852703594e-77,"Skeletal Myocytes","CSDE1"
2.26222923943381e-125,1.93902324233942,0.496,0.225,4.04848544689074e-121,"Skeletal Myocytes","NFE2L1"
6.81130122219062e-176,1.90047115611607,0.642,0.321,1.21895046672323e-171,"Skeletal Myocytes","IL32"
4.23410905151037e-71,1.88596028756011,0.314,0.131,7.57736155858296e-67,"Skeletal Myocytes","EHBP1L1"
2.09671943771249e-82,1.79577357116148,0.393,0.183,3.75228910573027e-78,"Skeletal Myocytes","AK1"
1.30066124495677e-79,1.79222916404312,0.396,0.186,2.32766336397464e-75,"Skeletal Myocytes","YPEL3"
5.66749875809574e-106,1.69682643199486,0.486,0.228,1.01425557774881e-101,"Skeletal Myocytes","NNMT"
5.24513830483903e-37,1.6846345750489,0.251,0.127,9.38669951033993e-33,"Skeletal Myocytes","NDUFC1"
1.98230689186011e-55,1.63495347637018,0.363,0.193,3.54753641367286e-51,"Skeletal Myocytes","RAD23A"
3.3555414931224e-283,1.51439568719684,0.761,0.282,6.00507705609185e-279,"Skeletal Myocytes","THBS4"
6.61506655510792e-251,1.42966790577362,0.891,0.662,1.18383231070211e-246,"Skeletal Myocytes","EEF2"
3.5931051900169e-42,1.39381776658165,0.299,0.151,6.43022104805424e-38,"Skeletal Myocytes","IGFBP5"
3.54586105198479e-26,1.35935559319329,0.307,0.194,6.34567293863197e-22,"Skeletal Myocytes","PDLIM5"
3.40405017564257e-45,1.35206426010255,0.343,0.188,6.09188819432995e-41,"Skeletal Myocytes","NFIC"
3.28220130398016e-216,1.31067890214298,0.891,0.7,5.87382745360289e-212,"Skeletal Myocytes","MT2A"
4.51320714723242e-34,1.19595417998053,0.36,0.225,8.07683551068714e-30,"Skeletal Myocytes","CTDSP2"
3.62014499921504e-19,1.17937973335208,0.292,0.201,6.47861149059523e-15,"Skeletal Myocytes","QKI"
0,1.17078258354244,0.982,0.92,0,"Skeletal Myocytes","UBC"
6.09969187643093e-31,1.08812801817788,0.333,0.206,1.09160085820608e-26,"Skeletal Myocytes","CYB5R1"
2.52287386935262e-110,1.02862947776187,0.878,0.744,4.51493507659345e-106,"Skeletal Myocytes","COL6A3"
8.72620164542926e-100,1.0034230387148,0.962,0.921,1.56164104646602e-95,"Skeletal Myocytes","FN1"
4.9941925509004e-151,0.982944568510489,0.984,0.946,8.93760698909136e-147,"Skeletal Myocytes","COL1A2"
4.28379855862657e-19,0.9795159250254,0.282,0.188,7.6662859005181e-15,"Skeletal Myocytes","CDV3"
8.58164058420614e-155,0.971435212773071,0.989,0.957,1.53577039894953e-150,"Skeletal Myocytes","COL3A1"
9.39296097857046e-95,0.904593771001168,0.927,0.846,1.68096429672497e-90,"Skeletal Myocytes","SPARC"
2.79186413518083e-12,0.891973583303971,0.319,0.248,4.99632005631961e-08,"Skeletal Myocytes","ANXA11"
1.36982155597548e-104,0.871804219389355,0.882,0.754,2.45143265657372e-100,"Skeletal Myocytes","FTL"
1.00942499619465e-102,0.85761574522125,0.835,0.707,1.80646697318995e-98,"Skeletal Myocytes","UBA52"
1.29104641433513e-12,0.763750508182024,0.332,0.262,2.31045666309414e-08,"Skeletal Myocytes","FLII"
4.27705910538685e-10,0.759779442375303,0.257,0.188,7.65422497500031e-06,"Skeletal Myocytes","FCGRT"
3.78938781271949e-12,0.738900779262551,0.321,0.247,6.78148842964281e-08,"Skeletal Myocytes","CEBPD"
1.95745169267421e-57,0.7020759530216,0.41,0.199,3.50305554920976e-53,"Skeletal Myocytes","C3"
3.9268804906416e-10,0.679025713310934,0.343,0.285,7.02754532605221e-06,"Skeletal Myocytes","ATP5IF1"
3.70031074406767e-35,0.664339452113092,0.634,0.524,6.6220761075835e-31,"Skeletal Myocytes","CD63"
8.74684192871999e-05,0.662768187260434,0.313,0.284,1,"Skeletal Myocytes","RBX1"
3.98114481201836e-08,0.662441087306731,0.318,0.269,0.000712465675558806,"Skeletal Myocytes","EIF3A"
4.19184118804836e-14,0.66053652676382,0.391,0.318,7.50171899013134e-10,"Skeletal Myocytes","COX7C"
1.16810151086458e-18,0.659510584053257,0.524,0.432,2.09043446384325e-14,"Skeletal Myocytes","FBN1"
1.48660425079694e-06,0.652832998245014,0.282,0.237,0.026604269672262,"Skeletal Myocytes","GABARAPL1"
3.94720482050934e-10,0.650453427575584,0.339,0.275,7.06391774678351e-06,"Skeletal Myocytes","MORF4L1"
1.73428440589213e-09,0.64698907981841,0.391,0.342,3.10367537278455e-05,"Skeletal Myocytes","PCBP1"
4.00520165476544e-13,0.646975081983994,0.35,0.281,7.16770888136823e-09,"Skeletal Myocytes","TOMM7"
1.16827611391104e-11,0.642632186255949,0.256,0.18,2.0907469334552e-07,"Skeletal Myocytes","PLTP"
2.63174233067223e-06,0.635061610203562,0.269,0.226,0.0470976607497102,"Skeletal Myocytes","SRRM2"
8.67820127515633e-10,0.627491383675197,0.251,0.188,1.55305090020198e-05,"Skeletal Myocytes","NOP53"
2.44325046992161e-07,0.623059179339277,0.255,0.204,0.00437244104097172,"Skeletal Myocytes","COX6B1"
3.02178742734188e-71,0.61439774727276,0.925,0.856,5.40779077997103e-67,"Skeletal Myocytes","TMSB4X"
5.95014079785906e-73,0.605310120346889,0.982,0.939,1.06483719718486e-68,"Skeletal Myocytes","COL1A1"
1.87038240581064e-05,0.598407663646848,0.251,0.214,0.334723635343872,"Skeletal Myocytes","UQCR11"
6.75154674672547e-09,0.578648071415882,0.267,0.202,0.000120825680579399,"Skeletal Myocytes","CCN1"
0.0036784062812945,0.576465565518473,0.29,0.275,1,"Skeletal Myocytes","ARL6IP4"
0.00205122842198477,0.556691715792205,0.268,0.246,1,"Skeletal Myocytes","DBI"
5.20484843014241e-05,0.528654687484919,0.347,0.32,0.931459675058286,"Skeletal Myocytes","WDR1"
0.00880812510042661,0.514812858730856,0.25,0.233,1,"Skeletal Myocytes","COX5A"
4.40316389943874e-27,0.512286372191064,0.789,0.741,7.87990211443557e-23,"Skeletal Myocytes","IFITM3"
1.38253697437328e-06,0.504016987848886,0.405,0.379,0.0247418816933843,"Skeletal Myocytes","CNBP"
0.00111651564682725,0.501715456666409,0.271,0.244,1,"Skeletal Myocytes","TLN1"
0,3.38131454137641,0.718,0.112,0,"myCAFs","COL11A1"
0,3.34342815172836,0.266,0.022,0,"myCAFs","COL8A1"
0,3.16416989667498,0.468,0.045,0,"myCAFs","LRRC15"
0,3.02196496133068,0.479,0.063,0,"myCAFs","ASPN"
0,2.76085838833223,0.877,0.25,0,"myCAFs","LUM"
2.25612794195743e-234,2.75406170629759,0.257,0.036,4.03756656492702e-230,"myCAFs","NKD2"
0,2.68711309894238,0.713,0.151,0,"myCAFs","COL12A1"
0,2.61516352547051,0.91,0.301,0,"myCAFs","CTHRC1"
0,2.5974152308835,0.383,0.061,0,"myCAFs","COL10A1"
1.0752939726842e-281,2.54176675158949,0.363,0.068,1.92434609351564e-277,"myCAFs","ADAMTS12"
0,2.53017009222145,0.827,0.255,0,"myCAFs","THBS2"
0,2.50204466040804,0.957,0.481,0,"myCAFs","COL6A1"
1.24754752399304e-273,2.49142726549067,0.353,0.065,2.23261104893795e-269,"myCAFs","ADAM12"
0,2.44382337371009,0.647,0.151,0,"myCAFs","CTSK"
0,2.40968177059511,0.554,0.104,0,"myCAFs","ISLR"
0,2.40140314274989,0.665,0.145,0,"myCAFs","CDH11"
2.18492177784818e-289,2.3777864701052,0.363,0.064,3.9101360136371e-285,"myCAFs","RAI14"
8.84545488375417e-319,2.31393057024268,0.423,0.082,1.58298260599665e-314,"myCAFs","FAP"
0,2.29394146690601,0.735,0.226,0,"myCAFs","HTRA1"
0,2.28996401731844,0.78,0.23,0,"myCAFs","TIMP2"
2.19528867376676e-250,2.27379304802173,0.333,0.062,3.92868861057299e-246,"myCAFs","PLOD2"
6.17403571146342e-315,2.25695542883773,0.43,0.087,1.10490543092349e-310,"myCAFs","NRP2"
3.17950320789564e-184,2.25595388591863,0.253,0.047,5.69003894085003e-180,"myCAFs","HMCN1"
0,2.24994854613495,0.43,0.077,0,"myCAFs","COLEC12"
4.10419817952678e-247,2.21687718395627,0.4,0.096,7.34487306208113e-243,"myCAFs","CMTM3"
0,2.18873591716614,0.664,0.195,0,"myCAFs","CNN3"
1.67982319586024e-321,2.18239903023784,0.495,0.12,3.00621159131148e-317,"myCAFs","LOXL2"
2.85221864523467e-168,2.16848908439333,0.262,0.056,5.10433048751197e-164,"myCAFs","GALNT10"
4.77420078968496e-160,2.14423121689892,0.254,0.055,8.54390973322021e-156,"myCAFs","TEAD1"
0,2.13824825576867,0.732,0.224,0,"myCAFs","PRRX1"
1.73051453693921e-295,2.13626290317281,0.454,0.106,3.09692881530641e-291,"myCAFs","ANTXR1"
3.11673651472762e-260,2.12845602782321,0.404,0.094,5.57771166675656e-256,"myCAFs","RCN1"
3.62407900914153e-225,2.10523654245067,0.293,0.051,6.48565179475969e-221,"myCAFs","PLXDC2"
0,2.07751452446983,0.905,0.404,0,"myCAFs","AEBP1"
0,2.07244177336971,0.649,0.195,0,"myCAFs","CLIC4"
0,2.06123823671485,0.948,0.49,0,"myCAFs","MMP2"
1.59433846529486e-251,2.05181326425166,0.431,0.111,2.85322811749168e-247,"myCAFs","MFAP2"
0,2.04902942524746,0.663,0.207,0,"myCAFs","COL16A1"
2.95170833774742e-301,2.04760825715898,0.487,0.119,5.28237724123278e-297,"myCAFs","ANGPTL2"
1.56664904636675e-263,2.04290669443687,0.43,0.105,2.80367513337794e-259,"myCAFs","FOXP1"
1.06365812333459e-298,2.04153465830258,0.527,0.151,1.90352257751959e-294,"myCAFs","MMP11"
0,2.04120975654524,0.623,0.194,0,"myCAFs","FKBP10"
2.13225035428291e-174,2.02257911596569,0.299,0.071,3.81587523402469e-170,"myCAFs","GLT8D2"
1.19698942286622e-225,2.01180277173898,0.369,0.087,2.14213227116139e-221,"myCAFs","LOXL1"
1.48149217301911e-268,1.99624642889075,0.407,0.087,2.651278392835e-264,"myCAFs","RARRES2"
1.24441587667092e-283,1.97994788185651,0.484,0.128,2.22700665289027e-279,"myCAFs","GAS1"
2.74774821561412e-190,1.96997690353837,0.338,0.086,4.91737020666304e-186,"myCAFs","C1QTNF6"
4.00869460307498e-203,1.96607498129647,0.385,0.107,7.17395986166299e-199,"myCAFs","CREB3L1"
3.3155033233327e-174,1.95266956389884,0.275,0.06,5.9334247474362e-170,"myCAFs","FARP1"
9.72163746624299e-270,1.9423684935293,0.526,0.162,1.73978424095885e-265,"myCAFs","SAR1A"
1.94596976024766e-237,1.94108513681478,0.419,0.108,3.4825074829392e-233,"myCAFs","MXRA8"
0,1.91407606610771,0.707,0.191,0,"myCAFs","GOLM1"
1.07324732118425e-296,1.90433483846137,0.506,0.134,1.92068340599134e-292,"myCAFs","THY1"
4.70333268654324e-164,1.88423411631207,0.285,0.068,8.41708417583778e-160,"myCAFs","OLFML3"
0,1.85488156532453,0.606,0.144,0,"myCAFs","C1S"
4.40991973906941e-296,1.83944540892359,0.595,0.2,7.89199236503862e-292,"myCAFs","PXDN"
2.47761809073775e-211,1.83344546474907,0.385,0.102,4.43394533518427e-207,"myCAFs","MDK"
0,1.82677322183676,0.786,0.303,0,"myCAFs","ACTA2"
1.4812721008455e-265,1.82301305236548,0.533,0.168,2.6508845516731e-261,"myCAFs","LAMB1"
7.1022117562508e-160,1.81100224607273,0.323,0.09,1.27101181589864e-155,"myCAFs","PPFIBP1"
2.6990382666687e-153,1.80856151524038,0.256,0.058,4.83019888203031e-149,"myCAFs","TCEAL8"
8.52481825338679e-279,1.79745479106373,0.542,0.164,1.5256014746261e-274,"myCAFs","RCN3"
1.18429945700131e-216,1.78085473636309,0.451,0.136,2.11942230824954e-212,"myCAFs","EMILIN1"
7.07116152755811e-287,1.7773600584049,0.611,0.215,1.2654550669718e-282,"myCAFs","MICAL2"
7.38497235277623e-163,1.77068980783157,0.293,0.072,1.32161465225283e-158,"myCAFs","GAS6"
1.93264880262594e-244,1.76658721976766,0.471,0.132,3.45866829717937e-240,"myCAFs","DPYSL3"
2.37361631288104e-230,1.76653301761602,0.471,0.142,4.24782375353191e-226,"myCAFs","ITGB5"
3.01130563140441e-215,1.76606043738401,0.404,0.106,5.38903255796132e-211,"myCAFs","GXYLT2"
0,1.76458654848346,0.927,0.527,0,"myCAFs","MMP14"
7.10910799541283e-166,1.72170219631236,0.291,0.07,1.27224596685908e-161,"myCAFs","FILIP1L"
1.48575528890203e-115,1.70084938459596,0.264,0.079,2.65890766501908e-111,"myCAFs","NT5E"
4.16706968400915e-271,1.66096632437579,0.608,0.218,7.45738790650277e-267,"myCAFs","CALD1"
2.17878628450279e-137,1.64503975234276,0.305,0.091,3.89915593474619e-133,"myCAFs","TTYH3"
7.03831294722323e-317,1.64138261492209,0.571,0.151,1.25957648503507e-312,"myCAFs","FBLN1"
7.07994336832307e-146,1.63855738661235,0.325,0.098,1.2670266651951e-141,"myCAFs","PTEN"
3.35097569378444e-314,1.62208058122947,0.714,0.293,5.99690610159664e-310,"myCAFs","VCAN"
5.76935873157288e-144,1.57581665218096,0.319,0.095,1.03248443860228e-139,"myCAFs","LMAN1"
2.39361479955649e-136,1.56599760884595,0.356,0.121,4.28361304528629e-132,"myCAFs","VOPP1"
1.09142230938161e-171,1.55180660800785,0.396,0.124,1.95320936486933e-167,"myCAFs","SERPING1"
0,1.54015679722752,0.96,0.72,0,"myCAFs","POSTN"
1.50710492380284e-156,1.52932129039843,0.299,0.076,2.69711497163757e-152,"myCAFs","RGS16"
0,1.52268373208683,0.808,0.374,0,"myCAFs","FSTL1"
5.6275672201284e-102,1.49648597391273,0.292,0.102,1.00710942971418e-97,"myCAFs","RELL1"
5.77073102290677e-116,1.48881365980788,0.255,0.073,1.0327300238594e-111,"myCAFs","NME4"
6.75315602335106e-141,1.46375392306363,0.334,0.1,1.20854480193891e-136,"myCAFs","CXCL12"
4.23950288450977e-222,1.4620835902565,0.613,0.25,7.58701436211868e-218,"myCAFs","PCOLCE"
7.64362659122771e-115,1.43389806345916,0.251,0.071,1.36790341476611e-110,"myCAFs","LMCD1"
5.59838929986931e-112,1.41488688161134,0.284,0.092,1.00188774910461e-107,"myCAFs","GREM1"
8.62116478709538e-179,1.40018477410167,0.478,0.172,1.54284365029859e-174,"myCAFs","ADAMTS2"
2.39164511537023e-184,1.39346044888375,0.5,0.19,4.28008809846655e-180,"myCAFs","ITGA5"
7.38819608677338e-165,1.38728978057628,0.462,0.171,1.32219157168896e-160,"myCAFs","MARCKS"
0,1.37978328434365,0.954,0.404,0,"myCAFs","DCN"
4.20625432500305e-90,1.35628846956572,0.264,0.093,7.52751274002545e-86,"myCAFs","ELK3"
6.42631064518183e-136,1.34197431769366,0.367,0.125,1.15005255306174e-131,"myCAFs","OLFML2B"
7.20103312681708e-113,1.33974023470724,0.264,0.079,1.28869688837518e-108,"myCAFs","PDLIM2"
1.05569603709913e-90,1.31883993560097,0.289,0.108,1.88927362799259e-86,"myCAFs","NXN"
6.61373744819223e-216,1.31866171719431,0.666,0.301,1.18359445372848e-211,"myCAFs","SPON2"
2.29401898596838e-96,1.29967234691952,0.257,0.084,4.10537637728901e-92,"myCAFs","ID3"
6.0642878316675e-184,1.28804606480455,0.584,0.252,1.08526495035521e-179,"myCAFs","CKAP4"
4.12089583088018e-168,1.28360715911267,0.538,0.226,7.37475517894316e-164,"myCAFs","GNAI2"
5.81122190390443e-121,1.27518618274771,0.405,0.162,1.03997627192274e-116,"myCAFs","FRMD6"
3.5311816925907e-127,1.27049148882019,0.415,0.165,6.31940275706032e-123,"myCAFs","PDGFRB"
0,1.26698372446815,0.901,0.584,0,"myCAFs","LGALS1"
1.58096379693798e-216,1.25816666487888,0.726,0.373,2.82929281100021e-212,"myCAFs","TIMP3"
1.34736000131599e-178,1.24159244962083,0.574,0.241,2.41123545835509e-174,"myCAFs","PTK7"
8.49571903121334e-270,1.2333347491152,0.779,0.41,1.52039387782594e-265,"myCAFs","NBL1"
2.0133633656641e-92,1.23130560315444,0.286,0.103,3.60311507919247e-88,"myCAFs","CHSY1"
1.84653986927404e-110,1.22147374719329,0.388,0.158,3.30456775005281e-106,"myCAFs","SPG21"
2.47053072995462e-116,1.21773626245037,0.387,0.152,4.42126179432679e-112,"myCAFs","KLF6"
4.08327021689044e-230,1.20927341843177,0.726,0.352,7.30742038014713e-226,"myCAFs","MYL9"
1.12021206867226e-84,1.20790842410886,0.271,0.1,2.00473151809588e-80,"myCAFs","SEC24D"
4.31707722324281e-147,1.20429589154468,0.524,0.23,7.72584139871534e-143,"myCAFs","CERCAM"
3.74808252300086e-144,1.19644812793761,0.465,0.183,6.70756848316234e-140,"myCAFs","MRC2"
1.3610719225913e-128,1.1935222022014,0.478,0.209,2.43577431266939e-124,"myCAFs","SOD2"
2.72806482902218e-63,1.17949367244525,0.257,0.109,4.8821448180181e-59,"myCAFs","MTCH1"
1.59192544495598e-256,1.17734643626835,0.816,0.442,2.84890977629322e-252,"myCAFs","TGFBI"
3.52047693590909e-71,1.17134638453638,0.262,0.104,6.30024552450291e-67,"myCAFs","ST5"
5.10250435904335e-180,1.17103911633194,0.633,0.299,9.13144180094397e-176,"myCAFs","TAGLN"
2.49208489138362e-277,1.1559910866118,0.796,0.368,4.45983512162013e-273,"myCAFs","GJA1"
7.55740229976887e-95,1.15292365086499,0.284,0.099,1.35247271556664e-90,"myCAFs","PTPRG"
8.01524312539005e-88,1.15017091733958,0.282,0.103,1.4344079097198e-83,"myCAFs","PTTG1IP"
1.04908196251885e-179,1.14593926268865,0.691,0.363,1.87743708012373e-175,"myCAFs","PPIB"
4.31700225720549e-66,1.1399758890242,0.269,0.115,7.72570723949495e-62,"myCAFs","SLC39A13"
1.35899291325799e-67,1.12268590575842,0.295,0.13,2.43205371756649e-63,"myCAFs","ARRDC3"
3.4631940616961e-170,1.12090116661358,0.632,0.307,6.19773209281134e-166,"myCAFs","CCNI"
4.04185598440151e-110,1.11429079910616,0.397,0.163,7.23330546968495e-106,"myCAFs","ICAM1"
1.40696615717268e-255,1.10426905931855,0.859,0.546,2.51790663487623e-251,"myCAFs","ITGB1"
1.53697667644362e-274,1.10340249918881,0.64,0.204,2.7505734601635e-270,"myCAFs","SERPINF1"
1.02926766693278e-80,1.09345816236546,0.324,0.138,1.84197741674291e-76,"myCAFs","NPTN"
2.10157711277199e-203,1.09117231045795,0.757,0.415,3.76098240101676e-199,"myCAFs","ATP5F1E"
7.67546978734466e-186,1.08862367497327,0.676,0.336,1.3736020731432e-181,"myCAFs","COL5A2"
1.99111581919394e-85,1.06876752029018,0.328,0.136,3.56330087002948e-81,"myCAFs","PDPN"
5.32083232875894e-61,1.06125584971169,0.288,0.131,9.52216153554699e-57,"myCAFs","MAFB"
1.74072138849868e-72,1.05966588566205,0.28,0.114,3.11519499685723e-68,"myCAFs","FNDC3B"
5.0745178122428e-133,1.05686066128309,0.483,0.201,9.08135707678972e-129,"myCAFs","EGR1"
6.63688163115855e-217,1.05444342699387,0.781,0.409,1.18773633671213e-212,"myCAFs","CD99"
2.41213234011914e-85,1.0461306870895,0.309,0.122,4.31675203587722e-81,"myCAFs","LAMB2"
0,1.04254346967304,0.808,0.286,0,"myCAFs","SFRP4"
1.94262626176122e-77,1.02792942360669,0.303,0.126,3.47652395804788e-73,"myCAFs","GASK1B"
1.13436487004066e-85,1.01256168962864,0.355,0.154,2.03005937142477e-81,"myCAFs","AKR1A1"
2.64840647296793e-85,1.00960333532606,0.286,0.108,4.73958822402341e-81,"myCAFs","EHD4"
5.09703293865397e-95,1.00313257228891,0.467,0.232,9.12165014701515e-91,"myCAFs","IFNGR2"
5.12914990469257e-100,1.00166803061925,0.486,0.243,9.17912666943782e-96,"myCAFs","TMEM50A"
1.98651311656356e-70,1.00060337996873,0.295,0.126,3.55506387340215e-66,"myCAFs","SSR2"
1.2774774850432e-92,0.989918674948373,0.366,0.157,2.28617370723332e-88,"myCAFs","USP22"
4.17091870856667e-66,0.987979564751844,0.314,0.144,7.46427612085092e-62,"myCAFs","GPI"
5.22927008884281e-200,0.987526385126916,0.837,0.499,9.3583017509931e-196,"myCAFs","TNC"
2.5605305065205e-159,0.987250321820235,0.709,0.39,4.58232539446909e-155,"myCAFs","FBN1"
5.81052861291115e-225,0.979337827252969,0.87,0.596,1.03985220056658e-220,"myCAFs","VIM"
3.46662963757601e-65,0.947357731812428,0.267,0.112,6.20388039940603e-61,"myCAFs","NFKB2"
1.24037845101363e-70,0.938539881782169,0.326,0.147,2.219781275934e-66,"myCAFs","LAMC1"
6.86439418102535e-104,0.938011114072388,0.517,0.262,1.2284519826363e-99,"myCAFs","FAM3C"
1.75330602124115e-54,0.934678384271601,0.266,0.122,3.13771645561317e-50,"myCAFs","PALLD"
6.69565577637598e-116,0.927994906855659,0.529,0.247,1.19825455774025e-111,"myCAFs","MCL1"
1.18534206698971e-65,0.924895350980128,0.301,0.134,2.12128816308478e-61,"myCAFs","NUPR1"
1.32984627679546e-102,0.920946268486441,0.487,0.237,2.37989289695316e-98,"myCAFs","CHPF"
9.80552197519855e-74,0.911371628101307,0.366,0.174,1.75479621268153e-69,"myCAFs","TM9SF3"
7.0510590605563e-91,0.899728383333808,0.462,0.23,1.26185752947716e-86,"myCAFs","HMGB1"
8.47526507106992e-123,0.897422922933826,0.592,0.312,1.51673343711867e-118,"myCAFs","TTC3"
1.848075515525e-125,0.881568056127023,0.582,0.281,3.30731594258354e-121,"myCAFs","MMP13"
7.80343021476346e-63,0.875562533293919,0.341,0.168,1.39650187123407e-58,"myCAFs","PPP1R9B"
4.04640505121734e-113,0.870608614880865,0.611,0.334,7.24144647965855e-109,"myCAFs","CAPZB"
2.11517159191666e-75,0.859884872021782,0.468,0.252,3.78531108089405e-71,"myCAFs","UBE2V1"
2.14542230572924e-57,0.850119214107766,0.322,0.158,3.83944775833305e-53,"myCAFs","NCOR2"
5.41409228584899e-74,0.847837014079936,0.277,0.108,9.68905955475535e-70,"myCAFs","FMOD"
1.51965535894558e-78,0.844947294093126,0.451,0.235,2.719575230369e-74,"myCAFs","ITGAV"
9.86341716921774e-119,0.843617343532399,0.488,0.211,1.76515713660321e-114,"myCAFs","NNMT"
1.32704375203103e-113,0.838038616051816,0.623,0.352,2.37487749863474e-109,"myCAFs","VDAC1"
1.10029651855034e-45,0.826584404645133,0.253,0.121,1.96909064959769e-41,"myCAFs","SUPT6H"
3.76266164958984e-42,0.822996269301892,0.273,0.141,6.73365928810598e-38,"myCAFs","CAPG"
6.91037733328897e-102,0.800924146838216,0.582,0.325,1.23668112756539e-97,"myCAFs","CD81"
5.77893628252796e-65,0.799225656521944,0.393,0.201,1.0341984371212e-60,"myCAFs","EID1"
5.71402978498138e-47,0.780614781212818,0.255,0.119,1.02258277032027e-42,"myCAFs","IL1R1"
1.11152843492434e-55,0.772808210128987,0.32,0.156,1.98919128714061e-51,"myCAFs","SNAI2"
2.43739514331983e-61,0.767653023645906,0.358,0.179,4.36196234848516e-57,"myCAFs","RAP1A"
2.09839617753511e-119,0.766973366485761,0.754,0.474,3.75528979931682e-115,"myCAFs","SERPINE1"
2.89393693850242e-49,0.766549718299737,0.305,0.155,5.17898954514394e-45,"myCAFs","KDELR1"
2.07154225995034e-55,0.761172233775741,0.335,0.17,3.70723202840713e-51,"myCAFs","PNRC1"
1.18882488023363e-68,0.755885660159719,0.453,0.249,2.12752100566611e-64,"myCAFs","SULF2"
1.20930890755987e-118,0.739512041006879,0.609,0.317,2.16417922096914e-114,"myCAFs","HSPG2"
7.92223670753269e-72,0.718087765847324,0.502,0.287,1.41776348118005e-67,"myCAFs","CNN2"
3.23627205977426e-65,0.716835141640725,0.475,0.266,5.79163247817202e-61,"myCAFs","GALNT2"
1.51766693934755e-88,0.714024133924418,0.257,0.084,2.71601675465638e-84,"myCAFs","TNNI1"
4.11556089645859e-43,0.712073639406538,0.304,0.162,7.36520778030229e-39,"myCAFs","HNRNPA0"
1.01771287194215e-47,0.711627750775962,0.367,0.206,1.82129895562768e-43,"myCAFs","XBP1"
7.4220931821246e-44,0.711004813222557,0.31,0.165,1.32825779587302e-39,"myCAFs","TSC22D1"
5.20924766488406e-44,0.71094497765481,0.34,0.19,9.32246962107651e-40,"myCAFs","VAT1"
4.28952509577099e-40,0.705958483276502,0.34,0.196,7.67653411139176e-36,"myCAFs","H1FX"
6.52919562181605e-61,0.704720619991846,0.427,0.235,1.1684648484802e-56,"myCAFs","CALU"
2.36520805243201e-47,0.700596898759492,0.306,0.157,4.23277633063232e-43,"myCAFs","SDCBP"
6.61799928636793e-65,0.699947345877498,0.407,0.213,1.18435715228841e-60,"myCAFs","C12orf57"
2.95562830276889e-61,0.69193855066006,0.337,0.166,5.2893924106352e-57,"myCAFs","COL18A1"
2.52136883721539e-105,0.686546247143371,0.718,0.459,4.51224167108066e-101,"myCAFs","CTSB"
1.14769790293773e-56,0.682573296191726,0.397,0.216,2.05392016709736e-52,"myCAFs","PPP2CB"
5.05328334836561e-59,0.681925244308861,0.431,0.237,9.0433558802351e-55,"myCAFs","TRIM8"
1.02844829744223e-61,0.673201316427612,0.399,0.209,1.84051107310261e-57,"myCAFs","CTDSP2"
1.54475895418123e-46,0.667335600624275,0.313,0.163,2.76450062440273e-42,"myCAFs","FLOT1"
8.33039096181826e-38,0.663345530852207,0.276,0.148,1.490806766527e-33,"myCAFs","RBM17"
6.84841012348581e-74,0.662386666159578,0.586,0.357,1.22559147569902e-69,"myCAFs","UBB"
1.70362112110801e-48,0.65589313552621,0.384,0.214,3.04880035833489e-44,"myCAFs","GABARAPL1"
1.35484867277347e-35,0.655041763515514,0.29,0.162,2.4246371847954e-31,"myCAFs","EMC10"
2.87343164822586e-44,0.645562234437739,0.273,0.135,5.142293277665e-40,"myCAFs","S100A4"
3.67540260073873e-79,0.642746112743719,0.614,0.374,6.57750049428204e-75,"myCAFs","FBLN2"
2.13273624974338e-47,0.634067414214276,0.422,0.249,3.81674479254075e-43,"myCAFs","IQGAP1"
9.25228772431135e-41,0.631765774489493,0.306,0.166,1.65578941114276e-36,"myCAFs","SLC39A7"
6.70575430753307e-44,0.617919408832875,0.297,0.154,1.20006179087612e-39,"myCAFs","ENAH"
7.15477788238242e-47,0.615531948843584,0.336,0.181,1.28041904983116e-42,"myCAFs","MACF1"
3.63442615492657e-53,0.614697744824533,0.409,0.229,6.5041690468566e-49,"myCAFs","CIRBP"
1.09380573431332e-37,0.599414889997267,0.328,0.189,1.95747474212711e-33,"myCAFs","FUS"
2.84285349590658e-44,0.596827736139768,0.389,0.225,5.08757061627441e-40,"myCAFs","LRP10"
3.92275128278221e-46,0.589382045692474,0.325,0.171,7.02015569566704e-42,"myCAFs","MYADM"
1.72916294448809e-46,0.584055229973246,0.298,0.151,3.09451000545589e-42,"myCAFs","PAM"
3.03553972318188e-37,0.582439181402377,0.355,0.21,5.43240188860629e-33,"myCAFs","LAMTOR4"
3.25184932364971e-48,0.58158356600663,0.426,0.248,5.81950954960351e-44,"myCAFs","ARL6IP4"
1.00983187739987e-24,0.579608777007547,0.255,0.152,1.80719512779481e-20,"myCAFs","HECA"
4.1902197990092e-37,0.578212543506615,0.334,0.193,7.49881735230687e-33,"myCAFs","ECM1"
5.43587518842482e-32,0.577069415971466,0.32,0.191,9.72804223720507e-28,"myCAFs","IFI16"
6.25832993258425e-50,0.574838681657971,0.422,0.247,1.11999072473528e-45,"myCAFs","AIDA"
8.27251751893707e-33,0.57458847702742,0.363,0.229,1.48044973518898e-28,"myCAFs","TMEM59"
2.07815757715572e-65,0.572929942250655,0.55,0.335,3.71907080007788e-61,"myCAFs","KDELR2"
2.83677620065952e-37,0.57237898129134,0.306,0.171,5.07669468870029e-33,"myCAFs","ATF4"
1.60711840096704e-57,0.571405558719959,0.474,0.274,2.87609909037061e-53,"myCAFs","NUCKS1"
1.5149521872168e-36,0.569374859882276,0.321,0.183,2.71115843424318e-32,"myCAFs","GLG1"
3.77515131279858e-47,0.56893424271864,0.431,0.256,6.75601078938433e-43,"myCAFs","AP2S1"
2.60651576111607e-42,0.567233750905804,0.409,0.247,4.66462060609332e-38,"myCAFs","CTNNB1"
4.05021522645576e-36,0.566857563079557,0.254,0.131,7.24826516926523e-32,"myCAFs","TGFBR2"
2.28142116243288e-38,0.559602701279171,0.342,0.199,4.08283131228987e-34,"myCAFs","DDX39B"
6.95425542090279e-58,0.559570731894552,0.536,0.326,1.24453355012476e-53,"myCAFs","RACK1"
1.63067898652751e-41,0.556634692184125,0.36,0.208,2.91826311428964e-37,"myCAFs","PLAU"
2.71498127213684e-41,0.553694632644125,0.449,0.283,4.85873048461609e-37,"myCAFs","SURF4"
2.61309179915056e-51,0.553210171296086,0.423,0.244,4.67638908375985e-47,"myCAFs","TAPBP"
1.54515673597217e-45,0.550913233111556,0.379,0.214,2.7652124946958e-41,"myCAFs","ZYX"
1.0009709099775e-53,0.547387767728774,0.493,0.301,1.79133754049574e-49,"myCAFs","RTN4"
9.58835551943409e-56,0.545308028104284,0.575,0.372,1.71593210375792e-51,"myCAFs","ARF4"
1.6730931380677e-46,0.539257309538597,0.35,0.189,2.99416747988596e-42,"myCAFs","B4GALT1"
4.66532710614033e-50,0.537025308025128,0.545,0.351,8.34906938914874e-46,"myCAFs","HSPA5"
4.63329535022806e-42,0.533871780774177,0.421,0.255,8.29174535876813e-38,"myCAFs","SDF4"
1.05619374815635e-92,0.530326426468266,0.824,0.602,1.8901643317006e-88,"myCAFs","FTH1"
6.1272697914964e-33,0.525998675882566,0.271,0.151,1.0965362018862e-28,"myCAFs","MCRIP1"
2.2371332110361e-18,0.52524016792333,0.262,0.171,4.0035735944702e-14,"myCAFs","IFNAR1"
9.84326836269205e-50,0.513024504254552,0.49,0.302,1.76155130618737e-45,"myCAFs","MXRA7"
4.59175270200043e-35,0.502840904536748,0.363,0.22,8.21740063549997e-31,"myCAFs","RAB31"
8.10777628312372e-63,0.50205339753092,0.658,0.429,1.45096764362782e-58,"myCAFs","CAVIN1"
0,5.24982562289036,0.415,0.019,0,"Endothelial cells","PLA2G2A"
0,4.59110172750384,0.33,0.022,0,"Endothelial cells","TNXB"
5.47240144330752e-275,4.41471350688527,0.262,0.022,9.79340962294314e-271,"Endothelial cells","CCL19"
0,3.85985458900893,0.541,0.068,0,"Endothelial cells","NR4A1"
0,3.85337759953102,0.424,0.057,0,"Endothelial cells","CLU"
3.73560406483793e-284,3.83625062311392,0.362,0.048,6.68523703443397e-280,"Endothelial cells","APOD"
0,3.65315690152884,0.401,0.051,0,"Endothelial cells","IGF1"
1.39281916532632e-217,3.64520826491289,0.296,0.042,2.49258917826798e-213,"Endothelial cells","CFD"
0,3.58850382713727,0.905,0.277,0,"Endothelial cells","THBS4"
0,3.44372098694599,0.746,0.169,0,"Endothelial cells","C3"
6.50507861129051e-221,3.43655036244191,0.263,0.031,1.16414886827655e-216,"Endothelial cells","DPT"
1.12866571122035e-186,3.39625681439811,0.278,0.043,2.01986015679993e-182,"Endothelial cells","EFEMP1"
7.64928147811601e-179,3.32111744349782,0.285,0.048,1.36891541332364e-174,"Endothelial cells","MGP"
1.11831049529779e-270,3.27424814434725,0.432,0.078,2.00132846238492e-266,"Endothelial cells","FOSB"
1.43172314237256e-234,3.22017321486261,0.397,0.076,2.56221173558993e-230,"Endothelial cells","AQP1"
0,3.21303659204131,0.92,0.316,0,"Endothelial cells","SFRP4"
3.32765760954865e-134,3.19370209617956,0.292,0.068,5.95517605804826e-130,"Endothelial cells","VWF"
1.43041453493394e-134,3.16048371191548,0.283,0.063,2.55986985171779e-130,"Endothelial cells","ADAMTS1"
8.35657792215484e-211,3.15218496709926,0.367,0.071,1.49549318494883e-206,"Endothelial cells","C11orf96"
1.49063313447616e-212,3.09989681789422,0.346,0.061,2.66763705745854e-208,"Endothelial cells","GADD45B"
2.32043909382974e-144,2.91969344356595,0.304,0.069,4.15265780231771e-140,"Endothelial cells","PECAM1"
1.68642443476012e-141,2.91612400532722,0.271,0.054,3.01802516844672e-137,"Endothelial cells","CFB"
2.28495982795528e-148,2.90177888403519,0.296,0.063,4.08916410810877e-144,"Endothelial cells","PLPP1"
0,2.89590456782113,0.768,0.226,0,"Endothelial cells","SERPINF1"
0,2.80620477524271,0.907,0.462,0,"Endothelial cells","BGN"
0,2.69553422989811,0.805,0.324,0,"Endothelial cells","FOS"
2.28618177637216e-180,2.69455161087456,0.422,0.112,4.09135090699562e-176,"Endothelial cells","SOCS3"
1.25656233900279e-210,2.61624168066551,0.548,0.176,2.2487439618794e-206,"Endothelial cells","CCN1"
0,2.60050551935455,0.966,0.446,0,"Endothelial cells","DCN"
4.56100969804337e-173,2.52291539739597,0.489,0.158,8.16238295561842e-169,"Endothelial cells","PLTP"
1.59638104447196e-107,2.49822779586455,0.307,0.09,2.85688351718702e-103,"Endothelial cells","OAF"
2.54066996379513e-168,2.4794853482081,0.437,0.127,4.54678296720776e-164,"Endothelial cells","CCDC80"
7.45688123456628e-112,2.45268185921758,0.353,0.114,1.33448346573798e-107,"Endothelial cells","FMOD"
3.69206618249515e-106,2.45177968590492,0.297,0.084,6.60732164019332e-102,"Endothelial cells","ATF3"
3.43159065434436e-304,2.44938466615694,0.799,0.351,6.14117463501466e-300,"Endothelial cells","CCN2"
2.01935166717389e-194,2.44305492505424,0.563,0.2,3.61383174357439e-190,"Endothelial cells","JUNB"
4.81405051693905e-170,2.41658022628476,0.498,0.169,8.61522480511412e-166,"Endothelial cells","DUSP1"
0,2.40867454434057,0.878,0.416,0,"Endothelial cells","C1R"
2.62599469046875e-240,2.40531046890278,0.599,0.181,4.69948009806288e-236,"Endothelial cells","C1S"
1.98460121789707e-128,2.38289164144453,0.447,0.168,3.5516423395486e-124,"Endothelial cells","RHOB"
2.85616025871952e-171,2.37983027874666,0.487,0.158,5.11138439900446e-167,"Endothelial cells","ZFP36"
7.430219555079e-83,2.32713245787673,0.266,0.082,1.32971209157694e-78,"Endothelial cells","SPON1"
1.09761243205549e-166,2.32600126730158,0.52,0.189,1.96428720840651e-162,"Endothelial cells","IGFBP4"
1.4731651300785e-96,2.28476911125273,0.287,0.083,2.63637631678849e-92,"Endothelial cells","SELENOP"
6.14177704545304e-92,2.22657068885791,0.29,0.089,1.09913242005428e-87,"Endothelial cells","ENG"
7.11944622335615e-177,2.20208596649402,0.593,0.246,1.27409609613182e-172,"Endothelial cells","EMP1"
8.3823496022431e-181,2.1961713126329,0.546,0.186,1.50010528481743e-176,"Endothelial cells","FBLN1"
5.00913054052987e-179,2.18003883897676,0.603,0.25,8.96434001533225e-175,"Endothelial cells","THBS1"
1.18090454292867e-72,2.15184081505069,0.284,0.101,2.11334677002514e-68,"Endothelial cells","A2M"
1.02465560183555e-69,2.08068957486502,0.3,0.114,1.83372366504489e-65,"Endothelial cells","CRISPLD2"
0,2.07163605366619,0.925,0.64,0,"Endothelial cells","IGFBP7"
2.41216216982762e-227,2.05723966774219,0.794,0.432,4.31680541912351e-223,"Endothelial cells","TIMP1"
1.05252857417493e-97,2.03199417562232,0.385,0.146,1.88360513634345e-93,"Endothelial cells","IGFBP5"
2.78184624512494e-103,2.00062598596271,0.429,0.172,4.97839204027559e-99,"Endothelial cells","FCGRT"
4.25863860911328e-156,1.98694739617851,0.653,0.336,7.62125965486912e-152,"Endothelial cells","HSPG2"
7.34619593091632e-117,1.87791835105086,0.506,0.221,1.31467522379678e-112,"Endothelial cells","EGR1"
4.52779428159804e-57,1.8228012989115,0.293,0.123,8.10294064634785e-53,"Endothelial cells","KLF4"
3.67784741520348e-111,1.72064505003754,0.549,0.268,6.58187573424814e-107,"Endothelial cells","MCL1"
1.51959442908058e-42,1.71551028479782,0.294,0.146,2.7194661902826e-38,"Endothelial cells","CRIP2"
6.07389945635956e-41,1.63765425707446,0.259,0.119,1.08698504671011e-36,"Endothelial cells","LTBP3"
3.72736538211574e-33,1.59653249980823,0.267,0.14,6.67049308783432e-29,"Endothelial cells","TGFBR2"
2.21666827732401e-51,1.59222885691134,0.356,0.18,3.96694954909904e-47,"Endothelial cells","MYADM"
2.43486775419031e-33,1.540898963898,0.26,0.132,4.35743933289898e-29,"Endothelial cells","GABARAPL2"
6.52152761405486e-95,1.4659711140422,0.595,0.342,1.16709258181126e-90,"Endothelial cells","SFRP2"
1.04091021866046e-73,1.3698741681981,0.608,0.393,1.86281292731476e-69,"Endothelial cells","MYL9"
3.39105173884159e-88,1.34389887062685,0.649,0.448,6.0686261918309e-84,"Endothelial cells","LMNA"
2.99175545495361e-20,1.33040018187843,0.256,0.155,5.35404556218498e-16,"Endothelial cells","OLFML2B"
1.92748791972062e-93,1.27788415318914,0.699,0.501,3.44943238113202e-89,"Endothelial cells","SERPINE1"
1.26319208774501e-46,1.23486657727321,0.443,0.27,2.26060856022848e-42,"Endothelial cells","LRP1"
8.86689587887151e-28,1.2320876107694,0.39,0.264,1.58681968648285e-23,"Endothelial cells","PEA15"
2.27947126659451e-84,1.22751632912543,0.683,0.487,4.07934177869754e-80,"Endothelial cells","IFITM2"
3.94587909447212e-22,1.20475126819734,0.304,0.196,7.06154522746731e-18,"Endothelial cells","JUN"
7.90823684440156e-17,1.18575244589187,0.288,0.198,1.4152580656741e-12,"Endothelial cells","LAMA4"
2.37885235046483e-29,1.18257517066139,0.299,0.167,4.25719416639187e-25,"Endothelial cells","ANGPTL2"
7.05408071369014e-26,1.16846624532717,0.296,0.176,1.26239828452199e-21,"Endothelial cells","IER3"
9.51590223191089e-27,1.14379775500164,0.366,0.24,1.70296586342277e-22,"Endothelial cells","CRIP1"
9.02169049055611e-41,1.13748508633725,0.524,0.38,1.61452173018992e-36,"Endothelial cells","CST3"
1.12589772075165e-20,1.1004206171276,0.372,0.271,2.01490656105715e-16,"Endothelial cells","COL4A1"
1.22558656474666e-16,1.08242886899239,0.298,0.207,2.19330971627062e-12,"Endothelial cells","B4GALT1"
1.21275457336283e-16,1.04060104555714,0.312,0.221,2.17034558449012e-12,"Endothelial cells","MRC2"
5.53685025807482e-12,1.0101706378535,0.275,0.198,9.90874722185069e-08,"Endothelial cells","PDGFRB"
9.65422209771033e-32,1.00856733521643,0.479,0.34,1.72771958660624e-27,"Endothelial cells","TAGLN"
6.22963952651893e-86,1.0003387283502,0.557,0.254,1.11485628966583e-81,"Endothelial cells","TPM1"
2.77067595085819e-10,0.982638546444994,0.25,0.184,4.95840168165582e-06,"Endothelial cells","NDUFA1"
1.31888727144744e-18,0.982468208020484,0.343,0.246,2.36028066098233e-14,"Endothelial cells","DDX3X"
9.09404721053044e-93,0.935548205115505,0.794,0.625,1.62747068879653e-88,"Endothelial cells","VIM"
3.01939407079208e-31,0.934536543841702,0.517,0.368,5.4035076290895e-27,"Endothelial cells","ACTA2"
5.84440964023374e-30,0.921516083840507,0.48,0.355,1.04591554921623e-25,"Endothelial cells","CD81"
1.16617966079092e-15,0.916297975537581,0.376,0.289,2.08699512095144e-11,"Endothelial cells","PTMS"
1.01897758779218e-14,0.903816002654255,0.331,0.245,1.82356229111289e-10,"Endothelial cells","SOD2"
6.03300523483264e-08,0.893652013727206,0.258,0.204,0.00107966661682565,"Endothelial cells","RWDD1"
1.67462236746508e-24,0.876862823716007,0.501,0.38,2.99690418881552e-20,"Endothelial cells","COL5A2"
2.01473792730946e-42,0.866350896813393,0.663,0.542,3.605574994713e-38,"Endothelial cells","SERF2"
2.07267164667539e-108,0.862634235032433,0.551,0.217,3.70925317889027e-104,"Endothelial cells","TPM2"
1.8971200604143e-18,0.844651946067,0.341,0.235,3.39508606011743e-14,"Endothelial cells","C1QB"
3.45043244822401e-08,0.829809628617644,0.32,0.265,0.000617489390934169,"Endothelial cells","IFNGR2"
2.52769174897617e-05,0.829561159742259,0.3,0.265,0.452355715396775,"Endothelial cells","USF2"
1.76793165148017e-31,0.81877748247892,0.558,0.43,3.16389048348891e-27,"Endothelial cells","FBN1"
1.16352630526569e-17,0.806461218301289,0.351,0.249,2.08224667590349e-13,"Endothelial cells","CIRBP"
1.73198626617122e-05,0.803801723203833,0.254,0.214,0.309956262194002,"Endothelial cells","PLD3"
5.32730347525285e-12,0.791079607573179,0.336,0.262,9.53374229931249e-08,"Endothelial cells","TRIM8"
1.4287635793808e-35,0.768340464676172,0.593,0.457,2.55691530165988e-31,"Endothelial cells","NBL1"
0.000686216886053927,0.758588408564268,0.267,0.244,1,"Endothelial cells","MAP7D1"
1.885598256362e-54,0.753823008494144,0.721,0.548,3.37446663958544e-50,"Endothelial cells","MMP2"
6.24694806187123e-07,0.727148037259112,0.32,0.272,0.0111795382515248,"Endothelial cells","GNAI2"
1.54201343231876e-08,0.714404877473537,0.31,0.249,0.000275958723847765,"Endothelial cells","CEBPD"
3.65459176705545e-51,0.712108338899299,0.563,0.331,6.54025742632244e-47,"Endothelial cells","LUM"
9.39464529726343e-14,0.696988035363538,0.273,0.183,1.68126572239826e-09,"Endothelial cells","C1QC"
7.85885747639312e-10,0.696908554276316,0.302,0.233,1.40642113397531e-05,"Endothelial cells","CTDSP2"
9.52808847337241e-06,0.676850397606612,0.269,0.228,0.170514671319473,"Endothelial cells","EID1"
1.1531932705812e-32,0.669738139913564,0.679,0.584,2.06375467703211e-28,"Endothelial cells","PSAP"
2.01183749349839e-05,0.662290356879927,0.357,0.33,0.360038437836471,"Endothelial cells","MXRA7"
0.0056813510466552,0.656438527882488,0.26,0.244,1,"Endothelial cells","GTF3C6"
2.21940416097664e-11,0.656282950164312,0.456,0.389,3.97184568648379e-07,"Endothelial cells","VDAC1"
0.000903345569474233,0.647190695425504,0.261,0.235,1,"Endothelial cells","PPP1R18"
1.04106251309353e-05,0.642654675463038,0.31,0.269,0.186308547343218,"Endothelial cells","TAPBP"
7.62115162851719e-06,0.616295328840987,0.293,0.25,0.136388129543944,"Endothelial cells","STAT3"
2.03247857232077e-36,0.596020761898857,0.617,0.441,3.63732365302526e-32,"Endothelial cells","HLA-DRA"
0.00056773765952285,0.588534871484414,0.277,0.249,1,"Endothelial cells","ATP5MC2"
5.33876009040574e-11,0.56796921890503,0.395,0.318,9.5542450577901e-07,"Endothelial cells","CTSZ"
6.10661014785245e-07,0.565920641922471,0.417,0.373,0.0109283895205967,"Endothelial cells","SAT1"
3.96908937786373e-10,0.565063582285253,0.503,0.448,7.10308235062494e-06,"Endothelial cells","GABARAP"
3.69374738871798e-16,0.56241436028415,0.539,0.464,6.6103303268497e-12,"Endothelial cells","ATP5F1E"
2.36185389946487e-06,0.556170865938313,0.351,0.311,0.0422677373848234,"Endothelial cells","ANXA5"
9.50784604049822e-05,0.551343638719136,0.324,0.292,1,"Endothelial cells","WNK1"
8.8315799735248e-24,0.541459196576001,0.627,0.527,1.580499552062e-19,"Endothelial cells","CD63"
1.19919770851988e-15,0.538415266039038,0.527,0.436,2.14608421916718e-11,"Endothelial cells","FSTL1"
1.12399171107825e-13,0.535658676969079,0.566,0.494,2.01149556614563e-09,"Endothelial cells","CTSB"
1.52192203853104e-06,0.53328131537274,0.394,0.356,0.0272363168015514,"Endothelial cells","RACK1"
3.03650978704961e-23,1.5708950006993,0.053,0.297,5.43413791490398e-19,"Fibroblasts","TOMM7"
1.91996021647293e-13,1.23556953840731,0.087,0.275,3.43596080339996e-09,"Fibroblasts","CLIC4"
9.38682823983414e-19,1.22864745132101,0.077,0.306,1.67986678180072e-14,"Fibroblasts","PTMS"
5.50188220231621e-20,1.21348733539326,0.075,0.312,9.84616838926509e-16,"Fibroblasts","GRINA"
3.08320109745244e-23,1.17383423474848,0.072,0.333,5.51769668400089e-19,"Fibroblasts","TLE5"
2.60215724415987e-22,1.16646089623563,0.094,0.367,4.6568206041485e-18,"Fibroblasts","TTC3"
2.28616186912885e-22,1.11997898388804,0.099,0.377,4.09131528099298e-18,"Fibroblasts","CD81"
5.56608617797021e-16,1.11467681978677,0.125,0.37,9.96106782409548e-12,"Fibroblasts","VCAN"
5.73736198608963e-22,1.11180599779537,0.065,0.31,1.0267583010306e-17,"Fibroblasts","ATP5MG"
4.08563092357339e-17,1.07087853234234,0.055,0.252,7.31164510082694e-13,"Fibroblasts","C1QB"
2.48035762102235e-31,1.03343078024726,0.043,0.337,4.43884799858159e-27,"Fibroblasts","COX7C"
7.94949004420431e-16,1.0206556496746,0.072,0.271,1.4226407383108e-11,"Fibroblasts","PXDN"
1.23841130242747e-09,1.00228006870183,0.113,0.281,2.2162608668242e-05,"Fibroblasts","GOLM1"
5.74217482815911e-19,0.993981155808922,0.168,0.481,1.02761960724735e-14,"Fibroblasts","NBL1"
3.91606083560831e-22,0.95678078619614,0.067,0.316,7.00818247140463e-18,"Fibroblasts","NUCKS1"
1.75233185348356e-18,0.943344537421336,0.065,0.281,3.13597308499418e-14,"Fibroblasts","TAPBP"
2.92571964990235e-23,0.904082532183701,0.036,0.266,5.23586788546525e-19,"Fibroblasts","COX4I1"
1.14473714929754e-14,0.902830479879038,0.127,0.362,2.04862160238289e-10,"Fibroblasts","TAGLN"
6.43768443412626e-18,0.89190717058203,0.07,0.285,1.15208800633124e-13,"Fibroblasts","EMP1"
1.66562929708505e-22,0.873982087512953,0.058,0.301,2.98081019006341e-18,"Fibroblasts","COPZ1"
6.76180134869518e-07,0.869611504646558,0.293,0.568,0.0121009196936249,"Fibroblasts","COL6A1"
2.87250447243567e-07,0.868839763875119,0.175,0.358,0.00514063400387087,"Fibroblasts","LUM"
8.39086817115434e-21,0.858712818942836,0.178,0.515,1.50162976790978e-16,"Fibroblasts","TGFBI"
1.02511160692572e-17,0.847468976125793,0.055,0.257,1.83453973175427e-13,"Fibroblasts","SIVA1"
7.88008135455574e-13,0.840101994520211,0.135,0.355,1.41021935921129e-08,"Fibroblasts","THBS2"
4.95168657054499e-22,0.839113176664631,0.036,0.256,8.86153828664732e-18,"Fibroblasts","TCP1"
3.76459033709205e-24,0.83853664481214,0.048,0.295,6.73711086725994e-20,"Fibroblasts","LRP1"
9.68037920723641e-23,0.837810436707519,0.113,0.405,1.73240066292703e-18,"Fibroblasts","GLUL"
1.22798108609249e-21,0.835799192659841,0.043,0.267,2.19759495167111e-17,"Fibroblasts","CIRBP"
2.55512243157838e-24,0.823703703342801,0.058,0.315,4.57264710355267e-20,"Fibroblasts","ZFP36L1"
8.75294666852309e-27,0.806681722299799,0.065,0.347,1.56642733579889e-22,"Fibroblasts","COPG1"
8.65347718707229e-23,0.79736793842373,0.036,0.262,1.54862627739846e-18,"Fibroblasts","ARPC3"
4.09346009769873e-31,0.790837497624578,0.079,0.403,7.32565619084164e-27,"Fibroblasts","CCN2"
1.56799772014556e-20,0.786108852574073,0.108,0.38,2.80608871997249e-16,"Fibroblasts","KDELR2"
2.04144737587191e-24,0.783747076171266,0.132,0.457,3.65337422386036e-20,"Fibroblasts","FSTL1"
2.26234234243774e-17,0.77005019903422,0.135,0.401,4.04868785602658e-13,"Fibroblasts","COL5A2"
4.67446563388601e-23,0.761641727063621,0.046,0.282,8.3654236984024e-19,"Fibroblasts","TMEM230"
6.0474138409672e-25,0.742129500598051,0.188,0.568,1.08224518097949e-20,"Fibroblasts","TNC"
1.08578373352396e-17,0.735444712298346,0.07,0.283,1.94311856951448e-13,"Fibroblasts","PEA15"
2.42522387285422e-28,0.724658289527877,0.046,0.321,4.34018064285991e-24,"Fibroblasts","RPN2"
1.74712944781869e-19,0.717261070473028,0.077,0.312,3.12666285981632e-15,"Fibroblasts","FAM3C"
2.52949634623114e-21,0.71601861070853,0.154,0.469,4.52678666121525e-17,"Fibroblasts","C1R"
3.73113136966864e-13,0.706650186733035,0.262,0.604,6.677232699159e-09,"Fibroblasts","MMP14"
5.00865813116091e-26,0.701907129092386,0.043,0.3,8.96349459152556e-22,"Fibroblasts","TMBIM6"
3.65967804779362e-18,0.697614526355017,0.067,0.283,6.54935983433146e-14,"Fibroblasts","AIDA"
7.79660026281482e-14,0.690417647728131,0.159,0.409,1.39527958303334e-09,"Fibroblasts","CTHRC1"
1.7621925208186e-23,0.688601462672536,0.12,0.427,3.15361973525696e-19,"Fibroblasts","PPIB"
1.60081641970592e-12,0.687110203471128,0.096,0.282,2.86482106470571e-08,"Fibroblasts","SERPINF1"
2.54289843122362e-17,0.681711996524697,0.075,0.289,4.55077103251779e-13,"Fibroblasts","CALD1"
9.63234292528593e-21,0.669784776244121,0.06,0.291,1.72380408990917e-16,"Fibroblasts","SULF2"
1.27681704322395e-15,0.667348714447444,0.082,0.287,2.28499178055358e-11,"Fibroblasts","MICAL2"
3.70400885253632e-28,0.665775765340804,0.062,0.352,6.628694242499e-24,"Fibroblasts","ERGIC3"
4.6230264506368e-12,0.653658984204552,0.219,0.495,8.27336813605962e-08,"Fibroblasts","AEBP1"
0.000194731953704329,0.644927025624406,0.3,0.5,1,"Fibroblasts","DCN"
3.80093067859754e-18,0.641647035036178,0.084,0.314,6.80214554241816e-14,"Fibroblasts","HLA-DPA1"
1.55143374013462e-22,0.637225564453308,0.046,0.278,2.77644582134491e-18,"Fibroblasts","PSMB7"
3.07575474524464e-18,0.633802373957413,0.084,0.314,5.50437069208981e-14,"Fibroblasts","PRRX1"
4.65810039597457e-23,0.589066277428483,0.13,0.442,8.33613646863609e-19,"Fibroblasts","TIMP3"
3.15408719571695e-21,0.583096466435126,0.058,0.291,5.64455444545506e-17,"Fibroblasts","TMEM50A"
2.22329974737521e-29,0.575611331381878,0.053,0.343,3.97881722790267e-25,"Fibroblasts","RTN4"
2.39300667247971e-26,0.57222961881631,0.067,0.349,4.28252474106968e-22,"Fibroblasts","CLIC1"
6.88492234751109e-24,0.570804576920984,0.236,0.651,1.23212570331058e-19,"Fibroblasts","LGALS1"
1.31013988700465e-08,0.570340977194681,0.387,0.773,0.000234462634178352,"Fibroblasts","POSTN"
1.05559768430026e-20,0.565885319868255,0.06,0.291,1.88909761582374e-16,"Fibroblasts","THBS1"
4.23594703791207e-20,0.56292848765807,0.043,0.255,7.58065081904744e-16,"Fibroblasts","SNX3"
2.59984567379587e-20,0.557598939034851,0.046,0.261,4.6526838178251e-16,"Fibroblasts","SOD2"
1.06733424029672e-21,0.548013730599848,0.038,0.258,1.91010135643501e-17,"Fibroblasts","RABAC1"
3.93116492970421e-30,0.53778836536435,0.188,0.613,7.03521275819865e-26,"Fibroblasts","ITGB1"
1.1676884712279e-21,0.531060325722726,0.048,0.276,2.08969528810946e-17,"Fibroblasts","PRDX5"
4.44164160689895e-23,0.52162172896271,0.06,0.309,7.94876181970636e-19,"Fibroblasts","GALNT2"
1.31659143222803e-18,0.517156411509155,0.048,0.251,2.35617202711529e-14,"Fibroblasts","RAB31"
9.59538077552255e-22,0.510090345834024,0.111,0.392,1.71718934358751e-17,"Fibroblasts","ACTA2"
3.40224891823952e-21,0.50332607477286,0.055,0.285,6.08866466408145e-17,"Fibroblasts","GNAI2"
0,3.8922197762741,0.257,0.017,0,"T-cells","TRBC1"
0,3.730197125413,0.369,0.03,0,"T-cells","CXCR4"
0,3.50268698233242,0.317,0.025,0,"T-cells","TRBC2"
3.6294062343498e-320,3.13659575524392,0.325,0.039,6.4951853969924e-316,"T-cells","RGS1"
0,3.09721741465842,0.406,0.046,0,"T-cells","PTPRC"
0,3.05655246582278,0.597,0.109,0,"T-cells","LYZ"
6.26718404631912e-293,3.02859807417845,0.28,0.031,1.12157525692927e-288,"T-cells","TRAC"
0,2.84556735839608,0.747,0.177,0,"T-cells","LAPTM5"
6.3599444853128e-303,2.75277901294031,0.379,0.063,1.13817566509158e-298,"T-cells","CYBB"
3.09737737322863e-236,2.67450638100833,0.315,0.055,5.54306654712995e-232,"T-cells","HLA-DQA1"
0,2.65007890164033,0.462,0.079,0,"T-cells","ETS1"
0,2.63817748379085,0.951,0.431,0,"T-cells","CD74"
7.39243835217995e-265,2.55555307311744,0.367,0.068,1.32295076750612e-260,"T-cells","SRGN"
2.01033504267457e-274,2.52991613397844,0.441,0.103,3.59769559237042e-270,"T-cells","HLA-DMA"
0,2.51570375311538,0.51,0.112,0,"T-cells","TYROBP"
0,2.5142127417659,0.642,0.173,0,"T-cells","HLA-DPB1"
7.26019771450238e-232,2.49854507119262,0.336,0.065,1.29928498298735e-227,"T-cells","CSF1R"
0,2.47980027980729,0.732,0.237,0,"T-cells","HLA-DPA1"
5.53281697383252e-193,2.47293121223243,0.271,0.049,9.90152925637068e-189,"T-cells","CCL18"
7.81835077455289e-185,2.44193068288562,0.292,0.061,1.39917205461399e-180,"T-cells","FPR3"
0,2.42019399963128,0.472,0.092,0,"T-cells","ARHGDIB"
6.66478790023073e-141,2.40516112074818,0.272,0.069,1.19273044262529e-136,"T-cells","PDCD4"
1.23189879270372e-155,2.38658514323008,0.259,0.056,2.20460607942257e-151,"T-cells","CTSS"
0,2.38295969414974,0.896,0.387,0,"T-cells","HLA-DRA"
0,2.36122762101385,0.858,0.32,0,"T-cells","GLUL"
9.59999966637213e-199,2.34359290285847,0.303,0.06,1.71801594029396e-194,"T-cells","CD163"
1.27729372178221e-312,2.33731439796484,0.584,0.177,2.28584484450144e-308,"T-cells","APOE"
0,2.29949580127227,0.57,0.153,0,"T-cells","COTL1"
9.97169582186541e-222,2.24758868562075,0.416,0.111,1.78453468428103e-217,"T-cells","IFI30"
4.88148372605367e-162,2.14378937093659,0.255,0.051,8.73590327614564e-158,"T-cells","MS4A6A"
1.00015412363365e-150,2.11887192696305,0.319,0.089,1.78987581965477e-146,"T-cells","ASAH1"
3.52392180319273e-208,2.04690145209481,0.397,0.102,6.30641045899371e-204,"T-cells","SGK1"
1.35159802702671e-177,1.92654899802516,0.391,0.114,2.418819829167e-173,"T-cells","LSP1"
4.95823581141177e-233,1.89976414605184,0.487,0.144,8.8732588081025e-229,"T-cells","C1QC"
9.4955179340978e-179,1.87184719005916,0.406,0.124,1.69931788948614e-174,"T-cells","TSC22D3"
1.47994681590535e-112,1.85706019065679,0.274,0.083,2.64851282174422e-108,"T-cells","SLC20A1"
6.9368287799866e-153,1.84880860679241,0.422,0.153,1.2414148784664e-148,"T-cells","CD68"
2.40694999343135e-113,1.83922112262535,0.287,0.09,4.30747770824474e-109,"T-cells","PLEKHO1"
1.34123607266113e-186,1.83184489668258,0.446,0.142,2.40027607563437e-182,"T-cells","HLA-DRB1"
1.43484199711087e-139,1.76893189092088,0.366,0.122,2.56779323802962e-135,"T-cells","RNF213"
3.27632975344029e-136,1.76781942069049,0.287,0.076,5.86331972675674e-132,"T-cells","CD14"
1.1851729143261e-126,1.74599345232183,0.307,0.091,2.12098544747799e-122,"T-cells","C1QA"
3.47363302719932e-113,1.73714738479713,0.299,0.096,6.2164136654759e-109,"T-cells","WIPF1"
0,1.73163736731001,0.871,0.469,0,"T-cells","CTSD"
5.35586010733132e-118,1.68767727993135,0.334,0.116,9.58484724808013e-114,"T-cells","EFHD2"
1.42092920217423e-73,1.65405972241723,0.263,0.102,2.54289490021101e-69,"T-cells","HIST1H4D"
1.64998720992925e-202,1.56002812475585,0.538,0.197,2.95281711088938e-198,"T-cells","C1QB"
5.3438745105068e-67,1.49064554467746,0.253,0.101,9.56339782400297e-63,"T-cells","GRK2"
3.28205858570656e-67,1.48704117099365,0.266,0.11,5.87357204498045e-63,"T-cells","TRIM22"
8.48969776942751e-186,1.48447859950989,0.615,0.279,1.51931631281675e-181,"T-cells","CTSZ"
1.71871107467757e-111,1.46820156481655,0.32,0.109,3.07580533924297e-107,"T-cells","LAP3"
4.22866467015503e-89,1.43872124833811,0.319,0.125,7.56761829370944e-85,"T-cells","MFSD1"
3.17520605962497e-158,1.41127098494669,0.632,0.336,5.68234876430485e-154,"T-cells","SAT1"
8.48678585908942e-108,1.38718444332954,0.458,0.214,1.51879519734264e-103,"T-cells","TLN1"
7.74102249610798e-64,1.38473322398861,0.269,0.114,1.38533338590348e-59,"T-cells","STAT2"
1.7272397283022e-66,1.31599500255602,0.282,0.119,3.09106821776961e-62,"T-cells","IL1R1"
8.31186321273739e-62,1.30360444520686,0.257,0.107,1.48749104055148e-57,"T-cells","ABHD12"
4.00088630522606e-81,1.29381174071728,0.296,0.114,7.15998613183257e-77,"T-cells","RARRES2"
2.28803729591157e-49,1.25465398719574,0.252,0.117,4.09467154476334e-45,"T-cells","HIST1H4A"
3.4986738806165e-120,1.20571815586359,0.594,0.323,6.26122677675129e-116,"T-cells","RACK1"
9.52038601930007e-47,1.20044972437837,0.25,0.119,1.70376828201394e-42,"T-cells","MAX"
1.7203880413029e-158,1.17732989346116,0.566,0.228,3.07880643871567e-154,"T-cells","GOLM1"
2.55536665291631e-67,1.16308398764935,0.4,0.211,4.57308416205903e-63,"T-cells","HIST1H1E"
2.18249707682875e-41,1.15684869731141,0.28,0.149,3.90579676869274e-37,"T-cells","CHMP2A"
1.05640740739901e-94,1.13998113260681,0.39,0.164,1.89054669628127e-90,"T-cells","FCGRT"
1.75483431470327e-45,1.13506457366898,0.276,0.139,3.14045148959297e-41,"T-cells","S100A4"
1.28148777205716e-261,1.11057120637106,0.929,0.742,2.2933505168735e-257,"T-cells","FTL"
1.56142105314374e-288,1.1088218793504,0.996,0.935,2.79431911670603e-284,"T-cells","COL1A1"
4.89210984804169e-53,1.10725337699296,0.265,0.118,8.75491978405542e-49,"T-cells","CXCL12"
2.62935178431805e-96,1.0956459696654,0.381,0.156,4.70548795321559e-92,"T-cells","ZFP36"
9.88244397322012e-86,1.05582700066575,0.37,0.159,1.76856217344747e-81,"T-cells","PLTP"
6.34029607484004e-44,1.05391085360168,0.294,0.154,1.13465938555337e-39,"T-cells","IFI44"
1.72296279966583e-37,1.0407197943629,0.272,0.147,3.08341422628197e-33,"T-cells","ATP6V1B2"
5.76800878196726e-79,1.02541535883861,0.461,0.247,1.03224285162086e-74,"T-cells","EIF4A2"
1.16282204276596e-70,1.02069616196912,0.409,0.213,2.08098632773397e-66,"T-cells","PLAUR"
0,1.01903537178514,0.976,0.845,0,"T-cells","TMSB4X"
5.33409650085457e-30,1.0140599289596,0.288,0.175,9.54589909792934e-26,"T-cells","NAP1L4"
3.92854187169538e-44,0.996715902309293,0.344,0.197,7.03051853358604e-40,"T-cells","PLD3"
2.09188107821706e-54,0.97187861935758,0.408,0.237,3.74363037757724e-50,"T-cells","UGDH"
5.51698529434718e-106,0.96544001791924,0.596,0.328,9.87319688276372e-102,"T-cells","SFRP2"
2.09482742691173e-35,0.957232005190101,0.251,0.132,3.74890316320123e-31,"T-cells","HIST1H2AG"
3.55041079690935e-43,0.953729941720326,0.363,0.214,6.35381516214898e-39,"T-cells","SOD1"
1.48883448033846e-52,0.942789897827365,0.274,0.125,2.6644181860137e-48,"T-cells","MT1E"
5.62842610978334e-89,0.941523269584715,0.62,0.391,1.00726313660683e-84,"T-cells","UQCRB"
5.02457250196438e-190,0.903639372815114,0.916,0.689,8.99197494951545e-186,"T-cells","MT2A"
7.66035691970492e-105,0.900461557294046,0.67,0.419,1.37089747435039e-100,"T-cells","GABARAP"
6.04957042793098e-51,0.885679377372071,0.402,0.231,1.08263112378253e-46,"T-cells","CEBPD"
1.17424823429429e-88,0.871637003574965,0.673,0.433,2.10143464009306e-84,"T-cells","CAVIN1"
1.64761298987341e-40,0.856349515849119,0.34,0.195,2.94856820667746e-36,"T-cells","B4GALT1"
2.80132797829349e-194,0.854779683313907,0.933,0.795,5.01325654995404e-190,"T-cells","B2M"
1.07798545389955e-55,0.852036290127768,0.408,0.229,1.92916276829863e-51,"T-cells","ARPC3"
4.4722429042524e-40,0.849255936663344,0.307,0.171,8.0035259014501e-36,"T-cells","NDUFA1"
3.10217592882745e-34,0.843206030289475,0.292,0.166,5.5516540422296e-30,"T-cells","PSME2"
2.36746158561598e-28,0.839692158304131,0.338,0.223,4.23680925361836e-24,"T-cells","GOLPH3"
2.26729537416542e-230,0.834345233015731,0.964,0.837,4.05755180160644e-226,"T-cells","ACTB"
3.47262521889114e-48,0.829025387848226,0.43,0.264,6.21461009172758e-44,"T-cells","LAMP1"
2.04436762223022e-52,0.828502213860552,0.502,0.324,3.6586002967432e-48,"T-cells","EIF4H"
1.03202853474756e-33,0.821245910980347,0.301,0.172,1.84691826578423e-29,"T-cells","RUNX1"
1.82638677092618e-152,0.817272688280192,0.887,0.654,3.2685017652495e-148,"T-cells","EEF2"
7.61688965028754e-105,0.805953200137512,0.708,0.431,1.36311857181546e-100,"T-cells","CD99"
1.63900332746417e-28,0.799912271212873,0.286,0.173,2.93316035482989e-24,"T-cells","LASP1"
5.68781579380767e-30,0.796334454751007,0.292,0.176,1.01789151445982e-25,"T-cells","CSNK1G2"
3.16909556374684e-24,0.779371481110026,0.278,0.175,5.67141342088134e-20,"T-cells","SLC39A7"
4.24436319484921e-65,0.749065803739215,0.454,0.249,7.59571237350214e-61,"T-cells","EMP1"
3.2009983059008e-42,0.744513395124224,0.495,0.337,5.72850656824008e-38,"T-cells","PSMA7"
4.59602654951252e-127,0.741795787571497,0.767,0.44,8.2250491130076e-123,"T-cells","AEBP1"
2.63322828829596e-23,0.73922420837226,0.307,0.201,4.71242534473445e-19,"T-cells","ECM1"
9.26021874122794e-36,0.730075157860618,0.382,0.243,1.65720874593015e-31,"T-cells","BZW1"
6.13159931708054e-46,0.728408062469788,0.418,0.253,1.09731101378473e-41,"T-cells","PEA15"
3.69651371418911e-43,0.726742944904787,0.451,0.292,6.61528094291282e-39,"T-cells","PLSCR1"
3.90723528420535e-17,0.7148152370932,0.288,0.202,6.99238826461389e-13,"T-cells","PA2G4"
1.70447540853725e-55,0.709476283783153,0.556,0.365,3.05032919111827e-51,"T-cells","COL5A2"
1.06145268440941e-69,0.709188980417819,0.664,0.475,1.89957572401907e-65,"T-cells","CTSB"
1.28547821517941e-23,0.691327850832694,0.331,0.222,2.30049181388507e-19,"T-cells","PPP1R18"
1.12981945991168e-39,0.688047068223167,0.383,0.234,2.02192490545795e-35,"T-cells","DDX3X"
3.17615598157096e-30,0.684858455212594,0.319,0.195,5.68404874461938e-26,"T-cells","IFITM1"
1.13144123885361e-19,0.679923533967673,0.301,0.205,2.02482724105242e-15,"T-cells","UQCR11"
1.87853600665708e-31,0.673173816846545,0.414,0.282,3.36182803751352e-27,"T-cells","GALNT2"
7.53660650452511e-27,0.671819323510042,0.29,0.178,1.34875110004981e-22,"T-cells","SELENOM"
5.24182181277579e-28,0.667835579920796,0.346,0.227,9.38076431614355e-24,"T-cells","RAB31"
9.58424993084782e-97,0.66447829448049,0.629,0.353,1.71519736762453e-92,"T-cells","CCN2"
1.39525681380665e-125,0.65675484102393,0.732,0.414,2.49695159398839e-121,"T-cells","C1R"
5.96930736411023e-55,0.65009827547298,0.555,0.367,1.06826724588117e-50,"T-cells","CST3"
4.84083411435457e-17,0.647079486892822,0.27,0.185,8.66315673104893e-13,"T-cells","PNRC1"
1.33846660108004e-20,0.646827776529544,0.34,0.241,2.39531982929284e-16,"T-cells","PLXNB2"
1.13710210663619e-74,0.641653436560728,0.661,0.433,2.03495793003612e-70,"T-cells","TIMP1"
6.1551115111246e-46,0.641007923572815,0.439,0.274,1.10151875603086e-41,"T-cells","PTMS"
2.45361374564196e-18,0.63168301198881,0.29,0.199,4.39098715920086e-14,"T-cells","IFI16"
2.84611482442751e-34,0.629921656196691,0.491,0.35,5.09340708979547e-30,"T-cells","KDELR2"
3.84705065665526e-20,0.62496331811554,0.32,0.222,6.88468185515025e-16,"T-cells","ARF3"
1.35325511896711e-13,0.620504984741703,0.303,0.228,2.42178536090354e-09,"T-cells","SYNE2"
4.50048611984135e-33,0.614657090445638,0.468,0.328,8.05406996006808e-29,"T-cells","PCBP1"
1.10873314547229e-20,0.605213445661508,0.354,0.252,1.9841888371372e-16,"T-cells","SNRNP70"
3.85573205134394e-41,0.583268815921401,0.438,0.27,6.90021807908512e-37,"T-cells","MCL1"
8.14739035523535e-23,0.577506582665114,0.258,0.161,1.45805697797292e-18,"T-cells","PITPNA"
2.59833820187704e-30,0.576739700689491,0.396,0.259,4.64998604607916e-26,"T-cells","CHPF"
7.11319305862016e-22,0.573845417468942,0.381,0.274,1.27297702977066e-17,"T-cells","NUTF2"
2.69935392874701e-23,0.556280960321335,0.292,0.187,4.83076379088565e-19,"T-cells","ICAM1"
3.01648942305654e-14,0.556032821516365,0.292,0.213,5.39830947150199e-10,"T-cells","ILRUN"
8.63584499269632e-19,0.551616525181081,0.305,0.209,1.54547081989293e-14,"T-cells","DDX39B"
1.02000704867741e-63,0.548288149620113,0.77,0.589,1.82540461431309e-59,"T-cells","RBM3"
6.45062764544155e-23,0.548202021846453,0.339,0.226,1.15440432342822e-18,"T-cells","GABARAPL1"
8.05496753022238e-13,0.543938786323257,0.251,0.179,1.4415169892086e-08,"T-cells","PTBP3"
3.28206987742064e-22,0.53789911093876,0.389,0.285,5.87359225263198e-18,"T-cells","PRRC2C"
3.6905659023197e-32,0.537173905577773,0.514,0.371,6.60463673879133e-28,"T-cells","CALR"
1.51838063147918e-27,0.526158552288682,0.529,0.398,2.71729397809514e-23,"T-cells","NCL"
1.49215259191681e-109,0.512910482207229,0.972,0.918,2.67035627849432e-105,"T-cells","FN1"
4.9574413734061e-15,0.512655331896275,0.266,0.184,8.87183708184755e-11,"T-cells","MYADM"
4.74346997747592e-19,0.507142684528715,0.301,0.206,8.4889138716909e-15,"T-cells","SHISA5"
1.95624921470299e-12,0.507023266763114,0.287,0.213,3.50090359463247e-08,"T-cells","CDK4"
2.57070123563195e-16,0.505152891641311,0.279,0.193,4.60052693128694e-12,"T-cells","TM9SF3"
0,10.5590101622369,0.631,0.035,0,"Plasma Cells","IGLC1"
0,9.47623997668031,0.754,0.059,0,"Plasma Cells","IGHG2"
0,8.79575040888625,0.548,0.034,0,"Plasma Cells","IGKV4-1"
2.24106132615941e-209,8.37762332721143,0.905,0.247,4.01060334929489e-205,"Plasma Cells","IGKC"
7.63807236723846e-286,8.11266123661123,0.75,0.095,1.36690943084099e-281,"Plasma Cells","IGHG1"
4.07008282630927e-169,7.71261918596452,0.321,0.024,7.28382022596308e-165,"Plasma Cells","IGHA1"
1.57824879206674e-12,1.99270658339076,0.302,0.156,2.82443403828264e-08,"Plasma Cells","CST1"
6.62544180679352e-05,1.81769140577033,0.437,0.43,1,"Plasma Cells","TIMP3"
0.00354239014590198,1.08776163574141,0.19,0.318,1,"Plasma Cells","CAPZA2"
0.000341005427782477,1.01002524447829,0.171,0.312,1,"Plasma Cells","ATP5PD"
0.00433987786890596,0.903920918080608,0.171,0.277,1,"Plasma Cells","AIDA"
0.00424304197208337,0.842863948656801,0.155,0.259,1,"Plasma Cells","NDUFS5"
1.12941735417579e-22,0.832848891594751,0.841,0.928,2.02120529703299e-18,"Plasma Cells","FN1"
6.35225726097116e-05,0.708726505485663,0.258,0.477,1,"Plasma Cells","GSN"
0.000255667629420153,0.6552201179689,0.163,0.293,1,"Plasma Cells","HNRNPUL1"
5.88706168964592e-05,0.617581694577154,0.389,0.643,1,"Plasma Cells","FTH1"
1.23585891714611e-05,0.554092574394461,0.202,0.383,0.221169311812467,"Plasma Cells","CAPZB"
0.00125806771817916,0.547955722223134,0.167,0.284,1,"Plasma Cells","THBS1"
9.68951945083921e-06,0.531862044148896,0.171,0.329,0.173403640092218,"Plasma Cells","COX7A2"
8.18203825948701e-06,0.531668434959665,0.381,0.673,0.14642575669178,"Plasma Cells","IGFBP7"
